event_id,measure_type,duration_min,block_size,is_full_domain,hist_file,pgw_file,hist_value,pgw_value,diff,ratio,units
1,total,0,Raanana Basin,0,WRFrain_noPGW_HPE01.mat,WRFrain_PGW_V3_HPE01.mat,29.474747392686,33.1707352325785,3.69598783989247,1.12539506414259,mm
1,total,0,Raanana Basin 1 pixel,0,WRFrain_noPGW_HPE01.mat,WRFrain_PGW_V3_HPE01.mat,34.5026550199836,40.4328002974144,5.93014527743071,1.17187504190608,mm
1,total,0,Raanana Basin 2 pixel,0,WRFrain_noPGW_HPE01.mat,WRFrain_PGW_V3_HPE01.mat,33.989272110593,42.6764383184491,8.68716620785608,1.25558553238769,mm
1,total,0,Raanana Basin 3 pixel,0,WRFrain_noPGW_HPE01.mat,WRFrain_PGW_V3_HPE01.mat,33.5498534281089,44.2511998992801,10.7013464711712,1.31896850143033,mm
1,intensity,10,Raanana Basin,0,WRFrain_noPGW_HPE01.mat,WRFrain_PGW_V3_HPE01.mat,13.719894087053,40.6109275526388,26.8910334655857,2.96000299236726,mm_per_hr
1,intensity,10,Raanana Basin 1 pixel,0,WRFrain_noPGW_HPE01.mat,WRFrain_PGW_V3_HPE01.mat,28.3984222412109,75.8580322265625,47.4596099853516,2.67120587130646,mm_per_hr
1,intensity,10,Raanana Basin 2 pixel,0,WRFrain_noPGW_HPE01.mat,WRFrain_PGW_V3_HPE01.mat,27.071706533432,67.6776609420776,40.6059544086456,2.49994069854812,mm_per_hr
1,intensity,10,Raanana Basin 3 pixel,0,WRFrain_noPGW_HPE01.mat,WRFrain_PGW_V3_HPE01.mat,24.7659600575765,62.5314286549886,37.7654685974121,2.52489418983209,mm_per_hr
1,intensity,20,Raanana Basin,0,WRFrain_noPGW_HPE01.mat,WRFrain_PGW_V3_HPE01.mat,9.34793159225518,20.7354766466775,11.3875450544223,2.21818874496867,mm_per_hr
1,intensity,20,Raanana Basin 1 pixel,0,WRFrain_noPGW_HPE01.mat,WRFrain_PGW_V3_HPE01.mat,16.3575782775879,39.2289447784424,22.8713665008545,2.39821226056374,mm_per_hr
1,intensity,20,Raanana Basin 2 pixel,0,WRFrain_noPGW_HPE01.mat,WRFrain_PGW_V3_HPE01.mat,18.1716853380203,37.3569102287292,19.1852248907089,2.05577575958615,mm_per_hr
1,intensity,20,Raanana Basin 3 pixel,0,WRFrain_noPGW_HPE01.mat,WRFrain_PGW_V3_HPE01.mat,18.7717555363973,33.635381380717,14.8636258443197,1.79180798063878,mm_per_hr
1,intensity,30,Raanana Basin,0,WRFrain_noPGW_HPE01.mat,WRFrain_PGW_V3_HPE01.mat,7.15377786989122,14.0806781535612,6.92690028366998,1.9682856260919,mm_per_hr
1,intensity,30,Raanana Basin 1 pixel,0,WRFrain_noPGW_HPE01.mat,WRFrain_PGW_V3_HPE01.mat,12.1576538085938,26.1798820495605,14.0222282409668,2.15336630420049,mm_per_hr
1,intensity,30,Raanana Basin 2 pixel,0,WRFrain_noPGW_HPE01.mat,WRFrain_PGW_V3_HPE01.mat,12.6470348834991,24.9194269180298,12.2723920345306,1.970377020984,mm_per_hr
1,intensity,30,Raanana Basin 3 pixel,0,WRFrain_noPGW_HPE01.mat,WRFrain_PGW_V3_HPE01.mat,12.918032752143,22.4323143429226,9.51428159077962,1.73651164796755,mm_per_hr
1,intensity,60,Raanana Basin,0,WRFrain_noPGW_HPE01.mat,WRFrain_PGW_V3_HPE01.mat,4.20228747065912,7.91289206554523,3.71060459488612,1.8829963729978,mm_per_hr
1,intensity,60,Raanana Basin 1 pixel,0,WRFrain_noPGW_HPE01.mat,WRFrain_PGW_V3_HPE01.mat,7.22909927368164,13.0901679992676,5.86106872558594,1.81076058077164,mm_per_hr
1,intensity,60,Raanana Basin 2 pixel,0,WRFrain_noPGW_HPE01.mat,WRFrain_PGW_V3_HPE01.mat,7.20169258117676,12.4601790904999,5.25848650932312,1.73017369875901,mm_per_hr
1,intensity,60,Raanana Basin 3 pixel,0,WRFrain_noPGW_HPE01.mat,WRFrain_PGW_V3_HPE01.mat,7.22393205430773,11.892379840215,4.66844778590732,1.6462474661737,mm_per_hr
1,intensity,120,Raanana Basin,0,WRFrain_noPGW_HPE01.mat,WRFrain_PGW_V3_HPE01.mat,3.31502853945879,5.95355884184284,2.63853030238406,1.79592989049042,mm_per_hr
1,intensity,120,Raanana Basin 1 pixel,0,WRFrain_noPGW_HPE01.mat,WRFrain_PGW_V3_HPE01.mat,4.79016470909119,9.13676357269287,4.34659886360168,1.90740071115975,mm_per_hr
1,intensity,120,Raanana Basin 2 pixel,0,WRFrain_noPGW_HPE01.mat,WRFrain_PGW_V3_HPE01.mat,5.05601236224174,8.85617005825043,3.80015769600868,1.75161163061788,mm_per_hr
1,intensity,120,Raanana Basin 3 pixel,0,WRFrain_noPGW_HPE01.mat,WRFrain_PGW_V3_HPE01.mat,5.10568646589915,8.35917652977837,3.25349006387922,1.63722872244688,mm_per_hr
1,intensity,240,Raanana Basin,0,WRFrain_noPGW_HPE01.mat,WRFrain_PGW_V3_HPE01.mat,2.35569838081781,3.0847616953349,0.72906331451709,1.30948924550518,mm_per_hr
1,intensity,240,Raanana Basin 1 pixel,0,WRFrain_noPGW_HPE01.mat,WRFrain_PGW_V3_HPE01.mat,3.11520934104919,4.6762866973877,1.5610773563385,1.50111475199055,mm_per_hr
1,intensity,240,Raanana Basin 2 pixel,0,WRFrain_noPGW_HPE01.mat,WRFrain_PGW_V3_HPE01.mat,3.2072246670723,4.46168726682663,1.25446259975433,1.39113649026012,mm_per_hr
1,intensity,240,Raanana Basin 3 pixel,0,WRFrain_noPGW_HPE01.mat,WRFrain_PGW_V3_HPE01.mat,3.29762564765082,4.24157672458225,0.943951076931424,1.28625173921845,mm_per_hr
1,intensity,360,Raanana Basin,0,WRFrain_noPGW_HPE01.mat,WRFrain_PGW_V3_HPE01.mat,1.85530948601546,2.38840819613438,0.533098710118915,1.28733681045518,mm_per_hr
1,intensity,360,Raanana Basin 1 pixel,0,WRFrain_noPGW_HPE01.mat,WRFrain_PGW_V3_HPE01.mat,2.46123298009237,3.4892676671346,1.02803468704224,1.41769092782255,mm_per_hr
1,intensity,360,Raanana Basin 2 pixel,0,WRFrain_noPGW_HPE01.mat,WRFrain_PGW_V3_HPE01.mat,2.65993936856588,3.39810681343079,0.738167444864909,1.27751288378535,mm_per_hr
1,intensity,360,Raanana Basin 3 pixel,0,WRFrain_noPGW_HPE01.mat,WRFrain_PGW_V3_HPE01.mat,2.65164087436817,3.23547850714789,0.583837632779722,1.22017975300627,mm_per_hr
1,intensity,720,Raanana Basin,0,WRFrain_noPGW_HPE01.mat,WRFrain_PGW_V3_HPE01.mat,1.22828025229921,1.27729698455072,0.0490167322515072,1.03990679827324,mm_per_hr
1,intensity,720,Raanana Basin 1 pixel,0,WRFrain_noPGW_HPE01.mat,WRFrain_PGW_V3_HPE01.mat,1.57224647204081,1.83632906277974,0.264082590738932,1.16796513487872,mm_per_hr
1,intensity,720,Raanana Basin 2 pixel,0,WRFrain_noPGW_HPE01.mat,WRFrain_PGW_V3_HPE01.mat,1.58703404664993,1.77888774871826,0.191853702068329,1.12088820808433,mm_per_hr
1,intensity,720,Raanana Basin 3 pixel,0,WRFrain_noPGW_HPE01.mat,WRFrain_PGW_V3_HPE01.mat,1.63770652700354,1.69542813301086,0.0577216060073287,1.03524539046256,mm_per_hr
1,intensity,1440,Raanana Basin,0,WRFrain_noPGW_HPE01.mat,WRFrain_PGW_V3_HPE01.mat,0.905863101680762,1.23234193992486,0.3264788382441,1.36040637667915,mm_per_hr
1,intensity,1440,Raanana Basin 1 pixel,0,WRFrain_noPGW_HPE01.mat,WRFrain_PGW_V3_HPE01.mat,1.07922896742821,1.51652463295704,0.437295665528836,1.40519266877251,mm_per_hr
1,intensity,1440,Raanana Basin 2 pixel,0,WRFrain_noPGW_HPE01.mat,WRFrain_PGW_V3_HPE01.mat,1.10319115469853,1.50890394013102,0.405712785432494,1.36776290645964,mm_per_hr
1,intensity,1440,Raanana Basin 3 pixel,0,WRFrain_noPGW_HPE01.mat,WRFrain_PGW_V3_HPE01.mat,1.14683125857954,1.49812955167912,0.351298293099582,1.30632082136887,mm_per_hr
2,total,0,Raanana Basin,0,WRFrain_noPGW_HPE02.mat,WRFrain_PGW_V3_HPE02.mat,149.677201838673,142.81042873849,-6.86677310018285,0.954122785462117,mm
2,total,0,Raanana Basin 1 pixel,0,WRFrain_noPGW_HPE02.mat,WRFrain_PGW_V3_HPE02.mat,170.941346334293,165.16195486713,-5.7793914671638,0.966190792391084,mm
2,total,0,Raanana Basin 2 pixel,0,WRFrain_noPGW_HPE02.mat,WRFrain_PGW_V3_HPE02.mat,175.294751596637,170.913807296965,-4.38094429967168,0.97500812625724,mm
2,total,0,Raanana Basin 3 pixel,0,WRFrain_noPGW_HPE02.mat,WRFrain_PGW_V3_HPE02.mat,178.85863683828,172.480150823236,-6.3784860150449,0.964337836138088,mm
2,intensity,10,Raanana Basin,0,WRFrain_noPGW_HPE02.mat,WRFrain_PGW_V3_HPE02.mat,17.6916875570172,25.812285638715,8.12059808169787,1.45900641504812,mm_per_hr
2,intensity,10,Raanana Basin 1 pixel,0,WRFrain_noPGW_HPE02.mat,WRFrain_PGW_V3_HPE02.mat,39.4056701660156,64.5750045776367,25.1693344116211,1.63872367366379,mm_per_hr
2,intensity,10,Raanana Basin 2 pixel,0,WRFrain_noPGW_HPE02.mat,WRFrain_PGW_V3_HPE02.mat,35.8578758239746,61.5294256210327,25.6715497970581,1.71592500133246,mm_per_hr
2,intensity,10,Raanana Basin 3 pixel,0,WRFrain_noPGW_HPE02.mat,WRFrain_PGW_V3_HPE02.mat,33.2754465738932,56.9459686279297,23.6705220540365,1.71135099574013,mm_per_hr
2,intensity,20,Raanana Basin,0,WRFrain_noPGW_HPE02.mat,WRFrain_PGW_V3_HPE02.mat,13.8575409437795,17.5045184446353,3.64697750085574,1.26317638285549,mm_per_hr
2,intensity,20,Raanana Basin 1 pixel,0,WRFrain_noPGW_HPE02.mat,WRFrain_PGW_V3_HPE02.mat,32.5392837524414,50.3009834289551,17.7616996765137,1.54585404557902,mm_per_hr
2,intensity,20,Raanana Basin 2 pixel,0,WRFrain_noPGW_HPE02.mat,WRFrain_PGW_V3_HPE02.mat,30.3135566711426,46.8588924407959,16.5453357696533,1.54580648351976,mm_per_hr
2,intensity,20,Raanana Basin 3 pixel,0,WRFrain_noPGW_HPE02.mat,WRFrain_PGW_V3_HPE02.mat,28.3479563395182,42.656208674113,14.3082523345947,1.50473664356003,mm_per_hr
2,intensity,30,Raanana Basin,0,WRFrain_noPGW_HPE02.mat,WRFrain_PGW_V3_HPE02.mat,12.7227445082231,12.0920006444088,-0.630743863814304,0.95042391494959,mm_per_hr
2,intensity,30,Raanana Basin 1 pixel,0,WRFrain_noPGW_HPE02.mat,WRFrain_PGW_V3_HPE02.mat,27.3874359130859,35.4961395263672,8.10870361328125,1.29607385076187,mm_per_hr
2,intensity,30,Raanana Basin 2 pixel,0,WRFrain_noPGW_HPE02.mat,WRFrain_PGW_V3_HPE02.mat,26.1368560791016,33.2049913406372,7.06813526153564,1.27042790610104,mm_per_hr
2,intensity,30,Raanana Basin 3 pixel,0,WRFrain_noPGW_HPE02.mat,WRFrain_PGW_V3_HPE02.mat,24.8638966878255,32.6530287000868,7.78913201226129,1.31327076805605,mm_per_hr
2,intensity,60,Raanana Basin,0,WRFrain_noPGW_HPE02.mat,WRFrain_PGW_V3_HPE02.mat,10.293407156176,8.5648854145062,-1.72852174166975,0.83207486933686,mm_per_hr
2,intensity,60,Raanana Basin 1 pixel,0,WRFrain_noPGW_HPE02.mat,WRFrain_PGW_V3_HPE02.mat,17.3407363891602,19.6573219299316,2.31658554077148,1.13359210870766,mm_per_hr
2,intensity,60,Raanana Basin 2 pixel,0,WRFrain_noPGW_HPE02.mat,WRFrain_PGW_V3_HPE02.mat,17.5837821960449,19.097448348999,1.5136661529541,1.08608308133472,mm_per_hr
2,intensity,60,Raanana Basin 3 pixel,0,WRFrain_noPGW_HPE02.mat,WRFrain_PGW_V3_HPE02.mat,17.2292997572157,22.8014127943251,5.57211303710937,1.32340914115072,mm_per_hr
2,intensity,120,Raanana Basin,0,WRFrain_noPGW_HPE02.mat,WRFrain_PGW_V3_HPE02.mat,7.48339826485206,6.59999579919917,-0.883402465652895,0.88195169702486,mm_per_hr
2,intensity,120,Raanana Basin 1 pixel,0,WRFrain_noPGW_HPE02.mat,WRFrain_PGW_V3_HPE02.mat,11.5734100341797,11.8915557861328,0.318145751953125,1.02748937011767,mm_per_hr
2,intensity,120,Raanana Basin 2 pixel,0,WRFrain_noPGW_HPE02.mat,WRFrain_PGW_V3_HPE02.mat,11.7091999053955,11.3442969322205,-0.364902973175049,0.968836216298015,mm_per_hr
2,intensity,120,Raanana Basin 3 pixel,0,WRFrain_noPGW_HPE02.mat,WRFrain_PGW_V3_HPE02.mat,11.5111991034614,12.7941788567437,1.28297975328234,1.11145491809768,mm_per_hr
2,intensity,240,Raanana Basin,0,WRFrain_noPGW_HPE02.mat,WRFrain_PGW_V3_HPE02.mat,4.6394794013433,5.15217030496807,0.51269090362477,1.11050612779449,mm_per_hr
2,intensity,240,Raanana Basin 1 pixel,0,WRFrain_noPGW_HPE02.mat,WRFrain_PGW_V3_HPE02.mat,6.70624160766602,8.72176456451416,2.01552295684814,1.30054433984964,mm_per_hr
2,intensity,240,Raanana Basin 2 pixel,0,WRFrain_noPGW_HPE02.mat,WRFrain_PGW_V3_HPE02.mat,6.76782083511353,8.42757773399353,1.65975689888,1.24524244056058,mm_per_hr
2,intensity,240,Raanana Basin 3 pixel,0,WRFrain_noPGW_HPE02.mat,WRFrain_PGW_V3_HPE02.mat,6.65645662943522,8.40518760681152,1.7487309773763,1.26271199148858,mm_per_hr
2,intensity,360,Raanana Basin,0,WRFrain_noPGW_HPE02.mat,WRFrain_PGW_V3_HPE02.mat,4.43711931553505,4.89719138000951,0.460072064474458,1.1036871068271,mm_per_hr
2,intensity,360,Raanana Basin 1 pixel,0,WRFrain_noPGW_HPE02.mat,WRFrain_PGW_V3_HPE02.mat,5.71455510457357,6.52565066019694,0.811095555623373,1.14193503094829,mm_per_hr
2,intensity,360,Raanana Basin 2 pixel,0,WRFrain_noPGW_HPE02.mat,WRFrain_PGW_V3_HPE02.mat,5.85549163818359,6.47961091995239,0.624119281768799,1.10658699906579,mm_per_hr
2,intensity,360,Raanana Basin 3 pixel,0,WRFrain_noPGW_HPE02.mat,WRFrain_PGW_V3_HPE02.mat,6.16118212099428,6.41776473433883,0.256582613344547,1.04164502985072,mm_per_hr
2,intensity,720,Raanana Basin,0,WRFrain_noPGW_HPE02.mat,WRFrain_PGW_V3_HPE02.mat,3.49471472572757,3.89668542539065,0.401970699663073,1.11502246426692,mm_per_hr
2,intensity,720,Raanana Basin 1 pixel,0,WRFrain_noPGW_HPE02.mat,WRFrain_PGW_V3_HPE02.mat,4.70180861155192,5.00013446807861,0.298325856526692,1.06344917055827,mm_per_hr
2,intensity,720,Raanana Basin 2 pixel,0,WRFrain_noPGW_HPE02.mat,WRFrain_PGW_V3_HPE02.mat,4.89401896794637,4.99035680294037,0.0963378349939985,1.0196848103011,mm_per_hr
2,intensity,720,Raanana Basin 3 pixel,0,WRFrain_noPGW_HPE02.mat,WRFrain_PGW_V3_HPE02.mat,5.01939861862748,4.94092218964188,-0.0784764289855966,0.984365372239144,mm_per_hr
2,intensity,1440,Raanana Basin,0,WRFrain_noPGW_HPE02.mat,WRFrain_PGW_V3_HPE02.mat,2.84523316436178,2.8702854764966,0.0250523121348247,1.00880501199291,mm_per_hr
2,intensity,1440,Raanana Basin 1 pixel,0,WRFrain_noPGW_HPE02.mat,WRFrain_PGW_V3_HPE02.mat,3.31682618459066,3.47588459650675,0.159058411916097,1.04795500368848,mm_per_hr
2,intensity,1440,Raanana Basin 2 pixel,0,WRFrain_noPGW_HPE02.mat,WRFrain_PGW_V3_HPE02.mat,3.35848605632782,3.49582407871882,0.137338022391002,1.04089283685792,mm_per_hr
2,intensity,1440,Raanana Basin 3 pixel,0,WRFrain_noPGW_HPE02.mat,WRFrain_PGW_V3_HPE02.mat,3.42931860464591,3.48133381207784,0.0520152074319342,1.015167796705,mm_per_hr
3,total,0,Raanana Basin,0,WRFrain_noPGW_HPE03.mat,WRFrain_PGW_V3_HPE03.mat,34.6648571830693,36.2814218911341,1.61656470806484,1.04663410841497,mm
3,total,0,Raanana Basin 1 pixel,0,WRFrain_noPGW_HPE03.mat,WRFrain_PGW_V3_HPE03.mat,52.456754565239,46.3341913539916,-6.12256321124732,0.883283606429886,mm
3,total,0,Raanana Basin 2 pixel,0,WRFrain_noPGW_HPE03.mat,WRFrain_PGW_V3_HPE03.mat,56.1435522250831,46.5686664325185,-9.5748857925646,0.829457071861462,mm
3,total,0,Raanana Basin 3 pixel,0,WRFrain_noPGW_HPE03.mat,WRFrain_PGW_V3_HPE03.mat,60.2900230884552,46.5654966630456,-13.7245264254096,0.772358248971417,mm
3,intensity,10,Raanana Basin,0,WRFrain_noPGW_HPE03.mat,WRFrain_PGW_V3_HPE03.mat,23.2173263062504,68.5763887133344,45.359062407084,2.95367295134551,mm_per_hr
3,intensity,10,Raanana Basin 1 pixel,0,WRFrain_noPGW_HPE03.mat,WRFrain_PGW_V3_HPE03.mat,44.1712875366211,105.881675720215,61.7103881835938,2.39707016990237,mm_per_hr
3,intensity,10,Raanana Basin 2 pixel,0,WRFrain_noPGW_HPE03.mat,WRFrain_PGW_V3_HPE03.mat,39.35573387146,104.004764556885,64.6490306854248,2.64268390716777,mm_per_hr
3,intensity,10,Raanana Basin 3 pixel,0,WRFrain_noPGW_HPE03.mat,WRFrain_PGW_V3_HPE03.mat,37.7989730834961,96.7820218404134,58.9830487569173,2.5604405079108,mm_per_hr
3,intensity,20,Raanana Basin,0,WRFrain_noPGW_HPE03.mat,WRFrain_PGW_V3_HPE03.mat,17.5820234756111,38.8065817094522,21.2245582338411,2.20717380813891,mm_per_hr
3,intensity,20,Raanana Basin 1 pixel,0,WRFrain_noPGW_HPE03.mat,WRFrain_PGW_V3_HPE03.mat,34.0809059143066,67.1771507263184,33.0962448120117,1.97110813002534,mm_per_hr
3,intensity,20,Raanana Basin 2 pixel,0,WRFrain_noPGW_HPE03.mat,WRFrain_PGW_V3_HPE03.mat,30.7664923667908,64.4701280593872,33.7036356925964,2.09546565434856,mm_per_hr
3,intensity,20,Raanana Basin 3 pixel,0,WRFrain_noPGW_HPE03.mat,WRFrain_PGW_V3_HPE03.mat,29.0975023905436,62.4978644053141,33.4003620147705,2.14787728398384,mm_per_hr
3,intensity,30,Raanana Basin,0,WRFrain_noPGW_HPE03.mat,WRFrain_PGW_V3_HPE03.mat,14.7897203962631,28.2116019314733,13.4218815352102,1.90751421768606,mm_per_hr
3,intensity,30,Raanana Basin 1 pixel,0,WRFrain_noPGW_HPE03.mat,WRFrain_PGW_V3_HPE03.mat,28.3643569946289,47.4000778198242,19.0357208251953,1.6711141320355,mm_per_hr
3,intensity,30,Raanana Basin 2 pixel,0,WRFrain_noPGW_HPE03.mat,WRFrain_PGW_V3_HPE03.mat,26.4730958938599,47.5387010574341,21.0656051635742,1.79573636751945,mm_per_hr
3,intensity,30,Raanana Basin 3 pixel,0,WRFrain_noPGW_HPE03.mat,WRFrain_PGW_V3_HPE03.mat,25.569697909885,44.4304360283746,18.8607381184896,1.7376206862107,mm_per_hr
3,intensity,60,Raanana Basin,0,WRFrain_noPGW_HPE03.mat,WRFrain_PGW_V3_HPE03.mat,11.3788403736013,14.2832212720919,2.9043808984906,1.25524401460352,mm_per_hr
3,intensity,60,Raanana Basin 1 pixel,0,WRFrain_noPGW_HPE03.mat,WRFrain_PGW_V3_HPE03.mat,19.6689319610596,24.1029796600342,4.43404769897461,1.22543408598663,mm_per_hr
3,intensity,60,Raanana Basin 2 pixel,0,WRFrain_noPGW_HPE03.mat,WRFrain_PGW_V3_HPE03.mat,19.8783974647522,24.3935556411743,4.51515817642212,1.22713894238347,mm_per_hr
3,intensity,60,Raanana Basin 3 pixel,0,WRFrain_noPGW_HPE03.mat,WRFrain_PGW_V3_HPE03.mat,19.9671825832791,23.1761722564697,3.20898967319065,1.16071319325131,mm_per_hr
3,intensity,120,Raanana Basin,0,WRFrain_noPGW_HPE03.mat,WRFrain_PGW_V3_HPE03.mat,7.02186796489554,10.8298958832381,3.80802791834251,1.54230981519163,mm_per_hr
3,intensity,120,Raanana Basin 1 pixel,0,WRFrain_noPGW_HPE03.mat,WRFrain_PGW_V3_HPE03.mat,11.9615240097046,14.791606426239,2.83008241653442,1.23659881585644,mm_per_hr
3,intensity,120,Raanana Basin 2 pixel,0,WRFrain_noPGW_HPE03.mat,WRFrain_PGW_V3_HPE03.mat,12.1648290157318,14.8138072490692,2.6489782333374,1.21775712835024,mm_per_hr
3,intensity,120,Raanana Basin 3 pixel,0,WRFrain_noPGW_HPE03.mat,WRFrain_PGW_V3_HPE03.mat,12.8786216311985,14.3225128915575,1.44389126035902,1.11211535688425,mm_per_hr
3,intensity,240,Raanana Basin,0,WRFrain_noPGW_HPE03.mat,WRFrain_PGW_V3_HPE03.mat,4.71030275518991,5.66551681381408,0.955214058624166,1.20279249727031,mm_per_hr
3,intensity,240,Raanana Basin 1 pixel,0,WRFrain_noPGW_HPE03.mat,WRFrain_PGW_V3_HPE03.mat,8.01944875717163,7.84381127357483,-0.175637483596802,0.978098559026301,mm_per_hr
3,intensity,240,Raanana Basin 2 pixel,0,WRFrain_noPGW_HPE03.mat,WRFrain_PGW_V3_HPE03.mat,9.02778095006943,7.90898722410202,-1.11879372596741,0.876072123132451,mm_per_hr
3,intensity,240,Raanana Basin 3 pixel,0,WRFrain_noPGW_HPE03.mat,WRFrain_PGW_V3_HPE03.mat,9.74808512793647,7.64299562242296,-2.10508950551351,0.784050972279606,mm_per_hr
3,intensity,360,Raanana Basin,0,WRFrain_noPGW_HPE03.mat,WRFrain_PGW_V3_HPE03.mat,4.00153586171887,5.24271811253334,1.24118225081447,1.31017646566369,mm_per_hr
3,intensity,360,Raanana Basin 1 pixel,0,WRFrain_noPGW_HPE03.mat,WRFrain_PGW_V3_HPE03.mat,6.25248161951701,6.65653463204702,0.404053012530008,1.06462282292342,mm_per_hr
3,intensity,360,Raanana Basin 2 pixel,0,WRFrain_noPGW_HPE03.mat,WRFrain_PGW_V3_HPE03.mat,6.2705100774765,6.76239449779193,0.491884420315424,1.07844408417144,mm_per_hr
3,intensity,360,Raanana Basin 3 pixel,0,WRFrain_noPGW_HPE03.mat,WRFrain_PGW_V3_HPE03.mat,6.83562767947162,6.75326416669068,-0.0823635127809332,0.987950848606298,mm_per_hr
3,intensity,720,Raanana Basin,0,WRFrain_noPGW_HPE03.mat,WRFrain_PGW_V3_HPE03.mat,2.8658726413091,2.99603631259857,0.13016367128947,1.04541851211853,mm_per_hr
3,intensity,720,Raanana Basin 1 pixel,0,WRFrain_noPGW_HPE03.mat,WRFrain_PGW_V3_HPE03.mat,4.34959876537323,3.84428851306438,-0.505310252308846,0.883826007968465,mm_per_hr
3,intensity,720,Raanana Basin 2 pixel,0,WRFrain_noPGW_HPE03.mat,WRFrain_PGW_V3_HPE03.mat,4.63829090694586,3.86040782555938,-0.777883081386486,0.832291010419031,mm_per_hr
3,intensity,720,Raanana Basin 3 pixel,0,WRFrain_noPGW_HPE03.mat,WRFrain_PGW_V3_HPE03.mat,4.97400449354339,3.85179340811791,-1.12221108542548,0.774384786567405,mm_per_hr
3,intensity,1440,Raanana Basin,0,WRFrain_noPGW_HPE03.mat,WRFrain_PGW_V3_HPE03.mat,1.43704312673613,1.50445540584173,0.0674122791055978,1.04691040780294,mm_per_hr
3,intensity,1440,Raanana Basin 1 pixel,0,WRFrain_noPGW_HPE03.mat,WRFrain_PGW_V3_HPE03.mat,2.17796062926451,1.92657699156553,-0.251383637698988,0.884578428865411,mm_per_hr
3,intensity,1440,Raanana Basin 2 pixel,0,WRFrain_noPGW_HPE03.mat,WRFrain_PGW_V3_HPE03.mat,2.32832695714509,1.93565916908362,-0.392667788061469,0.831351955593494,mm_per_hr
3,intensity,1440,Raanana Basin 3 pixel,0,WRFrain_noPGW_HPE03.mat,WRFrain_PGW_V3_HPE03.mat,2.49732408369029,1.93565329403996,-0.56167078965033,0.775090949020781,mm_per_hr
4,total,0,Raanana Basin,0,WRFrain_noPGW_HPE04.mat,WRFrain_PGW_V3_HPE04.mat,195.136342875697,245.95843193013,50.822089054433,1.26044399677413,mm
4,total,0,Raanana Basin 1 pixel,0,WRFrain_noPGW_HPE04.mat,WRFrain_PGW_V3_HPE04.mat,227.061421256512,262.351989749644,35.290568493132,1.15542300536058,mm
4,total,0,Raanana Basin 2 pixel,0,WRFrain_noPGW_HPE04.mat,WRFrain_PGW_V3_HPE04.mat,225.710067270964,264.483725189947,38.7736579189832,1.17178523930187,mm
4,total,0,Raanana Basin 3 pixel,0,WRFrain_noPGW_HPE04.mat,WRFrain_PGW_V3_HPE04.mat,225.218347769218,266.092924077793,40.8745763085749,1.18148866073052,mm
4,intensity,10,Raanana Basin,0,WRFrain_noPGW_HPE04.mat,WRFrain_PGW_V3_HPE04.mat,34.7570340304539,36.8144807890291,2.0574467585752,1.0591951188002,mm_per_hr
4,intensity,10,Raanana Basin 1 pixel,0,WRFrain_noPGW_HPE04.mat,WRFrain_PGW_V3_HPE04.mat,66.3709716796875,66.2700691223145,-0.100902557373047,0.99847971854533,mm_per_hr
4,intensity,10,Raanana Basin 2 pixel,0,WRFrain_noPGW_HPE04.mat,WRFrain_PGW_V3_HPE04.mat,61.6408138275146,64.4908676147461,2.85005378723145,1.04623647239971,mm_per_hr
4,intensity,10,Raanana Basin 3 pixel,0,WRFrain_noPGW_HPE04.mat,WRFrain_PGW_V3_HPE04.mat,60.0416882832845,58.9014994303385,-1.14018885294597,0.981010046760071,mm_per_hr
4,intensity,20,Raanana Basin,0,WRFrain_noPGW_HPE04.mat,WRFrain_PGW_V3_HPE04.mat,31.269243415994,31.0033552168305,-0.265888199163456,0.991496813797949,mm_per_hr
4,intensity,20,Raanana Basin 1 pixel,0,WRFrain_noPGW_HPE04.mat,WRFrain_PGW_V3_HPE04.mat,51.3640594482422,48.4484481811523,-2.91561126708984,0.943236354400146,mm_per_hr
4,intensity,20,Raanana Basin 2 pixel,0,WRFrain_noPGW_HPE04.mat,WRFrain_PGW_V3_HPE04.mat,48.0691566467285,46.2527933120728,-1.81636333465576,0.962213538548125,mm_per_hr
4,intensity,20,Raanana Basin 3 pixel,0,WRFrain_noPGW_HPE04.mat,WRFrain_PGW_V3_HPE04.mat,42.146230061849,42.9598401387533,0.813610076904311,1.01930445678559,mm_per_hr
4,intensity,30,Raanana Basin,0,WRFrain_noPGW_HPE04.mat,WRFrain_PGW_V3_HPE04.mat,29.9808001835892,22.3456378655748,-7.63516231801442,0.745331603184036,mm_per_hr
4,intensity,30,Raanana Basin 1 pixel,0,WRFrain_noPGW_HPE04.mat,WRFrain_PGW_V3_HPE04.mat,39.6802177429199,34.8953170776367,-4.7849006652832,0.87941344736857,mm_per_hr
4,intensity,30,Raanana Basin 2 pixel,0,WRFrain_noPGW_HPE04.mat,WRFrain_PGW_V3_HPE04.mat,39.0730471611023,35.5123062133789,-3.56074094772339,0.908869637603587,mm_per_hr
4,intensity,30,Raanana Basin 3 pixel,0,WRFrain_noPGW_HPE04.mat,WRFrain_PGW_V3_HPE04.mat,36.6014773050944,35.4976488749186,-1.10382843017578,0.969841970558327,mm_per_hr
4,intensity,60,Raanana Basin,0,WRFrain_noPGW_HPE04.mat,WRFrain_PGW_V3_HPE04.mat,16.9922327105902,15.0409524627614,-1.9512802478288,0.885166341524225,mm_per_hr
4,intensity,60,Raanana Basin 1 pixel,0,WRFrain_noPGW_HPE04.mat,WRFrain_PGW_V3_HPE04.mat,26.5212554931641,24.0781693458557,-2.44308614730835,0.907881957249797,mm_per_hr
4,intensity,60,Raanana Basin 2 pixel,0,WRFrain_noPGW_HPE04.mat,WRFrain_PGW_V3_HPE04.mat,25.6025352478027,24.713871717453,-0.888663530349731,0.965290018283404,mm_per_hr
4,intensity,60,Raanana Basin 3 pixel,0,WRFrain_noPGW_HPE04.mat,WRFrain_PGW_V3_HPE04.mat,23.7606404622396,24.6700423558553,0.909401893615723,1.03827345879253,mm_per_hr
4,intensity,120,Raanana Basin,0,WRFrain_noPGW_HPE04.mat,WRFrain_PGW_V3_HPE04.mat,8.68553425843439,10.17142801225,1.48589375381559,1.17107683990454,mm_per_hr
4,intensity,120,Raanana Basin 1 pixel,0,WRFrain_noPGW_HPE04.mat,WRFrain_PGW_V3_HPE04.mat,14.0655364990234,13.5955200195312,-0.470016479492188,0.966583821418769,mm_per_hr
4,intensity,120,Raanana Basin 2 pixel,0,WRFrain_noPGW_HPE04.mat,WRFrain_PGW_V3_HPE04.mat,16.0083142518997,13.8042942881584,-2.2040199637413,0.862320296249822,mm_per_hr
4,intensity,120,Raanana Basin 3 pixel,0,WRFrain_noPGW_HPE04.mat,WRFrain_PGW_V3_HPE04.mat,16.1699363920424,14.1740415891012,-1.99589480294122,0.876567553851143,mm_per_hr
4,intensity,240,Raanana Basin,0,WRFrain_noPGW_HPE04.mat,WRFrain_PGW_V3_HPE04.mat,6.24960790667975,8.16021812223715,1.91061021555741,1.30571681361247,mm_per_hr
4,intensity,240,Raanana Basin 1 pixel,0,WRFrain_noPGW_HPE04.mat,WRFrain_PGW_V3_HPE04.mat,9.02025893330574,11.2482528686523,2.2279939353466,1.24699888903634,mm_per_hr
4,intensity,240,Raanana Basin 2 pixel,0,WRFrain_noPGW_HPE04.mat,WRFrain_PGW_V3_HPE04.mat,10.7805546522141,11.6408753395081,0.860320687294006,1.07980300782737,mm_per_hr
4,intensity,240,Raanana Basin 3 pixel,0,WRFrain_noPGW_HPE04.mat,WRFrain_PGW_V3_HPE04.mat,11.0374368495411,11.6108050876194,0.573368238078224,1.05194758945344,mm_per_hr
4,intensity,360,Raanana Basin,0,WRFrain_noPGW_HPE04.mat,WRFrain_PGW_V3_HPE04.mat,4.61017399770962,7.12472482858656,2.51455083087694,1.54543512503567,mm_per_hr
4,intensity,360,Raanana Basin 1 pixel,0,WRFrain_noPGW_HPE04.mat,WRFrain_PGW_V3_HPE04.mat,6.32788614432017,8.52785237630208,2.19996623198191,1.34766210734632,mm_per_hr
4,intensity,360,Raanana Basin 2 pixel,0,WRFrain_noPGW_HPE04.mat,WRFrain_PGW_V3_HPE04.mat,7.54686714584629,8.90928522745768,1.36241808161139,1.18052763554494,mm_per_hr
4,intensity,360,Raanana Basin 3 pixel,0,WRFrain_noPGW_HPE04.mat,WRFrain_PGW_V3_HPE04.mat,7.74301515188482,9.26095694082754,1.51794178894272,1.19604014187848,mm_per_hr
4,intensity,720,Raanana Basin,0,WRFrain_noPGW_HPE04.mat,WRFrain_PGW_V3_HPE04.mat,4.20160832325368,6.69039800124732,2.48878967799363,1.59234214294071,mm_per_hr
4,intensity,720,Raanana Basin 1 pixel,0,WRFrain_noPGW_HPE04.mat,WRFrain_PGW_V3_HPE04.mat,5.18120574951172,8.14635149637858,2.96514574686686,1.57228874710222,mm_per_hr
4,intensity,720,Raanana Basin 2 pixel,0,WRFrain_noPGW_HPE04.mat,WRFrain_PGW_V3_HPE04.mat,5.08391030629476,8.43671822547913,3.35280791918437,1.65949391652976,mm_per_hr
4,intensity,720,Raanana Basin 3 pixel,0,WRFrain_noPGW_HPE04.mat,WRFrain_PGW_V3_HPE04.mat,4.92950072111907,8.53921148512098,3.60971076400191,1.73226701206009,mm_per_hr
4,intensity,1440,Raanana Basin,0,WRFrain_noPGW_HPE04.mat,WRFrain_PGW_V3_HPE04.mat,3.43723211953633,5.48055213742745,2.04332001789112,1.59446669495418,mm_per_hr
4,intensity,1440,Raanana Basin 1 pixel,0,WRFrain_noPGW_HPE04.mat,WRFrain_PGW_V3_HPE04.mat,4.27899996439616,6.77810541788737,2.49910545349121,1.58403960604937,mm_per_hr
4,intensity,1440,Raanana Basin 2 pixel,0,WRFrain_noPGW_HPE04.mat,WRFrain_PGW_V3_HPE04.mat,4.2560039361318,6.99149052302043,2.73548658688863,1.64273591564741,mm_per_hr
4,intensity,1440,Raanana Basin 3 pixel,0,WRFrain_noPGW_HPE04.mat,WRFrain_PGW_V3_HPE04.mat,4.17640173876727,7.14428463688603,2.96788289811876,1.71063156366628,mm_per_hr
5,total,0,Raanana Basin,0,WRFrain_noPGW_HPE05.mat,WRFrain_PGW_V3_HPE05.mat,0.0452753198062118,0.02743066435382,-0.0178446554523918,0.605863513968079,mm
5,total,0,Raanana Basin 1 pixel,0,WRFrain_noPGW_HPE05.mat,WRFrain_PGW_V3_HPE05.mat,0.115122891496867,0.0596396438777447,-0.0554832476191223,0.518051997324683,mm
5,total,0,Raanana Basin 2 pixel,0,WRFrain_noPGW_HPE05.mat,WRFrain_PGW_V3_HPE05.mat,0.112007692456245,0.0555817163549364,-0.0564259761013091,0.496231242123381,mm
5,total,0,Raanana Basin 3 pixel,0,WRFrain_noPGW_HPE05.mat,WRFrain_PGW_V3_HPE05.mat,0.108475633586446,0.0471844913231002,-0.0612911422633462,0.434977789601919,mm
5,intensity,10,Raanana Basin,0,WRFrain_noPGW_HPE05.mat,WRFrain_PGW_V3_HPE05.mat,0.0650504298645384,0.0133732858575227,-0.0516771440070158,0.205583358716788,mm_per_hr
5,intensity,10,Raanana Basin 1 pixel,0,WRFrain_noPGW_HPE05.mat,WRFrain_PGW_V3_HPE05.mat,0.346825651824474,0.0826546624302864,-0.264170989394188,0.238317615768851,mm_per_hr
5,intensity,10,Raanana Basin 2 pixel,0,WRFrain_noPGW_HPE05.mat,WRFrain_PGW_V3_HPE05.mat,0.311093151569366,0.0611470313742757,-0.249946120195091,0.196555375988858,mm_per_hr
5,intensity,10,Raanana Basin 3 pixel,0,WRFrain_noPGW_HPE05.mat,WRFrain_PGW_V3_HPE05.mat,0.29868072271347,0.0397059905032317,-0.258974732210239,0.132937908220218,mm_per_hr
5,intensity,20,Raanana Basin,0,WRFrain_noPGW_HPE05.mat,WRFrain_PGW_V3_HPE05.mat,0.0637694294228683,0.012311489418365,-0.0514579400045032,0.193062561948375,mm_per_hr
5,intensity,20,Raanana Basin 1 pixel,0,WRFrain_noPGW_HPE05.mat,WRFrain_PGW_V3_HPE05.mat,0.259271845221519,0.066434919834137,-0.192836925387383,0.256236537281461,mm_per_hr
5,intensity,20,Raanana Basin 2 pixel,0,WRFrain_noPGW_HPE05.mat,WRFrain_PGW_V3_HPE05.mat,0.244549887254834,0.058020525611937,-0.186529361642897,0.237254354370143,mm_per_hr
5,intensity,20,Raanana Basin 3 pixel,0,WRFrain_noPGW_HPE05.mat,WRFrain_PGW_V3_HPE05.mat,0.208246933917205,0.0362034396578868,-0.172043494259318,0.173848608365493,mm_per_hr
5,intensity,30,Raanana Basin,0,WRFrain_noPGW_HPE05.mat,WRFrain_PGW_V3_HPE05.mat,0.0472033092490073,0.0108022796571091,-0.0364010295918982,0.228845812485833,mm_per_hr
5,intensity,30,Raanana Basin 1 pixel,0,WRFrain_noPGW_HPE05.mat,WRFrain_PGW_V3_HPE05.mat,0.178023561835289,0.0542037934064865,-0.123819768428802,0.304475389929772,mm_per_hr
5,intensity,30,Raanana Basin 2 pixel,0,WRFrain_noPGW_HPE05.mat,WRFrain_PGW_V3_HPE05.mat,0.169065620750189,0.0472866129130125,-0.121779007837176,0.279693841380579,mm_per_hr
5,intensity,30,Raanana Basin 3 pixel,0,WRFrain_noPGW_HPE05.mat,WRFrain_PGW_V3_HPE05.mat,0.161402494543129,0.0333810581101312,-0.128021436432997,0.206818724856891,mm_per_hr
5,intensity,60,Raanana Basin,0,WRFrain_noPGW_HPE05.mat,WRFrain_PGW_V3_HPE05.mat,0.0412565904795732,0.0106459593387221,-0.0306106311408511,0.258042635491004,mm_per_hr
5,intensity,60,Raanana Basin 1 pixel,0,WRFrain_noPGW_HPE05.mat,WRFrain_PGW_V3_HPE05.mat,0.110162785276771,0.0312181226909161,-0.0789446625858545,0.283381748314409,mm_per_hr
5,intensity,60,Raanana Basin 2 pixel,0,WRFrain_noPGW_HPE05.mat,WRFrain_PGW_V3_HPE05.mat,0.1060918525327,0.0291192759759724,-0.0769725765567273,0.274472311311533,mm_per_hr
5,intensity,60,Raanana Basin 3 pixel,0,WRFrain_noPGW_HPE05.mat,WRFrain_PGW_V3_HPE05.mat,0.101042664402889,0.0195994151549207,-0.0814432492479682,0.193971677911933,mm_per_hr
5,intensity,120,Raanana Basin,0,WRFrain_noPGW_HPE05.mat,WRFrain_PGW_V3_HPE05.mat,0.0213596639114828,0.00628384197135179,-0.015075821940131,0.294191987167628,mm_per_hr
5,intensity,120,Raanana Basin 1 pixel,0,WRFrain_noPGW_HPE05.mat,WRFrain_PGW_V3_HPE05.mat,0.056787668261677,0.015784090384841,-0.0410035778768361,0.277949260253265,mm_per_hr
5,intensity,120,Raanana Basin 2 pixel,0,WRFrain_noPGW_HPE05.mat,WRFrain_PGW_V3_HPE05.mat,0.0548847115132958,0.0148901969660074,-0.0399945145472884,0.271299539624987,mm_per_hr
5,intensity,120,Raanana Basin 3 pixel,0,WRFrain_noPGW_HPE05.mat,WRFrain_PGW_V3_HPE05.mat,0.0532668925718301,0.0102167977020144,-0.0430500948698156,0.191803899359009,mm_per_hr
5,intensity,240,Raanana Basin,0,WRFrain_noPGW_HPE05.mat,WRFrain_PGW_V3_HPE05.mat,0.010702524616244,0.0043808903310121,-0.00632163428523188,0.409332422778352,mm_per_hr
5,intensity,240,Raanana Basin 1 pixel,0,WRFrain_noPGW_HPE05.mat,WRFrain_PGW_V3_HPE05.mat,0.0284211938269436,0.00789204519242048,-0.0205291486345232,0.277681692066669,mm_per_hr
5,intensity,240,Raanana Basin 2 pixel,0,WRFrain_noPGW_HPE05.mat,WRFrain_PGW_V3_HPE05.mat,0.0274572469643317,0.00744509848300368,-0.020012148481328,0.271152402594303,mm_per_hr
5,intensity,240,Raanana Basin 3 pixel,0,WRFrain_noPGW_HPE05.mat,WRFrain_PGW_V3_HPE05.mat,0.0266453935506029,0.00661818838367859,-0.0200272051669243,0.248380207674915,mm_per_hr
5,intensity,360,Raanana Basin,0,WRFrain_noPGW_HPE05.mat,WRFrain_PGW_V3_HPE05.mat,0.00723231788670528,0.00401024049182754,-0.00322207739487774,0.554488969462932,mm_per_hr
5,intensity,360,Raanana Basin 1 pixel,0,WRFrain_noPGW_HPE05.mat,WRFrain_PGW_V3_HPE05.mat,0.0190634747656683,0.00587499203781287,-0.0131884827278554,0.308180544734333,mm_per_hr
5,intensity,360,Raanana Basin 2 pixel,0,WRFrain_noPGW_HPE05.mat,WRFrain_PGW_V3_HPE05.mat,0.0184220718995978,0.00617903090702991,-0.0122430409925679,0.335414547327046,mm_per_hr
5,intensity,360,Raanana Basin 3 pixel,0,WRFrain_noPGW_HPE05.mat,WRFrain_PGW_V3_HPE05.mat,0.0178770646970305,0.00606994817240371,-0.0118071165246268,0.339538300905291,mm_per_hr
5,intensity,720,Raanana Basin,0,WRFrain_noPGW_HPE05.mat,WRFrain_PGW_V3_HPE05.mat,0.00364658309831873,0.00202426246974166,-0.00162232062857707,0.555112118705029,mm_per_hr
5,intensity,720,Raanana Basin 1 pixel,0,WRFrain_noPGW_HPE05.mat,WRFrain_PGW_V3_HPE05.mat,0.00953368966778119,0.00295794770742456,-0.00657574196035663,0.310262638128536,mm_per_hr
5,intensity,720,Raanana Basin 2 pixel,0,WRFrain_noPGW_HPE05.mat,WRFrain_PGW_V3_HPE05.mat,0.00921954764635302,0.00311012814442317,-0.00610941950192986,0.337340644435353,mm_per_hr
5,intensity,720,Raanana Basin 3 pixel,0,WRFrain_noPGW_HPE05.mat,WRFrain_PGW_V3_HPE05.mat,0.00895825529005378,0.00305851153098047,-0.00589974375907332,0.341418215037507,mm_per_hr
5,intensity,1440,Raanana Basin,0,WRFrain_noPGW_HPE05.mat,WRFrain_PGW_V3_HPE05.mat,0.00188634147220145,0.00114278994158082,-0.00074355153062063,0.605823472802688,mm_per_hr
5,intensity,1440,Raanana Basin 1 pixel,0,WRFrain_noPGW_HPE05.mat,WRFrain_PGW_V3_HPE05.mat,0.00479678714570279,0.00248498516157269,-0.00231180198413009,0.518051997324683,mm_per_hr
5,intensity,1440,Raanana Basin 2 pixel,0,WRFrain_noPGW_HPE05.mat,WRFrain_PGW_V3_HPE05.mat,0.00466698718567689,0.00231590484812235,-0.00235108233755454,0.496231242123381,mm_per_hr
5,intensity,1440,Raanana Basin 3 pixel,0,WRFrain_noPGW_HPE05.mat,WRFrain_PGW_V3_HPE05.mat,0.00451981806610193,0.00196602047179584,-0.00255379759430609,0.434977789601919,mm_per_hr
6,total,0,Raanana Basin,0,WRFrain_noPGW_HPE06.mat,WRFrain_PGW_V3_HPE06.mat,0.0213969027992182,0.196811218989966,0.175414316190747,9.19811716848837,mm
6,total,0,Raanana Basin 1 pixel,0,WRFrain_noPGW_HPE06.mat,WRFrain_PGW_V3_HPE06.mat,0.122087810887024,0.809963736333884,0.68787592544686,6.63427192648576,mm
6,total,0,Raanana Basin 2 pixel,0,WRFrain_noPGW_HPE06.mat,WRFrain_PGW_V3_HPE06.mat,0.127529539018724,0.611695587167787,0.484166048149063,4.79650120179591,mm
6,total,0,Raanana Basin 3 pixel,0,WRFrain_noPGW_HPE06.mat,WRFrain_PGW_V3_HPE06.mat,0.126122575731845,0.463576769613969,0.337454193882124,3.67560499715453,mm
6,intensity,10,Raanana Basin,0,WRFrain_noPGW_HPE06.mat,WRFrain_PGW_V3_HPE06.mat,0.0669547090203144,0.456998724842296,0.390044015821981,6.82549041776344,mm_per_hr
6,intensity,10,Raanana Basin 1 pixel,0,WRFrain_noPGW_HPE06.mat,WRFrain_PGW_V3_HPE06.mat,0.417359814047813,3.64794087409973,3.23058106005192,8.74051777702253,mm_per_hr
6,intensity,10,Raanana Basin 2 pixel,0,WRFrain_noPGW_HPE06.mat,WRFrain_PGW_V3_HPE06.mat,0.374929748475552,2.57474219799042,2.19981244951487,6.86726569033055,mm_per_hr
6,intensity,10,Raanana Basin 3 pixel,0,WRFrain_noPGW_HPE06.mat,WRFrain_PGW_V3_HPE06.mat,0.340837294856707,1.86444870134195,1.52361140648524,5.47020155797736,mm_per_hr
6,intensity,20,Raanana Basin,0,WRFrain_noPGW_HPE06.mat,WRFrain_PGW_V3_HPE06.mat,0.0528969009600442,0.346882552943869,0.293985651983825,6.55771031285722,mm_per_hr
6,intensity,20,Raanana Basin 1 pixel,0,WRFrain_noPGW_HPE06.mat,WRFrain_PGW_V3_HPE06.mat,0.321730591356754,2.24579429626465,1.92406370490789,6.98035672266669,mm_per_hr
6,intensity,20,Raanana Basin 2 pixel,0,WRFrain_noPGW_HPE06.mat,WRFrain_PGW_V3_HPE06.mat,0.309154540300369,1.65522073209286,1.34606619179249,5.35402368823267,mm_per_hr
6,intensity,20,Raanana Basin 3 pixel,0,WRFrain_noPGW_HPE06.mat,WRFrain_PGW_V3_HPE06.mat,0.296806640302141,1.24880373229583,0.95199709199369,4.20746561136429,mm_per_hr
6,intensity,30,Raanana Basin,0,WRFrain_noPGW_HPE06.mat,WRFrain_PGW_V3_HPE06.mat,0.0414461654543738,0.254087861159946,0.212641695705572,6.13055172594096,mm_per_hr
6,intensity,30,Raanana Basin 1 pixel,0,WRFrain_noPGW_HPE06.mat,WRFrain_PGW_V3_HPE06.mat,0.239433750510216,1.49814698845148,1.25871323794127,6.25704181327419,mm_per_hr
6,intensity,30,Raanana Basin 2 pixel,0,WRFrain_noPGW_HPE06.mat,WRFrain_PGW_V3_HPE06.mat,0.250436197035015,1.10527649521828,0.854840298183262,4.41340552325886,mm_per_hr
6,intensity,30,Raanana Basin 3 pixel,0,WRFrain_noPGW_HPE06.mat,WRFrain_PGW_V3_HPE06.mat,0.225236778871881,0.837366795684728,0.612130016812848,3.71771786063874,mm_per_hr
6,intensity,60,Raanana Basin,0,WRFrain_noPGW_HPE06.mat,WRFrain_PGW_V3_HPE06.mat,0.0213816855560248,0.133800320055796,0.112418634499772,6.2577068447298,mm_per_hr
6,intensity,60,Raanana Basin 1 pixel,0,WRFrain_noPGW_HPE06.mat,WRFrain_PGW_V3_HPE06.mat,0.122087810887024,0.775237353518605,0.653149542631581,6.3498341717011,mm_per_hr
6,intensity,60,Raanana Basin 2 pixel,0,WRFrain_noPGW_HPE06.mat,WRFrain_PGW_V3_HPE06.mat,0.127529539018724,0.588382030837238,0.460852491818514,4.61369213254077,mm_per_hr
6,intensity,60,Raanana Basin 3 pixel,0,WRFrain_noPGW_HPE06.mat,WRFrain_PGW_V3_HPE06.mat,0.126056609946924,0.437079682584024,0.3110230726371,3.4673285499908,mm_per_hr
6,intensity,120,Raanana Basin,0,WRFrain_noPGW_HPE06.mat,WRFrain_PGW_V3_HPE06.mat,0.0106984513996091,0.0873236298055982,0.0766251784059891,8.16226821470525,mm_per_hr
6,intensity,120,Raanana Basin 1 pixel,0,WRFrain_noPGW_HPE06.mat,WRFrain_PGW_V3_HPE06.mat,0.0610439054435119,0.400810822844505,0.339766917400993,6.56594331460989,mm_per_hr
6,intensity,120,Raanana Basin 2 pixel,0,WRFrain_noPGW_HPE06.mat,WRFrain_PGW_V3_HPE06.mat,0.0637647695093619,0.303098484815564,0.239333715306202,4.75338477889524,mm_per_hr
6,intensity,120,Raanana Basin 3 pixel,0,WRFrain_noPGW_HPE06.mat,WRFrain_PGW_V3_HPE06.mat,0.0630612878659223,0.226177064713968,0.163115776848046,3.58662298801849,mm_per_hr
6,intensity,240,Raanana Basin,0,WRFrain_noPGW_HPE06.mat,WRFrain_PGW_V3_HPE06.mat,0.00534922569980455,0.0443007774587225,0.038951551758918,8.28171775596256,mm_per_hr
6,intensity,240,Raanana Basin 1 pixel,0,WRFrain_noPGW_HPE06.mat,WRFrain_PGW_V3_HPE06.mat,0.030521952721756,0.20043931240798,0.169917359686224,6.56705402289373,mm_per_hr
6,intensity,240,Raanana Basin 2 pixel,0,WRFrain_noPGW_HPE06.mat,WRFrain_PGW_V3_HPE06.mat,0.031882384754681,0.151625305297387,0.119742920542706,4.75577051290446,mm_per_hr
6,intensity,240,Raanana Basin 3 pixel,0,WRFrain_noPGW_HPE06.mat,WRFrain_PGW_V3_HPE06.mat,0.0315306439329611,0.113277177746329,0.0817465338133679,3.59260591021145,mm_per_hr
6,intensity,360,Raanana Basin,0,WRFrain_noPGW_HPE06.mat,WRFrain_PGW_V3_HPE06.mat,0.00356615046653636,0.0317338848998091,0.0281677344332727,8.89863879765867,mm_per_hr
6,intensity,360,Raanana Basin 1 pixel,0,WRFrain_noPGW_HPE06.mat,WRFrain_PGW_V3_HPE06.mat,0.0203479684811706,0.134747371640212,0.114399403159041,6.6221535464291,mm_per_hr
6,intensity,360,Raanana Basin 2 pixel,0,WRFrain_noPGW_HPE06.mat,WRFrain_PGW_V3_HPE06.mat,0.0212549231697873,0.101824328225462,0.0805694050556743,4.79062320818921,mm_per_hr
6,intensity,360,Raanana Basin 3 pixel,0,WRFrain_noPGW_HPE06.mat,WRFrain_PGW_V3_HPE06.mat,0.0210204292886408,0.0770144735123714,0.0559940442237306,3.66379165976355,mm_per_hr
6,intensity,720,Raanana Basin,0,WRFrain_noPGW_HPE06.mat,WRFrain_PGW_V3_HPE06.mat,0.00178307523326818,0.0164009265010047,0.0146178512677365,9.19811244921146,mm_per_hr
6,intensity,720,Raanana Basin 1 pixel,0,WRFrain_noPGW_HPE06.mat,WRFrain_PGW_V3_HPE06.mat,0.0101739842405853,0.0674969780278237,0.0573229937872384,6.63427192648576,mm_per_hr
6,intensity,720,Raanana Basin 2 pixel,0,WRFrain_noPGW_HPE06.mat,WRFrain_PGW_V3_HPE06.mat,0.0106274615848937,0.0509746322639823,0.0403471706790886,4.79650120179591,mm_per_hr
6,intensity,720,Raanana Basin 3 pixel,0,WRFrain_noPGW_HPE06.mat,WRFrain_PGW_V3_HPE06.mat,0.0105102146443204,0.0386313974678307,0.0281211828235104,3.67560499715453,mm_per_hr
6,intensity,1440,Raanana Basin,0,WRFrain_noPGW_HPE06.mat,WRFrain_PGW_V3_HPE06.mat,0.000891537616634091,0.00820046745791523,0.00730892984128114,9.19811716848837,mm_per_hr
6,intensity,1440,Raanana Basin 1 pixel,0,WRFrain_noPGW_HPE06.mat,WRFrain_PGW_V3_HPE06.mat,0.00508699212029266,0.0337484890139118,0.0286614968936192,6.63427192648576,mm_per_hr
6,intensity,1440,Raanana Basin 2 pixel,0,WRFrain_noPGW_HPE06.mat,WRFrain_PGW_V3_HPE06.mat,0.00531373079244683,0.0254873161319911,0.0201735853395443,4.79650120179591,mm_per_hr
6,intensity,1440,Raanana Basin 3 pixel,0,WRFrain_noPGW_HPE06.mat,WRFrain_PGW_V3_HPE06.mat,0.00525510732216019,0.0193156987339154,0.0140605914117552,3.67560499715453,mm_per_hr
7,total,0,Raanana Basin,0,WRFrain_noPGW_HPE07.mat,WRFrain_PGW_V3_HPE07.mat,12.1357704150865,36.1149406655123,23.9791702504259,2.97590836265462,mm
7,total,0,Raanana Basin 1 pixel,0,WRFrain_noPGW_HPE07.mat,WRFrain_PGW_V3_HPE07.mat,15.8614559299313,53.5595220746472,37.698066144716,3.37670906827526,mm
7,total,0,Raanana Basin 2 pixel,0,WRFrain_noPGW_HPE07.mat,WRFrain_PGW_V3_HPE07.mat,16.0844916419301,49.4117282258958,33.3272365839657,3.07201056308713,mm
7,total,0,Raanana Basin 3 pixel,0,WRFrain_noPGW_HPE07.mat,WRFrain_PGW_V3_HPE07.mat,16.7691044660169,46.8585650203555,30.0894605543387,2.79433914406795,mm
7,intensity,10,Raanana Basin,0,WRFrain_noPGW_HPE07.mat,WRFrain_PGW_V3_HPE07.mat,8.89775748527536,16.3990312254167,7.50127374014137,1.84305216820699,mm_per_hr
7,intensity,10,Raanana Basin 1 pixel,0,WRFrain_noPGW_HPE07.mat,WRFrain_PGW_V3_HPE07.mat,28.7567882537842,59.0657958984375,30.3090076446533,2.0539774948847,mm_per_hr
7,intensity,10,Raanana Basin 2 pixel,0,WRFrain_noPGW_HPE07.mat,WRFrain_PGW_V3_HPE07.mat,26.5930616855621,39.3825044631958,12.7894427776337,1.48093156511487,mm_per_hr
7,intensity,10,Raanana Basin 3 pixel,0,WRFrain_noPGW_HPE07.mat,WRFrain_PGW_V3_HPE07.mat,22.4077776273092,30.1631476084391,7.75536998112997,1.34610170228029,mm_per_hr
7,intensity,20,Raanana Basin,0,WRFrain_noPGW_HPE07.mat,WRFrain_PGW_V3_HPE07.mat,8.34225668041123,10.6195788712337,2.27732219082248,1.2729863486663,mm_per_hr
7,intensity,20,Raanana Basin 1 pixel,0,WRFrain_noPGW_HPE07.mat,WRFrain_PGW_V3_HPE07.mat,15.4541866779327,34.6750373840332,19.2208507061005,2.24373097767391,mm_per_hr
7,intensity,20,Raanana Basin 2 pixel,0,WRFrain_noPGW_HPE07.mat,WRFrain_PGW_V3_HPE07.mat,14.4180926084518,25.4398584365845,11.0217658281326,1.76443993858603,mm_per_hr
7,intensity,20,Raanana Basin 3 pixel,0,WRFrain_noPGW_HPE07.mat,WRFrain_PGW_V3_HPE07.mat,13.324230670929,21.3395109176636,8.01528024673462,1.60155670107262,mm_per_hr
7,intensity,30,Raanana Basin,0,WRFrain_noPGW_HPE07.mat,WRFrain_PGW_V3_HPE07.mat,5.57186039198529,10.1725337096143,4.60067331762897,1.82569788077366,mm_per_hr
7,intensity,30,Raanana Basin 1 pixel,0,WRFrain_noPGW_HPE07.mat,WRFrain_PGW_V3_HPE07.mat,10.314820766449,34.0789794921875,23.7641587257385,3.30388479488041,mm_per_hr
7,intensity,30,Raanana Basin 2 pixel,0,WRFrain_noPGW_HPE07.mat,WRFrain_PGW_V3_HPE07.mat,9.62340593338013,26.6671342849731,17.043728351593,2.77107029149362,mm_per_hr
7,intensity,30,Raanana Basin 3 pixel,0,WRFrain_noPGW_HPE07.mat,WRFrain_PGW_V3_HPE07.mat,9.68920368618435,20.3372022840712,10.6479985978868,2.09895497532678,mm_per_hr
7,intensity,60,Raanana Basin,0,WRFrain_noPGW_HPE07.mat,WRFrain_PGW_V3_HPE07.mat,4.34928595526932,6.63696085617273,2.28767490090341,1.52598861616165,mm_per_hr
7,intensity,60,Raanana Basin 1 pixel,0,WRFrain_noPGW_HPE07.mat,WRFrain_PGW_V3_HPE07.mat,7.01770186424255,18.939037322998,11.9213354587555,2.69875205435821,mm_per_hr
7,intensity,60,Raanana Basin 2 pixel,0,WRFrain_noPGW_HPE07.mat,WRFrain_PGW_V3_HPE07.mat,6.9068591594696,15.8410859107971,8.93422675132751,2.29352959790389,mm_per_hr
7,intensity,60,Raanana Basin 3 pixel,0,WRFrain_noPGW_HPE07.mat,WRFrain_PGW_V3_HPE07.mat,6.20507347583771,12.9964114295112,6.79133795367347,2.09448147231756,mm_per_hr
7,intensity,120,Raanana Basin,0,WRFrain_noPGW_HPE07.mat,WRFrain_PGW_V3_HPE07.mat,2.56655605297337,4.07508663536519,1.50853058239182,1.58776451838805,mm_per_hr
7,intensity,120,Raanana Basin 1 pixel,0,WRFrain_noPGW_HPE07.mat,WRFrain_PGW_V3_HPE07.mat,4.28008323907852,14.1045522689819,9.82446902990341,3.29539204756648,mm_per_hr
7,intensity,120,Raanana Basin 2 pixel,0,WRFrain_noPGW_HPE07.mat,WRFrain_PGW_V3_HPE07.mat,4.01115767657757,12.7832095623016,8.77205188572407,3.18691275512476,mm_per_hr
7,intensity,120,Raanana Basin 3 pixel,0,WRFrain_noPGW_HPE07.mat,WRFrain_PGW_V3_HPE07.mat,3.6050140592787,10.4408071835836,6.83579312430488,2.89619042031492,mm_per_hr
7,intensity,240,Raanana Basin,0,WRFrain_noPGW_HPE07.mat,WRFrain_PGW_V3_HPE07.mat,1.59977024372705,2.72331446409225,1.1235442203652,1.70231598866825,mm_per_hr
7,intensity,240,Raanana Basin 1 pixel,0,WRFrain_noPGW_HPE07.mat,WRFrain_PGW_V3_HPE07.mat,2.53151752054691,7.06878709793091,4.537269577384,2.79231213711045,mm_per_hr
7,intensity,240,Raanana Basin 2 pixel,0,WRFrain_noPGW_HPE07.mat,WRFrain_PGW_V3_HPE07.mat,2.40689729899168,6.42230129241943,4.01540399342775,2.6682905394883,mm_per_hr
7,intensity,240,Raanana Basin 3 pixel,0,WRFrain_noPGW_HPE07.mat,WRFrain_PGW_V3_HPE07.mat,2.18654538856612,5.26462207900153,3.07807669043541,2.40773509963767,mm_per_hr
7,intensity,360,Raanana Basin,0,WRFrain_noPGW_HPE07.mat,WRFrain_PGW_V3_HPE07.mat,1.27007795776539,2.10488948907972,0.834811531314325,1.65729156719097,mm_per_hr
7,intensity,360,Raanana Basin 1 pixel,0,WRFrain_noPGW_HPE07.mat,WRFrain_PGW_V3_HPE07.mat,1.93399934470654,4.71252473195394,2.7785253872474,2.43667338608588,mm_per_hr
7,intensity,360,Raanana Basin 2 pixel,0,WRFrain_noPGW_HPE07.mat,WRFrain_PGW_V3_HPE07.mat,1.8773275675873,4.28153419494629,2.40420662735899,2.28065377021488,mm_per_hr
7,intensity,360,Raanana Basin 3 pixel,0,WRFrain_noPGW_HPE07.mat,WRFrain_PGW_V3_HPE07.mat,1.69305576439257,3.50974805266769,1.81669228827512,2.07302566547588,mm_per_hr
7,intensity,720,Raanana Basin,0,WRFrain_noPGW_HPE07.mat,WRFrain_PGW_V3_HPE07.mat,0.801986067886418,1.45551303271963,0.653526964833215,1.81488568318343,mm_per_hr
7,intensity,720,Raanana Basin 1 pixel,0,WRFrain_noPGW_HPE07.mat,WRFrain_PGW_V3_HPE07.mat,1.16608515862996,2.67158778508504,1.50550262645508,2.29107433990833,mm_per_hr
7,intensity,720,Raanana Basin 2 pixel,0,WRFrain_noPGW_HPE07.mat,WRFrain_PGW_V3_HPE07.mat,1.14295018611786,2.44926269849141,1.30631251237355,2.14293039910214,mm_per_hr
7,intensity,720,Raanana Basin 3 pixel,0,WRFrain_noPGW_HPE07.mat,WRFrain_PGW_V3_HPE07.mat,1.03607831775487,2.34380009439256,1.3077217766377,2.26218429073148,mm_per_hr
7,intensity,1440,Raanana Basin,0,WRFrain_noPGW_HPE07.mat,WRFrain_PGW_V3_HPE07.mat,0.45187680168107,1.21257245811949,0.760695656438424,2.68341382785858,mm_per_hr
7,intensity,1440,Raanana Basin 1 pixel,0,WRFrain_noPGW_HPE07.mat,WRFrain_PGW_V3_HPE07.mat,0.632472859540333,1.77751676241557,1.14504390287523,2.81042377645647,mm_per_hr
7,intensity,1440,Raanana Basin 2 pixel,0,WRFrain_noPGW_HPE07.mat,WRFrain_PGW_V3_HPE07.mat,0.650125076742067,1.65727955102921,1.00715447428714,2.5491703217083,mm_per_hr
7,intensity,1440,Raanana Basin 3 pixel,0,WRFrain_noPGW_HPE07.mat,WRFrain_PGW_V3_HPE07.mat,0.675215158137251,1.59633221983569,0.921117061698438,2.36418303202726,mm_per_hr
8,total,0,Raanana Basin,0,WRFrain_noPGW_HPE08.mat,WRFrain_PGW_V3_HPE08.mat,60.4613857966956,14.4483270899997,-46.013058706696,0.238967845338228,mm
8,total,0,Raanana Basin 1 pixel,0,WRFrain_noPGW_HPE08.mat,WRFrain_PGW_V3_HPE08.mat,81.5767364523781,23.234859217082,-58.3418772352961,0.284822122427584,mm
8,total,0,Raanana Basin 2 pixel,0,WRFrain_noPGW_HPE08.mat,WRFrain_PGW_V3_HPE08.mat,77.7785415326965,24.0323210357173,-53.7462204969792,0.308983950613353,mm
8,total,0,Raanana Basin 3 pixel,0,WRFrain_noPGW_HPE08.mat,WRFrain_PGW_V3_HPE08.mat,75.062936556581,23.9324126855214,-51.1305238710596,0.318831287228972,mm
8,intensity,10,Raanana Basin,0,WRFrain_noPGW_HPE08.mat,WRFrain_PGW_V3_HPE08.mat,21.6719930949256,13.7422195269396,-7.92977356798597,0.634100401691126,mm_per_hr
8,intensity,10,Raanana Basin 1 pixel,0,WRFrain_noPGW_HPE08.mat,WRFrain_PGW_V3_HPE08.mat,78.6062107086182,59.7206382751465,-18.8855724334717,0.759744525741385,mm_per_hr
8,intensity,10,Raanana Basin 2 pixel,0,WRFrain_noPGW_HPE08.mat,WRFrain_PGW_V3_HPE08.mat,61.4340848922729,50.2648057937622,-11.1692790985107,0.818190844413219,mm_per_hr
8,intensity,10,Raanana Basin 3 pixel,0,WRFrain_noPGW_HPE08.mat,WRFrain_PGW_V3_HPE08.mat,51.8783369064331,36.7746798197428,-15.1036570866903,0.70886389218816,mm_per_hr
8,intensity,20,Raanana Basin,0,WRFrain_noPGW_HPE08.mat,WRFrain_PGW_V3_HPE08.mat,19.8547023891655,9.15668975877164,-10.6980126303939,0.461184941445828,mm_per_hr
8,intensity,20,Raanana Basin 1 pixel,0,WRFrain_noPGW_HPE08.mat,WRFrain_PGW_V3_HPE08.mat,65.1042194366455,35.0844601392746,-30.0197592973709,0.538896870938083,mm_per_hr
8,intensity,20,Raanana Basin 2 pixel,0,WRFrain_noPGW_HPE08.mat,WRFrain_PGW_V3_HPE08.mat,56.5958247184753,31.9250316023827,-24.6707931160927,0.564088106520002,mm_per_hr
8,intensity,20,Raanana Basin 3 pixel,0,WRFrain_noPGW_HPE08.mat,WRFrain_PGW_V3_HPE08.mat,47.1941874821981,25.3768353462219,-21.8173521359762,0.537711033923282,mm_per_hr
8,intensity,30,Raanana Basin,0,WRFrain_noPGW_HPE08.mat,WRFrain_PGW_V3_HPE08.mat,18.2850335305761,7.73732132938775,-10.5477122011884,0.423150513585302,mm_per_hr
8,intensity,30,Raanana Basin 1 pixel,0,WRFrain_noPGW_HPE08.mat,WRFrain_PGW_V3_HPE08.mat,59.6971340179443,24.4266121387482,-35.2705218791962,0.409175625272158,mm_per_hr
8,intensity,30,Raanana Basin 2 pixel,0,WRFrain_noPGW_HPE08.mat,WRFrain_PGW_V3_HPE08.mat,50.8279552459717,22.4212676286697,-28.4066876173019,0.441120787176398,mm_per_hr
8,intensity,30,Raanana Basin 3 pixel,0,WRFrain_noPGW_HPE08.mat,WRFrain_PGW_V3_HPE08.mat,45.0571311314901,17.5371370315552,-27.5199940999349,0.389220010044062,mm_per_hr
8,intensity,60,Raanana Basin,0,WRFrain_noPGW_HPE08.mat,WRFrain_PGW_V3_HPE08.mat,14.4437546369424,4.50331811329823,-9.94043652364418,0.311783066556684,mm_per_hr
8,intensity,60,Raanana Basin 1 pixel,0,WRFrain_noPGW_HPE08.mat,WRFrain_PGW_V3_HPE08.mat,38.5389738082886,12.5252942740917,-26.0136795341969,0.325003315770642,mm_per_hr
8,intensity,60,Raanana Basin 2 pixel,0,WRFrain_noPGW_HPE08.mat,WRFrain_PGW_V3_HPE08.mat,34.9326746463776,11.4280288871378,-23.5046457592398,0.327144399987215,mm_per_hr
8,intensity,60,Raanana Basin 3 pixel,0,WRFrain_noPGW_HPE08.mat,WRFrain_PGW_V3_HPE08.mat,32.0006095568339,10.807441022661,-21.1931685341729,0.337726098731548,mm_per_hr
8,intensity,120,Raanana Basin,0,WRFrain_noPGW_HPE08.mat,WRFrain_PGW_V3_HPE08.mat,10.3622335842037,2.2628828123333,-8.09935077187039,0.218377900280386,mm_per_hr
8,intensity,120,Raanana Basin 1 pixel,0,WRFrain_noPGW_HPE08.mat,WRFrain_PGW_V3_HPE08.mat,23.2259267568588,6.29561185277998,-16.9303149040788,0.271059661846253,mm_per_hr
8,intensity,120,Raanana Basin 2 pixel,0,WRFrain_noPGW_HPE08.mat,WRFrain_PGW_V3_HPE08.mat,21.5230982899666,5.73824579035863,-15.784852499608,0.266608724870881,mm_per_hr
8,intensity,120,Raanana Basin 3 pixel,0,WRFrain_noPGW_HPE08.mat,WRFrain_PGW_V3_HPE08.mat,19.7897902594672,5.45454131232368,-14.3352489471436,0.275624008178373,mm_per_hr
8,intensity,240,Raanana Basin,0,WRFrain_noPGW_HPE08.mat,WRFrain_PGW_V3_HPE08.mat,5.40277355348802,1.92714038954538,-3.47563316394264,0.356694644050226,mm_per_hr
8,intensity,240,Raanana Basin 1 pixel,0,WRFrain_noPGW_HPE08.mat,WRFrain_PGW_V3_HPE08.mat,11.6632920503616,3.74542092997581,-7.91787112038583,0.321128967173524,mm_per_hr
8,intensity,240,Raanana Basin 2 pixel,0,WRFrain_noPGW_HPE08.mat,WRFrain_PGW_V3_HPE08.mat,10.8332565277815,4.27106882352382,-6.56218770425767,0.394255301955679,mm_per_hr
8,intensity,240,Raanana Basin 3 pixel,0,WRFrain_noPGW_HPE08.mat,WRFrain_PGW_V3_HPE08.mat,10.0147816273901,4.23722542822361,-5.77755619916651,0.423097136400351,mm_per_hr
8,intensity,360,Raanana Basin,0,WRFrain_noPGW_HPE08.mat,WRFrain_PGW_V3_HPE08.mat,3.60271518304555,1.28476040911337,-2.31795477393218,0.356608930719664,mm_per_hr
8,intensity,360,Raanana Basin 1 pixel,0,WRFrain_noPGW_HPE08.mat,WRFrain_PGW_V3_HPE08.mat,7.77697030703227,2.49694728665054,-5.28002302038173,0.321069412389641,mm_per_hr
8,intensity,360,Raanana Basin 2 pixel,0,WRFrain_noPGW_HPE08.mat,WRFrain_PGW_V3_HPE08.mat,7.22311899065971,2.84739184876283,-4.37572714189688,0.39420530832246,mm_per_hr
8,intensity,360,Raanana Basin 3 pixel,0,WRFrain_noPGW_HPE08.mat,WRFrain_PGW_V3_HPE08.mat,6.67795022770211,2.82483192091739,-3.85311830678472,0.42300883124273,mm_per_hr
8,intensity,720,Raanana Basin,0,WRFrain_noPGW_HPE08.mat,WRFrain_PGW_V3_HPE08.mat,2.09238282281442,0.700103947800212,-1.39227887501421,0.334596489785037,mm_per_hr
8,intensity,720,Raanana Basin 1 pixel,0,WRFrain_noPGW_HPE08.mat,WRFrain_PGW_V3_HPE08.mat,4.05887756745021,1.34141047702481,-2.71746709042539,0.33048803634338,mm_per_hr
8,intensity,720,Raanana Basin 2 pixel,0,WRFrain_noPGW_HPE08.mat,WRFrain_PGW_V3_HPE08.mat,3.75527110447486,1.5107404217124,-2.24453068276246,0.402298630293873,mm_per_hr
8,intensity,720,Raanana Basin 3 pixel,0,WRFrain_noPGW_HPE08.mat,WRFrain_PGW_V3_HPE08.mat,3.52088960784453,1.50056900484142,-2.0203206030031,0.426190301876595,mm_per_hr
8,intensity,1440,Raanana Basin,0,WRFrain_noPGW_HPE08.mat,WRFrain_PGW_V3_HPE08.mat,1.78828965273249,0.494584400094221,-1.29370525263827,0.276568395583177,mm_per_hr
8,intensity,1440,Raanana Basin 1 pixel,0,WRFrain_noPGW_HPE08.mat,WRFrain_PGW_V3_HPE08.mat,2.63680220395327,0.794114389767249,-1.84268781418602,0.301165703129594,mm_per_hr
8,intensity,1440,Raanana Basin 2 pixel,0,WRFrain_noPGW_HPE08.mat,WRFrain_PGW_V3_HPE08.mat,2.53834600187838,0.825148752580086,-1.71319724929829,0.32507339502553,mm_per_hr
8,intensity,1440,Raanana Basin 3 pixel,0,WRFrain_noPGW_HPE08.mat,WRFrain_PGW_V3_HPE08.mat,2.38083542842004,0.827811985725054,-1.55302344269499,0.347698112957939,mm_per_hr
9,total,0,Raanana Basin,0,WRFrain_noPGW_HPE09.mat,WRFrain_PGW_V3_HPE09.mat,76.8470078104624,65.244119674634,-11.6028881358285,0.849013143563818,mm
9,total,0,Raanana Basin 1 pixel,0,WRFrain_noPGW_HPE09.mat,WRFrain_PGW_V3_HPE09.mat,80.9203719800571,79.4156341546914,-1.50473782536574,0.98140470948729,mm
9,total,0,Raanana Basin 2 pixel,0,WRFrain_noPGW_HPE09.mat,WRFrain_PGW_V3_HPE09.mat,83.4975891069683,80.8202800704526,-2.67730903651579,0.967935492926797,mm
9,total,0,Raanana Basin 3 pixel,0,WRFrain_noPGW_HPE09.mat,WRFrain_PGW_V3_HPE09.mat,87.2004665486911,82.0237138332953,-5.17675271539576,0.940633887405807,mm
9,intensity,10,Raanana Basin,0,WRFrain_noPGW_HPE09.mat,WRFrain_PGW_V3_HPE09.mat,35.755243397058,36.573686581794,0.818443184736005,1.02289015839292,mm_per_hr
9,intensity,10,Raanana Basin 1 pixel,0,WRFrain_noPGW_HPE09.mat,WRFrain_PGW_V3_HPE09.mat,58.9606246948242,92.5916175842285,33.6309928894043,1.57039749940703,mm_per_hr
9,intensity,10,Raanana Basin 2 pixel,0,WRFrain_noPGW_HPE09.mat,WRFrain_PGW_V3_HPE09.mat,55.1239070892334,85.1011219024658,29.9772148132324,1.54381513205706,mm_per_hr
9,intensity,10,Raanana Basin 3 pixel,0,WRFrain_noPGW_HPE09.mat,WRFrain_PGW_V3_HPE09.mat,49.5570602416992,77.4292500813802,27.872189839681,1.56242621543213,mm_per_hr
9,intensity,20,Raanana Basin,0,WRFrain_noPGW_HPE09.mat,WRFrain_PGW_V3_HPE09.mat,24.1227160681004,28.6417715852163,4.51905551711594,1.18733609865316,mm_per_hr
9,intensity,20,Raanana Basin 1 pixel,0,WRFrain_noPGW_HPE09.mat,WRFrain_PGW_V3_HPE09.mat,34.1694431304932,55.975001335144,21.8055582046509,1.63815960129568,mm_per_hr
9,intensity,20,Raanana Basin 2 pixel,0,WRFrain_noPGW_HPE09.mat,WRFrain_PGW_V3_HPE09.mat,39.9407300949097,51.77192902565,11.8311989307404,1.2962188949132,mm_per_hr
9,intensity,20,Raanana Basin 3 pixel,0,WRFrain_noPGW_HPE09.mat,WRFrain_PGW_V3_HPE09.mat,41.2053387959798,46.370701789856,5.16536299387615,1.12535664418272,mm_per_hr
9,intensity,30,Raanana Basin,0,WRFrain_noPGW_HPE09.mat,WRFrain_PGW_V3_HPE09.mat,19.7542085677479,21.030915509197,1.27670694144916,1.06462961738359,mm_per_hr
9,intensity,30,Raanana Basin 1 pixel,0,WRFrain_noPGW_HPE09.mat,WRFrain_PGW_V3_HPE09.mat,25.0044021606445,38.3365478515625,13.332145690918,1.53319193977379,mm_per_hr
9,intensity,30,Raanana Basin 2 pixel,0,WRFrain_noPGW_HPE09.mat,WRFrain_PGW_V3_HPE09.mat,29.6826457977295,35.7817692756653,6.09912347793579,1.2054777569189,mm_per_hr
9,intensity,30,Raanana Basin 3 pixel,0,WRFrain_noPGW_HPE09.mat,WRFrain_PGW_V3_HPE09.mat,31.9008068508572,33.0765690273709,1.17576217651367,1.0368568162558,mm_per_hr
9,intensity,60,Raanana Basin,0,WRFrain_noPGW_HPE09.mat,WRFrain_PGW_V3_HPE09.mat,10.7324266717725,15.0343156062697,4.30188893449718,1.40083096452097,mm_per_hr
9,intensity,60,Raanana Basin 1 pixel,0,WRFrain_noPGW_HPE09.mat,WRFrain_PGW_V3_HPE09.mat,15.9122772216797,22.3125104904175,6.40023326873779,1.40221981929889,mm_per_hr
9,intensity,60,Raanana Basin 2 pixel,0,WRFrain_noPGW_HPE09.mat,WRFrain_PGW_V3_HPE09.mat,17.8159170150757,20.9992678165436,3.1833508014679,1.17868015431225,mm_per_hr
9,intensity,60,Raanana Basin 3 pixel,0,WRFrain_noPGW_HPE09.mat,WRFrain_PGW_V3_HPE09.mat,18.9754609002007,19.6068201065063,0.631359206305611,1.03327240427129,mm_per_hr
9,intensity,120,Raanana Basin,0,WRFrain_noPGW_HPE09.mat,WRFrain_PGW_V3_HPE09.mat,6.49155056775551,7.95468107304977,1.46313050529426,1.22538998811191,mm_per_hr
9,intensity,120,Raanana Basin 1 pixel,0,WRFrain_noPGW_HPE09.mat,WRFrain_PGW_V3_HPE09.mat,9.47465133666992,12.6951222419739,3.22047090530396,1.33990389628795,mm_per_hr
9,intensity,120,Raanana Basin 2 pixel,0,WRFrain_noPGW_HPE09.mat,WRFrain_PGW_V3_HPE09.mat,10.3130979537964,12.0824910402298,1.76939308643341,1.17156756334134,mm_per_hr
9,intensity,120,Raanana Basin 3 pixel,0,WRFrain_noPGW_HPE09.mat,WRFrain_PGW_V3_HPE09.mat,10.6613419850667,11.0465519693163,0.385209984249538,1.03613147245338,mm_per_hr
9,intensity,240,Raanana Basin,0,WRFrain_noPGW_HPE09.mat,WRFrain_PGW_V3_HPE09.mat,4.26163039741845,5.41854898514793,1.15691858772947,1.27147323438238,mm_per_hr
9,intensity,240,Raanana Basin 1 pixel,0,WRFrain_noPGW_HPE09.mat,WRFrain_PGW_V3_HPE09.mat,5.4807448387146,7.50832271575928,2.02757787704468,1.3699456801423,mm_per_hr
9,intensity,240,Raanana Basin 2 pixel,0,WRFrain_noPGW_HPE09.mat,WRFrain_PGW_V3_HPE09.mat,5.25265824794769,7.34970653057098,2.09704828262329,1.39923562197153,mm_per_hr
9,intensity,240,Raanana Basin 3 pixel,0,WRFrain_noPGW_HPE09.mat,WRFrain_PGW_V3_HPE09.mat,5.34226703643799,7.16477325227526,1.82250621583727,1.34114846813282,mm_per_hr
9,intensity,360,Raanana Basin,0,WRFrain_noPGW_HPE09.mat,WRFrain_PGW_V3_HPE09.mat,4.39667883076264,4.27827315868629,-0.118405672076354,0.973069292383175,mm_per_hr
9,intensity,360,Raanana Basin 1 pixel,0,WRFrain_noPGW_HPE09.mat,WRFrain_PGW_V3_HPE09.mat,5.22391859690348,5.56278657913208,0.338867982228597,1.06486854186998,mm_per_hr
9,intensity,360,Raanana Basin 2 pixel,0,WRFrain_noPGW_HPE09.mat,WRFrain_PGW_V3_HPE09.mat,5.17957059542338,5.44853699207306,0.268966396649678,1.05192831948025,mm_per_hr
9,intensity,360,Raanana Basin 3 pixel,0,WRFrain_noPGW_HPE09.mat,WRFrain_PGW_V3_HPE09.mat,5.05005267814354,5.33842288123237,0.288370203088832,1.05710241485933,mm_per_hr
9,intensity,720,Raanana Basin,0,WRFrain_noPGW_HPE09.mat,WRFrain_PGW_V3_HPE09.mat,2.71245422074912,3.75608746615572,1.0436332454066,1.38475607714344,mm_per_hr
9,intensity,720,Raanana Basin 1 pixel,0,WRFrain_noPGW_HPE09.mat,WRFrain_PGW_V3_HPE09.mat,3.05176361401876,5.03558301925659,1.98381940523783,1.65005670692345,mm_per_hr
9,intensity,720,Raanana Basin 2 pixel,0,WRFrain_noPGW_HPE09.mat,WRFrain_PGW_V3_HPE09.mat,3.08554204305013,4.93206761280696,1.84652556975683,1.59844446907341,mm_per_hr
9,intensity,720,Raanana Basin 3 pixel,0,WRFrain_noPGW_HPE09.mat,WRFrain_PGW_V3_HPE09.mat,3.20928845582185,4.95572515770241,1.74643670188056,1.54418190384614,mm_per_hr
9,intensity,1440,Raanana Basin,0,WRFrain_noPGW_HPE09.mat,WRFrain_PGW_V3_HPE09.mat,2.16789454567395,2.38194372966329,0.214049183989339,1.09873597607249,mm_per_hr
9,intensity,1440,Raanana Basin 1 pixel,0,WRFrain_noPGW_HPE09.mat,WRFrain_PGW_V3_HPE09.mat,2.5767818291982,2.9532802204291,0.376498391230901,1.14611186207722,mm_per_hr
9,intensity,1440,Raanana Basin 2 pixel,0,WRFrain_noPGW_HPE09.mat,WRFrain_PGW_V3_HPE09.mat,2.53827951351802,2.94773842642705,0.409458912909031,1.16131356327323,mm_per_hr
9,intensity,1440,Raanana Basin 3 pixel,0,WRFrain_noPGW_HPE09.mat,WRFrain_PGW_V3_HPE09.mat,2.49011976630599,2.97182394398583,0.481704177679839,1.19344618849174,mm_per_hr
10,total,0,Raanana Basin,0,WRFrain_noPGW_HPE10.mat,WRFrain_PGW_V3_HPE10.mat,93.6599310509299,128.305703241659,34.6457721907286,1.36991028929852,mm
10,total,0,Raanana Basin 1 pixel,0,WRFrain_noPGW_HPE10.mat,WRFrain_PGW_V3_HPE10.mat,105.764266988412,134.996429454903,29.232162466491,1.276389779827,mm
10,total,0,Raanana Basin 2 pixel,0,WRFrain_noPGW_HPE10.mat,WRFrain_PGW_V3_HPE10.mat,112.187158613247,136.579868318773,24.392709705527,1.21742871472143,mm
10,total,0,Raanana Basin 3 pixel,0,WRFrain_noPGW_HPE10.mat,WRFrain_PGW_V3_HPE10.mat,118.702469733304,139.000230593763,20.2977608604583,1.17099695487434,mm
10,intensity,10,Raanana Basin,0,WRFrain_noPGW_HPE10.mat,WRFrain_PGW_V3_HPE10.mat,18.5009890581747,39.7255874113603,21.2245983531856,2.1472142535973,mm_per_hr
10,intensity,10,Raanana Basin 1 pixel,0,WRFrain_noPGW_HPE10.mat,WRFrain_PGW_V3_HPE10.mat,34.7178983688354,71.9374923706055,37.21959400177,2.07205780736948,mm_per_hr
10,intensity,10,Raanana Basin 2 pixel,0,WRFrain_noPGW_HPE10.mat,WRFrain_PGW_V3_HPE10.mat,34.8227384090424,60.2654113769531,25.4426729679108,1.73063389412546,mm_per_hr
10,intensity,10,Raanana Basin 3 pixel,0,WRFrain_noPGW_HPE10.mat,WRFrain_PGW_V3_HPE10.mat,32.5375963846842,62.867197672526,30.3296012878418,1.93214019035894,mm_per_hr
10,intensity,20,Raanana Basin,0,WRFrain_noPGW_HPE10.mat,WRFrain_PGW_V3_HPE10.mat,12.8158771431185,22.5701101072903,9.75423296417188,1.76110537384556,mm_per_hr
10,intensity,20,Raanana Basin 1 pixel,0,WRFrain_noPGW_HPE10.mat,WRFrain_PGW_V3_HPE10.mat,21.4143433570862,50.3253593444824,28.9110159873962,2.35007716581837,mm_per_hr
10,intensity,20,Raanana Basin 2 pixel,0,WRFrain_noPGW_HPE10.mat,WRFrain_PGW_V3_HPE10.mat,25.277626991272,44.4457311630249,19.1681041717529,1.75830314998997,mm_per_hr
10,intensity,20,Raanana Basin 3 pixel,0,WRFrain_noPGW_HPE10.mat,WRFrain_PGW_V3_HPE10.mat,26.5471700032552,40.9830195109049,14.4358495076497,1.54378110758622,mm_per_hr
10,intensity,30,Raanana Basin,0,WRFrain_noPGW_HPE10.mat,WRFrain_PGW_V3_HPE10.mat,13.1212861052127,17.3898118625988,4.26852575738602,1.3253130617806,mm_per_hr
10,intensity,30,Raanana Basin 1 pixel,0,WRFrain_noPGW_HPE10.mat,WRFrain_PGW_V3_HPE10.mat,18.8520355224609,35.0754318237305,16.2233963012695,1.86056470039749,mm_per_hr
10,intensity,30,Raanana Basin 2 pixel,0,WRFrain_noPGW_HPE10.mat,WRFrain_PGW_V3_HPE10.mat,21.1889152526855,32.2135334014893,11.0246181488037,1.52030120548084,mm_per_hr
10,intensity,30,Raanana Basin 3 pixel,0,WRFrain_noPGW_HPE10.mat,WRFrain_PGW_V3_HPE10.mat,23.2403632269965,30.1307245890299,6.89036136203342,1.2964825159888,mm_per_hr
10,intensity,60,Raanana Basin,0,WRFrain_noPGW_HPE10.mat,WRFrain_PGW_V3_HPE10.mat,9.50847203156044,10.6030766238987,1.09460459233825,1.11511887385324,mm_per_hr
10,intensity,60,Raanana Basin 1 pixel,0,WRFrain_noPGW_HPE10.mat,WRFrain_PGW_V3_HPE10.mat,12.0867614746094,20.78515625,8.69839477539062,1.71966297950558,mm_per_hr
10,intensity,60,Raanana Basin 2 pixel,0,WRFrain_noPGW_HPE10.mat,WRFrain_PGW_V3_HPE10.mat,13.6112041473389,21.3648490905762,7.7536449432373,1.56965165310177,mm_per_hr
10,intensity,60,Raanana Basin 3 pixel,0,WRFrain_noPGW_HPE10.mat,WRFrain_PGW_V3_HPE10.mat,14.9155875311957,19.5752504136827,4.65966288248698,1.31240223509408,mm_per_hr
10,intensity,120,Raanana Basin,0,WRFrain_noPGW_HPE10.mat,WRFrain_PGW_V3_HPE10.mat,6.47854622105446,7.30969161075484,0.831145389700384,1.12829195954476,mm_per_hr
10,intensity,120,Raanana Basin 1 pixel,0,WRFrain_noPGW_HPE10.mat,WRFrain_PGW_V3_HPE10.mat,8.03518676757812,11.3199577331543,3.28477096557617,1.40879833420054,mm_per_hr
10,intensity,120,Raanana Basin 2 pixel,0,WRFrain_noPGW_HPE10.mat,WRFrain_PGW_V3_HPE10.mat,9.08092975616455,11.3348031044006,2.25387334823608,1.24819852248125,mm_per_hr
10,intensity,120,Raanana Basin 3 pixel,0,WRFrain_noPGW_HPE10.mat,WRFrain_PGW_V3_HPE10.mat,10.2094124688043,11.034434000651,0.825021531846788,1.08080989325955,mm_per_hr
10,intensity,240,Raanana Basin,0,WRFrain_noPGW_HPE10.mat,WRFrain_PGW_V3_HPE10.mat,4.40411817728539,5.50336365415758,1.0992454768722,1.24959490926961,mm_per_hr
10,intensity,240,Raanana Basin 1 pixel,0,WRFrain_noPGW_HPE10.mat,WRFrain_PGW_V3_HPE10.mat,5.69336700439453,7.97324275970459,2.27987575531006,1.40044419296179,mm_per_hr
10,intensity,240,Raanana Basin 2 pixel,0,WRFrain_noPGW_HPE10.mat,WRFrain_PGW_V3_HPE10.mat,6.47729444503784,7.75808024406433,1.28078579902649,1.19773468844043,mm_per_hr
10,intensity,240,Raanana Basin 3 pixel,0,WRFrain_noPGW_HPE10.mat,WRFrain_PGW_V3_HPE10.mat,7.37655321756999,7.81863191392687,0.44207869635688,1.0599302524252,mm_per_hr
10,intensity,360,Raanana Basin,0,WRFrain_noPGW_HPE10.mat,WRFrain_PGW_V3_HPE10.mat,3.83030470735476,5.06946880067528,1.23916409332052,1.32351580043779,mm_per_hr
10,intensity,360,Raanana Basin 1 pixel,0,WRFrain_noPGW_HPE10.mat,WRFrain_PGW_V3_HPE10.mat,4.86817868550618,6.4986457824707,1.63046709696452,1.3349234287186,mm_per_hr
10,intensity,360,Raanana Basin 2 pixel,0,WRFrain_noPGW_HPE10.mat,WRFrain_PGW_V3_HPE10.mat,5.70578050613403,6.6020778020223,0.896297295888266,1.15708583513241,mm_per_hr
10,intensity,360,Raanana Basin 3 pixel,0,WRFrain_noPGW_HPE10.mat,WRFrain_PGW_V3_HPE10.mat,6.41218722308124,6.59882552535446,0.18663830227322,1.02910680798611,mm_per_hr
10,intensity,720,Raanana Basin,0,WRFrain_noPGW_HPE10.mat,WRFrain_PGW_V3_HPE10.mat,3.26036664410694,4.61260690615593,1.35224026204899,1.41475098038227,mm_per_hr
10,intensity,720,Raanana Basin 1 pixel,0,WRFrain_noPGW_HPE10.mat,WRFrain_PGW_V3_HPE10.mat,3.95153967539469,5.35202836990356,1.40048869450887,1.35441595164269,mm_per_hr
10,intensity,720,Raanana Basin 2 pixel,0,WRFrain_noPGW_HPE10.mat,WRFrain_PGW_V3_HPE10.mat,4.4514266649882,5.28332702318827,0.831900358200073,1.18688398592371,mm_per_hr
10,intensity,720,Raanana Basin 3 pixel,0,WRFrain_noPGW_HPE10.mat,WRFrain_PGW_V3_HPE10.mat,4.70717458371763,5.2835163893523,0.576341805634676,1.1224390120622,mm_per_hr
10,intensity,1440,Raanana Basin,0,WRFrain_noPGW_HPE10.mat,WRFrain_PGW_V3_HPE10.mat,2.72938185375935,3.99398416747868,1.26460231371932,1.46332920107075,mm_per_hr
10,intensity,1440,Raanana Basin 1 pixel,0,WRFrain_noPGW_HPE10.mat,WRFrain_PGW_V3_HPE10.mat,3.08006469408671,4.30375250180562,1.22368780771891,1.3972928913046,mm_per_hr
10,intensity,1440,Raanana Basin 2 pixel,0,WRFrain_noPGW_HPE10.mat,WRFrain_PGW_V3_HPE10.mat,3.38786935806274,4.33920286099116,0.951333502928415,1.28080584059841,mm_per_hr
10,intensity,1440,Raanana Basin 3 pixel,0,WRFrain_noPGW_HPE10.mat,WRFrain_PGW_V3_HPE10.mat,3.61848712408984,4.39260562260946,0.774118498519614,1.21393429684079,mm_per_hr
11,total,0,Raanana Basin,0,WRFrain_noPGW_HPE11.mat,WRFrain_PGW_V3_HPE11.mat,34.5554776600227,7.44953199603702,-27.1059456639857,0.215581797749403,mm
11,total,0,Raanana Basin 1 pixel,0,WRFrain_noPGW_HPE11.mat,WRFrain_PGW_V3_HPE11.mat,41.0851249697735,10.9239082278914,-30.1612167418821,0.265884751133851,mm
11,total,0,Raanana Basin 2 pixel,0,WRFrain_noPGW_HPE11.mat,WRFrain_PGW_V3_HPE11.mat,40.1604261397079,10.874662905872,-29.2857632338358,0.27078056562552,mm
11,total,0,Raanana Basin 3 pixel,0,WRFrain_noPGW_HPE11.mat,WRFrain_PGW_V3_HPE11.mat,40.9660301430362,11.2621736645142,-29.703856478522,0.274914938674591,mm
11,intensity,10,Raanana Basin,0,WRFrain_noPGW_HPE11.mat,WRFrain_PGW_V3_HPE11.mat,15.3543959979353,8.07578602512615,-7.27860997280917,0.525959212346229,mm_per_hr
11,intensity,10,Raanana Basin 1 pixel,0,WRFrain_noPGW_HPE11.mat,WRFrain_PGW_V3_HPE11.mat,47.1060676574707,27.6364860534668,-19.4695816040039,0.586686332096834,mm_per_hr
11,intensity,10,Raanana Basin 2 pixel,0,WRFrain_noPGW_HPE11.mat,WRFrain_PGW_V3_HPE11.mat,43.2060098648071,32.8038210868835,-10.4021887779236,0.759242086680248,mm_per_hr
11,intensity,10,Raanana Basin 3 pixel,0,WRFrain_noPGW_HPE11.mat,WRFrain_PGW_V3_HPE11.mat,37.0124270121256,27.6026733716329,-9.40975364049275,0.745767721813811,mm_per_hr
11,intensity,20,Raanana Basin,0,WRFrain_noPGW_HPE11.mat,WRFrain_PGW_V3_HPE11.mat,12.4923380467585,7.06383547471795,-5.42850257204057,0.565453436200508,mm_per_hr
11,intensity,20,Raanana Basin 1 pixel,0,WRFrain_noPGW_HPE11.mat,WRFrain_PGW_V3_HPE11.mat,35.7275333404541,18.5478730201721,-17.179660320282,0.519147875209466,mm_per_hr
11,intensity,20,Raanana Basin 2 pixel,0,WRFrain_noPGW_HPE11.mat,WRFrain_PGW_V3_HPE11.mat,33.7329111099243,21.6100047826767,-12.1229063272476,0.640620808333348,mm_per_hr
11,intensity,20,Raanana Basin 3 pixel,0,WRFrain_noPGW_HPE11.mat,WRFrain_PGW_V3_HPE11.mat,33.2921651204427,21.3612625201543,-11.9309026002884,0.641630318811487,mm_per_hr
11,intensity,30,Raanana Basin,0,WRFrain_noPGW_HPE11.mat,WRFrain_PGW_V3_HPE11.mat,11.3789376300704,6.20954907295472,-5.16938855711569,0.545705519691498,mm_per_hr
11,intensity,30,Raanana Basin 1 pixel,0,WRFrain_noPGW_HPE11.mat,WRFrain_PGW_V3_HPE11.mat,29.3115196228027,14.7807188034058,-14.530800819397,0.504263135914222,mm_per_hr
11,intensity,30,Raanana Basin 2 pixel,0,WRFrain_noPGW_HPE11.mat,WRFrain_PGW_V3_HPE11.mat,27.6797275543213,17.6932662129402,-9.98646134138107,0.639213885982703,mm_per_hr
11,intensity,30,Raanana Basin 3 pixel,0,WRFrain_noPGW_HPE11.mat,WRFrain_PGW_V3_HPE11.mat,27.0497021145291,17.7644973595937,-9.28520475493537,0.656735415583447,mm_per_hr
11,intensity,60,Raanana Basin,0,WRFrain_noPGW_HPE11.mat,WRFrain_PGW_V3_HPE11.mat,8.89365660658451,3.58642242718079,-5.30723417940372,0.403256229223596,mm_per_hr
11,intensity,60,Raanana Basin 1 pixel,0,WRFrain_noPGW_HPE11.mat,WRFrain_PGW_V3_HPE11.mat,17.6813106536865,7.52458381652832,-10.1567268371582,0.425567084019275,mm_per_hr
11,intensity,60,Raanana Basin 2 pixel,0,WRFrain_noPGW_HPE11.mat,WRFrain_PGW_V3_HPE11.mat,17.1848492622375,9.07193091139197,-8.11291835084558,0.527902850525834,mm_per_hr
11,intensity,60,Raanana Basin 3 pixel,0,WRFrain_noPGW_HPE11.mat,WRFrain_PGW_V3_HPE11.mat,15.7484620412191,9.29101163480017,-6.45745040641891,0.589963109444112,mm_per_hr
11,intensity,120,Raanana Basin,0,WRFrain_noPGW_HPE11.mat,WRFrain_PGW_V3_HPE11.mat,6.37331106670224,2.3203048625885,-4.05300620411374,0.364065842433312,mm_per_hr
11,intensity,120,Raanana Basin 1 pixel,0,WRFrain_noPGW_HPE11.mat,WRFrain_PGW_V3_HPE11.mat,10.6571807861328,4.13050484657288,-6.52667593955994,0.387579504323274,mm_per_hr
11,intensity,120,Raanana Basin 2 pixel,0,WRFrain_noPGW_HPE11.mat,WRFrain_PGW_V3_HPE11.mat,10.2766473293304,4.59592844545841,-5.68071888387203,0.447220605920886,mm_per_hr
11,intensity,120,Raanana Basin 3 pixel,0,WRFrain_noPGW_HPE11.mat,WRFrain_PGW_V3_HPE11.mat,9.32100126478407,4.67558838758204,-4.64541287720203,0.501618683954803,mm_per_hr
11,intensity,240,Raanana Basin,0,WRFrain_noPGW_HPE11.mat,WRFrain_PGW_V3_HPE11.mat,3.83192860024476,1.45478644448739,-2.37714215575737,0.379648630299235,mm_per_hr
11,intensity,240,Raanana Basin 1 pixel,0,WRFrain_noPGW_HPE11.mat,WRFrain_PGW_V3_HPE11.mat,5.51642513275146,2.31141968071461,-3.20500545203686,0.419006806961182,mm_per_hr
11,intensity,240,Raanana Basin 2 pixel,0,WRFrain_noPGW_HPE11.mat,WRFrain_PGW_V3_HPE11.mat,5.43300378322601,2.42404840048403,-3.00895538274199,0.446170939171456,mm_per_hr
11,intensity,240,Raanana Basin 3 pixel,0,WRFrain_noPGW_HPE11.mat,WRFrain_PGW_V3_HPE11.mat,5.35523115264045,2.49967624992132,-2.85555490271913,0.466772801896484,mm_per_hr
11,intensity,360,Raanana Basin,0,WRFrain_noPGW_HPE11.mat,WRFrain_PGW_V3_HPE11.mat,3.35831503658833,0.973833076036808,-2.38448196055152,0.28997668932993,mm_per_hr
11,intensity,360,Raanana Basin 1 pixel,0,WRFrain_noPGW_HPE11.mat,WRFrain_PGW_V3_HPE11.mat,4.24445915222168,1.54307369391123,-2.70138545831044,0.363550134085645,mm_per_hr
11,intensity,360,Raanana Basin 2 pixel,0,WRFrain_noPGW_HPE11.mat,WRFrain_PGW_V3_HPE11.mat,4.19586888949076,1.61791303195059,-2.57795585754017,0.38559666056366,mm_per_hr
11,intensity,360,Raanana Basin 3 pixel,0,WRFrain_noPGW_HPE11.mat,WRFrain_PGW_V3_HPE11.mat,3.94740290111966,1.66809544463952,-2.27930745648013,0.422580488089113,mm_per_hr
11,intensity,720,Raanana Basin,0,WRFrain_noPGW_HPE11.mat,WRFrain_PGW_V3_HPE11.mat,1.7795402545914,0.49030930745456,-1.28923094713684,0.275525831005795,mm_per_hr
11,intensity,720,Raanana Basin 1 pixel,0,WRFrain_noPGW_HPE11.mat,WRFrain_PGW_V3_HPE11.mat,2.14665102958679,0.773171176513036,-1.37347985307376,0.360175531959595,mm_per_hr
11,intensity,720,Raanana Basin 2 pixel,0,WRFrain_noPGW_HPE11.mat,WRFrain_PGW_V3_HPE11.mat,2.18968192736308,0.811084628105164,-1.37859729925791,0.370412075822314,mm_per_hr
11,intensity,720,Raanana Basin 3 pixel,0,WRFrain_noPGW_HPE11.mat,WRFrain_PGW_V3_HPE11.mat,2.22913218427587,0.836643781650949,-1.39248840262492,0.375322642395355,mm_per_hr
11,intensity,1440,Raanana Basin,0,WRFrain_noPGW_HPE11.mat,WRFrain_PGW_V3_HPE11.mat,0.9261180965878,0.278659239467646,-0.647458857120154,0.300889530713568,mm_per_hr
11,intensity,1440,Raanana Basin 1 pixel,0,WRFrain_noPGW_HPE11.mat,WRFrain_PGW_V3_HPE11.mat,1.15100701649984,0.434915497899055,-0.716091518600782,0.377856513178881,mm_per_hr
11,intensity,1440,Raanana Basin 2 pixel,0,WRFrain_noPGW_HPE11.mat,WRFrain_PGW_V3_HPE11.mat,1.12559397021929,0.412078122297923,-0.713515847921371,0.366098374014601,mm_per_hr
11,intensity,1440,Raanana Basin 3 pixel,0,WRFrain_noPGW_HPE11.mat,WRFrain_PGW_V3_HPE11.mat,1.14132455543235,0.430133760941249,-0.711190794491105,0.376872432029912,mm_per_hr
12,total,0,Raanana Basin,0,WRFrain_noPGW_HPE12.mat,WRFrain_PGW_V3_HPE12.mat,72.744074298624,79.088591231351,6.34451693272692,1.08721695882309,mm
12,total,0,Raanana Basin 1 pixel,0,WRFrain_noPGW_HPE12.mat,WRFrain_PGW_V3_HPE12.mat,83.0060901896795,93.8212356563163,10.8151454666367,1.13029339704982,mm
12,total,0,Raanana Basin 2 pixel,0,WRFrain_noPGW_HPE12.mat,WRFrain_PGW_V3_HPE12.mat,88.9699504089149,93.8199386612656,4.84998825235073,1.05451265545344,mm
12,total,0,Raanana Basin 3 pixel,0,WRFrain_noPGW_HPE12.mat,WRFrain_PGW_V3_HPE12.mat,90.4079066683731,93.6375732427237,3.22966657435066,1.03572327568868,mm
12,intensity,10,Raanana Basin,0,WRFrain_noPGW_HPE12.mat,WRFrain_PGW_V3_HPE12.mat,15.1590157586579,20.5862835718547,5.42726781319675,1.35802244021661,mm_per_hr
12,intensity,10,Raanana Basin 1 pixel,0,WRFrain_noPGW_HPE12.mat,WRFrain_PGW_V3_HPE12.mat,32.5049629211426,61.7159042358399,29.2109413146973,1.89866096403689,mm_per_hr
12,intensity,10,Raanana Basin 2 pixel,0,WRFrain_noPGW_HPE12.mat,WRFrain_PGW_V3_HPE12.mat,29.2961196899414,56.8685159683228,27.5723962783813,1.94116205730304,mm_per_hr
12,intensity,10,Raanana Basin 3 pixel,0,WRFrain_noPGW_HPE12.mat,WRFrain_PGW_V3_HPE12.mat,28.6526184082031,51.3484636942546,22.6958452860514,1.79210370803506,mm_per_hr
12,intensity,20,Raanana Basin,0,WRFrain_noPGW_HPE12.mat,WRFrain_PGW_V3_HPE12.mat,13.2623263122893,16.5081219564785,3.24579564418913,1.24473803220944,mm_per_hr
12,intensity,20,Raanana Basin 1 pixel,0,WRFrain_noPGW_HPE12.mat,WRFrain_PGW_V3_HPE12.mat,20.8874645233154,38.7001247406006,17.8126602172852,1.85279188373495,mm_per_hr
12,intensity,20,Raanana Basin 2 pixel,0,WRFrain_noPGW_HPE12.mat,WRFrain_PGW_V3_HPE12.mat,22.4476661682129,37.2509851455688,14.803318977356,1.65945915563901,mm_per_hr
12,intensity,20,Raanana Basin 3 pixel,0,WRFrain_noPGW_HPE12.mat,WRFrain_PGW_V3_HPE12.mat,22.7256355285645,33.7727801005046,11.0471445719401,1.48610937890184,mm_per_hr
12,intensity,30,Raanana Basin,0,WRFrain_noPGW_HPE12.mat,WRFrain_PGW_V3_HPE12.mat,11.8400040554776,11.8665132216152,0.0265091661375507,1.00223894907581,mm_per_hr
12,intensity,30,Raanana Basin 1 pixel,0,WRFrain_noPGW_HPE12.mat,WRFrain_PGW_V3_HPE12.mat,15.7805061340332,26.3601036071777,10.5795974731445,1.67042193598138,mm_per_hr
12,intensity,30,Raanana Basin 2 pixel,0,WRFrain_noPGW_HPE12.mat,WRFrain_PGW_V3_HPE12.mat,16.0168075561523,25.9027233123779,9.88591575622559,1.61722136084655,mm_per_hr
12,intensity,30,Raanana Basin 3 pixel,0,WRFrain_noPGW_HPE12.mat,WRFrain_PGW_V3_HPE12.mat,16.0569534301758,24.3037192026774,8.24676577250163,1.51359467462884,mm_per_hr
12,intensity,60,Raanana Basin,0,WRFrain_noPGW_HPE12.mat,WRFrain_PGW_V3_HPE12.mat,7.74565592081195,6.96524569233383,-0.780410228478122,0.899245430412004,mm_per_hr
12,intensity,60,Raanana Basin 1 pixel,0,WRFrain_noPGW_HPE12.mat,WRFrain_PGW_V3_HPE12.mat,9.61479187011719,14.6216335296631,5.0068416595459,1.52074363409854,mm_per_hr
12,intensity,60,Raanana Basin 2 pixel,0,WRFrain_noPGW_HPE12.mat,WRFrain_PGW_V3_HPE12.mat,10.0390405654907,14.533136844635,4.49409627914429,1.44766193042319,mm_per_hr
12,intensity,60,Raanana Basin 3 pixel,0,WRFrain_noPGW_HPE12.mat,WRFrain_PGW_V3_HPE12.mat,10.346260494656,13.8559303283691,3.50966983371311,1.3392210968906,mm_per_hr
12,intensity,120,Raanana Basin,0,WRFrain_noPGW_HPE12.mat,WRFrain_PGW_V3_HPE12.mat,6.40949829992456,5.9375216247146,-0.471976675209954,0.926362929963565,mm_per_hr
12,intensity,120,Raanana Basin 1 pixel,0,WRFrain_noPGW_HPE12.mat,WRFrain_PGW_V3_HPE12.mat,8.35843658447266,10.232518196106,1.8740816116333,1.22421437223257,mm_per_hr
12,intensity,120,Raanana Basin 2 pixel,0,WRFrain_noPGW_HPE12.mat,WRFrain_PGW_V3_HPE12.mat,8.57063579559326,10.2291091680527,1.65847337245941,1.19350645763202,mm_per_hr
12,intensity,120,Raanana Basin 3 pixel,0,WRFrain_noPGW_HPE12.mat,WRFrain_PGW_V3_HPE12.mat,8.71302117241753,9.9211475054423,1.20812633302477,1.13865756884068,mm_per_hr
12,intensity,240,Raanana Basin,0,WRFrain_noPGW_HPE12.mat,WRFrain_PGW_V3_HPE12.mat,4.75649382813971,4.20093048497054,-0.555563343169174,0.883198977389095,mm_per_hr
12,intensity,240,Raanana Basin 1 pixel,0,WRFrain_noPGW_HPE12.mat,WRFrain_PGW_V3_HPE12.mat,5.41046047210693,6.30202150344849,0.891561031341553,1.16478468624582,mm_per_hr
12,intensity,240,Raanana Basin 2 pixel,0,WRFrain_noPGW_HPE12.mat,WRFrain_PGW_V3_HPE12.mat,5.53163909912109,6.24641698598862,0.714777886867523,1.12921629087861,mm_per_hr
12,intensity,240,Raanana Basin 3 pixel,0,WRFrain_noPGW_HPE12.mat,WRFrain_PGW_V3_HPE12.mat,5.64127561781142,6.13741940922207,0.496143791410658,1.08794886565091,mm_per_hr
12,intensity,360,Raanana Basin,0,WRFrain_noPGW_HPE12.mat,WRFrain_PGW_V3_HPE12.mat,3.36505699506499,3.14402897828799,-0.221028016776998,0.93431670931543,mm_per_hr
12,intensity,360,Raanana Basin 1 pixel,0,WRFrain_noPGW_HPE12.mat,WRFrain_PGW_V3_HPE12.mat,3.82309532165527,4.68271319071452,0.859617869059245,1.22484866233653,mm_per_hr
12,intensity,360,Raanana Basin 2 pixel,0,WRFrain_noPGW_HPE12.mat,WRFrain_PGW_V3_HPE12.mat,3.88013092676799,4.70027812321981,0.820147196451822,1.21137101090941,mm_per_hr
12,intensity,360,Raanana Basin 3 pixel,0,WRFrain_noPGW_HPE12.mat,WRFrain_PGW_V3_HPE12.mat,3.99570239031756,4.65446645242196,0.658764062104401,1.16486815026583,mm_per_hr
12,intensity,720,Raanana Basin,0,WRFrain_noPGW_HPE12.mat,WRFrain_PGW_V3_HPE12.mat,2.18230511975263,2.80015434759164,0.617849227839005,1.28311770991448,mm_per_hr
12,intensity,720,Raanana Basin 1 pixel,0,WRFrain_noPGW_HPE12.mat,WRFrain_PGW_V3_HPE12.mat,2.37880198160807,3.68836919466654,1.30956721305847,1.55051543725939,mm_per_hr
12,intensity,720,Raanana Basin 2 pixel,0,WRFrain_noPGW_HPE12.mat,WRFrain_PGW_V3_HPE12.mat,2.63793277740479,3.74066120386124,1.10272842645645,1.41802749330911,mm_per_hr
12,intensity,720,Raanana Basin 3 pixel,0,WRFrain_noPGW_HPE12.mat,WRFrain_PGW_V3_HPE12.mat,2.74947814588194,3.76860866723237,1.01913052135044,1.37066325581705,mm_per_hr
12,intensity,1440,Raanana Basin,0,WRFrain_noPGW_HPE12.mat,WRFrain_PGW_V3_HPE12.mat,1.74959247108537,2.32779027045147,0.578197799366096,1.3304757015829,mm_per_hr
12,intensity,1440,Raanana Basin 1 pixel,0,WRFrain_noPGW_HPE12.mat,WRFrain_PGW_V3_HPE12.mat,2.07291483879089,2.97758380572001,0.904668966929118,1.43642360506079,mm_per_hr
12,intensity,1440,Raanana Basin 2 pixel,0,WRFrain_noPGW_HPE12.mat,WRFrain_PGW_V3_HPE12.mat,2.21888206402461,2.95284338792165,0.733961323897044,1.33077978131284,mm_per_hr
12,intensity,1440,Raanana Basin 3 pixel,0,WRFrain_noPGW_HPE12.mat,WRFrain_PGW_V3_HPE12.mat,2.23150476702937,2.91061542210755,0.679110655078181,1.30432857017027,mm_per_hr
13,total,0,Raanana Basin,0,WRFrain_noPGW_HPE13.mat,WRFrain_PGW_V3_HPE13.mat,0.625736743880844,7.08023004168951,6.45449329780866,11.315030020097,mm
13,total,0,Raanana Basin 1 pixel,0,WRFrain_noPGW_HPE13.mat,WRFrain_PGW_V3_HPE13.mat,2.74818184785545,8.89377503469223,6.14559318683678,3.23623964026708,mm
13,total,0,Raanana Basin 2 pixel,0,WRFrain_noPGW_HPE13.mat,WRFrain_PGW_V3_HPE13.mat,3.28549112472683,8.52855992060995,5.24306879588312,2.59582497618801,mm
13,total,0,Raanana Basin 3 pixel,0,WRFrain_noPGW_HPE13.mat,WRFrain_PGW_V3_HPE13.mat,3.47555860734752,8.2648359128373,4.78927730548979,2.37798778457224,mm
13,intensity,10,Raanana Basin,0,WRFrain_noPGW_HPE13.mat,WRFrain_PGW_V3_HPE13.mat,0.950288118934697,23.0831702022834,22.1328820833487,24.2907069365029,mm_per_hr
13,intensity,10,Raanana Basin 1 pixel,0,WRFrain_noPGW_HPE13.mat,WRFrain_PGW_V3_HPE13.mat,10.3883657455444,49.3290309906006,38.9406652450562,4.74848808743163,mm_per_hr
13,intensity,10,Raanana Basin 2 pixel,0,WRFrain_noPGW_HPE13.mat,WRFrain_PGW_V3_HPE13.mat,9.90517830848694,46.0279068946838,36.1227285861969,4.64685293501948,mm_per_hr
13,intensity,10,Raanana Basin 3 pixel,0,WRFrain_noPGW_HPE13.mat,WRFrain_PGW_V3_HPE13.mat,12.8670110503832,39.5236085255941,26.6565974752108,3.07170083019528,mm_per_hr
13,intensity,20,Raanana Basin,0,WRFrain_noPGW_HPE13.mat,WRFrain_PGW_V3_HPE13.mat,0.705722342280315,20.4679143963131,19.7621920540327,29.0027864644012,mm_per_hr
13,intensity,20,Raanana Basin 1 pixel,0,WRFrain_noPGW_HPE13.mat,WRFrain_PGW_V3_HPE13.mat,6.62245738506317,26.253969669342,19.6315122842789,3.9643848412762,mm_per_hr
13,intensity,20,Raanana Basin 2 pixel,0,WRFrain_noPGW_HPE13.mat,WRFrain_PGW_V3_HPE13.mat,8.28938966989517,24.9157387018204,16.6263490319252,3.00573862419662,mm_per_hr
13,intensity,20,Raanana Basin 3 pixel,0,WRFrain_noPGW_HPE13.mat,WRFrain_PGW_V3_HPE13.mat,8.88576771815618,23.5981937795877,14.7124260614316,2.65572931097105,mm_per_hr
13,intensity,30,Raanana Basin,0,WRFrain_noPGW_HPE13.mat,WRFrain_PGW_V3_HPE13.mat,0.54426808678618,13.8118335002923,13.2675654135061,25.3768939161012,mm_per_hr
13,intensity,30,Raanana Basin 1 pixel,0,WRFrain_noPGW_HPE13.mat,WRFrain_PGW_V3_HPE13.mat,4.49367785453796,17.5272283554077,13.0335505008698,3.90041941651597,mm_per_hr
13,intensity,30,Raanana Basin 2 pixel,0,WRFrain_noPGW_HPE13.mat,WRFrain_PGW_V3_HPE13.mat,5.61372917890549,16.6314413490472,11.0177121701417,2.96263692440715,mm_per_hr
13,intensity,30,Raanana Basin 3 pixel,0,WRFrain_noPGW_HPE13.mat,WRFrain_PGW_V3_HPE13.mat,6.02427958117591,16.0571691559421,10.0328895747662,2.66540902353137,mm_per_hr
13,intensity,60,Raanana Basin,0,WRFrain_noPGW_HPE13.mat,WRFrain_PGW_V3_HPE13.mat,0.504732277663279,6.96929040039223,6.46455812272895,13.8078952126015,mm_per_hr
13,intensity,60,Raanana Basin 1 pixel,0,WRFrain_noPGW_HPE13.mat,WRFrain_PGW_V3_HPE13.mat,2.67263376712799,8.76740619237535,6.09477242524736,3.28043681113735,mm_per_hr
13,intensity,60,Raanana Basin 2 pixel,0,WRFrain_noPGW_HPE13.mat,WRFrain_PGW_V3_HPE13.mat,3.19946527481079,8.3227131338208,5.12324785901001,2.60128253284855,mm_per_hr
13,intensity,60,Raanana Basin 3 pixel,0,WRFrain_noPGW_HPE13.mat,WRFrain_PGW_V3_HPE13.mat,3.3732793463601,8.04659508386006,4.67331573749996,2.38539244979597,mm_per_hr
13,intensity,120,Raanana Basin,0,WRFrain_noPGW_HPE13.mat,WRFrain_PGW_V3_HPE13.mat,0.267957272184509,3.4890507236213,3.22109345143679,13.0209219372065,mm_per_hr
13,intensity,120,Raanana Basin 1 pixel,0,WRFrain_noPGW_HPE13.mat,WRFrain_PGW_V3_HPE13.mat,1.34575061872602,4.38525472430047,3.03950410557445,3.25859387562598,mm_per_hr
13,intensity,120,Raanana Basin 2 pixel,0,WRFrain_noPGW_HPE13.mat,WRFrain_PGW_V3_HPE13.mat,1.61260251887143,4.16195797841647,2.54935545954504,2.58089512431693,mm_per_hr
13,intensity,120,Raanana Basin 3 pixel,0,WRFrain_noPGW_HPE13.mat,WRFrain_PGW_V3_HPE13.mat,1.70355549371905,4.02442857317833,2.32087307945929,2.36237010653088,mm_per_hr
13,intensity,240,Raanana Basin,0,WRFrain_noPGW_HPE13.mat,WRFrain_PGW_V3_HPE13.mat,0.137425035400937,1.74452536181065,1.60710032640971,12.6943781147372,mm_per_hr
13,intensity,240,Raanana Basin 1 pixel,0,WRFrain_noPGW_HPE13.mat,WRFrain_PGW_V3_HPE13.mat,0.67897810973227,2.19262736215023,1.51364925241796,3.2293049374078,mm_per_hr
13,intensity,240,Raanana Basin 2 pixel,0,WRFrain_noPGW_HPE13.mat,WRFrain_PGW_V3_HPE13.mat,0.811073430813849,2.08097898920823,1.26990555839438,2.56570972509867,mm_per_hr
13,intensity,240,Raanana Basin 3 pixel,0,WRFrain_noPGW_HPE13.mat,WRFrain_PGW_V3_HPE13.mat,0.855381427125798,2.01221428658917,1.15683285946337,2.35241755639994,mm_per_hr
13,intensity,360,Raanana Basin,0,WRFrain_noPGW_HPE13.mat,WRFrain_PGW_V3_HPE13.mat,0.0922578080739634,1.17897877447782,1.08672096640386,12.7791760837482,mm_per_hr
13,intensity,360,Raanana Basin 1 pixel,0,WRFrain_noPGW_HPE13.mat,WRFrain_PGW_V3_HPE13.mat,0.452694312979778,1.47875929716974,1.02606498418997,3.26657361219336,mm_per_hr
13,intensity,360,Raanana Basin 2 pixel,0,WRFrain_noPGW_HPE13.mat,WRFrain_PGW_V3_HPE13.mat,0.540730929002166,1.41829724151952,0.87756631251735,2.62292605332704,mm_per_hr
13,intensity,360,Raanana Basin 3 pixel,0,WRFrain_noPGW_HPE13.mat,WRFrain_PGW_V3_HPE13.mat,0.570273042553001,1.37338322851186,0.803110185958859,2.40829063629501,mm_per_hr
13,intensity,720,Raanana Basin,0,WRFrain_noPGW_HPE13.mat,WRFrain_PGW_V3_HPE13.mat,0.0461658599375966,0.589489868556478,0.543324008618882,12.7689567432147,mm_per_hr
13,intensity,720,Raanana Basin 1 pixel,0,WRFrain_noPGW_HPE13.mat,WRFrain_PGW_V3_HPE13.mat,0.226347156489889,0.739379648584872,0.513032492094984,3.26657361219336,mm_per_hr
13,intensity,720,Raanana Basin 2 pixel,0,WRFrain_noPGW_HPE13.mat,WRFrain_PGW_V3_HPE13.mat,0.270400029005638,0.709148620759758,0.43874859175412,2.62259077178195,mm_per_hr
13,intensity,720,Raanana Basin 3 pixel,0,WRFrain_noPGW_HPE13.mat,WRFrain_PGW_V3_HPE13.mat,0.285394202316335,0.68669161425593,0.401297411939595,2.40611620237047,mm_per_hr
13,intensity,1440,Raanana Basin,0,WRFrain_noPGW_HPE13.mat,WRFrain_PGW_V3_HPE13.mat,0.0235098072509245,0.295009585070396,0.271499777819472,12.5483625587273,mm_per_hr
13,intensity,1440,Raanana Basin 1 pixel,0,WRFrain_noPGW_HPE13.mat,WRFrain_PGW_V3_HPE13.mat,0.113332577360173,0.370573959778843,0.25724138241867,3.26979204400471,mm_per_hr
13,intensity,1440,Raanana Basin 2 pixel,0,WRFrain_noPGW_HPE13.mat,WRFrain_PGW_V3_HPE13.mat,0.135302106374487,0.355356663358748,0.220054556984261,2.62639416991187,mm_per_hr
13,intensity,1440,Raanana Basin 3 pixel,0,WRFrain_noPGW_HPE13.mat,WRFrain_PGW_V3_HPE13.mat,0.142774681555306,0.344368163034888,0.201593481479582,2.41196940020134,mm_per_hr
14,total,0,Raanana Basin,0,WRFrain_noPGW_HPE14.mat,WRFrain_PGW_V3_HPE14.mat,54.2404354150807,59.0429070008992,4.80247158581856,1.08854043204239,mm
14,total,0,Raanana Basin 1 pixel,0,WRFrain_noPGW_HPE14.mat,WRFrain_PGW_V3_HPE14.mat,69.5826568235061,68.9815139158309,-0.601142907675239,0.991360736495015,mm
14,total,0,Raanana Basin 2 pixel,0,WRFrain_noPGW_HPE14.mat,WRFrain_PGW_V3_HPE14.mat,68.6024188422653,66.2659091964081,-2.33650964585718,0.965941293539089,mm
14,total,0,Raanana Basin 3 pixel,0,WRFrain_noPGW_HPE14.mat,WRFrain_PGW_V3_HPE14.mat,67.2911041934694,63.9145147400236,-3.37658945344582,0.94982116144598,mm
14,intensity,10,Raanana Basin,0,WRFrain_noPGW_HPE14.mat,WRFrain_PGW_V3_HPE14.mat,32.176280573244,30.0904310799691,-2.08584949327487,0.935174312999703,mm_per_hr
14,intensity,10,Raanana Basin 1 pixel,0,WRFrain_noPGW_HPE14.mat,WRFrain_PGW_V3_HPE14.mat,72.7732086181641,61.5786895751953,-11.1945190429687,0.846172523439146,mm_per_hr
14,intensity,10,Raanana Basin 2 pixel,0,WRFrain_noPGW_HPE14.mat,WRFrain_PGW_V3_HPE14.mat,66.9483489990234,59.7602934837341,-7.18805551528931,0.892632818840773,mm_per_hr
14,intensity,10,Raanana Basin 3 pixel,0,WRFrain_noPGW_HPE14.mat,WRFrain_PGW_V3_HPE14.mat,55.1509424845378,50.1642367045085,-4.9867057800293,0.909580769514005,mm_per_hr
14,intensity,20,Raanana Basin,0,WRFrain_noPGW_HPE14.mat,WRFrain_PGW_V3_HPE14.mat,19.0573401436163,18.5804980748499,-0.476842068766356,0.97497856126968,mm_per_hr
14,intensity,20,Raanana Basin 1 pixel,0,WRFrain_noPGW_HPE14.mat,WRFrain_PGW_V3_HPE14.mat,41.8291282653809,38.7130250930786,-3.11610317230225,0.9255039896473,mm_per_hr
14,intensity,20,Raanana Basin 2 pixel,0,WRFrain_noPGW_HPE14.mat,WRFrain_PGW_V3_HPE14.mat,42.074031829834,35.7066768407822,-6.36735498905182,0.848663065740782,mm_per_hr
14,intensity,20,Raanana Basin 3 pixel,0,WRFrain_noPGW_HPE14.mat,WRFrain_PGW_V3_HPE14.mat,36.2108217875163,30.4601872762044,-5.75063451131185,0.841190168368551,mm_per_hr
14,intensity,30,Raanana Basin,0,WRFrain_noPGW_HPE14.mat,WRFrain_PGW_V3_HPE14.mat,13.1100956952684,12.9245906343281,-0.185505060940327,0.985850213053191,mm_per_hr
14,intensity,30,Raanana Basin 1 pixel,0,WRFrain_noPGW_HPE14.mat,WRFrain_PGW_V3_HPE14.mat,27.9503173828125,25.8205509185791,-2.1297664642334,0.923801707327193,mm_per_hr
14,intensity,30,Raanana Basin 2 pixel,0,WRFrain_noPGW_HPE14.mat,WRFrain_PGW_V3_HPE14.mat,28.1109027862549,23.8211328983307,-4.28976988792419,0.847398359257899,mm_per_hr
14,intensity,30,Raanana Basin 3 pixel,0,WRFrain_noPGW_HPE14.mat,WRFrain_PGW_V3_HPE14.mat,24.2018305460612,23.1604910956489,-1.04133945041232,0.956972698886126,mm_per_hr
14,intensity,60,Raanana Basin,0,WRFrain_noPGW_HPE14.mat,WRFrain_PGW_V3_HPE14.mat,8.29659727113,11.7871432304382,3.49054595930823,1.42072018747426,mm_per_hr
14,intensity,60,Raanana Basin 1 pixel,0,WRFrain_noPGW_HPE14.mat,WRFrain_PGW_V3_HPE14.mat,15.3951148986816,17.2029685974121,1.80785369873047,1.11743034791415,mm_per_hr
14,intensity,60,Raanana Basin 2 pixel,0,WRFrain_noPGW_HPE14.mat,WRFrain_PGW_V3_HPE14.mat,15.3657312393188,15.7006921768188,0.3349609375,1.0217992188125,mm_per_hr
14,intensity,60,Raanana Basin 3 pixel,0,WRFrain_noPGW_HPE14.mat,WRFrain_PGW_V3_HPE14.mat,13.2974904378255,14.6946038140191,1.39711337619358,1.10506594328652,mm_per_hr
14,intensity,120,Raanana Basin,0,WRFrain_noPGW_HPE14.mat,WRFrain_PGW_V3_HPE14.mat,5.3810571506853,7.3764754141386,1.9954182634533,1.37082272266876,mm_per_hr
14,intensity,120,Raanana Basin 1 pixel,0,WRFrain_noPGW_HPE14.mat,WRFrain_PGW_V3_HPE14.mat,8.1799201965332,10.4232368469238,2.24331665039062,1.27424676482069,mm_per_hr
14,intensity,120,Raanana Basin 2 pixel,0,WRFrain_noPGW_HPE14.mat,WRFrain_PGW_V3_HPE14.mat,8.16142463684082,10.2768754959106,2.11545085906982,1.25920117543212,mm_per_hr
14,intensity,120,Raanana Basin 3 pixel,0,WRFrain_noPGW_HPE14.mat,WRFrain_PGW_V3_HPE14.mat,7.12512673272027,9.37289555867513,2.24776882595486,1.31547071515691,mm_per_hr
14,intensity,240,Raanana Basin,0,WRFrain_noPGW_HPE14.mat,WRFrain_PGW_V3_HPE14.mat,3.41909428548103,4.03739017621851,0.618295890737477,1.18083616277066,mm_per_hr
14,intensity,240,Raanana Basin 1 pixel,0,WRFrain_noPGW_HPE14.mat,WRFrain_PGW_V3_HPE14.mat,4.43834114074707,5.66905212402344,1.23071098327637,1.27729075892287,mm_per_hr
14,intensity,240,Raanana Basin 2 pixel,0,WRFrain_noPGW_HPE14.mat,WRFrain_PGW_V3_HPE14.mat,4.41238689422607,5.59900903701782,1.18662214279175,1.26892975870827,mm_per_hr
14,intensity,240,Raanana Basin 3 pixel,0,WRFrain_noPGW_HPE14.mat,WRFrain_PGW_V3_HPE14.mat,4.27654201785723,5.17766364415487,0.901121626297632,1.21071267920083,mm_per_hr
14,intensity,360,Raanana Basin,0,WRFrain_noPGW_HPE14.mat,WRFrain_PGW_V3_HPE14.mat,2.31267191451179,2.75836323732617,0.445691322814382,1.19271705598088,mm_per_hr
14,intensity,360,Raanana Basin 1 pixel,0,WRFrain_noPGW_HPE14.mat,WRFrain_PGW_V3_HPE14.mat,3.22444852193197,3.9664363861084,0.741987864176432,1.2301131058938,mm_per_hr
14,intensity,360,Raanana Basin 2 pixel,0,WRFrain_noPGW_HPE14.mat,WRFrain_PGW_V3_HPE14.mat,3.20219612121582,3.82568724950155,0.623491128285726,1.19470735229327,mm_per_hr
14,intensity,360,Raanana Basin 3 pixel,0,WRFrain_noPGW_HPE14.mat,WRFrain_PGW_V3_HPE14.mat,2.93920726025546,3.56604936387804,0.626842103622578,1.21326910561867,mm_per_hr
14,intensity,720,Raanana Basin,0,WRFrain_noPGW_HPE14.mat,WRFrain_PGW_V3_HPE14.mat,1.59194274315885,1.84165736598468,0.249714622825828,1.15686156044176,mm_per_hr
14,intensity,720,Raanana Basin 1 pixel,0,WRFrain_noPGW_HPE14.mat,WRFrain_PGW_V3_HPE14.mat,2.1251646677653,2.26467009385427,0.139505426088969,1.06564452543608,mm_per_hr
14,intensity,720,Raanana Basin 2 pixel,0,WRFrain_noPGW_HPE14.mat,WRFrain_PGW_V3_HPE14.mat,2.060187180837,2.30164234836896,0.241455167531968,1.11720059700297,mm_per_hr
14,intensity,720,Raanana Basin 3 pixel,0,WRFrain_noPGW_HPE14.mat,WRFrain_PGW_V3_HPE14.mat,1.92694092459149,2.34881207678053,0.421871152189043,1.21893310106457,mm_per_hr
14,intensity,1440,Raanana Basin,0,WRFrain_noPGW_HPE14.mat,WRFrain_PGW_V3_HPE14.mat,1.21177632994668,1.17908366686249,-0.0326926630841924,0.973020876645089,mm_per_hr
14,intensity,1440,Raanana Basin 1 pixel,0,WRFrain_noPGW_HPE14.mat,WRFrain_PGW_V3_HPE14.mat,1.5673378573944,1.48704051971436,-0.0802973376800462,0.948768328856973,mm_per_hr
14,intensity,1440,Raanana Basin 2 pixel,0,WRFrain_noPGW_HPE14.mat,WRFrain_PGW_V3_HPE14.mat,1.57714179712517,1.50933476289113,-0.0678070342340411,0.957006380556498,mm_per_hr
14,intensity,1440,Raanana Basin 3 pixel,0,WRFrain_noPGW_HPE14.mat,WRFrain_PGW_V3_HPE14.mat,1.57436060595258,1.48044433417144,-0.0939162717811457,0.94034640385052,mm_per_hr
15,total,0,Raanana Basin,0,WRFrain_noPGW_HPE15.mat,WRFrain_PGW_V3_HPE15.mat,29.7686598632889,29.6082342617151,-0.160425601573806,0.994610922953517,mm
15,total,0,Raanana Basin 1 pixel,0,WRFrain_noPGW_HPE15.mat,WRFrain_PGW_V3_HPE15.mat,37.203287165612,37.7891279563773,0.58584079076536,1.01574701687401,mm
15,total,0,Raanana Basin 2 pixel,0,WRFrain_noPGW_HPE15.mat,WRFrain_PGW_V3_HPE15.mat,38.3519243029878,37.6820793011575,-0.669845001830254,0.982534253130603,mm
15,total,0,Raanana Basin 3 pixel,0,WRFrain_noPGW_HPE15.mat,WRFrain_PGW_V3_HPE15.mat,39.5121914731959,36.9289069793691,-2.5832844938268,0.934620571587905,mm
15,intensity,10,Raanana Basin,0,WRFrain_noPGW_HPE15.mat,WRFrain_PGW_V3_HPE15.mat,18.9399425860109,12.2258061813337,-6.71413640467724,0.645503867068936,mm_per_hr
15,intensity,10,Raanana Basin 1 pixel,0,WRFrain_noPGW_HPE15.mat,WRFrain_PGW_V3_HPE15.mat,29.3454236984253,35.2977333068848,5.95230960845947,1.20283604249949,mm_per_hr
15,intensity,10,Raanana Basin 2 pixel,0,WRFrain_noPGW_HPE15.mat,WRFrain_PGW_V3_HPE15.mat,29.7239284515381,33.1228809356689,3.39895248413086,1.11435071544034,mm_per_hr
15,intensity,10,Raanana Basin 3 pixel,0,WRFrain_noPGW_HPE15.mat,WRFrain_PGW_V3_HPE15.mat,31.1063168843587,28.1686267852783,-2.9376900990804,0.905559693550297,mm_per_hr
15,intensity,20,Raanana Basin,0,WRFrain_noPGW_HPE15.mat,WRFrain_PGW_V3_HPE15.mat,10.1570805497971,7.59747897457553,-2.55960157522158,0.747998299051325,mm_per_hr
15,intensity,20,Raanana Basin 1 pixel,0,WRFrain_noPGW_HPE15.mat,WRFrain_PGW_V3_HPE15.mat,14.8995609283447,18.4149570465088,3.51539611816406,1.23593957802316,mm_per_hr
15,intensity,20,Raanana Basin 2 pixel,0,WRFrain_noPGW_HPE15.mat,WRFrain_PGW_V3_HPE15.mat,17.8196783065796,17.1571884155273,-0.662489891052246,0.962822567295862,mm_per_hr
15,intensity,20,Raanana Basin 3 pixel,0,WRFrain_noPGW_HPE15.mat,WRFrain_PGW_V3_HPE15.mat,20.3588676452637,14.965833346049,-5.39303429921468,0.735101460789283,mm_per_hr
15,intensity,30,Raanana Basin,0,WRFrain_noPGW_HPE15.mat,WRFrain_PGW_V3_HPE15.mat,6.79609384101474,6.61407503962143,-0.182018801393308,0.97321714419321,mm_per_hr
15,intensity,30,Raanana Basin 1 pixel,0,WRFrain_noPGW_HPE15.mat,WRFrain_PGW_V3_HPE15.mat,11.6446075439453,12.3510303497314,0.706422805786133,1.06066523093373,mm_per_hr
15,intensity,30,Raanana Basin 2 pixel,0,WRFrain_noPGW_HPE15.mat,WRFrain_PGW_V3_HPE15.mat,13.3425893783569,11.503532409668,-1.83905696868896,0.862166411890625,mm_per_hr
15,intensity,30,Raanana Basin 3 pixel,0,WRFrain_noPGW_HPE15.mat,WRFrain_PGW_V3_HPE15.mat,14.1108406914605,10.0463733673096,-4.06446732415093,0.711961362684036,mm_per_hr
15,intensity,60,Raanana Basin,0,WRFrain_noPGW_HPE15.mat,WRFrain_PGW_V3_HPE15.mat,4.320187326509,4.82674621414615,0.506558887637148,1.11725391733105,mm_per_hr
15,intensity,60,Raanana Basin 1 pixel,0,WRFrain_noPGW_HPE15.mat,WRFrain_PGW_V3_HPE15.mat,6.36926937103271,8.41858959197998,2.04932022094727,1.32175122475861,mm_per_hr
15,intensity,60,Raanana Basin 2 pixel,0,WRFrain_noPGW_HPE15.mat,WRFrain_PGW_V3_HPE15.mat,7.04677391052246,8.23332297801971,1.18654906749725,1.16838188404561,mm_per_hr
15,intensity,60,Raanana Basin 3 pixel,0,WRFrain_noPGW_HPE15.mat,WRFrain_PGW_V3_HPE15.mat,7.72819370693631,7.06222677230835,-0.665966934627956,0.913826314416753,mm_per_hr
15,intensity,120,Raanana Basin,0,WRFrain_noPGW_HPE15.mat,WRFrain_PGW_V3_HPE15.mat,3.5323827162058,2.87111983329151,-0.661262882914289,0.812799762641641,mm_per_hr
15,intensity,120,Raanana Basin 1 pixel,0,WRFrain_noPGW_HPE15.mat,WRFrain_PGW_V3_HPE15.mat,4.66938018798828,4.91900360584259,0.249623417854309,1.05345964727748,mm_per_hr
15,intensity,120,Raanana Basin 2 pixel,0,WRFrain_noPGW_HPE15.mat,WRFrain_PGW_V3_HPE15.mat,4.93423497676849,4.78360560536385,-0.150629371404648,0.969472598667505,mm_per_hr
15,intensity,120,Raanana Basin 3 pixel,0,WRFrain_noPGW_HPE15.mat,WRFrain_PGW_V3_HPE15.mat,5.46444522009956,4.39461787541707,-1.06982734468248,0.804220318515154,mm_per_hr
15,intensity,240,Raanana Basin,0,WRFrain_noPGW_HPE15.mat,WRFrain_PGW_V3_HPE15.mat,2.77978845832864,1.84906543786623,-0.930723020462407,0.665182068918291,mm_per_hr
15,intensity,240,Raanana Basin 1 pixel,0,WRFrain_noPGW_HPE15.mat,WRFrain_PGW_V3_HPE15.mat,3.461181640625,3.28816241025925,-0.173019230365753,0.950011513890236,mm_per_hr
15,intensity,240,Raanana Basin 2 pixel,0,WRFrain_noPGW_HPE15.mat,WRFrain_PGW_V3_HPE15.mat,3.5077902674675,3.1327733322978,-0.375016935169697,0.89309026293626,mm_per_hr
15,intensity,240,Raanana Basin 3 pixel,0,WRFrain_noPGW_HPE15.mat,WRFrain_PGW_V3_HPE15.mat,3.48404211468167,2.83911631835832,-0.644925796323352,0.81489150386396,mm_per_hr
15,intensity,360,Raanana Basin,0,WRFrain_noPGW_HPE15.mat,WRFrain_PGW_V3_HPE15.mat,1.90057135332092,1.62768986842974,-0.27288148489118,0.856421341711603,mm_per_hr
15,intensity,360,Raanana Basin 1 pixel,0,WRFrain_noPGW_HPE15.mat,WRFrain_PGW_V3_HPE15.mat,2.32400941848755,2.56556681791941,0.241557399431864,1.10393993996335,mm_per_hr
15,intensity,360,Raanana Basin 2 pixel,0,WRFrain_noPGW_HPE15.mat,WRFrain_PGW_V3_HPE15.mat,2.35801998774211,2.36737839877605,0.00935841103394841,1.00396875814565,mm_per_hr
15,intensity,360,Raanana Basin 3 pixel,0,WRFrain_noPGW_HPE15.mat,WRFrain_PGW_V3_HPE15.mat,2.35345051023695,2.24812360383846,-0.105326906398491,0.955245752591634,mm_per_hr
15,intensity,720,Raanana Basin,0,WRFrain_noPGW_HPE15.mat,WRFrain_PGW_V3_HPE15.mat,1.51691661386623,1.20734163516181,-0.309574978704425,0.795918262167755,mm_per_hr
15,intensity,720,Raanana Basin 1 pixel,0,WRFrain_noPGW_HPE15.mat,WRFrain_PGW_V3_HPE15.mat,1.98138006528219,1.69282958035668,-0.288550484925508,0.854368937095159,mm_per_hr
15,intensity,720,Raanana Basin 2 pixel,0,WRFrain_noPGW_HPE15.mat,WRFrain_PGW_V3_HPE15.mat,2.00567263364792,1.63945560374608,-0.366217029901842,0.817409369925058,mm_per_hr
15,intensity,720,Raanana Basin 3 pixel,0,WRFrain_noPGW_HPE15.mat,WRFrain_PGW_V3_HPE15.mat,2.10129306161845,1.60055281704775,-0.500740244570705,0.761698996814358,mm_per_hr
15,intensity,1440,Raanana Basin,0,WRFrain_noPGW_HPE15.mat,WRFrain_PGW_V3_HPE15.mat,1.05291183843019,1.01985239635378,-0.0330594420764108,0.968601889664666,mm_per_hr
15,intensity,1440,Raanana Basin 1 pixel,0,WRFrain_noPGW_HPE15.mat,WRFrain_PGW_V3_HPE15.mat,1.36376633370916,1.27471952140331,-0.0890468123058479,0.934705227644343,mm_per_hr
15,intensity,1440,Raanana Basin 2 pixel,0,WRFrain_noPGW_HPE15.mat,WRFrain_PGW_V3_HPE15.mat,1.38613619244037,1.25902354220549,-0.127112650234873,0.908297142136456,mm_per_hr
15,intensity,1440,Raanana Basin 3 pixel,0,WRFrain_noPGW_HPE15.mat,WRFrain_PGW_V3_HPE15.mat,1.4122109801543,1.24758758423505,-0.164623395919248,0.883428610715616,mm_per_hr
16,total,0,Raanana Basin,0,WRFrain_noPGW_HPE16.mat,WRFrain_PGW_V3_HPE16.mat,58.9834397773974,49.7657007451304,-9.21773903226696,0.843723271022264,mm
16,total,0,Raanana Basin 1 pixel,0,WRFrain_noPGW_HPE16.mat,WRFrain_PGW_V3_HPE16.mat,71.8830184871895,64.7475888472545,-7.13542963993496,0.900735531282585,mm
16,total,0,Raanana Basin 2 pixel,0,WRFrain_noPGW_HPE16.mat,WRFrain_PGW_V3_HPE16.mat,71.9678955088466,61.5630691395854,-10.4048263692612,0.855424056856266,mm
16,total,0,Raanana Basin 3 pixel,0,WRFrain_noPGW_HPE16.mat,WRFrain_PGW_V3_HPE16.mat,71.9592263996363,58.4138512275674,-13.5453751720688,0.811763190770804,mm
16,intensity,10,Raanana Basin,0,WRFrain_noPGW_HPE16.mat,WRFrain_PGW_V3_HPE16.mat,29.7911864575174,31.5831414502243,1.79195499270687,1.06015050777727,mm_per_hr
16,intensity,10,Raanana Basin 1 pixel,0,WRFrain_noPGW_HPE16.mat,WRFrain_PGW_V3_HPE16.mat,66.1502494812012,83.3183212280273,17.1680717468262,1.25953147390177,mm_per_hr
16,intensity,10,Raanana Basin 2 pixel,0,WRFrain_noPGW_HPE16.mat,WRFrain_PGW_V3_HPE16.mat,68.4875078201294,70.013503074646,1.5259952545166,1.02228136638472,mm_per_hr
16,intensity,10,Raanana Basin 3 pixel,0,WRFrain_noPGW_HPE16.mat,WRFrain_PGW_V3_HPE16.mat,57.8923619588216,59.5764605204264,1.68409856160481,1.02909016845439,mm_per_hr
16,intensity,20,Raanana Basin,0,WRFrain_noPGW_HPE16.mat,WRFrain_PGW_V3_HPE16.mat,20.0855218111348,29.386921365433,9.30139955429822,1.46308976394837,mm_per_hr
16,intensity,20,Raanana Basin 1 pixel,0,WRFrain_noPGW_HPE16.mat,WRFrain_PGW_V3_HPE16.mat,42.682502746582,60.5055770874023,17.8230743408203,1.41757331913362,mm_per_hr
16,intensity,20,Raanana Basin 2 pixel,0,WRFrain_noPGW_HPE16.mat,WRFrain_PGW_V3_HPE16.mat,47.8078951835632,53.9086203575134,6.1007251739502,1.12760915640661,mm_per_hr
16,intensity,20,Raanana Basin 3 pixel,0,WRFrain_noPGW_HPE16.mat,WRFrain_PGW_V3_HPE16.mat,47.0968316396077,44.5355914433797,-2.56124019622803,0.945617569015533,mm_per_hr
16,intensity,30,Raanana Basin,0,WRFrain_noPGW_HPE16.mat,WRFrain_PGW_V3_HPE16.mat,15.7673398019004,22.3612447039087,6.59390490200826,1.41820021543606,mm_per_hr
16,intensity,30,Raanana Basin 1 pixel,0,WRFrain_noPGW_HPE16.mat,WRFrain_PGW_V3_HPE16.mat,28.8743286132812,47.7592906951904,18.8849620819092,1.65403986824555,mm_per_hr
16,intensity,30,Raanana Basin 2 pixel,0,WRFrain_noPGW_HPE16.mat,WRFrain_PGW_V3_HPE16.mat,32.8052806854248,40.7115058898926,7.90622520446777,1.24100465044887,mm_per_hr
16,intensity,30,Raanana Basin 3 pixel,0,WRFrain_noPGW_HPE16.mat,WRFrain_PGW_V3_HPE16.mat,32.7255677117242,36.9670514000787,4.24148368835449,1.12960764273724,mm_per_hr
16,intensity,60,Raanana Basin,0,WRFrain_noPGW_HPE16.mat,WRFrain_PGW_V3_HPE16.mat,11.755299527163,12.8068903626343,1.05159083547124,1.08945674527827,mm_per_hr
16,intensity,60,Raanana Basin 1 pixel,0,WRFrain_noPGW_HPE16.mat,WRFrain_PGW_V3_HPE16.mat,15.223913192749,24.1601915359497,8.93627834320068,1.58698957554861,mm_per_hr
16,intensity,60,Raanana Basin 2 pixel,0,WRFrain_noPGW_HPE16.mat,WRFrain_PGW_V3_HPE16.mat,16.6816296577454,20.7763187885284,4.09468913078308,1.24546097802153,mm_per_hr
16,intensity,60,Raanana Basin 3 pixel,0,WRFrain_noPGW_HPE16.mat,WRFrain_PGW_V3_HPE16.mat,16.7048094007704,18.9180991914537,2.21328979068332,1.13249416605623,mm_per_hr
16,intensity,120,Raanana Basin,0,WRFrain_noPGW_HPE16.mat,WRFrain_PGW_V3_HPE16.mat,6.22564132348124,10.1600160241874,3.93437470070621,1.63196295711205,mm_per_hr
16,intensity,120,Raanana Basin 1 pixel,0,WRFrain_noPGW_HPE16.mat,WRFrain_PGW_V3_HPE16.mat,7.99493408203125,16.4154281616211,8.42049407958984,2.05322870622724,mm_per_hr
16,intensity,120,Raanana Basin 2 pixel,0,WRFrain_noPGW_HPE16.mat,WRFrain_PGW_V3_HPE16.mat,9.14844822883606,14.4868803024292,5.33843207359314,1.58353416230376,mm_per_hr
16,intensity,120,Raanana Basin 3 pixel,0,WRFrain_noPGW_HPE16.mat,WRFrain_PGW_V3_HPE16.mat,9.53451813591851,13.6378851996528,4.10336706373427,1.43036963223931,mm_per_hr
16,intensity,240,Raanana Basin,0,WRFrain_noPGW_HPE16.mat,WRFrain_PGW_V3_HPE16.mat,5.04675876919099,6.43071683820886,1.38395806901787,1.27422710938088,mm_per_hr
16,intensity,240,Raanana Basin 1 pixel,0,WRFrain_noPGW_HPE16.mat,WRFrain_PGW_V3_HPE16.mat,6.86288404464722,9.23651647567749,2.37363243103027,1.34586515167506,mm_per_hr
16,intensity,240,Raanana Basin 2 pixel,0,WRFrain_noPGW_HPE16.mat,WRFrain_PGW_V3_HPE16.mat,7.00466895103455,8.49641716480255,1.49174821376801,1.21296484162148,mm_per_hr
16,intensity,240,Raanana Basin 3 pixel,0,WRFrain_noPGW_HPE16.mat,WRFrain_PGW_V3_HPE16.mat,6.85039843453301,7.77595872349209,0.92556028895908,1.13511043157626,mm_per_hr
16,intensity,360,Raanana Basin,0,WRFrain_noPGW_HPE16.mat,WRFrain_PGW_V3_HPE16.mat,4.85553849523531,4.60290180683883,-0.252636688396476,0.947969377929063,mm_per_hr
16,intensity,360,Raanana Basin 1 pixel,0,WRFrain_noPGW_HPE16.mat,WRFrain_PGW_V3_HPE16.mat,5.48745632171631,6.27536725997925,0.787910938262939,1.14358400177963,mm_per_hr
16,intensity,360,Raanana Basin 2 pixel,0,WRFrain_noPGW_HPE16.mat,WRFrain_PGW_V3_HPE16.mat,5.3829184571902,5.9338458776474,0.550927420457203,1.10234734648847,mm_per_hr
16,intensity,360,Raanana Basin 3 pixel,0,WRFrain_noPGW_HPE16.mat,WRFrain_PGW_V3_HPE16.mat,5.58654756899233,5.37769118061772,-0.208856388374612,0.96261440795137,mm_per_hr
16,intensity,720,Raanana Basin,0,WRFrain_noPGW_HPE16.mat,WRFrain_PGW_V3_HPE16.mat,2.92750512965825,2.87162768387293,-0.0558774457853226,0.980912946925615,mm_per_hr
16,intensity,720,Raanana Basin 1 pixel,0,WRFrain_noPGW_HPE16.mat,WRFrain_PGW_V3_HPE16.mat,3.5489087899526,3.91325372457504,0.364344934622447,1.10266393310923,mm_per_hr
16,intensity,720,Raanana Basin 2 pixel,0,WRFrain_noPGW_HPE16.mat,WRFrain_PGW_V3_HPE16.mat,3.65811018149058,3.79973777631919,0.141627594828606,1.03871605495789,mm_per_hr
16,intensity,720,Raanana Basin 3 pixel,0,WRFrain_noPGW_HPE16.mat,WRFrain_PGW_V3_HPE16.mat,3.68265484880518,3.51134451451125,-0.17131033429393,0.953481838150129,mm_per_hr
16,intensity,1440,Raanana Basin,0,WRFrain_noPGW_HPE16.mat,WRFrain_PGW_V3_HPE16.mat,2.30182381259319,1.86912261198734,-0.432701200605849,0.812018105713149,mm_per_hr
16,intensity,1440,Raanana Basin 1 pixel,0,WRFrain_noPGW_HPE16.mat,WRFrain_PGW_V3_HPE16.mat,2.89598701894283,2.37865682691336,-0.517330192029476,0.821363083243956,mm_per_hr
16,intensity,1440,Raanana Basin 2 pixel,0,WRFrain_noPGW_HPE16.mat,WRFrain_PGW_V3_HPE16.mat,2.8981319066758,2.30560822769379,-0.59252367898201,0.795549789291115,mm_per_hr
16,intensity,1440,Raanana Basin 3 pixel,0,WRFrain_noPGW_HPE16.mat,WRFrain_PGW_V3_HPE16.mat,2.90795672815983,2.18475284313576,-0.723203885024069,0.751301703350409,mm_per_hr
17,total,0,Raanana Basin,0,WRFrain_noPGW_HPE17.mat,WRFrain_PGW_V3_HPE17.mat,43.189252785624,25.0612123926916,-18.1280403929324,0.580265014472153,mm
17,total,0,Raanana Basin 1 pixel,0,WRFrain_noPGW_HPE17.mat,WRFrain_PGW_V3_HPE17.mat,49.9467620848445,33.8430976850213,-16.1036643998232,0.677583416268949,mm
17,total,0,Raanana Basin 2 pixel,0,WRFrain_noPGW_HPE17.mat,WRFrain_PGW_V3_HPE17.mat,49.4673738479614,34.6437197008781,-14.8236541470833,0.700334725820619,mm
17,total,0,Raanana Basin 3 pixel,0,WRFrain_noPGW_HPE17.mat,WRFrain_PGW_V3_HPE17.mat,51.7135734825537,33.8443122624061,-17.8692612201477,0.654457040641833,mm
17,intensity,10,Raanana Basin,0,WRFrain_noPGW_HPE17.mat,WRFrain_PGW_V3_HPE17.mat,26.6260948569797,15.9776728014961,-10.6484220554836,0.600075710963966,mm_per_hr
17,intensity,10,Raanana Basin 1 pixel,0,WRFrain_noPGW_HPE17.mat,WRFrain_PGW_V3_HPE17.mat,40.7366523742676,39.0758743286133,-1.6607780456543,0.959231356803796,mm_per_hr
17,intensity,10,Raanana Basin 2 pixel,0,WRFrain_noPGW_HPE17.mat,WRFrain_PGW_V3_HPE17.mat,41.6869812011719,33.0015420913696,-8.68543910980225,0.791651041655228,mm_per_hr
17,intensity,10,Raanana Basin 3 pixel,0,WRFrain_noPGW_HPE17.mat,WRFrain_PGW_V3_HPE17.mat,48.9631360371908,29.2241992950439,-19.7389367421468,0.596861264622557,mm_per_hr
17,intensity,20,Raanana Basin,0,WRFrain_noPGW_HPE17.mat,WRFrain_PGW_V3_HPE17.mat,19.279440077121,12.7914650970866,-6.48797498003442,0.663477001713668,mm_per_hr
17,intensity,20,Raanana Basin 1 pixel,0,WRFrain_noPGW_HPE17.mat,WRFrain_PGW_V3_HPE17.mat,26.6032733917236,26.0393486022949,-0.563924789428711,0.978802428516028,mm_per_hr
17,intensity,20,Raanana Basin 2 pixel,0,WRFrain_noPGW_HPE17.mat,WRFrain_PGW_V3_HPE17.mat,30.0156054496765,22.2172214984894,-7.79838395118713,0.740189017201011,mm_per_hr
17,intensity,20,Raanana Basin 3 pixel,0,WRFrain_noPGW_HPE17.mat,WRFrain_PGW_V3_HPE17.mat,33.4300429026286,19.8064937591553,-13.6235491434733,0.592475870187947,mm_per_hr
17,intensity,30,Raanana Basin,0,WRFrain_noPGW_HPE17.mat,WRFrain_PGW_V3_HPE17.mat,14.3837762297508,9.31752622314382,-5.06625000660696,0.647780254247271,mm_per_hr
17,intensity,30,Raanana Basin 1 pixel,0,WRFrain_noPGW_HPE17.mat,WRFrain_PGW_V3_HPE17.mat,19.5502891540527,17.5498180389404,-2.0004711151123,0.897675625186464,mm_per_hr
17,intensity,30,Raanana Basin 2 pixel,0,WRFrain_noPGW_HPE17.mat,WRFrain_PGW_V3_HPE17.mat,22.1929330825806,15.5250153541565,-6.66791772842407,0.699547702702813,mm_per_hr
17,intensity,30,Raanana Basin 3 pixel,0,WRFrain_noPGW_HPE17.mat,WRFrain_PGW_V3_HPE17.mat,24.6218037075467,14.5086148579915,-10.1131888495551,0.589258814273814,mm_per_hr
17,intensity,60,Raanana Basin,0,WRFrain_noPGW_HPE17.mat,WRFrain_PGW_V3_HPE17.mat,8.9769136105959,5.55199788300595,-3.42491572758995,0.618475137875077,mm_per_hr
17,intensity,60,Raanana Basin 1 pixel,0,WRFrain_noPGW_HPE17.mat,WRFrain_PGW_V3_HPE17.mat,12.8178730010986,9.06498622894287,-3.75288677215576,0.707214545515149,mm_per_hr
17,intensity,60,Raanana Basin 2 pixel,0,WRFrain_noPGW_HPE17.mat,WRFrain_PGW_V3_HPE17.mat,13.685574054718,8.1579282283783,-5.52764582633972,0.596096897050942,mm_per_hr
17,intensity,60,Raanana Basin 3 pixel,0,WRFrain_noPGW_HPE17.mat,WRFrain_PGW_V3_HPE17.mat,14.474404864841,7.46247980329726,-7.01192506154378,0.515563843417421,mm_per_hr
17,intensity,120,Raanana Basin,0,WRFrain_noPGW_HPE17.mat,WRFrain_PGW_V3_HPE17.mat,4.86765372192598,3.04019945822539,-1.82745426370059,0.624571843418328,mm_per_hr
17,intensity,120,Raanana Basin 1 pixel,0,WRFrain_noPGW_HPE17.mat,WRFrain_PGW_V3_HPE17.mat,6.73062992095947,4.8832483291626,-1.84738159179688,0.725526196880317,mm_per_hr
17,intensity,120,Raanana Basin 2 pixel,0,WRFrain_noPGW_HPE17.mat,WRFrain_PGW_V3_HPE17.mat,7.20753479003906,4.89000105857849,-2.31753373146057,0.678456809578853,mm_per_hr
17,intensity,120,Raanana Basin 3 pixel,0,WRFrain_noPGW_HPE17.mat,WRFrain_PGW_V3_HPE17.mat,7.57605107625325,5.11803478664822,-2.45801628960503,0.675554419464045,mm_per_hr
17,intensity,240,Raanana Basin,0,WRFrain_noPGW_HPE17.mat,WRFrain_PGW_V3_HPE17.mat,2.64777364289873,2.32083798347035,-0.326935659428375,0.876524316833046,mm_per_hr
17,intensity,240,Raanana Basin 1 pixel,0,WRFrain_noPGW_HPE17.mat,WRFrain_PGW_V3_HPE17.mat,4.5563098192215,4.09871125221252,-0.457598567008972,0.899568162577856,mm_per_hr
17,intensity,240,Raanana Basin 2 pixel,0,WRFrain_noPGW_HPE17.mat,WRFrain_PGW_V3_HPE17.mat,4.28685930371284,4.45195722579956,0.165097922086716,1.03851255905313,mm_per_hr
17,intensity,240,Raanana Basin 3 pixel,0,WRFrain_noPGW_HPE17.mat,WRFrain_PGW_V3_HPE17.mat,4.23432205782996,4.40843380822076,0.174111750390795,1.04111915626938,mm_per_hr
17,intensity,360,Raanana Basin,0,WRFrain_noPGW_HPE17.mat,WRFrain_PGW_V3_HPE17.mat,2.32565911436529,1.76169144767828,-0.563967666687013,0.757502007407939,mm_per_hr
17,intensity,360,Raanana Basin 1 pixel,0,WRFrain_noPGW_HPE17.mat,WRFrain_PGW_V3_HPE17.mat,3.51480333010356,2.80595048268636,-0.708852847417195,0.798323609931168,mm_per_hr
17,intensity,360,Raanana Basin 2 pixel,0,WRFrain_noPGW_HPE17.mat,WRFrain_PGW_V3_HPE17.mat,3.38270070155462,3.02843052148819,-0.354270180066427,0.895270019040227,mm_per_hr
17,intensity,360,Raanana Basin 3 pixel,0,WRFrain_noPGW_HPE17.mat,WRFrain_PGW_V3_HPE17.mat,3.388652616077,3.00341344762731,-0.385239168449685,0.886314942221587,mm_per_hr
17,intensity,720,Raanana Basin,0,WRFrain_noPGW_HPE17.mat,WRFrain_PGW_V3_HPE17.mat,1.72401824199605,1.2577194370633,-0.466298804932752,0.729527917063757,mm_per_hr
17,intensity,720,Raanana Basin 1 pixel,0,WRFrain_noPGW_HPE17.mat,WRFrain_PGW_V3_HPE17.mat,2.31799852848053,1.9561136563619,-0.361884872118632,0.843880456491985,mm_per_hr
17,intensity,720,Raanana Basin 2 pixel,0,WRFrain_noPGW_HPE17.mat,WRFrain_PGW_V3_HPE17.mat,2.26219535867373,2.03711277246475,-0.225082586208979,0.900502586858396,mm_per_hr
17,intensity,720,Raanana Basin 3 pixel,0,WRFrain_noPGW_HPE17.mat,WRFrain_PGW_V3_HPE17.mat,2.27994659653416,2.04313845987673,-0.236808136657433,0.896134349367036,mm_per_hr
17,intensity,1440,Raanana Basin,0,WRFrain_noPGW_HPE17.mat,WRFrain_PGW_V3_HPE17.mat,1.46182733678425,0.791404945746671,-0.670422391037582,0.54138058978129,mm_per_hr
17,intensity,1440,Raanana Basin 1 pixel,0,WRFrain_noPGW_HPE17.mat,WRFrain_PGW_V3_HPE17.mat,1.74910606940587,1.05502454439799,-0.694081525007884,0.603179282750048,mm_per_hr
17,intensity,1440,Raanana Basin 2 pixel,0,WRFrain_noPGW_HPE17.mat,WRFrain_PGW_V3_HPE17.mat,1.72652226189772,1.09295032421748,-0.633571937680244,0.633035755366486,mm_per_hr
17,intensity,1440,Raanana Basin 3 pixel,0,WRFrain_noPGW_HPE17.mat,WRFrain_PGW_V3_HPE17.mat,1.80362730776822,1.10435082294323,-0.699276484824993,0.612294357147283,mm_per_hr
18,total,0,Raanana Basin,0,WRFrain_noPGW_HPE18.mat,WRFrain_PGW_V3_HPE18.mat,9.29226516331999,0.768824760816688,-8.5234404025033,0.0827381426706939,mm
18,total,0,Raanana Basin 1 pixel,0,WRFrain_noPGW_HPE18.mat,WRFrain_PGW_V3_HPE18.mat,9.9579906463623,2.59123468399048,-7.36675596237183,0.260216621606997,mm
18,total,0,Raanana Basin 2 pixel,0,WRFrain_noPGW_HPE18.mat,WRFrain_PGW_V3_HPE18.mat,9.92491888999939,3.07360619306564,-6.85131269693375,0.309685774476474,mm
18,total,0,Raanana Basin 3 pixel,0,WRFrain_noPGW_HPE18.mat,WRFrain_PGW_V3_HPE18.mat,10.5502387152778,2.77104727427165,-7.77919144100613,0.262652566359366,mm
18,intensity,10,Raanana Basin,0,WRFrain_noPGW_HPE18.mat,WRFrain_PGW_V3_HPE18.mat,7.9241419425205,1.29906546864016,-6.62507647388034,0.163937682851117,mm_per_hr
18,intensity,10,Raanana Basin 1 pixel,0,WRFrain_noPGW_HPE18.mat,WRFrain_PGW_V3_HPE18.mat,21.7865295410156,12.9105033874512,-8.87602615356445,0.592591094563532,mm_per_hr
18,intensity,10,Raanana Basin 2 pixel,0,WRFrain_noPGW_HPE18.mat,WRFrain_PGW_V3_HPE18.mat,22.1402177810669,13.7901499271393,-8.35006785392761,0.622855206913631,mm_per_hr
18,intensity,10,Raanana Basin 3 pixel,0,WRFrain_noPGW_HPE18.mat,WRFrain_PGW_V3_HPE18.mat,22.364185333252,11.3312953313192,-11.0328900019328,0.506671500100268,mm_per_hr
18,intensity,20,Raanana Basin,0,WRFrain_noPGW_HPE18.mat,WRFrain_PGW_V3_HPE18.mat,7.54060000368047,0.981060182039267,-6.5595398216412,0.130103729353158,mm_per_hr
18,intensity,20,Raanana Basin 1 pixel,0,WRFrain_noPGW_HPE18.mat,WRFrain_PGW_V3_HPE18.mat,11.272819519043,6.67365074157715,-4.59916877746582,0.592012559972549,mm_per_hr
18,intensity,20,Raanana Basin 2 pixel,0,WRFrain_noPGW_HPE18.mat,WRFrain_PGW_V3_HPE18.mat,11.233747959137,8.14767694473267,-3.0860710144043,0.725285717141781,mm_per_hr
18,intensity,20,Raanana Basin 3 pixel,0,WRFrain_noPGW_HPE18.mat,WRFrain_PGW_V3_HPE18.mat,11.6323076883952,6.63359880447388,-4.9987088839213,0.57027367072587,mm_per_hr
18,intensity,30,Raanana Basin,0,WRFrain_noPGW_HPE18.mat,WRFrain_PGW_V3_HPE18.mat,6.42607279107862,0.777022222553301,-5.64905056852532,0.120917121205357,mm_per_hr
18,intensity,30,Raanana Basin 1 pixel,0,WRFrain_noPGW_HPE18.mat,WRFrain_PGW_V3_HPE18.mat,7.64680480957031,4.63105583190918,-3.01574897766113,0.605619725785757,mm_per_hr
18,intensity,30,Raanana Basin 2 pixel,0,WRFrain_noPGW_HPE18.mat,WRFrain_PGW_V3_HPE18.mat,7.65621948242188,5.53900218009949,-2.11721730232239,0.723464392944407,mm_per_hr
18,intensity,30,Raanana Basin 3 pixel,0,WRFrain_noPGW_HPE18.mat,WRFrain_PGW_V3_HPE18.mat,8.31434355841743,4.68665398491753,-3.62768957349989,0.563682983748341,mm_per_hr
18,intensity,60,Raanana Basin,0,WRFrain_noPGW_HPE18.mat,WRFrain_PGW_V3_HPE18.mat,3.56099932432922,0.416750836521854,-3.14424848780737,0.117031989777296,mm_per_hr
18,intensity,60,Raanana Basin 1 pixel,0,WRFrain_noPGW_HPE18.mat,WRFrain_PGW_V3_HPE18.mat,4.21225833892822,2.39303922653198,-1.81921911239624,0.568113119847458,mm_per_hr
18,intensity,60,Raanana Basin 2 pixel,0,WRFrain_noPGW_HPE18.mat,WRFrain_PGW_V3_HPE18.mat,4.1596462726593,2.86128222942352,-1.29836404323578,0.687866717953947,mm_per_hr
18,intensity,60,Raanana Basin 3 pixel,0,WRFrain_noPGW_HPE18.mat,WRFrain_PGW_V3_HPE18.mat,4.37686856587728,2.40498346752591,-1.97188509835137,0.549475825313905,mm_per_hr
18,intensity,120,Raanana Basin,0,WRFrain_noPGW_HPE18.mat,WRFrain_PGW_V3_HPE18.mat,1.79320572218551,0.222456636426965,-1.57074908575855,0.124055279143232,mm_per_hr
18,intensity,120,Raanana Basin 1 pixel,0,WRFrain_noPGW_HPE18.mat,WRFrain_PGW_V3_HPE18.mat,2.12026691436768,1.25328350067139,-0.866983413696289,0.591097041687863,mm_per_hr
18,intensity,120,Raanana Basin 2 pixel,0,WRFrain_noPGW_HPE18.mat,WRFrain_PGW_V3_HPE18.mat,2.11928820610046,1.48073947429657,-0.638548731803894,0.69869660484789,mm_per_hr
18,intensity,120,Raanana Basin 3 pixel,0,WRFrain_noPGW_HPE18.mat,WRFrain_PGW_V3_HPE18.mat,2.21951474083794,1.25241639879015,-0.967098342047797,0.56427487312714,mm_per_hr
18,intensity,240,Raanana Basin,0,WRFrain_noPGW_HPE18.mat,WRFrain_PGW_V3_HPE18.mat,1.31809389320287,0.114247729271931,-1.20384616393094,0.0866764726405926,mm_per_hr
18,intensity,240,Raanana Basin 1 pixel,0,WRFrain_noPGW_HPE18.mat,WRFrain_PGW_V3_HPE18.mat,1.42424702644348,0.627164840698242,-0.797082185745239,0.440348358854818,mm_per_hr
18,intensity,240,Raanana Basin 2 pixel,0,WRFrain_noPGW_HPE18.mat,WRFrain_PGW_V3_HPE18.mat,1.4449565410614,0.741305321455002,-0.7036512196064,0.513029492852755,mm_per_hr
18,intensity,240,Raanana Basin 3 pixel,0,WRFrain_noPGW_HPE18.mat,WRFrain_PGW_V3_HPE18.mat,1.46215020285712,0.627397285567389,-0.834752917289734,0.429092226189498,mm_per_hr
18,intensity,360,Raanana Basin,0,WRFrain_noPGW_HPE18.mat,WRFrain_PGW_V3_HPE18.mat,0.898844258538608,0.0761707469805406,-0.822673511558067,0.0847429866263854,mm_per_hr
18,intensity,360,Raanana Basin 1 pixel,0,WRFrain_noPGW_HPE18.mat,WRFrain_PGW_V3_HPE18.mat,1.00242900848389,0.418109893798828,-0.584319114685059,0.417096762224782,mm_per_hr
18,intensity,360,Raanana Basin 2 pixel,0,WRFrain_noPGW_HPE18.mat,WRFrain_PGW_V3_HPE18.mat,1.1699982881546,0.494203547636668,-0.675794740517934,0.422396812576673,mm_per_hr
18,intensity,360,Raanana Basin 3 pixel,0,WRFrain_noPGW_HPE18.mat,WRFrain_PGW_V3_HPE18.mat,1.40705693209613,0.418276371779265,-0.988780560316863,0.297270396270426,mm_per_hr
18,intensity,720,Raanana Basin,0,WRFrain_noPGW_HPE18.mat,WRFrain_PGW_V3_HPE18.mat,0.722874694514549,0.0640687300680573,-0.658805964446491,0.0886304784968066,mm_per_hr
18,intensity,720,Raanana Basin 1 pixel,0,WRFrain_noPGW_HPE18.mat,WRFrain_PGW_V3_HPE18.mat,0.801079591115316,0.215936223665873,-0.585143367449443,0.269556516057577,mm_per_hr
18,intensity,720,Raanana Basin 2 pixel,0,WRFrain_noPGW_HPE18.mat,WRFrain_PGW_V3_HPE18.mat,0.786918222904205,0.256133849422137,-0.530784373482068,0.325489792925176,mm_per_hr
18,intensity,720,Raanana Basin 3 pixel,0,WRFrain_noPGW_HPE18.mat,WRFrain_PGW_V3_HPE18.mat,0.831125789218479,0.230920606189304,-0.600205183029175,0.277840742261701,mm_per_hr
18,intensity,1440,Raanana Basin,0,WRFrain_noPGW_HPE18.mat,WRFrain_PGW_V3_HPE18.mat,0.387177715138333,0.0320343650340287,-0.355143350104304,0.0827381426706939,mm_per_hr
18,intensity,1440,Raanana Basin 1 pixel,0,WRFrain_noPGW_HPE18.mat,WRFrain_PGW_V3_HPE18.mat,0.414916276931763,0.107968111832937,-0.306948165098826,0.260216621606997,mm_per_hr
18,intensity,1440,Raanana Basin 2 pixel,0,WRFrain_noPGW_HPE18.mat,WRFrain_PGW_V3_HPE18.mat,0.413538287083308,0.128066924711068,-0.285471362372239,0.309685774476473,mm_per_hr
18,intensity,1440,Raanana Basin 3 pixel,0,WRFrain_noPGW_HPE18.mat,WRFrain_PGW_V3_HPE18.mat,0.439593279803241,0.115460303094652,-0.324132976708589,0.262652566359366,mm_per_hr
19,total,0,Raanana Basin,0,WRFrain_noPGW_HPE19.mat,WRFrain_PGW_V3_HPE19.mat,3.45998242544156,11.0515379417705,7.59155551632895,3.19410233430886,mm
19,total,0,Raanana Basin 1 pixel,0,WRFrain_noPGW_HPE19.mat,WRFrain_PGW_V3_HPE19.mat,7.31410121917725,14.6508610844612,7.33675986528397,2.00309793991466,mm
19,total,0,Raanana Basin 2 pixel,0,WRFrain_noPGW_HPE19.mat,WRFrain_PGW_V3_HPE19.mat,7.68031597137451,15.2064815238118,7.52616555243731,1.97992915662432,mm
19,total,0,Raanana Basin 3 pixel,0,WRFrain_noPGW_HPE19.mat,WRFrain_PGW_V3_HPE19.mat,7.31652969784207,14.8766817599535,7.56015206211143,2.03329752961178,mm
19,intensity,10,Raanana Basin,0,WRFrain_noPGW_HPE19.mat,WRFrain_PGW_V3_HPE19.mat,4.17057215382687,15.1326147114222,10.9620425575953,3.6284265451532,mm_per_hr
19,intensity,10,Raanana Basin 1 pixel,0,WRFrain_noPGW_HPE19.mat,WRFrain_PGW_V3_HPE19.mat,22.0275650024414,55.2337589263916,33.2061939239502,2.50748364243936,mm_per_hr
19,intensity,10,Raanana Basin 2 pixel,0,WRFrain_noPGW_HPE19.mat,WRFrain_PGW_V3_HPE19.mat,20.3792695999146,52.3621909618378,31.9829213619232,2.56938506579536,mm_per_hr
19,intensity,10,Raanana Basin 3 pixel,0,WRFrain_noPGW_HPE19.mat,WRFrain_PGW_V3_HPE19.mat,17.7723445892334,46.8632624944051,29.0909179051717,2.63686438551249,mm_per_hr
19,intensity,20,Raanana Basin,0,WRFrain_noPGW_HPE19.mat,WRFrain_PGW_V3_HPE19.mat,2.58105763596801,13.2343688825829,10.6533112466148,5.12749839374253,mm_per_hr
19,intensity,20,Raanana Basin 1 pixel,0,WRFrain_noPGW_HPE19.mat,WRFrain_PGW_V3_HPE19.mat,11.7971992492676,33.6347436904907,21.8375444412231,2.8510787162113,mm_per_hr
19,intensity,20,Raanana Basin 2 pixel,0,WRFrain_noPGW_HPE19.mat,WRFrain_PGW_V3_HPE19.mat,10.7436010837555,32.1453887522221,21.4017876684666,2.99204973282435,mm_per_hr
19,intensity,20,Raanana Basin 3 pixel,0,WRFrain_noPGW_HPE19.mat,WRFrain_PGW_V3_HPE19.mat,9.4482692082723,28.238249540329,18.7899803320567,2.98872194661911,mm_per_hr
19,intensity,30,Raanana Basin,0,WRFrain_noPGW_HPE19.mat,WRFrain_PGW_V3_HPE19.mat,1.90005598696048,8.86827118676097,6.9682151998005,4.66737361826245,mm_per_hr
19,intensity,30,Raanana Basin 1 pixel,0,WRFrain_noPGW_HPE19.mat,WRFrain_PGW_V3_HPE19.mat,8.4112434387207,22.7432026863098,14.3319592475891,2.70390494009634,mm_per_hr
19,intensity,30,Raanana Basin 2 pixel,0,WRFrain_noPGW_HPE19.mat,WRFrain_PGW_V3_HPE19.mat,7.80375671386719,21.9091705679893,14.1054138541222,2.80751583773197,mm_per_hr
19,intensity,30,Raanana Basin 3 pixel,0,WRFrain_noPGW_HPE19.mat,WRFrain_PGW_V3_HPE19.mat,6.81860054863824,20.568698088328,13.7500975396898,3.01655712805113,mm_per_hr
19,intensity,60,Raanana Basin,0,WRFrain_noPGW_HPE19.mat,WRFrain_PGW_V3_HPE19.mat,1.10876417533731,4.44806656893051,3.3393023935932,4.01173366516582,mm_per_hr
19,intensity,60,Raanana Basin 1 pixel,0,WRFrain_noPGW_HPE19.mat,WRFrain_PGW_V3_HPE19.mat,4.47493648529053,11.3750021457672,6.90006566047668,2.54193599912708,mm_per_hr
19,intensity,60,Raanana Basin 2 pixel,0,WRFrain_noPGW_HPE19.mat,WRFrain_PGW_V3_HPE19.mat,4.01640462875366,10.9639274328947,6.94752280414104,2.72978657439127,mm_per_hr
19,intensity,60,Raanana Basin 3 pixel,0,WRFrain_noPGW_HPE19.mat,WRFrain_PGW_V3_HPE19.mat,3.55589432186551,10.3033961587482,6.7475018368827,2.89755409641724,mm_per_hr
19,intensity,120,Raanana Basin,0,WRFrain_noPGW_HPE19.mat,WRFrain_PGW_V3_HPE19.mat,0.765466543948015,4.00558260153267,3.24011605758465,5.23286436644669,mm_per_hr
19,intensity,120,Raanana Basin 1 pixel,0,WRFrain_noPGW_HPE19.mat,WRFrain_PGW_V3_HPE19.mat,2.31585931777954,6.21807444095612,3.90221512317657,2.68499662013928,mm_per_hr
19,intensity,120,Raanana Basin 2 pixel,0,WRFrain_noPGW_HPE19.mat,WRFrain_PGW_V3_HPE19.mat,2.09314918518066,5.92314854264259,3.82999935746193,2.82977849098288,mm_per_hr
19,intensity,120,Raanana Basin 3 pixel,0,WRFrain_noPGW_HPE19.mat,WRFrain_PGW_V3_HPE19.mat,1.82386027442084,5.51526192824046,3.69140165381961,3.02394980886998,mm_per_hr
19,intensity,240,Raanana Basin,0,WRFrain_noPGW_HPE19.mat,WRFrain_PGW_V3_HPE19.mat,0.67305273200651,2.54105991736451,1.86800718535801,3.77542471269538,mm_per_hr
19,intensity,240,Raanana Basin 1 pixel,0,WRFrain_noPGW_HPE19.mat,WRFrain_PGW_V3_HPE19.mat,1.58472681045532,3.54194694757462,1.95722013711929,2.23505207598333,mm_per_hr
19,intensity,240,Raanana Basin 2 pixel,0,WRFrain_noPGW_HPE19.mat,WRFrain_PGW_V3_HPE19.mat,1.70853501558304,3.44262170791626,1.73408669233322,2.01495531348034,mm_per_hr
19,intensity,240,Raanana Basin 3 pixel,0,WRFrain_noPGW_HPE19.mat,WRFrain_PGW_V3_HPE19.mat,1.62716868188646,3.32702256242434,1.69985388053788,2.04466973796912,mm_per_hr
19,intensity,360,Raanana Basin,0,WRFrain_noPGW_HPE19.mat,WRFrain_PGW_V3_HPE19.mat,0.483272922886078,1.75541181780803,1.27213889492195,3.6323405154272,mm_per_hr
19,intensity,360,Raanana Basin 1 pixel,0,WRFrain_noPGW_HPE19.mat,WRFrain_PGW_V3_HPE19.mat,1.11579879124959,2.38309280077616,1.26729400952657,2.13577288258873,mm_per_hr
19,intensity,360,Raanana Basin 2 pixel,0,WRFrain_noPGW_HPE19.mat,WRFrain_PGW_V3_HPE19.mat,1.19350119431814,2.32668313632409,1.13318194200595,1.94946024972631,mm_per_hr
19,intensity,360,Raanana Basin 3 pixel,0,WRFrain_noPGW_HPE19.mat,WRFrain_PGW_V3_HPE19.mat,1.14018638045699,2.27252189428718,1.13233551383019,1.99311440062662,mm_per_hr
19,intensity,720,Raanana Basin,0,WRFrain_noPGW_HPE19.mat,WRFrain_PGW_V3_HPE19.mat,0.242433131332806,0.878967626769652,0.636534495436846,3.62560852115146,mm_per_hr
19,intensity,720,Raanana Basin 1 pixel,0,WRFrain_noPGW_HPE19.mat,WRFrain_PGW_V3_HPE19.mat,0.558864196141561,1.19380256036917,0.634938364227613,2.13612281590281,mm_per_hr
19,intensity,720,Raanana Basin 2 pixel,0,WRFrain_noPGW_HPE19.mat,WRFrain_PGW_V3_HPE19.mat,0.597925583521525,1.16777989889185,0.569854315370321,1.95305223772852,mm_per_hr
19,intensity,720,Raanana Basin 3 pixel,0,WRFrain_noPGW_HPE19.mat,WRFrain_PGW_V3_HPE19.mat,0.571579562293159,1.14682620929347,0.575246647000312,2.00641570299057,mm_per_hr
19,intensity,1440,Raanana Basin,0,WRFrain_noPGW_HPE19.mat,WRFrain_PGW_V3_HPE19.mat,0.142782273679941,0.459400691925047,0.316618418245106,3.21749107984395,mm_per_hr
19,intensity,1440,Raanana Basin 1 pixel,0,WRFrain_noPGW_HPE19.mat,WRFrain_PGW_V3_HPE19.mat,0.304371356964111,0.605133386949698,0.300762029985587,1.98814169961811,mm_per_hr
19,intensity,1440,Raanana Basin 2 pixel,0,WRFrain_noPGW_HPE19.mat,WRFrain_PGW_V3_HPE19.mat,0.319599539041519,0.624756946849326,0.305157407807807,1.95481178953817,mm_per_hr
19,intensity,1440,Raanana Basin 3 pixel,0,WRFrain_noPGW_HPE19.mat,WRFrain_PGW_V3_HPE19.mat,0.304289305651629,0.598283043200219,0.29399373754859,1.96616519900037,mm_per_hr
20,total,0,Raanana Basin,0,WRFrain_noPGW_HPE20.mat,WRFrain_PGW_V3_HPE20.mat,5.54684889544273e-05,0,-5.54684889544273e-05,0,mm
20,total,0,Raanana Basin 1 pixel,0,WRFrain_noPGW_HPE20.mat,WRFrain_PGW_V3_HPE20.mat,0.000540152147550543,0,-0.000540152147550543,0,mm
20,total,0,Raanana Basin 2 pixel,0,WRFrain_noPGW_HPE20.mat,WRFrain_PGW_V3_HPE20.mat,0.000592545001609324,0,-0.000592545001609324,0,mm
20,total,0,Raanana Basin 3 pixel,0,WRFrain_noPGW_HPE20.mat,WRFrain_PGW_V3_HPE20.mat,0.000641226236237142,0,-0.000641226236237142,0,mm
20,intensity,10,Raanana Basin,0,WRFrain_noPGW_HPE20.mat,WRFrain_PGW_V3_HPE20.mat,0.000211677111181752,0,-0.000211677111181752,0,mm_per_hr
20,intensity,10,Raanana Basin 1 pixel,0,WRFrain_noPGW_HPE20.mat,WRFrain_PGW_V3_HPE20.mat,0.00268146023154259,0,-0.00268146023154259,0,mm_per_hr
20,intensity,10,Raanana Basin 2 pixel,0,WRFrain_noPGW_HPE20.mat,WRFrain_PGW_V3_HPE20.mat,0.0022280368139036,0,-0.0022280368139036,0,mm_per_hr
20,intensity,10,Raanana Basin 3 pixel,0,WRFrain_noPGW_HPE20.mat,WRFrain_PGW_V3_HPE20.mat,0.00250599907788758,0,-0.00250599907788758,0,mm_per_hr
20,intensity,20,Raanana Basin,0,WRFrain_noPGW_HPE20.mat,WRFrain_PGW_V3_HPE20.mat,0.000144177382046771,0,-0.000144177382046771,0,mm_per_hr
20,intensity,20,Raanana Basin 1 pixel,0,WRFrain_noPGW_HPE20.mat,WRFrain_PGW_V3_HPE20.mat,0.00149751227218076,0,-0.00149751227218076,0,mm_per_hr
20,intensity,20,Raanana Basin 2 pixel,0,WRFrain_noPGW_HPE20.mat,WRFrain_PGW_V3_HPE20.mat,0.00129943926458509,0,-0.00129943926458509,0,mm_per_hr
20,intensity,20,Raanana Basin 3 pixel,0,WRFrain_noPGW_HPE20.mat,WRFrain_PGW_V3_HPE20.mat,0.00186695690203171,0,-0.00186695690203171,0,mm_per_hr
20,intensity,30,Raanana Basin,0,WRFrain_noPGW_HPE20.mat,WRFrain_PGW_V3_HPE20.mat,9.65971046020384e-05,0,-9.65971046020384e-05,0,mm_per_hr
20,intensity,30,Raanana Basin 1 pixel,0,WRFrain_noPGW_HPE20.mat,WRFrain_PGW_V3_HPE20.mat,0.000999035233689938,0,-0.000999035233689938,0,mm_per_hr
20,intensity,30,Raanana Basin 2 pixel,0,WRFrain_noPGW_HPE20.mat,WRFrain_PGW_V3_HPE20.mat,0.000866466272782418,0,-0.000866466272782418,0,mm_per_hr
20,intensity,30,Raanana Basin 3 pixel,0,WRFrain_noPGW_HPE20.mat,WRFrain_PGW_V3_HPE20.mat,0.00124522666313908,0,-0.00124522666313908,0,mm_per_hr
20,intensity,60,Raanana Basin,0,WRFrain_noPGW_HPE20.mat,WRFrain_PGW_V3_HPE20.mat,4.82985523010192e-05,0,-4.82985523010192e-05,0,mm_per_hr
20,intensity,60,Raanana Basin 1 pixel,0,WRFrain_noPGW_HPE20.mat,WRFrain_PGW_V3_HPE20.mat,0.000499517616844969,0,-0.000499517616844969,0,mm_per_hr
20,intensity,60,Raanana Basin 2 pixel,0,WRFrain_noPGW_HPE20.mat,WRFrain_PGW_V3_HPE20.mat,0.000433233136391209,0,-0.000433233136391209,0,mm_per_hr
20,intensity,60,Raanana Basin 3 pixel,0,WRFrain_noPGW_HPE20.mat,WRFrain_PGW_V3_HPE20.mat,0.000622613331569541,0,-0.000622613331569541,0,mm_per_hr
20,intensity,120,Raanana Basin,0,WRFrain_noPGW_HPE20.mat,WRFrain_PGW_V3_HPE20.mat,2.41492761505096e-05,0,-2.41492761505096e-05,0,mm_per_hr
20,intensity,120,Raanana Basin 1 pixel,0,WRFrain_noPGW_HPE20.mat,WRFrain_PGW_V3_HPE20.mat,0.000249758808422484,0,-0.000249758808422484,0,mm_per_hr
20,intensity,120,Raanana Basin 2 pixel,0,WRFrain_noPGW_HPE20.mat,WRFrain_PGW_V3_HPE20.mat,0.000216616568195604,0,-0.000216616568195604,0,mm_per_hr
20,intensity,120,Raanana Basin 3 pixel,0,WRFrain_noPGW_HPE20.mat,WRFrain_PGW_V3_HPE20.mat,0.00031130666578477,0,-0.00031130666578477,0,mm_per_hr
20,intensity,240,Raanana Basin,0,WRFrain_noPGW_HPE20.mat,WRFrain_PGW_V3_HPE20.mat,1.21061003202717e-05,0,-1.21061003202717e-05,0,mm_per_hr
20,intensity,240,Raanana Basin 1 pixel,0,WRFrain_noPGW_HPE20.mat,WRFrain_PGW_V3_HPE20.mat,0.000124879404211242,0,-0.000124879404211242,0,mm_per_hr
20,intensity,240,Raanana Basin 2 pixel,0,WRFrain_noPGW_HPE20.mat,WRFrain_PGW_V3_HPE20.mat,0.000108308284097802,0,-0.000108308284097802,0,mm_per_hr
20,intensity,240,Raanana Basin 3 pixel,0,WRFrain_noPGW_HPE20.mat,WRFrain_PGW_V3_HPE20.mat,0.000155653332892385,0,-0.000155653332892385,0,mm_per_hr
20,intensity,360,Raanana Basin,0,WRFrain_noPGW_HPE20.mat,WRFrain_PGW_V3_HPE20.mat,9.24474815907122e-06,0,-9.24474815907122e-06,0,mm_per_hr
20,intensity,360,Raanana Basin 1 pixel,0,WRFrain_noPGW_HPE20.mat,WRFrain_PGW_V3_HPE20.mat,9.00253579250905e-05,0,-9.00253579250905e-05,0,mm_per_hr
20,intensity,360,Raanana Basin 2 pixel,0,WRFrain_noPGW_HPE20.mat,WRFrain_PGW_V3_HPE20.mat,9.87575002682206e-05,0,-9.87575002682206e-05,0,mm_per_hr
20,intensity,360,Raanana Basin 3 pixel,0,WRFrain_noPGW_HPE20.mat,WRFrain_PGW_V3_HPE20.mat,0.000105649242245649,0,-0.000105649242245649,0,mm_per_hr
20,intensity,720,Raanana Basin,0,WRFrain_noPGW_HPE20.mat,WRFrain_PGW_V3_HPE20.mat,4.62237407953561e-06,0,-4.62237407953561e-06,0,mm_per_hr
20,intensity,720,Raanana Basin 1 pixel,0,WRFrain_noPGW_HPE20.mat,WRFrain_PGW_V3_HPE20.mat,4.50126789625453e-05,0,-4.50126789625453e-05,0,mm_per_hr
20,intensity,720,Raanana Basin 2 pixel,0,WRFrain_noPGW_HPE20.mat,WRFrain_PGW_V3_HPE20.mat,4.93787501341103e-05,0,-4.93787501341103e-05,0,mm_per_hr
20,intensity,720,Raanana Basin 3 pixel,0,WRFrain_noPGW_HPE20.mat,WRFrain_PGW_V3_HPE20.mat,5.34355196864285e-05,0,-5.34355196864285e-05,0,mm_per_hr
20,intensity,1440,Raanana Basin,0,WRFrain_noPGW_HPE20.mat,WRFrain_PGW_V3_HPE20.mat,2.31118703976781e-06,0,-2.31118703976781e-06,0,mm_per_hr
20,intensity,1440,Raanana Basin 1 pixel,0,WRFrain_noPGW_HPE20.mat,WRFrain_PGW_V3_HPE20.mat,2.25063394812726e-05,0,-2.25063394812726e-05,0,mm_per_hr
20,intensity,1440,Raanana Basin 2 pixel,0,WRFrain_noPGW_HPE20.mat,WRFrain_PGW_V3_HPE20.mat,2.46893750670552e-05,0,-2.46893750670552e-05,0,mm_per_hr
20,intensity,1440,Raanana Basin 3 pixel,0,WRFrain_noPGW_HPE20.mat,WRFrain_PGW_V3_HPE20.mat,2.67177598432142e-05,0,-2.67177598432142e-05,0,mm_per_hr
21,total,0,Raanana Basin,0,WRFrain_noPGW_HPE21.mat,WRFrain_PGW_V3_HPE21.mat,0.0295687336049504,5.67450990964626e-05,-0.0295119885058539,0.00191909128928546,mm
21,total,0,Raanana Basin 1 pixel,0,WRFrain_noPGW_HPE21.mat,WRFrain_PGW_V3_HPE21.mat,0.142101850360632,0.000828200951218605,-0.141273649409413,0.00582822073827162,mm
21,total,0,Raanana Basin 2 pixel,0,WRFrain_noPGW_HPE21.mat,WRFrain_PGW_V3_HPE21.mat,0.147644384764135,0.00221926625818014,-0.145425118505955,0.0150311592393132,mm
21,total,0,Raanana Basin 3 pixel,0,WRFrain_noPGW_HPE21.mat,WRFrain_PGW_V3_HPE21.mat,0.165302811397447,0.00946412483851115,-0.155838686558935,0.0572532599929958,mm
21,intensity,10,Raanana Basin,0,WRFrain_noPGW_HPE21.mat,WRFrain_PGW_V3_HPE21.mat,0.107190770974024,0.000141244610847444,-0.107049526363176,0.00131769376751356,mm_per_hr
21,intensity,10,Raanana Basin 1 pixel,0,WRFrain_noPGW_HPE21.mat,WRFrain_PGW_V3_HPE21.mat,0.504442110657692,0.00293121859431267,-0.501510892063379,0.00581081264308196,mm_per_hr
21,intensity,10,Raanana Basin 2 pixel,0,WRFrain_noPGW_HPE21.mat,WRFrain_PGW_V3_HPE21.mat,0.570778302848339,0.00641962140798569,-0.564358681440353,0.0112471363679208,mm_per_hr
21,intensity,10,Raanana Basin 3 pixel,0,WRFrain_noPGW_HPE21.mat,WRFrain_PGW_V3_HPE21.mat,0.614104650914669,0.0315890392909447,-0.582515611623724,0.051439179370967,mm_per_hr
21,intensity,20,Raanana Basin,0,WRFrain_noPGW_HPE21.mat,WRFrain_PGW_V3_HPE21.mat,0.0587774508723589,0.000121162989728597,-0.0586562878826303,0.00206138558121062,mm_per_hr
21,intensity,20,Raanana Basin 1 pixel,0,WRFrain_noPGW_HPE21.mat,WRFrain_PGW_V3_HPE21.mat,0.260683245956898,0.00210328213870525,-0.258579963818192,0.00806834413536886,mm_per_hr
21,intensity,20,Raanana Basin 2 pixel,0,WRFrain_noPGW_HPE21.mat,WRFrain_PGW_V3_HPE21.mat,0.333751517347991,0.00425705686211586,-0.329494460485876,0.0127551685635549,mm_per_hr
21,intensity,20,Raanana Basin 3 pixel,0,WRFrain_noPGW_HPE21.mat,WRFrain_PGW_V3_HPE21.mat,0.423134700084726,0.0188577563191454,-0.404276943765581,0.0445667923603746,mm_per_hr
21,intensity,30,Raanana Basin,0,WRFrain_noPGW_HPE21.mat,WRFrain_PGW_V3_HPE21.mat,0.0557151004793575,8.20093975054993e-05,-0.055633091081852,0.00147194201930739,mm_per_hr
21,intensity,30,Raanana Basin 1 pixel,0,WRFrain_noPGW_HPE21.mat,WRFrain_PGW_V3_HPE21.mat,0.278583779931068,0.00153907015919685,-0.277044709771872,0.00552462228625685,mm_per_hr
21,intensity,30,Raanana Basin 2 pixel,0,WRFrain_noPGW_HPE21.mat,WRFrain_PGW_V3_HPE21.mat,0.261248832568526,0.00350010115653276,-0.257748731411994,0.0133975762575501,mm_per_hr
21,intensity,30,Raanana Basin 3 pixel,0,WRFrain_noPGW_HPE21.mat,WRFrain_PGW_V3_HPE21.mat,0.291341790256815,0.0151877748883433,-0.276154015368472,0.0521304371575235,mm_per_hr
21,intensity,60,Raanana Basin,0,WRFrain_noPGW_HPE21.mat,WRFrain_PGW_V3_HPE21.mat,0.0295445480016075,4.21199064444879e-05,-0.029502428095163,0.00142564057646765,mm_per_hr
21,intensity,60,Raanana Basin 1 pixel,0,WRFrain_noPGW_HPE21.mat,WRFrain_PGW_V3_HPE21.mat,0.142040759325027,0.000828200951218605,-0.141212558373809,0.00583072742749466,mm_per_hr
21,intensity,60,Raanana Basin 2 pixel,0,WRFrain_noPGW_HPE21.mat,WRFrain_PGW_V3_HPE21.mat,0.147595451213419,0.00220783054828644,-0.145387620665133,0.0149586625477635,mm_per_hr
21,intensity,60,Raanana Basin 3 pixel,0,WRFrain_noPGW_HPE21.mat,WRFrain_PGW_V3_HPE21.mat,0.165279901069072,0.00896296924394038,-0.156316931825131,0.0542290332095171,mm_per_hr
21,intensity,120,Raanana Basin,0,WRFrain_noPGW_HPE21.mat,WRFrain_PGW_V3_HPE21.mat,0.0147722740008037,2.11149198660002e-05,-0.0147511590809377,0.00142936150959909,mm_per_hr
21,intensity,120,Raanana Basin 1 pixel,0,WRFrain_noPGW_HPE21.mat,WRFrain_PGW_V3_HPE21.mat,0.0710203796625137,0.000414100475609303,-0.0706062791869044,0.00583072742749466,mm_per_hr
21,intensity,120,Raanana Basin 2 pixel,0,WRFrain_noPGW_HPE21.mat,WRFrain_PGW_V3_HPE21.mat,0.0737977256067097,0.00110963312909007,-0.0726880924776196,0.0150361426448782,mm_per_hr
21,intensity,120,Raanana Basin 3 pixel,0,WRFrain_noPGW_HPE21.mat,WRFrain_PGW_V3_HPE21.mat,0.0826399505345358,0.00473188505404525,-0.0779080654804905,0.0572590499321242,mm_per_hr
21,intensity,240,Raanana Basin,0,WRFrain_noPGW_HPE21.mat,WRFrain_PGW_V3_HPE21.mat,0.0073921834012376,1.05574599330001e-05,-0.0073816259413046,0.00142819237023159,mm_per_hr
21,intensity,240,Raanana Basin 1 pixel,0,WRFrain_noPGW_HPE21.mat,WRFrain_PGW_V3_HPE21.mat,0.035525462590158,0.000207050237804651,-0.0353184123523533,0.00582822073827162,mm_per_hr
21,intensity,240,Raanana Basin 2 pixel,0,WRFrain_noPGW_HPE21.mat,WRFrain_PGW_V3_HPE21.mat,0.0369110961910337,0.000554816564545035,-0.0363562796264887,0.0150311592393132,mm_per_hr
21,intensity,240,Raanana Basin 3 pixel,0,WRFrain_noPGW_HPE21.mat,WRFrain_PGW_V3_HPE21.mat,0.0413257028493616,0.00236594252702263,-0.038959760322339,0.0572511140499374,mm_per_hr
21,intensity,360,Raanana Basin,0,WRFrain_noPGW_HPE21.mat,WRFrain_PGW_V3_HPE21.mat,0.00492812226749173,7.03830662200007e-06,-0.00492108396086973,0.00142819237023159,mm_per_hr
21,intensity,360,Raanana Basin 1 pixel,0,WRFrain_noPGW_HPE21.mat,WRFrain_PGW_V3_HPE21.mat,0.023683641726772,0.000138033491869768,-0.0235456082349022,0.00582822073827162,mm_per_hr
21,intensity,360,Raanana Basin 2 pixel,0,WRFrain_noPGW_HPE21.mat,WRFrain_PGW_V3_HPE21.mat,0.0246073974606891,0.00036987770969669,-0.0242375197509925,0.0150311592393132,mm_per_hr
21,intensity,360,Raanana Basin 3 pixel,0,WRFrain_noPGW_HPE21.mat,WRFrain_PGW_V3_HPE21.mat,0.0275504685662411,0.00157729501801508,-0.025973173548226,0.0572511140499374,mm_per_hr
21,intensity,720,Raanana Basin,0,WRFrain_noPGW_HPE21.mat,WRFrain_PGW_V3_HPE21.mat,0.00246406113374587,4.72875825803855e-06,-0.00245933237548783,0.00191909128928546,mm_per_hr
21,intensity,720,Raanana Basin 1 pixel,0,WRFrain_noPGW_HPE21.mat,WRFrain_PGW_V3_HPE21.mat,0.011841820863386,6.90167459348838e-05,-0.0117728041174511,0.00582822073827162,mm_per_hr
21,intensity,720,Raanana Basin 2 pixel,0,WRFrain_noPGW_HPE21.mat,WRFrain_PGW_V3_HPE21.mat,0.0123036987303446,0.000184938854848345,-0.0121187598754962,0.0150311592393132,mm_per_hr
21,intensity,720,Raanana Basin 3 pixel,0,WRFrain_noPGW_HPE21.mat,WRFrain_PGW_V3_HPE21.mat,0.0137752342831205,0.000788677069875929,-0.0129865572132446,0.0572532599929957,mm_per_hr
21,intensity,1440,Raanana Basin,0,WRFrain_noPGW_HPE21.mat,WRFrain_PGW_V3_HPE21.mat,NaN,NaN,NaN,NaN,mm_per_hr
21,intensity,1440,Raanana Basin 1 pixel,0,WRFrain_noPGW_HPE21.mat,WRFrain_PGW_V3_HPE21.mat,NaN,NaN,NaN,NaN,mm_per_hr
21,intensity,1440,Raanana Basin 2 pixel,0,WRFrain_noPGW_HPE21.mat,WRFrain_PGW_V3_HPE21.mat,NaN,NaN,NaN,NaN,mm_per_hr
21,intensity,1440,Raanana Basin 3 pixel,0,WRFrain_noPGW_HPE21.mat,WRFrain_PGW_V3_HPE21.mat,NaN,NaN,NaN,NaN,mm_per_hr
22,total,0,Raanana Basin,0,WRFrain_noPGW_HPE22.mat,WRFrain_PGW_V3_HPE22.mat,4.84648779209198,0.117753982199707,-4.72873380989227,0.0242967664938404,mm
22,total,0,Raanana Basin 1 pixel,0,WRFrain_noPGW_HPE22.mat,WRFrain_PGW_V3_HPE22.mat,6.39058001653757,0.501453281278373,-5.8891267352592,0.0784675694507713,mm
22,total,0,Raanana Basin 2 pixel,0,WRFrain_noPGW_HPE22.mat,WRFrain_PGW_V3_HPE22.mat,6.59019864743459,0.819434308590303,-5.77076433884429,0.124341366994952,mm
22,total,0,Raanana Basin 3 pixel,0,WRFrain_noPGW_HPE22.mat,WRFrain_PGW_V3_HPE22.mat,6.87212004221833,0.911475719141132,-5.9606443230772,0.132633847130369,mm
22,intensity,10,Raanana Basin,0,WRFrain_noPGW_HPE22.mat,WRFrain_PGW_V3_HPE22.mat,13.3438351527557,0.434028735692353,-12.9098064170634,0.0325265360912915,mm_per_hr
22,intensity,10,Raanana Basin 1 pixel,0,WRFrain_noPGW_HPE22.mat,WRFrain_PGW_V3_HPE22.mat,25.7473468780518,2.8810168504715,-22.8663300275803,0.111895678576786,mm_per_hr
22,intensity,10,Raanana Basin 2 pixel,0,WRFrain_noPGW_HPE22.mat,WRFrain_PGW_V3_HPE22.mat,25.1418453454971,4.52822041511536,-20.6136249303818,0.180106923453268,mm_per_hr
22,intensity,10,Raanana Basin 3 pixel,0,WRFrain_noPGW_HPE22.mat,WRFrain_PGW_V3_HPE22.mat,24.4804588953654,4.76131296157837,-19.719145933787,0.194494432556563,mm_per_hr
22,intensity,20,Raanana Basin,0,WRFrain_noPGW_HPE22.mat,WRFrain_PGW_V3_HPE22.mat,12.1715761923631,0.290884185084624,-11.8806920072785,0.0238986455400193,mm_per_hr
22,intensity,20,Raanana Basin 1 pixel,0,WRFrain_noPGW_HPE22.mat,WRFrain_PGW_V3_HPE22.mat,15.5720436573029,1.46609330177307,-14.1059503555298,0.0941490618725253,mm_per_hr
22,intensity,20,Raanana Basin 2 pixel,0,WRFrain_noPGW_HPE22.mat,WRFrain_PGW_V3_HPE22.mat,16.2633167803288,2.44189447467215,-13.8214223056566,0.150147384303904,mm_per_hr
22,intensity,20,Raanana Basin 3 pixel,0,WRFrain_noPGW_HPE22.mat,WRFrain_PGW_V3_HPE22.mat,17.7125253677368,2.69607848270486,-15.016446885032,0.152213104948645,mm_per_hr
22,intensity,30,Raanana Basin,0,WRFrain_noPGW_HPE22.mat,WRFrain_PGW_V3_HPE22.mat,8.54075105123946,0.21287977562737,-8.32787127561209,0.0249251821473565,mm_per_hr
22,intensity,30,Raanana Basin 1 pixel,0,WRFrain_noPGW_HPE22.mat,WRFrain_PGW_V3_HPE22.mat,11.8922698497772,0.991847075521946,-10.9004227742553,0.0834026714875232,mm_per_hr
22,intensity,30,Raanana Basin 2 pixel,0,WRFrain_noPGW_HPE22.mat,WRFrain_PGW_V3_HPE22.mat,12.2876207232475,1.62975262803957,-10.657868095208,0.13263370222326,mm_per_hr
22,intensity,30,Raanana Basin 3 pixel,0,WRFrain_noPGW_HPE22.mat,WRFrain_PGW_V3_HPE22.mat,12.7880137761434,1.80699882470071,-10.9810149514427,0.141304103696834,mm_per_hr
22,intensity,60,Raanana Basin,0,WRFrain_noPGW_HPE22.mat,WRFrain_PGW_V3_HPE22.mat,4.52016923675857,0.106617953254605,-4.41355128350396,0.0235871596106567,mm_per_hr
22,intensity,60,Raanana Basin 1 pixel,0,WRFrain_noPGW_HPE22.mat,WRFrain_PGW_V3_HPE22.mat,6.00715047121048,0.49596223467961,-5.51118823653087,0.0825619796035623,mm_per_hr
22,intensity,60,Raanana Basin 2 pixel,0,WRFrain_noPGW_HPE22.mat,WRFrain_PGW_V3_HPE22.mat,6.19130270928144,0.814876314019784,-5.37642639526166,0.131616293417247,mm_per_hr
22,intensity,60,Raanana Basin 3 pixel,0,WRFrain_noPGW_HPE22.mat,WRFrain_PGW_V3_HPE22.mat,6.45356594522794,0.90357650950965,-5.54998943571829,0.14001197433766,mm_per_hr
22,intensity,120,Raanana Basin,0,WRFrain_noPGW_HPE22.mat,WRFrain_PGW_V3_HPE22.mat,2.26471422850315,0.0533089766273024,-2.21140525187585,0.0235389418922566,mm_per_hr
22,intensity,120,Raanana Basin 1 pixel,0,WRFrain_noPGW_HPE22.mat,WRFrain_PGW_V3_HPE22.mat,3.00377798080444,0.247981117339805,-2.75579686346464,0.0825564069397009,mm_per_hr
22,intensity,120,Raanana Basin 2 pixel,0,WRFrain_noPGW_HPE22.mat,WRFrain_PGW_V3_HPE22.mat,3.09724351391196,0.407438157009892,-2.68980535690207,0.131548635158906,mm_per_hr
22,intensity,120,Raanana Basin 3 pixel,0,WRFrain_noPGW_HPE22.mat,WRFrain_PGW_V3_HPE22.mat,3.22789598835839,0.451788254754825,-2.77610773360357,0.139963696595004,mm_per_hr
22,intensity,240,Raanana Basin,0,WRFrain_noPGW_HPE22.mat,WRFrain_PGW_V3_HPE22.mat,1.13235711425157,0.0266775785915522,-1.10567953566002,0.0235593332313584,mm_per_hr
22,intensity,240,Raanana Basin 1 pixel,0,WRFrain_noPGW_HPE22.mat,WRFrain_PGW_V3_HPE22.mat,1.50188899040222,0.123990558669902,-1.37789843173232,0.0825564069397009,mm_per_hr
22,intensity,240,Raanana Basin 2 pixel,0,WRFrain_noPGW_HPE22.mat,WRFrain_PGW_V3_HPE22.mat,1.54862175695598,0.203719078504946,-1.34490267845104,0.131548635158906,mm_per_hr
22,intensity,240,Raanana Basin 3 pixel,0,WRFrain_noPGW_HPE22.mat,WRFrain_PGW_V3_HPE22.mat,1.6139479941792,0.225894127377412,-1.38805386680178,0.139963696595004,mm_per_hr
22,intensity,360,Raanana Basin,0,WRFrain_noPGW_HPE22.mat,WRFrain_PGW_V3_HPE22.mat,0.754904742834383,0.0177850523943681,-0.737119690440015,0.0235593332313584,mm_per_hr
22,intensity,360,Raanana Basin 1 pixel,0,WRFrain_noPGW_HPE22.mat,WRFrain_PGW_V3_HPE22.mat,1.00125932693481,0.0826603724466016,-0.918598954488213,0.0825564069397009,mm_per_hr
22,intensity,360,Raanana Basin 2 pixel,0,WRFrain_noPGW_HPE22.mat,WRFrain_PGW_V3_HPE22.mat,1.03241450463732,0.135812719003297,-0.896601785634024,0.131548635158906,mm_per_hr
22,intensity,360,Raanana Basin 3 pixel,0,WRFrain_noPGW_HPE22.mat,WRFrain_PGW_V3_HPE22.mat,1.0759653294528,0.150596084918275,-0.925369244534522,0.139963696595004,mm_per_hr
22,intensity,720,Raanana Basin,0,WRFrain_noPGW_HPE22.mat,WRFrain_PGW_V3_HPE22.mat,0.378218455132109,0.00894195759923597,-0.369276497532873,0.0236423090356937,mm_per_hr
22,intensity,720,Raanana Basin 1 pixel,0,WRFrain_noPGW_HPE22.mat,WRFrain_PGW_V3_HPE22.mat,0.504596749941508,0.0416624884916625,-0.462934261449845,0.0825659073240006,mm_per_hr
22,intensity,720,Raanana Basin 2 pixel,0,WRFrain_noPGW_HPE22.mat,WRFrain_PGW_V3_HPE22.mat,0.519702726975083,0.067913424577758,-0.451789302397325,0.130677445109912,mm_per_hr
22,intensity,720,Raanana Basin 3 pixel,0,WRFrain_noPGW_HPE22.mat,WRFrain_PGW_V3_HPE22.mat,0.540316853258345,0.0753140043385361,-0.465002848919809,0.139388590017802,mm_per_hr
22,intensity,1440,Raanana Basin,0,WRFrain_noPGW_HPE22.mat,WRFrain_PGW_V3_HPE22.mat,0.194125735451654,0.00490182455854227,-0.189223910893112,0.0252507713474345,mm_per_hr
22,intensity,1440,Raanana Basin 1 pixel,0,WRFrain_noPGW_HPE22.mat,WRFrain_PGW_V3_HPE22.mat,0.257040119419495,0.020890517630202,-0.236149601789293,0.0812733735005322,mm_per_hr
22,intensity,1440,Raanana Basin 2 pixel,0,WRFrain_noPGW_HPE22.mat,WRFrain_PGW_V3_HPE22.mat,0.266696230353167,0.0341042398372243,-0.232591990515942,0.127876722487088,mm_per_hr
22,intensity,1440,Raanana Basin 3 pixel,0,WRFrain_noPGW_HPE22.mat,WRFrain_PGW_V3_HPE22.mat,0.279680621292856,0.0377876487692337,-0.241892972523622,0.135110000094236,mm_per_hr
23,total,0,Raanana Basin,0,WRFrain_noPGW_HPE23.mat,WRFrain_PGW_V3_HPE23.mat,18.7006625333932,8.02369411972273,-10.6769684136705,0.429059350458576,mm
23,total,0,Raanana Basin 1 pixel,0,WRFrain_noPGW_HPE23.mat,WRFrain_PGW_V3_HPE23.mat,32.5865280628204,12.8224903345108,-19.7640377283096,0.393490534180001,mm
23,total,0,Raanana Basin 2 pixel,0,WRFrain_noPGW_HPE23.mat,WRFrain_PGW_V3_HPE23.mat,32.2171364910901,11.7182455062866,-20.4988909848034,0.363727096277703,mm
23,total,0,Raanana Basin 3 pixel,0,WRFrain_noPGW_HPE23.mat,WRFrain_PGW_V3_HPE23.mat,29.9171341349267,10.6280496699942,-19.2890844649325,0.355249591156077,mm
23,intensity,10,Raanana Basin,0,WRFrain_noPGW_HPE23.mat,WRFrain_PGW_V3_HPE23.mat,25.8071792391027,5.776135340006,-20.0310438990967,0.223818933735078,mm_per_hr
23,intensity,10,Raanana Basin 1 pixel,0,WRFrain_noPGW_HPE23.mat,WRFrain_PGW_V3_HPE23.mat,49.4679393768311,35.6364612579346,-13.8314781188965,0.720395102501993,mm_per_hr
23,intensity,10,Raanana Basin 2 pixel,0,WRFrain_noPGW_HPE23.mat,WRFrain_PGW_V3_HPE23.mat,44.570207118988,26.3909511566162,-18.1792559623718,0.592120900092766,mm_per_hr
23,intensity,10,Raanana Basin 3 pixel,0,WRFrain_noPGW_HPE23.mat,WRFrain_PGW_V3_HPE23.mat,37.4522506395976,20.9146768252055,-16.5375738143921,0.55843578070827,mm_per_hr
23,intensity,20,Raanana Basin,0,WRFrain_noPGW_HPE23.mat,WRFrain_PGW_V3_HPE23.mat,17.2747462907205,3.45476835013183,-13.8199779405886,0.199989527602362,mm_per_hr
23,intensity,20,Raanana Basin 1 pixel,0,WRFrain_noPGW_HPE23.mat,WRFrain_PGW_V3_HPE23.mat,41.0666341781616,18.4481048583984,-22.6185293197632,0.449223687979005,mm_per_hr
23,intensity,20,Raanana Basin 2 pixel,0,WRFrain_noPGW_HPE23.mat,WRFrain_PGW_V3_HPE23.mat,33.7000147104263,13.7829068899155,-19.9171078205109,0.408988156484431,mm_per_hr
23,intensity,20,Raanana Basin 3 pixel,0,WRFrain_noPGW_HPE23.mat,WRFrain_PGW_V3_HPE23.mat,29.3188336690267,11.1552716096242,-18.1635620594025,0.380481424859987,mm_per_hr
23,intensity,30,Raanana Basin,0,WRFrain_noPGW_HPE23.mat,WRFrain_PGW_V3_HPE23.mat,13.146155441139,2.99607573196782,-10.1500797091712,0.227905089467605,mm_per_hr
23,intensity,30,Raanana Basin 1 pixel,0,WRFrain_noPGW_HPE23.mat,WRFrain_PGW_V3_HPE23.mat,29.397049665451,12.885856628418,-16.5111930370331,0.438338431069227,mm_per_hr
23,intensity,30,Raanana Basin 2 pixel,0,WRFrain_noPGW_HPE23.mat,WRFrain_PGW_V3_HPE23.mat,26.0400613546371,9.74366998672485,-16.2963913679123,0.37417999343499,mm_per_hr
23,intensity,30,Raanana Basin 3 pixel,0,WRFrain_noPGW_HPE23.mat,WRFrain_PGW_V3_HPE23.mat,24.788457552592,7.65111245049371,-17.1373451020983,0.308656253994863,mm_per_hr
23,intensity,60,Raanana Basin,0,WRFrain_noPGW_HPE23.mat,WRFrain_PGW_V3_HPE23.mat,7.77892881056508,2.33695258226152,-5.44197622830355,0.300420872741187,mm_per_hr
23,intensity,60,Raanana Basin 1 pixel,0,WRFrain_noPGW_HPE23.mat,WRFrain_PGW_V3_HPE23.mat,15.1995522379875,6.66085195541382,-8.5387002825737,0.438226853733669,mm_per_hr
23,intensity,60,Raanana Basin 2 pixel,0,WRFrain_noPGW_HPE23.mat,WRFrain_PGW_V3_HPE23.mat,13.3750905692577,5.05930870771408,-8.31578186154366,0.37826351018084,mm_per_hr
23,intensity,60,Raanana Basin 3 pixel,0,WRFrain_noPGW_HPE23.mat,WRFrain_PGW_V3_HPE23.mat,13.4406109253565,3.91643052630954,-9.524180399047,0.291387835572337,mm_per_hr
23,intensity,120,Raanana Basin,0,WRFrain_noPGW_HPE23.mat,WRFrain_PGW_V3_HPE23.mat,4.0105294581163,1.23827340029659,-2.77225605781971,0.308755592803498,mm_per_hr
23,intensity,120,Raanana Basin 1 pixel,0,WRFrain_noPGW_HPE23.mat,WRFrain_PGW_V3_HPE23.mat,7.60655149817467,3.57574808597565,-4.03080341219902,0.470087934964184,mm_per_hr
23,intensity,120,Raanana Basin 2 pixel,0,WRFrain_noPGW_HPE23.mat,WRFrain_PGW_V3_HPE23.mat,6.69233296811581,2.84257949143648,-3.84975347667933,0.424751653119973,mm_per_hr
23,intensity,120,Raanana Basin 3 pixel,0,WRFrain_noPGW_HPE23.mat,WRFrain_PGW_V3_HPE23.mat,7.02496933937073,2.2905853887399,-4.73438395063082,0.326063400149315,mm_per_hr
23,intensity,240,Raanana Basin,0,WRFrain_noPGW_HPE23.mat,WRFrain_PGW_V3_HPE23.mat,2.00937427703726,0.619138712280935,-1.39023556475633,0.308125130970537,mm_per_hr
23,intensity,240,Raanana Basin 1 pixel,0,WRFrain_noPGW_HPE23.mat,WRFrain_PGW_V3_HPE23.mat,3.80393919534981,1.9279907643795,-1.87594843097031,0.506840584291254,mm_per_hr
23,intensity,240,Raanana Basin 2 pixel,0,WRFrain_noPGW_HPE23.mat,WRFrain_PGW_V3_HPE23.mat,3.34658816177398,1.51411751285195,-1.83247064892203,0.452436164732424,mm_per_hr
23,intensity,240,Raanana Basin 3 pixel,0,WRFrain_noPGW_HPE23.mat,WRFrain_PGW_V3_HPE23.mat,3.51509823070632,1.27835679550966,-2.23674143519666,0.36367598047261,mm_per_hr
23,intensity,360,Raanana Basin,0,WRFrain_noPGW_HPE23.mat,WRFrain_PGW_V3_HPE23.mat,1.33958531700969,0.771446856191769,-0.568138460817924,0.575884825248638,mm_per_hr
23,intensity,360,Raanana Basin 1 pixel,0,WRFrain_noPGW_HPE23.mat,WRFrain_PGW_V3_HPE23.mat,2.53595946356654,1.38923805455367,-1.14672140901287,0.547815560348059,mm_per_hr
23,intensity,360,Raanana Basin 2 pixel,0,WRFrain_noPGW_HPE23.mat,WRFrain_PGW_V3_HPE23.mat,2.53491812944412,1.14128818983833,-1.39362993960579,0.45022684424471,mm_per_hr
23,intensity,360,Raanana Basin 3 pixel,0,WRFrain_noPGW_HPE23.mat,WRFrain_PGW_V3_HPE23.mat,2.47701008231552,0.990047662898346,-1.48696241941717,0.399694643944625,mm_per_hr
23,intensity,720,Raanana Basin,0,WRFrain_noPGW_HPE23.mat,WRFrain_PGW_V3_HPE23.mat,1.22291702076327,0.410038121286468,-0.812878899476798,0.335295129861345,mm_per_hr
23,intensity,720,Raanana Basin 1 pixel,0,WRFrain_noPGW_HPE23.mat,WRFrain_PGW_V3_HPE23.mat,2.21175363721947,0.752451072136561,-1.45930256508291,0.34020564473108,mm_per_hr
23,intensity,720,Raanana Basin 2 pixel,0,WRFrain_noPGW_HPE23.mat,WRFrain_PGW_V3_HPE23.mat,2.20013154453288,0.663370668888092,-1.53676087564478,0.301514093798849,mm_per_hr
23,intensity,720,Raanana Basin 3 pixel,0,WRFrain_noPGW_HPE23.mat,WRFrain_PGW_V3_HPE23.mat,2.02613396359677,0.56970344580434,-1.45643051779243,0.281177580574687,mm_per_hr
23,intensity,1440,Raanana Basin,0,WRFrain_noPGW_HPE23.mat,WRFrain_PGW_V3_HPE23.mat,0.64508772731267,0.205683983847985,-0.439403743464685,0.318846530695648,mm_per_hr
23,intensity,1440,Raanana Basin 1 pixel,0,WRFrain_noPGW_HPE23.mat,WRFrain_PGW_V3_HPE23.mat,1.20304176211357,0.376405263940493,-0.826636498173078,0.312877969655188,mm_per_hr
23,intensity,1440,Raanana Basin 2 pixel,0,WRFrain_noPGW_HPE23.mat,WRFrain_PGW_V3_HPE23.mat,1.18355642212555,0.332214028264085,-0.851342393861463,0.280691331696264,mm_per_hr
23,intensity,1440,Raanana Basin 3 pixel,0,WRFrain_noPGW_HPE23.mat,WRFrain_PGW_V3_HPE23.mat,1.09128279855509,0.285154247380517,-0.806128551174576,0.26130188046405,mm_per_hr
24,total,0,Raanana Basin,0,WRFrain_noPGW_HPE24.mat,WRFrain_PGW_V3_HPE24.mat,70.8086412600557,90.9361184560298,20.1274771959741,1.28425170767015,mm
24,total,0,Raanana Basin 1 pixel,0,WRFrain_noPGW_HPE24.mat,WRFrain_PGW_V3_HPE24.mat,86.1351165614033,112.366226136684,26.2311095752812,1.30453444103233,mm
24,total,0,Raanana Basin 2 pixel,0,WRFrain_noPGW_HPE24.mat,WRFrain_PGW_V3_HPE24.mat,86.1286926146204,111.781850798056,25.6531581834352,1.29784683134829,mm
24,total,0,Raanana Basin 3 pixel,0,WRFrain_noPGW_HPE24.mat,WRFrain_PGW_V3_HPE24.mat,86.1375172930133,111.590253198002,25.4527359049886,1.29548954630775,mm
24,intensity,10,Raanana Basin,0,WRFrain_noPGW_HPE24.mat,WRFrain_PGW_V3_HPE24.mat,16.5007428816493,24.3871548811096,7.8864119994603,1.47794284512068,mm_per_hr
24,intensity,10,Raanana Basin 1 pixel,0,WRFrain_noPGW_HPE24.mat,WRFrain_PGW_V3_HPE24.mat,41.2131271362305,57.6174545288086,16.4043273925781,1.39803646392455,mm_per_hr
24,intensity,10,Raanana Basin 2 pixel,0,WRFrain_noPGW_HPE24.mat,WRFrain_PGW_V3_HPE24.mat,37.4904470443726,55.6280937194824,18.1376466751099,1.48379382229406,mm_per_hr
24,intensity,10,Raanana Basin 3 pixel,0,WRFrain_noPGW_HPE24.mat,WRFrain_PGW_V3_HPE24.mat,41.8944346110026,49.7021052042643,7.80767059326171,1.18636534102339,mm_per_hr
24,intensity,20,Raanana Basin,0,WRFrain_noPGW_HPE24.mat,WRFrain_PGW_V3_HPE24.mat,13.4918378447197,17.6000224893743,4.10818464465463,1.30449407204093,mm_per_hr
24,intensity,20,Raanana Basin 1 pixel,0,WRFrain_noPGW_HPE24.mat,WRFrain_PGW_V3_HPE24.mat,23.3783340454102,46.3597068786621,22.981372833252,1.98302012404361,mm_per_hr
24,intensity,20,Raanana Basin 2 pixel,0,WRFrain_noPGW_HPE24.mat,WRFrain_PGW_V3_HPE24.mat,22.4223661422729,41.0713548660278,18.6489887237549,1.83171368291038,mm_per_hr
24,intensity,20,Raanana Basin 3 pixel,0,WRFrain_noPGW_HPE24.mat,WRFrain_PGW_V3_HPE24.mat,23.2231330871582,38.4150983492533,15.1919652620951,1.65417380183279,mm_per_hr
24,intensity,30,Raanana Basin,0,WRFrain_noPGW_HPE24.mat,WRFrain_PGW_V3_HPE24.mat,12.8778022000782,14.2615605820683,1.38375838199006,1.10745299240438,mm_per_hr
24,intensity,30,Raanana Basin 1 pixel,0,WRFrain_noPGW_HPE24.mat,WRFrain_PGW_V3_HPE24.mat,21.1671676635742,35.5285873413086,14.3614196777344,1.67847620928748,mm_per_hr
24,intensity,30,Raanana Basin 2 pixel,0,WRFrain_noPGW_HPE24.mat,WRFrain_PGW_V3_HPE24.mat,19.8180675506592,33.5916156768799,13.7735481262207,1.69499955487651,mm_per_hr
24,intensity,30,Raanana Basin 3 pixel,0,WRFrain_noPGW_HPE24.mat,WRFrain_PGW_V3_HPE24.mat,18.5874515109592,30.0844836764865,11.4970321655273,1.61853730506028,mm_per_hr
24,intensity,60,Raanana Basin,0,WRFrain_noPGW_HPE24.mat,WRFrain_PGW_V3_HPE24.mat,9.73324372687123,8.62795332606683,-1.1052904008044,0.886441721606853,mm_per_hr
24,intensity,60,Raanana Basin 1 pixel,0,WRFrain_noPGW_HPE24.mat,WRFrain_PGW_V3_HPE24.mat,15.7853660583496,20.2962799072266,4.51091384887695,1.2857655522338,mm_per_hr
24,intensity,60,Raanana Basin 2 pixel,0,WRFrain_noPGW_HPE24.mat,WRFrain_PGW_V3_HPE24.mat,17.8311901092529,19.789137840271,1.95794773101807,1.10980465796291,mm_per_hr
24,intensity,60,Raanana Basin 3 pixel,0,WRFrain_noPGW_HPE24.mat,WRFrain_PGW_V3_HPE24.mat,17.4648861355252,18.1964501274957,0.731563991970486,1.04188770463739,mm_per_hr
24,intensity,120,Raanana Basin,0,WRFrain_noPGW_HPE24.mat,WRFrain_PGW_V3_HPE24.mat,8.15206814526951,6.88942183484104,-1.26264631042847,0.845113376393798,mm_per_hr
24,intensity,120,Raanana Basin 1 pixel,0,WRFrain_noPGW_HPE24.mat,WRFrain_PGW_V3_HPE24.mat,10.0155301094055,12.1632957458496,2.14776563644409,1.21444353049542,mm_per_hr
24,intensity,120,Raanana Basin 2 pixel,0,WRFrain_noPGW_HPE24.mat,WRFrain_PGW_V3_HPE24.mat,9.85028505325317,12.3772741556168,2.52698910236359,1.25653969288219,mm_per_hr
24,intensity,120,Raanana Basin 3 pixel,0,WRFrain_noPGW_HPE24.mat,WRFrain_PGW_V3_HPE24.mat,9.77279183599684,12.3528343041738,2.58004246817695,1.26400260145455,mm_per_hr
24,intensity,240,Raanana Basin,0,WRFrain_noPGW_HPE24.mat,WRFrain_PGW_V3_HPE24.mat,5.67676755874695,5.07427158176338,-0.602495976983566,0.893866364837288,mm_per_hr
24,intensity,240,Raanana Basin 1 pixel,0,WRFrain_noPGW_HPE24.mat,WRFrain_PGW_V3_HPE24.mat,6.63794451951981,7.83312678337097,1.19518226385117,1.18005306617682,mm_per_hr
24,intensity,240,Raanana Basin 2 pixel,0,WRFrain_noPGW_HPE24.mat,WRFrain_PGW_V3_HPE24.mat,6.54789084196091,8.01259937882423,1.46470853686333,1.22369165464351,mm_per_hr
24,intensity,240,Raanana Basin 3 pixel,0,WRFrain_noPGW_HPE24.mat,WRFrain_PGW_V3_HPE24.mat,6.47817812363307,8.05396751562754,1.57578939199448,1.24324576476924,mm_per_hr
24,intensity,360,Raanana Basin,0,WRFrain_noPGW_HPE24.mat,WRFrain_PGW_V3_HPE24.mat,4.51223659293498,4.17969165980629,-0.332544933128693,0.926301530010777,mm_per_hr
24,intensity,360,Raanana Basin 1 pixel,0,WRFrain_noPGW_HPE24.mat,WRFrain_PGW_V3_HPE24.mat,5.5727915763855,5.57639789581299,0.00360631942749023,1.0006471297873,mm_per_hr
24,intensity,360,Raanana Basin 2 pixel,0,WRFrain_noPGW_HPE24.mat,WRFrain_PGW_V3_HPE24.mat,5.82239282131195,5.78649381796519,-0.0358990033467617,0.993834321309384,mm_per_hr
24,intensity,360,Raanana Basin 3 pixel,0,WRFrain_noPGW_HPE24.mat,WRFrain_PGW_V3_HPE24.mat,5.88536600271861,5.84644520724261,-0.0389207954759945,0.993386852158725,mm_per_hr
24,intensity,720,Raanana Basin,0,WRFrain_noPGW_HPE24.mat,WRFrain_PGW_V3_HPE24.mat,2.97388519962535,2.83003869032256,-0.143846509302796,0.95163010686461,mm_per_hr
24,intensity,720,Raanana Basin 1 pixel,0,WRFrain_noPGW_HPE24.mat,WRFrain_PGW_V3_HPE24.mat,3.68407603104909,3.77617605527242,0.0921000242233276,1.02499949063133,mm_per_hr
24,intensity,720,Raanana Basin 2 pixel,0,WRFrain_noPGW_HPE24.mat,WRFrain_PGW_V3_HPE24.mat,3.83315086861451,3.92621445655823,0.0930635879437127,1.02427861337411,mm_per_hr
24,intensity,720,Raanana Basin 3 pixel,0,WRFrain_noPGW_HPE24.mat,WRFrain_PGW_V3_HPE24.mat,3.87665619287226,4.04573068353865,0.169074490666389,1.04361348601851,mm_per_hr
24,intensity,1440,Raanana Basin,0,WRFrain_noPGW_HPE24.mat,WRFrain_PGW_V3_HPE24.mat,1.75424142537617,1.81555933867084,0.0613179132946693,1.03495409035932,mm_per_hr
24,intensity,1440,Raanana Basin 1 pixel,0,WRFrain_noPGW_HPE24.mat,WRFrain_PGW_V3_HPE24.mat,2.07872614512841,2.40923881717026,0.330512672041853,1.15899769809334,mm_per_hr
24,intensity,1440,Raanana Basin 2 pixel,0,WRFrain_noPGW_HPE24.mat,WRFrain_PGW_V3_HPE24.mat,2.14775466363547,2.46927285134249,0.321518187707019,1.14969968085777,mm_per_hr
24,intensity,1440,Raanana Basin 3 pixel,0,WRFrain_noPGW_HPE24.mat,WRFrain_PGW_V3_HPE24.mat,2.1647942847485,2.47723392219955,0.312439637451058,1.14432763410929,mm_per_hr
25,total,0,Raanana Basin,0,WRFrain_noPGW_HPE25.mat,WRFrain_PGW_V3_HPE25.mat,68.090685970728,39.0919664992064,-28.9987194715216,0.574116209021774,mm
25,total,0,Raanana Basin 1 pixel,0,WRFrain_noPGW_HPE25.mat,WRFrain_PGW_V3_HPE25.mat,76.3792343093082,46.882114409008,-29.4971199003003,0.61380707508997,mm
25,total,0,Raanana Basin 2 pixel,0,WRFrain_noPGW_HPE25.mat,WRFrain_PGW_V3_HPE25.mat,81.0299930542569,49.69788354102,-31.3321095132369,0.613327012230432,mm
25,total,0,Raanana Basin 3 pixel,0,WRFrain_noPGW_HPE25.mat,WRFrain_PGW_V3_HPE25.mat,83.9595701286651,50.5891668019099,-33.3704033267552,0.602541994014307,mm
25,intensity,10,Raanana Basin,0,WRFrain_noPGW_HPE25.mat,WRFrain_PGW_V3_HPE25.mat,17.4153956526125,17.8941251297122,0.478729477099677,1.02748886598094,mm_per_hr
25,intensity,10,Raanana Basin 1 pixel,0,WRFrain_noPGW_HPE25.mat,WRFrain_PGW_V3_HPE25.mat,33.7107095718384,34.1093902587891,0.398680686950684,1.01182652907679,mm_per_hr
25,intensity,10,Raanana Basin 2 pixel,0,WRFrain_noPGW_HPE25.mat,WRFrain_PGW_V3_HPE25.mat,32.0002691745758,32.988000869751,0.987731695175171,1.03086635583553,mm_per_hr
25,intensity,10,Raanana Basin 3 pixel,0,WRFrain_noPGW_HPE25.mat,WRFrain_PGW_V3_HPE25.mat,29.0098622639974,30.806453704834,1.79659144083659,1.06193036783447,mm_per_hr
25,intensity,20,Raanana Basin,0,WRFrain_noPGW_HPE25.mat,WRFrain_PGW_V3_HPE25.mat,14.6713666521643,10.1665203618382,-4.50484629032614,0.692949784629534,mm_per_hr
25,intensity,20,Raanana Basin 1 pixel,0,WRFrain_noPGW_HPE25.mat,WRFrain_PGW_V3_HPE25.mat,19.2502341270447,19.3470811843872,0.0968470573425293,1.00503095477714,mm_per_hr
25,intensity,20,Raanana Basin 2 pixel,0,WRFrain_noPGW_HPE25.mat,WRFrain_PGW_V3_HPE25.mat,19.0014324188232,19.3514220714569,0.349989652633667,1.01841911940739,mm_per_hr
25,intensity,20,Raanana Basin 3 pixel,0,WRFrain_noPGW_HPE25.mat,WRFrain_PGW_V3_HPE25.mat,22.1107711791992,18.2494449615478,-3.86132621765137,0.82536447117304,mm_per_hr
25,intensity,30,Raanana Basin,0,WRFrain_noPGW_HPE25.mat,WRFrain_PGW_V3_HPE25.mat,10.5339562141783,8.79577524135572,-1.7381809728226,0.834992576627282,mm_per_hr
25,intensity,30,Raanana Basin 1 pixel,0,WRFrain_noPGW_HPE25.mat,WRFrain_PGW_V3_HPE25.mat,14.0140352249146,13.951096534729,-0.0629386901855469,0.995508881690717,mm_per_hr
25,intensity,30,Raanana Basin 2 pixel,0,WRFrain_noPGW_HPE25.mat,WRFrain_PGW_V3_HPE25.mat,15.7122192382812,13.5118854045868,-2.20033383369446,0.859960340399683,mm_per_hr
25,intensity,30,Raanana Basin 3 pixel,0,WRFrain_noPGW_HPE25.mat,WRFrain_PGW_V3_HPE25.mat,18.9198481241862,12.2604535420736,-6.65939458211263,0.6480207167414,mm_per_hr
25,intensity,60,Raanana Basin,0,WRFrain_noPGW_HPE25.mat,WRFrain_PGW_V3_HPE25.mat,6.28976844788345,4.9366724370599,-1.35309601082356,0.784873477929242,mm_per_hr
25,intensity,60,Raanana Basin 1 pixel,0,WRFrain_noPGW_HPE25.mat,WRFrain_PGW_V3_HPE25.mat,9.01167678833008,7.59899696707726,-1.41267982125282,0.843238960469353,mm_per_hr
25,intensity,60,Raanana Basin 2 pixel,0,WRFrain_noPGW_HPE25.mat,WRFrain_PGW_V3_HPE25.mat,9.75254917144775,7.91368812695146,-1.8388610444963,0.811448164764975,mm_per_hr
25,intensity,60,Raanana Basin 3 pixel,0,WRFrain_noPGW_HPE25.mat,WRFrain_PGW_V3_HPE25.mat,11.5538478427463,7.49733872918619,-4.05650911356012,0.648904056140322,mm_per_hr
25,intensity,120,Raanana Basin,0,WRFrain_noPGW_HPE25.mat,WRFrain_PGW_V3_HPE25.mat,5.0834100650022,3.69436813895605,-1.38904192604615,0.726749975255921,mm_per_hr
25,intensity,120,Raanana Basin 1 pixel,0,WRFrain_noPGW_HPE25.mat,WRFrain_PGW_V3_HPE25.mat,7.29009056091309,5.33730220794678,-1.95278835296631,0.732131125580733,mm_per_hr
25,intensity,120,Raanana Basin 2 pixel,0,WRFrain_noPGW_HPE25.mat,WRFrain_PGW_V3_HPE25.mat,8.32227492332458,5.36390626430511,-2.95836865901947,0.644524041049384,mm_per_hr
25,intensity,120,Raanana Basin 3 pixel,0,WRFrain_noPGW_HPE25.mat,WRFrain_PGW_V3_HPE25.mat,9.15069940355089,5.27225997712877,-3.87843942642212,0.576159235990518,mm_per_hr
25,intensity,240,Raanana Basin,0,WRFrain_noPGW_HPE25.mat,WRFrain_PGW_V3_HPE25.mat,3.83375651896187,2.38231931584756,-1.45143720311431,0.621406003241087,mm_per_hr
25,intensity,240,Raanana Basin 1 pixel,0,WRFrain_noPGW_HPE25.mat,WRFrain_PGW_V3_HPE25.mat,5.88366508483887,3.22691869735718,-2.65674638748169,0.548453838012017,mm_per_hr
25,intensity,240,Raanana Basin 2 pixel,0,WRFrain_noPGW_HPE25.mat,WRFrain_PGW_V3_HPE25.mat,6.51963770389557,3.19369524717331,-3.32594245672226,0.489857779254365,mm_per_hr
25,intensity,240,Raanana Basin 3 pixel,0,WRFrain_noPGW_HPE25.mat,WRFrain_PGW_V3_HPE25.mat,6.94351450602213,3.43936685721079,-3.50414764881134,0.495335158330528,mm_per_hr
25,intensity,360,Raanana Basin,0,WRFrain_noPGW_HPE25.mat,WRFrain_PGW_V3_HPE25.mat,3.83066885997011,2.01716859064132,-1.81350026932879,0.526583911159854,mm_per_hr
25,intensity,360,Raanana Basin 1 pixel,0,WRFrain_noPGW_HPE25.mat,WRFrain_PGW_V3_HPE25.mat,5.04558722178141,2.7748867670695,-2.27070045471191,0.549963095492736,mm_per_hr
25,intensity,360,Raanana Basin 2 pixel,0,WRFrain_noPGW_HPE25.mat,WRFrain_PGW_V3_HPE25.mat,5.48077090581258,2.88668652375539,-2.59408438205719,0.526693520558202,mm_per_hr
25,intensity,360,Raanana Basin 3 pixel,0,WRFrain_noPGW_HPE25.mat,WRFrain_PGW_V3_HPE25.mat,5.71613534291585,3.0034138361613,-2.71272150675456,0.525427348371571,mm_per_hr
25,intensity,720,Raanana Basin,0,WRFrain_noPGW_HPE25.mat,WRFrain_PGW_V3_HPE25.mat,3.19247695159015,1.3368588962525,-1.85561805533765,0.418752873246782,mm_per_hr
25,intensity,720,Raanana Basin 1 pixel,0,WRFrain_noPGW_HPE25.mat,WRFrain_PGW_V3_HPE25.mat,3.66166718800863,1.75816182295481,-1.90350536505381,0.480153365306523,mm_per_hr
25,intensity,720,Raanana Basin 2 pixel,0,WRFrain_noPGW_HPE25.mat,WRFrain_PGW_V3_HPE25.mat,3.82971767584483,1.80035489797592,-2.02936277786891,0.470101205979568,mm_per_hr
25,intensity,720,Raanana Basin 3 pixel,0,WRFrain_noPGW_HPE25.mat,WRFrain_PGW_V3_HPE25.mat,3.96044058269925,1.89241508201317,-2.06802550068608,0.477829433997817,mm_per_hr
25,intensity,1440,Raanana Basin,0,WRFrain_noPGW_HPE25.mat,WRFrain_PGW_V3_HPE25.mat,1.98073132614855,1.13086125838532,-0.849870067763229,0.570931172469633,mm_per_hr
25,intensity,1440,Raanana Basin 1 pixel,0,WRFrain_noPGW_HPE25.mat,WRFrain_PGW_V3_HPE25.mat,2.20895616213481,1.47530404726664,-0.733652114868164,0.667873845826284,mm_per_hr
25,intensity,1440,Raanana Basin 2 pixel,0,WRFrain_noPGW_HPE25.mat,WRFrain_PGW_V3_HPE25.mat,2.34764774640401,1.56522253155708,-0.782425214846929,0.666719499956754,mm_per_hr
25,intensity,1440,Raanana Basin 3 pixel,0,WRFrain_noPGW_HPE25.mat,WRFrain_PGW_V3_HPE25.mat,2.44721325238546,1.6490824730308,-0.79813077935466,0.673861369222044,mm_per_hr
26,total,0,Raanana Basin,0,WRFrain_noPGW_HPE26.mat,WRFrain_PGW_V3_HPE26.mat,22.3432072425565,24.0987202816143,1.7555130390578,1.07857032430483,mm
26,total,0,Raanana Basin 1 pixel,0,WRFrain_noPGW_HPE26.mat,WRFrain_PGW_V3_HPE26.mat,30.8622493713119,32.1014747869995,1.23922541568754,1.04015343796812,mm
26,total,0,Raanana Basin 2 pixel,0,WRFrain_noPGW_HPE26.mat,WRFrain_PGW_V3_HPE26.mat,33.0099997397422,31.564460318099,-1.44553942164316,0.956209044742802,mm
26,total,0,Raanana Basin 3 pixel,0,WRFrain_noPGW_HPE26.mat,WRFrain_PGW_V3_HPE26.mat,33.3978595501035,33.9080020194718,0.510142469368247,1.01527470551228,mm
26,intensity,10,Raanana Basin,0,WRFrain_noPGW_HPE26.mat,WRFrain_PGW_V3_HPE26.mat,13.4027477738252,21.5524566726625,8.14970889883729,1.60806254332065,mm_per_hr
26,intensity,10,Raanana Basin 1 pixel,0,WRFrain_noPGW_HPE26.mat,WRFrain_PGW_V3_HPE26.mat,26.5838470458984,47.8258438110352,21.2419967651367,1.7990565371694,mm_per_hr
26,intensity,10,Raanana Basin 2 pixel,0,WRFrain_noPGW_HPE26.mat,WRFrain_PGW_V3_HPE26.mat,22.6357569694519,45.459174156189,22.8234171867371,2.00829043259028,mm_per_hr
26,intensity,10,Raanana Basin 3 pixel,0,WRFrain_noPGW_HPE26.mat,WRFrain_PGW_V3_HPE26.mat,23.041789372762,36.4566561381022,13.4148667653402,1.58219726551264,mm_per_hr
26,intensity,20,Raanana Basin,0,WRFrain_noPGW_HPE26.mat,WRFrain_PGW_V3_HPE26.mat,9.14615160955531,18.5058866333812,9.3597350238259,2.02335227135831,mm_per_hr
26,intensity,20,Raanana Basin 1 pixel,0,WRFrain_noPGW_HPE26.mat,WRFrain_PGW_V3_HPE26.mat,20.9260225296021,31.0321340560913,10.1061115264893,1.48294469301049,mm_per_hr
26,intensity,20,Raanana Basin 2 pixel,0,WRFrain_noPGW_HPE26.mat,WRFrain_PGW_V3_HPE26.mat,20.0125243663788,30.1655201911926,10.1529958248138,1.50733209059178,mm_per_hr
26,intensity,20,Raanana Basin 3 pixel,0,WRFrain_noPGW_HPE26.mat,WRFrain_PGW_V3_HPE26.mat,18.4636917114258,24.6201588312785,6.1564671198527,1.33343641217985,mm_per_hr
26,intensity,30,Raanana Basin,0,WRFrain_noPGW_HPE26.mat,WRFrain_PGW_V3_HPE26.mat,7.13867738329131,13.4996790388909,6.36100165559954,1.89106165106831,mm_per_hr
26,intensity,30,Raanana Basin 1 pixel,0,WRFrain_noPGW_HPE26.mat,WRFrain_PGW_V3_HPE26.mat,15.4466667175293,21.1842937469482,5.73762702941895,1.37144758376302,mm_per_hr
26,intensity,30,Raanana Basin 2 pixel,0,WRFrain_noPGW_HPE26.mat,WRFrain_PGW_V3_HPE26.mat,16.9988403320312,21.1323394775391,4.13349914550781,1.2431635961495,mm_per_hr
26,intensity,30,Raanana Basin 3 pixel,0,WRFrain_noPGW_HPE26.mat,WRFrain_PGW_V3_HPE26.mat,14.7846605512831,18.8567757076687,4.07211515638564,1.27542838351011,mm_per_hr
26,intensity,60,Raanana Basin,0,WRFrain_noPGW_HPE26.mat,WRFrain_PGW_V3_HPE26.mat,4.21427052671259,7.77546979846626,3.56119927175366,1.84503338102778,mm_per_hr
26,intensity,60,Raanana Basin 1 pixel,0,WRFrain_noPGW_HPE26.mat,WRFrain_PGW_V3_HPE26.mat,10.451376914978,11.042498588562,0.591121673583984,1.05655921496208,mm_per_hr
26,intensity,60,Raanana Basin 2 pixel,0,WRFrain_noPGW_HPE26.mat,WRFrain_PGW_V3_HPE26.mat,11.643230676651,11.1785426139832,-0.464688062667847,0.96008942229413,mm_per_hr
26,intensity,60,Raanana Basin 3 pixel,0,WRFrain_noPGW_HPE26.mat,WRFrain_PGW_V3_HPE26.mat,10.6636394924588,10.4720709058974,-0.191568586561417,0.982035346684695,mm_per_hr
26,intensity,120,Raanana Basin,0,WRFrain_noPGW_HPE26.mat,WRFrain_PGW_V3_HPE26.mat,2.58305686637526,3.89122431835037,1.30816745197511,1.50644159987497,mm_per_hr
26,intensity,120,Raanana Basin 1 pixel,0,WRFrain_noPGW_HPE26.mat,WRFrain_PGW_V3_HPE26.mat,7.63955783843994,5.75978183746338,-1.87977600097656,0.75394178030591,mm_per_hr
26,intensity,120,Raanana Basin 2 pixel,0,WRFrain_noPGW_HPE26.mat,WRFrain_PGW_V3_HPE26.mat,8.45823168754578,5.80708360671997,-2.65114808082581,0.686560007013114,mm_per_hr
26,intensity,120,Raanana Basin 3 pixel,0,WRFrain_noPGW_HPE26.mat,WRFrain_PGW_V3_HPE26.mat,7.95804368125068,5.51845330662197,-2.4395903746287,0.69344345515765,mm_per_hr
26,intensity,240,Raanana Basin,0,WRFrain_noPGW_HPE26.mat,WRFrain_PGW_V3_HPE26.mat,2.19076686779907,2.2703037959287,0.0795369281296305,1.03630551899369,mm_per_hr
26,intensity,240,Raanana Basin 1 pixel,0,WRFrain_noPGW_HPE26.mat,WRFrain_PGW_V3_HPE26.mat,4.60358285903931,3.43254877626896,-1.17103408277035,0.745625501130934,mm_per_hr
26,intensity,240,Raanana Basin 2 pixel,0,WRFrain_noPGW_HPE26.mat,WRFrain_PGW_V3_HPE26.mat,5.21099662780762,3.969302540645,-1.24169408716261,0.76171658209554,mm_per_hr
26,intensity,240,Raanana Basin 3 pixel,0,WRFrain_noPGW_HPE26.mat,WRFrain_PGW_V3_HPE26.mat,5.13342282507155,4.36668265031444,-0.76674017475711,0.850637634793619,mm_per_hr
26,intensity,360,Raanana Basin,0,WRFrain_noPGW_HPE26.mat,WRFrain_PGW_V3_HPE26.mat,1.54729077553176,2.26779270558273,0.720501930050965,1.4656538650942,mm_per_hr
26,intensity,360,Raanana Basin 1 pixel,0,WRFrain_noPGW_HPE26.mat,WRFrain_PGW_V3_HPE26.mat,3.25455284118652,3.30730581283569,0.0527529716491699,1.0162089768467,mm_per_hr
26,intensity,360,Raanana Basin 2 pixel,0,WRFrain_noPGW_HPE26.mat,WRFrain_PGW_V3_HPE26.mat,3.66469979286194,3.16303984324137,-0.501659949620564,0.863110219669919,mm_per_hr
26,intensity,360,Raanana Basin 3 pixel,0,WRFrain_noPGW_HPE26.mat,WRFrain_PGW_V3_HPE26.mat,3.61236840707284,2.97160214192613,-0.640766265146711,0.82261879383838,mm_per_hr
26,intensity,720,Raanana Basin,0,WRFrain_noPGW_HPE26.mat,WRFrain_PGW_V3_HPE26.mat,0.832337688907685,1.13893029635603,0.306592607448343,1.36835122515081,mm_per_hr
26,intensity,720,Raanana Basin 1 pixel,0,WRFrain_noPGW_HPE26.mat,WRFrain_PGW_V3_HPE26.mat,1.65143402417501,1.6821760336558,0.0307420094807944,1.01861534220003,mm_per_hr
26,intensity,720,Raanana Basin 2 pixel,0,WRFrain_noPGW_HPE26.mat,WRFrain_PGW_V3_HPE26.mat,1.85610121488571,1.60505127906799,-0.251049935817718,0.864743402027687,mm_per_hr
26,intensity,720,Raanana Basin 3 pixel,0,WRFrain_noPGW_HPE26.mat,WRFrain_PGW_V3_HPE26.mat,1.83235378177078,1.52866481244943,-0.303688969321347,0.834262917814996,mm_per_hr
26,intensity,1440,Raanana Basin,0,WRFrain_noPGW_HPE26.mat,WRFrain_PGW_V3_HPE26.mat,0.416168844453843,0.886009651827923,0.46984080737408,2.12896679709572,mm_per_hr
26,intensity,1440,Raanana Basin 1 pixel,0,WRFrain_noPGW_HPE26.mat,WRFrain_PGW_V3_HPE26.mat,0.825717012087504,1.23168944319089,0.405972431103388,1.49166049041069,mm_per_hr
26,intensity,1440,Raanana Basin 2 pixel,0,WRFrain_noPGW_HPE26.mat,WRFrain_PGW_V3_HPE26.mat,0.928050607442856,1.14840967704852,0.220359069605668,1.23744294528597,mm_per_hr
26,intensity,1440,Raanana Basin 3 pixel,0,WRFrain_noPGW_HPE26.mat,WRFrain_PGW_V3_HPE26.mat,0.916176890885388,1.1442226287417,0.228045737856308,1.24891016148194,mm_per_hr
27,total,0,Raanana Basin,0,WRFrain_noPGW_HPE27.mat,WRFrain_PGW_V3_HPE27.mat,2.06423916453564,0.00868117880726698,-2.05555798572837,0.00420551017363333,mm
27,total,0,Raanana Basin 1 pixel,0,WRFrain_noPGW_HPE27.mat,WRFrain_PGW_V3_HPE27.mat,5.3168559056794,0.0913082950064563,-5.22554761067295,0.0171733627215516,mm
27,total,0,Raanana Basin 2 pixel,0,WRFrain_noPGW_HPE27.mat,WRFrain_PGW_V3_HPE27.mat,5.25428485246766,0.0996402891287289,-5.15464456333893,0.018963625293732,mm
27,total,0,Raanana Basin 3 pixel,0,WRFrain_noPGW_HPE27.mat,WRFrain_PGW_V3_HPE27.mat,5.08351081246285,0.0970505877318525,-4.986460224731,0.0190912523474763,mm
27,intensity,10,Raanana Basin,0,WRFrain_noPGW_HPE27.mat,WRFrain_PGW_V3_HPE27.mat,4.01845109682285,0.0400919670992081,-3.97835912972364,0.00997697026371839,mm_per_hr
27,intensity,10,Raanana Basin 1 pixel,0,WRFrain_noPGW_HPE27.mat,WRFrain_PGW_V3_HPE27.mat,14.0276627540588,0.337808914482594,-13.6898538395762,0.0240816250294334,mm_per_hr
27,intensity,10,Raanana Basin 2 pixel,0,WRFrain_noPGW_HPE27.mat,WRFrain_PGW_V3_HPE27.mat,13.3250370025635,0.332028664648533,-12.9930083379149,0.0249176542312533,mm_per_hr
27,intensity,10,Raanana Basin 3 pixel,0,WRFrain_noPGW_HPE27.mat,WRFrain_PGW_V3_HPE27.mat,11.7452200253805,0.407506906737884,-11.3377131186426,0.034695553242706,mm_per_hr
27,intensity,20,Raanana Basin,0,WRFrain_noPGW_HPE27.mat,WRFrain_PGW_V3_HPE27.mat,2.89934885894243,0.0244472287382147,-2.87490163020422,0.00843197211774372,mm_per_hr
27,intensity,20,Raanana Basin 1 pixel,0,WRFrain_noPGW_HPE27.mat,WRFrain_PGW_V3_HPE27.mat,7.03770804405212,0.265809662640095,-6.77189838141203,0.0377693506147562,mm_per_hr
27,intensity,20,Raanana Basin 2 pixel,0,WRFrain_noPGW_HPE27.mat,WRFrain_PGW_V3_HPE27.mat,6.69477689266205,0.292929598130286,-6.40184729453176,0.0437549455085437,mm_per_hr
27,intensity,20,Raanana Basin 3 pixel,0,WRFrain_noPGW_HPE27.mat,WRFrain_PGW_V3_HPE27.mat,6.44136011600494,0.286303765450915,-6.15505635055403,0.0444477191609784,mm_per_hr
27,intensity,30,Raanana Basin,0,WRFrain_noPGW_HPE27.mat,WRFrain_PGW_V3_HPE27.mat,1.94463834904578,0.0164699963558382,-1.92816835268994,0.00846943924762148,mm_per_hr
27,intensity,30,Raanana Basin 1 pixel,0,WRFrain_noPGW_HPE27.mat,WRFrain_PGW_V3_HPE27.mat,4.69407749176025,0.180608287453651,-4.5134692043066,0.0384757788448704,mm_per_hr
27,intensity,30,Raanana Basin 2 pixel,0,WRFrain_noPGW_HPE27.mat,WRFrain_PGW_V3_HPE27.mat,4.46446931362152,0.196235904470086,-4.26823340915143,0.0439550348954918,mm_per_hr
27,intensity,30,Raanana Basin 3 pixel,0,WRFrain_noPGW_HPE27.mat,WRFrain_PGW_V3_HPE27.mat,4.3335803217358,0.193511959579256,-4.14006836215655,0.0446540608947904,mm_per_hr
27,intensity,60,Raanana Basin,0,WRFrain_noPGW_HPE27.mat,WRFrain_PGW_V3_HPE27.mat,1.02982597568052,0.00864847304483064,-1.02117750263569,0.0083979946603266,mm_per_hr
27,intensity,60,Raanana Basin 1 pixel,0,WRFrain_noPGW_HPE27.mat,WRFrain_PGW_V3_HPE27.mat,2.65935444831848,0.0908757671713829,-2.5684786811471,0.0341721154278039,mm_per_hr
27,intensity,60,Raanana Basin 2 pixel,0,WRFrain_noPGW_HPE27.mat,WRFrain_PGW_V3_HPE27.mat,2.52654629945755,0.0993350809003459,-2.4272112185572,0.0393165488088119,mm_per_hr
27,intensity,60,Raanana Basin 3 pixel,0,WRFrain_noPGW_HPE27.mat,WRFrain_PGW_V3_HPE27.mat,2.258071369595,0.0970111898824244,-2.16106017971257,0.0429619679823601,mm_per_hr
27,intensity,120,Raanana Basin,0,WRFrain_noPGW_HPE27.mat,WRFrain_PGW_V3_HPE27.mat,0.772847803227814,0.00432423652241532,-0.768523566705398,0.00559519805109759,mm_per_hr
27,intensity,120,Raanana Basin 1 pixel,0,WRFrain_noPGW_HPE27.mat,WRFrain_PGW_V3_HPE27.mat,2.35186502337456,0.0454378835856915,-2.30642713978887,0.0193199367880795,mm_per_hr
27,intensity,120,Raanana Basin 2 pixel,0,WRFrain_noPGW_HPE27.mat,WRFrain_PGW_V3_HPE27.mat,2.30716653168201,0.049667540450173,-2.25749899123184,0.0215275056083461,mm_per_hr
27,intensity,120,Raanana Basin 3 pixel,0,WRFrain_noPGW_HPE27.mat,WRFrain_PGW_V3_HPE27.mat,2.19918824732304,0.0485055949412122,-2.15068265238182,0.0220561359402751,mm_per_hr
27,intensity,240,Raanana Basin,0,WRFrain_noPGW_HPE27.mat,WRFrain_PGW_V3_HPE27.mat,0.419926049675337,0.00216211826120766,-0.417763931414129,0.00514880718373934,mm_per_hr
27,intensity,240,Raanana Basin 1 pixel,0,WRFrain_noPGW_HPE27.mat,WRFrain_PGW_V3_HPE27.mat,1.18854056298733,0.0227189417928457,-1.16582162119448,0.0191149906871861,mm_per_hr
27,intensity,240,Raanana Basin 2 pixel,0,WRFrain_noPGW_HPE27.mat,WRFrain_PGW_V3_HPE27.mat,1.16565603762865,0.0248337702250865,-1.14082226740356,0.0213045438992509,mm_per_hr
27,intensity,240,Raanana Basin 3 pixel,0,WRFrain_noPGW_HPE27.mat,WRFrain_PGW_V3_HPE27.mat,1.11152273499303,0.0242527974706061,-1.08726993752243,0.0218194344632619,mm_per_hr
27,intensity,360,Raanana Basin,0,WRFrain_noPGW_HPE27.mat,WRFrain_PGW_V3_HPE27.mat,0.279952024715946,0.00144141217413844,-0.278510612541807,0.00514878281591631,mm_per_hr
27,intensity,360,Raanana Basin 1 pixel,0,WRFrain_noPGW_HPE27.mat,WRFrain_PGW_V3_HPE27.mat,0.792391955852509,0.0151459611952305,-0.777245994657278,0.0191142288653542,mm_per_hr
27,intensity,360,Raanana Basin 2 pixel,0,WRFrain_noPGW_HPE27.mat,WRFrain_PGW_V3_HPE27.mat,0.777147387464841,0.0165558468167243,-0.760591540648117,0.0213033551727321,mm_per_hr
27,intensity,360,Raanana Basin 3 pixel,0,WRFrain_noPGW_HPE27.mat,WRFrain_PGW_V3_HPE27.mat,0.741163146716577,0.0161685316470707,-0.724994615069506,0.0218150777176373,mm_per_hr
27,intensity,720,Raanana Basin,0,WRFrain_noPGW_HPE27.mat,WRFrain_PGW_V3_HPE27.mat,0.172000552474739,0.000720706087069219,-0.171279846387669,0.00419013821002155,mm_per_hr
27,intensity,720,Raanana Basin 1 pixel,0,WRFrain_noPGW_HPE27.mat,WRFrain_PGW_V3_HPE27.mat,0.443047300369168,0.00757298059761524,-0.435474319771553,0.0170929392669926,mm_per_hr
27,intensity,720,Raanana Basin 2 pixel,0,WRFrain_noPGW_HPE27.mat,WRFrain_PGW_V3_HPE27.mat,0.437824988912325,0.00827792340836216,-0.429547065503963,0.0189069231268109,mm_per_hr
27,intensity,720,Raanana Basin 3 pixel,0,WRFrain_noPGW_HPE27.mat,WRFrain_PGW_V3_HPE27.mat,0.423587361149085,0.00808426582353537,-0.415503095325549,0.0190852385245981,mm_per_hr
27,intensity,1440,Raanana Basin,0,WRFrain_noPGW_HPE27.mat,WRFrain_PGW_V3_HPE27.mat,0.0860097285532512,0.000361715783636124,-0.085648012769615,0.00420552174411497,mm_per_hr
27,intensity,1440,Raanana Basin 1 pixel,0,WRFrain_noPGW_HPE27.mat,WRFrain_PGW_V3_HPE27.mat,0.22152541073774,0.00380451229193568,-0.217720898445805,0.017174157489498,mm_per_hr
27,intensity,1440,Raanana Basin 2 pixel,0,WRFrain_noPGW_HPE27.mat,WRFrain_PGW_V3_HPE27.mat,0.218915551641032,0.00415167871369704,-0.214763872927335,0.0189647500260958,mm_per_hr
27,intensity,1440,Raanana Basin 3 pixel,0,WRFrain_noPGW_HPE27.mat,WRFrain_PGW_V3_HPE27.mat,0.211800157596453,0.00404377448882719,-0.207756383107626,0.019092405476543,mm_per_hr
28,total,0,Raanana Basin,0,WRFrain_noPGW_HPE28.mat,WRFrain_PGW_V3_HPE28.mat,27.3493812924403,36.6022490782044,9.25286778576415,1.33832091800635,mm
28,total,0,Raanana Basin 1 pixel,0,WRFrain_noPGW_HPE28.mat,WRFrain_PGW_V3_HPE28.mat,34.00927272439,47.4026823788881,13.3934096544981,1.39381640892582,mm
28,total,0,Raanana Basin 2 pixel,0,WRFrain_noPGW_HPE28.mat,WRFrain_PGW_V3_HPE28.mat,37.1479077339172,45.5325812734663,8.38467353954911,1.22571051913897,mm
28,total,0,Raanana Basin 3 pixel,0,WRFrain_noPGW_HPE28.mat,WRFrain_PGW_V3_HPE28.mat,40.9738179047902,45.3603635960155,4.38654569122527,1.10705728476214,mm
28,intensity,10,Raanana Basin,0,WRFrain_noPGW_HPE28.mat,WRFrain_PGW_V3_HPE28.mat,12.7331560883776,25.3627050916977,12.6295490033201,1.99186320466517,mm_per_hr
28,intensity,10,Raanana Basin 1 pixel,0,WRFrain_noPGW_HPE28.mat,WRFrain_PGW_V3_HPE28.mat,27.4490633010864,49.2773265838623,21.8282632827759,1.79522798440674,mm_per_hr
28,intensity,10,Raanana Basin 2 pixel,0,WRFrain_noPGW_HPE28.mat,WRFrain_PGW_V3_HPE28.mat,27.0056104660034,47.0105152130127,20.0049047470093,1.74076847002562,mm_per_hr
28,intensity,10,Raanana Basin 3 pixel,0,WRFrain_noPGW_HPE28.mat,WRFrain_PGW_V3_HPE28.mat,30.0550117492676,44.256004969279,14.2009932200114,1.4725000056058,mm_per_hr
28,intensity,20,Raanana Basin,0,WRFrain_noPGW_HPE28.mat,WRFrain_PGW_V3_HPE28.mat,10.5043682304669,17.0992440717721,6.59487584130518,1.62782222563156,mm_per_hr
28,intensity,20,Raanana Basin 1 pixel,0,WRFrain_noPGW_HPE28.mat,WRFrain_PGW_V3_HPE28.mat,21.6511573791504,28.7116327285767,7.06047534942627,1.32610152084643,mm_per_hr
28,intensity,20,Raanana Basin 2 pixel,0,WRFrain_noPGW_HPE28.mat,WRFrain_PGW_V3_HPE28.mat,22.2621803283691,28.865979552269,6.60379922389984,1.29663757666559,mm_per_hr
28,intensity,20,Raanana Basin 3 pixel,0,WRFrain_noPGW_HPE28.mat,WRFrain_PGW_V3_HPE28.mat,21.5315024058024,28.6960784991582,7.16457609335582,1.33274854482171,mm_per_hr
28,intensity,30,Raanana Basin,0,WRFrain_noPGW_HPE28.mat,WRFrain_PGW_V3_HPE28.mat,7.76864169832307,11.508603955511,3.73996225718794,1.48141778220963,mm_per_hr
28,intensity,30,Raanana Basin 1 pixel,0,WRFrain_noPGW_HPE28.mat,WRFrain_PGW_V3_HPE28.mat,14.588020324707,19.5763092041016,4.98828887939453,1.34194419587873,mm_per_hr
28,intensity,30,Raanana Basin 2 pixel,0,WRFrain_noPGW_HPE28.mat,WRFrain_PGW_V3_HPE28.mat,14.9808511734009,19.3908223360777,4.40997116267681,1.29437387179354,mm_per_hr
28,intensity,30,Raanana Basin 3 pixel,0,WRFrain_noPGW_HPE28.mat,WRFrain_PGW_V3_HPE28.mat,15.0008659362793,19.7557225955857,4.75485665930642,1.31697214544174,mm_per_hr
28,intensity,60,Raanana Basin,0,WRFrain_noPGW_HPE28.mat,WRFrain_PGW_V3_HPE28.mat,4.36792609011492,5.80525202213036,1.43732593201545,1.32906370262726,mm_per_hr
28,intensity,60,Raanana Basin 1 pixel,0,WRFrain_noPGW_HPE28.mat,WRFrain_PGW_V3_HPE28.mat,7.34394928812981,9.89798355102539,2.55403426289558,1.34777395141109,mm_per_hr
28,intensity,60,Raanana Basin 2 pixel,0,WRFrain_noPGW_HPE28.mat,WRFrain_PGW_V3_HPE28.mat,7.78136894851923,9.71352838724852,1.93215943872929,1.24830585100286,mm_per_hr
28,intensity,60,Raanana Basin 3 pixel,0,WRFrain_noPGW_HPE28.mat,WRFrain_PGW_V3_HPE28.mat,7.67902706066767,9.89316639966435,2.21413933899668,1.28833592087956,mm_per_hr
28,intensity,120,Raanana Basin,0,WRFrain_noPGW_HPE28.mat,WRFrain_PGW_V3_HPE28.mat,2.98332172893805,4.57617764768182,1.59285591874377,1.53392026186554,mm_per_hr
28,intensity,120,Raanana Basin 1 pixel,0,WRFrain_noPGW_HPE28.mat,WRFrain_PGW_V3_HPE28.mat,3.94428503513336,7.82197666168213,3.87769162654877,1.98311648169658,mm_per_hr
28,intensity,120,Raanana Basin 2 pixel,0,WRFrain_noPGW_HPE28.mat,WRFrain_PGW_V3_HPE28.mat,4.43335698544979,7.13206744194031,2.69871045649052,1.60872843431008,mm_per_hr
28,intensity,120,Raanana Basin 3 pixel,0,WRFrain_noPGW_HPE28.mat,WRFrain_PGW_V3_HPE28.mat,4.3151095410188,6.88342539469401,2.56831585367521,1.59519134549452,mm_per_hr
28,intensity,240,Raanana Basin,0,WRFrain_noPGW_HPE28.mat,WRFrain_PGW_V3_HPE28.mat,2.16174541960316,3.25452134078573,1.09277592118257,1.50550629656622,mm_per_hr
28,intensity,240,Raanana Basin 1 pixel,0,WRFrain_noPGW_HPE28.mat,WRFrain_PGW_V3_HPE28.mat,2.7623153924942,5.35512065887451,2.59280526638031,1.93863476756692,mm_per_hr
28,intensity,240,Raanana Basin 2 pixel,0,WRFrain_noPGW_HPE28.mat,WRFrain_PGW_V3_HPE28.mat,2.74892756342888,4.78286039829254,2.03393283486366,1.73990048407337,mm_per_hr
28,intensity,240,Raanana Basin 3 pixel,0,WRFrain_noPGW_HPE28.mat,WRFrain_PGW_V3_HPE28.mat,2.72090931733449,4.33523813883463,1.61432882150014,1.59330489671798,mm_per_hr
28,intensity,360,Raanana Basin,0,WRFrain_noPGW_HPE28.mat,WRFrain_PGW_V3_HPE28.mat,2.06215249996948,2.89423958320354,0.83208708323406,1.40350414590889,mm_per_hr
28,intensity,360,Raanana Basin 1 pixel,0,WRFrain_noPGW_HPE28.mat,WRFrain_PGW_V3_HPE28.mat,2.71572796503703,4.14571968714396,1.42999172210693,1.52655926533033,mm_per_hr
28,intensity,360,Raanana Basin 2 pixel,0,WRFrain_noPGW_HPE28.mat,WRFrain_PGW_V3_HPE28.mat,2.65227493643761,3.93159623940786,1.27932130297025,1.48234867561979,mm_per_hr
28,intensity,360,Raanana Basin 3 pixel,0,WRFrain_noPGW_HPE28.mat,WRFrain_PGW_V3_HPE28.mat,2.76053816742367,3.71664933805112,0.956111170627453,1.34634955673146,mm_per_hr
28,intensity,720,Raanana Basin,0,WRFrain_noPGW_HPE28.mat,WRFrain_PGW_V3_HPE28.mat,1.54077285263481,1.9456822141896,0.404909361554787,1.26279627192442,mm_per_hr
28,intensity,720,Raanana Basin 1 pixel,0,WRFrain_noPGW_HPE28.mat,WRFrain_PGW_V3_HPE28.mat,2.17173771063487,2.69898927211761,0.527251561482748,1.24277865549823,mm_per_hr
28,intensity,720,Raanana Basin 2 pixel,0,WRFrain_noPGW_HPE28.mat,WRFrain_PGW_V3_HPE28.mat,2.16077387332916,2.61986199021339,0.459088116884232,1.21246467413867,mm_per_hr
28,intensity,720,Raanana Basin 3 pixel,0,WRFrain_noPGW_HPE28.mat,WRFrain_PGW_V3_HPE28.mat,2.19244859174446,2.51382706783436,0.321378476089901,1.14658426988894,mm_per_hr
28,intensity,1440,Raanana Basin,0,WRFrain_noPGW_HPE28.mat,WRFrain_PGW_V3_HPE28.mat,0.980077779432053,1.38058048733,0.400502707897951,1.40864379981152,mm_per_hr
28,intensity,1440,Raanana Basin 1 pixel,0,WRFrain_noPGW_HPE28.mat,WRFrain_PGW_V3_HPE28.mat,1.3195290217797,1.8607056569308,0.541176635151108,1.41012863394335,mm_per_hr
28,intensity,1440,Raanana Basin 2 pixel,0,WRFrain_noPGW_HPE28.mat,WRFrain_PGW_V3_HPE28.mat,1.43762477766722,1.72099540475756,0.283370627090335,1.19711028322018,mm_per_hr
28,intensity,1440,Raanana Basin 3 pixel,0,WRFrain_noPGW_HPE28.mat,WRFrain_PGW_V3_HPE28.mat,1.5648102833441,1.69977896991703,0.134968686572932,1.08625242817583,mm_per_hr
29,total,0,Raanana Basin,0,WRFrain_noPGW_HPE29.mat,WRFrain_PGW_V3_HPE29.mat,35.0957366276981,0.439981940300551,-34.6557546873975,0.012536620757329,mm
29,total,0,Raanana Basin 1 pixel,0,WRFrain_noPGW_HPE29.mat,WRFrain_PGW_V3_HPE29.mat,52.4420051579091,0.803513945924351,-51.6384912119847,0.0153219531462398,mm
29,total,0,Raanana Basin 2 pixel,0,WRFrain_noPGW_HPE29.mat,WRFrain_PGW_V3_HPE29.mat,56.5133351998961,0.796944410548349,-55.7163907893478,0.0141018824624213,mm
29,total,0,Raanana Basin 3 pixel,0,WRFrain_noPGW_HPE29.mat,WRFrain_PGW_V3_HPE29.mat,59.8565837363391,0.777720096636282,-59.0788636397028,0.0129930585424328,mm
29,intensity,10,Raanana Basin,0,WRFrain_noPGW_HPE29.mat,WRFrain_PGW_V3_HPE29.mat,27.90703667406,0.964954326752585,-26.9420823473075,0.0345774557873256,mm_per_hr
29,intensity,10,Raanana Basin 1 pixel,0,WRFrain_noPGW_HPE29.mat,WRFrain_PGW_V3_HPE29.mat,51.7729568481445,2.18671435117722,-49.5862424969673,0.0422366131722219,mm_per_hr
29,intensity,10,Raanana Basin 2 pixel,0,WRFrain_noPGW_HPE29.mat,WRFrain_PGW_V3_HPE29.mat,53.8592433929443,1.89519050717354,-51.9640528857708,0.0351878412651785,mm_per_hr
29,intensity,10,Raanana Basin 3 pixel,0,WRFrain_noPGW_HPE29.mat,WRFrain_PGW_V3_HPE29.mat,53.8524751663208,1.36916633447011,-52.4833088318507,0.0254243900626946,mm_per_hr
29,intensity,20,Raanana Basin,0,WRFrain_noPGW_HPE29.mat,WRFrain_PGW_V3_HPE29.mat,23.6441442822588,0.520727033779422,-23.1234172484794,0.0220235093967916,mm_per_hr
29,intensity,20,Raanana Basin 1 pixel,0,WRFrain_noPGW_HPE29.mat,WRFrain_PGW_V3_HPE29.mat,41.6004180908203,1.16103538870811,-40.4393827021122,0.0279092240412918,mm_per_hr
29,intensity,20,Raanana Basin 2 pixel,0,WRFrain_noPGW_HPE29.mat,WRFrain_PGW_V3_HPE29.mat,43.8788816928864,1.11334222555161,-42.7655394673347,0.0253730765825807,mm_per_hr
29,intensity,20,Raanana Basin 3 pixel,0,WRFrain_noPGW_HPE29.mat,WRFrain_PGW_V3_HPE29.mat,46.770614306132,0.887082695960999,-45.883531610171,0.0189666676207136,mm_per_hr
29,intensity,30,Raanana Basin,0,WRFrain_noPGW_HPE29.mat,WRFrain_PGW_V3_HPE29.mat,20.70818448702,0.35833189032131,-20.3498525966987,0.0173038776308911,mm_per_hr
29,intensity,30,Raanana Basin 1 pixel,0,WRFrain_noPGW_HPE29.mat,WRFrain_PGW_V3_HPE29.mat,36.276535987854,0.795782446861267,-35.4807535409927,0.0219365610632644,mm_per_hr
29,intensity,30,Raanana Basin 2 pixel,0,WRFrain_noPGW_HPE29.mat,WRFrain_PGW_V3_HPE29.mat,38.6078510284424,0.754740878939629,-37.8531101495028,0.01954889637301,mm_per_hr
29,intensity,30,Raanana Basin 3 pixel,0,WRFrain_noPGW_HPE29.mat,WRFrain_PGW_V3_HPE29.mat,40.6879126230876,0.622844252321455,-40.0650683707661,0.0153078448160065,mm_per_hr
29,intensity,60,Raanana Basin,0,WRFrain_noPGW_HPE29.mat,WRFrain_PGW_V3_HPE29.mat,19.1476944979736,0.180557056741795,-18.9671374412318,0.00942970219004191,mm_per_hr
29,intensity,60,Raanana Basin 1 pixel,0,WRFrain_noPGW_HPE29.mat,WRFrain_PGW_V3_HPE29.mat,33.8340108394623,0.406619012355804,-33.4273918271065,0.0120180552724049,mm_per_hr
29,intensity,60,Raanana Basin 2 pixel,0,WRFrain_noPGW_HPE29.mat,WRFrain_PGW_V3_HPE29.mat,37.0196756124496,0.380720488727093,-36.6389551237226,0.0102842740361306,mm_per_hr
29,intensity,60,Raanana Basin 3 pixel,0,WRFrain_noPGW_HPE29.mat,WRFrain_PGW_V3_HPE29.mat,39.2820715109507,0.318137966924244,-38.9639335440265,0.00809880830331353,mm_per_hr
29,intensity,120,Raanana Basin,0,WRFrain_noPGW_HPE29.mat,WRFrain_PGW_V3_HPE29.mat,12.0869791034761,0.09054602271378,-11.9964330807623,0.00749120371092061,mm_per_hr
29,intensity,120,Raanana Basin 1 pixel,0,WRFrain_noPGW_HPE29.mat,WRFrain_PGW_V3_HPE29.mat,19.0739728808403,0.216448619961739,-18.8575242608786,0.0113478519296397,mm_per_hr
29,intensity,120,Raanana Basin 2 pixel,0,WRFrain_noPGW_HPE29.mat,WRFrain_PGW_V3_HPE29.mat,20.8325090259314,0.195492245256901,-20.6370167806745,0.009383999066726,mm_per_hr
29,intensity,120,Raanana Basin 3 pixel,0,WRFrain_noPGW_HPE29.mat,WRFrain_PGW_V3_HPE29.mat,22.3225156267484,0.167568936944008,-22.1549466898044,0.00750672279710334,mm_per_hr
29,intensity,240,Raanana Basin,0,WRFrain_noPGW_HPE29.mat,WRFrain_PGW_V3_HPE29.mat,7.97997843157091,0.0671846819224075,-7.91279374964851,0.00841915582836754,mm_per_hr
29,intensity,240,Raanana Basin 1 pixel,0,WRFrain_noPGW_HPE29.mat,WRFrain_PGW_V3_HPE29.mat,12.2172564864159,0.141451444476843,-12.075805041939,0.0115780040006625,mm_per_hr
29,intensity,240,Raanana Basin 2 pixel,0,WRFrain_noPGW_HPE29.mat,WRFrain_PGW_V3_HPE29.mat,13.2221194207668,0.128318643197417,-13.0938007775694,0.00970484678847162,mm_per_hr
29,intensity,240,Raanana Basin 3 pixel,0,WRFrain_noPGW_HPE29.mat,WRFrain_PGW_V3_HPE29.mat,13.9203796585401,0.112159088874857,-13.8082205696652,0.00805718605570126,mm_per_hr
29,intensity,360,Raanana Basin,0,WRFrain_noPGW_HPE29.mat,WRFrain_PGW_V3_HPE29.mat,5.65383668670133,0.0542117430450922,-5.59962494365624,0.00958848761454436,mm_per_hr
29,intensity,360,Raanana Basin 1 pixel,0,WRFrain_noPGW_HPE29.mat,WRFrain_PGW_V3_HPE29.mat,8.52697614828745,0.10261844843626,-8.42435769985119,0.0120345649678954,mm_per_hr
29,intensity,360,Raanana Basin 2 pixel,0,WRFrain_noPGW_HPE29.mat,WRFrain_PGW_V3_HPE29.mat,9.16613377630711,0.0970279617855946,-9.06910581452151,0.0105854839295926,mm_per_hr
29,intensity,360,Raanana Basin 3 pixel,0,WRFrain_noPGW_HPE29.mat,WRFrain_PGW_V3_HPE29.mat,9.68058996068107,0.0912739482742769,-9.58931601240679,0.00942855225198025,mm_per_hr
29,intensity,720,Raanana Basin,0,WRFrain_noPGW_HPE29.mat,WRFrain_PGW_V3_HPE29.mat,2.841098154569,0.0321882692291698,-2.80890988533983,0.0113295167847001,mm_per_hr
29,intensity,720,Raanana Basin 1 pixel,0,WRFrain_noPGW_HPE29.mat,WRFrain_PGW_V3_HPE29.mat,4.28406396508217,0.0561018710335096,-4.22796209404866,0.0130954793137487,mm_per_hr
29,intensity,720,Raanana Basin 2 pixel,0,WRFrain_noPGW_HPE29.mat,WRFrain_PGW_V3_HPE29.mat,4.6034347936511,0.0556298683707913,-4.54780492528031,0.0120844262739453,mm_per_hr
29,intensity,720,Raanana Basin 3 pixel,0,WRFrain_noPGW_HPE29.mat,WRFrain_PGW_V3_HPE29.mat,4.86052365766631,0.0539001025673416,-4.80662355509897,0.0110893612218772,mm_per_hr
29,intensity,1440,Raanana Basin,0,WRFrain_noPGW_HPE29.mat,WRFrain_PGW_V3_HPE29.mat,1.42239981406546,0.0166058289452798,-1.40579398512018,0.0116745156889591,mm_per_hr
29,intensity,1440,Raanana Basin 1 pixel,0,WRFrain_noPGW_HPE29.mat,WRFrain_PGW_V3_HPE29.mat,2.14314748346806,0.0283096081887682,-2.11483787527929,0.0132093607216231,mm_per_hr
29,intensity,1440,Raanana Basin 2 pixel,0,WRFrain_noPGW_HPE29.mat,WRFrain_PGW_V3_HPE29.mat,2.30294811477264,0.0281016016378999,-2.27484651313474,0.0122024467063055,mm_per_hr
29,intensity,1440,Raanana Basin 3 pixel,0,WRFrain_noPGW_HPE29.mat,WRFrain_PGW_V3_HPE29.mat,2.43179295018867,0.0274877509240199,-2.40430519926465,0.0113034914925168,mm_per_hr
30,total,0,Raanana Basin,0,WRFrain_noPGW_HPE30.mat,WRFrain_PGW_V3_HPE30.mat,42.1896343662519,33.511297620611,-8.67833674564093,0.794301683908812,mm
30,total,0,Raanana Basin 1 pixel,0,WRFrain_noPGW_HPE30.mat,WRFrain_PGW_V3_HPE30.mat,53.9745362678077,53.2619516700506,-0.712584597757086,0.986797763407889,mm
30,total,0,Raanana Basin 2 pixel,0,WRFrain_noPGW_HPE30.mat,WRFrain_PGW_V3_HPE30.mat,53.5880307762709,53.6353131772485,0.047282400977565,1.00088233137685,mm
30,total,0,Raanana Basin 3 pixel,0,WRFrain_noPGW_HPE30.mat,WRFrain_PGW_V3_HPE30.mat,53.2001323202874,55.2801569337284,2.08002461344101,1.03909810977383,mm
30,intensity,10,Raanana Basin,0,WRFrain_noPGW_HPE30.mat,WRFrain_PGW_V3_HPE30.mat,27.9485802536474,30.3009063352985,2.35232608165113,1.08416621024405,mm_per_hr
30,intensity,10,Raanana Basin 1 pixel,0,WRFrain_noPGW_HPE30.mat,WRFrain_PGW_V3_HPE30.mat,60.5905265808105,56.0376663208008,-4.55286026000977,0.924858546097342,mm_per_hr
30,intensity,10,Raanana Basin 2 pixel,0,WRFrain_noPGW_HPE30.mat,WRFrain_PGW_V3_HPE30.mat,60.2050709724426,50.8548002243042,-9.35027074813843,0.844692970257966,mm_per_hr
30,intensity,10,Raanana Basin 3 pixel,0,WRFrain_noPGW_HPE30.mat,WRFrain_PGW_V3_HPE30.mat,57.2481536865234,48.8374481201172,-8.41070556640625,0.853083374313499,mm_per_hr
30,intensity,20,Raanana Basin,0,WRFrain_noPGW_HPE30.mat,WRFrain_PGW_V3_HPE30.mat,16.6393222813509,21.6193584028083,4.98003612145735,1.29929320661328,mm_per_hr
30,intensity,20,Raanana Basin 1 pixel,0,WRFrain_noPGW_HPE30.mat,WRFrain_PGW_V3_HPE30.mat,32.5346260070801,35.7937030792236,3.25907707214355,1.10017256910943,mm_per_hr
30,intensity,20,Raanana Basin 2 pixel,0,WRFrain_noPGW_HPE30.mat,WRFrain_PGW_V3_HPE30.mat,32.3424825668335,33.7210907936096,1.37860822677612,1.04262530632667,mm_per_hr
30,intensity,20,Raanana Basin 3 pixel,0,WRFrain_noPGW_HPE30.mat,WRFrain_PGW_V3_HPE30.mat,32.5411707560221,32.1910629272461,-0.350107828776039,0.989241080740426,mm_per_hr
30,intensity,30,Raanana Basin,0,WRFrain_noPGW_HPE30.mat,WRFrain_PGW_V3_HPE30.mat,12.6700032273056,14.9015773919683,2.23157416466261,1.17613051272578,mm_per_hr
30,intensity,30,Raanana Basin 1 pixel,0,WRFrain_noPGW_HPE30.mat,WRFrain_PGW_V3_HPE30.mat,25.5398597717285,25.6318740844727,0.0920143127441406,1.00360277282517,mm_per_hr
30,intensity,30,Raanana Basin 2 pixel,0,WRFrain_noPGW_HPE30.mat,WRFrain_PGW_V3_HPE30.mat,25.9240021705627,24.6557035446167,-1.26829862594604,0.951076279904566,mm_per_hr
30,intensity,30,Raanana Basin 3 pixel,0,WRFrain_noPGW_HPE30.mat,WRFrain_PGW_V3_HPE30.mat,26.1284938388401,26.2179667154948,0.0894728766547246,1.00342434115057,mm_per_hr
30,intensity,60,Raanana Basin,0,WRFrain_noPGW_HPE30.mat,WRFrain_PGW_V3_HPE30.mat,7.33593385645588,7.63922272206848,0.303288865612592,1.04134291169292,mm_per_hr
30,intensity,60,Raanana Basin 1 pixel,0,WRFrain_noPGW_HPE30.mat,WRFrain_PGW_V3_HPE30.mat,13.661750793457,16.3478851318359,2.68613433837891,1.19661713780238,mm_per_hr
30,intensity,60,Raanana Basin 2 pixel,0,WRFrain_noPGW_HPE30.mat,WRFrain_PGW_V3_HPE30.mat,13.9997570514679,15.4763969182968,1.47663986682892,1.10547610657816,mm_per_hr
30,intensity,60,Raanana Basin 3 pixel,0,WRFrain_noPGW_HPE30.mat,WRFrain_PGW_V3_HPE30.mat,13.9259694417318,16.2907847563426,2.3648153146108,1.16981333504325,mm_per_hr
30,intensity,120,Raanana Basin,0,WRFrain_noPGW_HPE30.mat,WRFrain_PGW_V3_HPE30.mat,6.52288172564537,4.09753701072128,-2.42534471492409,0.628178952656983,mm_per_hr
30,intensity,120,Raanana Basin 1 pixel,0,WRFrain_noPGW_HPE30.mat,WRFrain_PGW_V3_HPE30.mat,9.52286958694458,9.18998432159424,-0.332885265350342,0.965043597172987,mm_per_hr
30,intensity,120,Raanana Basin 2 pixel,0,WRFrain_noPGW_HPE30.mat,WRFrain_PGW_V3_HPE30.mat,9.40310177206993,8.63635039329529,-0.766751378774643,0.918457611396685,mm_per_hr
30,intensity,120,Raanana Basin 3 pixel,0,WRFrain_noPGW_HPE30.mat,WRFrain_PGW_V3_HPE30.mat,9.59175109863281,8.57782649993896,-1.01392459869385,0.89429202360783,mm_per_hr
30,intensity,240,Raanana Basin,0,WRFrain_noPGW_HPE30.mat,WRFrain_PGW_V3_HPE30.mat,4.04801594548119,2.17108459934172,-1.87693134613947,0.536333015625916,mm_per_hr
30,intensity,240,Raanana Basin 1 pixel,0,WRFrain_noPGW_HPE30.mat,WRFrain_PGW_V3_HPE30.mat,5.68634455651045,5.17721521854401,-0.509129337966442,0.910464564201702,mm_per_hr
30,intensity,240,Raanana Basin 2 pixel,0,WRFrain_noPGW_HPE30.mat,WRFrain_PGW_V3_HPE30.mat,5.74763231351972,6.11682152748108,0.369189213961363,1.06423326925297,mm_per_hr
30,intensity,240,Raanana Basin 3 pixel,0,WRFrain_noPGW_HPE30.mat,WRFrain_PGW_V3_HPE30.mat,5.95010396175914,6.20689760976368,0.256793648004532,1.0431578422251,mm_per_hr
30,intensity,360,Raanana Basin,0,WRFrain_noPGW_HPE30.mat,WRFrain_PGW_V3_HPE30.mat,2.71027460313488,1.57649507138843,-1.13377953174645,0.581673557935773,mm_per_hr
30,intensity,360,Raanana Basin 1 pixel,0,WRFrain_noPGW_HPE30.mat,WRFrain_PGW_V3_HPE30.mat,3.80522983769576,4.14295188585917,0.337722048163414,1.08875207610795,mm_per_hr
30,intensity,360,Raanana Basin 2 pixel,0,WRFrain_noPGW_HPE30.mat,WRFrain_PGW_V3_HPE30.mat,3.84575679029028,4.73233944177628,0.886582651485999,1.23053528858726,mm_per_hr
30,intensity,360,Raanana Basin 3 pixel,0,WRFrain_noPGW_HPE30.mat,WRFrain_PGW_V3_HPE30.mat,4.0060326732971,4.83927788999346,0.833245216696351,1.20799760876902,mm_per_hr
30,intensity,720,Raanana Basin,0,WRFrain_noPGW_HPE30.mat,WRFrain_PGW_V3_HPE30.mat,2.45288787498879,1.13517042999949,-1.3177174449893,0.462789368227718,mm_per_hr
30,intensity,720,Raanana Basin 1 pixel,0,WRFrain_noPGW_HPE30.mat,WRFrain_PGW_V3_HPE30.mat,3.34314731756846,2.76165786827914,-0.581489449289317,0.826065263043136,mm_per_hr
30,intensity,720,Raanana Basin 2 pixel,0,WRFrain_noPGW_HPE30.mat,WRFrain_PGW_V3_HPE30.mat,3.31376735369364,2.95321908619856,-0.360548267495081,0.891196867790613,mm_per_hr
30,intensity,720,Raanana Basin 3 pixel,0,WRFrain_noPGW_HPE30.mat,WRFrain_PGW_V3_HPE30.mat,3.21335145279213,2.89269960681796,-0.320651845974175,0.900212643812878,mm_per_hr
30,intensity,1440,Raanana Basin,0,WRFrain_noPGW_HPE30.mat,WRFrain_PGW_V3_HPE30.mat,1.63194645605484,0.894186557368388,-0.73775989868645,0.547926406562411,mm_per_hr
30,intensity,1440,Raanana Basin 1 pixel,0,WRFrain_noPGW_HPE30.mat,WRFrain_PGW_V3_HPE30.mat,2.00553492332498,1.65809120233947,-0.347443720985514,0.826757581259425,mm_per_hr
30,intensity,1440,Raanana Basin 2 pixel,0,WRFrain_noPGW_HPE30.mat,WRFrain_PGW_V3_HPE30.mat,1.98346422923108,1.74224240351411,-0.241221825716972,0.878383576491074,mm_per_hr
30,intensity,1440,Raanana Basin 3 pixel,0,WRFrain_noPGW_HPE30.mat,WRFrain_PGW_V3_HPE30.mat,1.95303172183534,1.71368929665476,-0.239342425180574,0.877450825552565,mm_per_hr
31,total,0,Raanana Basin,0,WRFrain_noPGW_HPE31.mat,WRFrain_PGW_V3_HPE31.mat,10.9807832810664,8.75978604925422,-2.22099723181219,0.797737813873283,mm
31,total,0,Raanana Basin 1 pixel,0,WRFrain_noPGW_HPE31.mat,WRFrain_PGW_V3_HPE31.mat,14.5406961888075,20.9124239720404,6.37172778323293,1.43819963642026,mm
31,total,0,Raanana Basin 2 pixel,0,WRFrain_noPGW_HPE31.mat,WRFrain_PGW_V3_HPE31.mat,14.0776998943184,24.1945437460727,10.1168438517543,1.7186432391443,mm
31,total,0,Raanana Basin 3 pixel,0,WRFrain_noPGW_HPE31.mat,WRFrain_PGW_V3_HPE31.mat,13.8186254435115,25.4123479443703,11.5937225008587,1.83899245610587,mm
31,intensity,10,Raanana Basin,0,WRFrain_noPGW_HPE31.mat,WRFrain_PGW_V3_HPE31.mat,8.55111768608183,8.90487804672561,0.353760360643779,1.04137007273559,mm_per_hr
31,intensity,10,Raanana Basin 1 pixel,0,WRFrain_noPGW_HPE31.mat,WRFrain_PGW_V3_HPE31.mat,19.0831575393677,32.1004600524902,13.0173025131226,1.68213567310695,mm_per_hr
31,intensity,10,Raanana Basin 2 pixel,0,WRFrain_noPGW_HPE31.mat,WRFrain_PGW_V3_HPE31.mat,18.2024846076965,48.8191895484924,30.6167049407959,2.68200691282828,mm_per_hr
31,intensity,10,Raanana Basin 3 pixel,0,WRFrain_noPGW_HPE31.mat,WRFrain_PGW_V3_HPE31.mat,16.4260341326396,58.2568035125732,41.8307693799337,3.54661405438171,mm_per_hr
31,intensity,20,Raanana Basin,0,WRFrain_noPGW_HPE31.mat,WRFrain_PGW_V3_HPE31.mat,8.1939434148488,8.33885687335064,0.144913458501845,1.01768543559127,mm_per_hr
31,intensity,20,Raanana Basin 1 pixel,0,WRFrain_noPGW_HPE31.mat,WRFrain_PGW_V3_HPE31.mat,14.9774758815765,31.6763949394226,16.6989190578461,2.11493546642175,mm_per_hr
31,intensity,20,Raanana Basin 2 pixel,0,WRFrain_noPGW_HPE31.mat,WRFrain_PGW_V3_HPE31.mat,14.1805738806725,39.2941650152206,25.1135911345482,2.77098552892679,mm_per_hr
31,intensity,20,Raanana Basin 3 pixel,0,WRFrain_noPGW_HPE31.mat,WRFrain_PGW_V3_HPE31.mat,13.0486334959666,43.8944993019104,30.8458658059438,3.36391541041278,mm_per_hr
31,intensity,30,Raanana Basin,0,WRFrain_noPGW_HPE31.mat,WRFrain_PGW_V3_HPE31.mat,6.46485503583119,7.9618058143458,1.49695077851461,1.23155210290375,mm_per_hr
31,intensity,30,Raanana Basin 1 pixel,0,WRFrain_noPGW_HPE31.mat,WRFrain_PGW_V3_HPE31.mat,11.2451500892639,25.352334022522,14.1071839332581,2.25451272960124,mm_per_hr
31,intensity,30,Raanana Basin 2 pixel,0,WRFrain_noPGW_HPE31.mat,WRFrain_PGW_V3_HPE31.mat,10.9148726463318,30.8079035282135,19.8930308818817,2.82256188656193,mm_per_hr
31,intensity,30,Raanana Basin 3 pixel,0,WRFrain_noPGW_HPE31.mat,WRFrain_PGW_V3_HPE31.mat,10.0891221364339,33.5688971413506,23.4797750049167,3.3272366700891,mm_per_hr
31,intensity,60,Raanana Basin,0,WRFrain_noPGW_HPE31.mat,WRFrain_PGW_V3_HPE31.mat,3.57286476920765,6.59408127516508,3.02121650595743,1.84560057576079,mm_per_hr
31,intensity,60,Raanana Basin 1 pixel,0,WRFrain_noPGW_HPE31.mat,WRFrain_PGW_V3_HPE31.mat,5.86928367614746,16.2976727485657,10.4283890724182,2.77677373387127,mm_per_hr
31,intensity,60,Raanana Basin 2 pixel,0,WRFrain_noPGW_HPE31.mat,WRFrain_PGW_V3_HPE31.mat,5.72240746021271,19.3314768075943,13.6090693473816,3.37820697704664,mm_per_hr
31,intensity,60,Raanana Basin 3 pixel,0,WRFrain_noPGW_HPE31.mat,WRFrain_PGW_V3_HPE31.mat,5.33448712031046,20.6987031830682,15.3642160627577,3.88016743057831,mm_per_hr
31,intensity,120,Raanana Basin,0,WRFrain_noPGW_HPE31.mat,WRFrain_PGW_V3_HPE31.mat,2.35527920606181,3.89746210280706,1.54218289674525,1.65477710361307,mm_per_hr
31,intensity,120,Raanana Basin 1 pixel,0,WRFrain_noPGW_HPE31.mat,WRFrain_PGW_V3_HPE31.mat,3.48531353473663,9.10351122915745,5.61819769442081,2.61196335377768,mm_per_hr
31,intensity,120,Raanana Basin 2 pixel,0,WRFrain_noPGW_HPE31.mat,WRFrain_PGW_V3_HPE31.mat,3.32930409908295,10.4728938373737,7.14358973829076,3.14567054426132,mm_per_hr
31,intensity,120,Raanana Basin 3 pixel,0,WRFrain_noPGW_HPE31.mat,WRFrain_PGW_V3_HPE31.mat,3.13676877816518,11.250238713291,8.11346993512577,3.58656933580921,mm_per_hr
31,intensity,240,Raanana Basin,0,WRFrain_noPGW_HPE31.mat,WRFrain_PGW_V3_HPE31.mat,1.83597630425867,2.01280903905993,0.176832734801261,1.09631536877196,mm_per_hr
31,intensity,240,Raanana Basin 1 pixel,0,WRFrain_noPGW_HPE31.mat,WRFrain_PGW_V3_HPE31.mat,2.40757495164871,4.71174380276352,2.30416885111481,1.95704968584131,mm_per_hr
31,intensity,240,Raanana Basin 2 pixel,0,WRFrain_noPGW_HPE31.mat,WRFrain_PGW_V3_HPE31.mat,2.36595958471298,5.50109157635734,3.13513199164436,2.32509955448993,mm_per_hr
31,intensity,240,Raanana Basin 3 pixel,0,WRFrain_noPGW_HPE31.mat,WRFrain_PGW_V3_HPE31.mat,2.25188954671224,5.98006077403609,3.72817122732386,2.65557464075758,mm_per_hr
31,intensity,360,Raanana Basin,0,WRFrain_noPGW_HPE31.mat,WRFrain_PGW_V3_HPE31.mat,1.26967555966497,1.34187269270662,0.072197133041654,1.05686266266376,mm_per_hr
31,intensity,360,Raanana Basin 1 pixel,0,WRFrain_noPGW_HPE31.mat,WRFrain_PGW_V3_HPE31.mat,1.63029368718465,3.14116253517568,1.51086884799103,1.92674642603821,mm_per_hr
31,intensity,360,Raanana Basin 2 pixel,0,WRFrain_noPGW_HPE31.mat,WRFrain_PGW_V3_HPE31.mat,1.59860362609227,3.66739438423823,2.06879075814595,2.29412364915187,mm_per_hr
31,intensity,360,Raanana Basin 3 pixel,0,WRFrain_noPGW_HPE31.mat,WRFrain_PGW_V3_HPE31.mat,1.52863128538485,3.98670718269073,2.45807589730588,2.60802406754814,mm_per_hr
31,intensity,720,Raanana Basin,0,WRFrain_noPGW_HPE31.mat,WRFrain_PGW_V3_HPE31.mat,0.89529054500733,0.670936346353311,-0.224354198654019,0.749406268272182,mm_per_hr
31,intensity,720,Raanana Basin 1 pixel,0,WRFrain_noPGW_HPE31.mat,WRFrain_PGW_V3_HPE31.mat,1.09883999979744,1.57058126758784,0.471741267790397,1.42930842331673,mm_per_hr
31,intensity,720,Raanana Basin 2 pixel,0,WRFrain_noPGW_HPE31.mat,WRFrain_PGW_V3_HPE31.mat,1.08489870935834,1.83369719211911,0.748798482760776,1.69020128450853,mm_per_hr
31,intensity,720,Raanana Basin 3 pixel,0,WRFrain_noPGW_HPE31.mat,WRFrain_PGW_V3_HPE31.mat,1.06830323128789,1.99335359134536,0.925050360057479,1.86590617061252,mm_per_hr
31,intensity,1440,Raanana Basin,0,WRFrain_noPGW_HPE31.mat,WRFrain_PGW_V3_HPE31.mat,0.448033688434995,0.364952302708445,-0.0830813857265507,0.814564422562155,mm_per_hr
31,intensity,1440,Raanana Basin 1 pixel,0,WRFrain_noPGW_HPE31.mat,WRFrain_PGW_V3_HPE31.mat,0.549591184438517,0.870871621766128,0.321280437327611,1.58458076916907,mm_per_hr
31,intensity,1440,Raanana Basin 2 pixel,0,WRFrain_noPGW_HPE31.mat,WRFrain_PGW_V3_HPE31.mat,0.542661219389023,1.00753509613204,0.464873876743013,1.85665579210987,mm_per_hr
31,intensity,1440,Raanana Basin 3 pixel,0,WRFrain_noPGW_HPE31.mat,WRFrain_PGW_V3_HPE31.mat,0.534304826071969,1.05772321057781,0.523418384505838,1.97962503605636,mm_per_hr
32,total,0,Raanana Basin,0,WRFrain_noPGW_HPE32.mat,WRFrain_PGW_V3_HPE32.mat,51.1238897028248,33.6654857694203,-17.4584039334045,0.658507910198393,mm
32,total,0,Raanana Basin 1 pixel,0,WRFrain_noPGW_HPE32.mat,WRFrain_PGW_V3_HPE32.mat,57.5455169768759,46.6845703190775,-10.8609466577984,0.811263375005167,mm
32,total,0,Raanana Basin 2 pixel,0,WRFrain_noPGW_HPE32.mat,WRFrain_PGW_V3_HPE32.mat,56.8107852517875,48.9939327408383,-7.81685251094918,0.862405483812544,mm
32,total,0,Raanana Basin 3 pixel,0,WRFrain_noPGW_HPE32.mat,WRFrain_PGW_V3_HPE32.mat,55.9844699221665,52.648797900072,-3.33567202209455,0.940417904702286,mm
32,intensity,10,Raanana Basin,0,WRFrain_noPGW_HPE32.mat,WRFrain_PGW_V3_HPE32.mat,28.2103361687316,35.9085944569597,7.69825828822802,1.2728878607537,mm_per_hr
32,intensity,10,Raanana Basin 1 pixel,0,WRFrain_noPGW_HPE32.mat,WRFrain_PGW_V3_HPE32.mat,40.704402923584,58.32444190979,17.6200389862061,1.43287796210363,mm_per_hr
32,intensity,10,Raanana Basin 2 pixel,0,WRFrain_noPGW_HPE32.mat,WRFrain_PGW_V3_HPE32.mat,39.4905395507812,49.7117664813995,10.2212269306183,1.25882722917662,mm_per_hr
32,intensity,10,Raanana Basin 3 pixel,0,WRFrain_noPGW_HPE32.mat,WRFrain_PGW_V3_HPE32.mat,37.546760559082,45.1282936731974,7.5815331141154,1.20192242955782,mm_per_hr
32,intensity,20,Raanana Basin,0,WRFrain_noPGW_HPE32.mat,WRFrain_PGW_V3_HPE32.mat,15.3665475763124,20.6647271797949,5.29817960348249,1.34478659420218,mm_per_hr
32,intensity,20,Raanana Basin 1 pixel,0,WRFrain_noPGW_HPE32.mat,WRFrain_PGW_V3_HPE32.mat,24.0214862823486,30.531626701355,6.51014041900635,1.27101322301568,mm_per_hr
32,intensity,20,Raanana Basin 2 pixel,0,WRFrain_noPGW_HPE32.mat,WRFrain_PGW_V3_HPE32.mat,23.485303401947,26.5000791549683,3.01477575302124,1.1283686099951,mm_per_hr
32,intensity,20,Raanana Basin 3 pixel,0,WRFrain_noPGW_HPE32.mat,WRFrain_PGW_V3_HPE32.mat,22.4655977884928,24.6462806065877,2.18068281809489,1.09706765155441,mm_per_hr
32,intensity,30,Raanana Basin,0,WRFrain_noPGW_HPE32.mat,WRFrain_PGW_V3_HPE32.mat,11.2823007637431,14.6521300540822,3.36982929033919,1.29868280955322,mm_per_hr
32,intensity,30,Raanana Basin 1 pixel,0,WRFrain_noPGW_HPE32.mat,WRFrain_PGW_V3_HPE32.mat,17.1404457092285,20.8331394195557,3.69269371032715,1.21543743803226,mm_per_hr
32,intensity,30,Raanana Basin 2 pixel,0,WRFrain_noPGW_HPE32.mat,WRFrain_PGW_V3_HPE32.mat,16.7741298675537,18.1915993690491,1.41746950149536,1.08450331031699,mm_per_hr
32,intensity,30,Raanana Basin 3 pixel,0,WRFrain_noPGW_HPE32.mat,WRFrain_PGW_V3_HPE32.mat,16.0984357198079,21.2988495296902,5.20041380988227,1.32303845543723,mm_per_hr
32,intensity,60,Raanana Basin,0,WRFrain_noPGW_HPE32.mat,WRFrain_PGW_V3_HPE32.mat,10.8576164223184,9.53399253433401,-1.32362388798436,0.878092590813617,mm_per_hr
32,intensity,60,Raanana Basin 1 pixel,0,WRFrain_noPGW_HPE32.mat,WRFrain_PGW_V3_HPE32.mat,15.3653345108032,13.2671728134155,-2.0981616973877,0.863448355392947,mm_per_hr
32,intensity,60,Raanana Basin 2 pixel,0,WRFrain_noPGW_HPE32.mat,WRFrain_PGW_V3_HPE32.mat,14.69029545784,12.225599527359,-2.46469593048096,0.832222848236481,mm_per_hr
32,intensity,60,Raanana Basin 3 pixel,0,WRFrain_noPGW_HPE32.mat,WRFrain_PGW_V3_HPE32.mat,14.1225605010986,14.6979564030965,0.575395901997883,1.04074302970436,mm_per_hr
32,intensity,120,Raanana Basin,0,WRFrain_noPGW_HPE32.mat,WRFrain_PGW_V3_HPE32.mat,8.31001674481974,6.06231041378736,-2.24770633103238,0.729518435395025,mm_per_hr
32,intensity,120,Raanana Basin 1 pixel,0,WRFrain_noPGW_HPE32.mat,WRFrain_PGW_V3_HPE32.mat,10.2256796360016,7.46171236038208,-2.76396727561951,0.72970331811605,mm_per_hr
32,intensity,120,Raanana Basin 2 pixel,0,WRFrain_noPGW_HPE32.mat,WRFrain_PGW_V3_HPE32.mat,9.98283642530441,7.082295358181,-2.90054106712341,0.709447200820486,mm_per_hr
32,intensity,120,Raanana Basin 3 pixel,0,WRFrain_noPGW_HPE32.mat,WRFrain_PGW_V3_HPE32.mat,9.71943092346191,9.22363943523831,-0.495791488223606,0.94898965874362,mm_per_hr
32,intensity,240,Raanana Basin,0,WRFrain_noPGW_HPE32.mat,WRFrain_PGW_V3_HPE32.mat,5.2911735155319,3.60527717931704,-1.68589633621486,0.681375722934427,mm_per_hr
32,intensity,240,Raanana Basin 1 pixel,0,WRFrain_noPGW_HPE32.mat,WRFrain_PGW_V3_HPE32.mat,6.25845676660538,4.37054085731506,-1.88791590929031,0.698341623231452,mm_per_hr
32,intensity,240,Raanana Basin 2 pixel,0,WRFrain_noPGW_HPE32.mat,WRFrain_PGW_V3_HPE32.mat,6.08818474411964,4.15466374158859,-1.93352100253105,0.682414203281435,mm_per_hr
32,intensity,240,Raanana Basin 3 pixel,0,WRFrain_noPGW_HPE32.mat,WRFrain_PGW_V3_HPE32.mat,6.06244651476542,5.17110762331221,-0.891338891453214,0.852973731103061,mm_per_hr
32,intensity,360,Raanana Basin,0,WRFrain_noPGW_HPE32.mat,WRFrain_PGW_V3_HPE32.mat,4.63891575461333,3.16074350150837,-1.47817225310496,0.6813539345622,mm_per_hr
32,intensity,360,Raanana Basin 1 pixel,0,WRFrain_noPGW_HPE32.mat,WRFrain_PGW_V3_HPE32.mat,5.18801776568095,3.89122136433919,-1.29679640134176,0.750040100109112,mm_per_hr
32,intensity,360,Raanana Basin 2 pixel,0,WRFrain_noPGW_HPE32.mat,WRFrain_PGW_V3_HPE32.mat,5.15239546696345,4.23601748545965,-0.916377981503804,0.822145255079989,mm_per_hr
32,intensity,360,Raanana Basin 3 pixel,0,WRFrain_noPGW_HPE32.mat,WRFrain_PGW_V3_HPE32.mat,5.10545435658208,5.17674007239165,0.071285715809573,1.01396265852767,mm_per_hr
32,intensity,720,Raanana Basin,0,WRFrain_noPGW_HPE32.mat,WRFrain_PGW_V3_HPE32.mat,3.3662380141244,1.9755730921171,-1.39066492200731,0.586878611621574,mm_per_hr
32,intensity,720,Raanana Basin 1 pixel,0,WRFrain_noPGW_HPE32.mat,WRFrain_PGW_V3_HPE32.mat,3.73811733722687,2.3724194864432,-1.36569785078367,0.634656237998989,mm_per_hr
32,intensity,720,Raanana Basin 2 pixel,0,WRFrain_noPGW_HPE32.mat,WRFrain_PGW_V3_HPE32.mat,3.68374579151471,2.5478836496671,-1.13586214184761,0.691655666234082,mm_per_hr
32,intensity,720,Raanana Basin 3 pixel,0,WRFrain_noPGW_HPE32.mat,WRFrain_PGW_V3_HPE32.mat,3.6188083268978,3.05046739843157,-0.568340928466232,0.842948043353974,mm_per_hr
32,intensity,1440,Raanana Basin,0,WRFrain_noPGW_HPE32.mat,WRFrain_PGW_V3_HPE32.mat,1.89925318059113,1.3653672696208,-0.533885910970333,0.718896924103524,mm_per_hr
32,intensity,1440,Raanana Basin 1 pixel,0,WRFrain_noPGW_HPE32.mat,WRFrain_PGW_V3_HPE32.mat,2.14144422610601,1.86696533858776,-0.274478887518247,0.871825339099605,mm_per_hr
32,intensity,1440,Raanana Basin 2 pixel,0,WRFrain_noPGW_HPE32.mat,WRFrain_PGW_V3_HPE32.mat,2.12011280655861,1.94989432270328,-0.170218483855327,0.919712534479886,mm_per_hr
32,intensity,1440,Raanana Basin 3 pixel,0,WRFrain_noPGW_HPE32.mat,WRFrain_PGW_V3_HPE32.mat,2.09582333873819,2.11480408465421,0.0189807459160134,1.00905646271095,mm_per_hr
33,total,0,Raanana Basin,0,WRFrain_noPGW_HPE33.mat,WRFrain_PGW_V3_HPE33.mat,68.1983213653543,50.8883120390035,-17.3100093263508,0.746181299190386,mm
33,total,0,Raanana Basin 1 pixel,0,WRFrain_noPGW_HPE33.mat,WRFrain_PGW_V3_HPE33.mat,77.7632203102112,54.4994337558746,-23.2637865543365,0.700838179520688,mm
33,total,0,Raanana Basin 2 pixel,0,WRFrain_noPGW_HPE33.mat,WRFrain_PGW_V3_HPE33.mat,76.7008827626705,56.5008323192596,-20.2000504434109,0.736638618542184,mm
33,total,0,Raanana Basin 3 pixel,0,WRFrain_noPGW_HPE33.mat,WRFrain_PGW_V3_HPE33.mat,74.9326360689269,60.3691451284621,-14.5634909404649,0.805645554400774,mm
33,intensity,10,Raanana Basin,0,WRFrain_noPGW_HPE33.mat,WRFrain_PGW_V3_HPE33.mat,30.3809571251226,21.7209358506348,-8.6600212744878,0.714952322310917,mm_per_hr
33,intensity,10,Raanana Basin 1 pixel,0,WRFrain_noPGW_HPE33.mat,WRFrain_PGW_V3_HPE33.mat,61.2049827575684,37.2000503540039,-24.0049324035645,0.607794474860854,mm_per_hr
33,intensity,10,Raanana Basin 2 pixel,0,WRFrain_noPGW_HPE33.mat,WRFrain_PGW_V3_HPE33.mat,61.9085054397583,34.8669834136963,-27.041522026062,0.563201827697561,mm_per_hr
33,intensity,10,Raanana Basin 3 pixel,0,WRFrain_noPGW_HPE33.mat,WRFrain_PGW_V3_HPE33.mat,60.174191792806,37.3680165608724,-22.8061752319336,0.62099739851163,mm_per_hr
33,intensity,20,Raanana Basin,0,WRFrain_noPGW_HPE33.mat,WRFrain_PGW_V3_HPE33.mat,26.5781707135861,13.5803984446994,-12.9977722688867,0.510960614673057,mm_per_hr
33,intensity,20,Raanana Basin 1 pixel,0,WRFrain_noPGW_HPE33.mat,WRFrain_PGW_V3_HPE33.mat,40.0870628356934,25.9606018066406,-14.1264610290527,0.647605485915656,mm_per_hr
33,intensity,20,Raanana Basin 2 pixel,0,WRFrain_noPGW_HPE33.mat,WRFrain_PGW_V3_HPE33.mat,41.3825197219849,28.9575605392456,-12.4249591827393,0.699753440191357,mm_per_hr
33,intensity,20,Raanana Basin 3 pixel,0,WRFrain_noPGW_HPE33.mat,WRFrain_PGW_V3_HPE33.mat,40.9446741739909,27.870491027832,-13.0741831461589,0.680686599419469,mm_per_hr
33,intensity,30,Raanana Basin,0,WRFrain_noPGW_HPE33.mat,WRFrain_PGW_V3_HPE33.mat,23.7390740523144,11.3674804669189,-12.3715935853955,0.478851047090888,mm_per_hr
33,intensity,30,Raanana Basin 1 pixel,0,WRFrain_noPGW_HPE33.mat,WRFrain_PGW_V3_HPE33.mat,34.3390350341797,22.6927642822266,-11.6462707519531,0.660844553716757,mm_per_hr
33,intensity,30,Raanana Basin 2 pixel,0,WRFrain_noPGW_HPE33.mat,WRFrain_PGW_V3_HPE33.mat,37.2233486175537,24.3195419311523,-12.9038066864014,0.653341057007531,mm_per_hr
33,intensity,30,Raanana Basin 3 pixel,0,WRFrain_noPGW_HPE33.mat,WRFrain_PGW_V3_HPE33.mat,38.5066748725043,23.1084984673394,-15.3981764051649,0.600116695192501,mm_per_hr
33,intensity,60,Raanana Basin,0,WRFrain_noPGW_HPE33.mat,WRFrain_PGW_V3_HPE33.mat,17.9571647703835,7.25771056470055,-10.6994542056829,0.404167955103392,mm_per_hr
33,intensity,60,Raanana Basin 1 pixel,0,WRFrain_noPGW_HPE33.mat,WRFrain_PGW_V3_HPE33.mat,28.5890617370605,12.7833061218262,-15.8057556152344,0.447139757134979,mm_per_hr
33,intensity,60,Raanana Basin 2 pixel,0,WRFrain_noPGW_HPE33.mat,WRFrain_PGW_V3_HPE33.mat,28.7669792175293,14.2113924026489,-14.5555868148804,0.49401754335016,mm_per_hr
33,intensity,60,Raanana Basin 3 pixel,0,WRFrain_noPGW_HPE33.mat,WRFrain_PGW_V3_HPE33.mat,28.8595941331651,14.2063937717014,-14.6532003614638,0.492258959226857,mm_per_hr
33,intensity,120,Raanana Basin,0,WRFrain_noPGW_HPE33.mat,WRFrain_PGW_V3_HPE33.mat,15.8366227446118,6.73141112416212,-9.10521162044969,0.425053449382217,mm_per_hr
33,intensity,120,Raanana Basin 1 pixel,0,WRFrain_noPGW_HPE33.mat,WRFrain_PGW_V3_HPE33.mat,22.0146389007568,9.26691257953644,-12.7477263212204,0.420943201535677,mm_per_hr
33,intensity,120,Raanana Basin 2 pixel,0,WRFrain_noPGW_HPE33.mat,WRFrain_PGW_V3_HPE33.mat,21.9368827939034,9.40364521741867,-12.5332375764847,0.42866825272149,mm_per_hr
33,intensity,120,Raanana Basin 3 pixel,0,WRFrain_noPGW_HPE33.mat,WRFrain_PGW_V3_HPE33.mat,21.5117739306556,9.51766022708681,-11.9941137035688,0.442439580193039,mm_per_hr
33,intensity,240,Raanana Basin,0,WRFrain_noPGW_HPE33.mat,WRFrain_PGW_V3_HPE33.mat,9.84143702337828,4.11233879096491,-5.72909823241337,0.417859585058165,mm_per_hr
33,intensity,240,Raanana Basin 1 pixel,0,WRFrain_noPGW_HPE33.mat,WRFrain_PGW_V3_HPE33.mat,13.6646465659142,4.97067791223526,-8.69396865367889,0.363761908385863,mm_per_hr
33,intensity,240,Raanana Basin 2 pixel,0,WRFrain_noPGW_HPE33.mat,WRFrain_PGW_V3_HPE33.mat,13.6988715082407,5.0256721675396,-8.6731993407011,0.366867603985945,mm_per_hr
33,intensity,240,Raanana Basin 3 pixel,0,WRFrain_noPGW_HPE33.mat,WRFrain_PGW_V3_HPE33.mat,13.4928254286448,5.12447278367148,-8.36835264497333,0.379792417145812,mm_per_hr
33,intensity,360,Raanana Basin,0,WRFrain_noPGW_HPE33.mat,WRFrain_PGW_V3_HPE33.mat,6.78437434426483,3.46570673353518,-3.31866761072964,0.510836601530533,mm_per_hr
33,intensity,360,Raanana Basin 1 pixel,0,WRFrain_noPGW_HPE33.mat,WRFrain_PGW_V3_HPE33.mat,9.52343205610911,4.46612393856049,-5.05730811754862,0.468961600423825,mm_per_hr
33,intensity,360,Raanana Basin 2 pixel,0,WRFrain_noPGW_HPE33.mat,WRFrain_PGW_V3_HPE33.mat,9.50240192810694,4.45387084285418,-5.04853108525276,0.468710003697084,mm_per_hr
33,intensity,360,Raanana Basin 3 pixel,0,WRFrain_noPGW_HPE33.mat,WRFrain_PGW_V3_HPE33.mat,9.35975669931482,4.51670762234264,-4.84304907697218,0.482566776834411,mm_per_hr
33,intensity,720,Raanana Basin,0,WRFrain_noPGW_HPE33.mat,WRFrain_PGW_V3_HPE33.mat,4.46138204265943,2.73465854822353,-1.72672349443589,0.612962199173915,mm_per_hr
33,intensity,720,Raanana Basin 1 pixel,0,WRFrain_noPGW_HPE33.mat,WRFrain_PGW_V3_HPE33.mat,5.60471357901891,3.06837034225464,-2.53634323676427,0.547462470471461,mm_per_hr
33,intensity,720,Raanana Basin 2 pixel,0,WRFrain_noPGW_HPE33.mat,WRFrain_PGW_V3_HPE33.mat,5.5575646062692,3.11079668998718,-2.44676791628202,0.559740985552926,mm_per_hr
33,intensity,720,Raanana Basin 3 pixel,0,WRFrain_noPGW_HPE33.mat,WRFrain_PGW_V3_HPE33.mat,5.45090625904225,3.14955139601672,-2.30135486302552,0.577803258089805,mm_per_hr
33,intensity,1440,Raanana Basin,0,WRFrain_noPGW_HPE33.mat,WRFrain_PGW_V3_HPE33.mat,2.71641113494047,2.07413518365498,-0.642275951285491,0.763557164442426,mm_per_hr
33,intensity,1440,Raanana Basin 1 pixel,0,WRFrain_noPGW_HPE33.mat,WRFrain_PGW_V3_HPE33.mat,3.15091970562935,2.24443055565159,-0.906489149977764,0.712309663633048,mm_per_hr
33,intensity,1440,Raanana Basin 2 pixel,0,WRFrain_noPGW_HPE33.mat,WRFrain_PGW_V3_HPE33.mat,3.09016574174166,2.26866165610651,-0.821504085635146,0.73415533201396,mm_per_hr
33,intensity,1440,Raanana Basin 3 pixel,0,WRFrain_noPGW_HPE33.mat,WRFrain_PGW_V3_HPE33.mat,3.03311106838562,2.39788734057435,-0.635223727811266,0.790570238448483,mm_per_hr
34,total,0,Raanana Basin,0,WRFrain_noPGW_HPE34.mat,WRFrain_PGW_V3_HPE34.mat,80.3972231941424,71.9145313963375,-8.48269179780489,0.894490239080509,mm
34,total,0,Raanana Basin 1 pixel,0,WRFrain_noPGW_HPE34.mat,WRFrain_PGW_V3_HPE34.mat,84.8452147845892,80.1101379692554,-4.73507681533374,0.944191586675153,mm
34,total,0,Raanana Basin 2 pixel,0,WRFrain_noPGW_HPE34.mat,WRFrain_PGW_V3_HPE34.mat,85.5108547229975,80.9178009103131,-4.59305381268436,0.946286891558235,mm
34,total,0,Raanana Basin 3 pixel,0,WRFrain_noPGW_HPE34.mat,WRFrain_PGW_V3_HPE34.mat,87.4912288660853,83.264793396494,-4.22643546959131,0.951693037983724,mm
34,intensity,10,Raanana Basin,0,WRFrain_noPGW_HPE34.mat,WRFrain_PGW_V3_HPE34.mat,16.879168088907,25.9639828810498,9.08481479214277,1.53822645430691,mm_per_hr
34,intensity,10,Raanana Basin 1 pixel,0,WRFrain_noPGW_HPE34.mat,WRFrain_PGW_V3_HPE34.mat,39.9419202804565,46.2783737182617,6.33645343780518,1.1586416825559,mm_per_hr
34,intensity,10,Raanana Basin 2 pixel,0,WRFrain_noPGW_HPE34.mat,WRFrain_PGW_V3_HPE34.mat,41.7638568878174,42.1006422042847,0.336785316467285,1.00806403770064,mm_per_hr
34,intensity,10,Raanana Basin 3 pixel,0,WRFrain_noPGW_HPE34.mat,WRFrain_PGW_V3_HPE34.mat,36.2636030515035,37.7750396728516,1.51143662134807,1.04167916296683,mm_per_hr
34,intensity,20,Raanana Basin,0,WRFrain_noPGW_HPE34.mat,WRFrain_PGW_V3_HPE34.mat,10.7974926819996,20.6349551064841,9.83746242448454,1.9110876676846,mm_per_hr
34,intensity,20,Raanana Basin 1 pixel,0,WRFrain_noPGW_HPE34.mat,WRFrain_PGW_V3_HPE34.mat,28.4215722084045,30.836254119873,2.41468191146851,1.08495947703957,mm_per_hr
34,intensity,20,Raanana Basin 2 pixel,0,WRFrain_noPGW_HPE34.mat,WRFrain_PGW_V3_HPE34.mat,27.3288402557373,27.8258929252625,0.497052669525146,1.01818784349697,mm_per_hr
34,intensity,20,Raanana Basin 3 pixel,0,WRFrain_noPGW_HPE34.mat,WRFrain_PGW_V3_HPE34.mat,23.120400428772,24.6762097676595,1.55580933888753,1.06729162601143,mm_per_hr
34,intensity,30,Raanana Basin,0,WRFrain_noPGW_HPE34.mat,WRFrain_PGW_V3_HPE34.mat,10.5334183893234,14.6388883037627,4.10546991443933,1.38975665474378,mm_per_hr
34,intensity,30,Raanana Basin 1 pixel,0,WRFrain_noPGW_HPE34.mat,WRFrain_PGW_V3_HPE34.mat,19.896427154541,23.4433135986328,3.5468864440918,1.17826750584626,mm_per_hr
34,intensity,30,Raanana Basin 2 pixel,0,WRFrain_noPGW_HPE34.mat,WRFrain_PGW_V3_HPE34.mat,19.1698276996613,21.988205909729,2.81837821006775,1.14702157234922,mm_per_hr
34,intensity,30,Raanana Basin 3 pixel,0,WRFrain_noPGW_HPE34.mat,WRFrain_PGW_V3_HPE34.mat,18.2820802794562,20.857826868693,2.57574658923679,1.14088914116252,mm_per_hr
34,intensity,60,Raanana Basin,0,WRFrain_noPGW_HPE34.mat,WRFrain_PGW_V3_HPE34.mat,10.0409951464136,9.64216709772247,-0.398828048691108,0.960280027738729,mm_per_hr
34,intensity,60,Raanana Basin 1 pixel,0,WRFrain_noPGW_HPE34.mat,WRFrain_PGW_V3_HPE34.mat,12.1680908203125,16.3753490447998,4.2072582244873,1.34576157316841,mm_per_hr
34,intensity,60,Raanana Basin 2 pixel,0,WRFrain_noPGW_HPE34.mat,WRFrain_PGW_V3_HPE34.mat,12.3012652397156,15.4637789726257,3.16251373291016,1.25708849222271,mm_per_hr
34,intensity,60,Raanana Basin 3 pixel,0,WRFrain_noPGW_HPE34.mat,WRFrain_PGW_V3_HPE34.mat,12.162121242947,14.6924646165636,2.53034337361654,1.20805115514565,mm_per_hr
34,intensity,120,Raanana Basin,0,WRFrain_noPGW_HPE34.mat,WRFrain_PGW_V3_HPE34.mat,9.12773091142828,7.76732668187177,-1.36040422955651,0.850959209604522,mm_per_hr
34,intensity,120,Raanana Basin 1 pixel,0,WRFrain_noPGW_HPE34.mat,WRFrain_PGW_V3_HPE34.mat,10.5815420150757,10.7825856208801,0.201043605804443,1.01899946203663,mm_per_hr
34,intensity,120,Raanana Basin 2 pixel,0,WRFrain_noPGW_HPE34.mat,WRFrain_PGW_V3_HPE34.mat,11.02290391922,10.493467092514,-0.529436826705933,0.951969387505702,mm_per_hr
34,intensity,120,Raanana Basin 3 pixel,0,WRFrain_noPGW_HPE34.mat,WRFrain_PGW_V3_HPE34.mat,11.3905739254422,10.0423554049598,-1.34821852048238,0.881637349504314,mm_per_hr
34,intensity,240,Raanana Basin,0,WRFrain_noPGW_HPE34.mat,WRFrain_PGW_V3_HPE34.mat,7.42214081448074,4.85847081117869,-2.56367000330204,0.654591570359286,mm_per_hr
34,intensity,240,Raanana Basin 1 pixel,0,WRFrain_noPGW_HPE34.mat,WRFrain_PGW_V3_HPE34.mat,8.93175745010376,7.24240472912788,-1.68935272097588,0.810859986915985,mm_per_hr
34,intensity,240,Raanana Basin 2 pixel,0,WRFrain_noPGW_HPE34.mat,WRFrain_PGW_V3_HPE34.mat,9.35757863521576,7.01650294661522,-2.34107568860054,0.74982035632698,mm_per_hr
34,intensity,240,Raanana Basin 3 pixel,0,WRFrain_noPGW_HPE34.mat,WRFrain_PGW_V3_HPE34.mat,9.73187711503771,6.73657651080026,-2.99530060423745,0.692217588772354,mm_per_hr
34,intensity,360,Raanana Basin,0,WRFrain_noPGW_HPE34.mat,WRFrain_PGW_V3_HPE34.mat,6.28472333019181,3.26739276798448,-3.01733056220733,0.519894448223031,mm_per_hr
34,intensity,360,Raanana Basin 1 pixel,0,WRFrain_noPGW_HPE34.mat,WRFrain_PGW_V3_HPE34.mat,7.26854292551676,4.85134013493856,-2.41720279057821,0.667443280538052,mm_per_hr
34,intensity,360,Raanana Basin 2 pixel,0,WRFrain_noPGW_HPE34.mat,WRFrain_PGW_V3_HPE34.mat,7.53601773579915,4.70396017034849,-2.83205756545067,0.624197067371904,mm_per_hr
34,intensity,360,Raanana Basin 3 pixel,0,WRFrain_noPGW_HPE34.mat,WRFrain_PGW_V3_HPE34.mat,7.7616900338067,4.49562167238306,-3.26606836142363,0.579206545585047,mm_per_hr
34,intensity,720,Raanana Basin,0,WRFrain_noPGW_HPE34.mat,WRFrain_PGW_V3_HPE34.mat,3.28385289964756,2.41829918416036,-0.865553715487197,0.736421288669753,mm_per_hr
34,intensity,720,Raanana Basin 1 pixel,0,WRFrain_noPGW_HPE34.mat,WRFrain_PGW_V3_HPE34.mat,3.80327081680298,3.06780510147413,-0.735465715328852,0.806622838405422,mm_per_hr
34,intensity,720,Raanana Basin 2 pixel,0,WRFrain_noPGW_HPE34.mat,WRFrain_PGW_V3_HPE34.mat,3.87337593237559,3.02540991703669,-0.847966015338898,0.781078307362015,mm_per_hr
34,intensity,720,Raanana Basin 3 pixel,0,WRFrain_noPGW_HPE34.mat,WRFrain_PGW_V3_HPE34.mat,3.9781038319623,2.93906080722809,-1.03904302473421,0.738809475915142,mm_per_hr
34,intensity,1440,Raanana Basin,0,WRFrain_noPGW_HPE34.mat,WRFrain_PGW_V3_HPE34.mat,2.18296755770905,1.81661436076168,-0.366353196947365,0.832176527015435,mm_per_hr
34,intensity,1440,Raanana Basin 1 pixel,0,WRFrain_noPGW_HPE34.mat,WRFrain_PGW_V3_HPE34.mat,2.38132230440776,2.10622485478719,-0.275097449620564,0.88447701971658,mm_per_hr
34,intensity,1440,Raanana Basin 2 pixel,0,WRFrain_noPGW_HPE34.mat,WRFrain_PGW_V3_HPE34.mat,2.38702116409938,2.29002243280411,-0.0969987312952671,0.959364109227802,mm_per_hr
34,intensity,1440,Raanana Basin 3 pixel,0,WRFrain_noPGW_HPE34.mat,WRFrain_PGW_V3_HPE34.mat,2.41376510372868,2.35945265602182,-0.0543124477068582,0.977498867796639,mm_per_hr
35,total,0,Raanana Basin,0,WRFrain_noPGW_HPE35.mat,WRFrain_PGW_V3_HPE35.mat,57.4849713243884,56.9559702314121,-0.529001092976316,0.990797575770002,mm
35,total,0,Raanana Basin 1 pixel,0,WRFrain_noPGW_HPE35.mat,WRFrain_PGW_V3_HPE35.mat,67.9563022777438,66.7532536154613,-1.20304866228253,0.9822967315472,mm
35,total,0,Raanana Basin 2 pixel,0,WRFrain_noPGW_HPE35.mat,WRFrain_PGW_V3_HPE35.mat,68.0972805581987,65.3713686477276,-2.72591191047104,0.959970326448773,mm
35,total,0,Raanana Basin 3 pixel,0,WRFrain_noPGW_HPE35.mat,WRFrain_PGW_V3_HPE35.mat,68.7507719085034,63.3839666771366,-5.36680523136682,0.921938254911389,mm
35,intensity,10,Raanana Basin,0,WRFrain_noPGW_HPE35.mat,WRFrain_PGW_V3_HPE35.mat,22.0848020670182,23.750985109694,1.66618304267573,1.075444780425,mm_per_hr
35,intensity,10,Raanana Basin 1 pixel,0,WRFrain_noPGW_HPE35.mat,WRFrain_PGW_V3_HPE35.mat,35.1836471557617,43.8531875610352,8.66954040527344,1.24640823524896,mm_per_hr
35,intensity,10,Raanana Basin 2 pixel,0,WRFrain_noPGW_HPE35.mat,WRFrain_PGW_V3_HPE35.mat,33.2348155975342,38.7842016220093,5.5493860244751,1.16697508094153,mm_per_hr
35,intensity,10,Raanana Basin 3 pixel,0,WRFrain_noPGW_HPE35.mat,WRFrain_PGW_V3_HPE35.mat,29.6955261230469,33.8759485880534,4.18042246500652,1.14077617105299,mm_per_hr
35,intensity,20,Raanana Basin,0,WRFrain_noPGW_HPE35.mat,WRFrain_PGW_V3_HPE35.mat,11.5579958335733,20.1035587780154,8.54556294444212,1.73936373290768,mm_per_hr
35,intensity,20,Raanana Basin 1 pixel,0,WRFrain_noPGW_HPE35.mat,WRFrain_PGW_V3_HPE35.mat,18.4207305908203,25.2889938354492,6.86826324462891,1.37285509446903,mm_per_hr
35,intensity,20,Raanana Basin 2 pixel,0,WRFrain_noPGW_HPE35.mat,WRFrain_PGW_V3_HPE35.mat,18.0469007492065,24.1048994064331,6.05799865722656,1.3356808319286,mm_per_hr
35,intensity,20,Raanana Basin 3 pixel,0,WRFrain_noPGW_HPE35.mat,WRFrain_PGW_V3_HPE35.mat,16.3576590220133,22.5492960611979,6.19163703918457,1.37851608416902,mm_per_hr
35,intensity,30,Raanana Basin,0,WRFrain_noPGW_HPE35.mat,WRFrain_PGW_V3_HPE35.mat,8.89770092411101,13.7812208277305,4.88351990361946,1.54885188266849,mm_per_hr
35,intensity,30,Raanana Basin 1 pixel,0,WRFrain_noPGW_HPE35.mat,WRFrain_PGW_V3_HPE35.mat,15.1453628540039,19.2942123413086,4.14884948730469,1.27393529803797,mm_per_hr
35,intensity,30,Raanana Basin 2 pixel,0,WRFrain_noPGW_HPE35.mat,WRFrain_PGW_V3_HPE35.mat,15.1612634658813,17.6861991882324,2.52493572235107,1.16653860860826,mm_per_hr
35,intensity,30,Raanana Basin 3 pixel,0,WRFrain_noPGW_HPE35.mat,WRFrain_PGW_V3_HPE35.mat,14.2412673102485,16.428581237793,2.18731392754449,1.15358983718889,mm_per_hr
35,intensity,60,Raanana Basin,0,WRFrain_noPGW_HPE35.mat,WRFrain_PGW_V3_HPE35.mat,6.2549558993791,7.67443507965829,1.4194791802792,1.22693672075611,mm_per_hr
35,intensity,60,Raanana Basin 1 pixel,0,WRFrain_noPGW_HPE35.mat,WRFrain_PGW_V3_HPE35.mat,10.6400375366211,11.2815437316895,0.641506195068359,1.06029172292489,mm_per_hr
35,intensity,60,Raanana Basin 2 pixel,0,WRFrain_noPGW_HPE35.mat,WRFrain_PGW_V3_HPE35.mat,10.3267397880554,10.5124435424805,0.185703754425049,1.01798280563241,mm_per_hr
35,intensity,60,Raanana Basin 3 pixel,0,WRFrain_noPGW_HPE35.mat,WRFrain_PGW_V3_HPE35.mat,9.87715954250759,10.287525177002,0.410365634494358,1.04154692781141,mm_per_hr
35,intensity,120,Raanana Basin,0,WRFrain_noPGW_HPE35.mat,WRFrain_PGW_V3_HPE35.mat,3.92886069202124,6.82334931816053,2.89448862613929,1.73672467746628,mm_per_hr
35,intensity,120,Raanana Basin 1 pixel,0,WRFrain_noPGW_HPE35.mat,WRFrain_PGW_V3_HPE35.mat,7.03750324249268,7.97002983093262,0.932526588439941,1.13250815755356,mm_per_hr
35,intensity,120,Raanana Basin 2 pixel,0,WRFrain_noPGW_HPE35.mat,WRFrain_PGW_V3_HPE35.mat,6.87452602386475,7.56003284454346,0.685506820678711,1.09971695769265,mm_per_hr
35,intensity,120,Raanana Basin 3 pixel,0,WRFrain_noPGW_HPE35.mat,WRFrain_PGW_V3_HPE35.mat,6.70927280849881,7.47198719448514,0.762714385986328,1.11368063391612,mm_per_hr
35,intensity,240,Raanana Basin,0,WRFrain_noPGW_HPE35.mat,WRFrain_PGW_V3_HPE35.mat,3.13305033010002,4.26366529625411,1.1306149661541,1.36086715725311,mm_per_hr
35,intensity,240,Raanana Basin 1 pixel,0,WRFrain_noPGW_HPE35.mat,WRFrain_PGW_V3_HPE35.mat,5.00759410858154,5.64051914215088,0.632925033569336,1.12639303822262,mm_per_hr
35,intensity,240,Raanana Basin 2 pixel,0,WRFrain_noPGW_HPE35.mat,WRFrain_PGW_V3_HPE35.mat,4.85166835784912,5.37056428194046,0.518895924091339,1.10695205974907,mm_per_hr
35,intensity,240,Raanana Basin 3 pixel,0,WRFrain_noPGW_HPE35.mat,WRFrain_PGW_V3_HPE35.mat,4.74388758341471,5.00381739934285,0.259929815928142,1.05479257494147,mm_per_hr
35,intensity,360,Raanana Basin,0,WRFrain_noPGW_HPE35.mat,WRFrain_PGW_V3_HPE35.mat,2.18506888237119,3.05752292484076,0.872454042469571,1.39927988060624,mm_per_hr
35,intensity,360,Raanana Basin 1 pixel,0,WRFrain_noPGW_HPE35.mat,WRFrain_PGW_V3_HPE35.mat,3.45769087473551,3.94382127126058,0.486130396525065,1.14059394380137,mm_per_hr
35,intensity,360,Raanana Basin 2 pixel,0,WRFrain_noPGW_HPE35.mat,WRFrain_PGW_V3_HPE35.mat,3.39462876319885,3.76484139760335,0.3702126344045,1.10905835666568,mm_per_hr
35,intensity,360,Raanana Basin 3 pixel,0,WRFrain_noPGW_HPE35.mat,WRFrain_PGW_V3_HPE35.mat,3.35542703557897,3.51411589869746,0.15868886311849,1.04729319440889,mm_per_hr
35,intensity,720,Raanana Basin,0,WRFrain_noPGW_HPE35.mat,WRFrain_PGW_V3_HPE35.mat,1.58973596621083,2.27697042269436,0.687234456483528,1.43229471502841,mm_per_hr
35,intensity,720,Raanana Basin 1 pixel,0,WRFrain_noPGW_HPE35.mat,WRFrain_PGW_V3_HPE35.mat,2.3227391242981,3.13170250256856,0.808963378270467,1.34827991219846,mm_per_hr
35,intensity,720,Raanana Basin 2 pixel,0,WRFrain_noPGW_HPE35.mat,WRFrain_PGW_V3_HPE35.mat,2.36436744530996,3.06257834037145,0.698210895061493,1.2953055780084,mm_per_hr
35,intensity,720,Raanana Basin 3 pixel,0,WRFrain_noPGW_HPE35.mat,WRFrain_PGW_V3_HPE35.mat,2.3362423049079,2.92168657647239,0.585444271564484,1.25059227389839,mm_per_hr
35,intensity,1440,Raanana Basin,0,WRFrain_noPGW_HPE35.mat,WRFrain_PGW_V3_HPE35.mat,1.34570892840293,1.26890440131202,-0.0768045270909161,0.942926345014247,mm_per_hr
35,intensity,1440,Raanana Basin 1 pixel,0,WRFrain_noPGW_HPE35.mat,WRFrain_PGW_V3_HPE35.mat,1.77822649478912,1.71888675773516,-0.0593397370539606,0.966629820651167,mm_per_hr
35,intensity,1440,Raanana Basin 2 pixel,0,WRFrain_noPGW_HPE35.mat,WRFrain_PGW_V3_HPE35.mat,1.79670005043348,1.68987427987546,-0.106825770558013,0.940543347492955,mm_per_hr
35,intensity,1440,Raanana Basin 3 pixel,0,WRFrain_noPGW_HPE35.mat,WRFrain_PGW_V3_HPE35.mat,1.75285833853262,1.61457717849838,-0.13828116003424,0.921111046457982,mm_per_hr
36,total,0,Raanana Basin,0,WRFrain_noPGW_HPE36.mat,WRFrain_PGW_V3_HPE36.mat,43.9970256150348,34.5252690495041,-9.47175656553064,0.78471825235627,mm
36,total,0,Raanana Basin 1 pixel,0,WRFrain_noPGW_HPE36.mat,WRFrain_PGW_V3_HPE36.mat,53.554092369508,41.5557136535645,-11.9983787159435,0.775957761861444,mm
36,total,0,Raanana Basin 2 pixel,0,WRFrain_noPGW_HPE36.mat,WRFrain_PGW_V3_HPE36.mat,55.0587730446987,41.4136915519718,-13.6450814927269,0.752172437957357,mm
36,total,0,Raanana Basin 3 pixel,0,WRFrain_noPGW_HPE36.mat,WRFrain_PGW_V3_HPE36.mat,56.8636364454173,41.2310548811017,-15.6325815643155,0.725086495667208,mm
36,intensity,10,Raanana Basin,0,WRFrain_noPGW_HPE36.mat,WRFrain_PGW_V3_HPE36.mat,14.9873320989101,21.8653504026347,6.87801830372467,1.45892212558797,mm_per_hr
36,intensity,10,Raanana Basin 1 pixel,0,WRFrain_noPGW_HPE36.mat,WRFrain_PGW_V3_HPE36.mat,39.0972633361816,42.1015605926514,3.00429725646973,1.07684162522162,mm_per_hr
36,intensity,10,Raanana Basin 2 pixel,0,WRFrain_noPGW_HPE36.mat,WRFrain_PGW_V3_HPE36.mat,38.1319327354431,40.61332654953,2.48139381408691,1.06507390620094,mm_per_hr
36,intensity,10,Raanana Basin 3 pixel,0,WRFrain_noPGW_HPE36.mat,WRFrain_PGW_V3_HPE36.mat,33.7319566408793,37.7845039367676,4.05254729588826,1.12013970428792,mm_per_hr
36,intensity,20,Raanana Basin,0,WRFrain_noPGW_HPE36.mat,WRFrain_PGW_V3_HPE36.mat,10.2596080288244,19.8159884386302,9.55638040980575,1.93145667777532,mm_per_hr
36,intensity,20,Raanana Basin 1 pixel,0,WRFrain_noPGW_HPE36.mat,WRFrain_PGW_V3_HPE36.mat,28.6803503036499,29.4479827880859,0.767632484436035,1.02676510141295,mm_per_hr
36,intensity,20,Raanana Basin 2 pixel,0,WRFrain_noPGW_HPE36.mat,WRFrain_PGW_V3_HPE36.mat,29.9759330749512,29.264291882515,-0.711641192436218,0.976259581623136,mm_per_hr
36,intensity,20,Raanana Basin 3 pixel,0,WRFrain_noPGW_HPE36.mat,WRFrain_PGW_V3_HPE36.mat,26.8351589838664,28.3780868848165,1.54292790095011,1.05749650679833,mm_per_hr
36,intensity,30,Raanana Basin,0,WRFrain_noPGW_HPE36.mat,WRFrain_PGW_V3_HPE36.mat,8.91400283591407,19.2513425462298,10.3373397103158,2.15967426762163,mm_per_hr
36,intensity,30,Raanana Basin 1 pixel,0,WRFrain_noPGW_HPE36.mat,WRFrain_PGW_V3_HPE36.mat,24.9757294654846,23.83860206604,-1.13712739944458,0.954470703207446,mm_per_hr
36,intensity,30,Raanana Basin 2 pixel,0,WRFrain_noPGW_HPE36.mat,WRFrain_PGW_V3_HPE36.mat,25.9559032917023,23.7870259284973,-2.16887736320496,0.916439919704189,mm_per_hr
36,intensity,30,Raanana Basin 3 pixel,0,WRFrain_noPGW_HPE36.mat,WRFrain_PGW_V3_HPE36.mat,23.8459432390001,22.8265982733832,-1.01934496561686,0.957252898096741,mm_per_hr
36,intensity,60,Raanana Basin,0,WRFrain_noPGW_HPE36.mat,WRFrain_PGW_V3_HPE36.mat,6.43136254119976,12.7007365507018,6.26937400950206,1.97481271959713,mm_per_hr
36,intensity,60,Raanana Basin 1 pixel,0,WRFrain_noPGW_HPE36.mat,WRFrain_PGW_V3_HPE36.mat,14.9181826114655,14.9284386634827,0.0102560520172119,1.0006874866922,mm_per_hr
36,intensity,60,Raanana Basin 2 pixel,0,WRFrain_noPGW_HPE36.mat,WRFrain_PGW_V3_HPE36.mat,15.1068266630173,15.002360701561,-0.104465961456299,0.993084850724339,mm_per_hr
36,intensity,60,Raanana Basin 3 pixel,0,WRFrain_noPGW_HPE36.mat,WRFrain_PGW_V3_HPE36.mat,14.1606317096286,15.1170621977912,0.956430488162571,1.06754151282052,mm_per_hr
36,intensity,120,Raanana Basin,0,WRFrain_noPGW_HPE36.mat,WRFrain_PGW_V3_HPE36.mat,5.1663617680439,8.51510075351288,3.34873898546898,1.648181280332,mm_per_hr
36,intensity,120,Raanana Basin 1 pixel,0,WRFrain_noPGW_HPE36.mat,WRFrain_PGW_V3_HPE36.mat,7.8721696138382,10.2164587974548,2.34428918361664,1.29779454694367,mm_per_hr
36,intensity,120,Raanana Basin 2 pixel,0,WRFrain_noPGW_HPE36.mat,WRFrain_PGW_V3_HPE36.mat,7.97600430250168,10.1881173849106,2.21211308240891,1.27734602421354,mm_per_hr
36,intensity,120,Raanana Basin 3 pixel,0,WRFrain_noPGW_HPE36.mat,WRFrain_PGW_V3_HPE36.mat,7.53789456685384,10.0683315594991,2.53043699264526,1.33569546114007,mm_per_hr
36,intensity,240,Raanana Basin,0,WRFrain_noPGW_HPE36.mat,WRFrain_PGW_V3_HPE36.mat,4.3266564992528,4.92777352959945,0.601117030346654,1.13893338434666,mm_per_hr
36,intensity,240,Raanana Basin 1 pixel,0,WRFrain_noPGW_HPE36.mat,WRFrain_PGW_V3_HPE36.mat,5.33163666725159,5.87348747253418,0.541850805282593,1.10162935681848,mm_per_hr
36,intensity,240,Raanana Basin 2 pixel,0,WRFrain_noPGW_HPE36.mat,WRFrain_PGW_V3_HPE36.mat,5.36485904455185,5.87395060062408,0.509091556072235,1.09489374312438,mm_per_hr
36,intensity,240,Raanana Basin 3 pixel,0,WRFrain_noPGW_HPE36.mat,WRFrain_PGW_V3_HPE36.mat,5.35156281789144,5.80457411872016,0.453011300828722,1.08465028184182,mm_per_hr
36,intensity,360,Raanana Basin,0,WRFrain_noPGW_HPE36.mat,WRFrain_PGW_V3_HPE36.mat,3.87013675800312,3.34526500102744,-0.524871756975678,0.864379015576055,mm_per_hr
36,intensity,360,Raanana Basin 1 pixel,0,WRFrain_noPGW_HPE36.mat,WRFrain_PGW_V3_HPE36.mat,4.23510313034058,4.03779133160909,-0.197311798731486,0.953410391043861,mm_per_hr
36,intensity,360,Raanana Basin 2 pixel,0,WRFrain_noPGW_HPE36.mat,WRFrain_PGW_V3_HPE36.mat,4.27999893824259,4.01155819495519,-0.268440743287404,0.937280184607329,mm_per_hr
36,intensity,360,Raanana Basin 3 pixel,0,WRFrain_noPGW_HPE36.mat,WRFrain_PGW_V3_HPE36.mat,4.30854379689252,3.97165807088216,-0.336885726010358,0.921809840658152,mm_per_hr
36,intensity,720,Raanana Basin,0,WRFrain_noPGW_HPE36.mat,WRFrain_PGW_V3_HPE36.mat,2.7501054931833,2.51207186612911,-0.238033627054183,0.91344563776037,mm_per_hr
36,intensity,720,Raanana Basin 1 pixel,0,WRFrain_noPGW_HPE36.mat,WRFrain_PGW_V3_HPE36.mat,3.15030586719513,2.944588282456,-0.205717584739129,0.934699170997549,mm_per_hr
36,intensity,720,Raanana Basin 2 pixel,0,WRFrain_noPGW_HPE36.mat,WRFrain_PGW_V3_HPE36.mat,3.26760403315226,2.94596483977512,-0.321639193377147,0.901567267602231,mm_per_hr
36,intensity,720,Raanana Basin 3 pixel,0,WRFrain_noPGW_HPE36.mat,WRFrain_PGW_V3_HPE36.mat,3.27873764214692,2.92946225273664,-0.34927538941028,0.893472602101346,mm_per_hr
36,intensity,1440,Raanana Basin,0,WRFrain_noPGW_HPE36.mat,WRFrain_PGW_V3_HPE36.mat,1.47120509234373,1.42835642310673,-0.0428486692369978,0.970875121721651,mm_per_hr
36,intensity,1440,Raanana Basin 1 pixel,0,WRFrain_noPGW_HPE36.mat,WRFrain_PGW_V3_HPE36.mat,1.66941022872925,1.68393710255623,0.0145268738269806,1.00870179993927,mm_per_hr
36,intensity,1440,Raanana Basin 2 pixel,0,WRFrain_noPGW_HPE36.mat,WRFrain_PGW_V3_HPE36.mat,1.73355152706305,1.6883212258108,-0.0452303012522561,0.973908879807637,mm_per_hr
36,intensity,1440,Raanana Basin 3 pixel,0,WRFrain_noPGW_HPE36.mat,WRFrain_PGW_V3_HPE36.mat,1.74873592897698,1.703026044079,-0.045709884897978,0.973861185019102,mm_per_hr
37,total,0,Raanana Basin,0,WRFrain_noPGW_HPE37.mat,WRFrain_PGW_V3_HPE37.mat,8.86463318010055,8.06325242911126,-0.801380750989289,0.909597979441694,mm
37,total,0,Raanana Basin 1 pixel,0,WRFrain_noPGW_HPE37.mat,WRFrain_PGW_V3_HPE37.mat,10.432215691435,9.93362973604235,-0.498585955392628,0.952207089065272,mm
37,total,0,Raanana Basin 2 pixel,0,WRFrain_noPGW_HPE37.mat,WRFrain_PGW_V3_HPE37.mat,11.2820448863421,11.1537976286818,-0.128247257660293,0.988632622990576,mm
37,total,0,Raanana Basin 3 pixel,0,WRFrain_noPGW_HPE37.mat,WRFrain_PGW_V3_HPE37.mat,11.717584821581,12.9198052069215,1.20222038534055,1.1025996742201,mm
37,intensity,10,Raanana Basin,0,WRFrain_noPGW_HPE37.mat,WRFrain_PGW_V3_HPE37.mat,9.86889896460088,14.7740868943799,4.90518792977901,1.49703497293605,mm_per_hr
37,intensity,10,Raanana Basin 1 pixel,0,WRFrain_noPGW_HPE37.mat,WRFrain_PGW_V3_HPE37.mat,14.5291843414307,24.9753684997559,10.4461841583252,1.71897939435853,mm_per_hr
37,intensity,10,Raanana Basin 2 pixel,0,WRFrain_noPGW_HPE37.mat,WRFrain_PGW_V3_HPE37.mat,14.5158169269562,26.4563863277435,11.9405694007874,1.82259024489441,mm_per_hr
37,intensity,10,Raanana Basin 3 pixel,0,WRFrain_noPGW_HPE37.mat,WRFrain_PGW_V3_HPE37.mat,13.8714841206868,27.0152626037598,13.1437784830729,1.94753945350889,mm_per_hr
37,intensity,20,Raanana Basin,0,WRFrain_noPGW_HPE37.mat,WRFrain_PGW_V3_HPE37.mat,7.40892437931886,8.59952819631742,1.19060381699856,1.16069860563323,mm_per_hr
37,intensity,20,Raanana Basin 1 pixel,0,WRFrain_noPGW_HPE37.mat,WRFrain_PGW_V3_HPE37.mat,10.4387855529785,14.6090776920319,4.17029213905334,1.39949974236835,mm_per_hr
37,intensity,20,Raanana Basin 2 pixel,0,WRFrain_noPGW_HPE37.mat,WRFrain_PGW_V3_HPE37.mat,10.5600636005402,15.2519589364529,4.6918953359127,1.44430559449213,mm_per_hr
37,intensity,20,Raanana Basin 3 pixel,0,WRFrain_noPGW_HPE37.mat,WRFrain_PGW_V3_HPE37.mat,10.26886510849,15.3481995066007,5.07933439811071,1.49463444542779,mm_per_hr
37,intensity,30,Raanana Basin,0,WRFrain_noPGW_HPE37.mat,WRFrain_PGW_V3_HPE37.mat,6.46600341189618,6.83819861611976,0.372195204223585,1.05756186325835,mm_per_hr
37,intensity,30,Raanana Basin 1 pixel,0,WRFrain_noPGW_HPE37.mat,WRFrain_PGW_V3_HPE37.mat,7.95516538619995,11.50852227211,3.55335688591003,1.44667291167499,mm_per_hr
37,intensity,30,Raanana Basin 2 pixel,0,WRFrain_noPGW_HPE37.mat,WRFrain_PGW_V3_HPE37.mat,8.08141613006592,12.2596236765385,4.17820754647255,1.51701428056997,mm_per_hr
37,intensity,30,Raanana Basin 3 pixel,0,WRFrain_noPGW_HPE37.mat,WRFrain_PGW_V3_HPE37.mat,7.97449657652113,12.556000272433,4.58150369591183,1.57451948871618,mm_per_hr
37,intensity,60,Raanana Basin,0,WRFrain_noPGW_HPE37.mat,WRFrain_PGW_V3_HPE37.mat,5.3964171485047,4.4266284277216,-0.969788720783104,0.820290260353237,mm_per_hr
37,intensity,60,Raanana Basin 1 pixel,0,WRFrain_noPGW_HPE37.mat,WRFrain_PGW_V3_HPE37.mat,6.75225555896759,7.30753723531961,0.555281676352024,1.08223647216885,mm_per_hr
37,intensity,60,Raanana Basin 2 pixel,0,WRFrain_noPGW_HPE37.mat,WRFrain_PGW_V3_HPE37.mat,6.83034911751747,7.80504833720624,0.974699219688773,1.142701229896,mm_per_hr
37,intensity,60,Raanana Basin 3 pixel,0,WRFrain_noPGW_HPE37.mat,WRFrain_PGW_V3_HPE37.mat,6.82791541682349,8.43980009025998,1.61188467343648,1.23607273597223,mm_per_hr
37,intensity,120,Raanana Basin,0,WRFrain_noPGW_HPE37.mat,WRFrain_PGW_V3_HPE37.mat,3.39371274367302,3.13140446899698,-0.262308274676036,0.922707578841178,mm_per_hr
37,intensity,120,Raanana Basin 1 pixel,0,WRFrain_noPGW_HPE37.mat,WRFrain_PGW_V3_HPE37.mat,3.9117539525032,4.24394658207893,0.332192629575729,1.08492165755036,mm_per_hr
37,intensity,120,Raanana Basin 2 pixel,0,WRFrain_noPGW_HPE37.mat,WRFrain_PGW_V3_HPE37.mat,3.95115269720554,5.0608945786953,1.10974188148975,1.28086534905994,mm_per_hr
37,intensity,120,Raanana Basin 3 pixel,0,WRFrain_noPGW_HPE37.mat,WRFrain_PGW_V3_HPE37.mat,3.96289516819848,5.9152102139261,1.95231504572762,1.49264867296884,mm_per_hr
37,intensity,240,Raanana Basin,0,WRFrain_noPGW_HPE37.mat,WRFrain_PGW_V3_HPE37.mat,2.14166943230856,1.99307730608478,-0.148592126223784,0.930618552059356,mm_per_hr
37,intensity,240,Raanana Basin 1 pixel,0,WRFrain_noPGW_HPE37.mat,WRFrain_PGW_V3_HPE37.mat,2.52059628814459,2.46690988354385,-0.0536864046007395,0.978700911029168,mm_per_hr
37,intensity,240,Raanana Basin 2 pixel,0,WRFrain_noPGW_HPE37.mat,WRFrain_PGW_V3_HPE37.mat,2.74637282267213,2.77003315085312,0.0236603281809948,1.00861511881623,mm_per_hr
37,intensity,240,Raanana Basin 3 pixel,0,WRFrain_noPGW_HPE37.mat,WRFrain_PGW_V3_HPE37.mat,2.86148907865087,3.20291634691077,0.3414272682599,1.1193180399699,mm_per_hr
37,intensity,360,Raanana Basin,0,WRFrain_noPGW_HPE37.mat,WRFrain_PGW_V3_HPE37.mat,1.45851413196119,1.34386630003997,-0.114647831921221,0.921394089087735,mm_per_hr
37,intensity,360,Raanana Basin 1 pixel,0,WRFrain_noPGW_HPE37.mat,WRFrain_PGW_V3_HPE37.mat,1.72140811073283,1.65560114130979,-0.0658069694230412,0.961771430602226,mm_per_hr
37,intensity,360,Raanana Basin 2 pixel,0,WRFrain_noPGW_HPE37.mat,WRFrain_PGW_V3_HPE37.mat,1.87062528838093,1.85279138919395,-0.0178338991869775,0.990466343367777,mm_per_hr
37,intensity,360,Raanana Basin 3 pixel,0,WRFrain_noPGW_HPE37.mat,WRFrain_PGW_V3_HPE37.mat,1.94575797987205,2.13862463247999,0.192866652607942,1.09912160433263,mm_per_hr
37,intensity,720,Raanana Basin,0,WRFrain_noPGW_HPE37.mat,WRFrain_PGW_V3_HPE37.mat,0.736229749490533,0.671937702425939,-0.0642920470645943,0.912673934856498,mm_per_hr
37,intensity,720,Raanana Basin 1 pixel,0,WRFrain_noPGW_HPE37.mat,WRFrain_PGW_V3_HPE37.mat,0.868219406343997,0.827802478003529,-0.0404169283404675,0.953448485434506,mm_per_hr
37,intensity,720,Raanana Basin 2 pixel,0,WRFrain_noPGW_HPE37.mat,WRFrain_PGW_V3_HPE37.mat,0.939225271887456,0.929483135723482,-0.00974213616397412,0.989627476543091,mm_per_hr
37,intensity,720,Raanana Basin 3 pixel,0,WRFrain_noPGW_HPE37.mat,WRFrain_PGW_V3_HPE37.mat,0.975202707741927,1.07665043391013,0.101447726168199,1.10402732207656,mm_per_hr
37,intensity,1440,Raanana Basin,0,WRFrain_noPGW_HPE37.mat,WRFrain_PGW_V3_HPE37.mat,0.369359715837523,0.335968851212969,-0.0333908646245538,0.909597979441694,mm_per_hr
37,intensity,1440,Raanana Basin 1 pixel,0,WRFrain_noPGW_HPE37.mat,WRFrain_PGW_V3_HPE37.mat,0.434675653809791,0.413901239001765,-0.0207744148080262,0.952207089065272,mm_per_hr
37,intensity,1440,Raanana Basin 2 pixel,0,WRFrain_noPGW_HPE37.mat,WRFrain_PGW_V3_HPE37.mat,0.470085203597587,0.464741567861741,-0.00534363573584562,0.988632622990576,mm_per_hr
37,intensity,1440,Raanana Basin 3 pixel,0,WRFrain_noPGW_HPE37.mat,WRFrain_PGW_V3_HPE37.mat,0.488232700899207,0.538325216955063,0.0500925160558562,1.1025996742201,mm_per_hr
38,total,0,Raanana Basin,0,WRFrain_noPGW_HPE38.mat,WRFrain_PGW_V3_HPE38.mat,41.7470379566778,12.6249370031028,-29.122100953575,0.302415156165188,mm
38,total,0,Raanana Basin 1 pixel,0,WRFrain_noPGW_HPE38.mat,WRFrain_PGW_V3_HPE38.mat,63.2571600634346,20.7917171568231,-42.4654429066115,0.328685592839974,mm
38,total,0,Raanana Basin 2 pixel,0,WRFrain_noPGW_HPE38.mat,WRFrain_PGW_V3_HPE38.mat,63.2231540856442,21.9545855278231,-41.2685685578211,0.3472554611572,mm
38,total,0,Raanana Basin 3 pixel,0,WRFrain_noPGW_HPE38.mat,WRFrain_PGW_V3_HPE38.mat,61.7386453605308,22.8213324509301,-38.9173129096007,0.369644204495612,mm
38,intensity,10,Raanana Basin,0,WRFrain_noPGW_HPE38.mat,WRFrain_PGW_V3_HPE38.mat,37.5718356225184,19.8492981387904,-17.722537483728,0.528302591819438,mm_per_hr
38,intensity,10,Raanana Basin 1 pixel,0,WRFrain_noPGW_HPE38.mat,WRFrain_PGW_V3_HPE38.mat,74.3293075561523,57.8165187835693,-16.512788772583,0.777842827876361,mm_per_hr
38,intensity,10,Raanana Basin 2 pixel,0,WRFrain_noPGW_HPE38.mat,WRFrain_PGW_V3_HPE38.mat,70.3207855224609,61.5398254394531,-8.78096008300781,0.875129948879722,mm_per_hr
38,intensity,10,Raanana Basin 3 pixel,0,WRFrain_noPGW_HPE38.mat,WRFrain_PGW_V3_HPE38.mat,60.6319465637207,58.7515948613485,-1.88035170237224,0.968987442941551,mm_per_hr
38,intensity,20,Raanana Basin,0,WRFrain_noPGW_HPE38.mat,WRFrain_PGW_V3_HPE38.mat,30.9480828835299,18.9513109128303,-11.9967719706996,0.612358154272487,mm_per_hr
38,intensity,20,Raanana Basin 1 pixel,0,WRFrain_noPGW_HPE38.mat,WRFrain_PGW_V3_HPE38.mat,50.7517318725586,32.9418668746948,-17.8098649978638,0.649078674938903,mm_per_hr
38,intensity,20,Raanana Basin 2 pixel,0,WRFrain_noPGW_HPE38.mat,WRFrain_PGW_V3_HPE38.mat,54.8953084945679,34.5111780166626,-20.3841304779053,0.628672630923964,mm_per_hr
38,intensity,20,Raanana Basin 3 pixel,0,WRFrain_noPGW_HPE38.mat,WRFrain_PGW_V3_HPE38.mat,51.7036279042562,32.9379472732544,-18.7656806310018,0.637052922751345,mm_per_hr
38,intensity,30,Raanana Basin,0,WRFrain_noPGW_HPE38.mat,WRFrain_PGW_V3_HPE38.mat,27.6581830544905,14.0364112200034,-13.6217718344871,0.507495781351571,mm_per_hr
38,intensity,30,Raanana Basin 1 pixel,0,WRFrain_noPGW_HPE38.mat,WRFrain_PGW_V3_HPE38.mat,52.0117835998535,22.9972324371338,-29.0145511627197,0.442154274386363,mm_per_hr
38,intensity,30,Raanana Basin 2 pixel,0,WRFrain_noPGW_HPE38.mat,WRFrain_PGW_V3_HPE38.mat,51.5399589538574,23.9471302032471,-27.5928287506104,0.464632310333937,mm_per_hr
38,intensity,30,Raanana Basin 3 pixel,0,WRFrain_noPGW_HPE38.mat,WRFrain_PGW_V3_HPE38.mat,48.1489757961697,23.1982339223226,-24.9507418738471,0.481801191795403,mm_per_hr
38,intensity,60,Raanana Basin,0,WRFrain_noPGW_HPE38.mat,WRFrain_PGW_V3_HPE38.mat,19.02953873159,7.99580820420097,-11.033730527389,0.420178771381754,mm_per_hr
38,intensity,60,Raanana Basin 1 pixel,0,WRFrain_noPGW_HPE38.mat,WRFrain_PGW_V3_HPE38.mat,35.8621463775635,12.2069215774536,-23.6552248001099,0.340384578461557,mm_per_hr
38,intensity,60,Raanana Basin 2 pixel,0,WRFrain_noPGW_HPE38.mat,WRFrain_PGW_V3_HPE38.mat,35.4133505821228,12.6117608547211,-22.8015897274017,0.356130121759438,mm_per_hr
38,intensity,60,Raanana Basin 3 pixel,0,WRFrain_noPGW_HPE38.mat,WRFrain_PGW_V3_HPE38.mat,33.6558882395426,12.3328388002184,-21.3230494393243,0.366439260566845,mm_per_hr
38,intensity,120,Raanana Basin,0,WRFrain_noPGW_HPE38.mat,WRFrain_PGW_V3_HPE38.mat,10.887088613824,5.07415506542663,-5.8129335483974,0.466070888684019,mm_per_hr
38,intensity,120,Raanana Basin 1 pixel,0,WRFrain_noPGW_HPE38.mat,WRFrain_PGW_V3_HPE38.mat,20.8766098022461,8.6946005821228,-12.1820092201233,0.416475695262904,mm_per_hr
38,intensity,120,Raanana Basin 2 pixel,0,WRFrain_noPGW_HPE38.mat,WRFrain_PGW_V3_HPE38.mat,20.6086993217468,8.97399520874023,-11.6347041130066,0.435446947361236,mm_per_hr
38,intensity,120,Raanana Basin 3 pixel,0,WRFrain_noPGW_HPE38.mat,WRFrain_PGW_V3_HPE38.mat,19.4891413582696,9.16987813843621,-10.3192632198334,0.47051216725591,mm_per_hr
38,intensity,240,Raanana Basin,0,WRFrain_noPGW_HPE38.mat,WRFrain_PGW_V3_HPE38.mat,5.75978301395443,3.1167041963097,-2.64307881764473,0.541114862965974,mm_per_hr
38,intensity,240,Raanana Basin 1 pixel,0,WRFrain_noPGW_HPE38.mat,WRFrain_PGW_V3_HPE38.mat,10.875391960144,5.13237353973091,-5.74301842041314,0.471925385175996,mm_per_hr
38,intensity,240,Raanana Basin 2 pixel,0,WRFrain_noPGW_HPE38.mat,WRFrain_PGW_V3_HPE38.mat,10.8435180187225,5.39684433117509,-5.44667368754745,0.497702343635787,mm_per_hr
38,intensity,240,Raanana Basin 3 pixel,0,WRFrain_noPGW_HPE38.mat,WRFrain_PGW_V3_HPE38.mat,10.5727566613091,5.5796672395534,-4.99308942175574,0.527740060449146,mm_per_hr
38,intensity,360,Raanana Basin,0,WRFrain_noPGW_HPE38.mat,WRFrain_PGW_V3_HPE38.mat,3.93279513869291,2.08238949703929,-1.85040564165361,0.529493508713854,mm_per_hr
38,intensity,360,Raanana Basin 1 pixel,0,WRFrain_noPGW_HPE38.mat,WRFrain_PGW_V3_HPE38.mat,7.33328692118327,3.44557713096341,-3.88770979021986,0.469854400624958,mm_per_hr
38,intensity,360,Raanana Basin 2 pixel,0,WRFrain_noPGW_HPE38.mat,WRFrain_PGW_V3_HPE38.mat,7.34188890457153,3.63191210137059,-3.70997680320094,0.494683609160734,mm_per_hr
38,intensity,360,Raanana Basin 3 pixel,0,WRFrain_noPGW_HPE38.mat,WRFrain_PGW_V3_HPE38.mat,7.17276371849908,3.7676144476842,-3.40514927081488,0.525266772411204,mm_per_hr
38,intensity,720,Raanana Basin,0,WRFrain_noPGW_HPE38.mat,WRFrain_PGW_V3_HPE38.mat,2.52455921005555,1.04121848592929,-1.48334072412626,0.412435755827007,mm_per_hr
38,intensity,720,Raanana Basin 1 pixel,0,WRFrain_noPGW_HPE38.mat,WRFrain_PGW_V3_HPE38.mat,4.43059782187144,1.72280716213087,-2.70779065974057,0.38884304813818,mm_per_hr
38,intensity,720,Raanana Basin 2 pixel,0,WRFrain_noPGW_HPE38.mat,WRFrain_PGW_V3_HPE38.mat,4.40466926495234,1.81597794545814,-2.5886913194942,0.412284745169804,mm_per_hr
38,intensity,720,Raanana Basin 3 pixel,0,WRFrain_noPGW_HPE38.mat,WRFrain_PGW_V3_HPE38.mat,4.27746986459803,1.8838358870535,-2.39363397754453,0.440408920854088,mm_per_hr
38,intensity,1440,Raanana Basin,0,WRFrain_noPGW_HPE38.mat,WRFrain_PGW_V3_HPE38.mat,1.73925359829301,0.520610141456397,-1.21864345683661,0.29932963310661,mm_per_hr
38,intensity,1440,Raanana Basin 1 pixel,0,WRFrain_noPGW_HPE38.mat,WRFrain_PGW_V3_HPE38.mat,2.63566109516864,0.861418045125902,-1.77424305004274,0.326831870267745,mm_per_hr
38,intensity,1440,Raanana Basin 2 pixel,0,WRFrain_noPGW_HPE38.mat,WRFrain_PGW_V3_HPE38.mat,2.63413115610367,0.90802656339171,-1.72610459271196,0.344715775176069,mm_per_hr
38,intensity,1440,Raanana Basin 3 pixel,0,WRFrain_noPGW_HPE38.mat,WRFrain_PGW_V3_HPE38.mat,2.57209538528646,0.942001752072462,-1.630093633214,0.36623904286798,mm_per_hr
39,total,0,Raanana Basin,0,WRFrain_noPGW_HPE39.mat,WRFrain_PGW_V3_HPE39.mat,1.77528326145065,0.0022576586895362,-1.77302560276112,0.0012717174428217,mm
39,total,0,Raanana Basin 1 pixel,0,WRFrain_noPGW_HPE39.mat,WRFrain_PGW_V3_HPE39.mat,2.10489919129759,0.0317499116063118,-2.07314927969128,0.0150838157654188,mm
39,total,0,Raanana Basin 2 pixel,0,WRFrain_noPGW_HPE39.mat,WRFrain_PGW_V3_HPE39.mat,2.16156177583616,0.0429760465649929,-2.11858572927117,0.0198819423277266,mm
39,total,0,Raanana Basin 3 pixel,0,WRFrain_noPGW_HPE39.mat,WRFrain_PGW_V3_HPE39.mat,2.18286205807494,0.0551943119107525,-2.12766774616419,0.0252852953793279,mm
39,intensity,10,Raanana Basin,0,WRFrain_noPGW_HPE39.mat,WRFrain_PGW_V3_HPE39.mat,0.87898740013565,0.0115092178122602,-0.86747818232339,0.0130937233121704,mm_per_hr
39,intensity,10,Raanana Basin 1 pixel,0,WRFrain_noPGW_HPE39.mat,WRFrain_PGW_V3_HPE39.mat,3.28180432319641,0.163055989891291,-3.11874833330512,0.0496848604710464,mm_per_hr
39,intensity,10,Raanana Basin 2 pixel,0,WRFrain_noPGW_HPE39.mat,WRFrain_PGW_V3_HPE39.mat,4.07656569778919,0.178893098607659,-3.89767259918153,0.0438832860475367,mm_per_hr
39,intensity,10,Raanana Basin 3 pixel,0,WRFrain_noPGW_HPE39.mat,WRFrain_PGW_V3_HPE39.mat,3.88567175467809,0.260454546660185,-3.62521720801791,0.0670294772960724,mm_per_hr
39,intensity,20,Raanana Basin,0,WRFrain_noPGW_HPE39.mat,WRFrain_PGW_V3_HPE39.mat,0.779267705609105,0.0062667688908235,-0.773000936718282,0.00804186911085344,mm_per_hr
39,intensity,20,Raanana Basin 1 pixel,0,WRFrain_noPGW_HPE39.mat,WRFrain_PGW_V3_HPE39.mat,1.7055965512991,0.0945849046111107,-1.61101164668798,0.0554556143649966,mm_per_hr
39,intensity,20,Raanana Basin 2 pixel,0,WRFrain_noPGW_HPE39.mat,WRFrain_PGW_V3_HPE39.mat,2.36781037598848,0.127783589065075,-2.24002678692341,0.053966985853641,mm_per_hr
39,intensity,20,Raanana Basin 3 pixel,0,WRFrain_noPGW_HPE39.mat,WRFrain_PGW_V3_HPE39.mat,2.6591529250145,0.158240541194876,-2.50091238381962,0.0595078754991172,mm_per_hr
39,intensity,30,Raanana Basin,0,WRFrain_noPGW_HPE39.mat,WRFrain_PGW_V3_HPE39.mat,0.736331656808763,0.00433041570181528,-0.732001241106948,0.00588106685590995,mm_per_hr
39,intensity,30,Raanana Basin 1 pixel,0,WRFrain_noPGW_HPE39.mat,WRFrain_PGW_V3_HPE39.mat,1.14911568164825,0.0632984936237335,-1.08581718802452,0.055084526853676,mm_per_hr
39,intensity,30,Raanana Basin 2 pixel,0,WRFrain_noPGW_HPE39.mat,WRFrain_PGW_V3_HPE39.mat,1.58020450174809,0.0857412191107869,-1.4944632826373,0.0542595714769427,mm_per_hr
39,intensity,30,Raanana Basin 3 pixel,0,WRFrain_noPGW_HPE39.mat,WRFrain_PGW_V3_HPE39.mat,1.77408769395616,0.109672008703152,-1.66441568525301,0.0618188204995588,mm_per_hr
39,intensity,60,Raanana Basin,0,WRFrain_noPGW_HPE39.mat,WRFrain_PGW_V3_HPE39.mat,0.557027707699698,0.00216593269791662,-0.554861775001781,0.00388837515257734,mm_per_hr
39,intensity,60,Raanana Basin 1 pixel,0,WRFrain_noPGW_HPE39.mat,WRFrain_PGW_V3_HPE39.mat,0.818908274173737,0.0316492468118668,-0.78725902736187,0.0386480974853994,mm_per_hr
39,intensity,60,Raanana Basin 2 pixel,0,WRFrain_noPGW_HPE39.mat,WRFrain_PGW_V3_HPE39.mat,0.881021335721016,0.0428789830766618,-0.838142352644354,0.048669630732121,mm_per_hr
39,intensity,60,Raanana Basin 3 pixel,0,WRFrain_noPGW_HPE39.mat,WRFrain_PGW_V3_HPE39.mat,1.00567973322339,0.0549213875912958,-0.950758345632089,0.0546112104847363,mm_per_hr
39,intensity,120,Raanana Basin,0,WRFrain_noPGW_HPE39.mat,WRFrain_PGW_V3_HPE39.mat,0.487469040750757,0.00108649964685256,-0.486382541103904,0.00222885877055746,mm_per_hr
39,intensity,120,Raanana Basin 1 pixel,0,WRFrain_noPGW_HPE39.mat,WRFrain_PGW_V3_HPE39.mat,0.554433733224869,0.0158408433198929,-0.538592889904976,0.0285712112568521,mm_per_hr
39,intensity,120,Raanana Basin 2 pixel,0,WRFrain_noPGW_HPE39.mat,WRFrain_PGW_V3_HPE39.mat,0.577881135046482,0.0214684430975467,-0.556412691948935,0.037150275022942,mm_per_hr
39,intensity,120,Raanana Basin 3 pixel,0,WRFrain_noPGW_HPE39.mat,WRFrain_PGW_V3_HPE39.mat,0.599067833688524,0.0275754282505305,-0.571492405437993,0.0460305606474407,mm_per_hr
39,intensity,240,Raanana Basin,0,WRFrain_noPGW_HPE39.mat,WRFrain_PGW_V3_HPE39.mat,0.376401620538216,0.000562269171809468,-0.375839351366407,0.00149380114518498,mm_per_hr
39,intensity,240,Raanana Basin 1 pixel,0,WRFrain_noPGW_HPE39.mat,WRFrain_PGW_V3_HPE39.mat,0.42136737704277,0.00793747790157795,-0.413429899141192,0.0188374286526037,mm_per_hr
39,intensity,240,Raanana Basin 2 pixel,0,WRFrain_noPGW_HPE39.mat,WRFrain_PGW_V3_HPE39.mat,0.415881595574319,0.0107409546617419,-0.405140640912578,0.0258269535753534,mm_per_hr
39,intensity,240,Raanana Basin 3 pixel,0,WRFrain_noPGW_HPE39.mat,WRFrain_PGW_V3_HPE39.mat,0.41249527864986,0.0137877141252653,-0.398707564524595,0.0334251440898764,mm_per_hr
39,intensity,360,Raanana Basin,0,WRFrain_noPGW_HPE39.mat,WRFrain_PGW_V3_HPE39.mat,0.251699935402059,0.000376276448256034,-0.251323658953803,0.00149494058333777,mm_per_hr
39,intensity,360,Raanana Basin 1 pixel,0,WRFrain_noPGW_HPE39.mat,WRFrain_PGW_V3_HPE39.mat,0.28170279165109,0.0052916519343853,-0.276411139716705,0.0187845207474529,mm_per_hr
39,intensity,360,Raanana Basin 2 pixel,0,WRFrain_noPGW_HPE39.mat,WRFrain_PGW_V3_HPE39.mat,0.278324979046981,0.00716063644116123,-0.271164342605819,0.0257276097376533,mm_per_hr
39,intensity,360,Raanana Basin 3 pixel,0,WRFrain_noPGW_HPE39.mat,WRFrain_PGW_V3_HPE39.mat,0.27674827531532,0.00919380441327862,-0.267554470902041,0.0332208191823542,mm_per_hr
39,intensity,720,Raanana Basin,0,WRFrain_noPGW_HPE39.mat,WRFrain_PGW_V3_HPE39.mat,0.134970656850243,0.000188138224128017,-0.134782518626115,0.00139391945270568,mm_per_hr
39,intensity,720,Raanana Basin 1 pixel,0,WRFrain_noPGW_HPE39.mat,WRFrain_PGW_V3_HPE39.mat,0.149180198088288,0.00264582596719265,-0.146534372121096,0.0177357719127494,mm_per_hr
39,intensity,720,Raanana Basin 2 pixel,0,WRFrain_noPGW_HPE39.mat,WRFrain_PGW_V3_HPE39.mat,0.146770371124148,0.00358031822058062,-0.143190052903568,0.0243940121780583,mm_per_hr
39,intensity,720,Raanana Basin 3 pixel,0,WRFrain_noPGW_HPE39.mat,WRFrain_PGW_V3_HPE39.mat,0.150710878548799,0.00459690220663931,-0.146113976342159,0.0305014624750587,mm_per_hr
39,intensity,1440,Raanana Basin,0,WRFrain_noPGW_HPE39.mat,WRFrain_PGW_V3_HPE39.mat,0.0674853284251214,9.40691120640084e-05,-0.0673912593130574,0.00139391945270568,mm_per_hr
39,intensity,1440,Raanana Basin 1 pixel,0,WRFrain_noPGW_HPE39.mat,WRFrain_PGW_V3_HPE39.mat,0.0745900990441442,0.00132291298359632,-0.0732671860605478,0.0177357719127494,mm_per_hr
39,intensity,1440,Raanana Basin 2 pixel,0,WRFrain_noPGW_HPE39.mat,WRFrain_PGW_V3_HPE39.mat,0.0733851855620742,0.0017906686068747,-0.0715945169551995,0.0244009549496885,mm_per_hr
39,intensity,1440,Raanana Basin 3 pixel,0,WRFrain_noPGW_HPE39.mat,WRFrain_PGW_V3_HPE39.mat,0.0753554392743994,0.00229976299628136,-0.073055676278118,0.0305188718747561,mm_per_hr
40,total,0,Raanana Basin,0,WRFrain_noPGW_HPE40.mat,WRFrain_PGW_V3_HPE40.mat,24.6887220654644,4.07888566852104,-20.6098363969433,0.165212507059114,mm
40,total,0,Raanana Basin 1 pixel,0,WRFrain_noPGW_HPE40.mat,WRFrain_PGW_V3_HPE40.mat,32.7368927296411,11.4756431619171,-21.261249567724,0.350541612384814,mm
40,total,0,Raanana Basin 2 pixel,0,WRFrain_noPGW_HPE40.mat,WRFrain_PGW_V3_HPE40.mat,30.9815936517443,11.7295780061472,-19.2520156455971,0.378598277996807,mm
40,total,0,Raanana Basin 3 pixel,0,WRFrain_noPGW_HPE40.mat,WRFrain_PGW_V3_HPE40.mat,29.3199213033101,10.6748445981056,-18.6450767052045,0.364081625174773,mm
40,intensity,10,Raanana Basin,0,WRFrain_noPGW_HPE40.mat,WRFrain_PGW_V3_HPE40.mat,11.9642697480218,4.03336335340264,-7.93090639461918,0.337117386881846,mm_per_hr
40,intensity,10,Raanana Basin 1 pixel,0,WRFrain_noPGW_HPE40.mat,WRFrain_PGW_V3_HPE40.mat,31.0022506713867,19.8944964408875,-11.1077542304993,0.641711359983581,mm_per_hr
40,intensity,10,Raanana Basin 2 pixel,0,WRFrain_noPGW_HPE40.mat,WRFrain_PGW_V3_HPE40.mat,28.3019285202026,19.074506521225,-9.22742199897766,0.673964903402576,mm_per_hr
40,intensity,10,Raanana Basin 3 pixel,0,WRFrain_noPGW_HPE40.mat,WRFrain_PGW_V3_HPE40.mat,24.4048506418864,18.276824871699,-6.12802577018738,0.748901320474801,mm_per_hr
40,intensity,20,Raanana Basin,0,WRFrain_noPGW_HPE40.mat,WRFrain_PGW_V3_HPE40.mat,11.0597579728894,3.46511574184119,-7.59464223104818,0.313308460305839,mm_per_hr
40,intensity,20,Raanana Basin 1 pixel,0,WRFrain_noPGW_HPE40.mat,WRFrain_PGW_V3_HPE40.mat,18.4173631668091,13.0372846126556,-5.38007855415344,0.707880085470152,mm_per_hr
40,intensity,20,Raanana Basin 2 pixel,0,WRFrain_noPGW_HPE40.mat,WRFrain_PGW_V3_HPE40.mat,15.7851169109344,13.6609160900116,-2.12420082092285,0.865430149620786,mm_per_hr
40,intensity,20,Raanana Basin 3 pixel,0,WRFrain_noPGW_HPE40.mat,WRFrain_PGW_V3_HPE40.mat,14.1665852864583,12.7860074838003,-1.38057780265808,0.902546889406175,mm_per_hr
40,intensity,30,Raanana Basin,0,WRFrain_noPGW_HPE40.mat,WRFrain_PGW_V3_HPE40.mat,9.83213051364153,2.31220554915435,-7.51992496448718,0.235168313311779,mm_per_hr
40,intensity,30,Raanana Basin 1 pixel,0,WRFrain_noPGW_HPE40.mat,WRFrain_PGW_V3_HPE40.mat,15.7854442596436,9.28818678855896,-6.49725747108459,0.588401988299105,mm_per_hr
40,intensity,30,Raanana Basin 2 pixel,0,WRFrain_noPGW_HPE40.mat,WRFrain_PGW_V3_HPE40.mat,14.5392717123032,9.90176463127136,-4.6375070810318,0.68103580613962,mm_per_hr
40,intensity,30,Raanana Basin 3 pixel,0,WRFrain_noPGW_HPE40.mat,WRFrain_PGW_V3_HPE40.mat,13.0374964078267,9.3061493055688,-3.73134710225794,0.713798801124277,mm_per_hr
40,intensity,60,Raanana Basin,0,WRFrain_noPGW_HPE40.mat,WRFrain_PGW_V3_HPE40.mat,8.21834162437593,1.68089255809691,-6.53744906627903,0.204529409328922,mm_per_hr
40,intensity,60,Raanana Basin 1 pixel,0,WRFrain_noPGW_HPE40.mat,WRFrain_PGW_V3_HPE40.mat,12.7646615505219,4.64872634410858,-8.11593520641327,0.364187199614277,mm_per_hr
40,intensity,60,Raanana Basin 2 pixel,0,WRFrain_noPGW_HPE40.mat,WRFrain_PGW_V3_HPE40.mat,11.8559223413467,4.97158563137054,-6.8843367099762,0.419333518576827,mm_per_hr
40,intensity,60,Raanana Basin 3 pixel,0,WRFrain_noPGW_HPE40.mat,WRFrain_PGW_V3_HPE40.mat,10.6948390801748,4.69932692994674,-5.99551215022802,0.439401368708574,mm_per_hr
40,intensity,120,Raanana Basin,0,WRFrain_noPGW_HPE40.mat,WRFrain_PGW_V3_HPE40.mat,6.10296774409649,1.0038607396816,-5.09910700441488,0.164487308760997,mm_per_hr
40,intensity,120,Raanana Basin 1 pixel,0,WRFrain_noPGW_HPE40.mat,WRFrain_PGW_V3_HPE40.mat,8.13532868027687,2.32477062940598,-5.8105580508709,0.285762348489017,mm_per_hr
40,intensity,120,Raanana Basin 2 pixel,0,WRFrain_noPGW_HPE40.mat,WRFrain_PGW_V3_HPE40.mat,7.81139333918691,2.48652128502727,-5.32487205415964,0.318319815307891,mm_per_hr
40,intensity,120,Raanana Basin 3 pixel,0,WRFrain_noPGW_HPE40.mat,WRFrain_PGW_V3_HPE40.mat,7.38327527211772,2.3506439212037,-5.03263135091402,0.318374140820768,mm_per_hr
40,intensity,240,Raanana Basin,0,WRFrain_noPGW_HPE40.mat,WRFrain_PGW_V3_HPE40.mat,3.20305570618677,0.502524443253945,-2.70053126293282,0.156889073856352,mm_per_hr
40,intensity,240,Raanana Basin 1 pixel,0,WRFrain_noPGW_HPE40.mat,WRFrain_PGW_V3_HPE40.mat,4.16269844770432,1.50455546379089,-2.65814298391342,0.361437534496557,mm_per_hr
40,intensity,240,Raanana Basin 2 pixel,0,WRFrain_noPGW_HPE40.mat,WRFrain_PGW_V3_HPE40.mat,4.02469607139938,1.58229959011078,-2.4423964812886,0.393147597244683,mm_per_hr
40,intensity,240,Raanana Basin 3 pixel,0,WRFrain_noPGW_HPE40.mat,WRFrain_PGW_V3_HPE40.mat,3.85273630425541,1.4208634297053,-2.43187287455011,0.368793324405809,mm_per_hr
40,intensity,360,Raanana Basin,0,WRFrain_noPGW_HPE40.mat,WRFrain_PGW_V3_HPE40.mat,2.13537240305293,0.492059400615593,-1.64331300243734,0.230432593355659,mm_per_hr
40,intensity,360,Raanana Basin 1 pixel,0,WRFrain_noPGW_HPE40.mat,WRFrain_PGW_V3_HPE40.mat,2.77513229846954,1.16533380746841,-1.60979849100113,0.41992009105695,mm_per_hr
40,intensity,360,Raanana Basin 2 pixel,0,WRFrain_noPGW_HPE40.mat,WRFrain_PGW_V3_HPE40.mat,2.68313071426625,1.12100088596344,-1.56212982830281,0.417795853181159,mm_per_hr
40,intensity,360,Raanana Basin 3 pixel,0,WRFrain_noPGW_HPE40.mat,WRFrain_PGW_V3_HPE40.mat,2.56849125803759,1.07853688865348,-1.48995436938411,0.419910671402292,mm_per_hr
40,intensity,720,Raanana Basin,0,WRFrain_noPGW_HPE40.mat,WRFrain_PGW_V3_HPE40.mat,1.07542379996351,0.302436166416412,-0.772987633547099,0.281225100678145,mm_per_hr
40,intensity,720,Raanana Basin 1 pixel,0,WRFrain_noPGW_HPE40.mat,WRFrain_PGW_V3_HPE40.mat,1.4002464658976,0.954523267845313,-0.445723198052292,0.681682325999253,mm_per_hr
40,intensity,720,Raanana Basin 2 pixel,0,WRFrain_noPGW_HPE40.mat,WRFrain_PGW_V3_HPE40.mat,1.35016058246068,0.976216180317958,-0.373944402142722,0.723037091290871,mm_per_hr
40,intensity,720,Raanana Basin 3 pixel,0,WRFrain_noPGW_HPE40.mat,WRFrain_PGW_V3_HPE40.mat,1.29214689479236,0.887485655406231,-0.404661239386128,0.686830312391723,mm_per_hr
40,intensity,1440,Raanana Basin,0,WRFrain_noPGW_HPE40.mat,WRFrain_PGW_V3_HPE40.mat,0.537711899981755,0.164117303995373,-0.373594595986383,0.305214193699156,mm_per_hr
40,intensity,1440,Raanana Basin 1 pixel,0,WRFrain_noPGW_HPE40.mat,WRFrain_PGW_V3_HPE40.mat,0.700123232948802,0.47810183337424,-0.222021399574563,0.682882399660634,mm_per_hr
40,intensity,1440,Raanana Basin 2 pixel,0,WRFrain_noPGW_HPE40.mat,WRFrain_PGW_V3_HPE40.mat,0.67508029123034,0.488524302075802,-0.186555989154537,0.72365362820097,mm_per_hr
40,intensity,1440,Raanana Basin 3 pixel,0,WRFrain_noPGW_HPE40.mat,WRFrain_PGW_V3_HPE40.mat,0.64607344739618,0.444457692795165,-0.201615754601014,0.687936788899821,mm_per_hr
41,total,0,Raanana Basin,0,WRFrain_noPGW_HPE41.mat,WRFrain_PGW_V3_HPE41.mat,115.048219767208,67.830057376344,-47.218162390864,0.589579373879869,mm
41,total,0,Raanana Basin 1 pixel,0,WRFrain_noPGW_HPE41.mat,WRFrain_PGW_V3_HPE41.mat,124.831253052223,86.2681122068025,-38.563140845421,0.691077835858236,mm
41,total,0,Raanana Basin 2 pixel,0,WRFrain_noPGW_HPE41.mat,WRFrain_PGW_V3_HPE41.mat,121.79290390047,85.1765518237826,-36.6163520766877,0.699355620039976,mm
41,total,0,Raanana Basin 3 pixel,0,WRFrain_noPGW_HPE41.mat,WRFrain_PGW_V3_HPE41.mat,118.643145246971,84.5869361089484,-34.0562091380225,0.71295257667748,mm
41,intensity,10,Raanana Basin,0,WRFrain_noPGW_HPE41.mat,WRFrain_PGW_V3_HPE41.mat,27.1705277750858,34.720884577234,7.55035680214813,1.27788774898482,mm_per_hr
41,intensity,10,Raanana Basin 1 pixel,0,WRFrain_noPGW_HPE41.mat,WRFrain_PGW_V3_HPE41.mat,55.1282043457031,81.5845985412598,26.4563941955566,1.47990669221967,mm_per_hr
41,intensity,10,Raanana Basin 2 pixel,0,WRFrain_noPGW_HPE41.mat,WRFrain_PGW_V3_HPE41.mat,63.5235271453857,74.8143253326416,11.2907981872559,1.17774199095423,mm_per_hr
41,intensity,10,Raanana Basin 3 pixel,0,WRFrain_noPGW_HPE41.mat,WRFrain_PGW_V3_HPE41.mat,64.8576011657715,69.8390324910482,4.9814313252767,1.07680566711902,mm_per_hr
41,intensity,20,Raanana Basin,0,WRFrain_noPGW_HPE41.mat,WRFrain_PGW_V3_HPE41.mat,23.3819117142489,31.6393919170463,8.25748020279744,1.3531567608206,mm_per_hr
41,intensity,20,Raanana Basin 1 pixel,0,WRFrain_noPGW_HPE41.mat,WRFrain_PGW_V3_HPE41.mat,29.6397914886475,62.0747509002686,32.4349594116211,2.09430457444494,mm_per_hr
41,intensity,20,Raanana Basin 2 pixel,0,WRFrain_noPGW_HPE41.mat,WRFrain_PGW_V3_HPE41.mat,33.3565320968628,58.5458793640137,25.1893472671509,1.75515485824499,mm_per_hr
41,intensity,20,Raanana Basin 3 pixel,0,WRFrain_noPGW_HPE41.mat,WRFrain_PGW_V3_HPE41.mat,35.4019947052002,53.9024836222331,18.5004889170329,1.52258323495866,mm_per_hr
41,intensity,30,Raanana Basin,0,WRFrain_noPGW_HPE41.mat,WRFrain_PGW_V3_HPE41.mat,20.4385445783131,24.001146494408,3.56260191609493,1.17430800429279,mm_per_hr
41,intensity,30,Raanana Basin 1 pixel,0,WRFrain_noPGW_HPE41.mat,WRFrain_PGW_V3_HPE41.mat,26.4988250732422,49.581470489502,23.0826454162598,1.87108184428781,mm_per_hr
41,intensity,30,Raanana Basin 2 pixel,0,WRFrain_noPGW_HPE41.mat,WRFrain_PGW_V3_HPE41.mat,27.8780889511108,46.9721374511719,19.094048500061,1.68491238884939,mm_per_hr
41,intensity,30,Raanana Basin 3 pixel,0,WRFrain_noPGW_HPE41.mat,WRFrain_PGW_V3_HPE41.mat,27.8955048455132,43.6097208658854,15.7142160203722,1.56332431004201,mm_per_hr
41,intensity,60,Raanana Basin,0,WRFrain_noPGW_HPE41.mat,WRFrain_PGW_V3_HPE41.mat,14.5444523099822,14.1896098272928,-0.354842482689408,0.975602898264799,mm_per_hr
41,intensity,60,Raanana Basin 1 pixel,0,WRFrain_noPGW_HPE41.mat,WRFrain_PGW_V3_HPE41.mat,18.917049407959,26.1318893432617,7.21483993530273,1.38139351331753,mm_per_hr
41,intensity,60,Raanana Basin 2 pixel,0,WRFrain_noPGW_HPE41.mat,WRFrain_PGW_V3_HPE41.mat,20.3499231338501,25.1727848052979,4.82286167144775,1.2369965547155,mm_per_hr
41,intensity,60,Raanana Basin 3 pixel,0,WRFrain_noPGW_HPE41.mat,WRFrain_PGW_V3_HPE41.mat,20.9866375393338,23.6121999952528,2.62556245591906,1.12510638976816,mm_per_hr
41,intensity,120,Raanana Basin,0,WRFrain_noPGW_HPE41.mat,WRFrain_PGW_V3_HPE41.mat,14.3919877116583,8.03786859616964,-6.35411911548866,0.55849607137022,mm_per_hr
41,intensity,120,Raanana Basin 1 pixel,0,WRFrain_noPGW_HPE41.mat,WRFrain_PGW_V3_HPE41.mat,16.9062728881836,13.2635469436646,-3.64272594451904,0.784534062083839,mm_per_hr
41,intensity,120,Raanana Basin 2 pixel,0,WRFrain_noPGW_HPE41.mat,WRFrain_PGW_V3_HPE41.mat,16.8395538330078,12.837455034256,-4.00209879875183,0.762339380339925,mm_per_hr
41,intensity,120,Raanana Basin 3 pixel,0,WRFrain_noPGW_HPE41.mat,WRFrain_PGW_V3_HPE41.mat,16.7790807088216,12.2091699176364,-4.56991079118517,0.727642361909462,mm_per_hr
41,intensity,240,Raanana Basin,0,WRFrain_noPGW_HPE41.mat,WRFrain_PGW_V3_HPE41.mat,9.16287871102181,5.07405411519788,-4.08882459582393,0.553762008122449,mm_per_hr
41,intensity,240,Raanana Basin 1 pixel,0,WRFrain_noPGW_HPE41.mat,WRFrain_PGW_V3_HPE41.mat,10.9842052459717,9.33809089660645,-1.64611434936523,0.850138056190372,mm_per_hr
41,intensity,240,Raanana Basin 2 pixel,0,WRFrain_noPGW_HPE41.mat,WRFrain_PGW_V3_HPE41.mat,11.3919920921326,9.09371137619019,-2.29828071594238,0.798254712840821,mm_per_hr
41,intensity,240,Raanana Basin 3 pixel,0,WRFrain_noPGW_HPE41.mat,WRFrain_PGW_V3_HPE41.mat,11.2738653818766,8.74707351790534,-2.52679186397129,0.775871737121037,mm_per_hr
41,intensity,360,Raanana Basin,0,WRFrain_noPGW_HPE41.mat,WRFrain_PGW_V3_HPE41.mat,7.26714452830228,4.57161716601443,-2.69552736228785,0.629080259544863,mm_per_hr
41,intensity,360,Raanana Basin 1 pixel,0,WRFrain_noPGW_HPE41.mat,WRFrain_PGW_V3_HPE41.mat,8.61481730143229,6.39046160380046,-2.22435569763184,0.741798854252891,mm_per_hr
41,intensity,360,Raanana Basin 2 pixel,0,WRFrain_noPGW_HPE41.mat,WRFrain_PGW_V3_HPE41.mat,8.91270033518473,6.27683226267497,-2.63586807250977,0.704257074356676,mm_per_hr
41,intensity,360,Raanana Basin 3 pixel,0,WRFrain_noPGW_HPE41.mat,WRFrain_PGW_V3_HPE41.mat,8.81330702039931,6.24678392763491,-2.5665230927644,0.708790005065759,mm_per_hr
41,intensity,720,Raanana Basin,0,WRFrain_noPGW_HPE41.mat,WRFrain_PGW_V3_HPE41.mat,4.7283236264186,2.52684113389521,-2.20148249252338,0.534405284734949,mm_per_hr
41,intensity,720,Raanana Basin 1 pixel,0,WRFrain_noPGW_HPE41.mat,WRFrain_PGW_V3_HPE41.mat,5.8585376739502,3.26173798243205,-2.59679969151815,0.556749510536608,mm_per_hr
41,intensity,720,Raanana Basin 2 pixel,0,WRFrain_noPGW_HPE41.mat,WRFrain_PGW_V3_HPE41.mat,5.86177523930867,3.20019046465556,-2.66158477465312,0.545942199079094,mm_per_hr
41,intensity,720,Raanana Basin 3 pixel,0,WRFrain_noPGW_HPE41.mat,WRFrain_PGW_V3_HPE41.mat,5.79823861298738,3.20159663094415,-2.59664198204323,0.552167105329702,mm_per_hr
41,intensity,1440,Raanana Basin,0,WRFrain_noPGW_HPE41.mat,WRFrain_PGW_V3_HPE41.mat,2.91462205819077,1.59689314821259,-1.31772890997818,0.547890298066244,mm_per_hr
41,intensity,1440,Raanana Basin 1 pixel,0,WRFrain_noPGW_HPE41.mat,WRFrain_PGW_V3_HPE41.mat,3.34414943059285,2.02663197893708,-1.31751745165578,0.606023152074814,mm_per_hr
41,intensity,1440,Raanana Basin 2 pixel,0,WRFrain_noPGW_HPE41.mat,WRFrain_PGW_V3_HPE41.mat,3.35415665308634,1.97968266813587,-1.37447398495048,0.590217712793542,mm_per_hr
41,intensity,1440,Raanana Basin 3 pixel,0,WRFrain_noPGW_HPE41.mat,WRFrain_PGW_V3_HPE41.mat,3.32228782441881,1.96051710026317,-1.36177072415564,0.590110551486048,mm_per_hr
