event_id,measure_type,duration_min,block_size,is_full_domain,hist_file,pgw_file,hist_value,pgw_value,diff,ratio,units
1,total,0,0,1,WRFrain_noPGW_HPE01.mat,WRFrain_PGW_V3_HPE01.mat,21.84530277,17.54262412,-4.302678658,0.803038726,mm
2,total,0,0,1,WRFrain_noPGW_HPE02.mat,WRFrain_PGW_V3_HPE02.mat,34.63492962,33.06429173,-1.570637894,0.954651622,mm
3,total,0,0,1,WRFrain_noPGW_HPE03.mat,WRFrain_PGW_V3_HPE03.mat,15.15181781,11.28234633,-3.869471477,0.744619984,mm
4,total,0,0,1,WRFrain_noPGW_HPE04.mat,WRFrain_PGW_V3_HPE04.mat,42.68588907,41.16354337,-1.522345695,0.96433609,mm
5,total,0,0,1,WRFrain_noPGW_HPE05.mat,WRFrain_PGW_V3_HPE05.mat,0.733789622,0.355182172,-0.37860745,0.484038151,mm
6,total,0,0,1,WRFrain_noPGW_HPE06.mat,WRFrain_PGW_V3_HPE06.mat,2.559751722,0.634197114,-1.925554608,0.247757276,mm
7,total,0,0,1,WRFrain_noPGW_HPE07.mat,WRFrain_PGW_V3_HPE07.mat,8.765824841,8.904267211,0.13844237,1.015793422,mm
8,total,0,0,1,WRFrain_noPGW_HPE08.mat,WRFrain_PGW_V3_HPE08.mat,29.9449678,14.48846289,-15.45650491,0.483836316,mm
9,total,0,0,1,WRFrain_noPGW_HPE09.mat,WRFrain_PGW_V3_HPE09.mat,19.65601222,15.86661244,-3.789399787,0.807214213,mm
10,total,0,0,1,WRFrain_noPGW_HPE10.mat,WRFrain_PGW_V3_HPE10.mat,23.95156631,22.43264195,-1.518924352,0.936583506,mm
11,total,0,0,1,WRFrain_noPGW_HPE11.mat,WRFrain_PGW_V3_HPE11.mat,7.361468549,3.268846236,-4.092622312,0.444048115,mm
12,total,0,0,1,WRFrain_noPGW_HPE12.mat,WRFrain_PGW_V3_HPE12.mat,28.38846965,21.08222509,-7.306244563,0.742633377,mm
13,total,0,0,1,WRFrain_noPGW_HPE13.mat,WRFrain_PGW_V3_HPE13.mat,3.833035844,2.018319417,-1.814716427,0.526558973,mm
14,total,0,0,1,WRFrain_noPGW_HPE14.mat,WRFrain_PGW_V3_HPE14.mat,22.02959021,15.4357532,-6.593837,0.700682721,mm
15,total,0,0,1,WRFrain_noPGW_HPE15.mat,WRFrain_PGW_V3_HPE15.mat,12.4640105,11.99959759,-0.464412907,0.962739689,mm
16,total,0,0,1,WRFrain_noPGW_HPE16.mat,WRFrain_PGW_V3_HPE16.mat,10.45702657,5.970827934,-4.486198635,0.570987163,mm
17,total,0,0,1,WRFrain_noPGW_HPE17.mat,WRFrain_PGW_V3_HPE17.mat,14.38234019,15.16292598,0.780585789,1.054273907,mm
18,total,0,0,1,WRFrain_noPGW_HPE18.mat,WRFrain_PGW_V3_HPE18.mat,3.256929795,1.868060001,-1.388869793,0.573564713,mm
19,total,0,0,1,WRFrain_noPGW_HPE19.mat,WRFrain_PGW_V3_HPE19.mat,3.812129638,4.934313974,1.122184336,1.294372029,mm
20,total,0,0,1,WRFrain_noPGW_HPE20.mat,WRFrain_PGW_V3_HPE20.mat,0.2062012,0.029965514,-0.176235686,0.145321727,mm
21,total,0,0,1,WRFrain_noPGW_HPE21.mat,WRFrain_PGW_V3_HPE21.mat,0.236820744,0.063859068,-0.172961676,0.269651496,mm
22,total,0,0,1,WRFrain_noPGW_HPE22.mat,WRFrain_PGW_V3_HPE22.mat,5.297812463,2.169330627,-3.128481835,0.409476674,mm
23,total,0,0,1,WRFrain_noPGW_HPE23.mat,WRFrain_PGW_V3_HPE23.mat,7.439890904,3.926456485,-3.513434419,0.527757266,mm
24,total,0,0,1,WRFrain_noPGW_HPE24.mat,WRFrain_PGW_V3_HPE24.mat,29.38462345,26.15160506,-3.233018396,0.889975844,mm
25,total,0,0,1,WRFrain_noPGW_HPE25.mat,WRFrain_PGW_V3_HPE25.mat,19.47960385,15.83877245,-3.640831398,0.813095203,mm
26,total,0,0,1,WRFrain_noPGW_HPE26.mat,WRFrain_PGW_V3_HPE26.mat,8.334166277,5.2294294,-3.104736877,0.62746881,mm
27,total,0,0,1,WRFrain_noPGW_HPE27.mat,WRFrain_PGW_V3_HPE27.mat,9.483738549,8.940727511,-0.543011038,0.942742935,mm
28,total,0,0,1,WRFrain_noPGW_HPE28.mat,WRFrain_PGW_V3_HPE28.mat,10.07266802,7.522485811,-2.550182207,0.746821577,mm
29,total,0,0,1,WRFrain_noPGW_HPE29.mat,WRFrain_PGW_V3_HPE29.mat,4.945677457,2.387062977,-2.55861448,0.48265642,mm
30,total,0,0,1,WRFrain_noPGW_HPE30.mat,WRFrain_PGW_V3_HPE30.mat,12.4236725,8.825433045,-3.598239459,0.710372319,mm
31,total,0,0,1,WRFrain_noPGW_HPE31.mat,WRFrain_PGW_V3_HPE31.mat,3.834514238,3.456558201,-0.377956037,0.901433138,mm
32,total,0,0,1,WRFrain_noPGW_HPE32.mat,WRFrain_PGW_V3_HPE32.mat,13.12750909,9.961417714,-3.166091375,0.758820096,mm
33,total,0,0,1,WRFrain_noPGW_HPE33.mat,WRFrain_PGW_V3_HPE33.mat,12.59262911,14.43592196,1.843292849,1.146378713,mm
34,total,0,0,1,WRFrain_noPGW_HPE34.mat,WRFrain_PGW_V3_HPE34.mat,21.66099225,19.72768485,-1.933307405,0.910747052,mm
35,total,0,0,1,WRFrain_noPGW_HPE35.mat,WRFrain_PGW_V3_HPE35.mat,22.47495917,21.26216976,-1.212789405,0.946038193,mm
36,total,0,0,1,WRFrain_noPGW_HPE36.mat,WRFrain_PGW_V3_HPE36.mat,22.18550542,18.72326588,-3.46223954,0.843941372,mm
37,total,0,0,1,WRFrain_noPGW_HPE37.mat,WRFrain_PGW_V3_HPE37.mat,9.817357635,7.350150912,-2.467206723,0.74868933,mm
38,total,0,0,1,WRFrain_noPGW_HPE38.mat,WRFrain_PGW_V3_HPE38.mat,9.718596617,3.569536173,-6.149060444,0.367289261,mm
39,total,0,0,1,WRFrain_noPGW_HPE39.mat,WRFrain_PGW_V3_HPE39.mat,5.441296907,1.636711005,-3.804585902,0.300794284,mm
40,total,0,0,1,WRFrain_noPGW_HPE40.mat,WRFrain_PGW_V3_HPE40.mat,4.518887811,2.394569117,-2.124318693,0.529902316,mm
41,total,0,0,1,WRFrain_noPGW_HPE41.mat,WRFrain_PGW_V3_HPE41.mat,39.41007762,40.17551737,0.765439755,1.019422437,mm
1,intensity,10,0,1,WRFrain_noPGW_HPE01.mat,WRFrain_PGW_V3_HPE01.mat,0.841965186,1.160235978,0.318270792,1.378009444,mm_per_hr
2,intensity,10,0,1,WRFrain_noPGW_HPE02.mat,WRFrain_PGW_V3_HPE02.mat,0.626361704,0.722113857,0.095752153,1.152870381,mm_per_hr
3,intensity,10,0,1,WRFrain_noPGW_HPE03.mat,WRFrain_PGW_V3_HPE03.mat,0.903965878,0.74884675,-0.155119128,0.828401567,mm_per_hr
4,intensity,10,0,1,WRFrain_noPGW_HPE04.mat,WRFrain_PGW_V3_HPE04.mat,0.691929831,0.82146447,0.129534639,1.187207768,mm_per_hr
5,intensity,10,0,1,WRFrain_noPGW_HPE05.mat,WRFrain_PGW_V3_HPE05.mat,0.084760169,0.039379941,-0.045380229,0.46460432,mm_per_hr
6,intensity,10,0,1,WRFrain_noPGW_HPE06.mat,WRFrain_PGW_V3_HPE06.mat,0.124532213,0.045761493,-0.07877072,0.367467115,mm_per_hr
7,intensity,10,0,1,WRFrain_noPGW_HPE07.mat,WRFrain_PGW_V3_HPE07.mat,0.355406446,0.509949647,0.154543201,1.434835109,mm_per_hr
8,intensity,10,0,1,WRFrain_noPGW_HPE08.mat,WRFrain_PGW_V3_HPE08.mat,0.571442783,0.452838906,-0.118603877,0.792448378,mm_per_hr
9,intensity,10,0,1,WRFrain_noPGW_HPE09.mat,WRFrain_PGW_V3_HPE09.mat,0.611756002,0.605229248,-0.006526754,0.989331116,mm_per_hr
10,intensity,10,0,1,WRFrain_noPGW_HPE10.mat,WRFrain_PGW_V3_HPE10.mat,0.869378014,0.974999497,0.105621482,1.12149086,mm_per_hr
11,intensity,10,0,1,WRFrain_noPGW_HPE11.mat,WRFrain_PGW_V3_HPE11.mat,0.210395611,0.145362449,-0.065033163,0.690900574,mm_per_hr
12,intensity,10,0,1,WRFrain_noPGW_HPE12.mat,WRFrain_PGW_V3_HPE12.mat,0.630610554,0.68621699,0.055606436,1.088178727,mm_per_hr
13,intensity,10,0,1,WRFrain_noPGW_HPE13.mat,WRFrain_PGW_V3_HPE13.mat,0.187796519,0.118905849,-0.06889067,0.633163223,mm_per_hr
14,intensity,10,0,1,WRFrain_noPGW_HPE14.mat,WRFrain_PGW_V3_HPE14.mat,0.802014769,0.62779021,-0.174224559,0.782766395,mm_per_hr
15,intensity,10,0,1,WRFrain_noPGW_HPE15.mat,WRFrain_PGW_V3_HPE15.mat,0.563371084,0.710894395,0.147523311,1.261858152,mm_per_hr
16,intensity,10,0,1,WRFrain_noPGW_HPE16.mat,WRFrain_PGW_V3_HPE16.mat,0.417334592,0.317165773,-0.10016882,0.759979591,mm_per_hr
17,intensity,10,0,1,WRFrain_noPGW_HPE17.mat,WRFrain_PGW_V3_HPE17.mat,0.459999987,0.489439776,0.02943979,1.063999544,mm_per_hr
18,intensity,10,0,1,WRFrain_noPGW_HPE18.mat,WRFrain_PGW_V3_HPE18.mat,0.392064083,0.286174399,-0.105889684,0.729917407,mm_per_hr
19,intensity,10,0,1,WRFrain_noPGW_HPE19.mat,WRFrain_PGW_V3_HPE19.mat,0.204780695,0.306768653,0.101987958,1.498035024,mm_per_hr
20,intensity,10,0,1,WRFrain_noPGW_HPE20.mat,WRFrain_PGW_V3_HPE20.mat,0.028488654,0.009126596,-0.019362058,0.32035897,mm_per_hr
21,intensity,10,0,1,WRFrain_noPGW_HPE21.mat,WRFrain_PGW_V3_HPE21.mat,0.031447961,0.014331893,-0.017116069,0.455733601,mm_per_hr
22,intensity,10,0,1,WRFrain_noPGW_HPE22.mat,WRFrain_PGW_V3_HPE22.mat,0.173825042,0.123756712,-0.05006833,0.711961353,mm_per_hr
23,intensity,10,0,1,WRFrain_noPGW_HPE23.mat,WRFrain_PGW_V3_HPE23.mat,0.388013359,0.280856551,-0.107156808,0.723832168,mm_per_hr
24,intensity,10,0,1,WRFrain_noPGW_HPE24.mat,WRFrain_PGW_V3_HPE24.mat,0.733277994,0.771888839,0.038610845,1.052655126,mm_per_hr
25,intensity,10,0,1,WRFrain_noPGW_HPE25.mat,WRFrain_PGW_V3_HPE25.mat,0.680252052,0.622429681,-0.057822372,0.914998608,mm_per_hr
26,intensity,10,0,1,WRFrain_noPGW_HPE26.mat,WRFrain_PGW_V3_HPE26.mat,0.272503751,0.254992792,-0.017510959,0.935740485,mm_per_hr
27,intensity,10,0,1,WRFrain_noPGW_HPE27.mat,WRFrain_PGW_V3_HPE27.mat,0.402138419,0.510548965,0.108410546,1.26958515,mm_per_hr
28,intensity,10,0,1,WRFrain_noPGW_HPE28.mat,WRFrain_PGW_V3_HPE28.mat,0.433211872,0.429930126,-0.003281746,0.992424616,mm_per_hr
29,intensity,10,0,1,WRFrain_noPGW_HPE29.mat,WRFrain_PGW_V3_HPE29.mat,0.322890187,0.165442641,-0.157447546,0.512380518,mm_per_hr
30,intensity,10,0,1,WRFrain_noPGW_HPE30.mat,WRFrain_PGW_V3_HPE30.mat,0.464146689,0.30467244,-0.159474249,0.656414118,mm_per_hr
31,intensity,10,0,1,WRFrain_noPGW_HPE31.mat,WRFrain_PGW_V3_HPE31.mat,0.202325796,0.188753518,-0.013572278,0.932918696,mm_per_hr
32,intensity,10,0,1,WRFrain_noPGW_HPE32.mat,WRFrain_PGW_V3_HPE32.mat,0.364179878,0.319479219,-0.044700659,0.877256649,mm_per_hr
33,intensity,10,0,1,WRFrain_noPGW_HPE33.mat,WRFrain_PGW_V3_HPE33.mat,0.382481229,0.56205667,0.179575441,1.469501319,mm_per_hr
34,intensity,10,0,1,WRFrain_noPGW_HPE34.mat,WRFrain_PGW_V3_HPE34.mat,0.55166278,0.592891532,0.041228753,1.074735425,mm_per_hr
35,intensity,10,0,1,WRFrain_noPGW_HPE35.mat,WRFrain_PGW_V3_HPE35.mat,0.504905959,0.57105165,0.066145691,1.131005962,mm_per_hr
36,intensity,10,0,1,WRFrain_noPGW_HPE36.mat,WRFrain_PGW_V3_HPE36.mat,0.787505153,0.874703641,0.087198489,1.110727515,mm_per_hr
37,intensity,10,0,1,WRFrain_noPGW_HPE37.mat,WRFrain_PGW_V3_HPE37.mat,0.911895602,0.776152534,-0.135743069,0.851141876,mm_per_hr
38,intensity,10,0,1,WRFrain_noPGW_HPE38.mat,WRFrain_PGW_V3_HPE38.mat,0.393139229,0.260008542,-0.133130687,0.661365039,mm_per_hr
39,intensity,10,0,1,WRFrain_noPGW_HPE39.mat,WRFrain_PGW_V3_HPE39.mat,0.308588801,0.12441828,-0.184170521,0.403184689,mm_per_hr
40,intensity,10,0,1,WRFrain_noPGW_HPE40.mat,WRFrain_PGW_V3_HPE40.mat,0.16213127,0.140207746,-0.021923524,0.864779176,mm_per_hr
41,intensity,10,0,1,WRFrain_noPGW_HPE41.mat,WRFrain_PGW_V3_HPE41.mat,1.44518107,2.003719243,0.558538173,1.386483179,mm_per_hr
1,intensity,20,0,1,WRFrain_noPGW_HPE01.mat,WRFrain_PGW_V3_HPE01.mat,0.840316104,1.154586385,0.314270281,1.373990549,mm_per_hr
2,intensity,20,0,1,WRFrain_noPGW_HPE02.mat,WRFrain_PGW_V3_HPE02.mat,0.619369703,0.719706953,0.10033725,1.161998964,mm_per_hr
3,intensity,20,0,1,WRFrain_noPGW_HPE03.mat,WRFrain_PGW_V3_HPE03.mat,0.903316447,0.739297474,-0.164018973,0.818425787,mm_per_hr
4,intensity,20,0,1,WRFrain_noPGW_HPE04.mat,WRFrain_PGW_V3_HPE04.mat,0.691669473,0.817308891,0.125639418,1.181646614,mm_per_hr
5,intensity,20,0,1,WRFrain_noPGW_HPE05.mat,WRFrain_PGW_V3_HPE05.mat,0.084575362,0.038506252,-0.04606911,0.455289235,mm_per_hr
6,intensity,20,0,1,WRFrain_noPGW_HPE06.mat,WRFrain_PGW_V3_HPE06.mat,0.124465276,0.0456174,-0.078847877,0.366507038,mm_per_hr
7,intensity,20,0,1,WRFrain_noPGW_HPE07.mat,WRFrain_PGW_V3_HPE07.mat,0.351492652,0.509086457,0.157593805,1.448355902,mm_per_hr
8,intensity,20,0,1,WRFrain_noPGW_HPE08.mat,WRFrain_PGW_V3_HPE08.mat,0.567511776,0.449942021,-0.117569755,0.792832924,mm_per_hr
9,intensity,20,0,1,WRFrain_noPGW_HPE09.mat,WRFrain_PGW_V3_HPE09.mat,0.607487032,0.604769547,-0.002717485,0.995526678,mm_per_hr
10,intensity,20,0,1,WRFrain_noPGW_HPE10.mat,WRFrain_PGW_V3_HPE10.mat,0.865390011,0.971117475,0.105727465,1.122173197,mm_per_hr
11,intensity,20,0,1,WRFrain_noPGW_HPE11.mat,WRFrain_PGW_V3_HPE11.mat,0.210221563,0.141397438,-0.068824126,0.672611483,mm_per_hr
12,intensity,20,0,1,WRFrain_noPGW_HPE12.mat,WRFrain_PGW_V3_HPE12.mat,0.625792076,0.682518414,0.056726339,1.090647263,mm_per_hr
13,intensity,20,0,1,WRFrain_noPGW_HPE13.mat,WRFrain_PGW_V3_HPE13.mat,0.185601469,0.115129212,-0.070472257,0.620303346,mm_per_hr
14,intensity,20,0,1,WRFrain_noPGW_HPE14.mat,WRFrain_PGW_V3_HPE14.mat,0.786875044,0.614830394,-0.17204465,0.781357089,mm_per_hr
15,intensity,20,0,1,WRFrain_noPGW_HPE15.mat,WRFrain_PGW_V3_HPE15.mat,0.55762193,0.704216193,0.146594263,1.262891854,mm_per_hr
16,intensity,20,0,1,WRFrain_noPGW_HPE16.mat,WRFrain_PGW_V3_HPE16.mat,0.412150193,0.313738395,-0.098411798,0.761223458,mm_per_hr
17,intensity,20,0,1,WRFrain_noPGW_HPE17.mat,WRFrain_PGW_V3_HPE17.mat,0.459479683,0.485510847,0.026031164,1.056653568,mm_per_hr
18,intensity,20,0,1,WRFrain_noPGW_HPE18.mat,WRFrain_PGW_V3_HPE18.mat,0.392025442,0.282554477,-0.109470965,0.720755458,mm_per_hr
19,intensity,20,0,1,WRFrain_noPGW_HPE19.mat,WRFrain_PGW_V3_HPE19.mat,0.198776652,0.30672383,0.107947178,1.543057635,mm_per_hr
20,intensity,20,0,1,WRFrain_noPGW_HPE20.mat,WRFrain_PGW_V3_HPE20.mat,0.0274002,0.008955799,-0.018444401,0.326851606,mm_per_hr
21,intensity,20,0,1,WRFrain_noPGW_HPE21.mat,WRFrain_PGW_V3_HPE21.mat,0.030181894,0.013389535,-0.016792359,0.443628065,mm_per_hr
22,intensity,20,0,1,WRFrain_noPGW_HPE22.mat,WRFrain_PGW_V3_HPE22.mat,0.172685324,0.123299872,-0.049385451,0.714014774,mm_per_hr
23,intensity,20,0,1,WRFrain_noPGW_HPE23.mat,WRFrain_PGW_V3_HPE23.mat,0.385588083,0.272075329,-0.113512754,0.705611354,mm_per_hr
24,intensity,20,0,1,WRFrain_noPGW_HPE24.mat,WRFrain_PGW_V3_HPE24.mat,0.727170641,0.769336386,0.042165746,1.05798604,mm_per_hr
25,intensity,20,0,1,WRFrain_noPGW_HPE25.mat,WRFrain_PGW_V3_HPE25.mat,0.679358544,0.620365445,-0.058993099,0.913163528,mm_per_hr
26,intensity,20,0,1,WRFrain_noPGW_HPE26.mat,WRFrain_PGW_V3_HPE26.mat,0.271194693,0.244513621,-0.026681071,0.901616543,mm_per_hr
27,intensity,20,0,1,WRFrain_noPGW_HPE27.mat,WRFrain_PGW_V3_HPE27.mat,0.40124532,0.504713463,0.103468143,1.257867538,mm_per_hr
28,intensity,20,0,1,WRFrain_noPGW_HPE28.mat,WRFrain_PGW_V3_HPE28.mat,0.428373402,0.4291281,0.000754698,1.001761776,mm_per_hr
29,intensity,20,0,1,WRFrain_noPGW_HPE29.mat,WRFrain_PGW_V3_HPE29.mat,0.321348716,0.162273497,-0.159075219,0.504976336,mm_per_hr
30,intensity,20,0,1,WRFrain_noPGW_HPE30.mat,WRFrain_PGW_V3_HPE30.mat,0.457223652,0.301162732,-0.15606092,0.658677063,mm_per_hr
31,intensity,20,0,1,WRFrain_noPGW_HPE31.mat,WRFrain_PGW_V3_HPE31.mat,0.199198142,0.181450789,-0.017747353,0.910906032,mm_per_hr
32,intensity,20,0,1,WRFrain_noPGW_HPE32.mat,WRFrain_PGW_V3_HPE32.mat,0.363740483,0.312996138,-0.050744344,0.860492998,mm_per_hr
33,intensity,20,0,1,WRFrain_noPGW_HPE33.mat,WRFrain_PGW_V3_HPE33.mat,0.382396472,0.561841077,0.179444605,1.469263234,mm_per_hr
34,intensity,20,0,1,WRFrain_noPGW_HPE34.mat,WRFrain_PGW_V3_HPE34.mat,0.548508209,0.586128728,0.037620519,1.068586976,mm_per_hr
35,intensity,20,0,1,WRFrain_noPGW_HPE35.mat,WRFrain_PGW_V3_HPE35.mat,0.502839148,0.564867593,0.062028445,1.123356436,mm_per_hr
36,intensity,20,0,1,WRFrain_noPGW_HPE36.mat,WRFrain_PGW_V3_HPE36.mat,0.781131845,0.868404955,0.08727311,1.111726478,mm_per_hr
37,intensity,20,0,1,WRFrain_noPGW_HPE37.mat,WRFrain_PGW_V3_HPE37.mat,0.902934936,0.761175659,-0.141759277,0.84300167,mm_per_hr
38,intensity,20,0,1,WRFrain_noPGW_HPE38.mat,WRFrain_PGW_V3_HPE38.mat,0.388001733,0.25875634,-0.129245393,0.666894805,mm_per_hr
39,intensity,20,0,1,WRFrain_noPGW_HPE39.mat,WRFrain_PGW_V3_HPE39.mat,0.308562904,0.124036115,-0.184526789,0.401979995,mm_per_hr
40,intensity,20,0,1,WRFrain_noPGW_HPE40.mat,WRFrain_PGW_V3_HPE40.mat,0.158847469,0.139258352,-0.019589117,0.876679703,mm_per_hr
41,intensity,20,0,1,WRFrain_noPGW_HPE41.mat,WRFrain_PGW_V3_HPE41.mat,1.431998226,1.989799678,0.557801453,1.389526637,mm_per_hr
1,intensity,30,0,1,WRFrain_noPGW_HPE01.mat,WRFrain_PGW_V3_HPE01.mat,0.839019663,1.154227899,0.315208237,1.375686352,mm_per_hr
2,intensity,30,0,1,WRFrain_noPGW_HPE02.mat,WRFrain_PGW_V3_HPE02.mat,0.615490148,0.714799785,0.099309637,1.161350489,mm_per_hr
3,intensity,30,0,1,WRFrain_noPGW_HPE03.mat,WRFrain_PGW_V3_HPE03.mat,0.897227166,0.731481041,-0.165746124,0.815268495,mm_per_hr
4,intensity,30,0,1,WRFrain_noPGW_HPE04.mat,WRFrain_PGW_V3_HPE04.mat,0.684384389,0.812248124,0.127863736,1.186830293,mm_per_hr
5,intensity,30,0,1,WRFrain_noPGW_HPE05.mat,WRFrain_PGW_V3_HPE05.mat,0.08372708,0.038107177,-0.045619903,0.455135621,mm_per_hr
6,intensity,30,0,1,WRFrain_noPGW_HPE06.mat,WRFrain_PGW_V3_HPE06.mat,0.123749928,0.045310706,-0.078439222,0.366147333,mm_per_hr
7,intensity,30,0,1,WRFrain_noPGW_HPE07.mat,WRFrain_PGW_V3_HPE07.mat,0.351556926,0.508108117,0.15655119,1.445308223,mm_per_hr
8,intensity,30,0,1,WRFrain_noPGW_HPE08.mat,WRFrain_PGW_V3_HPE08.mat,0.560825336,0.438518071,-0.122307265,0.781915586,mm_per_hr
9,intensity,30,0,1,WRFrain_noPGW_HPE09.mat,WRFrain_PGW_V3_HPE09.mat,0.603534085,0.597215449,-0.006318636,0.989530606,mm_per_hr
10,intensity,30,0,1,WRFrain_noPGW_HPE10.mat,WRFrain_PGW_V3_HPE10.mat,0.864308684,0.967369596,0.103060912,1.119240861,mm_per_hr
11,intensity,30,0,1,WRFrain_noPGW_HPE11.mat,WRFrain_PGW_V3_HPE11.mat,0.209515832,0.136824839,-0.072690992,0.653052508,mm_per_hr
12,intensity,30,0,1,WRFrain_noPGW_HPE12.mat,WRFrain_PGW_V3_HPE12.mat,0.623607538,0.678649618,0.05504208,1.088263974,mm_per_hr
13,intensity,30,0,1,WRFrain_noPGW_HPE13.mat,WRFrain_PGW_V3_HPE13.mat,0.181301056,0.11371037,-0.067590686,0.627190886,mm_per_hr
14,intensity,30,0,1,WRFrain_noPGW_HPE14.mat,WRFrain_PGW_V3_HPE14.mat,0.777105991,0.603555219,-0.173550772,0.776670398,mm_per_hr
15,intensity,30,0,1,WRFrain_noPGW_HPE15.mat,WRFrain_PGW_V3_HPE15.mat,0.556523842,0.687785586,0.131261744,1.235860054,mm_per_hr
16,intensity,30,0,1,WRFrain_noPGW_HPE16.mat,WRFrain_PGW_V3_HPE16.mat,0.40889643,0.311159847,-0.097736583,0.760974722,mm_per_hr
17,intensity,30,0,1,WRFrain_noPGW_HPE17.mat,WRFrain_PGW_V3_HPE17.mat,0.458207614,0.486308011,0.028100396,1.061326777,mm_per_hr
18,intensity,30,0,1,WRFrain_noPGW_HPE18.mat,WRFrain_PGW_V3_HPE18.mat,0.389351482,0.282558279,-0.106793203,0.725715176,mm_per_hr
19,intensity,30,0,1,WRFrain_noPGW_HPE19.mat,WRFrain_PGW_V3_HPE19.mat,0.196304505,0.305092867,0.108788362,1.554181686,mm_per_hr
20,intensity,30,0,1,WRFrain_noPGW_HPE20.mat,WRFrain_PGW_V3_HPE20.mat,0.026907171,0.008809832,-0.018097339,0.327415783,mm_per_hr
21,intensity,30,0,1,WRFrain_noPGW_HPE21.mat,WRFrain_PGW_V3_HPE21.mat,0.029261138,0.013217793,-0.016043345,0.451718348,mm_per_hr
22,intensity,30,0,1,WRFrain_noPGW_HPE22.mat,WRFrain_PGW_V3_HPE22.mat,0.170740172,0.121404894,-0.049335277,0.711050558,mm_per_hr
23,intensity,30,0,1,WRFrain_noPGW_HPE23.mat,WRFrain_PGW_V3_HPE23.mat,0.381461767,0.267272851,-0.114188915,0.700654364,mm_per_hr
24,intensity,30,0,1,WRFrain_noPGW_HPE24.mat,WRFrain_PGW_V3_HPE24.mat,0.725843317,0.767776623,0.041933305,1.057771842,mm_per_hr
25,intensity,30,0,1,WRFrain_noPGW_HPE25.mat,WRFrain_PGW_V3_HPE25.mat,0.678683939,0.618898285,-0.059785654,0.911909432,mm_per_hr
26,intensity,30,0,1,WRFrain_noPGW_HPE26.mat,WRFrain_PGW_V3_HPE26.mat,0.271506366,0.240894424,-0.030611942,0.887251476,mm_per_hr
27,intensity,30,0,1,WRFrain_noPGW_HPE27.mat,WRFrain_PGW_V3_HPE27.mat,0.398533209,0.498508619,0.09997541,1.250858417,mm_per_hr
28,intensity,30,0,1,WRFrain_noPGW_HPE28.mat,WRFrain_PGW_V3_HPE28.mat,0.426512557,0.428493889,0.001981332,1.004645425,mm_per_hr
29,intensity,30,0,1,WRFrain_noPGW_HPE29.mat,WRFrain_PGW_V3_HPE29.mat,0.318165531,0.160497487,-0.157668043,0.504446497,mm_per_hr
30,intensity,30,0,1,WRFrain_noPGW_HPE30.mat,WRFrain_PGW_V3_HPE30.mat,0.453097374,0.300348725,-0.152748649,0.662878979,mm_per_hr
31,intensity,30,0,1,WRFrain_noPGW_HPE31.mat,WRFrain_PGW_V3_HPE31.mat,0.197519884,0.178282303,-0.019237582,0.902604329,mm_per_hr
32,intensity,30,0,1,WRFrain_noPGW_HPE32.mat,WRFrain_PGW_V3_HPE32.mat,0.362825422,0.307893612,-0.05493181,0.848599887,mm_per_hr
33,intensity,30,0,1,WRFrain_noPGW_HPE33.mat,WRFrain_PGW_V3_HPE33.mat,0.381362116,0.556626569,0.175264452,1.459574889,mm_per_hr
34,intensity,30,0,1,WRFrain_noPGW_HPE34.mat,WRFrain_PGW_V3_HPE34.mat,0.545369019,0.581341412,0.035972393,1.065959729,mm_per_hr
35,intensity,30,0,1,WRFrain_noPGW_HPE35.mat,WRFrain_PGW_V3_HPE35.mat,0.501090512,0.560415834,0.059325322,1.118392427,mm_per_hr
36,intensity,30,0,1,WRFrain_noPGW_HPE36.mat,WRFrain_PGW_V3_HPE36.mat,0.773596829,0.853033345,0.079436516,1.102684646,mm_per_hr
37,intensity,30,0,1,WRFrain_noPGW_HPE37.mat,WRFrain_PGW_V3_HPE37.mat,0.897910357,0.755214489,-0.142695868,0.841080051,mm_per_hr
38,intensity,30,0,1,WRFrain_noPGW_HPE38.mat,WRFrain_PGW_V3_HPE38.mat,0.385279624,0.257150339,-0.128129285,0.667438202,mm_per_hr
39,intensity,30,0,1,WRFrain_noPGW_HPE39.mat,WRFrain_PGW_V3_HPE39.mat,0.307734385,0.123190217,-0.184544168,0.400313462,mm_per_hr
40,intensity,30,0,1,WRFrain_noPGW_HPE40.mat,WRFrain_PGW_V3_HPE40.mat,0.158463908,0.138130144,-0.020333764,0.871682049,mm_per_hr
41,intensity,30,0,1,WRFrain_noPGW_HPE41.mat,WRFrain_PGW_V3_HPE41.mat,1.422978663,1.982913134,0.559934471,1.393494636,mm_per_hr
1,intensity,60,0,1,WRFrain_noPGW_HPE01.mat,WRFrain_PGW_V3_HPE01.mat,0.831343193,1.142219993,0.310876801,1.373945205,mm_per_hr
2,intensity,60,0,1,WRFrain_noPGW_HPE02.mat,WRFrain_PGW_V3_HPE02.mat,0.606405032,0.701466777,0.095061745,1.156762791,mm_per_hr
3,intensity,60,0,1,WRFrain_noPGW_HPE03.mat,WRFrain_PGW_V3_HPE03.mat,0.88390854,0.714341206,-0.169567334,0.808161901,mm_per_hr
4,intensity,60,0,1,WRFrain_noPGW_HPE04.mat,WRFrain_PGW_V3_HPE04.mat,0.672959467,0.805689409,0.132729942,1.19723319,mm_per_hr
5,intensity,60,0,1,WRFrain_noPGW_HPE05.mat,WRFrain_PGW_V3_HPE05.mat,0.080763108,0.035651875,-0.045111233,0.441437627,mm_per_hr
6,intensity,60,0,1,WRFrain_noPGW_HPE06.mat,WRFrain_PGW_V3_HPE06.mat,0.122051654,0.045028666,-0.077022988,0.368931221,mm_per_hr
7,intensity,60,0,1,WRFrain_noPGW_HPE07.mat,WRFrain_PGW_V3_HPE07.mat,0.346199507,0.502406598,0.156207091,1.451205412,mm_per_hr
8,intensity,60,0,1,WRFrain_noPGW_HPE08.mat,WRFrain_PGW_V3_HPE08.mat,0.557673189,0.422805102,-0.134868087,0.758159278,mm_per_hr
9,intensity,60,0,1,WRFrain_noPGW_HPE09.mat,WRFrain_PGW_V3_HPE09.mat,0.592316634,0.592555153,0.000238519,1.000402689,mm_per_hr
10,intensity,60,0,1,WRFrain_noPGW_HPE10.mat,WRFrain_PGW_V3_HPE10.mat,0.859103955,0.952803004,0.093699048,1.109066019,mm_per_hr
11,intensity,60,0,1,WRFrain_noPGW_HPE11.mat,WRFrain_PGW_V3_HPE11.mat,0.208161145,0.127765605,-0.08039554,0.613782196,mm_per_hr
12,intensity,60,0,1,WRFrain_noPGW_HPE12.mat,WRFrain_PGW_V3_HPE12.mat,0.608568959,0.670782571,0.062213611,1.102229353,mm_per_hr
13,intensity,60,0,1,WRFrain_noPGW_HPE13.mat,WRFrain_PGW_V3_HPE13.mat,0.17359532,0.109470118,-0.064125202,0.630605239,mm_per_hr
14,intensity,60,0,1,WRFrain_noPGW_HPE14.mat,WRFrain_PGW_V3_HPE14.mat,0.7312803,0.573138672,-0.158141628,0.783746905,mm_per_hr
15,intensity,60,0,1,WRFrain_noPGW_HPE15.mat,WRFrain_PGW_V3_HPE15.mat,0.552592642,0.650727073,0.098134431,1.177589102,mm_per_hr
16,intensity,60,0,1,WRFrain_noPGW_HPE16.mat,WRFrain_PGW_V3_HPE16.mat,0.4068867,0.306455608,-0.100431092,0.753171848,mm_per_hr
17,intensity,60,0,1,WRFrain_noPGW_HPE17.mat,WRFrain_PGW_V3_HPE17.mat,0.453929206,0.484332145,0.030402939,1.06697727,mm_per_hr
18,intensity,60,0,1,WRFrain_noPGW_HPE18.mat,WRFrain_PGW_V3_HPE18.mat,0.384972973,0.279875035,-0.105097938,0.726999179,mm_per_hr
19,intensity,60,0,1,WRFrain_noPGW_HPE19.mat,WRFrain_PGW_V3_HPE19.mat,0.195996491,0.296106946,0.100110455,1.510776771,mm_per_hr
20,intensity,60,0,1,WRFrain_noPGW_HPE20.mat,WRFrain_PGW_V3_HPE20.mat,0.025723348,0.008101906,-0.017621442,0.314963132,mm_per_hr
21,intensity,60,0,1,WRFrain_noPGW_HPE21.mat,WRFrain_PGW_V3_HPE21.mat,0.027690045,0.012614067,-0.015075979,0.455545185,mm_per_hr
22,intensity,60,0,1,WRFrain_noPGW_HPE22.mat,WRFrain_PGW_V3_HPE22.mat,0.165079163,0.119714344,-0.045364819,0.725193551,mm_per_hr
23,intensity,60,0,1,WRFrain_noPGW_HPE23.mat,WRFrain_PGW_V3_HPE23.mat,0.372402078,0.253222657,-0.119179422,0.679971115,mm_per_hr
24,intensity,60,0,1,WRFrain_noPGW_HPE24.mat,WRFrain_PGW_V3_HPE24.mat,0.72110179,0.766424067,0.045322277,1.062851427,mm_per_hr
25,intensity,60,0,1,WRFrain_noPGW_HPE25.mat,WRFrain_PGW_V3_HPE25.mat,0.674462063,0.614694341,-0.059767722,0.911384605,mm_per_hr
26,intensity,60,0,1,WRFrain_noPGW_HPE26.mat,WRFrain_PGW_V3_HPE26.mat,0.268825811,0.238194958,-0.030630853,0.886056874,mm_per_hr
27,intensity,60,0,1,WRFrain_noPGW_HPE27.mat,WRFrain_PGW_V3_HPE27.mat,0.375622209,0.479338348,0.103716139,1.276118229,mm_per_hr
28,intensity,60,0,1,WRFrain_noPGW_HPE28.mat,WRFrain_PGW_V3_HPE28.mat,0.421980282,0.42202735,4.71E-05,1.000111541,mm_per_hr
29,intensity,60,0,1,WRFrain_noPGW_HPE29.mat,WRFrain_PGW_V3_HPE29.mat,0.31554017,0.156797173,-0.158742997,0.496916677,mm_per_hr
30,intensity,60,0,1,WRFrain_noPGW_HPE30.mat,WRFrain_PGW_V3_HPE30.mat,0.446364361,0.293935151,-0.15242921,0.658509453,mm_per_hr
31,intensity,60,0,1,WRFrain_noPGW_HPE31.mat,WRFrain_PGW_V3_HPE31.mat,0.194066998,0.174880128,-0.01918687,0.901132751,mm_per_hr
32,intensity,60,0,1,WRFrain_noPGW_HPE32.mat,WRFrain_PGW_V3_HPE32.mat,0.357697756,0.298169636,-0.05952812,0.833579835,mm_per_hr
33,intensity,60,0,1,WRFrain_noPGW_HPE33.mat,WRFrain_PGW_V3_HPE33.mat,0.376129814,0.551969965,0.175840151,1.467498573,mm_per_hr
34,intensity,60,0,1,WRFrain_noPGW_HPE34.mat,WRFrain_PGW_V3_HPE34.mat,0.541339615,0.570721567,0.029381952,1.054276375,mm_per_hr
35,intensity,60,0,1,WRFrain_noPGW_HPE35.mat,WRFrain_PGW_V3_HPE35.mat,0.496015444,0.555916444,0.059901,1.120764384,mm_per_hr
36,intensity,60,0,1,WRFrain_noPGW_HPE36.mat,WRFrain_PGW_V3_HPE36.mat,0.759806475,0.82439714,0.064590665,1.085009364,mm_per_hr
37,intensity,60,0,1,WRFrain_noPGW_HPE37.mat,WRFrain_PGW_V3_HPE37.mat,0.887107985,0.735399698,-0.151708287,0.828985547,mm_per_hr
38,intensity,60,0,1,WRFrain_noPGW_HPE38.mat,WRFrain_PGW_V3_HPE38.mat,0.38079906,0.252175796,-0.128623265,0.662227988,mm_per_hr
39,intensity,60,0,1,WRFrain_noPGW_HPE39.mat,WRFrain_PGW_V3_HPE39.mat,0.30581594,0.120083103,-0.185732837,0.39266463,mm_per_hr
40,intensity,60,0,1,WRFrain_noPGW_HPE40.mat,WRFrain_PGW_V3_HPE40.mat,0.155937089,0.137245513,-0.018691576,0.880133864,mm_per_hr
41,intensity,60,0,1,WRFrain_noPGW_HPE41.mat,WRFrain_PGW_V3_HPE41.mat,1.404851608,1.963989042,0.559137434,1.398004623,mm_per_hr
1,intensity,120,0,1,WRFrain_noPGW_HPE01.mat,WRFrain_PGW_V3_HPE01.mat,0.800892166,1.122312795,0.321420629,1.401328222,mm_per_hr
2,intensity,120,0,1,WRFrain_noPGW_HPE02.mat,WRFrain_PGW_V3_HPE02.mat,0.592606109,0.692249131,0.099643022,1.168143765,mm_per_hr
3,intensity,120,0,1,WRFrain_noPGW_HPE03.mat,WRFrain_PGW_V3_HPE03.mat,0.855853985,0.706276059,-0.149577926,0.825229621,mm_per_hr
4,intensity,120,0,1,WRFrain_noPGW_HPE04.mat,WRFrain_PGW_V3_HPE04.mat,0.66991521,0.795346921,0.12543171,1.187235203,mm_per_hr
5,intensity,120,0,1,WRFrain_noPGW_HPE05.mat,WRFrain_PGW_V3_HPE05.mat,0.078506786,0.030075561,-0.048431225,0.383095052,mm_per_hr
6,intensity,120,0,1,WRFrain_noPGW_HPE06.mat,WRFrain_PGW_V3_HPE06.mat,0.121052928,0.043489485,-0.077563443,0.359260086,mm_per_hr
7,intensity,120,0,1,WRFrain_noPGW_HPE07.mat,WRFrain_PGW_V3_HPE07.mat,0.339606064,0.493757684,0.15415162,1.453913037,mm_per_hr
8,intensity,120,0,1,WRFrain_noPGW_HPE08.mat,WRFrain_PGW_V3_HPE08.mat,0.550876859,0.398223795,-0.152653064,0.722890767,mm_per_hr
9,intensity,120,0,1,WRFrain_noPGW_HPE09.mat,WRFrain_PGW_V3_HPE09.mat,0.579018931,0.584338281,0.005319351,1.009186834,mm_per_hr
10,intensity,120,0,1,WRFrain_noPGW_HPE10.mat,WRFrain_PGW_V3_HPE10.mat,0.852146473,0.922405568,0.070259094,1.082449551,mm_per_hr
11,intensity,120,0,1,WRFrain_noPGW_HPE11.mat,WRFrain_PGW_V3_HPE11.mat,0.202836403,0.119902869,-0.082933534,0.591130918,mm_per_hr
12,intensity,120,0,1,WRFrain_noPGW_HPE12.mat,WRFrain_PGW_V3_HPE12.mat,0.591072267,0.661548306,0.070476039,1.119234218,mm_per_hr
13,intensity,120,0,1,WRFrain_noPGW_HPE13.mat,WRFrain_PGW_V3_HPE13.mat,0.163656987,0.10268909,-0.060967897,0.627465359,mm_per_hr
14,intensity,120,0,1,WRFrain_noPGW_HPE14.mat,WRFrain_PGW_V3_HPE14.mat,0.67477322,0.55615227,-0.118620949,0.824206199,mm_per_hr
15,intensity,120,0,1,WRFrain_noPGW_HPE15.mat,WRFrain_PGW_V3_HPE15.mat,0.536433066,0.60558782,0.069154753,1.128915904,mm_per_hr
16,intensity,120,0,1,WRFrain_noPGW_HPE16.mat,WRFrain_PGW_V3_HPE16.mat,0.403467677,0.301872835,-0.101594841,0.748195835,mm_per_hr
17,intensity,120,0,1,WRFrain_noPGW_HPE17.mat,WRFrain_PGW_V3_HPE17.mat,0.442411215,0.474001679,0.031590463,1.071405205,mm_per_hr
18,intensity,120,0,1,WRFrain_noPGW_HPE18.mat,WRFrain_PGW_V3_HPE18.mat,0.3760369,0.27432411,-0.10171279,0.729513806,mm_per_hr
19,intensity,120,0,1,WRFrain_noPGW_HPE19.mat,WRFrain_PGW_V3_HPE19.mat,0.192795526,0.291407809,0.098612284,1.511486369,mm_per_hr
20,intensity,120,0,1,WRFrain_noPGW_HPE20.mat,WRFrain_PGW_V3_HPE20.mat,0.02195788,0.00653722,-0.015420659,0.297716368,mm_per_hr
21,intensity,120,0,1,WRFrain_noPGW_HPE21.mat,WRFrain_PGW_V3_HPE21.mat,0.026658281,0.012250956,-0.014407325,0.459555367,mm_per_hr
22,intensity,120,0,1,WRFrain_noPGW_HPE22.mat,WRFrain_PGW_V3_HPE22.mat,0.15907498,0.114392202,-0.044682777,0.719108704,mm_per_hr
23,intensity,120,0,1,WRFrain_noPGW_HPE23.mat,WRFrain_PGW_V3_HPE23.mat,0.36020093,0.232530098,-0.127670832,0.645556629,mm_per_hr
24,intensity,120,0,1,WRFrain_noPGW_HPE24.mat,WRFrain_PGW_V3_HPE24.mat,0.708572338,0.752574104,0.044001765,1.062099186,mm_per_hr
25,intensity,120,0,1,WRFrain_noPGW_HPE25.mat,WRFrain_PGW_V3_HPE25.mat,0.661601097,0.605846677,-0.05575442,0.915728042,mm_per_hr
26,intensity,120,0,1,WRFrain_noPGW_HPE26.mat,WRFrain_PGW_V3_HPE26.mat,0.259712628,0.231227265,-0.028485363,0.890319685,mm_per_hr
27,intensity,120,0,1,WRFrain_noPGW_HPE27.mat,WRFrain_PGW_V3_HPE27.mat,0.346439902,0.440436727,0.093996825,1.271322168,mm_per_hr
28,intensity,120,0,1,WRFrain_noPGW_HPE28.mat,WRFrain_PGW_V3_HPE28.mat,0.417625171,0.408689777,-0.008935395,0.978604272,mm_per_hr
29,intensity,120,0,1,WRFrain_noPGW_HPE29.mat,WRFrain_PGW_V3_HPE29.mat,0.303880948,0.148916911,-0.154964037,0.490050172,mm_per_hr
30,intensity,120,0,1,WRFrain_noPGW_HPE30.mat,WRFrain_PGW_V3_HPE30.mat,0.439587959,0.291811747,-0.147776212,0.663830165,mm_per_hr
31,intensity,120,0,1,WRFrain_noPGW_HPE31.mat,WRFrain_PGW_V3_HPE31.mat,0.189189778,0.172228292,-0.016961486,0.91034671,mm_per_hr
32,intensity,120,0,1,WRFrain_noPGW_HPE32.mat,WRFrain_PGW_V3_HPE32.mat,0.355188975,0.288277478,-0.066911497,0.81161719,mm_per_hr
33,intensity,120,0,1,WRFrain_noPGW_HPE33.mat,WRFrain_PGW_V3_HPE33.mat,0.367358475,0.540537776,0.173179301,1.471417738,mm_per_hr
34,intensity,120,0,1,WRFrain_noPGW_HPE34.mat,WRFrain_PGW_V3_HPE34.mat,0.528752603,0.560332137,0.031579534,1.059724593,mm_per_hr
35,intensity,120,0,1,WRFrain_noPGW_HPE35.mat,WRFrain_PGW_V3_HPE35.mat,0.494128085,0.549267124,0.055139039,1.111588555,mm_per_hr
36,intensity,120,0,1,WRFrain_noPGW_HPE36.mat,WRFrain_PGW_V3_HPE36.mat,0.7398986,0.786690587,0.046791987,1.06324108,mm_per_hr
37,intensity,120,0,1,WRFrain_noPGW_HPE37.mat,WRFrain_PGW_V3_HPE37.mat,0.868219567,0.716445415,-0.151774152,0.825189206,mm_per_hr
38,intensity,120,0,1,WRFrain_noPGW_HPE38.mat,WRFrain_PGW_V3_HPE38.mat,0.376062837,0.241699233,-0.134363603,0.642709701,mm_per_hr
39,intensity,120,0,1,WRFrain_noPGW_HPE39.mat,WRFrain_PGW_V3_HPE39.mat,0.303824646,0.115974591,-0.187850055,0.381715548,mm_per_hr
40,intensity,120,0,1,WRFrain_noPGW_HPE40.mat,WRFrain_PGW_V3_HPE40.mat,0.153056588,0.136143668,-0.016912919,0.889498914,mm_per_hr
41,intensity,120,0,1,WRFrain_noPGW_HPE41.mat,WRFrain_PGW_V3_HPE41.mat,1.387271172,1.946816673,0.559545502,1.403342557,mm_per_hr
1,intensity,240,0,1,WRFrain_noPGW_HPE01.mat,WRFrain_PGW_V3_HPE01.mat,0.747326398,1.066132144,0.318805745,1.426595054,mm_per_hr
2,intensity,240,0,1,WRFrain_noPGW_HPE02.mat,WRFrain_PGW_V3_HPE02.mat,0.575203717,0.671075439,0.095871721,1.166674377,mm_per_hr
3,intensity,240,0,1,WRFrain_noPGW_HPE03.mat,WRFrain_PGW_V3_HPE03.mat,0.832722699,0.700828153,-0.131894546,0.841610483,mm_per_hr
4,intensity,240,0,1,WRFrain_noPGW_HPE04.mat,WRFrain_PGW_V3_HPE04.mat,0.651893591,0.776533254,0.124639663,1.191196332,mm_per_hr
5,intensity,240,0,1,WRFrain_noPGW_HPE05.mat,WRFrain_PGW_V3_HPE05.mat,0.070729364,0.026375425,-0.044353939,0.372906293,mm_per_hr
6,intensity,240,0,1,WRFrain_noPGW_HPE06.mat,WRFrain_PGW_V3_HPE06.mat,0.117595621,0.039929876,-0.077665744,0.339552411,mm_per_hr
7,intensity,240,0,1,WRFrain_noPGW_HPE07.mat,WRFrain_PGW_V3_HPE07.mat,0.332740756,0.48625709,0.153516334,1.461369192,mm_per_hr
8,intensity,240,0,1,WRFrain_noPGW_HPE08.mat,WRFrain_PGW_V3_HPE08.mat,0.523855575,0.356971514,-0.166884061,0.681431163,mm_per_hr
9,intensity,240,0,1,WRFrain_noPGW_HPE09.mat,WRFrain_PGW_V3_HPE09.mat,0.564779073,0.568254007,0.003474934,1.006152731,mm_per_hr
10,intensity,240,0,1,WRFrain_noPGW_HPE10.mat,WRFrain_PGW_V3_HPE10.mat,0.836654833,0.888020128,0.051365296,1.061393652,mm_per_hr
11,intensity,240,0,1,WRFrain_noPGW_HPE11.mat,WRFrain_PGW_V3_HPE11.mat,0.18830533,0.106036358,-0.082268972,0.563108636,mm_per_hr
12,intensity,240,0,1,WRFrain_noPGW_HPE12.mat,WRFrain_PGW_V3_HPE12.mat,0.588245311,0.656684795,0.068439485,1.116345143,mm_per_hr
13,intensity,240,0,1,WRFrain_noPGW_HPE13.mat,WRFrain_PGW_V3_HPE13.mat,0.145454383,0.096059426,-0.049394957,0.66040929,mm_per_hr
14,intensity,240,0,1,WRFrain_noPGW_HPE14.mat,WRFrain_PGW_V3_HPE14.mat,0.609634128,0.509231796,-0.100402332,0.835307232,mm_per_hr
15,intensity,240,0,1,WRFrain_noPGW_HPE15.mat,WRFrain_PGW_V3_HPE15.mat,0.521251743,0.550818919,0.029567175,1.056723408,mm_per_hr
16,intensity,240,0,1,WRFrain_noPGW_HPE16.mat,WRFrain_PGW_V3_HPE16.mat,0.394618651,0.289730367,-0.104888285,0.734203428,mm_per_hr
17,intensity,240,0,1,WRFrain_noPGW_HPE17.mat,WRFrain_PGW_V3_HPE17.mat,0.426020882,0.451891915,0.025871033,1.060727148,mm_per_hr
18,intensity,240,0,1,WRFrain_noPGW_HPE18.mat,WRFrain_PGW_V3_HPE18.mat,0.366591166,0.254198318,-0.112392849,0.69341092,mm_per_hr
19,intensity,240,0,1,WRFrain_noPGW_HPE19.mat,WRFrain_PGW_V3_HPE19.mat,0.184749584,0.270678521,0.085928937,1.465110311,mm_per_hr
20,intensity,240,0,1,WRFrain_noPGW_HPE20.mat,WRFrain_PGW_V3_HPE20.mat,0.017945839,0.005522991,-0.012422847,0.307758895,mm_per_hr
21,intensity,240,0,1,WRFrain_noPGW_HPE21.mat,WRFrain_PGW_V3_HPE21.mat,0.025542736,0.010587481,-0.014955255,0.414500661,mm_per_hr
22,intensity,240,0,1,WRFrain_noPGW_HPE22.mat,WRFrain_PGW_V3_HPE22.mat,0.144285969,0.110036078,-0.034249891,0.762624937,mm_per_hr
23,intensity,240,0,1,WRFrain_noPGW_HPE23.mat,WRFrain_PGW_V3_HPE23.mat,0.337908991,0.214475433,-0.123433559,0.634713601,mm_per_hr
24,intensity,240,0,1,WRFrain_noPGW_HPE24.mat,WRFrain_PGW_V3_HPE24.mat,0.698595628,0.700300956,0.001705328,1.00244108,mm_per_hr
25,intensity,240,0,1,WRFrain_noPGW_HPE25.mat,WRFrain_PGW_V3_HPE25.mat,0.646864171,0.604118441,-0.04274573,0.933918538,mm_per_hr
26,intensity,240,0,1,WRFrain_noPGW_HPE26.mat,WRFrain_PGW_V3_HPE26.mat,0.236882586,0.223083047,-0.013799539,0.941745237,mm_per_hr
27,intensity,240,0,1,WRFrain_noPGW_HPE27.mat,WRFrain_PGW_V3_HPE27.mat,0.30180726,0.422666455,0.120859195,1.400451583,mm_per_hr
28,intensity,240,0,1,WRFrain_noPGW_HPE28.mat,WRFrain_PGW_V3_HPE28.mat,0.40556995,0.396105729,-0.009464221,0.976664392,mm_per_hr
29,intensity,240,0,1,WRFrain_noPGW_HPE29.mat,WRFrain_PGW_V3_HPE29.mat,0.300770081,0.132899543,-0.167870538,0.44186424,mm_per_hr
30,intensity,240,0,1,WRFrain_noPGW_HPE30.mat,WRFrain_PGW_V3_HPE30.mat,0.433275048,0.286277511,-0.146997537,0.660729282,mm_per_hr
31,intensity,240,0,1,WRFrain_noPGW_HPE31.mat,WRFrain_PGW_V3_HPE31.mat,0.184500384,0.162668732,-0.021831652,0.881671508,mm_per_hr
32,intensity,240,0,1,WRFrain_noPGW_HPE32.mat,WRFrain_PGW_V3_HPE32.mat,0.346822994,0.276439849,-0.070383145,0.797063211,mm_per_hr
33,intensity,240,0,1,WRFrain_noPGW_HPE33.mat,WRFrain_PGW_V3_HPE33.mat,0.364856546,0.510999283,0.146142737,1.400548487,mm_per_hr
34,intensity,240,0,1,WRFrain_noPGW_HPE34.mat,WRFrain_PGW_V3_HPE34.mat,0.51969427,0.538907154,0.019212884,1.03696959,mm_per_hr
35,intensity,240,0,1,WRFrain_noPGW_HPE35.mat,WRFrain_PGW_V3_HPE35.mat,0.485607938,0.531243522,0.045635584,1.09397619,mm_per_hr
36,intensity,240,0,1,WRFrain_noPGW_HPE36.mat,WRFrain_PGW_V3_HPE36.mat,0.707645519,0.771996026,0.064350507,1.090936077,mm_per_hr
37,intensity,240,0,1,WRFrain_noPGW_HPE37.mat,WRFrain_PGW_V3_HPE37.mat,0.835068432,0.697182962,-0.13788547,0.834881233,mm_per_hr
38,intensity,240,0,1,WRFrain_noPGW_HPE38.mat,WRFrain_PGW_V3_HPE38.mat,0.371136391,0.222934896,-0.148201496,0.600681854,mm_per_hr
39,intensity,240,0,1,WRFrain_noPGW_HPE39.mat,WRFrain_PGW_V3_HPE39.mat,0.292848199,0.108089318,-0.184758881,0.369096748,mm_per_hr
40,intensity,240,0,1,WRFrain_noPGW_HPE40.mat,WRFrain_PGW_V3_HPE40.mat,0.148222772,0.134078413,-0.014144359,0.904573644,mm_per_hr
41,intensity,240,0,1,WRFrain_noPGW_HPE41.mat,WRFrain_PGW_V3_HPE41.mat,1.380590849,1.846887201,0.466296353,1.337751299,mm_per_hr
1,intensity,360,0,1,WRFrain_noPGW_HPE01.mat,WRFrain_PGW_V3_HPE01.mat,0.700152854,0.964290747,0.264137892,1.377257467,mm_per_hr
2,intensity,360,0,1,WRFrain_noPGW_HPE02.mat,WRFrain_PGW_V3_HPE02.mat,0.564909871,0.647835786,0.082925915,1.146794947,mm_per_hr
3,intensity,360,0,1,WRFrain_noPGW_HPE03.mat,WRFrain_PGW_V3_HPE03.mat,0.816249166,0.683717526,-0.132531641,0.837633353,mm_per_hr
4,intensity,360,0,1,WRFrain_noPGW_HPE04.mat,WRFrain_PGW_V3_HPE04.mat,0.628516167,0.740323181,0.111807015,1.177890436,mm_per_hr
5,intensity,360,0,1,WRFrain_noPGW_HPE05.mat,WRFrain_PGW_V3_HPE05.mat,0.068788468,0.022362113,-0.046426354,0.325085209,mm_per_hr
6,intensity,360,0,1,WRFrain_noPGW_HPE06.mat,WRFrain_PGW_V3_HPE06.mat,0.112098359,0.035795708,-0.076302651,0.319324104,mm_per_hr
7,intensity,360,0,1,WRFrain_noPGW_HPE07.mat,WRFrain_PGW_V3_HPE07.mat,0.314639226,0.47013152,0.155492294,1.494192335,mm_per_hr
8,intensity,360,0,1,WRFrain_noPGW_HPE08.mat,WRFrain_PGW_V3_HPE08.mat,0.510041087,0.342330008,-0.167711078,0.671181238,mm_per_hr
9,intensity,360,0,1,WRFrain_noPGW_HPE09.mat,WRFrain_PGW_V3_HPE09.mat,0.558731849,0.566821643,0.008089794,1.014478849,mm_per_hr
10,intensity,360,0,1,WRFrain_noPGW_HPE10.mat,WRFrain_PGW_V3_HPE10.mat,0.812075723,0.828579483,0.01650376,1.020322932,mm_per_hr
11,intensity,360,0,1,WRFrain_noPGW_HPE11.mat,WRFrain_PGW_V3_HPE11.mat,0.176114832,0.1000193,-0.076095533,0.567920932,mm_per_hr
12,intensity,360,0,1,WRFrain_noPGW_HPE12.mat,WRFrain_PGW_V3_HPE12.mat,0.571820172,0.635094683,0.063274511,1.110654562,mm_per_hr
13,intensity,360,0,1,WRFrain_noPGW_HPE13.mat,WRFrain_PGW_V3_HPE13.mat,0.137882573,0.090967642,-0.046914931,0.659747206,mm_per_hr
14,intensity,360,0,1,WRFrain_noPGW_HPE14.mat,WRFrain_PGW_V3_HPE14.mat,0.590244117,0.481966651,-0.108277466,0.816554772,mm_per_hr
15,intensity,360,0,1,WRFrain_noPGW_HPE15.mat,WRFrain_PGW_V3_HPE15.mat,0.499546303,0.537295805,0.037749502,1.075567575,mm_per_hr
16,intensity,360,0,1,WRFrain_noPGW_HPE16.mat,WRFrain_PGW_V3_HPE16.mat,0.390804658,0.284901285,-0.105903373,0.729011999,mm_per_hr
17,intensity,360,0,1,WRFrain_noPGW_HPE17.mat,WRFrain_PGW_V3_HPE17.mat,0.422626979,0.431561245,0.008934267,1.02113984,mm_per_hr
18,intensity,360,0,1,WRFrain_noPGW_HPE18.mat,WRFrain_PGW_V3_HPE18.mat,0.345298688,0.218929658,-0.12636903,0.6340298,mm_per_hr
19,intensity,360,0,1,WRFrain_noPGW_HPE19.mat,WRFrain_PGW_V3_HPE19.mat,0.178583249,0.247167157,0.068583908,1.384044463,mm_per_hr
20,intensity,360,0,1,WRFrain_noPGW_HPE20.mat,WRFrain_PGW_V3_HPE20.mat,0.013923087,0.003892319,-0.010030768,0.279558639,mm_per_hr
21,intensity,360,0,1,WRFrain_noPGW_HPE21.mat,WRFrain_PGW_V3_HPE21.mat,0.024165278,0.008566508,-0.01559877,0.354496565,mm_per_hr
22,intensity,360,0,1,WRFrain_noPGW_HPE22.mat,WRFrain_PGW_V3_HPE22.mat,0.140420344,0.104797889,-0.035622455,0.746315571,mm_per_hr
23,intensity,360,0,1,WRFrain_noPGW_HPE23.mat,WRFrain_PGW_V3_HPE23.mat,0.312142856,0.203964608,-0.108178249,0.653433527,mm_per_hr
24,intensity,360,0,1,WRFrain_noPGW_HPE24.mat,WRFrain_PGW_V3_HPE24.mat,0.671546859,0.654410661,-0.017136197,0.9744825,mm_per_hr
25,intensity,360,0,1,WRFrain_noPGW_HPE25.mat,WRFrain_PGW_V3_HPE25.mat,0.63438259,0.595208673,-0.039173916,0.938248752,mm_per_hr
26,intensity,360,0,1,WRFrain_noPGW_HPE26.mat,WRFrain_PGW_V3_HPE26.mat,0.224947105,0.209798023,-0.015149082,0.932654915,mm_per_hr
27,intensity,360,0,1,WRFrain_noPGW_HPE27.mat,WRFrain_PGW_V3_HPE27.mat,0.298152112,0.407116293,0.108964181,1.365465064,mm_per_hr
28,intensity,360,0,1,WRFrain_noPGW_HPE28.mat,WRFrain_PGW_V3_HPE28.mat,0.398320522,0.391581739,-0.006738783,0.98308201,mm_per_hr
29,intensity,360,0,1,WRFrain_noPGW_HPE29.mat,WRFrain_PGW_V3_HPE29.mat,0.292781381,0.1126376,-0.180143781,0.384715721,mm_per_hr
30,intensity,360,0,1,WRFrain_noPGW_HPE30.mat,WRFrain_PGW_V3_HPE30.mat,0.431106658,0.284335035,-0.146771623,0.659546842,mm_per_hr
31,intensity,360,0,1,WRFrain_noPGW_HPE31.mat,WRFrain_PGW_V3_HPE31.mat,0.175648269,0.155236987,-0.020411282,0.883794572,mm_per_hr
32,intensity,360,0,1,WRFrain_noPGW_HPE32.mat,WRFrain_PGW_V3_HPE32.mat,0.338057798,0.266062605,-0.071995193,0.787032888,mm_per_hr
33,intensity,360,0,1,WRFrain_noPGW_HPE33.mat,WRFrain_PGW_V3_HPE33.mat,0.361634661,0.494731888,0.133097226,1.368043334,mm_per_hr
34,intensity,360,0,1,WRFrain_noPGW_HPE34.mat,WRFrain_PGW_V3_HPE34.mat,0.491684314,0.517218099,0.025533785,1.051931258,mm_per_hr
35,intensity,360,0,1,WRFrain_noPGW_HPE35.mat,WRFrain_PGW_V3_HPE35.mat,0.477432589,0.5052632,0.02783061,1.05829223,mm_per_hr
36,intensity,360,0,1,WRFrain_noPGW_HPE36.mat,WRFrain_PGW_V3_HPE36.mat,0.70227066,0.737514336,0.035243676,1.050185318,mm_per_hr
37,intensity,360,0,1,WRFrain_noPGW_HPE37.mat,WRFrain_PGW_V3_HPE37.mat,0.799131426,0.669800126,-0.1293313,0.838160163,mm_per_hr
38,intensity,360,0,1,WRFrain_noPGW_HPE38.mat,WRFrain_PGW_V3_HPE38.mat,0.355849088,0.201502532,-0.154346556,0.566258391,mm_per_hr
39,intensity,360,0,1,WRFrain_noPGW_HPE39.mat,WRFrain_PGW_V3_HPE39.mat,0.280879089,0.102048839,-0.17883025,0.363319461,mm_per_hr
40,intensity,360,0,1,WRFrain_noPGW_HPE40.mat,WRFrain_PGW_V3_HPE40.mat,0.137806051,0.127526896,-0.010279155,0.925408539,mm_per_hr
41,intensity,360,0,1,WRFrain_noPGW_HPE41.mat,WRFrain_PGW_V3_HPE41.mat,1.336508586,1.749222717,0.412714132,1.30880021,mm_per_hr
1,intensity,720,0,1,WRFrain_noPGW_HPE01.mat,WRFrain_PGW_V3_HPE01.mat,0.669785782,0.79104675,0.121260968,1.181044404,mm_per_hr
2,intensity,720,0,1,WRFrain_noPGW_HPE02.mat,WRFrain_PGW_V3_HPE02.mat,0.535119513,0.610250508,0.075130995,1.140400403,mm_per_hr
3,intensity,720,0,1,WRFrain_noPGW_HPE03.mat,WRFrain_PGW_V3_HPE03.mat,0.746976555,0.5858547,-0.161121856,0.784301322,mm_per_hr
4,intensity,720,0,1,WRFrain_noPGW_HPE04.mat,WRFrain_PGW_V3_HPE04.mat,0.587345117,0.692398582,0.105053465,1.178861562,mm_per_hr
5,intensity,720,0,1,WRFrain_noPGW_HPE05.mat,WRFrain_PGW_V3_HPE05.mat,0.050440522,0.015255668,-0.035184855,0.302448644,mm_per_hr
6,intensity,720,0,1,WRFrain_noPGW_HPE06.mat,WRFrain_PGW_V3_HPE06.mat,0.099652699,0.026255438,-0.073397261,0.263469409,mm_per_hr
7,intensity,720,0,1,WRFrain_noPGW_HPE07.mat,WRFrain_PGW_V3_HPE07.mat,0.260319909,0.392677077,0.132357168,1.508440435,mm_per_hr
8,intensity,720,0,1,WRFrain_noPGW_HPE08.mat,WRFrain_PGW_V3_HPE08.mat,0.478549407,0.27958259,-0.198966817,0.58422931,mm_per_hr
9,intensity,720,0,1,WRFrain_noPGW_HPE09.mat,WRFrain_PGW_V3_HPE09.mat,0.55181267,0.527113376,-0.024699294,0.955239713,mm_per_hr
10,intensity,720,0,1,WRFrain_noPGW_HPE10.mat,WRFrain_PGW_V3_HPE10.mat,0.692854109,0.694036288,0.001182179,1.001706245,mm_per_hr
11,intensity,720,0,1,WRFrain_noPGW_HPE11.mat,WRFrain_PGW_V3_HPE11.mat,0.167961484,0.082373093,-0.085588391,0.490428466,mm_per_hr
12,intensity,720,0,1,WRFrain_noPGW_HPE12.mat,WRFrain_PGW_V3_HPE12.mat,0.528836389,0.575204409,0.04636802,1.08767933,mm_per_hr
13,intensity,720,0,1,WRFrain_noPGW_HPE13.mat,WRFrain_PGW_V3_HPE13.mat,0.121599343,0.071589357,-0.050009986,0.588731445,mm_per_hr
14,intensity,720,0,1,WRFrain_noPGW_HPE14.mat,WRFrain_PGW_V3_HPE14.mat,0.533779546,0.424316279,-0.109463267,0.794927947,mm_per_hr
15,intensity,720,0,1,WRFrain_noPGW_HPE15.mat,WRFrain_PGW_V3_HPE15.mat,0.479201893,0.489585653,0.01038376,1.021668863,mm_per_hr
16,intensity,720,0,1,WRFrain_noPGW_HPE16.mat,WRFrain_PGW_V3_HPE16.mat,0.367815002,0.250420726,-0.117394276,0.680833366,mm_per_hr
17,intensity,720,0,1,WRFrain_noPGW_HPE17.mat,WRFrain_PGW_V3_HPE17.mat,0.400652074,0.381022939,-0.019629135,0.95100703,mm_per_hr
18,intensity,720,0,1,WRFrain_noPGW_HPE18.mat,WRFrain_PGW_V3_HPE18.mat,0.239041044,0.141085387,-0.097955657,0.590214069,mm_per_hr
19,intensity,720,0,1,WRFrain_noPGW_HPE19.mat,WRFrain_PGW_V3_HPE19.mat,0.150874359,0.199610216,0.048735857,1.323022794,mm_per_hr
20,intensity,720,0,1,WRFrain_noPGW_HPE20.mat,WRFrain_PGW_V3_HPE20.mat,0.007600888,0.001961528,-0.00563936,0.258065677,mm_per_hr
21,intensity,720,0,1,WRFrain_noPGW_HPE21.mat,WRFrain_PGW_V3_HPE21.mat,0.018309795,0.005150972,-0.013158823,0.281323296,mm_per_hr
22,intensity,720,0,1,WRFrain_noPGW_HPE22.mat,WRFrain_PGW_V3_HPE22.mat,0.121814511,0.085991371,-0.035823141,0.705920581,mm_per_hr
23,intensity,720,0,1,WRFrain_noPGW_HPE23.mat,WRFrain_PGW_V3_HPE23.mat,0.243689183,0.137274839,-0.106414344,0.563319377,mm_per_hr
24,intensity,720,0,1,WRFrain_noPGW_HPE24.mat,WRFrain_PGW_V3_HPE24.mat,0.563297353,0.552115286,-0.011182066,0.98014891,mm_per_hr
25,intensity,720,0,1,WRFrain_noPGW_HPE25.mat,WRFrain_PGW_V3_HPE25.mat,0.57921912,0.557068452,-0.022150668,0.961757705,mm_per_hr
26,intensity,720,0,1,WRFrain_noPGW_HPE26.mat,WRFrain_PGW_V3_HPE26.mat,0.190062722,0.1711615,-0.018901222,0.900552713,mm_per_hr
27,intensity,720,0,1,WRFrain_noPGW_HPE27.mat,WRFrain_PGW_V3_HPE27.mat,0.289011693,0.328187215,0.039175523,1.135549957,mm_per_hr
28,intensity,720,0,1,WRFrain_noPGW_HPE28.mat,WRFrain_PGW_V3_HPE28.mat,0.39528016,0.354067938,-0.041212222,0.895739209,mm_per_hr
29,intensity,720,0,1,WRFrain_noPGW_HPE29.mat,WRFrain_PGW_V3_HPE29.mat,0.242709586,0.098654257,-0.144055329,0.406470378,mm_per_hr
30,intensity,720,0,1,WRFrain_noPGW_HPE30.mat,WRFrain_PGW_V3_HPE30.mat,0.420704142,0.271750901,-0.148953241,0.645943012,mm_per_hr
31,intensity,720,0,1,WRFrain_noPGW_HPE31.mat,WRFrain_PGW_V3_HPE31.mat,0.156844607,0.133489985,-0.023354622,0.851097065,mm_per_hr
32,intensity,720,0,1,WRFrain_noPGW_HPE32.mat,WRFrain_PGW_V3_HPE32.mat,0.33100819,0.243935431,-0.087072759,0.736946813,mm_per_hr
33,intensity,720,0,1,WRFrain_noPGW_HPE33.mat,WRFrain_PGW_V3_HPE33.mat,0.352619903,0.466788008,0.114168105,1.323771019,mm_per_hr
34,intensity,720,0,1,WRFrain_noPGW_HPE34.mat,WRFrain_PGW_V3_HPE34.mat,0.449119488,0.444143687,-0.004975802,0.988920984,mm_per_hr
35,intensity,720,0,1,WRFrain_noPGW_HPE35.mat,WRFrain_PGW_V3_HPE35.mat,0.45406929,0.454453773,0.000384483,1.00084675,mm_per_hr
36,intensity,720,0,1,WRFrain_noPGW_HPE36.mat,WRFrain_PGW_V3_HPE36.mat,0.639471704,0.651663296,0.012191591,1.019065099,mm_per_hr
37,intensity,720,0,1,WRFrain_noPGW_HPE37.mat,WRFrain_PGW_V3_HPE37.mat,0.672184124,0.560200388,-0.111983735,0.833403183,mm_per_hr
38,intensity,720,0,1,WRFrain_noPGW_HPE38.mat,WRFrain_PGW_V3_HPE38.mat,0.325859441,0.152486305,-0.173373136,0.467951166,mm_per_hr
39,intensity,720,0,1,WRFrain_noPGW_HPE39.mat,WRFrain_PGW_V3_HPE39.mat,0.249250329,0.085225647,-0.164024682,0.341927922,mm_per_hr
40,intensity,720,0,1,WRFrain_noPGW_HPE40.mat,WRFrain_PGW_V3_HPE40.mat,0.114950922,0.101509028,-0.013441894,0.883064063,mm_per_hr
41,intensity,720,0,1,WRFrain_noPGW_HPE41.mat,WRFrain_PGW_V3_HPE41.mat,1.158251324,1.513178974,0.354927649,1.306434054,mm_per_hr
1,intensity,1440,0,1,WRFrain_noPGW_HPE01.mat,WRFrain_PGW_V3_HPE01.mat,0.623209925,0.626343859,0.003133933,1.005028696,mm_per_hr
2,intensity,1440,0,1,WRFrain_noPGW_HPE02.mat,WRFrain_PGW_V3_HPE02.mat,0.504977874,0.586613358,0.081635484,1.161661507,mm_per_hr
3,intensity,1440,0,1,WRFrain_noPGW_HPE03.mat,WRFrain_PGW_V3_HPE03.mat,0.553024984,0.421006588,-0.132018396,0.761279509,mm_per_hr
4,intensity,1440,0,1,WRFrain_noPGW_HPE04.mat,WRFrain_PGW_V3_HPE04.mat,0.578972926,0.679306891,0.100333964,1.17329647,mm_per_hr
5,intensity,1440,0,1,WRFrain_noPGW_HPE05.mat,WRFrain_PGW_V3_HPE05.mat,0.026009805,0.011196825,-0.01481298,0.43048477,mm_per_hr
6,intensity,1440,0,1,WRFrain_noPGW_HPE06.mat,WRFrain_PGW_V3_HPE06.mat,0.07752649,0.019597955,-0.057928536,0.252790426,mm_per_hr
7,intensity,1440,0,1,WRFrain_noPGW_HPE07.mat,WRFrain_PGW_V3_HPE07.mat,0.194545991,0.274118634,0.079572643,1.40901713,mm_per_hr
8,intensity,1440,0,1,WRFrain_noPGW_HPE08.mat,WRFrain_PGW_V3_HPE08.mat,0.397704709,0.202634918,-0.195069791,0.509510985,mm_per_hr
9,intensity,1440,0,1,WRFrain_noPGW_HPE09.mat,WRFrain_PGW_V3_HPE09.mat,0.490050852,0.447169231,-0.042881622,0.912495568,mm_per_hr
10,intensity,1440,0,1,WRFrain_noPGW_HPE10.mat,WRFrain_PGW_V3_HPE10.mat,0.511200568,0.519324228,0.00812366,1.015891336,mm_per_hr
11,intensity,1440,0,1,WRFrain_noPGW_HPE11.mat,WRFrain_PGW_V3_HPE11.mat,0.148360169,0.070757513,-0.077602656,0.476930659,mm_per_hr
12,intensity,1440,0,1,WRFrain_noPGW_HPE12.mat,WRFrain_PGW_V3_HPE12.mat,0.463362437,0.484617861,0.021255424,1.045872134,mm_per_hr
13,intensity,1440,0,1,WRFrain_noPGW_HPE13.mat,WRFrain_PGW_V3_HPE13.mat,0.089496888,0.053395246,-0.036101642,0.596615673,mm_per_hr
14,intensity,1440,0,1,WRFrain_noPGW_HPE14.mat,WRFrain_PGW_V3_HPE14.mat,0.419807026,0.312631669,-0.107175357,0.744703279,mm_per_hr
15,intensity,1440,0,1,WRFrain_noPGW_HPE15.mat,WRFrain_PGW_V3_HPE15.mat,0.433783081,0.432505025,-0.001278055,0.997053699,mm_per_hr
16,intensity,1440,0,1,WRFrain_noPGW_HPE16.mat,WRFrain_PGW_V3_HPE16.mat,0.316614096,0.205034537,-0.11157956,0.647584991,mm_per_hr
17,intensity,1440,0,1,WRFrain_noPGW_HPE17.mat,WRFrain_PGW_V3_HPE17.mat,0.336950955,0.3225291,-0.014421855,0.957198948,mm_per_hr
18,intensity,1440,0,1,WRFrain_noPGW_HPE18.mat,WRFrain_PGW_V3_HPE18.mat,0.135705408,0.077835833,-0.057869575,0.573564713,mm_per_hr
19,intensity,1440,0,1,WRFrain_noPGW_HPE19.mat,WRFrain_PGW_V3_HPE19.mat,0.142604738,0.186373628,0.04376889,1.306924517,mm_per_hr
20,intensity,1440,0,1,WRFrain_noPGW_HPE20.mat,WRFrain_PGW_V3_HPE20.mat,0.005076281,0.001172897,-0.003903384,0.231054421,mm_per_hr
21,intensity,1440,0,1,WRFrain_noPGW_HPE21.mat,WRFrain_PGW_V3_HPE21.mat,NaN,NaN,NaN,NaN,mm_per_hr
22,intensity,1440,0,1,WRFrain_noPGW_HPE22.mat,WRFrain_PGW_V3_HPE22.mat,0.096380889,0.050801213,-0.045579676,0.527088029,mm_per_hr
23,intensity,1440,0,1,WRFrain_noPGW_HPE23.mat,WRFrain_PGW_V3_HPE23.mat,0.159603422,0.085530441,-0.07407298,0.535893531,mm_per_hr
24,intensity,1440,0,1,WRFrain_noPGW_HPE24.mat,WRFrain_PGW_V3_HPE24.mat,0.415240785,0.422990711,0.007749927,1.018663693,mm_per_hr
25,intensity,1440,0,1,WRFrain_noPGW_HPE25.mat,WRFrain_PGW_V3_HPE25.mat,0.494883586,0.465404697,-0.029478889,0.94043268,mm_per_hr
26,intensity,1440,0,1,WRFrain_noPGW_HPE26.mat,WRFrain_PGW_V3_HPE26.mat,0.147328897,0.100194537,-0.04713436,0.680073896,mm_per_hr
27,intensity,1440,0,1,WRFrain_noPGW_HPE27.mat,WRFrain_PGW_V3_HPE27.mat,0.276150118,0.279273201,0.003123083,1.011309367,mm_per_hr
28,intensity,1440,0,1,WRFrain_noPGW_HPE28.mat,WRFrain_PGW_V3_HPE28.mat,0.321569578,0.245658032,-0.075911546,0.763934304,mm_per_hr
29,intensity,1440,0,1,WRFrain_noPGW_HPE29.mat,WRFrain_PGW_V3_HPE29.mat,0.141058109,0.060939217,-0.080118892,0.432014985,mm_per_hr
30,intensity,1440,0,1,WRFrain_noPGW_HPE30.mat,WRFrain_PGW_V3_HPE30.mat,0.362943464,0.231276806,-0.131666658,0.637225432,mm_per_hr
31,intensity,1440,0,1,WRFrain_noPGW_HPE31.mat,WRFrain_PGW_V3_HPE31.mat,0.125937093,0.115015514,-0.010921579,0.913277503,mm_per_hr
32,intensity,1440,0,1,WRFrain_noPGW_HPE32.mat,WRFrain_PGW_V3_HPE32.mat,0.287408845,0.224199158,-0.063209687,0.780070487,mm_per_hr
33,intensity,1440,0,1,WRFrain_noPGW_HPE33.mat,WRFrain_PGW_V3_HPE33.mat,0.33186121,0.424526956,0.092665746,1.279230423,mm_per_hr
34,intensity,1440,0,1,WRFrain_noPGW_HPE34.mat,WRFrain_PGW_V3_HPE34.mat,0.37427413,0.363229552,-0.011044578,0.970490673,mm_per_hr
35,intensity,1440,0,1,WRFrain_noPGW_HPE35.mat,WRFrain_PGW_V3_HPE35.mat,0.427682802,0.386779374,-0.040903428,0.904360363,mm_per_hr
36,intensity,1440,0,1,WRFrain_noPGW_HPE36.mat,WRFrain_PGW_V3_HPE36.mat,0.512439011,0.532830873,0.020391862,1.039793735,mm_per_hr
37,intensity,1440,0,1,WRFrain_noPGW_HPE37.mat,WRFrain_PGW_V3_HPE37.mat,0.409056568,0.306256288,-0.10280028,0.74868933,mm_per_hr
38,intensity,1440,0,1,WRFrain_noPGW_HPE38.mat,WRFrain_PGW_V3_HPE38.mat,0.274942611,0.099643474,-0.175299137,0.362415538,mm_per_hr
39,intensity,1440,0,1,WRFrain_noPGW_HPE39.mat,WRFrain_PGW_V3_HPE39.mat,0.191259155,0.058189615,-0.13306954,0.30424486,mm_per_hr
40,intensity,1440,0,1,WRFrain_noPGW_HPE40.mat,WRFrain_PGW_V3_HPE40.mat,0.080546118,0.058903337,-0.021642781,0.731299515,mm_per_hr
41,intensity,1440,0,1,WRFrain_noPGW_HPE41.mat,WRFrain_PGW_V3_HPE41.mat,0.982315529,1.093656069,0.111340539,1.113344985,mm_per_hr
1,total,0,1,0,WRFrain_noPGW_HPE01.mat,WRFrain_PGW_V3_HPE01.mat,185.8410339,191.1749726,5.33393871,1.02870162,mm
2,total,0,1,0,WRFrain_noPGW_HPE02.mat,WRFrain_PGW_V3_HPE02.mat,369.0655274,309.1373583,-59.92816911,0.837621873,mm
3,total,0,1,0,WRFrain_noPGW_HPE03.mat,WRFrain_PGW_V3_HPE03.mat,278.5868645,293.4048424,14.81797791,1.053189794,mm
4,total,0,1,0,WRFrain_noPGW_HPE04.mat,WRFrain_PGW_V3_HPE04.mat,402.0533143,515.9694243,113.91611,1.283335831,mm
5,total,0,1,0,WRFrain_noPGW_HPE05.mat,WRFrain_PGW_V3_HPE05.mat,52.46658324,32.02426894,-20.4423143,0.610374584,mm
6,total,0,1,0,WRFrain_noPGW_HPE06.mat,WRFrain_PGW_V3_HPE06.mat,119.2060438,22.02292873,-97.18311507,0.184746746,mm
7,total,0,1,0,WRFrain_noPGW_HPE07.mat,WRFrain_PGW_V3_HPE07.mat,130.0864978,183.1901693,53.10367151,1.408218166,mm
8,total,0,1,0,WRFrain_noPGW_HPE08.mat,WRFrain_PGW_V3_HPE08.mat,223.9916992,204.5313261,-19.4603731,0.913120115,mm
9,total,0,1,0,WRFrain_noPGW_HPE09.mat,WRFrain_PGW_V3_HPE09.mat,290.8824465,297.0871276,6.204681173,1.021330545,mm
10,total,0,1,0,WRFrain_noPGW_HPE10.mat,WRFrain_PGW_V3_HPE10.mat,244.7391963,280.2470398,35.50784352,1.145084417,mm
11,total,0,1,0,WRFrain_noPGW_HPE11.mat,WRFrain_PGW_V3_HPE11.mat,130.1334531,240.0471193,109.9136662,1.844622682,mm
12,total,0,1,0,WRFrain_noPGW_HPE12.mat,WRFrain_PGW_V3_HPE12.mat,263.3618774,186.9945831,-76.36729431,0.710029048,mm
13,total,0,1,0,WRFrain_noPGW_HPE13.mat,WRFrain_PGW_V3_HPE13.mat,124.3299682,122.3809199,-1.9490483,0.984323584,mm
14,total,0,1,0,WRFrain_noPGW_HPE14.mat,WRFrain_PGW_V3_HPE14.mat,297.4764873,293.1652831,-4.311204212,0.985507412,mm
15,total,0,1,0,WRFrain_noPGW_HPE15.mat,WRFrain_PGW_V3_HPE15.mat,149.5645447,176.3971415,26.83259686,1.179404798,mm
16,total,0,1,0,WRFrain_noPGW_HPE16.mat,WRFrain_PGW_V3_HPE16.mat,114.9171716,159.6593324,44.7421608,1.389342691,mm
17,total,0,1,0,WRFrain_noPGW_HPE17.mat,WRFrain_PGW_V3_HPE17.mat,149.6408234,163.1941223,13.55329897,1.090572203,mm
18,total,0,1,0,WRFrain_noPGW_HPE18.mat,WRFrain_PGW_V3_HPE18.mat,83.57790554,133.0994718,49.52156627,1.592519829,mm
19,total,0,1,0,WRFrain_noPGW_HPE19.mat,WRFrain_PGW_V3_HPE19.mat,75.88454437,83.16116714,7.276622772,1.095890709,mm
20,total,0,1,0,WRFrain_noPGW_HPE20.mat,WRFrain_PGW_V3_HPE20.mat,36.49810028,27.08414626,-9.41395402,0.742070027,mm
21,total,0,1,0,WRFrain_noPGW_HPE21.mat,WRFrain_PGW_V3_HPE21.mat,34.33625935,40.3280647,5.991805344,1.17450373,mm
22,total,0,1,0,WRFrain_noPGW_HPE22.mat,WRFrain_PGW_V3_HPE22.mat,179.0936952,164.3970794,-14.69661586,0.917938955,mm
23,total,0,1,0,WRFrain_noPGW_HPE23.mat,WRFrain_PGW_V3_HPE23.mat,115.8668537,213.1866814,97.3198278,1.839928113,mm
24,total,0,1,0,WRFrain_noPGW_HPE24.mat,WRFrain_PGW_V3_HPE24.mat,342.1007314,393.3904724,51.28974101,1.149925844,mm
25,total,0,1,0,WRFrain_noPGW_HPE25.mat,WRFrain_PGW_V3_HPE25.mat,122.7907653,131.7805324,8.989767015,1.073212077,mm
26,total,0,1,0,WRFrain_noPGW_HPE26.mat,WRFrain_PGW_V3_HPE26.mat,119.1320419,109.8659211,-9.266120782,0.922219743,mm
27,total,0,1,0,WRFrain_noPGW_HPE27.mat,WRFrain_PGW_V3_HPE27.mat,171.5337567,164.6555972,-6.878159523,0.959902006,mm
28,total,0,1,0,WRFrain_noPGW_HPE28.mat,WRFrain_PGW_V3_HPE28.mat,126.3441248,124.4994125,-1.84471224,0.985399303,mm
29,total,0,1,0,WRFrain_noPGW_HPE29.mat,WRFrain_PGW_V3_HPE29.mat,130.7915631,114.0948257,-16.69673737,0.872340868,mm
30,total,0,1,0,WRFrain_noPGW_HPE30.mat,WRFrain_PGW_V3_HPE30.mat,217.4689035,352.8644285,135.395525,1.622597175,mm
31,total,0,1,0,WRFrain_noPGW_HPE31.mat,WRFrain_PGW_V3_HPE31.mat,158.5973259,156.5428782,-2.054447722,0.987046139,mm
32,total,0,1,0,WRFrain_noPGW_HPE32.mat,WRFrain_PGW_V3_HPE32.mat,250.8397445,176.5209503,-74.31879422,0.703720021,mm
33,total,0,1,0,WRFrain_noPGW_HPE33.mat,WRFrain_PGW_V3_HPE33.mat,157.4500098,191.716421,34.26641116,1.217633592,mm
34,total,0,1,0,WRFrain_noPGW_HPE34.mat,WRFrain_PGW_V3_HPE34.mat,344.0630122,358.8354187,14.77240648,1.042935177,mm
35,total,0,1,0,WRFrain_noPGW_HPE35.mat,WRFrain_PGW_V3_HPE35.mat,192.1478148,222.4054107,30.25759593,1.157470414,mm
36,total,0,1,0,WRFrain_noPGW_HPE36.mat,WRFrain_PGW_V3_HPE36.mat,233.7685242,242.2068483,8.438324099,1.036096922,mm
37,total,0,1,0,WRFrain_noPGW_HPE37.mat,WRFrain_PGW_V3_HPE37.mat,54.23570251,66.61534105,12.37963854,1.228256259,mm
38,total,0,1,0,WRFrain_noPGW_HPE38.mat,WRFrain_PGW_V3_HPE38.mat,122.0691832,132.9976048,10.9284216,1.089526458,mm
39,total,0,1,0,WRFrain_noPGW_HPE39.mat,WRFrain_PGW_V3_HPE39.mat,106.0152286,101.3251111,-4.690117473,0.955759965,mm
40,total,0,1,0,WRFrain_noPGW_HPE40.mat,WRFrain_PGW_V3_HPE40.mat,119.1791458,79.74846636,-39.43067947,0.669147826,mm
41,total,0,1,0,WRFrain_noPGW_HPE41.mat,WRFrain_PGW_V3_HPE41.mat,215.9045105,212.6219482,-3.282562255,0.984796231,mm
1,intensity,10,1,0,WRFrain_noPGW_HPE01.mat,WRFrain_PGW_V3_HPE01.mat,254.5149307,297.141243,42.62631226,1.167480596,mm_per_hr
2,intensity,10,1,0,WRFrain_noPGW_HPE02.mat,WRFrain_PGW_V3_HPE02.mat,84.1305542,140.5254135,56.39485931,1.670325542,mm_per_hr
3,intensity,10,1,0,WRFrain_noPGW_HPE03.mat,WRFrain_PGW_V3_HPE03.mat,140.4623566,158.548645,18.08628845,1.12876253,mm_per_hr
4,intensity,10,1,0,WRFrain_noPGW_HPE04.mat,WRFrain_PGW_V3_HPE04.mat,120.3270264,174.9913216,54.6642952,1.454297732,mm_per_hr
5,intensity,10,1,0,WRFrain_noPGW_HPE05.mat,WRFrain_PGW_V3_HPE05.mat,75.83103561,49.61508179,-26.21595383,0.654284639,mm_per_hr
6,intensity,10,1,0,WRFrain_noPGW_HPE06.mat,WRFrain_PGW_V3_HPE06.mat,112.0820274,55.34915543,-56.73287201,0.493827215,mm_per_hr
7,intensity,10,1,0,WRFrain_noPGW_HPE07.mat,WRFrain_PGW_V3_HPE07.mat,93.12423706,138.0805092,44.95627213,1.48275587,mm_per_hr
8,intensity,10,1,0,WRFrain_noPGW_HPE08.mat,WRFrain_PGW_V3_HPE08.mat,251.728157,223.1642075,-28.56394958,0.886528587,mm_per_hr
9,intensity,10,1,0,WRFrain_noPGW_HPE09.mat,WRFrain_PGW_V3_HPE09.mat,180.3903351,197.8036423,17.41330719,1.096531265,mm_per_hr
10,intensity,10,1,0,WRFrain_noPGW_HPE10.mat,WRFrain_PGW_V3_HPE10.mat,100.454052,139.8081894,39.35413742,1.391762569,mm_per_hr
11,intensity,10,1,0,WRFrain_noPGW_HPE11.mat,WRFrain_PGW_V3_HPE11.mat,120.7087212,119.4125977,-1.296123505,0.989262387,mm_per_hr
12,intensity,10,1,0,WRFrain_noPGW_HPE12.mat,WRFrain_PGW_V3_HPE12.mat,112.5013962,122.0293121,9.527915955,1.084691535,mm_per_hr
13,intensity,10,1,0,WRFrain_noPGW_HPE13.mat,WRFrain_PGW_V3_HPE13.mat,151.680748,129.9558792,-21.72486877,0.856772405,mm_per_hr
14,intensity,10,1,0,WRFrain_noPGW_HPE14.mat,WRFrain_PGW_V3_HPE14.mat,168.8692932,183.6134033,14.74411011,1.087310782,mm_per_hr
15,intensity,10,1,0,WRFrain_noPGW_HPE15.mat,WRFrain_PGW_V3_HPE15.mat,76.60204124,97.5486145,20.94657326,1.273446672,mm_per_hr
16,intensity,10,1,0,WRFrain_noPGW_HPE16.mat,WRFrain_PGW_V3_HPE16.mat,153.7149353,196.1416626,42.42672729,1.276009141,mm_per_hr
17,intensity,10,1,0,WRFrain_noPGW_HPE17.mat,WRFrain_PGW_V3_HPE17.mat,111.6907082,148.3973236,36.70661545,1.328645203,mm_per_hr
18,intensity,10,1,0,WRFrain_noPGW_HPE18.mat,WRFrain_PGW_V3_HPE18.mat,136.41259,137.8527946,1.44020462,1.01055771,mm_per_hr
19,intensity,10,1,0,WRFrain_noPGW_HPE19.mat,WRFrain_PGW_V3_HPE19.mat,147.6397133,144.1145325,-3.525180817,0.976123085,mm_per_hr
20,intensity,10,1,0,WRFrain_noPGW_HPE20.mat,WRFrain_PGW_V3_HPE20.mat,73.13249588,53.78110886,-19.35138702,0.735392772,mm_per_hr
21,intensity,10,1,0,WRFrain_noPGW_HPE21.mat,WRFrain_PGW_V3_HPE21.mat,58.70364761,74.79222107,16.08857346,1.274064289,mm_per_hr
22,intensity,10,1,0,WRFrain_noPGW_HPE22.mat,WRFrain_PGW_V3_HPE22.mat,125.006424,130.2627411,5.256317139,1.042048376,mm_per_hr
23,intensity,10,1,0,WRFrain_noPGW_HPE23.mat,WRFrain_PGW_V3_HPE23.mat,145.5414505,153.7715492,8.230098724,1.056548143,mm_per_hr
24,intensity,10,1,0,WRFrain_noPGW_HPE24.mat,WRFrain_PGW_V3_HPE24.mat,115.3059082,147.1221771,31.81626892,1.275929217,mm_per_hr
25,intensity,10,1,0,WRFrain_noPGW_HPE25.mat,WRFrain_PGW_V3_HPE25.mat,77.92222023,124.5882111,46.66599083,1.598879122,mm_per_hr
26,intensity,10,1,0,WRFrain_noPGW_HPE26.mat,WRFrain_PGW_V3_HPE26.mat,94.53447533,124.1669083,29.63243294,1.313456364,mm_per_hr
27,intensity,10,1,0,WRFrain_noPGW_HPE27.mat,WRFrain_PGW_V3_HPE27.mat,132.883667,196.6831284,63.79946136,1.480115147,mm_per_hr
28,intensity,10,1,0,WRFrain_noPGW_HPE28.mat,WRFrain_PGW_V3_HPE28.mat,133.1508408,163.8430939,30.69225311,1.230507393,mm_per_hr
29,intensity,10,1,0,WRFrain_noPGW_HPE29.mat,WRFrain_PGW_V3_HPE29.mat,136.6365509,139.4368057,2.800254822,1.020494186,mm_per_hr
30,intensity,10,1,0,WRFrain_noPGW_HPE30.mat,WRFrain_PGW_V3_HPE30.mat,113.4374542,154.6830139,41.24555969,1.363597367,mm_per_hr
31,intensity,10,1,0,WRFrain_noPGW_HPE31.mat,WRFrain_PGW_V3_HPE31.mat,119.666954,156.4817047,36.81475067,1.307643417,mm_per_hr
32,intensity,10,1,0,WRFrain_noPGW_HPE32.mat,WRFrain_PGW_V3_HPE32.mat,132.3878288,196.2051086,63.81727982,1.482047937,mm_per_hr
33,intensity,10,1,0,WRFrain_noPGW_HPE33.mat,WRFrain_PGW_V3_HPE33.mat,109.953598,157.7711334,47.8175354,1.434888319,mm_per_hr
34,intensity,10,1,0,WRFrain_noPGW_HPE34.mat,WRFrain_PGW_V3_HPE34.mat,91.39957237,128.7929764,37.39340401,1.40912012,mm_per_hr
35,intensity,10,1,0,WRFrain_noPGW_HPE35.mat,WRFrain_PGW_V3_HPE35.mat,72.32098389,114.0096931,41.68870926,1.576440018,mm_per_hr
36,intensity,10,1,0,WRFrain_noPGW_HPE36.mat,WRFrain_PGW_V3_HPE36.mat,188.8572235,258.6691589,69.81193542,1.369654568,mm_per_hr
37,intensity,10,1,0,WRFrain_noPGW_HPE37.mat,WRFrain_PGW_V3_HPE37.mat,118.5819283,113.7835236,-4.798404694,0.95953511,mm_per_hr
38,intensity,10,1,0,WRFrain_noPGW_HPE38.mat,WRFrain_PGW_V3_HPE38.mat,137.2943459,158.0381241,20.74377823,1.151089822,mm_per_hr
39,intensity,10,1,0,WRFrain_noPGW_HPE39.mat,WRFrain_PGW_V3_HPE39.mat,113.7355728,124.0836868,10.34811401,1.090983971,mm_per_hr
40,intensity,10,1,0,WRFrain_noPGW_HPE40.mat,WRFrain_PGW_V3_HPE40.mat,102.9966545,116.0706367,13.07398224,1.126935989,mm_per_hr
41,intensity,10,1,0,WRFrain_noPGW_HPE41.mat,WRFrain_PGW_V3_HPE41.mat,175.2252846,183.5288544,8.303569794,1.047387966,mm_per_hr
1,intensity,20,1,0,WRFrain_noPGW_HPE01.mat,WRFrain_PGW_V3_HPE01.mat,171.6858673,226.5615921,54.87572479,1.319628666,mm_per_hr
2,intensity,20,1,0,WRFrain_noPGW_HPE02.mat,WRFrain_PGW_V3_HPE02.mat,61.33666992,80.65204239,19.31537247,1.31490742,mm_per_hr
3,intensity,20,1,0,WRFrain_noPGW_HPE03.mat,WRFrain_PGW_V3_HPE03.mat,108.622879,118.792511,10.16963196,1.093623296,mm_per_hr
4,intensity,20,1,0,WRFrain_noPGW_HPE04.mat,WRFrain_PGW_V3_HPE04.mat,91.75672531,132.8814011,41.12467575,1.448192496,mm_per_hr
5,intensity,20,1,0,WRFrain_noPGW_HPE05.mat,WRFrain_PGW_V3_HPE05.mat,62.93851089,43.67372131,-19.26478958,0.693910941,mm_per_hr
6,intensity,20,1,0,WRFrain_noPGW_HPE06.mat,WRFrain_PGW_V3_HPE06.mat,89.11192131,31.7310555,-57.38086581,0.356080926,mm_per_hr
7,intensity,20,1,0,WRFrain_noPGW_HPE07.mat,WRFrain_PGW_V3_HPE07.mat,77.99743652,107.0510216,29.05358505,1.372494102,mm_per_hr
8,intensity,20,1,0,WRFrain_noPGW_HPE08.mat,WRFrain_PGW_V3_HPE08.mat,207.0357971,175.2230988,-31.81269836,0.846342039,mm_per_hr
9,intensity,20,1,0,WRFrain_noPGW_HPE09.mat,WRFrain_PGW_V3_HPE09.mat,149.8140106,176.5888824,26.77487183,1.178720747,mm_per_hr
10,intensity,20,1,0,WRFrain_noPGW_HPE10.mat,WRFrain_PGW_V3_HPE10.mat,74.67078781,102.9724274,28.30163956,1.379018896,mm_per_hr
11,intensity,20,1,0,WRFrain_noPGW_HPE11.mat,WRFrain_PGW_V3_HPE11.mat,95.43777466,101.1531372,5.715362549,1.059885748,mm_per_hr
12,intensity,20,1,0,WRFrain_noPGW_HPE12.mat,WRFrain_PGW_V3_HPE12.mat,86.32085609,95.34260559,9.021749496,1.104514134,mm_per_hr
13,intensity,20,1,0,WRFrain_noPGW_HPE13.mat,WRFrain_PGW_V3_HPE13.mat,142.3719521,99.77784348,-42.59410858,0.700825142,mm_per_hr
14,intensity,20,1,0,WRFrain_noPGW_HPE14.mat,WRFrain_PGW_V3_HPE14.mat,123.1028595,124.3865433,1.283683777,1.010427733,mm_per_hr
15,intensity,20,1,0,WRFrain_noPGW_HPE15.mat,WRFrain_PGW_V3_HPE15.mat,55.26718712,70.53208351,15.26489639,1.276201797,mm_per_hr
16,intensity,20,1,0,WRFrain_noPGW_HPE16.mat,WRFrain_PGW_V3_HPE16.mat,116.1996574,127.5390558,11.33939838,1.097585472,mm_per_hr
17,intensity,20,1,0,WRFrain_noPGW_HPE17.mat,WRFrain_PGW_V3_HPE17.mat,101.0737381,145.7969284,44.72319031,1.442480818,mm_per_hr
18,intensity,20,1,0,WRFrain_noPGW_HPE18.mat,WRFrain_PGW_V3_HPE18.mat,120.3657017,107.4087553,-12.95694637,0.892353501,mm_per_hr
19,intensity,20,1,0,WRFrain_noPGW_HPE19.mat,WRFrain_PGW_V3_HPE19.mat,105.9185371,118.1512985,12.23276138,1.115492167,mm_per_hr
20,intensity,20,1,0,WRFrain_noPGW_HPE20.mat,WRFrain_PGW_V3_HPE20.mat,67.11090088,45.7657299,-21.34517097,0.68194182,mm_per_hr
21,intensity,20,1,0,WRFrain_noPGW_HPE21.mat,WRFrain_PGW_V3_HPE21.mat,46.64517403,68.06815052,21.42297649,1.459275304,mm_per_hr
22,intensity,20,1,0,WRFrain_noPGW_HPE22.mat,WRFrain_PGW_V3_HPE22.mat,103.1104946,107.4304504,4.319955826,1.041896374,mm_per_hr
23,intensity,20,1,0,WRFrain_noPGW_HPE23.mat,WRFrain_PGW_V3_HPE23.mat,113.9165726,125.0188751,11.10230255,1.097459942,mm_per_hr
24,intensity,20,1,0,WRFrain_noPGW_HPE24.mat,WRFrain_PGW_V3_HPE24.mat,93.84347534,135.420433,41.5769577,1.443045801,mm_per_hr
25,intensity,20,1,0,WRFrain_noPGW_HPE25.mat,WRFrain_PGW_V3_HPE25.mat,62.68964767,87.96901703,25.27936935,1.403246314,mm_per_hr
26,intensity,20,1,0,WRFrain_noPGW_HPE26.mat,WRFrain_PGW_V3_HPE26.mat,67.56636143,85.39836502,17.83200359,1.263918364,mm_per_hr
27,intensity,20,1,0,WRFrain_noPGW_HPE27.mat,WRFrain_PGW_V3_HPE27.mat,90.65946579,141.1515141,50.49204826,1.556941824,mm_per_hr
28,intensity,20,1,0,WRFrain_noPGW_HPE28.mat,WRFrain_PGW_V3_HPE28.mat,89.12236404,133.0576344,43.93527031,1.49297694,mm_per_hr
29,intensity,20,1,0,WRFrain_noPGW_HPE29.mat,WRFrain_PGW_V3_HPE29.mat,118.4793549,119.9914742,1.512119293,1.012762724,mm_per_hr
30,intensity,20,1,0,WRFrain_noPGW_HPE30.mat,WRFrain_PGW_V3_HPE30.mat,109.5200958,129.1865387,19.66644287,1.179569263,mm_per_hr
31,intensity,20,1,0,WRFrain_noPGW_HPE31.mat,WRFrain_PGW_V3_HPE31.mat,109.3624077,145.979908,36.61750031,1.334827123,mm_per_hr
32,intensity,20,1,0,WRFrain_noPGW_HPE32.mat,WRFrain_PGW_V3_HPE32.mat,80.37382507,118.7071037,38.33327866,1.476937344,mm_per_hr
33,intensity,20,1,0,WRFrain_noPGW_HPE33.mat,WRFrain_PGW_V3_HPE33.mat,80.71609497,135.5034485,54.78735352,1.678766156,mm_per_hr
34,intensity,20,1,0,WRFrain_noPGW_HPE34.mat,WRFrain_PGW_V3_HPE34.mat,64.45051575,98.39928246,33.94876671,1.526741583,mm_per_hr
35,intensity,20,1,0,WRFrain_noPGW_HPE35.mat,WRFrain_PGW_V3_HPE35.mat,57.02965164,89.46893692,32.43928528,1.568814368,mm_per_hr
36,intensity,20,1,0,WRFrain_noPGW_HPE36.mat,WRFrain_PGW_V3_HPE36.mat,150.9210777,197.573925,46.65284729,1.30912082,mm_per_hr
37,intensity,20,1,0,WRFrain_noPGW_HPE37.mat,WRFrain_PGW_V3_HPE37.mat,84.58951092,84.73342896,0.143918037,1.00170137,mm_per_hr
38,intensity,20,1,0,WRFrain_noPGW_HPE38.mat,WRFrain_PGW_V3_HPE38.mat,107.6293716,106.912159,-0.717212677,0.993336274,mm_per_hr
39,intensity,20,1,0,WRFrain_noPGW_HPE39.mat,WRFrain_PGW_V3_HPE39.mat,85.72544003,94.64818954,8.922749519,1.104085199,mm_per_hr
40,intensity,20,1,0,WRFrain_noPGW_HPE40.mat,WRFrain_PGW_V3_HPE40.mat,75.19080734,91.22262955,16.0318222,1.213215189,mm_per_hr
41,intensity,20,1,0,WRFrain_noPGW_HPE41.mat,WRFrain_PGW_V3_HPE41.mat,134.6857224,156.7472076,22.06148529,1.163799732,mm_per_hr
1,intensity,30,1,0,WRFrain_noPGW_HPE01.mat,WRFrain_PGW_V3_HPE01.mat,143.2533264,175.1118622,31.85853577,1.222392991,mm_per_hr
2,intensity,30,1,0,WRFrain_noPGW_HPE02.mat,WRFrain_PGW_V3_HPE02.mat,53.50314331,71.31929588,17.81615257,1.332992633,mm_per_hr
3,intensity,30,1,0,WRFrain_noPGW_HPE03.mat,WRFrain_PGW_V3_HPE03.mat,98.99083328,106.5539627,7.563129425,1.076402321,mm_per_hr
4,intensity,30,1,0,WRFrain_noPGW_HPE04.mat,WRFrain_PGW_V3_HPE04.mat,77.17790985,110.0293579,32.85144806,1.425658691,mm_per_hr
5,intensity,30,1,0,WRFrain_noPGW_HPE05.mat,WRFrain_PGW_V3_HPE05.mat,55.8993187,35.82324791,-20.07607079,0.640853033,mm_per_hr
6,intensity,30,1,0,WRFrain_noPGW_HPE06.mat,WRFrain_PGW_V3_HPE06.mat,74.08896255,24.43151379,-49.65744877,0.329759156,mm_per_hr
7,intensity,30,1,0,WRFrain_noPGW_HPE07.mat,WRFrain_PGW_V3_HPE07.mat,74.77355957,86.88124084,12.10768127,1.161924634,mm_per_hr
8,intensity,30,1,0,WRFrain_noPGW_HPE08.mat,WRFrain_PGW_V3_HPE08.mat,161.7260742,157.0933685,-4.632705688,0.971354615,mm_per_hr
9,intensity,30,1,0,WRFrain_noPGW_HPE09.mat,WRFrain_PGW_V3_HPE09.mat,137.5231628,135.9007416,-1.622421265,0.98820256,mm_per_hr
10,intensity,30,1,0,WRFrain_noPGW_HPE10.mat,WRFrain_PGW_V3_HPE10.mat,59.00073242,80.74735069,21.74661827,1.368582175,mm_per_hr
11,intensity,30,1,0,WRFrain_noPGW_HPE11.mat,WRFrain_PGW_V3_HPE11.mat,86.5302124,88.86798096,2.337768555,1.02701679,mm_per_hr
12,intensity,30,1,0,WRFrain_noPGW_HPE12.mat,WRFrain_PGW_V3_HPE12.mat,76.81339264,85.99798584,9.184593201,1.119570206,mm_per_hr
13,intensity,30,1,0,WRFrain_noPGW_HPE13.mat,WRFrain_PGW_V3_HPE13.mat,102.0122528,88.31919098,-13.69306183,0.86577042,mm_per_hr
14,intensity,30,1,0,WRFrain_noPGW_HPE14.mat,WRFrain_PGW_V3_HPE14.mat,97.92471313,98.99969482,1.074981689,1.010977634,mm_per_hr
15,intensity,30,1,0,WRFrain_noPGW_HPE15.mat,WRFrain_PGW_V3_HPE15.mat,45.18177032,59.43990326,14.25813293,1.315572693,mm_per_hr
16,intensity,30,1,0,WRFrain_noPGW_HPE16.mat,WRFrain_PGW_V3_HPE16.mat,100.8282623,104.1692505,3.340988159,1.033135433,mm_per_hr
17,intensity,30,1,0,WRFrain_noPGW_HPE17.mat,WRFrain_PGW_V3_HPE17.mat,89.69810486,130.4342651,40.73616028,1.454147391,mm_per_hr
18,intensity,30,1,0,WRFrain_noPGW_HPE18.mat,WRFrain_PGW_V3_HPE18.mat,107.7093773,100.3008308,-7.408546448,0.931217257,mm_per_hr
19,intensity,30,1,0,WRFrain_noPGW_HPE19.mat,WRFrain_PGW_V3_HPE19.mat,86.30258179,104.32444,18.02185822,1.208821774,mm_per_hr
20,intensity,30,1,0,WRFrain_noPGW_HPE20.mat,WRFrain_PGW_V3_HPE20.mat,54.3079834,40.0190239,-14.2889595,0.736890258,mm_per_hr
21,intensity,30,1,0,WRFrain_noPGW_HPE21.mat,WRFrain_PGW_V3_HPE21.mat,40.04372215,56.22409344,16.18037128,1.404067614,mm_per_hr
22,intensity,30,1,0,WRFrain_noPGW_HPE22.mat,WRFrain_PGW_V3_HPE22.mat,82.40052414,104.2419624,21.84143829,1.265064313,mm_per_hr
23,intensity,30,1,0,WRFrain_noPGW_HPE23.mat,WRFrain_PGW_V3_HPE23.mat,90.50227356,107.2198105,16.71753693,1.184719524,mm_per_hr
24,intensity,30,1,0,WRFrain_noPGW_HPE24.mat,WRFrain_PGW_V3_HPE24.mat,81.19509888,122.5820007,41.38690186,1.509721676,mm_per_hr
25,intensity,30,1,0,WRFrain_noPGW_HPE25.mat,WRFrain_PGW_V3_HPE25.mat,55.23656464,65.73100281,10.49443817,1.189990783,mm_per_hr
26,intensity,30,1,0,WRFrain_noPGW_HPE26.mat,WRFrain_PGW_V3_HPE26.mat,63.05966949,75.19539642,12.13572693,1.192448312,mm_per_hr
27,intensity,30,1,0,WRFrain_noPGW_HPE27.mat,WRFrain_PGW_V3_HPE27.mat,72.18028259,119.0755005,46.8952179,1.649695682,mm_per_hr
28,intensity,30,1,0,WRFrain_noPGW_HPE28.mat,WRFrain_PGW_V3_HPE28.mat,76.05516052,102.8179054,26.7627449,1.351885983,mm_per_hr
29,intensity,30,1,0,WRFrain_noPGW_HPE29.mat,WRFrain_PGW_V3_HPE29.mat,104.4278755,107.6661148,3.238239288,1.031009338,mm_per_hr
30,intensity,30,1,0,WRFrain_noPGW_HPE30.mat,WRFrain_PGW_V3_HPE30.mat,105.7951508,100.4667969,-5.328353882,0.949635179,mm_per_hr
31,intensity,30,1,0,WRFrain_noPGW_HPE31.mat,WRFrain_PGW_V3_HPE31.mat,95.96351624,136.3248215,40.36130524,1.420590104,mm_per_hr
32,intensity,30,1,0,WRFrain_noPGW_HPE32.mat,WRFrain_PGW_V3_HPE32.mat,69.44589233,92.09371948,22.64782715,1.326121911,mm_per_hr
33,intensity,30,1,0,WRFrain_noPGW_HPE33.mat,WRFrain_PGW_V3_HPE33.mat,66.42205811,107.6373444,41.21528625,1.62050601,mm_per_hr
34,intensity,30,1,0,WRFrain_noPGW_HPE34.mat,WRFrain_PGW_V3_HPE34.mat,53.30118561,75.15398407,21.85279846,1.409987099,mm_per_hr
35,intensity,30,1,0,WRFrain_noPGW_HPE35.mat,WRFrain_PGW_V3_HPE35.mat,46.44095898,84.55353546,38.11257648,1.820667302,mm_per_hr
36,intensity,30,1,0,WRFrain_noPGW_HPE36.mat,WRFrain_PGW_V3_HPE36.mat,137.4592819,180.3130188,42.85373688,1.311755862,mm_per_hr
37,intensity,30,1,0,WRFrain_noPGW_HPE37.mat,WRFrain_PGW_V3_HPE37.mat,64.44042683,72.72987366,8.289446831,1.128637367,mm_per_hr
38,intensity,30,1,0,WRFrain_noPGW_HPE38.mat,WRFrain_PGW_V3_HPE38.mat,99.30017853,86.72119904,-12.57897949,0.873323697,mm_per_hr
39,intensity,30,1,0,WRFrain_noPGW_HPE39.mat,WRFrain_PGW_V3_HPE39.mat,76.30845642,79.55219841,3.243741989,1.04250829,mm_per_hr
40,intensity,30,1,0,WRFrain_noPGW_HPE40.mat,WRFrain_PGW_V3_HPE40.mat,57.73198318,78.67913246,20.94714928,1.362834396,mm_per_hr
41,intensity,30,1,0,WRFrain_noPGW_HPE41.mat,WRFrain_PGW_V3_HPE41.mat,123.8568802,154.1073761,30.25049591,1.244237509,mm_per_hr
1,intensity,60,1,0,WRFrain_noPGW_HPE01.mat,WRFrain_PGW_V3_HPE01.mat,80.9707346,122.2364368,41.26570225,1.509637247,mm_per_hr
2,intensity,60,1,0,WRFrain_noPGW_HPE02.mat,WRFrain_PGW_V3_HPE02.mat,42.73436356,45.46452141,2.730157852,1.063886709,mm_per_hr
3,intensity,60,1,0,WRFrain_noPGW_HPE03.mat,WRFrain_PGW_V3_HPE03.mat,72.27891159,74.33693886,2.058027267,1.028473413,mm_per_hr
4,intensity,60,1,0,WRFrain_noPGW_HPE04.mat,WRFrain_PGW_V3_HPE04.mat,54.41804504,87.21614838,32.79810333,1.602706387,mm_per_hr
5,intensity,60,1,0,WRFrain_noPGW_HPE05.mat,WRFrain_PGW_V3_HPE05.mat,35.97702789,24.44690108,-11.53012681,0.679514193,mm_per_hr
6,intensity,60,1,0,WRFrain_noPGW_HPE06.mat,WRFrain_PGW_V3_HPE06.mat,55.13303947,15.32081395,-39.81222552,0.27788807,mm_per_hr
7,intensity,60,1,0,WRFrain_noPGW_HPE07.mat,WRFrain_PGW_V3_HPE07.mat,66.96060944,71.33515167,4.374542236,1.065330084,mm_per_hr
8,intensity,60,1,0,WRFrain_noPGW_HPE08.mat,WRFrain_PGW_V3_HPE08.mat,100.4147034,108.3710289,7.956325531,1.079234666,mm_per_hr
9,intensity,60,1,0,WRFrain_noPGW_HPE09.mat,WRFrain_PGW_V3_HPE09.mat,90.49925995,92.35180664,1.852546692,1.020470297,mm_per_hr
10,intensity,60,1,0,WRFrain_noPGW_HPE10.mat,WRFrain_PGW_V3_HPE10.mat,41.20207024,59.22503853,18.02296829,1.437428707,mm_per_hr
11,intensity,60,1,0,WRFrain_noPGW_HPE11.mat,WRFrain_PGW_V3_HPE11.mat,68.54426193,75.4883728,6.94411087,1.10130842,mm_per_hr
12,intensity,60,1,0,WRFrain_noPGW_HPE12.mat,WRFrain_PGW_V3_HPE12.mat,47.48392344,56.55560303,9.071679592,1.191047389,mm_per_hr
13,intensity,60,1,0,WRFrain_noPGW_HPE13.mat,WRFrain_PGW_V3_HPE13.mat,69.76630592,62.59137726,-7.174928665,0.897157681,mm_per_hr
14,intensity,60,1,0,WRFrain_noPGW_HPE14.mat,WRFrain_PGW_V3_HPE14.mat,72.64471436,64.03298569,-8.611728668,0.88145416,mm_per_hr
15,intensity,60,1,0,WRFrain_noPGW_HPE15.mat,WRFrain_PGW_V3_HPE15.mat,28.73384881,39.20958805,10.47573924,1.364578352,mm_per_hr
16,intensity,60,1,0,WRFrain_noPGW_HPE16.mat,WRFrain_PGW_V3_HPE16.mat,70.57782555,65.06039429,-5.517431259,0.921824862,mm_per_hr
17,intensity,60,1,0,WRFrain_noPGW_HPE17.mat,WRFrain_PGW_V3_HPE17.mat,63.03172302,87.62515259,24.59342957,1.390175429,mm_per_hr
18,intensity,60,1,0,WRFrain_noPGW_HPE18.mat,WRFrain_PGW_V3_HPE18.mat,79.08620834,80.57706451,1.490856171,1.018851026,mm_per_hr
19,intensity,60,1,0,WRFrain_noPGW_HPE19.mat,WRFrain_PGW_V3_HPE19.mat,43.47047853,58.54930496,15.07882643,1.346875096,mm_per_hr
20,intensity,60,1,0,WRFrain_noPGW_HPE20.mat,WRFrain_PGW_V3_HPE20.mat,31.89251697,22.81513,-9.077386975,0.715375648,mm_per_hr
21,intensity,60,1,0,WRFrain_noPGW_HPE21.mat,WRFrain_PGW_V3_HPE21.mat,28.66312456,39.44277024,10.77964568,1.376080621,mm_per_hr
22,intensity,60,1,0,WRFrain_noPGW_HPE22.mat,WRFrain_PGW_V3_HPE22.mat,53.58618927,73.44814301,19.86195374,1.370654342,mm_per_hr
23,intensity,60,1,0,WRFrain_noPGW_HPE23.mat,WRFrain_PGW_V3_HPE23.mat,75.03225136,84.07590866,9.043657303,1.120530267,mm_per_hr
24,intensity,60,1,0,WRFrain_noPGW_HPE24.mat,WRFrain_PGW_V3_HPE24.mat,72.60944366,89.75820923,17.14876556,1.23617817,mm_per_hr
25,intensity,60,1,0,WRFrain_noPGW_HPE25.mat,WRFrain_PGW_V3_HPE25.mat,49.90669823,47.1442318,-2.762466431,0.944647381,mm_per_hr
26,intensity,60,1,0,WRFrain_noPGW_HPE26.mat,WRFrain_PGW_V3_HPE26.mat,45.49245691,65.13565826,19.64320135,1.431790294,mm_per_hr
27,intensity,60,1,0,WRFrain_noPGW_HPE27.mat,WRFrain_PGW_V3_HPE27.mat,51.6999054,83.50528908,31.80538368,1.615192299,mm_per_hr
28,intensity,60,1,0,WRFrain_noPGW_HPE28.mat,WRFrain_PGW_V3_HPE28.mat,57.03422928,65.51555634,8.481327057,1.148705912,mm_per_hr
29,intensity,60,1,0,WRFrain_noPGW_HPE29.mat,WRFrain_PGW_V3_HPE29.mat,77.29326534,77.13072586,-0.162539482,0.997897107,mm_per_hr
30,intensity,60,1,0,WRFrain_noPGW_HPE30.mat,WRFrain_PGW_V3_HPE30.mat,65.70716858,75.07675171,9.36958313,1.142596057,mm_per_hr
31,intensity,60,1,0,WRFrain_noPGW_HPE31.mat,WRFrain_PGW_V3_HPE31.mat,75.65216446,120.3400764,44.68791199,1.590702359,mm_per_hr
32,intensity,60,1,0,WRFrain_noPGW_HPE32.mat,WRFrain_PGW_V3_HPE32.mat,56.09598923,73.0240078,16.92801857,1.301768786,mm_per_hr
33,intensity,60,1,0,WRFrain_noPGW_HPE33.mat,WRFrain_PGW_V3_HPE33.mat,48.34694004,70.07624054,21.7293005,1.449445208,mm_per_hr
34,intensity,60,1,0,WRFrain_noPGW_HPE34.mat,WRFrain_PGW_V3_HPE34.mat,40.12577057,63.74512863,23.61935806,1.588633133,mm_per_hr
35,intensity,60,1,0,WRFrain_noPGW_HPE35.mat,WRFrain_PGW_V3_HPE35.mat,39.21628571,64.36925125,25.15296555,1.641390817,mm_per_hr
36,intensity,60,1,0,WRFrain_noPGW_HPE36.mat,WRFrain_PGW_V3_HPE36.mat,107.4381294,155.1104069,47.67227745,1.443718424,mm_per_hr
37,intensity,60,1,0,WRFrain_noPGW_HPE37.mat,WRFrain_PGW_V3_HPE37.mat,38.38566446,62.30033016,23.9146657,1.623010336,mm_per_hr
38,intensity,60,1,0,WRFrain_noPGW_HPE38.mat,WRFrain_PGW_V3_HPE38.mat,71.14832306,68.99559975,-2.152723312,0.969743162,mm_per_hr
39,intensity,60,1,0,WRFrain_noPGW_HPE39.mat,WRFrain_PGW_V3_HPE39.mat,54.90919876,63.78678226,8.877583504,1.161677528,mm_per_hr
40,intensity,60,1,0,WRFrain_noPGW_HPE40.mat,WRFrain_PGW_V3_HPE40.mat,47.64774108,57.21143913,9.563698053,1.200716715,mm_per_hr
41,intensity,60,1,0,WRFrain_noPGW_HPE41.mat,WRFrain_PGW_V3_HPE41.mat,84.44239235,119.6697731,35.22738075,1.417176489,mm_per_hr
1,intensity,120,1,0,WRFrain_noPGW_HPE01.mat,WRFrain_PGW_V3_HPE01.mat,49.8501091,89.02976799,39.17965889,1.785949311,mm_per_hr
2,intensity,120,1,0,WRFrain_noPGW_HPE02.mat,WRFrain_PGW_V3_HPE02.mat,35.14066505,34.78455639,-0.356108665,0.989866194,mm_per_hr
3,intensity,120,1,0,WRFrain_noPGW_HPE03.mat,WRFrain_PGW_V3_HPE03.mat,37.66394424,47.12808228,9.464138031,1.251278463,mm_per_hr
4,intensity,120,1,0,WRFrain_noPGW_HPE04.mat,WRFrain_PGW_V3_HPE04.mat,49.97921753,77.59470749,27.61548996,1.552539462,mm_per_hr
5,intensity,120,1,0,WRFrain_noPGW_HPE05.mat,WRFrain_PGW_V3_HPE05.mat,20.95014369,12.36936977,-8.580773924,0.590419328,mm_per_hr
6,intensity,120,1,0,WRFrain_noPGW_HPE06.mat,WRFrain_PGW_V3_HPE06.mat,43.62503719,7.704471128,-35.92056607,0.176606637,mm_per_hr
7,intensity,120,1,0,WRFrain_noPGW_HPE07.mat,WRFrain_PGW_V3_HPE07.mat,48.5801692,52.9394989,4.3593297,1.089734757,mm_per_hr
8,intensity,120,1,0,WRFrain_noPGW_HPE08.mat,WRFrain_PGW_V3_HPE08.mat,70.5042901,56.42163204,-14.08265806,0.80025814,mm_per_hr
9,intensity,120,1,0,WRFrain_noPGW_HPE09.mat,WRFrain_PGW_V3_HPE09.mat,59.53430176,64.63877106,5.104469299,1.085739971,mm_per_hr
10,intensity,120,1,0,WRFrain_noPGW_HPE10.mat,WRFrain_PGW_V3_HPE10.mat,25.24155807,39.11721355,13.87565547,1.549714698,mm_per_hr
11,intensity,120,1,0,WRFrain_noPGW_HPE11.mat,WRFrain_PGW_V3_HPE11.mat,47.93976402,67.44302368,19.50325966,1.406828445,mm_per_hr
12,intensity,120,1,0,WRFrain_noPGW_HPE12.mat,WRFrain_PGW_V3_HPE12.mat,28.04507789,33.6517067,5.606628805,1.199914895,mm_per_hr
13,intensity,120,1,0,WRFrain_noPGW_HPE13.mat,WRFrain_PGW_V3_HPE13.mat,35.10696125,43.1051693,7.998208046,1.227823992,mm_per_hr
14,intensity,120,1,0,WRFrain_noPGW_HPE14.mat,WRFrain_PGW_V3_HPE14.mat,51.52149582,57.31635761,5.794861794,1.112474642,mm_per_hr
15,intensity,120,1,0,WRFrain_noPGW_HPE15.mat,WRFrain_PGW_V3_HPE15.mat,15.99710387,23.79370975,7.796605885,1.487376087,mm_per_hr
16,intensity,120,1,0,WRFrain_noPGW_HPE16.mat,WRFrain_PGW_V3_HPE16.mat,39.32319283,51.12642384,11.803231,1.300159528,mm_per_hr
17,intensity,120,1,0,WRFrain_noPGW_HPE17.mat,WRFrain_PGW_V3_HPE17.mat,44.19009972,50.78636885,6.596269131,1.149270293,mm_per_hr
18,intensity,120,1,0,WRFrain_noPGW_HPE18.mat,WRFrain_PGW_V3_HPE18.mat,40.98896599,50.10729599,9.118330002,1.222458161,mm_per_hr
19,intensity,120,1,0,WRFrain_noPGW_HPE19.mat,WRFrain_PGW_V3_HPE19.mat,28.33113766,31.43200731,3.100869656,1.10945094,mm_per_hr
20,intensity,120,1,0,WRFrain_noPGW_HPE20.mat,WRFrain_PGW_V3_HPE20.mat,17.26310879,13.25025909,-4.012849703,0.767547679,mm_per_hr
21,intensity,120,1,0,WRFrain_noPGW_HPE21.mat,WRFrain_PGW_V3_HPE21.mat,17.09193276,20.16258936,3.070656606,1.179655317,mm_per_hr
22,intensity,120,1,0,WRFrain_noPGW_HPE22.mat,WRFrain_PGW_V3_HPE22.mat,34.22899628,43.36708212,9.138085842,1.266969144,mm_per_hr
23,intensity,120,1,0,WRFrain_noPGW_HPE23.mat,WRFrain_PGW_V3_HPE23.mat,41.55209208,64.67431831,23.12222624,1.556463588,mm_per_hr
24,intensity,120,1,0,WRFrain_noPGW_HPE24.mat,WRFrain_PGW_V3_HPE24.mat,43.08123398,63.1485672,20.06733322,1.465802192,mm_per_hr
25,intensity,120,1,0,WRFrain_noPGW_HPE25.mat,WRFrain_PGW_V3_HPE25.mat,28.40197659,30.67610371,2.274127126,1.080069326,mm_per_hr
26,intensity,120,1,0,WRFrain_noPGW_HPE26.mat,WRFrain_PGW_V3_HPE26.mat,25.94356394,40.74625778,14.80269384,1.570572874,mm_per_hr
27,intensity,120,1,0,WRFrain_noPGW_HPE27.mat,WRFrain_PGW_V3_HPE27.mat,33.98823166,48.8678093,14.87957764,1.437786166,mm_per_hr
28,intensity,120,1,0,WRFrain_noPGW_HPE28.mat,WRFrain_PGW_V3_HPE28.mat,34.87800407,40.1086874,5.230683327,1.149970833,mm_per_hr
29,intensity,120,1,0,WRFrain_noPGW_HPE29.mat,WRFrain_PGW_V3_HPE29.mat,45.80381894,43.39475346,-2.409065485,0.947404702,mm_per_hr
30,intensity,120,1,0,WRFrain_noPGW_HPE30.mat,WRFrain_PGW_V3_HPE30.mat,34.61212921,50.38669205,15.77456284,1.455752454,mm_per_hr
31,intensity,120,1,0,WRFrain_noPGW_HPE31.mat,WRFrain_PGW_V3_HPE31.mat,52.16473007,71.41184473,19.24711466,1.368967972,mm_per_hr
32,intensity,120,1,0,WRFrain_noPGW_HPE32.mat,WRFrain_PGW_V3_HPE32.mat,44.30827332,47.50627184,3.197998524,1.072176104,mm_per_hr
33,intensity,120,1,0,WRFrain_noPGW_HPE33.mat,WRFrain_PGW_V3_HPE33.mat,34.66730928,53.70874023,19.04143095,1.549261865,mm_per_hr
34,intensity,120,1,0,WRFrain_noPGW_HPE34.mat,WRFrain_PGW_V3_HPE34.mat,30.82234669,34.4208889,3.598542213,1.116751078,mm_per_hr
35,intensity,120,1,0,WRFrain_noPGW_HPE35.mat,WRFrain_PGW_V3_HPE35.mat,22.13100433,38.203228,16.07222366,1.726231102,mm_per_hr
36,intensity,120,1,0,WRFrain_noPGW_HPE36.mat,WRFrain_PGW_V3_HPE36.mat,72.70993805,86.05876637,13.34882832,1.183590148,mm_per_hr
37,intensity,120,1,0,WRFrain_noPGW_HPE37.mat,WRFrain_PGW_V3_HPE37.mat,22.96772384,32.2787919,9.311068065,1.405397946,mm_per_hr
38,intensity,120,1,0,WRFrain_noPGW_HPE38.mat,WRFrain_PGW_V3_HPE38.mat,40.78440952,40.90262413,0.118214607,1.002898524,mm_per_hr
39,intensity,120,1,0,WRFrain_noPGW_HPE39.mat,WRFrain_PGW_V3_HPE39.mat,31.8951354,33.59396195,1.698826551,1.053262873,mm_per_hr
40,intensity,120,1,0,WRFrain_noPGW_HPE40.mat,WRFrain_PGW_V3_HPE40.mat,32.6699729,32.16618127,-0.50379163,0.984579368,mm_per_hr
41,intensity,120,1,0,WRFrain_noPGW_HPE41.mat,WRFrain_PGW_V3_HPE41.mat,53.79478645,68.33140397,14.53661752,1.270223538,mm_per_hr
1,intensity,240,1,0,WRFrain_noPGW_HPE01.mat,WRFrain_PGW_V3_HPE01.mat,32.21016884,46.24709904,14.0369302,1.435791885,mm_per_hr
2,intensity,240,1,0,WRFrain_noPGW_HPE02.mat,WRFrain_PGW_V3_HPE02.mat,25.51192284,24.4548645,-1.057058334,0.958566105,mm_per_hr
3,intensity,240,1,0,WRFrain_noPGW_HPE03.mat,WRFrain_PGW_V3_HPE03.mat,25.7269783,33.71949196,7.992513657,1.31066663,mm_per_hr
4,intensity,240,1,0,WRFrain_noPGW_HPE04.mat,WRFrain_PGW_V3_HPE04.mat,37.98103142,44.87269592,6.891664505,1.181450167,mm_per_hr
5,intensity,240,1,0,WRFrain_noPGW_HPE05.mat,WRFrain_PGW_V3_HPE05.mat,10.79377556,6.935724959,-3.858050597,0.642567091,mm_per_hr
6,intensity,240,1,0,WRFrain_noPGW_HPE06.mat,WRFrain_PGW_V3_HPE06.mat,26.93965209,3.852661168,-23.08699092,0.143010799,mm_per_hr
7,intensity,240,1,0,WRFrain_noPGW_HPE07.mat,WRFrain_PGW_V3_HPE07.mat,25.52502203,39.4051218,13.88009977,1.543784047,mm_per_hr
8,intensity,240,1,0,WRFrain_noPGW_HPE08.mat,WRFrain_PGW_V3_HPE08.mat,39.8900547,30.35722971,-9.532824993,0.761022514,mm_per_hr
9,intensity,240,1,0,WRFrain_noPGW_HPE09.mat,WRFrain_PGW_V3_HPE09.mat,39.63756466,43.60317135,3.965606689,1.100046679,mm_per_hr
10,intensity,240,1,0,WRFrain_noPGW_HPE10.mat,WRFrain_PGW_V3_HPE10.mat,19.66926289,22.31372637,2.64446348,1.134446496,mm_per_hr
11,intensity,240,1,0,WRFrain_noPGW_HPE11.mat,WRFrain_PGW_V3_HPE11.mat,26.78913689,44.86886692,18.07973003,1.674890352,mm_per_hr
12,intensity,240,1,0,WRFrain_noPGW_HPE12.mat,WRFrain_PGW_V3_HPE12.mat,15.59367275,19.78991652,4.196243763,1.269099129,mm_per_hr
13,intensity,240,1,0,WRFrain_noPGW_HPE13.mat,WRFrain_PGW_V3_HPE13.mat,23.4242754,23.64053583,0.216260433,1.009232321,mm_per_hr
14,intensity,240,1,0,WRFrain_noPGW_HPE14.mat,WRFrain_PGW_V3_HPE14.mat,31.88071752,36.35705209,4.476334572,1.14040884,mm_per_hr
15,intensity,240,1,0,WRFrain_noPGW_HPE15.mat,WRFrain_PGW_V3_HPE15.mat,12.81301785,16.08640289,3.273385048,1.255473386,mm_per_hr
16,intensity,240,1,0,WRFrain_noPGW_HPE16.mat,WRFrain_PGW_V3_HPE16.mat,20.49029124,28.7759769,8.285685658,1.404371298,mm_per_hr
17,intensity,240,1,0,WRFrain_noPGW_HPE17.mat,WRFrain_PGW_V3_HPE17.mat,28.54049778,28.81862235,0.278124571,1.00974491,mm_per_hr
18,intensity,240,1,0,WRFrain_noPGW_HPE18.mat,WRFrain_PGW_V3_HPE18.mat,20.88957641,27.40451527,6.514938861,1.311875106,mm_per_hr
19,intensity,240,1,0,WRFrain_noPGW_HPE19.mat,WRFrain_PGW_V3_HPE19.mat,15.08272886,16.17259073,1.08986187,1.072258931,mm_per_hr
20,intensity,240,1,0,WRFrain_noPGW_HPE20.mat,WRFrain_PGW_V3_HPE20.mat,8.71888974,6.768112049,-1.950777691,0.776258474,mm_per_hr
21,intensity,240,1,0,WRFrain_noPGW_HPE21.mat,WRFrain_PGW_V3_HPE21.mat,8.583058538,10.08201617,1.498957636,1.174641432,mm_per_hr
22,intensity,240,1,0,WRFrain_noPGW_HPE22.mat,WRFrain_PGW_V3_HPE22.mat,20.39173508,25.44069466,5.048959583,1.247598332,mm_per_hr
23,intensity,240,1,0,WRFrain_noPGW_HPE23.mat,WRFrain_PGW_V3_HPE23.mat,20.92339194,44.28909695,23.36570501,2.116726441,mm_per_hr
24,intensity,240,1,0,WRFrain_noPGW_HPE24.mat,WRFrain_PGW_V3_HPE24.mat,21.7811718,36.14712334,14.36595154,1.659558249,mm_per_hr
25,intensity,240,1,0,WRFrain_noPGW_HPE25.mat,WRFrain_PGW_V3_HPE25.mat,14.41524649,16.69147766,2.27623117,1.157904422,mm_per_hr
26,intensity,240,1,0,WRFrain_noPGW_HPE26.mat,WRFrain_PGW_V3_HPE26.mat,15.09064358,20.70946074,5.618817151,1.372337808,mm_per_hr
27,intensity,240,1,0,WRFrain_noPGW_HPE27.mat,WRFrain_PGW_V3_HPE27.mat,22.00193501,28.44725037,6.445315361,1.292943114,mm_per_hr
28,intensity,240,1,0,WRFrain_noPGW_HPE28.mat,WRFrain_PGW_V3_HPE28.mat,19.20411015,20.7955966,1.591486454,1.082872179,mm_per_hr
29,intensity,240,1,0,WRFrain_noPGW_HPE29.mat,WRFrain_PGW_V3_HPE29.mat,29.566342,22.26961279,-7.296729207,0.753208253,mm_per_hr
30,intensity,240,1,0,WRFrain_noPGW_HPE30.mat,WRFrain_PGW_V3_HPE30.mat,19.86127281,33.09789085,13.23661804,1.666453664,mm_per_hr
31,intensity,240,1,0,WRFrain_noPGW_HPE31.mat,WRFrain_PGW_V3_HPE31.mat,36.19243407,38.16168594,1.969251871,1.054410595,mm_per_hr
32,intensity,240,1,0,WRFrain_noPGW_HPE32.mat,WRFrain_PGW_V3_HPE32.mat,25.83501053,31.57698059,5.741970062,1.222255379,mm_per_hr
33,intensity,240,1,0,WRFrain_noPGW_HPE33.mat,WRFrain_PGW_V3_HPE33.mat,20.26642054,34.25801706,13.99159652,1.690383212,mm_per_hr
34,intensity,240,1,0,WRFrain_noPGW_HPE34.mat,WRFrain_PGW_V3_HPE34.mat,17.74650812,19.83085823,2.084350109,1.117451281,mm_per_hr
35,intensity,240,1,0,WRFrain_noPGW_HPE35.mat,WRFrain_PGW_V3_HPE35.mat,16.14300156,19.37156487,3.228563309,1.199997708,mm_per_hr
36,intensity,240,1,0,WRFrain_noPGW_HPE36.mat,WRFrain_PGW_V3_HPE36.mat,46.91027582,46.5375104,-0.372765422,0.992053651,mm_per_hr
37,intensity,240,1,0,WRFrain_noPGW_HPE37.mat,WRFrain_PGW_V3_HPE37.mat,12.7603265,16.43704095,3.676714443,1.288136392,mm_per_hr
38,intensity,240,1,0,WRFrain_noPGW_HPE38.mat,WRFrain_PGW_V3_HPE38.mat,26.55422902,20.45976043,-6.094468594,0.770489718,mm_per_hr
39,intensity,240,1,0,WRFrain_noPGW_HPE39.mat,WRFrain_PGW_V3_HPE39.mat,19.5577476,20.58363411,1.025886506,1.052454226,mm_per_hr
40,intensity,240,1,0,WRFrain_noPGW_HPE40.mat,WRFrain_PGW_V3_HPE40.mat,21.0344528,17.92609096,-3.10836184,0.85222521,mm_per_hr
41,intensity,240,1,0,WRFrain_noPGW_HPE41.mat,WRFrain_PGW_V3_HPE41.mat,31.3111127,40.63801205,9.32689935,1.297878247,mm_per_hr
1,intensity,360,1,0,WRFrain_noPGW_HPE01.mat,WRFrain_PGW_V3_HPE01.mat,23.71144835,30.83213808,7.12068973,1.30030598,mm_per_hr
2,intensity,360,1,0,WRFrain_noPGW_HPE02.mat,WRFrain_PGW_V3_HPE02.mat,19.29758008,17.68792089,-1.609659195,0.916587511,mm_per_hr
3,intensity,360,1,0,WRFrain_noPGW_HPE03.mat,WRFrain_PGW_V3_HPE03.mat,22.95060984,27.56647619,4.615866343,1.201121729,mm_per_hr
4,intensity,360,1,0,WRFrain_noPGW_HPE04.mat,WRFrain_PGW_V3_HPE04.mat,25.55247625,32.68951416,7.137037913,1.279309052,mm_per_hr
5,intensity,360,1,0,WRFrain_noPGW_HPE05.mat,WRFrain_PGW_V3_HPE05.mat,7.212043124,5.337370237,-1.874672887,0.74006355,mm_per_hr
6,intensity,360,1,0,WRFrain_noPGW_HPE06.mat,WRFrain_PGW_V3_HPE06.mat,19.28214598,2.75898691,-16.52315907,0.143085055,mm_per_hr
7,intensity,360,1,0,WRFrain_noPGW_HPE07.mat,WRFrain_PGW_V3_HPE07.mat,17.06151811,28.6383659,11.57684779,1.678535621,mm_per_hr
8,intensity,360,1,0,WRFrain_noPGW_HPE08.mat,WRFrain_PGW_V3_HPE08.mat,27.38605626,20.23823166,-7.147824605,0.738997666,mm_per_hr
9,intensity,360,1,0,WRFrain_noPGW_HPE09.mat,WRFrain_PGW_V3_HPE09.mat,27.26001104,33.74451955,6.484508514,1.237876225,mm_per_hr
10,intensity,360,1,0,WRFrain_noPGW_HPE10.mat,WRFrain_PGW_V3_HPE10.mat,14.26341947,15.03270209,0.769282619,1.053933955,mm_per_hr
11,intensity,360,1,0,WRFrain_noPGW_HPE11.mat,WRFrain_PGW_V3_HPE11.mat,18.25831604,33.56885211,15.31053607,1.838551378,mm_per_hr
12,intensity,360,1,0,WRFrain_noPGW_HPE12.mat,WRFrain_PGW_V3_HPE12.mat,12.02460734,14.80764866,2.783041318,1.231445505,mm_per_hr
13,intensity,360,1,0,WRFrain_noPGW_HPE13.mat,WRFrain_PGW_V3_HPE13.mat,18.84205421,16.05451759,-2.787536621,0.852057711,mm_per_hr
14,intensity,360,1,0,WRFrain_noPGW_HPE14.mat,WRFrain_PGW_V3_HPE14.mat,24.10873967,24.99492008,0.886180406,1.036757641,mm_per_hr
15,intensity,360,1,0,WRFrain_noPGW_HPE15.mat,WRFrain_PGW_V3_HPE15.mat,10.88363775,13.25505829,2.371420542,1.217888595,mm_per_hr
16,intensity,360,1,0,WRFrain_noPGW_HPE16.mat,WRFrain_PGW_V3_HPE16.mat,13.75078909,19.2295181,5.47872901,1.398430154,mm_per_hr
17,intensity,360,1,0,WRFrain_noPGW_HPE17.mat,WRFrain_PGW_V3_HPE17.mat,19.66136614,20.50673914,0.845372995,1.042996656,mm_per_hr
18,intensity,360,1,0,WRFrain_noPGW_HPE18.mat,WRFrain_PGW_V3_HPE18.mat,13.92965092,21.9034423,7.973791381,1.572432965,mm_per_hr
19,intensity,360,1,0,WRFrain_noPGW_HPE19.mat,WRFrain_PGW_V3_HPE19.mat,10.10514752,12.20030626,2.095158736,1.207335789,mm_per_hr
20,intensity,360,1,0,WRFrain_noPGW_HPE20.mat,WRFrain_PGW_V3_HPE20.mat,5.812621134,4.512793501,-1.299827633,0.776378401,mm_per_hr
21,intensity,360,1,0,WRFrain_noPGW_HPE21.mat,WRFrain_PGW_V3_HPE21.mat,5.722709892,6.721344116,0.998634224,1.17450373,mm_per_hr
22,intensity,360,1,0,WRFrain_noPGW_HPE22.mat,WRFrain_PGW_V3_HPE22.mat,18.35015233,23.02914166,4.678989331,1.254983678,mm_per_hr
23,intensity,360,1,0,WRFrain_noPGW_HPE23.mat,WRFrain_PGW_V3_HPE23.mat,13.9629941,34.23705204,20.27405794,2.451984997,mm_per_hr
24,intensity,360,1,0,WRFrain_noPGW_HPE24.mat,WRFrain_PGW_V3_HPE24.mat,15.07652283,24.17095566,9.094432831,1.603218191,mm_per_hr
25,intensity,360,1,0,WRFrain_noPGW_HPE25.mat,WRFrain_PGW_V3_HPE25.mat,9.743510882,13.48004842,3.736537536,1.383489851,mm_per_hr
26,intensity,360,1,0,WRFrain_noPGW_HPE26.mat,WRFrain_PGW_V3_HPE26.mat,10.24890427,14.19505374,3.946149468,1.385031352,mm_per_hr
27,intensity,360,1,0,WRFrain_noPGW_HPE27.mat,WRFrain_PGW_V3_HPE27.mat,15.63900693,24.17888355,8.53987662,1.546062589,mm_per_hr
28,intensity,360,1,0,WRFrain_noPGW_HPE28.mat,WRFrain_PGW_V3_HPE28.mat,14.31789875,14.60269896,0.284800212,1.019891202,mm_per_hr
29,intensity,360,1,0,WRFrain_noPGW_HPE29.mat,WRFrain_PGW_V3_HPE29.mat,20.91639582,14.87666806,-6.039727767,0.711244336,mm_per_hr
30,intensity,360,1,0,WRFrain_noPGW_HPE30.mat,WRFrain_PGW_V3_HPE30.mat,14.28392029,26.1213239,11.83740362,1.828722324,mm_per_hr
31,intensity,360,1,0,WRFrain_noPGW_HPE31.mat,WRFrain_PGW_V3_HPE31.mat,25.09989373,25.44193029,0.342036565,1.013627012,mm_per_hr
32,intensity,360,1,0,WRFrain_noPGW_HPE32.mat,WRFrain_PGW_V3_HPE32.mat,18.91054281,21.51193237,2.601389567,1.137562924,mm_per_hr
33,intensity,360,1,0,WRFrain_noPGW_HPE33.mat,WRFrain_PGW_V3_HPE33.mat,14.20241578,25.15611998,10.9537042,1.771256409,mm_per_hr
34,intensity,360,1,0,WRFrain_noPGW_HPE34.mat,WRFrain_PGW_V3_HPE34.mat,12.44059118,14.84626134,2.405670166,1.193372657,mm_per_hr
35,intensity,360,1,0,WRFrain_noPGW_HPE35.mat,WRFrain_PGW_V3_HPE35.mat,11.10693296,14.27378337,3.166850408,1.285123753,mm_per_hr
36,intensity,360,1,0,WRFrain_noPGW_HPE36.mat,WRFrain_PGW_V3_HPE36.mat,35.21980222,32.12084993,-3.098952293,0.912011082,mm_per_hr
37,intensity,360,1,0,WRFrain_noPGW_HPE37.mat,WRFrain_PGW_V3_HPE37.mat,8.717035256,11.10144661,2.384411357,1.273534669,mm_per_hr
38,intensity,360,1,0,WRFrain_noPGW_HPE38.mat,WRFrain_PGW_V3_HPE38.mat,17.91321286,13.64106353,-4.272149324,0.761508482,mm_per_hr
39,intensity,360,1,0,WRFrain_noPGW_HPE39.mat,WRFrain_PGW_V3_HPE39.mat,13.7646598,15.09262004,1.327960233,1.096476066,mm_per_hr
40,intensity,360,1,0,WRFrain_noPGW_HPE40.mat,WRFrain_PGW_V3_HPE40.mat,14.85292339,12.30292058,-2.550002813,0.828316437,mm_per_hr
41,intensity,360,1,0,WRFrain_noPGW_HPE41.mat,WRFrain_PGW_V3_HPE41.mat,22.5748353,29.85352055,7.278685252,1.322424733,mm_per_hr
1,intensity,720,1,0,WRFrain_noPGW_HPE01.mat,WRFrain_PGW_V3_HPE01.mat,12.12637663,15.86605775,3.739681125,1.308392296,mm_per_hr
2,intensity,720,1,0,WRFrain_noPGW_HPE02.mat,WRFrain_PGW_V3_HPE02.mat,11.10856279,11.20807695,0.099514167,1.00895833,mm_per_hr
3,intensity,720,1,0,WRFrain_noPGW_HPE03.mat,WRFrain_PGW_V3_HPE03.mat,16.70924505,19.32088534,2.611640294,1.15629912,mm_per_hr
4,intensity,720,1,0,WRFrain_noPGW_HPE04.mat,WRFrain_PGW_V3_HPE04.mat,15.07552083,24.05507024,8.979549408,1.595637757,mm_per_hr
5,intensity,720,1,0,WRFrain_noPGW_HPE05.mat,WRFrain_PGW_V3_HPE05.mat,4.344473838,2.668689078,-1.67578476,0.614272102,mm_per_hr
6,intensity,720,1,0,WRFrain_noPGW_HPE06.mat,WRFrain_PGW_V3_HPE06.mat,9.767477363,1.743267159,-8.024210205,0.178476703,mm_per_hr
7,intensity,720,1,0,WRFrain_noPGW_HPE07.mat,WRFrain_PGW_V3_HPE07.mat,8.707113584,14.3305705,5.623456915,1.64584628,mm_per_hr
8,intensity,720,1,0,WRFrain_noPGW_HPE08.mat,WRFrain_PGW_V3_HPE08.mat,14.74911292,10.67521723,-4.073895693,0.72378707,mm_per_hr
9,intensity,720,1,0,WRFrain_noPGW_HPE09.mat,WRFrain_PGW_V3_HPE09.mat,17.64240265,18.088732,0.446329355,1.025298672,mm_per_hr
10,intensity,720,1,0,WRFrain_noPGW_HPE10.mat,WRFrain_PGW_V3_HPE10.mat,8.249807676,10.1190691,1.869261424,1.226582424,mm_per_hr
11,intensity,720,1,0,WRFrain_noPGW_HPE11.mat,WRFrain_PGW_V3_HPE11.mat,9.267852783,17.88083553,8.61298275,1.929339616,mm_per_hr
12,intensity,720,1,0,WRFrain_noPGW_HPE12.mat,WRFrain_PGW_V3_HPE12.mat,7.212920507,9.40312322,2.190202713,1.303649917,mm_per_hr
13,intensity,720,1,0,WRFrain_noPGW_HPE13.mat,WRFrain_PGW_V3_HPE13.mat,9.469907125,8.931167444,-0.538739681,0.943110352,mm_per_hr
14,intensity,720,1,0,WRFrain_noPGW_HPE14.mat,WRFrain_PGW_V3_HPE14.mat,13.22982637,12.53204092,-0.697785456,0.947256643,mm_per_hr
15,intensity,720,1,0,WRFrain_noPGW_HPE15.mat,WRFrain_PGW_V3_HPE15.mat,8.70246172,9.792300224,1.089838505,1.125233358,mm_per_hr
16,intensity,720,1,0,WRFrain_noPGW_HPE16.mat,WRFrain_PGW_V3_HPE16.mat,7.271199842,10.40568169,3.134481847,1.431081791,mm_per_hr
17,intensity,720,1,0,WRFrain_noPGW_HPE17.mat,WRFrain_PGW_V3_HPE17.mat,11.01795367,11.8663017,0.848348022,1.076996877,mm_per_hr
18,intensity,720,1,0,WRFrain_noPGW_HPE18.mat,WRFrain_PGW_V3_HPE18.mat,6.964825461,11.08955757,4.124732106,1.592223327,mm_per_hr
19,intensity,720,1,0,WRFrain_noPGW_HPE19.mat,WRFrain_PGW_V3_HPE19.mat,5.119644165,6.379823208,1.260179043,1.246145826,mm_per_hr
20,intensity,720,1,0,WRFrain_noPGW_HPE20.mat,WRFrain_PGW_V3_HPE20.mat,2.906310567,2.256396751,-0.649913817,0.776378401,mm_per_hr
21,intensity,720,1,0,WRFrain_noPGW_HPE21.mat,WRFrain_PGW_V3_HPE21.mat,2.861354946,3.360672058,0.499317112,1.17450373,mm_per_hr
22,intensity,720,1,0,WRFrain_noPGW_HPE22.mat,WRFrain_PGW_V3_HPE22.mat,11.53422092,11.93821864,0.403997713,1.035026008,mm_per_hr
23,intensity,720,1,0,WRFrain_noPGW_HPE23.mat,WRFrain_PGW_V3_HPE23.mat,7.569416836,17.27739701,9.707980171,2.282526829,mm_per_hr
24,intensity,720,1,0,WRFrain_noPGW_HPE24.mat,WRFrain_PGW_V3_HPE24.mat,9.634546916,13.3166008,3.682053884,1.382171981,mm_per_hr
25,intensity,720,1,0,WRFrain_noPGW_HPE25.mat,WRFrain_PGW_V3_HPE25.mat,5.581467748,7.187589327,1.60612158,1.287759717,mm_per_hr
26,intensity,720,1,0,WRFrain_noPGW_HPE26.mat,WRFrain_PGW_V3_HPE26.mat,5.339409103,7.097816189,1.758407086,1.329326158,mm_per_hr
27,intensity,720,1,0,WRFrain_noPGW_HPE27.mat,WRFrain_PGW_V3_HPE27.mat,10.20419184,12.92363548,2.719443639,1.266502598,mm_per_hr
28,intensity,720,1,0,WRFrain_noPGW_HPE28.mat,WRFrain_PGW_V3_HPE28.mat,8.318535686,8.544294159,0.225758473,1.027139208,mm_per_hr
29,intensity,720,1,0,WRFrain_noPGW_HPE29.mat,WRFrain_PGW_V3_HPE29.mat,10.48612305,9.211293836,-1.274829209,0.878427022,mm_per_hr
30,intensity,720,1,0,WRFrain_noPGW_HPE30.mat,WRFrain_PGW_V3_HPE30.mat,10.45129124,14.88647079,4.435179551,1.424366659,mm_per_hr
31,intensity,720,1,0,WRFrain_noPGW_HPE31.mat,WRFrain_PGW_V3_HPE31.mat,12.69617593,12.72656286,0.030386925,1.002393392,mm_per_hr
32,intensity,720,1,0,WRFrain_noPGW_HPE32.mat,WRFrain_PGW_V3_HPE32.mat,10.55049419,10.7608525,0.210358302,1.019938242,mm_per_hr
33,intensity,720,1,0,WRFrain_noPGW_HPE33.mat,WRFrain_PGW_V3_HPE33.mat,8.801359807,13.24045181,4.439092005,1.504364337,mm_per_hr
34,intensity,720,1,0,WRFrain_noPGW_HPE34.mat,WRFrain_PGW_V3_HPE34.mat,8.445897738,9.870463689,1.424565951,1.168669571,mm_per_hr
35,intensity,720,1,0,WRFrain_noPGW_HPE35.mat,WRFrain_PGW_V3_HPE35.mat,7.195878665,10.44879691,3.252918243,1.452052959,mm_per_hr
36,intensity,720,1,0,WRFrain_noPGW_HPE36.mat,WRFrain_PGW_V3_HPE36.mat,18.10193761,17.78539137,-0.316546241,0.982513129,mm_per_hr
37,intensity,720,1,0,WRFrain_noPGW_HPE37.mat,WRFrain_PGW_V3_HPE37.mat,4.51961478,5.551278421,1.031663641,1.228263622,mm_per_hr
38,intensity,720,1,0,WRFrain_noPGW_HPE38.mat,WRFrain_PGW_V3_HPE38.mat,9.083703995,7.071097612,-2.012606382,0.778437696,mm_per_hr
39,intensity,720,1,0,WRFrain_noPGW_HPE39.mat,WRFrain_PGW_V3_HPE39.mat,7.789665163,8.363622968,0.573957805,1.073681961,mm_per_hr
40,intensity,720,1,0,WRFrain_noPGW_HPE40.mat,WRFrain_PGW_V3_HPE40.mat,7.589291374,6.151498636,-1.437792738,0.810549804,mm_per_hr
41,intensity,720,1,0,WRFrain_noPGW_HPE41.mat,WRFrain_PGW_V3_HPE41.mat,12.94724273,15.20580881,2.258566078,1.174443789,mm_per_hr
1,intensity,1440,1,0,WRFrain_noPGW_HPE01.mat,WRFrain_PGW_V3_HPE01.mat,7.119042595,7.962221031,0.843178436,1.118439864,mm_per_hr
2,intensity,1440,1,0,WRFrain_noPGW_HPE02.mat,WRFrain_PGW_V3_HPE02.mat,8.470854123,8.18888092,-0.281973203,0.966712542,mm_per_hr
3,intensity,1440,1,0,WRFrain_noPGW_HPE03.mat,WRFrain_PGW_V3_HPE03.mat,11.23900938,11.86279599,0.623786608,1.055501921,mm_per_hr
4,intensity,1440,1,0,WRFrain_noPGW_HPE04.mat,WRFrain_PGW_V3_HPE04.mat,10.20784855,15.93549061,5.727642059,1.561101787,mm_per_hr
5,intensity,1440,1,0,WRFrain_noPGW_HPE05.mat,WRFrain_PGW_V3_HPE05.mat,2.172236919,1.334344539,-0.83789238,0.614272102,mm_per_hr
6,intensity,1440,1,0,WRFrain_noPGW_HPE06.mat,WRFrain_PGW_V3_HPE06.mat,4.966667881,0.89361842,-4.073049461,0.179923128,mm_per_hr
7,intensity,1440,1,0,WRFrain_noPGW_HPE07.mat,WRFrain_PGW_V3_HPE07.mat,4.7391331,7.487269394,2.748136294,1.579881644,mm_per_hr
8,intensity,1440,1,0,WRFrain_noPGW_HPE08.mat,WRFrain_PGW_V3_HPE08.mat,8.20773829,7.346534401,-0.861203889,0.895074153,mm_per_hr
9,intensity,1440,1,0,WRFrain_noPGW_HPE09.mat,WRFrain_PGW_V3_HPE09.mat,9.41004022,9.330602944,-0.079437276,0.991558243,mm_per_hr
10,intensity,1440,1,0,WRFrain_noPGW_HPE10.mat,WRFrain_PGW_V3_HPE10.mat,5.265318871,6.699436188,1.434117317,1.272370459,mm_per_hr
11,intensity,1440,1,0,WRFrain_noPGW_HPE11.mat,WRFrain_PGW_V3_HPE11.mat,4.706421216,8.985230128,4.278808912,1.909142789,mm_per_hr
12,intensity,1440,1,0,WRFrain_noPGW_HPE12.mat,WRFrain_PGW_V3_HPE12.mat,5.485756238,5.992779096,0.507022858,1.092425335,mm_per_hr
13,intensity,1440,1,0,WRFrain_noPGW_HPE13.mat,WRFrain_PGW_V3_HPE13.mat,4.941054543,4.805823393,-0.13523115,0.972631116,mm_per_hr
14,intensity,1440,1,0,WRFrain_noPGW_HPE14.mat,WRFrain_PGW_V3_HPE14.mat,8.371240944,7.944000622,-0.427240322,0.948963323,mm_per_hr
15,intensity,1440,1,0,WRFrain_noPGW_HPE15.mat,WRFrain_PGW_V3_HPE15.mat,5.842872938,7.030946831,1.188073893,1.20333728,mm_per_hr
16,intensity,1440,1,0,WRFrain_noPGW_HPE16.mat,WRFrain_PGW_V3_HPE16.mat,4.10157905,6.2733289,2.17174985,1.52949116,mm_per_hr
17,intensity,1440,1,0,WRFrain_noPGW_HPE17.mat,WRFrain_PGW_V3_HPE17.mat,5.848892748,6.343794848,0.494902099,1.084614665,mm_per_hr
18,intensity,1440,1,0,WRFrain_noPGW_HPE18.mat,WRFrain_PGW_V3_HPE18.mat,3.482412731,5.545811325,2.063398595,1.592519829,mm_per_hr
19,intensity,1440,1,0,WRFrain_noPGW_HPE19.mat,WRFrain_PGW_V3_HPE19.mat,3.148910125,3.304066579,0.155156453,1.049273065,mm_per_hr
20,intensity,1440,1,0,WRFrain_noPGW_HPE20.mat,WRFrain_PGW_V3_HPE20.mat,1.454613529,1.128198375,-0.326415154,0.775600084,mm_per_hr
21,intensity,1440,1,0,WRFrain_noPGW_HPE21.mat,WRFrain_PGW_V3_HPE21.mat,NaN,NaN,NaN,NaN,mm_per_hr
22,intensity,1440,1,0,WRFrain_noPGW_HPE22.mat,WRFrain_PGW_V3_HPE22.mat,5.912967589,6.003980102,0.091012513,1.01539202,mm_per_hr
23,intensity,1440,1,0,WRFrain_noPGW_HPE23.mat,WRFrain_PGW_V3_HPE23.mat,4.150349279,8.675046807,4.524697527,2.090196806,mm_per_hr
24,intensity,1440,1,0,WRFrain_noPGW_HPE24.mat,WRFrain_PGW_V3_HPE24.mat,6.3213679,8.490914663,2.169546763,1.343208432,mm_per_hr
25,intensity,1440,1,0,WRFrain_noPGW_HPE25.mat,WRFrain_PGW_V3_HPE25.mat,3.920800964,4.399942938,0.479141974,1.122205126,mm_per_hr
26,intensity,1440,1,0,WRFrain_noPGW_HPE26.mat,WRFrain_PGW_V3_HPE26.mat,2.95302854,3.872621392,0.919592852,1.311406693,mm_per_hr
27,intensity,1440,1,0,WRFrain_noPGW_HPE27.mat,WRFrain_PGW_V3_HPE27.mat,5.4517138,6.564389785,1.112675985,1.204096551,mm_per_hr
28,intensity,1440,1,0,WRFrain_noPGW_HPE28.mat,WRFrain_PGW_V3_HPE28.mat,4.654854303,4.746359905,0.091505602,1.019658102,mm_per_hr
29,intensity,1440,1,0,WRFrain_noPGW_HPE29.mat,WRFrain_PGW_V3_HPE29.mat,5.243061523,4.619265924,-0.623795599,0.881024551,mm_per_hr
30,intensity,1440,1,0,WRFrain_noPGW_HPE30.mat,WRFrain_PGW_V3_HPE30.mat,6.156957317,10.53003371,4.37307639,1.710265829,mm_per_hr
31,intensity,1440,1,0,WRFrain_noPGW_HPE31.mat,WRFrain_PGW_V3_HPE31.mat,6.607537809,6.366707524,-0.240830285,0.96355219,mm_per_hr
32,intensity,1440,1,0,WRFrain_noPGW_HPE32.mat,WRFrain_PGW_V3_HPE32.mat,7.506159782,5.770641486,-1.735518297,0.768787456,mm_per_hr
33,intensity,1440,1,0,WRFrain_noPGW_HPE33.mat,WRFrain_PGW_V3_HPE33.mat,5.894971561,7.675016979,1.780045419,1.301959967,mm_per_hr
34,intensity,1440,1,0,WRFrain_noPGW_HPE34.mat,WRFrain_PGW_V3_HPE34.mat,6.65621376,7.081316948,0.425103188,1.063865615,mm_per_hr
35,intensity,1440,1,0,WRFrain_noPGW_HPE35.mat,WRFrain_PGW_V3_HPE35.mat,4.934647838,7.339501063,2.404853225,1.487340395,mm_per_hr
36,intensity,1440,1,0,WRFrain_noPGW_HPE36.mat,WRFrain_PGW_V3_HPE36.mat,9.514410019,9.922332205,0.407922186,1.042874144,mm_per_hr
37,intensity,1440,1,0,WRFrain_noPGW_HPE37.mat,WRFrain_PGW_V3_HPE37.mat,2.259820938,2.775639211,0.515818273,1.228256259,mm_per_hr
38,intensity,1440,1,0,WRFrain_noPGW_HPE38.mat,WRFrain_PGW_V3_HPE38.mat,4.594351133,4.037461142,-0.556889991,0.878788109,mm_per_hr
39,intensity,1440,1,0,WRFrain_noPGW_HPE39.mat,WRFrain_PGW_V3_HPE39.mat,4.396820992,4.22187963,-0.174941362,0.960211853,mm_per_hr
40,intensity,1440,1,0,WRFrain_noPGW_HPE40.mat,WRFrain_PGW_V3_HPE40.mat,4.083738963,3.075749318,-1.007989645,0.753169913,mm_per_hr
41,intensity,1440,1,0,WRFrain_noPGW_HPE41.mat,WRFrain_PGW_V3_HPE41.mat,6.475364052,7.608249664,1.132885612,1.174953192,mm_per_hr
1,total,0,3,0,WRFrain_noPGW_HPE01.mat,WRFrain_PGW_V3_HPE01.mat,180.2738003,177.3502588,-2.923541523,0.983782771,mm
2,total,0,3,0,WRFrain_noPGW_HPE02.mat,WRFrain_PGW_V3_HPE02.mat,287.8767031,305.1441466,17.26744354,1.05998208,mm
3,total,0,3,0,WRFrain_noPGW_HPE03.mat,WRFrain_PGW_V3_HPE03.mat,270.4436412,282.2262726,11.78263134,1.043567788,mm
4,total,0,3,0,WRFrain_noPGW_HPE04.mat,WRFrain_PGW_V3_HPE04.mat,371.9400759,499.0099448,127.0698688,1.341640702,mm
5,total,0,3,0,WRFrain_noPGW_HPE05.mat,WRFrain_PGW_V3_HPE05.mat,47.6157676,29.18972038,-18.42604722,0.613026353,mm
6,total,0,3,0,WRFrain_noPGW_HPE06.mat,WRFrain_PGW_V3_HPE06.mat,101.1611055,19.66666654,-81.49443901,0.194409367,mm
7,total,0,3,0,WRFrain_noPGW_HPE07.mat,WRFrain_PGW_V3_HPE07.mat,120.8486606,160.7051361,39.85647548,1.329804859,mm
8,total,0,3,0,WRFrain_noPGW_HPE08.mat,WRFrain_PGW_V3_HPE08.mat,201.56673,183.653846,-17.91288403,0.911131743,mm
9,total,0,3,0,WRFrain_noPGW_HPE09.mat,WRFrain_PGW_V3_HPE09.mat,284.6929084,262.5425499,-22.15035845,0.922195609,mm
10,total,0,3,0,WRFrain_noPGW_HPE10.mat,WRFrain_PGW_V3_HPE10.mat,233.9852361,268.1729058,34.18766968,1.146110371,mm
11,total,0,3,0,WRFrain_noPGW_HPE11.mat,WRFrain_PGW_V3_HPE11.mat,109.6930706,196.8925074,87.19943682,1.794940249,mm
12,total,0,3,0,WRFrain_noPGW_HPE12.mat,WRFrain_PGW_V3_HPE12.mat,250.6481645,180.2283054,-70.41985913,0.719048973,mm
13,total,0,3,0,WRFrain_noPGW_HPE13.mat,WRFrain_PGW_V3_HPE13.mat,115.6967788,118.4056193,2.708840501,1.023413275,mm
14,total,0,3,0,WRFrain_noPGW_HPE14.mat,WRFrain_PGW_V3_HPE14.mat,287.5340552,287.0903727,-0.44368245,0.998456939,mm
15,total,0,3,0,WRFrain_noPGW_HPE15.mat,WRFrain_PGW_V3_HPE15.mat,143.0092841,173.5535651,30.54428097,1.213582504,mm
16,total,0,3,0,WRFrain_noPGW_HPE16.mat,WRFrain_PGW_V3_HPE16.mat,106.3574888,133.5905584,27.2330696,1.256052206,mm
17,total,0,3,0,WRFrain_noPGW_HPE17.mat,WRFrain_PGW_V3_HPE17.mat,140.9060143,155.9883186,15.08230423,1.107038044,mm
18,total,0,3,0,WRFrain_noPGW_HPE18.mat,WRFrain_PGW_V3_HPE18.mat,78.84599373,120.4205916,41.57459783,1.527288653,mm
19,total,0,3,0,WRFrain_noPGW_HPE19.mat,WRFrain_PGW_V3_HPE19.mat,65.51329952,76.75917753,11.24587801,1.17165794,mm
20,total,0,3,0,WRFrain_noPGW_HPE20.mat,WRFrain_PGW_V3_HPE20.mat,25.85726166,19.69740312,-6.159858536,0.761774521,mm
21,total,0,3,0,WRFrain_noPGW_HPE21.mat,WRFrain_PGW_V3_HPE21.mat,29.30027716,31.7628074,2.462530243,1.084044606,mm
22,total,0,3,0,WRFrain_noPGW_HPE22.mat,WRFrain_PGW_V3_HPE22.mat,158.4126519,150.5327877,-7.879864167,0.950257356,mm
23,total,0,3,0,WRFrain_noPGW_HPE23.mat,WRFrain_PGW_V3_HPE23.mat,105.7820461,190.389212,84.60716596,1.799825387,mm
24,total,0,3,0,WRFrain_noPGW_HPE24.mat,WRFrain_PGW_V3_HPE24.mat,331.9208854,375.5479092,43.6270238,1.131438019,mm
25,total,0,3,0,WRFrain_noPGW_HPE25.mat,WRFrain_PGW_V3_HPE25.mat,118.6344147,122.1313952,3.496980527,1.029476948,mm
26,total,0,3,0,WRFrain_noPGW_HPE26.mat,WRFrain_PGW_V3_HPE26.mat,107.8152847,100.5396491,-7.275635612,0.932517587,mm
27,total,0,3,0,WRFrain_noPGW_HPE27.mat,WRFrain_PGW_V3_HPE27.mat,163.2774064,151.1420943,-12.13531203,0.925676722,mm
28,total,0,3,0,WRFrain_noPGW_HPE28.mat,WRFrain_PGW_V3_HPE28.mat,118.0392405,120.4309319,2.391691421,1.020261833,mm
29,total,0,3,0,WRFrain_noPGW_HPE29.mat,WRFrain_PGW_V3_HPE29.mat,115.6910504,89.69977018,-25.99128018,0.775338887,mm
30,total,0,3,0,WRFrain_noPGW_HPE30.mat,WRFrain_PGW_V3_HPE30.mat,208.1092703,339.6096573,131.5003871,1.631881448,mm
31,total,0,3,0,WRFrain_noPGW_HPE31.mat,WRFrain_PGW_V3_HPE31.mat,124.507051,141.4837508,16.97669976,1.136351312,mm
32,total,0,3,0,WRFrain_noPGW_HPE32.mat,WRFrain_PGW_V3_HPE32.mat,215.3801224,156.0981123,-59.28201005,0.724756355,mm
33,total,0,3,0,WRFrain_noPGW_HPE33.mat,WRFrain_PGW_V3_HPE33.mat,154.188184,181.4392335,27.25104948,1.176738896,mm
34,total,0,3,0,WRFrain_noPGW_HPE34.mat,WRFrain_PGW_V3_HPE34.mat,323.3693172,343.2653198,19.89600261,1.061527181,mm
35,total,0,3,0,WRFrain_noPGW_HPE35.mat,WRFrain_PGW_V3_HPE35.mat,187.7601563,214.9134419,27.15328563,1.144616867,mm
36,total,0,3,0,WRFrain_noPGW_HPE36.mat,WRFrain_PGW_V3_HPE36.mat,223.8898995,230.8776602,6.987760663,1.031210701,mm
37,total,0,3,0,WRFrain_noPGW_HPE37.mat,WRFrain_PGW_V3_HPE37.mat,52.60666145,58.65152271,6.044861257,1.114906764,mm
38,total,0,3,0,WRFrain_noPGW_HPE38.mat,WRFrain_PGW_V3_HPE38.mat,106.8488676,123.8657736,17.01690596,1.159261453,mm
39,total,0,3,0,WRFrain_noPGW_HPE39.mat,WRFrain_PGW_V3_HPE39.mat,99.35931576,92.14207096,-7.217244798,0.927362173,mm
40,total,0,3,0,WRFrain_noPGW_HPE40.mat,WRFrain_PGW_V3_HPE40.mat,109.1903246,73.5146014,-35.67572321,0.673270289,mm
41,total,0,3,0,WRFrain_noPGW_HPE41.mat,WRFrain_PGW_V3_HPE41.mat,204.3415392,191.3590427,-12.98249647,0.93646668,mm
1,intensity,10,3,0,WRFrain_noPGW_HPE01.mat,WRFrain_PGW_V3_HPE01.mat,239.6871033,287.0251338,47.3380305,1.197499281,mm_per_hr
2,intensity,10,3,0,WRFrain_noPGW_HPE02.mat,WRFrain_PGW_V3_HPE02.mat,76.64930216,119.9242109,43.2749087,1.564583205,mm_per_hr
3,intensity,10,3,0,WRFrain_noPGW_HPE03.mat,WRFrain_PGW_V3_HPE03.mat,131.3079414,135.0880839,3.780142466,1.028788377,mm_per_hr
4,intensity,10,3,0,WRFrain_noPGW_HPE04.mat,WRFrain_PGW_V3_HPE04.mat,93.03435771,145.3325628,52.29820506,1.562138616,mm_per_hr
5,intensity,10,3,0,WRFrain_noPGW_HPE05.mat,WRFrain_PGW_V3_HPE05.mat,67.07519468,42.4538339,-24.62136078,0.63292897,mm_per_hr
6,intensity,10,3,0,WRFrain_noPGW_HPE06.mat,WRFrain_PGW_V3_HPE06.mat,82.82482465,44.04419708,-38.78062757,0.531775313,mm_per_hr
7,intensity,10,3,0,WRFrain_noPGW_HPE07.mat,WRFrain_PGW_V3_HPE07.mat,80.21812057,122.8171247,42.59900411,1.531039668,mm_per_hr
8,intensity,10,3,0,WRFrain_noPGW_HPE08.mat,WRFrain_PGW_V3_HPE08.mat,229.2787094,197.4964549,-31.78225454,0.861381571,mm_per_hr
9,intensity,10,3,0,WRFrain_noPGW_HPE09.mat,WRFrain_PGW_V3_HPE09.mat,154.7337545,173.4926605,18.75890605,1.121233445,mm_per_hr
10,intensity,10,3,0,WRFrain_noPGW_HPE10.mat,WRFrain_PGW_V3_HPE10.mat,79.97018305,111.8928083,31.92262522,1.399181595,mm_per_hr
11,intensity,10,3,0,WRFrain_noPGW_HPE11.mat,WRFrain_PGW_V3_HPE11.mat,81.40508874,92.93142064,11.5263319,1.141592277,mm_per_hr
12,intensity,10,3,0,WRFrain_noPGW_HPE12.mat,WRFrain_PGW_V3_HPE12.mat,82.09424082,97.63596344,15.54172262,1.189315626,mm_per_hr
13,intensity,10,3,0,WRFrain_noPGW_HPE13.mat,WRFrain_PGW_V3_HPE13.mat,116.9692866,107.7700812,-9.199205399,0.921353668,mm_per_hr
14,intensity,10,3,0,WRFrain_noPGW_HPE14.mat,WRFrain_PGW_V3_HPE14.mat,149.3030497,153.6308187,4.327768962,1.028986474,mm_per_hr
15,intensity,10,3,0,WRFrain_noPGW_HPE15.mat,WRFrain_PGW_V3_HPE15.mat,68.49091721,84.31743304,15.82651583,1.231074666,mm_per_hr
16,intensity,10,3,0,WRFrain_noPGW_HPE16.mat,WRFrain_PGW_V3_HPE16.mat,115.7742831,155.0999489,39.32566579,1.339675313,mm_per_hr
17,intensity,10,3,0,WRFrain_noPGW_HPE17.mat,WRFrain_PGW_V3_HPE17.mat,95.34615453,98.97325134,3.627096812,1.038041354,mm_per_hr
18,intensity,10,3,0,WRFrain_noPGW_HPE18.mat,WRFrain_PGW_V3_HPE18.mat,103.8222167,110.0539722,6.231755575,1.060023334,mm_per_hr
19,intensity,10,3,0,WRFrain_noPGW_HPE19.mat,WRFrain_PGW_V3_HPE19.mat,117.2397912,124.3789469,7.139155706,1.060893623,mm_per_hr
20,intensity,10,3,0,WRFrain_noPGW_HPE20.mat,WRFrain_PGW_V3_HPE20.mat,50.25185315,40.08417638,-10.16767677,0.797665636,mm_per_hr
21,intensity,10,3,0,WRFrain_noPGW_HPE21.mat,WRFrain_PGW_V3_HPE21.mat,47.61919657,51.02602736,3.406830788,1.071543223,mm_per_hr
22,intensity,10,3,0,WRFrain_noPGW_HPE22.mat,WRFrain_PGW_V3_HPE22.mat,107.0288378,103.1723544,-3.856483459,0.96396781,mm_per_hr
23,intensity,10,3,0,WRFrain_noPGW_HPE23.mat,WRFrain_PGW_V3_HPE23.mat,106.8937658,130.3957685,23.50200272,1.219863175,mm_per_hr
24,intensity,10,3,0,WRFrain_noPGW_HPE24.mat,WRFrain_PGW_V3_HPE24.mat,89.67985026,119.3963623,29.71651204,1.331362195,mm_per_hr
25,intensity,10,3,0,WRFrain_noPGW_HPE25.mat,WRFrain_PGW_V3_HPE25.mat,59.63161341,101.5765063,41.94489288,1.703400268,mm_per_hr
26,intensity,10,3,0,WRFrain_noPGW_HPE26.mat,WRFrain_PGW_V3_HPE26.mat,80.8160394,86.99908257,6.183043162,1.076507624,mm_per_hr
27,intensity,10,3,0,WRFrain_noPGW_HPE27.mat,WRFrain_PGW_V3_HPE27.mat,109.4659271,166.6586469,57.19271978,1.522470519,mm_per_hr
28,intensity,10,3,0,WRFrain_noPGW_HPE28.mat,WRFrain_PGW_V3_HPE28.mat,94.44963964,138.5109227,44.06128311,1.466505571,mm_per_hr
29,intensity,10,3,0,WRFrain_noPGW_HPE29.mat,WRFrain_PGW_V3_HPE29.mat,118.8426425,126.2293027,7.386660258,1.062154965,mm_per_hr
30,intensity,10,3,0,WRFrain_noPGW_HPE30.mat,WRFrain_PGW_V3_HPE30.mat,98.76348114,132.064167,33.30068588,1.337176105,mm_per_hr
31,intensity,10,3,0,WRFrain_noPGW_HPE31.mat,WRFrain_PGW_V3_HPE31.mat,96.26112302,129.8595479,33.59842491,1.349034209,mm_per_hr
32,intensity,10,3,0,WRFrain_noPGW_HPE32.mat,WRFrain_PGW_V3_HPE32.mat,111.0065816,149.0462863,38.03970464,1.342679723,mm_per_hr
33,intensity,10,3,0,WRFrain_noPGW_HPE33.mat,WRFrain_PGW_V3_HPE33.mat,85.82577515,134.0435232,48.21774801,1.561809642,mm_per_hr
34,intensity,10,3,0,WRFrain_noPGW_HPE34.mat,WRFrain_PGW_V3_HPE34.mat,73.84474691,115.4167913,41.57204437,1.562965493,mm_per_hr
35,intensity,10,3,0,WRFrain_noPGW_HPE35.mat,WRFrain_PGW_V3_HPE35.mat,47.21286647,88.73345311,41.52058665,1.879433717,mm_per_hr
36,intensity,10,3,0,WRFrain_noPGW_HPE36.mat,WRFrain_PGW_V3_HPE36.mat,156.2131958,227.3985977,71.18540192,1.45569391,mm_per_hr
37,intensity,10,3,0,WRFrain_noPGW_HPE37.mat,WRFrain_PGW_V3_HPE37.mat,99.13161151,102.7532641,3.621652603,1.036533781,mm_per_hr
38,intensity,10,3,0,WRFrain_noPGW_HPE38.mat,WRFrain_PGW_V3_HPE38.mat,97.18231455,126.1462574,28.96394285,1.298037179,mm_per_hr
39,intensity,10,3,0,WRFrain_noPGW_HPE39.mat,WRFrain_PGW_V3_HPE39.mat,93.21476173,104.4139125,11.19915072,1.120143532,mm_per_hr
40,intensity,10,3,0,WRFrain_noPGW_HPE40.mat,WRFrain_PGW_V3_HPE40.mat,80.95897357,99.01894506,18.05997149,1.223075599,mm_per_hr
41,intensity,10,3,0,WRFrain_noPGW_HPE41.mat,WRFrain_PGW_V3_HPE41.mat,152.1546478,154.4258092,2.271161397,1.014926665,mm_per_hr
1,intensity,20,3,0,WRFrain_noPGW_HPE01.mat,WRFrain_PGW_V3_HPE01.mat,159.3575077,205.4539967,46.09648895,1.28926462,mm_per_hr
2,intensity,20,3,0,WRFrain_noPGW_HPE02.mat,WRFrain_PGW_V3_HPE02.mat,56.4413859,68.66814105,12.22675514,1.216627479,mm_per_hr
3,intensity,20,3,0,WRFrain_noPGW_HPE03.mat,WRFrain_PGW_V3_HPE03.mat,99.42322604,105.3239772,5.900751114,1.059349825,mm_per_hr
4,intensity,20,3,0,WRFrain_noPGW_HPE04.mat,WRFrain_PGW_V3_HPE04.mat,77.35018667,96.25348663,18.90329997,1.244385964,mm_per_hr
5,intensity,20,3,0,WRFrain_noPGW_HPE05.mat,WRFrain_PGW_V3_HPE05.mat,54.03868993,36.84867318,-17.19001675,0.681894273,mm_per_hr
6,intensity,20,3,0,WRFrain_noPGW_HPE06.mat,WRFrain_PGW_V3_HPE06.mat,68.14433829,25.35211349,-42.7922248,0.372035508,mm_per_hr
7,intensity,20,3,0,WRFrain_noPGW_HPE07.mat,WRFrain_PGW_V3_HPE07.mat,64.18446652,93.00193405,28.81746753,1.448978843,mm_per_hr
8,intensity,20,3,0,WRFrain_noPGW_HPE08.mat,WRFrain_PGW_V3_HPE08.mat,185.9724827,151.5410302,-34.43145243,0.814857274,mm_per_hr
9,intensity,20,3,0,WRFrain_noPGW_HPE09.mat,WRFrain_PGW_V3_HPE09.mat,134.5556742,150.9362742,16.38059998,1.121738456,mm_per_hr
10,intensity,20,3,0,WRFrain_noPGW_HPE10.mat,WRFrain_PGW_V3_HPE10.mat,63.30892865,94.15173944,30.84281079,1.487179478,mm_per_hr
11,intensity,20,3,0,WRFrain_noPGW_HPE11.mat,WRFrain_PGW_V3_HPE11.mat,69.97808456,72.26298396,2.284899394,1.032651642,mm_per_hr
12,intensity,20,3,0,WRFrain_noPGW_HPE12.mat,WRFrain_PGW_V3_HPE12.mat,65.18232044,75.64664825,10.46432781,1.160539357,mm_per_hr
13,intensity,20,3,0,WRFrain_noPGW_HPE13.mat,WRFrain_PGW_V3_HPE13.mat,111.8224894,84.68162282,-27.1408666,0.757286153,mm_per_hr
14,intensity,20,3,0,WRFrain_noPGW_HPE14.mat,WRFrain_PGW_V3_HPE14.mat,107.867733,109.5535711,1.685838064,1.015628752,mm_per_hr
15,intensity,20,3,0,WRFrain_noPGW_HPE15.mat,WRFrain_PGW_V3_HPE15.mat,47.63798618,57.65283775,10.01485157,1.210228273,mm_per_hr
16,intensity,20,3,0,WRFrain_noPGW_HPE16.mat,WRFrain_PGW_V3_HPE16.mat,96.24062856,105.3692795,9.128650983,1.094852362,mm_per_hr
17,intensity,20,3,0,WRFrain_noPGW_HPE17.mat,WRFrain_PGW_V3_HPE17.mat,86.72404861,98.53802872,11.8139801,1.136224961,mm_per_hr
18,intensity,20,3,0,WRFrain_noPGW_HPE18.mat,WRFrain_PGW_V3_HPE18.mat,91.79602369,88.38129838,-3.414725304,0.962800945,mm_per_hr
19,intensity,20,3,0,WRFrain_noPGW_HPE19.mat,WRFrain_PGW_V3_HPE19.mat,89.06357479,104.4101636,15.34658877,1.172310496,mm_per_hr
20,intensity,20,3,0,WRFrain_noPGW_HPE20.mat,WRFrain_PGW_V3_HPE20.mat,44.99006311,33.86606503,-11.12399809,0.752745444,mm_per_hr
21,intensity,20,3,0,WRFrain_noPGW_HPE21.mat,WRFrain_PGW_V3_HPE21.mat,35.35660092,49.37160412,14.0150032,1.396390005,mm_per_hr
22,intensity,20,3,0,WRFrain_noPGW_HPE22.mat,WRFrain_PGW_V3_HPE22.mat,80.46096293,86.48541196,6.024449031,1.074874185,mm_per_hr
23,intensity,20,3,0,WRFrain_noPGW_HPE23.mat,WRFrain_PGW_V3_HPE23.mat,91.19751485,104.3371744,13.13965956,1.144079141,mm_per_hr
24,intensity,20,3,0,WRFrain_noPGW_HPE24.mat,WRFrain_PGW_V3_HPE24.mat,76.18434397,112.1907806,36.00643667,1.47262252,mm_per_hr
25,intensity,20,3,0,WRFrain_noPGW_HPE25.mat,WRFrain_PGW_V3_HPE25.mat,48.45839532,63.563797,15.10540167,1.311718982,mm_per_hr
26,intensity,20,3,0,WRFrain_noPGW_HPE26.mat,WRFrain_PGW_V3_HPE26.mat,55.76825269,73.98941485,18.22116216,1.326730017,mm_per_hr
27,intensity,20,3,0,WRFrain_noPGW_HPE27.mat,WRFrain_PGW_V3_HPE27.mat,75.16795031,129.0844173,53.91646703,1.717279995,mm_per_hr
28,intensity,20,3,0,WRFrain_noPGW_HPE28.mat,WRFrain_PGW_V3_HPE28.mat,70.56930733,102.6730795,32.10377216,1.454925426,mm_per_hr
29,intensity,20,3,0,WRFrain_noPGW_HPE29.mat,WRFrain_PGW_V3_HPE29.mat,107.0274614,110.1904144,3.162953059,1.029552724,mm_per_hr
30,intensity,20,3,0,WRFrain_noPGW_HPE30.mat,WRFrain_PGW_V3_HPE30.mat,79.4348882,110.3251139,30.89022573,1.388874793,mm_per_hr
31,intensity,20,3,0,WRFrain_noPGW_HPE31.mat,WRFrain_PGW_V3_HPE31.mat,84.40421263,125.3901081,40.98589547,1.485590638,mm_per_hr
32,intensity,20,3,0,WRFrain_noPGW_HPE32.mat,WRFrain_PGW_V3_HPE32.mat,68.06748454,92.45348358,24.38599904,1.358262087,mm_per_hr
33,intensity,20,3,0,WRFrain_noPGW_HPE33.mat,WRFrain_PGW_V3_HPE33.mat,70.82348506,110.6808853,39.85740026,1.562770954,mm_per_hr
34,intensity,20,3,0,WRFrain_noPGW_HPE34.mat,WRFrain_PGW_V3_HPE34.mat,56.06429799,72.19235102,16.12805303,1.28767065,mm_per_hr
35,intensity,20,3,0,WRFrain_noPGW_HPE35.mat,WRFrain_PGW_V3_HPE35.mat,40.73315875,72.87849299,32.14533424,1.789168708,mm_per_hr
36,intensity,20,3,0,WRFrain_noPGW_HPE36.mat,WRFrain_PGW_V3_HPE36.mat,127.3861732,177.5149886,50.12881533,1.393518496,mm_per_hr
37,intensity,20,3,0,WRFrain_noPGW_HPE37.mat,WRFrain_PGW_V3_HPE37.mat,74.1114378,76.14685694,2.035419146,1.027464305,mm_per_hr
38,intensity,20,3,0,WRFrain_noPGW_HPE38.mat,WRFrain_PGW_V3_HPE38.mat,83.72010422,94.93799655,11.21789233,1.133992814,mm_per_hr
39,intensity,20,3,0,WRFrain_noPGW_HPE39.mat,WRFrain_PGW_V3_HPE39.mat,72.536575,80.65726693,8.120691935,1.111953066,mm_per_hr
40,intensity,20,3,0,WRFrain_noPGW_HPE40.mat,WRFrain_PGW_V3_HPE40.mat,65.94242064,75.88027382,9.937853177,1.15070501,mm_per_hr
41,intensity,20,3,0,WRFrain_noPGW_HPE41.mat,WRFrain_PGW_V3_HPE41.mat,121.8208424,136.2567317,14.43588924,1.11850098,mm_per_hr
1,intensity,30,3,0,WRFrain_noPGW_HPE01.mat,WRFrain_PGW_V3_HPE01.mat,130.5380194,160.7206417,30.18262227,1.2312171,mm_per_hr
2,intensity,30,3,0,WRFrain_noPGW_HPE02.mat,WRFrain_PGW_V3_HPE02.mat,49.32475789,57.03988817,7.715130276,1.156414965,mm_per_hr
3,intensity,30,3,0,WRFrain_noPGW_HPE03.mat,WRFrain_PGW_V3_HPE03.mat,84.11956787,94.72557916,10.60601128,1.12608257,mm_per_hr
4,intensity,30,3,0,WRFrain_noPGW_HPE04.mat,WRFrain_PGW_V3_HPE04.mat,63.56938765,88.95750258,25.38811493,1.399376427,mm_per_hr
5,intensity,30,3,0,WRFrain_noPGW_HPE05.mat,WRFrain_PGW_V3_HPE05.mat,47.97433323,30.49325063,-17.4810826,0.635615934,mm_per_hr
6,intensity,30,3,0,WRFrain_noPGW_HPE06.mat,WRFrain_PGW_V3_HPE06.mat,57.32513587,21.12121254,-36.20392333,0.368445922,mm_per_hr
7,intensity,30,3,0,WRFrain_noPGW_HPE07.mat,WRFrain_PGW_V3_HPE07.mat,51.99644046,72.91164992,20.91520945,1.402243101,mm_per_hr
8,intensity,30,3,0,WRFrain_noPGW_HPE08.mat,WRFrain_PGW_V3_HPE08.mat,146.8280245,121.6187838,-25.2092407,0.828307704,mm_per_hr
9,intensity,30,3,0,WRFrain_noPGW_HPE09.mat,WRFrain_PGW_V3_HPE09.mat,119.331326,126.1179216,6.786595662,1.05687187,mm_per_hr
10,intensity,30,3,0,WRFrain_noPGW_HPE10.mat,WRFrain_PGW_V3_HPE10.mat,50.75755458,71.18077066,20.42321608,1.402368007,mm_per_hr
11,intensity,30,3,0,WRFrain_noPGW_HPE11.mat,WRFrain_PGW_V3_HPE11.mat,65.47073767,67.39578671,1.92504904,1.029403198,mm_per_hr
12,intensity,30,3,0,WRFrain_noPGW_HPE12.mat,WRFrain_PGW_V3_HPE12.mat,58.71183962,68.12188223,9.410042604,1.160275043,mm_per_hr
13,intensity,30,3,0,WRFrain_noPGW_HPE13.mat,WRFrain_PGW_V3_HPE13.mat,85.59401237,75.95264181,-9.641370561,0.887359287,mm_per_hr
14,intensity,30,3,0,WRFrain_noPGW_HPE14.mat,WRFrain_PGW_V3_HPE14.mat,92.1389815,86.16458639,-5.974395116,0.935158876,mm_per_hr
15,intensity,30,3,0,WRFrain_noPGW_HPE15.mat,WRFrain_PGW_V3_HPE15.mat,40.7962904,51.3589912,10.5627008,1.258913266,mm_per_hr
16,intensity,30,3,0,WRFrain_noPGW_HPE16.mat,WRFrain_PGW_V3_HPE16.mat,85.56136831,86.4753685,0.914000193,1.010682393,mm_per_hr
17,intensity,30,3,0,WRFrain_noPGW_HPE17.mat,WRFrain_PGW_V3_HPE17.mat,75.04497528,88.13525369,13.09027841,1.174432444,mm_per_hr
18,intensity,30,3,0,WRFrain_noPGW_HPE18.mat,WRFrain_PGW_V3_HPE18.mat,83.42715051,79.40755272,-4.019597795,0.951819069,mm_per_hr
19,intensity,30,3,0,WRFrain_noPGW_HPE19.mat,WRFrain_PGW_V3_HPE19.mat,69.35898304,92.38570595,23.02672291,1.331993376,mm_per_hr
20,intensity,30,3,0,WRFrain_noPGW_HPE20.mat,WRFrain_PGW_V3_HPE20.mat,39.30740552,30.3278239,-8.979581621,0.771554965,mm_per_hr
21,intensity,30,3,0,WRFrain_noPGW_HPE21.mat,WRFrain_PGW_V3_HPE21.mat,30.35556944,42.83969646,12.48412702,1.411263147,mm_per_hr
22,intensity,30,3,0,WRFrain_noPGW_HPE22.mat,WRFrain_PGW_V3_HPE22.mat,65.35352389,82.76822578,17.41470189,1.26646921,mm_per_hr
23,intensity,30,3,0,WRFrain_noPGW_HPE23.mat,WRFrain_PGW_V3_HPE23.mat,78.44812944,87.34877014,8.9006407,1.113458928,mm_per_hr
24,intensity,30,3,0,WRFrain_noPGW_HPE24.mat,WRFrain_PGW_V3_HPE24.mat,64.8289015,98.62587823,33.79697673,1.521325766,mm_per_hr
25,intensity,30,3,0,WRFrain_noPGW_HPE25.mat,WRFrain_PGW_V3_HPE25.mat,45.46095806,50.55728149,5.096323437,1.1121033,mm_per_hr
26,intensity,30,3,0,WRFrain_noPGW_HPE26.mat,WRFrain_PGW_V3_HPE26.mat,47.2164206,59.66769812,12.45127752,1.263706511,mm_per_hr
27,intensity,30,3,0,WRFrain_noPGW_HPE27.mat,WRFrain_PGW_V3_HPE27.mat,60.06920285,105.7911144,45.72191154,1.761153959,mm_per_hr
28,intensity,30,3,0,WRFrain_noPGW_HPE28.mat,WRFrain_PGW_V3_HPE28.mat,64.4164789,80.22099802,15.80451912,1.245349007,mm_per_hr
29,intensity,30,3,0,WRFrain_noPGW_HPE29.mat,WRFrain_PGW_V3_HPE29.mat,95.75223965,94.57754008,-1.174699571,0.987731884,mm_per_hr
30,intensity,30,3,0,WRFrain_noPGW_HPE30.mat,WRFrain_PGW_V3_HPE30.mat,73.28167216,86.95709822,13.67542606,1.186614547,mm_per_hr
31,intensity,30,3,0,WRFrain_noPGW_HPE31.mat,WRFrain_PGW_V3_HPE31.mat,76.92678049,114.7433069,37.81652641,1.491591175,mm_per_hr
32,intensity,30,3,0,WRFrain_noPGW_HPE32.mat,WRFrain_PGW_V3_HPE32.mat,62.93167962,79.61142222,16.6797426,1.265045248,mm_per_hr
33,intensity,30,3,0,WRFrain_noPGW_HPE33.mat,WRFrain_PGW_V3_HPE33.mat,56.66704644,97.18715922,40.52011278,1.715056022,mm_per_hr
34,intensity,30,3,0,WRFrain_noPGW_HPE34.mat,WRFrain_PGW_V3_HPE34.mat,45.96963077,60.25077099,14.28114022,1.310664671,mm_per_hr
35,intensity,30,3,0,WRFrain_noPGW_HPE35.mat,WRFrain_PGW_V3_HPE35.mat,35.42233827,63.63831117,28.2159729,1.796558733,mm_per_hr
36,intensity,30,3,0,WRFrain_noPGW_HPE36.mat,WRFrain_PGW_V3_HPE36.mat,113.5778334,152.4285948,38.85076141,1.342062885,mm_per_hr
37,intensity,30,3,0,WRFrain_noPGW_HPE37.mat,WRFrain_PGW_V3_HPE37.mat,56.97489776,62.31019677,5.335299015,1.093642977,mm_per_hr
38,intensity,30,3,0,WRFrain_noPGW_HPE38.mat,WRFrain_PGW_V3_HPE38.mat,78.74410841,75.25050778,-3.493600633,0.955633498,mm_per_hr
39,intensity,30,3,0,WRFrain_noPGW_HPE39.mat,WRFrain_PGW_V3_HPE39.mat,64.1643788,63.54094982,-0.623428981,0.990283877,mm_per_hr
40,intensity,30,3,0,WRFrain_noPGW_HPE40.mat,WRFrain_PGW_V3_HPE40.mat,48.60856432,65.32300239,16.71443807,1.343857884,mm_per_hr
41,intensity,30,3,0,WRFrain_noPGW_HPE41.mat,WRFrain_PGW_V3_HPE41.mat,100.7102091,134.3703024,33.66009331,1.334227221,mm_per_hr
1,intensity,60,3,0,WRFrain_noPGW_HPE01.mat,WRFrain_PGW_V3_HPE01.mat,74.9804643,116.4481686,41.46770435,1.55304678,mm_per_hr
2,intensity,60,3,0,WRFrain_noPGW_HPE02.mat,WRFrain_PGW_V3_HPE02.mat,39.25292757,38.0882598,-1.164667765,0.970329149,mm_per_hr
3,intensity,60,3,0,WRFrain_noPGW_HPE03.mat,WRFrain_PGW_V3_HPE03.mat,63.87392786,67.60450172,3.730573866,1.058405268,mm_per_hr
4,intensity,60,3,0,WRFrain_noPGW_HPE04.mat,WRFrain_PGW_V3_HPE04.mat,45.91424052,76.5911221,30.67688158,1.668134357,mm_per_hr
5,intensity,60,3,0,WRFrain_noPGW_HPE05.mat,WRFrain_PGW_V3_HPE05.mat,31.348398,21.22811919,-10.1202788,0.677167592,mm_per_hr
6,intensity,60,3,0,WRFrain_noPGW_HPE06.mat,WRFrain_PGW_V3_HPE06.mat,44.73011133,13.95951937,-30.77059196,0.312083269,mm_per_hr
7,intensity,60,3,0,WRFrain_noPGW_HPE07.mat,WRFrain_PGW_V3_HPE07.mat,49.39984322,59.63870197,10.23885875,1.207265005,mm_per_hr
8,intensity,60,3,0,WRFrain_noPGW_HPE08.mat,WRFrain_PGW_V3_HPE08.mat,83.27314928,86.64681686,3.373667585,1.04051327,mm_per_hr
9,intensity,60,3,0,WRFrain_noPGW_HPE09.mat,WRFrain_PGW_V3_HPE09.mat,79.56636386,82.72904968,3.162685818,1.03974903,mm_per_hr
10,intensity,60,3,0,WRFrain_noPGW_HPE10.mat,WRFrain_PGW_V3_HPE10.mat,38.03099272,46.89323256,8.862239838,1.233026782,mm_per_hr
11,intensity,60,3,0,WRFrain_noPGW_HPE11.mat,WRFrain_PGW_V3_HPE11.mat,53.82613023,57.81887182,3.992741585,1.0741785,mm_per_hr
12,intensity,60,3,0,WRFrain_noPGW_HPE12.mat,WRFrain_PGW_V3_HPE12.mat,39.50191024,47.55949402,8.057583776,1.203979598,mm_per_hr
13,intensity,60,3,0,WRFrain_noPGW_HPE13.mat,WRFrain_PGW_V3_HPE13.mat,59.88537195,53.8923272,-5.993044747,0.89992473,mm_per_hr
14,intensity,60,3,0,WRFrain_noPGW_HPE14.mat,WRFrain_PGW_V3_HPE14.mat,60.60011249,50.37274382,-10.22736867,0.831231853,mm_per_hr
15,intensity,60,3,0,WRFrain_noPGW_HPE15.mat,WRFrain_PGW_V3_HPE15.mat,25.85446113,34.35557201,8.501110878,1.328806345,mm_per_hr
16,intensity,60,3,0,WRFrain_noPGW_HPE16.mat,WRFrain_PGW_V3_HPE16.mat,60.32473061,57.44061195,-2.884118663,0.952190111,mm_per_hr
17,intensity,60,3,0,WRFrain_noPGW_HPE17.mat,WRFrain_PGW_V3_HPE17.mat,55.48372608,66.53194375,11.04821767,1.199125373,mm_per_hr
18,intensity,60,3,0,WRFrain_noPGW_HPE18.mat,WRFrain_PGW_V3_HPE18.mat,66.04743528,64.45963415,-1.587801139,0.975959685,mm_per_hr
19,intensity,60,3,0,WRFrain_noPGW_HPE19.mat,WRFrain_PGW_V3_HPE19.mat,35.22641357,52.86242474,17.63601118,1.500647366,mm_per_hr
20,intensity,60,3,0,WRFrain_noPGW_HPE20.mat,WRFrain_PGW_V3_HPE20.mat,24.57523813,18.11163472,-6.46360341,0.73698715,mm_per_hr
21,intensity,60,3,0,WRFrain_noPGW_HPE21.mat,WRFrain_PGW_V3_HPE21.mat,24.06917424,30.68605773,6.616883493,1.274911114,mm_per_hr
22,intensity,60,3,0,WRFrain_noPGW_HPE22.mat,WRFrain_PGW_V3_HPE22.mat,44.16809856,60.26831033,16.10021178,1.364521279,mm_per_hr
23,intensity,60,3,0,WRFrain_noPGW_HPE23.mat,WRFrain_PGW_V3_HPE23.mat,64.11652279,68.49823952,4.381716728,1.0683399,mm_per_hr
24,intensity,60,3,0,WRFrain_noPGW_HPE24.mat,WRFrain_PGW_V3_HPE24.mat,51.21416304,73.68294695,22.46878391,1.438722076,mm_per_hr
25,intensity,60,3,0,WRFrain_noPGW_HPE25.mat,WRFrain_PGW_V3_HPE25.mat,39.26060285,40.87749661,1.616893768,1.041183621,mm_per_hr
26,intensity,60,3,0,WRFrain_noPGW_HPE26.mat,WRFrain_PGW_V3_HPE26.mat,39.22728313,48.98773723,9.760454098,1.248817999,mm_per_hr
27,intensity,60,3,0,WRFrain_noPGW_HPE27.mat,WRFrain_PGW_V3_HPE27.mat,42.4452307,72.91568597,30.47045528,1.717877009,mm_per_hr
28,intensity,60,3,0,WRFrain_noPGW_HPE28.mat,WRFrain_PGW_V3_HPE28.mat,48.59000736,52.29864015,3.708632787,1.07632501,mm_per_hr
29,intensity,60,3,0,WRFrain_noPGW_HPE29.mat,WRFrain_PGW_V3_HPE29.mat,71.94430319,64.63425038,-7.310052819,0.898392889,mm_per_hr
30,intensity,60,3,0,WRFrain_noPGW_HPE30.mat,WRFrain_PGW_V3_HPE30.mat,46.89482371,58.63366021,11.7388365,1.250322649,mm_per_hr
31,intensity,60,3,0,WRFrain_noPGW_HPE31.mat,WRFrain_PGW_V3_HPE31.mat,62.06511211,100.5517071,38.48659494,1.620100305,mm_per_hr
32,intensity,60,3,0,WRFrain_noPGW_HPE32.mat,WRFrain_PGW_V3_HPE32.mat,48.59940889,58.14155875,9.542149862,1.19634292,mm_per_hr
33,intensity,60,3,0,WRFrain_noPGW_HPE33.mat,WRFrain_PGW_V3_HPE33.mat,43.01855384,66.13806068,23.11950684,1.537431056,mm_per_hr
34,intensity,60,3,0,WRFrain_noPGW_HPE34.mat,WRFrain_PGW_V3_HPE34.mat,34.93644863,50.41992484,15.48347621,1.443189758,mm_per_hr
35,intensity,60,3,0,WRFrain_noPGW_HPE35.mat,WRFrain_PGW_V3_HPE35.mat,27.27146022,46.48308733,19.21162711,1.704459056,mm_per_hr
36,intensity,60,3,0,WRFrain_noPGW_HPE36.mat,WRFrain_PGW_V3_HPE36.mat,96.49635082,136.8913498,40.39499897,1.418616856,mm_per_hr
37,intensity,60,3,0,WRFrain_noPGW_HPE37.mat,WRFrain_PGW_V3_HPE37.mat,35.18590779,54.02494816,18.83904037,1.535414362,mm_per_hr
38,intensity,60,3,0,WRFrain_noPGW_HPE38.mat,WRFrain_PGW_V3_HPE38.mat,58.2198853,59.28470728,1.064821985,1.018289661,mm_per_hr
39,intensity,60,3,0,WRFrain_noPGW_HPE39.mat,WRFrain_PGW_V3_HPE39.mat,46.75915485,50.72573535,3.966580497,1.08483003,mm_per_hr
40,intensity,60,3,0,WRFrain_noPGW_HPE40.mat,WRFrain_PGW_V3_HPE40.mat,39.52029938,50.99433584,11.47403646,1.290332731,mm_per_hr
41,intensity,60,3,0,WRFrain_noPGW_HPE41.mat,WRFrain_PGW_V3_HPE41.mat,73.36321927,107.7491098,34.38589052,1.468707492,mm_per_hr
1,intensity,120,3,0,WRFrain_noPGW_HPE01.mat,WRFrain_PGW_V3_HPE01.mat,44.75013012,81.93683592,37.1867058,1.830985423,mm_per_hr
2,intensity,120,3,0,WRFrain_noPGW_HPE02.mat,WRFrain_PGW_V3_HPE02.mat,32.48114183,32.64551285,0.164371014,1.005060506,mm_per_hr
3,intensity,120,3,0,WRFrain_noPGW_HPE03.mat,WRFrain_PGW_V3_HPE03.mat,34.05271318,44.0774782,10.02476501,1.294389612,mm_per_hr
4,intensity,120,3,0,WRFrain_noPGW_HPE04.mat,WRFrain_PGW_V3_HPE04.mat,33.16986677,65.60159344,32.43172667,1.977746667,mm_per_hr
5,intensity,120,3,0,WRFrain_noPGW_HPE05.mat,WRFrain_PGW_V3_HPE05.mat,18.5359777,10.91435573,-7.621621968,0.588820072,mm_per_hr
6,intensity,120,3,0,WRFrain_noPGW_HPE06.mat,WRFrain_PGW_V3_HPE06.mat,35.46731623,7.056069251,-28.41124698,0.198945677,mm_per_hr
7,intensity,120,3,0,WRFrain_noPGW_HPE07.mat,WRFrain_PGW_V3_HPE07.mat,35.73882914,45.80728806,10.06845893,1.281723245,mm_per_hr
8,intensity,120,3,0,WRFrain_noPGW_HPE08.mat,WRFrain_PGW_V3_HPE08.mat,58.31704224,48.25480286,-10.06223938,0.82745628,mm_per_hr
9,intensity,120,3,0,WRFrain_noPGW_HPE09.mat,WRFrain_PGW_V3_HPE09.mat,57.31760195,58.41809294,1.100490994,1.019199879,mm_per_hr
10,intensity,120,3,0,WRFrain_noPGW_HPE10.mat,WRFrain_PGW_V3_HPE10.mat,23.10312483,33.83334319,10.73021836,1.464448789,mm_per_hr
11,intensity,120,3,0,WRFrain_noPGW_HPE11.mat,WRFrain_PGW_V3_HPE11.mat,37.64591683,51.74958791,14.10367107,1.374640127,mm_per_hr
12,intensity,120,3,0,WRFrain_noPGW_HPE12.mat,WRFrain_PGW_V3_HPE12.mat,23.95813582,32.1460317,8.187895881,1.341758472,mm_per_hr
13,intensity,120,3,0,WRFrain_noPGW_HPE13.mat,WRFrain_PGW_V3_HPE13.mat,30.37050851,38.98816564,8.617657132,1.283750834,mm_per_hr
14,intensity,120,3,0,WRFrain_noPGW_HPE14.mat,WRFrain_PGW_V3_HPE14.mat,45.50950209,39.52915245,-5.980349647,0.868591187,mm_per_hr
15,intensity,120,3,0,WRFrain_noPGW_HPE15.mat,WRFrain_PGW_V3_HPE15.mat,14.62778642,22.34636211,7.71857569,1.527665326,mm_per_hr
16,intensity,120,3,0,WRFrain_noPGW_HPE16.mat,WRFrain_PGW_V3_HPE16.mat,34.21261589,42.06458277,7.851966884,1.229505014,mm_per_hr
17,intensity,120,3,0,WRFrain_noPGW_HPE17.mat,WRFrain_PGW_V3_HPE17.mat,39.20466783,40.69414992,1.489482085,1.037992468,mm_per_hr
18,intensity,120,3,0,WRFrain_noPGW_HPE18.mat,WRFrain_PGW_V3_HPE18.mat,35.8205057,40.50662952,4.686123821,1.13082238,mm_per_hr
19,intensity,120,3,0,WRFrain_noPGW_HPE19.mat,WRFrain_PGW_V3_HPE19.mat,21.80568335,29.19842201,7.39273866,1.339028066,mm_per_hr
20,intensity,120,3,0,WRFrain_noPGW_HPE20.mat,WRFrain_PGW_V3_HPE20.mat,12.66047932,9.82798571,-2.832493613,0.776272798,mm_per_hr
21,intensity,120,3,0,WRFrain_noPGW_HPE21.mat,WRFrain_PGW_V3_HPE21.mat,14.50851285,15.87699194,1.368479091,1.094322492,mm_per_hr
22,intensity,120,3,0,WRFrain_noPGW_HPE22.mat,WRFrain_PGW_V3_HPE22.mat,31.3927589,36.93989219,5.547133287,1.176701044,mm_per_hr
23,intensity,120,3,0,WRFrain_noPGW_HPE23.mat,WRFrain_PGW_V3_HPE23.mat,36.39340213,52.86234829,16.46894617,1.452525601,mm_per_hr
24,intensity,120,3,0,WRFrain_noPGW_HPE24.mat,WRFrain_PGW_V3_HPE24.mat,34.00984912,53.22462421,19.21477509,1.564976781,mm_per_hr
25,intensity,120,3,0,WRFrain_noPGW_HPE25.mat,WRFrain_PGW_V3_HPE25.mat,23.6812031,25.80242333,2.121220233,1.089574006,mm_per_hr
26,intensity,120,3,0,WRFrain_noPGW_HPE26.mat,WRFrain_PGW_V3_HPE26.mat,24.46856425,31.30064397,6.832079728,1.27921866,mm_per_hr
27,intensity,120,3,0,WRFrain_noPGW_HPE27.mat,WRFrain_PGW_V3_HPE27.mat,28.1462965,44.46958775,16.32329125,1.57994455,mm_per_hr
28,intensity,120,3,0,WRFrain_noPGW_HPE28.mat,WRFrain_PGW_V3_HPE28.mat,30.4324113,34.35105909,3.918647793,1.128765603,mm_per_hr
29,intensity,120,3,0,WRFrain_noPGW_HPE29.mat,WRFrain_PGW_V3_HPE29.mat,44.7873395,36.95873234,-7.828607162,0.825204907,mm_per_hr
30,intensity,120,3,0,WRFrain_noPGW_HPE30.mat,WRFrain_PGW_V3_HPE30.mat,25.48563258,44.58929231,19.10365974,1.749585465,mm_per_hr
31,intensity,120,3,0,WRFrain_noPGW_HPE31.mat,WRFrain_PGW_V3_HPE31.mat,45.3129948,63.7385757,18.4255809,1.406629069,mm_per_hr
32,intensity,120,3,0,WRFrain_noPGW_HPE32.mat,WRFrain_PGW_V3_HPE32.mat,36.18096161,41.62184991,5.440888299,1.15037987,mm_per_hr
33,intensity,120,3,0,WRFrain_noPGW_HPE33.mat,WRFrain_PGW_V3_HPE33.mat,31.95225051,47.08870549,15.13645498,1.473721091,mm_per_hr
34,intensity,120,3,0,WRFrain_noPGW_HPE34.mat,WRFrain_PGW_V3_HPE34.mat,26.78923194,27.7065968,0.917364862,1.034243791,mm_per_hr
35,intensity,120,3,0,WRFrain_noPGW_HPE35.mat,WRFrain_PGW_V3_HPE35.mat,17.62661235,31.22797563,13.60136329,1.771637965,mm_per_hr
36,intensity,120,3,0,WRFrain_noPGW_HPE36.mat,WRFrain_PGW_V3_HPE36.mat,67.75272645,77.83867518,10.08594873,1.148864101,mm_per_hr
37,intensity,120,3,0,WRFrain_noPGW_HPE37.mat,WRFrain_PGW_V3_HPE37.mat,22.11228501,28.17330511,6.061020096,1.274101934,mm_per_hr
38,intensity,120,3,0,WRFrain_noPGW_HPE38.mat,WRFrain_PGW_V3_HPE38.mat,36.1412966,37.62771855,1.486421956,1.041128075,mm_per_hr
39,intensity,120,3,0,WRFrain_noPGW_HPE39.mat,WRFrain_PGW_V3_HPE39.mat,28.44907002,27.8931804,-0.555889623,0.980460183,mm_per_hr
40,intensity,120,3,0,WRFrain_noPGW_HPE40.mat,WRFrain_PGW_V3_HPE40.mat,30.50449165,29.99601457,-0.508477079,0.983331075,mm_per_hr
41,intensity,120,3,0,WRFrain_noPGW_HPE41.mat,WRFrain_PGW_V3_HPE41.mat,45.87587892,63.41967315,17.54379423,1.382418706,mm_per_hr
1,intensity,240,3,0,WRFrain_noPGW_HPE01.mat,WRFrain_PGW_V3_HPE01.mat,29.60596085,43.01688444,13.4109236,1.452980522,mm_per_hr
2,intensity,240,3,0,WRFrain_noPGW_HPE02.mat,WRFrain_PGW_V3_HPE02.mat,24.14114486,23.04212385,-1.099021011,0.954475191,mm_per_hr
3,intensity,240,3,0,WRFrain_noPGW_HPE03.mat,WRFrain_PGW_V3_HPE03.mat,24.93356154,31.95236799,7.018806458,1.281500356,mm_per_hr
4,intensity,240,3,0,WRFrain_noPGW_HPE04.mat,WRFrain_PGW_V3_HPE04.mat,25.10348278,38.73820368,13.63472091,1.543140608,mm_per_hr
5,intensity,240,3,0,WRFrain_noPGW_HPE05.mat,WRFrain_PGW_V3_HPE05.mat,9.59347398,6.235037637,-3.358436343,0.649924902,mm_per_hr
6,intensity,240,3,0,WRFrain_noPGW_HPE06.mat,WRFrain_PGW_V3_HPE06.mat,22.47050652,3.528608265,-18.94189825,0.157032876,mm_per_hr
7,intensity,240,3,0,WRFrain_noPGW_HPE07.mat,WRFrain_PGW_V3_HPE07.mat,19.49153809,32.69906327,13.20752519,1.677603026,mm_per_hr
8,intensity,240,3,0,WRFrain_noPGW_HPE08.mat,WRFrain_PGW_V3_HPE08.mat,36.24189552,26.54376068,-9.698134833,0.732405419,mm_per_hr
9,intensity,240,3,0,WRFrain_noPGW_HPE09.mat,WRFrain_PGW_V3_HPE09.mat,38.16000546,41.90011258,3.740107112,1.098011179,mm_per_hr
10,intensity,240,3,0,WRFrain_noPGW_HPE10.mat,WRFrain_PGW_V3_HPE10.mat,18.64107047,19.42993378,0.788863311,1.042318563,mm_per_hr
11,intensity,240,3,0,WRFrain_noPGW_HPE11.mat,WRFrain_PGW_V3_HPE11.mat,21.68010733,38.43299982,16.75289249,1.772731068,mm_per_hr
12,intensity,240,3,0,WRFrain_noPGW_HPE12.mat,WRFrain_PGW_V3_HPE12.mat,13.39768929,18.69163995,5.293950664,1.395139083,mm_per_hr
13,intensity,240,3,0,WRFrain_noPGW_HPE13.mat,WRFrain_PGW_V3_HPE13.mat,20.93052623,21.58341295,0.652886715,1.031193039,mm_per_hr
14,intensity,240,3,0,WRFrain_noPGW_HPE14.mat,WRFrain_PGW_V3_HPE14.mat,30.48467249,26.08880249,-4.395870008,0.855800648,mm_per_hr
15,intensity,240,3,0,WRFrain_noPGW_HPE15.mat,WRFrain_PGW_V3_HPE15.mat,11.78299872,14.52075768,2.737758954,1.232348235,mm_per_hr
16,intensity,240,3,0,WRFrain_noPGW_HPE16.mat,WRFrain_PGW_V3_HPE16.mat,18.45439825,24.1335754,5.679177152,1.307741118,mm_per_hr
17,intensity,240,3,0,WRFrain_noPGW_HPE17.mat,WRFrain_PGW_V3_HPE17.mat,25.85556168,23.75839965,-2.097162035,0.918889326,mm_per_hr
18,intensity,240,3,0,WRFrain_noPGW_HPE18.mat,WRFrain_PGW_V3_HPE18.mat,19.70580139,25.08586958,5.380068183,1.273019507,mm_per_hr
19,intensity,240,3,0,WRFrain_noPGW_HPE19.mat,WRFrain_PGW_V3_HPE19.mat,11.51386427,15.10078184,3.586917573,1.311530299,mm_per_hr
20,intensity,240,3,0,WRFrain_noPGW_HPE20.mat,WRFrain_PGW_V3_HPE20.mat,6.464315415,4.923590685,-1.54072473,0.761656938,mm_per_hr
21,intensity,240,3,0,WRFrain_noPGW_HPE21.mat,WRFrain_PGW_V3_HPE21.mat,7.322399331,7.940694648,0.618295316,1.084438896,mm_per_hr
22,intensity,240,3,0,WRFrain_noPGW_HPE22.mat,WRFrain_PGW_V3_HPE22.mat,18.82507428,23.06143588,4.236361605,1.225038241,mm_per_hr
23,intensity,240,3,0,WRFrain_noPGW_HPE23.mat,WRFrain_PGW_V3_HPE23.mat,18.30517546,38.3116463,20.00647084,2.092940676,mm_per_hr
24,intensity,240,3,0,WRFrain_noPGW_HPE24.mat,WRFrain_PGW_V3_HPE24.mat,18.22134972,30.32418378,12.10283407,1.664211722,mm_per_hr
25,intensity,240,3,0,WRFrain_noPGW_HPE25.mat,WRFrain_PGW_V3_HPE25.mat,12.02221998,15.43171741,3.409497433,1.283599655,mm_per_hr
26,intensity,240,3,0,WRFrain_noPGW_HPE26.mat,WRFrain_PGW_V3_HPE26.mat,14.1991513,16.3681077,2.168956398,1.152752538,mm_per_hr
27,intensity,240,3,0,WRFrain_noPGW_HPE27.mat,WRFrain_PGW_V3_HPE27.mat,18.80078612,25.97357019,7.172784064,1.381515114,mm_per_hr
28,intensity,240,3,0,WRFrain_noPGW_HPE28.mat,WRFrain_PGW_V3_HPE28.mat,16.69115893,18.89675562,2.205596692,1.132141615,mm_per_hr
29,intensity,240,3,0,WRFrain_noPGW_HPE29.mat,WRFrain_PGW_V3_HPE29.mat,27.91243054,19.1469336,-8.765496949,0.685964397,mm_per_hr
30,intensity,240,3,0,WRFrain_noPGW_HPE30.mat,WRFrain_PGW_V3_HPE30.mat,15.32860025,32.0699624,16.74136215,2.092165095,mm_per_hr
31,intensity,240,3,0,WRFrain_noPGW_HPE31.mat,WRFrain_PGW_V3_HPE31.mat,27.84379024,34.27625846,6.432468216,1.231019849,mm_per_hr
32,intensity,240,3,0,WRFrain_noPGW_HPE32.mat,WRFrain_PGW_V3_HPE32.mat,22.96120506,26.23089504,3.269689984,1.142400626,mm_per_hr
33,intensity,240,3,0,WRFrain_noPGW_HPE33.mat,WRFrain_PGW_V3_HPE33.mat,19.02673107,32.50639052,13.47965945,1.708459031,mm_per_hr
34,intensity,240,3,0,WRFrain_noPGW_HPE34.mat,WRFrain_PGW_V3_HPE34.mat,15.8170388,17.63796367,1.820924865,1.115124259,mm_per_hr
35,intensity,240,3,0,WRFrain_noPGW_HPE35.mat,WRFrain_PGW_V3_HPE35.mat,13.55458175,17.21418317,3.659601423,1.269989992,mm_per_hr
36,intensity,240,3,0,WRFrain_noPGW_HPE36.mat,WRFrain_PGW_V3_HPE36.mat,45.05357214,42.67049175,-2.38308039,0.947105628,mm_per_hr
37,intensity,240,3,0,WRFrain_noPGW_HPE37.mat,WRFrain_PGW_V3_HPE37.mat,12.23930704,14.43990257,2.200595534,1.179797396,mm_per_hr
38,intensity,240,3,0,WRFrain_noPGW_HPE38.mat,WRFrain_PGW_V3_HPE38.mat,24.71431739,18.85418211,-5.860135284,0.762885003,mm_per_hr
39,intensity,240,3,0,WRFrain_noPGW_HPE39.mat,WRFrain_PGW_V3_HPE39.mat,17.33975903,18.036196,0.696436968,1.040164166,mm_per_hr
40,intensity,240,3,0,WRFrain_noPGW_HPE40.mat,WRFrain_PGW_V3_HPE40.mat,19.54862671,16.27290041,-3.275726298,0.832431897,mm_per_hr
41,intensity,240,3,0,WRFrain_noPGW_HPE41.mat,WRFrain_PGW_V3_HPE41.mat,27.29156941,37.97862212,10.68705272,1.39158806,mm_per_hr
1,intensity,360,3,0,WRFrain_noPGW_HPE01.mat,WRFrain_PGW_V3_HPE01.mat,21.89459903,28.67865506,6.784056031,1.309850663,mm_per_hr
2,intensity,360,3,0,WRFrain_noPGW_HPE02.mat,WRFrain_PGW_V3_HPE02.mat,18.32756396,16.76742322,-1.560140733,0.914874626,mm_per_hr
3,intensity,360,3,0,WRFrain_noPGW_HPE03.mat,WRFrain_PGW_V3_HPE03.mat,22.4019863,26.74107036,4.33908406,1.193691934,mm_per_hr
4,intensity,360,3,0,WRFrain_noPGW_HPE04.mat,WRFrain_PGW_V3_HPE04.mat,18.7834118,29.64735949,10.86394769,1.578379892,mm_per_hr
5,intensity,360,3,0,WRFrain_noPGW_HPE05.mat,WRFrain_PGW_V3_HPE05.mat,6.41251671,4.864902068,-1.547614642,0.758657215,mm_per_hr
6,intensity,360,3,0,WRFrain_noPGW_HPE06.mat,WRFrain_PGW_V3_HPE06.mat,16.22488153,2.452636056,-13.77224547,0.151165113,mm_per_hr
7,intensity,360,3,0,WRFrain_noPGW_HPE07.mat,WRFrain_PGW_V3_HPE07.mat,13.18040217,24.85237157,11.6719694,1.885554875,mm_per_hr
8,intensity,360,3,0,WRFrain_noPGW_HPE08.mat,WRFrain_PGW_V3_HPE08.mat,24.98791518,17.69600869,-7.291906489,0.708182678,mm_per_hr
9,intensity,360,3,0,WRFrain_noPGW_HPE09.mat,WRFrain_PGW_V3_HPE09.mat,26.32877696,32.39742155,6.068644594,1.23049474,mm_per_hr
10,intensity,360,3,0,WRFrain_noPGW_HPE10.mat,WRFrain_PGW_V3_HPE10.mat,13.66078532,13.60696078,-0.053824546,0.996059923,mm_per_hr
11,intensity,360,3,0,WRFrain_noPGW_HPE11.mat,WRFrain_PGW_V3_HPE11.mat,14.8705634,28.91516122,14.04459782,1.944456336,mm_per_hr
12,intensity,360,3,0,WRFrain_noPGW_HPE12.mat,WRFrain_PGW_V3_HPE12.mat,11.52126284,13.99086892,2.469606082,1.21435203,mm_per_hr
13,intensity,360,3,0,WRFrain_noPGW_HPE13.mat,WRFrain_PGW_V3_HPE13.mat,17.15359625,14.65706742,-2.496528833,0.854460324,mm_per_hr
14,intensity,360,3,0,WRFrain_noPGW_HPE14.mat,WRFrain_PGW_V3_HPE14.mat,23.19517075,18.27779429,-4.917376458,0.787999989,mm_per_hr
15,intensity,360,3,0,WRFrain_noPGW_HPE15.mat,WRFrain_PGW_V3_HPE15.mat,10.080905,12.26246827,2.181563271,1.216405499,mm_per_hr
16,intensity,360,3,0,WRFrain_noPGW_HPE16.mat,WRFrain_PGW_V3_HPE16.mat,12.40237935,16.14195961,3.73958026,1.301521197,mm_per_hr
17,intensity,360,3,0,WRFrain_noPGW_HPE17.mat,WRFrain_PGW_V3_HPE17.mat,18.07154539,17.09965022,-0.971895165,0.946219588,mm_per_hr
18,intensity,360,3,0,WRFrain_noPGW_HPE18.mat,WRFrain_PGW_V3_HPE18.mat,13.14099896,19.57075641,6.429757453,1.489289853,mm_per_hr
19,intensity,360,3,0,WRFrain_noPGW_HPE19.mat,WRFrain_PGW_V3_HPE19.mat,7.818575576,11.03181984,3.213244262,1.41097566,mm_per_hr
20,intensity,360,3,0,WRFrain_noPGW_HPE20.mat,WRFrain_PGW_V3_HPE20.mat,4.30954361,3.28290052,-1.026643089,0.761774521,mm_per_hr
21,intensity,360,3,0,WRFrain_noPGW_HPE21.mat,WRFrain_PGW_V3_HPE21.mat,4.883379526,5.293801233,0.410421707,1.084044606,mm_per_hr
22,intensity,360,3,0,WRFrain_noPGW_HPE22.mat,WRFrain_PGW_V3_HPE22.mat,17.29889094,20.93069474,3.631803797,1.209944314,mm_per_hr
23,intensity,360,3,0,WRFrain_noPGW_HPE23.mat,WRFrain_PGW_V3_HPE23.mat,12.21530103,29.99731961,17.78201858,2.455716772,mm_per_hr
24,intensity,360,3,0,WRFrain_noPGW_HPE24.mat,WRFrain_PGW_V3_HPE24.mat,14.83223032,20.29312416,5.460893843,1.368177525,mm_per_hr
25,intensity,360,3,0,WRFrain_noPGW_HPE25.mat,WRFrain_PGW_V3_HPE25.mat,8.263928767,12.84074781,4.57681904,1.553830892,mm_per_hr
26,intensity,360,3,0,WRFrain_noPGW_HPE26.mat,WRFrain_PGW_V3_HPE26.mat,9.650944785,11.22377758,1.572832792,1.162971898,mm_per_hr
27,intensity,360,3,0,WRFrain_noPGW_HPE27.mat,WRFrain_PGW_V3_HPE27.mat,14.24094938,22.11532017,7.874370787,1.552938612,mm_per_hr
28,intensity,360,3,0,WRFrain_noPGW_HPE28.mat,WRFrain_PGW_V3_HPE28.mat,11.51561135,13.963652,2.448040649,1.212584515,mm_per_hr
29,intensity,360,3,0,WRFrain_noPGW_HPE29.mat,WRFrain_PGW_V3_HPE29.mat,18.87709426,12.80443331,-6.072660949,0.678305312,mm_per_hr
30,intensity,360,3,0,WRFrain_noPGW_HPE30.mat,WRFrain_PGW_V3_HPE30.mat,12.33915232,25.04149939,12.70234707,2.029434335,mm_per_hr
31,intensity,360,3,0,WRFrain_noPGW_HPE31.mat,WRFrain_PGW_V3_HPE31.mat,19.36859386,22.85305735,3.484463489,1.17990276,mm_per_hr
32,intensity,360,3,0,WRFrain_noPGW_HPE32.mat,WRFrain_PGW_V3_HPE32.mat,17.01656349,18.16882896,1.152265478,1.067714347,mm_per_hr
33,intensity,360,3,0,WRFrain_noPGW_HPE33.mat,WRFrain_PGW_V3_HPE33.mat,13.4456878,23.82200637,10.37631857,1.771720921,mm_per_hr
34,intensity,360,3,0,WRFrain_noPGW_HPE34.mat,WRFrain_PGW_V3_HPE34.mat,11.28212173,14.49557608,3.213454352,1.28482713,mm_per_hr
35,intensity,360,3,0,WRFrain_noPGW_HPE35.mat,WRFrain_PGW_V3_HPE35.mat,9.507238105,12.91367312,3.406435013,1.358299116,mm_per_hr
36,intensity,360,3,0,WRFrain_noPGW_HPE36.mat,WRFrain_PGW_V3_HPE36.mat,33.70152347,29.78805757,-3.913465897,0.883878665,mm_per_hr
37,intensity,360,3,0,WRFrain_noPGW_HPE37.mat,WRFrain_PGW_V3_HPE37.mat,8.384581216,9.773803198,1.389221981,1.165687701,mm_per_hr
38,intensity,360,3,0,WRFrain_noPGW_HPE38.mat,WRFrain_PGW_V3_HPE38.mat,16.65458341,12.5796809,-4.074902508,0.755328464,mm_per_hr
39,intensity,360,3,0,WRFrain_noPGW_HPE39.mat,WRFrain_PGW_V3_HPE39.mat,12.95608887,13.47102887,0.514940003,1.039745019,mm_per_hr
40,intensity,360,3,0,WRFrain_noPGW_HPE40.mat,WRFrain_PGW_V3_HPE40.mat,13.80077329,11.23308063,-2.567692662,0.81394574,mm_per_hr
41,intensity,360,3,0,WRFrain_noPGW_HPE41.mat,WRFrain_PGW_V3_HPE41.mat,20.22822225,27.97114568,7.742923436,1.382778246,mm_per_hr
1,intensity,720,3,0,WRFrain_noPGW_HPE01.mat,WRFrain_PGW_V3_HPE01.mat,11.23930122,14.69395989,3.45465867,1.307373083,mm_per_hr
2,intensity,720,3,0,WRFrain_noPGW_HPE02.mat,WRFrain_PGW_V3_HPE02.mat,10.65979334,10.73345853,0.073665186,1.006910564,mm_per_hr
3,intensity,720,3,0,WRFrain_noPGW_HPE03.mat,WRFrain_PGW_V3_HPE03.mat,16.20310119,18.66960801,2.466506817,1.152224367,mm_per_hr
4,intensity,720,3,0,WRFrain_noPGW_HPE04.mat,WRFrain_PGW_V3_HPE04.mat,14.30412031,22.71326899,8.409148675,1.587882966,mm_per_hr
5,intensity,720,3,0,WRFrain_noPGW_HPE05.mat,WRFrain_PGW_V3_HPE05.mat,3.942618442,2.432476698,-1.510141744,0.616969847,mm_per_hr
6,intensity,720,3,0,WRFrain_noPGW_HPE06.mat,WRFrain_PGW_V3_HPE06.mat,8.281628556,1.554624304,-6.727004252,0.187719637,mm_per_hr
7,intensity,720,3,0,WRFrain_noPGW_HPE07.mat,WRFrain_PGW_V3_HPE07.mat,7.463272238,12.43761672,4.974344485,1.666509853,mm_per_hr
8,intensity,720,3,0,WRFrain_noPGW_HPE08.mat,WRFrain_PGW_V3_HPE08.mat,13.5879188,9.389423467,-4.198495335,0.691012627,mm_per_hr
9,intensity,720,3,0,WRFrain_noPGW_HPE09.mat,WRFrain_PGW_V3_HPE09.mat,16.97524042,17.40175025,0.426509826,1.025125407,mm_per_hr
10,intensity,720,3,0,WRFrain_noPGW_HPE10.mat,WRFrain_PGW_V3_HPE10.mat,7.996710813,9.365575261,1.368864448,1.171178436,mm_per_hr
11,intensity,720,3,0,WRFrain_noPGW_HPE11.mat,WRFrain_PGW_V3_HPE11.mat,7.882297339,15.06557926,7.183281916,1.911318313,mm_per_hr
12,intensity,720,3,0,WRFrain_noPGW_HPE12.mat,WRFrain_PGW_V3_HPE12.mat,6.911247183,8.94786538,2.036618197,1.294681719,mm_per_hr
13,intensity,720,3,0,WRFrain_noPGW_HPE13.mat,WRFrain_PGW_V3_HPE13.mat,8.62556801,8.328079224,-0.297488787,0.965510818,mm_per_hr
14,intensity,720,3,0,WRFrain_noPGW_HPE14.mat,WRFrain_PGW_V3_HPE14.mat,12.91032344,11.74495832,-1.16536512,0.909733856,mm_per_hr
15,intensity,720,3,0,WRFrain_noPGW_HPE15.mat,WRFrain_PGW_V3_HPE15.mat,8.26836926,9.249910001,0.981540742,1.118710318,mm_per_hr
16,intensity,720,3,0,WRFrain_noPGW_HPE16.mat,WRFrain_PGW_V3_HPE16.mat,6.574347957,9.263356562,2.689008605,1.409015255,mm_per_hr
17,intensity,720,3,0,WRFrain_noPGW_HPE17.mat,WRFrain_PGW_V3_HPE17.mat,10.6813242,10.19254441,-0.488779792,0.954239776,mm_per_hr
18,intensity,720,3,0,WRFrain_noPGW_HPE18.mat,WRFrain_PGW_V3_HPE18.mat,6.570499478,10.03389201,3.463392537,1.52711252,mm_per_hr
19,intensity,720,3,0,WRFrain_noPGW_HPE19.mat,WRFrain_PGW_V3_HPE19.mat,4.254784743,5.806694702,1.551909959,1.364744647,mm_per_hr
20,intensity,720,3,0,WRFrain_noPGW_HPE20.mat,WRFrain_PGW_V3_HPE20.mat,2.154771805,1.64145026,-0.513321545,0.761774521,mm_per_hr
21,intensity,720,3,0,WRFrain_noPGW_HPE21.mat,WRFrain_PGW_V3_HPE21.mat,2.441689763,2.646900617,0.205210854,1.084044606,mm_per_hr
22,intensity,720,3,0,WRFrain_noPGW_HPE22.mat,WRFrain_PGW_V3_HPE22.mat,10.91689242,10.86954205,-0.047350364,0.995662652,mm_per_hr
23,intensity,720,3,0,WRFrain_noPGW_HPE23.mat,WRFrain_PGW_V3_HPE23.mat,7.18340653,15.24695991,8.063553377,2.122524995,mm_per_hr
24,intensity,720,3,0,WRFrain_noPGW_HPE24.mat,WRFrain_PGW_V3_HPE24.mat,8.934474451,12.52259643,3.588121979,1.401604146,mm_per_hr
25,intensity,720,3,0,WRFrain_noPGW_HPE25.mat,WRFrain_PGW_V3_HPE25.mat,5.194720074,6.969661883,1.774941809,1.341681897,mm_per_hr
26,intensity,720,3,0,WRFrain_noPGW_HPE26.mat,WRFrain_PGW_V3_HPE26.mat,5.053275093,5.612852759,0.559577665,1.110735643,mm_per_hr
27,intensity,720,3,0,WRFrain_noPGW_HPE27.mat,WRFrain_PGW_V3_HPE27.mat,9.458371215,11.93353482,2.475163601,1.261690258,mm_per_hr
28,intensity,720,3,0,WRFrain_noPGW_HPE28.mat,WRFrain_PGW_V3_HPE28.mat,7.917321982,8.151580071,0.234258089,1.029588046,mm_per_hr
29,intensity,720,3,0,WRFrain_noPGW_HPE29.mat,WRFrain_PGW_V3_HPE29.mat,9.452301474,7.146160249,-2.306141224,0.75602331,mm_per_hr
30,intensity,720,3,0,WRFrain_noPGW_HPE30.mat,WRFrain_PGW_V3_HPE30.mat,9.094614974,14.25376934,5.159154371,1.567275732,mm_per_hr
31,intensity,720,3,0,WRFrain_noPGW_HPE31.mat,WRFrain_PGW_V3_HPE31.mat,9.83002649,11.43147128,1.60144479,1.162913578,mm_per_hr
32,intensity,720,3,0,WRFrain_noPGW_HPE32.mat,WRFrain_PGW_V3_HPE32.mat,9.58247492,9.094742775,-0.487732146,0.949101652,mm_per_hr
33,intensity,720,3,0,WRFrain_noPGW_HPE33.mat,WRFrain_PGW_V3_HPE33.mat,8.354741802,12.60981908,4.255077275,1.509300871,mm_per_hr
34,intensity,720,3,0,WRFrain_noPGW_HPE34.mat,WRFrain_PGW_V3_HPE34.mat,8.099588253,9.592296388,1.492708136,1.184294323,mm_per_hr
35,intensity,720,3,0,WRFrain_noPGW_HPE35.mat,WRFrain_PGW_V3_HPE35.mat,5.816937738,9.924328239,4.107390501,1.706108727,mm_per_hr
36,intensity,720,3,0,WRFrain_noPGW_HPE36.mat,WRFrain_PGW_V3_HPE36.mat,17.32568921,17.3676044,0.041915185,1.002419251,mm_per_hr
37,intensity,720,3,0,WRFrain_noPGW_HPE37.mat,WRFrain_PGW_V3_HPE37.mat,4.383857953,4.887626892,0.503768939,1.114914521,mm_per_hr
38,intensity,720,3,0,WRFrain_noPGW_HPE38.mat,WRFrain_PGW_V3_HPE38.mat,8.449900577,6.494478937,-1.955421641,0.768586432,mm_per_hr
39,intensity,720,3,0,WRFrain_noPGW_HPE39.mat,WRFrain_PGW_V3_HPE39.mat,7.233538087,7.58901065,0.355472563,1.049142281,mm_per_hr
40,intensity,720,3,0,WRFrain_noPGW_HPE40.mat,WRFrain_PGW_V3_HPE40.mat,7.056511436,5.616651265,-1.439860172,0.795952974,mm_per_hr
41,intensity,720,3,0,WRFrain_noPGW_HPE41.mat,WRFrain_PGW_V3_HPE41.mat,12.18055561,14.28763545,2.107079837,1.172987169,mm_per_hr
1,intensity,1440,3,0,WRFrain_noPGW_HPE01.mat,WRFrain_PGW_V3_HPE01.mat,6.662350865,7.381879213,0.719528347,1.107999168,mm_per_hr
2,intensity,1440,3,0,WRFrain_noPGW_HPE02.mat,WRFrain_PGW_V3_HPE02.mat,6.704275052,8.019025343,1.314750292,1.196106258,mm_per_hr
3,intensity,1440,3,0,WRFrain_noPGW_HPE03.mat,WRFrain_PGW_V3_HPE03.mat,10.54139718,11.38852909,0.847131906,1.080362393,mm_per_hr
4,intensity,1440,3,0,WRFrain_noPGW_HPE04.mat,WRFrain_PGW_V3_HPE04.mat,9.77924739,15.23200448,5.452757094,1.557584533,mm_per_hr
5,intensity,1440,3,0,WRFrain_noPGW_HPE05.mat,WRFrain_PGW_V3_HPE05.mat,1.971309221,1.216238349,-0.755070872,0.616969847,mm_per_hr
6,intensity,1440,3,0,WRFrain_noPGW_HPE06.mat,WRFrain_PGW_V3_HPE06.mat,4.214802789,0.800326854,-3.414475935,0.189884769,mm_per_hr
7,intensity,1440,3,0,WRFrain_noPGW_HPE07.mat,WRFrain_PGW_V3_HPE07.mat,4.309622759,6.544304135,2.234681376,1.518532944,mm_per_hr
8,intensity,1440,3,0,WRFrain_noPGW_HPE08.mat,WRFrain_PGW_V3_HPE08.mat,7.497826733,6.871327548,-0.626499185,0.916442563,mm_per_hr
9,intensity,1440,3,0,WRFrain_noPGW_HPE09.mat,WRFrain_PGW_V3_HPE09.mat,9.153054644,9.010271209,-0.142783434,0.984400461,mm_per_hr
10,intensity,1440,3,0,WRFrain_noPGW_HPE10.mat,WRFrain_PGW_V3_HPE10.mat,5.044601864,6.48722193,1.442620065,1.285973027,mm_per_hr
11,intensity,1440,3,0,WRFrain_noPGW_HPE11.mat,WRFrain_PGW_V3_HPE11.mat,4.010027369,7.557796682,3.547769314,1.884724464,mm_per_hr
12,intensity,1440,3,0,WRFrain_noPGW_HPE12.mat,WRFrain_PGW_V3_HPE12.mat,5.272400538,5.792000099,0.519599561,1.098550851,mm_per_hr
13,intensity,1440,3,0,WRFrain_noPGW_HPE13.mat,WRFrain_PGW_V3_HPE13.mat,4.510014269,4.66348843,0.153474161,1.03402964,mm_per_hr
14,intensity,1440,3,0,WRFrain_noPGW_HPE14.mat,WRFrain_PGW_V3_HPE14.mat,8.16642791,7.668227382,-0.498200528,0.93899407,mm_per_hr
15,intensity,1440,3,0,WRFrain_noPGW_HPE15.mat,WRFrain_PGW_V3_HPE15.mat,5.574099311,6.901003811,1.3269045,1.238048235,mm_per_hr
16,intensity,1440,3,0,WRFrain_noPGW_HPE16.mat,WRFrain_PGW_V3_HPE16.mat,3.858386561,5.173411142,1.315024581,1.340822403,mm_per_hr
17,intensity,1440,3,0,WRFrain_noPGW_HPE17.mat,WRFrain_PGW_V3_HPE17.mat,5.698389521,5.645197627,-0.053191894,0.990665451,mm_per_hr
18,intensity,1440,3,0,WRFrain_noPGW_HPE18.mat,WRFrain_PGW_V3_HPE18.mat,3.285249739,5.017524648,1.73227491,1.527288653,mm_per_hr
19,intensity,1440,3,0,WRFrain_noPGW_HPE19.mat,WRFrain_PGW_V3_HPE19.mat,2.711834855,3.017876519,0.306041665,1.112854094,mm_per_hr
20,intensity,1440,3,0,WRFrain_noPGW_HPE20.mat,WRFrain_PGW_V3_HPE20.mat,1.077385902,0.82072513,-0.256660772,0.761774521,mm_per_hr
21,intensity,1440,3,0,WRFrain_noPGW_HPE21.mat,WRFrain_PGW_V3_HPE21.mat,NaN,NaN,NaN,NaN,mm_per_hr
22,intensity,1440,3,0,WRFrain_noPGW_HPE22.mat,WRFrain_PGW_V3_HPE22.mat,5.629734697,5.482995759,-0.146738938,0.973935017,mm_per_hr
23,intensity,1440,3,0,WRFrain_noPGW_HPE23.mat,WRFrain_PGW_V3_HPE23.mat,3.670113554,7.79554134,4.125427786,2.124059985,mm_per_hr
24,intensity,1440,3,0,WRFrain_noPGW_HPE24.mat,WRFrain_PGW_V3_HPE24.mat,5.90753188,8.027091591,2.119559712,1.358789382,mm_per_hr
25,intensity,1440,3,0,WRFrain_noPGW_HPE25.mat,WRFrain_PGW_V3_HPE25.mat,3.676680971,4.009316211,0.33263524,1.090471608,mm_per_hr
26,intensity,1440,3,0,WRFrain_noPGW_HPE26.mat,WRFrain_PGW_V3_HPE26.mat,2.791866574,3.172530286,0.380663712,1.136347387,mm_per_hr
27,intensity,1440,3,0,WRFrain_noPGW_HPE27.mat,WRFrain_PGW_V3_HPE27.mat,5.124509864,6.079337464,0.9548276,1.186325644,mm_per_hr
28,intensity,1440,3,0,WRFrain_noPGW_HPE28.mat,WRFrain_PGW_V3_HPE28.mat,4.495836828,4.425388791,-0.070448037,0.984330384,mm_per_hr
29,intensity,1440,3,0,WRFrain_noPGW_HPE29.mat,WRFrain_PGW_V3_HPE29.mat,4.726150737,3.592612328,-1.133538408,0.760156103,mm_per_hr
30,intensity,1440,3,0,WRFrain_noPGW_HPE30.mat,WRFrain_PGW_V3_HPE30.mat,5.921107936,10.30687545,4.385767518,1.740700485,mm_per_hr
31,intensity,1440,3,0,WRFrain_noPGW_HPE31.mat,WRFrain_PGW_V3_HPE31.mat,5.187044027,5.720291619,0.533247591,1.102803753,mm_per_hr
32,intensity,1440,3,0,WRFrain_noPGW_HPE32.mat,WRFrain_PGW_V3_HPE32.mat,6.268303677,4.963276192,-1.305027485,0.791805319,mm_per_hr
33,intensity,1440,3,0,WRFrain_noPGW_HPE33.mat,WRFrain_PGW_V3_HPE33.mat,5.644380991,7.166025834,1.521644843,1.269585778,mm_per_hr
34,intensity,1440,3,0,WRFrain_noPGW_HPE34.mat,WRFrain_PGW_V3_HPE34.mat,6.226454594,6.805958995,0.579504402,1.093071329,mm_per_hr
35,intensity,1440,3,0,WRFrain_noPGW_HPE35.mat,WRFrain_PGW_V3_HPE35.mat,4.364489414,6.931368307,2.566878893,1.588128106,mm_per_hr
36,intensity,1440,3,0,WRFrain_noPGW_HPE36.mat,WRFrain_PGW_V3_HPE36.mat,9.158204239,9.375129417,0.216925178,1.023686432,mm_per_hr
37,intensity,1440,3,0,WRFrain_noPGW_HPE37.mat,WRFrain_PGW_V3_HPE37.mat,2.191944227,2.443813446,0.251869219,1.114906764,mm_per_hr
38,intensity,1440,3,0,WRFrain_noPGW_HPE38.mat,WRFrain_PGW_V3_HPE38.mat,4.285066887,3.732734699,-0.552332188,0.871103018,mm_per_hr
39,intensity,1440,3,0,WRFrain_noPGW_HPE39.mat,WRFrain_PGW_V3_HPE39.mat,4.119055994,3.839252957,-0.279803038,0.932071077,mm_per_hr
40,intensity,1440,3,0,WRFrain_noPGW_HPE40.mat,WRFrain_PGW_V3_HPE40.mat,3.803268463,2.808325632,-0.994942831,0.738397949,mm_per_hr
41,intensity,1440,3,0,WRFrain_noPGW_HPE41.mat,WRFrain_PGW_V3_HPE41.mat,6.09212911,7.149517908,1.057388798,1.17356638,mm_per_hr
1,total,0,10,0,WRFrain_noPGW_HPE01.mat,WRFrain_PGW_V3_HPE01.mat,156.0732437,120.6236019,-35.44964179,0.772865349,mm
2,total,0,10,0,WRFrain_noPGW_HPE02.mat,WRFrain_PGW_V3_HPE02.mat,263.7561547,275.1819668,11.42581214,1.043319604,mm
3,total,0,10,0,WRFrain_noPGW_HPE03.mat,WRFrain_PGW_V3_HPE03.mat,235.6876969,236.69426,1.00656311,1.004270749,mm
4,total,0,10,0,WRFrain_noPGW_HPE04.mat,WRFrain_PGW_V3_HPE04.mat,328.8545657,403.0600622,74.20549643,1.225648369,mm
5,total,0,10,0,WRFrain_noPGW_HPE05.mat,WRFrain_PGW_V3_HPE05.mat,27.77155549,18.91268966,-8.858865831,0.681009375,mm
6,total,0,10,0,WRFrain_noPGW_HPE06.mat,WRFrain_PGW_V3_HPE06.mat,66.24565515,13.38284152,-52.86281363,0.202018404,mm
7,total,0,10,0,WRFrain_noPGW_HPE07.mat,WRFrain_PGW_V3_HPE07.mat,97.31064838,109.6575962,12.34694778,1.126881775,mm
8,total,0,10,0,WRFrain_noPGW_HPE08.mat,WRFrain_PGW_V3_HPE08.mat,165.8865878,149.0466679,-16.8399199,0.898485344,mm
9,total,0,10,0,WRFrain_noPGW_HPE09.mat,WRFrain_PGW_V3_HPE09.mat,240.1283299,210.2653798,-29.86295015,0.875637539,mm
10,total,0,10,0,WRFrain_noPGW_HPE10.mat,WRFrain_PGW_V3_HPE10.mat,201.5187691,229.6966458,28.17787669,1.139827555,mm
11,total,0,10,0,WRFrain_noPGW_HPE11.mat,WRFrain_PGW_V3_HPE11.mat,83.99459845,105.4543021,21.45970364,1.255489091,mm
12,total,0,10,0,WRFrain_noPGW_HPE12.mat,WRFrain_PGW_V3_HPE12.mat,210.9574174,157.8547224,-53.10269499,0.748277659,mm
13,total,0,10,0,WRFrain_noPGW_HPE13.mat,WRFrain_PGW_V3_HPE13.mat,84.04503621,91.86242774,7.817391529,1.093014316,mm
14,total,0,10,0,WRFrain_noPGW_HPE14.mat,WRFrain_PGW_V3_HPE14.mat,261.5946831,256.9921133,-4.602569742,0.982405721,mm
15,total,0,10,0,WRFrain_noPGW_HPE15.mat,WRFrain_PGW_V3_HPE15.mat,115.7096865,140.9471862,25.2374997,1.218110518,mm
16,total,0,10,0,WRFrain_noPGW_HPE16.mat,WRFrain_PGW_V3_HPE16.mat,81.81107387,88.11990828,6.308834412,1.077114675,mm
17,total,0,10,0,WRFrain_noPGW_HPE17.mat,WRFrain_PGW_V3_HPE17.mat,108.9518505,113.2173945,4.265543971,1.039150725,mm
18,total,0,10,0,WRFrain_noPGW_HPE18.mat,WRFrain_PGW_V3_HPE18.mat,54.03106697,83.97466543,29.94359846,1.554192248,mm
19,total,0,10,0,WRFrain_noPGW_HPE19.mat,WRFrain_PGW_V3_HPE19.mat,42.60007124,51.65997127,9.059900026,1.212673354,mm
20,total,0,10,0,WRFrain_noPGW_HPE20.mat,WRFrain_PGW_V3_HPE20.mat,17.775542,12.13171635,-5.643825649,0.682494877,mm
21,total,0,10,0,WRFrain_noPGW_HPE21.mat,WRFrain_PGW_V3_HPE21.mat,16.0402962,15.50262701,-0.537669197,0.966480095,mm
22,total,0,10,0,WRFrain_noPGW_HPE22.mat,WRFrain_PGW_V3_HPE22.mat,133.6482564,110.6832799,-22.96497645,0.828168529,mm
23,total,0,10,0,WRFrain_noPGW_HPE23.mat,WRFrain_PGW_V3_HPE23.mat,93.07977722,137.9400808,44.86030354,1.481955424,mm
24,total,0,10,0,WRFrain_noPGW_HPE24.mat,WRFrain_PGW_V3_HPE24.mat,292.4084842,311.7767413,19.36825714,1.066236988,mm
25,total,0,10,0,WRFrain_noPGW_HPE25.mat,WRFrain_PGW_V3_HPE25.mat,103.8484205,94.8137157,-9.034704784,0.913001038,mm
26,total,0,10,0,WRFrain_noPGW_HPE26.mat,WRFrain_PGW_V3_HPE26.mat,91.45140121,82.34444643,-9.106954778,0.900417548,mm
27,total,0,10,0,WRFrain_noPGW_HPE27.mat,WRFrain_PGW_V3_HPE27.mat,143.2578717,120.0071606,-23.25071104,0.83770029,mm
28,total,0,10,0,WRFrain_noPGW_HPE28.mat,WRFrain_PGW_V3_HPE28.mat,101.244262,111.2451138,10.00085182,1.098779443,mm
29,total,0,10,0,WRFrain_noPGW_HPE29.mat,WRFrain_PGW_V3_HPE29.mat,104.7715097,61.61005028,-43.16145939,0.588042021,mm
30,total,0,10,0,WRFrain_noPGW_HPE30.mat,WRFrain_PGW_V3_HPE30.mat,178.1418904,279.1259224,100.984032,1.566874146,mm
31,total,0,10,0,WRFrain_noPGW_HPE31.mat,WRFrain_PGW_V3_HPE31.mat,73.79513289,86.1848029,12.38967001,1.16789278,mm
32,total,0,10,0,WRFrain_noPGW_HPE32.mat,WRFrain_PGW_V3_HPE32.mat,156.965147,110.246891,-46.71825606,0.702365417,mm
33,total,0,10,0,WRFrain_noPGW_HPE33.mat,WRFrain_PGW_V3_HPE33.mat,141.0802912,158.476597,17.39630578,1.123307839,mm
34,total,0,10,0,WRFrain_noPGW_HPE34.mat,WRFrain_PGW_V3_HPE34.mat,278.0114908,315.8833354,37.87184458,1.136224026,mm
35,total,0,10,0,WRFrain_noPGW_HPE35.mat,WRFrain_PGW_V3_HPE35.mat,170.4979403,167.3607355,-3.137204811,0.98159975,mm
36,total,0,10,0,WRFrain_noPGW_HPE36.mat,WRFrain_PGW_V3_HPE36.mat,171.5186274,199.105567,27.58693961,1.160839321,mm
37,total,0,10,0,WRFrain_noPGW_HPE37.mat,WRFrain_PGW_V3_HPE37.mat,45.90131649,44.16942937,-1.73188712,0.962269337,mm
38,total,0,10,0,WRFrain_noPGW_HPE38.mat,WRFrain_PGW_V3_HPE38.mat,80.30652214,93.95163813,13.64511599,1.169912924,mm
39,total,0,10,0,WRFrain_noPGW_HPE39.mat,WRFrain_PGW_V3_HPE39.mat,66.16216603,56.33359269,-9.828573344,0.851447225,mm
40,total,0,10,0,WRFrain_noPGW_HPE40.mat,WRFrain_PGW_V3_HPE40.mat,74.96785585,44.3822255,-30.58563035,0.592016738,mm
41,total,0,10,0,WRFrain_noPGW_HPE41.mat,WRFrain_PGW_V3_HPE41.mat,177.1837047,147.1745222,-30.00918243,0.83063238,mm
1,intensity,10,10,0,WRFrain_noPGW_HPE01.mat,WRFrain_PGW_V3_HPE01.mat,172.0963837,230.1014065,58.00502277,1.337049632,mm_per_hr
2,intensity,10,10,0,WRFrain_noPGW_HPE02.mat,WRFrain_PGW_V3_HPE02.mat,35.6416452,61.60879749,25.96715228,1.728562111,mm_per_hr
3,intensity,10,10,0,WRFrain_noPGW_HPE03.mat,WRFrain_PGW_V3_HPE03.mat,69.26451359,71.18357506,1.91906147,1.027706272,mm_per_hr
4,intensity,10,10,0,WRFrain_noPGW_HPE04.mat,WRFrain_PGW_V3_HPE04.mat,43.63057336,59.53049343,15.89992007,1.364421525,mm_per_hr
5,intensity,10,10,0,WRFrain_noPGW_HPE05.mat,WRFrain_PGW_V3_HPE05.mat,33.33260536,20.15907426,-13.1735311,0.604785436,mm_per_hr
6,intensity,10,10,0,WRFrain_noPGW_HPE06.mat,WRFrain_PGW_V3_HPE06.mat,31.29120651,14.23257304,-17.05863347,0.454842578,mm_per_hr
7,intensity,10,10,0,WRFrain_noPGW_HPE07.mat,WRFrain_PGW_V3_HPE07.mat,41.75948713,63.46699373,21.7075066,1.519822155,mm_per_hr
8,intensity,10,10,0,WRFrain_noPGW_HPE08.mat,WRFrain_PGW_V3_HPE08.mat,120.7531627,142.2990225,21.54585983,1.178428948,mm_per_hr
9,intensity,10,10,0,WRFrain_noPGW_HPE09.mat,WRFrain_PGW_V3_HPE09.mat,68.1844693,87.19770103,19.01323174,1.27884989,mm_per_hr
10,intensity,10,10,0,WRFrain_noPGW_HPE10.mat,WRFrain_PGW_V3_HPE10.mat,40.38759825,61.68128941,21.29369116,1.52723341,mm_per_hr
11,intensity,10,10,0,WRFrain_noPGW_HPE11.mat,WRFrain_PGW_V3_HPE11.mat,31.59016442,29.01599516,-2.574169264,0.918513585,mm_per_hr
12,intensity,10,10,0,WRFrain_noPGW_HPE12.mat,WRFrain_PGW_V3_HPE12.mat,42.83668533,43.74549728,0.908811958,1.02121574,mm_per_hr
13,intensity,10,10,0,WRFrain_noPGW_HPE13.mat,WRFrain_PGW_V3_HPE13.mat,40.31079838,44.17598006,3.865181685,1.095884523,mm_per_hr
14,intensity,10,10,0,WRFrain_noPGW_HPE14.mat,WRFrain_PGW_V3_HPE14.mat,111.9796595,94.99304003,-16.98661943,0.848306206,mm_per_hr
15,intensity,10,10,0,WRFrain_noPGW_HPE15.mat,WRFrain_PGW_V3_HPE15.mat,47.34100657,50.00559465,2.664588089,1.05628499,mm_per_hr
16,intensity,10,10,0,WRFrain_noPGW_HPE16.mat,WRFrain_PGW_V3_HPE16.mat,48.02649044,55.19234047,7.165850029,1.149206198,mm_per_hr
17,intensity,10,10,0,WRFrain_noPGW_HPE17.mat,WRFrain_PGW_V3_HPE17.mat,44.9979566,45.10733981,0.109383209,1.002430848,mm_per_hr
18,intensity,10,10,0,WRFrain_noPGW_HPE18.mat,WRFrain_PGW_V3_HPE18.mat,45.4402985,37.27219402,-8.168104477,0.82024536,mm_per_hr
19,intensity,10,10,0,WRFrain_noPGW_HPE19.mat,WRFrain_PGW_V3_HPE19.mat,41.59143056,71.66606787,30.07463731,1.723096967,mm_per_hr
20,intensity,10,10,0,WRFrain_noPGW_HPE20.mat,WRFrain_PGW_V3_HPE20.mat,19.78901456,12.75080658,-7.038207978,0.644337622,mm_per_hr
21,intensity,10,10,0,WRFrain_noPGW_HPE21.mat,WRFrain_PGW_V3_HPE21.mat,13.92258991,15.97603205,2.053442139,1.147489954,mm_per_hr
22,intensity,10,10,0,WRFrain_noPGW_HPE22.mat,WRFrain_PGW_V3_HPE22.mat,46.15189968,40.14329475,-6.008604927,0.869808069,mm_per_hr
23,intensity,10,10,0,WRFrain_noPGW_HPE23.mat,WRFrain_PGW_V3_HPE23.mat,40.96056107,61.64069358,20.68013251,1.504879132,mm_per_hr
24,intensity,10,10,0,WRFrain_noPGW_HPE24.mat,WRFrain_PGW_V3_HPE24.mat,41.12397469,67.24168808,26.11771339,1.635097011,mm_per_hr
25,intensity,10,10,0,WRFrain_noPGW_HPE25.mat,WRFrain_PGW_V3_HPE25.mat,30.17732446,38.69387981,8.51655535,1.282217046,mm_per_hr
26,intensity,10,10,0,WRFrain_noPGW_HPE26.mat,WRFrain_PGW_V3_HPE26.mat,38.89954545,37.47298582,-1.426559629,0.963327087,mm_per_hr
27,intensity,10,10,0,WRFrain_noPGW_HPE27.mat,WRFrain_PGW_V3_HPE27.mat,54.07002731,78.05366278,23.98363546,1.44356618,mm_per_hr
28,intensity,10,10,0,WRFrain_noPGW_HPE28.mat,WRFrain_PGW_V3_HPE28.mat,33.66910492,66.89615398,33.22704906,1.986870579,mm_per_hr
29,intensity,10,10,0,WRFrain_noPGW_HPE29.mat,WRFrain_PGW_V3_HPE29.mat,59.99226837,59.16552552,-0.826742849,0.986219177,mm_per_hr
30,intensity,10,10,0,WRFrain_noPGW_HPE30.mat,WRFrain_PGW_V3_HPE30.mat,59.71039398,69.21905319,9.50865921,1.159246298,mm_per_hr
31,intensity,10,10,0,WRFrain_noPGW_HPE31.mat,WRFrain_PGW_V3_HPE31.mat,41.19760583,53.11552061,11.91791478,1.289286587,mm_per_hr
32,intensity,10,10,0,WRFrain_noPGW_HPE32.mat,WRFrain_PGW_V3_HPE32.mat,59.91892396,59.90584351,-0.013080454,0.999781697,mm_per_hr
33,intensity,10,10,0,WRFrain_noPGW_HPE33.mat,WRFrain_PGW_V3_HPE33.mat,37.42055351,60.01121246,22.59065895,1.603696547,mm_per_hr
34,intensity,10,10,0,WRFrain_noPGW_HPE34.mat,WRFrain_PGW_V3_HPE34.mat,41.12984482,51.9030861,10.77324128,1.261932456,mm_per_hr
35,intensity,10,10,0,WRFrain_noPGW_HPE35.mat,WRFrain_PGW_V3_HPE35.mat,25.17492843,50.66533798,25.49040955,2.01253156,mm_per_hr
36,intensity,10,10,0,WRFrain_noPGW_HPE36.mat,WRFrain_PGW_V3_HPE36.mat,69.30657291,116.4051256,47.09855267,1.679568339,mm_per_hr
37,intensity,10,10,0,WRFrain_noPGW_HPE37.mat,WRFrain_PGW_V3_HPE37.mat,72.52366616,59.99592404,-12.52774212,0.827259944,mm_per_hr
38,intensity,10,10,0,WRFrain_noPGW_HPE38.mat,WRFrain_PGW_V3_HPE38.mat,51.53341467,51.97028244,0.436867769,1.008477369,mm_per_hr
39,intensity,10,10,0,WRFrain_noPGW_HPE39.mat,WRFrain_PGW_V3_HPE39.mat,35.84599561,48.89294961,13.046954,1.363972426,mm_per_hr
40,intensity,10,10,0,WRFrain_noPGW_HPE40.mat,WRFrain_PGW_V3_HPE40.mat,43.54869578,47.3552702,3.806574419,1.087409608,mm_per_hr
41,intensity,10,10,0,WRFrain_noPGW_HPE41.mat,WRFrain_PGW_V3_HPE41.mat,70.30825281,80.80986763,10.50161482,1.149365322,mm_per_hr
1,intensity,20,10,0,WRFrain_noPGW_HPE01.mat,WRFrain_PGW_V3_HPE01.mat,110.5830937,168.2185777,57.63548399,1.521196162,mm_per_hr
2,intensity,20,10,0,WRFrain_noPGW_HPE02.mat,WRFrain_PGW_V3_HPE02.mat,32.42147552,44.10085254,11.67937702,1.360235826,mm_per_hr
3,intensity,20,10,0,WRFrain_noPGW_HPE03.mat,WRFrain_PGW_V3_HPE03.mat,59.23988365,62.54184242,3.301958771,1.055738779,mm_per_hr
4,intensity,20,10,0,WRFrain_noPGW_HPE04.mat,WRFrain_PGW_V3_HPE04.mat,34.45370018,50.90964892,16.45594874,1.477625006,mm_per_hr
5,intensity,20,10,0,WRFrain_noPGW_HPE05.mat,WRFrain_PGW_V3_HPE05.mat,23.2756984,12.87337254,-10.40232586,0.553082117,mm_per_hr
6,intensity,20,10,0,WRFrain_noPGW_HPE06.mat,WRFrain_PGW_V3_HPE06.mat,29.61076758,11.36160609,-18.2491615,0.383698466,mm_per_hr
7,intensity,20,10,0,WRFrain_noPGW_HPE07.mat,WRFrain_PGW_V3_HPE07.mat,36.21584681,58.42684273,22.21099592,1.613294949,mm_per_hr
8,intensity,20,10,0,WRFrain_noPGW_HPE08.mat,WRFrain_PGW_V3_HPE08.mat,109.1048497,98.91934997,-10.18549973,0.906644849,mm_per_hr
9,intensity,20,10,0,WRFrain_noPGW_HPE09.mat,WRFrain_PGW_V3_HPE09.mat,64.39818111,82.74070484,18.34252373,1.284829842,mm_per_hr
10,intensity,20,10,0,WRFrain_noPGW_HPE10.mat,WRFrain_PGW_V3_HPE10.mat,33.7450474,53.01085131,19.26580391,1.570922414,mm_per_hr
11,intensity,20,10,0,WRFrain_noPGW_HPE11.mat,WRFrain_PGW_V3_HPE11.mat,29.33793731,26.21329362,-3.124643691,0.893494772,mm_per_hr
12,intensity,20,10,0,WRFrain_noPGW_HPE12.mat,WRFrain_PGW_V3_HPE12.mat,35.25009868,42.33440575,7.084307064,1.200972687,mm_per_hr
13,intensity,20,10,0,WRFrain_noPGW_HPE13.mat,WRFrain_PGW_V3_HPE13.mat,37.32041897,38.52710427,1.206685301,1.032333112,mm_per_hr
14,intensity,20,10,0,WRFrain_noPGW_HPE14.mat,WRFrain_PGW_V3_HPE14.mat,69.53800133,64.36280668,-5.17519465,0.925577461,mm_per_hr
15,intensity,20,10,0,WRFrain_noPGW_HPE15.mat,WRFrain_PGW_V3_HPE15.mat,34.53236318,34.77235464,0.23999146,1.006949755,mm_per_hr
16,intensity,20,10,0,WRFrain_noPGW_HPE16.mat,WRFrain_PGW_V3_HPE16.mat,39.0420488,50.10803868,11.06598988,1.283437735,mm_per_hr
17,intensity,20,10,0,WRFrain_noPGW_HPE17.mat,WRFrain_PGW_V3_HPE17.mat,42.26665518,38.15516167,-4.111493511,0.90272489,mm_per_hr
18,intensity,20,10,0,WRFrain_noPGW_HPE18.mat,WRFrain_PGW_V3_HPE18.mat,43.84259194,34.95915125,-8.883440688,0.797378752,mm_per_hr
19,intensity,20,10,0,WRFrain_noPGW_HPE19.mat,WRFrain_PGW_V3_HPE19.mat,33.67674208,58.04086905,24.36412697,1.723470427,mm_per_hr
20,intensity,20,10,0,WRFrain_noPGW_HPE20.mat,WRFrain_PGW_V3_HPE20.mat,18.42129098,12.54877941,-5.872511576,0.681210639,mm_per_hr
21,intensity,20,10,0,WRFrain_noPGW_HPE21.mat,WRFrain_PGW_V3_HPE21.mat,12.45494741,14.94861512,2.493667709,1.200215033,mm_per_hr
22,intensity,20,10,0,WRFrain_noPGW_HPE22.mat,WRFrain_PGW_V3_HPE22.mat,42.85742892,34.19541212,-8.662016802,0.797887624,mm_per_hr
23,intensity,20,10,0,WRFrain_noPGW_HPE23.mat,WRFrain_PGW_V3_HPE23.mat,39.24117187,52.48047635,13.23930449,1.337383005,mm_per_hr
24,intensity,20,10,0,WRFrain_noPGW_HPE24.mat,WRFrain_PGW_V3_HPE24.mat,35.92498581,51.93562491,16.0106391,1.445668627,mm_per_hr
25,intensity,20,10,0,WRFrain_noPGW_HPE25.mat,WRFrain_PGW_V3_HPE25.mat,27.08065536,31.04236767,3.961712312,1.146293074,mm_per_hr
26,intensity,20,10,0,WRFrain_noPGW_HPE26.mat,WRFrain_PGW_V3_HPE26.mat,33.2993129,34.9538282,1.654515302,1.049686169,mm_per_hr
27,intensity,20,10,0,WRFrain_noPGW_HPE27.mat,WRFrain_PGW_V3_HPE27.mat,43.69357944,66.66286706,22.96928761,1.525690225,mm_per_hr
28,intensity,20,10,0,WRFrain_noPGW_HPE28.mat,WRFrain_PGW_V3_HPE28.mat,30.10556883,50.25844422,20.15287539,1.669406896,mm_per_hr
29,intensity,20,10,0,WRFrain_noPGW_HPE29.mat,WRFrain_PGW_V3_HPE29.mat,59.07982635,50.04401094,-9.035815415,0.847057516,mm_per_hr
30,intensity,20,10,0,WRFrain_noPGW_HPE30.mat,WRFrain_PGW_V3_HPE30.mat,46.36533025,55.89275927,9.527429023,1.20548606,mm_per_hr
31,intensity,20,10,0,WRFrain_noPGW_HPE31.mat,WRFrain_PGW_V3_HPE31.mat,34.79974931,47.75642138,12.95667207,1.372320845,mm_per_hr
32,intensity,20,10,0,WRFrain_noPGW_HPE32.mat,WRFrain_PGW_V3_HPE32.mat,41.57908489,50.08607665,8.506991751,1.204597859,mm_per_hr
33,intensity,20,10,0,WRFrain_noPGW_HPE33.mat,WRFrain_PGW_V3_HPE33.mat,34.73228096,56.64725807,21.91497711,1.630968554,mm_per_hr
34,intensity,20,10,0,WRFrain_noPGW_HPE34.mat,WRFrain_PGW_V3_HPE34.mat,32.16224007,36.24438412,4.082144051,1.126923499,mm_per_hr
35,intensity,20,10,0,WRFrain_noPGW_HPE35.mat,WRFrain_PGW_V3_HPE35.mat,20.04270633,42.97690597,22.93419964,2.144266611,mm_per_hr
36,intensity,20,10,0,WRFrain_noPGW_HPE36.mat,WRFrain_PGW_V3_HPE36.mat,65.48955156,105.5242774,40.03472586,1.611314704,mm_per_hr
37,intensity,20,10,0,WRFrain_noPGW_HPE37.mat,WRFrain_PGW_V3_HPE37.mat,48.40898312,48.7393298,0.330346684,1.006824078,mm_per_hr
38,intensity,20,10,0,WRFrain_noPGW_HPE38.mat,WRFrain_PGW_V3_HPE38.mat,44.97582639,45.99067757,1.014851178,1.02256437,mm_per_hr
39,intensity,20,10,0,WRFrain_noPGW_HPE39.mat,WRFrain_PGW_V3_HPE39.mat,34.74848382,44.87393516,10.12545134,1.291392608,mm_per_hr
40,intensity,20,10,0,WRFrain_noPGW_HPE40.mat,WRFrain_PGW_V3_HPE40.mat,38.89586054,41.91974675,3.023886215,1.077743137,mm_per_hr
41,intensity,20,10,0,WRFrain_noPGW_HPE41.mat,WRFrain_PGW_V3_HPE41.mat,65.99295289,65.72915583,-0.263797059,0.996002648,mm_per_hr
1,intensity,30,10,0,WRFrain_noPGW_HPE01.mat,WRFrain_PGW_V3_HPE01.mat,80.33397064,131.007112,50.67314137,1.630780988,mm_per_hr
2,intensity,30,10,0,WRFrain_noPGW_HPE02.mat,WRFrain_PGW_V3_HPE02.mat,29.97167084,37.44294172,7.471270881,1.249277757,mm_per_hr
3,intensity,30,10,0,WRFrain_noPGW_HPE03.mat,WRFrain_PGW_V3_HPE03.mat,54.85398052,55.50435547,0.650374947,1.011856477,mm_per_hr
4,intensity,30,10,0,WRFrain_noPGW_HPE04.mat,WRFrain_PGW_V3_HPE04.mat,32.74706911,47.68675733,14.93968822,1.456214514,mm_per_hr
5,intensity,30,10,0,WRFrain_noPGW_HPE05.mat,WRFrain_PGW_V3_HPE05.mat,17.56106505,10.63582616,-6.925238887,0.605648127,mm_per_hr
6,intensity,30,10,0,WRFrain_noPGW_HPE06.mat,WRFrain_PGW_V3_HPE06.mat,27.79934608,9.226831402,-18.57251468,0.331908217,mm_per_hr
7,intensity,30,10,0,WRFrain_noPGW_HPE07.mat,WRFrain_PGW_V3_HPE07.mat,32.83774403,47.77154581,14.93380178,1.45477551,mm_per_hr
8,intensity,30,10,0,WRFrain_noPGW_HPE08.mat,WRFrain_PGW_V3_HPE08.mat,95.22423656,73.38663716,-21.8375994,0.770671835,mm_per_hr
9,intensity,30,10,0,WRFrain_noPGW_HPE09.mat,WRFrain_PGW_V3_HPE09.mat,62.6189653,78.42423004,15.80526474,1.252403799,mm_per_hr
10,intensity,30,10,0,WRFrain_noPGW_HPE10.mat,WRFrain_PGW_V3_HPE10.mat,29.62946304,44.24996071,14.62049767,1.49344457,mm_per_hr
11,intensity,30,10,0,WRFrain_noPGW_HPE11.mat,WRFrain_PGW_V3_HPE11.mat,27.36871527,22.54149182,-4.827223449,0.823622578,mm_per_hr
12,intensity,30,10,0,WRFrain_noPGW_HPE12.mat,WRFrain_PGW_V3_HPE12.mat,30.40681369,39.11044418,8.70363049,1.286239478,mm_per_hr
13,intensity,30,10,0,WRFrain_noPGW_HPE13.mat,WRFrain_PGW_V3_HPE13.mat,32.08195588,35.96552954,3.883573656,1.121051649,mm_per_hr
14,intensity,30,10,0,WRFrain_noPGW_HPE14.mat,WRFrain_PGW_V3_HPE14.mat,63.89280013,55.5301088,-8.362691336,0.869113714,mm_per_hr
15,intensity,30,10,0,WRFrain_noPGW_HPE15.mat,WRFrain_PGW_V3_HPE15.mat,26.29612582,27.05822375,0.762097931,1.028981377,mm_per_hr
16,intensity,30,10,0,WRFrain_noPGW_HPE16.mat,WRFrain_PGW_V3_HPE16.mat,37.06737926,43.23073502,6.163355751,1.166274387,mm_per_hr
17,intensity,30,10,0,WRFrain_noPGW_HPE17.mat,WRFrain_PGW_V3_HPE17.mat,40.19127209,34.72678429,-5.464487801,0.864037949,mm_per_hr
18,intensity,30,10,0,WRFrain_noPGW_HPE18.mat,WRFrain_PGW_V3_HPE18.mat,39.68589934,34.05288098,-5.633018355,0.858059955,mm_per_hr
19,intensity,30,10,0,WRFrain_noPGW_HPE19.mat,WRFrain_PGW_V3_HPE19.mat,29.45944948,51.74904212,22.28959264,1.756619456,mm_per_hr
20,intensity,30,10,0,WRFrain_noPGW_HPE20.mat,WRFrain_PGW_V3_HPE20.mat,17.85678158,11.92387053,-5.932911046,0.667750259,mm_per_hr
21,intensity,30,10,0,WRFrain_noPGW_HPE21.mat,WRFrain_PGW_V3_HPE21.mat,11.41222418,14.00135597,2.589131797,1.226873549,mm_per_hr
22,intensity,30,10,0,WRFrain_noPGW_HPE22.mat,WRFrain_PGW_V3_HPE22.mat,39.16845037,29.06466091,-10.10378946,0.742042655,mm_per_hr
23,intensity,30,10,0,WRFrain_noPGW_HPE23.mat,WRFrain_PGW_V3_HPE23.mat,37.46164093,42.67789881,5.216257875,1.139242642,mm_per_hr
24,intensity,30,10,0,WRFrain_noPGW_HPE24.mat,WRFrain_PGW_V3_HPE24.mat,33.46611984,46.7672316,13.30111176,1.397450072,mm_per_hr
25,intensity,30,10,0,WRFrain_noPGW_HPE25.mat,WRFrain_PGW_V3_HPE25.mat,24.45488995,25.77649165,1.321601701,1.054042431,mm_per_hr
26,intensity,30,10,0,WRFrain_noPGW_HPE26.mat,WRFrain_PGW_V3_HPE26.mat,26.72711458,32.20250699,5.475392408,1.204862833,mm_per_hr
27,intensity,30,10,0,WRFrain_noPGW_HPE27.mat,WRFrain_PGW_V3_HPE27.mat,37.4591021,57.3182427,19.85914061,1.530155276,mm_per_hr
28,intensity,30,10,0,WRFrain_noPGW_HPE28.mat,WRFrain_PGW_V3_HPE28.mat,25.09167496,39.33206882,14.24039387,1.567534606,mm_per_hr
29,intensity,30,10,0,WRFrain_noPGW_HPE29.mat,WRFrain_PGW_V3_HPE29.mat,56.22783624,46.67450859,-9.553327646,0.830096118,mm_per_hr
30,intensity,30,10,0,WRFrain_noPGW_HPE30.mat,WRFrain_PGW_V3_HPE30.mat,39.65878933,44.95309065,5.294301319,1.133496292,mm_per_hr
31,intensity,30,10,0,WRFrain_noPGW_HPE31.mat,WRFrain_PGW_V3_HPE31.mat,31.1832395,45.52639952,14.34316002,1.459963758,mm_per_hr
32,intensity,30,10,0,WRFrain_noPGW_HPE32.mat,WRFrain_PGW_V3_HPE32.mat,32.53242157,37.07226201,4.539840446,1.139548187,mm_per_hr
33,intensity,30,10,0,WRFrain_noPGW_HPE33.mat,WRFrain_PGW_V3_HPE33.mat,31.95772385,52.25942772,20.30170387,1.635267517,mm_per_hr
34,intensity,30,10,0,WRFrain_noPGW_HPE34.mat,WRFrain_PGW_V3_HPE34.mat,27.61636398,32.21867264,4.602308655,1.166651506,mm_per_hr
35,intensity,30,10,0,WRFrain_noPGW_HPE35.mat,WRFrain_PGW_V3_HPE35.mat,15.19460159,36.61066085,21.41605926,2.409451846,mm_per_hr
36,intensity,30,10,0,WRFrain_noPGW_HPE36.mat,WRFrain_PGW_V3_HPE36.mat,59.68919441,88.68349148,28.99429707,1.485754538,mm_per_hr
37,intensity,30,10,0,WRFrain_noPGW_HPE37.mat,WRFrain_PGW_V3_HPE37.mat,36.37190205,42.55051097,6.178608918,1.169873132,mm_per_hr
38,intensity,30,10,0,WRFrain_noPGW_HPE38.mat,WRFrain_PGW_V3_HPE38.mat,42.0110985,42.40373807,0.392639573,1.009346092,mm_per_hr
39,intensity,30,10,0,WRFrain_noPGW_HPE39.mat,WRFrain_PGW_V3_HPE39.mat,31.20309255,39.82133346,8.618240916,1.276198294,mm_per_hr
40,intensity,30,10,0,WRFrain_noPGW_HPE40.mat,WRFrain_PGW_V3_HPE40.mat,32.33052884,36.6871665,4.356637653,1.134753059,mm_per_hr
41,intensity,30,10,0,WRFrain_noPGW_HPE41.mat,WRFrain_PGW_V3_HPE41.mat,59.95045751,58.9194572,-1.031000309,0.982802461,mm_per_hr
1,intensity,60,10,0,WRFrain_noPGW_HPE01.mat,WRFrain_PGW_V3_HPE01.mat,47.16061982,77.77500966,30.61438984,1.649151558,mm_per_hr
2,intensity,60,10,0,WRFrain_noPGW_HPE02.mat,WRFrain_PGW_V3_HPE02.mat,26.37077606,23.82435441,-2.546421652,0.903437743,mm_per_hr
3,intensity,60,10,0,WRFrain_noPGW_HPE03.mat,WRFrain_PGW_V3_HPE03.mat,44.67788322,49.26907967,4.591196442,1.102762175,mm_per_hr
4,intensity,60,10,0,WRFrain_noPGW_HPE04.mat,WRFrain_PGW_V3_HPE04.mat,24.29756401,37.47999886,13.18243484,1.542541419,mm_per_hr
5,intensity,60,10,0,WRFrain_noPGW_HPE05.mat,WRFrain_PGW_V3_HPE05.mat,12.75202965,9.240785222,-3.511244432,0.724652112,mm_per_hr
6,intensity,60,10,0,WRFrain_noPGW_HPE06.mat,WRFrain_PGW_V3_HPE06.mat,24.38465271,7.384155081,-17.00049763,0.302819776,mm_per_hr
7,intensity,60,10,0,WRFrain_noPGW_HPE07.mat,WRFrain_PGW_V3_HPE07.mat,23.09647969,30.00320098,6.906721292,1.299037835,mm_per_hr
8,intensity,60,10,0,WRFrain_noPGW_HPE08.mat,WRFrain_PGW_V3_HPE08.mat,62.77732364,45.9344589,-16.84286474,0.731704639,mm_per_hr
9,intensity,60,10,0,WRFrain_noPGW_HPE09.mat,WRFrain_PGW_V3_HPE09.mat,46.56436104,57.40877949,10.84441845,1.232890954,mm_per_hr
10,intensity,60,10,0,WRFrain_noPGW_HPE10.mat,WRFrain_PGW_V3_HPE10.mat,23.97408119,27.90844131,3.934360123,1.164108901,mm_per_hr
11,intensity,60,10,0,WRFrain_noPGW_HPE11.mat,WRFrain_PGW_V3_HPE11.mat,22.31900214,20.47144632,-1.847555823,0.917220501,mm_per_hr
12,intensity,60,10,0,WRFrain_noPGW_HPE12.mat,WRFrain_PGW_V3_HPE12.mat,23.26035731,32.95017487,9.689817557,1.41658077,mm_per_hr
13,intensity,60,10,0,WRFrain_noPGW_HPE13.mat,WRFrain_PGW_V3_HPE13.mat,26.19063205,26.81219732,0.621565266,1.023732351,mm_per_hr
14,intensity,60,10,0,WRFrain_noPGW_HPE14.mat,WRFrain_PGW_V3_HPE14.mat,45.80821082,35.26513168,-10.54307914,0.769843027,mm_per_hr
15,intensity,60,10,0,WRFrain_noPGW_HPE15.mat,WRFrain_PGW_V3_HPE15.mat,15.72008269,20.40001393,4.679931241,1.297703984,mm_per_hr
16,intensity,60,10,0,WRFrain_noPGW_HPE16.mat,WRFrain_PGW_V3_HPE16.mat,29.68577051,37.53856049,7.852789978,1.264530441,mm_per_hr
17,intensity,60,10,0,WRFrain_noPGW_HPE17.mat,WRFrain_PGW_V3_HPE17.mat,27.62719824,27.40691374,-0.2202845,0.992026535,mm_per_hr
18,intensity,60,10,0,WRFrain_noPGW_HPE18.mat,WRFrain_PGW_V3_HPE18.mat,33.18629495,31.22414292,-1.962152023,0.940874628,mm_per_hr
19,intensity,60,10,0,WRFrain_noPGW_HPE19.mat,WRFrain_PGW_V3_HPE19.mat,18.71171888,34.5888076,15.87708872,1.848510434,mm_per_hr
20,intensity,60,10,0,WRFrain_noPGW_HPE20.mat,WRFrain_PGW_V3_HPE20.mat,13.94984063,10.43894147,-3.510899157,0.748319766,mm_per_hr
21,intensity,60,10,0,WRFrain_noPGW_HPE21.mat,WRFrain_PGW_V3_HPE21.mat,8.889999294,10.32351218,1.433512889,1.161250057,mm_per_hr
22,intensity,60,10,0,WRFrain_noPGW_HPE22.mat,WRFrain_PGW_V3_HPE22.mat,32.1458381,25.84482478,-6.301013319,0.803986653,mm_per_hr
23,intensity,60,10,0,WRFrain_noPGW_HPE23.mat,WRFrain_PGW_V3_HPE23.mat,32.67992985,30.83656494,-1.843364906,0.943593364,mm_per_hr
24,intensity,60,10,0,WRFrain_noPGW_HPE24.mat,WRFrain_PGW_V3_HPE24.mat,26.14930229,34.94878159,8.799479294,1.336509143,mm_per_hr
25,intensity,60,10,0,WRFrain_noPGW_HPE25.mat,WRFrain_PGW_V3_HPE25.mat,18.55432988,21.13431417,2.579984286,1.139050254,mm_per_hr
26,intensity,60,10,0,WRFrain_noPGW_HPE26.mat,WRFrain_PGW_V3_HPE26.mat,20.79562786,26.63589892,5.84027106,1.280841295,mm_per_hr
27,intensity,60,10,0,WRFrain_noPGW_HPE27.mat,WRFrain_PGW_V3_HPE27.mat,28.52312912,42.13244548,13.60931637,1.477132657,mm_per_hr
28,intensity,60,10,0,WRFrain_noPGW_HPE28.mat,WRFrain_PGW_V3_HPE28.mat,22.74208076,31.89169351,9.149612743,1.402320827,mm_per_hr
29,intensity,60,10,0,WRFrain_noPGW_HPE29.mat,WRFrain_PGW_V3_HPE29.mat,46.96278313,33.0280684,-13.93471473,0.703281752,mm_per_hr
30,intensity,60,10,0,WRFrain_noPGW_HPE30.mat,WRFrain_PGW_V3_HPE30.mat,24.74667015,30.05549259,5.308822441,1.214526739,mm_per_hr
31,intensity,60,10,0,WRFrain_noPGW_HPE31.mat,WRFrain_PGW_V3_HPE31.mat,26.00459307,37.00627889,11.00168582,1.423067025,mm_per_hr
32,intensity,60,10,0,WRFrain_noPGW_HPE32.mat,WRFrain_PGW_V3_HPE32.mat,25.90445583,26.51247963,0.608023796,1.023471784,mm_per_hr
33,intensity,60,10,0,WRFrain_noPGW_HPE33.mat,WRFrain_PGW_V3_HPE33.mat,26.07886588,41.2368639,15.15799802,1.581236856,mm_per_hr
34,intensity,60,10,0,WRFrain_noPGW_HPE34.mat,WRFrain_PGW_V3_HPE34.mat,20.27499107,27.44183941,7.166848335,1.353482194,mm_per_hr
35,intensity,60,10,0,WRFrain_noPGW_HPE35.mat,WRFrain_PGW_V3_HPE35.mat,12.66839863,21.09814457,8.429745944,1.665415274,mm_per_hr
36,intensity,60,10,0,WRFrain_noPGW_HPE36.mat,WRFrain_PGW_V3_HPE36.mat,53.95058101,68.9331918,14.98261079,1.277709906,mm_per_hr
37,intensity,60,10,0,WRFrain_noPGW_HPE37.mat,WRFrain_PGW_V3_HPE37.mat,25.01820978,31.12411603,6.105906244,1.24405848,mm_per_hr
38,intensity,60,10,0,WRFrain_noPGW_HPE38.mat,WRFrain_PGW_V3_HPE38.mat,36.41533548,33.03948523,-3.375850253,0.907295918,mm_per_hr
39,intensity,60,10,0,WRFrain_noPGW_HPE39.mat,WRFrain_PGW_V3_HPE39.mat,24.46254967,28.76775972,4.305210054,1.175991878,mm_per_hr
40,intensity,60,10,0,WRFrain_noPGW_HPE40.mat,WRFrain_PGW_V3_HPE40.mat,23.95664303,27.66108156,3.704438528,1.154630952,mm_per_hr
41,intensity,60,10,0,WRFrain_noPGW_HPE41.mat,WRFrain_PGW_V3_HPE41.mat,45.89107306,54.68160564,8.790532576,1.191552125,mm_per_hr
1,intensity,120,10,0,WRFrain_noPGW_HPE01.mat,WRFrain_PGW_V3_HPE01.mat,27.44559628,53.35874007,25.9131438,1.944163994,mm_per_hr
2,intensity,120,10,0,WRFrain_noPGW_HPE02.mat,WRFrain_PGW_V3_HPE02.mat,20.9290731,20.28259435,-0.646478758,0.96911097,mm_per_hr
3,intensity,120,10,0,WRFrain_noPGW_HPE03.mat,WRFrain_PGW_V3_HPE03.mat,25.57790852,35.65272381,10.07481529,1.393887377,mm_per_hr
4,intensity,120,10,0,WRFrain_noPGW_HPE04.mat,WRFrain_PGW_V3_HPE04.mat,22.02822077,29.16600319,7.137782421,1.324029003,mm_per_hr
5,intensity,120,10,0,WRFrain_noPGW_HPE05.mat,WRFrain_PGW_V3_HPE05.mat,8.314828713,5.007034364,-3.307794349,0.6021813,mm_per_hr
6,intensity,120,10,0,WRFrain_noPGW_HPE06.mat,WRFrain_PGW_V3_HPE06.mat,18.66291062,4.479493948,-14.18341667,0.240021186,mm_per_hr
7,intensity,120,10,0,WRFrain_noPGW_HPE07.mat,WRFrain_PGW_V3_HPE07.mat,15.44146417,23.42105238,7.979588214,1.516763704,mm_per_hr
8,intensity,120,10,0,WRFrain_noPGW_HPE08.mat,WRFrain_PGW_V3_HPE08.mat,36.80726499,25.88971598,-10.91754901,0.70338603,mm_per_hr
9,intensity,120,10,0,WRFrain_noPGW_HPE09.mat,WRFrain_PGW_V3_HPE09.mat,41.82481052,42.00056448,0.175753956,1.004202146,mm_per_hr
10,intensity,120,10,0,WRFrain_noPGW_HPE10.mat,WRFrain_PGW_V3_HPE10.mat,18.77278292,21.92004504,3.147262125,1.16765027,mm_per_hr
11,intensity,120,10,0,WRFrain_noPGW_HPE11.mat,WRFrain_PGW_V3_HPE11.mat,16.82621318,17.95471795,1.128504772,1.067068256,mm_per_hr
12,intensity,120,10,0,WRFrain_noPGW_HPE12.mat,WRFrain_PGW_V3_HPE12.mat,14.09788605,24.32375462,10.22586857,1.725347654,mm_per_hr
13,intensity,120,10,0,WRFrain_noPGW_HPE13.mat,WRFrain_PGW_V3_HPE13.mat,16.8957597,20.16234839,3.266588691,1.193337781,mm_per_hr
14,intensity,120,10,0,WRFrain_noPGW_HPE14.mat,WRFrain_PGW_V3_HPE14.mat,36.66043063,26.53543228,-10.12499834,0.72381671,mm_per_hr
15,intensity,120,10,0,WRFrain_noPGW_HPE15.mat,WRFrain_PGW_V3_HPE15.mat,11.18592739,15.11029477,3.92436738,1.350830758,mm_per_hr
16,intensity,120,10,0,WRFrain_noPGW_HPE16.mat,WRFrain_PGW_V3_HPE16.mat,17.47309008,22.98424141,5.511151329,1.315407939,mm_per_hr
17,intensity,120,10,0,WRFrain_noPGW_HPE17.mat,WRFrain_PGW_V3_HPE17.mat,24.25452796,23.09290761,-1.161620345,0.952107073,mm_per_hr
18,intensity,120,10,0,WRFrain_noPGW_HPE18.mat,WRFrain_PGW_V3_HPE18.mat,23.47661142,24.67922532,1.202613902,1.051226043,mm_per_hr
19,intensity,120,10,0,WRFrain_noPGW_HPE19.mat,WRFrain_PGW_V3_HPE19.mat,12.79899679,20.63551025,7.836513464,1.612275602,mm_per_hr
20,intensity,120,10,0,WRFrain_noPGW_HPE20.mat,WRFrain_PGW_V3_HPE20.mat,8.538412183,6.030312652,-2.508099531,0.706256916,mm_per_hr
21,intensity,120,10,0,WRFrain_noPGW_HPE21.mat,WRFrain_PGW_V3_HPE21.mat,6.820894689,6.867186842,0.046292152,1.006786815,mm_per_hr
22,intensity,120,10,0,WRFrain_noPGW_HPE22.mat,WRFrain_PGW_V3_HPE22.mat,22.55205181,22.21725341,-0.334798396,0.985154415,mm_per_hr
23,intensity,120,10,0,WRFrain_noPGW_HPE23.mat,WRFrain_PGW_V3_HPE23.mat,20.82008063,25.61255099,4.792470359,1.230185005,mm_per_hr
24,intensity,120,10,0,WRFrain_noPGW_HPE24.mat,WRFrain_PGW_V3_HPE24.mat,19.7903931,26.52706848,6.736675377,1.340401292,mm_per_hr
25,intensity,120,10,0,WRFrain_noPGW_HPE25.mat,WRFrain_PGW_V3_HPE25.mat,12.07775152,15.42265664,3.344905124,1.276947669,mm_per_hr
26,intensity,120,10,0,WRFrain_noPGW_HPE26.mat,WRFrain_PGW_V3_HPE26.mat,16.34512368,17.55190926,1.206785574,1.073831535,mm_per_hr
27,intensity,120,10,0,WRFrain_noPGW_HPE27.mat,WRFrain_PGW_V3_HPE27.mat,18.12585533,25.65710049,7.531245155,1.415497366,mm_per_hr
28,intensity,120,10,0,WRFrain_noPGW_HPE28.mat,WRFrain_PGW_V3_HPE28.mat,15.98140416,21.83158597,5.850181811,1.366061815,mm_per_hr
29,intensity,120,10,0,WRFrain_noPGW_HPE29.mat,WRFrain_PGW_V3_HPE29.mat,35.91982047,19.67931982,-16.24050065,0.547867989,mm_per_hr
30,intensity,120,10,0,WRFrain_noPGW_HPE30.mat,WRFrain_PGW_V3_HPE30.mat,16.11395932,26.41561691,10.3016576,1.639300211,mm_per_hr
31,intensity,120,10,0,WRFrain_noPGW_HPE31.mat,WRFrain_PGW_V3_HPE31.mat,22.30456058,28.25513648,5.950575901,1.266787408,mm_per_hr
32,intensity,120,10,0,WRFrain_noPGW_HPE32.mat,WRFrain_PGW_V3_HPE32.mat,19.01362213,19.40353658,0.389914446,1.02050711,mm_per_hr
33,intensity,120,10,0,WRFrain_noPGW_HPE33.mat,WRFrain_PGW_V3_HPE33.mat,22.066673,33.82757999,11.76090699,1.532971463,mm_per_hr
34,intensity,120,10,0,WRFrain_noPGW_HPE34.mat,WRFrain_PGW_V3_HPE34.mat,14.04895296,18.4825177,4.433564739,1.315579727,mm_per_hr
35,intensity,120,10,0,WRFrain_noPGW_HPE35.mat,WRFrain_PGW_V3_HPE35.mat,9.615867043,15.5029031,5.887036057,1.612221033,mm_per_hr
36,intensity,120,10,0,WRFrain_noPGW_HPE36.mat,WRFrain_PGW_V3_HPE36.mat,45.89333914,48.71283989,2.819500754,1.061435947,mm_per_hr
37,intensity,120,10,0,WRFrain_noPGW_HPE37.mat,WRFrain_PGW_V3_HPE37.mat,18.13553287,18.9876686,0.852135727,1.04698708,mm_per_hr
38,intensity,120,10,0,WRFrain_noPGW_HPE38.mat,WRFrain_PGW_V3_HPE38.mat,24.28725693,22.5234295,-1.763827431,0.927376425,mm_per_hr
39,intensity,120,10,0,WRFrain_noPGW_HPE39.mat,WRFrain_PGW_V3_HPE39.mat,17.33604279,17.70352017,0.367477379,1.021197305,mm_per_hr
40,intensity,120,10,0,WRFrain_noPGW_HPE40.mat,WRFrain_PGW_V3_HPE40.mat,19.10478668,17.36554932,-1.739237366,0.908963267,mm_per_hr
41,intensity,120,10,0,WRFrain_noPGW_HPE41.mat,WRFrain_PGW_V3_HPE41.mat,30.80675059,40.7082362,9.901485615,1.321406361,mm_per_hr
1,intensity,240,10,0,WRFrain_noPGW_HPE01.mat,WRFrain_PGW_V3_HPE01.mat,20.49591765,29.38288365,8.886965996,1.433596882,mm_per_hr
2,intensity,240,10,0,WRFrain_noPGW_HPE02.mat,WRFrain_PGW_V3_HPE02.mat,16.85710575,16.28107134,-0.576034408,0.965828392,mm_per_hr
3,intensity,240,10,0,WRFrain_noPGW_HPE03.mat,WRFrain_PGW_V3_HPE03.mat,20.46775097,27.04772946,6.579978495,1.321480289,mm_per_hr
4,intensity,240,10,0,WRFrain_noPGW_HPE04.mat,WRFrain_PGW_V3_HPE04.mat,16.89839237,21.87664526,4.978252888,1.294599201,mm_per_hr
5,intensity,240,10,0,WRFrain_noPGW_HPE05.mat,WRFrain_PGW_V3_HPE05.mat,4.90102067,3.71913785,-1.18188282,0.758849656,mm_per_hr
6,intensity,240,10,0,WRFrain_noPGW_HPE06.mat,WRFrain_PGW_V3_HPE06.mat,12.34843165,2.252516415,-10.09591524,0.182413158,mm_per_hr
7,intensity,240,10,0,WRFrain_noPGW_HPE07.mat,WRFrain_PGW_V3_HPE07.mat,10.60938359,18.24056543,7.631181841,1.719286072,mm_per_hr
8,intensity,240,10,0,WRFrain_noPGW_HPE08.mat,WRFrain_PGW_V3_HPE08.mat,21.10158151,14.98344344,-6.118138077,0.710062581,mm_per_hr
9,intensity,240,10,0,WRFrain_noPGW_HPE09.mat,WRFrain_PGW_V3_HPE09.mat,31.20661135,35.16909404,3.962482696,1.126975744,mm_per_hr
10,intensity,240,10,0,WRFrain_noPGW_HPE10.mat,WRFrain_PGW_V3_HPE10.mat,14.96039825,13.51116393,-1.449234327,0.903128626,mm_per_hr
11,intensity,240,10,0,WRFrain_noPGW_HPE11.mat,WRFrain_PGW_V3_HPE11.mat,11.94326363,15.4033082,3.460044575,1.289706791,mm_per_hr
12,intensity,240,10,0,WRFrain_noPGW_HPE12.mat,WRFrain_PGW_V3_HPE12.mat,9.644441805,15.24918148,5.604739676,1.581136761,mm_per_hr
13,intensity,240,10,0,WRFrain_noPGW_HPE13.mat,WRFrain_PGW_V3_HPE13.mat,13.34245757,11.67217406,-1.670283512,0.874814403,mm_per_hr
14,intensity,240,10,0,WRFrain_noPGW_HPE14.mat,WRFrain_PGW_V3_HPE14.mat,25.50232171,18.09641723,-7.405904481,0.709598814,mm_per_hr
15,intensity,240,10,0,WRFrain_noPGW_HPE15.mat,WRFrain_PGW_V3_HPE15.mat,8.324006629,9.892860518,1.568853889,1.188473407,mm_per_hr
16,intensity,240,10,0,WRFrain_noPGW_HPE16.mat,WRFrain_PGW_V3_HPE16.mat,10.8756082,12.01579038,1.140182177,1.104838475,mm_per_hr
17,intensity,240,10,0,WRFrain_noPGW_HPE17.mat,WRFrain_PGW_V3_HPE17.mat,18.3170402,16.67843947,-1.638600725,0.910542276,mm_per_hr
18,intensity,240,10,0,WRFrain_noPGW_HPE18.mat,WRFrain_PGW_V3_HPE18.mat,13.49602347,18.90365922,5.407635747,1.400683635,mm_per_hr
19,intensity,240,10,0,WRFrain_noPGW_HPE19.mat,WRFrain_PGW_V3_HPE19.mat,9.630435951,10.78008033,1.149644376,1.119376151,mm_per_hr
20,intensity,240,10,0,WRFrain_noPGW_HPE20.mat,WRFrain_PGW_V3_HPE20.mat,4.442982241,3.03209951,-1.410882732,0.682446912,mm_per_hr
21,intensity,240,10,0,WRFrain_noPGW_HPE21.mat,WRFrain_PGW_V3_HPE21.mat,3.90808393,3.875655528,-0.032428401,0.991702225,mm_per_hr
22,intensity,240,10,0,WRFrain_noPGW_HPE22.mat,WRFrain_PGW_V3_HPE22.mat,15.4550446,15.60310541,0.148060811,1.009580096,mm_per_hr
23,intensity,240,10,0,WRFrain_noPGW_HPE23.mat,WRFrain_PGW_V3_HPE23.mat,11.14833598,21.92783956,10.77950358,1.966915923,mm_per_hr
24,intensity,240,10,0,WRFrain_noPGW_HPE24.mat,WRFrain_PGW_V3_HPE24.mat,16.10829408,17.59981373,1.491519651,1.092593272,mm_per_hr
25,intensity,240,10,0,WRFrain_noPGW_HPE25.mat,WRFrain_PGW_V3_HPE25.mat,7.001954966,10.50931289,3.507357929,1.500911238,mm_per_hr
26,intensity,240,10,0,WRFrain_noPGW_HPE26.mat,WRFrain_PGW_V3_HPE26.mat,10.32848501,11.07399423,0.745509221,1.07217992,mm_per_hr
27,intensity,240,10,0,WRFrain_noPGW_HPE27.mat,WRFrain_PGW_V3_HPE27.mat,13.55200952,18.51691791,4.96490839,1.366359571,mm_per_hr
28,intensity,240,10,0,WRFrain_noPGW_HPE28.mat,WRFrain_PGW_V3_HPE28.mat,9.259452977,13.03962049,3.780167516,1.408249551,mm_per_hr
29,intensity,240,10,0,WRFrain_noPGW_HPE29.mat,WRFrain_PGW_V3_HPE29.mat,24.87334696,10.47312958,-14.40021739,0.421058316,mm_per_hr
30,intensity,240,10,0,WRFrain_noPGW_HPE30.mat,WRFrain_PGW_V3_HPE30.mat,10.53530718,19.30654675,8.771239579,1.832556605,mm_per_hr
31,intensity,240,10,0,WRFrain_noPGW_HPE31.mat,WRFrain_PGW_V3_HPE31.mat,13.40722186,16.06771242,2.660490559,1.198437125,mm_per_hr
32,intensity,240,10,0,WRFrain_noPGW_HPE32.mat,WRFrain_PGW_V3_HPE32.mat,10.83409495,13.82268964,2.988594687,1.275850886,mm_per_hr
33,intensity,240,10,0,WRFrain_noPGW_HPE33.mat,WRFrain_PGW_V3_HPE33.mat,14.00591498,26.69225502,12.68634004,1.905784453,mm_per_hr
34,intensity,240,10,0,WRFrain_noPGW_HPE34.mat,WRFrain_PGW_V3_HPE34.mat,10.20181866,13.03333274,2.831514087,1.277549933,mm_per_hr
35,intensity,240,10,0,WRFrain_noPGW_HPE35.mat,WRFrain_PGW_V3_HPE35.mat,7.478073528,11.88648754,4.408414013,1.589511991,mm_per_hr
36,intensity,240,10,0,WRFrain_noPGW_HPE36.mat,WRFrain_PGW_V3_HPE36.mat,32.5462607,32.83530684,0.289046141,1.008881086,mm_per_hr
37,intensity,240,10,0,WRFrain_noPGW_HPE37.mat,WRFrain_PGW_V3_HPE37.mat,10.815234,10.84294781,0.027713809,1.002562479,mm_per_hr
38,intensity,240,10,0,WRFrain_noPGW_HPE38.mat,WRFrain_PGW_V3_HPE38.mat,17.32815631,13.0516512,-4.276505111,0.75320484,mm_per_hr
39,intensity,240,10,0,WRFrain_noPGW_HPE39.mat,WRFrain_PGW_V3_HPE39.mat,11.16347641,9.74242587,-1.421050545,0.872705375,mm_per_hr
40,intensity,240,10,0,WRFrain_noPGW_HPE40.mat,WRFrain_PGW_V3_HPE40.mat,12.27149402,9.2335815,-3.037912518,0.752441511,mm_per_hr
41,intensity,240,10,0,WRFrain_noPGW_HPE41.mat,WRFrain_PGW_V3_HPE41.mat,20.24221619,26.92238363,6.680167437,1.330011663,mm_per_hr
1,intensity,360,10,0,WRFrain_noPGW_HPE01.mat,WRFrain_PGW_V3_HPE01.mat,15.65297195,19.5897722,3.936800247,1.25150497,mm_per_hr
2,intensity,360,10,0,WRFrain_noPGW_HPE02.mat,WRFrain_PGW_V3_HPE02.mat,13.32139756,12.17887795,-1.142519611,0.914234253,mm_per_hr
3,intensity,360,10,0,WRFrain_noPGW_HPE03.mat,WRFrain_PGW_V3_HPE03.mat,19.00797036,23.58103129,4.573060926,1.240586493,mm_per_hr
4,intensity,360,10,0,WRFrain_noPGW_HPE04.mat,WRFrain_PGW_V3_HPE04.mat,13.10627103,20.79892291,7.692651876,1.586944361,mm_per_hr
5,intensity,360,10,0,WRFrain_noPGW_HPE05.mat,WRFrain_PGW_V3_HPE05.mat,3.28689114,3.147158197,-0.139732943,0.957487809,mm_per_hr
6,intensity,360,10,0,WRFrain_noPGW_HPE06.mat,WRFrain_PGW_V3_HPE06.mat,10.31081152,1.50167761,-8.809133908,0.145641069,mm_per_hr
7,intensity,360,10,0,WRFrain_noPGW_HPE07.mat,WRFrain_PGW_V3_HPE07.mat,9.451432889,14.75815691,5.306724021,1.561472962,mm_per_hr
8,intensity,360,10,0,WRFrain_noPGW_HPE08.mat,WRFrain_PGW_V3_HPE08.mat,16.4538689,11.16539532,-5.28847358,0.678587838,mm_per_hr
9,intensity,360,10,0,WRFrain_noPGW_HPE09.mat,WRFrain_PGW_V3_HPE09.mat,22.0596644,27.61503692,5.555372516,1.251833954,mm_per_hr
10,intensity,360,10,0,WRFrain_noPGW_HPE10.mat,WRFrain_PGW_V3_HPE10.mat,11.4465587,10.24903252,-1.197526182,0.895381117,mm_per_hr
11,intensity,360,10,0,WRFrain_noPGW_HPE11.mat,WRFrain_PGW_V3_HPE11.mat,8.608286506,13.82917886,5.22089235,1.606496118,mm_per_hr
12,intensity,360,10,0,WRFrain_noPGW_HPE12.mat,WRFrain_PGW_V3_HPE12.mat,9.240758944,11.76016656,2.519407619,1.272640768,mm_per_hr
13,intensity,360,10,0,WRFrain_noPGW_HPE13.mat,WRFrain_PGW_V3_HPE13.mat,12.34523994,8.484552428,-3.860687514,0.687273189,mm_per_hr
14,intensity,360,10,0,WRFrain_noPGW_HPE14.mat,WRFrain_PGW_V3_HPE14.mat,19.4537477,15.34215531,-4.111592386,0.788647799,mm_per_hr
15,intensity,360,10,0,WRFrain_noPGW_HPE15.mat,WRFrain_PGW_V3_HPE15.mat,7.94178525,8.984540615,1.042755365,1.131299869,mm_per_hr
16,intensity,360,10,0,WRFrain_noPGW_HPE16.mat,WRFrain_PGW_V3_HPE16.mat,7.324580873,8.367659183,1.04307831,1.142407918,mm_per_hr
17,intensity,360,10,0,WRFrain_noPGW_HPE17.mat,WRFrain_PGW_V3_HPE17.mat,13.02101386,11.630401,-1.390612868,0.893202412,mm_per_hr
18,intensity,360,10,0,WRFrain_noPGW_HPE18.mat,WRFrain_PGW_V3_HPE18.mat,9.005177828,13.65047502,4.645297193,1.515847358,mm_per_hr
19,intensity,360,10,0,WRFrain_noPGW_HPE19.mat,WRFrain_PGW_V3_HPE19.mat,6.718336442,7.299557532,0.58122109,1.08651265,mm_per_hr
20,intensity,360,10,0,WRFrain_noPGW_HPE20.mat,WRFrain_PGW_V3_HPE20.mat,2.961988161,2.021952725,-0.940035436,0.682633628,mm_per_hr
21,intensity,360,10,0,WRFrain_noPGW_HPE21.mat,WRFrain_PGW_V3_HPE21.mat,2.673351296,2.583771168,-0.089580129,0.966491449,mm_per_hr
22,intensity,360,10,0,WRFrain_noPGW_HPE22.mat,WRFrain_PGW_V3_HPE22.mat,13.92575802,14.09329944,0.167541421,1.012031045,mm_per_hr
23,intensity,360,10,0,WRFrain_noPGW_HPE23.mat,WRFrain_PGW_V3_HPE23.mat,9.339664647,17.15392534,7.814260697,1.836674655,mm_per_hr
24,intensity,360,10,0,WRFrain_noPGW_HPE24.mat,WRFrain_PGW_V3_HPE24.mat,13.17011403,14.77201817,1.601904132,1.121631759,mm_per_hr
25,intensity,360,10,0,WRFrain_noPGW_HPE25.mat,WRFrain_PGW_V3_HPE25.mat,5.999345531,9.36803769,3.368692159,1.561509942,mm_per_hr
26,intensity,360,10,0,WRFrain_noPGW_HPE26.mat,WRFrain_PGW_V3_HPE26.mat,7.295240187,7.421769686,0.126529498,1.017344117,mm_per_hr
27,intensity,360,10,0,WRFrain_noPGW_HPE27.mat,WRFrain_PGW_V3_HPE27.mat,10.64232052,13.42315366,2.780833139,1.26129951,mm_per_hr
28,intensity,360,10,0,WRFrain_noPGW_HPE28.mat,WRFrain_PGW_V3_HPE28.mat,7.190973563,9.994835569,2.803862005,1.389914103,mm_per_hr
29,intensity,360,10,0,WRFrain_noPGW_HPE29.mat,WRFrain_PGW_V3_HPE29.mat,17.11269188,7.024248141,-10.08844374,0.410470088,mm_per_hr
30,intensity,360,10,0,WRFrain_noPGW_HPE30.mat,WRFrain_PGW_V3_HPE30.mat,9.317993812,15.75065818,6.43266437,1.690348642,mm_per_hr
31,intensity,360,10,0,WRFrain_noPGW_HPE31.mat,WRFrain_PGW_V3_HPE31.mat,9.076513673,10.77375288,1.697239211,1.186992415,mm_per_hr
32,intensity,360,10,0,WRFrain_noPGW_HPE32.mat,WRFrain_PGW_V3_HPE32.mat,7.554024312,10.1099147,2.555890384,1.338348181,mm_per_hr
33,intensity,360,10,0,WRFrain_noPGW_HPE33.mat,WRFrain_PGW_V3_HPE33.mat,10.08889553,19.70081199,9.611916463,1.952722371,mm_per_hr
34,intensity,360,10,0,WRFrain_noPGW_HPE34.mat,WRFrain_PGW_V3_HPE34.mat,8.721563129,12.07456399,3.353000863,1.384449532,mm_per_hr
35,intensity,360,10,0,WRFrain_noPGW_HPE35.mat,WRFrain_PGW_V3_HPE35.mat,6.284157461,8.499444071,2.215286611,1.352519272,mm_per_hr
36,intensity,360,10,0,WRFrain_noPGW_HPE36.mat,WRFrain_PGW_V3_HPE36.mat,24.76830314,25.69081421,0.922511064,1.03724563,mm_per_hr
37,intensity,360,10,0,WRFrain_noPGW_HPE37.mat,WRFrain_PGW_V3_HPE37.mat,7.300043631,7.35745305,0.057409419,1.007864257,mm_per_hr
38,intensity,360,10,0,WRFrain_noPGW_HPE38.mat,WRFrain_PGW_V3_HPE38.mat,11.8053298,8.979263083,-2.826066718,0.760610947,mm_per_hr
39,intensity,360,10,0,WRFrain_noPGW_HPE39.mat,WRFrain_PGW_V3_HPE39.mat,8.627685516,7.861127489,-0.766558028,0.911151371,mm_per_hr
40,intensity,360,10,0,WRFrain_noPGW_HPE40.mat,WRFrain_PGW_V3_HPE40.mat,8.713820299,6.898695193,-1.815125107,0.79169583,mm_per_hr
41,intensity,360,10,0,WRFrain_noPGW_HPE41.mat,WRFrain_PGW_V3_HPE41.mat,14.18334525,20.55563292,6.372287667,1.449279599,mm_per_hr
1,intensity,720,10,0,WRFrain_noPGW_HPE01.mat,WRFrain_PGW_V3_HPE01.mat,8.10631444,9.965002586,1.858688146,1.229288928,mm_per_hr
2,intensity,720,10,0,WRFrain_noPGW_HPE02.mat,WRFrain_PGW_V3_HPE02.mat,8.547936657,8.432467228,-0.115469429,0.986491544,mm_per_hr
3,intensity,720,10,0,WRFrain_noPGW_HPE03.mat,WRFrain_PGW_V3_HPE03.mat,13.53580777,15.63892741,2.103119644,1.155374521,mm_per_hr
4,intensity,720,10,0,WRFrain_noPGW_HPE04.mat,WRFrain_PGW_V3_HPE04.mat,10.72161039,16.0652184,5.343608011,1.498396026,mm_per_hr
5,intensity,720,10,0,WRFrain_noPGW_HPE05.mat,WRFrain_PGW_V3_HPE05.mat,2.302019796,1.576057471,-0.725962325,0.684641146,mm_per_hr
6,intensity,720,10,0,WRFrain_noPGW_HPE06.mat,WRFrain_PGW_V3_HPE06.mat,5.46797591,1.107834158,-4.360141752,0.202604067,mm_per_hr
7,intensity,720,10,0,WRFrain_noPGW_HPE07.mat,WRFrain_PGW_V3_HPE07.mat,5.528621512,7.401933472,1.87331196,1.338838887,mm_per_hr
8,intensity,720,10,0,WRFrain_noPGW_HPE08.mat,WRFrain_PGW_V3_HPE08.mat,9.423402475,7.763684389,-1.659718086,0.823872737,mm_per_hr
9,intensity,720,10,0,WRFrain_noPGW_HPE09.mat,WRFrain_PGW_V3_HPE09.mat,13.43425701,14.7671697,1.332912691,1.099217448,mm_per_hr
10,intensity,720,10,0,WRFrain_noPGW_HPE10.mat,WRFrain_PGW_V3_HPE10.mat,6.952539829,7.306981887,0.354442058,1.050980227,mm_per_hr
11,intensity,720,10,0,WRFrain_noPGW_HPE11.mat,WRFrain_PGW_V3_HPE11.mat,4.476152991,7.663621964,3.187468973,1.712100096,mm_per_hr
12,intensity,720,10,0,WRFrain_noPGW_HPE12.mat,WRFrain_PGW_V3_HPE12.mat,5.967046712,7.826054586,1.859007874,1.311545722,mm_per_hr
13,intensity,720,10,0,WRFrain_noPGW_HPE13.mat,WRFrain_PGW_V3_HPE13.mat,6.311165027,5.919372938,-0.391792089,0.937920798,mm_per_hr
14,intensity,720,10,0,WRFrain_noPGW_HPE14.mat,WRFrain_PGW_V3_HPE14.mat,11.11808507,10.10787472,-1.010210352,0.909138098,mm_per_hr
15,intensity,720,10,0,WRFrain_noPGW_HPE15.mat,WRFrain_PGW_V3_HPE15.mat,6.351102437,7.009744826,0.658642389,1.103705206,mm_per_hr
16,intensity,720,10,0,WRFrain_noPGW_HPE16.mat,WRFrain_PGW_V3_HPE16.mat,4.097103374,5.830513295,1.733409921,1.423081813,mm_per_hr
17,intensity,720,10,0,WRFrain_noPGW_HPE17.mat,WRFrain_PGW_V3_HPE17.mat,7.641291064,6.848378042,-0.792913022,0.896233108,mm_per_hr
18,intensity,720,10,0,WRFrain_noPGW_HPE18.mat,WRFrain_PGW_V3_HPE18.mat,4.502588914,6.996994148,2.494405234,1.553993554,mm_per_hr
19,intensity,720,10,0,WRFrain_noPGW_HPE19.mat,WRFrain_PGW_V3_HPE19.mat,3.550005937,3.723001872,0.172995936,1.048731168,mm_per_hr
20,intensity,720,10,0,WRFrain_noPGW_HPE20.mat,WRFrain_PGW_V3_HPE20.mat,1.48099408,1.010976362,-0.470017718,0.682633628,mm_per_hr
21,intensity,720,10,0,WRFrain_noPGW_HPE21.mat,WRFrain_PGW_V3_HPE21.mat,1.33669135,1.291885584,-0.044805766,0.966480095,mm_per_hr
22,intensity,720,10,0,WRFrain_noPGW_HPE22.mat,WRFrain_PGW_V3_HPE22.mat,9.156886949,7.721875181,-1.435011768,0.843286067,mm_per_hr
23,intensity,720,10,0,WRFrain_noPGW_HPE23.mat,WRFrain_PGW_V3_HPE23.mat,6.13117073,10.65577806,4.524607331,1.737967923,mm_per_hr
24,intensity,720,10,0,WRFrain_noPGW_HPE24.mat,WRFrain_PGW_V3_HPE24.mat,7.499349912,9.521349551,2.021999639,1.269623322,mm_per_hr
25,intensity,720,10,0,WRFrain_noPGW_HPE25.mat,WRFrain_PGW_V3_HPE25.mat,4.640756167,5.377679898,0.736923731,1.158793891,mm_per_hr
26,intensity,720,10,0,WRFrain_noPGW_HPE26.mat,WRFrain_PGW_V3_HPE26.mat,4.18458782,3.98536089,-0.19922693,0.95239031,mm_per_hr
27,intensity,720,10,0,WRFrain_noPGW_HPE27.mat,WRFrain_PGW_V3_HPE27.mat,7.401566536,7.906538639,0.504972103,1.06822503,mm_per_hr
28,intensity,720,10,0,WRFrain_noPGW_HPE28.mat,WRFrain_PGW_V3_HPE28.mat,6.335129872,6.408677589,0.073547717,1.011609504,mm_per_hr
29,intensity,720,10,0,WRFrain_noPGW_HPE29.mat,WRFrain_PGW_V3_HPE29.mat,8.567705954,4.500650092,-4.067055861,0.525303986,mm_per_hr
30,intensity,720,10,0,WRFrain_noPGW_HPE30.mat,WRFrain_PGW_V3_HPE30.mat,7.161269907,9.610090046,2.448820139,1.341953337,mm_per_hr
31,intensity,720,10,0,WRFrain_noPGW_HPE31.mat,WRFrain_PGW_V3_HPE31.mat,4.820304958,5.617140963,0.796836005,1.165308214,mm_per_hr
32,intensity,720,10,0,WRFrain_noPGW_HPE32.mat,WRFrain_PGW_V3_HPE32.mat,5.745135258,6.96673827,1.221603011,1.212632594,mm_per_hr
33,intensity,720,10,0,WRFrain_noPGW_HPE33.mat,WRFrain_PGW_V3_HPE33.mat,6.508248209,10.55590927,4.047661059,1.621927887,mm_per_hr
34,intensity,720,10,0,WRFrain_noPGW_HPE34.mat,WRFrain_PGW_V3_HPE34.mat,7.250555833,7.911752421,0.661196588,1.091192538,mm_per_hr
35,intensity,720,10,0,WRFrain_noPGW_HPE35.mat,WRFrain_PGW_V3_HPE35.mat,4.728524314,6.933024567,2.204500253,1.466213158,mm_per_hr
36,intensity,720,10,0,WRFrain_noPGW_HPE36.mat,WRFrain_PGW_V3_HPE36.mat,12.70294884,13.8944469,1.191498059,1.093796966,mm_per_hr
37,intensity,720,10,0,WRFrain_noPGW_HPE37.mat,WRFrain_PGW_V3_HPE37.mat,3.825038349,3.680785781,-0.144252569,0.962287288,mm_per_hr
38,intensity,720,10,0,WRFrain_noPGW_HPE38.mat,WRFrain_PGW_V3_HPE38.mat,6.158562318,5.010719859,-1.147842458,0.813618439,mm_per_hr
39,intensity,720,10,0,WRFrain_noPGW_HPE39.mat,WRFrain_PGW_V3_HPE39.mat,4.993337179,4.535732428,-0.45760475,0.90835693,mm_per_hr
40,intensity,720,10,0,WRFrain_noPGW_HPE40.mat,WRFrain_PGW_V3_HPE40.mat,4.660473421,3.454913393,-1.205560028,0.741322411,mm_per_hr
41,intensity,720,10,0,WRFrain_noPGW_HPE41.mat,WRFrain_PGW_V3_HPE41.mat,9.080586812,10.73401061,1.653423794,1.182083364,mm_per_hr
1,intensity,1440,10,0,WRFrain_noPGW_HPE01.mat,WRFrain_PGW_V3_HPE01.mat,5.141163457,5.017399436,-0.123764021,0.975926846,mm_per_hr
2,intensity,1440,10,0,WRFrain_noPGW_HPE02.mat,WRFrain_PGW_V3_HPE02.mat,5.521573192,7.116400568,1.594827375,1.288835685,mm_per_hr
3,intensity,1440,10,0,WRFrain_noPGW_HPE03.mat,WRFrain_PGW_V3_HPE03.mat,8.869823586,9.580529656,0.710706069,1.080126291,mm_per_hr
4,intensity,1440,10,0,WRFrain_noPGW_HPE04.mat,WRFrain_PGW_V3_HPE04.mat,7.923479781,12.05517105,4.131691267,1.521449083,mm_per_hr
5,intensity,1440,10,0,WRFrain_noPGW_HPE05.mat,WRFrain_PGW_V3_HPE05.mat,1.151009898,0.788028736,-0.362981162,0.684641146,mm_per_hr
6,intensity,1440,10,0,WRFrain_noPGW_HPE06.mat,WRFrain_PGW_V3_HPE06.mat,2.757835284,0.557618396,-2.200216887,0.202194235,mm_per_hr
7,intensity,1440,10,0,WRFrain_noPGW_HPE07.mat,WRFrain_PGW_V3_HPE07.mat,3.245300284,4.188310494,0.94301021,1.290577182,mm_per_hr
8,intensity,1440,10,0,WRFrain_noPGW_HPE08.mat,WRFrain_PGW_V3_HPE08.mat,5.124372467,5.584695938,0.460323471,1.089830213,mm_per_hr
9,intensity,1440,10,0,WRFrain_noPGW_HPE09.mat,WRFrain_PGW_V3_HPE09.mat,7.532726494,7.828424215,0.295697722,1.039255072,mm_per_hr
10,intensity,1440,10,0,WRFrain_noPGW_HPE10.mat,WRFrain_PGW_V3_HPE10.mat,4.271024602,5.455560067,1.184535465,1.277342225,mm_per_hr
11,intensity,1440,10,0,WRFrain_noPGW_HPE11.mat,WRFrain_PGW_V3_HPE11.mat,2.558102652,3.891479043,1.333376391,1.521236468,mm_per_hr
12,intensity,1440,10,0,WRFrain_noPGW_HPE12.mat,WRFrain_PGW_V3_HPE12.mat,4.600576288,5.144308231,0.543731943,1.11818779,mm_per_hr
13,intensity,1440,10,0,WRFrain_noPGW_HPE13.mat,WRFrain_PGW_V3_HPE13.mat,3.301014427,3.589261893,0.288247465,1.087320874,mm_per_hr
14,intensity,1440,10,0,WRFrain_noPGW_HPE14.mat,WRFrain_PGW_V3_HPE14.mat,7.225133419,6.775132119,-0.4500013,0.937717233,mm_per_hr
15,intensity,1440,10,0,WRFrain_noPGW_HPE15.mat,WRFrain_PGW_V3_HPE15.mat,4.454350501,5.478854783,1.024504282,1.230000823,mm_per_hr
16,intensity,1440,10,0,WRFrain_noPGW_HPE16.mat,WRFrain_PGW_V3_HPE16.mat,2.735307218,3.468413258,0.73310604,1.268015978,mm_per_hr
17,intensity,1440,10,0,WRFrain_noPGW_HPE17.mat,WRFrain_PGW_V3_HPE17.mat,4.193449542,4.016005687,-0.177443855,0.957685468,mm_per_hr
18,intensity,1440,10,0,WRFrain_noPGW_HPE18.mat,WRFrain_PGW_V3_HPE18.mat,2.251294457,3.498944393,1.247649936,1.554192248,mm_per_hr
19,intensity,1440,10,0,WRFrain_noPGW_HPE19.mat,WRFrain_PGW_V3_HPE19.mat,1.775002968,1.979481052,0.204478084,1.115198728,mm_per_hr
20,intensity,1440,10,0,WRFrain_noPGW_HPE20.mat,WRFrain_PGW_V3_HPE20.mat,0.74049704,0.505488181,-0.235008859,0.682633628,mm_per_hr
21,intensity,1440,10,0,WRFrain_noPGW_HPE21.mat,WRFrain_PGW_V3_HPE21.mat,NaN,NaN,NaN,NaN,mm_per_hr
22,intensity,1440,10,0,WRFrain_noPGW_HPE22.mat,WRFrain_PGW_V3_HPE22.mat,4.729072636,3.962849891,-0.766222745,0.83797611,mm_per_hr
23,intensity,1440,10,0,WRFrain_noPGW_HPE23.mat,WRFrain_PGW_V3_HPE23.mat,3.135178819,5.601218553,2.466039734,1.786570679,mm_per_hr
24,intensity,1440,10,0,WRFrain_noPGW_HPE24.mat,WRFrain_PGW_V3_HPE24.mat,4.953242715,6.111641811,1.158399096,1.233866815,mm_per_hr
25,intensity,1440,10,0,WRFrain_noPGW_HPE25.mat,WRFrain_PGW_V3_HPE25.mat,3.082784913,3.198963838,0.116178925,1.037686355,mm_per_hr
26,intensity,1440,10,0,WRFrain_noPGW_HPE26.mat,WRFrain_PGW_V3_HPE26.mat,2.467698286,1.997173102,-0.470525185,0.809326291,mm_per_hr
27,intensity,1440,10,0,WRFrain_noPGW_HPE27.mat,WRFrain_PGW_V3_HPE27.mat,4.653144908,4.448822811,-0.204322097,0.956089462,mm_per_hr
28,intensity,1440,10,0,WRFrain_noPGW_HPE28.mat,WRFrain_PGW_V3_HPE28.mat,3.667689378,3.630029471,-0.037659907,0.98973198,mm_per_hr
29,intensity,1440,10,0,WRFrain_noPGW_HPE29.mat,WRFrain_PGW_V3_HPE29.mat,4.283856286,2.260819704,-2.023036581,0.527753396,mm_per_hr
30,intensity,1440,10,0,WRFrain_noPGW_HPE30.mat,WRFrain_PGW_V3_HPE30.mat,5.26853867,7.908668319,2.640129648,1.501112322,mm_per_hr
31,intensity,1440,10,0,WRFrain_noPGW_HPE31.mat,WRFrain_PGW_V3_HPE31.mat,2.974633914,2.814572862,-0.160061052,0.946191344,mm_per_hr
32,intensity,1440,10,0,WRFrain_noPGW_HPE32.mat,WRFrain_PGW_V3_HPE32.mat,4.576385341,3.765253517,-0.811131825,0.822757097,mm_per_hr
33,intensity,1440,10,0,WRFrain_noPGW_HPE33.mat,WRFrain_PGW_V3_HPE33.mat,4.614157843,6.206548672,1.592390828,1.345109743,mm_per_hr
34,intensity,1440,10,0,WRFrain_noPGW_HPE34.mat,WRFrain_PGW_V3_HPE34.mat,5.200725331,6.224982483,1.024257151,1.196945058,mm_per_hr
35,intensity,1440,10,0,WRFrain_noPGW_HPE35.mat,WRFrain_PGW_V3_HPE35.mat,4.013962701,5.356869549,1.342906847,1.334558875,mm_per_hr
36,intensity,1440,10,0,WRFrain_noPGW_HPE36.mat,WRFrain_PGW_V3_HPE36.mat,6.783477785,7.700150186,0.916672401,1.135133103,mm_per_hr
37,intensity,1440,10,0,WRFrain_noPGW_HPE37.mat,WRFrain_PGW_V3_HPE37.mat,1.912554854,1.84039289,-0.072161963,0.962269337,mm_per_hr
38,intensity,1440,10,0,WRFrain_noPGW_HPE38.mat,WRFrain_PGW_V3_HPE38.mat,3.333585195,3.248852625,-0.08473257,0.97458215,mm_per_hr
39,intensity,1440,10,0,WRFrain_noPGW_HPE39.mat,WRFrain_PGW_V3_HPE39.mat,2.675942086,2.347180005,-0.328762082,0.877141556,mm_per_hr
40,intensity,1440,10,0,WRFrain_noPGW_HPE40.mat,WRFrain_PGW_V3_HPE40.mat,2.637338842,1.736235543,-0.901103299,0.658328583,mm_per_hr
41,intensity,1440,10,0,WRFrain_noPGW_HPE41.mat,WRFrain_PGW_V3_HPE41.mat,4.543866461,5.373695075,0.829828614,1.182626101,mm_per_hr
1,total,0,50,0,WRFrain_noPGW_HPE01.mat,WRFrain_PGW_V3_HPE01.mat,97.74525583,66.99904118,-30.74621465,0.685445453,mm
2,total,0,50,0,WRFrain_noPGW_HPE02.mat,WRFrain_PGW_V3_HPE02.mat,174.4973074,176.6416733,2.144365916,1.01228882,mm
3,total,0,50,0,WRFrain_noPGW_HPE03.mat,WRFrain_PGW_V3_HPE03.mat,127.3796135,131.1978083,3.818194883,1.029974929,mm
4,total,0,50,0,WRFrain_noPGW_HPE04.mat,WRFrain_PGW_V3_HPE04.mat,243.1067544,240.4569696,-2.649784753,0.989100324,mm
5,total,0,50,0,WRFrain_noPGW_HPE05.mat,WRFrain_PGW_V3_HPE05.mat,9.064085524,4.437821835,-4.62626369,0.489605027,mm
6,total,0,50,0,WRFrain_noPGW_HPE06.mat,WRFrain_PGW_V3_HPE06.mat,31.95724955,6.691584198,-25.26566535,0.209391743,mm
7,total,0,50,0,WRFrain_noPGW_HPE07.mat,WRFrain_PGW_V3_HPE07.mat,63.02926859,66.67411831,3.644849723,1.057827892,mm
8,total,0,50,0,WRFrain_noPGW_HPE08.mat,WRFrain_PGW_V3_HPE08.mat,109.3318931,86.1832883,-23.14860481,0.788272167,mm
9,total,0,50,0,WRFrain_noPGW_HPE09.mat,WRFrain_PGW_V3_HPE09.mat,149.2213408,138.9226351,-10.29870564,0.930983695,mm
10,total,0,50,0,WRFrain_noPGW_HPE10.mat,WRFrain_PGW_V3_HPE10.mat,138.0382617,140.5935403,2.555278594,1.018511379,mm
11,total,0,50,0,WRFrain_noPGW_HPE11.mat,WRFrain_PGW_V3_HPE11.mat,46.57663477,29.92328814,-16.65334663,0.642452772,mm
12,total,0,50,0,WRFrain_noPGW_HPE12.mat,WRFrain_PGW_V3_HPE12.mat,127.4702578,108.7530456,-18.71721218,0.853164083,mm
13,total,0,50,0,WRFrain_noPGW_HPE13.mat,WRFrain_PGW_V3_HPE13.mat,37.98106105,36.85832586,-1.122735192,0.970439604,mm
14,total,0,50,0,WRFrain_noPGW_HPE14.mat,WRFrain_PGW_V3_HPE14.mat,159.2731716,165.6538568,6.380685213,1.040061268,mm
15,total,0,50,0,WRFrain_noPGW_HPE15.mat,WRFrain_PGW_V3_HPE15.mat,71.14140203,67.0587165,-4.082685528,0.94261168,mm
16,total,0,50,0,WRFrain_noPGW_HPE16.mat,WRFrain_PGW_V3_HPE16.mat,54.12713849,49.00206592,-5.12507257,0.905314179,mm
17,total,0,50,0,WRFrain_noPGW_HPE17.mat,WRFrain_PGW_V3_HPE17.mat,67.15099438,54.47903295,-12.67196143,0.81129153,mm
18,total,0,50,0,WRFrain_noPGW_HPE18.mat,WRFrain_PGW_V3_HPE18.mat,30.20739334,20.12509584,-10.0822975,0.6662308,mm
19,total,0,50,0,WRFrain_noPGW_HPE19.mat,WRFrain_PGW_V3_HPE19.mat,19.8241277,25.60115463,5.777026923,1.291413928,mm
20,total,0,50,0,WRFrain_noPGW_HPE20.mat,WRFrain_PGW_V3_HPE20.mat,2.730063711,1.65428401,-1.075779701,0.605950697,mm
21,total,0,50,0,WRFrain_noPGW_HPE21.mat,WRFrain_PGW_V3_HPE21.mat,5.360889739,2.276688458,-3.084201282,0.424684813,mm
22,total,0,50,0,WRFrain_noPGW_HPE22.mat,WRFrain_PGW_V3_HPE22.mat,57.57482744,35.40490575,-22.16992169,0.614937245,mm
23,total,0,50,0,WRFrain_noPGW_HPE23.mat,WRFrain_PGW_V3_HPE23.mat,59.84022842,48.78983141,-11.05039701,0.815334979,mm
24,total,0,50,0,WRFrain_noPGW_HPE24.mat,WRFrain_PGW_V3_HPE24.mat,197.7578863,202.4311793,4.673292972,1.023631386,mm
25,total,0,50,0,WRFrain_noPGW_HPE25.mat,WRFrain_PGW_V3_HPE25.mat,75.03751268,67.85292887,-7.184583804,0.904253439,mm
26,total,0,50,0,WRFrain_noPGW_HPE26.mat,WRFrain_PGW_V3_HPE26.mat,64.54794961,47.63371225,-16.91423735,0.737958565,mm
27,total,0,50,0,WRFrain_noPGW_HPE27.mat,WRFrain_PGW_V3_HPE27.mat,101.978095,76.88732289,-25.09077214,0.753959199,mm
28,total,0,50,0,WRFrain_noPGW_HPE28.mat,WRFrain_PGW_V3_HPE28.mat,68.23223467,73.83032336,5.598088689,1.082044634,mm
29,total,0,50,0,WRFrain_noPGW_HPE29.mat,WRFrain_PGW_V3_HPE29.mat,37.9447868,25.15299513,-12.79179166,0.662884081,mm
30,total,0,50,0,WRFrain_noPGW_HPE30.mat,WRFrain_PGW_V3_HPE30.mat,121.351416,110.166784,-11.18463192,0.907832704,mm
31,total,0,50,0,WRFrain_noPGW_HPE31.mat,WRFrain_PGW_V3_HPE31.mat,37.96257004,34.68416777,-3.278402269,0.913641193,mm
32,total,0,50,0,WRFrain_noPGW_HPE32.mat,WRFrain_PGW_V3_HPE32.mat,113.0871011,72.8710754,-40.21602569,0.644380081,mm
33,total,0,50,0,WRFrain_noPGW_HPE33.mat,WRFrain_PGW_V3_HPE33.mat,103.9908497,103.7765145,-0.214335182,0.997938903,mm
34,total,0,50,0,WRFrain_noPGW_HPE34.mat,WRFrain_PGW_V3_HPE34.mat,184.267379,182.5385292,-1.728849849,0.990617711,mm
35,total,0,50,0,WRFrain_noPGW_HPE35.mat,WRFrain_PGW_V3_HPE35.mat,120.450592,102.8052037,-17.64538823,0.853505176,mm
36,total,0,50,0,WRFrain_noPGW_HPE36.mat,WRFrain_PGW_V3_HPE36.mat,74.00709929,112.3608721,38.35377283,1.518244509,mm
37,total,0,50,0,WRFrain_noPGW_HPE37.mat,WRFrain_PGW_V3_HPE37.mat,29.86872134,30.82455388,0.955832539,1.03200112,mm
38,total,0,50,0,WRFrain_noPGW_HPE38.mat,WRFrain_PGW_V3_HPE38.mat,54.32988123,51.17571282,-3.154168413,0.941944132,mm
39,total,0,50,0,WRFrain_noPGW_HPE39.mat,WRFrain_PGW_V3_HPE39.mat,40.14242105,30.31542948,-9.82699157,0.755196839,mm
40,total,0,50,0,WRFrain_noPGW_HPE40.mat,WRFrain_PGW_V3_HPE40.mat,37.10557105,25.18536172,-11.92020933,0.678748797,mm
41,total,0,50,0,WRFrain_noPGW_HPE41.mat,WRFrain_PGW_V3_HPE41.mat,115.7077175,112.0040522,-3.703665317,0.967991199,mm
1,intensity,10,50,0,WRFrain_noPGW_HPE01.mat,WRFrain_PGW_V3_HPE01.mat,26.1288795,47.91086064,21.78198115,1.833636251,mm_per_hr
2,intensity,10,50,0,WRFrain_noPGW_HPE02.mat,WRFrain_PGW_V3_HPE02.mat,7.442987833,9.387529028,1.944541196,1.261258145,mm_per_hr
3,intensity,10,50,0,WRFrain_noPGW_HPE03.mat,WRFrain_PGW_V3_HPE03.mat,16.60227749,16.72093955,0.118662057,1.007147336,mm_per_hr
4,intensity,10,50,0,WRFrain_noPGW_HPE04.mat,WRFrain_PGW_V3_HPE04.mat,9.501825307,17.10972692,7.607901617,1.800677909,mm_per_hr
5,intensity,10,50,0,WRFrain_noPGW_HPE05.mat,WRFrain_PGW_V3_HPE05.mat,3.377761371,1.943912064,-1.433849307,0.575503077,mm_per_hr
6,intensity,10,50,0,WRFrain_noPGW_HPE06.mat,WRFrain_PGW_V3_HPE06.mat,4.902381148,1.901028064,-3.001353085,0.387776472,mm_per_hr
7,intensity,10,50,0,WRFrain_noPGW_HPE07.mat,WRFrain_PGW_V3_HPE07.mat,8.656516367,11.57127465,2.914758283,1.336712617,mm_per_hr
8,intensity,10,50,0,WRFrain_noPGW_HPE08.mat,WRFrain_PGW_V3_HPE08.mat,21.15369577,20.57152495,-0.582170819,0.972479002,mm_per_hr
9,intensity,10,50,0,WRFrain_noPGW_HPE09.mat,WRFrain_PGW_V3_HPE09.mat,12.89628128,14.6887975,1.792516221,1.138994814,mm_per_hr
10,intensity,10,50,0,WRFrain_noPGW_HPE10.mat,WRFrain_PGW_V3_HPE10.mat,9.055028224,11.90830332,2.853275092,1.315103942,mm_per_hr
11,intensity,10,50,0,WRFrain_noPGW_HPE11.mat,WRFrain_PGW_V3_HPE11.mat,5.006281654,3.307135378,-1.699146277,0.660597147,mm_per_hr
12,intensity,10,50,0,WRFrain_noPGW_HPE12.mat,WRFrain_PGW_V3_HPE12.mat,8.039071623,11.4816175,3.442545879,1.428226795,mm_per_hr
13,intensity,10,50,0,WRFrain_noPGW_HPE13.mat,WRFrain_PGW_V3_HPE13.mat,6.096851035,6.805205173,0.708354138,1.116183606,mm_per_hr
14,intensity,10,50,0,WRFrain_noPGW_HPE14.mat,WRFrain_PGW_V3_HPE14.mat,24.30551395,19.55058891,-4.754925041,0.804368463,mm_per_hr
15,intensity,10,50,0,WRFrain_noPGW_HPE15.mat,WRFrain_PGW_V3_HPE15.mat,7.487652139,8.111293927,0.623641788,1.083289364,mm_per_hr
16,intensity,10,50,0,WRFrain_noPGW_HPE16.mat,WRFrain_PGW_V3_HPE16.mat,7.893642811,9.081680545,1.188037734,1.150505636,mm_per_hr
17,intensity,10,50,0,WRFrain_noPGW_HPE17.mat,WRFrain_PGW_V3_HPE17.mat,6.976046297,6.892516507,-0.083529789,0.988026199,mm_per_hr
18,intensity,10,50,0,WRFrain_noPGW_HPE18.mat,WRFrain_PGW_V3_HPE18.mat,8.248881111,5.65567232,-2.59320879,0.685629026,mm_per_hr
19,intensity,10,50,0,WRFrain_noPGW_HPE19.mat,WRFrain_PGW_V3_HPE19.mat,7.270255499,12.88145069,5.61119519,1.77180165,mm_per_hr
20,intensity,10,50,0,WRFrain_noPGW_HPE20.mat,WRFrain_PGW_V3_HPE20.mat,2.218709863,0.975229475,-1.243480388,0.439547996,mm_per_hr
21,intensity,10,50,0,WRFrain_noPGW_HPE21.mat,WRFrain_PGW_V3_HPE21.mat,1.356802731,0.938082325,-0.418720407,0.691391831,mm_per_hr
22,intensity,10,50,0,WRFrain_noPGW_HPE22.mat,WRFrain_PGW_V3_HPE22.mat,8.029295415,5.943506815,-2.0857886,0.740227692,mm_per_hr
23,intensity,10,50,0,WRFrain_noPGW_HPE23.mat,WRFrain_PGW_V3_HPE23.mat,9.885909494,9.921496197,0.035586703,1.00359974,mm_per_hr
24,intensity,10,50,0,WRFrain_noPGW_HPE24.mat,WRFrain_PGW_V3_HPE24.mat,12.12792601,18.62462655,6.496700537,1.535681083,mm_per_hr
25,intensity,10,50,0,WRFrain_noPGW_HPE25.mat,WRFrain_PGW_V3_HPE25.mat,5.770431061,7.439156104,1.668725043,1.289185509,mm_per_hr
26,intensity,10,50,0,WRFrain_noPGW_HPE26.mat,WRFrain_PGW_V3_HPE26.mat,6.808399038,6.513180389,-0.295218649,0.95663905,mm_per_hr
27,intensity,10,50,0,WRFrain_noPGW_HPE27.mat,WRFrain_PGW_V3_HPE27.mat,10.01591091,13.67690757,3.660996664,1.365518094,mm_per_hr
28,intensity,10,50,0,WRFrain_noPGW_HPE28.mat,WRFrain_PGW_V3_HPE28.mat,6.716036695,9.487737663,2.771700969,1.412698902,mm_per_hr
29,intensity,10,50,0,WRFrain_noPGW_HPE29.mat,WRFrain_PGW_V3_HPE29.mat,9.898616837,6.559020136,-3.339596701,0.662619863,mm_per_hr
30,intensity,10,50,0,WRFrain_noPGW_HPE30.mat,WRFrain_PGW_V3_HPE30.mat,9.525087984,7.988711702,-1.536376283,0.838702143,mm_per_hr
31,intensity,10,50,0,WRFrain_noPGW_HPE31.mat,WRFrain_PGW_V3_HPE31.mat,5.702454244,7.885252488,2.182798244,1.382782246,mm_per_hr
32,intensity,10,50,0,WRFrain_noPGW_HPE32.mat,WRFrain_PGW_V3_HPE32.mat,7.053179979,9.007810155,1.954630177,1.277127506,mm_per_hr
33,intensity,10,50,0,WRFrain_noPGW_HPE33.mat,WRFrain_PGW_V3_HPE33.mat,6.844572542,8.933362632,2.08879009,1.305174659,mm_per_hr
34,intensity,10,50,0,WRFrain_noPGW_HPE34.mat,WRFrain_PGW_V3_HPE34.mat,9.455697299,9.074628454,-0.381068845,0.959699551,mm_per_hr
35,intensity,10,50,0,WRFrain_noPGW_HPE35.mat,WRFrain_PGW_V3_HPE35.mat,4.991145035,9.764937234,4.773792199,1.95645231,mm_per_hr
36,intensity,10,50,0,WRFrain_noPGW_HPE36.mat,WRFrain_PGW_V3_HPE36.mat,11.557693,16.98265791,5.424964914,1.469381295,mm_per_hr
37,intensity,10,50,0,WRFrain_noPGW_HPE37.mat,WRFrain_PGW_V3_HPE37.mat,13.30180363,14.39382584,1.092022207,1.0820958,mm_per_hr
38,intensity,10,50,0,WRFrain_noPGW_HPE38.mat,WRFrain_PGW_V3_HPE38.mat,8.921015739,11.17087215,2.249856413,1.252197337,mm_per_hr
39,intensity,10,50,0,WRFrain_noPGW_HPE39.mat,WRFrain_PGW_V3_HPE39.mat,7.449048301,6.222583344,-1.226464957,0.835352798,mm_per_hr
40,intensity,10,50,0,WRFrain_noPGW_HPE40.mat,WRFrain_PGW_V3_HPE40.mat,5.106343987,7.416934208,2.310590221,1.45249404,mm_per_hr
41,intensity,10,50,0,WRFrain_noPGW_HPE41.mat,WRFrain_PGW_V3_HPE41.mat,16.61160934,20.98428206,4.372672724,1.263229928,mm_per_hr
1,intensity,20,50,0,WRFrain_noPGW_HPE01.mat,WRFrain_PGW_V3_HPE01.mat,24.99249617,46.57167775,21.57918157,1.863426423,mm_per_hr
2,intensity,20,50,0,WRFrain_noPGW_HPE02.mat,WRFrain_PGW_V3_HPE02.mat,7.353537543,9.055503895,1.701966352,1.231448652,mm_per_hr
3,intensity,20,50,0,WRFrain_noPGW_HPE03.mat,WRFrain_PGW_V3_HPE03.mat,16.38543293,16.05919409,-0.326238833,0.980089703,mm_per_hr
4,intensity,20,50,0,WRFrain_noPGW_HPE04.mat,WRFrain_PGW_V3_HPE04.mat,9.291986694,16.50971881,7.217732113,1.776769527,mm_per_hr
5,intensity,20,50,0,WRFrain_noPGW_HPE05.mat,WRFrain_PGW_V3_HPE05.mat,3.332165657,1.852416269,-1.479749388,0.555919621,mm_per_hr
6,intensity,20,50,0,WRFrain_noPGW_HPE06.mat,WRFrain_PGW_V3_HPE06.mat,4.878259424,1.847373985,-3.030885439,0.378695314,mm_per_hr
7,intensity,20,50,0,WRFrain_noPGW_HPE07.mat,WRFrain_PGW_V3_HPE07.mat,8.450593395,11.35445261,2.903859212,1.343627847,mm_per_hr
8,intensity,20,50,0,WRFrain_noPGW_HPE08.mat,WRFrain_PGW_V3_HPE08.mat,20.94624842,20.10800657,-0.838241845,0.95998129,mm_per_hr
9,intensity,20,50,0,WRFrain_noPGW_HPE09.mat,WRFrain_PGW_V3_HPE09.mat,12.7258293,14.27950331,1.553674014,1.122088233,mm_per_hr
10,intensity,20,50,0,WRFrain_noPGW_HPE10.mat,WRFrain_PGW_V3_HPE10.mat,8.809791236,11.42326822,2.613476988,1.29665595,mm_per_hr
11,intensity,20,50,0,WRFrain_noPGW_HPE11.mat,WRFrain_PGW_V3_HPE11.mat,4.841432521,3.227189041,-1.61424348,0.666577305,mm_per_hr
12,intensity,20,50,0,WRFrain_noPGW_HPE12.mat,WRFrain_PGW_V3_HPE12.mat,7.699526383,10.65805201,2.958525625,1.384247742,mm_per_hr
13,intensity,20,50,0,WRFrain_noPGW_HPE13.mat,WRFrain_PGW_V3_HPE13.mat,5.892734165,6.589892749,0.697158584,1.118308168,mm_per_hr
14,intensity,20,50,0,WRFrain_noPGW_HPE14.mat,WRFrain_PGW_V3_HPE14.mat,23.79700209,19.05256055,-4.744441535,0.800628604,mm_per_hr
15,intensity,20,50,0,WRFrain_noPGW_HPE15.mat,WRFrain_PGW_V3_HPE15.mat,7.241218259,8.077744981,0.836526722,1.115522926,mm_per_hr
16,intensity,20,50,0,WRFrain_noPGW_HPE16.mat,WRFrain_PGW_V3_HPE16.mat,7.685936069,8.958036507,1.272100438,1.165510151,mm_per_hr
17,intensity,20,50,0,WRFrain_noPGW_HPE17.mat,WRFrain_PGW_V3_HPE17.mat,6.857237553,6.70124375,-0.155993804,0.977251218,mm_per_hr
18,intensity,20,50,0,WRFrain_noPGW_HPE18.mat,WRFrain_PGW_V3_HPE18.mat,8.061789389,5.568195733,-2.493593656,0.690689804,mm_per_hr
19,intensity,20,50,0,WRFrain_noPGW_HPE19.mat,WRFrain_PGW_V3_HPE19.mat,7.116354632,12.61616885,5.499814217,1.772841504,mm_per_hr
20,intensity,20,50,0,WRFrain_noPGW_HPE20.mat,WRFrain_PGW_V3_HPE20.mat,2.161860423,0.961837134,-1.200023289,0.444911764,mm_per_hr
21,intensity,20,50,0,WRFrain_noPGW_HPE21.mat,WRFrain_PGW_V3_HPE21.mat,1.304405992,0.903795604,-0.400610388,0.692879065,mm_per_hr
22,intensity,20,50,0,WRFrain_noPGW_HPE22.mat,WRFrain_PGW_V3_HPE22.mat,7.94524284,5.808701554,-2.136541286,0.731091758,mm_per_hr
23,intensity,20,50,0,WRFrain_noPGW_HPE23.mat,WRFrain_PGW_V3_HPE23.mat,9.799816924,9.530795558,-0.269021365,0.972548327,mm_per_hr
24,intensity,20,50,0,WRFrain_noPGW_HPE24.mat,WRFrain_PGW_V3_HPE24.mat,11.86391983,18.40257726,6.538657425,1.551138032,mm_per_hr
25,intensity,20,50,0,WRFrain_noPGW_HPE25.mat,WRFrain_PGW_V3_HPE25.mat,5.724171441,7.194523224,1.470351783,1.256867181,mm_per_hr
26,intensity,20,50,0,WRFrain_noPGW_HPE26.mat,WRFrain_PGW_V3_HPE26.mat,6.601966804,6.169331321,-0.432635483,0.934468698,mm_per_hr
27,intensity,20,50,0,WRFrain_noPGW_HPE27.mat,WRFrain_PGW_V3_HPE27.mat,9.548527957,13.4236184,3.875090442,1.405831188,mm_per_hr
28,intensity,20,50,0,WRFrain_noPGW_HPE28.mat,WRFrain_PGW_V3_HPE28.mat,6.489548989,9.254944062,2.765395073,1.426130549,mm_per_hr
29,intensity,20,50,0,WRFrain_noPGW_HPE29.mat,WRFrain_PGW_V3_HPE29.mat,9.765204713,6.366662682,-3.398542031,0.651974318,mm_per_hr
30,intensity,20,50,0,WRFrain_noPGW_HPE30.mat,WRFrain_PGW_V3_HPE30.mat,9.373284213,7.687418809,-1.685865404,0.82014144,mm_per_hr
31,intensity,20,50,0,WRFrain_noPGW_HPE31.mat,WRFrain_PGW_V3_HPE31.mat,5.618724287,7.772371101,2.153646813,1.383298184,mm_per_hr
32,intensity,20,50,0,WRFrain_noPGW_HPE32.mat,WRFrain_PGW_V3_HPE32.mat,6.950221139,8.546839578,1.596618439,1.229721962,mm_per_hr
33,intensity,20,50,0,WRFrain_noPGW_HPE33.mat,WRFrain_PGW_V3_HPE33.mat,6.692100867,8.569823439,1.877722571,1.280587906,mm_per_hr
34,intensity,20,50,0,WRFrain_noPGW_HPE34.mat,WRFrain_PGW_V3_HPE34.mat,9.299961468,8.835494741,-0.464466727,0.950057134,mm_per_hr
35,intensity,20,50,0,WRFrain_noPGW_HPE35.mat,WRFrain_PGW_V3_HPE35.mat,4.831179094,9.651193668,4.820014574,1.997689069,mm_per_hr
36,intensity,20,50,0,WRFrain_noPGW_HPE36.mat,WRFrain_PGW_V3_HPE36.mat,11.48467955,16.62901719,5.144337636,1.447930446,mm_per_hr
37,intensity,20,50,0,WRFrain_noPGW_HPE37.mat,WRFrain_PGW_V3_HPE37.mat,12.91023057,13.88206129,0.971830721,1.075276016,mm_per_hr
38,intensity,20,50,0,WRFrain_noPGW_HPE38.mat,WRFrain_PGW_V3_HPE38.mat,8.640164979,10.81413074,2.173965758,1.251611603,mm_per_hr
39,intensity,20,50,0,WRFrain_noPGW_HPE39.mat,WRFrain_PGW_V3_HPE39.mat,7.394925721,6.083344752,-1.311580969,0.822637709,mm_per_hr
40,intensity,20,50,0,WRFrain_noPGW_HPE40.mat,WRFrain_PGW_V3_HPE40.mat,4.906719429,7.310239238,2.403519809,1.48984252,mm_per_hr
41,intensity,20,50,0,WRFrain_noPGW_HPE41.mat,WRFrain_PGW_V3_HPE41.mat,16.43385413,20.00778031,3.573926187,1.217473403,mm_per_hr
1,intensity,30,50,0,WRFrain_noPGW_HPE01.mat,WRFrain_PGW_V3_HPE01.mat,24.63480425,44.07256843,19.43776418,1.789036681,mm_per_hr
2,intensity,30,50,0,WRFrain_noPGW_HPE02.mat,WRFrain_PGW_V3_HPE02.mat,7.254902151,8.754720184,1.499818033,1.206731669,mm_per_hr
3,intensity,30,50,0,WRFrain_noPGW_HPE03.mat,WRFrain_PGW_V3_HPE03.mat,16.08510822,15.51829085,-0.566817368,0.964761358,mm_per_hr
4,intensity,30,50,0,WRFrain_noPGW_HPE04.mat,WRFrain_PGW_V3_HPE04.mat,9.06998589,16.03405016,6.964064269,1.767814234,mm_per_hr
5,intensity,30,50,0,WRFrain_noPGW_HPE05.mat,WRFrain_PGW_V3_HPE05.mat,3.306211766,1.728784706,-1.57742706,0.52288989,mm_per_hr
6,intensity,30,50,0,WRFrain_noPGW_HPE06.mat,WRFrain_PGW_V3_HPE06.mat,4.840624688,1.802751044,-3.037873644,0.372421156,mm_per_hr
7,intensity,30,50,0,WRFrain_noPGW_HPE07.mat,WRFrain_PGW_V3_HPE07.mat,8.292898962,11.20116269,2.908263723,1.350693254,mm_per_hr
8,intensity,30,50,0,WRFrain_noPGW_HPE08.mat,WRFrain_PGW_V3_HPE08.mat,20.52993257,19.32918686,-1.200745707,0.941512438,mm_per_hr
9,intensity,30,50,0,WRFrain_noPGW_HPE09.mat,WRFrain_PGW_V3_HPE09.mat,12.45346782,14.22153084,1.768063014,1.141973548,mm_per_hr
10,intensity,30,50,0,WRFrain_noPGW_HPE10.mat,WRFrain_PGW_V3_HPE10.mat,8.610750235,11.11177003,2.50101979,1.29045318,mm_per_hr
11,intensity,30,50,0,WRFrain_noPGW_HPE11.mat,WRFrain_PGW_V3_HPE11.mat,4.775487467,3.088451339,-1.687036128,0.646730069,mm_per_hr
12,intensity,30,50,0,WRFrain_noPGW_HPE12.mat,WRFrain_PGW_V3_HPE12.mat,7.404218349,10.04735401,2.643135661,1.356977001,mm_per_hr
13,intensity,30,50,0,WRFrain_noPGW_HPE13.mat,WRFrain_PGW_V3_HPE13.mat,5.809659533,6.110655298,0.300995764,1.051809536,mm_per_hr
14,intensity,30,50,0,WRFrain_noPGW_HPE14.mat,WRFrain_PGW_V3_HPE14.mat,22.23398948,17.42471602,-4.809273466,0.783697232,mm_per_hr
15,intensity,30,50,0,WRFrain_noPGW_HPE15.mat,WRFrain_PGW_V3_HPE15.mat,6.665206876,7.457567161,0.792360285,1.118880074,mm_per_hr
16,intensity,30,50,0,WRFrain_noPGW_HPE16.mat,WRFrain_PGW_V3_HPE16.mat,7.645739074,8.895683932,1.249944857,1.163482542,mm_per_hr
17,intensity,30,50,0,WRFrain_noPGW_HPE17.mat,WRFrain_PGW_V3_HPE17.mat,6.767128439,6.564938365,-0.202190074,0.970121732,mm_per_hr
18,intensity,30,50,0,WRFrain_noPGW_HPE18.mat,WRFrain_PGW_V3_HPE18.mat,7.92694349,5.480641775,-2.446301716,0.691394077,mm_per_hr
19,intensity,30,50,0,WRFrain_noPGW_HPE19.mat,WRFrain_PGW_V3_HPE19.mat,6.878537121,12.29052276,5.411985637,1.786793113,mm_per_hr
20,intensity,30,50,0,WRFrain_noPGW_HPE20.mat,WRFrain_PGW_V3_HPE20.mat,2.025944257,0.948185577,-1.07775868,0.468021553,mm_per_hr
21,intensity,30,50,0,WRFrain_noPGW_HPE21.mat,WRFrain_PGW_V3_HPE21.mat,1.256757549,0.876226542,-0.380531007,0.697212078,mm_per_hr
22,intensity,30,50,0,WRFrain_noPGW_HPE22.mat,WRFrain_PGW_V3_HPE22.mat,7.86954317,5.713788752,-2.155754418,0.726063588,mm_per_hr
23,intensity,30,50,0,WRFrain_noPGW_HPE23.mat,WRFrain_PGW_V3_HPE23.mat,9.623001686,8.95167084,-0.671330846,0.930236857,mm_per_hr
24,intensity,30,50,0,WRFrain_noPGW_HPE24.mat,WRFrain_PGW_V3_HPE24.mat,11.65488138,17.90466049,6.249779117,1.536237042,mm_per_hr
25,intensity,30,50,0,WRFrain_noPGW_HPE25.mat,WRFrain_PGW_V3_HPE25.mat,5.636541664,6.967593996,1.331052332,1.236146987,mm_per_hr
26,intensity,30,50,0,WRFrain_noPGW_HPE26.mat,WRFrain_PGW_V3_HPE26.mat,6.441813281,6.046807147,-0.395006134,0.938680909,mm_per_hr
27,intensity,30,50,0,WRFrain_noPGW_HPE27.mat,WRFrain_PGW_V3_HPE27.mat,9.175263475,12.58522028,3.40995681,1.371646746,mm_per_hr
28,intensity,30,50,0,WRFrain_noPGW_HPE28.mat,WRFrain_PGW_V3_HPE28.mat,6.32136498,9.049811031,2.728446051,1.431622926,mm_per_hr
29,intensity,30,50,0,WRFrain_noPGW_HPE29.mat,WRFrain_PGW_V3_HPE29.mat,9.738366522,6.299842083,-3.438524439,0.646909527,mm_per_hr
30,intensity,30,50,0,WRFrain_noPGW_HPE30.mat,WRFrain_PGW_V3_HPE30.mat,9.174976111,7.504988433,-1.669987678,0.81798452,mm_per_hr
31,intensity,30,50,0,WRFrain_noPGW_HPE31.mat,WRFrain_PGW_V3_HPE31.mat,5.468410416,7.746790959,2.278380543,1.416644028,mm_per_hr
32,intensity,30,50,0,WRFrain_noPGW_HPE32.mat,WRFrain_PGW_V3_HPE32.mat,6.843493631,8.347317756,1.503824125,1.21974509,mm_per_hr
33,intensity,30,50,0,WRFrain_noPGW_HPE33.mat,WRFrain_PGW_V3_HPE33.mat,6.614051393,8.123745231,1.509693838,1.228255535,mm_per_hr
34,intensity,30,50,0,WRFrain_noPGW_HPE34.mat,WRFrain_PGW_V3_HPE34.mat,9.063408525,8.455743937,-0.607664588,0.932954077,mm_per_hr
35,intensity,30,50,0,WRFrain_noPGW_HPE35.mat,WRFrain_PGW_V3_HPE35.mat,4.751080362,9.393830804,4.642750443,1.977198887,mm_per_hr
36,intensity,30,50,0,WRFrain_noPGW_HPE36.mat,WRFrain_PGW_V3_HPE36.mat,11.31516909,16.43791965,5.122750561,1.45273301,mm_per_hr
37,intensity,30,50,0,WRFrain_noPGW_HPE37.mat,WRFrain_PGW_V3_HPE37.mat,12.28753505,13.46538843,1.177853373,1.09585758,mm_per_hr
38,intensity,30,50,0,WRFrain_noPGW_HPE38.mat,WRFrain_PGW_V3_HPE38.mat,8.514581081,10.55547852,2.040897442,1.239694405,mm_per_hr
39,intensity,30,50,0,WRFrain_noPGW_HPE39.mat,WRFrain_PGW_V3_HPE39.mat,7.283192478,5.947474751,-1.335717727,0.816602715,mm_per_hr
40,intensity,30,50,0,WRFrain_noPGW_HPE40.mat,WRFrain_PGW_V3_HPE40.mat,4.744097141,7.182288276,2.438191135,1.513942076,mm_per_hr
41,intensity,30,50,0,WRFrain_noPGW_HPE41.mat,WRFrain_PGW_V3_HPE41.mat,16.27744616,19.14375517,2.866309009,1.17609083,mm_per_hr
1,intensity,60,50,0,WRFrain_noPGW_HPE01.mat,WRFrain_PGW_V3_HPE01.mat,22.00323791,33.2891136,11.28587569,1.512918859,mm_per_hr
2,intensity,60,50,0,WRFrain_noPGW_HPE02.mat,WRFrain_PGW_V3_HPE02.mat,6.847242122,7.199638462,0.35239634,1.051465442,mm_per_hr
3,intensity,60,50,0,WRFrain_noPGW_HPE03.mat,WRFrain_PGW_V3_HPE03.mat,14.89777906,14.80338142,-0.094397643,0.993663643,mm_per_hr
4,intensity,60,50,0,WRFrain_noPGW_HPE04.mat,WRFrain_PGW_V3_HPE04.mat,8.884089778,14.2796105,5.395520719,1.607323975,mm_per_hr
5,intensity,60,50,0,WRFrain_noPGW_HPE05.mat,WRFrain_PGW_V3_HPE05.mat,3.106014964,1.51787261,-1.588142353,0.488688119,mm_per_hr
6,intensity,60,50,0,WRFrain_noPGW_HPE06.mat,WRFrain_PGW_V3_HPE06.mat,4.737388896,1.66787239,-3.069516507,0.352065753,mm_per_hr
7,intensity,60,50,0,WRFrain_noPGW_HPE07.mat,WRFrain_PGW_V3_HPE07.mat,7.654915064,10.70231327,3.047398208,1.398096933,mm_per_hr
8,intensity,60,50,0,WRFrain_noPGW_HPE08.mat,WRFrain_PGW_V3_HPE08.mat,19.08144733,16.62896048,-2.452486852,0.871472703,mm_per_hr
9,intensity,60,50,0,WRFrain_noPGW_HPE09.mat,WRFrain_PGW_V3_HPE09.mat,11.94797279,14.02892066,2.080947869,1.174167443,mm_per_hr
10,intensity,60,50,0,WRFrain_noPGW_HPE10.mat,WRFrain_PGW_V3_HPE10.mat,7.978156554,10.50277413,2.524617571,1.316441217,mm_per_hr
11,intensity,60,50,0,WRFrain_noPGW_HPE11.mat,WRFrain_PGW_V3_HPE11.mat,4.68734552,2.982604429,-1.704741091,0.636309915,mm_per_hr
12,intensity,60,50,0,WRFrain_noPGW_HPE12.mat,WRFrain_PGW_V3_HPE12.mat,6.500942908,8.578808743,2.077865836,1.319625301,mm_per_hr
13,intensity,60,50,0,WRFrain_noPGW_HPE13.mat,WRFrain_PGW_V3_HPE13.mat,5.257349007,5.24797108,-0.009377927,0.998216225,mm_per_hr
14,intensity,60,50,0,WRFrain_noPGW_HPE14.mat,WRFrain_PGW_V3_HPE14.mat,15.00951495,13.35175787,-1.657757082,0.889552921,mm_per_hr
15,intensity,60,50,0,WRFrain_noPGW_HPE15.mat,WRFrain_PGW_V3_HPE15.mat,5.618811637,6.39393707,0.775125433,1.137951845,mm_per_hr
16,intensity,60,50,0,WRFrain_noPGW_HPE16.mat,WRFrain_PGW_V3_HPE16.mat,7.327040574,8.112133962,0.785093388,1.107150135,mm_per_hr
17,intensity,60,50,0,WRFrain_noPGW_HPE17.mat,WRFrain_PGW_V3_HPE17.mat,6.413041682,5.851129765,-0.561911918,0.912379812,mm_per_hr
18,intensity,60,50,0,WRFrain_noPGW_HPE18.mat,WRFrain_PGW_V3_HPE18.mat,7.104354771,5.109834013,-1.994520758,0.719253778,mm_per_hr
19,intensity,60,50,0,WRFrain_noPGW_HPE19.mat,WRFrain_PGW_V3_HPE19.mat,5.881106952,11.05882893,5.177721982,1.880399222,mm_per_hr
20,intensity,60,50,0,WRFrain_noPGW_HPE20.mat,WRFrain_PGW_V3_HPE20.mat,1.69679445,0.861871858,-0.834922592,0.507941229,mm_per_hr
21,intensity,60,50,0,WRFrain_noPGW_HPE21.mat,WRFrain_PGW_V3_HPE21.mat,1.178107761,0.811454583,-0.366653178,0.688777895,mm_per_hr
22,intensity,60,50,0,WRFrain_noPGW_HPE22.mat,WRFrain_PGW_V3_HPE22.mat,7.644204286,5.445852457,-2.198351829,0.712415871,mm_per_hr
23,intensity,60,50,0,WRFrain_noPGW_HPE23.mat,WRFrain_PGW_V3_HPE23.mat,9.180233039,7.776349866,-1.403883173,0.847075432,mm_per_hr
24,intensity,60,50,0,WRFrain_noPGW_HPE24.mat,WRFrain_PGW_V3_HPE24.mat,11.0872606,16.53672884,5.44946824,1.491507184,mm_per_hr
25,intensity,60,50,0,WRFrain_noPGW_HPE25.mat,WRFrain_PGW_V3_HPE25.mat,5.316048986,6.235563851,0.919514865,1.1729696,mm_per_hr
26,intensity,60,50,0,WRFrain_noPGW_HPE26.mat,WRFrain_PGW_V3_HPE26.mat,5.723671801,5.657741626,-0.065930175,0.98848114,mm_per_hr
27,intensity,60,50,0,WRFrain_noPGW_HPE27.mat,WRFrain_PGW_V3_HPE27.mat,7.595154687,10.53350192,2.938347234,1.386871282,mm_per_hr
28,intensity,60,50,0,WRFrain_noPGW_HPE28.mat,WRFrain_PGW_V3_HPE28.mat,5.459978562,7.913401739,2.453423177,1.449346668,mm_per_hr
29,intensity,60,50,0,WRFrain_noPGW_HPE29.mat,WRFrain_PGW_V3_HPE29.mat,9.252294057,5.804120672,-3.448173386,0.627316927,mm_per_hr
30,intensity,60,50,0,WRFrain_noPGW_HPE30.mat,WRFrain_PGW_V3_HPE30.mat,8.371089298,6.83772845,-1.533360848,0.816826605,mm_per_hr
31,intensity,60,50,0,WRFrain_noPGW_HPE31.mat,WRFrain_PGW_V3_HPE31.mat,4.844045902,7.401816126,2.557770224,1.528023531,mm_per_hr
32,intensity,60,50,0,WRFrain_noPGW_HPE32.mat,WRFrain_PGW_V3_HPE32.mat,6.600218323,7.456919211,0.856700888,1.129798871,mm_per_hr
33,intensity,60,50,0,WRFrain_noPGW_HPE33.mat,WRFrain_PGW_V3_HPE33.mat,6.320461782,7.25352501,0.933063228,1.1476258,mm_per_hr
34,intensity,60,50,0,WRFrain_noPGW_HPE34.mat,WRFrain_PGW_V3_HPE34.mat,8.396193359,7.736582653,-0.659610706,0.921439314,mm_per_hr
35,intensity,60,50,0,WRFrain_noPGW_HPE35.mat,WRFrain_PGW_V3_HPE35.mat,4.487519591,8.58099718,4.093477589,1.912191581,mm_per_hr
36,intensity,60,50,0,WRFrain_noPGW_HPE36.mat,WRFrain_PGW_V3_HPE36.mat,10.65895274,15.24846654,4.589513796,1.430578304,mm_per_hr
37,intensity,60,50,0,WRFrain_noPGW_HPE37.mat,WRFrain_PGW_V3_HPE37.mat,10.68494286,12.54288103,1.857938167,1.173883772,mm_per_hr
38,intensity,60,50,0,WRFrain_noPGW_HPE38.mat,WRFrain_PGW_V3_HPE38.mat,8.201734755,9.604613017,1.402878262,1.171046529,mm_per_hr
39,intensity,60,50,0,WRFrain_noPGW_HPE39.mat,WRFrain_PGW_V3_HPE39.mat,6.956977167,5.688735874,-1.268241293,0.817702249,mm_per_hr
40,intensity,60,50,0,WRFrain_noPGW_HPE40.mat,WRFrain_PGW_V3_HPE40.mat,4.449204276,6.726814284,2.277610008,1.511914011,mm_per_hr
41,intensity,60,50,0,WRFrain_noPGW_HPE41.mat,WRFrain_PGW_V3_HPE41.mat,15.61727216,17.73900883,2.121736667,1.13585834,mm_per_hr
1,intensity,120,50,0,WRFrain_noPGW_HPE01.mat,WRFrain_PGW_V3_HPE01.mat,13.17873617,17.58804187,4.409305703,1.33457728,mm_per_hr
2,intensity,120,50,0,WRFrain_noPGW_HPE02.mat,WRFrain_PGW_V3_HPE02.mat,6.455919012,6.022737435,-0.433181577,0.93290164,mm_per_hr
3,intensity,120,50,0,WRFrain_noPGW_HPE03.mat,WRFrain_PGW_V3_HPE03.mat,12.72712534,14.19122965,1.464104305,1.115038099,mm_per_hr
4,intensity,120,50,0,WRFrain_noPGW_HPE04.mat,WRFrain_PGW_V3_HPE04.mat,8.312277689,11.07567438,2.763396688,1.33244759,mm_per_hr
5,intensity,120,50,0,WRFrain_noPGW_HPE05.mat,WRFrain_PGW_V3_HPE05.mat,2.517569,1.141780998,-1.375788002,0.453525205,mm_per_hr
6,intensity,120,50,0,WRFrain_noPGW_HPE06.mat,WRFrain_PGW_V3_HPE06.mat,4.485439496,1.543218163,-2.942221333,0.344050603,mm_per_hr
7,intensity,120,50,0,WRFrain_noPGW_HPE07.mat,WRFrain_PGW_V3_HPE07.mat,6.480772773,9.357802302,2.877029529,1.443933097,mm_per_hr
8,intensity,120,50,0,WRFrain_noPGW_HPE08.mat,WRFrain_PGW_V3_HPE08.mat,15.21102057,10.30283553,-4.90818504,0.677327039,mm_per_hr
9,intensity,120,50,0,WRFrain_noPGW_HPE09.mat,WRFrain_PGW_V3_HPE09.mat,11.61270341,13.41519968,1.802496268,1.155217627,mm_per_hr
10,intensity,120,50,0,WRFrain_noPGW_HPE10.mat,WRFrain_PGW_V3_HPE10.mat,7.365955278,8.890339957,1.52438468,1.206950032,mm_per_hr
11,intensity,120,50,0,WRFrain_noPGW_HPE11.mat,WRFrain_PGW_V3_HPE11.mat,4.448878723,2.524645252,-1.924233471,0.567479001,mm_per_hr
12,intensity,120,50,0,WRFrain_noPGW_HPE12.mat,WRFrain_PGW_V3_HPE12.mat,5.23797377,7.680580673,2.442606903,1.466326677,mm_per_hr
13,intensity,120,50,0,WRFrain_noPGW_HPE13.mat,WRFrain_PGW_V3_HPE13.mat,4.509142436,3.425047607,-1.084094829,0.759578491,mm_per_hr
14,intensity,120,50,0,WRFrain_noPGW_HPE14.mat,WRFrain_PGW_V3_HPE14.mat,12.49144941,9.13749929,-3.353950125,0.731500324,mm_per_hr
15,intensity,120,50,0,WRFrain_noPGW_HPE15.mat,WRFrain_PGW_V3_HPE15.mat,5.3185545,5.151057216,-0.167497284,0.968506991,mm_per_hr
16,intensity,120,50,0,WRFrain_noPGW_HPE16.mat,WRFrain_PGW_V3_HPE16.mat,5.699581495,5.999580995,0.2999995,1.052635356,mm_per_hr
17,intensity,120,50,0,WRFrain_noPGW_HPE17.mat,WRFrain_PGW_V3_HPE17.mat,5.77370503,5.091370165,-0.682334865,0.881820276,mm_per_hr
18,intensity,120,50,0,WRFrain_noPGW_HPE18.mat,WRFrain_PGW_V3_HPE18.mat,5.633825977,4.236345464,-1.397480513,0.751948229,mm_per_hr
19,intensity,120,50,0,WRFrain_noPGW_HPE19.mat,WRFrain_PGW_V3_HPE19.mat,4.550037031,6.86559142,2.315554389,1.508908911,mm_per_hr
20,intensity,120,50,0,WRFrain_noPGW_HPE20.mat,WRFrain_PGW_V3_HPE20.mat,1.192181176,0.668507926,-0.52367325,0.560743568,mm_per_hr
21,intensity,120,50,0,WRFrain_noPGW_HPE21.mat,WRFrain_PGW_V3_HPE21.mat,1.077252173,0.691934756,-0.385317417,0.64231456,mm_per_hr
22,intensity,120,50,0,WRFrain_noPGW_HPE22.mat,WRFrain_PGW_V3_HPE22.mat,6.976977176,4.753969124,-2.223008051,0.681379486,mm_per_hr
23,intensity,120,50,0,WRFrain_noPGW_HPE23.mat,WRFrain_PGW_V3_HPE23.mat,7.851755488,5.587179066,-2.264576421,0.711583426,mm_per_hr
24,intensity,120,50,0,WRFrain_noPGW_HPE24.mat,WRFrain_PGW_V3_HPE24.mat,10.17286451,14.86483298,4.691968471,1.461223922,mm_per_hr
25,intensity,120,50,0,WRFrain_noPGW_HPE25.mat,WRFrain_PGW_V3_HPE25.mat,4.509711964,5.502565493,0.992853529,1.220158967,mm_per_hr
26,intensity,120,50,0,WRFrain_noPGW_HPE26.mat,WRFrain_PGW_V3_HPE26.mat,4.623402873,4.476108883,-0.14729399,0.968141649,mm_per_hr
27,intensity,120,50,0,WRFrain_noPGW_HPE27.mat,WRFrain_PGW_V3_HPE27.mat,6.505547252,8.336340288,1.830793036,1.281420296,mm_per_hr
28,intensity,120,50,0,WRFrain_noPGW_HPE28.mat,WRFrain_PGW_V3_HPE28.mat,4.304625716,5.960186398,1.655560682,1.384600379,mm_per_hr
29,intensity,120,50,0,WRFrain_noPGW_HPE29.mat,WRFrain_PGW_V3_HPE29.mat,8.191825254,5.093856786,-3.097968469,0.621821954,mm_per_hr
30,intensity,120,50,0,WRFrain_noPGW_HPE30.mat,WRFrain_PGW_V3_HPE30.mat,7.219235445,5.347906957,-1.871328488,0.74078578,mm_per_hr
31,intensity,120,50,0,WRFrain_noPGW_HPE31.mat,WRFrain_PGW_V3_HPE31.mat,4.475655945,6.016848851,1.541192906,1.344350175,mm_per_hr
32,intensity,120,50,0,WRFrain_noPGW_HPE32.mat,WRFrain_PGW_V3_HPE32.mat,6.212464563,6.254133606,0.041669043,1.006707329,mm_per_hr
33,intensity,120,50,0,WRFrain_noPGW_HPE33.mat,WRFrain_PGW_V3_HPE33.mat,5.730154966,6.863109039,1.132954073,1.197717877,mm_per_hr
34,intensity,120,50,0,WRFrain_noPGW_HPE34.mat,WRFrain_PGW_V3_HPE34.mat,7.456016877,6.860457858,-0.595559019,0.920123703,mm_per_hr
35,intensity,120,50,0,WRFrain_noPGW_HPE35.mat,WRFrain_PGW_V3_HPE35.mat,4.215661923,6.954486618,2.738824695,1.649678448,mm_per_hr
36,intensity,120,50,0,WRFrain_noPGW_HPE36.mat,WRFrain_PGW_V3_HPE36.mat,9.101131891,13.92143557,4.820303682,1.529637823,mm_per_hr
37,intensity,120,50,0,WRFrain_noPGW_HPE37.mat,WRFrain_PGW_V3_HPE37.mat,9.178999771,9.541889743,0.362889973,1.039534806,mm_per_hr
38,intensity,120,50,0,WRFrain_noPGW_HPE38.mat,WRFrain_PGW_V3_HPE38.mat,7.446160891,7.730898238,0.284737347,1.038239484,mm_per_hr
39,intensity,120,50,0,WRFrain_noPGW_HPE39.mat,WRFrain_PGW_V3_HPE39.mat,6.472365963,5.14882928,-1.323536683,0.795509603,mm_per_hr
40,intensity,120,50,0,WRFrain_noPGW_HPE40.mat,WRFrain_PGW_V3_HPE40.mat,3.742818021,5.575561196,1.832743175,1.489669325,mm_per_hr
41,intensity,120,50,0,WRFrain_noPGW_HPE41.mat,WRFrain_PGW_V3_HPE41.mat,13.7846228,15.8866387,2.102015909,1.152489911,mm_per_hr
1,intensity,240,50,0,WRFrain_noPGW_HPE01.mat,WRFrain_PGW_V3_HPE01.mat,8.915009535,10.65617069,1.741161156,1.195306707,mm_per_hr
2,intensity,240,50,0,WRFrain_noPGW_HPE02.mat,WRFrain_PGW_V3_HPE02.mat,5.570301191,5.65107988,0.080778688,1.014501673,mm_per_hr
3,intensity,240,50,0,WRFrain_noPGW_HPE03.mat,WRFrain_PGW_V3_HPE03.mat,10.20359922,13.7182817,3.51468248,1.344455168,mm_per_hr
4,intensity,240,50,0,WRFrain_noPGW_HPE04.mat,WRFrain_PGW_V3_HPE04.mat,6.96854725,8.674598012,1.706050762,1.244821582,mm_per_hr
5,intensity,240,50,0,WRFrain_noPGW_HPE05.mat,WRFrain_PGW_V3_HPE05.mat,1.669772029,0.878480283,-0.791291746,0.526107916,mm_per_hr
6,intensity,240,50,0,WRFrain_noPGW_HPE06.mat,WRFrain_PGW_V3_HPE06.mat,3.975614865,1.070902278,-2.904712586,0.269367712,mm_per_hr
7,intensity,240,50,0,WRFrain_noPGW_HPE07.mat,WRFrain_PGW_V3_HPE07.mat,5.259085109,7.882369883,2.623284774,1.498810101,mm_per_hr
8,intensity,240,50,0,WRFrain_noPGW_HPE08.mat,WRFrain_PGW_V3_HPE08.mat,9.856221871,7.531293923,-2.324927948,0.764115705,mm_per_hr
9,intensity,240,50,0,WRFrain_noPGW_HPE09.mat,WRFrain_PGW_V3_HPE09.mat,10.04236208,11.29569849,1.253336414,1.124804942,mm_per_hr
10,intensity,240,50,0,WRFrain_noPGW_HPE10.mat,WRFrain_PGW_V3_HPE10.mat,6.907412431,7.194216985,0.286804554,1.041521273,mm_per_hr
11,intensity,240,50,0,WRFrain_noPGW_HPE11.mat,WRFrain_PGW_V3_HPE11.mat,3.572543014,1.850090003,-1.722453011,0.517863605,mm_per_hr
12,intensity,240,50,0,WRFrain_noPGW_HPE12.mat,WRFrain_PGW_V3_HPE12.mat,4.286777461,6.795903586,2.509126125,1.58531756,mm_per_hr
13,intensity,240,50,0,WRFrain_noPGW_HPE13.mat,WRFrain_PGW_V3_HPE13.mat,3.710120143,2.639051342,-1.071068801,0.711311559,mm_per_hr
14,intensity,240,50,0,WRFrain_noPGW_HPE14.mat,WRFrain_PGW_V3_HPE14.mat,9.962821021,8.216246954,-1.746574068,0.824690812,mm_per_hr
15,intensity,240,50,0,WRFrain_noPGW_HPE15.mat,WRFrain_PGW_V3_HPE15.mat,4.494273278,4.619732634,0.125459356,1.027915382,mm_per_hr
16,intensity,240,50,0,WRFrain_noPGW_HPE16.mat,WRFrain_PGW_V3_HPE16.mat,4.059060667,3.879847491,-0.179213176,0.955848609,mm_per_hr
17,intensity,240,50,0,WRFrain_noPGW_HPE17.mat,WRFrain_PGW_V3_HPE17.mat,5.321071035,4.868016497,-0.453054537,0.914856514,mm_per_hr
18,intensity,240,50,0,WRFrain_noPGW_HPE18.mat,WRFrain_PGW_V3_HPE18.mat,3.983620876,3.22441471,-0.759206166,0.809418067,mm_per_hr
19,intensity,240,50,0,WRFrain_noPGW_HPE19.mat,WRFrain_PGW_V3_HPE19.mat,3.550124793,4.267965609,0.717840816,1.202201573,mm_per_hr
20,intensity,240,50,0,WRFrain_noPGW_HPE20.mat,WRFrain_PGW_V3_HPE20.mat,0.677880311,0.410523487,-0.267356824,0.605598777,mm_per_hr
21,intensity,240,50,0,WRFrain_noPGW_HPE21.mat,WRFrain_PGW_V3_HPE21.mat,0.875754608,0.515288005,-0.360466603,0.588393142,mm_per_hr
22,intensity,240,50,0,WRFrain_noPGW_HPE22.mat,WRFrain_PGW_V3_HPE22.mat,5.449747693,3.464533248,-1.985214446,0.635723605,mm_per_hr
23,intensity,240,50,0,WRFrain_noPGW_HPE23.mat,WRFrain_PGW_V3_HPE23.mat,6.005122257,3.556630934,-2.448491323,0.592266199,mm_per_hr
24,intensity,240,50,0,WRFrain_noPGW_HPE24.mat,WRFrain_PGW_V3_HPE24.mat,8.646506873,11.42754876,2.781041886,1.321637619,mm_per_hr
25,intensity,240,50,0,WRFrain_noPGW_HPE25.mat,WRFrain_PGW_V3_HPE25.mat,4.367770621,4.838065228,0.470294607,1.107673834,mm_per_hr
26,intensity,240,50,0,WRFrain_noPGW_HPE26.mat,WRFrain_PGW_V3_HPE26.mat,4.037671307,4.022506849,-0.015164458,0.996244256,mm_per_hr
27,intensity,240,50,0,WRFrain_noPGW_HPE27.mat,WRFrain_PGW_V3_HPE27.mat,5.27239061,6.137509487,0.865118877,1.164084746,mm_per_hr
28,intensity,240,50,0,WRFrain_noPGW_HPE28.mat,WRFrain_PGW_V3_HPE28.mat,3.64559236,5.229474018,1.583881657,1.434464828,mm_per_hr
29,intensity,240,50,0,WRFrain_noPGW_HPE29.mat,WRFrain_PGW_V3_HPE29.mat,6.963109372,3.676626356,-3.286483016,0.528015023,mm_per_hr
30,intensity,240,50,0,WRFrain_noPGW_HPE30.mat,WRFrain_PGW_V3_HPE30.mat,6.053233612,4.563881567,-1.489352045,0.753957613,mm_per_hr
31,intensity,240,50,0,WRFrain_noPGW_HPE31.mat,WRFrain_PGW_V3_HPE31.mat,3.61950439,4.192119677,0.572615287,1.158202678,mm_per_hr
32,intensity,240,50,0,WRFrain_noPGW_HPE32.mat,WRFrain_PGW_V3_HPE32.mat,5.30314552,5.32208976,0.01894424,1.003572265,mm_per_hr
33,intensity,240,50,0,WRFrain_noPGW_HPE33.mat,WRFrain_PGW_V3_HPE33.mat,4.80563597,6.184837859,1.379201889,1.286996747,mm_per_hr
34,intensity,240,50,0,WRFrain_noPGW_HPE34.mat,WRFrain_PGW_V3_HPE34.mat,6.604728632,5.596546659,-1.008181973,0.84735452,mm_per_hr
35,intensity,240,50,0,WRFrain_noPGW_HPE35.mat,WRFrain_PGW_V3_HPE35.mat,3.734413414,5.196464212,1.462050798,1.391507484,mm_per_hr
36,intensity,240,50,0,WRFrain_noPGW_HPE36.mat,WRFrain_PGW_V3_HPE36.mat,8.573976348,11.36768393,2.793707579,1.325835699,mm_per_hr
37,intensity,240,50,0,WRFrain_noPGW_HPE37.mat,WRFrain_PGW_V3_HPE37.mat,6.515159961,6.135651547,-0.379508415,0.941749947,mm_per_hr
38,intensity,240,50,0,WRFrain_noPGW_HPE38.mat,WRFrain_PGW_V3_HPE38.mat,5.922360953,4.460643896,-1.461717057,0.753186766,mm_per_hr
39,intensity,240,50,0,WRFrain_noPGW_HPE39.mat,WRFrain_PGW_V3_HPE39.mat,5.427632028,3.939418895,-1.488213133,0.725808027,mm_per_hr
40,intensity,240,50,0,WRFrain_noPGW_HPE40.mat,WRFrain_PGW_V3_HPE40.mat,3.169078035,4.47384603,1.304767995,1.411718481,mm_per_hr
41,intensity,240,50,0,WRFrain_noPGW_HPE41.mat,WRFrain_PGW_V3_HPE41.mat,10.45210087,12.27273626,1.820635393,1.174188464,mm_per_hr
1,intensity,360,50,0,WRFrain_noPGW_HPE01.mat,WRFrain_PGW_V3_HPE01.mat,7.63535739,8.771850319,1.13649293,1.148846069,mm_per_hr
2,intensity,360,50,0,WRFrain_noPGW_HPE02.mat,WRFrain_PGW_V3_HPE02.mat,5.123391728,4.98330104,-0.140090688,0.972656651,mm_per_hr
3,intensity,360,50,0,WRFrain_noPGW_HPE03.mat,WRFrain_PGW_V3_HPE03.mat,9.095476566,12.2524182,3.156941634,1.347089194,mm_per_hr
4,intensity,360,50,0,WRFrain_noPGW_HPE04.mat,WRFrain_PGW_V3_HPE04.mat,6.044638265,7.797933287,1.753295022,1.29005789,mm_per_hr
5,intensity,360,50,0,WRFrain_noPGW_HPE05.mat,WRFrain_PGW_V3_HPE05.mat,1.126491307,0.723893048,-0.40259826,0.642608641,mm_per_hr
6,intensity,360,50,0,WRFrain_noPGW_HPE06.mat,WRFrain_PGW_V3_HPE06.mat,3.673459047,0.738398809,-2.935060238,0.201009131,mm_per_hr
7,intensity,360,50,0,WRFrain_noPGW_HPE07.mat,WRFrain_PGW_V3_HPE07.mat,4.787832873,6.87363594,2.085803067,1.43564659,mm_per_hr
8,intensity,360,50,0,WRFrain_noPGW_HPE08.mat,WRFrain_PGW_V3_HPE08.mat,7.210002515,5.73393816,-1.476064355,0.795275473,mm_per_hr
9,intensity,360,50,0,WRFrain_noPGW_HPE09.mat,WRFrain_PGW_V3_HPE09.mat,8.349808437,10.13371094,1.783902505,1.21364592,mm_per_hr
10,intensity,360,50,0,WRFrain_noPGW_HPE10.mat,WRFrain_PGW_V3_HPE10.mat,6.331817938,6.356558721,0.024740783,1.003907374,mm_per_hr
11,intensity,360,50,0,WRFrain_noPGW_HPE11.mat,WRFrain_PGW_V3_HPE11.mat,2.759664003,1.722644991,-1.037019012,0.624222727,mm_per_hr
12,intensity,360,50,0,WRFrain_noPGW_HPE12.mat,WRFrain_PGW_V3_HPE12.mat,4.157803635,5.967188503,1.809384867,1.435178047,mm_per_hr
13,intensity,360,50,0,WRFrain_noPGW_HPE13.mat,WRFrain_PGW_V3_HPE13.mat,3.710472649,2.552563367,-1.157909282,0.687934829,mm_per_hr
14,intensity,360,50,0,WRFrain_noPGW_HPE14.mat,WRFrain_PGW_V3_HPE14.mat,8.012872654,6.983385666,-1.029486988,0.87152086,mm_per_hr
15,intensity,360,50,0,WRFrain_noPGW_HPE15.mat,WRFrain_PGW_V3_HPE15.mat,3.79064916,4.297088213,0.506439053,1.133602196,mm_per_hr
16,intensity,360,50,0,WRFrain_noPGW_HPE16.mat,WRFrain_PGW_V3_HPE16.mat,3.472982723,3.147276364,-0.325706358,0.90621711,mm_per_hr
17,intensity,360,50,0,WRFrain_noPGW_HPE17.mat,WRFrain_PGW_V3_HPE17.mat,4.869185714,4.492197154,-0.37698856,0.922576673,mm_per_hr
18,intensity,360,50,0,WRFrain_noPGW_HPE18.mat,WRFrain_PGW_V3_HPE18.mat,2.869829892,2.924908197,0.055078305,1.019192185,mm_per_hr
19,intensity,360,50,0,WRFrain_noPGW_HPE19.mat,WRFrain_PGW_V3_HPE19.mat,2.982259696,3.260343566,0.27808387,1.093246027,mm_per_hr
20,intensity,360,50,0,WRFrain_noPGW_HPE20.mat,WRFrain_PGW_V3_HPE20.mat,0.453541133,0.275705018,-0.177836116,0.607894185,mm_per_hr
21,intensity,360,50,0,WRFrain_noPGW_HPE21.mat,WRFrain_PGW_V3_HPE21.mat,0.755830047,0.377664513,-0.378165534,0.499668562,mm_per_hr
22,intensity,360,50,0,WRFrain_noPGW_HPE22.mat,WRFrain_PGW_V3_HPE22.mat,4.292629056,2.880155898,-1.412473158,0.670953828,mm_per_hr
23,intensity,360,50,0,WRFrain_noPGW_HPE23.mat,WRFrain_PGW_V3_HPE23.mat,5.1880712,3.106821696,-2.081249504,0.598839448,mm_per_hr
24,intensity,360,50,0,WRFrain_noPGW_HPE24.mat,WRFrain_PGW_V3_HPE24.mat,7.955037091,9.61654841,1.661511319,1.2088628,mm_per_hr
25,intensity,360,50,0,WRFrain_noPGW_HPE25.mat,WRFrain_PGW_V3_HPE25.mat,4.013631515,4.460035627,0.446404112,1.111221997,mm_per_hr
26,intensity,360,50,0,WRFrain_noPGW_HPE26.mat,WRFrain_PGW_V3_HPE26.mat,3.299437973,3.367005534,0.067567561,1.020478506,mm_per_hr
27,intensity,360,50,0,WRFrain_noPGW_HPE27.mat,WRFrain_PGW_V3_HPE27.mat,4.785181473,5.75612664,0.970945167,1.202906655,mm_per_hr
28,intensity,360,50,0,WRFrain_noPGW_HPE28.mat,WRFrain_PGW_V3_HPE28.mat,3.142537994,4.480891192,1.338353198,1.425882901,mm_per_hr
29,intensity,360,50,0,WRFrain_noPGW_HPE29.mat,WRFrain_PGW_V3_HPE29.mat,5.683481763,2.734858107,-2.948623656,0.481194138,mm_per_hr
30,intensity,360,50,0,WRFrain_noPGW_HPE30.mat,WRFrain_PGW_V3_HPE30.mat,5.405458615,3.923353911,-1.482104704,0.725813329,mm_per_hr
31,intensity,360,50,0,WRFrain_noPGW_HPE31.mat,WRFrain_PGW_V3_HPE31.mat,3.164260146,2.969071326,-0.19518882,0.938314547,mm_per_hr
32,intensity,360,50,0,WRFrain_noPGW_HPE32.mat,WRFrain_PGW_V3_HPE32.mat,5.022108925,4.743568737,-0.278540188,0.944537207,mm_per_hr
33,intensity,360,50,0,WRFrain_noPGW_HPE33.mat,WRFrain_PGW_V3_HPE33.mat,3.963119409,5.673729488,1.710610079,1.431632233,mm_per_hr
34,intensity,360,50,0,WRFrain_noPGW_HPE34.mat,WRFrain_PGW_V3_HPE34.mat,5.944810398,4.99903608,-0.945774318,0.840907572,mm_per_hr
35,intensity,360,50,0,WRFrain_noPGW_HPE35.mat,WRFrain_PGW_V3_HPE35.mat,3.504233812,4.722090519,1.217856708,1.347538656,mm_per_hr
36,intensity,360,50,0,WRFrain_noPGW_HPE36.mat,WRFrain_PGW_V3_HPE36.mat,7.544699934,9.320355058,1.775655124,1.235351325,mm_per_hr
37,intensity,360,50,0,WRFrain_noPGW_HPE37.mat,WRFrain_PGW_V3_HPE37.mat,4.724088151,4.632134196,-0.091953954,0.980535089,mm_per_hr
38,intensity,360,50,0,WRFrain_noPGW_HPE38.mat,WRFrain_PGW_V3_HPE38.mat,5.160354154,3.011598684,-2.148755469,0.583603101,mm_per_hr
39,intensity,360,50,0,WRFrain_noPGW_HPE39.mat,WRFrain_PGW_V3_HPE39.mat,4.372578661,3.38668259,-0.985896071,0.774527539,mm_per_hr
40,intensity,360,50,0,WRFrain_noPGW_HPE40.mat,WRFrain_PGW_V3_HPE40.mat,2.598932071,3.425969633,0.827037561,1.318222077,mm_per_hr
41,intensity,360,50,0,WRFrain_noPGW_HPE41.mat,WRFrain_PGW_V3_HPE41.mat,8.342442645,9.639042144,1.296599499,1.155422045,mm_per_hr
1,intensity,720,50,0,WRFrain_noPGW_HPE01.mat,WRFrain_PGW_V3_HPE01.mat,4.514013497,4.700078877,0.18606538,1.0412195,mm_per_hr
2,intensity,720,50,0,WRFrain_noPGW_HPE02.mat,WRFrain_PGW_V3_HPE02.mat,3.796008391,4.460394366,0.664385975,1.175022262,mm_per_hr
3,intensity,720,50,0,WRFrain_noPGW_HPE03.mat,WRFrain_PGW_V3_HPE03.mat,7.379135727,8.597290761,1.218155034,1.16508099,mm_per_hr
4,intensity,720,50,0,WRFrain_noPGW_HPE04.mat,WRFrain_PGW_V3_HPE04.mat,4.994310568,6.687578147,1.693267579,1.339039304,mm_per_hr
5,intensity,720,50,0,WRFrain_noPGW_HPE05.mat,WRFrain_PGW_V3_HPE05.mat,0.743711001,0.369760898,-0.373950103,0.497183581,mm_per_hr
6,intensity,720,50,0,WRFrain_noPGW_HPE06.mat,WRFrain_PGW_V3_HPE06.mat,2.579464643,0.487405243,-2.0920594,0.18895597,mm_per_hr
7,intensity,720,50,0,WRFrain_noPGW_HPE07.mat,WRFrain_PGW_V3_HPE07.mat,3.369042337,3.89415285,0.525110513,1.155863435,mm_per_hr
8,intensity,720,50,0,WRFrain_noPGW_HPE08.mat,WRFrain_PGW_V3_HPE08.mat,5.065128044,3.809203308,-1.255924736,0.75204482,mm_per_hr
9,intensity,720,50,0,WRFrain_noPGW_HPE09.mat,WRFrain_PGW_V3_HPE09.mat,4.977548874,6.417877073,1.440328199,1.289364954,mm_per_hr
10,intensity,720,50,0,WRFrain_noPGW_HPE10.mat,WRFrain_PGW_V3_HPE10.mat,4.528046944,4.535927938,0.007880993,1.001740484,mm_per_hr
11,intensity,720,50,0,WRFrain_noPGW_HPE11.mat,WRFrain_PGW_V3_HPE11.mat,1.901751516,1.455112142,-0.446639374,0.765143148,mm_per_hr
12,intensity,720,50,0,WRFrain_noPGW_HPE12.mat,WRFrain_PGW_V3_HPE12.mat,3.511241758,4.152614882,0.641373124,1.182662764,mm_per_hr
13,intensity,720,50,0,WRFrain_noPGW_HPE13.mat,WRFrain_PGW_V3_HPE13.mat,2.511341069,2.151571165,-0.359769905,0.856741918,mm_per_hr
14,intensity,720,50,0,WRFrain_noPGW_HPE14.mat,WRFrain_PGW_V3_HPE14.mat,5.090941648,4.683281284,-0.407660364,0.919924369,mm_per_hr
15,intensity,720,50,0,WRFrain_noPGW_HPE15.mat,WRFrain_PGW_V3_HPE15.mat,2.913380053,3.597059947,0.683679895,1.234668969,mm_per_hr
16,intensity,720,50,0,WRFrain_noPGW_HPE16.mat,WRFrain_PGW_V3_HPE16.mat,2.465401134,2.071647602,-0.393753532,0.840288249,mm_per_hr
17,intensity,720,50,0,WRFrain_noPGW_HPE17.mat,WRFrain_PGW_V3_HPE17.mat,4.080504033,3.058950453,-1.021553579,0.749650148,mm_per_hr
18,intensity,720,50,0,WRFrain_noPGW_HPE18.mat,WRFrain_PGW_V3_HPE18.mat,1.571303153,1.676470241,0.105167089,1.066929853,mm_per_hr
19,intensity,720,50,0,WRFrain_noPGW_HPE19.mat,WRFrain_PGW_V3_HPE19.mat,1.649556065,1.877948667,0.228392602,1.138457011,mm_per_hr
20,intensity,720,50,0,WRFrain_noPGW_HPE20.mat,WRFrain_PGW_V3_HPE20.mat,0.226770568,0.137856639,-0.088913929,0.607912395,mm_per_hr
21,intensity,720,50,0,WRFrain_noPGW_HPE21.mat,WRFrain_PGW_V3_HPE21.mat,0.446143367,0.189687539,-0.256455828,0.425171711,mm_per_hr
22,intensity,720,50,0,WRFrain_noPGW_HPE22.mat,WRFrain_PGW_V3_HPE22.mat,3.244320116,1.849941037,-1.394379079,0.570209156,mm_per_hr
23,intensity,720,50,0,WRFrain_noPGW_HPE23.mat,WRFrain_PGW_V3_HPE23.mat,3.602591877,2.430507493,-1.172084383,0.674655242,mm_per_hr
24,intensity,720,50,0,WRFrain_noPGW_HPE24.mat,WRFrain_PGW_V3_HPE24.mat,5.409845778,5.503882399,0.094036621,1.017382496,mm_per_hr
25,intensity,720,50,0,WRFrain_noPGW_HPE25.mat,WRFrain_PGW_V3_HPE25.mat,3.115758317,3.602207474,0.486449157,1.156125446,mm_per_hr
26,intensity,720,50,0,WRFrain_noPGW_HPE26.mat,WRFrain_PGW_V3_HPE26.mat,2.186897524,2.244409884,0.057512359,1.026298607,mm_per_hr
27,intensity,720,50,0,WRFrain_noPGW_HPE27.mat,WRFrain_PGW_V3_HPE27.mat,3.465397181,4.470492237,1.005095056,1.290037477,mm_per_hr
28,intensity,720,50,0,WRFrain_noPGW_HPE28.mat,WRFrain_PGW_V3_HPE28.mat,2.612472323,3.929063524,1.316591201,1.503963693,mm_per_hr
29,intensity,720,50,0,WRFrain_noPGW_HPE29.mat,WRFrain_PGW_V3_HPE29.mat,3.044526098,1.591582502,-1.452943596,0.522768553,mm_per_hr
30,intensity,720,50,0,WRFrain_noPGW_HPE30.mat,WRFrain_PGW_V3_HPE30.mat,4.47926464,3.440262202,-1.039002438,0.768041739,mm_per_hr
31,intensity,720,50,0,WRFrain_noPGW_HPE31.mat,WRFrain_PGW_V3_HPE31.mat,2.069472984,1.609755286,-0.459717699,0.777857598,mm_per_hr
32,intensity,720,50,0,WRFrain_noPGW_HPE32.mat,WRFrain_PGW_V3_HPE32.mat,4.442170732,3.98105958,-0.461111152,0.896196887,mm_per_hr
33,intensity,720,50,0,WRFrain_noPGW_HPE33.mat,WRFrain_PGW_V3_HPE33.mat,3.66575951,4.372473879,0.706714369,1.192787979,mm_per_hr
34,intensity,720,50,0,WRFrain_noPGW_HPE34.mat,WRFrain_PGW_V3_HPE34.mat,5.011190827,4.765011119,-0.246179708,0.950874011,mm_per_hr
35,intensity,720,50,0,WRFrain_noPGW_HPE35.mat,WRFrain_PGW_V3_HPE35.mat,3.142906782,3.374642328,0.231735546,1.073732873,mm_per_hr
36,intensity,720,50,0,WRFrain_noPGW_HPE36.mat,WRFrain_PGW_V3_HPE36.mat,4.528611607,6.191685509,1.663073902,1.367237036,mm_per_hr
37,intensity,720,50,0,WRFrain_noPGW_HPE37.mat,WRFrain_PGW_V3_HPE37.mat,2.488763579,2.567187192,0.078423613,1.031511074,mm_per_hr
38,intensity,720,50,0,WRFrain_noPGW_HPE38.mat,WRFrain_PGW_V3_HPE38.mat,3.42102263,1.899990492,-1.521032138,0.555386707,mm_per_hr
39,intensity,720,50,0,WRFrain_noPGW_HPE39.mat,WRFrain_PGW_V3_HPE39.mat,2.633990845,2.196594532,-0.437396313,0.833941597,mm_per_hr
40,intensity,720,50,0,WRFrain_noPGW_HPE40.mat,WRFrain_PGW_V3_HPE40.mat,1.487074581,1.807289697,0.320215116,1.21533225,mm_per_hr
41,intensity,720,50,0,WRFrain_noPGW_HPE41.mat,WRFrain_PGW_V3_HPE41.mat,5.420219276,4.921883833,-0.498335444,0.908059911,mm_per_hr
1,intensity,1440,50,0,WRFrain_noPGW_HPE01.mat,WRFrain_PGW_V3_HPE01.mat,3.342488817,2.605280184,-0.737208633,0.779443201,mm_per_hr
2,intensity,1440,50,0,WRFrain_noPGW_HPE02.mat,WRFrain_PGW_V3_HPE02.mat,3.081165278,3.928587849,0.847422572,1.275033143,mm_per_hr
3,intensity,1440,50,0,WRFrain_noPGW_HPE03.mat,WRFrain_PGW_V3_HPE03.mat,5.066562553,5.372543975,0.305981422,1.060392311,mm_per_hr
4,intensity,1440,50,0,WRFrain_noPGW_HPE04.mat,WRFrain_PGW_V3_HPE04.mat,4.304607309,5.661875608,1.357268298,1.31530595,mm_per_hr
5,intensity,1440,50,0,WRFrain_noPGW_HPE05.mat,WRFrain_PGW_V3_HPE05.mat,0.37185566,0.184880449,-0.186975211,0.497183367,mm_per_hr
6,intensity,1440,50,0,WRFrain_noPGW_HPE06.mat,WRFrain_PGW_V3_HPE06.mat,1.32719915,0.278722385,-1.048476765,0.210007959,mm_per_hr
7,intensity,1440,50,0,WRFrain_noPGW_HPE07.mat,WRFrain_PGW_V3_HPE07.mat,1.889072276,2.328923183,0.439850907,1.232839639,mm_per_hr
8,intensity,1440,50,0,WRFrain_noPGW_HPE08.mat,WRFrain_PGW_V3_HPE08.mat,3.488374217,3.10892849,-0.379445727,0.891225624,mm_per_hr
9,intensity,1440,50,0,WRFrain_noPGW_HPE09.mat,WRFrain_PGW_V3_HPE09.mat,3.095503569,4.563511716,1.468008146,1.47423888,mm_per_hr
10,intensity,1440,50,0,WRFrain_noPGW_HPE10.mat,WRFrain_PGW_V3_HPE10.mat,3.13819405,3.392433823,0.254239773,1.081014676,mm_per_hr
11,intensity,1440,50,0,WRFrain_noPGW_HPE11.mat,WRFrain_PGW_V3_HPE11.mat,1.133557658,0.862510477,-0.271047181,0.760888051,mm_per_hr
12,intensity,1440,50,0,WRFrain_noPGW_HPE12.mat,WRFrain_PGW_V3_HPE12.mat,2.83497297,3.165607651,0.330634681,1.116627102,mm_per_hr
13,intensity,1440,50,0,WRFrain_noPGW_HPE13.mat,WRFrain_PGW_V3_HPE13.mat,1.306310847,1.359039056,0.052728209,1.040364213,mm_per_hr
14,intensity,1440,50,0,WRFrain_noPGW_HPE14.mat,WRFrain_PGW_V3_HPE14.mat,3.678146416,3.381216929,-0.296929487,0.919271977,mm_per_hr
15,intensity,1440,50,0,WRFrain_noPGW_HPE15.mat,WRFrain_PGW_V3_HPE15.mat,2.173043396,2.629577018,0.456533622,1.21008951,mm_per_hr
16,intensity,1440,50,0,WRFrain_noPGW_HPE16.mat,WRFrain_PGW_V3_HPE16.mat,1.913788879,1.695783329,-0.21800555,0.886086939,mm_per_hr
17,intensity,1440,50,0,WRFrain_noPGW_HPE17.mat,WRFrain_PGW_V3_HPE17.mat,2.520568466,2.077748395,-0.442820071,0.824317381,mm_per_hr
18,intensity,1440,50,0,WRFrain_noPGW_HPE18.mat,WRFrain_PGW_V3_HPE18.mat,1.258641389,0.83854566,-0.420095729,0.6662308,mm_per_hr
19,intensity,1440,50,0,WRFrain_noPGW_HPE19.mat,WRFrain_PGW_V3_HPE19.mat,0.826005321,0.979537717,0.153532396,1.185873374,mm_per_hr
20,intensity,1440,50,0,WRFrain_noPGW_HPE20.mat,WRFrain_PGW_V3_HPE20.mat,0.113385284,0.06892832,-0.044456964,0.607912395,mm_per_hr
21,intensity,1440,50,0,WRFrain_noPGW_HPE21.mat,WRFrain_PGW_V3_HPE21.mat,NaN,NaN,NaN,NaN,mm_per_hr
22,intensity,1440,50,0,WRFrain_noPGW_HPE22.mat,WRFrain_PGW_V3_HPE22.mat,1.797532457,1.036430842,-0.761101615,0.576585328,mm_per_hr
23,intensity,1440,50,0,WRFrain_noPGW_HPE23.mat,WRFrain_PGW_V3_HPE23.mat,1.86776561,1.746714078,-0.121051532,0.93518912,mm_per_hr
24,intensity,1440,50,0,WRFrain_noPGW_HPE24.mat,WRFrain_PGW_V3_HPE24.mat,3.685767223,3.739185303,0.053418081,1.01449307,mm_per_hr
25,intensity,1440,50,0,WRFrain_noPGW_HPE25.mat,WRFrain_PGW_V3_HPE25.mat,2.168494364,2.11018428,-0.058310084,0.973110336,mm_per_hr
26,intensity,1440,50,0,WRFrain_noPGW_HPE26.mat,WRFrain_PGW_V3_HPE26.mat,1.330586123,1.171262003,-0.15932412,0.880260197,mm_per_hr
27,intensity,1440,50,0,WRFrain_noPGW_HPE27.mat,WRFrain_PGW_V3_HPE27.mat,3.079244883,2.778926572,-0.300318311,0.902470144,mm_per_hr
28,intensity,1440,50,0,WRFrain_noPGW_HPE28.mat,WRFrain_PGW_V3_HPE28.mat,1.730210994,2.358053927,0.627842934,1.362870734,mm_per_hr
29,intensity,1440,50,0,WRFrain_noPGW_HPE29.mat,WRFrain_PGW_V3_HPE29.mat,1.522332837,0.842791644,-0.679541194,0.553618514,mm_per_hr
30,intensity,1440,50,0,WRFrain_noPGW_HPE30.mat,WRFrain_PGW_V3_HPE30.mat,3.395495144,2.805810516,-0.589684628,0.826333244,mm_per_hr
31,intensity,1440,50,0,WRFrain_noPGW_HPE31.mat,WRFrain_PGW_V3_HPE31.mat,1.496482487,1.147046679,-0.349435808,0.766495224,mm_per_hr
32,intensity,1440,50,0,WRFrain_noPGW_HPE32.mat,WRFrain_PGW_V3_HPE32.mat,3.47802911,2.25222687,-1.225802241,0.647558372,mm_per_hr
33,intensity,1440,50,0,WRFrain_noPGW_HPE33.mat,WRFrain_PGW_V3_HPE33.mat,3.129004647,3.367448748,0.238444101,1.076204457,mm_per_hr
34,intensity,1440,50,0,WRFrain_noPGW_HPE34.mat,WRFrain_PGW_V3_HPE34.mat,3.563303512,3.797082418,0.233778906,1.065607351,mm_per_hr
35,intensity,1440,50,0,WRFrain_noPGW_HPE35.mat,WRFrain_PGW_V3_HPE35.mat,2.827887576,2.709927742,-0.117959833,0.958286944,mm_per_hr
36,intensity,1440,50,0,WRFrain_noPGW_HPE36.mat,WRFrain_PGW_V3_HPE36.mat,2.653935117,4.071975673,1.418040557,1.534316211,mm_per_hr
37,intensity,1440,50,0,WRFrain_noPGW_HPE37.mat,WRFrain_PGW_V3_HPE37.mat,1.244530056,1.284356412,0.039826356,1.03200112,mm_per_hr
38,intensity,1440,50,0,WRFrain_noPGW_HPE38.mat,WRFrain_PGW_V3_HPE38.mat,2.133930082,1.484133355,-0.649796727,0.695492963,mm_per_hr
39,intensity,1440,50,0,WRFrain_noPGW_HPE39.mat,WRFrain_PGW_V3_HPE39.mat,1.616590323,1.246726911,-0.369863412,0.771207704,mm_per_hr
40,intensity,1440,50,0,WRFrain_noPGW_HPE40.mat,WRFrain_PGW_V3_HPE40.mat,1.035669126,0.909003912,-0.126665214,0.877697219,mm_per_hr
41,intensity,1440,50,0,WRFrain_noPGW_HPE41.mat,WRFrain_PGW_V3_HPE41.mat,2.909148755,2.600583316,-0.308565439,0.893932739,mm_per_hr
1,total,0,Raanana Basin,0,WRFrain_noPGW_HPE01.mat,WRFrain_PGW_V3_HPE01.mat,29.47474739,33.17073523,3.69598784,1.125395064,mm
1,total,0,Raanana Basin 1 pixel,0,WRFrain_noPGW_HPE01.mat,WRFrain_PGW_V3_HPE01.mat,34.50265502,40.4328003,5.930145277,1.171875042,mm
1,total,0,Raanana Basin 2 pixel,0,WRFrain_noPGW_HPE01.mat,WRFrain_PGW_V3_HPE01.mat,33.98927211,42.67643832,8.687166208,1.255585532,mm
1,total,0,Raanana Basin 3 pixel,0,WRFrain_noPGW_HPE01.mat,WRFrain_PGW_V3_HPE01.mat,33.54985343,44.2511999,10.70134647,1.318968501,mm
1,intensity,10,Raanana Basin,0,WRFrain_noPGW_HPE01.mat,WRFrain_PGW_V3_HPE01.mat,13.71989409,40.61092755,26.89103347,2.960002992,mm_per_hr
1,intensity,10,Raanana Basin 1 pixel,0,WRFrain_noPGW_HPE01.mat,WRFrain_PGW_V3_HPE01.mat,28.39842224,75.85803223,47.45960999,2.671205871,mm_per_hr
1,intensity,10,Raanana Basin 2 pixel,0,WRFrain_noPGW_HPE01.mat,WRFrain_PGW_V3_HPE01.mat,27.07170653,67.67766094,40.60595441,2.499940699,mm_per_hr
1,intensity,10,Raanana Basin 3 pixel,0,WRFrain_noPGW_HPE01.mat,WRFrain_PGW_V3_HPE01.mat,24.76596006,62.53142865,37.7654686,2.52489419,mm_per_hr
1,intensity,20,Raanana Basin,0,WRFrain_noPGW_HPE01.mat,WRFrain_PGW_V3_HPE01.mat,9.347931592,20.73547665,11.38754505,2.218188745,mm_per_hr
1,intensity,20,Raanana Basin 1 pixel,0,WRFrain_noPGW_HPE01.mat,WRFrain_PGW_V3_HPE01.mat,16.35757828,39.22894478,22.8713665,2.398212261,mm_per_hr
1,intensity,20,Raanana Basin 2 pixel,0,WRFrain_noPGW_HPE01.mat,WRFrain_PGW_V3_HPE01.mat,18.17168534,37.35691023,19.18522489,2.05577576,mm_per_hr
1,intensity,20,Raanana Basin 3 pixel,0,WRFrain_noPGW_HPE01.mat,WRFrain_PGW_V3_HPE01.mat,18.77175554,33.63538138,14.86362584,1.791807981,mm_per_hr
1,intensity,30,Raanana Basin,0,WRFrain_noPGW_HPE01.mat,WRFrain_PGW_V3_HPE01.mat,7.15377787,14.08067815,6.926900284,1.968285626,mm_per_hr
1,intensity,30,Raanana Basin 1 pixel,0,WRFrain_noPGW_HPE01.mat,WRFrain_PGW_V3_HPE01.mat,12.15765381,26.17988205,14.02222824,2.153366304,mm_per_hr
1,intensity,30,Raanana Basin 2 pixel,0,WRFrain_noPGW_HPE01.mat,WRFrain_PGW_V3_HPE01.mat,12.64703488,24.91942692,12.27239203,1.970377021,mm_per_hr
1,intensity,30,Raanana Basin 3 pixel,0,WRFrain_noPGW_HPE01.mat,WRFrain_PGW_V3_HPE01.mat,12.91803275,22.43231434,9.514281591,1.736511648,mm_per_hr
1,intensity,60,Raanana Basin,0,WRFrain_noPGW_HPE01.mat,WRFrain_PGW_V3_HPE01.mat,4.202287471,7.912892066,3.710604595,1.882996373,mm_per_hr
1,intensity,60,Raanana Basin 1 pixel,0,WRFrain_noPGW_HPE01.mat,WRFrain_PGW_V3_HPE01.mat,7.229099274,13.090168,5.861068726,1.810760581,mm_per_hr
1,intensity,60,Raanana Basin 2 pixel,0,WRFrain_noPGW_HPE01.mat,WRFrain_PGW_V3_HPE01.mat,7.201692581,12.46017909,5.258486509,1.730173699,mm_per_hr
1,intensity,60,Raanana Basin 3 pixel,0,WRFrain_noPGW_HPE01.mat,WRFrain_PGW_V3_HPE01.mat,7.223932054,11.89237984,4.668447786,1.646247466,mm_per_hr
1,intensity,120,Raanana Basin,0,WRFrain_noPGW_HPE01.mat,WRFrain_PGW_V3_HPE01.mat,3.315028539,5.953558842,2.638530302,1.79592989,mm_per_hr
1,intensity,120,Raanana Basin 1 pixel,0,WRFrain_noPGW_HPE01.mat,WRFrain_PGW_V3_HPE01.mat,4.790164709,9.136763573,4.346598864,1.907400711,mm_per_hr
1,intensity,120,Raanana Basin 2 pixel,0,WRFrain_noPGW_HPE01.mat,WRFrain_PGW_V3_HPE01.mat,5.056012362,8.856170058,3.800157696,1.751611631,mm_per_hr
1,intensity,120,Raanana Basin 3 pixel,0,WRFrain_noPGW_HPE01.mat,WRFrain_PGW_V3_HPE01.mat,5.105686466,8.35917653,3.253490064,1.637228722,mm_per_hr
1,intensity,240,Raanana Basin,0,WRFrain_noPGW_HPE01.mat,WRFrain_PGW_V3_HPE01.mat,2.355698381,3.084761695,0.729063315,1.309489246,mm_per_hr
1,intensity,240,Raanana Basin 1 pixel,0,WRFrain_noPGW_HPE01.mat,WRFrain_PGW_V3_HPE01.mat,3.115209341,4.676286697,1.561077356,1.501114752,mm_per_hr
1,intensity,240,Raanana Basin 2 pixel,0,WRFrain_noPGW_HPE01.mat,WRFrain_PGW_V3_HPE01.mat,3.207224667,4.461687267,1.2544626,1.39113649,mm_per_hr
1,intensity,240,Raanana Basin 3 pixel,0,WRFrain_noPGW_HPE01.mat,WRFrain_PGW_V3_HPE01.mat,3.297625648,4.241576725,0.943951077,1.286251739,mm_per_hr
1,intensity,360,Raanana Basin,0,WRFrain_noPGW_HPE01.mat,WRFrain_PGW_V3_HPE01.mat,1.855309486,2.388408196,0.53309871,1.28733681,mm_per_hr
1,intensity,360,Raanana Basin 1 pixel,0,WRFrain_noPGW_HPE01.mat,WRFrain_PGW_V3_HPE01.mat,2.46123298,3.489267667,1.028034687,1.417690928,mm_per_hr
1,intensity,360,Raanana Basin 2 pixel,0,WRFrain_noPGW_HPE01.mat,WRFrain_PGW_V3_HPE01.mat,2.659939369,3.398106813,0.738167445,1.277512884,mm_per_hr
1,intensity,360,Raanana Basin 3 pixel,0,WRFrain_noPGW_HPE01.mat,WRFrain_PGW_V3_HPE01.mat,2.651640874,3.235478507,0.583837633,1.220179753,mm_per_hr
1,intensity,720,Raanana Basin,0,WRFrain_noPGW_HPE01.mat,WRFrain_PGW_V3_HPE01.mat,1.228280252,1.277296985,0.049016732,1.039906798,mm_per_hr
1,intensity,720,Raanana Basin 1 pixel,0,WRFrain_noPGW_HPE01.mat,WRFrain_PGW_V3_HPE01.mat,1.572246472,1.836329063,0.264082591,1.167965135,mm_per_hr
1,intensity,720,Raanana Basin 2 pixel,0,WRFrain_noPGW_HPE01.mat,WRFrain_PGW_V3_HPE01.mat,1.587034047,1.778887749,0.191853702,1.120888208,mm_per_hr
1,intensity,720,Raanana Basin 3 pixel,0,WRFrain_noPGW_HPE01.mat,WRFrain_PGW_V3_HPE01.mat,1.637706527,1.695428133,0.057721606,1.03524539,mm_per_hr
1,intensity,1440,Raanana Basin,0,WRFrain_noPGW_HPE01.mat,WRFrain_PGW_V3_HPE01.mat,0.905863102,1.23234194,0.326478838,1.360406377,mm_per_hr
1,intensity,1440,Raanana Basin 1 pixel,0,WRFrain_noPGW_HPE01.mat,WRFrain_PGW_V3_HPE01.mat,1.079228967,1.516524633,0.437295666,1.405192669,mm_per_hr
1,intensity,1440,Raanana Basin 2 pixel,0,WRFrain_noPGW_HPE01.mat,WRFrain_PGW_V3_HPE01.mat,1.103191155,1.50890394,0.405712785,1.367762906,mm_per_hr
1,intensity,1440,Raanana Basin 3 pixel,0,WRFrain_noPGW_HPE01.mat,WRFrain_PGW_V3_HPE01.mat,1.146831259,1.498129552,0.351298293,1.306320821,mm_per_hr
2,total,0,Raanana Basin,0,WRFrain_noPGW_HPE02.mat,WRFrain_PGW_V3_HPE02.mat,149.6772018,142.8104287,-6.8667731,0.954122785,mm
2,total,0,Raanana Basin 1 pixel,0,WRFrain_noPGW_HPE02.mat,WRFrain_PGW_V3_HPE02.mat,170.9413463,165.1619549,-5.779391467,0.966190792,mm
2,total,0,Raanana Basin 2 pixel,0,WRFrain_noPGW_HPE02.mat,WRFrain_PGW_V3_HPE02.mat,175.2947516,170.9138073,-4.3809443,0.975008126,mm
2,total,0,Raanana Basin 3 pixel,0,WRFrain_noPGW_HPE02.mat,WRFrain_PGW_V3_HPE02.mat,178.8586368,172.4801508,-6.378486015,0.964337836,mm
2,intensity,10,Raanana Basin,0,WRFrain_noPGW_HPE02.mat,WRFrain_PGW_V3_HPE02.mat,17.69168756,25.81228564,8.120598082,1.459006415,mm_per_hr
2,intensity,10,Raanana Basin 1 pixel,0,WRFrain_noPGW_HPE02.mat,WRFrain_PGW_V3_HPE02.mat,39.40567017,64.57500458,25.16933441,1.638723674,mm_per_hr
2,intensity,10,Raanana Basin 2 pixel,0,WRFrain_noPGW_HPE02.mat,WRFrain_PGW_V3_HPE02.mat,35.85787582,61.52942562,25.6715498,1.715925001,mm_per_hr
2,intensity,10,Raanana Basin 3 pixel,0,WRFrain_noPGW_HPE02.mat,WRFrain_PGW_V3_HPE02.mat,33.27544657,56.94596863,23.67052205,1.711350996,mm_per_hr
2,intensity,20,Raanana Basin,0,WRFrain_noPGW_HPE02.mat,WRFrain_PGW_V3_HPE02.mat,13.85754094,17.50451844,3.646977501,1.263176383,mm_per_hr
2,intensity,20,Raanana Basin 1 pixel,0,WRFrain_noPGW_HPE02.mat,WRFrain_PGW_V3_HPE02.mat,32.53928375,50.30098343,17.76169968,1.545854046,mm_per_hr
2,intensity,20,Raanana Basin 2 pixel,0,WRFrain_noPGW_HPE02.mat,WRFrain_PGW_V3_HPE02.mat,30.31355667,46.85889244,16.54533577,1.545806484,mm_per_hr
2,intensity,20,Raanana Basin 3 pixel,0,WRFrain_noPGW_HPE02.mat,WRFrain_PGW_V3_HPE02.mat,28.34795634,42.65620867,14.30825233,1.504736644,mm_per_hr
2,intensity,30,Raanana Basin,0,WRFrain_noPGW_HPE02.mat,WRFrain_PGW_V3_HPE02.mat,12.72274451,12.09200064,-0.630743864,0.950423915,mm_per_hr
2,intensity,30,Raanana Basin 1 pixel,0,WRFrain_noPGW_HPE02.mat,WRFrain_PGW_V3_HPE02.mat,27.38743591,35.49613953,8.108703613,1.296073851,mm_per_hr
2,intensity,30,Raanana Basin 2 pixel,0,WRFrain_noPGW_HPE02.mat,WRFrain_PGW_V3_HPE02.mat,26.13685608,33.20499134,7.068135262,1.270427906,mm_per_hr
2,intensity,30,Raanana Basin 3 pixel,0,WRFrain_noPGW_HPE02.mat,WRFrain_PGW_V3_HPE02.mat,24.86389669,32.6530287,7.789132012,1.313270768,mm_per_hr
2,intensity,60,Raanana Basin,0,WRFrain_noPGW_HPE02.mat,WRFrain_PGW_V3_HPE02.mat,10.29340716,8.564885415,-1.728521742,0.832074869,mm_per_hr
2,intensity,60,Raanana Basin 1 pixel,0,WRFrain_noPGW_HPE02.mat,WRFrain_PGW_V3_HPE02.mat,17.34073639,19.65732193,2.316585541,1.133592109,mm_per_hr
2,intensity,60,Raanana Basin 2 pixel,0,WRFrain_noPGW_HPE02.mat,WRFrain_PGW_V3_HPE02.mat,17.5837822,19.09744835,1.513666153,1.086083081,mm_per_hr
2,intensity,60,Raanana Basin 3 pixel,0,WRFrain_noPGW_HPE02.mat,WRFrain_PGW_V3_HPE02.mat,17.22929976,22.80141279,5.572113037,1.323409141,mm_per_hr
2,intensity,120,Raanana Basin,0,WRFrain_noPGW_HPE02.mat,WRFrain_PGW_V3_HPE02.mat,7.483398265,6.599995799,-0.883402466,0.881951697,mm_per_hr
2,intensity,120,Raanana Basin 1 pixel,0,WRFrain_noPGW_HPE02.mat,WRFrain_PGW_V3_HPE02.mat,11.57341003,11.89155579,0.318145752,1.02748937,mm_per_hr
2,intensity,120,Raanana Basin 2 pixel,0,WRFrain_noPGW_HPE02.mat,WRFrain_PGW_V3_HPE02.mat,11.70919991,11.34429693,-0.364902973,0.968836216,mm_per_hr
2,intensity,120,Raanana Basin 3 pixel,0,WRFrain_noPGW_HPE02.mat,WRFrain_PGW_V3_HPE02.mat,11.5111991,12.79417886,1.282979753,1.111454918,mm_per_hr
2,intensity,240,Raanana Basin,0,WRFrain_noPGW_HPE02.mat,WRFrain_PGW_V3_HPE02.mat,4.639479401,5.152170305,0.512690904,1.110506128,mm_per_hr
2,intensity,240,Raanana Basin 1 pixel,0,WRFrain_noPGW_HPE02.mat,WRFrain_PGW_V3_HPE02.mat,6.706241608,8.721764565,2.015522957,1.30054434,mm_per_hr
2,intensity,240,Raanana Basin 2 pixel,0,WRFrain_noPGW_HPE02.mat,WRFrain_PGW_V3_HPE02.mat,6.767820835,8.427577734,1.659756899,1.245242441,mm_per_hr
2,intensity,240,Raanana Basin 3 pixel,0,WRFrain_noPGW_HPE02.mat,WRFrain_PGW_V3_HPE02.mat,6.656456629,8.405187607,1.748730977,1.262711991,mm_per_hr
2,intensity,360,Raanana Basin,0,WRFrain_noPGW_HPE02.mat,WRFrain_PGW_V3_HPE02.mat,4.437119316,4.89719138,0.460072064,1.103687107,mm_per_hr
2,intensity,360,Raanana Basin 1 pixel,0,WRFrain_noPGW_HPE02.mat,WRFrain_PGW_V3_HPE02.mat,5.714555105,6.52565066,0.811095556,1.141935031,mm_per_hr
2,intensity,360,Raanana Basin 2 pixel,0,WRFrain_noPGW_HPE02.mat,WRFrain_PGW_V3_HPE02.mat,5.855491638,6.47961092,0.624119282,1.106586999,mm_per_hr
2,intensity,360,Raanana Basin 3 pixel,0,WRFrain_noPGW_HPE02.mat,WRFrain_PGW_V3_HPE02.mat,6.161182121,6.417764734,0.256582613,1.04164503,mm_per_hr
2,intensity,720,Raanana Basin,0,WRFrain_noPGW_HPE02.mat,WRFrain_PGW_V3_HPE02.mat,3.494714726,3.896685425,0.4019707,1.115022464,mm_per_hr
2,intensity,720,Raanana Basin 1 pixel,0,WRFrain_noPGW_HPE02.mat,WRFrain_PGW_V3_HPE02.mat,4.701808612,5.000134468,0.298325857,1.063449171,mm_per_hr
2,intensity,720,Raanana Basin 2 pixel,0,WRFrain_noPGW_HPE02.mat,WRFrain_PGW_V3_HPE02.mat,4.894018968,4.990356803,0.096337835,1.01968481,mm_per_hr
2,intensity,720,Raanana Basin 3 pixel,0,WRFrain_noPGW_HPE02.mat,WRFrain_PGW_V3_HPE02.mat,5.019398619,4.94092219,-0.078476429,0.984365372,mm_per_hr
2,intensity,1440,Raanana Basin,0,WRFrain_noPGW_HPE02.mat,WRFrain_PGW_V3_HPE02.mat,2.845233164,2.870285476,0.025052312,1.008805012,mm_per_hr
2,intensity,1440,Raanana Basin 1 pixel,0,WRFrain_noPGW_HPE02.mat,WRFrain_PGW_V3_HPE02.mat,3.316826185,3.475884597,0.159058412,1.047955004,mm_per_hr
2,intensity,1440,Raanana Basin 2 pixel,0,WRFrain_noPGW_HPE02.mat,WRFrain_PGW_V3_HPE02.mat,3.358486056,3.495824079,0.137338022,1.040892837,mm_per_hr
2,intensity,1440,Raanana Basin 3 pixel,0,WRFrain_noPGW_HPE02.mat,WRFrain_PGW_V3_HPE02.mat,3.429318605,3.481333812,0.052015207,1.015167797,mm_per_hr
3,total,0,Raanana Basin,0,WRFrain_noPGW_HPE03.mat,WRFrain_PGW_V3_HPE03.mat,34.66485718,36.28142189,1.616564708,1.046634108,mm
3,total,0,Raanana Basin 1 pixel,0,WRFrain_noPGW_HPE03.mat,WRFrain_PGW_V3_HPE03.mat,52.45675457,46.33419135,-6.122563211,0.883283606,mm
3,total,0,Raanana Basin 2 pixel,0,WRFrain_noPGW_HPE03.mat,WRFrain_PGW_V3_HPE03.mat,56.14355223,46.56866643,-9.574885793,0.829457072,mm
3,total,0,Raanana Basin 3 pixel,0,WRFrain_noPGW_HPE03.mat,WRFrain_PGW_V3_HPE03.mat,60.29002309,46.56549666,-13.72452643,0.772358249,mm
3,intensity,10,Raanana Basin,0,WRFrain_noPGW_HPE03.mat,WRFrain_PGW_V3_HPE03.mat,23.21732631,68.57638871,45.35906241,2.953672951,mm_per_hr
3,intensity,10,Raanana Basin 1 pixel,0,WRFrain_noPGW_HPE03.mat,WRFrain_PGW_V3_HPE03.mat,44.17128754,105.8816757,61.71038818,2.39707017,mm_per_hr
3,intensity,10,Raanana Basin 2 pixel,0,WRFrain_noPGW_HPE03.mat,WRFrain_PGW_V3_HPE03.mat,39.35573387,104.0047646,64.64903069,2.642683907,mm_per_hr
3,intensity,10,Raanana Basin 3 pixel,0,WRFrain_noPGW_HPE03.mat,WRFrain_PGW_V3_HPE03.mat,37.79897308,96.78202184,58.98304876,2.560440508,mm_per_hr
3,intensity,20,Raanana Basin,0,WRFrain_noPGW_HPE03.mat,WRFrain_PGW_V3_HPE03.mat,17.58202348,38.80658171,21.22455823,2.207173808,mm_per_hr
3,intensity,20,Raanana Basin 1 pixel,0,WRFrain_noPGW_HPE03.mat,WRFrain_PGW_V3_HPE03.mat,34.08090591,67.17715073,33.09624481,1.97110813,mm_per_hr
3,intensity,20,Raanana Basin 2 pixel,0,WRFrain_noPGW_HPE03.mat,WRFrain_PGW_V3_HPE03.mat,30.76649237,64.47012806,33.70363569,2.095465654,mm_per_hr
3,intensity,20,Raanana Basin 3 pixel,0,WRFrain_noPGW_HPE03.mat,WRFrain_PGW_V3_HPE03.mat,29.09750239,62.49786441,33.40036201,2.147877284,mm_per_hr
3,intensity,30,Raanana Basin,0,WRFrain_noPGW_HPE03.mat,WRFrain_PGW_V3_HPE03.mat,14.7897204,28.21160193,13.42188154,1.907514218,mm_per_hr
3,intensity,30,Raanana Basin 1 pixel,0,WRFrain_noPGW_HPE03.mat,WRFrain_PGW_V3_HPE03.mat,28.36435699,47.40007782,19.03572083,1.671114132,mm_per_hr
3,intensity,30,Raanana Basin 2 pixel,0,WRFrain_noPGW_HPE03.mat,WRFrain_PGW_V3_HPE03.mat,26.47309589,47.53870106,21.06560516,1.795736368,mm_per_hr
3,intensity,30,Raanana Basin 3 pixel,0,WRFrain_noPGW_HPE03.mat,WRFrain_PGW_V3_HPE03.mat,25.56969791,44.43043603,18.86073812,1.737620686,mm_per_hr
3,intensity,60,Raanana Basin,0,WRFrain_noPGW_HPE03.mat,WRFrain_PGW_V3_HPE03.mat,11.37884037,14.28322127,2.904380898,1.255244015,mm_per_hr
3,intensity,60,Raanana Basin 1 pixel,0,WRFrain_noPGW_HPE03.mat,WRFrain_PGW_V3_HPE03.mat,19.66893196,24.10297966,4.434047699,1.225434086,mm_per_hr
3,intensity,60,Raanana Basin 2 pixel,0,WRFrain_noPGW_HPE03.mat,WRFrain_PGW_V3_HPE03.mat,19.87839746,24.39355564,4.515158176,1.227138942,mm_per_hr
3,intensity,60,Raanana Basin 3 pixel,0,WRFrain_noPGW_HPE03.mat,WRFrain_PGW_V3_HPE03.mat,19.96718258,23.17617226,3.208989673,1.160713193,mm_per_hr
3,intensity,120,Raanana Basin,0,WRFrain_noPGW_HPE03.mat,WRFrain_PGW_V3_HPE03.mat,7.021867965,10.82989588,3.808027918,1.542309815,mm_per_hr
3,intensity,120,Raanana Basin 1 pixel,0,WRFrain_noPGW_HPE03.mat,WRFrain_PGW_V3_HPE03.mat,11.96152401,14.79160643,2.830082417,1.236598816,mm_per_hr
3,intensity,120,Raanana Basin 2 pixel,0,WRFrain_noPGW_HPE03.mat,WRFrain_PGW_V3_HPE03.mat,12.16482902,14.81380725,2.648978233,1.217757128,mm_per_hr
3,intensity,120,Raanana Basin 3 pixel,0,WRFrain_noPGW_HPE03.mat,WRFrain_PGW_V3_HPE03.mat,12.87862163,14.32251289,1.44389126,1.112115357,mm_per_hr
3,intensity,240,Raanana Basin,0,WRFrain_noPGW_HPE03.mat,WRFrain_PGW_V3_HPE03.mat,4.710302755,5.665516814,0.955214059,1.202792497,mm_per_hr
3,intensity,240,Raanana Basin 1 pixel,0,WRFrain_noPGW_HPE03.mat,WRFrain_PGW_V3_HPE03.mat,8.019448757,7.843811274,-0.175637484,0.978098559,mm_per_hr
3,intensity,240,Raanana Basin 2 pixel,0,WRFrain_noPGW_HPE03.mat,WRFrain_PGW_V3_HPE03.mat,9.02778095,7.908987224,-1.118793726,0.876072123,mm_per_hr
3,intensity,240,Raanana Basin 3 pixel,0,WRFrain_noPGW_HPE03.mat,WRFrain_PGW_V3_HPE03.mat,9.748085128,7.642995622,-2.105089506,0.784050972,mm_per_hr
3,intensity,360,Raanana Basin,0,WRFrain_noPGW_HPE03.mat,WRFrain_PGW_V3_HPE03.mat,4.001535862,5.242718113,1.241182251,1.310176466,mm_per_hr
3,intensity,360,Raanana Basin 1 pixel,0,WRFrain_noPGW_HPE03.mat,WRFrain_PGW_V3_HPE03.mat,6.25248162,6.656534632,0.404053013,1.064622823,mm_per_hr
3,intensity,360,Raanana Basin 2 pixel,0,WRFrain_noPGW_HPE03.mat,WRFrain_PGW_V3_HPE03.mat,6.270510077,6.762394498,0.49188442,1.078444084,mm_per_hr
3,intensity,360,Raanana Basin 3 pixel,0,WRFrain_noPGW_HPE03.mat,WRFrain_PGW_V3_HPE03.mat,6.835627679,6.753264167,-0.082363513,0.987950849,mm_per_hr
3,intensity,720,Raanana Basin,0,WRFrain_noPGW_HPE03.mat,WRFrain_PGW_V3_HPE03.mat,2.865872641,2.996036313,0.130163671,1.045418512,mm_per_hr
3,intensity,720,Raanana Basin 1 pixel,0,WRFrain_noPGW_HPE03.mat,WRFrain_PGW_V3_HPE03.mat,4.349598765,3.844288513,-0.505310252,0.883826008,mm_per_hr
3,intensity,720,Raanana Basin 2 pixel,0,WRFrain_noPGW_HPE03.mat,WRFrain_PGW_V3_HPE03.mat,4.638290907,3.860407826,-0.777883081,0.83229101,mm_per_hr
3,intensity,720,Raanana Basin 3 pixel,0,WRFrain_noPGW_HPE03.mat,WRFrain_PGW_V3_HPE03.mat,4.974004494,3.851793408,-1.122211085,0.774384787,mm_per_hr
3,intensity,1440,Raanana Basin,0,WRFrain_noPGW_HPE03.mat,WRFrain_PGW_V3_HPE03.mat,1.437043127,1.504455406,0.067412279,1.046910408,mm_per_hr
3,intensity,1440,Raanana Basin 1 pixel,0,WRFrain_noPGW_HPE03.mat,WRFrain_PGW_V3_HPE03.mat,2.177960629,1.926576992,-0.251383638,0.884578429,mm_per_hr
3,intensity,1440,Raanana Basin 2 pixel,0,WRFrain_noPGW_HPE03.mat,WRFrain_PGW_V3_HPE03.mat,2.328326957,1.935659169,-0.392667788,0.831351956,mm_per_hr
3,intensity,1440,Raanana Basin 3 pixel,0,WRFrain_noPGW_HPE03.mat,WRFrain_PGW_V3_HPE03.mat,2.497324084,1.935653294,-0.56167079,0.775090949,mm_per_hr
4,total,0,Raanana Basin,0,WRFrain_noPGW_HPE04.mat,WRFrain_PGW_V3_HPE04.mat,195.1363429,245.9584319,50.82208905,1.260443997,mm
4,total,0,Raanana Basin 1 pixel,0,WRFrain_noPGW_HPE04.mat,WRFrain_PGW_V3_HPE04.mat,227.0614213,262.3519897,35.29056849,1.155423005,mm
4,total,0,Raanana Basin 2 pixel,0,WRFrain_noPGW_HPE04.mat,WRFrain_PGW_V3_HPE04.mat,225.7100673,264.4837252,38.77365792,1.171785239,mm
4,total,0,Raanana Basin 3 pixel,0,WRFrain_noPGW_HPE04.mat,WRFrain_PGW_V3_HPE04.mat,225.2183478,266.0929241,40.87457631,1.181488661,mm
4,intensity,10,Raanana Basin,0,WRFrain_noPGW_HPE04.mat,WRFrain_PGW_V3_HPE04.mat,34.75703403,36.81448079,2.057446759,1.059195119,mm_per_hr
4,intensity,10,Raanana Basin 1 pixel,0,WRFrain_noPGW_HPE04.mat,WRFrain_PGW_V3_HPE04.mat,66.37097168,66.27006912,-0.100902557,0.998479719,mm_per_hr
4,intensity,10,Raanana Basin 2 pixel,0,WRFrain_noPGW_HPE04.mat,WRFrain_PGW_V3_HPE04.mat,61.64081383,64.49086761,2.850053787,1.046236472,mm_per_hr
4,intensity,10,Raanana Basin 3 pixel,0,WRFrain_noPGW_HPE04.mat,WRFrain_PGW_V3_HPE04.mat,60.04168828,58.90149943,-1.140188853,0.981010047,mm_per_hr
4,intensity,20,Raanana Basin,0,WRFrain_noPGW_HPE04.mat,WRFrain_PGW_V3_HPE04.mat,31.26924342,31.00335522,-0.265888199,0.991496814,mm_per_hr
4,intensity,20,Raanana Basin 1 pixel,0,WRFrain_noPGW_HPE04.mat,WRFrain_PGW_V3_HPE04.mat,51.36405945,48.44844818,-2.915611267,0.943236354,mm_per_hr
4,intensity,20,Raanana Basin 2 pixel,0,WRFrain_noPGW_HPE04.mat,WRFrain_PGW_V3_HPE04.mat,48.06915665,46.25279331,-1.816363335,0.962213539,mm_per_hr
4,intensity,20,Raanana Basin 3 pixel,0,WRFrain_noPGW_HPE04.mat,WRFrain_PGW_V3_HPE04.mat,42.14623006,42.95984014,0.813610077,1.019304457,mm_per_hr
4,intensity,30,Raanana Basin,0,WRFrain_noPGW_HPE04.mat,WRFrain_PGW_V3_HPE04.mat,29.98080018,22.34563787,-7.635162318,0.745331603,mm_per_hr
4,intensity,30,Raanana Basin 1 pixel,0,WRFrain_noPGW_HPE04.mat,WRFrain_PGW_V3_HPE04.mat,39.68021774,34.89531708,-4.784900665,0.879413447,mm_per_hr
4,intensity,30,Raanana Basin 2 pixel,0,WRFrain_noPGW_HPE04.mat,WRFrain_PGW_V3_HPE04.mat,39.07304716,35.51230621,-3.560740948,0.908869638,mm_per_hr
4,intensity,30,Raanana Basin 3 pixel,0,WRFrain_noPGW_HPE04.mat,WRFrain_PGW_V3_HPE04.mat,36.60147731,35.49764887,-1.10382843,0.969841971,mm_per_hr
4,intensity,60,Raanana Basin,0,WRFrain_noPGW_HPE04.mat,WRFrain_PGW_V3_HPE04.mat,16.99223271,15.04095246,-1.951280248,0.885166342,mm_per_hr
4,intensity,60,Raanana Basin 1 pixel,0,WRFrain_noPGW_HPE04.mat,WRFrain_PGW_V3_HPE04.mat,26.52125549,24.07816935,-2.443086147,0.907881957,mm_per_hr
4,intensity,60,Raanana Basin 2 pixel,0,WRFrain_noPGW_HPE04.mat,WRFrain_PGW_V3_HPE04.mat,25.60253525,24.71387172,-0.88866353,0.965290018,mm_per_hr
4,intensity,60,Raanana Basin 3 pixel,0,WRFrain_noPGW_HPE04.mat,WRFrain_PGW_V3_HPE04.mat,23.76064046,24.67004236,0.909401894,1.038273459,mm_per_hr
4,intensity,120,Raanana Basin,0,WRFrain_noPGW_HPE04.mat,WRFrain_PGW_V3_HPE04.mat,8.685534258,10.17142801,1.485893754,1.17107684,mm_per_hr
4,intensity,120,Raanana Basin 1 pixel,0,WRFrain_noPGW_HPE04.mat,WRFrain_PGW_V3_HPE04.mat,14.0655365,13.59552002,-0.470016479,0.966583821,mm_per_hr
4,intensity,120,Raanana Basin 2 pixel,0,WRFrain_noPGW_HPE04.mat,WRFrain_PGW_V3_HPE04.mat,16.00831425,13.80429429,-2.204019964,0.862320296,mm_per_hr
4,intensity,120,Raanana Basin 3 pixel,0,WRFrain_noPGW_HPE04.mat,WRFrain_PGW_V3_HPE04.mat,16.16993639,14.17404159,-1.995894803,0.876567554,mm_per_hr
4,intensity,240,Raanana Basin,0,WRFrain_noPGW_HPE04.mat,WRFrain_PGW_V3_HPE04.mat,6.249607907,8.160218122,1.910610216,1.305716814,mm_per_hr
4,intensity,240,Raanana Basin 1 pixel,0,WRFrain_noPGW_HPE04.mat,WRFrain_PGW_V3_HPE04.mat,9.020258933,11.24825287,2.227993935,1.246998889,mm_per_hr
4,intensity,240,Raanana Basin 2 pixel,0,WRFrain_noPGW_HPE04.mat,WRFrain_PGW_V3_HPE04.mat,10.78055465,11.64087534,0.860320687,1.079803008,mm_per_hr
4,intensity,240,Raanana Basin 3 pixel,0,WRFrain_noPGW_HPE04.mat,WRFrain_PGW_V3_HPE04.mat,11.03743685,11.61080509,0.573368238,1.051947589,mm_per_hr
4,intensity,360,Raanana Basin,0,WRFrain_noPGW_HPE04.mat,WRFrain_PGW_V3_HPE04.mat,4.610173998,7.124724829,2.514550831,1.545435125,mm_per_hr
4,intensity,360,Raanana Basin 1 pixel,0,WRFrain_noPGW_HPE04.mat,WRFrain_PGW_V3_HPE04.mat,6.327886144,8.527852376,2.199966232,1.347662107,mm_per_hr
4,intensity,360,Raanana Basin 2 pixel,0,WRFrain_noPGW_HPE04.mat,WRFrain_PGW_V3_HPE04.mat,7.546867146,8.909285227,1.362418082,1.180527636,mm_per_hr
4,intensity,360,Raanana Basin 3 pixel,0,WRFrain_noPGW_HPE04.mat,WRFrain_PGW_V3_HPE04.mat,7.743015152,9.260956941,1.517941789,1.196040142,mm_per_hr
4,intensity,720,Raanana Basin,0,WRFrain_noPGW_HPE04.mat,WRFrain_PGW_V3_HPE04.mat,4.201608323,6.690398001,2.488789678,1.592342143,mm_per_hr
4,intensity,720,Raanana Basin 1 pixel,0,WRFrain_noPGW_HPE04.mat,WRFrain_PGW_V3_HPE04.mat,5.18120575,8.146351496,2.965145747,1.572288747,mm_per_hr
4,intensity,720,Raanana Basin 2 pixel,0,WRFrain_noPGW_HPE04.mat,WRFrain_PGW_V3_HPE04.mat,5.083910306,8.436718225,3.352807919,1.659493917,mm_per_hr
4,intensity,720,Raanana Basin 3 pixel,0,WRFrain_noPGW_HPE04.mat,WRFrain_PGW_V3_HPE04.mat,4.929500721,8.539211485,3.609710764,1.732267012,mm_per_hr
4,intensity,1440,Raanana Basin,0,WRFrain_noPGW_HPE04.mat,WRFrain_PGW_V3_HPE04.mat,3.43723212,5.480552137,2.043320018,1.594466695,mm_per_hr
4,intensity,1440,Raanana Basin 1 pixel,0,WRFrain_noPGW_HPE04.mat,WRFrain_PGW_V3_HPE04.mat,4.278999964,6.778105418,2.499105453,1.584039606,mm_per_hr
4,intensity,1440,Raanana Basin 2 pixel,0,WRFrain_noPGW_HPE04.mat,WRFrain_PGW_V3_HPE04.mat,4.256003936,6.991490523,2.735486587,1.642735916,mm_per_hr
4,intensity,1440,Raanana Basin 3 pixel,0,WRFrain_noPGW_HPE04.mat,WRFrain_PGW_V3_HPE04.mat,4.176401739,7.144284637,2.967882898,1.710631564,mm_per_hr
5,total,0,Raanana Basin,0,WRFrain_noPGW_HPE05.mat,WRFrain_PGW_V3_HPE05.mat,0.04527532,0.027430664,-0.017844655,0.605863514,mm
5,total,0,Raanana Basin 1 pixel,0,WRFrain_noPGW_HPE05.mat,WRFrain_PGW_V3_HPE05.mat,0.115122891,0.059639644,-0.055483248,0.518051997,mm
5,total,0,Raanana Basin 2 pixel,0,WRFrain_noPGW_HPE05.mat,WRFrain_PGW_V3_HPE05.mat,0.112007692,0.055581716,-0.056425976,0.496231242,mm
5,total,0,Raanana Basin 3 pixel,0,WRFrain_noPGW_HPE05.mat,WRFrain_PGW_V3_HPE05.mat,0.108475634,0.047184491,-0.061291142,0.43497779,mm
5,intensity,10,Raanana Basin,0,WRFrain_noPGW_HPE05.mat,WRFrain_PGW_V3_HPE05.mat,0.06505043,0.013373286,-0.051677144,0.205583359,mm_per_hr
5,intensity,10,Raanana Basin 1 pixel,0,WRFrain_noPGW_HPE05.mat,WRFrain_PGW_V3_HPE05.mat,0.346825652,0.082654662,-0.264170989,0.238317616,mm_per_hr
5,intensity,10,Raanana Basin 2 pixel,0,WRFrain_noPGW_HPE05.mat,WRFrain_PGW_V3_HPE05.mat,0.311093152,0.061147031,-0.24994612,0.196555376,mm_per_hr
5,intensity,10,Raanana Basin 3 pixel,0,WRFrain_noPGW_HPE05.mat,WRFrain_PGW_V3_HPE05.mat,0.298680723,0.039705991,-0.258974732,0.132937908,mm_per_hr
5,intensity,20,Raanana Basin,0,WRFrain_noPGW_HPE05.mat,WRFrain_PGW_V3_HPE05.mat,0.063769429,0.012311489,-0.05145794,0.193062562,mm_per_hr
5,intensity,20,Raanana Basin 1 pixel,0,WRFrain_noPGW_HPE05.mat,WRFrain_PGW_V3_HPE05.mat,0.259271845,0.06643492,-0.192836925,0.256236537,mm_per_hr
5,intensity,20,Raanana Basin 2 pixel,0,WRFrain_noPGW_HPE05.mat,WRFrain_PGW_V3_HPE05.mat,0.244549887,0.058020526,-0.186529362,0.237254354,mm_per_hr
5,intensity,20,Raanana Basin 3 pixel,0,WRFrain_noPGW_HPE05.mat,WRFrain_PGW_V3_HPE05.mat,0.208246934,0.03620344,-0.172043494,0.173848608,mm_per_hr
5,intensity,30,Raanana Basin,0,WRFrain_noPGW_HPE05.mat,WRFrain_PGW_V3_HPE05.mat,0.047203309,0.01080228,-0.03640103,0.228845812,mm_per_hr
5,intensity,30,Raanana Basin 1 pixel,0,WRFrain_noPGW_HPE05.mat,WRFrain_PGW_V3_HPE05.mat,0.178023562,0.054203793,-0.123819768,0.30447539,mm_per_hr
5,intensity,30,Raanana Basin 2 pixel,0,WRFrain_noPGW_HPE05.mat,WRFrain_PGW_V3_HPE05.mat,0.169065621,0.047286613,-0.121779008,0.279693841,mm_per_hr
5,intensity,30,Raanana Basin 3 pixel,0,WRFrain_noPGW_HPE05.mat,WRFrain_PGW_V3_HPE05.mat,0.161402495,0.033381058,-0.128021436,0.206818725,mm_per_hr
5,intensity,60,Raanana Basin,0,WRFrain_noPGW_HPE05.mat,WRFrain_PGW_V3_HPE05.mat,0.04125659,0.010645959,-0.030610631,0.258042635,mm_per_hr
5,intensity,60,Raanana Basin 1 pixel,0,WRFrain_noPGW_HPE05.mat,WRFrain_PGW_V3_HPE05.mat,0.110162785,0.031218123,-0.078944663,0.283381748,mm_per_hr
5,intensity,60,Raanana Basin 2 pixel,0,WRFrain_noPGW_HPE05.mat,WRFrain_PGW_V3_HPE05.mat,0.106091853,0.029119276,-0.076972577,0.274472311,mm_per_hr
5,intensity,60,Raanana Basin 3 pixel,0,WRFrain_noPGW_HPE05.mat,WRFrain_PGW_V3_HPE05.mat,0.101042664,0.019599415,-0.081443249,0.193971678,mm_per_hr
5,intensity,120,Raanana Basin,0,WRFrain_noPGW_HPE05.mat,WRFrain_PGW_V3_HPE05.mat,0.021359664,0.006283842,-0.015075822,0.294191987,mm_per_hr
5,intensity,120,Raanana Basin 1 pixel,0,WRFrain_noPGW_HPE05.mat,WRFrain_PGW_V3_HPE05.mat,0.056787668,0.01578409,-0.041003578,0.27794926,mm_per_hr
5,intensity,120,Raanana Basin 2 pixel,0,WRFrain_noPGW_HPE05.mat,WRFrain_PGW_V3_HPE05.mat,0.054884712,0.014890197,-0.039994515,0.27129954,mm_per_hr
5,intensity,120,Raanana Basin 3 pixel,0,WRFrain_noPGW_HPE05.mat,WRFrain_PGW_V3_HPE05.mat,0.053266893,0.010216798,-0.043050095,0.191803899,mm_per_hr
5,intensity,240,Raanana Basin,0,WRFrain_noPGW_HPE05.mat,WRFrain_PGW_V3_HPE05.mat,0.010702525,0.00438089,-0.006321634,0.409332423,mm_per_hr
5,intensity,240,Raanana Basin 1 pixel,0,WRFrain_noPGW_HPE05.mat,WRFrain_PGW_V3_HPE05.mat,0.028421194,0.007892045,-0.020529149,0.277681692,mm_per_hr
5,intensity,240,Raanana Basin 2 pixel,0,WRFrain_noPGW_HPE05.mat,WRFrain_PGW_V3_HPE05.mat,0.027457247,0.007445098,-0.020012148,0.271152403,mm_per_hr
5,intensity,240,Raanana Basin 3 pixel,0,WRFrain_noPGW_HPE05.mat,WRFrain_PGW_V3_HPE05.mat,0.026645394,0.006618188,-0.020027205,0.248380208,mm_per_hr
5,intensity,360,Raanana Basin,0,WRFrain_noPGW_HPE05.mat,WRFrain_PGW_V3_HPE05.mat,0.007232318,0.00401024,-0.003222077,0.554488969,mm_per_hr
5,intensity,360,Raanana Basin 1 pixel,0,WRFrain_noPGW_HPE05.mat,WRFrain_PGW_V3_HPE05.mat,0.019063475,0.005874992,-0.013188483,0.308180545,mm_per_hr
5,intensity,360,Raanana Basin 2 pixel,0,WRFrain_noPGW_HPE05.mat,WRFrain_PGW_V3_HPE05.mat,0.018422072,0.006179031,-0.012243041,0.335414547,mm_per_hr
5,intensity,360,Raanana Basin 3 pixel,0,WRFrain_noPGW_HPE05.mat,WRFrain_PGW_V3_HPE05.mat,0.017877065,0.006069948,-0.011807117,0.339538301,mm_per_hr
5,intensity,720,Raanana Basin,0,WRFrain_noPGW_HPE05.mat,WRFrain_PGW_V3_HPE05.mat,0.003646583,0.002024262,-0.001622321,0.555112119,mm_per_hr
5,intensity,720,Raanana Basin 1 pixel,0,WRFrain_noPGW_HPE05.mat,WRFrain_PGW_V3_HPE05.mat,0.00953369,0.002957948,-0.006575742,0.310262638,mm_per_hr
5,intensity,720,Raanana Basin 2 pixel,0,WRFrain_noPGW_HPE05.mat,WRFrain_PGW_V3_HPE05.mat,0.009219548,0.003110128,-0.00610942,0.337340644,mm_per_hr
5,intensity,720,Raanana Basin 3 pixel,0,WRFrain_noPGW_HPE05.mat,WRFrain_PGW_V3_HPE05.mat,0.008958255,0.003058512,-0.005899744,0.341418215,mm_per_hr
5,intensity,1440,Raanana Basin,0,WRFrain_noPGW_HPE05.mat,WRFrain_PGW_V3_HPE05.mat,0.001886341,0.00114279,-0.000743552,0.605823473,mm_per_hr
5,intensity,1440,Raanana Basin 1 pixel,0,WRFrain_noPGW_HPE05.mat,WRFrain_PGW_V3_HPE05.mat,0.004796787,0.002484985,-0.002311802,0.518051997,mm_per_hr
5,intensity,1440,Raanana Basin 2 pixel,0,WRFrain_noPGW_HPE05.mat,WRFrain_PGW_V3_HPE05.mat,0.004666987,0.002315905,-0.002351082,0.496231242,mm_per_hr
5,intensity,1440,Raanana Basin 3 pixel,0,WRFrain_noPGW_HPE05.mat,WRFrain_PGW_V3_HPE05.mat,0.004519818,0.00196602,-0.002553798,0.43497779,mm_per_hr
6,total,0,Raanana Basin,0,WRFrain_noPGW_HPE06.mat,WRFrain_PGW_V3_HPE06.mat,0.021396903,0.196811219,0.175414316,9.198117168,mm
6,total,0,Raanana Basin 1 pixel,0,WRFrain_noPGW_HPE06.mat,WRFrain_PGW_V3_HPE06.mat,0.122087811,0.809963736,0.687875925,6.634271926,mm
6,total,0,Raanana Basin 2 pixel,0,WRFrain_noPGW_HPE06.mat,WRFrain_PGW_V3_HPE06.mat,0.127529539,0.611695587,0.484166048,4.796501202,mm
6,total,0,Raanana Basin 3 pixel,0,WRFrain_noPGW_HPE06.mat,WRFrain_PGW_V3_HPE06.mat,0.126122576,0.46357677,0.337454194,3.675604997,mm
6,intensity,10,Raanana Basin,0,WRFrain_noPGW_HPE06.mat,WRFrain_PGW_V3_HPE06.mat,0.066954709,0.456998725,0.390044016,6.825490418,mm_per_hr
6,intensity,10,Raanana Basin 1 pixel,0,WRFrain_noPGW_HPE06.mat,WRFrain_PGW_V3_HPE06.mat,0.417359814,3.647940874,3.23058106,8.740517777,mm_per_hr
6,intensity,10,Raanana Basin 2 pixel,0,WRFrain_noPGW_HPE06.mat,WRFrain_PGW_V3_HPE06.mat,0.374929748,2.574742198,2.19981245,6.86726569,mm_per_hr
6,intensity,10,Raanana Basin 3 pixel,0,WRFrain_noPGW_HPE06.mat,WRFrain_PGW_V3_HPE06.mat,0.340837295,1.864448701,1.523611406,5.470201558,mm_per_hr
6,intensity,20,Raanana Basin,0,WRFrain_noPGW_HPE06.mat,WRFrain_PGW_V3_HPE06.mat,0.052896901,0.346882553,0.293985652,6.557710313,mm_per_hr
6,intensity,20,Raanana Basin 1 pixel,0,WRFrain_noPGW_HPE06.mat,WRFrain_PGW_V3_HPE06.mat,0.321730591,2.245794296,1.924063705,6.980356723,mm_per_hr
6,intensity,20,Raanana Basin 2 pixel,0,WRFrain_noPGW_HPE06.mat,WRFrain_PGW_V3_HPE06.mat,0.30915454,1.655220732,1.346066192,5.354023688,mm_per_hr
6,intensity,20,Raanana Basin 3 pixel,0,WRFrain_noPGW_HPE06.mat,WRFrain_PGW_V3_HPE06.mat,0.29680664,1.248803732,0.951997092,4.207465611,mm_per_hr
6,intensity,30,Raanana Basin,0,WRFrain_noPGW_HPE06.mat,WRFrain_PGW_V3_HPE06.mat,0.041446165,0.254087861,0.212641696,6.130551726,mm_per_hr
6,intensity,30,Raanana Basin 1 pixel,0,WRFrain_noPGW_HPE06.mat,WRFrain_PGW_V3_HPE06.mat,0.239433751,1.498146988,1.258713238,6.257041813,mm_per_hr
6,intensity,30,Raanana Basin 2 pixel,0,WRFrain_noPGW_HPE06.mat,WRFrain_PGW_V3_HPE06.mat,0.250436197,1.105276495,0.854840298,4.413405523,mm_per_hr
6,intensity,30,Raanana Basin 3 pixel,0,WRFrain_noPGW_HPE06.mat,WRFrain_PGW_V3_HPE06.mat,0.225236779,0.837366796,0.612130017,3.717717861,mm_per_hr
6,intensity,60,Raanana Basin,0,WRFrain_noPGW_HPE06.mat,WRFrain_PGW_V3_HPE06.mat,0.021381686,0.13380032,0.112418634,6.257706845,mm_per_hr
6,intensity,60,Raanana Basin 1 pixel,0,WRFrain_noPGW_HPE06.mat,WRFrain_PGW_V3_HPE06.mat,0.122087811,0.775237354,0.653149543,6.349834172,mm_per_hr
6,intensity,60,Raanana Basin 2 pixel,0,WRFrain_noPGW_HPE06.mat,WRFrain_PGW_V3_HPE06.mat,0.127529539,0.588382031,0.460852492,4.613692133,mm_per_hr
6,intensity,60,Raanana Basin 3 pixel,0,WRFrain_noPGW_HPE06.mat,WRFrain_PGW_V3_HPE06.mat,0.12605661,0.437079683,0.311023073,3.46732855,mm_per_hr
6,intensity,120,Raanana Basin,0,WRFrain_noPGW_HPE06.mat,WRFrain_PGW_V3_HPE06.mat,0.010698451,0.08732363,0.076625178,8.162268215,mm_per_hr
6,intensity,120,Raanana Basin 1 pixel,0,WRFrain_noPGW_HPE06.mat,WRFrain_PGW_V3_HPE06.mat,0.061043905,0.400810823,0.339766917,6.565943315,mm_per_hr
6,intensity,120,Raanana Basin 2 pixel,0,WRFrain_noPGW_HPE06.mat,WRFrain_PGW_V3_HPE06.mat,0.06376477,0.303098485,0.239333715,4.753384779,mm_per_hr
6,intensity,120,Raanana Basin 3 pixel,0,WRFrain_noPGW_HPE06.mat,WRFrain_PGW_V3_HPE06.mat,0.063061288,0.226177065,0.163115777,3.586622988,mm_per_hr
6,intensity,240,Raanana Basin,0,WRFrain_noPGW_HPE06.mat,WRFrain_PGW_V3_HPE06.mat,0.005349226,0.044300777,0.038951552,8.281717756,mm_per_hr
6,intensity,240,Raanana Basin 1 pixel,0,WRFrain_noPGW_HPE06.mat,WRFrain_PGW_V3_HPE06.mat,0.030521953,0.200439312,0.16991736,6.567054023,mm_per_hr
6,intensity,240,Raanana Basin 2 pixel,0,WRFrain_noPGW_HPE06.mat,WRFrain_PGW_V3_HPE06.mat,0.031882385,0.151625305,0.119742921,4.755770513,mm_per_hr
6,intensity,240,Raanana Basin 3 pixel,0,WRFrain_noPGW_HPE06.mat,WRFrain_PGW_V3_HPE06.mat,0.031530644,0.113277178,0.081746534,3.59260591,mm_per_hr
6,intensity,360,Raanana Basin,0,WRFrain_noPGW_HPE06.mat,WRFrain_PGW_V3_HPE06.mat,0.00356615,0.031733885,0.028167734,8.898638798,mm_per_hr
6,intensity,360,Raanana Basin 1 pixel,0,WRFrain_noPGW_HPE06.mat,WRFrain_PGW_V3_HPE06.mat,0.020347968,0.134747372,0.114399403,6.622153546,mm_per_hr
6,intensity,360,Raanana Basin 2 pixel,0,WRFrain_noPGW_HPE06.mat,WRFrain_PGW_V3_HPE06.mat,0.021254923,0.101824328,0.080569405,4.790623208,mm_per_hr
6,intensity,360,Raanana Basin 3 pixel,0,WRFrain_noPGW_HPE06.mat,WRFrain_PGW_V3_HPE06.mat,0.021020429,0.077014474,0.055994044,3.66379166,mm_per_hr
6,intensity,720,Raanana Basin,0,WRFrain_noPGW_HPE06.mat,WRFrain_PGW_V3_HPE06.mat,0.001783075,0.016400927,0.014617851,9.198112449,mm_per_hr
6,intensity,720,Raanana Basin 1 pixel,0,WRFrain_noPGW_HPE06.mat,WRFrain_PGW_V3_HPE06.mat,0.010173984,0.067496978,0.057322994,6.634271926,mm_per_hr
6,intensity,720,Raanana Basin 2 pixel,0,WRFrain_noPGW_HPE06.mat,WRFrain_PGW_V3_HPE06.mat,0.010627462,0.050974632,0.040347171,4.796501202,mm_per_hr
6,intensity,720,Raanana Basin 3 pixel,0,WRFrain_noPGW_HPE06.mat,WRFrain_PGW_V3_HPE06.mat,0.010510215,0.038631397,0.028121183,3.675604997,mm_per_hr
6,intensity,1440,Raanana Basin,0,WRFrain_noPGW_HPE06.mat,WRFrain_PGW_V3_HPE06.mat,0.000891538,0.008200467,0.00730893,9.198117168,mm_per_hr
6,intensity,1440,Raanana Basin 1 pixel,0,WRFrain_noPGW_HPE06.mat,WRFrain_PGW_V3_HPE06.mat,0.005086992,0.033748489,0.028661497,6.634271926,mm_per_hr
6,intensity,1440,Raanana Basin 2 pixel,0,WRFrain_noPGW_HPE06.mat,WRFrain_PGW_V3_HPE06.mat,0.005313731,0.025487316,0.020173585,4.796501202,mm_per_hr
6,intensity,1440,Raanana Basin 3 pixel,0,WRFrain_noPGW_HPE06.mat,WRFrain_PGW_V3_HPE06.mat,0.005255107,0.019315699,0.014060591,3.675604997,mm_per_hr
7,total,0,Raanana Basin,0,WRFrain_noPGW_HPE07.mat,WRFrain_PGW_V3_HPE07.mat,12.13577042,36.11494067,23.97917025,2.975908363,mm
7,total,0,Raanana Basin 1 pixel,0,WRFrain_noPGW_HPE07.mat,WRFrain_PGW_V3_HPE07.mat,15.86145593,53.55952207,37.69806614,3.376709068,mm
7,total,0,Raanana Basin 2 pixel,0,WRFrain_noPGW_HPE07.mat,WRFrain_PGW_V3_HPE07.mat,16.08449164,49.41172823,33.32723658,3.072010563,mm
7,total,0,Raanana Basin 3 pixel,0,WRFrain_noPGW_HPE07.mat,WRFrain_PGW_V3_HPE07.mat,16.76910447,46.85856502,30.08946055,2.794339144,mm
7,intensity,10,Raanana Basin,0,WRFrain_noPGW_HPE07.mat,WRFrain_PGW_V3_HPE07.mat,8.897757485,16.39903123,7.50127374,1.843052168,mm_per_hr
7,intensity,10,Raanana Basin 1 pixel,0,WRFrain_noPGW_HPE07.mat,WRFrain_PGW_V3_HPE07.mat,28.75678825,59.0657959,30.30900764,2.053977495,mm_per_hr
7,intensity,10,Raanana Basin 2 pixel,0,WRFrain_noPGW_HPE07.mat,WRFrain_PGW_V3_HPE07.mat,26.59306169,39.38250446,12.78944278,1.480931565,mm_per_hr
7,intensity,10,Raanana Basin 3 pixel,0,WRFrain_noPGW_HPE07.mat,WRFrain_PGW_V3_HPE07.mat,22.40777763,30.16314761,7.755369981,1.346101702,mm_per_hr
7,intensity,20,Raanana Basin,0,WRFrain_noPGW_HPE07.mat,WRFrain_PGW_V3_HPE07.mat,8.34225668,10.61957887,2.277322191,1.272986349,mm_per_hr
7,intensity,20,Raanana Basin 1 pixel,0,WRFrain_noPGW_HPE07.mat,WRFrain_PGW_V3_HPE07.mat,15.45418668,34.67503738,19.22085071,2.243730978,mm_per_hr
7,intensity,20,Raanana Basin 2 pixel,0,WRFrain_noPGW_HPE07.mat,WRFrain_PGW_V3_HPE07.mat,14.41809261,25.43985844,11.02176583,1.764439939,mm_per_hr
7,intensity,20,Raanana Basin 3 pixel,0,WRFrain_noPGW_HPE07.mat,WRFrain_PGW_V3_HPE07.mat,13.32423067,21.33951092,8.015280247,1.601556701,mm_per_hr
7,intensity,30,Raanana Basin,0,WRFrain_noPGW_HPE07.mat,WRFrain_PGW_V3_HPE07.mat,5.571860392,10.17253371,4.600673318,1.825697881,mm_per_hr
7,intensity,30,Raanana Basin 1 pixel,0,WRFrain_noPGW_HPE07.mat,WRFrain_PGW_V3_HPE07.mat,10.31482077,34.07897949,23.76415873,3.303884795,mm_per_hr
7,intensity,30,Raanana Basin 2 pixel,0,WRFrain_noPGW_HPE07.mat,WRFrain_PGW_V3_HPE07.mat,9.623405933,26.66713428,17.04372835,2.771070291,mm_per_hr
7,intensity,30,Raanana Basin 3 pixel,0,WRFrain_noPGW_HPE07.mat,WRFrain_PGW_V3_HPE07.mat,9.689203686,20.33720228,10.6479986,2.098954975,mm_per_hr
7,intensity,60,Raanana Basin,0,WRFrain_noPGW_HPE07.mat,WRFrain_PGW_V3_HPE07.mat,4.349285955,6.636960856,2.287674901,1.525988616,mm_per_hr
7,intensity,60,Raanana Basin 1 pixel,0,WRFrain_noPGW_HPE07.mat,WRFrain_PGW_V3_HPE07.mat,7.017701864,18.93903732,11.92133546,2.698752054,mm_per_hr
7,intensity,60,Raanana Basin 2 pixel,0,WRFrain_noPGW_HPE07.mat,WRFrain_PGW_V3_HPE07.mat,6.906859159,15.84108591,8.934226751,2.293529598,mm_per_hr
7,intensity,60,Raanana Basin 3 pixel,0,WRFrain_noPGW_HPE07.mat,WRFrain_PGW_V3_HPE07.mat,6.205073476,12.99641143,6.791337954,2.094481472,mm_per_hr
7,intensity,120,Raanana Basin,0,WRFrain_noPGW_HPE07.mat,WRFrain_PGW_V3_HPE07.mat,2.566556053,4.075086635,1.508530582,1.587764518,mm_per_hr
7,intensity,120,Raanana Basin 1 pixel,0,WRFrain_noPGW_HPE07.mat,WRFrain_PGW_V3_HPE07.mat,4.280083239,14.10455227,9.82446903,3.295392048,mm_per_hr
7,intensity,120,Raanana Basin 2 pixel,0,WRFrain_noPGW_HPE07.mat,WRFrain_PGW_V3_HPE07.mat,4.011157677,12.78320956,8.772051886,3.186912755,mm_per_hr
7,intensity,120,Raanana Basin 3 pixel,0,WRFrain_noPGW_HPE07.mat,WRFrain_PGW_V3_HPE07.mat,3.605014059,10.44080718,6.835793124,2.89619042,mm_per_hr
7,intensity,240,Raanana Basin,0,WRFrain_noPGW_HPE07.mat,WRFrain_PGW_V3_HPE07.mat,1.599770244,2.723314464,1.12354422,1.702315989,mm_per_hr
7,intensity,240,Raanana Basin 1 pixel,0,WRFrain_noPGW_HPE07.mat,WRFrain_PGW_V3_HPE07.mat,2.531517521,7.068787098,4.537269577,2.792312137,mm_per_hr
7,intensity,240,Raanana Basin 2 pixel,0,WRFrain_noPGW_HPE07.mat,WRFrain_PGW_V3_HPE07.mat,2.406897299,6.422301292,4.015403993,2.668290539,mm_per_hr
7,intensity,240,Raanana Basin 3 pixel,0,WRFrain_noPGW_HPE07.mat,WRFrain_PGW_V3_HPE07.mat,2.186545389,5.264622079,3.07807669,2.4077351,mm_per_hr
7,intensity,360,Raanana Basin,0,WRFrain_noPGW_HPE07.mat,WRFrain_PGW_V3_HPE07.mat,1.270077958,2.104889489,0.834811531,1.657291567,mm_per_hr
7,intensity,360,Raanana Basin 1 pixel,0,WRFrain_noPGW_HPE07.mat,WRFrain_PGW_V3_HPE07.mat,1.933999345,4.712524732,2.778525387,2.436673386,mm_per_hr
7,intensity,360,Raanana Basin 2 pixel,0,WRFrain_noPGW_HPE07.mat,WRFrain_PGW_V3_HPE07.mat,1.877327568,4.281534195,2.404206627,2.28065377,mm_per_hr
7,intensity,360,Raanana Basin 3 pixel,0,WRFrain_noPGW_HPE07.mat,WRFrain_PGW_V3_HPE07.mat,1.693055764,3.509748053,1.816692288,2.073025665,mm_per_hr
7,intensity,720,Raanana Basin,0,WRFrain_noPGW_HPE07.mat,WRFrain_PGW_V3_HPE07.mat,0.801986068,1.455513033,0.653526965,1.814885683,mm_per_hr
7,intensity,720,Raanana Basin 1 pixel,0,WRFrain_noPGW_HPE07.mat,WRFrain_PGW_V3_HPE07.mat,1.166085159,2.671587785,1.505502626,2.29107434,mm_per_hr
7,intensity,720,Raanana Basin 2 pixel,0,WRFrain_noPGW_HPE07.mat,WRFrain_PGW_V3_HPE07.mat,1.142950186,2.449262698,1.306312512,2.142930399,mm_per_hr
7,intensity,720,Raanana Basin 3 pixel,0,WRFrain_noPGW_HPE07.mat,WRFrain_PGW_V3_HPE07.mat,1.036078318,2.343800094,1.307721777,2.262184291,mm_per_hr
7,intensity,1440,Raanana Basin,0,WRFrain_noPGW_HPE07.mat,WRFrain_PGW_V3_HPE07.mat,0.451876802,1.212572458,0.760695656,2.683413828,mm_per_hr
7,intensity,1440,Raanana Basin 1 pixel,0,WRFrain_noPGW_HPE07.mat,WRFrain_PGW_V3_HPE07.mat,0.63247286,1.777516762,1.145043903,2.810423776,mm_per_hr
7,intensity,1440,Raanana Basin 2 pixel,0,WRFrain_noPGW_HPE07.mat,WRFrain_PGW_V3_HPE07.mat,0.650125077,1.657279551,1.007154474,2.549170322,mm_per_hr
7,intensity,1440,Raanana Basin 3 pixel,0,WRFrain_noPGW_HPE07.mat,WRFrain_PGW_V3_HPE07.mat,0.675215158,1.59633222,0.921117062,2.364183032,mm_per_hr
8,total,0,Raanana Basin,0,WRFrain_noPGW_HPE08.mat,WRFrain_PGW_V3_HPE08.mat,60.4613858,14.44832709,-46.01305871,0.238967845,mm
8,total,0,Raanana Basin 1 pixel,0,WRFrain_noPGW_HPE08.mat,WRFrain_PGW_V3_HPE08.mat,81.57673645,23.23485922,-58.34187724,0.284822122,mm
8,total,0,Raanana Basin 2 pixel,0,WRFrain_noPGW_HPE08.mat,WRFrain_PGW_V3_HPE08.mat,77.77854153,24.03232104,-53.7462205,0.308983951,mm
8,total,0,Raanana Basin 3 pixel,0,WRFrain_noPGW_HPE08.mat,WRFrain_PGW_V3_HPE08.mat,75.06293656,23.93241269,-51.13052387,0.318831287,mm
8,intensity,10,Raanana Basin,0,WRFrain_noPGW_HPE08.mat,WRFrain_PGW_V3_HPE08.mat,21.67199309,13.74221953,-7.929773568,0.634100402,mm_per_hr
8,intensity,10,Raanana Basin 1 pixel,0,WRFrain_noPGW_HPE08.mat,WRFrain_PGW_V3_HPE08.mat,78.60621071,59.72063828,-18.88557243,0.759744526,mm_per_hr
8,intensity,10,Raanana Basin 2 pixel,0,WRFrain_noPGW_HPE08.mat,WRFrain_PGW_V3_HPE08.mat,61.43408489,50.26480579,-11.1692791,0.818190844,mm_per_hr
8,intensity,10,Raanana Basin 3 pixel,0,WRFrain_noPGW_HPE08.mat,WRFrain_PGW_V3_HPE08.mat,51.87833691,36.77467982,-15.10365709,0.708863892,mm_per_hr
8,intensity,20,Raanana Basin,0,WRFrain_noPGW_HPE08.mat,WRFrain_PGW_V3_HPE08.mat,19.85470239,9.156689759,-10.69801263,0.461184941,mm_per_hr
8,intensity,20,Raanana Basin 1 pixel,0,WRFrain_noPGW_HPE08.mat,WRFrain_PGW_V3_HPE08.mat,65.10421944,35.08446014,-30.0197593,0.538896871,mm_per_hr
8,intensity,20,Raanana Basin 2 pixel,0,WRFrain_noPGW_HPE08.mat,WRFrain_PGW_V3_HPE08.mat,56.59582472,31.9250316,-24.67079312,0.564088107,mm_per_hr
8,intensity,20,Raanana Basin 3 pixel,0,WRFrain_noPGW_HPE08.mat,WRFrain_PGW_V3_HPE08.mat,47.19418748,25.37683535,-21.81735214,0.537711034,mm_per_hr
8,intensity,30,Raanana Basin,0,WRFrain_noPGW_HPE08.mat,WRFrain_PGW_V3_HPE08.mat,18.28503353,7.737321329,-10.5477122,0.423150514,mm_per_hr
8,intensity,30,Raanana Basin 1 pixel,0,WRFrain_noPGW_HPE08.mat,WRFrain_PGW_V3_HPE08.mat,59.69713402,24.42661214,-35.27052188,0.409175625,mm_per_hr
8,intensity,30,Raanana Basin 2 pixel,0,WRFrain_noPGW_HPE08.mat,WRFrain_PGW_V3_HPE08.mat,50.82795525,22.42126763,-28.40668762,0.441120787,mm_per_hr
8,intensity,30,Raanana Basin 3 pixel,0,WRFrain_noPGW_HPE08.mat,WRFrain_PGW_V3_HPE08.mat,45.05713113,17.53713703,-27.5199941,0.38922001,mm_per_hr
8,intensity,60,Raanana Basin,0,WRFrain_noPGW_HPE08.mat,WRFrain_PGW_V3_HPE08.mat,14.44375464,4.503318113,-9.940436524,0.311783067,mm_per_hr
8,intensity,60,Raanana Basin 1 pixel,0,WRFrain_noPGW_HPE08.mat,WRFrain_PGW_V3_HPE08.mat,38.53897381,12.52529427,-26.01367953,0.325003316,mm_per_hr
8,intensity,60,Raanana Basin 2 pixel,0,WRFrain_noPGW_HPE08.mat,WRFrain_PGW_V3_HPE08.mat,34.93267465,11.42802889,-23.50464576,0.3271444,mm_per_hr
8,intensity,60,Raanana Basin 3 pixel,0,WRFrain_noPGW_HPE08.mat,WRFrain_PGW_V3_HPE08.mat,32.00060956,10.80744102,-21.19316853,0.337726099,mm_per_hr
8,intensity,120,Raanana Basin,0,WRFrain_noPGW_HPE08.mat,WRFrain_PGW_V3_HPE08.mat,10.36223358,2.262882812,-8.099350772,0.2183779,mm_per_hr
8,intensity,120,Raanana Basin 1 pixel,0,WRFrain_noPGW_HPE08.mat,WRFrain_PGW_V3_HPE08.mat,23.22592676,6.295611853,-16.9303149,0.271059662,mm_per_hr
8,intensity,120,Raanana Basin 2 pixel,0,WRFrain_noPGW_HPE08.mat,WRFrain_PGW_V3_HPE08.mat,21.52309829,5.73824579,-15.7848525,0.266608725,mm_per_hr
8,intensity,120,Raanana Basin 3 pixel,0,WRFrain_noPGW_HPE08.mat,WRFrain_PGW_V3_HPE08.mat,19.78979026,5.454541312,-14.33524895,0.275624008,mm_per_hr
8,intensity,240,Raanana Basin,0,WRFrain_noPGW_HPE08.mat,WRFrain_PGW_V3_HPE08.mat,5.402773553,1.92714039,-3.475633164,0.356694644,mm_per_hr
8,intensity,240,Raanana Basin 1 pixel,0,WRFrain_noPGW_HPE08.mat,WRFrain_PGW_V3_HPE08.mat,11.66329205,3.74542093,-7.91787112,0.321128967,mm_per_hr
8,intensity,240,Raanana Basin 2 pixel,0,WRFrain_noPGW_HPE08.mat,WRFrain_PGW_V3_HPE08.mat,10.83325653,4.271068824,-6.562187704,0.394255302,mm_per_hr
8,intensity,240,Raanana Basin 3 pixel,0,WRFrain_noPGW_HPE08.mat,WRFrain_PGW_V3_HPE08.mat,10.01478163,4.237225428,-5.777556199,0.423097136,mm_per_hr
8,intensity,360,Raanana Basin,0,WRFrain_noPGW_HPE08.mat,WRFrain_PGW_V3_HPE08.mat,3.602715183,1.284760409,-2.317954774,0.356608931,mm_per_hr
8,intensity,360,Raanana Basin 1 pixel,0,WRFrain_noPGW_HPE08.mat,WRFrain_PGW_V3_HPE08.mat,7.776970307,2.496947287,-5.28002302,0.321069412,mm_per_hr
8,intensity,360,Raanana Basin 2 pixel,0,WRFrain_noPGW_HPE08.mat,WRFrain_PGW_V3_HPE08.mat,7.223118991,2.847391849,-4.375727142,0.394205308,mm_per_hr
8,intensity,360,Raanana Basin 3 pixel,0,WRFrain_noPGW_HPE08.mat,WRFrain_PGW_V3_HPE08.mat,6.677950228,2.824831921,-3.853118307,0.423008831,mm_per_hr
8,intensity,720,Raanana Basin,0,WRFrain_noPGW_HPE08.mat,WRFrain_PGW_V3_HPE08.mat,2.092382823,0.700103948,-1.392278875,0.33459649,mm_per_hr
8,intensity,720,Raanana Basin 1 pixel,0,WRFrain_noPGW_HPE08.mat,WRFrain_PGW_V3_HPE08.mat,4.058877567,1.341410477,-2.71746709,0.330488036,mm_per_hr
8,intensity,720,Raanana Basin 2 pixel,0,WRFrain_noPGW_HPE08.mat,WRFrain_PGW_V3_HPE08.mat,3.755271104,1.510740422,-2.244530683,0.40229863,mm_per_hr
8,intensity,720,Raanana Basin 3 pixel,0,WRFrain_noPGW_HPE08.mat,WRFrain_PGW_V3_HPE08.mat,3.520889608,1.500569005,-2.020320603,0.426190302,mm_per_hr
8,intensity,1440,Raanana Basin,0,WRFrain_noPGW_HPE08.mat,WRFrain_PGW_V3_HPE08.mat,1.788289653,0.4945844,-1.293705253,0.276568396,mm_per_hr
8,intensity,1440,Raanana Basin 1 pixel,0,WRFrain_noPGW_HPE08.mat,WRFrain_PGW_V3_HPE08.mat,2.636802204,0.79411439,-1.842687814,0.301165703,mm_per_hr
8,intensity,1440,Raanana Basin 2 pixel,0,WRFrain_noPGW_HPE08.mat,WRFrain_PGW_V3_HPE08.mat,2.538346002,0.825148753,-1.713197249,0.325073395,mm_per_hr
8,intensity,1440,Raanana Basin 3 pixel,0,WRFrain_noPGW_HPE08.mat,WRFrain_PGW_V3_HPE08.mat,2.380835428,0.827811986,-1.553023443,0.347698113,mm_per_hr
9,total,0,Raanana Basin,0,WRFrain_noPGW_HPE09.mat,WRFrain_PGW_V3_HPE09.mat,76.84700781,65.24411967,-11.60288814,0.849013144,mm
9,total,0,Raanana Basin 1 pixel,0,WRFrain_noPGW_HPE09.mat,WRFrain_PGW_V3_HPE09.mat,80.92037198,79.41563415,-1.504737825,0.981404709,mm
9,total,0,Raanana Basin 2 pixel,0,WRFrain_noPGW_HPE09.mat,WRFrain_PGW_V3_HPE09.mat,83.49758911,80.82028007,-2.677309037,0.967935493,mm
9,total,0,Raanana Basin 3 pixel,0,WRFrain_noPGW_HPE09.mat,WRFrain_PGW_V3_HPE09.mat,87.20046655,82.02371383,-5.176752715,0.940633887,mm
9,intensity,10,Raanana Basin,0,WRFrain_noPGW_HPE09.mat,WRFrain_PGW_V3_HPE09.mat,35.7552434,36.57368658,0.818443185,1.022890158,mm_per_hr
9,intensity,10,Raanana Basin 1 pixel,0,WRFrain_noPGW_HPE09.mat,WRFrain_PGW_V3_HPE09.mat,58.96062469,92.59161758,33.63099289,1.570397499,mm_per_hr
9,intensity,10,Raanana Basin 2 pixel,0,WRFrain_noPGW_HPE09.mat,WRFrain_PGW_V3_HPE09.mat,55.12390709,85.1011219,29.97721481,1.543815132,mm_per_hr
9,intensity,10,Raanana Basin 3 pixel,0,WRFrain_noPGW_HPE09.mat,WRFrain_PGW_V3_HPE09.mat,49.55706024,77.42925008,27.87218984,1.562426215,mm_per_hr
9,intensity,20,Raanana Basin,0,WRFrain_noPGW_HPE09.mat,WRFrain_PGW_V3_HPE09.mat,24.12271607,28.64177159,4.519055517,1.187336099,mm_per_hr
9,intensity,20,Raanana Basin 1 pixel,0,WRFrain_noPGW_HPE09.mat,WRFrain_PGW_V3_HPE09.mat,34.16944313,55.97500134,21.8055582,1.638159601,mm_per_hr
9,intensity,20,Raanana Basin 2 pixel,0,WRFrain_noPGW_HPE09.mat,WRFrain_PGW_V3_HPE09.mat,39.94073009,51.77192903,11.83119893,1.296218895,mm_per_hr
9,intensity,20,Raanana Basin 3 pixel,0,WRFrain_noPGW_HPE09.mat,WRFrain_PGW_V3_HPE09.mat,41.2053388,46.37070179,5.165362994,1.125356644,mm_per_hr
9,intensity,30,Raanana Basin,0,WRFrain_noPGW_HPE09.mat,WRFrain_PGW_V3_HPE09.mat,19.75420857,21.03091551,1.276706941,1.064629617,mm_per_hr
9,intensity,30,Raanana Basin 1 pixel,0,WRFrain_noPGW_HPE09.mat,WRFrain_PGW_V3_HPE09.mat,25.00440216,38.33654785,13.33214569,1.53319194,mm_per_hr
9,intensity,30,Raanana Basin 2 pixel,0,WRFrain_noPGW_HPE09.mat,WRFrain_PGW_V3_HPE09.mat,29.6826458,35.78176928,6.099123478,1.205477757,mm_per_hr
9,intensity,30,Raanana Basin 3 pixel,0,WRFrain_noPGW_HPE09.mat,WRFrain_PGW_V3_HPE09.mat,31.90080685,33.07656903,1.175762177,1.036856816,mm_per_hr
9,intensity,60,Raanana Basin,0,WRFrain_noPGW_HPE09.mat,WRFrain_PGW_V3_HPE09.mat,10.73242667,15.03431561,4.301888934,1.400830965,mm_per_hr
9,intensity,60,Raanana Basin 1 pixel,0,WRFrain_noPGW_HPE09.mat,WRFrain_PGW_V3_HPE09.mat,15.91227722,22.31251049,6.400233269,1.402219819,mm_per_hr
9,intensity,60,Raanana Basin 2 pixel,0,WRFrain_noPGW_HPE09.mat,WRFrain_PGW_V3_HPE09.mat,17.81591702,20.99926782,3.183350801,1.178680154,mm_per_hr
9,intensity,60,Raanana Basin 3 pixel,0,WRFrain_noPGW_HPE09.mat,WRFrain_PGW_V3_HPE09.mat,18.9754609,19.60682011,0.631359206,1.033272404,mm_per_hr
9,intensity,120,Raanana Basin,0,WRFrain_noPGW_HPE09.mat,WRFrain_PGW_V3_HPE09.mat,6.491550568,7.954681073,1.463130505,1.225389988,mm_per_hr
9,intensity,120,Raanana Basin 1 pixel,0,WRFrain_noPGW_HPE09.mat,WRFrain_PGW_V3_HPE09.mat,9.474651337,12.69512224,3.220470905,1.339903896,mm_per_hr
9,intensity,120,Raanana Basin 2 pixel,0,WRFrain_noPGW_HPE09.mat,WRFrain_PGW_V3_HPE09.mat,10.31309795,12.08249104,1.769393086,1.171567563,mm_per_hr
9,intensity,120,Raanana Basin 3 pixel,0,WRFrain_noPGW_HPE09.mat,WRFrain_PGW_V3_HPE09.mat,10.66134199,11.04655197,0.385209984,1.036131472,mm_per_hr
9,intensity,240,Raanana Basin,0,WRFrain_noPGW_HPE09.mat,WRFrain_PGW_V3_HPE09.mat,4.261630397,5.418548985,1.156918588,1.271473234,mm_per_hr
9,intensity,240,Raanana Basin 1 pixel,0,WRFrain_noPGW_HPE09.mat,WRFrain_PGW_V3_HPE09.mat,5.480744839,7.508322716,2.027577877,1.36994568,mm_per_hr
9,intensity,240,Raanana Basin 2 pixel,0,WRFrain_noPGW_HPE09.mat,WRFrain_PGW_V3_HPE09.mat,5.252658248,7.349706531,2.097048283,1.399235622,mm_per_hr
9,intensity,240,Raanana Basin 3 pixel,0,WRFrain_noPGW_HPE09.mat,WRFrain_PGW_V3_HPE09.mat,5.342267036,7.164773252,1.822506216,1.341148468,mm_per_hr
9,intensity,360,Raanana Basin,0,WRFrain_noPGW_HPE09.mat,WRFrain_PGW_V3_HPE09.mat,4.396678831,4.278273159,-0.118405672,0.973069292,mm_per_hr
9,intensity,360,Raanana Basin 1 pixel,0,WRFrain_noPGW_HPE09.mat,WRFrain_PGW_V3_HPE09.mat,5.223918597,5.562786579,0.338867982,1.064868542,mm_per_hr
9,intensity,360,Raanana Basin 2 pixel,0,WRFrain_noPGW_HPE09.mat,WRFrain_PGW_V3_HPE09.mat,5.179570595,5.448536992,0.268966397,1.051928319,mm_per_hr
9,intensity,360,Raanana Basin 3 pixel,0,WRFrain_noPGW_HPE09.mat,WRFrain_PGW_V3_HPE09.mat,5.050052678,5.338422881,0.288370203,1.057102415,mm_per_hr
9,intensity,720,Raanana Basin,0,WRFrain_noPGW_HPE09.mat,WRFrain_PGW_V3_HPE09.mat,2.712454221,3.756087466,1.043633245,1.384756077,mm_per_hr
9,intensity,720,Raanana Basin 1 pixel,0,WRFrain_noPGW_HPE09.mat,WRFrain_PGW_V3_HPE09.mat,3.051763614,5.035583019,1.983819405,1.650056707,mm_per_hr
9,intensity,720,Raanana Basin 2 pixel,0,WRFrain_noPGW_HPE09.mat,WRFrain_PGW_V3_HPE09.mat,3.085542043,4.932067613,1.84652557,1.598444469,mm_per_hr
9,intensity,720,Raanana Basin 3 pixel,0,WRFrain_noPGW_HPE09.mat,WRFrain_PGW_V3_HPE09.mat,3.209288456,4.955725158,1.746436702,1.544181904,mm_per_hr
9,intensity,1440,Raanana Basin,0,WRFrain_noPGW_HPE09.mat,WRFrain_PGW_V3_HPE09.mat,2.167894546,2.38194373,0.214049184,1.098735976,mm_per_hr
9,intensity,1440,Raanana Basin 1 pixel,0,WRFrain_noPGW_HPE09.mat,WRFrain_PGW_V3_HPE09.mat,2.576781829,2.95328022,0.376498391,1.146111862,mm_per_hr
9,intensity,1440,Raanana Basin 2 pixel,0,WRFrain_noPGW_HPE09.mat,WRFrain_PGW_V3_HPE09.mat,2.538279514,2.947738426,0.409458913,1.161313563,mm_per_hr
9,intensity,1440,Raanana Basin 3 pixel,0,WRFrain_noPGW_HPE09.mat,WRFrain_PGW_V3_HPE09.mat,2.490119766,2.971823944,0.481704178,1.193446188,mm_per_hr
10,total,0,Raanana Basin,0,WRFrain_noPGW_HPE10.mat,WRFrain_PGW_V3_HPE10.mat,93.65993105,128.3057032,34.64577219,1.369910289,mm
10,total,0,Raanana Basin 1 pixel,0,WRFrain_noPGW_HPE10.mat,WRFrain_PGW_V3_HPE10.mat,105.764267,134.9964295,29.23216247,1.27638978,mm
10,total,0,Raanana Basin 2 pixel,0,WRFrain_noPGW_HPE10.mat,WRFrain_PGW_V3_HPE10.mat,112.1871586,136.5798683,24.39270971,1.217428715,mm
10,total,0,Raanana Basin 3 pixel,0,WRFrain_noPGW_HPE10.mat,WRFrain_PGW_V3_HPE10.mat,118.7024697,139.0002306,20.29776086,1.170996955,mm
10,intensity,10,Raanana Basin,0,WRFrain_noPGW_HPE10.mat,WRFrain_PGW_V3_HPE10.mat,18.50098906,39.72558741,21.22459835,2.147214254,mm_per_hr
10,intensity,10,Raanana Basin 1 pixel,0,WRFrain_noPGW_HPE10.mat,WRFrain_PGW_V3_HPE10.mat,34.71789837,71.93749237,37.219594,2.072057807,mm_per_hr
10,intensity,10,Raanana Basin 2 pixel,0,WRFrain_noPGW_HPE10.mat,WRFrain_PGW_V3_HPE10.mat,34.82273841,60.26541138,25.44267297,1.730633894,mm_per_hr
10,intensity,10,Raanana Basin 3 pixel,0,WRFrain_noPGW_HPE10.mat,WRFrain_PGW_V3_HPE10.mat,32.53759638,62.86719767,30.32960129,1.93214019,mm_per_hr
10,intensity,20,Raanana Basin,0,WRFrain_noPGW_HPE10.mat,WRFrain_PGW_V3_HPE10.mat,12.81587714,22.57011011,9.754232964,1.761105374,mm_per_hr
10,intensity,20,Raanana Basin 1 pixel,0,WRFrain_noPGW_HPE10.mat,WRFrain_PGW_V3_HPE10.mat,21.41434336,50.32535934,28.91101599,2.350077166,mm_per_hr
10,intensity,20,Raanana Basin 2 pixel,0,WRFrain_noPGW_HPE10.mat,WRFrain_PGW_V3_HPE10.mat,25.27762699,44.44573116,19.16810417,1.75830315,mm_per_hr
10,intensity,20,Raanana Basin 3 pixel,0,WRFrain_noPGW_HPE10.mat,WRFrain_PGW_V3_HPE10.mat,26.54717,40.98301951,14.43584951,1.543781108,mm_per_hr
10,intensity,30,Raanana Basin,0,WRFrain_noPGW_HPE10.mat,WRFrain_PGW_V3_HPE10.mat,13.12128611,17.38981186,4.268525757,1.325313062,mm_per_hr
10,intensity,30,Raanana Basin 1 pixel,0,WRFrain_noPGW_HPE10.mat,WRFrain_PGW_V3_HPE10.mat,18.85203552,35.07543182,16.2233963,1.8605647,mm_per_hr
10,intensity,30,Raanana Basin 2 pixel,0,WRFrain_noPGW_HPE10.mat,WRFrain_PGW_V3_HPE10.mat,21.18891525,32.2135334,11.02461815,1.520301205,mm_per_hr
10,intensity,30,Raanana Basin 3 pixel,0,WRFrain_noPGW_HPE10.mat,WRFrain_PGW_V3_HPE10.mat,23.24036323,30.13072459,6.890361362,1.296482516,mm_per_hr
10,intensity,60,Raanana Basin,0,WRFrain_noPGW_HPE10.mat,WRFrain_PGW_V3_HPE10.mat,9.508472032,10.60307662,1.094604592,1.115118874,mm_per_hr
10,intensity,60,Raanana Basin 1 pixel,0,WRFrain_noPGW_HPE10.mat,WRFrain_PGW_V3_HPE10.mat,12.08676147,20.78515625,8.698394775,1.71966298,mm_per_hr
10,intensity,60,Raanana Basin 2 pixel,0,WRFrain_noPGW_HPE10.mat,WRFrain_PGW_V3_HPE10.mat,13.61120415,21.36484909,7.753644943,1.569651653,mm_per_hr
10,intensity,60,Raanana Basin 3 pixel,0,WRFrain_noPGW_HPE10.mat,WRFrain_PGW_V3_HPE10.mat,14.91558753,19.57525041,4.659662882,1.312402235,mm_per_hr
10,intensity,120,Raanana Basin,0,WRFrain_noPGW_HPE10.mat,WRFrain_PGW_V3_HPE10.mat,6.478546221,7.309691611,0.83114539,1.12829196,mm_per_hr
10,intensity,120,Raanana Basin 1 pixel,0,WRFrain_noPGW_HPE10.mat,WRFrain_PGW_V3_HPE10.mat,8.035186768,11.31995773,3.284770966,1.408798334,mm_per_hr
10,intensity,120,Raanana Basin 2 pixel,0,WRFrain_noPGW_HPE10.mat,WRFrain_PGW_V3_HPE10.mat,9.080929756,11.3348031,2.253873348,1.248198522,mm_per_hr
10,intensity,120,Raanana Basin 3 pixel,0,WRFrain_noPGW_HPE10.mat,WRFrain_PGW_V3_HPE10.mat,10.20941247,11.034434,0.825021532,1.080809893,mm_per_hr
10,intensity,240,Raanana Basin,0,WRFrain_noPGW_HPE10.mat,WRFrain_PGW_V3_HPE10.mat,4.404118177,5.503363654,1.099245477,1.249594909,mm_per_hr
10,intensity,240,Raanana Basin 1 pixel,0,WRFrain_noPGW_HPE10.mat,WRFrain_PGW_V3_HPE10.mat,5.693367004,7.97324276,2.279875755,1.400444193,mm_per_hr
10,intensity,240,Raanana Basin 2 pixel,0,WRFrain_noPGW_HPE10.mat,WRFrain_PGW_V3_HPE10.mat,6.477294445,7.758080244,1.280785799,1.197734688,mm_per_hr
10,intensity,240,Raanana Basin 3 pixel,0,WRFrain_noPGW_HPE10.mat,WRFrain_PGW_V3_HPE10.mat,7.376553218,7.818631914,0.442078696,1.059930252,mm_per_hr
10,intensity,360,Raanana Basin,0,WRFrain_noPGW_HPE10.mat,WRFrain_PGW_V3_HPE10.mat,3.830304707,5.069468801,1.239164093,1.3235158,mm_per_hr
10,intensity,360,Raanana Basin 1 pixel,0,WRFrain_noPGW_HPE10.mat,WRFrain_PGW_V3_HPE10.mat,4.868178686,6.498645782,1.630467097,1.334923429,mm_per_hr
10,intensity,360,Raanana Basin 2 pixel,0,WRFrain_noPGW_HPE10.mat,WRFrain_PGW_V3_HPE10.mat,5.705780506,6.602077802,0.896297296,1.157085835,mm_per_hr
10,intensity,360,Raanana Basin 3 pixel,0,WRFrain_noPGW_HPE10.mat,WRFrain_PGW_V3_HPE10.mat,6.412187223,6.598825525,0.186638302,1.029106808,mm_per_hr
10,intensity,720,Raanana Basin,0,WRFrain_noPGW_HPE10.mat,WRFrain_PGW_V3_HPE10.mat,3.260366644,4.612606906,1.352240262,1.41475098,mm_per_hr
10,intensity,720,Raanana Basin 1 pixel,0,WRFrain_noPGW_HPE10.mat,WRFrain_PGW_V3_HPE10.mat,3.951539675,5.35202837,1.400488695,1.354415952,mm_per_hr
10,intensity,720,Raanana Basin 2 pixel,0,WRFrain_noPGW_HPE10.mat,WRFrain_PGW_V3_HPE10.mat,4.451426665,5.283327023,0.831900358,1.186883986,mm_per_hr
10,intensity,720,Raanana Basin 3 pixel,0,WRFrain_noPGW_HPE10.mat,WRFrain_PGW_V3_HPE10.mat,4.707174584,5.283516389,0.576341806,1.122439012,mm_per_hr
10,intensity,1440,Raanana Basin,0,WRFrain_noPGW_HPE10.mat,WRFrain_PGW_V3_HPE10.mat,2.729381854,3.993984167,1.264602314,1.463329201,mm_per_hr
10,intensity,1440,Raanana Basin 1 pixel,0,WRFrain_noPGW_HPE10.mat,WRFrain_PGW_V3_HPE10.mat,3.080064694,4.303752502,1.223687808,1.397292891,mm_per_hr
10,intensity,1440,Raanana Basin 2 pixel,0,WRFrain_noPGW_HPE10.mat,WRFrain_PGW_V3_HPE10.mat,3.387869358,4.339202861,0.951333503,1.280805841,mm_per_hr
10,intensity,1440,Raanana Basin 3 pixel,0,WRFrain_noPGW_HPE10.mat,WRFrain_PGW_V3_HPE10.mat,3.618487124,4.392605623,0.774118499,1.213934297,mm_per_hr
11,total,0,Raanana Basin,0,WRFrain_noPGW_HPE11.mat,WRFrain_PGW_V3_HPE11.mat,34.55547766,7.449531996,-27.10594566,0.215581798,mm
11,total,0,Raanana Basin 1 pixel,0,WRFrain_noPGW_HPE11.mat,WRFrain_PGW_V3_HPE11.mat,41.08512497,10.92390823,-30.16121674,0.265884751,mm
11,total,0,Raanana Basin 2 pixel,0,WRFrain_noPGW_HPE11.mat,WRFrain_PGW_V3_HPE11.mat,40.16042614,10.87466291,-29.28576323,0.270780566,mm
11,total,0,Raanana Basin 3 pixel,0,WRFrain_noPGW_HPE11.mat,WRFrain_PGW_V3_HPE11.mat,40.96603014,11.26217366,-29.70385648,0.274914939,mm
11,intensity,10,Raanana Basin,0,WRFrain_noPGW_HPE11.mat,WRFrain_PGW_V3_HPE11.mat,15.354396,8.075786025,-7.278609973,0.525959212,mm_per_hr
11,intensity,10,Raanana Basin 1 pixel,0,WRFrain_noPGW_HPE11.mat,WRFrain_PGW_V3_HPE11.mat,47.10606766,27.63648605,-19.4695816,0.586686332,mm_per_hr
11,intensity,10,Raanana Basin 2 pixel,0,WRFrain_noPGW_HPE11.mat,WRFrain_PGW_V3_HPE11.mat,43.20600986,32.80382109,-10.40218878,0.759242087,mm_per_hr
11,intensity,10,Raanana Basin 3 pixel,0,WRFrain_noPGW_HPE11.mat,WRFrain_PGW_V3_HPE11.mat,37.01242701,27.60267337,-9.40975364,0.745767722,mm_per_hr
11,intensity,20,Raanana Basin,0,WRFrain_noPGW_HPE11.mat,WRFrain_PGW_V3_HPE11.mat,12.49233805,7.063835475,-5.428502572,0.565453436,mm_per_hr
11,intensity,20,Raanana Basin 1 pixel,0,WRFrain_noPGW_HPE11.mat,WRFrain_PGW_V3_HPE11.mat,35.72753334,18.54787302,-17.17966032,0.519147875,mm_per_hr
11,intensity,20,Raanana Basin 2 pixel,0,WRFrain_noPGW_HPE11.mat,WRFrain_PGW_V3_HPE11.mat,33.73291111,21.61000478,-12.12290633,0.640620808,mm_per_hr
11,intensity,20,Raanana Basin 3 pixel,0,WRFrain_noPGW_HPE11.mat,WRFrain_PGW_V3_HPE11.mat,33.29216512,21.36126252,-11.9309026,0.641630319,mm_per_hr
11,intensity,30,Raanana Basin,0,WRFrain_noPGW_HPE11.mat,WRFrain_PGW_V3_HPE11.mat,11.37893763,6.209549073,-5.169388557,0.54570552,mm_per_hr
11,intensity,30,Raanana Basin 1 pixel,0,WRFrain_noPGW_HPE11.mat,WRFrain_PGW_V3_HPE11.mat,29.31151962,14.7807188,-14.53080082,0.504263136,mm_per_hr
11,intensity,30,Raanana Basin 2 pixel,0,WRFrain_noPGW_HPE11.mat,WRFrain_PGW_V3_HPE11.mat,27.67972755,17.69326621,-9.986461341,0.639213886,mm_per_hr
11,intensity,30,Raanana Basin 3 pixel,0,WRFrain_noPGW_HPE11.mat,WRFrain_PGW_V3_HPE11.mat,27.04970211,17.76449736,-9.285204755,0.656735416,mm_per_hr
11,intensity,60,Raanana Basin,0,WRFrain_noPGW_HPE11.mat,WRFrain_PGW_V3_HPE11.mat,8.893656607,3.586422427,-5.307234179,0.403256229,mm_per_hr
11,intensity,60,Raanana Basin 1 pixel,0,WRFrain_noPGW_HPE11.mat,WRFrain_PGW_V3_HPE11.mat,17.68131065,7.524583817,-10.15672684,0.425567084,mm_per_hr
11,intensity,60,Raanana Basin 2 pixel,0,WRFrain_noPGW_HPE11.mat,WRFrain_PGW_V3_HPE11.mat,17.18484926,9.071930911,-8.112918351,0.527902851,mm_per_hr
11,intensity,60,Raanana Basin 3 pixel,0,WRFrain_noPGW_HPE11.mat,WRFrain_PGW_V3_HPE11.mat,15.74846204,9.291011635,-6.457450406,0.589963109,mm_per_hr
11,intensity,120,Raanana Basin,0,WRFrain_noPGW_HPE11.mat,WRFrain_PGW_V3_HPE11.mat,6.373311067,2.320304863,-4.053006204,0.364065842,mm_per_hr
11,intensity,120,Raanana Basin 1 pixel,0,WRFrain_noPGW_HPE11.mat,WRFrain_PGW_V3_HPE11.mat,10.65718079,4.130504847,-6.52667594,0.387579504,mm_per_hr
11,intensity,120,Raanana Basin 2 pixel,0,WRFrain_noPGW_HPE11.mat,WRFrain_PGW_V3_HPE11.mat,10.27664733,4.595928445,-5.680718884,0.447220606,mm_per_hr
11,intensity,120,Raanana Basin 3 pixel,0,WRFrain_noPGW_HPE11.mat,WRFrain_PGW_V3_HPE11.mat,9.321001265,4.675588388,-4.645412877,0.501618684,mm_per_hr
11,intensity,240,Raanana Basin,0,WRFrain_noPGW_HPE11.mat,WRFrain_PGW_V3_HPE11.mat,3.8319286,1.454786444,-2.377142156,0.37964863,mm_per_hr
11,intensity,240,Raanana Basin 1 pixel,0,WRFrain_noPGW_HPE11.mat,WRFrain_PGW_V3_HPE11.mat,5.516425133,2.311419681,-3.205005452,0.419006807,mm_per_hr
11,intensity,240,Raanana Basin 2 pixel,0,WRFrain_noPGW_HPE11.mat,WRFrain_PGW_V3_HPE11.mat,5.433003783,2.4240484,-3.008955383,0.446170939,mm_per_hr
11,intensity,240,Raanana Basin 3 pixel,0,WRFrain_noPGW_HPE11.mat,WRFrain_PGW_V3_HPE11.mat,5.355231153,2.49967625,-2.855554903,0.466772802,mm_per_hr
11,intensity,360,Raanana Basin,0,WRFrain_noPGW_HPE11.mat,WRFrain_PGW_V3_HPE11.mat,3.358315037,0.973833076,-2.384481961,0.289976689,mm_per_hr
11,intensity,360,Raanana Basin 1 pixel,0,WRFrain_noPGW_HPE11.mat,WRFrain_PGW_V3_HPE11.mat,4.244459152,1.543073694,-2.701385458,0.363550134,mm_per_hr
11,intensity,360,Raanana Basin 2 pixel,0,WRFrain_noPGW_HPE11.mat,WRFrain_PGW_V3_HPE11.mat,4.195868889,1.617913032,-2.577955858,0.385596661,mm_per_hr
11,intensity,360,Raanana Basin 3 pixel,0,WRFrain_noPGW_HPE11.mat,WRFrain_PGW_V3_HPE11.mat,3.947402901,1.668095445,-2.279307456,0.422580488,mm_per_hr
11,intensity,720,Raanana Basin,0,WRFrain_noPGW_HPE11.mat,WRFrain_PGW_V3_HPE11.mat,1.779540255,0.490309307,-1.289230947,0.275525831,mm_per_hr
11,intensity,720,Raanana Basin 1 pixel,0,WRFrain_noPGW_HPE11.mat,WRFrain_PGW_V3_HPE11.mat,2.14665103,0.773171177,-1.373479853,0.360175532,mm_per_hr
11,intensity,720,Raanana Basin 2 pixel,0,WRFrain_noPGW_HPE11.mat,WRFrain_PGW_V3_HPE11.mat,2.189681927,0.811084628,-1.378597299,0.370412076,mm_per_hr
11,intensity,720,Raanana Basin 3 pixel,0,WRFrain_noPGW_HPE11.mat,WRFrain_PGW_V3_HPE11.mat,2.229132184,0.836643782,-1.392488403,0.375322642,mm_per_hr
11,intensity,1440,Raanana Basin,0,WRFrain_noPGW_HPE11.mat,WRFrain_PGW_V3_HPE11.mat,0.926118097,0.278659239,-0.647458857,0.300889531,mm_per_hr
11,intensity,1440,Raanana Basin 1 pixel,0,WRFrain_noPGW_HPE11.mat,WRFrain_PGW_V3_HPE11.mat,1.151007016,0.434915498,-0.716091519,0.377856513,mm_per_hr
11,intensity,1440,Raanana Basin 2 pixel,0,WRFrain_noPGW_HPE11.mat,WRFrain_PGW_V3_HPE11.mat,1.12559397,0.412078122,-0.713515848,0.366098374,mm_per_hr
11,intensity,1440,Raanana Basin 3 pixel,0,WRFrain_noPGW_HPE11.mat,WRFrain_PGW_V3_HPE11.mat,1.141324555,0.430133761,-0.711190794,0.376872432,mm_per_hr
12,total,0,Raanana Basin,0,WRFrain_noPGW_HPE12.mat,WRFrain_PGW_V3_HPE12.mat,72.7440743,79.08859123,6.344516933,1.087216959,mm
12,total,0,Raanana Basin 1 pixel,0,WRFrain_noPGW_HPE12.mat,WRFrain_PGW_V3_HPE12.mat,83.00609019,93.82123566,10.81514547,1.130293397,mm
12,total,0,Raanana Basin 2 pixel,0,WRFrain_noPGW_HPE12.mat,WRFrain_PGW_V3_HPE12.mat,88.96995041,93.81993866,4.849988252,1.054512655,mm
12,total,0,Raanana Basin 3 pixel,0,WRFrain_noPGW_HPE12.mat,WRFrain_PGW_V3_HPE12.mat,90.40790667,93.63757324,3.229666574,1.035723276,mm
12,intensity,10,Raanana Basin,0,WRFrain_noPGW_HPE12.mat,WRFrain_PGW_V3_HPE12.mat,15.15901576,20.58628357,5.427267813,1.35802244,mm_per_hr
12,intensity,10,Raanana Basin 1 pixel,0,WRFrain_noPGW_HPE12.mat,WRFrain_PGW_V3_HPE12.mat,32.50496292,61.71590424,29.21094131,1.898660964,mm_per_hr
12,intensity,10,Raanana Basin 2 pixel,0,WRFrain_noPGW_HPE12.mat,WRFrain_PGW_V3_HPE12.mat,29.29611969,56.86851597,27.57239628,1.941162057,mm_per_hr
12,intensity,10,Raanana Basin 3 pixel,0,WRFrain_noPGW_HPE12.mat,WRFrain_PGW_V3_HPE12.mat,28.65261841,51.34846369,22.69584529,1.792103708,mm_per_hr
12,intensity,20,Raanana Basin,0,WRFrain_noPGW_HPE12.mat,WRFrain_PGW_V3_HPE12.mat,13.26232631,16.50812196,3.245795644,1.244738032,mm_per_hr
12,intensity,20,Raanana Basin 1 pixel,0,WRFrain_noPGW_HPE12.mat,WRFrain_PGW_V3_HPE12.mat,20.88746452,38.70012474,17.81266022,1.852791884,mm_per_hr
12,intensity,20,Raanana Basin 2 pixel,0,WRFrain_noPGW_HPE12.mat,WRFrain_PGW_V3_HPE12.mat,22.44766617,37.25098515,14.80331898,1.659459156,mm_per_hr
12,intensity,20,Raanana Basin 3 pixel,0,WRFrain_noPGW_HPE12.mat,WRFrain_PGW_V3_HPE12.mat,22.72563553,33.7727801,11.04714457,1.486109379,mm_per_hr
12,intensity,30,Raanana Basin,0,WRFrain_noPGW_HPE12.mat,WRFrain_PGW_V3_HPE12.mat,11.84000406,11.86651322,0.026509166,1.002238949,mm_per_hr
12,intensity,30,Raanana Basin 1 pixel,0,WRFrain_noPGW_HPE12.mat,WRFrain_PGW_V3_HPE12.mat,15.78050613,26.36010361,10.57959747,1.670421936,mm_per_hr
12,intensity,30,Raanana Basin 2 pixel,0,WRFrain_noPGW_HPE12.mat,WRFrain_PGW_V3_HPE12.mat,16.01680756,25.90272331,9.885915756,1.617221361,mm_per_hr
12,intensity,30,Raanana Basin 3 pixel,0,WRFrain_noPGW_HPE12.mat,WRFrain_PGW_V3_HPE12.mat,16.05695343,24.3037192,8.246765773,1.513594675,mm_per_hr
12,intensity,60,Raanana Basin,0,WRFrain_noPGW_HPE12.mat,WRFrain_PGW_V3_HPE12.mat,7.745655921,6.965245692,-0.780410228,0.89924543,mm_per_hr
12,intensity,60,Raanana Basin 1 pixel,0,WRFrain_noPGW_HPE12.mat,WRFrain_PGW_V3_HPE12.mat,9.61479187,14.62163353,5.00684166,1.520743634,mm_per_hr
12,intensity,60,Raanana Basin 2 pixel,0,WRFrain_noPGW_HPE12.mat,WRFrain_PGW_V3_HPE12.mat,10.03904057,14.53313684,4.494096279,1.44766193,mm_per_hr
12,intensity,60,Raanana Basin 3 pixel,0,WRFrain_noPGW_HPE12.mat,WRFrain_PGW_V3_HPE12.mat,10.34626049,13.85593033,3.509669834,1.339221097,mm_per_hr
12,intensity,120,Raanana Basin,0,WRFrain_noPGW_HPE12.mat,WRFrain_PGW_V3_HPE12.mat,6.4094983,5.937521625,-0.471976675,0.92636293,mm_per_hr
12,intensity,120,Raanana Basin 1 pixel,0,WRFrain_noPGW_HPE12.mat,WRFrain_PGW_V3_HPE12.mat,8.358436584,10.2325182,1.874081612,1.224214372,mm_per_hr
12,intensity,120,Raanana Basin 2 pixel,0,WRFrain_noPGW_HPE12.mat,WRFrain_PGW_V3_HPE12.mat,8.570635796,10.22910917,1.658473372,1.193506458,mm_per_hr
12,intensity,120,Raanana Basin 3 pixel,0,WRFrain_noPGW_HPE12.mat,WRFrain_PGW_V3_HPE12.mat,8.713021172,9.921147505,1.208126333,1.138657569,mm_per_hr
12,intensity,240,Raanana Basin,0,WRFrain_noPGW_HPE12.mat,WRFrain_PGW_V3_HPE12.mat,4.756493828,4.200930485,-0.555563343,0.883198977,mm_per_hr
12,intensity,240,Raanana Basin 1 pixel,0,WRFrain_noPGW_HPE12.mat,WRFrain_PGW_V3_HPE12.mat,5.410460472,6.302021503,0.891561031,1.164784686,mm_per_hr
12,intensity,240,Raanana Basin 2 pixel,0,WRFrain_noPGW_HPE12.mat,WRFrain_PGW_V3_HPE12.mat,5.531639099,6.246416986,0.714777887,1.129216291,mm_per_hr
12,intensity,240,Raanana Basin 3 pixel,0,WRFrain_noPGW_HPE12.mat,WRFrain_PGW_V3_HPE12.mat,5.641275618,6.137419409,0.496143791,1.087948866,mm_per_hr
12,intensity,360,Raanana Basin,0,WRFrain_noPGW_HPE12.mat,WRFrain_PGW_V3_HPE12.mat,3.365056995,3.144028978,-0.221028017,0.934316709,mm_per_hr
12,intensity,360,Raanana Basin 1 pixel,0,WRFrain_noPGW_HPE12.mat,WRFrain_PGW_V3_HPE12.mat,3.823095322,4.682713191,0.859617869,1.224848662,mm_per_hr
12,intensity,360,Raanana Basin 2 pixel,0,WRFrain_noPGW_HPE12.mat,WRFrain_PGW_V3_HPE12.mat,3.880130927,4.700278123,0.820147196,1.211371011,mm_per_hr
12,intensity,360,Raanana Basin 3 pixel,0,WRFrain_noPGW_HPE12.mat,WRFrain_PGW_V3_HPE12.mat,3.99570239,4.654466452,0.658764062,1.16486815,mm_per_hr
12,intensity,720,Raanana Basin,0,WRFrain_noPGW_HPE12.mat,WRFrain_PGW_V3_HPE12.mat,2.18230512,2.800154348,0.617849228,1.28311771,mm_per_hr
12,intensity,720,Raanana Basin 1 pixel,0,WRFrain_noPGW_HPE12.mat,WRFrain_PGW_V3_HPE12.mat,2.378801982,3.688369195,1.309567213,1.550515437,mm_per_hr
12,intensity,720,Raanana Basin 2 pixel,0,WRFrain_noPGW_HPE12.mat,WRFrain_PGW_V3_HPE12.mat,2.637932777,3.740661204,1.102728426,1.418027493,mm_per_hr
12,intensity,720,Raanana Basin 3 pixel,0,WRFrain_noPGW_HPE12.mat,WRFrain_PGW_V3_HPE12.mat,2.749478146,3.768608667,1.019130521,1.370663256,mm_per_hr
12,intensity,1440,Raanana Basin,0,WRFrain_noPGW_HPE12.mat,WRFrain_PGW_V3_HPE12.mat,1.749592471,2.32779027,0.578197799,1.330475702,mm_per_hr
12,intensity,1440,Raanana Basin 1 pixel,0,WRFrain_noPGW_HPE12.mat,WRFrain_PGW_V3_HPE12.mat,2.072914839,2.977583806,0.904668967,1.436423605,mm_per_hr
12,intensity,1440,Raanana Basin 2 pixel,0,WRFrain_noPGW_HPE12.mat,WRFrain_PGW_V3_HPE12.mat,2.218882064,2.952843388,0.733961324,1.330779781,mm_per_hr
12,intensity,1440,Raanana Basin 3 pixel,0,WRFrain_noPGW_HPE12.mat,WRFrain_PGW_V3_HPE12.mat,2.231504767,2.910615422,0.679110655,1.30432857,mm_per_hr
13,total,0,Raanana Basin,0,WRFrain_noPGW_HPE13.mat,WRFrain_PGW_V3_HPE13.mat,0.625736744,7.080230042,6.454493298,11.31503002,mm
13,total,0,Raanana Basin 1 pixel,0,WRFrain_noPGW_HPE13.mat,WRFrain_PGW_V3_HPE13.mat,2.748181848,8.893775035,6.145593187,3.23623964,mm
13,total,0,Raanana Basin 2 pixel,0,WRFrain_noPGW_HPE13.mat,WRFrain_PGW_V3_HPE13.mat,3.285491125,8.528559921,5.243068796,2.595824976,mm
13,total,0,Raanana Basin 3 pixel,0,WRFrain_noPGW_HPE13.mat,WRFrain_PGW_V3_HPE13.mat,3.475558607,8.264835913,4.789277305,2.377987785,mm
13,intensity,10,Raanana Basin,0,WRFrain_noPGW_HPE13.mat,WRFrain_PGW_V3_HPE13.mat,0.950288119,23.0831702,22.13288208,24.29070694,mm_per_hr
13,intensity,10,Raanana Basin 1 pixel,0,WRFrain_noPGW_HPE13.mat,WRFrain_PGW_V3_HPE13.mat,10.38836575,49.32903099,38.94066525,4.748488087,mm_per_hr
13,intensity,10,Raanana Basin 2 pixel,0,WRFrain_noPGW_HPE13.mat,WRFrain_PGW_V3_HPE13.mat,9.905178308,46.02790689,36.12272859,4.646852935,mm_per_hr
13,intensity,10,Raanana Basin 3 pixel,0,WRFrain_noPGW_HPE13.mat,WRFrain_PGW_V3_HPE13.mat,12.86701105,39.52360853,26.65659748,3.07170083,mm_per_hr
13,intensity,20,Raanana Basin,0,WRFrain_noPGW_HPE13.mat,WRFrain_PGW_V3_HPE13.mat,0.705722342,20.4679144,19.76219205,29.00278646,mm_per_hr
13,intensity,20,Raanana Basin 1 pixel,0,WRFrain_noPGW_HPE13.mat,WRFrain_PGW_V3_HPE13.mat,6.622457385,26.25396967,19.63151228,3.964384841,mm_per_hr
13,intensity,20,Raanana Basin 2 pixel,0,WRFrain_noPGW_HPE13.mat,WRFrain_PGW_V3_HPE13.mat,8.28938967,24.9157387,16.62634903,3.005738624,mm_per_hr
13,intensity,20,Raanana Basin 3 pixel,0,WRFrain_noPGW_HPE13.mat,WRFrain_PGW_V3_HPE13.mat,8.885767718,23.59819378,14.71242606,2.655729311,mm_per_hr
13,intensity,30,Raanana Basin,0,WRFrain_noPGW_HPE13.mat,WRFrain_PGW_V3_HPE13.mat,0.544268087,13.8118335,13.26756541,25.37689392,mm_per_hr
13,intensity,30,Raanana Basin 1 pixel,0,WRFrain_noPGW_HPE13.mat,WRFrain_PGW_V3_HPE13.mat,4.493677855,17.52722836,13.0335505,3.900419417,mm_per_hr
13,intensity,30,Raanana Basin 2 pixel,0,WRFrain_noPGW_HPE13.mat,WRFrain_PGW_V3_HPE13.mat,5.613729179,16.63144135,11.01771217,2.962636924,mm_per_hr
13,intensity,30,Raanana Basin 3 pixel,0,WRFrain_noPGW_HPE13.mat,WRFrain_PGW_V3_HPE13.mat,6.024279581,16.05716916,10.03288957,2.665409024,mm_per_hr
13,intensity,60,Raanana Basin,0,WRFrain_noPGW_HPE13.mat,WRFrain_PGW_V3_HPE13.mat,0.504732278,6.9692904,6.464558123,13.80789521,mm_per_hr
13,intensity,60,Raanana Basin 1 pixel,0,WRFrain_noPGW_HPE13.mat,WRFrain_PGW_V3_HPE13.mat,2.672633767,8.767406192,6.094772425,3.280436811,mm_per_hr
13,intensity,60,Raanana Basin 2 pixel,0,WRFrain_noPGW_HPE13.mat,WRFrain_PGW_V3_HPE13.mat,3.199465275,8.322713134,5.123247859,2.601282533,mm_per_hr
13,intensity,60,Raanana Basin 3 pixel,0,WRFrain_noPGW_HPE13.mat,WRFrain_PGW_V3_HPE13.mat,3.373279346,8.046595084,4.673315737,2.38539245,mm_per_hr
13,intensity,120,Raanana Basin,0,WRFrain_noPGW_HPE13.mat,WRFrain_PGW_V3_HPE13.mat,0.267957272,3.489050724,3.221093451,13.02092194,mm_per_hr
13,intensity,120,Raanana Basin 1 pixel,0,WRFrain_noPGW_HPE13.mat,WRFrain_PGW_V3_HPE13.mat,1.345750619,4.385254724,3.039504106,3.258593876,mm_per_hr
13,intensity,120,Raanana Basin 2 pixel,0,WRFrain_noPGW_HPE13.mat,WRFrain_PGW_V3_HPE13.mat,1.612602519,4.161957978,2.54935546,2.580895124,mm_per_hr
13,intensity,120,Raanana Basin 3 pixel,0,WRFrain_noPGW_HPE13.mat,WRFrain_PGW_V3_HPE13.mat,1.703555494,4.024428573,2.320873079,2.362370107,mm_per_hr
13,intensity,240,Raanana Basin,0,WRFrain_noPGW_HPE13.mat,WRFrain_PGW_V3_HPE13.mat,0.137425035,1.744525362,1.607100326,12.69437811,mm_per_hr
13,intensity,240,Raanana Basin 1 pixel,0,WRFrain_noPGW_HPE13.mat,WRFrain_PGW_V3_HPE13.mat,0.67897811,2.192627362,1.513649252,3.229304937,mm_per_hr
13,intensity,240,Raanana Basin 2 pixel,0,WRFrain_noPGW_HPE13.mat,WRFrain_PGW_V3_HPE13.mat,0.811073431,2.080978989,1.269905558,2.565709725,mm_per_hr
13,intensity,240,Raanana Basin 3 pixel,0,WRFrain_noPGW_HPE13.mat,WRFrain_PGW_V3_HPE13.mat,0.855381427,2.012214287,1.156832859,2.352417556,mm_per_hr
13,intensity,360,Raanana Basin,0,WRFrain_noPGW_HPE13.mat,WRFrain_PGW_V3_HPE13.mat,0.092257808,1.178978774,1.086720966,12.77917608,mm_per_hr
13,intensity,360,Raanana Basin 1 pixel,0,WRFrain_noPGW_HPE13.mat,WRFrain_PGW_V3_HPE13.mat,0.452694313,1.478759297,1.026064984,3.266573612,mm_per_hr
13,intensity,360,Raanana Basin 2 pixel,0,WRFrain_noPGW_HPE13.mat,WRFrain_PGW_V3_HPE13.mat,0.540730929,1.418297242,0.877566313,2.622926053,mm_per_hr
13,intensity,360,Raanana Basin 3 pixel,0,WRFrain_noPGW_HPE13.mat,WRFrain_PGW_V3_HPE13.mat,0.570273043,1.373383229,0.803110186,2.408290636,mm_per_hr
13,intensity,720,Raanana Basin,0,WRFrain_noPGW_HPE13.mat,WRFrain_PGW_V3_HPE13.mat,0.04616586,0.589489869,0.543324009,12.76895674,mm_per_hr
13,intensity,720,Raanana Basin 1 pixel,0,WRFrain_noPGW_HPE13.mat,WRFrain_PGW_V3_HPE13.mat,0.226347156,0.739379649,0.513032492,3.266573612,mm_per_hr
13,intensity,720,Raanana Basin 2 pixel,0,WRFrain_noPGW_HPE13.mat,WRFrain_PGW_V3_HPE13.mat,0.270400029,0.709148621,0.438748592,2.622590772,mm_per_hr
13,intensity,720,Raanana Basin 3 pixel,0,WRFrain_noPGW_HPE13.mat,WRFrain_PGW_V3_HPE13.mat,0.285394202,0.686691614,0.401297412,2.406116202,mm_per_hr
13,intensity,1440,Raanana Basin,0,WRFrain_noPGW_HPE13.mat,WRFrain_PGW_V3_HPE13.mat,0.023509807,0.295009585,0.271499778,12.54836256,mm_per_hr
13,intensity,1440,Raanana Basin 1 pixel,0,WRFrain_noPGW_HPE13.mat,WRFrain_PGW_V3_HPE13.mat,0.113332577,0.37057396,0.257241382,3.269792044,mm_per_hr
13,intensity,1440,Raanana Basin 2 pixel,0,WRFrain_noPGW_HPE13.mat,WRFrain_PGW_V3_HPE13.mat,0.135302106,0.355356663,0.220054557,2.62639417,mm_per_hr
13,intensity,1440,Raanana Basin 3 pixel,0,WRFrain_noPGW_HPE13.mat,WRFrain_PGW_V3_HPE13.mat,0.142774682,0.344368163,0.201593481,2.4119694,mm_per_hr
14,total,0,Raanana Basin,0,WRFrain_noPGW_HPE14.mat,WRFrain_PGW_V3_HPE14.mat,54.24043542,59.042907,4.802471586,1.088540432,mm
14,total,0,Raanana Basin 1 pixel,0,WRFrain_noPGW_HPE14.mat,WRFrain_PGW_V3_HPE14.mat,69.58265682,68.98151392,-0.601142908,0.991360736,mm
14,total,0,Raanana Basin 2 pixel,0,WRFrain_noPGW_HPE14.mat,WRFrain_PGW_V3_HPE14.mat,68.60241884,66.2659092,-2.336509646,0.965941294,mm
14,total,0,Raanana Basin 3 pixel,0,WRFrain_noPGW_HPE14.mat,WRFrain_PGW_V3_HPE14.mat,67.29110419,63.91451474,-3.376589453,0.949821161,mm
14,intensity,10,Raanana Basin,0,WRFrain_noPGW_HPE14.mat,WRFrain_PGW_V3_HPE14.mat,32.17628057,30.09043108,-2.085849493,0.935174313,mm_per_hr
14,intensity,10,Raanana Basin 1 pixel,0,WRFrain_noPGW_HPE14.mat,WRFrain_PGW_V3_HPE14.mat,72.77320862,61.57868958,-11.19451904,0.846172523,mm_per_hr
14,intensity,10,Raanana Basin 2 pixel,0,WRFrain_noPGW_HPE14.mat,WRFrain_PGW_V3_HPE14.mat,66.948349,59.76029348,-7.188055515,0.892632819,mm_per_hr
14,intensity,10,Raanana Basin 3 pixel,0,WRFrain_noPGW_HPE14.mat,WRFrain_PGW_V3_HPE14.mat,55.15094248,50.1642367,-4.98670578,0.90958077,mm_per_hr
14,intensity,20,Raanana Basin,0,WRFrain_noPGW_HPE14.mat,WRFrain_PGW_V3_HPE14.mat,19.05734014,18.58049807,-0.476842069,0.974978561,mm_per_hr
14,intensity,20,Raanana Basin 1 pixel,0,WRFrain_noPGW_HPE14.mat,WRFrain_PGW_V3_HPE14.mat,41.82912827,38.71302509,-3.116103172,0.92550399,mm_per_hr
14,intensity,20,Raanana Basin 2 pixel,0,WRFrain_noPGW_HPE14.mat,WRFrain_PGW_V3_HPE14.mat,42.07403183,35.70667684,-6.367354989,0.848663066,mm_per_hr
14,intensity,20,Raanana Basin 3 pixel,0,WRFrain_noPGW_HPE14.mat,WRFrain_PGW_V3_HPE14.mat,36.21082179,30.46018728,-5.750634511,0.841190168,mm_per_hr
14,intensity,30,Raanana Basin,0,WRFrain_noPGW_HPE14.mat,WRFrain_PGW_V3_HPE14.mat,13.1100957,12.92459063,-0.185505061,0.985850213,mm_per_hr
14,intensity,30,Raanana Basin 1 pixel,0,WRFrain_noPGW_HPE14.mat,WRFrain_PGW_V3_HPE14.mat,27.95031738,25.82055092,-2.129766464,0.923801707,mm_per_hr
14,intensity,30,Raanana Basin 2 pixel,0,WRFrain_noPGW_HPE14.mat,WRFrain_PGW_V3_HPE14.mat,28.11090279,23.8211329,-4.289769888,0.847398359,mm_per_hr
14,intensity,30,Raanana Basin 3 pixel,0,WRFrain_noPGW_HPE14.mat,WRFrain_PGW_V3_HPE14.mat,24.20183055,23.1604911,-1.04133945,0.956972699,mm_per_hr
14,intensity,60,Raanana Basin,0,WRFrain_noPGW_HPE14.mat,WRFrain_PGW_V3_HPE14.mat,8.296597271,11.78714323,3.490545959,1.420720187,mm_per_hr
14,intensity,60,Raanana Basin 1 pixel,0,WRFrain_noPGW_HPE14.mat,WRFrain_PGW_V3_HPE14.mat,15.3951149,17.2029686,1.807853699,1.117430348,mm_per_hr
14,intensity,60,Raanana Basin 2 pixel,0,WRFrain_noPGW_HPE14.mat,WRFrain_PGW_V3_HPE14.mat,15.36573124,15.70069218,0.334960938,1.021799219,mm_per_hr
14,intensity,60,Raanana Basin 3 pixel,0,WRFrain_noPGW_HPE14.mat,WRFrain_PGW_V3_HPE14.mat,13.29749044,14.69460381,1.397113376,1.105065943,mm_per_hr
14,intensity,120,Raanana Basin,0,WRFrain_noPGW_HPE14.mat,WRFrain_PGW_V3_HPE14.mat,5.381057151,7.376475414,1.995418263,1.370822723,mm_per_hr
14,intensity,120,Raanana Basin 1 pixel,0,WRFrain_noPGW_HPE14.mat,WRFrain_PGW_V3_HPE14.mat,8.179920197,10.42323685,2.24331665,1.274246765,mm_per_hr
14,intensity,120,Raanana Basin 2 pixel,0,WRFrain_noPGW_HPE14.mat,WRFrain_PGW_V3_HPE14.mat,8.161424637,10.2768755,2.115450859,1.259201175,mm_per_hr
14,intensity,120,Raanana Basin 3 pixel,0,WRFrain_noPGW_HPE14.mat,WRFrain_PGW_V3_HPE14.mat,7.125126733,9.372895559,2.247768826,1.315470715,mm_per_hr
14,intensity,240,Raanana Basin,0,WRFrain_noPGW_HPE14.mat,WRFrain_PGW_V3_HPE14.mat,3.419094285,4.037390176,0.618295891,1.180836163,mm_per_hr
14,intensity,240,Raanana Basin 1 pixel,0,WRFrain_noPGW_HPE14.mat,WRFrain_PGW_V3_HPE14.mat,4.438341141,5.669052124,1.230710983,1.277290759,mm_per_hr
14,intensity,240,Raanana Basin 2 pixel,0,WRFrain_noPGW_HPE14.mat,WRFrain_PGW_V3_HPE14.mat,4.412386894,5.599009037,1.186622143,1.268929759,mm_per_hr
14,intensity,240,Raanana Basin 3 pixel,0,WRFrain_noPGW_HPE14.mat,WRFrain_PGW_V3_HPE14.mat,4.276542018,5.177663644,0.901121626,1.210712679,mm_per_hr
14,intensity,360,Raanana Basin,0,WRFrain_noPGW_HPE14.mat,WRFrain_PGW_V3_HPE14.mat,2.312671915,2.758363237,0.445691323,1.192717056,mm_per_hr
14,intensity,360,Raanana Basin 1 pixel,0,WRFrain_noPGW_HPE14.mat,WRFrain_PGW_V3_HPE14.mat,3.224448522,3.966436386,0.741987864,1.230113106,mm_per_hr
14,intensity,360,Raanana Basin 2 pixel,0,WRFrain_noPGW_HPE14.mat,WRFrain_PGW_V3_HPE14.mat,3.202196121,3.82568725,0.623491128,1.194707352,mm_per_hr
14,intensity,360,Raanana Basin 3 pixel,0,WRFrain_noPGW_HPE14.mat,WRFrain_PGW_V3_HPE14.mat,2.93920726,3.566049364,0.626842104,1.213269106,mm_per_hr
14,intensity,720,Raanana Basin,0,WRFrain_noPGW_HPE14.mat,WRFrain_PGW_V3_HPE14.mat,1.591942743,1.841657366,0.249714623,1.15686156,mm_per_hr
14,intensity,720,Raanana Basin 1 pixel,0,WRFrain_noPGW_HPE14.mat,WRFrain_PGW_V3_HPE14.mat,2.125164668,2.264670094,0.139505426,1.065644525,mm_per_hr
14,intensity,720,Raanana Basin 2 pixel,0,WRFrain_noPGW_HPE14.mat,WRFrain_PGW_V3_HPE14.mat,2.060187181,2.301642348,0.241455168,1.117200597,mm_per_hr
14,intensity,720,Raanana Basin 3 pixel,0,WRFrain_noPGW_HPE14.mat,WRFrain_PGW_V3_HPE14.mat,1.926940925,2.348812077,0.421871152,1.218933101,mm_per_hr
14,intensity,1440,Raanana Basin,0,WRFrain_noPGW_HPE14.mat,WRFrain_PGW_V3_HPE14.mat,1.21177633,1.179083667,-0.032692663,0.973020877,mm_per_hr
14,intensity,1440,Raanana Basin 1 pixel,0,WRFrain_noPGW_HPE14.mat,WRFrain_PGW_V3_HPE14.mat,1.567337857,1.48704052,-0.080297338,0.948768329,mm_per_hr
14,intensity,1440,Raanana Basin 2 pixel,0,WRFrain_noPGW_HPE14.mat,WRFrain_PGW_V3_HPE14.mat,1.577141797,1.509334763,-0.067807034,0.957006381,mm_per_hr
14,intensity,1440,Raanana Basin 3 pixel,0,WRFrain_noPGW_HPE14.mat,WRFrain_PGW_V3_HPE14.mat,1.574360606,1.480444334,-0.093916272,0.940346404,mm_per_hr
15,total,0,Raanana Basin,0,WRFrain_noPGW_HPE15.mat,WRFrain_PGW_V3_HPE15.mat,29.76865986,29.60823426,-0.160425602,0.994610923,mm
15,total,0,Raanana Basin 1 pixel,0,WRFrain_noPGW_HPE15.mat,WRFrain_PGW_V3_HPE15.mat,37.20328717,37.78912796,0.585840791,1.015747017,mm
15,total,0,Raanana Basin 2 pixel,0,WRFrain_noPGW_HPE15.mat,WRFrain_PGW_V3_HPE15.mat,38.3519243,37.6820793,-0.669845002,0.982534253,mm
15,total,0,Raanana Basin 3 pixel,0,WRFrain_noPGW_HPE15.mat,WRFrain_PGW_V3_HPE15.mat,39.51219147,36.92890698,-2.583284494,0.934620572,mm
15,intensity,10,Raanana Basin,0,WRFrain_noPGW_HPE15.mat,WRFrain_PGW_V3_HPE15.mat,18.93994259,12.22580618,-6.714136405,0.645503867,mm_per_hr
15,intensity,10,Raanana Basin 1 pixel,0,WRFrain_noPGW_HPE15.mat,WRFrain_PGW_V3_HPE15.mat,29.3454237,35.29773331,5.952309608,1.202836042,mm_per_hr
15,intensity,10,Raanana Basin 2 pixel,0,WRFrain_noPGW_HPE15.mat,WRFrain_PGW_V3_HPE15.mat,29.72392845,33.12288094,3.398952484,1.114350715,mm_per_hr
15,intensity,10,Raanana Basin 3 pixel,0,WRFrain_noPGW_HPE15.mat,WRFrain_PGW_V3_HPE15.mat,31.10631688,28.16862679,-2.937690099,0.905559694,mm_per_hr
15,intensity,20,Raanana Basin,0,WRFrain_noPGW_HPE15.mat,WRFrain_PGW_V3_HPE15.mat,10.15708055,7.597478975,-2.559601575,0.747998299,mm_per_hr
15,intensity,20,Raanana Basin 1 pixel,0,WRFrain_noPGW_HPE15.mat,WRFrain_PGW_V3_HPE15.mat,14.89956093,18.41495705,3.515396118,1.235939578,mm_per_hr
15,intensity,20,Raanana Basin 2 pixel,0,WRFrain_noPGW_HPE15.mat,WRFrain_PGW_V3_HPE15.mat,17.81967831,17.15718842,-0.662489891,0.962822567,mm_per_hr
15,intensity,20,Raanana Basin 3 pixel,0,WRFrain_noPGW_HPE15.mat,WRFrain_PGW_V3_HPE15.mat,20.35886765,14.96583335,-5.393034299,0.735101461,mm_per_hr
15,intensity,30,Raanana Basin,0,WRFrain_noPGW_HPE15.mat,WRFrain_PGW_V3_HPE15.mat,6.796093841,6.61407504,-0.182018801,0.973217144,mm_per_hr
15,intensity,30,Raanana Basin 1 pixel,0,WRFrain_noPGW_HPE15.mat,WRFrain_PGW_V3_HPE15.mat,11.64460754,12.35103035,0.706422806,1.060665231,mm_per_hr
15,intensity,30,Raanana Basin 2 pixel,0,WRFrain_noPGW_HPE15.mat,WRFrain_PGW_V3_HPE15.mat,13.34258938,11.50353241,-1.839056969,0.862166412,mm_per_hr
15,intensity,30,Raanana Basin 3 pixel,0,WRFrain_noPGW_HPE15.mat,WRFrain_PGW_V3_HPE15.mat,14.11084069,10.04637337,-4.064467324,0.711961363,mm_per_hr
15,intensity,60,Raanana Basin,0,WRFrain_noPGW_HPE15.mat,WRFrain_PGW_V3_HPE15.mat,4.320187327,4.826746214,0.506558888,1.117253917,mm_per_hr
15,intensity,60,Raanana Basin 1 pixel,0,WRFrain_noPGW_HPE15.mat,WRFrain_PGW_V3_HPE15.mat,6.369269371,8.418589592,2.049320221,1.321751225,mm_per_hr
15,intensity,60,Raanana Basin 2 pixel,0,WRFrain_noPGW_HPE15.mat,WRFrain_PGW_V3_HPE15.mat,7.046773911,8.233322978,1.186549067,1.168381884,mm_per_hr
15,intensity,60,Raanana Basin 3 pixel,0,WRFrain_noPGW_HPE15.mat,WRFrain_PGW_V3_HPE15.mat,7.728193707,7.062226772,-0.665966935,0.913826314,mm_per_hr
15,intensity,120,Raanana Basin,0,WRFrain_noPGW_HPE15.mat,WRFrain_PGW_V3_HPE15.mat,3.532382716,2.871119833,-0.661262883,0.812799763,mm_per_hr
15,intensity,120,Raanana Basin 1 pixel,0,WRFrain_noPGW_HPE15.mat,WRFrain_PGW_V3_HPE15.mat,4.669380188,4.919003606,0.249623418,1.053459647,mm_per_hr
15,intensity,120,Raanana Basin 2 pixel,0,WRFrain_noPGW_HPE15.mat,WRFrain_PGW_V3_HPE15.mat,4.934234977,4.783605605,-0.150629371,0.969472599,mm_per_hr
15,intensity,120,Raanana Basin 3 pixel,0,WRFrain_noPGW_HPE15.mat,WRFrain_PGW_V3_HPE15.mat,5.46444522,4.394617875,-1.069827345,0.804220319,mm_per_hr
15,intensity,240,Raanana Basin,0,WRFrain_noPGW_HPE15.mat,WRFrain_PGW_V3_HPE15.mat,2.779788458,1.849065438,-0.93072302,0.665182069,mm_per_hr
15,intensity,240,Raanana Basin 1 pixel,0,WRFrain_noPGW_HPE15.mat,WRFrain_PGW_V3_HPE15.mat,3.461181641,3.28816241,-0.17301923,0.950011514,mm_per_hr
15,intensity,240,Raanana Basin 2 pixel,0,WRFrain_noPGW_HPE15.mat,WRFrain_PGW_V3_HPE15.mat,3.507790267,3.132773332,-0.375016935,0.893090263,mm_per_hr
15,intensity,240,Raanana Basin 3 pixel,0,WRFrain_noPGW_HPE15.mat,WRFrain_PGW_V3_HPE15.mat,3.484042115,2.839116318,-0.644925796,0.814891504,mm_per_hr
15,intensity,360,Raanana Basin,0,WRFrain_noPGW_HPE15.mat,WRFrain_PGW_V3_HPE15.mat,1.900571353,1.627689868,-0.272881485,0.856421342,mm_per_hr
15,intensity,360,Raanana Basin 1 pixel,0,WRFrain_noPGW_HPE15.mat,WRFrain_PGW_V3_HPE15.mat,2.324009418,2.565566818,0.241557399,1.10393994,mm_per_hr
15,intensity,360,Raanana Basin 2 pixel,0,WRFrain_noPGW_HPE15.mat,WRFrain_PGW_V3_HPE15.mat,2.358019988,2.367378399,0.009358411,1.003968758,mm_per_hr
15,intensity,360,Raanana Basin 3 pixel,0,WRFrain_noPGW_HPE15.mat,WRFrain_PGW_V3_HPE15.mat,2.35345051,2.248123604,-0.105326906,0.955245753,mm_per_hr
15,intensity,720,Raanana Basin,0,WRFrain_noPGW_HPE15.mat,WRFrain_PGW_V3_HPE15.mat,1.516916614,1.207341635,-0.309574979,0.795918262,mm_per_hr
15,intensity,720,Raanana Basin 1 pixel,0,WRFrain_noPGW_HPE15.mat,WRFrain_PGW_V3_HPE15.mat,1.981380065,1.69282958,-0.288550485,0.854368937,mm_per_hr
15,intensity,720,Raanana Basin 2 pixel,0,WRFrain_noPGW_HPE15.mat,WRFrain_PGW_V3_HPE15.mat,2.005672634,1.639455604,-0.36621703,0.81740937,mm_per_hr
15,intensity,720,Raanana Basin 3 pixel,0,WRFrain_noPGW_HPE15.mat,WRFrain_PGW_V3_HPE15.mat,2.101293062,1.600552817,-0.500740245,0.761698997,mm_per_hr
15,intensity,1440,Raanana Basin,0,WRFrain_noPGW_HPE15.mat,WRFrain_PGW_V3_HPE15.mat,1.052911838,1.019852396,-0.033059442,0.96860189,mm_per_hr
15,intensity,1440,Raanana Basin 1 pixel,0,WRFrain_noPGW_HPE15.mat,WRFrain_PGW_V3_HPE15.mat,1.363766334,1.274719521,-0.089046812,0.934705228,mm_per_hr
15,intensity,1440,Raanana Basin 2 pixel,0,WRFrain_noPGW_HPE15.mat,WRFrain_PGW_V3_HPE15.mat,1.386136192,1.259023542,-0.12711265,0.908297142,mm_per_hr
15,intensity,1440,Raanana Basin 3 pixel,0,WRFrain_noPGW_HPE15.mat,WRFrain_PGW_V3_HPE15.mat,1.41221098,1.247587584,-0.164623396,0.883428611,mm_per_hr
16,total,0,Raanana Basin,0,WRFrain_noPGW_HPE16.mat,WRFrain_PGW_V3_HPE16.mat,58.98343978,49.76570075,-9.217739032,0.843723271,mm
16,total,0,Raanana Basin 1 pixel,0,WRFrain_noPGW_HPE16.mat,WRFrain_PGW_V3_HPE16.mat,71.88301849,64.74758885,-7.13542964,0.900735531,mm
16,total,0,Raanana Basin 2 pixel,0,WRFrain_noPGW_HPE16.mat,WRFrain_PGW_V3_HPE16.mat,71.96789551,61.56306914,-10.40482637,0.855424057,mm
16,total,0,Raanana Basin 3 pixel,0,WRFrain_noPGW_HPE16.mat,WRFrain_PGW_V3_HPE16.mat,71.9592264,58.41385123,-13.54537517,0.811763191,mm
16,intensity,10,Raanana Basin,0,WRFrain_noPGW_HPE16.mat,WRFrain_PGW_V3_HPE16.mat,29.79118646,31.58314145,1.791954993,1.060150508,mm_per_hr
16,intensity,10,Raanana Basin 1 pixel,0,WRFrain_noPGW_HPE16.mat,WRFrain_PGW_V3_HPE16.mat,66.15024948,83.31832123,17.16807175,1.259531474,mm_per_hr
16,intensity,10,Raanana Basin 2 pixel,0,WRFrain_noPGW_HPE16.mat,WRFrain_PGW_V3_HPE16.mat,68.48750782,70.01350307,1.525995255,1.022281366,mm_per_hr
16,intensity,10,Raanana Basin 3 pixel,0,WRFrain_noPGW_HPE16.mat,WRFrain_PGW_V3_HPE16.mat,57.89236196,59.57646052,1.684098562,1.029090168,mm_per_hr
16,intensity,20,Raanana Basin,0,WRFrain_noPGW_HPE16.mat,WRFrain_PGW_V3_HPE16.mat,20.08552181,29.38692137,9.301399554,1.463089764,mm_per_hr
16,intensity,20,Raanana Basin 1 pixel,0,WRFrain_noPGW_HPE16.mat,WRFrain_PGW_V3_HPE16.mat,42.68250275,60.50557709,17.82307434,1.417573319,mm_per_hr
16,intensity,20,Raanana Basin 2 pixel,0,WRFrain_noPGW_HPE16.mat,WRFrain_PGW_V3_HPE16.mat,47.80789518,53.90862036,6.100725174,1.127609156,mm_per_hr
16,intensity,20,Raanana Basin 3 pixel,0,WRFrain_noPGW_HPE16.mat,WRFrain_PGW_V3_HPE16.mat,47.09683164,44.53559144,-2.561240196,0.945617569,mm_per_hr
16,intensity,30,Raanana Basin,0,WRFrain_noPGW_HPE16.mat,WRFrain_PGW_V3_HPE16.mat,15.7673398,22.3612447,6.593904902,1.418200215,mm_per_hr
16,intensity,30,Raanana Basin 1 pixel,0,WRFrain_noPGW_HPE16.mat,WRFrain_PGW_V3_HPE16.mat,28.87432861,47.7592907,18.88496208,1.654039868,mm_per_hr
16,intensity,30,Raanana Basin 2 pixel,0,WRFrain_noPGW_HPE16.mat,WRFrain_PGW_V3_HPE16.mat,32.80528069,40.71150589,7.906225204,1.24100465,mm_per_hr
16,intensity,30,Raanana Basin 3 pixel,0,WRFrain_noPGW_HPE16.mat,WRFrain_PGW_V3_HPE16.mat,32.72556771,36.9670514,4.241483688,1.129607643,mm_per_hr
16,intensity,60,Raanana Basin,0,WRFrain_noPGW_HPE16.mat,WRFrain_PGW_V3_HPE16.mat,11.75529953,12.80689036,1.051590835,1.089456745,mm_per_hr
16,intensity,60,Raanana Basin 1 pixel,0,WRFrain_noPGW_HPE16.mat,WRFrain_PGW_V3_HPE16.mat,15.22391319,24.16019154,8.936278343,1.586989576,mm_per_hr
16,intensity,60,Raanana Basin 2 pixel,0,WRFrain_noPGW_HPE16.mat,WRFrain_PGW_V3_HPE16.mat,16.68162966,20.77631879,4.094689131,1.245460978,mm_per_hr
16,intensity,60,Raanana Basin 3 pixel,0,WRFrain_noPGW_HPE16.mat,WRFrain_PGW_V3_HPE16.mat,16.7048094,18.91809919,2.213289791,1.132494166,mm_per_hr
16,intensity,120,Raanana Basin,0,WRFrain_noPGW_HPE16.mat,WRFrain_PGW_V3_HPE16.mat,6.225641323,10.16001602,3.934374701,1.631962957,mm_per_hr
16,intensity,120,Raanana Basin 1 pixel,0,WRFrain_noPGW_HPE16.mat,WRFrain_PGW_V3_HPE16.mat,7.994934082,16.41542816,8.42049408,2.053228706,mm_per_hr
16,intensity,120,Raanana Basin 2 pixel,0,WRFrain_noPGW_HPE16.mat,WRFrain_PGW_V3_HPE16.mat,9.148448229,14.4868803,5.338432074,1.583534162,mm_per_hr
16,intensity,120,Raanana Basin 3 pixel,0,WRFrain_noPGW_HPE16.mat,WRFrain_PGW_V3_HPE16.mat,9.534518136,13.6378852,4.103367064,1.430369632,mm_per_hr
16,intensity,240,Raanana Basin,0,WRFrain_noPGW_HPE16.mat,WRFrain_PGW_V3_HPE16.mat,5.046758769,6.430716838,1.383958069,1.274227109,mm_per_hr
16,intensity,240,Raanana Basin 1 pixel,0,WRFrain_noPGW_HPE16.mat,WRFrain_PGW_V3_HPE16.mat,6.862884045,9.236516476,2.373632431,1.345865152,mm_per_hr
16,intensity,240,Raanana Basin 2 pixel,0,WRFrain_noPGW_HPE16.mat,WRFrain_PGW_V3_HPE16.mat,7.004668951,8.496417165,1.491748214,1.212964842,mm_per_hr
16,intensity,240,Raanana Basin 3 pixel,0,WRFrain_noPGW_HPE16.mat,WRFrain_PGW_V3_HPE16.mat,6.850398435,7.775958723,0.925560289,1.135110432,mm_per_hr
16,intensity,360,Raanana Basin,0,WRFrain_noPGW_HPE16.mat,WRFrain_PGW_V3_HPE16.mat,4.855538495,4.602901807,-0.252636688,0.947969378,mm_per_hr
16,intensity,360,Raanana Basin 1 pixel,0,WRFrain_noPGW_HPE16.mat,WRFrain_PGW_V3_HPE16.mat,5.487456322,6.27536726,0.787910938,1.143584002,mm_per_hr
16,intensity,360,Raanana Basin 2 pixel,0,WRFrain_noPGW_HPE16.mat,WRFrain_PGW_V3_HPE16.mat,5.382918457,5.933845878,0.55092742,1.102347346,mm_per_hr
16,intensity,360,Raanana Basin 3 pixel,0,WRFrain_noPGW_HPE16.mat,WRFrain_PGW_V3_HPE16.mat,5.586547569,5.377691181,-0.208856388,0.962614408,mm_per_hr
16,intensity,720,Raanana Basin,0,WRFrain_noPGW_HPE16.mat,WRFrain_PGW_V3_HPE16.mat,2.92750513,2.871627684,-0.055877446,0.980912947,mm_per_hr
16,intensity,720,Raanana Basin 1 pixel,0,WRFrain_noPGW_HPE16.mat,WRFrain_PGW_V3_HPE16.mat,3.54890879,3.913253725,0.364344935,1.102663933,mm_per_hr
16,intensity,720,Raanana Basin 2 pixel,0,WRFrain_noPGW_HPE16.mat,WRFrain_PGW_V3_HPE16.mat,3.658110181,3.799737776,0.141627595,1.038716055,mm_per_hr
16,intensity,720,Raanana Basin 3 pixel,0,WRFrain_noPGW_HPE16.mat,WRFrain_PGW_V3_HPE16.mat,3.682654849,3.511344515,-0.171310334,0.953481838,mm_per_hr
16,intensity,1440,Raanana Basin,0,WRFrain_noPGW_HPE16.mat,WRFrain_PGW_V3_HPE16.mat,2.301823813,1.869122612,-0.432701201,0.812018106,mm_per_hr
16,intensity,1440,Raanana Basin 1 pixel,0,WRFrain_noPGW_HPE16.mat,WRFrain_PGW_V3_HPE16.mat,2.895987019,2.378656827,-0.517330192,0.821363083,mm_per_hr
16,intensity,1440,Raanana Basin 2 pixel,0,WRFrain_noPGW_HPE16.mat,WRFrain_PGW_V3_HPE16.mat,2.898131907,2.305608228,-0.592523679,0.795549789,mm_per_hr
16,intensity,1440,Raanana Basin 3 pixel,0,WRFrain_noPGW_HPE16.mat,WRFrain_PGW_V3_HPE16.mat,2.907956728,2.184752843,-0.723203885,0.751301703,mm_per_hr
17,total,0,Raanana Basin,0,WRFrain_noPGW_HPE17.mat,WRFrain_PGW_V3_HPE17.mat,43.18925279,25.06121239,-18.12804039,0.580265014,mm
17,total,0,Raanana Basin 1 pixel,0,WRFrain_noPGW_HPE17.mat,WRFrain_PGW_V3_HPE17.mat,49.94676208,33.84309769,-16.1036644,0.677583416,mm
17,total,0,Raanana Basin 2 pixel,0,WRFrain_noPGW_HPE17.mat,WRFrain_PGW_V3_HPE17.mat,49.46737385,34.6437197,-14.82365415,0.700334726,mm
17,total,0,Raanana Basin 3 pixel,0,WRFrain_noPGW_HPE17.mat,WRFrain_PGW_V3_HPE17.mat,51.71357348,33.84431226,-17.86926122,0.654457041,mm
17,intensity,10,Raanana Basin,0,WRFrain_noPGW_HPE17.mat,WRFrain_PGW_V3_HPE17.mat,26.62609486,15.9776728,-10.64842206,0.600075711,mm_per_hr
17,intensity,10,Raanana Basin 1 pixel,0,WRFrain_noPGW_HPE17.mat,WRFrain_PGW_V3_HPE17.mat,40.73665237,39.07587433,-1.660778046,0.959231357,mm_per_hr
17,intensity,10,Raanana Basin 2 pixel,0,WRFrain_noPGW_HPE17.mat,WRFrain_PGW_V3_HPE17.mat,41.6869812,33.00154209,-8.68543911,0.791651042,mm_per_hr
17,intensity,10,Raanana Basin 3 pixel,0,WRFrain_noPGW_HPE17.mat,WRFrain_PGW_V3_HPE17.mat,48.96313604,29.2241993,-19.73893674,0.596861265,mm_per_hr
17,intensity,20,Raanana Basin,0,WRFrain_noPGW_HPE17.mat,WRFrain_PGW_V3_HPE17.mat,19.27944008,12.7914651,-6.48797498,0.663477002,mm_per_hr
17,intensity,20,Raanana Basin 1 pixel,0,WRFrain_noPGW_HPE17.mat,WRFrain_PGW_V3_HPE17.mat,26.60327339,26.0393486,-0.563924789,0.978802429,mm_per_hr
17,intensity,20,Raanana Basin 2 pixel,0,WRFrain_noPGW_HPE17.mat,WRFrain_PGW_V3_HPE17.mat,30.01560545,22.2172215,-7.798383951,0.740189017,mm_per_hr
17,intensity,20,Raanana Basin 3 pixel,0,WRFrain_noPGW_HPE17.mat,WRFrain_PGW_V3_HPE17.mat,33.4300429,19.80649376,-13.62354914,0.59247587,mm_per_hr
17,intensity,30,Raanana Basin,0,WRFrain_noPGW_HPE17.mat,WRFrain_PGW_V3_HPE17.mat,14.38377623,9.317526223,-5.066250007,0.647780254,mm_per_hr
17,intensity,30,Raanana Basin 1 pixel,0,WRFrain_noPGW_HPE17.mat,WRFrain_PGW_V3_HPE17.mat,19.55028915,17.54981804,-2.000471115,0.897675625,mm_per_hr
17,intensity,30,Raanana Basin 2 pixel,0,WRFrain_noPGW_HPE17.mat,WRFrain_PGW_V3_HPE17.mat,22.19293308,15.52501535,-6.667917728,0.699547703,mm_per_hr
17,intensity,30,Raanana Basin 3 pixel,0,WRFrain_noPGW_HPE17.mat,WRFrain_PGW_V3_HPE17.mat,24.62180371,14.50861486,-10.11318885,0.589258814,mm_per_hr
17,intensity,60,Raanana Basin,0,WRFrain_noPGW_HPE17.mat,WRFrain_PGW_V3_HPE17.mat,8.976913611,5.551997883,-3.424915728,0.618475138,mm_per_hr
17,intensity,60,Raanana Basin 1 pixel,0,WRFrain_noPGW_HPE17.mat,WRFrain_PGW_V3_HPE17.mat,12.817873,9.064986229,-3.752886772,0.707214546,mm_per_hr
17,intensity,60,Raanana Basin 2 pixel,0,WRFrain_noPGW_HPE17.mat,WRFrain_PGW_V3_HPE17.mat,13.68557405,8.157928228,-5.527645826,0.596096897,mm_per_hr
17,intensity,60,Raanana Basin 3 pixel,0,WRFrain_noPGW_HPE17.mat,WRFrain_PGW_V3_HPE17.mat,14.47440486,7.462479803,-7.011925062,0.515563843,mm_per_hr
17,intensity,120,Raanana Basin,0,WRFrain_noPGW_HPE17.mat,WRFrain_PGW_V3_HPE17.mat,4.867653722,3.040199458,-1.827454264,0.624571843,mm_per_hr
17,intensity,120,Raanana Basin 1 pixel,0,WRFrain_noPGW_HPE17.mat,WRFrain_PGW_V3_HPE17.mat,6.730629921,4.883248329,-1.847381592,0.725526197,mm_per_hr
17,intensity,120,Raanana Basin 2 pixel,0,WRFrain_noPGW_HPE17.mat,WRFrain_PGW_V3_HPE17.mat,7.20753479,4.890001059,-2.317533731,0.67845681,mm_per_hr
17,intensity,120,Raanana Basin 3 pixel,0,WRFrain_noPGW_HPE17.mat,WRFrain_PGW_V3_HPE17.mat,7.576051076,5.118034787,-2.45801629,0.675554419,mm_per_hr
17,intensity,240,Raanana Basin,0,WRFrain_noPGW_HPE17.mat,WRFrain_PGW_V3_HPE17.mat,2.647773643,2.320837983,-0.326935659,0.876524317,mm_per_hr
17,intensity,240,Raanana Basin 1 pixel,0,WRFrain_noPGW_HPE17.mat,WRFrain_PGW_V3_HPE17.mat,4.556309819,4.098711252,-0.457598567,0.899568163,mm_per_hr
17,intensity,240,Raanana Basin 2 pixel,0,WRFrain_noPGW_HPE17.mat,WRFrain_PGW_V3_HPE17.mat,4.286859304,4.451957226,0.165097922,1.038512559,mm_per_hr
17,intensity,240,Raanana Basin 3 pixel,0,WRFrain_noPGW_HPE17.mat,WRFrain_PGW_V3_HPE17.mat,4.234322058,4.408433808,0.17411175,1.041119156,mm_per_hr
17,intensity,360,Raanana Basin,0,WRFrain_noPGW_HPE17.mat,WRFrain_PGW_V3_HPE17.mat,2.325659114,1.761691448,-0.563967667,0.757502007,mm_per_hr
17,intensity,360,Raanana Basin 1 pixel,0,WRFrain_noPGW_HPE17.mat,WRFrain_PGW_V3_HPE17.mat,3.51480333,2.805950483,-0.708852847,0.79832361,mm_per_hr
17,intensity,360,Raanana Basin 2 pixel,0,WRFrain_noPGW_HPE17.mat,WRFrain_PGW_V3_HPE17.mat,3.382700702,3.028430521,-0.35427018,0.895270019,mm_per_hr
17,intensity,360,Raanana Basin 3 pixel,0,WRFrain_noPGW_HPE17.mat,WRFrain_PGW_V3_HPE17.mat,3.388652616,3.003413448,-0.385239168,0.886314942,mm_per_hr
17,intensity,720,Raanana Basin,0,WRFrain_noPGW_HPE17.mat,WRFrain_PGW_V3_HPE17.mat,1.724018242,1.257719437,-0.466298805,0.729527917,mm_per_hr
17,intensity,720,Raanana Basin 1 pixel,0,WRFrain_noPGW_HPE17.mat,WRFrain_PGW_V3_HPE17.mat,2.317998528,1.956113656,-0.361884872,0.843880456,mm_per_hr
17,intensity,720,Raanana Basin 2 pixel,0,WRFrain_noPGW_HPE17.mat,WRFrain_PGW_V3_HPE17.mat,2.262195359,2.037112772,-0.225082586,0.900502587,mm_per_hr
17,intensity,720,Raanana Basin 3 pixel,0,WRFrain_noPGW_HPE17.mat,WRFrain_PGW_V3_HPE17.mat,2.279946597,2.04313846,-0.236808137,0.896134349,mm_per_hr
17,intensity,1440,Raanana Basin,0,WRFrain_noPGW_HPE17.mat,WRFrain_PGW_V3_HPE17.mat,1.461827337,0.791404946,-0.670422391,0.54138059,mm_per_hr
17,intensity,1440,Raanana Basin 1 pixel,0,WRFrain_noPGW_HPE17.mat,WRFrain_PGW_V3_HPE17.mat,1.749106069,1.055024544,-0.694081525,0.603179283,mm_per_hr
17,intensity,1440,Raanana Basin 2 pixel,0,WRFrain_noPGW_HPE17.mat,WRFrain_PGW_V3_HPE17.mat,1.726522262,1.092950324,-0.633571938,0.633035755,mm_per_hr
17,intensity,1440,Raanana Basin 3 pixel,0,WRFrain_noPGW_HPE17.mat,WRFrain_PGW_V3_HPE17.mat,1.803627308,1.104350823,-0.699276485,0.612294357,mm_per_hr
18,total,0,Raanana Basin,0,WRFrain_noPGW_HPE18.mat,WRFrain_PGW_V3_HPE18.mat,9.292265163,0.768824761,-8.523440403,0.082738143,mm
18,total,0,Raanana Basin 1 pixel,0,WRFrain_noPGW_HPE18.mat,WRFrain_PGW_V3_HPE18.mat,9.957990646,2.591234684,-7.366755962,0.260216622,mm
18,total,0,Raanana Basin 2 pixel,0,WRFrain_noPGW_HPE18.mat,WRFrain_PGW_V3_HPE18.mat,9.92491889,3.073606193,-6.851312697,0.309685774,mm
18,total,0,Raanana Basin 3 pixel,0,WRFrain_noPGW_HPE18.mat,WRFrain_PGW_V3_HPE18.mat,10.55023872,2.771047274,-7.779191441,0.262652566,mm
18,intensity,10,Raanana Basin,0,WRFrain_noPGW_HPE18.mat,WRFrain_PGW_V3_HPE18.mat,7.924141943,1.299065469,-6.625076474,0.163937683,mm_per_hr
18,intensity,10,Raanana Basin 1 pixel,0,WRFrain_noPGW_HPE18.mat,WRFrain_PGW_V3_HPE18.mat,21.78652954,12.91050339,-8.876026154,0.592591095,mm_per_hr
18,intensity,10,Raanana Basin 2 pixel,0,WRFrain_noPGW_HPE18.mat,WRFrain_PGW_V3_HPE18.mat,22.14021778,13.79014993,-8.350067854,0.622855207,mm_per_hr
18,intensity,10,Raanana Basin 3 pixel,0,WRFrain_noPGW_HPE18.mat,WRFrain_PGW_V3_HPE18.mat,22.36418533,11.33129533,-11.03289,0.5066715,mm_per_hr
18,intensity,20,Raanana Basin,0,WRFrain_noPGW_HPE18.mat,WRFrain_PGW_V3_HPE18.mat,7.540600004,0.981060182,-6.559539822,0.130103729,mm_per_hr
18,intensity,20,Raanana Basin 1 pixel,0,WRFrain_noPGW_HPE18.mat,WRFrain_PGW_V3_HPE18.mat,11.27281952,6.673650742,-4.599168777,0.59201256,mm_per_hr
18,intensity,20,Raanana Basin 2 pixel,0,WRFrain_noPGW_HPE18.mat,WRFrain_PGW_V3_HPE18.mat,11.23374796,8.147676945,-3.086071014,0.725285717,mm_per_hr
18,intensity,20,Raanana Basin 3 pixel,0,WRFrain_noPGW_HPE18.mat,WRFrain_PGW_V3_HPE18.mat,11.63230769,6.633598804,-4.998708884,0.570273671,mm_per_hr
18,intensity,30,Raanana Basin,0,WRFrain_noPGW_HPE18.mat,WRFrain_PGW_V3_HPE18.mat,6.426072791,0.777022223,-5.649050569,0.120917121,mm_per_hr
18,intensity,30,Raanana Basin 1 pixel,0,WRFrain_noPGW_HPE18.mat,WRFrain_PGW_V3_HPE18.mat,7.64680481,4.631055832,-3.015748978,0.605619726,mm_per_hr
18,intensity,30,Raanana Basin 2 pixel,0,WRFrain_noPGW_HPE18.mat,WRFrain_PGW_V3_HPE18.mat,7.656219482,5.53900218,-2.117217302,0.723464393,mm_per_hr
18,intensity,30,Raanana Basin 3 pixel,0,WRFrain_noPGW_HPE18.mat,WRFrain_PGW_V3_HPE18.mat,8.314343558,4.686653985,-3.627689573,0.563682984,mm_per_hr
18,intensity,60,Raanana Basin,0,WRFrain_noPGW_HPE18.mat,WRFrain_PGW_V3_HPE18.mat,3.560999324,0.416750837,-3.144248488,0.11703199,mm_per_hr
18,intensity,60,Raanana Basin 1 pixel,0,WRFrain_noPGW_HPE18.mat,WRFrain_PGW_V3_HPE18.mat,4.212258339,2.393039227,-1.819219112,0.56811312,mm_per_hr
18,intensity,60,Raanana Basin 2 pixel,0,WRFrain_noPGW_HPE18.mat,WRFrain_PGW_V3_HPE18.mat,4.159646273,2.861282229,-1.298364043,0.687866718,mm_per_hr
18,intensity,60,Raanana Basin 3 pixel,0,WRFrain_noPGW_HPE18.mat,WRFrain_PGW_V3_HPE18.mat,4.376868566,2.404983468,-1.971885098,0.549475825,mm_per_hr
18,intensity,120,Raanana Basin,0,WRFrain_noPGW_HPE18.mat,WRFrain_PGW_V3_HPE18.mat,1.793205722,0.222456636,-1.570749086,0.124055279,mm_per_hr
18,intensity,120,Raanana Basin 1 pixel,0,WRFrain_noPGW_HPE18.mat,WRFrain_PGW_V3_HPE18.mat,2.120266914,1.253283501,-0.866983414,0.591097042,mm_per_hr
18,intensity,120,Raanana Basin 2 pixel,0,WRFrain_noPGW_HPE18.mat,WRFrain_PGW_V3_HPE18.mat,2.119288206,1.480739474,-0.638548732,0.698696605,mm_per_hr
18,intensity,120,Raanana Basin 3 pixel,0,WRFrain_noPGW_HPE18.mat,WRFrain_PGW_V3_HPE18.mat,2.219514741,1.252416399,-0.967098342,0.564274873,mm_per_hr
18,intensity,240,Raanana Basin,0,WRFrain_noPGW_HPE18.mat,WRFrain_PGW_V3_HPE18.mat,1.318093893,0.114247729,-1.203846164,0.086676473,mm_per_hr
18,intensity,240,Raanana Basin 1 pixel,0,WRFrain_noPGW_HPE18.mat,WRFrain_PGW_V3_HPE18.mat,1.424247026,0.627164841,-0.797082186,0.440348359,mm_per_hr
18,intensity,240,Raanana Basin 2 pixel,0,WRFrain_noPGW_HPE18.mat,WRFrain_PGW_V3_HPE18.mat,1.444956541,0.741305321,-0.70365122,0.513029493,mm_per_hr
18,intensity,240,Raanana Basin 3 pixel,0,WRFrain_noPGW_HPE18.mat,WRFrain_PGW_V3_HPE18.mat,1.462150203,0.627397286,-0.834752917,0.429092226,mm_per_hr
18,intensity,360,Raanana Basin,0,WRFrain_noPGW_HPE18.mat,WRFrain_PGW_V3_HPE18.mat,0.898844259,0.076170747,-0.822673512,0.084742987,mm_per_hr
18,intensity,360,Raanana Basin 1 pixel,0,WRFrain_noPGW_HPE18.mat,WRFrain_PGW_V3_HPE18.mat,1.002429008,0.418109894,-0.584319115,0.417096762,mm_per_hr
18,intensity,360,Raanana Basin 2 pixel,0,WRFrain_noPGW_HPE18.mat,WRFrain_PGW_V3_HPE18.mat,1.169998288,0.494203548,-0.675794741,0.422396813,mm_per_hr
18,intensity,360,Raanana Basin 3 pixel,0,WRFrain_noPGW_HPE18.mat,WRFrain_PGW_V3_HPE18.mat,1.407056932,0.418276372,-0.98878056,0.297270396,mm_per_hr
18,intensity,720,Raanana Basin,0,WRFrain_noPGW_HPE18.mat,WRFrain_PGW_V3_HPE18.mat,0.722874695,0.06406873,-0.658805964,0.088630478,mm_per_hr
18,intensity,720,Raanana Basin 1 pixel,0,WRFrain_noPGW_HPE18.mat,WRFrain_PGW_V3_HPE18.mat,0.801079591,0.215936224,-0.585143367,0.269556516,mm_per_hr
18,intensity,720,Raanana Basin 2 pixel,0,WRFrain_noPGW_HPE18.mat,WRFrain_PGW_V3_HPE18.mat,0.786918223,0.256133849,-0.530784373,0.325489793,mm_per_hr
18,intensity,720,Raanana Basin 3 pixel,0,WRFrain_noPGW_HPE18.mat,WRFrain_PGW_V3_HPE18.mat,0.831125789,0.230920606,-0.600205183,0.277840742,mm_per_hr
18,intensity,1440,Raanana Basin,0,WRFrain_noPGW_HPE18.mat,WRFrain_PGW_V3_HPE18.mat,0.387177715,0.032034365,-0.35514335,0.082738143,mm_per_hr
18,intensity,1440,Raanana Basin 1 pixel,0,WRFrain_noPGW_HPE18.mat,WRFrain_PGW_V3_HPE18.mat,0.414916277,0.107968112,-0.306948165,0.260216622,mm_per_hr
18,intensity,1440,Raanana Basin 2 pixel,0,WRFrain_noPGW_HPE18.mat,WRFrain_PGW_V3_HPE18.mat,0.413538287,0.128066925,-0.285471362,0.309685774,mm_per_hr
18,intensity,1440,Raanana Basin 3 pixel,0,WRFrain_noPGW_HPE18.mat,WRFrain_PGW_V3_HPE18.mat,0.43959328,0.115460303,-0.324132977,0.262652566,mm_per_hr
19,total,0,Raanana Basin,0,WRFrain_noPGW_HPE19.mat,WRFrain_PGW_V3_HPE19.mat,3.459982425,11.05153794,7.591555516,3.194102334,mm
19,total,0,Raanana Basin 1 pixel,0,WRFrain_noPGW_HPE19.mat,WRFrain_PGW_V3_HPE19.mat,7.314101219,14.65086108,7.336759865,2.00309794,mm
19,total,0,Raanana Basin 2 pixel,0,WRFrain_noPGW_HPE19.mat,WRFrain_PGW_V3_HPE19.mat,7.680315971,15.20648152,7.526165552,1.979929157,mm
19,total,0,Raanana Basin 3 pixel,0,WRFrain_noPGW_HPE19.mat,WRFrain_PGW_V3_HPE19.mat,7.316529698,14.87668176,7.560152062,2.03329753,mm
19,intensity,10,Raanana Basin,0,WRFrain_noPGW_HPE19.mat,WRFrain_PGW_V3_HPE19.mat,4.170572154,15.13261471,10.96204256,3.628426545,mm_per_hr
19,intensity,10,Raanana Basin 1 pixel,0,WRFrain_noPGW_HPE19.mat,WRFrain_PGW_V3_HPE19.mat,22.027565,55.23375893,33.20619392,2.507483642,mm_per_hr
19,intensity,10,Raanana Basin 2 pixel,0,WRFrain_noPGW_HPE19.mat,WRFrain_PGW_V3_HPE19.mat,20.3792696,52.36219096,31.98292136,2.569385066,mm_per_hr
19,intensity,10,Raanana Basin 3 pixel,0,WRFrain_noPGW_HPE19.mat,WRFrain_PGW_V3_HPE19.mat,17.77234459,46.86326249,29.09091791,2.636864386,mm_per_hr
19,intensity,20,Raanana Basin,0,WRFrain_noPGW_HPE19.mat,WRFrain_PGW_V3_HPE19.mat,2.581057636,13.23436888,10.65331125,5.127498394,mm_per_hr
19,intensity,20,Raanana Basin 1 pixel,0,WRFrain_noPGW_HPE19.mat,WRFrain_PGW_V3_HPE19.mat,11.79719925,33.63474369,21.83754444,2.851078716,mm_per_hr
19,intensity,20,Raanana Basin 2 pixel,0,WRFrain_noPGW_HPE19.mat,WRFrain_PGW_V3_HPE19.mat,10.74360108,32.14538875,21.40178767,2.992049733,mm_per_hr
19,intensity,20,Raanana Basin 3 pixel,0,WRFrain_noPGW_HPE19.mat,WRFrain_PGW_V3_HPE19.mat,9.448269208,28.23824954,18.78998033,2.988721947,mm_per_hr
19,intensity,30,Raanana Basin,0,WRFrain_noPGW_HPE19.mat,WRFrain_PGW_V3_HPE19.mat,1.900055987,8.868271187,6.9682152,4.667373618,mm_per_hr
19,intensity,30,Raanana Basin 1 pixel,0,WRFrain_noPGW_HPE19.mat,WRFrain_PGW_V3_HPE19.mat,8.411243439,22.74320269,14.33195925,2.70390494,mm_per_hr
19,intensity,30,Raanana Basin 2 pixel,0,WRFrain_noPGW_HPE19.mat,WRFrain_PGW_V3_HPE19.mat,7.803756714,21.90917057,14.10541385,2.807515838,mm_per_hr
19,intensity,30,Raanana Basin 3 pixel,0,WRFrain_noPGW_HPE19.mat,WRFrain_PGW_V3_HPE19.mat,6.818600549,20.56869809,13.75009754,3.016557128,mm_per_hr
19,intensity,60,Raanana Basin,0,WRFrain_noPGW_HPE19.mat,WRFrain_PGW_V3_HPE19.mat,1.108764175,4.448066569,3.339302394,4.011733665,mm_per_hr
19,intensity,60,Raanana Basin 1 pixel,0,WRFrain_noPGW_HPE19.mat,WRFrain_PGW_V3_HPE19.mat,4.474936485,11.37500215,6.90006566,2.541935999,mm_per_hr
19,intensity,60,Raanana Basin 2 pixel,0,WRFrain_noPGW_HPE19.mat,WRFrain_PGW_V3_HPE19.mat,4.016404629,10.96392743,6.947522804,2.729786574,mm_per_hr
19,intensity,60,Raanana Basin 3 pixel,0,WRFrain_noPGW_HPE19.mat,WRFrain_PGW_V3_HPE19.mat,3.555894322,10.30339616,6.747501837,2.897554096,mm_per_hr
19,intensity,120,Raanana Basin,0,WRFrain_noPGW_HPE19.mat,WRFrain_PGW_V3_HPE19.mat,0.765466544,4.005582602,3.240116058,5.232864366,mm_per_hr
19,intensity,120,Raanana Basin 1 pixel,0,WRFrain_noPGW_HPE19.mat,WRFrain_PGW_V3_HPE19.mat,2.315859318,6.218074441,3.902215123,2.68499662,mm_per_hr
19,intensity,120,Raanana Basin 2 pixel,0,WRFrain_noPGW_HPE19.mat,WRFrain_PGW_V3_HPE19.mat,2.093149185,5.923148543,3.829999357,2.829778491,mm_per_hr
19,intensity,120,Raanana Basin 3 pixel,0,WRFrain_noPGW_HPE19.mat,WRFrain_PGW_V3_HPE19.mat,1.823860274,5.515261928,3.691401654,3.023949809,mm_per_hr
19,intensity,240,Raanana Basin,0,WRFrain_noPGW_HPE19.mat,WRFrain_PGW_V3_HPE19.mat,0.673052732,2.541059917,1.868007185,3.775424713,mm_per_hr
19,intensity,240,Raanana Basin 1 pixel,0,WRFrain_noPGW_HPE19.mat,WRFrain_PGW_V3_HPE19.mat,1.58472681,3.541946948,1.957220137,2.235052076,mm_per_hr
19,intensity,240,Raanana Basin 2 pixel,0,WRFrain_noPGW_HPE19.mat,WRFrain_PGW_V3_HPE19.mat,1.708535016,3.442621708,1.734086692,2.014955313,mm_per_hr
19,intensity,240,Raanana Basin 3 pixel,0,WRFrain_noPGW_HPE19.mat,WRFrain_PGW_V3_HPE19.mat,1.627168682,3.327022562,1.699853881,2.044669738,mm_per_hr
19,intensity,360,Raanana Basin,0,WRFrain_noPGW_HPE19.mat,WRFrain_PGW_V3_HPE19.mat,0.483272923,1.755411818,1.272138895,3.632340515,mm_per_hr
19,intensity,360,Raanana Basin 1 pixel,0,WRFrain_noPGW_HPE19.mat,WRFrain_PGW_V3_HPE19.mat,1.115798791,2.383092801,1.26729401,2.135772883,mm_per_hr
19,intensity,360,Raanana Basin 2 pixel,0,WRFrain_noPGW_HPE19.mat,WRFrain_PGW_V3_HPE19.mat,1.193501194,2.326683136,1.133181942,1.94946025,mm_per_hr
19,intensity,360,Raanana Basin 3 pixel,0,WRFrain_noPGW_HPE19.mat,WRFrain_PGW_V3_HPE19.mat,1.14018638,2.272521894,1.132335514,1.993114401,mm_per_hr
19,intensity,720,Raanana Basin,0,WRFrain_noPGW_HPE19.mat,WRFrain_PGW_V3_HPE19.mat,0.242433131,0.878967627,0.636534495,3.625608521,mm_per_hr
19,intensity,720,Raanana Basin 1 pixel,0,WRFrain_noPGW_HPE19.mat,WRFrain_PGW_V3_HPE19.mat,0.558864196,1.19380256,0.634938364,2.136122816,mm_per_hr
19,intensity,720,Raanana Basin 2 pixel,0,WRFrain_noPGW_HPE19.mat,WRFrain_PGW_V3_HPE19.mat,0.597925584,1.167779899,0.569854315,1.953052238,mm_per_hr
19,intensity,720,Raanana Basin 3 pixel,0,WRFrain_noPGW_HPE19.mat,WRFrain_PGW_V3_HPE19.mat,0.571579562,1.146826209,0.575246647,2.006415703,mm_per_hr
19,intensity,1440,Raanana Basin,0,WRFrain_noPGW_HPE19.mat,WRFrain_PGW_V3_HPE19.mat,0.142782274,0.459400692,0.316618418,3.21749108,mm_per_hr
19,intensity,1440,Raanana Basin 1 pixel,0,WRFrain_noPGW_HPE19.mat,WRFrain_PGW_V3_HPE19.mat,0.304371357,0.605133387,0.30076203,1.9881417,mm_per_hr
19,intensity,1440,Raanana Basin 2 pixel,0,WRFrain_noPGW_HPE19.mat,WRFrain_PGW_V3_HPE19.mat,0.319599539,0.624756947,0.305157408,1.95481179,mm_per_hr
19,intensity,1440,Raanana Basin 3 pixel,0,WRFrain_noPGW_HPE19.mat,WRFrain_PGW_V3_HPE19.mat,0.304289306,0.598283043,0.293993738,1.966165199,mm_per_hr
20,total,0,Raanana Basin,0,WRFrain_noPGW_HPE20.mat,WRFrain_PGW_V3_HPE20.mat,5.55E-05,0,-5.55E-05,0,mm
20,total,0,Raanana Basin 1 pixel,0,WRFrain_noPGW_HPE20.mat,WRFrain_PGW_V3_HPE20.mat,0.000540152,0,-0.000540152,0,mm
20,total,0,Raanana Basin 2 pixel,0,WRFrain_noPGW_HPE20.mat,WRFrain_PGW_V3_HPE20.mat,0.000592545,0,-0.000592545,0,mm
20,total,0,Raanana Basin 3 pixel,0,WRFrain_noPGW_HPE20.mat,WRFrain_PGW_V3_HPE20.mat,0.000641226,0,-0.000641226,0,mm
20,intensity,10,Raanana Basin,0,WRFrain_noPGW_HPE20.mat,WRFrain_PGW_V3_HPE20.mat,0.000211677,0,-0.000211677,0,mm_per_hr
20,intensity,10,Raanana Basin 1 pixel,0,WRFrain_noPGW_HPE20.mat,WRFrain_PGW_V3_HPE20.mat,0.00268146,0,-0.00268146,0,mm_per_hr
20,intensity,10,Raanana Basin 2 pixel,0,WRFrain_noPGW_HPE20.mat,WRFrain_PGW_V3_HPE20.mat,0.002228037,0,-0.002228037,0,mm_per_hr
20,intensity,10,Raanana Basin 3 pixel,0,WRFrain_noPGW_HPE20.mat,WRFrain_PGW_V3_HPE20.mat,0.002505999,0,-0.002505999,0,mm_per_hr
20,intensity,20,Raanana Basin,0,WRFrain_noPGW_HPE20.mat,WRFrain_PGW_V3_HPE20.mat,0.000144177,0,-0.000144177,0,mm_per_hr
20,intensity,20,Raanana Basin 1 pixel,0,WRFrain_noPGW_HPE20.mat,WRFrain_PGW_V3_HPE20.mat,0.001497512,0,-0.001497512,0,mm_per_hr
20,intensity,20,Raanana Basin 2 pixel,0,WRFrain_noPGW_HPE20.mat,WRFrain_PGW_V3_HPE20.mat,0.001299439,0,-0.001299439,0,mm_per_hr
20,intensity,20,Raanana Basin 3 pixel,0,WRFrain_noPGW_HPE20.mat,WRFrain_PGW_V3_HPE20.mat,0.001866957,0,-0.001866957,0,mm_per_hr
20,intensity,30,Raanana Basin,0,WRFrain_noPGW_HPE20.mat,WRFrain_PGW_V3_HPE20.mat,9.66E-05,0,-9.66E-05,0,mm_per_hr
20,intensity,30,Raanana Basin 1 pixel,0,WRFrain_noPGW_HPE20.mat,WRFrain_PGW_V3_HPE20.mat,0.000999035,0,-0.000999035,0,mm_per_hr
20,intensity,30,Raanana Basin 2 pixel,0,WRFrain_noPGW_HPE20.mat,WRFrain_PGW_V3_HPE20.mat,0.000866466,0,-0.000866466,0,mm_per_hr
20,intensity,30,Raanana Basin 3 pixel,0,WRFrain_noPGW_HPE20.mat,WRFrain_PGW_V3_HPE20.mat,0.001245227,0,-0.001245227,0,mm_per_hr
20,intensity,60,Raanana Basin,0,WRFrain_noPGW_HPE20.mat,WRFrain_PGW_V3_HPE20.mat,4.83E-05,0,-4.83E-05,0,mm_per_hr
20,intensity,60,Raanana Basin 1 pixel,0,WRFrain_noPGW_HPE20.mat,WRFrain_PGW_V3_HPE20.mat,0.000499518,0,-0.000499518,0,mm_per_hr
20,intensity,60,Raanana Basin 2 pixel,0,WRFrain_noPGW_HPE20.mat,WRFrain_PGW_V3_HPE20.mat,0.000433233,0,-0.000433233,0,mm_per_hr
20,intensity,60,Raanana Basin 3 pixel,0,WRFrain_noPGW_HPE20.mat,WRFrain_PGW_V3_HPE20.mat,0.000622613,0,-0.000622613,0,mm_per_hr
20,intensity,120,Raanana Basin,0,WRFrain_noPGW_HPE20.mat,WRFrain_PGW_V3_HPE20.mat,2.41E-05,0,-2.41E-05,0,mm_per_hr
20,intensity,120,Raanana Basin 1 pixel,0,WRFrain_noPGW_HPE20.mat,WRFrain_PGW_V3_HPE20.mat,0.000249759,0,-0.000249759,0,mm_per_hr
20,intensity,120,Raanana Basin 2 pixel,0,WRFrain_noPGW_HPE20.mat,WRFrain_PGW_V3_HPE20.mat,0.000216617,0,-0.000216617,0,mm_per_hr
20,intensity,120,Raanana Basin 3 pixel,0,WRFrain_noPGW_HPE20.mat,WRFrain_PGW_V3_HPE20.mat,0.000311307,0,-0.000311307,0,mm_per_hr
20,intensity,240,Raanana Basin,0,WRFrain_noPGW_HPE20.mat,WRFrain_PGW_V3_HPE20.mat,1.21E-05,0,-1.21E-05,0,mm_per_hr
20,intensity,240,Raanana Basin 1 pixel,0,WRFrain_noPGW_HPE20.mat,WRFrain_PGW_V3_HPE20.mat,0.000124879,0,-0.000124879,0,mm_per_hr
20,intensity,240,Raanana Basin 2 pixel,0,WRFrain_noPGW_HPE20.mat,WRFrain_PGW_V3_HPE20.mat,0.000108308,0,-0.000108308,0,mm_per_hr
20,intensity,240,Raanana Basin 3 pixel,0,WRFrain_noPGW_HPE20.mat,WRFrain_PGW_V3_HPE20.mat,0.000155653,0,-0.000155653,0,mm_per_hr
20,intensity,360,Raanana Basin,0,WRFrain_noPGW_HPE20.mat,WRFrain_PGW_V3_HPE20.mat,9.24E-06,0,-9.24E-06,0,mm_per_hr
20,intensity,360,Raanana Basin 1 pixel,0,WRFrain_noPGW_HPE20.mat,WRFrain_PGW_V3_HPE20.mat,9.00E-05,0,-9.00E-05,0,mm_per_hr
20,intensity,360,Raanana Basin 2 pixel,0,WRFrain_noPGW_HPE20.mat,WRFrain_PGW_V3_HPE20.mat,9.88E-05,0,-9.88E-05,0,mm_per_hr
20,intensity,360,Raanana Basin 3 pixel,0,WRFrain_noPGW_HPE20.mat,WRFrain_PGW_V3_HPE20.mat,0.000105649,0,-0.000105649,0,mm_per_hr
20,intensity,720,Raanana Basin,0,WRFrain_noPGW_HPE20.mat,WRFrain_PGW_V3_HPE20.mat,4.62E-06,0,-4.62E-06,0,mm_per_hr
20,intensity,720,Raanana Basin 1 pixel,0,WRFrain_noPGW_HPE20.mat,WRFrain_PGW_V3_HPE20.mat,4.50E-05,0,-4.50E-05,0,mm_per_hr
20,intensity,720,Raanana Basin 2 pixel,0,WRFrain_noPGW_HPE20.mat,WRFrain_PGW_V3_HPE20.mat,4.94E-05,0,-4.94E-05,0,mm_per_hr
20,intensity,720,Raanana Basin 3 pixel,0,WRFrain_noPGW_HPE20.mat,WRFrain_PGW_V3_HPE20.mat,5.34E-05,0,-5.34E-05,0,mm_per_hr
20,intensity,1440,Raanana Basin,0,WRFrain_noPGW_HPE20.mat,WRFrain_PGW_V3_HPE20.mat,2.31E-06,0,-2.31E-06,0,mm_per_hr
20,intensity,1440,Raanana Basin 1 pixel,0,WRFrain_noPGW_HPE20.mat,WRFrain_PGW_V3_HPE20.mat,2.25E-05,0,-2.25E-05,0,mm_per_hr
20,intensity,1440,Raanana Basin 2 pixel,0,WRFrain_noPGW_HPE20.mat,WRFrain_PGW_V3_HPE20.mat,2.47E-05,0,-2.47E-05,0,mm_per_hr
20,intensity,1440,Raanana Basin 3 pixel,0,WRFrain_noPGW_HPE20.mat,WRFrain_PGW_V3_HPE20.mat,2.67E-05,0,-2.67E-05,0,mm_per_hr
21,total,0,Raanana Basin,0,WRFrain_noPGW_HPE21.mat,WRFrain_PGW_V3_HPE21.mat,0.029568734,5.67E-05,-0.029511989,0.001919091,mm
21,total,0,Raanana Basin 1 pixel,0,WRFrain_noPGW_HPE21.mat,WRFrain_PGW_V3_HPE21.mat,0.14210185,0.000828201,-0.141273649,0.005828221,mm
21,total,0,Raanana Basin 2 pixel,0,WRFrain_noPGW_HPE21.mat,WRFrain_PGW_V3_HPE21.mat,0.147644385,0.002219266,-0.145425119,0.015031159,mm
21,total,0,Raanana Basin 3 pixel,0,WRFrain_noPGW_HPE21.mat,WRFrain_PGW_V3_HPE21.mat,0.165302811,0.009464125,-0.155838687,0.05725326,mm
21,intensity,10,Raanana Basin,0,WRFrain_noPGW_HPE21.mat,WRFrain_PGW_V3_HPE21.mat,0.107190771,0.000141245,-0.107049526,0.001317694,mm_per_hr
21,intensity,10,Raanana Basin 1 pixel,0,WRFrain_noPGW_HPE21.mat,WRFrain_PGW_V3_HPE21.mat,0.504442111,0.002931219,-0.501510892,0.005810813,mm_per_hr
21,intensity,10,Raanana Basin 2 pixel,0,WRFrain_noPGW_HPE21.mat,WRFrain_PGW_V3_HPE21.mat,0.570778303,0.006419621,-0.564358681,0.011247136,mm_per_hr
21,intensity,10,Raanana Basin 3 pixel,0,WRFrain_noPGW_HPE21.mat,WRFrain_PGW_V3_HPE21.mat,0.614104651,0.031589039,-0.582515612,0.051439179,mm_per_hr
21,intensity,20,Raanana Basin,0,WRFrain_noPGW_HPE21.mat,WRFrain_PGW_V3_HPE21.mat,0.058777451,0.000121163,-0.058656288,0.002061386,mm_per_hr
21,intensity,20,Raanana Basin 1 pixel,0,WRFrain_noPGW_HPE21.mat,WRFrain_PGW_V3_HPE21.mat,0.260683246,0.002103282,-0.258579964,0.008068344,mm_per_hr
21,intensity,20,Raanana Basin 2 pixel,0,WRFrain_noPGW_HPE21.mat,WRFrain_PGW_V3_HPE21.mat,0.333751517,0.004257057,-0.32949446,0.012755169,mm_per_hr
21,intensity,20,Raanana Basin 3 pixel,0,WRFrain_noPGW_HPE21.mat,WRFrain_PGW_V3_HPE21.mat,0.4231347,0.018857756,-0.404276944,0.044566792,mm_per_hr
21,intensity,30,Raanana Basin,0,WRFrain_noPGW_HPE21.mat,WRFrain_PGW_V3_HPE21.mat,0.0557151,8.20E-05,-0.055633091,0.001471942,mm_per_hr
21,intensity,30,Raanana Basin 1 pixel,0,WRFrain_noPGW_HPE21.mat,WRFrain_PGW_V3_HPE21.mat,0.27858378,0.00153907,-0.27704471,0.005524622,mm_per_hr
21,intensity,30,Raanana Basin 2 pixel,0,WRFrain_noPGW_HPE21.mat,WRFrain_PGW_V3_HPE21.mat,0.261248833,0.003500101,-0.257748731,0.013397576,mm_per_hr
21,intensity,30,Raanana Basin 3 pixel,0,WRFrain_noPGW_HPE21.mat,WRFrain_PGW_V3_HPE21.mat,0.29134179,0.015187775,-0.276154015,0.052130437,mm_per_hr
21,intensity,60,Raanana Basin,0,WRFrain_noPGW_HPE21.mat,WRFrain_PGW_V3_HPE21.mat,0.029544548,4.21E-05,-0.029502428,0.001425641,mm_per_hr
21,intensity,60,Raanana Basin 1 pixel,0,WRFrain_noPGW_HPE21.mat,WRFrain_PGW_V3_HPE21.mat,0.142040759,0.000828201,-0.141212558,0.005830727,mm_per_hr
21,intensity,60,Raanana Basin 2 pixel,0,WRFrain_noPGW_HPE21.mat,WRFrain_PGW_V3_HPE21.mat,0.147595451,0.002207831,-0.145387621,0.014958663,mm_per_hr
21,intensity,60,Raanana Basin 3 pixel,0,WRFrain_noPGW_HPE21.mat,WRFrain_PGW_V3_HPE21.mat,0.165279901,0.008962969,-0.156316932,0.054229033,mm_per_hr
21,intensity,120,Raanana Basin,0,WRFrain_noPGW_HPE21.mat,WRFrain_PGW_V3_HPE21.mat,0.014772274,2.11E-05,-0.014751159,0.001429362,mm_per_hr
21,intensity,120,Raanana Basin 1 pixel,0,WRFrain_noPGW_HPE21.mat,WRFrain_PGW_V3_HPE21.mat,0.07102038,0.0004141,-0.070606279,0.005830727,mm_per_hr
21,intensity,120,Raanana Basin 2 pixel,0,WRFrain_noPGW_HPE21.mat,WRFrain_PGW_V3_HPE21.mat,0.073797726,0.001109633,-0.072688092,0.015036143,mm_per_hr
21,intensity,120,Raanana Basin 3 pixel,0,WRFrain_noPGW_HPE21.mat,WRFrain_PGW_V3_HPE21.mat,0.082639951,0.004731885,-0.077908065,0.05725905,mm_per_hr
21,intensity,240,Raanana Basin,0,WRFrain_noPGW_HPE21.mat,WRFrain_PGW_V3_HPE21.mat,0.007392183,1.06E-05,-0.007381626,0.001428192,mm_per_hr
21,intensity,240,Raanana Basin 1 pixel,0,WRFrain_noPGW_HPE21.mat,WRFrain_PGW_V3_HPE21.mat,0.035525463,0.00020705,-0.035318412,0.005828221,mm_per_hr
21,intensity,240,Raanana Basin 2 pixel,0,WRFrain_noPGW_HPE21.mat,WRFrain_PGW_V3_HPE21.mat,0.036911096,0.000554817,-0.03635628,0.015031159,mm_per_hr
21,intensity,240,Raanana Basin 3 pixel,0,WRFrain_noPGW_HPE21.mat,WRFrain_PGW_V3_HPE21.mat,0.041325703,0.002365943,-0.03895976,0.057251114,mm_per_hr
21,intensity,360,Raanana Basin,0,WRFrain_noPGW_HPE21.mat,WRFrain_PGW_V3_HPE21.mat,0.004928122,7.04E-06,-0.004921084,0.001428192,mm_per_hr
21,intensity,360,Raanana Basin 1 pixel,0,WRFrain_noPGW_HPE21.mat,WRFrain_PGW_V3_HPE21.mat,0.023683642,0.000138033,-0.023545608,0.005828221,mm_per_hr
21,intensity,360,Raanana Basin 2 pixel,0,WRFrain_noPGW_HPE21.mat,WRFrain_PGW_V3_HPE21.mat,0.024607397,0.000369878,-0.02423752,0.015031159,mm_per_hr
21,intensity,360,Raanana Basin 3 pixel,0,WRFrain_noPGW_HPE21.mat,WRFrain_PGW_V3_HPE21.mat,0.027550469,0.001577295,-0.025973174,0.057251114,mm_per_hr
21,intensity,720,Raanana Basin,0,WRFrain_noPGW_HPE21.mat,WRFrain_PGW_V3_HPE21.mat,0.002464061,4.73E-06,-0.002459332,0.001919091,mm_per_hr
21,intensity,720,Raanana Basin 1 pixel,0,WRFrain_noPGW_HPE21.mat,WRFrain_PGW_V3_HPE21.mat,0.011841821,6.90E-05,-0.011772804,0.005828221,mm_per_hr
21,intensity,720,Raanana Basin 2 pixel,0,WRFrain_noPGW_HPE21.mat,WRFrain_PGW_V3_HPE21.mat,0.012303699,0.000184939,-0.01211876,0.015031159,mm_per_hr
21,intensity,720,Raanana Basin 3 pixel,0,WRFrain_noPGW_HPE21.mat,WRFrain_PGW_V3_HPE21.mat,0.013775234,0.000788677,-0.012986557,0.05725326,mm_per_hr
21,intensity,1440,Raanana Basin,0,WRFrain_noPGW_HPE21.mat,WRFrain_PGW_V3_HPE21.mat,NaN,NaN,NaN,NaN,mm_per_hr
21,intensity,1440,Raanana Basin 1 pixel,0,WRFrain_noPGW_HPE21.mat,WRFrain_PGW_V3_HPE21.mat,NaN,NaN,NaN,NaN,mm_per_hr
21,intensity,1440,Raanana Basin 2 pixel,0,WRFrain_noPGW_HPE21.mat,WRFrain_PGW_V3_HPE21.mat,NaN,NaN,NaN,NaN,mm_per_hr
21,intensity,1440,Raanana Basin 3 pixel,0,WRFrain_noPGW_HPE21.mat,WRFrain_PGW_V3_HPE21.mat,NaN,NaN,NaN,NaN,mm_per_hr
22,total,0,Raanana Basin,0,WRFrain_noPGW_HPE22.mat,WRFrain_PGW_V3_HPE22.mat,4.846487792,0.117753982,-4.72873381,0.024296766,mm
22,total,0,Raanana Basin 1 pixel,0,WRFrain_noPGW_HPE22.mat,WRFrain_PGW_V3_HPE22.mat,6.390580017,0.501453281,-5.889126735,0.078467569,mm
22,total,0,Raanana Basin 2 pixel,0,WRFrain_noPGW_HPE22.mat,WRFrain_PGW_V3_HPE22.mat,6.590198647,0.819434309,-5.770764339,0.124341367,mm
22,total,0,Raanana Basin 3 pixel,0,WRFrain_noPGW_HPE22.mat,WRFrain_PGW_V3_HPE22.mat,6.872120042,0.911475719,-5.960644323,0.132633847,mm
22,intensity,10,Raanana Basin,0,WRFrain_noPGW_HPE22.mat,WRFrain_PGW_V3_HPE22.mat,13.34383515,0.434028736,-12.90980642,0.032526536,mm_per_hr
22,intensity,10,Raanana Basin 1 pixel,0,WRFrain_noPGW_HPE22.mat,WRFrain_PGW_V3_HPE22.mat,25.74734688,2.88101685,-22.86633003,0.111895679,mm_per_hr
22,intensity,10,Raanana Basin 2 pixel,0,WRFrain_noPGW_HPE22.mat,WRFrain_PGW_V3_HPE22.mat,25.14184535,4.528220415,-20.61362493,0.180106923,mm_per_hr
22,intensity,10,Raanana Basin 3 pixel,0,WRFrain_noPGW_HPE22.mat,WRFrain_PGW_V3_HPE22.mat,24.4804589,4.761312962,-19.71914593,0.194494433,mm_per_hr
22,intensity,20,Raanana Basin,0,WRFrain_noPGW_HPE22.mat,WRFrain_PGW_V3_HPE22.mat,12.17157619,0.290884185,-11.88069201,0.023898646,mm_per_hr
22,intensity,20,Raanana Basin 1 pixel,0,WRFrain_noPGW_HPE22.mat,WRFrain_PGW_V3_HPE22.mat,15.57204366,1.466093302,-14.10595036,0.094149062,mm_per_hr
22,intensity,20,Raanana Basin 2 pixel,0,WRFrain_noPGW_HPE22.mat,WRFrain_PGW_V3_HPE22.mat,16.26331678,2.441894475,-13.82142231,0.150147384,mm_per_hr
22,intensity,20,Raanana Basin 3 pixel,0,WRFrain_noPGW_HPE22.mat,WRFrain_PGW_V3_HPE22.mat,17.71252537,2.696078483,-15.01644689,0.152213105,mm_per_hr
22,intensity,30,Raanana Basin,0,WRFrain_noPGW_HPE22.mat,WRFrain_PGW_V3_HPE22.mat,8.540751051,0.212879776,-8.327871276,0.024925182,mm_per_hr
22,intensity,30,Raanana Basin 1 pixel,0,WRFrain_noPGW_HPE22.mat,WRFrain_PGW_V3_HPE22.mat,11.89226985,0.991847076,-10.90042277,0.083402671,mm_per_hr
22,intensity,30,Raanana Basin 2 pixel,0,WRFrain_noPGW_HPE22.mat,WRFrain_PGW_V3_HPE22.mat,12.28762072,1.629752628,-10.6578681,0.132633702,mm_per_hr
22,intensity,30,Raanana Basin 3 pixel,0,WRFrain_noPGW_HPE22.mat,WRFrain_PGW_V3_HPE22.mat,12.78801378,1.806998825,-10.98101495,0.141304104,mm_per_hr
22,intensity,60,Raanana Basin,0,WRFrain_noPGW_HPE22.mat,WRFrain_PGW_V3_HPE22.mat,4.520169237,0.106617953,-4.413551284,0.02358716,mm_per_hr
22,intensity,60,Raanana Basin 1 pixel,0,WRFrain_noPGW_HPE22.mat,WRFrain_PGW_V3_HPE22.mat,6.007150471,0.495962235,-5.511188237,0.08256198,mm_per_hr
22,intensity,60,Raanana Basin 2 pixel,0,WRFrain_noPGW_HPE22.mat,WRFrain_PGW_V3_HPE22.mat,6.191302709,0.814876314,-5.376426395,0.131616293,mm_per_hr
22,intensity,60,Raanana Basin 3 pixel,0,WRFrain_noPGW_HPE22.mat,WRFrain_PGW_V3_HPE22.mat,6.453565945,0.90357651,-5.549989436,0.140011974,mm_per_hr
22,intensity,120,Raanana Basin,0,WRFrain_noPGW_HPE22.mat,WRFrain_PGW_V3_HPE22.mat,2.264714229,0.053308977,-2.211405252,0.023538942,mm_per_hr
22,intensity,120,Raanana Basin 1 pixel,0,WRFrain_noPGW_HPE22.mat,WRFrain_PGW_V3_HPE22.mat,3.003777981,0.247981117,-2.755796863,0.082556407,mm_per_hr
22,intensity,120,Raanana Basin 2 pixel,0,WRFrain_noPGW_HPE22.mat,WRFrain_PGW_V3_HPE22.mat,3.097243514,0.407438157,-2.689805357,0.131548635,mm_per_hr
22,intensity,120,Raanana Basin 3 pixel,0,WRFrain_noPGW_HPE22.mat,WRFrain_PGW_V3_HPE22.mat,3.227895988,0.451788255,-2.776107734,0.139963697,mm_per_hr
22,intensity,240,Raanana Basin,0,WRFrain_noPGW_HPE22.mat,WRFrain_PGW_V3_HPE22.mat,1.132357114,0.026677579,-1.105679536,0.023559333,mm_per_hr
22,intensity,240,Raanana Basin 1 pixel,0,WRFrain_noPGW_HPE22.mat,WRFrain_PGW_V3_HPE22.mat,1.50188899,0.123990559,-1.377898432,0.082556407,mm_per_hr
22,intensity,240,Raanana Basin 2 pixel,0,WRFrain_noPGW_HPE22.mat,WRFrain_PGW_V3_HPE22.mat,1.548621757,0.203719079,-1.344902678,0.131548635,mm_per_hr
22,intensity,240,Raanana Basin 3 pixel,0,WRFrain_noPGW_HPE22.mat,WRFrain_PGW_V3_HPE22.mat,1.613947994,0.225894127,-1.388053867,0.139963697,mm_per_hr
22,intensity,360,Raanana Basin,0,WRFrain_noPGW_HPE22.mat,WRFrain_PGW_V3_HPE22.mat,0.754904743,0.017785052,-0.73711969,0.023559333,mm_per_hr
22,intensity,360,Raanana Basin 1 pixel,0,WRFrain_noPGW_HPE22.mat,WRFrain_PGW_V3_HPE22.mat,1.001259327,0.082660372,-0.918598954,0.082556407,mm_per_hr
22,intensity,360,Raanana Basin 2 pixel,0,WRFrain_noPGW_HPE22.mat,WRFrain_PGW_V3_HPE22.mat,1.032414505,0.135812719,-0.896601786,0.131548635,mm_per_hr
22,intensity,360,Raanana Basin 3 pixel,0,WRFrain_noPGW_HPE22.mat,WRFrain_PGW_V3_HPE22.mat,1.075965329,0.150596085,-0.925369245,0.139963697,mm_per_hr
22,intensity,720,Raanana Basin,0,WRFrain_noPGW_HPE22.mat,WRFrain_PGW_V3_HPE22.mat,0.378218455,0.008941958,-0.369276498,0.023642309,mm_per_hr
22,intensity,720,Raanana Basin 1 pixel,0,WRFrain_noPGW_HPE22.mat,WRFrain_PGW_V3_HPE22.mat,0.50459675,0.041662488,-0.462934261,0.082565907,mm_per_hr
22,intensity,720,Raanana Basin 2 pixel,0,WRFrain_noPGW_HPE22.mat,WRFrain_PGW_V3_HPE22.mat,0.519702727,0.067913425,-0.451789302,0.130677445,mm_per_hr
22,intensity,720,Raanana Basin 3 pixel,0,WRFrain_noPGW_HPE22.mat,WRFrain_PGW_V3_HPE22.mat,0.540316853,0.075314004,-0.465002849,0.13938859,mm_per_hr
22,intensity,1440,Raanana Basin,0,WRFrain_noPGW_HPE22.mat,WRFrain_PGW_V3_HPE22.mat,0.194125735,0.004901825,-0.189223911,0.025250771,mm_per_hr
22,intensity,1440,Raanana Basin 1 pixel,0,WRFrain_noPGW_HPE22.mat,WRFrain_PGW_V3_HPE22.mat,0.257040119,0.020890518,-0.236149602,0.081273374,mm_per_hr
22,intensity,1440,Raanana Basin 2 pixel,0,WRFrain_noPGW_HPE22.mat,WRFrain_PGW_V3_HPE22.mat,0.26669623,0.03410424,-0.232591991,0.127876722,mm_per_hr
22,intensity,1440,Raanana Basin 3 pixel,0,WRFrain_noPGW_HPE22.mat,WRFrain_PGW_V3_HPE22.mat,0.279680621,0.037787649,-0.241892973,0.13511,mm_per_hr
23,total,0,Raanana Basin,0,WRFrain_noPGW_HPE23.mat,WRFrain_PGW_V3_HPE23.mat,18.70066253,8.02369412,-10.67696841,0.42905935,mm
23,total,0,Raanana Basin 1 pixel,0,WRFrain_noPGW_HPE23.mat,WRFrain_PGW_V3_HPE23.mat,32.58652806,12.82249033,-19.76403773,0.393490534,mm
23,total,0,Raanana Basin 2 pixel,0,WRFrain_noPGW_HPE23.mat,WRFrain_PGW_V3_HPE23.mat,32.21713649,11.71824551,-20.49889098,0.363727096,mm
23,total,0,Raanana Basin 3 pixel,0,WRFrain_noPGW_HPE23.mat,WRFrain_PGW_V3_HPE23.mat,29.91713413,10.62804967,-19.28908446,0.355249591,mm
23,intensity,10,Raanana Basin,0,WRFrain_noPGW_HPE23.mat,WRFrain_PGW_V3_HPE23.mat,25.80717924,5.77613534,-20.0310439,0.223818934,mm_per_hr
23,intensity,10,Raanana Basin 1 pixel,0,WRFrain_noPGW_HPE23.mat,WRFrain_PGW_V3_HPE23.mat,49.46793938,35.63646126,-13.83147812,0.720395103,mm_per_hr
23,intensity,10,Raanana Basin 2 pixel,0,WRFrain_noPGW_HPE23.mat,WRFrain_PGW_V3_HPE23.mat,44.57020712,26.39095116,-18.17925596,0.5921209,mm_per_hr
23,intensity,10,Raanana Basin 3 pixel,0,WRFrain_noPGW_HPE23.mat,WRFrain_PGW_V3_HPE23.mat,37.45225064,20.91467683,-16.53757381,0.558435781,mm_per_hr
23,intensity,20,Raanana Basin,0,WRFrain_noPGW_HPE23.mat,WRFrain_PGW_V3_HPE23.mat,17.27474629,3.45476835,-13.81997794,0.199989528,mm_per_hr
23,intensity,20,Raanana Basin 1 pixel,0,WRFrain_noPGW_HPE23.mat,WRFrain_PGW_V3_HPE23.mat,41.06663418,18.44810486,-22.61852932,0.449223688,mm_per_hr
23,intensity,20,Raanana Basin 2 pixel,0,WRFrain_noPGW_HPE23.mat,WRFrain_PGW_V3_HPE23.mat,33.70001471,13.78290689,-19.91710782,0.408988156,mm_per_hr
23,intensity,20,Raanana Basin 3 pixel,0,WRFrain_noPGW_HPE23.mat,WRFrain_PGW_V3_HPE23.mat,29.31883367,11.15527161,-18.16356206,0.380481425,mm_per_hr
23,intensity,30,Raanana Basin,0,WRFrain_noPGW_HPE23.mat,WRFrain_PGW_V3_HPE23.mat,13.14615544,2.996075732,-10.15007971,0.227905089,mm_per_hr
23,intensity,30,Raanana Basin 1 pixel,0,WRFrain_noPGW_HPE23.mat,WRFrain_PGW_V3_HPE23.mat,29.39704967,12.88585663,-16.51119304,0.438338431,mm_per_hr
23,intensity,30,Raanana Basin 2 pixel,0,WRFrain_noPGW_HPE23.mat,WRFrain_PGW_V3_HPE23.mat,26.04006135,9.743669987,-16.29639137,0.374179993,mm_per_hr
23,intensity,30,Raanana Basin 3 pixel,0,WRFrain_noPGW_HPE23.mat,WRFrain_PGW_V3_HPE23.mat,24.78845755,7.65111245,-17.1373451,0.308656254,mm_per_hr
23,intensity,60,Raanana Basin,0,WRFrain_noPGW_HPE23.mat,WRFrain_PGW_V3_HPE23.mat,7.778928811,2.336952582,-5.441976228,0.300420873,mm_per_hr
23,intensity,60,Raanana Basin 1 pixel,0,WRFrain_noPGW_HPE23.mat,WRFrain_PGW_V3_HPE23.mat,15.19955224,6.660851955,-8.538700283,0.438226854,mm_per_hr
23,intensity,60,Raanana Basin 2 pixel,0,WRFrain_noPGW_HPE23.mat,WRFrain_PGW_V3_HPE23.mat,13.37509057,5.059308708,-8.315781862,0.37826351,mm_per_hr
23,intensity,60,Raanana Basin 3 pixel,0,WRFrain_noPGW_HPE23.mat,WRFrain_PGW_V3_HPE23.mat,13.44061093,3.916430526,-9.524180399,0.291387836,mm_per_hr
23,intensity,120,Raanana Basin,0,WRFrain_noPGW_HPE23.mat,WRFrain_PGW_V3_HPE23.mat,4.010529458,1.2382734,-2.772256058,0.308755593,mm_per_hr
23,intensity,120,Raanana Basin 1 pixel,0,WRFrain_noPGW_HPE23.mat,WRFrain_PGW_V3_HPE23.mat,7.606551498,3.575748086,-4.030803412,0.470087935,mm_per_hr
23,intensity,120,Raanana Basin 2 pixel,0,WRFrain_noPGW_HPE23.mat,WRFrain_PGW_V3_HPE23.mat,6.692332968,2.842579491,-3.849753477,0.424751653,mm_per_hr
23,intensity,120,Raanana Basin 3 pixel,0,WRFrain_noPGW_HPE23.mat,WRFrain_PGW_V3_HPE23.mat,7.024969339,2.290585389,-4.734383951,0.3260634,mm_per_hr
23,intensity,240,Raanana Basin,0,WRFrain_noPGW_HPE23.mat,WRFrain_PGW_V3_HPE23.mat,2.009374277,0.619138712,-1.390235565,0.308125131,mm_per_hr
23,intensity,240,Raanana Basin 1 pixel,0,WRFrain_noPGW_HPE23.mat,WRFrain_PGW_V3_HPE23.mat,3.803939195,1.927990764,-1.875948431,0.506840584,mm_per_hr
23,intensity,240,Raanana Basin 2 pixel,0,WRFrain_noPGW_HPE23.mat,WRFrain_PGW_V3_HPE23.mat,3.346588162,1.514117513,-1.832470649,0.452436165,mm_per_hr
23,intensity,240,Raanana Basin 3 pixel,0,WRFrain_noPGW_HPE23.mat,WRFrain_PGW_V3_HPE23.mat,3.515098231,1.278356796,-2.236741435,0.36367598,mm_per_hr
23,intensity,360,Raanana Basin,0,WRFrain_noPGW_HPE23.mat,WRFrain_PGW_V3_HPE23.mat,1.339585317,0.771446856,-0.568138461,0.575884825,mm_per_hr
23,intensity,360,Raanana Basin 1 pixel,0,WRFrain_noPGW_HPE23.mat,WRFrain_PGW_V3_HPE23.mat,2.535959464,1.389238055,-1.146721409,0.54781556,mm_per_hr
23,intensity,360,Raanana Basin 2 pixel,0,WRFrain_noPGW_HPE23.mat,WRFrain_PGW_V3_HPE23.mat,2.534918129,1.14128819,-1.39362994,0.450226844,mm_per_hr
23,intensity,360,Raanana Basin 3 pixel,0,WRFrain_noPGW_HPE23.mat,WRFrain_PGW_V3_HPE23.mat,2.477010082,0.990047663,-1.486962419,0.399694644,mm_per_hr
23,intensity,720,Raanana Basin,0,WRFrain_noPGW_HPE23.mat,WRFrain_PGW_V3_HPE23.mat,1.222917021,0.410038121,-0.812878899,0.33529513,mm_per_hr
23,intensity,720,Raanana Basin 1 pixel,0,WRFrain_noPGW_HPE23.mat,WRFrain_PGW_V3_HPE23.mat,2.211753637,0.752451072,-1.459302565,0.340205645,mm_per_hr
23,intensity,720,Raanana Basin 2 pixel,0,WRFrain_noPGW_HPE23.mat,WRFrain_PGW_V3_HPE23.mat,2.200131545,0.663370669,-1.536760876,0.301514094,mm_per_hr
23,intensity,720,Raanana Basin 3 pixel,0,WRFrain_noPGW_HPE23.mat,WRFrain_PGW_V3_HPE23.mat,2.026133964,0.569703446,-1.456430518,0.281177581,mm_per_hr
23,intensity,1440,Raanana Basin,0,WRFrain_noPGW_HPE23.mat,WRFrain_PGW_V3_HPE23.mat,0.645087727,0.205683984,-0.439403743,0.318846531,mm_per_hr
23,intensity,1440,Raanana Basin 1 pixel,0,WRFrain_noPGW_HPE23.mat,WRFrain_PGW_V3_HPE23.mat,1.203041762,0.376405264,-0.826636498,0.31287797,mm_per_hr
23,intensity,1440,Raanana Basin 2 pixel,0,WRFrain_noPGW_HPE23.mat,WRFrain_PGW_V3_HPE23.mat,1.183556422,0.332214028,-0.851342394,0.280691332,mm_per_hr
23,intensity,1440,Raanana Basin 3 pixel,0,WRFrain_noPGW_HPE23.mat,WRFrain_PGW_V3_HPE23.mat,1.091282799,0.285154247,-0.806128551,0.26130188,mm_per_hr
24,total,0,Raanana Basin,0,WRFrain_noPGW_HPE24.mat,WRFrain_PGW_V3_HPE24.mat,70.80864126,90.93611846,20.1274772,1.284251708,mm
24,total,0,Raanana Basin 1 pixel,0,WRFrain_noPGW_HPE24.mat,WRFrain_PGW_V3_HPE24.mat,86.13511656,112.3662261,26.23110958,1.304534441,mm
24,total,0,Raanana Basin 2 pixel,0,WRFrain_noPGW_HPE24.mat,WRFrain_PGW_V3_HPE24.mat,86.12869261,111.7818508,25.65315818,1.297846831,mm
24,total,0,Raanana Basin 3 pixel,0,WRFrain_noPGW_HPE24.mat,WRFrain_PGW_V3_HPE24.mat,86.13751729,111.5902532,25.4527359,1.295489546,mm
24,intensity,10,Raanana Basin,0,WRFrain_noPGW_HPE24.mat,WRFrain_PGW_V3_HPE24.mat,16.50074288,24.38715488,7.886411999,1.477942845,mm_per_hr
24,intensity,10,Raanana Basin 1 pixel,0,WRFrain_noPGW_HPE24.mat,WRFrain_PGW_V3_HPE24.mat,41.21312714,57.61745453,16.40432739,1.398036464,mm_per_hr
24,intensity,10,Raanana Basin 2 pixel,0,WRFrain_noPGW_HPE24.mat,WRFrain_PGW_V3_HPE24.mat,37.49044704,55.62809372,18.13764668,1.483793822,mm_per_hr
24,intensity,10,Raanana Basin 3 pixel,0,WRFrain_noPGW_HPE24.mat,WRFrain_PGW_V3_HPE24.mat,41.89443461,49.7021052,7.807670593,1.186365341,mm_per_hr
24,intensity,20,Raanana Basin,0,WRFrain_noPGW_HPE24.mat,WRFrain_PGW_V3_HPE24.mat,13.49183784,17.60002249,4.108184645,1.304494072,mm_per_hr
24,intensity,20,Raanana Basin 1 pixel,0,WRFrain_noPGW_HPE24.mat,WRFrain_PGW_V3_HPE24.mat,23.37833405,46.35970688,22.98137283,1.983020124,mm_per_hr
24,intensity,20,Raanana Basin 2 pixel,0,WRFrain_noPGW_HPE24.mat,WRFrain_PGW_V3_HPE24.mat,22.42236614,41.07135487,18.64898872,1.831713683,mm_per_hr
24,intensity,20,Raanana Basin 3 pixel,0,WRFrain_noPGW_HPE24.mat,WRFrain_PGW_V3_HPE24.mat,23.22313309,38.41509835,15.19196526,1.654173802,mm_per_hr
24,intensity,30,Raanana Basin,0,WRFrain_noPGW_HPE24.mat,WRFrain_PGW_V3_HPE24.mat,12.8778022,14.26156058,1.383758382,1.107452992,mm_per_hr
24,intensity,30,Raanana Basin 1 pixel,0,WRFrain_noPGW_HPE24.mat,WRFrain_PGW_V3_HPE24.mat,21.16716766,35.52858734,14.36141968,1.678476209,mm_per_hr
24,intensity,30,Raanana Basin 2 pixel,0,WRFrain_noPGW_HPE24.mat,WRFrain_PGW_V3_HPE24.mat,19.81806755,33.59161568,13.77354813,1.694999555,mm_per_hr
24,intensity,30,Raanana Basin 3 pixel,0,WRFrain_noPGW_HPE24.mat,WRFrain_PGW_V3_HPE24.mat,18.58745151,30.08448368,11.49703217,1.618537305,mm_per_hr
24,intensity,60,Raanana Basin,0,WRFrain_noPGW_HPE24.mat,WRFrain_PGW_V3_HPE24.mat,9.733243727,8.627953326,-1.105290401,0.886441722,mm_per_hr
24,intensity,60,Raanana Basin 1 pixel,0,WRFrain_noPGW_HPE24.mat,WRFrain_PGW_V3_HPE24.mat,15.78536606,20.29627991,4.510913849,1.285765552,mm_per_hr
24,intensity,60,Raanana Basin 2 pixel,0,WRFrain_noPGW_HPE24.mat,WRFrain_PGW_V3_HPE24.mat,17.83119011,19.78913784,1.957947731,1.109804658,mm_per_hr
24,intensity,60,Raanana Basin 3 pixel,0,WRFrain_noPGW_HPE24.mat,WRFrain_PGW_V3_HPE24.mat,17.46488614,18.19645013,0.731563992,1.041887705,mm_per_hr
24,intensity,120,Raanana Basin,0,WRFrain_noPGW_HPE24.mat,WRFrain_PGW_V3_HPE24.mat,8.152068145,6.889421835,-1.26264631,0.845113376,mm_per_hr
24,intensity,120,Raanana Basin 1 pixel,0,WRFrain_noPGW_HPE24.mat,WRFrain_PGW_V3_HPE24.mat,10.01553011,12.16329575,2.147765636,1.21444353,mm_per_hr
24,intensity,120,Raanana Basin 2 pixel,0,WRFrain_noPGW_HPE24.mat,WRFrain_PGW_V3_HPE24.mat,9.850285053,12.37727416,2.526989102,1.256539693,mm_per_hr
24,intensity,120,Raanana Basin 3 pixel,0,WRFrain_noPGW_HPE24.mat,WRFrain_PGW_V3_HPE24.mat,9.772791836,12.3528343,2.580042468,1.264002601,mm_per_hr
24,intensity,240,Raanana Basin,0,WRFrain_noPGW_HPE24.mat,WRFrain_PGW_V3_HPE24.mat,5.676767559,5.074271582,-0.602495977,0.893866365,mm_per_hr
24,intensity,240,Raanana Basin 1 pixel,0,WRFrain_noPGW_HPE24.mat,WRFrain_PGW_V3_HPE24.mat,6.63794452,7.833126783,1.195182264,1.180053066,mm_per_hr
24,intensity,240,Raanana Basin 2 pixel,0,WRFrain_noPGW_HPE24.mat,WRFrain_PGW_V3_HPE24.mat,6.547890842,8.012599379,1.464708537,1.223691655,mm_per_hr
24,intensity,240,Raanana Basin 3 pixel,0,WRFrain_noPGW_HPE24.mat,WRFrain_PGW_V3_HPE24.mat,6.478178124,8.053967516,1.575789392,1.243245765,mm_per_hr
24,intensity,360,Raanana Basin,0,WRFrain_noPGW_HPE24.mat,WRFrain_PGW_V3_HPE24.mat,4.512236593,4.17969166,-0.332544933,0.92630153,mm_per_hr
24,intensity,360,Raanana Basin 1 pixel,0,WRFrain_noPGW_HPE24.mat,WRFrain_PGW_V3_HPE24.mat,5.572791576,5.576397896,0.003606319,1.00064713,mm_per_hr
24,intensity,360,Raanana Basin 2 pixel,0,WRFrain_noPGW_HPE24.mat,WRFrain_PGW_V3_HPE24.mat,5.822392821,5.786493818,-0.035899003,0.993834321,mm_per_hr
24,intensity,360,Raanana Basin 3 pixel,0,WRFrain_noPGW_HPE24.mat,WRFrain_PGW_V3_HPE24.mat,5.885366003,5.846445207,-0.038920795,0.993386852,mm_per_hr
24,intensity,720,Raanana Basin,0,WRFrain_noPGW_HPE24.mat,WRFrain_PGW_V3_HPE24.mat,2.9738852,2.83003869,-0.143846509,0.951630107,mm_per_hr
24,intensity,720,Raanana Basin 1 pixel,0,WRFrain_noPGW_HPE24.mat,WRFrain_PGW_V3_HPE24.mat,3.684076031,3.776176055,0.092100024,1.024999491,mm_per_hr
24,intensity,720,Raanana Basin 2 pixel,0,WRFrain_noPGW_HPE24.mat,WRFrain_PGW_V3_HPE24.mat,3.833150869,3.926214457,0.093063588,1.024278613,mm_per_hr
24,intensity,720,Raanana Basin 3 pixel,0,WRFrain_noPGW_HPE24.mat,WRFrain_PGW_V3_HPE24.mat,3.876656193,4.045730684,0.169074491,1.043613486,mm_per_hr
24,intensity,1440,Raanana Basin,0,WRFrain_noPGW_HPE24.mat,WRFrain_PGW_V3_HPE24.mat,1.754241425,1.815559339,0.061317913,1.03495409,mm_per_hr
24,intensity,1440,Raanana Basin 1 pixel,0,WRFrain_noPGW_HPE24.mat,WRFrain_PGW_V3_HPE24.mat,2.078726145,2.409238817,0.330512672,1.158997698,mm_per_hr
24,intensity,1440,Raanana Basin 2 pixel,0,WRFrain_noPGW_HPE24.mat,WRFrain_PGW_V3_HPE24.mat,2.147754664,2.469272851,0.321518188,1.149699681,mm_per_hr
24,intensity,1440,Raanana Basin 3 pixel,0,WRFrain_noPGW_HPE24.mat,WRFrain_PGW_V3_HPE24.mat,2.164794285,2.477233922,0.312439637,1.144327634,mm_per_hr
25,total,0,Raanana Basin,0,WRFrain_noPGW_HPE25.mat,WRFrain_PGW_V3_HPE25.mat,68.09068597,39.0919665,-28.99871947,0.574116209,mm
25,total,0,Raanana Basin 1 pixel,0,WRFrain_noPGW_HPE25.mat,WRFrain_PGW_V3_HPE25.mat,76.37923431,46.88211441,-29.4971199,0.613807075,mm
25,total,0,Raanana Basin 2 pixel,0,WRFrain_noPGW_HPE25.mat,WRFrain_PGW_V3_HPE25.mat,81.02999305,49.69788354,-31.33210951,0.613327012,mm
25,total,0,Raanana Basin 3 pixel,0,WRFrain_noPGW_HPE25.mat,WRFrain_PGW_V3_HPE25.mat,83.95957013,50.5891668,-33.37040333,0.602541994,mm
25,intensity,10,Raanana Basin,0,WRFrain_noPGW_HPE25.mat,WRFrain_PGW_V3_HPE25.mat,17.41539565,17.89412513,0.478729477,1.027488866,mm_per_hr
25,intensity,10,Raanana Basin 1 pixel,0,WRFrain_noPGW_HPE25.mat,WRFrain_PGW_V3_HPE25.mat,33.71070957,34.10939026,0.398680687,1.011826529,mm_per_hr
25,intensity,10,Raanana Basin 2 pixel,0,WRFrain_noPGW_HPE25.mat,WRFrain_PGW_V3_HPE25.mat,32.00026917,32.98800087,0.987731695,1.030866356,mm_per_hr
25,intensity,10,Raanana Basin 3 pixel,0,WRFrain_noPGW_HPE25.mat,WRFrain_PGW_V3_HPE25.mat,29.00986226,30.8064537,1.796591441,1.061930368,mm_per_hr
25,intensity,20,Raanana Basin,0,WRFrain_noPGW_HPE25.mat,WRFrain_PGW_V3_HPE25.mat,14.67136665,10.16652036,-4.50484629,0.692949785,mm_per_hr
25,intensity,20,Raanana Basin 1 pixel,0,WRFrain_noPGW_HPE25.mat,WRFrain_PGW_V3_HPE25.mat,19.25023413,19.34708118,0.096847057,1.005030955,mm_per_hr
25,intensity,20,Raanana Basin 2 pixel,0,WRFrain_noPGW_HPE25.mat,WRFrain_PGW_V3_HPE25.mat,19.00143242,19.35142207,0.349989653,1.018419119,mm_per_hr
25,intensity,20,Raanana Basin 3 pixel,0,WRFrain_noPGW_HPE25.mat,WRFrain_PGW_V3_HPE25.mat,22.11077118,18.24944496,-3.861326218,0.825364471,mm_per_hr
25,intensity,30,Raanana Basin,0,WRFrain_noPGW_HPE25.mat,WRFrain_PGW_V3_HPE25.mat,10.53395621,8.795775241,-1.738180973,0.834992577,mm_per_hr
25,intensity,30,Raanana Basin 1 pixel,0,WRFrain_noPGW_HPE25.mat,WRFrain_PGW_V3_HPE25.mat,14.01403522,13.95109653,-0.06293869,0.995508882,mm_per_hr
25,intensity,30,Raanana Basin 2 pixel,0,WRFrain_noPGW_HPE25.mat,WRFrain_PGW_V3_HPE25.mat,15.71221924,13.5118854,-2.200333834,0.85996034,mm_per_hr
25,intensity,30,Raanana Basin 3 pixel,0,WRFrain_noPGW_HPE25.mat,WRFrain_PGW_V3_HPE25.mat,18.91984812,12.26045354,-6.659394582,0.648020717,mm_per_hr
25,intensity,60,Raanana Basin,0,WRFrain_noPGW_HPE25.mat,WRFrain_PGW_V3_HPE25.mat,6.289768448,4.936672437,-1.353096011,0.784873478,mm_per_hr
25,intensity,60,Raanana Basin 1 pixel,0,WRFrain_noPGW_HPE25.mat,WRFrain_PGW_V3_HPE25.mat,9.011676788,7.598996967,-1.412679821,0.84323896,mm_per_hr
25,intensity,60,Raanana Basin 2 pixel,0,WRFrain_noPGW_HPE25.mat,WRFrain_PGW_V3_HPE25.mat,9.752549171,7.913688127,-1.838861044,0.811448165,mm_per_hr
25,intensity,60,Raanana Basin 3 pixel,0,WRFrain_noPGW_HPE25.mat,WRFrain_PGW_V3_HPE25.mat,11.55384784,7.497338729,-4.056509114,0.648904056,mm_per_hr
25,intensity,120,Raanana Basin,0,WRFrain_noPGW_HPE25.mat,WRFrain_PGW_V3_HPE25.mat,5.083410065,3.694368139,-1.389041926,0.726749975,mm_per_hr
25,intensity,120,Raanana Basin 1 pixel,0,WRFrain_noPGW_HPE25.mat,WRFrain_PGW_V3_HPE25.mat,7.290090561,5.337302208,-1.952788353,0.732131126,mm_per_hr
25,intensity,120,Raanana Basin 2 pixel,0,WRFrain_noPGW_HPE25.mat,WRFrain_PGW_V3_HPE25.mat,8.322274923,5.363906264,-2.958368659,0.644524041,mm_per_hr
25,intensity,120,Raanana Basin 3 pixel,0,WRFrain_noPGW_HPE25.mat,WRFrain_PGW_V3_HPE25.mat,9.150699404,5.272259977,-3.878439426,0.576159236,mm_per_hr
25,intensity,240,Raanana Basin,0,WRFrain_noPGW_HPE25.mat,WRFrain_PGW_V3_HPE25.mat,3.833756519,2.382319316,-1.451437203,0.621406003,mm_per_hr
25,intensity,240,Raanana Basin 1 pixel,0,WRFrain_noPGW_HPE25.mat,WRFrain_PGW_V3_HPE25.mat,5.883665085,3.226918697,-2.656746387,0.548453838,mm_per_hr
25,intensity,240,Raanana Basin 2 pixel,0,WRFrain_noPGW_HPE25.mat,WRFrain_PGW_V3_HPE25.mat,6.519637704,3.193695247,-3.325942457,0.489857779,mm_per_hr
25,intensity,240,Raanana Basin 3 pixel,0,WRFrain_noPGW_HPE25.mat,WRFrain_PGW_V3_HPE25.mat,6.943514506,3.439366857,-3.504147649,0.495335158,mm_per_hr
25,intensity,360,Raanana Basin,0,WRFrain_noPGW_HPE25.mat,WRFrain_PGW_V3_HPE25.mat,3.83066886,2.017168591,-1.813500269,0.526583911,mm_per_hr
25,intensity,360,Raanana Basin 1 pixel,0,WRFrain_noPGW_HPE25.mat,WRFrain_PGW_V3_HPE25.mat,5.045587222,2.774886767,-2.270700455,0.549963095,mm_per_hr
25,intensity,360,Raanana Basin 2 pixel,0,WRFrain_noPGW_HPE25.mat,WRFrain_PGW_V3_HPE25.mat,5.480770906,2.886686524,-2.594084382,0.526693521,mm_per_hr
25,intensity,360,Raanana Basin 3 pixel,0,WRFrain_noPGW_HPE25.mat,WRFrain_PGW_V3_HPE25.mat,5.716135343,3.003413836,-2.712721507,0.525427348,mm_per_hr
25,intensity,720,Raanana Basin,0,WRFrain_noPGW_HPE25.mat,WRFrain_PGW_V3_HPE25.mat,3.192476952,1.336858896,-1.855618055,0.418752873,mm_per_hr
25,intensity,720,Raanana Basin 1 pixel,0,WRFrain_noPGW_HPE25.mat,WRFrain_PGW_V3_HPE25.mat,3.661667188,1.758161823,-1.903505365,0.480153365,mm_per_hr
25,intensity,720,Raanana Basin 2 pixel,0,WRFrain_noPGW_HPE25.mat,WRFrain_PGW_V3_HPE25.mat,3.829717676,1.800354898,-2.029362778,0.470101206,mm_per_hr
25,intensity,720,Raanana Basin 3 pixel,0,WRFrain_noPGW_HPE25.mat,WRFrain_PGW_V3_HPE25.mat,3.960440583,1.892415082,-2.068025501,0.477829434,mm_per_hr
25,intensity,1440,Raanana Basin,0,WRFrain_noPGW_HPE25.mat,WRFrain_PGW_V3_HPE25.mat,1.980731326,1.130861258,-0.849870068,0.570931172,mm_per_hr
25,intensity,1440,Raanana Basin 1 pixel,0,WRFrain_noPGW_HPE25.mat,WRFrain_PGW_V3_HPE25.mat,2.208956162,1.475304047,-0.733652115,0.667873846,mm_per_hr
25,intensity,1440,Raanana Basin 2 pixel,0,WRFrain_noPGW_HPE25.mat,WRFrain_PGW_V3_HPE25.mat,2.347647746,1.565222532,-0.782425215,0.6667195,mm_per_hr
25,intensity,1440,Raanana Basin 3 pixel,0,WRFrain_noPGW_HPE25.mat,WRFrain_PGW_V3_HPE25.mat,2.447213252,1.649082473,-0.798130779,0.673861369,mm_per_hr
26,total,0,Raanana Basin,0,WRFrain_noPGW_HPE26.mat,WRFrain_PGW_V3_HPE26.mat,22.34320724,24.09872028,1.755513039,1.078570324,mm
26,total,0,Raanana Basin 1 pixel,0,WRFrain_noPGW_HPE26.mat,WRFrain_PGW_V3_HPE26.mat,30.86224937,32.10147479,1.239225416,1.040153438,mm
26,total,0,Raanana Basin 2 pixel,0,WRFrain_noPGW_HPE26.mat,WRFrain_PGW_V3_HPE26.mat,33.00999974,31.56446032,-1.445539422,0.956209045,mm
26,total,0,Raanana Basin 3 pixel,0,WRFrain_noPGW_HPE26.mat,WRFrain_PGW_V3_HPE26.mat,33.39785955,33.90800202,0.510142469,1.015274706,mm
26,intensity,10,Raanana Basin,0,WRFrain_noPGW_HPE26.mat,WRFrain_PGW_V3_HPE26.mat,13.40274777,21.55245667,8.149708899,1.608062543,mm_per_hr
26,intensity,10,Raanana Basin 1 pixel,0,WRFrain_noPGW_HPE26.mat,WRFrain_PGW_V3_HPE26.mat,26.58384705,47.82584381,21.24199677,1.799056537,mm_per_hr
26,intensity,10,Raanana Basin 2 pixel,0,WRFrain_noPGW_HPE26.mat,WRFrain_PGW_V3_HPE26.mat,22.63575697,45.45917416,22.82341719,2.008290433,mm_per_hr
26,intensity,10,Raanana Basin 3 pixel,0,WRFrain_noPGW_HPE26.mat,WRFrain_PGW_V3_HPE26.mat,23.04178937,36.45665614,13.41486677,1.582197266,mm_per_hr
26,intensity,20,Raanana Basin,0,WRFrain_noPGW_HPE26.mat,WRFrain_PGW_V3_HPE26.mat,9.14615161,18.50588663,9.359735024,2.023352271,mm_per_hr
26,intensity,20,Raanana Basin 1 pixel,0,WRFrain_noPGW_HPE26.mat,WRFrain_PGW_V3_HPE26.mat,20.92602253,31.03213406,10.10611153,1.482944693,mm_per_hr
26,intensity,20,Raanana Basin 2 pixel,0,WRFrain_noPGW_HPE26.mat,WRFrain_PGW_V3_HPE26.mat,20.01252437,30.16552019,10.15299582,1.507332091,mm_per_hr
26,intensity,20,Raanana Basin 3 pixel,0,WRFrain_noPGW_HPE26.mat,WRFrain_PGW_V3_HPE26.mat,18.46369171,24.62015883,6.15646712,1.333436412,mm_per_hr
26,intensity,30,Raanana Basin,0,WRFrain_noPGW_HPE26.mat,WRFrain_PGW_V3_HPE26.mat,7.138677383,13.49967904,6.361001656,1.891061651,mm_per_hr
26,intensity,30,Raanana Basin 1 pixel,0,WRFrain_noPGW_HPE26.mat,WRFrain_PGW_V3_HPE26.mat,15.44666672,21.18429375,5.737627029,1.371447584,mm_per_hr
26,intensity,30,Raanana Basin 2 pixel,0,WRFrain_noPGW_HPE26.mat,WRFrain_PGW_V3_HPE26.mat,16.99884033,21.13233948,4.133499146,1.243163596,mm_per_hr
26,intensity,30,Raanana Basin 3 pixel,0,WRFrain_noPGW_HPE26.mat,WRFrain_PGW_V3_HPE26.mat,14.78466055,18.85677571,4.072115156,1.275428384,mm_per_hr
26,intensity,60,Raanana Basin,0,WRFrain_noPGW_HPE26.mat,WRFrain_PGW_V3_HPE26.mat,4.214270527,7.775469798,3.561199272,1.845033381,mm_per_hr
26,intensity,60,Raanana Basin 1 pixel,0,WRFrain_noPGW_HPE26.mat,WRFrain_PGW_V3_HPE26.mat,10.45137691,11.04249859,0.591121674,1.056559215,mm_per_hr
26,intensity,60,Raanana Basin 2 pixel,0,WRFrain_noPGW_HPE26.mat,WRFrain_PGW_V3_HPE26.mat,11.64323068,11.17854261,-0.464688063,0.960089422,mm_per_hr
26,intensity,60,Raanana Basin 3 pixel,0,WRFrain_noPGW_HPE26.mat,WRFrain_PGW_V3_HPE26.mat,10.66363949,10.47207091,-0.191568587,0.982035347,mm_per_hr
26,intensity,120,Raanana Basin,0,WRFrain_noPGW_HPE26.mat,WRFrain_PGW_V3_HPE26.mat,2.583056866,3.891224318,1.308167452,1.5064416,mm_per_hr
26,intensity,120,Raanana Basin 1 pixel,0,WRFrain_noPGW_HPE26.mat,WRFrain_PGW_V3_HPE26.mat,7.639557838,5.759781837,-1.879776001,0.75394178,mm_per_hr
26,intensity,120,Raanana Basin 2 pixel,0,WRFrain_noPGW_HPE26.mat,WRFrain_PGW_V3_HPE26.mat,8.458231688,5.807083607,-2.651148081,0.686560007,mm_per_hr
26,intensity,120,Raanana Basin 3 pixel,0,WRFrain_noPGW_HPE26.mat,WRFrain_PGW_V3_HPE26.mat,7.958043681,5.518453307,-2.439590375,0.693443455,mm_per_hr
26,intensity,240,Raanana Basin,0,WRFrain_noPGW_HPE26.mat,WRFrain_PGW_V3_HPE26.mat,2.190766868,2.270303796,0.079536928,1.036305519,mm_per_hr
26,intensity,240,Raanana Basin 1 pixel,0,WRFrain_noPGW_HPE26.mat,WRFrain_PGW_V3_HPE26.mat,4.603582859,3.432548776,-1.171034083,0.745625501,mm_per_hr
26,intensity,240,Raanana Basin 2 pixel,0,WRFrain_noPGW_HPE26.mat,WRFrain_PGW_V3_HPE26.mat,5.210996628,3.969302541,-1.241694087,0.761716582,mm_per_hr
26,intensity,240,Raanana Basin 3 pixel,0,WRFrain_noPGW_HPE26.mat,WRFrain_PGW_V3_HPE26.mat,5.133422825,4.36668265,-0.766740175,0.850637635,mm_per_hr
26,intensity,360,Raanana Basin,0,WRFrain_noPGW_HPE26.mat,WRFrain_PGW_V3_HPE26.mat,1.547290776,2.267792706,0.72050193,1.465653865,mm_per_hr
26,intensity,360,Raanana Basin 1 pixel,0,WRFrain_noPGW_HPE26.mat,WRFrain_PGW_V3_HPE26.mat,3.254552841,3.307305813,0.052752972,1.016208977,mm_per_hr
26,intensity,360,Raanana Basin 2 pixel,0,WRFrain_noPGW_HPE26.mat,WRFrain_PGW_V3_HPE26.mat,3.664699793,3.163039843,-0.50165995,0.86311022,mm_per_hr
26,intensity,360,Raanana Basin 3 pixel,0,WRFrain_noPGW_HPE26.mat,WRFrain_PGW_V3_HPE26.mat,3.612368407,2.971602142,-0.640766265,0.822618794,mm_per_hr
26,intensity,720,Raanana Basin,0,WRFrain_noPGW_HPE26.mat,WRFrain_PGW_V3_HPE26.mat,0.832337689,1.138930296,0.306592607,1.368351225,mm_per_hr
26,intensity,720,Raanana Basin 1 pixel,0,WRFrain_noPGW_HPE26.mat,WRFrain_PGW_V3_HPE26.mat,1.651434024,1.682176034,0.030742009,1.018615342,mm_per_hr
26,intensity,720,Raanana Basin 2 pixel,0,WRFrain_noPGW_HPE26.mat,WRFrain_PGW_V3_HPE26.mat,1.856101215,1.605051279,-0.251049936,0.864743402,mm_per_hr
26,intensity,720,Raanana Basin 3 pixel,0,WRFrain_noPGW_HPE26.mat,WRFrain_PGW_V3_HPE26.mat,1.832353782,1.528664812,-0.303688969,0.834262918,mm_per_hr
26,intensity,1440,Raanana Basin,0,WRFrain_noPGW_HPE26.mat,WRFrain_PGW_V3_HPE26.mat,0.416168844,0.886009652,0.469840807,2.128966797,mm_per_hr
26,intensity,1440,Raanana Basin 1 pixel,0,WRFrain_noPGW_HPE26.mat,WRFrain_PGW_V3_HPE26.mat,0.825717012,1.231689443,0.405972431,1.49166049,mm_per_hr
26,intensity,1440,Raanana Basin 2 pixel,0,WRFrain_noPGW_HPE26.mat,WRFrain_PGW_V3_HPE26.mat,0.928050607,1.148409677,0.22035907,1.237442945,mm_per_hr
26,intensity,1440,Raanana Basin 3 pixel,0,WRFrain_noPGW_HPE26.mat,WRFrain_PGW_V3_HPE26.mat,0.916176891,1.144222629,0.228045738,1.248910161,mm_per_hr
27,total,0,Raanana Basin,0,WRFrain_noPGW_HPE27.mat,WRFrain_PGW_V3_HPE27.mat,2.064239165,0.008681179,-2.055557986,0.00420551,mm
27,total,0,Raanana Basin 1 pixel,0,WRFrain_noPGW_HPE27.mat,WRFrain_PGW_V3_HPE27.mat,5.316855906,0.091308295,-5.225547611,0.017173363,mm
27,total,0,Raanana Basin 2 pixel,0,WRFrain_noPGW_HPE27.mat,WRFrain_PGW_V3_HPE27.mat,5.254284852,0.099640289,-5.154644563,0.018963625,mm
27,total,0,Raanana Basin 3 pixel,0,WRFrain_noPGW_HPE27.mat,WRFrain_PGW_V3_HPE27.mat,5.083510812,0.097050588,-4.986460225,0.019091252,mm
27,intensity,10,Raanana Basin,0,WRFrain_noPGW_HPE27.mat,WRFrain_PGW_V3_HPE27.mat,4.018451097,0.040091967,-3.97835913,0.00997697,mm_per_hr
27,intensity,10,Raanana Basin 1 pixel,0,WRFrain_noPGW_HPE27.mat,WRFrain_PGW_V3_HPE27.mat,14.02766275,0.337808914,-13.68985384,0.024081625,mm_per_hr
27,intensity,10,Raanana Basin 2 pixel,0,WRFrain_noPGW_HPE27.mat,WRFrain_PGW_V3_HPE27.mat,13.325037,0.332028665,-12.99300834,0.024917654,mm_per_hr
27,intensity,10,Raanana Basin 3 pixel,0,WRFrain_noPGW_HPE27.mat,WRFrain_PGW_V3_HPE27.mat,11.74522003,0.407506907,-11.33771312,0.034695553,mm_per_hr
27,intensity,20,Raanana Basin,0,WRFrain_noPGW_HPE27.mat,WRFrain_PGW_V3_HPE27.mat,2.899348859,0.024447229,-2.87490163,0.008431972,mm_per_hr
27,intensity,20,Raanana Basin 1 pixel,0,WRFrain_noPGW_HPE27.mat,WRFrain_PGW_V3_HPE27.mat,7.037708044,0.265809663,-6.771898381,0.037769351,mm_per_hr
27,intensity,20,Raanana Basin 2 pixel,0,WRFrain_noPGW_HPE27.mat,WRFrain_PGW_V3_HPE27.mat,6.694776893,0.292929598,-6.401847295,0.043754946,mm_per_hr
27,intensity,20,Raanana Basin 3 pixel,0,WRFrain_noPGW_HPE27.mat,WRFrain_PGW_V3_HPE27.mat,6.441360116,0.286303765,-6.155056351,0.044447719,mm_per_hr
27,intensity,30,Raanana Basin,0,WRFrain_noPGW_HPE27.mat,WRFrain_PGW_V3_HPE27.mat,1.944638349,0.016469996,-1.928168353,0.008469439,mm_per_hr
27,intensity,30,Raanana Basin 1 pixel,0,WRFrain_noPGW_HPE27.mat,WRFrain_PGW_V3_HPE27.mat,4.694077492,0.180608287,-4.513469204,0.038475779,mm_per_hr
27,intensity,30,Raanana Basin 2 pixel,0,WRFrain_noPGW_HPE27.mat,WRFrain_PGW_V3_HPE27.mat,4.464469314,0.196235904,-4.268233409,0.043955035,mm_per_hr
27,intensity,30,Raanana Basin 3 pixel,0,WRFrain_noPGW_HPE27.mat,WRFrain_PGW_V3_HPE27.mat,4.333580322,0.19351196,-4.140068362,0.044654061,mm_per_hr
27,intensity,60,Raanana Basin,0,WRFrain_noPGW_HPE27.mat,WRFrain_PGW_V3_HPE27.mat,1.029825976,0.008648473,-1.021177503,0.008397995,mm_per_hr
27,intensity,60,Raanana Basin 1 pixel,0,WRFrain_noPGW_HPE27.mat,WRFrain_PGW_V3_HPE27.mat,2.659354448,0.090875767,-2.568478681,0.034172115,mm_per_hr
27,intensity,60,Raanana Basin 2 pixel,0,WRFrain_noPGW_HPE27.mat,WRFrain_PGW_V3_HPE27.mat,2.526546299,0.099335081,-2.427211219,0.039316549,mm_per_hr
27,intensity,60,Raanana Basin 3 pixel,0,WRFrain_noPGW_HPE27.mat,WRFrain_PGW_V3_HPE27.mat,2.25807137,0.09701119,-2.16106018,0.042961968,mm_per_hr
27,intensity,120,Raanana Basin,0,WRFrain_noPGW_HPE27.mat,WRFrain_PGW_V3_HPE27.mat,0.772847803,0.004324237,-0.768523567,0.005595198,mm_per_hr
27,intensity,120,Raanana Basin 1 pixel,0,WRFrain_noPGW_HPE27.mat,WRFrain_PGW_V3_HPE27.mat,2.351865023,0.045437884,-2.30642714,0.019319937,mm_per_hr
27,intensity,120,Raanana Basin 2 pixel,0,WRFrain_noPGW_HPE27.mat,WRFrain_PGW_V3_HPE27.mat,2.307166532,0.04966754,-2.257498991,0.021527506,mm_per_hr
27,intensity,120,Raanana Basin 3 pixel,0,WRFrain_noPGW_HPE27.mat,WRFrain_PGW_V3_HPE27.mat,2.199188247,0.048505595,-2.150682652,0.022056136,mm_per_hr
27,intensity,240,Raanana Basin,0,WRFrain_noPGW_HPE27.mat,WRFrain_PGW_V3_HPE27.mat,0.41992605,0.002162118,-0.417763931,0.005148807,mm_per_hr
27,intensity,240,Raanana Basin 1 pixel,0,WRFrain_noPGW_HPE27.mat,WRFrain_PGW_V3_HPE27.mat,1.188540563,0.022718942,-1.165821621,0.019114991,mm_per_hr
27,intensity,240,Raanana Basin 2 pixel,0,WRFrain_noPGW_HPE27.mat,WRFrain_PGW_V3_HPE27.mat,1.165656038,0.02483377,-1.140822267,0.021304544,mm_per_hr
27,intensity,240,Raanana Basin 3 pixel,0,WRFrain_noPGW_HPE27.mat,WRFrain_PGW_V3_HPE27.mat,1.111522735,0.024252797,-1.087269938,0.021819434,mm_per_hr
27,intensity,360,Raanana Basin,0,WRFrain_noPGW_HPE27.mat,WRFrain_PGW_V3_HPE27.mat,0.279952025,0.001441412,-0.278510613,0.005148783,mm_per_hr
27,intensity,360,Raanana Basin 1 pixel,0,WRFrain_noPGW_HPE27.mat,WRFrain_PGW_V3_HPE27.mat,0.792391956,0.015145961,-0.777245995,0.019114229,mm_per_hr
27,intensity,360,Raanana Basin 2 pixel,0,WRFrain_noPGW_HPE27.mat,WRFrain_PGW_V3_HPE27.mat,0.777147387,0.016555847,-0.760591541,0.021303355,mm_per_hr
27,intensity,360,Raanana Basin 3 pixel,0,WRFrain_noPGW_HPE27.mat,WRFrain_PGW_V3_HPE27.mat,0.741163147,0.016168532,-0.724994615,0.021815078,mm_per_hr
27,intensity,720,Raanana Basin,0,WRFrain_noPGW_HPE27.mat,WRFrain_PGW_V3_HPE27.mat,0.172000552,0.000720706,-0.171279846,0.004190138,mm_per_hr
27,intensity,720,Raanana Basin 1 pixel,0,WRFrain_noPGW_HPE27.mat,WRFrain_PGW_V3_HPE27.mat,0.4430473,0.007572981,-0.43547432,0.017092939,mm_per_hr
27,intensity,720,Raanana Basin 2 pixel,0,WRFrain_noPGW_HPE27.mat,WRFrain_PGW_V3_HPE27.mat,0.437824989,0.008277923,-0.429547066,0.018906923,mm_per_hr
27,intensity,720,Raanana Basin 3 pixel,0,WRFrain_noPGW_HPE27.mat,WRFrain_PGW_V3_HPE27.mat,0.423587361,0.008084266,-0.415503095,0.019085239,mm_per_hr
27,intensity,1440,Raanana Basin,0,WRFrain_noPGW_HPE27.mat,WRFrain_PGW_V3_HPE27.mat,0.086009729,0.000361716,-0.085648013,0.004205522,mm_per_hr
27,intensity,1440,Raanana Basin 1 pixel,0,WRFrain_noPGW_HPE27.mat,WRFrain_PGW_V3_HPE27.mat,0.221525411,0.003804512,-0.217720898,0.017174157,mm_per_hr
27,intensity,1440,Raanana Basin 2 pixel,0,WRFrain_noPGW_HPE27.mat,WRFrain_PGW_V3_HPE27.mat,0.218915552,0.004151679,-0.214763873,0.01896475,mm_per_hr
27,intensity,1440,Raanana Basin 3 pixel,0,WRFrain_noPGW_HPE27.mat,WRFrain_PGW_V3_HPE27.mat,0.211800158,0.004043774,-0.207756383,0.019092405,mm_per_hr
28,total,0,Raanana Basin,0,WRFrain_noPGW_HPE28.mat,WRFrain_PGW_V3_HPE28.mat,27.34938129,36.60224908,9.252867786,1.338320918,mm
28,total,0,Raanana Basin 1 pixel,0,WRFrain_noPGW_HPE28.mat,WRFrain_PGW_V3_HPE28.mat,34.00927272,47.40268238,13.39340965,1.393816409,mm
28,total,0,Raanana Basin 2 pixel,0,WRFrain_noPGW_HPE28.mat,WRFrain_PGW_V3_HPE28.mat,37.14790773,45.53258127,8.38467354,1.225710519,mm
28,total,0,Raanana Basin 3 pixel,0,WRFrain_noPGW_HPE28.mat,WRFrain_PGW_V3_HPE28.mat,40.9738179,45.3603636,4.386545691,1.107057285,mm
28,intensity,10,Raanana Basin,0,WRFrain_noPGW_HPE28.mat,WRFrain_PGW_V3_HPE28.mat,12.73315609,25.36270509,12.629549,1.991863205,mm_per_hr
28,intensity,10,Raanana Basin 1 pixel,0,WRFrain_noPGW_HPE28.mat,WRFrain_PGW_V3_HPE28.mat,27.4490633,49.27732658,21.82826328,1.795227984,mm_per_hr
28,intensity,10,Raanana Basin 2 pixel,0,WRFrain_noPGW_HPE28.mat,WRFrain_PGW_V3_HPE28.mat,27.00561047,47.01051521,20.00490475,1.74076847,mm_per_hr
28,intensity,10,Raanana Basin 3 pixel,0,WRFrain_noPGW_HPE28.mat,WRFrain_PGW_V3_HPE28.mat,30.05501175,44.25600497,14.20099322,1.472500006,mm_per_hr
28,intensity,20,Raanana Basin,0,WRFrain_noPGW_HPE28.mat,WRFrain_PGW_V3_HPE28.mat,10.50436823,17.09924407,6.594875841,1.627822226,mm_per_hr
28,intensity,20,Raanana Basin 1 pixel,0,WRFrain_noPGW_HPE28.mat,WRFrain_PGW_V3_HPE28.mat,21.65115738,28.71163273,7.060475349,1.326101521,mm_per_hr
28,intensity,20,Raanana Basin 2 pixel,0,WRFrain_noPGW_HPE28.mat,WRFrain_PGW_V3_HPE28.mat,22.26218033,28.86597955,6.603799224,1.296637577,mm_per_hr
28,intensity,20,Raanana Basin 3 pixel,0,WRFrain_noPGW_HPE28.mat,WRFrain_PGW_V3_HPE28.mat,21.53150241,28.6960785,7.164576093,1.332748545,mm_per_hr
28,intensity,30,Raanana Basin,0,WRFrain_noPGW_HPE28.mat,WRFrain_PGW_V3_HPE28.mat,7.768641698,11.50860396,3.739962257,1.481417782,mm_per_hr
28,intensity,30,Raanana Basin 1 pixel,0,WRFrain_noPGW_HPE28.mat,WRFrain_PGW_V3_HPE28.mat,14.58802032,19.5763092,4.988288879,1.341944196,mm_per_hr
28,intensity,30,Raanana Basin 2 pixel,0,WRFrain_noPGW_HPE28.mat,WRFrain_PGW_V3_HPE28.mat,14.98085117,19.39082234,4.409971163,1.294373872,mm_per_hr
28,intensity,30,Raanana Basin 3 pixel,0,WRFrain_noPGW_HPE28.mat,WRFrain_PGW_V3_HPE28.mat,15.00086594,19.7557226,4.754856659,1.316972145,mm_per_hr
28,intensity,60,Raanana Basin,0,WRFrain_noPGW_HPE28.mat,WRFrain_PGW_V3_HPE28.mat,4.36792609,5.805252022,1.437325932,1.329063703,mm_per_hr
28,intensity,60,Raanana Basin 1 pixel,0,WRFrain_noPGW_HPE28.mat,WRFrain_PGW_V3_HPE28.mat,7.343949288,9.897983551,2.554034263,1.347773951,mm_per_hr
28,intensity,60,Raanana Basin 2 pixel,0,WRFrain_noPGW_HPE28.mat,WRFrain_PGW_V3_HPE28.mat,7.781368949,9.713528387,1.932159439,1.248305851,mm_per_hr
28,intensity,60,Raanana Basin 3 pixel,0,WRFrain_noPGW_HPE28.mat,WRFrain_PGW_V3_HPE28.mat,7.679027061,9.8931664,2.214139339,1.288335921,mm_per_hr
28,intensity,120,Raanana Basin,0,WRFrain_noPGW_HPE28.mat,WRFrain_PGW_V3_HPE28.mat,2.983321729,4.576177648,1.592855919,1.533920262,mm_per_hr
28,intensity,120,Raanana Basin 1 pixel,0,WRFrain_noPGW_HPE28.mat,WRFrain_PGW_V3_HPE28.mat,3.944285035,7.821976662,3.877691627,1.983116482,mm_per_hr
28,intensity,120,Raanana Basin 2 pixel,0,WRFrain_noPGW_HPE28.mat,WRFrain_PGW_V3_HPE28.mat,4.433356985,7.132067442,2.698710456,1.608728434,mm_per_hr
28,intensity,120,Raanana Basin 3 pixel,0,WRFrain_noPGW_HPE28.mat,WRFrain_PGW_V3_HPE28.mat,4.315109541,6.883425395,2.568315854,1.595191345,mm_per_hr
28,intensity,240,Raanana Basin,0,WRFrain_noPGW_HPE28.mat,WRFrain_PGW_V3_HPE28.mat,2.16174542,3.254521341,1.092775921,1.505506297,mm_per_hr
28,intensity,240,Raanana Basin 1 pixel,0,WRFrain_noPGW_HPE28.mat,WRFrain_PGW_V3_HPE28.mat,2.762315392,5.355120659,2.592805266,1.938634768,mm_per_hr
28,intensity,240,Raanana Basin 2 pixel,0,WRFrain_noPGW_HPE28.mat,WRFrain_PGW_V3_HPE28.mat,2.748927563,4.782860398,2.033932835,1.739900484,mm_per_hr
28,intensity,240,Raanana Basin 3 pixel,0,WRFrain_noPGW_HPE28.mat,WRFrain_PGW_V3_HPE28.mat,2.720909317,4.335238139,1.614328822,1.593304897,mm_per_hr
28,intensity,360,Raanana Basin,0,WRFrain_noPGW_HPE28.mat,WRFrain_PGW_V3_HPE28.mat,2.0621525,2.894239583,0.832087083,1.403504146,mm_per_hr
28,intensity,360,Raanana Basin 1 pixel,0,WRFrain_noPGW_HPE28.mat,WRFrain_PGW_V3_HPE28.mat,2.715727965,4.145719687,1.429991722,1.526559265,mm_per_hr
28,intensity,360,Raanana Basin 2 pixel,0,WRFrain_noPGW_HPE28.mat,WRFrain_PGW_V3_HPE28.mat,2.652274936,3.931596239,1.279321303,1.482348676,mm_per_hr
28,intensity,360,Raanana Basin 3 pixel,0,WRFrain_noPGW_HPE28.mat,WRFrain_PGW_V3_HPE28.mat,2.760538167,3.716649338,0.956111171,1.346349557,mm_per_hr
28,intensity,720,Raanana Basin,0,WRFrain_noPGW_HPE28.mat,WRFrain_PGW_V3_HPE28.mat,1.540772853,1.945682214,0.404909362,1.262796272,mm_per_hr
28,intensity,720,Raanana Basin 1 pixel,0,WRFrain_noPGW_HPE28.mat,WRFrain_PGW_V3_HPE28.mat,2.171737711,2.698989272,0.527251561,1.242778655,mm_per_hr
28,intensity,720,Raanana Basin 2 pixel,0,WRFrain_noPGW_HPE28.mat,WRFrain_PGW_V3_HPE28.mat,2.160773873,2.61986199,0.459088117,1.212464674,mm_per_hr
28,intensity,720,Raanana Basin 3 pixel,0,WRFrain_noPGW_HPE28.mat,WRFrain_PGW_V3_HPE28.mat,2.192448592,2.513827068,0.321378476,1.14658427,mm_per_hr
28,intensity,1440,Raanana Basin,0,WRFrain_noPGW_HPE28.mat,WRFrain_PGW_V3_HPE28.mat,0.980077779,1.380580487,0.400502708,1.4086438,mm_per_hr
28,intensity,1440,Raanana Basin 1 pixel,0,WRFrain_noPGW_HPE28.mat,WRFrain_PGW_V3_HPE28.mat,1.319529022,1.860705657,0.541176635,1.410128634,mm_per_hr
28,intensity,1440,Raanana Basin 2 pixel,0,WRFrain_noPGW_HPE28.mat,WRFrain_PGW_V3_HPE28.mat,1.437624778,1.720995405,0.283370627,1.197110283,mm_per_hr
28,intensity,1440,Raanana Basin 3 pixel,0,WRFrain_noPGW_HPE28.mat,WRFrain_PGW_V3_HPE28.mat,1.564810283,1.69977897,0.134968687,1.086252428,mm_per_hr
29,total,0,Raanana Basin,0,WRFrain_noPGW_HPE29.mat,WRFrain_PGW_V3_HPE29.mat,35.09573663,0.43998194,-34.65575469,0.012536621,mm
29,total,0,Raanana Basin 1 pixel,0,WRFrain_noPGW_HPE29.mat,WRFrain_PGW_V3_HPE29.mat,52.44200516,0.803513946,-51.63849121,0.015321953,mm
29,total,0,Raanana Basin 2 pixel,0,WRFrain_noPGW_HPE29.mat,WRFrain_PGW_V3_HPE29.mat,56.5133352,0.796944411,-55.71639079,0.014101882,mm
29,total,0,Raanana Basin 3 pixel,0,WRFrain_noPGW_HPE29.mat,WRFrain_PGW_V3_HPE29.mat,59.85658374,0.777720097,-59.07886364,0.012993059,mm
29,intensity,10,Raanana Basin,0,WRFrain_noPGW_HPE29.mat,WRFrain_PGW_V3_HPE29.mat,27.90703667,0.964954327,-26.94208235,0.034577456,mm_per_hr
29,intensity,10,Raanana Basin 1 pixel,0,WRFrain_noPGW_HPE29.mat,WRFrain_PGW_V3_HPE29.mat,51.77295685,2.186714351,-49.5862425,0.042236613,mm_per_hr
29,intensity,10,Raanana Basin 2 pixel,0,WRFrain_noPGW_HPE29.mat,WRFrain_PGW_V3_HPE29.mat,53.85924339,1.895190507,-51.96405289,0.035187841,mm_per_hr
29,intensity,10,Raanana Basin 3 pixel,0,WRFrain_noPGW_HPE29.mat,WRFrain_PGW_V3_HPE29.mat,53.85247517,1.369166334,-52.48330883,0.02542439,mm_per_hr
29,intensity,20,Raanana Basin,0,WRFrain_noPGW_HPE29.mat,WRFrain_PGW_V3_HPE29.mat,23.64414428,0.520727034,-23.12341725,0.022023509,mm_per_hr
29,intensity,20,Raanana Basin 1 pixel,0,WRFrain_noPGW_HPE29.mat,WRFrain_PGW_V3_HPE29.mat,41.60041809,1.161035389,-40.4393827,0.027909224,mm_per_hr
29,intensity,20,Raanana Basin 2 pixel,0,WRFrain_noPGW_HPE29.mat,WRFrain_PGW_V3_HPE29.mat,43.87888169,1.113342226,-42.76553947,0.025373077,mm_per_hr
29,intensity,20,Raanana Basin 3 pixel,0,WRFrain_noPGW_HPE29.mat,WRFrain_PGW_V3_HPE29.mat,46.77061431,0.887082696,-45.88353161,0.018966668,mm_per_hr
29,intensity,30,Raanana Basin,0,WRFrain_noPGW_HPE29.mat,WRFrain_PGW_V3_HPE29.mat,20.70818449,0.35833189,-20.3498526,0.017303878,mm_per_hr
29,intensity,30,Raanana Basin 1 pixel,0,WRFrain_noPGW_HPE29.mat,WRFrain_PGW_V3_HPE29.mat,36.27653599,0.795782447,-35.48075354,0.021936561,mm_per_hr
29,intensity,30,Raanana Basin 2 pixel,0,WRFrain_noPGW_HPE29.mat,WRFrain_PGW_V3_HPE29.mat,38.60785103,0.754740879,-37.85311015,0.019548896,mm_per_hr
29,intensity,30,Raanana Basin 3 pixel,0,WRFrain_noPGW_HPE29.mat,WRFrain_PGW_V3_HPE29.mat,40.68791262,0.622844252,-40.06506837,0.015307845,mm_per_hr
29,intensity,60,Raanana Basin,0,WRFrain_noPGW_HPE29.mat,WRFrain_PGW_V3_HPE29.mat,19.1476945,0.180557057,-18.96713744,0.009429702,mm_per_hr
29,intensity,60,Raanana Basin 1 pixel,0,WRFrain_noPGW_HPE29.mat,WRFrain_PGW_V3_HPE29.mat,33.83401084,0.406619012,-33.42739183,0.012018055,mm_per_hr
29,intensity,60,Raanana Basin 2 pixel,0,WRFrain_noPGW_HPE29.mat,WRFrain_PGW_V3_HPE29.mat,37.01967561,0.380720489,-36.63895512,0.010284274,mm_per_hr
29,intensity,60,Raanana Basin 3 pixel,0,WRFrain_noPGW_HPE29.mat,WRFrain_PGW_V3_HPE29.mat,39.28207151,0.318137967,-38.96393354,0.008098808,mm_per_hr
29,intensity,120,Raanana Basin,0,WRFrain_noPGW_HPE29.mat,WRFrain_PGW_V3_HPE29.mat,12.0869791,0.090546023,-11.99643308,0.007491204,mm_per_hr
29,intensity,120,Raanana Basin 1 pixel,0,WRFrain_noPGW_HPE29.mat,WRFrain_PGW_V3_HPE29.mat,19.07397288,0.21644862,-18.85752426,0.011347852,mm_per_hr
29,intensity,120,Raanana Basin 2 pixel,0,WRFrain_noPGW_HPE29.mat,WRFrain_PGW_V3_HPE29.mat,20.83250903,0.195492245,-20.63701678,0.009383999,mm_per_hr
29,intensity,120,Raanana Basin 3 pixel,0,WRFrain_noPGW_HPE29.mat,WRFrain_PGW_V3_HPE29.mat,22.32251563,0.167568937,-22.15494669,0.007506723,mm_per_hr
29,intensity,240,Raanana Basin,0,WRFrain_noPGW_HPE29.mat,WRFrain_PGW_V3_HPE29.mat,7.979978432,0.067184682,-7.91279375,0.008419156,mm_per_hr
29,intensity,240,Raanana Basin 1 pixel,0,WRFrain_noPGW_HPE29.mat,WRFrain_PGW_V3_HPE29.mat,12.21725649,0.141451444,-12.07580504,0.011578004,mm_per_hr
29,intensity,240,Raanana Basin 2 pixel,0,WRFrain_noPGW_HPE29.mat,WRFrain_PGW_V3_HPE29.mat,13.22211942,0.128318643,-13.09380078,0.009704847,mm_per_hr
29,intensity,240,Raanana Basin 3 pixel,0,WRFrain_noPGW_HPE29.mat,WRFrain_PGW_V3_HPE29.mat,13.92037966,0.112159089,-13.80822057,0.008057186,mm_per_hr
29,intensity,360,Raanana Basin,0,WRFrain_noPGW_HPE29.mat,WRFrain_PGW_V3_HPE29.mat,5.653836687,0.054211743,-5.599624944,0.009588488,mm_per_hr
29,intensity,360,Raanana Basin 1 pixel,0,WRFrain_noPGW_HPE29.mat,WRFrain_PGW_V3_HPE29.mat,8.526976148,0.102618448,-8.4243577,0.012034565,mm_per_hr
29,intensity,360,Raanana Basin 2 pixel,0,WRFrain_noPGW_HPE29.mat,WRFrain_PGW_V3_HPE29.mat,9.166133776,0.097027962,-9.069105815,0.010585484,mm_per_hr
29,intensity,360,Raanana Basin 3 pixel,0,WRFrain_noPGW_HPE29.mat,WRFrain_PGW_V3_HPE29.mat,9.680589961,0.091273948,-9.589316012,0.009428552,mm_per_hr
29,intensity,720,Raanana Basin,0,WRFrain_noPGW_HPE29.mat,WRFrain_PGW_V3_HPE29.mat,2.841098155,0.032188269,-2.808909885,0.011329517,mm_per_hr
29,intensity,720,Raanana Basin 1 pixel,0,WRFrain_noPGW_HPE29.mat,WRFrain_PGW_V3_HPE29.mat,4.284063965,0.056101871,-4.227962094,0.013095479,mm_per_hr
29,intensity,720,Raanana Basin 2 pixel,0,WRFrain_noPGW_HPE29.mat,WRFrain_PGW_V3_HPE29.mat,4.603434794,0.055629868,-4.547804925,0.012084426,mm_per_hr
29,intensity,720,Raanana Basin 3 pixel,0,WRFrain_noPGW_HPE29.mat,WRFrain_PGW_V3_HPE29.mat,4.860523658,0.053900103,-4.806623555,0.011089361,mm_per_hr
29,intensity,1440,Raanana Basin,0,WRFrain_noPGW_HPE29.mat,WRFrain_PGW_V3_HPE29.mat,1.422399814,0.016605829,-1.405793985,0.011674516,mm_per_hr
29,intensity,1440,Raanana Basin 1 pixel,0,WRFrain_noPGW_HPE29.mat,WRFrain_PGW_V3_HPE29.mat,2.143147483,0.028309608,-2.114837875,0.013209361,mm_per_hr
29,intensity,1440,Raanana Basin 2 pixel,0,WRFrain_noPGW_HPE29.mat,WRFrain_PGW_V3_HPE29.mat,2.302948115,0.028101602,-2.274846513,0.012202447,mm_per_hr
29,intensity,1440,Raanana Basin 3 pixel,0,WRFrain_noPGW_HPE29.mat,WRFrain_PGW_V3_HPE29.mat,2.43179295,0.027487751,-2.404305199,0.011303491,mm_per_hr
30,total,0,Raanana Basin,0,WRFrain_noPGW_HPE30.mat,WRFrain_PGW_V3_HPE30.mat,42.18963437,33.51129762,-8.678336746,0.794301684,mm
30,total,0,Raanana Basin 1 pixel,0,WRFrain_noPGW_HPE30.mat,WRFrain_PGW_V3_HPE30.mat,53.97453627,53.26195167,-0.712584598,0.986797763,mm
30,total,0,Raanana Basin 2 pixel,0,WRFrain_noPGW_HPE30.mat,WRFrain_PGW_V3_HPE30.mat,53.58803078,53.63531318,0.047282401,1.000882331,mm
30,total,0,Raanana Basin 3 pixel,0,WRFrain_noPGW_HPE30.mat,WRFrain_PGW_V3_HPE30.mat,53.20013232,55.28015693,2.080024613,1.03909811,mm
30,intensity,10,Raanana Basin,0,WRFrain_noPGW_HPE30.mat,WRFrain_PGW_V3_HPE30.mat,27.94858025,30.30090634,2.352326082,1.08416621,mm_per_hr
30,intensity,10,Raanana Basin 1 pixel,0,WRFrain_noPGW_HPE30.mat,WRFrain_PGW_V3_HPE30.mat,60.59052658,56.03766632,-4.55286026,0.924858546,mm_per_hr
30,intensity,10,Raanana Basin 2 pixel,0,WRFrain_noPGW_HPE30.mat,WRFrain_PGW_V3_HPE30.mat,60.20507097,50.85480022,-9.350270748,0.84469297,mm_per_hr
30,intensity,10,Raanana Basin 3 pixel,0,WRFrain_noPGW_HPE30.mat,WRFrain_PGW_V3_HPE30.mat,57.24815369,48.83744812,-8.410705566,0.853083374,mm_per_hr
30,intensity,20,Raanana Basin,0,WRFrain_noPGW_HPE30.mat,WRFrain_PGW_V3_HPE30.mat,16.63932228,21.6193584,4.980036121,1.299293207,mm_per_hr
30,intensity,20,Raanana Basin 1 pixel,0,WRFrain_noPGW_HPE30.mat,WRFrain_PGW_V3_HPE30.mat,32.53462601,35.79370308,3.259077072,1.100172569,mm_per_hr
30,intensity,20,Raanana Basin 2 pixel,0,WRFrain_noPGW_HPE30.mat,WRFrain_PGW_V3_HPE30.mat,32.34248257,33.72109079,1.378608227,1.042625306,mm_per_hr
30,intensity,20,Raanana Basin 3 pixel,0,WRFrain_noPGW_HPE30.mat,WRFrain_PGW_V3_HPE30.mat,32.54117076,32.19106293,-0.350107829,0.989241081,mm_per_hr
30,intensity,30,Raanana Basin,0,WRFrain_noPGW_HPE30.mat,WRFrain_PGW_V3_HPE30.mat,12.67000323,14.90157739,2.231574165,1.176130513,mm_per_hr
30,intensity,30,Raanana Basin 1 pixel,0,WRFrain_noPGW_HPE30.mat,WRFrain_PGW_V3_HPE30.mat,25.53985977,25.63187408,0.092014313,1.003602773,mm_per_hr
30,intensity,30,Raanana Basin 2 pixel,0,WRFrain_noPGW_HPE30.mat,WRFrain_PGW_V3_HPE30.mat,25.92400217,24.65570354,-1.268298626,0.95107628,mm_per_hr
30,intensity,30,Raanana Basin 3 pixel,0,WRFrain_noPGW_HPE30.mat,WRFrain_PGW_V3_HPE30.mat,26.12849384,26.21796672,0.089472877,1.003424341,mm_per_hr
30,intensity,60,Raanana Basin,0,WRFrain_noPGW_HPE30.mat,WRFrain_PGW_V3_HPE30.mat,7.335933856,7.639222722,0.303288866,1.041342912,mm_per_hr
30,intensity,60,Raanana Basin 1 pixel,0,WRFrain_noPGW_HPE30.mat,WRFrain_PGW_V3_HPE30.mat,13.66175079,16.34788513,2.686134338,1.196617138,mm_per_hr
30,intensity,60,Raanana Basin 2 pixel,0,WRFrain_noPGW_HPE30.mat,WRFrain_PGW_V3_HPE30.mat,13.99975705,15.47639692,1.476639867,1.105476107,mm_per_hr
30,intensity,60,Raanana Basin 3 pixel,0,WRFrain_noPGW_HPE30.mat,WRFrain_PGW_V3_HPE30.mat,13.92596944,16.29078476,2.364815315,1.169813335,mm_per_hr
30,intensity,120,Raanana Basin,0,WRFrain_noPGW_HPE30.mat,WRFrain_PGW_V3_HPE30.mat,6.522881726,4.097537011,-2.425344715,0.628178953,mm_per_hr
30,intensity,120,Raanana Basin 1 pixel,0,WRFrain_noPGW_HPE30.mat,WRFrain_PGW_V3_HPE30.mat,9.522869587,9.189984322,-0.332885265,0.965043597,mm_per_hr
30,intensity,120,Raanana Basin 2 pixel,0,WRFrain_noPGW_HPE30.mat,WRFrain_PGW_V3_HPE30.mat,9.403101772,8.636350393,-0.766751379,0.918457611,mm_per_hr
30,intensity,120,Raanana Basin 3 pixel,0,WRFrain_noPGW_HPE30.mat,WRFrain_PGW_V3_HPE30.mat,9.591751099,8.5778265,-1.013924599,0.894292024,mm_per_hr
30,intensity,240,Raanana Basin,0,WRFrain_noPGW_HPE30.mat,WRFrain_PGW_V3_HPE30.mat,4.048015945,2.171084599,-1.876931346,0.536333016,mm_per_hr
30,intensity,240,Raanana Basin 1 pixel,0,WRFrain_noPGW_HPE30.mat,WRFrain_PGW_V3_HPE30.mat,5.686344557,5.177215219,-0.509129338,0.910464564,mm_per_hr
30,intensity,240,Raanana Basin 2 pixel,0,WRFrain_noPGW_HPE30.mat,WRFrain_PGW_V3_HPE30.mat,5.747632314,6.116821527,0.369189214,1.064233269,mm_per_hr
30,intensity,240,Raanana Basin 3 pixel,0,WRFrain_noPGW_HPE30.mat,WRFrain_PGW_V3_HPE30.mat,5.950103962,6.20689761,0.256793648,1.043157842,mm_per_hr
30,intensity,360,Raanana Basin,0,WRFrain_noPGW_HPE30.mat,WRFrain_PGW_V3_HPE30.mat,2.710274603,1.576495071,-1.133779532,0.581673558,mm_per_hr
30,intensity,360,Raanana Basin 1 pixel,0,WRFrain_noPGW_HPE30.mat,WRFrain_PGW_V3_HPE30.mat,3.805229838,4.142951886,0.337722048,1.088752076,mm_per_hr
30,intensity,360,Raanana Basin 2 pixel,0,WRFrain_noPGW_HPE30.mat,WRFrain_PGW_V3_HPE30.mat,3.84575679,4.732339442,0.886582651,1.230535289,mm_per_hr
30,intensity,360,Raanana Basin 3 pixel,0,WRFrain_noPGW_HPE30.mat,WRFrain_PGW_V3_HPE30.mat,4.006032673,4.83927789,0.833245217,1.207997609,mm_per_hr
30,intensity,720,Raanana Basin,0,WRFrain_noPGW_HPE30.mat,WRFrain_PGW_V3_HPE30.mat,2.452887875,1.13517043,-1.317717445,0.462789368,mm_per_hr
30,intensity,720,Raanana Basin 1 pixel,0,WRFrain_noPGW_HPE30.mat,WRFrain_PGW_V3_HPE30.mat,3.343147318,2.761657868,-0.581489449,0.826065263,mm_per_hr
30,intensity,720,Raanana Basin 2 pixel,0,WRFrain_noPGW_HPE30.mat,WRFrain_PGW_V3_HPE30.mat,3.313767354,2.953219086,-0.360548267,0.891196868,mm_per_hr
30,intensity,720,Raanana Basin 3 pixel,0,WRFrain_noPGW_HPE30.mat,WRFrain_PGW_V3_HPE30.mat,3.213351453,2.892699607,-0.320651846,0.900212644,mm_per_hr
30,intensity,1440,Raanana Basin,0,WRFrain_noPGW_HPE30.mat,WRFrain_PGW_V3_HPE30.mat,1.631946456,0.894186557,-0.737759899,0.547926407,mm_per_hr
30,intensity,1440,Raanana Basin 1 pixel,0,WRFrain_noPGW_HPE30.mat,WRFrain_PGW_V3_HPE30.mat,2.005534923,1.658091202,-0.347443721,0.826757581,mm_per_hr
30,intensity,1440,Raanana Basin 2 pixel,0,WRFrain_noPGW_HPE30.mat,WRFrain_PGW_V3_HPE30.mat,1.983464229,1.742242404,-0.241221826,0.878383576,mm_per_hr
30,intensity,1440,Raanana Basin 3 pixel,0,WRFrain_noPGW_HPE30.mat,WRFrain_PGW_V3_HPE30.mat,1.953031722,1.713689297,-0.239342425,0.877450826,mm_per_hr
31,total,0,Raanana Basin,0,WRFrain_noPGW_HPE31.mat,WRFrain_PGW_V3_HPE31.mat,10.98078328,8.759786049,-2.220997232,0.797737814,mm
31,total,0,Raanana Basin 1 pixel,0,WRFrain_noPGW_HPE31.mat,WRFrain_PGW_V3_HPE31.mat,14.54069619,20.91242397,6.371727783,1.438199636,mm
31,total,0,Raanana Basin 2 pixel,0,WRFrain_noPGW_HPE31.mat,WRFrain_PGW_V3_HPE31.mat,14.07769989,24.19454375,10.11684385,1.718643239,mm
31,total,0,Raanana Basin 3 pixel,0,WRFrain_noPGW_HPE31.mat,WRFrain_PGW_V3_HPE31.mat,13.81862544,25.41234794,11.5937225,1.838992456,mm
31,intensity,10,Raanana Basin,0,WRFrain_noPGW_HPE31.mat,WRFrain_PGW_V3_HPE31.mat,8.551117686,8.904878047,0.353760361,1.041370073,mm_per_hr
31,intensity,10,Raanana Basin 1 pixel,0,WRFrain_noPGW_HPE31.mat,WRFrain_PGW_V3_HPE31.mat,19.08315754,32.10046005,13.01730251,1.682135673,mm_per_hr
31,intensity,10,Raanana Basin 2 pixel,0,WRFrain_noPGW_HPE31.mat,WRFrain_PGW_V3_HPE31.mat,18.20248461,48.81918955,30.61670494,2.682006913,mm_per_hr
31,intensity,10,Raanana Basin 3 pixel,0,WRFrain_noPGW_HPE31.mat,WRFrain_PGW_V3_HPE31.mat,16.42603413,58.25680351,41.83076938,3.546614054,mm_per_hr
31,intensity,20,Raanana Basin,0,WRFrain_noPGW_HPE31.mat,WRFrain_PGW_V3_HPE31.mat,8.193943415,8.338856873,0.144913459,1.017685436,mm_per_hr
31,intensity,20,Raanana Basin 1 pixel,0,WRFrain_noPGW_HPE31.mat,WRFrain_PGW_V3_HPE31.mat,14.97747588,31.67639494,16.69891906,2.114935466,mm_per_hr
31,intensity,20,Raanana Basin 2 pixel,0,WRFrain_noPGW_HPE31.mat,WRFrain_PGW_V3_HPE31.mat,14.18057388,39.29416502,25.11359113,2.770985529,mm_per_hr
31,intensity,20,Raanana Basin 3 pixel,0,WRFrain_noPGW_HPE31.mat,WRFrain_PGW_V3_HPE31.mat,13.0486335,43.8944993,30.84586581,3.36391541,mm_per_hr
31,intensity,30,Raanana Basin,0,WRFrain_noPGW_HPE31.mat,WRFrain_PGW_V3_HPE31.mat,6.464855036,7.961805814,1.496950779,1.231552103,mm_per_hr
31,intensity,30,Raanana Basin 1 pixel,0,WRFrain_noPGW_HPE31.mat,WRFrain_PGW_V3_HPE31.mat,11.24515009,25.35233402,14.10718393,2.25451273,mm_per_hr
31,intensity,30,Raanana Basin 2 pixel,0,WRFrain_noPGW_HPE31.mat,WRFrain_PGW_V3_HPE31.mat,10.91487265,30.80790353,19.89303088,2.822561887,mm_per_hr
31,intensity,30,Raanana Basin 3 pixel,0,WRFrain_noPGW_HPE31.mat,WRFrain_PGW_V3_HPE31.mat,10.08912214,33.56889714,23.479775,3.32723667,mm_per_hr
31,intensity,60,Raanana Basin,0,WRFrain_noPGW_HPE31.mat,WRFrain_PGW_V3_HPE31.mat,3.572864769,6.594081275,3.021216506,1.845600576,mm_per_hr
31,intensity,60,Raanana Basin 1 pixel,0,WRFrain_noPGW_HPE31.mat,WRFrain_PGW_V3_HPE31.mat,5.869283676,16.29767275,10.42838907,2.776773734,mm_per_hr
31,intensity,60,Raanana Basin 2 pixel,0,WRFrain_noPGW_HPE31.mat,WRFrain_PGW_V3_HPE31.mat,5.72240746,19.33147681,13.60906935,3.378206977,mm_per_hr
31,intensity,60,Raanana Basin 3 pixel,0,WRFrain_noPGW_HPE31.mat,WRFrain_PGW_V3_HPE31.mat,5.33448712,20.69870318,15.36421606,3.880167431,mm_per_hr
31,intensity,120,Raanana Basin,0,WRFrain_noPGW_HPE31.mat,WRFrain_PGW_V3_HPE31.mat,2.355279206,3.897462103,1.542182897,1.654777104,mm_per_hr
31,intensity,120,Raanana Basin 1 pixel,0,WRFrain_noPGW_HPE31.mat,WRFrain_PGW_V3_HPE31.mat,3.485313535,9.103511229,5.618197694,2.611963354,mm_per_hr
31,intensity,120,Raanana Basin 2 pixel,0,WRFrain_noPGW_HPE31.mat,WRFrain_PGW_V3_HPE31.mat,3.329304099,10.47289384,7.143589738,3.145670544,mm_per_hr
31,intensity,120,Raanana Basin 3 pixel,0,WRFrain_noPGW_HPE31.mat,WRFrain_PGW_V3_HPE31.mat,3.136768778,11.25023871,8.113469935,3.586569336,mm_per_hr
31,intensity,240,Raanana Basin,0,WRFrain_noPGW_HPE31.mat,WRFrain_PGW_V3_HPE31.mat,1.835976304,2.012809039,0.176832735,1.096315369,mm_per_hr
31,intensity,240,Raanana Basin 1 pixel,0,WRFrain_noPGW_HPE31.mat,WRFrain_PGW_V3_HPE31.mat,2.407574952,4.711743803,2.304168851,1.957049686,mm_per_hr
31,intensity,240,Raanana Basin 2 pixel,0,WRFrain_noPGW_HPE31.mat,WRFrain_PGW_V3_HPE31.mat,2.365959585,5.501091576,3.135131992,2.325099554,mm_per_hr
31,intensity,240,Raanana Basin 3 pixel,0,WRFrain_noPGW_HPE31.mat,WRFrain_PGW_V3_HPE31.mat,2.251889547,5.980060774,3.728171227,2.655574641,mm_per_hr
31,intensity,360,Raanana Basin,0,WRFrain_noPGW_HPE31.mat,WRFrain_PGW_V3_HPE31.mat,1.26967556,1.341872693,0.072197133,1.056862663,mm_per_hr
31,intensity,360,Raanana Basin 1 pixel,0,WRFrain_noPGW_HPE31.mat,WRFrain_PGW_V3_HPE31.mat,1.630293687,3.141162535,1.510868848,1.926746426,mm_per_hr
31,intensity,360,Raanana Basin 2 pixel,0,WRFrain_noPGW_HPE31.mat,WRFrain_PGW_V3_HPE31.mat,1.598603626,3.667394384,2.068790758,2.294123649,mm_per_hr
31,intensity,360,Raanana Basin 3 pixel,0,WRFrain_noPGW_HPE31.mat,WRFrain_PGW_V3_HPE31.mat,1.528631285,3.986707183,2.458075897,2.608024068,mm_per_hr
31,intensity,720,Raanana Basin,0,WRFrain_noPGW_HPE31.mat,WRFrain_PGW_V3_HPE31.mat,0.895290545,0.670936346,-0.224354199,0.749406268,mm_per_hr
31,intensity,720,Raanana Basin 1 pixel,0,WRFrain_noPGW_HPE31.mat,WRFrain_PGW_V3_HPE31.mat,1.09884,1.570581268,0.471741268,1.429308423,mm_per_hr
31,intensity,720,Raanana Basin 2 pixel,0,WRFrain_noPGW_HPE31.mat,WRFrain_PGW_V3_HPE31.mat,1.084898709,1.833697192,0.748798483,1.690201285,mm_per_hr
31,intensity,720,Raanana Basin 3 pixel,0,WRFrain_noPGW_HPE31.mat,WRFrain_PGW_V3_HPE31.mat,1.068303231,1.993353591,0.92505036,1.865906171,mm_per_hr
31,intensity,1440,Raanana Basin,0,WRFrain_noPGW_HPE31.mat,WRFrain_PGW_V3_HPE31.mat,0.448033688,0.364952303,-0.083081386,0.814564423,mm_per_hr
31,intensity,1440,Raanana Basin 1 pixel,0,WRFrain_noPGW_HPE31.mat,WRFrain_PGW_V3_HPE31.mat,0.549591184,0.870871622,0.321280437,1.584580769,mm_per_hr
31,intensity,1440,Raanana Basin 2 pixel,0,WRFrain_noPGW_HPE31.mat,WRFrain_PGW_V3_HPE31.mat,0.542661219,1.007535096,0.464873877,1.856655792,mm_per_hr
31,intensity,1440,Raanana Basin 3 pixel,0,WRFrain_noPGW_HPE31.mat,WRFrain_PGW_V3_HPE31.mat,0.534304826,1.057723211,0.523418385,1.979625036,mm_per_hr
32,total,0,Raanana Basin,0,WRFrain_noPGW_HPE32.mat,WRFrain_PGW_V3_HPE32.mat,51.1238897,33.66548577,-17.45840393,0.65850791,mm
32,total,0,Raanana Basin 1 pixel,0,WRFrain_noPGW_HPE32.mat,WRFrain_PGW_V3_HPE32.mat,57.54551698,46.68457032,-10.86094666,0.811263375,mm
32,total,0,Raanana Basin 2 pixel,0,WRFrain_noPGW_HPE32.mat,WRFrain_PGW_V3_HPE32.mat,56.81078525,48.99393274,-7.816852511,0.862405484,mm
32,total,0,Raanana Basin 3 pixel,0,WRFrain_noPGW_HPE32.mat,WRFrain_PGW_V3_HPE32.mat,55.98446992,52.6487979,-3.335672022,0.940417905,mm
32,intensity,10,Raanana Basin,0,WRFrain_noPGW_HPE32.mat,WRFrain_PGW_V3_HPE32.mat,28.21033617,35.90859446,7.698258288,1.272887861,mm_per_hr
32,intensity,10,Raanana Basin 1 pixel,0,WRFrain_noPGW_HPE32.mat,WRFrain_PGW_V3_HPE32.mat,40.70440292,58.32444191,17.62003899,1.432877962,mm_per_hr
32,intensity,10,Raanana Basin 2 pixel,0,WRFrain_noPGW_HPE32.mat,WRFrain_PGW_V3_HPE32.mat,39.49053955,49.71176648,10.22122693,1.258827229,mm_per_hr
32,intensity,10,Raanana Basin 3 pixel,0,WRFrain_noPGW_HPE32.mat,WRFrain_PGW_V3_HPE32.mat,37.54676056,45.12829367,7.581533114,1.20192243,mm_per_hr
32,intensity,20,Raanana Basin,0,WRFrain_noPGW_HPE32.mat,WRFrain_PGW_V3_HPE32.mat,15.36654758,20.66472718,5.298179603,1.344786594,mm_per_hr
32,intensity,20,Raanana Basin 1 pixel,0,WRFrain_noPGW_HPE32.mat,WRFrain_PGW_V3_HPE32.mat,24.02148628,30.5316267,6.510140419,1.271013223,mm_per_hr
32,intensity,20,Raanana Basin 2 pixel,0,WRFrain_noPGW_HPE32.mat,WRFrain_PGW_V3_HPE32.mat,23.4853034,26.50007915,3.014775753,1.12836861,mm_per_hr
32,intensity,20,Raanana Basin 3 pixel,0,WRFrain_noPGW_HPE32.mat,WRFrain_PGW_V3_HPE32.mat,22.46559779,24.64628061,2.180682818,1.097067652,mm_per_hr
32,intensity,30,Raanana Basin,0,WRFrain_noPGW_HPE32.mat,WRFrain_PGW_V3_HPE32.mat,11.28230076,14.65213005,3.36982929,1.29868281,mm_per_hr
32,intensity,30,Raanana Basin 1 pixel,0,WRFrain_noPGW_HPE32.mat,WRFrain_PGW_V3_HPE32.mat,17.14044571,20.83313942,3.69269371,1.215437438,mm_per_hr
32,intensity,30,Raanana Basin 2 pixel,0,WRFrain_noPGW_HPE32.mat,WRFrain_PGW_V3_HPE32.mat,16.77412987,18.19159937,1.417469501,1.08450331,mm_per_hr
32,intensity,30,Raanana Basin 3 pixel,0,WRFrain_noPGW_HPE32.mat,WRFrain_PGW_V3_HPE32.mat,16.09843572,21.29884953,5.20041381,1.323038455,mm_per_hr
32,intensity,60,Raanana Basin,0,WRFrain_noPGW_HPE32.mat,WRFrain_PGW_V3_HPE32.mat,10.85761642,9.533992534,-1.323623888,0.878092591,mm_per_hr
32,intensity,60,Raanana Basin 1 pixel,0,WRFrain_noPGW_HPE32.mat,WRFrain_PGW_V3_HPE32.mat,15.36533451,13.26717281,-2.098161697,0.863448355,mm_per_hr
32,intensity,60,Raanana Basin 2 pixel,0,WRFrain_noPGW_HPE32.mat,WRFrain_PGW_V3_HPE32.mat,14.69029546,12.22559953,-2.46469593,0.832222848,mm_per_hr
32,intensity,60,Raanana Basin 3 pixel,0,WRFrain_noPGW_HPE32.mat,WRFrain_PGW_V3_HPE32.mat,14.1225605,14.6979564,0.575395902,1.04074303,mm_per_hr
32,intensity,120,Raanana Basin,0,WRFrain_noPGW_HPE32.mat,WRFrain_PGW_V3_HPE32.mat,8.310016745,6.062310414,-2.247706331,0.729518435,mm_per_hr
32,intensity,120,Raanana Basin 1 pixel,0,WRFrain_noPGW_HPE32.mat,WRFrain_PGW_V3_HPE32.mat,10.22567964,7.46171236,-2.763967276,0.729703318,mm_per_hr
32,intensity,120,Raanana Basin 2 pixel,0,WRFrain_noPGW_HPE32.mat,WRFrain_PGW_V3_HPE32.mat,9.982836425,7.082295358,-2.900541067,0.709447201,mm_per_hr
32,intensity,120,Raanana Basin 3 pixel,0,WRFrain_noPGW_HPE32.mat,WRFrain_PGW_V3_HPE32.mat,9.719430923,9.223639435,-0.495791488,0.948989659,mm_per_hr
32,intensity,240,Raanana Basin,0,WRFrain_noPGW_HPE32.mat,WRFrain_PGW_V3_HPE32.mat,5.291173516,3.605277179,-1.685896336,0.681375723,mm_per_hr
32,intensity,240,Raanana Basin 1 pixel,0,WRFrain_noPGW_HPE32.mat,WRFrain_PGW_V3_HPE32.mat,6.258456767,4.370540857,-1.887915909,0.698341623,mm_per_hr
32,intensity,240,Raanana Basin 2 pixel,0,WRFrain_noPGW_HPE32.mat,WRFrain_PGW_V3_HPE32.mat,6.088184744,4.154663742,-1.933521003,0.682414203,mm_per_hr
32,intensity,240,Raanana Basin 3 pixel,0,WRFrain_noPGW_HPE32.mat,WRFrain_PGW_V3_HPE32.mat,6.062446515,5.171107623,-0.891338891,0.852973731,mm_per_hr
32,intensity,360,Raanana Basin,0,WRFrain_noPGW_HPE32.mat,WRFrain_PGW_V3_HPE32.mat,4.638915755,3.160743502,-1.478172253,0.681353935,mm_per_hr
32,intensity,360,Raanana Basin 1 pixel,0,WRFrain_noPGW_HPE32.mat,WRFrain_PGW_V3_HPE32.mat,5.188017766,3.891221364,-1.296796401,0.7500401,mm_per_hr
32,intensity,360,Raanana Basin 2 pixel,0,WRFrain_noPGW_HPE32.mat,WRFrain_PGW_V3_HPE32.mat,5.152395467,4.236017485,-0.916377982,0.822145255,mm_per_hr
32,intensity,360,Raanana Basin 3 pixel,0,WRFrain_noPGW_HPE32.mat,WRFrain_PGW_V3_HPE32.mat,5.105454357,5.176740072,0.071285716,1.013962659,mm_per_hr
32,intensity,720,Raanana Basin,0,WRFrain_noPGW_HPE32.mat,WRFrain_PGW_V3_HPE32.mat,3.366238014,1.975573092,-1.390664922,0.586878612,mm_per_hr
32,intensity,720,Raanana Basin 1 pixel,0,WRFrain_noPGW_HPE32.mat,WRFrain_PGW_V3_HPE32.mat,3.738117337,2.372419486,-1.365697851,0.634656238,mm_per_hr
32,intensity,720,Raanana Basin 2 pixel,0,WRFrain_noPGW_HPE32.mat,WRFrain_PGW_V3_HPE32.mat,3.683745792,2.54788365,-1.135862142,0.691655666,mm_per_hr
32,intensity,720,Raanana Basin 3 pixel,0,WRFrain_noPGW_HPE32.mat,WRFrain_PGW_V3_HPE32.mat,3.618808327,3.050467398,-0.568340928,0.842948043,mm_per_hr
32,intensity,1440,Raanana Basin,0,WRFrain_noPGW_HPE32.mat,WRFrain_PGW_V3_HPE32.mat,1.899253181,1.36536727,-0.533885911,0.718896924,mm_per_hr
32,intensity,1440,Raanana Basin 1 pixel,0,WRFrain_noPGW_HPE32.mat,WRFrain_PGW_V3_HPE32.mat,2.141444226,1.866965339,-0.274478888,0.871825339,mm_per_hr
32,intensity,1440,Raanana Basin 2 pixel,0,WRFrain_noPGW_HPE32.mat,WRFrain_PGW_V3_HPE32.mat,2.120112807,1.949894323,-0.170218484,0.919712534,mm_per_hr
32,intensity,1440,Raanana Basin 3 pixel,0,WRFrain_noPGW_HPE32.mat,WRFrain_PGW_V3_HPE32.mat,2.095823339,2.114804085,0.018980746,1.009056463,mm_per_hr
33,total,0,Raanana Basin,0,WRFrain_noPGW_HPE33.mat,WRFrain_PGW_V3_HPE33.mat,68.19832137,50.88831204,-17.31000933,0.746181299,mm
33,total,0,Raanana Basin 1 pixel,0,WRFrain_noPGW_HPE33.mat,WRFrain_PGW_V3_HPE33.mat,77.76322031,54.49943376,-23.26378655,0.70083818,mm
33,total,0,Raanana Basin 2 pixel,0,WRFrain_noPGW_HPE33.mat,WRFrain_PGW_V3_HPE33.mat,76.70088276,56.50083232,-20.20005044,0.736638619,mm
33,total,0,Raanana Basin 3 pixel,0,WRFrain_noPGW_HPE33.mat,WRFrain_PGW_V3_HPE33.mat,74.93263607,60.36914513,-14.56349094,0.805645554,mm
33,intensity,10,Raanana Basin,0,WRFrain_noPGW_HPE33.mat,WRFrain_PGW_V3_HPE33.mat,30.38095713,21.72093585,-8.660021274,0.714952322,mm_per_hr
33,intensity,10,Raanana Basin 1 pixel,0,WRFrain_noPGW_HPE33.mat,WRFrain_PGW_V3_HPE33.mat,61.20498276,37.20005035,-24.0049324,0.607794475,mm_per_hr
33,intensity,10,Raanana Basin 2 pixel,0,WRFrain_noPGW_HPE33.mat,WRFrain_PGW_V3_HPE33.mat,61.90850544,34.86698341,-27.04152203,0.563201828,mm_per_hr
33,intensity,10,Raanana Basin 3 pixel,0,WRFrain_noPGW_HPE33.mat,WRFrain_PGW_V3_HPE33.mat,60.17419179,37.36801656,-22.80617523,0.620997399,mm_per_hr
33,intensity,20,Raanana Basin,0,WRFrain_noPGW_HPE33.mat,WRFrain_PGW_V3_HPE33.mat,26.57817071,13.58039844,-12.99777227,0.510960615,mm_per_hr
33,intensity,20,Raanana Basin 1 pixel,0,WRFrain_noPGW_HPE33.mat,WRFrain_PGW_V3_HPE33.mat,40.08706284,25.96060181,-14.12646103,0.647605486,mm_per_hr
33,intensity,20,Raanana Basin 2 pixel,0,WRFrain_noPGW_HPE33.mat,WRFrain_PGW_V3_HPE33.mat,41.38251972,28.95756054,-12.42495918,0.69975344,mm_per_hr
33,intensity,20,Raanana Basin 3 pixel,0,WRFrain_noPGW_HPE33.mat,WRFrain_PGW_V3_HPE33.mat,40.94467417,27.87049103,-13.07418315,0.680686599,mm_per_hr
33,intensity,30,Raanana Basin,0,WRFrain_noPGW_HPE33.mat,WRFrain_PGW_V3_HPE33.mat,23.73907405,11.36748047,-12.37159359,0.478851047,mm_per_hr
33,intensity,30,Raanana Basin 1 pixel,0,WRFrain_noPGW_HPE33.mat,WRFrain_PGW_V3_HPE33.mat,34.33903503,22.69276428,-11.64627075,0.660844554,mm_per_hr
33,intensity,30,Raanana Basin 2 pixel,0,WRFrain_noPGW_HPE33.mat,WRFrain_PGW_V3_HPE33.mat,37.22334862,24.31954193,-12.90380669,0.653341057,mm_per_hr
33,intensity,30,Raanana Basin 3 pixel,0,WRFrain_noPGW_HPE33.mat,WRFrain_PGW_V3_HPE33.mat,38.50667487,23.10849847,-15.39817641,0.600116695,mm_per_hr
33,intensity,60,Raanana Basin,0,WRFrain_noPGW_HPE33.mat,WRFrain_PGW_V3_HPE33.mat,17.95716477,7.257710565,-10.69945421,0.404167955,mm_per_hr
33,intensity,60,Raanana Basin 1 pixel,0,WRFrain_noPGW_HPE33.mat,WRFrain_PGW_V3_HPE33.mat,28.58906174,12.78330612,-15.80575562,0.447139757,mm_per_hr
33,intensity,60,Raanana Basin 2 pixel,0,WRFrain_noPGW_HPE33.mat,WRFrain_PGW_V3_HPE33.mat,28.76697922,14.2113924,-14.55558681,0.494017543,mm_per_hr
33,intensity,60,Raanana Basin 3 pixel,0,WRFrain_noPGW_HPE33.mat,WRFrain_PGW_V3_HPE33.mat,28.85959413,14.20639377,-14.65320036,0.492258959,mm_per_hr
33,intensity,120,Raanana Basin,0,WRFrain_noPGW_HPE33.mat,WRFrain_PGW_V3_HPE33.mat,15.83662274,6.731411124,-9.10521162,0.425053449,mm_per_hr
33,intensity,120,Raanana Basin 1 pixel,0,WRFrain_noPGW_HPE33.mat,WRFrain_PGW_V3_HPE33.mat,22.0146389,9.26691258,-12.74772632,0.420943202,mm_per_hr
33,intensity,120,Raanana Basin 2 pixel,0,WRFrain_noPGW_HPE33.mat,WRFrain_PGW_V3_HPE33.mat,21.93688279,9.403645217,-12.53323758,0.428668253,mm_per_hr
33,intensity,120,Raanana Basin 3 pixel,0,WRFrain_noPGW_HPE33.mat,WRFrain_PGW_V3_HPE33.mat,21.51177393,9.517660227,-11.9941137,0.44243958,mm_per_hr
33,intensity,240,Raanana Basin,0,WRFrain_noPGW_HPE33.mat,WRFrain_PGW_V3_HPE33.mat,9.841437023,4.112338791,-5.729098232,0.417859585,mm_per_hr
33,intensity,240,Raanana Basin 1 pixel,0,WRFrain_noPGW_HPE33.mat,WRFrain_PGW_V3_HPE33.mat,13.66464657,4.970677912,-8.693968654,0.363761908,mm_per_hr
33,intensity,240,Raanana Basin 2 pixel,0,WRFrain_noPGW_HPE33.mat,WRFrain_PGW_V3_HPE33.mat,13.69887151,5.025672168,-8.673199341,0.366867604,mm_per_hr
33,intensity,240,Raanana Basin 3 pixel,0,WRFrain_noPGW_HPE33.mat,WRFrain_PGW_V3_HPE33.mat,13.49282543,5.124472784,-8.368352645,0.379792417,mm_per_hr
33,intensity,360,Raanana Basin,0,WRFrain_noPGW_HPE33.mat,WRFrain_PGW_V3_HPE33.mat,6.784374344,3.465706734,-3.318667611,0.510836602,mm_per_hr
33,intensity,360,Raanana Basin 1 pixel,0,WRFrain_noPGW_HPE33.mat,WRFrain_PGW_V3_HPE33.mat,9.523432056,4.466123939,-5.057308118,0.4689616,mm_per_hr
33,intensity,360,Raanana Basin 2 pixel,0,WRFrain_noPGW_HPE33.mat,WRFrain_PGW_V3_HPE33.mat,9.502401928,4.453870843,-5.048531085,0.468710004,mm_per_hr
33,intensity,360,Raanana Basin 3 pixel,0,WRFrain_noPGW_HPE33.mat,WRFrain_PGW_V3_HPE33.mat,9.359756699,4.516707622,-4.843049077,0.482566777,mm_per_hr
33,intensity,720,Raanana Basin,0,WRFrain_noPGW_HPE33.mat,WRFrain_PGW_V3_HPE33.mat,4.461382043,2.734658548,-1.726723494,0.612962199,mm_per_hr
33,intensity,720,Raanana Basin 1 pixel,0,WRFrain_noPGW_HPE33.mat,WRFrain_PGW_V3_HPE33.mat,5.604713579,3.068370342,-2.536343237,0.54746247,mm_per_hr
33,intensity,720,Raanana Basin 2 pixel,0,WRFrain_noPGW_HPE33.mat,WRFrain_PGW_V3_HPE33.mat,5.557564606,3.11079669,-2.446767916,0.559740986,mm_per_hr
33,intensity,720,Raanana Basin 3 pixel,0,WRFrain_noPGW_HPE33.mat,WRFrain_PGW_V3_HPE33.mat,5.450906259,3.149551396,-2.301354863,0.577803258,mm_per_hr
33,intensity,1440,Raanana Basin,0,WRFrain_noPGW_HPE33.mat,WRFrain_PGW_V3_HPE33.mat,2.716411135,2.074135184,-0.642275951,0.763557164,mm_per_hr
33,intensity,1440,Raanana Basin 1 pixel,0,WRFrain_noPGW_HPE33.mat,WRFrain_PGW_V3_HPE33.mat,3.150919706,2.244430556,-0.90648915,0.712309664,mm_per_hr
33,intensity,1440,Raanana Basin 2 pixel,0,WRFrain_noPGW_HPE33.mat,WRFrain_PGW_V3_HPE33.mat,3.090165742,2.268661656,-0.821504086,0.734155332,mm_per_hr
33,intensity,1440,Raanana Basin 3 pixel,0,WRFrain_noPGW_HPE33.mat,WRFrain_PGW_V3_HPE33.mat,3.033111068,2.397887341,-0.635223728,0.790570238,mm_per_hr
34,total,0,Raanana Basin,0,WRFrain_noPGW_HPE34.mat,WRFrain_PGW_V3_HPE34.mat,80.39722319,71.9145314,-8.482691798,0.894490239,mm
34,total,0,Raanana Basin 1 pixel,0,WRFrain_noPGW_HPE34.mat,WRFrain_PGW_V3_HPE34.mat,84.84521478,80.11013797,-4.735076815,0.944191587,mm
34,total,0,Raanana Basin 2 pixel,0,WRFrain_noPGW_HPE34.mat,WRFrain_PGW_V3_HPE34.mat,85.51085472,80.91780091,-4.593053813,0.946286892,mm
34,total,0,Raanana Basin 3 pixel,0,WRFrain_noPGW_HPE34.mat,WRFrain_PGW_V3_HPE34.mat,87.49122887,83.2647934,-4.22643547,0.951693038,mm
34,intensity,10,Raanana Basin,0,WRFrain_noPGW_HPE34.mat,WRFrain_PGW_V3_HPE34.mat,16.87916809,25.96398288,9.084814792,1.538226454,mm_per_hr
34,intensity,10,Raanana Basin 1 pixel,0,WRFrain_noPGW_HPE34.mat,WRFrain_PGW_V3_HPE34.mat,39.94192028,46.27837372,6.336453438,1.158641683,mm_per_hr
34,intensity,10,Raanana Basin 2 pixel,0,WRFrain_noPGW_HPE34.mat,WRFrain_PGW_V3_HPE34.mat,41.76385689,42.1006422,0.336785316,1.008064038,mm_per_hr
34,intensity,10,Raanana Basin 3 pixel,0,WRFrain_noPGW_HPE34.mat,WRFrain_PGW_V3_HPE34.mat,36.26360305,37.77503967,1.511436621,1.041679163,mm_per_hr
34,intensity,20,Raanana Basin,0,WRFrain_noPGW_HPE34.mat,WRFrain_PGW_V3_HPE34.mat,10.79749268,20.63495511,9.837462424,1.911087668,mm_per_hr
34,intensity,20,Raanana Basin 1 pixel,0,WRFrain_noPGW_HPE34.mat,WRFrain_PGW_V3_HPE34.mat,28.42157221,30.83625412,2.414681911,1.084959477,mm_per_hr
34,intensity,20,Raanana Basin 2 pixel,0,WRFrain_noPGW_HPE34.mat,WRFrain_PGW_V3_HPE34.mat,27.32884026,27.82589293,0.49705267,1.018187843,mm_per_hr
34,intensity,20,Raanana Basin 3 pixel,0,WRFrain_noPGW_HPE34.mat,WRFrain_PGW_V3_HPE34.mat,23.12040043,24.67620977,1.555809339,1.067291626,mm_per_hr
34,intensity,30,Raanana Basin,0,WRFrain_noPGW_HPE34.mat,WRFrain_PGW_V3_HPE34.mat,10.53341839,14.6388883,4.105469914,1.389756655,mm_per_hr
34,intensity,30,Raanana Basin 1 pixel,0,WRFrain_noPGW_HPE34.mat,WRFrain_PGW_V3_HPE34.mat,19.89642715,23.4433136,3.546886444,1.178267506,mm_per_hr
34,intensity,30,Raanana Basin 2 pixel,0,WRFrain_noPGW_HPE34.mat,WRFrain_PGW_V3_HPE34.mat,19.1698277,21.98820591,2.81837821,1.147021572,mm_per_hr
34,intensity,30,Raanana Basin 3 pixel,0,WRFrain_noPGW_HPE34.mat,WRFrain_PGW_V3_HPE34.mat,18.28208028,20.85782687,2.575746589,1.140889141,mm_per_hr
34,intensity,60,Raanana Basin,0,WRFrain_noPGW_HPE34.mat,WRFrain_PGW_V3_HPE34.mat,10.04099515,9.642167098,-0.398828049,0.960280028,mm_per_hr
34,intensity,60,Raanana Basin 1 pixel,0,WRFrain_noPGW_HPE34.mat,WRFrain_PGW_V3_HPE34.mat,12.16809082,16.37534904,4.207258224,1.345761573,mm_per_hr
34,intensity,60,Raanana Basin 2 pixel,0,WRFrain_noPGW_HPE34.mat,WRFrain_PGW_V3_HPE34.mat,12.30126524,15.46377897,3.162513733,1.257088492,mm_per_hr
34,intensity,60,Raanana Basin 3 pixel,0,WRFrain_noPGW_HPE34.mat,WRFrain_PGW_V3_HPE34.mat,12.16212124,14.69246462,2.530343374,1.208051155,mm_per_hr
34,intensity,120,Raanana Basin,0,WRFrain_noPGW_HPE34.mat,WRFrain_PGW_V3_HPE34.mat,9.127730911,7.767326682,-1.36040423,0.85095921,mm_per_hr
34,intensity,120,Raanana Basin 1 pixel,0,WRFrain_noPGW_HPE34.mat,WRFrain_PGW_V3_HPE34.mat,10.58154202,10.78258562,0.201043606,1.018999462,mm_per_hr
34,intensity,120,Raanana Basin 2 pixel,0,WRFrain_noPGW_HPE34.mat,WRFrain_PGW_V3_HPE34.mat,11.02290392,10.49346709,-0.529436827,0.951969388,mm_per_hr
34,intensity,120,Raanana Basin 3 pixel,0,WRFrain_noPGW_HPE34.mat,WRFrain_PGW_V3_HPE34.mat,11.39057393,10.0423554,-1.34821852,0.88163735,mm_per_hr
34,intensity,240,Raanana Basin,0,WRFrain_noPGW_HPE34.mat,WRFrain_PGW_V3_HPE34.mat,7.422140814,4.858470811,-2.563670003,0.65459157,mm_per_hr
34,intensity,240,Raanana Basin 1 pixel,0,WRFrain_noPGW_HPE34.mat,WRFrain_PGW_V3_HPE34.mat,8.93175745,7.242404729,-1.689352721,0.810859987,mm_per_hr
34,intensity,240,Raanana Basin 2 pixel,0,WRFrain_noPGW_HPE34.mat,WRFrain_PGW_V3_HPE34.mat,9.357578635,7.016502947,-2.341075689,0.749820356,mm_per_hr
34,intensity,240,Raanana Basin 3 pixel,0,WRFrain_noPGW_HPE34.mat,WRFrain_PGW_V3_HPE34.mat,9.731877115,6.736576511,-2.995300604,0.692217589,mm_per_hr
34,intensity,360,Raanana Basin,0,WRFrain_noPGW_HPE34.mat,WRFrain_PGW_V3_HPE34.mat,6.28472333,3.267392768,-3.017330562,0.519894448,mm_per_hr
34,intensity,360,Raanana Basin 1 pixel,0,WRFrain_noPGW_HPE34.mat,WRFrain_PGW_V3_HPE34.mat,7.268542926,4.851340135,-2.417202791,0.667443281,mm_per_hr
34,intensity,360,Raanana Basin 2 pixel,0,WRFrain_noPGW_HPE34.mat,WRFrain_PGW_V3_HPE34.mat,7.536017736,4.70396017,-2.832057565,0.624197067,mm_per_hr
34,intensity,360,Raanana Basin 3 pixel,0,WRFrain_noPGW_HPE34.mat,WRFrain_PGW_V3_HPE34.mat,7.761690034,4.495621672,-3.266068361,0.579206546,mm_per_hr
34,intensity,720,Raanana Basin,0,WRFrain_noPGW_HPE34.mat,WRFrain_PGW_V3_HPE34.mat,3.2838529,2.418299184,-0.865553715,0.736421289,mm_per_hr
34,intensity,720,Raanana Basin 1 pixel,0,WRFrain_noPGW_HPE34.mat,WRFrain_PGW_V3_HPE34.mat,3.803270817,3.067805101,-0.735465715,0.806622838,mm_per_hr
34,intensity,720,Raanana Basin 2 pixel,0,WRFrain_noPGW_HPE34.mat,WRFrain_PGW_V3_HPE34.mat,3.873375932,3.025409917,-0.847966015,0.781078307,mm_per_hr
34,intensity,720,Raanana Basin 3 pixel,0,WRFrain_noPGW_HPE34.mat,WRFrain_PGW_V3_HPE34.mat,3.978103832,2.939060807,-1.039043025,0.738809476,mm_per_hr
34,intensity,1440,Raanana Basin,0,WRFrain_noPGW_HPE34.mat,WRFrain_PGW_V3_HPE34.mat,2.182967558,1.816614361,-0.366353197,0.832176527,mm_per_hr
34,intensity,1440,Raanana Basin 1 pixel,0,WRFrain_noPGW_HPE34.mat,WRFrain_PGW_V3_HPE34.mat,2.381322304,2.106224855,-0.27509745,0.88447702,mm_per_hr
34,intensity,1440,Raanana Basin 2 pixel,0,WRFrain_noPGW_HPE34.mat,WRFrain_PGW_V3_HPE34.mat,2.387021164,2.290022433,-0.096998731,0.959364109,mm_per_hr
34,intensity,1440,Raanana Basin 3 pixel,0,WRFrain_noPGW_HPE34.mat,WRFrain_PGW_V3_HPE34.mat,2.413765104,2.359452656,-0.054312448,0.977498868,mm_per_hr
35,total,0,Raanana Basin,0,WRFrain_noPGW_HPE35.mat,WRFrain_PGW_V3_HPE35.mat,57.48497132,56.95597023,-0.529001093,0.990797576,mm
35,total,0,Raanana Basin 1 pixel,0,WRFrain_noPGW_HPE35.mat,WRFrain_PGW_V3_HPE35.mat,67.95630228,66.75325362,-1.203048662,0.982296732,mm
35,total,0,Raanana Basin 2 pixel,0,WRFrain_noPGW_HPE35.mat,WRFrain_PGW_V3_HPE35.mat,68.09728056,65.37136865,-2.72591191,0.959970326,mm
35,total,0,Raanana Basin 3 pixel,0,WRFrain_noPGW_HPE35.mat,WRFrain_PGW_V3_HPE35.mat,68.75077191,63.38396668,-5.366805231,0.921938255,mm
35,intensity,10,Raanana Basin,0,WRFrain_noPGW_HPE35.mat,WRFrain_PGW_V3_HPE35.mat,22.08480207,23.75098511,1.666183043,1.07544478,mm_per_hr
35,intensity,10,Raanana Basin 1 pixel,0,WRFrain_noPGW_HPE35.mat,WRFrain_PGW_V3_HPE35.mat,35.18364716,43.85318756,8.669540405,1.246408235,mm_per_hr
35,intensity,10,Raanana Basin 2 pixel,0,WRFrain_noPGW_HPE35.mat,WRFrain_PGW_V3_HPE35.mat,33.2348156,38.78420162,5.549386024,1.166975081,mm_per_hr
35,intensity,10,Raanana Basin 3 pixel,0,WRFrain_noPGW_HPE35.mat,WRFrain_PGW_V3_HPE35.mat,29.69552612,33.87594859,4.180422465,1.140776171,mm_per_hr
35,intensity,20,Raanana Basin,0,WRFrain_noPGW_HPE35.mat,WRFrain_PGW_V3_HPE35.mat,11.55799583,20.10355878,8.545562944,1.739363733,mm_per_hr
35,intensity,20,Raanana Basin 1 pixel,0,WRFrain_noPGW_HPE35.mat,WRFrain_PGW_V3_HPE35.mat,18.42073059,25.28899384,6.868263245,1.372855094,mm_per_hr
35,intensity,20,Raanana Basin 2 pixel,0,WRFrain_noPGW_HPE35.mat,WRFrain_PGW_V3_HPE35.mat,18.04690075,24.10489941,6.057998657,1.335680832,mm_per_hr
35,intensity,20,Raanana Basin 3 pixel,0,WRFrain_noPGW_HPE35.mat,WRFrain_PGW_V3_HPE35.mat,16.35765902,22.54929606,6.191637039,1.378516084,mm_per_hr
35,intensity,30,Raanana Basin,0,WRFrain_noPGW_HPE35.mat,WRFrain_PGW_V3_HPE35.mat,8.897700924,13.78122083,4.883519904,1.548851883,mm_per_hr
35,intensity,30,Raanana Basin 1 pixel,0,WRFrain_noPGW_HPE35.mat,WRFrain_PGW_V3_HPE35.mat,15.14536285,19.29421234,4.148849487,1.273935298,mm_per_hr
35,intensity,30,Raanana Basin 2 pixel,0,WRFrain_noPGW_HPE35.mat,WRFrain_PGW_V3_HPE35.mat,15.16126347,17.68619919,2.524935722,1.166538609,mm_per_hr
35,intensity,30,Raanana Basin 3 pixel,0,WRFrain_noPGW_HPE35.mat,WRFrain_PGW_V3_HPE35.mat,14.24126731,16.42858124,2.187313928,1.153589837,mm_per_hr
35,intensity,60,Raanana Basin,0,WRFrain_noPGW_HPE35.mat,WRFrain_PGW_V3_HPE35.mat,6.254955899,7.67443508,1.41947918,1.226936721,mm_per_hr
35,intensity,60,Raanana Basin 1 pixel,0,WRFrain_noPGW_HPE35.mat,WRFrain_PGW_V3_HPE35.mat,10.64003754,11.28154373,0.641506195,1.060291723,mm_per_hr
35,intensity,60,Raanana Basin 2 pixel,0,WRFrain_noPGW_HPE35.mat,WRFrain_PGW_V3_HPE35.mat,10.32673979,10.51244354,0.185703754,1.017982806,mm_per_hr
35,intensity,60,Raanana Basin 3 pixel,0,WRFrain_noPGW_HPE35.mat,WRFrain_PGW_V3_HPE35.mat,9.877159543,10.28752518,0.410365634,1.041546928,mm_per_hr
35,intensity,120,Raanana Basin,0,WRFrain_noPGW_HPE35.mat,WRFrain_PGW_V3_HPE35.mat,3.928860692,6.823349318,2.894488626,1.736724677,mm_per_hr
35,intensity,120,Raanana Basin 1 pixel,0,WRFrain_noPGW_HPE35.mat,WRFrain_PGW_V3_HPE35.mat,7.037503242,7.970029831,0.932526588,1.132508158,mm_per_hr
35,intensity,120,Raanana Basin 2 pixel,0,WRFrain_noPGW_HPE35.mat,WRFrain_PGW_V3_HPE35.mat,6.874526024,7.560032845,0.685506821,1.099716958,mm_per_hr
35,intensity,120,Raanana Basin 3 pixel,0,WRFrain_noPGW_HPE35.mat,WRFrain_PGW_V3_HPE35.mat,6.709272808,7.471987194,0.762714386,1.113680634,mm_per_hr
35,intensity,240,Raanana Basin,0,WRFrain_noPGW_HPE35.mat,WRFrain_PGW_V3_HPE35.mat,3.13305033,4.263665296,1.130614966,1.360867157,mm_per_hr
35,intensity,240,Raanana Basin 1 pixel,0,WRFrain_noPGW_HPE35.mat,WRFrain_PGW_V3_HPE35.mat,5.007594109,5.640519142,0.632925034,1.126393038,mm_per_hr
35,intensity,240,Raanana Basin 2 pixel,0,WRFrain_noPGW_HPE35.mat,WRFrain_PGW_V3_HPE35.mat,4.851668358,5.370564282,0.518895924,1.10695206,mm_per_hr
35,intensity,240,Raanana Basin 3 pixel,0,WRFrain_noPGW_HPE35.mat,WRFrain_PGW_V3_HPE35.mat,4.743887583,5.003817399,0.259929816,1.054792575,mm_per_hr
35,intensity,360,Raanana Basin,0,WRFrain_noPGW_HPE35.mat,WRFrain_PGW_V3_HPE35.mat,2.185068882,3.057522925,0.872454042,1.399279881,mm_per_hr
35,intensity,360,Raanana Basin 1 pixel,0,WRFrain_noPGW_HPE35.mat,WRFrain_PGW_V3_HPE35.mat,3.457690875,3.943821271,0.486130397,1.140593944,mm_per_hr
35,intensity,360,Raanana Basin 2 pixel,0,WRFrain_noPGW_HPE35.mat,WRFrain_PGW_V3_HPE35.mat,3.394628763,3.764841398,0.370212634,1.109058357,mm_per_hr
35,intensity,360,Raanana Basin 3 pixel,0,WRFrain_noPGW_HPE35.mat,WRFrain_PGW_V3_HPE35.mat,3.355427036,3.514115899,0.158688863,1.047293194,mm_per_hr
35,intensity,720,Raanana Basin,0,WRFrain_noPGW_HPE35.mat,WRFrain_PGW_V3_HPE35.mat,1.589735966,2.276970423,0.687234456,1.432294715,mm_per_hr
35,intensity,720,Raanana Basin 1 pixel,0,WRFrain_noPGW_HPE35.mat,WRFrain_PGW_V3_HPE35.mat,2.322739124,3.131702503,0.808963378,1.348279912,mm_per_hr
35,intensity,720,Raanana Basin 2 pixel,0,WRFrain_noPGW_HPE35.mat,WRFrain_PGW_V3_HPE35.mat,2.364367445,3.06257834,0.698210895,1.295305578,mm_per_hr
35,intensity,720,Raanana Basin 3 pixel,0,WRFrain_noPGW_HPE35.mat,WRFrain_PGW_V3_HPE35.mat,2.336242305,2.921686576,0.585444272,1.250592274,mm_per_hr
35,intensity,1440,Raanana Basin,0,WRFrain_noPGW_HPE35.mat,WRFrain_PGW_V3_HPE35.mat,1.345708928,1.268904401,-0.076804527,0.942926345,mm_per_hr
35,intensity,1440,Raanana Basin 1 pixel,0,WRFrain_noPGW_HPE35.mat,WRFrain_PGW_V3_HPE35.mat,1.778226495,1.718886758,-0.059339737,0.966629821,mm_per_hr
35,intensity,1440,Raanana Basin 2 pixel,0,WRFrain_noPGW_HPE35.mat,WRFrain_PGW_V3_HPE35.mat,1.79670005,1.68987428,-0.106825771,0.940543347,mm_per_hr
35,intensity,1440,Raanana Basin 3 pixel,0,WRFrain_noPGW_HPE35.mat,WRFrain_PGW_V3_HPE35.mat,1.752858339,1.614577178,-0.13828116,0.921111046,mm_per_hr
36,total,0,Raanana Basin,0,WRFrain_noPGW_HPE36.mat,WRFrain_PGW_V3_HPE36.mat,43.99702562,34.52526905,-9.471756566,0.784718252,mm
36,total,0,Raanana Basin 1 pixel,0,WRFrain_noPGW_HPE36.mat,WRFrain_PGW_V3_HPE36.mat,53.55409237,41.55571365,-11.99837872,0.775957762,mm
36,total,0,Raanana Basin 2 pixel,0,WRFrain_noPGW_HPE36.mat,WRFrain_PGW_V3_HPE36.mat,55.05877304,41.41369155,-13.64508149,0.752172438,mm
36,total,0,Raanana Basin 3 pixel,0,WRFrain_noPGW_HPE36.mat,WRFrain_PGW_V3_HPE36.mat,56.86363645,41.23105488,-15.63258156,0.725086496,mm
36,intensity,10,Raanana Basin,0,WRFrain_noPGW_HPE36.mat,WRFrain_PGW_V3_HPE36.mat,14.9873321,21.8653504,6.878018304,1.458922126,mm_per_hr
36,intensity,10,Raanana Basin 1 pixel,0,WRFrain_noPGW_HPE36.mat,WRFrain_PGW_V3_HPE36.mat,39.09726334,42.10156059,3.004297256,1.076841625,mm_per_hr
36,intensity,10,Raanana Basin 2 pixel,0,WRFrain_noPGW_HPE36.mat,WRFrain_PGW_V3_HPE36.mat,38.13193274,40.61332655,2.481393814,1.065073906,mm_per_hr
36,intensity,10,Raanana Basin 3 pixel,0,WRFrain_noPGW_HPE36.mat,WRFrain_PGW_V3_HPE36.mat,33.73195664,37.78450394,4.052547296,1.120139704,mm_per_hr
36,intensity,20,Raanana Basin,0,WRFrain_noPGW_HPE36.mat,WRFrain_PGW_V3_HPE36.mat,10.25960803,19.81598844,9.55638041,1.931456678,mm_per_hr
36,intensity,20,Raanana Basin 1 pixel,0,WRFrain_noPGW_HPE36.mat,WRFrain_PGW_V3_HPE36.mat,28.6803503,29.44798279,0.767632484,1.026765101,mm_per_hr
36,intensity,20,Raanana Basin 2 pixel,0,WRFrain_noPGW_HPE36.mat,WRFrain_PGW_V3_HPE36.mat,29.97593307,29.26429188,-0.711641192,0.976259582,mm_per_hr
36,intensity,20,Raanana Basin 3 pixel,0,WRFrain_noPGW_HPE36.mat,WRFrain_PGW_V3_HPE36.mat,26.83515898,28.37808688,1.542927901,1.057496507,mm_per_hr
36,intensity,30,Raanana Basin,0,WRFrain_noPGW_HPE36.mat,WRFrain_PGW_V3_HPE36.mat,8.914002836,19.25134255,10.33733971,2.159674268,mm_per_hr
36,intensity,30,Raanana Basin 1 pixel,0,WRFrain_noPGW_HPE36.mat,WRFrain_PGW_V3_HPE36.mat,24.97572947,23.83860207,-1.137127399,0.954470703,mm_per_hr
36,intensity,30,Raanana Basin 2 pixel,0,WRFrain_noPGW_HPE36.mat,WRFrain_PGW_V3_HPE36.mat,25.95590329,23.78702593,-2.168877363,0.91643992,mm_per_hr
36,intensity,30,Raanana Basin 3 pixel,0,WRFrain_noPGW_HPE36.mat,WRFrain_PGW_V3_HPE36.mat,23.84594324,22.82659827,-1.019344966,0.957252898,mm_per_hr
36,intensity,60,Raanana Basin,0,WRFrain_noPGW_HPE36.mat,WRFrain_PGW_V3_HPE36.mat,6.431362541,12.70073655,6.26937401,1.97481272,mm_per_hr
36,intensity,60,Raanana Basin 1 pixel,0,WRFrain_noPGW_HPE36.mat,WRFrain_PGW_V3_HPE36.mat,14.91818261,14.92843866,0.010256052,1.000687487,mm_per_hr
36,intensity,60,Raanana Basin 2 pixel,0,WRFrain_noPGW_HPE36.mat,WRFrain_PGW_V3_HPE36.mat,15.10682666,15.0023607,-0.104465961,0.993084851,mm_per_hr
36,intensity,60,Raanana Basin 3 pixel,0,WRFrain_noPGW_HPE36.mat,WRFrain_PGW_V3_HPE36.mat,14.16063171,15.1170622,0.956430488,1.067541513,mm_per_hr
36,intensity,120,Raanana Basin,0,WRFrain_noPGW_HPE36.mat,WRFrain_PGW_V3_HPE36.mat,5.166361768,8.515100754,3.348738985,1.64818128,mm_per_hr
36,intensity,120,Raanana Basin 1 pixel,0,WRFrain_noPGW_HPE36.mat,WRFrain_PGW_V3_HPE36.mat,7.872169614,10.2164588,2.344289184,1.297794547,mm_per_hr
36,intensity,120,Raanana Basin 2 pixel,0,WRFrain_noPGW_HPE36.mat,WRFrain_PGW_V3_HPE36.mat,7.976004303,10.18811738,2.212113082,1.277346024,mm_per_hr
36,intensity,120,Raanana Basin 3 pixel,0,WRFrain_noPGW_HPE36.mat,WRFrain_PGW_V3_HPE36.mat,7.537894567,10.06833156,2.530436993,1.335695461,mm_per_hr
36,intensity,240,Raanana Basin,0,WRFrain_noPGW_HPE36.mat,WRFrain_PGW_V3_HPE36.mat,4.326656499,4.92777353,0.60111703,1.138933384,mm_per_hr
36,intensity,240,Raanana Basin 1 pixel,0,WRFrain_noPGW_HPE36.mat,WRFrain_PGW_V3_HPE36.mat,5.331636667,5.873487473,0.541850805,1.101629357,mm_per_hr
36,intensity,240,Raanana Basin 2 pixel,0,WRFrain_noPGW_HPE36.mat,WRFrain_PGW_V3_HPE36.mat,5.364859045,5.873950601,0.509091556,1.094893743,mm_per_hr
36,intensity,240,Raanana Basin 3 pixel,0,WRFrain_noPGW_HPE36.mat,WRFrain_PGW_V3_HPE36.mat,5.351562818,5.804574119,0.453011301,1.084650282,mm_per_hr
36,intensity,360,Raanana Basin,0,WRFrain_noPGW_HPE36.mat,WRFrain_PGW_V3_HPE36.mat,3.870136758,3.345265001,-0.524871757,0.864379016,mm_per_hr
36,intensity,360,Raanana Basin 1 pixel,0,WRFrain_noPGW_HPE36.mat,WRFrain_PGW_V3_HPE36.mat,4.23510313,4.037791332,-0.197311799,0.953410391,mm_per_hr
36,intensity,360,Raanana Basin 2 pixel,0,WRFrain_noPGW_HPE36.mat,WRFrain_PGW_V3_HPE36.mat,4.279998938,4.011558195,-0.268440743,0.937280185,mm_per_hr
36,intensity,360,Raanana Basin 3 pixel,0,WRFrain_noPGW_HPE36.mat,WRFrain_PGW_V3_HPE36.mat,4.308543797,3.971658071,-0.336885726,0.921809841,mm_per_hr
36,intensity,720,Raanana Basin,0,WRFrain_noPGW_HPE36.mat,WRFrain_PGW_V3_HPE36.mat,2.750105493,2.512071866,-0.238033627,0.913445638,mm_per_hr
36,intensity,720,Raanana Basin 1 pixel,0,WRFrain_noPGW_HPE36.mat,WRFrain_PGW_V3_HPE36.mat,3.150305867,2.944588282,-0.205717585,0.934699171,mm_per_hr
36,intensity,720,Raanana Basin 2 pixel,0,WRFrain_noPGW_HPE36.mat,WRFrain_PGW_V3_HPE36.mat,3.267604033,2.94596484,-0.321639193,0.901567268,mm_per_hr
36,intensity,720,Raanana Basin 3 pixel,0,WRFrain_noPGW_HPE36.mat,WRFrain_PGW_V3_HPE36.mat,3.278737642,2.929462253,-0.349275389,0.893472602,mm_per_hr
36,intensity,1440,Raanana Basin,0,WRFrain_noPGW_HPE36.mat,WRFrain_PGW_V3_HPE36.mat,1.471205092,1.428356423,-0.042848669,0.970875122,mm_per_hr
36,intensity,1440,Raanana Basin 1 pixel,0,WRFrain_noPGW_HPE36.mat,WRFrain_PGW_V3_HPE36.mat,1.669410229,1.683937103,0.014526874,1.0087018,mm_per_hr
36,intensity,1440,Raanana Basin 2 pixel,0,WRFrain_noPGW_HPE36.mat,WRFrain_PGW_V3_HPE36.mat,1.733551527,1.688321226,-0.045230301,0.97390888,mm_per_hr
36,intensity,1440,Raanana Basin 3 pixel,0,WRFrain_noPGW_HPE36.mat,WRFrain_PGW_V3_HPE36.mat,1.748735929,1.703026044,-0.045709885,0.973861185,mm_per_hr
37,total,0,Raanana Basin,0,WRFrain_noPGW_HPE37.mat,WRFrain_PGW_V3_HPE37.mat,8.86463318,8.063252429,-0.801380751,0.909597979,mm
37,total,0,Raanana Basin 1 pixel,0,WRFrain_noPGW_HPE37.mat,WRFrain_PGW_V3_HPE37.mat,10.43221569,9.933629736,-0.498585955,0.952207089,mm
37,total,0,Raanana Basin 2 pixel,0,WRFrain_noPGW_HPE37.mat,WRFrain_PGW_V3_HPE37.mat,11.28204489,11.15379763,-0.128247258,0.988632623,mm
37,total,0,Raanana Basin 3 pixel,0,WRFrain_noPGW_HPE37.mat,WRFrain_PGW_V3_HPE37.mat,11.71758482,12.91980521,1.202220385,1.102599674,mm
37,intensity,10,Raanana Basin,0,WRFrain_noPGW_HPE37.mat,WRFrain_PGW_V3_HPE37.mat,9.868898965,14.77408689,4.90518793,1.497034973,mm_per_hr
37,intensity,10,Raanana Basin 1 pixel,0,WRFrain_noPGW_HPE37.mat,WRFrain_PGW_V3_HPE37.mat,14.52918434,24.9753685,10.44618416,1.718979394,mm_per_hr
37,intensity,10,Raanana Basin 2 pixel,0,WRFrain_noPGW_HPE37.mat,WRFrain_PGW_V3_HPE37.mat,14.51581693,26.45638633,11.9405694,1.822590245,mm_per_hr
37,intensity,10,Raanana Basin 3 pixel,0,WRFrain_noPGW_HPE37.mat,WRFrain_PGW_V3_HPE37.mat,13.87148412,27.0152626,13.14377848,1.947539454,mm_per_hr
37,intensity,20,Raanana Basin,0,WRFrain_noPGW_HPE37.mat,WRFrain_PGW_V3_HPE37.mat,7.408924379,8.599528196,1.190603817,1.160698606,mm_per_hr
37,intensity,20,Raanana Basin 1 pixel,0,WRFrain_noPGW_HPE37.mat,WRFrain_PGW_V3_HPE37.mat,10.43878555,14.60907769,4.170292139,1.399499742,mm_per_hr
37,intensity,20,Raanana Basin 2 pixel,0,WRFrain_noPGW_HPE37.mat,WRFrain_PGW_V3_HPE37.mat,10.5600636,15.25195894,4.691895336,1.444305594,mm_per_hr
37,intensity,20,Raanana Basin 3 pixel,0,WRFrain_noPGW_HPE37.mat,WRFrain_PGW_V3_HPE37.mat,10.26886511,15.34819951,5.079334398,1.494634445,mm_per_hr
37,intensity,30,Raanana Basin,0,WRFrain_noPGW_HPE37.mat,WRFrain_PGW_V3_HPE37.mat,6.466003412,6.838198616,0.372195204,1.057561863,mm_per_hr
37,intensity,30,Raanana Basin 1 pixel,0,WRFrain_noPGW_HPE37.mat,WRFrain_PGW_V3_HPE37.mat,7.955165386,11.50852227,3.553356886,1.446672912,mm_per_hr
37,intensity,30,Raanana Basin 2 pixel,0,WRFrain_noPGW_HPE37.mat,WRFrain_PGW_V3_HPE37.mat,8.08141613,12.25962368,4.178207546,1.517014281,mm_per_hr
37,intensity,30,Raanana Basin 3 pixel,0,WRFrain_noPGW_HPE37.mat,WRFrain_PGW_V3_HPE37.mat,7.974496577,12.55600027,4.581503696,1.574519489,mm_per_hr
37,intensity,60,Raanana Basin,0,WRFrain_noPGW_HPE37.mat,WRFrain_PGW_V3_HPE37.mat,5.396417149,4.426628428,-0.969788721,0.82029026,mm_per_hr
37,intensity,60,Raanana Basin 1 pixel,0,WRFrain_noPGW_HPE37.mat,WRFrain_PGW_V3_HPE37.mat,6.752255559,7.307537235,0.555281676,1.082236472,mm_per_hr
37,intensity,60,Raanana Basin 2 pixel,0,WRFrain_noPGW_HPE37.mat,WRFrain_PGW_V3_HPE37.mat,6.830349118,7.805048337,0.97469922,1.14270123,mm_per_hr
37,intensity,60,Raanana Basin 3 pixel,0,WRFrain_noPGW_HPE37.mat,WRFrain_PGW_V3_HPE37.mat,6.827915417,8.43980009,1.611884673,1.236072736,mm_per_hr
37,intensity,120,Raanana Basin,0,WRFrain_noPGW_HPE37.mat,WRFrain_PGW_V3_HPE37.mat,3.393712744,3.131404469,-0.262308275,0.922707579,mm_per_hr
37,intensity,120,Raanana Basin 1 pixel,0,WRFrain_noPGW_HPE37.mat,WRFrain_PGW_V3_HPE37.mat,3.911753953,4.243946582,0.33219263,1.084921658,mm_per_hr
37,intensity,120,Raanana Basin 2 pixel,0,WRFrain_noPGW_HPE37.mat,WRFrain_PGW_V3_HPE37.mat,3.951152697,5.060894579,1.109741881,1.280865349,mm_per_hr
37,intensity,120,Raanana Basin 3 pixel,0,WRFrain_noPGW_HPE37.mat,WRFrain_PGW_V3_HPE37.mat,3.962895168,5.915210214,1.952315046,1.492648673,mm_per_hr
37,intensity,240,Raanana Basin,0,WRFrain_noPGW_HPE37.mat,WRFrain_PGW_V3_HPE37.mat,2.141669432,1.993077306,-0.148592126,0.930618552,mm_per_hr
37,intensity,240,Raanana Basin 1 pixel,0,WRFrain_noPGW_HPE37.mat,WRFrain_PGW_V3_HPE37.mat,2.520596288,2.466909884,-0.053686405,0.978700911,mm_per_hr
37,intensity,240,Raanana Basin 2 pixel,0,WRFrain_noPGW_HPE37.mat,WRFrain_PGW_V3_HPE37.mat,2.746372823,2.770033151,0.023660328,1.008615119,mm_per_hr
37,intensity,240,Raanana Basin 3 pixel,0,WRFrain_noPGW_HPE37.mat,WRFrain_PGW_V3_HPE37.mat,2.861489079,3.202916347,0.341427268,1.11931804,mm_per_hr
37,intensity,360,Raanana Basin,0,WRFrain_noPGW_HPE37.mat,WRFrain_PGW_V3_HPE37.mat,1.458514132,1.3438663,-0.114647832,0.921394089,mm_per_hr
37,intensity,360,Raanana Basin 1 pixel,0,WRFrain_noPGW_HPE37.mat,WRFrain_PGW_V3_HPE37.mat,1.721408111,1.655601141,-0.065806969,0.961771431,mm_per_hr
37,intensity,360,Raanana Basin 2 pixel,0,WRFrain_noPGW_HPE37.mat,WRFrain_PGW_V3_HPE37.mat,1.870625288,1.852791389,-0.017833899,0.990466343,mm_per_hr
37,intensity,360,Raanana Basin 3 pixel,0,WRFrain_noPGW_HPE37.mat,WRFrain_PGW_V3_HPE37.mat,1.94575798,2.138624632,0.192866653,1.099121604,mm_per_hr
37,intensity,720,Raanana Basin,0,WRFrain_noPGW_HPE37.mat,WRFrain_PGW_V3_HPE37.mat,0.736229749,0.671937702,-0.064292047,0.912673935,mm_per_hr
37,intensity,720,Raanana Basin 1 pixel,0,WRFrain_noPGW_HPE37.mat,WRFrain_PGW_V3_HPE37.mat,0.868219406,0.827802478,-0.040416928,0.953448485,mm_per_hr
37,intensity,720,Raanana Basin 2 pixel,0,WRFrain_noPGW_HPE37.mat,WRFrain_PGW_V3_HPE37.mat,0.939225272,0.929483136,-0.009742136,0.989627477,mm_per_hr
37,intensity,720,Raanana Basin 3 pixel,0,WRFrain_noPGW_HPE37.mat,WRFrain_PGW_V3_HPE37.mat,0.975202708,1.076650434,0.101447726,1.104027322,mm_per_hr
37,intensity,1440,Raanana Basin,0,WRFrain_noPGW_HPE37.mat,WRFrain_PGW_V3_HPE37.mat,0.369359716,0.335968851,-0.033390865,0.909597979,mm_per_hr
37,intensity,1440,Raanana Basin 1 pixel,0,WRFrain_noPGW_HPE37.mat,WRFrain_PGW_V3_HPE37.mat,0.434675654,0.413901239,-0.020774415,0.952207089,mm_per_hr
37,intensity,1440,Raanana Basin 2 pixel,0,WRFrain_noPGW_HPE37.mat,WRFrain_PGW_V3_HPE37.mat,0.470085204,0.464741568,-0.005343636,0.988632623,mm_per_hr
37,intensity,1440,Raanana Basin 3 pixel,0,WRFrain_noPGW_HPE37.mat,WRFrain_PGW_V3_HPE37.mat,0.488232701,0.538325217,0.050092516,1.102599674,mm_per_hr
38,total,0,Raanana Basin,0,WRFrain_noPGW_HPE38.mat,WRFrain_PGW_V3_HPE38.mat,41.74703796,12.624937,-29.12210095,0.302415156,mm
38,total,0,Raanana Basin 1 pixel,0,WRFrain_noPGW_HPE38.mat,WRFrain_PGW_V3_HPE38.mat,63.25716006,20.79171716,-42.46544291,0.328685593,mm
38,total,0,Raanana Basin 2 pixel,0,WRFrain_noPGW_HPE38.mat,WRFrain_PGW_V3_HPE38.mat,63.22315409,21.95458553,-41.26856856,0.347255461,mm
38,total,0,Raanana Basin 3 pixel,0,WRFrain_noPGW_HPE38.mat,WRFrain_PGW_V3_HPE38.mat,61.73864536,22.82133245,-38.91731291,0.369644204,mm
38,intensity,10,Raanana Basin,0,WRFrain_noPGW_HPE38.mat,WRFrain_PGW_V3_HPE38.mat,37.57183562,19.84929814,-17.72253748,0.528302592,mm_per_hr
38,intensity,10,Raanana Basin 1 pixel,0,WRFrain_noPGW_HPE38.mat,WRFrain_PGW_V3_HPE38.mat,74.32930756,57.81651878,-16.51278877,0.777842828,mm_per_hr
38,intensity,10,Raanana Basin 2 pixel,0,WRFrain_noPGW_HPE38.mat,WRFrain_PGW_V3_HPE38.mat,70.32078552,61.53982544,-8.780960083,0.875129949,mm_per_hr
38,intensity,10,Raanana Basin 3 pixel,0,WRFrain_noPGW_HPE38.mat,WRFrain_PGW_V3_HPE38.mat,60.63194656,58.75159486,-1.880351702,0.968987443,mm_per_hr
38,intensity,20,Raanana Basin,0,WRFrain_noPGW_HPE38.mat,WRFrain_PGW_V3_HPE38.mat,30.94808288,18.95131091,-11.99677197,0.612358154,mm_per_hr
38,intensity,20,Raanana Basin 1 pixel,0,WRFrain_noPGW_HPE38.mat,WRFrain_PGW_V3_HPE38.mat,50.75173187,32.94186687,-17.809865,0.649078675,mm_per_hr
38,intensity,20,Raanana Basin 2 pixel,0,WRFrain_noPGW_HPE38.mat,WRFrain_PGW_V3_HPE38.mat,54.89530849,34.51117802,-20.38413048,0.628672631,mm_per_hr
38,intensity,20,Raanana Basin 3 pixel,0,WRFrain_noPGW_HPE38.mat,WRFrain_PGW_V3_HPE38.mat,51.7036279,32.93794727,-18.76568063,0.637052923,mm_per_hr
38,intensity,30,Raanana Basin,0,WRFrain_noPGW_HPE38.mat,WRFrain_PGW_V3_HPE38.mat,27.65818305,14.03641122,-13.62177183,0.507495781,mm_per_hr
38,intensity,30,Raanana Basin 1 pixel,0,WRFrain_noPGW_HPE38.mat,WRFrain_PGW_V3_HPE38.mat,52.0117836,22.99723244,-29.01455116,0.442154274,mm_per_hr
38,intensity,30,Raanana Basin 2 pixel,0,WRFrain_noPGW_HPE38.mat,WRFrain_PGW_V3_HPE38.mat,51.53995895,23.9471302,-27.59282875,0.46463231,mm_per_hr
38,intensity,30,Raanana Basin 3 pixel,0,WRFrain_noPGW_HPE38.mat,WRFrain_PGW_V3_HPE38.mat,48.1489758,23.19823392,-24.95074187,0.481801192,mm_per_hr
38,intensity,60,Raanana Basin,0,WRFrain_noPGW_HPE38.mat,WRFrain_PGW_V3_HPE38.mat,19.02953873,7.995808204,-11.03373053,0.420178771,mm_per_hr
38,intensity,60,Raanana Basin 1 pixel,0,WRFrain_noPGW_HPE38.mat,WRFrain_PGW_V3_HPE38.mat,35.86214638,12.20692158,-23.6552248,0.340384578,mm_per_hr
38,intensity,60,Raanana Basin 2 pixel,0,WRFrain_noPGW_HPE38.mat,WRFrain_PGW_V3_HPE38.mat,35.41335058,12.61176085,-22.80158973,0.356130122,mm_per_hr
38,intensity,60,Raanana Basin 3 pixel,0,WRFrain_noPGW_HPE38.mat,WRFrain_PGW_V3_HPE38.mat,33.65588824,12.3328388,-21.32304944,0.366439261,mm_per_hr
38,intensity,120,Raanana Basin,0,WRFrain_noPGW_HPE38.mat,WRFrain_PGW_V3_HPE38.mat,10.88708861,5.074155065,-5.812933548,0.466070889,mm_per_hr
38,intensity,120,Raanana Basin 1 pixel,0,WRFrain_noPGW_HPE38.mat,WRFrain_PGW_V3_HPE38.mat,20.8766098,8.694600582,-12.18200922,0.416475695,mm_per_hr
38,intensity,120,Raanana Basin 2 pixel,0,WRFrain_noPGW_HPE38.mat,WRFrain_PGW_V3_HPE38.mat,20.60869932,8.973995209,-11.63470411,0.435446947,mm_per_hr
38,intensity,120,Raanana Basin 3 pixel,0,WRFrain_noPGW_HPE38.mat,WRFrain_PGW_V3_HPE38.mat,19.48914136,9.169878138,-10.31926322,0.470512167,mm_per_hr
38,intensity,240,Raanana Basin,0,WRFrain_noPGW_HPE38.mat,WRFrain_PGW_V3_HPE38.mat,5.759783014,3.116704196,-2.643078818,0.541114863,mm_per_hr
38,intensity,240,Raanana Basin 1 pixel,0,WRFrain_noPGW_HPE38.mat,WRFrain_PGW_V3_HPE38.mat,10.87539196,5.13237354,-5.74301842,0.471925385,mm_per_hr
38,intensity,240,Raanana Basin 2 pixel,0,WRFrain_noPGW_HPE38.mat,WRFrain_PGW_V3_HPE38.mat,10.84351802,5.396844331,-5.446673688,0.497702344,mm_per_hr
38,intensity,240,Raanana Basin 3 pixel,0,WRFrain_noPGW_HPE38.mat,WRFrain_PGW_V3_HPE38.mat,10.57275666,5.57966724,-4.993089422,0.52774006,mm_per_hr
38,intensity,360,Raanana Basin,0,WRFrain_noPGW_HPE38.mat,WRFrain_PGW_V3_HPE38.mat,3.932795139,2.082389497,-1.850405642,0.529493509,mm_per_hr
38,intensity,360,Raanana Basin 1 pixel,0,WRFrain_noPGW_HPE38.mat,WRFrain_PGW_V3_HPE38.mat,7.333286921,3.445577131,-3.88770979,0.469854401,mm_per_hr
38,intensity,360,Raanana Basin 2 pixel,0,WRFrain_noPGW_HPE38.mat,WRFrain_PGW_V3_HPE38.mat,7.341888905,3.631912101,-3.709976803,0.494683609,mm_per_hr
38,intensity,360,Raanana Basin 3 pixel,0,WRFrain_noPGW_HPE38.mat,WRFrain_PGW_V3_HPE38.mat,7.172763718,3.767614448,-3.405149271,0.525266772,mm_per_hr
38,intensity,720,Raanana Basin,0,WRFrain_noPGW_HPE38.mat,WRFrain_PGW_V3_HPE38.mat,2.52455921,1.041218486,-1.483340724,0.412435756,mm_per_hr
38,intensity,720,Raanana Basin 1 pixel,0,WRFrain_noPGW_HPE38.mat,WRFrain_PGW_V3_HPE38.mat,4.430597822,1.722807162,-2.70779066,0.388843048,mm_per_hr
38,intensity,720,Raanana Basin 2 pixel,0,WRFrain_noPGW_HPE38.mat,WRFrain_PGW_V3_HPE38.mat,4.404669265,1.815977945,-2.588691319,0.412284745,mm_per_hr
38,intensity,720,Raanana Basin 3 pixel,0,WRFrain_noPGW_HPE38.mat,WRFrain_PGW_V3_HPE38.mat,4.277469865,1.883835887,-2.393633978,0.440408921,mm_per_hr
38,intensity,1440,Raanana Basin,0,WRFrain_noPGW_HPE38.mat,WRFrain_PGW_V3_HPE38.mat,1.739253598,0.520610141,-1.218643457,0.299329633,mm_per_hr
38,intensity,1440,Raanana Basin 1 pixel,0,WRFrain_noPGW_HPE38.mat,WRFrain_PGW_V3_HPE38.mat,2.635661095,0.861418045,-1.77424305,0.32683187,mm_per_hr
38,intensity,1440,Raanana Basin 2 pixel,0,WRFrain_noPGW_HPE38.mat,WRFrain_PGW_V3_HPE38.mat,2.634131156,0.908026563,-1.726104593,0.344715775,mm_per_hr
38,intensity,1440,Raanana Basin 3 pixel,0,WRFrain_noPGW_HPE38.mat,WRFrain_PGW_V3_HPE38.mat,2.572095385,0.942001752,-1.630093633,0.366239043,mm_per_hr
39,total,0,Raanana Basin,0,WRFrain_noPGW_HPE39.mat,WRFrain_PGW_V3_HPE39.mat,1.775283261,0.002257659,-1.773025603,0.001271717,mm
39,total,0,Raanana Basin 1 pixel,0,WRFrain_noPGW_HPE39.mat,WRFrain_PGW_V3_HPE39.mat,2.104899191,0.031749912,-2.07314928,0.015083816,mm
39,total,0,Raanana Basin 2 pixel,0,WRFrain_noPGW_HPE39.mat,WRFrain_PGW_V3_HPE39.mat,2.161561776,0.042976047,-2.118585729,0.019881942,mm
39,total,0,Raanana Basin 3 pixel,0,WRFrain_noPGW_HPE39.mat,WRFrain_PGW_V3_HPE39.mat,2.182862058,0.055194312,-2.127667746,0.025285295,mm
39,intensity,10,Raanana Basin,0,WRFrain_noPGW_HPE39.mat,WRFrain_PGW_V3_HPE39.mat,0.8789874,0.011509218,-0.867478182,0.013093723,mm_per_hr
39,intensity,10,Raanana Basin 1 pixel,0,WRFrain_noPGW_HPE39.mat,WRFrain_PGW_V3_HPE39.mat,3.281804323,0.16305599,-3.118748333,0.04968486,mm_per_hr
39,intensity,10,Raanana Basin 2 pixel,0,WRFrain_noPGW_HPE39.mat,WRFrain_PGW_V3_HPE39.mat,4.076565698,0.178893099,-3.897672599,0.043883286,mm_per_hr
39,intensity,10,Raanana Basin 3 pixel,0,WRFrain_noPGW_HPE39.mat,WRFrain_PGW_V3_HPE39.mat,3.885671755,0.260454547,-3.625217208,0.067029477,mm_per_hr
39,intensity,20,Raanana Basin,0,WRFrain_noPGW_HPE39.mat,WRFrain_PGW_V3_HPE39.mat,0.779267706,0.006266769,-0.773000937,0.008041869,mm_per_hr
39,intensity,20,Raanana Basin 1 pixel,0,WRFrain_noPGW_HPE39.mat,WRFrain_PGW_V3_HPE39.mat,1.705596551,0.094584905,-1.611011647,0.055455614,mm_per_hr
39,intensity,20,Raanana Basin 2 pixel,0,WRFrain_noPGW_HPE39.mat,WRFrain_PGW_V3_HPE39.mat,2.367810376,0.127783589,-2.240026787,0.053966986,mm_per_hr
39,intensity,20,Raanana Basin 3 pixel,0,WRFrain_noPGW_HPE39.mat,WRFrain_PGW_V3_HPE39.mat,2.659152925,0.158240541,-2.500912384,0.059507875,mm_per_hr
39,intensity,30,Raanana Basin,0,WRFrain_noPGW_HPE39.mat,WRFrain_PGW_V3_HPE39.mat,0.736331657,0.004330416,-0.732001241,0.005881067,mm_per_hr
39,intensity,30,Raanana Basin 1 pixel,0,WRFrain_noPGW_HPE39.mat,WRFrain_PGW_V3_HPE39.mat,1.149115682,0.063298494,-1.085817188,0.055084527,mm_per_hr
39,intensity,30,Raanana Basin 2 pixel,0,WRFrain_noPGW_HPE39.mat,WRFrain_PGW_V3_HPE39.mat,1.580204502,0.085741219,-1.494463283,0.054259571,mm_per_hr
39,intensity,30,Raanana Basin 3 pixel,0,WRFrain_noPGW_HPE39.mat,WRFrain_PGW_V3_HPE39.mat,1.774087694,0.109672009,-1.664415685,0.06181882,mm_per_hr
39,intensity,60,Raanana Basin,0,WRFrain_noPGW_HPE39.mat,WRFrain_PGW_V3_HPE39.mat,0.557027708,0.002165933,-0.554861775,0.003888375,mm_per_hr
39,intensity,60,Raanana Basin 1 pixel,0,WRFrain_noPGW_HPE39.mat,WRFrain_PGW_V3_HPE39.mat,0.818908274,0.031649247,-0.787259027,0.038648097,mm_per_hr
39,intensity,60,Raanana Basin 2 pixel,0,WRFrain_noPGW_HPE39.mat,WRFrain_PGW_V3_HPE39.mat,0.881021336,0.042878983,-0.838142353,0.048669631,mm_per_hr
39,intensity,60,Raanana Basin 3 pixel,0,WRFrain_noPGW_HPE39.mat,WRFrain_PGW_V3_HPE39.mat,1.005679733,0.054921388,-0.950758346,0.05461121,mm_per_hr
39,intensity,120,Raanana Basin,0,WRFrain_noPGW_HPE39.mat,WRFrain_PGW_V3_HPE39.mat,0.487469041,0.0010865,-0.486382541,0.002228859,mm_per_hr
39,intensity,120,Raanana Basin 1 pixel,0,WRFrain_noPGW_HPE39.mat,WRFrain_PGW_V3_HPE39.mat,0.554433733,0.015840843,-0.53859289,0.028571211,mm_per_hr
39,intensity,120,Raanana Basin 2 pixel,0,WRFrain_noPGW_HPE39.mat,WRFrain_PGW_V3_HPE39.mat,0.577881135,0.021468443,-0.556412692,0.037150275,mm_per_hr
39,intensity,120,Raanana Basin 3 pixel,0,WRFrain_noPGW_HPE39.mat,WRFrain_PGW_V3_HPE39.mat,0.599067834,0.027575428,-0.571492405,0.046030561,mm_per_hr
39,intensity,240,Raanana Basin,0,WRFrain_noPGW_HPE39.mat,WRFrain_PGW_V3_HPE39.mat,0.376401621,0.000562269,-0.375839351,0.001493801,mm_per_hr
39,intensity,240,Raanana Basin 1 pixel,0,WRFrain_noPGW_HPE39.mat,WRFrain_PGW_V3_HPE39.mat,0.421367377,0.007937478,-0.413429899,0.018837429,mm_per_hr
39,intensity,240,Raanana Basin 2 pixel,0,WRFrain_noPGW_HPE39.mat,WRFrain_PGW_V3_HPE39.mat,0.415881596,0.010740955,-0.405140641,0.025826954,mm_per_hr
39,intensity,240,Raanana Basin 3 pixel,0,WRFrain_noPGW_HPE39.mat,WRFrain_PGW_V3_HPE39.mat,0.412495279,0.013787714,-0.398707565,0.033425144,mm_per_hr
39,intensity,360,Raanana Basin,0,WRFrain_noPGW_HPE39.mat,WRFrain_PGW_V3_HPE39.mat,0.251699935,0.000376276,-0.251323659,0.001494941,mm_per_hr
39,intensity,360,Raanana Basin 1 pixel,0,WRFrain_noPGW_HPE39.mat,WRFrain_PGW_V3_HPE39.mat,0.281702792,0.005291652,-0.27641114,0.018784521,mm_per_hr
39,intensity,360,Raanana Basin 2 pixel,0,WRFrain_noPGW_HPE39.mat,WRFrain_PGW_V3_HPE39.mat,0.278324979,0.007160636,-0.271164343,0.02572761,mm_per_hr
39,intensity,360,Raanana Basin 3 pixel,0,WRFrain_noPGW_HPE39.mat,WRFrain_PGW_V3_HPE39.mat,0.276748275,0.009193804,-0.267554471,0.033220819,mm_per_hr
39,intensity,720,Raanana Basin,0,WRFrain_noPGW_HPE39.mat,WRFrain_PGW_V3_HPE39.mat,0.134970657,0.000188138,-0.134782519,0.001393919,mm_per_hr
39,intensity,720,Raanana Basin 1 pixel,0,WRFrain_noPGW_HPE39.mat,WRFrain_PGW_V3_HPE39.mat,0.149180198,0.002645826,-0.146534372,0.017735772,mm_per_hr
39,intensity,720,Raanana Basin 2 pixel,0,WRFrain_noPGW_HPE39.mat,WRFrain_PGW_V3_HPE39.mat,0.146770371,0.003580318,-0.143190053,0.024394012,mm_per_hr
39,intensity,720,Raanana Basin 3 pixel,0,WRFrain_noPGW_HPE39.mat,WRFrain_PGW_V3_HPE39.mat,0.150710879,0.004596902,-0.146113976,0.030501462,mm_per_hr
39,intensity,1440,Raanana Basin,0,WRFrain_noPGW_HPE39.mat,WRFrain_PGW_V3_HPE39.mat,0.067485328,9.41E-05,-0.067391259,0.001393919,mm_per_hr
39,intensity,1440,Raanana Basin 1 pixel,0,WRFrain_noPGW_HPE39.mat,WRFrain_PGW_V3_HPE39.mat,0.074590099,0.001322913,-0.073267186,0.017735772,mm_per_hr
39,intensity,1440,Raanana Basin 2 pixel,0,WRFrain_noPGW_HPE39.mat,WRFrain_PGW_V3_HPE39.mat,0.073385186,0.001790669,-0.071594517,0.024400955,mm_per_hr
39,intensity,1440,Raanana Basin 3 pixel,0,WRFrain_noPGW_HPE39.mat,WRFrain_PGW_V3_HPE39.mat,0.075355439,0.002299763,-0.073055676,0.030518872,mm_per_hr
40,total,0,Raanana Basin,0,WRFrain_noPGW_HPE40.mat,WRFrain_PGW_V3_HPE40.mat,24.68872207,4.078885669,-20.6098364,0.165212507,mm
40,total,0,Raanana Basin 1 pixel,0,WRFrain_noPGW_HPE40.mat,WRFrain_PGW_V3_HPE40.mat,32.73689273,11.47564316,-21.26124957,0.350541612,mm
40,total,0,Raanana Basin 2 pixel,0,WRFrain_noPGW_HPE40.mat,WRFrain_PGW_V3_HPE40.mat,30.98159365,11.72957801,-19.25201565,0.378598278,mm
40,total,0,Raanana Basin 3 pixel,0,WRFrain_noPGW_HPE40.mat,WRFrain_PGW_V3_HPE40.mat,29.3199213,10.6748446,-18.64507671,0.364081625,mm
40,intensity,10,Raanana Basin,0,WRFrain_noPGW_HPE40.mat,WRFrain_PGW_V3_HPE40.mat,11.96426975,4.033363353,-7.930906395,0.337117387,mm_per_hr
40,intensity,10,Raanana Basin 1 pixel,0,WRFrain_noPGW_HPE40.mat,WRFrain_PGW_V3_HPE40.mat,31.00225067,19.89449644,-11.10775423,0.64171136,mm_per_hr
40,intensity,10,Raanana Basin 2 pixel,0,WRFrain_noPGW_HPE40.mat,WRFrain_PGW_V3_HPE40.mat,28.30192852,19.07450652,-9.227421999,0.673964903,mm_per_hr
40,intensity,10,Raanana Basin 3 pixel,0,WRFrain_noPGW_HPE40.mat,WRFrain_PGW_V3_HPE40.mat,24.40485064,18.27682487,-6.12802577,0.74890132,mm_per_hr
40,intensity,20,Raanana Basin,0,WRFrain_noPGW_HPE40.mat,WRFrain_PGW_V3_HPE40.mat,11.05975797,3.465115742,-7.594642231,0.31330846,mm_per_hr
40,intensity,20,Raanana Basin 1 pixel,0,WRFrain_noPGW_HPE40.mat,WRFrain_PGW_V3_HPE40.mat,18.41736317,13.03728461,-5.380078554,0.707880085,mm_per_hr
40,intensity,20,Raanana Basin 2 pixel,0,WRFrain_noPGW_HPE40.mat,WRFrain_PGW_V3_HPE40.mat,15.78511691,13.66091609,-2.124200821,0.86543015,mm_per_hr
40,intensity,20,Raanana Basin 3 pixel,0,WRFrain_noPGW_HPE40.mat,WRFrain_PGW_V3_HPE40.mat,14.16658529,12.78600748,-1.380577803,0.902546889,mm_per_hr
40,intensity,30,Raanana Basin,0,WRFrain_noPGW_HPE40.mat,WRFrain_PGW_V3_HPE40.mat,9.832130514,2.312205549,-7.519924964,0.235168313,mm_per_hr
40,intensity,30,Raanana Basin 1 pixel,0,WRFrain_noPGW_HPE40.mat,WRFrain_PGW_V3_HPE40.mat,15.78544426,9.288186789,-6.497257471,0.588401988,mm_per_hr
40,intensity,30,Raanana Basin 2 pixel,0,WRFrain_noPGW_HPE40.mat,WRFrain_PGW_V3_HPE40.mat,14.53927171,9.901764631,-4.637507081,0.681035806,mm_per_hr
40,intensity,30,Raanana Basin 3 pixel,0,WRFrain_noPGW_HPE40.mat,WRFrain_PGW_V3_HPE40.mat,13.03749641,9.306149306,-3.731347102,0.713798801,mm_per_hr
40,intensity,60,Raanana Basin,0,WRFrain_noPGW_HPE40.mat,WRFrain_PGW_V3_HPE40.mat,8.218341624,1.680892558,-6.537449066,0.204529409,mm_per_hr
40,intensity,60,Raanana Basin 1 pixel,0,WRFrain_noPGW_HPE40.mat,WRFrain_PGW_V3_HPE40.mat,12.76466155,4.648726344,-8.115935206,0.3641872,mm_per_hr
40,intensity,60,Raanana Basin 2 pixel,0,WRFrain_noPGW_HPE40.mat,WRFrain_PGW_V3_HPE40.mat,11.85592234,4.971585631,-6.88433671,0.419333519,mm_per_hr
40,intensity,60,Raanana Basin 3 pixel,0,WRFrain_noPGW_HPE40.mat,WRFrain_PGW_V3_HPE40.mat,10.69483908,4.69932693,-5.99551215,0.439401369,mm_per_hr
40,intensity,120,Raanana Basin,0,WRFrain_noPGW_HPE40.mat,WRFrain_PGW_V3_HPE40.mat,6.102967744,1.00386074,-5.099107004,0.164487309,mm_per_hr
40,intensity,120,Raanana Basin 1 pixel,0,WRFrain_noPGW_HPE40.mat,WRFrain_PGW_V3_HPE40.mat,8.13532868,2.324770629,-5.810558051,0.285762348,mm_per_hr
40,intensity,120,Raanana Basin 2 pixel,0,WRFrain_noPGW_HPE40.mat,WRFrain_PGW_V3_HPE40.mat,7.811393339,2.486521285,-5.324872054,0.318319815,mm_per_hr
40,intensity,120,Raanana Basin 3 pixel,0,WRFrain_noPGW_HPE40.mat,WRFrain_PGW_V3_HPE40.mat,7.383275272,2.350643921,-5.032631351,0.318374141,mm_per_hr
40,intensity,240,Raanana Basin,0,WRFrain_noPGW_HPE40.mat,WRFrain_PGW_V3_HPE40.mat,3.203055706,0.502524443,-2.700531263,0.156889074,mm_per_hr
40,intensity,240,Raanana Basin 1 pixel,0,WRFrain_noPGW_HPE40.mat,WRFrain_PGW_V3_HPE40.mat,4.162698448,1.504555464,-2.658142984,0.361437534,mm_per_hr
40,intensity,240,Raanana Basin 2 pixel,0,WRFrain_noPGW_HPE40.mat,WRFrain_PGW_V3_HPE40.mat,4.024696071,1.58229959,-2.442396481,0.393147597,mm_per_hr
40,intensity,240,Raanana Basin 3 pixel,0,WRFrain_noPGW_HPE40.mat,WRFrain_PGW_V3_HPE40.mat,3.852736304,1.42086343,-2.431872875,0.368793324,mm_per_hr
40,intensity,360,Raanana Basin,0,WRFrain_noPGW_HPE40.mat,WRFrain_PGW_V3_HPE40.mat,2.135372403,0.492059401,-1.643313002,0.230432593,mm_per_hr
40,intensity,360,Raanana Basin 1 pixel,0,WRFrain_noPGW_HPE40.mat,WRFrain_PGW_V3_HPE40.mat,2.775132298,1.165333807,-1.609798491,0.419920091,mm_per_hr
40,intensity,360,Raanana Basin 2 pixel,0,WRFrain_noPGW_HPE40.mat,WRFrain_PGW_V3_HPE40.mat,2.683130714,1.121000886,-1.562129828,0.417795853,mm_per_hr
40,intensity,360,Raanana Basin 3 pixel,0,WRFrain_noPGW_HPE40.mat,WRFrain_PGW_V3_HPE40.mat,2.568491258,1.078536889,-1.489954369,0.419910671,mm_per_hr
40,intensity,720,Raanana Basin,0,WRFrain_noPGW_HPE40.mat,WRFrain_PGW_V3_HPE40.mat,1.0754238,0.302436166,-0.772987634,0.281225101,mm_per_hr
40,intensity,720,Raanana Basin 1 pixel,0,WRFrain_noPGW_HPE40.mat,WRFrain_PGW_V3_HPE40.mat,1.400246466,0.954523268,-0.445723198,0.681682326,mm_per_hr
40,intensity,720,Raanana Basin 2 pixel,0,WRFrain_noPGW_HPE40.mat,WRFrain_PGW_V3_HPE40.mat,1.350160582,0.97621618,-0.373944402,0.723037091,mm_per_hr
40,intensity,720,Raanana Basin 3 pixel,0,WRFrain_noPGW_HPE40.mat,WRFrain_PGW_V3_HPE40.mat,1.292146895,0.887485655,-0.404661239,0.686830312,mm_per_hr
40,intensity,1440,Raanana Basin,0,WRFrain_noPGW_HPE40.mat,WRFrain_PGW_V3_HPE40.mat,0.5377119,0.164117304,-0.373594596,0.305214194,mm_per_hr
40,intensity,1440,Raanana Basin 1 pixel,0,WRFrain_noPGW_HPE40.mat,WRFrain_PGW_V3_HPE40.mat,0.700123233,0.478101833,-0.2220214,0.6828824,mm_per_hr
40,intensity,1440,Raanana Basin 2 pixel,0,WRFrain_noPGW_HPE40.mat,WRFrain_PGW_V3_HPE40.mat,0.675080291,0.488524302,-0.186555989,0.723653628,mm_per_hr
40,intensity,1440,Raanana Basin 3 pixel,0,WRFrain_noPGW_HPE40.mat,WRFrain_PGW_V3_HPE40.mat,0.646073447,0.444457693,-0.201615755,0.687936789,mm_per_hr
41,total,0,Raanana Basin,0,WRFrain_noPGW_HPE41.mat,WRFrain_PGW_V3_HPE41.mat,115.0482198,67.83005738,-47.21816239,0.589579374,mm
41,total,0,Raanana Basin 1 pixel,0,WRFrain_noPGW_HPE41.mat,WRFrain_PGW_V3_HPE41.mat,124.8312531,86.26811221,-38.56314085,0.691077836,mm
41,total,0,Raanana Basin 2 pixel,0,WRFrain_noPGW_HPE41.mat,WRFrain_PGW_V3_HPE41.mat,121.7929039,85.17655182,-36.61635208,0.69935562,mm
41,total,0,Raanana Basin 3 pixel,0,WRFrain_noPGW_HPE41.mat,WRFrain_PGW_V3_HPE41.mat,118.6431452,84.58693611,-34.05620914,0.712952577,mm
41,intensity,10,Raanana Basin,0,WRFrain_noPGW_HPE41.mat,WRFrain_PGW_V3_HPE41.mat,27.17052778,34.72088458,7.550356802,1.277887749,mm_per_hr
41,intensity,10,Raanana Basin 1 pixel,0,WRFrain_noPGW_HPE41.mat,WRFrain_PGW_V3_HPE41.mat,55.12820435,81.58459854,26.4563942,1.479906692,mm_per_hr
41,intensity,10,Raanana Basin 2 pixel,0,WRFrain_noPGW_HPE41.mat,WRFrain_PGW_V3_HPE41.mat,63.52352715,74.81432533,11.29079819,1.177741991,mm_per_hr
41,intensity,10,Raanana Basin 3 pixel,0,WRFrain_noPGW_HPE41.mat,WRFrain_PGW_V3_HPE41.mat,64.85760117,69.83903249,4.981431325,1.076805667,mm_per_hr
41,intensity,20,Raanana Basin,0,WRFrain_noPGW_HPE41.mat,WRFrain_PGW_V3_HPE41.mat,23.38191171,31.63939192,8.257480203,1.353156761,mm_per_hr
41,intensity,20,Raanana Basin 1 pixel,0,WRFrain_noPGW_HPE41.mat,WRFrain_PGW_V3_HPE41.mat,29.63979149,62.0747509,32.43495941,2.094304574,mm_per_hr
41,intensity,20,Raanana Basin 2 pixel,0,WRFrain_noPGW_HPE41.mat,WRFrain_PGW_V3_HPE41.mat,33.3565321,58.54587936,25.18934727,1.755154858,mm_per_hr
41,intensity,20,Raanana Basin 3 pixel,0,WRFrain_noPGW_HPE41.mat,WRFrain_PGW_V3_HPE41.mat,35.40199471,53.90248362,18.50048892,1.522583235,mm_per_hr
41,intensity,30,Raanana Basin,0,WRFrain_noPGW_HPE41.mat,WRFrain_PGW_V3_HPE41.mat,20.43854458,24.00114649,3.562601916,1.174308004,mm_per_hr
41,intensity,30,Raanana Basin 1 pixel,0,WRFrain_noPGW_HPE41.mat,WRFrain_PGW_V3_HPE41.mat,26.49882507,49.58147049,23.08264542,1.871081844,mm_per_hr
41,intensity,30,Raanana Basin 2 pixel,0,WRFrain_noPGW_HPE41.mat,WRFrain_PGW_V3_HPE41.mat,27.87808895,46.97213745,19.0940485,1.684912389,mm_per_hr
41,intensity,30,Raanana Basin 3 pixel,0,WRFrain_noPGW_HPE41.mat,WRFrain_PGW_V3_HPE41.mat,27.89550485,43.60972087,15.71421602,1.56332431,mm_per_hr
41,intensity,60,Raanana Basin,0,WRFrain_noPGW_HPE41.mat,WRFrain_PGW_V3_HPE41.mat,14.54445231,14.18960983,-0.354842483,0.975602898,mm_per_hr
41,intensity,60,Raanana Basin 1 pixel,0,WRFrain_noPGW_HPE41.mat,WRFrain_PGW_V3_HPE41.mat,18.91704941,26.13188934,7.214839935,1.381393513,mm_per_hr
41,intensity,60,Raanana Basin 2 pixel,0,WRFrain_noPGW_HPE41.mat,WRFrain_PGW_V3_HPE41.mat,20.34992313,25.17278481,4.822861671,1.236996555,mm_per_hr
41,intensity,60,Raanana Basin 3 pixel,0,WRFrain_noPGW_HPE41.mat,WRFrain_PGW_V3_HPE41.mat,20.98663754,23.6122,2.625562456,1.12510639,mm_per_hr
41,intensity,120,Raanana Basin,0,WRFrain_noPGW_HPE41.mat,WRFrain_PGW_V3_HPE41.mat,14.39198771,8.037868596,-6.354119115,0.558496071,mm_per_hr
41,intensity,120,Raanana Basin 1 pixel,0,WRFrain_noPGW_HPE41.mat,WRFrain_PGW_V3_HPE41.mat,16.90627289,13.26354694,-3.642725945,0.784534062,mm_per_hr
41,intensity,120,Raanana Basin 2 pixel,0,WRFrain_noPGW_HPE41.mat,WRFrain_PGW_V3_HPE41.mat,16.83955383,12.83745503,-4.002098799,0.76233938,mm_per_hr
41,intensity,120,Raanana Basin 3 pixel,0,WRFrain_noPGW_HPE41.mat,WRFrain_PGW_V3_HPE41.mat,16.77908071,12.20916992,-4.569910791,0.727642362,mm_per_hr
41,intensity,240,Raanana Basin,0,WRFrain_noPGW_HPE41.mat,WRFrain_PGW_V3_HPE41.mat,9.162878711,5.074054115,-4.088824596,0.553762008,mm_per_hr
41,intensity,240,Raanana Basin 1 pixel,0,WRFrain_noPGW_HPE41.mat,WRFrain_PGW_V3_HPE41.mat,10.98420525,9.338090897,-1.646114349,0.850138056,mm_per_hr
41,intensity,240,Raanana Basin 2 pixel,0,WRFrain_noPGW_HPE41.mat,WRFrain_PGW_V3_HPE41.mat,11.39199209,9.093711376,-2.298280716,0.798254713,mm_per_hr
41,intensity,240,Raanana Basin 3 pixel,0,WRFrain_noPGW_HPE41.mat,WRFrain_PGW_V3_HPE41.mat,11.27386538,8.747073518,-2.526791864,0.775871737,mm_per_hr
41,intensity,360,Raanana Basin,0,WRFrain_noPGW_HPE41.mat,WRFrain_PGW_V3_HPE41.mat,7.267144528,4.571617166,-2.695527362,0.62908026,mm_per_hr
41,intensity,360,Raanana Basin 1 pixel,0,WRFrain_noPGW_HPE41.mat,WRFrain_PGW_V3_HPE41.mat,8.614817301,6.390461604,-2.224355698,0.741798854,mm_per_hr
41,intensity,360,Raanana Basin 2 pixel,0,WRFrain_noPGW_HPE41.mat,WRFrain_PGW_V3_HPE41.mat,8.912700335,6.276832263,-2.635868073,0.704257074,mm_per_hr
41,intensity,360,Raanana Basin 3 pixel,0,WRFrain_noPGW_HPE41.mat,WRFrain_PGW_V3_HPE41.mat,8.81330702,6.246783928,-2.566523093,0.708790005,mm_per_hr
41,intensity,720,Raanana Basin,0,WRFrain_noPGW_HPE41.mat,WRFrain_PGW_V3_HPE41.mat,4.728323626,2.526841134,-2.201482493,0.534405285,mm_per_hr
41,intensity,720,Raanana Basin 1 pixel,0,WRFrain_noPGW_HPE41.mat,WRFrain_PGW_V3_HPE41.mat,5.858537674,3.261737982,-2.596799692,0.556749511,mm_per_hr
41,intensity,720,Raanana Basin 2 pixel,0,WRFrain_noPGW_HPE41.mat,WRFrain_PGW_V3_HPE41.mat,5.861775239,3.200190465,-2.661584775,0.545942199,mm_per_hr
41,intensity,720,Raanana Basin 3 pixel,0,WRFrain_noPGW_HPE41.mat,WRFrain_PGW_V3_HPE41.mat,5.798238613,3.201596631,-2.596641982,0.552167105,mm_per_hr
41,intensity,1440,Raanana Basin,0,WRFrain_noPGW_HPE41.mat,WRFrain_PGW_V3_HPE41.mat,2.914622058,1.596893148,-1.31772891,0.547890298,mm_per_hr
41,intensity,1440,Raanana Basin 1 pixel,0,WRFrain_noPGW_HPE41.mat,WRFrain_PGW_V3_HPE41.mat,3.344149431,2.026631979,-1.317517452,0.606023152,mm_per_hr
41,intensity,1440,Raanana Basin 2 pixel,0,WRFrain_noPGW_HPE41.mat,WRFrain_PGW_V3_HPE41.mat,3.354156653,1.979682668,-1.374473985,0.590217713,mm_per_hr
41,intensity,1440,Raanana Basin 3 pixel,0,WRFrain_noPGW_HPE41.mat,WRFrain_PGW_V3_HPE41.mat,3.322287824,1.9605171,-1.361770724,0.590110551,mm_per_hr
