event_num,x,y,d,historical,historical,historical,historical,historical,historical,historical,historical,historical,historical,historical,historical,historical,historical,historical,future,future,future,future,future,future,future,future,future,future,future,future,future,future,future
,,,,basin discharge,basin discharge,basin discharge,Max_Specific_Discharge,Max_Specific_Discharge,Max_Specific_Discharge,Min_Specific_Discharge,Min_Specific_Discharge,Min_Specific_Discharge,Most_Urban_S27,Most_Urban_S27,Most_Urban_S27,Least_Urban_S28,Least_Urban_S28,Least_Urban_S28,basin discharge,basin discharge,basin discharge,Max_Specific_Discharge,Max_Specific_Discharge,Max_Specific_Discharge,Min_Specific_Discharge,Min_Specific_Discharge,Min_Specific_Discharge,Most_Urban_S27,Most_Urban_S27,Most_Urban_S27,Least_Urban_S28,Least_Urban_S28,Least_Urban_S28
,,,,total_discharge,max_discharge,runoff_coefficient,max_discharge,total_discharge,runoff_coefficient,max_discharge,total_discharge,runoff_coefficient,max_discharge,total_discharge,runoff_coefficient,max_discharge,total_discharge,runoff_coefficient,total_discharge,max_discharge,runoff_coefficient,max_discharge,total_discharge,runoff_coefficient,max_discharge,total_discharge,runoff_coefficient,max_discharge,total_discharge,runoff_coefficient,max_discharge,total_discharge,runoff_coefficient
01,0,-20000,20000.0,208737.11555178795,16.087778091430664,0.4361822011053698,1.26,7107.9,0.629,0.03,118.44,0.019,1.79,15981.799999999997,0.586,0.03,118.44,0.019,310147.29573957005,53.933067321777344,0.4789199161011837,6.13,12873.1,0.815,0.09,236.88,0.028,7.04,29200.2,0.774,0.09,236.88,0.028
01,0,-19500,19500.0,212699.95282587665,14.047778129577637,0.4403694852227401,1.27,7154.300000000001,0.63,0.36,5118.19,0.075,1.79,16654.199999999997,0.594,0.04,127.84000000000002,0.02,312029.17666882486,54.713958740234375,0.4827114290313531,6.28,12945.6,0.817,0.11,246.28,0.028,7.55,29479.000000000004,0.78,0.11,246.28,0.028
01,0,-19000,19000.0,213589.0530272292,11.72631549835205,0.44418385037404745,0.81,4627.02,0.618,0.32,4781.7,0.072,1.72,17170.8,0.6,0.04,131.6,0.02,313490.2032902321,57.840232849121094,0.49324973046690246,7.5,11930.6,0.802,0.11,251.92000000000002,0.029,7.75,30061.199999999997,0.787,0.11,251.92000000000002,0.029
01,0,-18500,18500.0,210605.36951366457,10.966022491455078,0.44319296393569996,0.82,4862.19,0.629,0.03,142.88,0.021,1.62,17548.0,0.605,0.03,142.88,0.021,311070.80927768647,59.68827438354492,0.5016540998145941,7.59,11855.2,0.801,0.15,268.84,0.03,7.79,30618.800000000003,0.793,0.15,268.84,0.03
01,0,-18000,18000.0,202839.5325342502,10.248250007629395,0.43967049685266274,1.43,9783.84,0.621,0.23,3736.81,0.064,1.5,17728.4,0.607,0.03,146.64,0.022,302247.8473430176,63.41084671020508,0.5052567678099915,4.26,7050.480000000001,0.799,0.16,272.6,0.03,7.51,31734.000000000004,0.797,0.16,272.6,0.03
01,0,-17500,17500.0,191982.379706633,9.451530456542969,0.4319520969127502,0.58,5037.06,0.636,0.22,3063.83,0.057,1.36,17744.8,0.607,0.03,150.4,0.022,290652.14934985247,65.50394439697266,0.5060302929513383,5.28,8200.8,0.803,0.19,289.52,0.03,8.45,32726.199999999997,0.8,0.19,289.52,0.03
01,0,-17000,17000.0,176665.36686647977,8.451906204223633,0.41840367058244116,0.54,4942.59,0.631,0.16,2426.27,0.049,1.19,17384.0,0.602,0.03,152.28,0.022,270937.32677609794,66.40327453613281,0.4935612029170137,4.95,7569.659999999999,0.789,0.2,293.28,0.03,9.04,32513.0,0.798,0.2,293.28,0.03
01,0,-16500,16500.0,159795.01471518137,7.448005199432373,0.4007623324554824,0.44,4671.24,0.618,0.13,1788.71,0.04,1.03,16769.0,0.594,0.02,148.52,0.022,252672.4839197024,66.09934997558594,0.4811355900309354,4.21,6214.92,0.751,0.21,283.88,0.03,9.51,32283.399999999998,0.795,0.21,283.88,0.03
01,0,-16000,16000.0,140087.0636289568,6.423050403594971,0.3743058537389151,0.82,9506.4,0.614,0.11,1452.22,0.035,0.85,15309.400000000001,0.573,0.02,148.52,0.022,232881.54118012107,63.11247634887695,0.4589556375996438,3.92,5831.01,0.738,0.22,280.12,0.03,8.89,29355.999999999996,0.779,0.22,280.12,0.03
01,0,-15500,15500.0,121602.37784425914,5.518853664398193,0.3468185261072047,0.31,3672.27,0.558,0.09,1151.15,0.029,0.77,13636.6,0.545,0.02,129.72,0.02,218326.25704037945,61.53226852416992,0.44313212348100167,3.4,4998.87,0.707,0.19,240.64,0.029,8.23,26584.4,0.761,0.19,240.64,0.029
01,0,-15000,15000.0,104289.86100582966,4.6987810134887695,0.31525000336206493,0.57,7507.199999999999,0.556,0.08,1098.02,0.028,0.66,11463.6,0.501,0.02,124.08,0.02,207065.18702576746,59.352420806884766,0.42338685513776037,6.07,7400.8,0.717,0.19,225.6,0.028,7.7,24460.6,0.748,0.19,225.6,0.028
01,0,-14500,14500.0,91264.90603647164,3.9985053539276123,0.2910506632723785,0.21,2420.04,0.451,0.09,1098.02,0.028,0.54,9421.8,0.452,0.01,92.12,0.017,200175.1065219427,58.71337127685547,0.4104272407658647,8.09,10630.16,0.738,0.18,195.52,0.027,7.48,22787.8,0.738,0.18,195.52,0.027
01,0,-14000,14000.0,81204.11428919461,3.5340771675109863,0.2676600907142515,0.4,4940.88,0.448,0.09,1204.28,0.031,0.44,7568.6,0.397,0.01,82.72,0.016,196897.85910635896,59.351043701171875,0.39886278329623176,7.61,8363.6,0.74,0.18,186.12,0.027,8.23,22008.8,0.733,0.18,186.12,0.027
01,0,-13500,13500.0,76306.9410615974,3.4890856742858887,0.25756171853937054,0.24,2407.11,0.382,0.01,52.64000000000001,0.012,0.4,6445.2,0.364,0.01,52.64000000000001,0.012,194948.28905479412,60.014434814453125,0.3895620631510855,9.59,11737.32,0.751,0.19,172.96,0.026,9.11,21500.4,0.732,0.19,172.96,0.026
01,0,-13000,13000.0,74766.2465731605,3.8361823558807373,0.2527510948683953,0.28,2360.76,0.383,0.01,45.12,0.01,0.43,6100.8,0.358,0.01,45.12,0.01,197132.11355342457,62.3476448059082,0.3876793239003732,8.67,9132.1,0.752,0.2,172.96,0.026,9.91,21615.2,0.736,0.2,172.96,0.026
01,0,-12500,12500.0,76326.30417057687,4.183715343475342,0.2567480136530492,0.27,2410.2,0.387,0.0,37.6,0.009,0.47,5945.0,0.357,0.0,37.6,0.009,199311.75068052765,63.46360778808594,0.3863587439335719,8.74,9187.2,0.752,0.21,172.96,0.026,10.57,21623.4,0.737,0.21,172.96,0.026
01,0,-12000,12000.0,80141.11155945103,4.534969329833984,0.2653970886709149,0.28,2493.63,0.395,0.0,35.72,0.009,0.5,6010.6,0.36,0.0,35.72,0.009,203580.94418814994,65.24131774902344,0.3907957657820258,9.01,9601.9,0.755,0.21,171.08,0.026,11.08,21779.2,0.734,0.21,171.08,0.026
01,0,-11500,11500.0,85150.66479273934,4.858072757720947,0.27691724859611283,0.29,2623.41,0.404,0.0,35.72,0.009,0.56,6199.2,0.368,0.0,35.72,0.009,206891.85257916385,65.43423461914062,0.39457264768146466,9.03,9636.7,0.756,0.22,174.84,0.025,11.42,21787.4,0.729,0.22,174.84,0.025
01,0,-11000,11000.0,91188.80161852212,5.175786972045898,0.2899515059424265,0.3,2799.54,0.418,0.0,35.72,0.009,0.59,6568.2,0.379,0.0,35.72,0.009,212141.90916725926,66.04998016357422,0.40503021381178894,6.12,6253.11,0.747,0.22,176.72,0.025,11.78,22181.0,0.727,0.22,176.72,0.025
01,0,-10500,10500.0,97534.99118565395,5.534489154815674,0.3027113334401659,0.27,2649.22,0.428,0.01,39.48,0.01,0.6,6986.4,0.391,0.01,39.48,0.01,218391.99334965204,66.60760498046875,0.4186542660539742,6.18,6436.020000000001,0.749,0.23,186.12,0.026,12.0,22492.6,0.726,0.23,186.12,0.026
01,0,-10000,10000.0,104521.20152936864,6.289083003997803,0.3162346802915974,0.35,2748.28,0.437,0.01,41.36,0.01,0.62,7560.400000000001,0.411,0.01,41.36,0.01,223515.6739031814,66.07154083251953,0.43591275447432576,5.81,6339.54,0.743,1.88,5525.52,0.083,11.61,22681.2,0.725,0.24,189.88,0.026
01,0,-9500,9500.0,110988.68498871343,6.980058193206787,0.3271234560478134,0.4,2811.78,0.443,0.01,50.76,0.012,0.64,8068.8,0.428,0.01,50.76,0.012,228630.71429375606,65.66250610351562,0.4556927133797654,4.94,6132.51,0.733,1.54,4905.67,0.079,10.97,22730.4,0.724,0.23,191.76,0.026
01,0,-9000,9000.0,117902.20467988728,7.617987155914307,0.3383917611219054,0.46,3042.92,0.461,0.01,54.519999999999996,0.012,0.67,8405.0,0.439,0.01,54.519999999999996,0.012,228168.23540791203,61.88954544067383,0.47130711180435775,9.16,12423.6,0.727,0.1,433.2,0.103,9.46,22025.2,0.714,0.23,191.76,0.026
01,0,-8500,8500.0,125027.22299948492,8.012482643127441,0.3490688861999295,0.45,2462.4,0.456,0.01,58.28,0.013,0.73,8675.6,0.448,0.01,58.28,0.013,226561.836443179,57.931907653808594,0.4873181372644606,3.42,5939.55,0.725,0.74,3542.0,0.067,8.06,21369.2,0.706,0.2,189.88,0.026
01,0,-8000,8000.0,133265.93440698396,8.151399612426758,0.3603420668015389,0.46,2566.08,0.465,0.01,60.16,0.013,0.85,9192.2,0.463,0.01,60.16,0.013,215138.5199686542,47.4471321105957,0.48386689539940536,6.27,11987.04,0.718,0.53,3116.96,0.062,7.28,21016.6,0.702,0.2,189.88,0.026
01,0,-7500,7500.0,142536.2906335948,8.073596000671387,0.3725456820771677,0.51,2846.88,0.489,0.01,63.92000000000001,0.014,0.95,9856.4,0.481,0.01,63.92000000000001,0.014,203141.1808994146,40.07276153564453,0.4784369536683684,9.53,26021.29,0.696,0.5,2762.76,0.058,6.5,20647.6,0.697,0.16,191.76,0.027
01,0,-7000,7000.0,153828.6082843677,7.8679656982421875,0.38631743689065057,0.49,2959.2,0.498,0.01,65.8,0.014,1.01,10676.4,0.499,0.01,65.8,0.014,186629.51054308016,31.487802505493164,0.4586434955079862,3.37,10587.6,0.687,0.5,2709.63,0.057,5.37,19712.8,0.684,0.14,191.76,0.027
01,0,-6500,6500.0,166184.16723929194,8.530611991882324,0.40054399264889523,0.46,3311.28,0.526,0.01,75.2,0.015,1.06,11586.6,0.518,0.01,75.2,0.015,173377.60094273355,27.521696090698242,0.4434509108394043,5.92,22741.92,0.662,0.49,2745.05,0.058,4.33,18802.6,0.672,0.06,165.44,0.024
01,0,-6000,6000.0,180024.0467733555,9.745436668395996,0.41643694225592365,0.66,5767.2,0.608,0.02,78.96,0.016,1.03,12505.0,0.536,0.02,78.96,0.016,160233.67917631223,23.510318756103516,0.4226864050814179,2.03,7886.639999999999,0.615,0.48,2869.02,0.059,3.54,16736.2,0.643,0.06,163.56,0.024
01,0,-5500,5500.0,193614.7714330892,11.214547157287598,0.4309928117196879,0.69,5483.86,0.614,0.01,90.24,0.017,1.17,13431.6,0.554,0.01,90.24,0.017,151714.1444835643,20.755666732788086,0.41130852388134653,1.31,5444.58,0.62,0.05,129.72,0.022,2.96,14981.4,0.615,0.05,129.72,0.022
01,0,-5000,5000.0,206649.25966834955,12.72972297668457,0.44800245694757496,1.1,7102.1,0.648,0.01,94.0,0.017,1.41,14579.600000000002,0.575,0.01,94.0,0.017,146342.1712588747,18.538469314575195,0.4034009682676895,1.25,5089.23,0.603,0.04,120.32,0.021,2.67,13784.199999999999,0.593,0.04,120.32,0.021
01,0,-4500,4500.0,217132.7864398345,14.286449432373047,0.4617777088104682,1.17,7212.3,0.653,0.01,110.92,0.019,1.64,15694.8,0.595,0.01,110.92,0.019,143639.68530416075,16.974931716918945,0.40203003501762147,1.22,5002.71,0.597,0.02,99.64,0.019,2.45,12906.8,0.576,0.02,99.64,0.019
01,0,-4000,4000.0,222421.07573322562,15.439410209655762,0.47268719456974656,1.48,7774.9,0.67,0.02,116.56,0.019,1.85,17179.0,0.621,0.02,116.56,0.019,142153.99074347373,15.519775390625,0.4024886853117708,1.19,4965.63,0.598,0.02,94.0,0.018,2.3,12578.8,0.569,0.02,94.0,0.018
01,0,-3500,3500.0,222417.1444181649,16.172304153442383,0.47606551564596405,1.51,7818.4,0.672,0.02,139.12,0.021,2.01,18540.2,0.643,0.02,139.12,0.021,141591.9509640087,14.178105354309082,0.40518872528124245,1.11,4706.7,0.575,0.02,88.36,0.018,2.16,12480.4,0.568,0.02,88.36,0.018
01,0,-3000,3000.0,217327.0463487095,16.30231285095215,0.47596411055437565,0.85,4517.04,0.664,0.02,146.64,0.022,2.11,19647.2,0.658,0.02,146.64,0.022,140490.26192719664,12.829965591430664,0.40610024147759777,1.09,4872.93,0.592,0.02,90.24,0.018,2.03,12578.8,0.571,0.02,90.24,0.018
01,0,-2500,2500.0,207995.37203811144,15.994810104370117,0.46837769669682605,1.08,5296.35,0.669,0.04,165.44,0.023,2.15,20327.8,0.667,0.04,165.44,0.023,138295.34267890282,11.56009292602539,0.4045734385487174,0.76,3161.73,0.571,0.03,94.0,0.018,1.9,12529.6,0.57,0.03,94.0,0.018
01,0,-2000,2000.0,194285.59184598597,14.982733726501465,0.4550186106936572,0.92,5053.14,0.658,0.32,2745.05,0.055,2.13,19712.8,0.66,0.04,171.08,0.024,135095.97524661612,10.813799858093262,0.3988781383727882,0.67,3079.32,0.565,0.03,94.0,0.019,1.77,12177.0,0.566,0.03,94.0,0.019
01,0,-1500,1500.0,178867.71505408364,13.538199424743652,0.43770457687632625,0.79,4436.07,0.626,0.38,2408.56,0.051,2.07,18687.8,0.647,0.05,165.44,0.024,132166.35077792287,10.623693466186523,0.3931750202102776,0.68,3000.24,0.547,0.03,90.24,0.018,1.65,11799.8,0.562,0.03,90.24,0.018
01,0,-1000,1000.0,161830.3621387806,11.651448249816895,0.41604179625039645,0.76,4112.46,0.607,0.43,2160.62,0.048,1.99,16777.2,0.622,0.05,163.56,0.023,130168.59082337127,10.547337532043457,0.3856206301675219,0.68,2933.28,0.54,0.03,90.24,0.018,1.56,11627.6,0.56,0.03,90.24,0.018
01,0,-500,500.0,146837.32473906223,9.485153198242188,0.397523962852729,0.69,3439.11,0.563,0.03,131.6,0.021,1.89,15047.000000000002,0.597,0.03,131.6,0.021,129887.7352297951,10.464733123779297,0.38115243473135935,1.16,5881.12,0.573,0.03,86.48,0.018,1.47,11562.0,0.561,0.03,86.48,0.018
01,0,0,0.0,132604.01487643312,8.509292602539062,0.37552666717353933,1.28,6964.56,0.559,0.02,124.08,0.02,1.67,13833.4,0.575,0.02,124.08,0.02,133026.98265113254,11.181939125061035,0.38372606493766076,1.67,6450.72,0.595,0.03,86.48,0.018,1.43,11111.0,0.551,0.03,86.48,0.018
01,0,500,500.0,121511.39200635494,8.73393726348877,0.3589482656314842,2.05,15031.22,0.539,0.02,103.40000000000002,0.018,1.43,13062.6,0.56,0.02,103.40000000000002,0.018,139825.56657296207,13.956868171691895,0.39541876419867805,2.0,6820.96,0.609,0.02,78.96,0.017,1.4,10709.2,0.541,0.02,78.96,0.017
01,0,1000,1000.0,111966.80318301037,8.675738334655762,0.34119071022111264,0.44,2756.16,0.488,0.02,97.76,0.018,0.98,12259.0,0.542,0.02,97.76,0.018,149038.1366075686,19.9765682220459,0.4111170491643303,1.7,4630.5,0.592,0.02,75.2,0.017,1.42,10463.2,0.534,0.02,75.2,0.017
01,0,1500,1500.0,104866.55011340436,8.266702651977539,0.3281183510657063,0.48,2356.56,0.449,0.14,1523.06,0.037,0.97,11545.6,0.526,0.02,84.6,0.016,158066.57646504903,25.556476593017578,0.424491482070735,1.83,4417.06,0.601,0.02,73.32,0.016,1.43,10356.6,0.531,0.02,73.32,0.016
01,0,2000,2000.0,99914.33516022659,7.762701511383057,0.31578709682364753,0.44,2272.32,0.44,0.18,1682.45,0.04,1.01,10471.4,0.503,0.02,80.84,0.016,167829.72242084402,29.629091262817383,0.43784546182634043,1.97,4688.84,0.623,0.02,71.44,0.016,1.36,11283.2,0.55,0.02,71.44,0.016
01,0,2500,2500.0,98395.2611482874,6.853142738342285,0.311304517658681,0.34,2040.15,0.428,0.02,67.68,0.014,0.94,9372.6,0.477,0.02,67.68,0.014,177139.0997378438,31.588436126708984,0.44861660856961655,1.81,3756.24,0.61,0.04,88.36,0.018,1.68,12226.2,0.571,0.04,88.36,0.018
01,0,3000,3000.0,101674.3696435543,6.1794915199279785,0.31324889136713213,0.62,4096.32,0.422,0.02,62.04,0.014,0.77,8675.6,0.458,0.02,62.04,0.014,187798.5812033352,32.19178009033203,0.46585820835339425,1.9,3875.0400000000004,0.62,0.04,92.12,0.018,2.54,13185.599999999999,0.593,0.04,92.12,0.018
01,0,3500,3500.0,109178.69238579624,6.4356689453125,0.32397438250959876,0.4,3257.54,0.37,0.02,52.64000000000001,0.012,0.67,8158.999999999999,0.445,0.02,52.64000000000001,0.012,198133.22047481823,31.98027229309082,0.48286918725403605,2.09,4201.2,0.65,0.06,107.15999999999998,0.02,3.43,14194.199999999999,0.618,0.06,107.15999999999998,0.02
01,0,4000,4000.0,121723.68943716193,6.718353271484375,0.34192368866374956,0.48,3474.9,0.384,0.02,50.76,0.012,0.67,8052.4,0.44,0.02,50.76,0.012,206075.5341502071,29.561647415161133,0.49733241396159106,2.04,4382.64,0.661,0.07,112.8,0.021,3.87,15071.6,0.638,0.07,112.8,0.021
01,0,4500,4500.0,137012.90931332222,7.124406814575195,0.36355154859171745,0.79,4515.94,0.444,0.01,48.88,0.012,0.67,8126.2,0.441,0.01,48.88,0.012,212112.44891546993,26.098079681396484,0.508723209568264,2.6,6859.8,0.707,0.07,124.08,0.022,4.26,16088.4,0.659,0.07,124.08,0.022
01,0,5000,5000.0,154182.03734294546,8.682527542114258,0.38954459269702174,0.84,5672.7,0.603,0.01,48.88,0.011,0.71,8864.2,0.46,0.01,48.88,0.011,213441.5026949395,20.83241081237793,0.5119343815473056,2.47,7511.79,0.73,0.74,4232.69,0.079,3.96,17425.0,0.681,0.08,127.84000000000002,0.023
01,0,5500,5500.0,170355.21491298894,10.08454418182373,0.4135015649656386,0.97,5407.66,0.61,0.02,58.28,0.013,0.85,9971.2,0.488,0.02,58.28,0.013,212590.68016043093,19.162302017211914,0.5113558750320188,2.13,7653.93,0.737,0.07,142.88,0.024,3.67,18884.6,0.702,0.07,142.88,0.024
01,0,6000,6000.0,182184.56184836777,11.47335433959961,0.43239762706066076,1.09,6168.3,0.609,0.02,62.04,0.014,0.86,12152.4,0.538,0.02,62.04,0.014,209923.66116665764,19.642208099365234,0.510418359501725,1.75,7817.7,0.745,0.07,146.64,0.024,3.01,19294.6,0.711,0.07,146.64,0.024
01,0,6500,6500.0,188868.5341906943,13.189263343811035,0.4420982869625754,0.64,3012.8,0.617,0.01,90.24,0.017,1.07,14448.4,0.58,0.01,90.24,0.017,205859.451505006,19.706768035888672,0.5069044359942507,1.46,7545.780000000001,0.739,0.05,150.4,0.025,2.43,19614.4,0.717,0.05,150.4,0.025
01,0,7000,7000.0,189928.66875606615,12.041983604431152,0.4444809908135166,1.6,7416.0,0.665,0.01,99.64,0.018,1.85,16777.2,0.616,0.01,99.64,0.018,201398.84646882638,19.931291580200195,0.5007262109952798,0.95,4546.8,0.686,0.05,150.4,0.025,2.21,18991.2,0.712,0.05,150.4,0.025
01,0,7500,7500.0,186221.07618819835,11.043322563171387,0.43760222660845866,1.29,7103.909999999999,0.655,0.05,135.36,0.021,2.51,18696.0,0.641,0.05,135.36,0.021,197174.19543591276,20.154115676879883,0.49538176347313545,1.09,4482.0,0.685,0.04,141.0,0.024,2.15,18318.8,0.706,0.04,141.0,0.024
01,0,8000,8000.0,179286.59322990224,12.207551002502441,0.4277765504734353,1.24,8767.92,0.61,0.42,3240.93,0.06,2.11,18474.6,0.638,0.05,148.52,0.022,192778.90544949804,20.713932037353516,0.4842486803322766,1.41,5544.8,0.648,0.04,141.0,0.024,2.26,17933.4,0.702,0.04,141.0,0.024
01,0,8500,8500.0,171259.97052548244,12.931977272033691,0.41555170192234553,0.66,4892.3,0.55,0.04,144.76,0.022,1.45,17687.4,0.627,0.04,144.76,0.022,189335.37277648173,21.340560913085938,0.47403090375405027,1.8,8070.520000000001,0.659,0.04,137.24,0.024,2.35,17457.8,0.697,0.04,137.24,0.024
01,0,9000,9000.0,164446.26956973615,12.993240356445312,0.40455474550257103,0.38,2865.78,0.545,0.03,144.76,0.022,1.09,15817.8,0.6,0.03,144.76,0.022,188585.2108244017,22.570960998535156,0.46778611081801624,1.94,6272.7,0.662,0.05,137.24,0.024,2.13,16785.4,0.687,0.05,137.24,0.024
01,0,9500,9500.0,161506.422560309,12.652463912963867,0.4013258913349173,0.47,3354.6900000000005,0.55,0.02,116.56,0.02,1.19,14087.6,0.571,0.02,116.56,0.02,191022.78289178852,23.50407600402832,0.4679606487930365,1.98,6342.3,0.664,0.04,131.6,0.024,1.9,16063.8,0.676,0.04,131.6,0.024
01,0,10000,10000.0,161181.98358347375,12.89182186126709,0.4003868744418901,0.63,4371.3,0.533,0.02,109.03999999999999,0.019,1.22,13612.000000000002,0.561,0.02,109.03999999999999,0.019,196586.90702566633,24.605451583862305,0.476117971872494,2.3,7136.9,0.696,0.04,129.72,0.024,1.73,15112.6,0.656,0.04,129.72,0.024
01,0,10500,10500.0,162325.3701122203,14.70246696472168,0.402608371194038,0.64,4160.5199999999995,0.54,0.02,103.40000000000002,0.018,1.21,13357.8,0.555,0.02,103.40000000000002,0.018,202210.97633708265,25.902099609375,0.4850080947239139,2.33,7200.699999999999,0.699,0.04,118.44,0.023,1.76,14218.8,0.636,0.04,118.44,0.023
01,0,11000,11000.0,163300.6076275409,17.46645736694336,0.4064904657209035,0.81,5179.4,0.562,0.02,101.52,0.018,1.1,13259.400000000001,0.552,0.02,101.52,0.018,207705.53414721804,28.231346130371094,0.4958935575080418,2.4,7218.1,0.704,0.05,114.68,0.022,1.94,14669.8,0.636,0.05,114.68,0.022
01,0,11500,11500.0,163170.07383468753,19.133012771606445,0.40920790886761155,0.82,5202.6,0.564,0.02,101.52,0.018,1.09,13251.2,0.552,0.02,101.52,0.018,210136.98059833492,29.759572982788086,0.5022968522569381,2.4,7223.9,0.704,0.06,122.2,0.022,2.13,15219.199999999999,0.641,0.06,122.2,0.022
01,0,12000,12000.0,161109.21201138536,19.208223342895508,0.4105047953537529,0.63,3648.24,0.556,0.03,99.64,0.018,1.34,13628.4,0.56,0.03,99.64,0.018,208452.670629702,30.32887840270996,0.5021004637632582,1.66,4878.27,0.703,0.06,124.08,0.022,2.31,16375.399999999998,0.661,0.06,124.08,0.022
01,0,12500,12500.0,157373.48080196034,18.82359504699707,0.40883062353726574,0.64,3823.2,0.571,0.03,103.40000000000002,0.018,1.61,14087.6,0.571,0.03,103.40000000000002,0.018,205115.06727016426,30.328481674194336,0.4981480587856147,1.69,4890.33,0.706,0.07,146.64,0.024,2.48,17482.4,0.681,0.07,146.64,0.024
01,0,13000,13000.0,151587.39438417842,18.050613403320312,0.40245064640199574,0.89,5731.95,0.607,0.03,105.28000000000002,0.019,1.74,14472.999999999998,0.579,0.03,105.28000000000002,0.019,200593.55670439458,30.280790328979492,0.4910553440246735,1.65,4667.22,0.696,0.07,154.16,0.025,2.53,17662.8,0.684,0.07,154.16,0.025
01,0,13500,13500.0,145215.97457573735,16.405162811279297,0.3937509947631645,0.63,3475.44,0.55,0.03,110.92,0.019,1.76,14727.2,0.585,0.03,110.92,0.019,197922.3261930462,30.72124481201172,0.48701299890841127,1.55,4142.61,0.673,0.07,154.16,0.025,2.58,17654.6,0.685,0.07,154.16,0.025
01,0,14000,14000.0,138890.2067754112,14.073390007019043,0.3831658023771084,0.88,5120.13,0.581,0.03,112.8,0.019,1.77,14071.2,0.575,0.03,112.8,0.019,197052.54755643115,31.717647552490234,0.4833381266427938,1.52,4092.36,0.672,0.07,156.04,0.025,2.55,16309.8,0.669,0.07,156.04,0.025
01,0,14500,14500.0,134472.40662920495,11.664887428283691,0.37602313449406227,1.99,14873.290000000003,0.532,0.02,103.40000000000002,0.018,1.75,13284.0,0.562,0.02,103.40000000000002,0.018,200144.43939666566,32.85313034057617,0.48644894066720684,1.47,4007.9400000000005,0.672,0.07,129.72,0.023,2.56,15161.799999999997,0.656,0.07,129.72,0.023
01,0,15000,15000.0,132687.1215068135,10.076652526855469,0.37278157208579715,0.75,5593.68,0.504,0.02,101.52,0.018,1.36,12103.2,0.539,0.02,101.52,0.018,208038.06499223065,34.70815658569336,0.49281197752052736,1.46,4106.43,0.678,0.07,122.2,0.023,2.6,14940.399999999998,0.655,0.07,122.2,0.023
01,0,15500,15500.0,133672.9304025601,8.691178321838379,0.3758525167322069,0.33,2516.52,0.491,0.02,82.72,0.016,0.95,11070.0,0.518,0.02,82.72,0.016,216935.24890579365,36.14189910888672,0.49930665109684746,1.62,4315.68,0.675,0.07,122.2,0.023,2.7,14965.0,0.657,0.07,122.2,0.023
01,0,16000,16000.0,136652.3321259213,7.599445343017578,0.3821161379134139,0.51,4231.1,0.535,0.01,78.96,0.016,0.73,10832.2,0.515,0.01,78.96,0.016,227410.7986397191,37.63443374633789,0.5059216314087216,1.66,4458.24,0.683,0.07,120.32,0.023,2.82,15637.4,0.668,0.07,120.32,0.023
01,0,16500,16500.0,139812.24797632976,6.843069553375244,0.38911622952230235,0.52,4257.2,0.536,0.02,75.2,0.016,0.68,10840.4,0.517,0.02,75.2,0.016,236326.8592423064,38.673465728759766,0.5088482209443037,1.77,4877.28,0.703,0.07,131.6,0.024,2.96,16383.6,0.68,0.07,131.6,0.024
01,0,17000,17000.0,142029.82668503292,6.500524044036865,0.3953210987761919,0.7,4466.0,0.548,0.02,75.2,0.016,0.67,11480.0,0.533,0.02,75.2,0.016,244946.32793629268,39.538780212402344,0.5137055434384001,1.82,4991.76,0.707,0.07,133.48,0.024,3.15,17433.2,0.693,0.07,133.48,0.024
01,0,17500,17500.0,142002.08967633994,8.696579933166504,0.3968777913331285,0.69,3896.36,0.544,0.01,84.6,0.017,0.65,12160.6,0.549,0.01,84.6,0.017,252739.58608579822,40.32080841064453,0.5169092676956215,1.95,5356.8,0.719,0.07,146.64,0.025,3.34,18507.4,0.707,0.07,146.64,0.025
01,0,18000,18000.0,139332.73344570294,9.47685432434082,0.3946705073508634,0.5,2695.26,0.55,0.01,88.36,0.017,0.66,12652.6,0.559,0.01,88.36,0.017,260730.58542952052,41.02299499511719,0.5252128485310391,3.27,11203.32,0.747,0.07,150.4,0.025,3.66,19409.4,0.714,0.07,150.4,0.025
01,0,18500,18500.0,134979.71063176193,9.499213218688965,0.38916249067068404,0.73,3315.6,0.55,0.02,95.88,0.018,0.82,13046.2,0.567,0.02,95.88,0.018,266156.01783100754,41.03571319580078,0.5295766898845077,3.42,10793.92,0.739,0.07,163.56,0.026,3.98,20336.0,0.722,0.07,163.56,0.026
01,0,19000,19000.0,127980.79261917717,8.791622161865234,0.3788749551459842,0.68,3196.8,0.54,0.24,1912.6800000000003,0.046,0.96,12956.0,0.565,0.03,97.76,0.019,270997.6039285931,40.90248107910156,0.5386088854370471,3.38,10163.8,0.728,0.07,167.32,0.026,4.27,21205.2,0.73,0.07,167.32,0.026
01,0,19500,19500.0,119671.34557404267,7.72872257232666,0.3654075435739331,0.54,2828.07,0.527,0.24,1717.87,0.043,1.02,12685.4,0.56,0.03,97.76,0.018,271600.85293921793,40.148494720458984,0.5423769900563236,3.38,9786.44,0.721,0.07,182.36,0.027,4.49,21902.2,0.736,0.07,182.36,0.027
01,0,20000,20000.0,110187.08009328984,6.399402618408203,0.349010210815368,0.47,2715.51,0.517,0.24,1558.48,0.04,0.85,11865.4,0.543,0.04,97.76,0.018,268090.47261386254,39.21823501586914,0.5455432682478557,2.65,7690.8,0.724,0.07,188.0,0.027,4.46,22853.4,0.743,0.07,188.0,0.027
02,0,-20000,20000.0,1111085.728918694,22.03040313720703,0.6398484053045248,0.8,14912.8,0.823,0.06,823.44,0.032,3.35,90290.2,0.829,0.06,823.44,0.032,941354.2297856462,24.348791122436523,0.639677059194884,1.69,29370.45,0.84,0.06,703.12,0.032,2.68,77112.8,0.831,0.06,703.12,0.032
02,0,-19500,19500.0,1109354.3262165943,24.2763729095459,0.6393117352783769,1.74,37561.56,0.808,0.05,787.7200000000001,0.032,3.06,87953.2,0.825,0.05,787.7200000000001,0.032,935685.5781297772,24.961292266845703,0.6371382664565919,1.57,36847.28,0.566,0.04,686.2,0.032,3.01,76916.0,0.829,0.04,686.2,0.032
02,0,-19000,19000.0,1110261.737316224,26.897624969482422,0.6390953263969138,1.66,31673.8,0.818,0.05,778.3199999999999,0.032,2.31,86887.2,0.823,0.05,778.3199999999999,0.032,938333.5153330248,26.529687881469727,0.6340391390271566,1.75,37761.62,0.573,0.04,682.44,0.032,2.4,75817.2,0.825,0.04,682.44,0.032
02,0,-18500,18500.0,1114251.6980487504,27.92725372314453,0.6399256462572706,1.68,31755.0,0.818,0.04,761.4,0.032,1.81,86378.8,0.821,0.04,761.4,0.032,947483.8579500869,28.78470230102539,0.6325794332581128,1.93,38803.47,0.577,0.03,665.52,0.032,2.07,74620.0,0.822,0.03,665.52,0.032
02,0,-18000,18000.0,1118364.0245779157,28.507394790649414,0.6405637589989593,0.97,19176.54,0.819,0.03,757.64,0.032,2.09,88002.4,0.823,0.03,757.64,0.032,967691.0166387488,30.20099449157715,0.6321339216959264,2.05,41288.36,0.59,0.03,661.76,0.032,2.12,73144.0,0.818,0.03,661.76,0.032
02,0,-17500,17500.0,1119605.1513393468,29.594154357910156,0.6403000760422765,2.08,37152.16,0.807,0.04,780.2000000000002,0.032,2.34,89757.2,0.826,0.04,780.2000000000002,0.032,993923.3659125754,31.506824493408203,0.6331655982658674,2.28,43533.78,0.598,0.03,639.2,0.031,2.32,71996.0,0.814,0.03,639.2,0.031
02,0,-17000,17000.0,1114445.7575392472,32.05699920654297,0.6399581105738443,2.12,30389.1,0.814,0.04,785.84,0.032,2.64,90126.2,0.824,0.04,785.84,0.032,1029700.8913862784,34.20338439941406,0.6370551631046708,2.63,47091.619999999995,0.611,0.03,633.56,0.031,2.65,73463.8,0.817,0.03,633.56,0.031
02,0,-16500,16500.0,1104411.6934616177,33.77151870727539,0.638785763335497,2.16,30339.8,0.814,0.04,793.36,0.031,2.88,89839.2,0.821,0.04,793.36,0.031,1064365.1294868698,36.321014404296875,0.6402537918242802,2.89,49685.36,0.62,0.04,650.48,0.031,2.99,75522.0,0.821,0.04,650.48,0.031
02,0,-16000,16000.0,1089089.8644393368,34.82057571411133,0.6381615986594118,1.31,18362.22,0.815,0.04,797.12,0.031,2.88,89839.2,0.82,0.04,797.12,0.031,1100291.2375896787,38.66617965698242,0.6464592719487129,3.18,52167.14,0.626,0.04,656.12,0.032,3.38,78859.4,0.829,0.04,656.12,0.032
02,0,-15500,15500.0,1073627.1332320757,34.95228576660156,0.6381614497524564,1.58,21203.49,0.816,0.04,791.48,0.031,2.92,90364.0,0.821,0.04,791.48,0.031,1131338.2917293687,40.610557556152344,0.6509742969420441,3.38,53115.69,0.628,0.04,701.24,0.032,3.76,82483.8,0.837,0.04,701.24,0.032
02,0,-15000,15000.0,1054639.3407276075,32.72284698486328,0.6353427371788996,1.58,21078.87,0.815,0.05,789.6,0.031,3.36,89806.4,0.82,0.05,789.6,0.031,1159655.2913698433,42.42912292480469,0.6540745828271254,3.46,53125.02,0.625,0.04,714.4,0.032,4.19,87207.0,0.845,0.04,714.4,0.032
02,0,-14500,14500.0,1039221.7770785704,29.042970657348633,0.6334700573533778,1.58,20793.45,0.814,0.06,774.56,0.031,3.79,89445.6,0.82,0.06,774.56,0.031,1183587.9926356848,42.78190994262695,0.6538555977805048,3.42,52804.69,0.623,0.05,782.08,0.033,4.57,91610.4,0.853,0.05,782.08,0.033
02,0,-14000,14000.0,1026754.2607652082,23.105886459350586,0.6295554663863464,2.92,42007.68,0.81,0.07,772.6800000000001,0.031,3.7,87699.0,0.818,0.07,772.6800000000001,0.031,1211679.4356082284,42.923583984375,0.6555555678239686,3.12,53918.07,0.628,0.06,802.7599999999999,0.033,4.97,94341.0,0.857,0.06,802.7599999999999,0.033
02,0,-13500,13500.0,1019847.4390344025,17.27309226989746,0.6272253329873851,4.84,94535.04,0.803,0.07,755.7599999999999,0.031,3.51,85476.8,0.815,0.07,755.7599999999999,0.031,1235181.5314230465,43.474037170410156,0.6545064205741569,2.85,33941.6,0.857,0.06,842.2400000000001,0.033,5.33,96153.2,0.86,0.06,842.2400000000001,0.033
02,0,-13000,13000.0,1020785.146409279,17.12921142578125,0.6256693611597938,1.68,39706.56,0.801,0.07,750.12,0.031,2.61,82656.0,0.811,0.07,750.12,0.031,1264068.3659706933,44.23529052734375,0.6581010071685377,2.85,36867.7,0.866,0.06,853.52,0.033,5.57,95612.0,0.859,0.06,853.52,0.033
02,0,-12500,12500.0,1028683.4147153422,19.016761779785156,0.6268365476737574,0.65,18859.83,0.798,0.04,710.64,0.031,1.74,80064.8,0.806,0.04,710.64,0.031,1292911.1048496177,44.428436279296875,0.6622428406721464,1.99,23800.41,0.861,0.07,842.2400000000001,0.033,5.69,95038.0,0.858,0.07,842.2400000000001,0.033
02,0,-12000,12000.0,1043833.4665892471,21.003135681152344,0.6293312397314166,1.02,29026.1,0.806,0.04,699.36,0.031,1.38,79597.4,0.806,0.04,699.36,0.031,1320925.6908602305,43.92853546142578,0.6670224165308622,2.0,24485.82,0.864,0.07,840.36,0.033,5.42,97530.8,0.861,0.07,840.36,0.033
02,0,-11500,11500.0,1062700.9662756056,22.791589736938477,0.6331981114341012,1.28,27999.4,0.724,0.03,689.96,0.031,1.48,79892.6,0.807,0.03,689.96,0.031,1345919.8795169601,43.138370513916016,0.6709224797457148,1.97,26172.21,0.872,0.08,870.44,0.033,5.07,100860.0,0.865,0.08,870.44,0.033
02,0,-11000,11000.0,1082729.3633711524,23.993486404418945,0.6369339308708762,1.43,30429.700000000004,0.815,0.03,688.08,0.031,1.62,81778.6,0.81,0.03,688.08,0.031,1365743.6271421565,42.70090866088867,0.6748546379873488,3.01,39666.2,0.872,0.08,879.84,0.033,4.66,105624.2,0.87,0.08,879.84,0.033
02,0,-10500,10500.0,1102123.5376454918,24.950050354003906,0.640163169830797,1.69,28900.3,0.732,0.02,712.52,0.031,1.79,83959.8,0.814,0.02,712.52,0.031,1375277.1593685297,43.67462158203125,0.6749299768055754,3.03,39695.2,0.872,0.07,953.16,0.034,4.69,109757.0,0.875,0.07,953.16,0.034
02,0,-10000,10000.0,1119540.754331625,26.06741714477539,0.6438045818051086,1.74,29020.42,0.733,0.03,720.04,0.031,2.01,86247.6,0.818,0.03,720.04,0.031,1376597.9671515692,44.51058578491211,0.6757318460405912,3.04,39239.9,0.871,0.08,973.84,0.034,4.88,110921.40000000001,0.875,0.08,973.84,0.034
02,0,-9500,9500.0,1132725.7213536242,27.206584930419922,0.6455918325066071,1.71,29572.4,0.737,0.03,753.88,0.031,2.27,88240.2,0.822,0.03,753.88,0.031,1374534.3854861734,44.32550048828125,0.6762691214343315,3.04,39216.7,0.871,0.08,992.64,0.034,5.03,111273.99999999999,0.876,0.08,992.64,0.034
02,0,-9000,9000.0,1142810.0032037124,28.180559158325195,0.6483398012292728,1.6,28163.52,0.826,0.04,763.2799999999999,0.031,2.67,89675.2,0.824,0.04,763.2799999999999,0.031,1366274.5269504457,44.295318603515625,0.6763127304745387,2.05,27327.96,0.874,0.08,1000.16,0.034,5.23,110519.6,0.874,0.08,1000.16,0.034
02,0,-8500,8500.0,1149067.8136208793,28.867916107177734,0.6500253653003993,1.65,24207.12,0.831,0.04,783.96,0.032,3.15,90880.6,0.827,0.04,783.96,0.032,1357460.6803047322,43.73257064819336,0.6767182291474407,2.86,38570.0,0.871,0.08,988.88,0.034,5.45,109716.00000000001,0.873,0.08,988.88,0.034
02,0,-8000,8000.0,1153216.2559645018,29.40890121459961,0.6520234344040936,2.51,35819.28,0.841,0.04,791.48,0.032,3.66,91938.4,0.829,0.04,791.48,0.032,1345067.673787315,43.266502380371094,0.6744940758199468,1.92,26970.18,0.874,0.07,987.0,0.034,5.36,109412.6,0.874,0.07,987.0,0.034
02,0,-7500,7500.0,1156428.0197624,29.878034591674805,0.6533981498912431,1.78,24634.8,0.835,0.06,804.64,0.032,4.17,93094.6,0.832,0.06,804.64,0.032,1337023.13466614,41.963340759277344,0.6738665609708233,1.82,26714.91,0.874,0.07,979.48,0.034,5.12,109543.8,0.875,0.07,979.48,0.034
02,0,-7000,7000.0,1161356.4721115893,29.258848190307617,0.6529978746248601,2.56,36511.44,0.845,0.06,808.4,0.032,4.26,93972.0,0.834,0.06,808.4,0.032,1332895.900443573,39.16362380981445,0.6726804343929095,1.22,18415.6,0.874,0.06,979.48,0.034,5.09,109117.4,0.875,0.06,979.48,0.034
02,0,-6500,6500.0,1169624.9188886243,27.940824508666992,0.6525285832996062,2.05,36279.69,0.845,0.06,819.6800000000001,0.032,4.24,94775.6,0.836,0.06,819.6800000000001,0.032,1333026.1241764948,40.72029113769531,0.6721777101266151,2.76,59307.7,0.644,0.07,970.08,0.034,5.2,108682.8,0.875,0.07,970.08,0.034
02,0,-6000,6000.0,1188794.327635446,26.616689682006836,0.6525483238706418,2.03,43990.56,0.825,0.07,823.44,0.032,3.54,94390.2,0.836,0.07,823.44,0.032,1340505.277823559,42.299774169921875,0.6712926896739858,2.94,61170.59,0.649,0.07,970.08,0.034,4.82,107215.0,0.873,0.07,970.08,0.034
02,0,-5500,5500.0,1219337.5296018398,27.660505294799805,0.6556494389732976,1.37,34628.88,0.767,0.05,817.7999999999998,0.032,2.72,93808.0,0.835,0.05,817.7999999999998,0.032,1353409.126599236,43.199562072753906,0.6708125462456959,3.08,62445.69,0.652,0.06,947.52,0.034,4.33,105673.4,0.871,0.06,947.52,0.034
02,0,-5000,5000.0,1266636.5993721616,28.76156234741211,0.6607484602089267,1.44,35229.48,0.769,0.05,817.7999999999998,0.032,2.17,93061.8,0.834,0.05,817.7999999999998,0.032,1377167.0029546085,44.82621383666992,0.6702388476514579,3.39,65064.31,0.66,0.06,941.88,0.034,4.28,104878.0,0.869,0.06,941.88,0.034
02,0,-4500,4500.0,1320630.977730479,29.67620277404785,0.6662422945786066,2.1,39070.46000000001,0.785,0.04,806.52,0.032,2.22,92578.0,0.834,0.04,806.52,0.032,1404575.1525931917,45.45215606689453,0.6699646453276648,3.67,67259.97,0.665,0.07,930.6,0.034,4.41,104418.8,0.868,0.07,930.6,0.034
02,0,-4000,4000.0,1382415.1574344398,31.06918716430664,0.6712616356947424,2.25,39679.64,0.788,0.04,804.64,0.032,2.34,94939.6,0.838,0.04,804.64,0.032,1438053.3322866645,46.968162536621094,0.6714056833419899,3.86,71135.03,0.675,0.07,928.7200000000001,0.034,4.59,105993.19999999998,0.87,0.07,928.7200000000001,0.034
02,0,-3500,3500.0,1440428.0701800468,31.39563751220703,0.6735167001034639,2.45,42133.52,0.796,0.04,834.7200000000001,0.032,2.53,97940.8,0.843,0.04,834.7200000000001,0.032,1467642.9164371314,46.12862777709961,0.6717523427962617,3.95,74098.86,0.681,0.07,953.16,0.034,4.76,107739.79999999999,0.872,0.07,953.16,0.034
02,0,-3000,3000.0,1496964.7162348148,32.95036315917969,0.6758812573510893,2.79,68793.2,0.659,0.04,844.12,0.033,2.98,103557.8,0.85,0.04,844.12,0.033,1497780.00057828,45.35885238647461,0.6771168383331285,3.44,45411.1,0.891,0.07,960.6800000000001,0.034,5.16,110765.60000000002,0.875,0.07,960.6800000000001,0.034
02,0,-2500,2500.0,1548247.3315324415,34.473751068115234,0.6767048719472551,3.16,71125.7,0.664,0.05,921.2000000000002,0.033,3.53,109396.2,0.858,0.05,921.2000000000002,0.033,1518879.6212118105,46.97637939453125,0.6806365909104009,3.46,45657.6,0.892,0.08,996.4,0.034,5.59,114217.8,0.878,0.08,996.4,0.034
02,0,-2000,2000.0,1598859.7483514764,41.09959411621094,0.6820416737738237,3.34,73321.36,0.668,0.05,943.7599999999999,0.033,4.12,116423.59999999999,0.866,0.05,943.7599999999999,0.033,1529379.4808042373,49.09873580932617,0.6861078804045141,2.11,27192.72,0.891,0.08,1041.52,0.035,6.06,118424.39999999998,0.882,0.08,1041.52,0.035
02,0,-1500,1500.0,1637951.5222040948,45.641937255859375,0.6848903302570575,3.31,74394.31,0.67,0.06,1402.48,0.045,5.38,123073.8,0.872,0.06,1402.48,0.045,1534563.449237098,50.12654113769531,0.6921708312160156,2.71,33531.840000000004,0.892,0.08,1739.0,0.056,6.45,122417.8,0.886,0.08,1739.0,0.056
02,0,-1000,1000.0,1671411.4449383589,49.987342834472656,0.6925129386324419,2.94,74733.3,0.67,0.07,1767.2,0.056,6.34,128420.20000000001,0.877,0.07,1767.2,0.056,1519759.9898447022,46.18703079223633,0.695999699157228,1.67,21646.8,0.89,0.08,1958.96,0.062,6.53,124951.6,0.888,0.08,1958.96,0.062
02,0,-500,500.0,1696744.1982789678,51.54037857055664,0.699419724731298,2.15,36069.84,0.886,0.09,2891.44,0.086,6.87,132815.4,0.881,0.09,2891.44,0.086,1495419.086045113,40.88383102416992,0.6980905621823119,3.28,42079.0,0.881,0.1,2447.76,0.075,6.49,126550.60000000002,0.889,0.1,2447.76,0.075
02,0,0,0.0,1708852.5084893184,47.58904266357422,0.7060696532814104,3.15,52854.45,0.893,0.11,3201.64,0.094,6.53,135570.6,0.883,0.11,3201.64,0.094,1446614.9130522371,42.50200653076172,0.6933793931987148,2.03,24974.22,0.88,0.11,2588.76,0.079,5.43,124918.8,0.888,0.11,2588.76,0.079
02,0,500,500.0,1714455.7880972088,43.445335388183594,0.7113684155987746,1.74,32781.09,0.881,0.18,3707.36,0.106,6.66,137932.2,0.885,0.18,3707.36,0.106,1397208.7935139856,43.030513763427734,0.6886862756769409,2.6,30494.88,0.881,0.09,2259.76,0.07,5.54,122753.99999999999,0.886,0.09,2259.76,0.07
02,0,1000,1000.0,1703811.639089677,34.02911376953125,0.7119756603989422,3.35,66238.8,0.879,1.74,60426.51999999999,0.194,5.91,138014.2,0.885,0.19,3854.0,0.109,1351642.7966610251,43.32078170776367,0.684944491150667,2.57,29849.04,0.878,0.09,2162.0,0.067,5.88,118621.2,0.882,0.09,2162.0,0.067
02,0,1500,1500.0,1688508.7204415486,30.84821891784668,0.7111049377100768,6.29,150377.23,0.874,1.73,59930.64000000001,0.193,4.88,137391.0,0.884,0.21,3885.9600000000005,0.11,1312917.1266342592,42.730079650878906,0.6829530107534094,2.33,26652.6,0.873,0.1,1404.36,0.046,6.09,114463.8,0.878,0.1,1404.36,0.046
02,0,2000,2000.0,1670810.882869679,26.508766174316406,0.7088910091200938,1.22,31778.1,0.878,0.21,3891.6,0.11,4.12,134881.8,0.882,0.21,3891.6,0.11,1281392.5905371273,38.65199279785156,0.6795136465317559,4.45,53990.64000000001,0.87,0.1,1203.2,0.04,5.96,109552.0,0.873,0.1,1203.2,0.04
02,0,2500,2500.0,1656433.9173911929,28.29407501220703,0.7072080206061896,1.1,31126.860000000004,0.876,0.19,3384.0,0.098,3.37,132216.80000000002,0.88,0.19,3384.0,0.098,1256041.0092655336,34.4605827331543,0.6774688786293437,1.87,25139.07,0.867,0.09,964.44,0.034,5.8,104984.6,0.868,0.09,964.44,0.034
02,0,3000,3000.0,1648168.6882683025,30.405086517333984,0.7047962012071238,1.67,70693.41,0.664,0.18,3239.24,0.094,2.61,130133.99999999999,0.878,0.18,3239.24,0.094,1237456.0897598108,33.55305480957031,0.6741283178703943,3.53,50922.48,0.864,0.09,945.64,0.034,5.12,101819.4,0.864,0.09,945.64,0.034
02,0,3500,3500.0,1643517.6979688117,31.322879791259766,0.7024608361475597,2.08,40989.52,0.792,0.13,2821.88,0.084,2.53,128288.99999999999,0.877,0.13,2821.88,0.084,1223184.1587832586,34.04083251953125,0.6719649296128429,1.51,25434.0,0.861,0.08,902.4,0.033,4.37,99105.2,0.861,0.08,902.4,0.033
02,0,4000,4000.0,1645246.5570858666,32.25872802734375,0.7000743622820278,2.18,41198.3,0.792,0.11,2705.32,0.081,2.78,127272.2,0.876,0.11,2705.32,0.081,1214398.7741368609,34.054805755615234,0.6693252295354718,0.96,16431.8,0.859,0.08,891.12,0.033,3.41,97375.0,0.859,0.08,891.12,0.033
02,0,4500,4500.0,1650442.5535774732,33.585208892822266,0.6985944768605443,2.54,73128.54,0.67,0.11,2592.52,0.078,2.93,126198.0,0.875,0.11,2592.52,0.078,1213536.8953609013,33.2827262878418,0.6693241395413841,0.93,16424.8,0.861,0.06,861.04,0.033,3.34,96366.4,0.858,0.06,861.04,0.033
02,0,5000,5000.0,1660570.5604422162,35.25461196899414,0.6984256741733319,2.67,74092.64,0.672,0.11,2545.52,0.077,3.1,126050.4,0.875,0.11,2545.52,0.077,1219599.3029678774,33.5789794921875,0.6690593851236017,2.01,34275.1,0.861,0.06,855.4,0.033,3.2,96317.2,0.858,0.06,855.4,0.033
02,0,5500,5500.0,1673276.6606318278,36.920196533203125,0.699032971826661,1.94,33994.08,0.879,0.09,2475.96,0.075,3.28,126280.0,0.875,0.09,2475.96,0.075,1228153.9006180908,36.38465118408203,0.6688937661612561,2.06,34298.3,0.861,0.06,855.4,0.033,3.57,96415.6,0.859,0.06,855.4,0.033
02,0,6000,6000.0,1690167.2311131863,40.38051223754883,0.7006100374302929,2.82,49554.33,0.885,0.08,2459.04,0.074,4.36,127739.6,0.877,0.08,2459.04,0.074,1244228.9869794557,39.66065979003906,0.6695402145375922,2.39,34768.1,0.862,0.06,857.2799999999999,0.033,3.98,96218.8,0.858,0.06,857.2799999999999,0.033
02,0,6500,6500.0,1709206.0727861233,43.175052642822266,0.702672101637278,1.96,35007.12,0.882,0.14,2684.64,0.08,5.48,129707.6,0.878,0.14,2684.64,0.08,1263102.102035668,41.06730270385742,0.6707760396787299,2.41,34808.7,0.862,0.06,855.4,0.033,4.27,95931.8,0.858,0.06,855.4,0.033
02,0,7000,7000.0,1731693.0604067512,42.931697845458984,0.7044617084994552,3.16,76428.25,0.677,0.16,2754.2,0.082,5.71,131692.0,0.88,0.16,2754.2,0.082,1288209.58520975,41.84225845336914,0.6726547379952271,2.84,36221.0,0.866,0.06,855.4,0.033,4.11,96653.4,0.859,0.06,855.4,0.033
02,0,7500,7500.0,1756450.4834035912,40.24591827392578,0.7060311829627566,3.46,77224.41,0.679,0.28,3124.56,0.091,5.61,133463.19999999998,0.881,0.28,3124.56,0.091,1316683.7499567792,42.0125732421875,0.6750911304490003,2.56,32214.82,0.867,0.06,864.7999999999998,0.033,3.87,97588.2,0.861,0.06,864.7999999999998,0.033
02,0,8000,8000.0,1785829.2024369775,41.37003707885742,0.7070431006472105,3.66,79444.95,0.684,2.89,86566.48,0.247,4.48,134512.8,0.882,0.32,3233.6,0.094,1348219.587040474,42.35212707519531,0.6793791204181809,3.19,39071.7,0.875,0.06,868.56,0.033,4.13,99244.6,0.863,0.06,868.56,0.033
02,0,8500,8500.0,1819010.6181611964,43.5362548828125,0.7080746896245557,3.62,81578.41,0.688,0.3,3412.1999999999994,0.098,4.47,135496.8,0.882,0.3,3412.1999999999994,0.098,1379153.7653571179,42.62967300415039,0.6833479844948285,3.21,39283.4,0.876,0.07,889.2400000000001,0.034,4.48,101097.8,0.865,0.07,889.2400000000001,0.034
02,0,9000,9000.0,1861353.759365765,46.066349029541016,0.7102454589755383,3.43,85413.04,0.695,0.29,3466.7200000000003,0.099,5.13,136308.6,0.883,0.29,3466.7200000000003,0.099,1412558.6260672556,43.376304626464844,0.6900582941639817,1.96,23686.62,0.877,0.07,894.88,0.034,5.06,103106.8,0.867,0.07,894.88,0.034
02,0,9500,9500.0,1904532.133236046,46.74163818359375,0.7119995729289851,3.17,88324.0,0.7,0.26,3603.9600000000005,0.103,5.64,137276.2,0.884,0.26,3603.9600000000005,0.103,1443801.9546637728,43.40034484863281,0.6960208055755851,2.33,27372.18,0.878,0.09,921.2000000000002,0.034,5.63,105156.80000000002,0.87,0.09,921.2000000000002,0.034
02,0,10000,10000.0,1951216.9746601584,46.7487678527832,0.714169470218853,2.98,92307.91,0.707,0.25,3645.32,0.104,5.73,140285.6,0.886,0.25,3645.32,0.104,1470229.0716966765,40.49977111816406,0.700911262459681,2.19,27675.69,0.879,0.09,928.7200000000001,0.034,5.88,108846.80000000002,0.874,0.09,928.7200000000001,0.034
02,0,10500,10500.0,1996415.9479526137,46.37727355957031,0.7161155220263035,3.01,94985.62,0.711,0.26,4241.28,0.117,5.67,143590.2,0.888,0.26,4241.28,0.117,1489308.7263848688,37.82416915893555,0.7033856223356987,1.86,28387.229999999996,0.883,0.09,1000.16,0.035,6.02,112454.79999999999,0.878,0.09,1000.16,0.035
02,0,11000,11000.0,2038039.9145262686,44.21460723876953,0.7180111333263349,3.57,98758.05,0.717,0.26,4414.24,0.121,5.22,148411.8,0.892,0.26,4414.24,0.121,1495728.386057503,32.1519775390625,0.7035483980400402,3.58,57430.08,0.88,0.09,1152.44,0.039,5.36,114660.60000000002,0.881,0.09,1152.44,0.039
02,0,11500,11500.0,2075846.0366853306,44.06414031982422,0.7195892707379409,3.84,101236.72,0.72,0.29,5397.48,0.141,4.74,153200.6,0.896,0.29,5397.48,0.141,1497648.752753858,33.6083869934082,0.7027444105968983,2.27,36243.26,0.882,0.07,1468.28,0.049,4.58,116587.6,0.883,0.07,1468.28,0.049
02,0,12000,12000.0,2108144.5658764653,44.4099006652832,0.7223453656377534,4.11,103908.21,0.723,0.31,5698.28,0.147,4.52,157538.4,0.899,0.31,5698.28,0.147,1495807.1918084845,36.146121978759766,0.7037775772296461,1.56,24530.52,0.882,0.07,1562.28,0.052,3.45,117137.0,0.883,0.07,1562.28,0.052
02,0,12500,12500.0,2134152.850972253,46.92083740234375,0.724115322414732,4.15,105195.75,0.725,0.41,6634.52,0.165,4.68,161400.6,0.901,0.41,6634.52,0.165,1491272.4098445068,35.936519622802734,0.7047138539019642,2.17,31183.92,0.887,0.07,1558.5199999999998,0.052,3.5,117924.2,0.884,0.07,1558.5199999999998,0.052
02,0,13000,13000.0,2155800.2218673313,50.08182144165039,0.727216970070774,3.96,105158.43,0.723,0.44,6903.36,0.17,5.17,163368.6,0.903,0.44,6903.36,0.17,1482554.6647731396,32.47687911987305,0.7052986153800361,1.24,20077.4,0.885,0.07,1560.4000000000003,0.052,4.18,118490.0,0.885,0.07,1560.4000000000003,0.052
02,0,13500,13500.0,2175251.8241765345,51.62832260131836,0.7304949713952783,3.73,104480.45,0.721,4.81,119631.05,0.298,5.57,164762.6,0.904,0.53,7356.4400000000005,0.178,1471137.956822195,34.645694732666016,0.7053881481679856,2.3,40971.2,0.885,0.09,1729.5999999999997,0.057,4.57,118883.59999999999,0.885,0.09,1729.5999999999997,0.057
02,0,14000,14000.0,2190201.0996386823,52.2508544921875,0.7335412242599516,3.38,103634.53,0.719,4.48,119471.65999999999,0.297,5.69,165845.0,0.905,0.56,7486.16,0.18,1457359.6147463808,36.63318634033203,0.7048080351859476,2.55,39413.9,0.881,0.09,1776.5999999999997,0.058,4.14,118793.4,0.885,0.09,1776.5999999999997,0.058
02,0,14500,14500.0,2201700.7818656755,52.04098129272461,0.7357457129447402,3.13,103136.93,0.717,4.13,119560.21000000002,0.297,6.03,166378.0,0.906,0.6,7839.600000000001,0.186,1442057.6364295313,37.202842712402344,0.7032891956918037,2.57,39300.8,0.88,0.11,1872.4800000000002,0.061,4.84,118145.60000000002,0.885,0.11,1872.4800000000002,0.061
02,0,15000,15000.0,2209211.750799685,50.001182556152344,0.7366155017689433,3.91,84460.08,0.907,3.84,121012.43,0.299,5.92,166525.6,0.906,0.62,7943.0,0.188,1430975.4017262403,35.81879806518555,0.7014729090398774,1.75,28013.37,0.884,0.11,1896.92,0.062,4.2,115841.40000000001,0.883,0.11,1896.92,0.062
02,0,15500,15500.0,2216639.8955666805,48.494293212890625,0.736833674051085,2.65,103612.76000000001,0.718,3.56,122907.40000000001,0.302,5.68,166517.4,0.906,0.59,8018.2,0.189,1424706.2688668636,33.337581634521484,0.700072706773411,1.78,27118.919999999995,0.881,0.07,1524.68,0.051,3.64,113176.40000000001,0.881,0.07,1524.68,0.051
02,0,16000,16000.0,2225910.9960972834,45.43113708496094,0.7361076021688104,2.48,104611.07,0.72,3.6,126112.90999999999,0.306,5.09,166123.8,0.905,0.59,8040.760000000001,0.19,1432947.8129405384,29.562536239624023,0.6991725802781629,1.68,26921.94,0.88,0.07,1421.28,0.048,3.36,110585.20000000001,0.878,0.07,1421.28,0.048
02,0,16500,16500.0,2237274.5459888447,42.94630813598633,0.735444431538237,2.37,105587.61,0.721,3.76,129778.88,0.312,4.59,165869.6,0.905,0.52,7926.079999999999,0.188,1450322.5821913418,29.002077102661133,0.6997459569800528,1.41,26540.04,0.879,0.07,996.4,0.035,3.05,108477.8,0.876,0.07,996.4,0.035
02,0,17000,17000.0,2253322.533491424,39.809322357177734,0.7352313808076454,2.92,76422.52,0.905,3.77,133267.75,0.317,4.17,165943.4,0.903,0.51,7894.12,0.187,1479855.892177133,28.824247360229492,0.7011522195588005,2.62,53758.08,0.876,0.07,970.08,0.034,2.9,107862.8,0.876,0.07,970.08,0.034
02,0,17500,17500.0,2271022.808541185,37.93794631958008,0.7355972169436567,3.35,77522.56,0.907,3.74,136862.88,0.321,3.74,166205.8,0.902,0.45,7850.88,0.185,1507538.0910608666,28.92132568359375,0.7007577543974101,1.69,40141.8,0.88,0.05,958.7999999999998,0.034,2.74,107846.40000000001,0.876,0.05,958.7999999999998,0.034
02,0,18000,18000.0,2290524.573138213,41.14020919799805,0.7366303769222131,3.27,63115.59999999999,0.909,3.7,138633.88,0.324,3.27,167681.8,0.902,0.44,7839.600000000001,0.185,1537422.306754143,29.28626251220703,0.7018648685023205,1.77,43894.40000000001,0.887,0.04,956.92,0.034,2.82,109633.99999999999,0.878,0.04,956.92,0.034
02,0,18500,18500.0,2309394.1002464406,44.21281814575195,0.7374331120571193,3.34,63286.7,0.909,0.37,8076.48,0.188,3.85,169518.6,0.903,0.37,8076.48,0.188,1561784.125956181,30.29417610168457,0.7014245209044623,2.08,73669.68,0.678,0.05,990.7599999999999,0.035,2.99,111971.00000000001,0.88,0.05,990.7599999999999,0.035
02,0,19000,19000.0,2328837.381404883,48.25471878051758,0.739587453301116,1.97,37784.1,0.908,0.36,8147.920000000001,0.19,4.5,171527.6,0.904,0.36,8147.920000000001,0.19,1574766.8877060993,32.526588439941406,0.7009463714699502,2.55,74403.64,0.679,0.05,1049.04,0.036,3.2,116308.8,0.883,0.05,1049.04,0.036
02,0,19500,19500.0,2346315.0263307146,49.691200256347656,0.7417496014648337,2.36,43741.62,0.909,3.49,139182.89,0.326,5.14,173544.8,0.906,0.38,8601.0,0.197,1578766.965220728,33.45576095581055,0.6993814690097295,2.85,74294.79,0.679,0.07,1784.12,0.059,3.42,120868.0,0.886,0.07,1784.12,0.059
02,0,20000,20000.0,2355686.5339798033,48.886253356933594,0.7451369536356558,2.32,43960.71,0.91,3.34,134702.26,0.32,5.28,174971.6,0.907,0.39,8732.6,0.199,1568471.4190133333,36.45712661743164,0.6992536155129113,3.05,71943.63,0.673,0.1,1998.4400000000003,0.065,3.32,124746.6,0.888,0.1,1998.4400000000003,0.065
03,0,-20000,20000.0,303345.19091763103,34.32206726074219,0.5433093246344922,3.32,10599.84,0.727,0.08,189.88,0.027,3.66,22869.8,0.746,0.08,189.88,0.027,143139.41066837322,11.92719841003418,0.46614149260925547,1.88,6356.13,0.731,0.04,150.4,0.026,3.71,17884.2,0.732,0.04,150.4,0.026
03,0,-19500,19500.0,324480.397168512,34.66545104980469,0.5530216321761732,1.52,8623.3,0.771,0.07,176.72,0.026,3.55,21836.6,0.744,0.07,176.72,0.026,133602.58183513087,12.559210777282715,0.4497570725035291,1.23,3219.0,0.554,0.03,124.08,0.024,3.47,15990.0,0.708,0.03,124.08,0.024
03,0,-19000,19000.0,351513.220523774,34.63837432861328,0.568617146925978,1.07,5900.339999999999,0.771,0.07,172.96,0.026,3.5,22599.2,0.752,0.07,172.96,0.026,129202.34075993022,14.138727188110352,0.4394924500903934,0.77,2011.44,0.565,0.03,114.68,0.023,2.37,14145.0,0.68,0.03,114.68,0.023
03,0,-18500,18500.0,376584.88040011434,34.77629470825195,0.5806499768068273,1.45,7456.320000000001,0.779,0.05,186.12,0.026,3.47,23632.4,0.762,0.05,186.12,0.026,127021.39542275609,14.822834968566895,0.4356361736428528,1.07,2697.84,0.587,0.02,92.12,0.021,1.28,12341.0,0.649,0.02,92.12,0.021
03,0,-18000,18000.0,399218.3636552851,34.125423431396484,0.5940414333145672,1.45,7853.76,0.787,0.05,189.88,0.027,3.47,26190.8,0.777,0.05,189.88,0.027,126744.73062244915,15.040992736816406,0.43183931549982485,1.08,2734.56,0.589,0.03,86.48,0.02,1.14,11586.6,0.632,0.03,86.48,0.02
03,0,-17500,17500.0,415705.99374910013,33.487491607666016,0.6013154160629699,1.99,13273.3,0.815,0.05,225.6,0.028,3.45,28880.4,0.791,0.05,225.6,0.028,128035.53745893615,14.855527877807617,0.43203776255922527,1.1,2859.84,0.598,0.04,78.96,0.019,1.64,11053.6,0.62,0.04,78.96,0.019
03,0,-17000,17000.0,426216.40935332037,32.281246185302734,0.6062592838847832,1.18,7918.74,0.815,0.05,235.0,0.028,3.38,31947.2,0.804,0.05,235.0,0.028,131088.9070176425,14.504681587219238,0.43555676266593574,1.07,2836.08,0.596,0.05,75.2,0.019,1.73,11275.0,0.622,0.05,75.2,0.019
03,0,-16500,16500.0,428203.46158658067,32.997215270996094,0.6012054131956257,2.18,14573.46,0.445,0.05,280.12,0.03,3.45,34751.6,0.815,0.05,280.12,0.03,135029.88874599413,16.584449768066406,0.4407015958522667,0.96,2842.56,0.596,0.05,78.96,0.019,1.78,11652.2,0.63,0.05,78.96,0.019
03,0,-16000,16000.0,423126.4702733377,33.52208709716797,0.5889052271626185,2.42,14937.33,0.454,0.06,293.28,0.03,3.26,36129.2,0.819,0.06,293.28,0.03,140009.37821647385,18.649932861328125,0.4503834994988832,0.96,2862.0,0.596,0.05,80.84,0.019,1.67,11586.6,0.628,0.05,80.84,0.019
03,0,-15500,15500.0,417226.2538024315,34.393550872802734,0.5742953404994237,2.57,15609.09,0.462,0.06,313.96,0.031,3.59,37096.8,0.823,0.06,313.96,0.031,144277.7707574919,20.663755416870117,0.4585130103247139,1.74,5332.88,0.623,0.05,80.84,0.019,1.66,11414.4,0.624,0.05,80.84,0.019
03,0,-15000,15000.0,414663.3605981082,36.35972213745117,0.5657740882157278,3.08,16931.36,0.821,0.07,319.6,0.031,3.04,36391.6,0.82,0.07,319.6,0.031,147910.01963285558,23.141206741333008,0.466225780345208,1.65,4390.6,0.631,0.04,80.84,0.02,1.88,11603.0,0.627,0.04,80.84,0.02
03,0,-14500,14500.0,416524.43093690416,39.042991638183594,0.562189388389908,3.27,17177.0,0.824,0.05,308.32,0.03,3.33,35473.2,0.817,0.05,308.32,0.03,149566.39147758405,25.400087356567383,0.46735707677693505,1.69,4379.0,0.631,0.04,84.6,0.02,2.1,11783.4,0.629,0.04,84.6,0.02
03,0,-14000,14000.0,425781.3728514,43.72716522216797,0.5707832973737428,2.86,14413.0,0.836,0.05,304.56,0.03,3.94,34571.2,0.812,0.05,304.56,0.03,150550.65320282948,27.943805694580078,0.46966201418840786,2.07,4326.8,0.637,0.04,86.48,0.02,2.32,12513.2,0.641,0.04,86.48,0.02
03,0,-13500,13500.0,435738.27749332925,45.91481399536133,0.5812111630718517,2.64,13045.44,0.839,0.05,289.52,0.03,4.57,34021.8,0.81,0.05,289.52,0.03,150219.81816648267,30.36589813232422,0.46842230830174547,1.9,4074.16,0.65,0.04,97.76,0.021,2.55,13251.2,0.654,0.04,97.76,0.021
03,0,-13000,13000.0,445271.59811540693,49.56443786621094,0.5946089987081337,1.85,8837.46,0.84,0.05,285.76,0.03,5.28,36080.0,0.82,0.05,285.76,0.03,148868.81214398763,32.337791442871094,0.4682882057723567,1.37,2712.66,0.647,0.04,101.52,0.022,2.95,13226.6,0.655,0.04,101.52,0.022
03,0,-12500,12500.0,448623.36786132545,50.18014907836914,0.6029790739533207,2.54,11214.72,0.845,0.06,317.72,0.031,5.93,38408.8,0.831,0.06,317.72,0.031,148522.79806248733,33.759056091308594,0.47144806305874853,2.12,3652.56,0.667,0.51,2231.46,0.061,3.4,13284.0,0.66,0.06,101.52,0.022
03,0,-12000,12000.0,442248.7614880407,47.00340270996094,0.6056398566964314,2.34,11100.24,0.843,0.07,327.12,0.031,6.33,40631.0,0.84,0.07,327.12,0.031,147854.0173313997,33.30641555786133,0.4759969057272612,2.18,3663.36,0.668,0.43,2036.6499999999999,0.058,3.93,13956.4,0.676,0.07,101.52,0.022
03,0,-11500,11500.0,431900.60955054505,46.38533020019531,0.6049596880401492,2.71,16228.680000000002,0.859,0.09,355.32,0.031,6.6,42640.0,0.848,0.09,355.32,0.031,146172.23296979908,31.657325744628906,0.479208411953618,2.23,3615.8399999999997,0.668,0.5,1824.13,0.054,4.52,14784.600000000002,0.694,0.09,105.28000000000002,0.022
03,0,-11000,11000.0,414618.26042772806,44.572513580322266,0.5979862187643185,3.44,18967.92,0.825,0.1,364.72,0.032,6.1,42025.0,0.846,0.1,364.72,0.032,142279.12405901987,28.4277400970459,0.47988646807483676,3.16,6124.38,0.733,0.47,1593.9,0.05,4.63,14874.8,0.697,0.1,105.28000000000002,0.022
03,0,-10500,10500.0,396555.2482684435,43.15447998046875,0.5893590132185436,6.85,42641.1,0.816,0.07,349.68,0.031,5.55,41369.0,0.846,0.07,349.68,0.031,136584.73362997404,23.675479888916016,0.47613524017486925,2.92,6121.29,0.731,0.38,1399.09,0.046,4.75,15055.2,0.702,0.1,103.40000000000002,0.022
03,0,-10000,10000.0,378573.516073358,40.98591613769531,0.5730645000410256,2.45,12107.56,0.758,0.07,344.04,0.031,4.77,39269.8,0.837,0.07,344.04,0.031,127932.65154004082,18.397445678710938,0.4581807551207234,2.65,6127.469999999999,0.729,0.41,1434.51,0.046,4.27,14915.800000000001,0.699,0.1,103.40000000000002,0.022
03,0,-9500,9500.0,366581.66476005246,40.12541961669922,0.5604668288941475,2.52,9744.02,0.653,0.05,312.08,0.03,4.09,37219.8,0.829,0.05,312.08,0.03,120294.92658324669,14.768091201782227,0.4418992359626812,1.99,5790.659999999999,0.715,0.59,1558.48,0.048,3.79,14850.2,0.696,0.08,99.64,0.022
03,0,-9000,9000.0,359883.1529539013,40.66851806640625,0.5451544498647126,2.6,10295.1,0.779,0.05,304.56,0.03,4.4,35301.0,0.818,0.05,304.56,0.03,113411.07720557573,14.503030776977539,0.41924145162539034,1.31,5432.219999999999,0.7,0.08,97.76,0.022,2.8,14136.799999999997,0.684,0.08,97.76,0.022
03,0,-8500,8500.0,358012.7407253047,42.18560028076172,0.5327604056764199,3.61,12220.78,0.699,0.05,274.48,0.029,4.6,33644.6,0.809,0.05,274.48,0.029,109272.81143124701,15.8259859085083,0.4027639028930581,0.82,2406.24,0.559,0.07,265.66,0.036,2.0,13284.0,0.669,0.05,92.12,0.021
03,0,-8000,8000.0,363529.18507677806,44.87345504760742,0.5275284109071352,3.71,12495.6,0.818,0.05,268.84,0.029,4.18,32201.400000000005,0.802,0.05,268.84,0.029,110160.7851509424,17.18287467956543,0.39597469965199394,1.22,4310.55,0.645,0.03,88.36,0.021,1.62,11931.0,0.644,0.03,88.36,0.021
03,0,-7500,7500.0,371352.8770809866,46.7836799621582,0.5251072198115135,4.57,13530.66,0.722,0.05,251.92000000000002,0.028,4.7,30897.6,0.797,0.05,251.92000000000002,0.028,115172.39423073697,18.15235710144043,0.4008643282840637,1.17,3071.1,0.527,0.03,67.68,0.018,1.87,10594.4,0.615,0.03,67.68,0.018
03,0,-7000,7000.0,384494.61878583196,50.382591247558594,0.530352015046153,4.72,13494.6,0.838,0.05,246.28,0.028,6.01,32283.399999999998,0.803,0.05,246.28,0.028,125033.29582052038,19.310230255126953,0.4153303784716508,0.71,1967.94,0.543,0.03,62.04,0.017,1.66,9881.0,0.596,0.03,62.04,0.017
03,0,-6500,6500.0,394651.5325854497,52.32225799560547,0.5323487310867234,4.75,12773.66,0.842,0.08,263.2,0.029,7.39,34194.0,0.813,0.08,263.2,0.029,136974.152894066,20.577335357666016,0.43334052174693,0.88,2247.18,0.542,0.03,56.4,0.016,1.4,9315.2,0.579,0.03,56.4,0.016
03,0,-6000,6000.0,406921.914277407,55.48329162597656,0.5376247719524618,4.76,12489.18,0.84,0.08,268.84,0.029,8.95,37785.6,0.829,0.08,268.84,0.029,151684.64655165363,21.74272918701172,0.4584527966477836,0.85,2454.21,0.56,0.03,54.519999999999996,0.016,1.66,10233.6,0.594,0.03,54.519999999999996,0.016
03,0,-5500,5500.0,415961.6121608317,57.64624786376953,0.5400460435558809,4.49,11335.68,0.85,0.11,319.6,0.03,10.52,41500.2,0.845,0.11,319.6,0.03,164370.97979646752,22.865825653076172,0.477185247741059,0.76,2958.72,0.605,0.04,69.56,0.017,1.92,11201.2,0.61,0.04,69.56,0.017
03,0,-5000,5000.0,427661.29178408155,60.08580780029297,0.5444035822877226,4.49,11268.72,0.85,0.12,334.64,0.031,11.86,43337.0,0.854,0.12,334.64,0.031,174370.1968278596,23.709688186645508,0.49419424402215373,1.21,5101.1,0.655,0.04,73.32,0.018,2.11,12398.4,0.63,0.04,73.32,0.018
03,0,-4500,4500.0,441948.4984344608,61.05113220214844,0.5494081901990348,4.51,11024.64,0.848,0.15,357.2,0.031,13.07,44821.2,0.861,0.15,357.2,0.031,181970.5139137285,24.24439811706543,0.5057043269498961,1.22,5109.8,0.656,0.03,92.12,0.02,2.27,13628.4,0.653,0.03,92.12,0.02
03,0,-4000,4000.0,461288.09567759174,61.926212310791016,0.5596275752646303,6.38,17304.0,0.872,0.16,362.84,0.032,13.13,44476.8,0.861,0.16,362.84,0.032,186590.49638812576,23.954551696777344,0.5116326513749525,1.38,4642.9,0.641,0.03,97.76,0.021,2.3,15038.8,0.676,0.03,97.76,0.021
03,0,-3500,3500.0,484443.66493946494,60.15541458129883,0.572720583662245,4.93,16769.43,0.867,0.16,353.44,0.032,12.91,44091.4,0.861,0.16,353.44,0.032,189549.7351363898,23.383466720581055,0.5133051867926822,1.83,4927.04,0.611,0.03,120.32,0.023,2.33,16424.600000000002,0.698,0.03,120.32,0.023
03,0,-3000,3000.0,502434.32008178846,57.0573616027832,0.5849519054221647,10.15,42853.2,0.857,0.16,351.56,0.031,10.15,42853.2,0.857,0.16,351.56,0.031,191453.08883001763,25.56646156311035,0.5097826166644499,2.02,4399.3,0.633,0.03,125.96000000000001,0.024,2.47,16924.8,0.707,0.03,125.96000000000001,0.024
03,0,-2500,2500.0,514875.4633485634,54.43208312988281,0.5938580336284544,3.33,17988.7,0.876,0.11,336.52,0.031,7.93,41820.0,0.854,0.11,336.52,0.031,191848.27612406499,26.714725494384766,0.5000951444451759,2.07,4387.7,0.633,0.03,129.72,0.024,2.6,17334.8,0.713,0.03,129.72,0.024
03,0,-2000,2000.0,523137.3663727118,49.42677307128906,0.6058419270810212,2.06,11080.32,0.879,0.09,330.88,0.031,7.82,44919.6,0.863,0.09,330.88,0.031,194326.94533026314,29.882047653198242,0.4885279593290494,3.27,7041.68,0.692,0.03,131.6,0.024,2.26,17187.2,0.711,0.03,131.6,0.024
03,0,-1500,1500.0,521346.0178179528,47.01271438598633,0.6123564576494419,2.71,14264.640000000001,0.883,0.08,383.52,0.032,7.7,48109.4,0.872,0.08,383.52,0.032,198423.9215523381,33.47395324707031,0.47833906743031995,3.93,7718.08,0.711,0.04,125.96000000000001,0.024,1.96,17113.4,0.71,0.04,125.96000000000001,0.024
03,0,-1000,1000.0,506998.15905345965,45.624454498291016,0.6167663763958827,2.75,13992.48,0.881,0.08,398.56,0.032,7.77,51709.2,0.881,0.08,398.56,0.032,209053.3170907058,36.25788879394531,0.4749188054882072,5.07,9373.48,0.75,0.05,125.96000000000001,0.024,2.6,16982.2,0.706,0.05,125.96000000000001,0.024
03,0,-500,500.0,483961.0705208612,44.719852447509766,0.6150574127996181,2.86,13143.6,0.875,0.09,453.08,0.033,7.85,54669.4,0.888,0.09,453.08,0.033,220922.44122725615,38.036109924316406,0.47062174686890873,5.84,10459.28,0.771,0.06,120.32,0.023,3.29,17105.2,0.707,0.06,120.32,0.023
03,0,0,0.0,451694.54516365804,44.339786529541016,0.6089758685881237,2.6,12515.04,0.869,0.1,468.12000000000006,0.033,7.28,53054.0,0.885,0.1,468.12000000000006,0.033,237943.54282972438,41.650089263916016,0.47232110897039314,7.01,12061.28,0.797,0.06,120.32,0.023,4.21,18458.2,0.724,0.06,120.32,0.023
03,0,500,500.0,423957.3167077608,45.361968994140625,0.6076493397493578,2.2,9115.35,0.839,0.11,436.15999999999997,0.033,6.6,51102.4,0.882,0.11,436.15999999999997,0.033,251368.13224219647,43.85846710205078,0.4668899315296254,7.8,13083.0,0.812,0.06,141.0,0.025,5.11,19926.0,0.742,0.06,141.0,0.025
03,0,1000,1000.0,397270.00451760576,45.62654495239258,0.596545618808397,4.27,18368.16,0.836,0.11,428.63999999999993,0.033,6.54,46461.2,0.872,0.11,428.63999999999993,0.033,266618.3013160507,48.01564407348633,0.4697811304927739,7.45,10938.8,0.82,0.06,146.64,0.025,6.19,21779.2,0.761,0.06,146.64,0.025
03,0,1500,1500.0,381866.8203747197,45.641029357910156,0.5964189091827614,8.33,41349.79,0.829,0.08,359.08,0.032,6.58,42074.2,0.861,0.08,359.08,0.032,277892.016480576,50.4215202331543,0.4678291935114543,7.59,11080.9,0.823,0.09,172.96,0.026,7.22,23517.6,0.777,0.09,172.96,0.026
03,0,2000,2000.0,373956.29215739446,43.438018798828125,0.5879333710953694,3.44,15520.32,0.813,0.08,338.4,0.032,6.21,38859.8,0.852,0.08,338.4,0.032,289895.5536184357,56.184959411621094,0.4771177311041722,8.27,11791.399999999998,0.836,0.1,180.48,0.027,8.77,26412.2,0.796,0.1,180.48,0.027
03,0,2500,2500.0,373254.5671652839,41.175601959228516,0.5851320443844243,6.85,35088.33,0.807,0.07,297.04,0.031,5.83,35899.6,0.843,0.07,297.04,0.031,297162.07337104157,59.68798828125,0.4829197645727636,8.32,11846.5,0.837,0.14,221.84,0.028,10.34,29298.599999999995,0.814,0.14,221.84,0.028
03,0,3000,3000.0,378924.87381116604,38.13749694824219,0.5835073806368085,2.11,11411.5,0.814,0.07,285.76,0.03,5.07,33866.0,0.835,0.07,285.76,0.03,304811.2948892803,65.15502166748047,0.5043587380843501,4.99,7280.160000000001,0.841,0.15,235.0,0.029,11.96,31684.8,0.83,0.15,235.0,0.029
03,0,3500,3500.0,387769.610960388,38.14567184448242,0.584772969058997,2.68,16005.76,0.83,0.05,259.44,0.03,4.4,32176.8,0.828,0.05,259.44,0.03,307213.7158369579,67.55506896972656,0.5249960430858527,5.9,8371.65,0.841,0.19,266.96,0.03,13.36,33866.0,0.844,0.19,266.96,0.03
03,0,4000,4000.0,400424.9561226217,39.93373489379883,0.5920661657958406,2.68,13493.7,0.84,0.04,253.80000000000004,0.03,3.61,31947.2,0.827,0.04,253.80000000000004,0.03,303742.50337621965,68.73783874511719,0.5508715978282626,11.35,16883.04,0.837,0.2,276.36,0.03,13.82,35169.8,0.851,0.2,276.36,0.03
03,0,4500,4500.0,410672.4842573254,41.72339630126953,0.5977199610835634,2.76,13641.6,0.841,0.05,253.80000000000004,0.03,3.65,32045.6,0.827,0.05,253.80000000000004,0.03,295892.1806236212,66.98626708984375,0.5766087587884033,20.05,37949.65,0.828,0.21,293.28,0.031,13.9,36145.6,0.855,0.21,293.28,0.031
03,0,5000,5000.0,418517.99978844466,43.95076370239258,0.6022673656469856,1.63,8289.36,0.843,0.05,253.80000000000004,0.03,4.29,34267.8,0.835,0.05,253.80000000000004,0.03,274226.57115175354,56.968177795410156,0.5817991974466052,7.86,15246.959999999997,0.821,2.04,3382.61,0.077,11.81,34874.6,0.851,0.22,297.04,0.031
03,0,5500,5500.0,420108.56791035004,44.10334396362305,0.6003463151813262,1.98,9561.57,0.844,0.05,291.4,0.031,4.92,36399.8,0.842,0.05,291.4,0.031,250614.43560787186,46.99070739746094,0.5816960791260568,12.89,33936.37,0.81,0.18,278.24,0.031,9.85,33398.6,0.845,0.18,278.24,0.031
03,0,6000,6000.0,418485.11452237656,40.78997802734375,0.5959823286565321,2.93,11550.7,0.821,0.06,300.8,0.031,5.43,38474.4,0.849,0.06,300.8,0.031,218986.00954603514,33.64894104003906,0.5511243482944835,1.67,3439.98,0.7,0.16,274.48,0.031,7.61,29536.400000000005,0.827,0.16,274.48,0.031
03,0,6500,6500.0,416149.8691425313,38.25239562988281,0.5898237964857106,3.82,14200.84,0.816,0.07,330.88,0.031,5.82,40048.8,0.855,0.07,330.88,0.031,193853.88751565735,34.683319091796875,0.5279633001158168,2.02,3981.8099999999995,0.703,0.09,221.84,0.029,5.48,25493.8,0.805,0.09,221.84,0.029
03,0,7000,7000.0,412367.06399469415,42.594669342041016,0.5797612539390536,3.85,11959.6,0.825,0.08,340.28,0.032,5.28,39064.8,0.852,0.08,340.28,0.032,175449.606346784,33.583309173583984,0.5023119935347801,1.97,3706.4400000000005,0.689,0.07,206.80000000000004,0.029,3.89,21287.2,0.772,0.07,206.80000000000004,0.029
03,0,7500,7500.0,413259.7819764442,45.00011444091797,0.573194368287993,3.52,11064.24,0.83,0.08,321.48,0.031,5.37,37949.6,0.85,0.08,321.48,0.031,165465.17281058533,31.99460792541504,0.49282162728209805,2.09,3516.4800000000005,0.662,0.07,148.52,0.026,4.26,17457.8,0.734,0.07,148.52,0.026
03,0,8000,8000.0,420490.4400891548,48.3448486328125,0.5701983575995736,3.72,12042.14,0.842,0.08,315.84,0.031,5.68,36539.2,0.845,0.08,315.84,0.031,161752.984312243,29.192554473876953,0.4841885703111779,2.02,3486.24,0.66,0.08,131.6,0.025,4.18,15612.8,0.711,0.08,131.6,0.025
03,0,8500,8500.0,432202.8369812786,49.95878982543945,0.5717367218235874,3.28,9666.0,0.838,0.08,295.16,0.031,6.68,35473.2,0.842,0.08,295.16,0.031,161931.50816771548,28.164329528808594,0.48296902460360713,1.83,3425.76,0.656,0.09,114.68,0.024,4.1,14276.2,0.693,0.09,114.68,0.024
03,0,9000,9000.0,451220.1911702326,51.57999038696289,0.5814351224442686,3.35,9996.48,0.842,0.09,289.52,0.031,7.75,36572.0,0.846,0.09,289.52,0.031,165816.67008012754,29.91393280029297,0.4893870030467109,1.61,3089.37,0.649,0.09,107.15999999999998,0.023,3.7,13989.199999999999,0.689,0.09,107.15999999999998,0.023
03,0,9500,9500.0,467721.45589683176,52.71799087524414,0.5896542281869592,3.53,10998.72,0.856,0.11,304.56,0.031,8.74,37990.6,0.851,0.11,304.56,0.031,169933.2443076052,31.165559768676758,0.4967917094429514,1.43,3238.11,0.661,0.09,103.40000000000002,0.023,3.25,13817.000000000002,0.687,0.09,103.40000000000002,0.023
03,0,10000,10000.0,479729.4213142216,53.91905212402344,0.5961023764259427,3.42,11240.64,0.859,0.12,310.2,0.031,9.23,40491.6,0.86,0.12,310.2,0.031,174389.7836246897,32.06063461303711,0.5081265081226259,1.38,3390.87,0.671,0.08,101.52,0.022,3.15,14136.799999999997,0.694,0.08,101.52,0.022
03,0,10500,10500.0,487470.4952405813,54.6683349609375,0.5989374898903037,4.5,17214.39,0.882,0.12,345.92,0.032,9.58,42951.6,0.867,0.12,345.92,0.032,176891.30955779628,32.70254135131836,0.5175373080034812,1.53,4142.88,0.7,0.08,105.28000000000002,0.023,3.62,14514.0,0.702,0.08,105.28000000000002,0.023
03,0,11000,11000.0,490541.8890573611,55.84231948852539,0.5992292375104031,2.94,11927.52,0.868,0.12,357.2,0.032,9.16,44960.6,0.874,0.12,357.2,0.032,175646.9445402945,32.07793426513672,0.5148152144359225,1.51,4168.8,0.701,0.07,107.15999999999998,0.023,3.85,15481.6,0.715,0.07,107.15999999999998,0.023
03,0,11500,11500.0,489367.241305307,54.746971130371094,0.5949407344978983,3.82,17517.21,0.885,0.11,385.3999999999999,0.033,8.63,46584.2,0.879,0.11,385.3999999999999,0.033,172135.35959023403,31.221036911010742,0.5062943837912095,2.38,5856.2,0.651,0.06,122.2,0.024,4.01,16416.4,0.727,0.06,122.2,0.024
03,0,12000,12000.0,487730.1577371228,50.382144927978516,0.5899110575762124,3.77,15210.5,0.857,0.11,394.8,0.033,7.69,45936.4,0.878,0.11,394.8,0.033,167324.49773438307,29.63381576538086,0.48918348895817204,3.32,7087.96,0.695,0.06,124.08,0.024,3.8,16719.8,0.731,0.06,124.08,0.024
03,0,12500,12500.0,489066.86430470954,47.8972282409668,0.5876547611000803,3.82,15207.6,0.857,0.09,383.52,0.033,7.82,44985.2,0.877,0.09,383.52,0.033,165537.94111086466,29.12078094482422,0.47605081635147,3.94,7888.96,0.72,0.05,129.72,0.025,3.58,16851.0,0.733,0.05,129.72,0.025
03,0,13000,13000.0,492783.22198175255,49.282508850097656,0.5832608275835361,4.67,15912.3,0.862,0.09,381.63999999999993,0.033,8.03,44370.2,0.875,0.09,381.63999999999993,0.033,170864.06854723976,32.326934814453125,0.4754257872504122,3.79,6150.9,0.717,0.05,131.6,0.025,3.15,15063.4,0.71,0.05,131.6,0.025
03,0,13500,13500.0,497739.68192979647,49.948814392089844,0.5783683400938064,4.72,15967.4,0.862,0.09,372.24,0.032,8.15,43829.0,0.873,0.09,372.24,0.032,181728.83779587227,36.26197052001953,0.4857021192047734,3.89,6269.8,0.721,0.05,101.52,0.022,2.74,13275.800000000001,0.683,0.05,101.52,0.022
03,0,14000,14000.0,506185.9378639134,51.44901657104492,0.5716779487397659,5.72,17542.1,0.878,0.09,370.36,0.032,8.02,43820.8,0.871,0.09,370.36,0.032,199449.88619961374,40.53451156616211,0.5001564390994218,4.25,7511.0,0.764,0.05,94.0,0.022,2.85,12636.2,0.67,0.05,94.0,0.022
03,0,14500,14500.0,515887.1388083633,51.977394104003906,0.5642785457265604,5.8,17663.9,0.879,0.1,372.24,0.032,7.75,43960.2,0.87,0.1,372.24,0.032,218738.94556386385,42.40559768676758,0.5137558752406993,4.28,7606.7,0.767,0.07,90.24,0.021,2.87,12119.6,0.659,0.07,90.24,0.021
03,0,15000,15000.0,527688.8924224604,53.4089241027832,0.5566656748844881,6.46,19215.4,0.891,0.11,372.24,0.032,7.81,44763.8,0.871,0.11,372.24,0.032,244300.98450879916,44.9332160949707,0.5317577505845228,2.48,4442.22,0.762,0.07,90.24,0.021,3.79,14112.2,0.692,0.07,90.24,0.021
03,0,15500,15500.0,534503.4795980428,53.70535659790039,0.5435515868146981,6.51,19337.200000000004,0.892,0.13,385.3999999999999,0.032,7.74,45600.2,0.872,0.13,385.3999999999999,0.032,268533.30467502883,45.97361755371094,0.5422608988038963,3.04,5191.83,0.767,0.1,122.2,0.024,4.75,16211.4,0.721,0.1,122.2,0.024
03,0,16000,16000.0,544401.9668639353,55.57427978515625,0.5343272125139205,6.31,21578.9,0.901,0.13,389.15999999999997,0.032,7.99,47551.8,0.878,0.13,389.15999999999997,0.032,289224.617960083,46.41457748413086,0.5480504343330904,2.97,5392.83,0.774,0.11,131.6,0.025,5.15,18220.4,0.746,0.11,131.6,0.025
03,0,16500,16500.0,550483.6708940169,56.77460479736328,0.5220990328079166,4.52,13464.989999999998,0.894,0.15,421.12000000000006,0.033,8.16,49478.8,0.883,0.15,421.12000000000006,0.033,306646.2379009917,46.38958740234375,0.5463187585645363,2.84,5885.28,0.79,0.12,159.8,0.027,5.46,20122.8,0.767,0.12,159.8,0.027
03,0,17000,17000.0,561268.0174304994,59.84450912475586,0.5157724219121776,6.99,30925.84,0.59,0.15,428.63999999999993,0.033,8.54,52242.2,0.89,0.15,428.63999999999993,0.033,324376.04685064877,43.80363464355469,0.5526610465785039,4.54,12029.2,0.839,0.12,169.2,0.028,5.39,21951.4,0.783,0.12,169.2,0.028
03,0,17500,17500.0,567241.7170207434,61.7877197265625,0.5057514474428226,7.2,31942.809999999998,0.595,0.16,468.12000000000006,0.034,8.85,55087.600000000006,0.897,0.16,468.12000000000006,0.034,340710.1511208236,41.00392150878906,0.5588303405468517,4.23,11130.28,0.845,0.12,195.52,0.029,5.32,23845.6,0.797,0.12,195.52,0.029
03,0,18000,18000.0,581354.6289080136,62.68720245361328,0.506195098925649,7.48,33028.2,0.599,0.16,479.3999999999999,0.034,8.8,58556.2,0.903,0.16,479.3999999999999,0.034,354785.2492452643,42.231815338134766,0.5671613324416279,4.6,10840.72,0.84,0.12,203.04,0.03,5.13,26961.600000000002,0.815,0.12,203.04,0.03
03,0,18500,18500.0,590553.7230132952,65.18939208984375,0.5029392170561173,7.48,33749.72,0.6,0.16,522.64,0.034,9.98,61713.200000000004,0.908,0.16,522.64,0.034,362991.4381759765,44.95838165283203,0.5698700560785127,4.81,10680.7,0.838,0.11,244.4,0.03,5.14,30077.6,0.83,0.11,244.4,0.03
03,0,19000,19000.0,601183.9164449066,66.9754638671875,0.508412040310518,6.9,33186.81,0.593,0.16,539.56,0.034,11.48,63328.6,0.91,0.16,539.56,0.034,368367.91961330245,48.5506591796875,0.5729573303197047,4.12,9599.04,0.852,0.11,255.68000000000004,0.031,7.37,33505.2,0.845,0.11,255.68000000000004,0.031
03,0,19500,19500.0,612404.3884464109,68.27179718017578,0.5170365662039463,6.01,24046.8,0.902,0.11,552.72,0.034,12.82,64952.19999999999,0.912,0.11,552.72,0.034,371776.6659432588,50.33197784423828,0.5737749884879716,4.61,9387.36,0.849,0.13,297.04,0.031,9.69,36703.2,0.857,0.13,297.04,0.031
03,0,20000,20000.0,622739.2632497171,68.56488037109375,0.534231888829863,3.48,14734.320000000002,0.905,0.12,558.36,0.034,13.03,66649.6,0.913,0.12,558.36,0.034,372054.1264398449,50.096317291259766,0.5751852336678116,6.34,14297.430000000002,0.872,0.14,312.08,0.032,10.9,36768.8,0.858,0.14,312.08,0.032
04,0,-20000,20000.0,1704264.0796008403,36.338008880615234,0.6811424429306482,2.51,47474.1,0.884,0.04,1030.24,0.033,3.05,122942.6,0.87,0.04,1030.24,0.033,1855352.1825439227,46.52546691894531,0.7194622979376726,1.82,34214.22,0.89,0.23,4273.24,0.116,5.78,141015.4,0.889,0.23,4273.24,0.116
04,0,-19500,19500.0,1758713.9027366852,39.576072692871094,0.6847746530910785,2.59,44853.86,0.887,0.05,1081.0,0.034,3.1,127009.79999999999,0.874,0.05,1081.0,0.034,1869895.8659928008,43.51583480834961,0.7216995697376073,1.77,33930.81,0.899,0.26,4025.08,0.111,5.09,140810.4,0.891,0.26,4025.08,0.111
04,0,-19000,19000.0,1811936.5850562172,43.78779983520508,0.6903778167409866,3.39,49569.7,0.885,0.05,1097.92,0.034,3.88,133856.80000000002,0.88,0.05,1097.92,0.034,1885450.079218245,36.999549865722656,0.7220194300727282,2.92,52246.4,0.909,0.26,3959.2799999999997,0.109,4.26,141376.2,0.895,0.26,3959.2799999999997,0.109
04,0,-18500,18500.0,1853327.418698592,46.11600112915039,0.6929962075866805,3.45,49746.6,0.885,0.07,1500.24,0.043,4.74,140785.8,0.885,0.07,1500.24,0.043,1906964.782284813,37.76174545288086,0.7237078655579653,3.0,52434.9,0.91,0.26,4141.64,0.115,4.13,142606.2,0.901,0.26,4141.64,0.115
04,0,-18000,18000.0,1878791.6024042307,49.019805908203125,0.6950028756832134,2.0,30898.920000000006,0.89,0.11,1744.6399999999999,0.049,5.29,146657.0,0.889,0.11,1744.6399999999999,0.049,1933247.0106353345,40.0123405456543,0.7258329878442688,3.45,53328.09999999999,0.902,0.25,4207.44,0.117,4.0,144689.0,0.905,0.25,4207.44,0.117
04,0,-17500,17500.0,1893977.8379696247,49.677677154541016,0.6945413687446037,2.39,35424.24,0.89,0.21,2754.2,0.074,5.72,152216.6,0.893,0.21,2754.2,0.074,1960038.8104719482,42.36634826660156,0.7275438960648923,3.49,53423.8,0.902,0.3,4773.32,0.131,4.86,146657.0,0.909,0.3,4773.32,0.131
04,0,-17000,17000.0,1896631.2282498775,48.401790618896484,0.6945055254399202,3.57,53919.7,0.894,0.21,3055.0,0.08,5.69,153897.6,0.894,0.21,3055.0,0.08,1987598.2741910904,44.71457290649414,0.7295581760461064,2.0,32270.04,0.904,0.32,4936.88,0.135,5.1,148436.4,0.909,0.32,4936.88,0.135
04,0,-16500,16500.0,1896453.4555213759,46.07609558105469,0.6952430646218267,3.3,47785.02,0.894,2.75,76648.88,0.217,5.45,154791.4,0.896,0.31,3983.7200000000003,0.103,2014462.0731974174,45.1854133605957,0.7312037375911038,2.44,37259.37,0.905,0.38,5341.08,0.143,5.11,149764.8,0.909,0.38,5341.08,0.143
04,0,-16000,16000.0,1888152.3244897034,46.18330001831055,0.6975739864934002,2.33,32611.079999999994,0.895,2.53,71778.63,0.209,5.27,155627.8,0.896,0.31,4250.68,0.109,2033306.8721252189,43.665252685546875,0.7306983408436738,4.53,75378.0,0.902,0.4,5459.52,0.145,4.68,151314.6,0.907,0.4,5459.52,0.145
04,0,-15500,15500.0,1872681.09886764,46.329490661621094,0.6998586172253678,1.96,26411.0,0.896,2.35,66483.34,0.199,6.12,155685.2,0.896,0.3,4559.0,0.115,2048892.91374692,41.93345642089844,0.7292254298955214,3.29,91754.32999999999,0.698,0.42,5427.56,0.141,4.55,152856.2,0.907,0.42,5427.56,0.141
04,0,-15000,15000.0,1853046.5485012752,47.4831428527832,0.7036487211507045,1.82,26245.8,0.895,2.01,62286.07,0.19,6.46,155234.2,0.895,0.29,4645.48,0.117,2067762.4789196383,38.90398025512695,0.7288466248251275,3.86,93063.64,0.701,0.43,5420.04,0.14,3.91,154775.0,0.905,0.43,5420.04,0.14
04,0,-14500,14500.0,1828638.0729916352,46.89246368408203,0.705678821700316,2.1,36459.39,0.892,2.01,58620.1,0.182,6.37,154627.4,0.895,0.22,4476.28,0.113,2088779.2314079602,36.76560974121094,0.7287188538749015,4.07,94497.35,0.705,0.32,5623.08,0.143,3.28,156939.8,0.905,0.32,5623.08,0.143
04,0,-14000,14000.0,1799575.056300005,43.696495056152344,0.7041985528191653,4.02,73733.76,0.889,0.23,4425.52,0.112,5.41,152503.6,0.893,0.23,4425.52,0.112,2119797.479013044,39.44377899169922,0.7308676697674329,3.76,96456.65,0.711,0.3,5683.24,0.143,3.3,158719.2,0.905,0.3,5683.24,0.143
04,0,-13500,13500.0,1773319.7136518494,40.36064147949219,0.702457014996569,1.76,34258.44,0.885,0.2,4173.6,0.108,5.55,150355.2,0.891,0.2,4173.6,0.108,2152755.3626036975,41.590965270996094,0.7326454080955395,3.11,98067.63,0.714,2.97,123934.58,0.306,3.64,160933.2,0.905,0.32,5999.08,0.15
04,0,-13000,13000.0,1748401.2569380526,37.162071228027344,0.6980617574662004,2.82,43872.3,0.878,0.2,4102.16,0.106,4.66,145263.0,0.888,0.2,4102.16,0.106,2186349.3534405665,43.247528076171875,0.7335623524555968,2.87,100791.98999999999,0.718,3.04,127848.49,0.31,4.03,161884.4,0.905,0.34,6093.079999999999,0.151
04,0,-12500,12500.0,1731599.9355424733,40.170005798339844,0.6954998645729462,2.89,41424.86,0.88,0.16,3384.0,0.092,4.16,140244.6,0.884,0.16,3384.0,0.092,2216368.69129161,43.020599365234375,0.7331419486451173,2.7,102916.12,0.72,3.16,131744.69,0.315,4.25,163114.4,0.905,0.41,6452.16,0.16
04,0,-12000,12000.0,1724801.050446223,44.13795852661133,0.6929789340192403,3.73,46811.8,0.881,0.14,3182.84,0.088,4.85,137268.0,0.882,0.14,3182.84,0.088,2241592.8370624324,43.36212921142578,0.7318372601019965,2.34,58981.5,0.916,3.29,133214.62,0.316,4.66,166140.2,0.909,0.44,6561.2,0.162
04,0,-11500,11500.0,1721888.4879606802,46.909114837646484,0.69130821357456,3.8,46901.7,0.881,0.09,2485.36,0.071,5.58,135488.6,0.881,0.09,2485.36,0.071,2263291.250361546,44.22063446044922,0.7301288477884981,2.9,58710.08,0.841,3.45,134560.58,0.318,5.13,169412.0,0.914,0.41,7418.48,0.179
04,0,-11000,11000.0,1727275.8645516825,50.15530776977539,0.6904600378427086,2.33,28701.299999999996,0.883,0.09,2293.6,0.066,6.33,136341.4,0.882,0.09,2293.6,0.066,2279923.91477725,43.94464874267578,0.728924657248377,3.64,108097.38,0.723,3.39,134950.2,0.319,5.26,173782.6,0.917,0.4,7672.28,0.184
04,0,-10500,10500.0,1733209.9168391041,51.57660675048828,0.6898788264282019,2.75,33030.33,0.884,0.09,2410.16,0.069,6.94,137825.6,0.885,0.09,2410.16,0.069,2294904.573829165,43.87195587158203,0.7277823260485763,4.03,108162.69,0.723,0.3,8634.84,0.2,5.16,177997.4,0.921,0.3,8634.84,0.2
04,0,-10000,10000.0,1742350.6122966798,53.82389450073242,0.6902079070709042,2.71,33173.04,0.884,0.1,2445.88,0.07,7.04,139400.0,0.886,0.1,2445.88,0.07,2315579.432326486,49.96175003051758,0.7302818982273491,4.02,108392.82999999999,0.726,0.28,8913.08,0.204,5.38,180785.4,0.922,0.28,8913.08,0.204
04,0,-9500,9500.0,1752407.7185112077,53.678096771240234,0.6905704171145235,2.56,33462.479999999996,0.885,0.15,2669.6,0.075,6.92,140736.6,0.888,0.15,2669.6,0.075,2333707.6134634083,53.05668640136719,0.7327262215864865,1.75,31080.0,0.918,0.31,9471.44,0.212,6.21,182876.4,0.922,0.31,9471.44,0.212
04,0,-9000,9000.0,1763133.25262664,47.553314208984375,0.6907861613801322,3.85,83332.45,0.686,0.17,2735.4,0.076,6.28,140548.0,0.888,0.17,2735.4,0.076,2359589.7139651566,56.196773529052734,0.7380290415974164,3.46,62398.14,0.917,0.31,9631.24,0.214,7.27,183483.2,0.921,0.31,9631.24,0.214
04,0,-8500,8500.0,1777386.2918155943,46.33980178833008,0.691804902397942,4.06,83938.9,0.687,0.23,2761.72,0.077,5.65,139859.2,0.887,0.23,2761.72,0.077,2382986.6109627825,57.595245361328125,0.7422763929144738,2.76,48250.08,0.921,0.32,9751.56,0.215,8.26,183581.6,0.921,0.32,9751.56,0.215
04,0,-8000,8000.0,1789641.0129509824,50.89646530151367,0.6916787139947698,4.09,84840.8,0.689,0.25,2767.36,0.077,5.9,139449.2,0.887,0.25,2767.36,0.077,2409817.015716676,56.15642547607422,0.7453420861399669,3.81,70155.36,0.927,0.33,9783.52,0.215,8.5,183868.6,0.921,0.33,9783.52,0.215
04,0,-7500,7500.0,1799946.5030866652,52.16264343261719,0.6905991906722063,4.1,85388.16,0.69,0.23,2695.92,0.075,6.12,138768.6,0.887,0.23,2695.92,0.075,2442580.52243551,54.66684341430664,0.7484997197026857,3.09,57208.42,0.927,0.32,9854.96,0.216,8.41,184442.6,0.922,0.32,9854.96,0.216
04,0,-7000,7000.0,1814429.3268273105,54.67934036254883,0.6897799710283415,4.02,85161.13,0.689,0.23,2673.36,0.074,6.45,139523.0,0.888,0.23,2673.36,0.074,2476651.8898934666,51.018821716308594,0.7486727674149036,3.64,66537.6,0.928,0.32,9881.28,0.217,7.27,184721.4,0.924,0.32,9881.28,0.217
04,0,-6500,6500.0,1828712.9120160094,55.007301330566406,0.6877322460157457,4.06,84688.41,0.688,0.16,2598.16,0.072,6.94,140630.0,0.888,0.16,2598.16,0.072,2510277.9302749895,49.35369110107422,0.7472223271671867,2.94,49090.32,0.93,0.29,10108.76,0.222,6.06,184942.8,0.925,0.29,10108.76,0.222
04,0,-6000,6000.0,1864153.8623266672,53.56788635253906,0.6918726292162232,4.44,50834.1,0.889,0.14,2579.36,0.071,7.23,142737.4,0.889,0.14,2579.36,0.071,2542217.333396748,48.037044525146484,0.743368436429064,2.81,49697.28,0.93,0.3,10174.56,0.224,5.74,185943.2,0.926,0.3,10174.56,0.224
04,0,-5500,5500.0,1885274.4036157152,51.941558837890625,0.6897253511811656,4.04,46205.14,0.891,0.17,2545.52,0.069,7.48,145008.8,0.891,0.17,2545.52,0.069,2573310.1505166558,47.52410125732422,0.7388489328690969,2.6,46710.39,0.93,0.3,10460.32,0.228,6.53,187296.2,0.928,0.3,10460.32,0.228
04,0,-5000,5000.0,1909643.9441441607,51.00144958496094,0.6897337392071456,5.44,52794.5,0.893,0.18,2539.88,0.068,7.92,146493.0,0.891,0.18,2539.88,0.068,2599280.8105975487,46.66850280761719,0.7334509694794301,3.37,69697.8,0.925,0.3,10543.04,0.23,6.16,191707.8,0.929,0.3,10543.04,0.23
04,0,-4500,4500.0,1935376.980585157,52.94223403930664,0.6907986701430824,5.51,52951.1,0.893,0.2,2460.92,0.065,8.35,148256.0,0.892,0.2,2460.92,0.065,2617616.6311771534,48.09437561035156,0.7270592990984363,3.32,65740.28,0.927,0.28,11462.36,0.242,5.77,196570.4,0.931,0.28,11462.36,0.242
04,0,-4000,4000.0,1965582.7346372372,57.23875427246094,0.6946071570147229,3.24,32873.82,0.896,0.2,2457.16,0.065,8.8,151322.8,0.894,0.2,2457.16,0.065,2630246.031848486,52.28355026245117,0.7226439489626004,3.82,70842.6,0.925,0.28,11731.2,0.245,6.24,201826.6,0.932,0.28,11731.2,0.245
04,0,-3500,3500.0,1994141.8823801316,59.40074920654297,0.6982781358255701,3.87,37687.5,0.897,0.22,2663.96,0.069,9.11,155135.8,0.896,0.22,2663.96,0.069,2640696.3879215945,52.992713928222656,0.719225240900868,3.86,66832.48,0.927,0.39,12859.200000000003,0.259,7.52,207099.2,0.933,0.39,12859.200000000003,0.259
04,0,-3000,3000.0,2025998.1003320252,62.19693374633789,0.7041959469241135,3.77,38075.43,0.897,0.24,2729.76,0.07,8.9,160129.6,0.899,0.24,2729.76,0.07,2650528.551270964,52.6727294921875,0.7200401926077461,4.08,67020.44,0.929,0.45,13188.200000000003,0.263,8.28,212109.4,0.932,0.45,13188.200000000003,0.263
04,0,-2500,2500.0,2050649.0304503823,61.39390563964844,0.708068542103927,3.45,38911.59,0.9,0.28,3049.36,0.075,8.83,164762.6,0.901,0.28,3049.36,0.075,2656699.768437612,53.0096321105957,0.7218267586492163,3.63,57354.479999999996,0.931,4.47,178552.22,0.37,8.78,216644.0,0.932,0.53,14201.520000000002,0.272
04,0,-2000,2000.0,2038287.667785189,53.974220275878906,0.7030525513647804,6.6,78523.68,0.897,0.3,3145.24,0.077,8.37,166189.4,0.902,0.3,3145.24,0.077,2662421.467558881,52.16563415527344,0.7276205135650957,5.13,83105.55,0.936,3.98,172867.31,0.363,8.97,217906.8,0.931,0.55,14506.08,0.275
04,0,-1500,1500.0,2051020.4316967488,56.255699157714844,0.708242389851534,3.69,50911.76,0.901,0.26,3305.0399999999995,0.079,7.64,166747.0,0.902,0.26,3305.0399999999995,0.079,2665472.549311269,51.70421600341797,0.733479330506033,2.41,37101.4,0.932,3.48,167164.69,0.356,10.05,218480.8,0.93,0.48,14825.68,0.278
04,0,-1000,1000.0,2048405.4551068344,54.521629333496094,0.7097234577426647,4.62,56332.5,0.899,0.28,3404.68,0.081,7.65,165672.8,0.902,0.28,3404.68,0.081,2677860.477285499,55.409202575683594,0.7421097367503215,2.29,36887.2,0.932,3.18,165198.88,0.354,9.72,217570.6,0.93,0.49,14917.799999999997,0.279
04,0,-500,500.0,2041964.7374798432,51.61045455932617,0.7096808501818238,4.7,56349.9,0.899,3.19,73691.31,0.197,8.15,164738.0,0.902,0.35,3551.32,0.086,2690521.9233470988,55.88115310668945,0.7502156796190336,2.97,51918.3,0.936,3.24,164171.7,0.352,8.75,215865.0,0.93,0.53,14902.76,0.279
04,0,0,0.0,2049794.1344817453,50.408084869384766,0.7110061026233888,2.81,34070.94,0.9,3.34,77782.32,0.205,8.77,165787.6,0.903,0.37,3634.0399999999995,0.088,2685520.195228003,54.298973083496094,0.7514279421290584,4.49,78566.34,0.935,3.26,166934.46,0.355,8.59,212175.0,0.93,0.55,14902.76,0.279
04,0,500,500.0,2055995.7066505584,51.418540954589844,0.7099181551264304,3.32,39331.68,0.901,3.82,82918.22,0.214,9.19,166550.2,0.904,0.47,4070.1999999999994,0.097,2681175.924394818,52.1457405090332,0.7520303834196104,4.1,77691.87,0.933,3.53,169768.06,0.358,8.63,208370.2,0.93,0.5,14199.64,0.273
04,0,1000,1000.0,2058927.639933153,46.370155334472656,0.7057714497870716,6.43,79547.76,0.899,4.66,90232.45,0.228,8.63,164713.4,0.903,0.51,4192.4,0.1,2671752.59157346,45.58191680908203,0.7497345025986643,2.65,53730.0,0.932,3.89,170901.5,0.36,8.12,205172.2,0.929,0.48,14002.24,0.271
04,0,1500,1500.0,2062988.9953084658,42.31151580810547,0.7016761090056332,11.69,179826.53,0.894,0.48,4010.0399999999995,0.097,7.63,162466.6,0.901,0.48,4010.0399999999995,0.097,2668617.7503644093,44.216495513916016,0.7490954842299797,2.61,53555.04,0.932,0.39,13148.72,0.261,7.36,202835.2,0.928,0.39,13148.72,0.261
04,0,2000,2000.0,2066603.5085218078,38.121971130371094,0.6971799330411884,3.63,56667.6,0.902,0.47,3957.4,0.096,5.41,160178.8,0.9,0.47,3957.4,0.096,2668745.6411869163,44.55032730102539,0.7478846120492416,2.6,53939.52,0.933,0.36,12913.72,0.258,6.92,202925.4,0.928,0.36,12913.72,0.258
04,0,2500,2500.0,2074415.797269036,38.33439636230469,0.694352115567162,3.97,53507.64,0.905,0.34,3566.36,0.089,4.4,159153.8,0.899,0.34,3566.36,0.089,2671176.4158205213,44.55293655395508,0.746850567934689,2.73,55188.0,0.936,0.31,12641.119999999999,0.253,6.56,204663.8,0.93,0.31,12641.119999999999,0.253
04,0,3000,3000.0,2091323.819875847,46.500038146972656,0.6954253357458929,4.04,53756.56,0.906,0.33,3457.32,0.087,4.17,163983.6,0.901,0.33,3457.32,0.087,2673254.6389674777,44.036441802978516,0.744788268980598,2.79,55023.84,0.935,0.29,12586.6,0.253,6.42,207681.4,0.931,0.29,12586.6,0.253
04,0,3500,3500.0,2103606.128752973,50.523441314697266,0.696184855385279,4.07,46135.44,0.91,0.4,4261.96,0.103,5.55,169707.2,0.904,0.4,4261.96,0.103,2679677.593400634,44.30132293701172,0.7435296117409379,2.97,55002.24,0.936,0.33,13301.0,0.261,7.16,210510.40000000002,0.933,0.33,13301.0,0.261
04,0,4000,4000.0,2124519.779174426,56.57107162475586,0.7037908975231351,3.95,45979.92,0.909,0.82,10612.04,0.137,7.29,173577.6,0.906,0.43,4500.72,0.107,2685809.9018167723,42.84697723388672,0.7434156437033573,2.86,54864.0,0.934,0.35,13502.159999999998,0.264,7.41,209993.79999999996,0.933,0.35,13502.159999999998,0.264
04,0,4500,4500.0,2139588.8482247624,59.74482727050781,0.7110271459875181,3.87,46020.96,0.91,3.91,95350.64,0.247,8.53,176045.8,0.907,0.61,5717.08,0.131,2689132.9299118705,43.27653503417969,0.743158156239716,3.72,79036.02,0.937,0.43,13579.24,0.266,7.49,208837.6,0.933,0.43,13579.24,0.266
04,0,5000,5000.0,2153639.2350503667,60.01667404174805,0.7197078960848838,2.38,29649.2,0.908,3.55,95952.78,0.248,8.27,175521.0,0.907,0.67,6068.64,0.138,2688863.704727909,45.90614700317383,0.7435582158575237,3.22,70742.66,0.921,0.46,13605.56,0.266,6.92,207927.4,0.931,0.46,13605.56,0.266
04,0,5500,5500.0,2166403.305192696,56.08170700073242,0.7276927942876766,3.0,41801.97,0.908,3.26,97440.42,0.251,8.83,173979.4,0.906,0.76,6474.72,0.147,2686452.38649268,48.17962646484375,0.7446068952456227,2.7,55458.0,0.925,0.44,13389.36,0.263,6.75,207484.6,0.93,0.44,13389.36,0.263
04,0,6000,6000.0,2170143.565774122,44.85954284667969,0.7300932547932504,2.73,41084.4,0.906,3.3,101832.5,0.259,8.16,171847.4,0.905,0.78,6587.52,0.15,2674139.9352874346,50.1688346862793,0.7457117128434886,2.62,55425.600000000006,0.925,0.44,13348.0,0.262,7.47,209255.8,0.928,0.44,13348.0,0.262
04,0,6500,6500.0,2182806.4174599815,44.06283187866211,0.7336758773788871,9.51,190519.32,0.899,3.37,107127.79,0.268,7.25,169945.0,0.904,0.68,6324.32,0.146,2657915.1714292625,50.32683563232422,0.7469482323470189,3.51,80330.73000000001,0.931,0.38,13611.200000000003,0.263,8.01,211281.20000000004,0.926,0.38,13611.200000000003,0.263
04,0,7000,7000.0,2197242.9415427935,42.60599899291992,0.7335004896458556,3.57,80082.24,0.899,3.42,113538.81,0.278,5.19,166812.6,0.902,0.65,6252.88,0.145,2636042.466581623,48.480655670166016,0.7484112345396071,3.43,70319.2,0.922,0.39,13686.4,0.263,7.69,211486.20000000004,0.926,0.39,13686.4,0.263
04,0,7500,7500.0,2222149.0761401597,41.353736877441406,0.7347683350389311,1.8,39219.12,0.899,3.42,120428.0,0.289,4.69,164237.8,0.901,0.45,5779.12,0.138,2609278.3028670303,47.29397201538086,0.7485360425798464,2.65,54501.12,0.926,4.04,152128.9,0.34,7.23,211461.6,0.927,0.49,13720.24,0.263
04,0,8000,8000.0,2255809.145283565,40.746578216552734,0.7349100087189738,2.71,59522.5,0.903,3.08,126042.07,0.296,4.35,164647.8,0.901,0.39,5653.16,0.136,2572618.152761815,47.508304595947266,0.7440109217612193,4.45,118484.78,0.739,4.19,153333.18,0.341,6.87,209165.6,0.926,0.52,13733.4,0.263
04,0,8500,8500.0,2296485.7382038464,40.44445037841797,0.7364843982154038,2.74,59713.9,0.904,2.63,131549.88,0.304,3.8,165845.0,0.903,0.3,5720.84,0.138,2535042.55396658,47.79119873046875,0.7378762362804735,5.15,118826.88,0.74,4.67,155015.63,0.343,6.27,206164.4,0.925,0.54,13310.4,0.258
04,0,9000,9000.0,2339128.4521627063,40.65728759765625,0.739014848540072,1.57,36673.98,0.906,2.49,133852.18,0.307,3.54,169149.6,0.904,0.27,5752.8,0.138,2510653.946209305,51.73847198486328,0.7322704076778137,5.83,119389.79,0.74,5.03,156910.6,0.343,6.02,201654.4,0.924,0.56,13188.200000000003,0.257
04,0,9500,9500.0,2378679.111588458,40.496429443359375,0.7414092304003751,1.92,42159.75,0.907,2.39,135658.6,0.31,3.87,172897.0,0.907,0.28,6546.16,0.154,2496707.8836976155,53.29251480102539,0.7282513320541628,6.15,120083.32,0.738,5.39,158717.02,0.343,6.91,197267.4,0.923,0.59,12180.520000000002,0.245
04,0,10000,10000.0,2407853.2484911326,43.20288848876953,0.7440342652446348,1.88,42817.02,0.908,2.47,134790.81,0.31,4.44,177390.6,0.909,0.28,6779.28,0.158,2508504.2640793542,58.84126663208008,0.7281307227436998,5.63,120167.29,0.734,5.57,160488.02,0.342,8.27,194290.8,0.923,0.6,11889.12,0.241
04,0,10500,10500.0,2431545.9775251565,44.11406707763672,0.7466628912072261,1.82,44350.65,0.911,2.52,133692.78999999998,0.309,4.97,181744.8,0.911,0.3,7924.2,0.178,2525716.907542086,61.264183044433594,0.7282573519193193,5.18,68904.0,0.921,0.5,11248.04,0.234,9.62,192298.2,0.924,0.5,11248.04,0.234
04,0,11000,11000.0,2446508.480947399,44.0583610534668,0.7493657142699737,1.79,44732.55,0.912,2.6,132984.39,0.309,5.0,185877.6,0.913,0.3,8253.2,0.184,2554798.6155835795,61.9422492980957,0.7291096764263841,2.39,33146.4,0.926,0.5,11076.96,0.233,10.57,193487.2,0.925,0.5,11076.96,0.233
04,0,11500,11500.0,2454071.7788844984,42.84614562988281,0.7503207708534856,1.72,45532.53,0.913,2.8,132948.96999999997,0.309,4.85,189461.0,0.915,0.32,9240.2,0.199,2579823.3183483356,60.09587478637695,0.728347403762772,3.43,48183.72,0.924,0.46,11392.8,0.238,11.05,195602.8,0.925,0.46,11392.8,0.238
04,0,12000,12000.0,2457355.099117372,39.90885543823242,0.7500475181520246,1.63,45423.99,0.913,2.83,135676.31,0.312,4.3,190723.8,0.916,0.32,9525.96,0.203,2594612.4107760494,53.744667053222656,0.7257524902675527,6.87,97442.64,0.921,0.48,11492.44,0.239,9.69,198636.8,0.925,0.48,11492.44,0.239
04,0,12500,12500.0,2464807.8539429926,37.55244827270508,0.7503995086934111,1.82,49016.88,0.914,2.8,138775.56,0.316,3.98,191150.2,0.916,0.3,9892.56,0.209,2603445.7649203194,50.2167854309082,0.722285314138323,13.4,221631.53,0.917,0.54,12075.24,0.245,7.81,201867.6,0.926,0.54,12075.24,0.245
04,0,13000,13000.0,2472793.5037444243,35.57960891723633,0.7502886001502054,1.8,48889.44,0.914,0.29,9995.96,0.21,3.64,189026.4,0.915,0.29,9995.96,0.21,2603290.5290501467,51.263057708740234,0.7187424639943547,3.84,73283.0,0.923,0.55,12246.32,0.247,5.86,204188.2,0.924,0.55,12246.32,0.247
04,0,13500,13500.0,2484540.7192726037,36.19328689575195,0.7509651675128454,1.75,44197.89,0.912,0.26,9789.16,0.209,3.52,186484.4,0.915,0.26,9789.16,0.209,2601499.0913855145,51.381866455078125,0.7158679740526694,3.48,65455.8,0.924,0.58,12505.76,0.248,5.66,206558.0,0.924,0.58,12505.76,0.248
04,0,14000,14000.0,2501266.8229185976,35.88528060913086,0.7522758365819455,1.68,44416.98,0.912,0.27,9729.0,0.209,3.73,185197.0,0.915,0.27,9729.0,0.209,2607016.58192396,50.68768310546875,0.7170260116796481,5.04,128763.32999999999,0.747,0.59,12582.840000000002,0.248,5.63,209346.0,0.923,0.59,12582.840000000002,0.248
04,0,14500,14500.0,2516965.629275488,34.7744026184082,0.7533176626327586,1.5,45086.31,0.914,0.27,9499.64,0.206,4.01,184787.0,0.915,0.27,9499.64,0.206,2610621.210920249,49.88193130493164,0.7186863155572919,5.43,129487.96,0.749,0.6,13203.24,0.254,6.07,211912.6,0.923,0.6,13203.24,0.254
04,0,15000,15000.0,2533494.9773680596,35.23060607910156,0.754177354666145,2.23,67021.90000000001,0.914,0.27,9439.48,0.206,4.15,187722.6,0.916,0.27,9439.48,0.206,2619231.5978187635,51.777488708496094,0.7222567904405648,5.34,129833.17000000001,0.75,0.6,13413.799999999997,0.256,7.34,212585.0,0.925,0.6,13413.799999999997,0.256
04,0,15500,15500.0,2548180.9525429723,35.60643005371094,0.7548979648790276,2.28,67082.8,0.915,0.27,9967.76,0.213,4.21,191101.0,0.917,0.27,9967.76,0.213,2628508.023602299,53.8106803894043,0.7252697992816173,4.94,72978.5,0.93,0.61,13754.08,0.262,8.47,213019.59999999998,0.927,0.61,13754.08,0.262
04,0,16000,16000.0,2557627.999027459,36.04463577270508,0.755213937873521,2.6,67506.2,0.915,0.28,10123.8,0.215,4.06,193520.0,0.918,0.28,10123.8,0.215,2632289.655367112,55.593326568603516,0.7237096162105444,3.23,50909.28,0.93,6.03,180783.68,0.366,9.03,211650.2,0.928,0.66,13857.479999999998,0.264
04,0,16500,16500.0,2563308.7881581914,35.842079162597656,0.7545091049187127,2.67,67541.0,0.915,0.29,10610.72,0.22,3.84,195217.4,0.918,0.29,10610.72,0.22,2643537.981751887,56.664588928222656,0.7221445599982664,3.33,50656.02,0.932,5.99,187053.02,0.371,9.15,210428.4,0.93,0.72,13763.479999999998,0.265
04,0,17000,17000.0,2571039.940533605,38.54583740234375,0.7536474420272515,1.65,40709.04,0.916,0.3,10746.08,0.222,4.01,194946.8,0.919,0.3,10746.08,0.222,2653005.0882206876,55.3798942565918,0.7167225063899096,3.21,50649.99,0.931,5.98,194739.16,0.38,8.33,208198.0,0.93,0.73,13740.92,0.265
04,0,17500,17500.0,2584836.7182221524,39.29157638549805,0.7533887229837821,1.96,47019.93,0.917,0.32,10744.2,0.222,4.66,194331.8,0.919,0.32,10744.2,0.222,2663915.0850008843,53.930816650390625,0.7112743628235422,4.51,136728.04,0.755,0.53,13361.159999999998,0.262,7.31,205959.4,0.931,0.53,13361.159999999998,0.262
04,0,18000,18000.0,2611621.916501662,37.44671630859375,0.7541215377959212,1.96,47050.08,0.916,0.33,10742.32,0.222,4.81,193790.6,0.918,0.33,10742.32,0.222,2682774.63279034,52.2636833190918,0.707292191575513,4.45,140242.34,0.756,0.47,13250.24,0.261,6.92,206558.0,0.93,0.47,13250.24,0.261
04,0,18500,18500.0,2642129.1438394217,35.61867141723633,0.7550394370646561,1.87,47088.27,0.916,0.32,10593.8,0.22,4.73,193183.8,0.918,0.32,10593.8,0.22,2703272.4589214865,51.226219177246094,0.7045461329426498,4.91,143837.5,0.761,0.54,13306.64,0.261,6.88,207984.8,0.931,0.54,13306.64,0.261
04,0,19000,19000.0,2677136.003723909,36.3995246887207,0.7563939843721715,2.68,125864.81,0.743,0.32,10552.44,0.219,4.13,193397.0,0.918,0.32,10552.44,0.219,2733366.28756504,51.74213409423828,0.7065532931767609,5.75,147759.21,0.768,0.56,13329.200000000003,0.261,7.58,213454.2,0.931,0.56,13329.200000000003,0.261
04,0,19500,19500.0,2712264.900847542,36.98489761352539,0.7579888960750435,2.43,128390.13,0.746,2.98,174691.44,0.354,3.72,194044.8,0.918,0.32,10353.16,0.215,2764178.5379559454,53.62034225463867,0.7101520221723427,6.1,149438.61,0.77,0.6,14169.56,0.267,8.3,219620.6,0.932,0.6,14169.56,0.267
04,0,20000,20000.0,2747120.9313838347,37.28373336791992,0.7601333770865941,2.33,131385.06,0.748,2.78,176427.02,0.356,3.83,197160.8,0.919,0.34,10300.52,0.214,2802392.751368461,54.27287673950195,0.7185489151696781,6.16,82423.80000000002,0.941,5.63,210695.87,0.402,8.4,223933.79999999996,0.932,0.62,14421.479999999998,0.269
05,0,-20000,20000.0,0.48753451770835454,5.232979219726985e-06,0.0013260868323553374,0.0,0.0,0.0,0.0,0.0,0.0,0.0,0.0,0.0,0.0,0.0,0.0,1.7086686568120513,2.2675911168335006e-05,0.00604820228976309,0.0,0.0,0.0,0.0,0.0,0.0,0.0,0.0,0.0,0.0,0.0,0.0
05,0,-19500,19500.0,0.46157662568475644,4.907323273073416e-06,0.0012645955007898402,0.0,0.0,0.001,0.0,0.0,0.001,0.0,0.0,0.001,0.0,0.0,0.0,0.08089801676760544,4.21846152676153e-06,0.0003097015566619006,0.0,0.0,0.0,0.0,0.0,0.0,0.0,0.0,0.0,0.0,0.0,0.0
05,0,-19000,19000.0,0.46579395820103286,5.118527951708529e-06,0.0012996867981945324,0.0,0.0,0.001,0.0,0.0,0.001,0.0,0.0,0.001,0.0,0.0,0.0,0.3047567136889029,4.227923000144074e-06,0.001244409905602577,0.0,0.0,0.0,0.0,0.0,0.0,0.0,0.0,0.0,0.0,0.0,0.0
05,0,-18500,18500.0,0.2568461710687586,2.6124764644919196e-06,0.0007329246757348974,0.0,0.0,0.001,0.0,0.0,0.001,0.0,0.0,0.001,0.0,0.0,0.0,0.027817395584861515,4.224665190122323e-06,0.00012029376375528538,0.0,0.0,0.0,0.0,0.0,0.0,0.0,0.0,0.0,0.0,0.0,0.0
05,0,-18000,18000.0,0.8624038846676285,1.0578700312180445e-05,0.002536139613360637,0.0,0.0,0.001,0.0,0.0,0.001,0.0,0.0,0.001,0.0,0.0,0.0,0.2178590433878469,4.2267342905688565e-06,0.0009700353839218934,0.0,0.0,0.0,0.0,0.0,0.0,0.0,0.0,0.0,0.0,0.0,0.0
05,0,-17500,17500.0,0.11984108954479211,9.504930744697049e-07,0.00036224065723377055,0.0,0.0,0.001,0.0,0.0,0.001,0.0,0.0,0.001,0.0,0.0,0.0,1.0756020308640757,1.417802650394151e-05,0.0048832225919552535,0.0,0.0,0.0,0.0,0.0,0.0,0.0,0.0,0.0,0.0,0.0,0.0
05,0,-17000,17000.0,0.13108776962056368,1.1844819027828635e-06,0.000408143777327872,0.0,0.0,0.001,0.0,0.0,0.001,0.0,0.0,0.001,0.0,0.0,0.0,0.032864371951291105,4.216655270283809e-06,0.00014843697907801964,0.0,0.0,0.0,0.0,0.0,0.0,0.0,0.0,0.0,0.0,0.0,0.0
05,0,-16500,16500.0,0.08998442894494474,8.59764156757592e-07,0.000289441783744322,0.0,0.0,0.001,0.0,0.0,0.001,0.0,0.0,0.001,0.0,0.0,0.0,0.06827101251474232,4.217001787765184e-06,0.0003048723926558254,0.0,0.0,0.0,0.0,0.0,0.0,0.0,0.0,0.0,0.0,0.0,0.0
05,0,-16000,16000.0,0.0888653299938369,4.21525555793778e-06,0.0002952364685167692,0.0,0.0,0.001,0.0,0.0,0.001,0.0,0.0,0.001,0.0,0.0,0.0,0.040447899391438114,4.215116405248409e-06,0.0001768191806022492,0.0,0.0,0.0,0.0,0.0,0.0,0.0,0.0,0.0,0.0,0.0,0.0
05,0,-15500,15500.0,0.10270277458985788,4.214268301439006e-06,0.0003540686238690674,0.0,0.0,0.001,0.0,0.0,0.001,0.0,0.0,0.001,0.0,0.0,0.0,0.16956745203060564,4.230401373206405e-06,0.0007189089461430272,0.0,0.0,0.0,0.0,0.0,0.0,0.0,0.0,0.0,0.0,0.0,0.0
05,0,-15000,15000.0,0.12090288696384732,4.214873570163036e-06,0.0004315704336770641,0.0,0.0,0.001,0.0,0.0,0.001,0.0,0.0,0.001,0.0,0.0,0.0,0.11703253460737528,4.226591499900678e-06,0.0004827712193480478,0.0,0.0,0.0,0.0,0.0,0.0,0.0,0.0,0.0,0.0,0.0,0.0
05,0,-14500,14500.0,0.12604708572041545,4.216123670630623e-06,0.00046535669422491236,0.0,0.0,0.001,0.0,0.0,0.001,0.0,0.0,0.001,0.0,0.0,0.0,0.3835193980869178,4.223122687108116e-06,0.0015371111064222634,0.0,0.0,0.0,0.0,0.0,0.0,0.0,0.0,0.0,0.0,0.0,0.0
05,0,-14000,14000.0,1.0747486425600528,1.2826305464841425e-05,0.00409971709708512,0.0,0.0,0.001,0.0,0.0,0.001,0.0,0.0,0.001,0.0,0.0,0.0,0.4596941047168457,4.904316483589355e-06,0.0017892078662165986,0.0,0.0,0.0,0.0,0.0,0.0,0.0,0.0,0.0,0.0,0.0,0.0
05,0,-13500,13500.0,0.10611452536508637,4.2157357711403165e-06,0.00041983715523962037,0.0,0.0,0.001,0.0,0.0,0.001,0.0,0.0,0.001,0.0,0.0,0.0,0.1385431891279154,4.225050815875875e-06,0.0005264548500653482,0.0,0.0,0.0,0.0,0.0,0.0,0.0,0.0,0.0,0.0,0.0,0.0
05,0,-13000,13000.0,0.088906129445121,8.074316610873211e-07,0.0003640620784126127,0.0,0.0,0.001,0.0,0.0,0.001,0.0,0.0,0.001,0.0,0.0,0.001,1.8575245137370189,2.603209941298701e-05,0.006897469176552153,0.0,0.0,0.0,0.0,0.0,0.0,0.0,0.0,0.0,0.0,0.0,0.0
05,0,-12500,12500.0,0.09486840749559633,4.212252406432526e-06,0.0004036825490771772,0.0,0.0,0.001,0.0,0.0,0.001,0.0,0.0,0.001,0.0,0.0,0.001,0.20244470979378093,4.225584234518465e-06,0.0007417425144681244,0.0,0.0,0.0,0.0,0.0,0.0,0.0,0.0,0.0,0.0,0.0,0.0
05,0,-12000,12000.0,1.0661491574104787,1.3043485523667186e-05,0.004683903124739692,0.0,0.0,0.001,0.0,0.0,0.001,0.0,0.0,0.001,0.0,0.0,0.001,0.174576982135477,4.2247556848451495e-06,0.0006224560769022345,0.0,0.0,0.0,0.0,0.0,0.0,0.0,0.0,0.0,0.0,0.0,0.0
05,0,-11500,11500.0,1.055541406954319,1.2879291716672014e-05,0.004780384146112972,0.0,0.0,0.001,0.0,0.0,0.001,0.0,0.0,0.001,0.0,0.0,0.001,0.15950606515389154,4.2250881051586475e-06,0.0005547489744056562,0.0,0.0,0.0,0.0,0.0,0.0,0.0,0.0,0.0,0.0,0.0,0.0
05,0,-11000,11000.0,0.8622267023923769,1.0839919013960753e-05,0.003970573548273618,0.0,0.0,0.001,0.0,0.0,0.001,0.0,0.0,0.001,0.0,0.0,0.001,0.8331453103117781,1.0512986591493245e-05,0.0027504739777392743,0.0,0.0,0.0,0.0,0.0,0.0,0.0,0.0,0.0,0.0,0.0,0.0
05,0,-10500,10500.0,1.1577551541570585,1.3925796338298824e-05,0.005430469256925362,0.0,0.0,0.001,0.0,0.0,0.001,0.0,0.0,0.001,0.0,0.0,0.001,0.8210875672965301,9.625046004657634e-06,0.002579530488443832,0.0,0.0,0.0,0.0,0.0,0.0,0.0,0.0,0.0,0.0,0.0,0.0
05,0,-10000,10000.0,1.5881108951376177,2.2972602891968563e-05,0.007579919656038447,0.0,0.0,0.001,0.0,0.0,0.001,0.0,0.0,0.001,0.0,0.0,0.001,0.8543483038977229,1.087569398805499e-05,0.0025519898771886934,0.0,0.0,0.0,0.0,0.0,0.0,0.0,0.0,0.0,0.0,0.0,0.0
05,0,-9500,9500.0,0.40510822235546584,4.462207925826078e-06,0.0019792047657987265,0.0,0.0,0.001,0.0,0.0,0.001,0.0,0.0,0.001,0.0,0.0,0.001,0.04803049068868859,4.221446033625398e-06,0.00013750778635248235,0.0,0.0,0.0,0.0,0.0,0.0,0.0,0.0,0.0,0.0,0.0,0.0
05,0,-9000,9000.0,0.3730604754139222,4.217775767756393e-06,0.0019076551586265683,0.0,0.0,0.001,0.0,0.0,0.001,0.0,0.0,0.0,0.0,0.0,0.001,0.23209386028000267,4.2284809751436114e-06,0.0006515179520336996,0.0,0.0,0.0,0.0,0.0,0.0,0.0,0.0,0.0,0.0,0.0,0.0
05,0,-8500,8500.0,0.43662871914094126,4.785662440554006e-06,0.0023594303806667404,0.0,0.0,0.001,0.0,0.0,0.001,0.0,0.0,0.0,0.0,0.0,0.0,0.22244866038363398,4.230141712469049e-06,0.0006162560952765644,0.0,0.0,0.0,0.0,0.0,0.0,0.0,0.0,0.0,0.0,0.0,0.0
05,0,-8000,8000.0,0.38844184395969705,4.317941602494102e-06,0.0022590352735250576,0.0,0.0,0.001,0.0,0.0,0.001,0.0,0.0,0.0,0.0,0.0,0.0,0.06068127859180095,4.216421984892804e-06,0.0001697435282001511,0.0,0.0,0.0,0.0,0.0,0.0,0.0,0.0,0.0,0.0,0.0,0.0
05,0,-7500,7500.0,0.1265980783372811,4.227311819704482e-06,0.0007991948729714837,0.0,0.0,0.0,0.0,0.0,0.0,0.0,0.0,0.0,0.0,0.0,0.0,0.22697684820087716,4.22750554207596e-06,0.0006456305392240041,0.0,0.0,0.0,0.0,0.0,0.0,0.0,0.0,0.0,0.0,0.0,0.0
05,0,-7000,7000.0,0.07599239193325502,4.222866209602216e-06,0.0005251378226671157,0.0,0.0,0.0,0.0,0.0,0.0,0.0,0.0,0.0,0.0,0.0,0.0,0.08728172468508433,4.2185233724012505e-06,0.00025548027626695217,0.0,0.0,0.0,0.0,0.0,0.0,0.0,0.0,0.0,0.0,0.0,0.0
05,0,-6500,6500.0,0.3952267588552161,4.383731265988899e-06,0.0030073061756125544,0.0,0.0,0.0,0.0,0.0,0.0,0.0,0.0,0.0,0.0,0.0,0.0,0.28697942624944517,4.223023552185623e-06,0.000866094788857269,0.0,0.0,0.001,0.0,0.0,0.001,0.0,0.0,0.0,0.0,0.0,0.0
05,0,-6000,6000.0,0.09835506602442479,4.213363808958093e-06,0.0008137739005695076,0.0,0.0,0.0,0.0,0.0,0.0,0.0,0.0,0.0,0.0,0.0,0.0,0.266833347483697,4.2279280023649335e-06,0.0008299793403849124,0.0,0.0,0.001,0.0,0.0,0.001,0.0,0.0,0.0,0.0,0.0,0.0
05,0,-5500,5500.0,1.078927859236245,1.3640328688779846e-05,0.0095584878105404,0.0,0.0,0.001,0.0,0.0,0.001,0.0,0.0,0.0,0.0,0.0,0.0,0.28984727101004637,4.217819423502078e-06,0.0009130712910970434,0.0,0.0,0.001,0.0,0.0,0.001,0.0,0.0,0.0,0.0,0.0,0.0
05,0,-5000,5000.0,0.10034758798838084,4.217367404635297e-06,0.0009072409463182042,0.0,0.0,0.001,0.0,0.0,0.001,0.0,0.0,0.0,0.0,0.0,0.0,0.2683210388404689,4.230674221616937e-06,0.0008337111869759088,0.0,0.0,0.001,0.0,0.0,0.001,0.0,0.0,0.0,0.0,0.0,0.0
05,0,-4500,4500.0,0.09076519579878095,4.2179949559795205e-06,0.0008173352059416827,0.0,0.0,0.0,0.0,0.0,0.0,0.0,0.0,0.0,0.0,0.0,0.0,0.052161308162368414,4.216089109831955e-06,0.00015631757033114787,0.0,0.0,0.0,0.0,0.0,0.0,0.0,0.0,0.0,0.0,0.0,0.0
05,0,-4000,4000.0,0.10006384857135231,4.215824446873739e-06,0.000876841116980987,0.0,0.0,0.0,0.0,0.0,0.0,0.0,0.0,0.0,0.0,0.0,0.0,0.19075045067964425,4.227028057357529e-06,0.000537543709855153,0.0,0.0,0.0,0.0,0.0,0.0,0.0,0.0,0.0,0.0,0.0,0.0
05,0,-3500,3500.0,0.15437015381394303,4.225393695378443e-06,0.001319599109794525,0.0,0.0,0.0,0.0,0.0,0.0,0.0,0.0,0.0,0.0,0.0,0.0,0.12144618066187718,4.215777153149247e-06,0.0003186293795327907,0.0,0.0,0.0,0.0,0.0,0.0,0.0,0.0,0.0,0.0,0.0,0.0
05,0,-3000,3000.0,0.015166228968155337,4.215355602354975e-06,0.0001263814214154841,0.0,0.0,0.0,0.0,0.0,0.0,0.0,0.0,0.0,0.0,0.0,0.0,0.11088813892285998,4.228607394907158e-06,0.0002688391254797138,0.0,0.0,0.0,0.0,0.0,0.0,0.0,0.0,0.0,0.0,0.0,0.0
05,0,-2500,2500.0,1.8886006360865792,2.7002311981050298e-05,0.015342040029175684,0.0,0.0,0.0,0.0,0.0,0.0,0.0,0.0,0.0,0.0,0.0,0.0,0.1299178447510485,4.218592948745936e-06,0.0002915226049645471,0.0,0.0,0.0,0.0,0.0,0.0,0.0,0.0,0.0,0.0,0.0,0.0
05,0,-2000,2000.0,0.7557749103412448,9.214157216774765e-06,0.0058925676211364734,0.0,0.0,0.0,0.0,0.0,0.0,0.0,0.0,0.0,0.0,0.0,0.0,0.5995926569326571,6.529505299113225e-06,0.001236895883966117,0.0,0.0,0.0,0.0,0.0,0.0,0.0,0.0,0.0,0.0,0.0,0.0
05,0,-1500,1500.0,0.8274252153626094,1.0149554327654187e-05,0.00611214018102776,0.0,0.0,0.001,0.0,0.0,0.001,0.0,0.0,0.0,0.0,0.0,0.0,0.12963030781065754,4.228371381032048e-06,0.0002453390204752064,0.0,0.0,0.001,0.0,0.0,0.001,0.0,0.0,0.001,0.0,0.0,0.0
05,0,-1000,1000.0,1.0414791436645032,1.2954566955158953e-05,0.007074775504277554,0.0,0.0,0.001,0.0,0.0,0.001,0.0,0.0,0.001,0.0,0.0,0.0,0.13726452602398354,1.0800407608257956e-06,0.00023568128410951636,0.0,0.0,0.001,0.0,0.0,0.001,0.0,0.0,0.001,0.0,0.0,0.0
05,0,-500,500.0,0.18473799827916082,4.226788405503612e-06,0.0011408618042226795,0.0,0.0,0.001,0.0,0.0,0.001,0.0,0.0,0.001,0.0,0.0,0.0,0.14626723578032852,1.1870654361700872e-06,0.00022785136570503984,0.0,0.0,0.001,0.0,0.0,0.001,0.0,0.0,0.001,0.0,0.0,0.0
05,0,0,0.0,0.3860080359416429,4.292730864108307e-06,0.002128212068677766,0.0,0.0,0.001,0.0,0.0,0.001,0.0,0.0,0.0,0.0,0.0,0.0,0.37251107312812337,3.7159254588914337e-06,0.0005286301020222308,0.0,0.0,0.001,0.0,0.0,0.001,0.0,0.0,0.001,0.0,0.0,0.001
05,0,500,500.0,0.44399634385925424,4.769575753016397e-06,0.002197409946190832,0.0,0.0,0.0,0.0,0.0,0.0,0.0,0.0,0.0,0.0,0.0,0.0,3.8262287167135867,6.272984319366515e-05,0.004998208383358819,0.0,0.0,0.001,0.0,0.0,0.001,0.0,0.0,0.001,0.0,0.0,0.0
05,0,1000,1000.0,0.21521201870200457,4.2293977458029985e-06,0.0009649310214711217,0.0,0.0,0.0,0.0,0.0,0.0,0.0,0.0,0.0,0.0,0.0,0.0,4.032132675891376,6.90869492245838e-05,0.004998579756203202,0.0,0.0,0.001,0.0,0.0,0.001,0.0,0.0,0.001,0.0,0.0,0.0
05,0,1500,1500.0,0.1900546703843986,4.2238984860887285e-06,0.0007850735274188884,0.0,0.0,0.0,0.0,0.0,0.0,0.0,0.0,0.0,0.0,0.0,0.0,1.0796194063885878,1.2233832421770785e-05,0.0012918573245128875,0.0,0.0,0.001,0.0,0.0,0.001,0.0,0.0,0.001,0.0,0.0,0.0
05,0,2000,2000.0,0.17463040667280438,4.22664879806689e-06,0.0006880844728747661,0.0,0.0,0.0,0.0,0.0,0.0,0.0,0.0,0.0,0.0,0.0,0.0,3.298193809403216,4.925873508909717e-05,0.003938622313027346,0.0,0.0,0.001,0.0,0.0,0.001,0.0,0.0,0.001,0.0,0.0,0.0
05,0,2500,2500.0,1.822053134418411,2.6583038561511785e-05,0.0069282830130267085,0.0,0.0,0.0,0.0,0.0,0.0,0.0,0.0,0.001,0.0,0.0,0.0,0.7937923572086447,7.802799700584728e-06,0.0009559692396514233,0.0,0.0,0.001,0.0,0.0,0.001,0.0,0.0,0.001,0.0,0.0,0.0
05,0,3000,3000.0,2.2419131318947905,3.495268538245e-05,0.008386851330809778,0.0,0.0,0.0,0.0,0.0,0.0,0.0,0.0,0.001,0.0,0.0,0.0,0.8985579140059485,9.268583198718261e-06,0.0011186529946428632,0.0,0.0,0.001,0.0,0.0,0.001,0.0,0.0,0.001,0.0,0.0,0.001
05,0,3500,3500.0,0.10231423240583126,8.555157933187729e-07,0.0003800035491665738,0.0,0.0,0.001,0.0,0.0,0.001,0.0,0.0,0.001,0.0,0.0,0.0,0.7286498338629599,6.936862064321758e-06,0.0009548743008845716,0.0,0.0,0.001,0.0,0.0,0.001,0.0,0.0,0.003,0.0,0.0,0.001
05,0,4000,4000.0,0.07552762852682804,5.611726123788685e-07,0.0002818474785193512,0.0,0.0,0.001,0.0,0.0,0.001,0.0,0.0,0.001,0.0,0.0,0.0,1.0130169395125677,9.778180356079247e-06,0.001439312678776103,0.0,0.0,0.001,0.0,0.0,0.001,0.0,0.0,0.004,0.0,0.0,0.001
05,0,4500,4500.0,0.06553381710148187,4.4899786644236883e-07,0.0002474374793927761,0.0,0.0,0.001,0.0,0.0,0.001,0.0,0.0,0.001,0.0,0.0,0.001,0.7674266264814378,6.914992809470277e-06,0.001200332993618811,0.0,0.0,0.001,0.0,0.0,0.001,0.0,0.0,0.004,0.0,0.0,0.001
05,0,5000,5000.0,0.06890513973587531,4.7319156237790594e-07,0.0002628948002652939,0.0,0.0,0.001,0.0,0.0,0.001,0.0,0.0,0.001,0.0,0.0,0.001,0.3075698473594457,2.5296772037108894e-06,0.0005214173887291314,0.0,0.0,0.001,0.0,0.0,0.001,0.0,0.0,0.003,0.0,0.0,0.001
05,0,5500,5500.0,1.7660862576960312,2.5630262825870886e-05,0.006835710007083495,0.0,0.0,0.001,0.0,0.0,0.001,0.0,0.0,0.001,0.0,0.0,0.001,0.1740702202198463,1.2121851113988669e-06,0.0003183803012620772,0.0,0.0,0.001,0.0,0.0,0.001,0.0,0.0,0.003,0.0,0.0,0.001
05,0,6000,6000.0,0.3352924722463513,3.539425733833923e-06,0.0013198437062426872,0.0,0.0,0.001,0.0,0.0,0.001,0.0,0.0,0.001,0.0,0.0,0.001,0.13282989696108416,8.862837148626568e-07,0.0002461517533321048,0.0,0.0,0.001,0.0,0.0,0.001,0.0,0.0,0.002,0.0,0.0,0.001
05,0,6500,6500.0,0.2875817445129769,2.9783316222165013e-06,0.0011545300931664526,0.0,0.0,0.001,0.0,0.0,0.001,0.0,0.0,0.001,0.0,0.0,0.001,0.13621628826285814,1.1276249551883666e-06,0.00025097775572784206,0.0,0.0,0.001,0.0,0.0,0.001,0.0,0.0,0.001,0.0,0.0,0.001
05,0,7000,7000.0,0.2591403588674268,2.639391141201486e-06,0.0010631641383028478,0.0,0.0,0.001,0.0,0.0,0.001,0.0,0.0,0.001,0.0,0.0,0.001,0.12946589686180232,8.207986752495344e-07,0.0002284777305611893,0.0,0.0,0.001,0.0,0.0,0.001,0.0,0.0,0.001,0.0,0.0,0.001
05,0,7500,7500.0,0.05226332251453414,3.4559602113404253e-07,0.00021988027044418822,0.0,0.0,0.001,0.0,0.0,0.001,0.0,0.0,0.001,0.0,0.0,0.001,0.08813533418816633,6.272435371101892e-07,0.00014903135845896598,0.0,0.0,0.001,0.0,0.0,0.001,0.0,0.0,0.001,0.0,0.0,0.001
05,0,8000,8000.0,0.027039769593528717,2.2090182483225362e-07,0.0001169561549036654,0.0,0.0,0.001,0.0,0.0,0.001,0.0,0.0,0.001,0.0,0.0,0.001,0.4218962765705214,4.174094101472292e-06,0.0006835648210740622,0.0,0.0,0.001,0.0,0.0,0.001,0.0,0.0,0.001,0.0,0.0,0.001
05,0,8500,8500.0,0.0257738287352538,2.0587843607700052e-07,0.00011477200170603128,0.0,0.0,0.001,0.0,0.0,0.001,0.0,0.0,0.001,0.0,0.0,0.001,0.5603327714268858,5.7319252846355084e-06,0.0008794454093401097,0.0,0.0,0.001,0.0,0.0,0.001,0.0,0.0,0.0,0.0,0.0,0.0
05,0,9000,9000.0,0.024958324049606517,1.959613058488685e-07,0.00011502379704565461,0.0,0.0,0.001,0.0,0.0,0.001,0.0,0.0,0.001,0.0,0.0,0.0,0.24442210273036835,2.524099272704916e-06,0.000378759399960292,0.0,0.0,0.001,0.0,0.0,0.001,0.0,0.0,0.0,0.0,0.0,0.0
05,0,9500,9500.0,0.2808330649735069,2.8703702810162213e-06,0.0013410960358258878,0.0,0.0,0.001,0.0,0.0,0.001,0.0,0.0,0.001,0.0,0.0,0.0,0.23408552153938444,2.1731116248702165e-06,0.0003633147065998661,0.0,0.0,0.001,0.0,0.0,0.001,0.0,0.0,0.001,0.0,0.0,0.0
05,0,10000,10000.0,0.039037037758049564,3.8589374184994085e-07,0.0001944254758333875,0.0,0.0,0.001,0.0,0.0,0.001,0.0,0.0,0.001,0.0,0.0,0.0,0.2060740138531969,1.8800109273797716e-06,0.0003302645550893865,0.0,0.0,0.001,0.0,0.0,0.001,0.0,0.0,0.001,0.0,0.0,0.0
05,0,10500,10500.0,0.02011450210233079,1.6313286721469922e-07,0.00010437742871960401,0.0,0.0,0.001,0.0,0.0,0.001,0.0,0.0,0.001,0.0,0.0,0.0,0.2577628624379713,2.3278580556507222e-06,0.0004330799449664427,0.0,0.0,0.001,0.0,0.0,0.001,0.0,0.0,0.001,0.0,0.0,0.001
05,0,11000,11000.0,0.20983363309738934,1.9605392935773125e-06,0.0011320447977912276,0.0,0.0,0.001,0.0,0.0,0.001,0.0,0.0,0.001,0.0,0.0,0.0,1.4825527811353822,1.8082049791701138e-05,0.0026840561606379792,0.0,0.0,0.001,0.0,0.0,0.001,0.0,0.0,0.001,0.0,0.0,0.001
05,0,11500,11500.0,0.2459451447492711,2.4624241632409394e-06,0.0013793830346354274,0.0,0.0,0.001,0.0,0.0,0.001,0.0,0.0,0.001,0.0,0.0,0.0,0.27129920189850054,2.357507128181169e-06,0.0005293448800459082,0.0,0.0,0.001,0.0,0.0,0.001,0.0,0.0,0.0,0.0,0.0,0.0
05,0,12000,12000.0,0.27199236218820033,2.8246502097317716e-06,0.0015947737278517197,0.0,0.0,0.001,0.0,0.0,0.001,0.0,0.0,0.0,0.0,0.0,0.0,0.2433537275692288,2.117618123520515e-06,0.000505016261883724,0.0,0.0,0.001,0.0,0.0,0.001,0.0,0.0,0.0,0.0,0.0,0.0
05,0,12500,12500.0,0.054273968664375616,3.690553853630263e-07,0.00033450611528236513,0.0,0.0,0.001,0.0,0.0,0.001,0.0,0.0,0.0,0.0,0.0,0.0,0.19739689509208347,1.6841622709762305e-06,0.00043243600163152344,0.0,0.0,0.001,0.0,0.0,0.001,0.0,0.0,0.0,0.0,0.0,0.0
05,0,13000,13000.0,0.27614353043787787,2.8426936751202447e-06,0.00179679746567762,0.0,0.0,0.001,0.0,0.0,0.001,0.0,0.0,0.0,0.0,0.0,0.0,0.12758230782878854,1.0333998261558008e-06,0.0002925349811738581,0.0,0.0,0.001,0.0,0.0,0.001,0.0,0.0,0.0,0.0,0.0,0.0
05,0,13500,13500.0,0.017692842902761186,4.213222837279318e-06,0.00012133253633993934,0.0,0.0,0.001,0.0,0.0,0.001,0.0,0.0,0.0,0.0,0.0,0.0,0.08503987030508142,8.30341491564468e-07,0.00020120013866800217,0.0,0.0,0.001,0.0,0.0,0.001,0.0,0.0,0.0,0.0,0.0,0.0
05,0,14000,14000.0,0.04550278836177313,4.219812581141014e-06,0.0003233281210320748,0.0,0.0,0.001,0.0,0.0,0.001,0.0,0.0,0.0,0.0,0.0,0.0,0.10653924916255164,8.543098601876409e-07,0.00025531794890468673,0.0,0.0,0.001,0.0,0.0,0.001,0.0,0.0,0.0,0.0,0.0,0.0
05,0,14500,14500.0,0.04043983317387756,4.2156998460995965e-06,0.00029464411256699706,0.0,0.0,0.001,0.0,0.0,0.001,0.0,0.0,0.0,0.0,0.0,0.0,0.5326981769655958,6.028937605151441e-06,0.001270496898464851,0.0,0.0,0.001,0.0,0.0,0.001,0.0,0.0,0.0,0.0,0.0,0.0
05,0,15000,15000.0,0.02527471142457216,4.213823558529839e-06,0.00018382491402758322,0.0,0.0,0.001,0.0,0.0,0.001,0.0,0.0,0.0,0.0,0.0,0.0,0.11038998188297455,4.228665602568071e-06,0.0002576429455730666,0.0,0.0,0.001,0.0,0.0,0.001,0.0,0.0,0.0,0.0,0.0,0.0
05,0,15500,15500.0,0.04802050880243769,4.21498361902195e-06,0.0003453470662978348,0.0,0.0,0.001,0.0,0.0,0.001,0.0,0.0,0.0,0.0,0.0,0.0,0.2904840369247097,4.229497335472843e-06,0.0006604231842826222,0.0,0.0,0.001,0.0,0.0,0.001,0.0,0.0,0.0,0.0,0.0,0.0
05,0,16000,16000.0,0.0025267697310482617,4.211282885080436e-06,1.760756069765569e-05,0.0,0.0,0.001,0.0,0.0,0.001,0.0,0.0,0.0,0.0,0.0,0.0,2.094411003356811,3.13821219606325e-05,0.004648917301210385,0.0,0.0,0.001,0.0,0.0,0.001,0.0,0.0,0.001,0.0,0.0,0.0
05,0,16500,16500.0,0.18945208672462854,4.227441422699485e-06,0.0012754732381503868,0.0,0.0,0.001,0.0,0.0,0.001,0.0,0.0,0.0,0.0,0.0,0.0,0.11211315466823635,8.131227104968275e-07,0.0002423961617615668,0.0,0.0,0.001,0.0,0.0,0.001,0.0,0.0,0.001,0.0,0.0,0.0
05,0,17000,17000.0,0.22334352001109892,4.224506028549513e-06,0.001433366984670873,0.0,0.0,0.001,0.0,0.0,0.001,0.0,0.0,0.0,0.0,0.0,0.0,0.1022329474473338,4.32220849688747e-06,0.00021528692101074334,0.0,0.0,0.001,0.0,0.0,0.001,0.0,0.0,0.001,0.0,0.0,0.0
05,0,17500,17500.0,0.025276273208874045,4.213668489683187e-06,0.00015513051206765915,0.0,0.0,0.001,0.0,0.0,0.001,0.0,0.0,0.0,0.0,0.0,0.0,1.9821656931796383,2.824147668434307e-05,0.0040992315110119784,0.0,0.0,0.001,0.0,0.0,0.001,0.0,0.0,0.001,0.0,0.0,0.001
05,0,18000,18000.0,0.0,0.0,0.0,0.0,0.0,0.001,0.0,0.0,0.001,0.0,0.0,0.0,0.0,0.0,0.0,2.594626046341375,3.738119266927242e-05,0.005397187881346386,0.0,0.0,0.001,0.0,0.0,0.001,0.0,0.0,0.001,0.0,0.0,0.001
05,0,18500,18500.0,0.0,0.0,0.0,0.0,0.0,0.001,0.0,0.0,0.001,0.0,0.0,0.0,0.0,0.0,0.0,2.507943053035433,3.828730041277595e-05,0.005301969361004906,0.0,0.0,0.001,0.0,0.0,0.001,0.0,0.0,0.001,0.0,0.0,0.001
05,0,19000,19000.0,0.02781104667519685,4.215363787807291e-06,0.000154379866106639,0.0,0.0,0.001,0.0,0.0,0.001,0.0,0.0,0.0,0.0,0.0,0.0,0.22816424043128336,1.9321073523315135e-06,0.000502866967110334,0.0,0.0,0.001,0.0,0.0,0.001,0.0,0.0,0.001,0.0,0.0,0.001
05,0,19500,19500.0,0.13489179877836932,1.2716247965727234e-06,0.0007385019225632762,0.0,0.0,0.001,0.0,0.0,0.001,0.0,0.0,0.0,0.0,0.0,0.0,0.19469172735853135,1.5054264395075734e-06,0.0004519112077349599,0.0,0.0,0.001,0.0,0.0,0.001,0.0,0.0,0.002,0.0,0.0,0.001
05,0,20000,20000.0,0.1628993283944169,1.542823724776099e-06,0.0008819225058038502,0.0,0.0,0.001,0.0,0.0,0.001,0.0,0.0,0.0,0.0,0.0,0.0,0.10898508468812906,7.068945819810324e-07,0.0002716559391303511,0.0,0.0,0.001,0.0,0.0,0.001,0.0,0.0,0.002,0.0,0.0,0.001
06,0,-20000,20000.0,0.0,0.0,0.0,0.0,0.0,0.0,0.0,0.0,0.0,0.0,0.0,0.0,0.0,0.0,0.0,0.07163342526297356,4.229566911817528e-06,0.0005018523321522494,0.0,0.0,0.0,0.0,0.0,0.0,0.0,0.0,0.0,0.0,0.0,0.0
06,0,-19500,19500.0,0.0,0.0,0.0,0.0,0.0,0.0,0.0,0.0,0.0,0.0,0.0,0.0,0.0,0.0,0.0,0.05750747303636672,4.221571998641593e-06,0.0003809996715161086,0.0,0.0,0.0,0.0,0.0,0.0,0.0,0.0,0.0,0.0,0.0,0.0
06,0,-19000,19000.0,0.0,0.0,0.0,0.0,0.0,0.0,0.0,0.0,0.0,0.0,0.0,0.0,0.0,0.0,0.0,0.07038367488831909,4.225705652061151e-06,0.0004583073437488893,0.0,0.0,0.0,0.0,0.0,0.0,0.0,0.0,0.0,0.0,0.0,0.0
06,0,-18500,18500.0,0.0,0.0,0.0,0.0,0.0,0.0,0.0,0.0,0.0,0.0,0.0,0.0,0.0,0.0,0.0,0.07593731343149557,4.229684691381408e-06,0.00048173454295792503,0.0,0.0,0.0,0.0,0.0,0.0,0.0,0.0,0.0,0.0,0.0,0.0
06,0,-18000,18000.0,0.07073241786201834,4.216989964334061e-06,0.008696324508741367,0.0,0.0,0.0,0.0,0.0,0.0,0.0,0.0,0.0,0.0,0.0,0.0,0.07469323054465349,4.22802349930862e-06,0.0004667045246453232,0.0,0.0,0.0,0.0,0.0,0.0,0.0,0.0,0.001,0.0,0.0,0.0
06,0,-17500,17500.0,0.050572555210237624,4.217264631733997e-06,0.0064481832856919455,0.0,0.0,0.0,0.0,0.0,0.0,0.0,0.0,0.0,0.0,0.0,0.0,0.050610357811819995,4.2242313611495774e-06,0.0003073034214863779,0.0,0.0,0.0,0.0,0.0,0.0,0.0,0.0,0.001,0.0,0.0,0.0
06,0,-17000,17000.0,0.03174535229462094,4.227552835800452e-06,0.0044392582643203934,0.0,0.0,0.0,0.0,0.0,0.0,0.0,0.0,0.0,0.0,0.0,0.0,0.027812958796857856,4.2172055145783816e-06,0.00016619387570606468,0.0,0.0,0.0,0.0,0.0,0.0,0.0,0.0,0.001,0.0,0.0,0.0
06,0,-16500,16500.0,1.1735815706884978,2.770047285594046e-05,0.1902447482042428,0.0,0.0,0.0,0.0,0.0,0.0,0.0,0.0,0.0,0.0,0.0,0.0,0.05818446434204816,4.222494226269191e-06,0.0003499199286828425,0.0,0.0,0.0,0.0,0.0,0.0,0.0,0.0,0.001,0.0,0.0,0.0
06,0,-16000,16000.0,0.0,0.0,0.0,0.0,0.0,0.0,0.0,0.0,0.0,0.0,0.0,0.0,0.0,0.0,0.0,0.0691654765205385,4.229450951243052e-06,0.0004302497580635009,0.0,0.0,0.0,0.0,0.0,0.0,0.0,0.0,0.001,0.0,0.0,0.0
06,0,-15500,15500.0,0.0,0.0,0.0,0.0,0.0,0.0,0.0,0.0,0.0,0.0,0.0,0.0,0.0,0.0,0.0,0.08106652584842777,4.228165380482096e-06,0.0005420017029675143,0.0,0.0,0.0,0.0,0.0,0.0,0.0,0.0,0.001,0.0,0.0,0.0
06,0,-15000,15000.0,0.0,0.0,0.0,0.0,0.0,0.0,0.0,0.0,0.0,0.0,0.0,0.0,0.0,0.0,0.0,0.09154662563375382,4.22705397795653e-06,0.0006780393803382606,0.0,0.0,0.0,0.0,0.0,0.0,0.0,0.0,0.001,0.0,0.0,0.0
06,0,-14500,14500.0,0.0,0.0,0.0,0.0,0.0,0.0,0.0,0.0,0.0,0.0,0.0,0.0,0.0,0.0,0.0,0.08150270461513287,4.229751084494637e-06,0.0006791385772422907,0.0,0.0,0.001,0.0,0.0,0.001,0.0,0.0,0.001,0.0,0.0,0.001
06,0,-14000,14000.0,0.0,0.0,0.0,0.0,0.0,0.0,0.0,0.0,0.0,0.0,0.0,0.0,0.0,0.0,0.0,0.7402481451023846,1.418938973074546e-05,0.0069752473349461875,0.0,0.0,0.001,0.0,0.0,0.001,0.0,0.0,0.001,0.0,0.0,0.001
06,0,-13500,13500.0,0.0,0.0,0.0,0.0,0.0,0.0,0.0,0.0,0.0,0.0,0.0,0.0,0.0,0.0,0.0,0.035405909329710994,4.219583388476167e-06,0.0003682130168753362,0.0,0.0,0.001,0.0,0.0,0.001,0.0,0.0,0.001,0.0,0.0,0.001
06,0,-13000,13000.0,0.0,0.0,0.0,0.0,0.0,0.0,0.0,0.0,0.0,0.0,0.0,0.0,0.0,0.0,0.0,0.7284263713920325,1.405686361977132e-05,0.008033035420657158,0.0,0.0,0.001,0.0,0.0,0.001,0.0,0.0,0.001,0.0,0.0,0.001
06,0,-12500,12500.0,0.0,0.0,0.0,0.0,0.0,0.0,0.0,0.0,0.0,0.0,0.0,0.0,0.0,0.0,0.0,0.6998572394230962,1.3686672900803387e-05,0.008131692441277314,0.0,0.0,0.0,0.0,0.0,0.0,0.0,0.0,0.001,0.0,0.0,0.0
06,0,-12000,12000.0,0.0,0.0,0.0,0.0,0.0,0.0,0.0,0.0,0.0,0.0,0.0,0.0,0.0,0.0,0.0,0.027825301913253497,4.220574737701099e-06,0.00032743539876617383,0.0,0.0,0.0,0.0,0.0,0.0,0.0,0.0,0.0,0.0,0.0,0.0
06,0,-11500,11500.0,0.0,0.0,0.0,0.0,0.0,0.0,0.0,0.0,0.0,0.0,0.0,0.0,0.0,0.0,0.0,0.027818181661132257,4.2200135794701055e-06,0.0003429405403013107,0.0,0.0,0.0,0.0,0.0,0.0,0.0,0.0,0.0,0.0,0.0,0.0
06,0,-11000,11000.0,0.0,0.0,0.0,0.0,0.0,0.0,0.0,0.0,0.0,0.0,0.0,0.0,0.0,0.0,0.0,0.6279746402562125,1.2509460248111282e-05,0.008014916906466291,0.0,0.0,0.0,0.0,0.0,0.0,0.0,0.0,0.001,0.0,0.0,0.0
06,0,-10500,10500.0,0.04333457036409527,4.225587417749921e-06,0.002612882924212916,0.0,0.0,0.0,0.0,0.0,0.0,0.0,0.0,0.0,0.0,0.0,0.0,0.03540028428687947,4.2204137571388856e-06,0.00046800144702717516,0.0,0.0,0.001,0.0,0.0,0.001,0.0,0.0,0.001,0.0,0.0,0.0
06,0,-10000,10000.0,0.0,0.0,0.0,0.0,0.0,0.0,0.0,0.0,0.0,0.0,0.0,0.0,0.0,0.0,0.0,0.030344845799845643,4.217470632283948e-06,0.00040320489879333874,0.0,0.0,0.001,0.0,0.0,0.001,0.0,0.0,0.001,0.0,0.0,0.0
06,0,-9500,9500.0,0.1323064743267821,4.230292233842192e-06,0.0016766416392119826,0.0,0.0,0.0,0.0,0.0,0.0,0.0,0.0,0.0,0.0,0.0,0.0,0.04045859941470553,4.2215156099700835e-06,0.0005124623606344089,0.0,0.0,0.001,0.0,0.0,0.001,0.0,0.0,0.001,0.0,0.0,0.0
06,0,-9000,9000.0,0.12776436775965294,4.22819812229136e-06,0.000993728799464855,0.0,0.0,0.0,0.0,0.0,0.0,0.0,0.0,0.0,0.0,0.0,0.0,0.035403411675360985,4.219626589474501e-06,0.0003769060997102746,0.0,0.0,0.001,0.0,0.0,0.001,0.0,0.0,0.001,0.0,0.0,0.0
06,0,-8500,8500.0,0.12465767733260691,4.2266460695827845e-06,0.0006697646994891076,0.0,0.0,0.0,0.0,0.0,0.0,0.0,0.0,0.0,0.0,0.0,0.0,0.06441837964814567,4.22716175307869e-06,0.000544878651667417,0.0,0.0,0.0,0.0,0.0,0.0,0.0,0.0,0.0,0.0,0.0,0.0
06,0,-8000,8000.0,0.06314315214694943,4.216548404656351e-06,0.0002663440885927598,0.0,0.0,0.0,0.0,0.0,0.0,0.0,0.0,0.0,0.0,0.0,0.0,0.0638674132289907,4.228752459312091e-06,0.00041325063478149586,0.0,0.0,0.0,0.0,0.0,0.0,0.0,0.0,0.0,0.0,0.0,0.0
06,0,-7500,7500.0,0.027804723958979594,4.214445198158501e-06,9.955205952771345e-05,0.0,0.0,0.0,0.0,0.0,0.0,0.0,0.0,0.0,0.0,0.0,0.0,0.08289792512172767,4.227010322210845e-06,0.00041303175086301533,0.0,0.0,0.0,0.0,0.0,0.0,0.0,0.0,0.0,0.0,0.0,0.0
06,0,-7000,7000.0,0.07330950056712027,4.216267825540854e-06,0.00024239967286225964,0.0,0.0,0.0,0.0,0.0,0.0,0.0,0.0,0.001,0.0,0.0,0.0,0.08553736998067052,4.231438197166426e-06,0.0003482979423027007,0.0,0.0,0.0,0.0,0.0,0.0,0.0,0.0,0.0,0.0,0.0,0.0
06,0,-6500,6500.0,0.044220196677713375,4.214127784507582e-06,0.00014187128778527744,0.0,0.0,0.001,0.0,0.0,0.001,0.0,0.0,0.001,0.0,0.0,0.001,0.040532012892668945,4.226767941872822e-06,0.00014146102539954266,0.0,0.0,0.0,0.0,0.0,0.0,0.0,0.0,0.0,0.0,0.0,0.0
06,0,-6000,6000.0,1.993658624317618,2.692205089260824e-05,0.006610894598150134,0.0,0.0,0.001,0.0,0.0,0.001,0.0,0.0,0.001,0.0,0.0,0.001,0.06002101595896647,4.227879344398389e-06,0.00019278973817306641,0.0,0.0,0.0,0.0,0.0,0.0,0.0,0.0,0.001,0.0,0.0,0.0
06,0,-5500,5500.0,0.08306123255437114,4.217356035951525e-06,0.0002898052840427711,0.0,0.0,0.001,0.0,0.0,0.001,0.0,0.0,0.001,0.0,0.0,0.001,0.06101745886581966,4.226681994623505e-06,0.0001887640649247533,0.0,0.0,0.001,0.0,0.0,0.001,0.0,0.0,0.001,0.0,0.0,0.0
06,0,-5000,5000.0,1.8662547458859535,2.6762805646285415e-05,0.0068103096587159425,0.0,0.0,0.001,0.0,0.0,0.001,0.0,0.0,0.001,0.0,0.0,0.001,0.04610579301811413,1.2509642601798987e-06,0.0001471810837954292,0.0,0.0,0.001,0.0,0.0,0.001,0.0,0.0,0.001,0.0,0.0,0.001
06,0,-4500,4500.0,0.04542269994374237,4.213778993289452e-06,0.00016690940850007423,0.0,0.0,0.001,0.0,0.0,0.001,0.0,0.0,0.001,0.0,0.0,0.001,0.04750663376285047,1.1354147773090517e-06,0.00015944072626201996,0.0,0.0,0.001,0.0,0.0,0.001,0.0,0.0,0.001,0.0,0.0,0.001
06,0,-4000,4000.0,0.25277372093910344,4.223956693749642e-06,0.000908894189858149,0.0,0.0,0.001,0.0,0.0,0.001,0.0,0.0,0.001,0.0,0.0,0.001,0.047047037992342666,1.0824868468262139e-06,0.0001724972746389442,0.0,0.0,0.001,0.0,0.0,0.001,0.0,0.0,0.001,0.0,0.0,0.001
06,0,-3500,3500.0,0.3100153370453995,4.231202638038667e-06,0.001088224672243613,0.0,0.0,0.001,0.0,0.0,0.001,0.0,0.0,0.001,0.0,0.0,0.001,0.04181451898972455,1.0056000974145718e-06,0.00016949487909104002,0.0,0.0,0.001,0.0,0.0,0.001,0.0,0.0,0.001,0.0,0.0,0.001
06,0,-3000,3000.0,0.0564416055674144,4.215181888866937e-06,0.000197739487426554,0.0,0.0,0.001,0.0,0.0,0.001,0.0,0.0,0.0,0.0,0.0,0.0,0.022620618675261994,4.5015104888079804e-07,9.88413958156292e-05,0.0,0.0,0.001,0.0,0.0,0.001,0.0,0.0,0.001,0.0,0.0,0.001
06,0,-2500,2500.0,0.15133374577587233,4.229656497045653e-06,0.0005458298027228498,0.0,0.0,0.001,0.0,0.0,0.001,0.0,0.0,0.0,0.0,0.0,0.0,0.08493716300108645,4.228107627568534e-06,0.00039608607481259116,0.0,0.0,0.001,0.0,0.0,0.001,0.0,0.0,0.001,0.0,0.0,0.0
06,0,-2000,2000.0,0.09457499672151926,4.226437340548728e-06,0.0003603913074946771,0.0,0.0,0.001,0.0,0.0,0.001,0.0,0.0,0.001,0.0,0.0,0.0,0.04045102705276804,4.215783064864809e-06,0.00018615085678706686,0.0,0.0,0.001,0.0,0.0,0.001,0.0,0.0,0.001,0.0,0.0,0.0
06,0,-1500,1500.0,0.6455912527044916,1.6767991837696172e-05,0.0026874670528406744,0.0,0.0,0.001,0.0,0.0,0.001,0.0,0.0,0.001,0.0,0.0,0.001,0.09843639863547082,4.23048595621367e-06,0.00043322750142673515,0.0,0.0,0.0,0.0,0.0,0.0,0.0,0.0,0.001,0.0,0.0,0.0
06,0,-1000,1000.0,0.7399913770278488,1.79721992026316e-05,0.0036718552711240086,0.0,0.0,0.001,0.0,0.0,0.001,0.0,0.0,0.002,0.0,0.0,0.001,0.02781376533675939,4.215464741719188e-06,0.0001102867558966488,0.0,0.0,0.0,0.0,0.0,0.0,0.0,0.0,0.001,0.0,0.0,0.0
06,0,-500,500.0,0.6757281988143404,1.632103339943569e-05,0.004092608029618021,0.0,0.0,0.001,0.0,0.0,0.001,0.0,0.0,0.002,0.0,0.0,0.001,0.048041293030109955,4.218309641146334e-06,0.00017014287466669768,0.0,0.0,0.0,0.0,0.0,0.0,0.0,0.0,0.001,0.0,0.0,0.0
06,0,0,0.0,0.03134147600860615,5.141671408637194e-07,0.00024201122336497293,0.0,0.0,0.001,0.0,0.0,0.001,0.0,0.0,0.001,0.0,0.0,0.001,0.042621675584086915,4.217539299133932e-06,0.0001313948626273088,0.0,0.0,0.0,0.0,0.0,0.0,0.0,0.0,0.001,0.0,0.0,0.0
06,0,500,500.0,0.018728727147276913,4.46924445896002e-07,0.00019019002373300858,0.0,0.0,0.001,0.0,0.0,0.001,0.0,0.0,0.001,0.0,0.0,0.001,0.007584602462884504,4.213986358081456e-06,2.0473730360007504e-05,0.0,0.0,0.0,0.0,0.0,0.0,0.0,0.0,0.001,0.0,0.0,0.0
06,0,1000,1000.0,0.011939434767782586,3.020515180196526e-07,0.0001456249950186648,0.0,0.0,0.001,0.0,0.0,0.001,0.0,0.0,0.001,0.0,0.0,0.001,0.0531185119143629,4.222523330099648e-06,0.0001243198738237937,0.0,0.0,0.0,0.0,0.0,0.0,0.0,0.0,0.001,0.0,0.0,0.0
06,0,1500,1500.0,0.007583314618386794,4.214600267005153e-06,0.00011373279637968136,0.0,0.0,0.0,0.0,0.0,0.0,0.0,0.0,0.0,0.0,0.0,0.0,1.0477048166571024,1.7742171621648595e-05,0.0021383067158597707,0.0,0.0,0.001,0.0,0.0,0.001,0.0,0.0,0.001,0.0,0.0,0.0
06,0,2000,2000.0,0.020234524345141836,4.21786626247922e-06,0.00033894257656014,0.0,0.0,0.0,0.0,0.0,0.0,0.0,0.0,0.0,0.0,0.0,0.0,0.0944666047381304,4.229396836308297e-06,0.0001676851577396059,0.0,0.0,0.001,0.0,0.0,0.001,0.0,0.0,0.001,0.0,0.0,0.0
06,0,2500,2500.0,0.4266253131184783,1.2649567906919401e-05,0.008119622560710433,0.0,0.0,0.0,0.0,0.0,0.0,0.0,0.0,0.0,0.0,0.0,0.0,0.10311224600343394,2.3081788640411105e-06,0.0001610320768066699,0.0,0.0,0.001,0.0,0.0,0.001,0.0,0.0,0.001,0.0,0.0,0.001
06,0,3000,3000.0,0.33335377486878315,9.77356467046775e-06,0.006163312025044532,0.0,0.0,0.0,0.0,0.0,0.0,0.0,0.0,0.0,0.0,0.0,0.0,0.2375671884408348,5.094877906230977e-06,0.0003270067371679191,0.0,0.0,0.001,0.0,0.0,0.001,0.0,0.0,0.001,0.0,0.0,0.001
06,0,3500,3500.0,0.02023307933995966,4.216907655063551e-06,0.0003230166151737723,0.0,0.0,0.0,0.0,0.0,0.0,0.0,0.0,0.001,0.0,0.0,0.0,0.9055263506326128,1.6391544704674743e-05,0.001113330429312881,0.0,0.0,0.001,0.0,0.0,0.001,0.0,0.0,0.001,0.0,0.0,0.001
06,0,4000,4000.0,0.017705169921100605,4.2200535972369835e-06,0.00019072985593922767,0.0,0.0,0.0,0.0,0.0,0.0,0.0,0.0,0.001,0.0,0.0,0.0,0.8627552586588649,1.558431722514797e-05,0.0009494777262896266,0.0,0.0,0.001,0.0,0.0,0.001,0.0,0.0,0.001,0.0,0.0,0.001
06,0,4500,4500.0,0.020228613902872894,4.218206413497683e-06,0.00014647444497952448,0.0,0.0,0.0,0.0,0.0,0.0,0.0,0.0,0.0,0.0,0.0,0.0,0.5470677615704744,1.0206392289546784e-05,0.0005451679228697981,0.0,0.0,0.001,0.0,0.0,0.001,0.0,0.0,0.001,0.0,0.0,0.001
06,0,5000,5000.0,0.027826239420392085,4.220193204673706e-06,0.00014783785758467916,0.0,0.0,0.0,0.0,0.0,0.0,0.0,0.0,0.0,0.0,0.0,0.0,0.6063493195455294,1.175713896373054e-05,0.000547437988978741,0.0,0.0,0.001,0.0,0.0,0.001,0.0,0.0,0.001,0.0,0.0,0.001
06,0,5500,5500.0,0.050606412423803704,4.224402346153511e-06,0.0002156353280621596,0.0,0.0,0.0,0.0,0.0,0.0,0.0,0.0,0.0,0.0,0.0,0.0,0.9468920367197597,1.7489159290562384e-05,0.0007819532595495639,0.0,0.0,0.001,0.0,0.0,0.001,0.0,0.0,0.001,0.0,0.0,0.001
06,0,6000,6000.0,0.06080710763285424,4.2231695260852575e-06,0.00023212612306343147,0.0,0.0,0.0,0.0,0.0,0.0,0.0,0.0,0.0,0.0,0.0,0.0,1.7279761830991447,3.139922773698345e-05,0.0012933183750455529,0.0,0.0,0.001,0.0,0.0,0.001,0.0,0.0,0.001,0.0,0.0,0.001
06,0,6500,6500.0,0.5154669735915718,1.467933634557994e-05,0.0018678753393539986,0.0,0.0,0.0,0.0,0.0,0.0,0.0,0.0,0.0,0.0,0.0,0.0,2.877487166199444,5.2689552830997854e-05,0.0019718177053299167,0.0,0.0,0.002,0.0,0.0,0.002,0.0,0.0,0.002,0.0,0.0,0.001
06,0,7000,7000.0,0.5668400998949608,1.5407775208586827e-05,0.0020846611575507296,0.0,0.0,0.0,0.0,0.0,0.0,0.0,0.0,0.001,0.0,0.0,0.0,4.580808803859782,8.989185880636796e-05,0.0028280699444211944,0.0,0.0,0.002,0.0,0.0,0.002,0.0,0.0,0.002,0.0,0.0,0.001
06,0,7500,7500.0,0.11163886433109838,2.281267143189325e-06,0.00043281466614742006,0.0,0.0,0.001,0.0,0.0,0.001,0.0,0.0,0.002,0.0,0.0,0.001,8.163036301857574,0.00018524199549574405,0.004584750005105606,0.0,0.0,0.002,0.0,0.0,0.002,0.0,0.0,0.003,0.0,0.0,0.001
06,0,8000,8000.0,0.024900126470583928,6.626017921007588e-07,0.00011345371911594347,0.0,0.0,0.001,0.0,0.0,0.001,0.0,0.0,0.002,0.0,0.0,0.001,15.243303257761909,0.00044211180647835135,0.007635673376047289,0.0,0.0,0.002,0.0,0.0,0.002,0.0,0.0,0.003,0.0,0.0,0.002
06,0,8500,8500.0,0.10493694414321908,1.681208686932223e-06,0.0005931095027803023,0.0,0.0,0.001,0.0,0.0,0.001,0.0,0.0,0.002,0.0,0.0,0.001,24.89142031079723,0.0008999498677439988,0.011226552339042517,0.0,0.0,0.002,0.0,0.0,0.002,0.0,0.0,0.003,0.0,0.0,0.002
06,0,9000,9000.0,0.09735186683883512,1.4647265516032348e-06,0.0007424006026287537,0.0,0.0,0.001,0.0,0.0,0.001,0.0,0.0,0.001,0.0,0.0,0.001,42.54385797945588,0.0019710075575858355,0.01715252053651673,0.01,8.7,0.106,0.0,0.0,0.002,0.0,0.0,0.002,0.0,0.0,0.002
06,0,9500,9500.0,0.02586158433643959,5.936111620030715e-07,0.0002920730895177884,0.0,0.0,0.001,0.0,0.0,0.001,0.0,0.0,0.001,0.0,0.0,0.001,62.07319124691821,0.0034295963123440742,0.022637189209897136,0.01,8.7,0.11,0.0,0.0,0.004,0.0,0.0,0.002,0.0,0.0,0.001
06,0,10000,10000.0,0.020542152277869263,5.179040272196289e-07,0.0003124607699437751,0.0,0.0,0.001,0.0,0.0,0.001,0.0,0.0,0.001,0.0,0.0,0.001,92.27813859843081,0.006234044674783945,0.030938821719374305,0.01,23.2,0.182,0.0,0.0,0.004,0.0,0.0,0.003,0.0,0.0,0.001
06,0,10500,10500.0,0.03793277401200612,4.220399659971008e-06,0.0007747523831342117,0.0,0.0,0.0,0.0,0.0,0.0,0.0,0.0,0.0,0.0,0.0,0.0,123.65293717270589,0.009798943065106869,0.03857660416170743,0.01,23.2,0.187,0.0,0.0,0.005,0.0,0.0,0.003,0.0,0.0,0.002
06,0,11000,11000.0,0.035418740026216256,4.220851224090438e-06,0.0007284018419980109,0.0,0.0,0.0,0.0,0.0,0.0,0.0,0.0,0.0,0.0,0.0,0.0,156.52218756884082,0.013825580477714539,0.04692869104806978,0.02,29.0,0.207,0.0,0.0,0.005,0.0,0.0,0.003,0.0,0.0,0.002
06,0,11500,11500.0,0.048083692308864556,4.227176759741269e-06,0.0009363552634272473,0.0,0.0,0.0,0.0,0.0,0.0,0.0,0.0,0.0,0.0,0.0,0.0,187.99149443902934,0.017983688041567802,0.05468032044168869,0.02,29.0,0.209,0.0,0.0,0.009,0.0,0.0,0.003,0.0,0.0,0.002
06,0,12000,12000.0,0.06325703388938564,4.225126303936122e-06,0.0010588968356485952,0.0,0.0,0.0,0.0,0.0,0.0,0.0,0.0,0.0,0.0,0.0,0.0,195.99960891746377,0.018140437081456184,0.05714089896629053,0.01,10.44,0.159,0.0,0.0,0.009,0.0,0.0,0.005,0.0,0.0,0.002
06,0,12500,12500.0,0.12411155956186803,4.224490112392232e-06,0.0018036630508665066,0.0,0.0,0.0,0.0,0.0,0.0,0.0,0.0,0.0,0.0,0.0,0.0,193.06107207667083,0.017127692699432373,0.056749626963877364,0.01,10.44,0.159,0.0,0.0,0.013,0.0,0.0,0.009,0.0,0.0,0.003
06,0,13000,13000.0,0.13782728052618154,4.230110334901838e-06,0.0017062304385490974,0.0,0.0,0.0,0.0,0.0,0.0,0.0,0.0,0.0,0.0,0.0,0.0,166.2197564066446,0.012675308622419834,0.05039194433543019,0.01,12.06,0.17,0.0,0.0,0.013,0.0,0.0,0.012,0.0,0.0,0.004
06,0,13500,13500.0,0.14625651997235423,4.230064405419398e-06,0.001560323155217545,0.0,0.0,0.0,0.0,0.0,0.0,0.0,0.0,0.0,0.0,0.0,0.0,135.22260724494117,0.00838925875723362,0.04220128453413004,0.01,10.05,0.134,0.0,0.0,0.014,0.0,0.0,0.014,0.0,0.0,0.004
06,0,14000,14000.0,0.925047485523578,1.1101599739049561e-05,0.008421434177662489,0.0,0.0,0.0,0.0,0.0,0.0,0.0,0.0,0.0,0.0,0.0,0.0,103.25173280434683,0.005604313220828772,0.03323097866796123,0.01,16.32,0.116,0.0,0.0,0.014,0.0,0.0,0.014,0.0,0.0,0.005
06,0,14500,14500.0,0.7323901886600481,8.703782441443764e-06,0.005771953315009376,0.0,0.0,0.0,0.0,0.0,0.0,0.0,0.0,0.0,0.0,0.0,0.0,84.89944955667852,0.003873869078233838,0.02784188117517054,0.01,18.58,0.06,0.0,0.0,0.011,0.0,0.0,0.018,0.0,0.0,0.004
06,0,15000,15000.0,0.745026247523839,8.701625120011158e-06,0.0049690346279645655,0.0,0.0,0.0,0.0,0.0,0.0,0.0,0.0,0.0,0.0,0.0,0.0,76.38174837262852,0.0037032696418464184,0.024943126281105704,0.0,0.0,0.011,0.0,0.0,0.011,0.0,8.2,0.025,0.0,0.0,0.004
06,0,15500,15500.0,0.060695272168231895,4.220664322929224e-06,0.0003489081047493345,0.0,0.0,0.0,0.0,0.0,0.0,0.0,0.0,0.0,0.0,0.0,0.0,82.51646989858159,0.00426663551479578,0.02637206207337403,0.0,0.0,0.007,0.0,0.0,0.007,0.0,8.2,0.031,0.0,0.0,0.004
06,0,16000,16000.0,0.722031701832293,8.678003723616712e-06,0.0034547441067118525,0.0,0.0,0.0,0.0,0.0,0.0,0.0,0.0,0.0,0.0,0.0,0.0,93.26978170028042,0.005418428685516119,0.028220383672931264,0.0,0.0,0.007,0.0,0.0,0.007,0.0,8.2,0.036,0.0,0.0,0.004
06,0,16500,16500.0,0.743831077557644,8.784215424384456e-06,0.00298427104722126,0.0,0.0,0.0,0.0,0.0,0.0,0.0,0.0,0.0,0.0,0.0,0.0,112.65526620527737,0.007204195950180292,0.031851514806421566,0.01,7.67,0.044,0.0,0.0,0.006,0.0,8.2,0.039,0.0,0.0,0.005
06,0,17000,17000.0,0.010109621871379204,4.2132123780902475e-06,3.3196232886021535e-05,0.0,0.0,0.0,0.0,0.0,0.0,0.0,0.0,0.0,0.0,0.0,0.0,136.5923246160861,0.009632601402699947,0.03514418388267205,0.01,6.48,0.11,0.0,0.0,0.006,0.0,8.2,0.04,0.0,0.0,0.005
06,0,17500,17500.0,0.06828494742876501,4.22934226662619e-06,0.00018612319016792116,0.0,0.0,0.001,0.0,0.0,0.001,0.0,0.0,0.0,0.0,0.0,0.0,166.23395605792552,0.01264076866209507,0.038855999843112075,0.01,8.64,0.131,0.0,0.0,0.008,0.01,8.2,0.046,0.0,0.0,0.006
06,0,18000,18000.0,0.03035057343367953,4.217932200845098e-06,6.900649124166576e-05,0.0,0.0,0.001,0.0,0.0,0.001,0.0,0.0,0.0,0.0,0.0,0.0,210.1930927122737,0.016856510192155838,0.04407458923669636,0.01,8.64,0.132,0.0,0.0,0.008,0.01,16.4,0.052,0.0,0.0,0.006
06,0,18500,18500.0,0.028799017312763908,8.174087042789324e-07,5.629997759555582e-05,0.0,0.0,0.001,0.0,0.0,0.001,0.0,0.0,0.001,0.0,0.0,0.0,261.77036027934264,0.021799558773636818,0.04984200371448582,0.01,10.8,0.149,0.0,0.0,0.01,0.01,16.4,0.058,0.0,0.0,0.006
06,0,19000,19000.0,0.034583860824710655,1.03917057003855e-06,5.926842079224172e-05,0.0,0.0,0.001,0.0,0.0,0.001,0.0,0.0,0.001,0.0,0.0,0.0,320.603944720051,0.02748722955584526,0.055619504721889965,0.01,10.8,0.144,0.0,0.0,0.01,0.01,16.4,0.062,0.0,0.0,0.006
06,0,19500,19500.0,0.048304869661564,1.4307040601124754e-06,7.403008603976584e-05,0.0,0.0,0.001,0.0,0.0,0.001,0.0,0.0,0.001,0.0,0.0,0.0,367.7510210436594,0.033575695008039474,0.05912266284934268,0.01,9.800000000000002,0.164,0.0,0.0,0.012,0.01,16.4,0.063,0.0,0.0,0.007
06,0,20000,20000.0,0.04566848807812107,1.074130864253675e-06,6.34778331418928e-05,0.0,0.0,0.001,0.0,0.0,0.001,0.0,0.0,0.001,0.0,0.0,0.001,410.5499256620533,0.04111972823739052,0.06202237865387474,0.01,9.800000000000002,0.168,0.0,0.0,0.012,0.01,16.4,0.062,0.0,0.0,0.007
07,0,-20000,20000.0,49003.726095307466,5.754378318786621,0.2892732211269432,0.53,2915.64,0.481,0.0,16.92,0.009,0.37,2968.4,0.406,0.0,16.92,0.009,215141.8058331679,21.578950881958008,0.4894674675919739,1.6,9212.64,0.66,0.04,129.72,0.022,2.79,17203.6,0.659,0.04,129.72,0.022
07,0,-19500,19500.0,53743.66853866887,6.848474502563477,0.299221359776616,0.56,3125.68,0.501,0.0,16.92,0.009,0.43,3189.8,0.428,0.0,16.92,0.009,213805.5215003662,19.373821258544922,0.4893466390985631,1.09,6594.6,0.663,0.04,137.24,0.022,2.52,17548.0,0.661,0.04,137.24,0.022
07,0,-19000,19000.0,59036.955354828635,7.854325294494629,0.3144447575524596,0.53,2436.0,0.494,0.0,16.92,0.01,0.52,3690.0,0.446,0.0,16.92,0.01,210149.76442784956,18.146326065063477,0.48914988780646634,1.19,6397.4,0.657,0.04,142.88,0.023,2.34,17892.4,0.665,0.04,142.88,0.023
07,0,-18500,18500.0,64591.08827075885,8.367494583129883,0.32987091096224114,0.54,2470.8,0.498,0.0,20.68,0.01,0.61,4206.6,0.461,0.0,20.68,0.01,205624.22099589492,17.320463180541992,0.4884105364857668,1.2,6388.7,0.657,0.03,144.76,0.023,2.25,18376.2,0.67,0.03,144.76,0.023
07,0,-18000,18000.0,69121.74427974854,8.194053649902344,0.3365481684904082,0.32,1383.3,0.478,0.0,20.68,0.01,0.72,4936.4,0.47,0.0,20.68,0.01,198424.4683391807,16.395963668823242,0.480665071618624,0.81,4506.42,0.662,0.04,144.76,0.023,2.17,18614.0,0.674,0.04,144.76,0.023
07,0,-17500,17500.0,73687.83130895464,7.474886894226074,0.3410689598929415,2.5,10108.5,0.558,0.01,26.320000000000004,0.01,0.83,5625.2,0.476,0.01,26.320000000000004,0.01,190138.11739023312,15.488016128540039,0.4707313488566244,0.85,4389.84,0.659,0.34,3665.9699999999993,0.07,2.06,18786.2,0.677,0.04,148.52,0.023
07,0,-17000,17000.0,78505.37426840149,9.684041976928711,0.34470947996597995,3.6,11259.99,0.573,0.01,28.2,0.01,0.88,6076.2,0.481,0.01,28.2,0.01,181196.4601889543,14.66752815246582,0.45720437532849884,0.82,4170.75,0.647,0.04,148.52,0.023,1.92,18007.2,0.669,0.04,148.52,0.023
07,0,-16500,16500.0,83341.01116809703,13.024116516113281,0.3473978708699363,4.16,12297.21,0.587,0.01,33.84,0.012,0.92,6576.4,0.493,0.01,33.84,0.012,173493.38028607785,14.405213356018066,0.4452781403059462,0.75,3694.38,0.622,0.03,139.12,0.023,1.75,17031.4,0.659,0.03,139.12,0.023
07,0,-16000,16000.0,89491.9812085649,14.72577953338623,0.3578798482957248,1.37,2972.7,0.529,0.01,37.6,0.012,0.84,6617.4,0.495,0.01,37.6,0.012,168474.39218092005,14.066937446594238,0.4375796192011664,1.25,8109.68,0.657,0.03,139.12,0.023,1.51,15555.399999999998,0.641,0.03,139.12,0.023
07,0,-15500,15500.0,96798.16855274508,19.475784301757812,0.3734627358028711,1.48,2847.34,0.538,0.01,31.960000000000004,0.011,0.8,6994.599999999999,0.512,0.01,31.960000000000004,0.011,166394.4604040393,13.683234214782715,0.43628149875741146,1.5,8145.28,0.659,0.02,116.56,0.021,1.5,14218.8,0.624,0.02,116.56,0.021
07,0,-15000,15000.0,102697.39279808594,21.676469802856445,0.38442306837487367,1.58,3105.26,0.537,0.01,30.08,0.011,1.49,7576.8,0.522,0.01,30.08,0.011,166593.84261715636,13.22671127319336,0.43935369458558876,1.22,6261.1,0.655,0.02,110.92,0.021,1.47,13259.400000000001,0.606,0.02,110.92,0.021
07,0,-14500,14500.0,109011.74089290135,21.892759323120117,0.39709114258425743,1.67,2663.28,0.561,0.01,35.72,0.012,2.39,8470.6,0.539,0.01,35.72,0.012,168593.94385850138,14.411052703857422,0.4466235139421991,1.26,6281.4,0.656,0.01,97.76,0.019,1.41,12513.2,0.592,0.01,97.76,0.019
07,0,-14000,14000.0,113654.56206479722,18.65127182006836,0.4149537201689895,2.42,4653.54,0.629,0.01,86.63999999999999,0.055,3.16,9930.2,0.569,0.02,37.6,0.012,170747.62065209856,16.027015686035156,0.45639721933886546,1.71,6014.6,0.657,0.01,94.0,0.019,1.36,12685.4,0.593,0.01,94.0,0.019
07,0,-13500,13500.0,114304.3352752247,13.937443733215332,0.4237623498713083,1.57,4319.82,0.609,0.01,86.63999999999999,0.055,3.72,11135.6,0.592,0.06,65.8,0.017,171887.50768182368,17.29551124572754,0.4642107706728733,1.75,6020.4,0.66,0.01,101.52,0.02,1.3,12890.4,0.596,0.01,101.52,0.02
07,0,-13000,13000.0,111277.46164899196,16.080047607421875,0.43512206210737675,1.83,4924.56,0.561,0.23,779.24,0.033,2.61,10766.6,0.583,0.06,73.32,0.018,170747.28435131154,18.060073852539062,0.46985802030178814,0.93,3452.16,0.651,0.02,103.40000000000002,0.02,1.28,13152.8,0.6,0.02,103.40000000000002,0.02
07,0,-12500,12500.0,104154.3532233081,16.84786033630371,0.43841206651662323,0.95,2763.52,0.539,0.09,584.43,0.032,1.35,10151.6,0.57,0.03,67.68,0.017,167418.65812158526,18.055519104003906,0.47160674018738286,1.17,4058.1900000000005,0.657,0.02,109.03999999999999,0.02,1.27,13439.8,0.608,0.02,109.03999999999999,0.02
07,0,-12000,12000.0,90998.80355610725,15.111018180847168,0.4193069657972851,1.02,3019.08,0.538,0.08,513.5899999999999,0.031,1.36,10725.6,0.588,0.03,67.68,0.017,160021.68468392568,16.923171997070312,0.4652775916144518,2.16,8196.72,0.651,0.02,110.92,0.02,1.3,13899.0,0.622,0.02,110.92,0.02
07,0,-11500,11500.0,77005.12808089037,13.158387184143066,0.39484702374242775,0.91,2423.52,0.553,0.09,478.1700000000001,0.03,1.9,11291.4,0.607,0.01,77.08,0.019,151455.3143061586,14.8472261428833,0.45599732021310085,0.69,2468.2,0.635,0.34,2284.59,0.058,1.39,14522.2,0.641,0.04,116.56,0.021
07,0,-11000,11000.0,61418.83644803814,9.856036186218262,0.355626697962744,1.39,3874.8599999999997,0.614,0.08,478.1700000000001,0.03,2.04,10578.0,0.598,0.03,80.84,0.019,141527.02426294715,12.181665420532227,0.441599824409852,1.0,3618.0,0.626,0.33,2266.88,0.058,1.5,14423.8,0.644,0.04,118.44,0.022
07,0,-10500,10500.0,49313.335149433326,6.280440330505371,0.322271041969649,1.07,2808.81,0.535,0.09,478.1700000000001,0.03,2.34,9741.6,0.588,0.02,69.56,0.018,133382.48409604505,11.158956527709961,0.4305827127799077,0.69,3090.96,0.594,0.32,2284.59,0.059,1.62,14391.0,0.648,0.04,112.8,0.022
07,0,-10000,10000.0,39312.24826182465,3.549398899078369,0.28506308869737373,0.7,1952.88,0.48,0.08,460.46,0.03,1.63,6765.0,0.502,0.02,65.8,0.017,125970.11318110688,10.854259490966797,0.41568610218440943,0.85,4826.58,0.641,0.34,2443.98,0.061,1.48,13284.0,0.633,0.04,110.92,0.022
07,0,-9500,9500.0,34676.916588199456,3.6321372985839844,0.2775345213166412,1.0,4887.2,0.459,0.08,442.75,0.03,1.0,4887.2,0.459,0.01,26.320000000000004,0.01,121440.37792376489,10.664996147155762,0.40748654901368575,0.63,3485.8,0.552,0.04,92.12,0.02,1.39,12291.8,0.617,0.04,92.12,0.02
07,0,-9000,9000.0,32212.071160494233,3.5425801277160645,0.2693649567519349,0.22,1006.74,0.373,0.01,22.56,0.01,0.4,3845.8000000000006,0.433,0.01,22.56,0.01,119776.36094914365,10.825191497802734,0.4029177820492674,0.71,3854.0999999999995,0.579,0.03,88.36,0.019,1.17,11291.4,0.596,0.03,88.36,0.019
07,0,-8500,8500.0,30690.587959986493,3.220896005630493,0.26713168111729274,0.2,792.72,0.383,0.0,16.92,0.01,0.32,2911.0,0.4,0.0,16.92,0.01,119921.12831353226,10.965127944946289,0.403016967321399,0.71,3883.1,0.581,0.01,75.2,0.018,1.16,10381.2,0.577,0.01,75.2,0.018
07,0,-8000,8000.0,29727.35323804811,2.713754653930664,0.2657506926947862,0.19,768.96,0.377,0.0,15.04,0.01,0.37,3017.6,0.403,0.0,15.04,0.01,122395.14108335553,10.98773193359375,0.4106870446453072,0.73,4422.5,0.612,0.01,71.44,0.017,1.16,9913.8,0.567,0.01,71.44,0.017
07,0,-7500,7500.0,28619.731121849833,2.212783098220825,0.2630189672182936,0.17,734.4,0.371,0.0,16.92,0.01,0.45,3222.6,0.411,0.0,16.92,0.01,125104.65288431123,10.829730987548828,0.4195798754196297,0.73,4463.1,0.615,0.01,67.68,0.017,1.16,9520.2,0.558,0.01,67.68,0.017
07,0,-7000,7000.0,27209.284630486058,2.1358892917633057,0.2614547853404881,0.26,820.7,0.356,0.01,64.62,0.02,0.41,3066.8,0.399,0.01,18.8,0.01,126977.62788073078,10.420217514038086,0.4262849723159931,0.5,2745.66,0.589,0.01,65.8,0.017,1.17,9790.8,0.567,0.01,65.8,0.017
07,0,-6500,6500.0,25780.510919269815,2.2958147525787354,0.26046811697828465,0.27,817.8,0.356,0.0,16.92,0.01,0.36,2894.6,0.39,0.0,16.92,0.01,127207.49393732351,9.890578269958496,0.4283605734826585,0.51,3023.04,0.612,0.01,71.44,0.017,1.18,10127.0,0.578,0.01,71.44,0.017
07,0,-6000,6000.0,23708.489104094457,2.179912805557251,0.24851714289161403,0.16,485.46,0.354,0.0,16.92,0.01,0.25,2615.8,0.374,0.0,16.92,0.01,125999.33367925302,9.385283470153809,0.4248416400274286,0.48,2934.6,0.604,0.01,71.44,0.018,1.19,10865.0,0.595,0.01,71.44,0.018
07,0,-5500,5500.0,22155.00677910722,2.061709403991699,0.23934374577137332,0.2,568.83,0.359,0.07,283.36,0.025,0.25,2419.0,0.365,0.01,15.04,0.01,124370.11151977963,9.408951759338379,0.4188412023096424,0.46,2753.7,0.588,0.02,84.6,0.019,1.19,11512.8,0.609,0.02,84.6,0.019
07,0,-5000,5000.0,21043.55653722365,1.8185338973999023,0.22712426862706936,0.12,359.8,0.343,0.09,318.78,0.026,0.28,2369.8,0.364,0.01,15.04,0.01,123740.24231362085,9.908896446228027,0.4129519004712177,0.38,2619.03,0.575,0.03,88.36,0.02,1.1,11266.8,0.604,0.03,88.36,0.02
07,0,-4500,4500.0,20279.34777986515,1.4373458623886108,0.21646758641014918,0.17,852.8399999999999,0.38,0.01,15.04,0.01,0.32,2353.4,0.368,0.01,15.04,0.01,125076.94277503385,10.991759300231934,0.411700089076507,0.54,4100.43,0.611,0.02,80.84,0.019,1.01,10971.6,0.598,0.02,80.84,0.019
07,0,-4000,4000.0,20019.76079845177,1.770930528640747,0.20978044336395849,0.17,642.6,0.309,0.01,15.04,0.01,0.25,2000.8,0.344,0.01,15.04,0.01,128867.33163119222,12.447165489196777,0.41350590440423807,0.77,5941.64,0.624,0.02,78.96,0.019,0.92,10471.4,0.586,0.02,78.96,0.019
07,0,-3500,3500.0,20453.763919457095,2.062999963760376,0.2099585076527847,0.2,629.92,0.322,0.0,11.28,0.009,0.19,1738.4,0.327,0.0,11.28,0.009,135138.34227674344,14.530196189880371,0.42132636990492445,0.97,6646.520000000001,0.65,0.01,71.44,0.017,0.85,10086.0,0.577,0.01,71.44,0.017
07,0,-3000,3000.0,21310.80411706971,2.3995182514190674,0.21003855162138635,0.24,881.6,0.347,0.0,11.28,0.009,0.13,1713.7999999999997,0.32,0.0,11.28,0.009,144076.26516312174,16.800273895263672,0.43511449534044033,0.99,5280.9,0.653,0.01,69.56,0.017,0.89,10373.0,0.585,0.01,69.56,0.017
07,0,-2500,2500.0,23005.207645470942,2.538066864013672,0.2157407438515,0.23,578.88,0.341,0.0,11.28,0.009,0.19,1795.8,0.326,0.0,11.28,0.009,153852.21484934536,18.626272201538086,0.4501665546675481,0.98,4381.5,0.638,0.02,73.32,0.018,1.03,10799.4,0.595,0.02,73.32,0.018
07,0,-2000,2000.0,24981.817824925824,2.3461153507232666,0.2197523723940826,0.22,565.92,0.332,0.0,11.28,0.009,0.3,2025.4000000000003,0.335,0.0,11.28,0.009,164346.94707751775,19.82913589477539,0.4661684885954141,1.26,5684.0,0.671,0.02,75.2,0.018,1.19,11463.6,0.609,0.02,75.2,0.018
07,0,-1500,1500.0,26940.18453461404,2.1014492511749268,0.2223699126342025,0.21,602.64,0.339,0.01,13.160000000000002,0.009,0.4,2271.4,0.348,0.01,13.160000000000002,0.009,173723.00962596032,19.976537704467773,0.47817088949732883,1.06,3710.88,0.644,0.03,84.6,0.019,1.34,12119.6,0.623,0.03,84.6,0.019
07,0,-1000,1000.0,29073.574586351184,1.7044603824615479,0.22759147676336305,0.33,1199.52,0.337,0.01,13.160000000000002,0.009,0.38,2222.2,0.333,0.01,13.160000000000002,0.009,181622.38076852824,19.34541130065918,0.48593106169159844,1.09,3788.64,0.649,0.03,86.48,0.02,1.49,13210.2,0.642,0.03,86.48,0.02
07,0,-500,500.0,31102.390167624988,1.5625545978546143,0.23259183012754847,0.22,957.58,0.347,0.01,15.04,0.009,0.33,2132.0,0.32,0.01,15.04,0.009,187868.01694408857,17.912622451782227,0.48898609192476516,1.16,4026.24,0.665,0.04,105.28000000000002,0.021,1.72,14136.799999999997,0.658,0.04,105.28000000000002,0.021
07,0,0,0.0,33260.95464004266,1.9196603298187256,0.2388957484672978,0.26,1056.64,0.359,0.01,15.04,0.01,0.21,2246.8,0.317,0.01,15.04,0.01,194301.39707623344,15.729365348815918,0.4933402253776153,1.06,4069.44,0.667,0.05,109.03999999999999,0.022,1.84,14776.4,0.668,0.05,109.03999999999999,0.022
07,0,500,500.0,35854.85885430886,2.1722636222839355,0.24774978307106257,0.31,1125.22,0.369,0.0,16.92,0.01,0.17,2533.8,0.33,0.0,16.92,0.01,200211.87336798967,18.03684425354004,0.496410723983344,1.04,5945.0,0.674,0.05,118.44,0.022,1.8,15342.2,0.676,0.05,118.44,0.022
07,0,1000,1000.0,38401.12292351936,2.3646492958068848,0.25344213250886977,0.27,915.84,0.374,0.0,16.92,0.01,0.28,3034.0,0.355,0.0,16.92,0.01,205763.30633707927,19.26004981994629,0.4944996649827549,0.94,5232.4,0.669,0.05,120.32,0.023,1.47,15629.199999999999,0.68,0.05,120.32,0.023
07,0,1500,1500.0,40907.248909885995,2.5090115070343018,0.2579447677027337,0.36,1010.8799999999999,0.389,0.01,20.68,0.01,0.41,3616.2,0.385,0.01,20.68,0.01,212252.9630276686,19.502307891845703,0.49406003820778355,0.95,4635.36,0.691,0.04,120.32,0.023,1.3,16072.000000000002,0.686,0.04,120.32,0.023
07,0,2000,2000.0,43552.90759736909,3.3876938819885254,0.26443339374455294,0.33,997.92,0.388,0.01,20.68,0.01,0.51,3854.0,0.396,0.01,20.68,0.01,222353.73293303355,17.882761001586914,0.49532256296874855,1.55,7147.17,0.731,0.04,122.2,0.023,1.9,17088.8,0.696,0.04,122.2,0.023
07,0,2500,2500.0,45798.94333528063,4.151338577270508,0.26889272578967827,0.6,2192.96,0.397,0.01,22.56,0.01,0.58,3985.2000000000003,0.404,0.01,22.56,0.01,235305.1186261082,15.725900650024414,0.4991425708843849,1.54,7054.469999999999,0.721,0.03,135.36,0.024,2.57,18105.6,0.707,0.03,135.36,0.024
07,0,3000,3000.0,48171.81818523589,5.395921230316162,0.27851553434620996,0.58,1821.2,0.411,0.01,24.44,0.01,0.5,3911.3999999999996,0.402,0.01,24.44,0.01,252673.9779407329,13.540186882019043,0.5129362413740737,1.52,6986.49,0.713,0.03,139.12,0.024,2.55,17999.0,0.699,0.03,139.12,0.024
07,0,3500,3500.0,50045.58476533224,6.338244438171387,0.28701140994965413,0.59,1850.2,0.413,0.01,22.56,0.01,0.4,3854.0,0.403,0.01,22.56,0.01,269931.85336487606,14.736425399780273,0.5268173839799528,2.12,13577.84,0.77,0.04,137.24,0.024,2.4,17851.4,0.69,0.04,137.24,0.024
07,0,4000,4000.0,51295.29104004174,6.874198913574219,0.2958081917199655,0.67,1751.6,0.407,0.01,22.56,0.01,0.44,4181.999999999999,0.419,0.01,22.56,0.01,284925.4660354003,16.544588088989258,0.5462520499148508,1.89,10529.9,0.77,0.04,137.24,0.023,1.64,18204.0,0.686,0.04,137.24,0.023
07,0,4500,4500.0,51563.377359659615,7.002464294433594,0.300643418147719,0.67,1745.7999999999997,0.406,0.01,24.44,0.011,0.62,4559.2,0.438,0.01,24.44,0.011,290933.3707921892,19.646909713745117,0.5558606911403234,1.97,10631.399999999998,0.772,0.03,146.64,0.024,1.58,18630.4,0.69,0.03,146.64,0.024
07,0,5000,5000.0,50719.193514164945,6.630434036254883,0.30413901315540964,0.39,1002.24,0.405,0.01,26.320000000000004,0.011,0.79,4903.6,0.449,0.01,26.320000000000004,0.011,285190.3303425057,21.582958221435547,0.5587014262648514,1.96,9338.0,0.748,0.04,150.4,0.024,1.66,21336.4,0.717,0.04,150.4,0.024
07,0,5500,5500.0,48496.752009987475,5.998292922973633,0.30173057178916896,0.49,1181.88,0.409,0.01,28.2,0.011,0.94,5149.6,0.457,0.01,28.2,0.011,272260.90475594805,22.151409149169922,0.5511652765154008,1.95,9239.4,0.746,0.06,195.52,0.026,1.78,24001.4,0.741,0.06,195.52,0.026
07,0,6000,6000.0,45261.69128904666,5.247762680053711,0.29810282544775774,0.46,1099.47,0.403,0.01,30.08,0.011,0.95,4961.0,0.452,0.01,30.08,0.011,252908.06832971025,20.79825210571289,0.5416459392949575,2.14,6777.3,0.683,0.07,208.68000000000004,0.027,1.83,25477.4,0.75,0.07,208.68000000000004,0.027
07,0,6500,6500.0,41910.05630515677,4.410497188568115,0.29453889050625964,0.38,942.6900000000002,0.393,0.08,442.75,0.029,0.91,4747.8,0.447,0.01,28.2,0.011,228471.02321578487,19.81998634338379,0.5219581619533902,2.2,6588.8,0.677,0.05,227.48,0.028,2.49,26477.8,0.755,0.05,227.48,0.028
07,0,7000,7000.0,37925.58680038298,3.6682941913604736,0.2881410792537337,0.35,898.47,0.387,0.09,389.62,0.029,0.74,4460.8,0.443,0.01,26.320000000000004,0.011,199799.13847918407,20.90642738342285,0.49307524243590684,1.12,3723.5999999999995,0.658,0.05,233.12,0.028,2.24,23493.0,0.726,0.05,233.12,0.028
07,0,7500,7500.0,34324.070319372455,3.2122912406921387,0.2842219125631132,0.28,812.04,0.382,0.08,336.49,0.028,0.65,4255.8,0.443,0.01,24.44,0.01,175595.5852751155,20.863258361816406,0.46916020870561964,1.41,4389.84,0.666,0.03,186.12,0.025,2.0,20278.6,0.691,0.03,186.12,0.025
07,0,8000,8000.0,30626.152918278913,2.56034255027771,0.27874500513536177,0.36,1461.5700000000002,0.455,0.04,265.65,0.026,0.64,3936.0,0.435,0.01,22.56,0.01,153930.46726324758,19.19890022277832,0.4406830563425886,2.69,8878.08,0.661,0.33,1753.29,0.046,1.81,17876.0,0.66,0.04,174.84,0.025
07,0,8500,8500.0,27224.86016412185,1.954676866531372,0.2755707630624902,0.27,1300.89,0.443,0.04,212.52,0.024,0.61,3657.2,0.43,0.01,20.68,0.01,138186.5607239763,16.662109375,0.42259558933561436,4.52,18812.25,0.632,0.22,1487.64,0.042,2.05,16072.000000000002,0.635,0.04,137.24,0.022
07,0,9000,9000.0,23488.48915492894,1.4534457921981812,0.2617376716745013,0.15,483.7199999999999,0.357,0.05,212.52,0.024,0.47,3214.4,0.414,0.01,20.68,0.01,124761.92382514518,13.311681747436523,0.40343704314689804,1.42,5008.89,0.613,0.27,1168.86,0.035,2.31,14095.800000000001,0.606,0.05,125.96000000000001,0.021
07,0,9500,9500.0,20519.855696806568,1.1674251556396484,0.25109897064496217,0.21,570.24,0.36,0.0,16.92,0.01,0.33,2820.8,0.4,0.0,16.92,0.01,114896.16334550365,10.126534461975098,0.3938435109454919,0.64,2299.44,0.513,0.08,805.12,0.074,2.54,12644.4,0.586,0.03,99.64,0.02
07,0,10000,10000.0,18092.793701516202,1.2196825742721558,0.23547251997755642,0.11,344.4,0.349,0.01,61.03000000000001,0.02,0.25,2509.2,0.389,0.01,16.92,0.01,104395.09244330924,7.5129075050354,0.3718803384905592,1.03,4740.06,0.614,0.08,763.68,0.073,1.75,11955.6,0.576,0.03,90.24,0.019
07,0,10500,10500.0,16124.51631513792,1.359165072441101,0.2215820642058546,0.15,590.96,0.295,0.08,265.65,0.026,0.26,2181.2,0.373,0.01,15.04,0.01,95582.19367269572,6.850574970245361,0.3533242517119853,0.75,2114.1,0.406,0.02,78.96,0.017,1.39,11652.2,0.578,0.02,78.96,0.017
07,0,11000,11000.0,14873.967610915155,1.5596821308135986,0.20700099867395622,0.17,478.5,0.307,0.09,301.07,0.028,0.13,1656.4,0.34,0.01,13.160000000000002,0.01,89098.10832859884,6.534701824188232,0.3309841943376139,0.79,2134.4,0.406,0.02,77.08,0.017,1.05,11447.2,0.575,0.02,77.08,0.017
07,0,11500,11500.0,15281.166105954413,1.9716999530792236,0.20945602808634792,0.18,490.1,0.309,0.0,9.4,0.009,0.14,1246.4,0.312,0.0,9.4,0.009,87855.18352845265,5.8071608543396,0.3207305656151472,0.79,2137.3,0.406,0.02,73.32,0.017,1.08,11160.2,0.569,0.02,73.32,0.017
07,0,12000,12000.0,17225.15590538767,2.519191265106201,0.21573030591187436,0.19,591.6,0.336,0.0,7.52,0.009,0.15,1205.4,0.317,0.0,7.52,0.009,94144.80239105038,9.552605628967285,0.3267678286324472,0.99,2997.0,0.494,0.02,71.44,0.017,0.79,9077.4,0.518,0.02,71.44,0.017
07,0,12500,12500.0,20261.36065047303,3.189119815826416,0.22845861788939517,0.26,603.46,0.233,0.0,7.52,0.009,0.2,1238.2,0.329,0.0,7.52,0.009,106796.90926517973,14.32986068725586,0.3494110898315189,1.79,4052.62,0.454,0.01,41.36,0.011,0.61,7068.399999999999,0.457,0.01,41.36,0.011
07,0,13000,13000.0,24395.732578888914,4.150513648986816,0.2442417131858796,1.07,3472.05,0.456,0.0,7.52,0.009,0.25,1279.2,0.326,0.0,7.52,0.009,120448.52241541221,20.83221435546875,0.3721631065625822,2.26,5094.9,0.626,0.01,35.72,0.01,0.5,6535.4,0.445,0.01,35.72,0.01
07,0,13500,13500.0,28758.80746215864,4.936388969421387,0.2584180225451566,1.25,4104.93,0.474,0.0,7.52,0.009,0.3,1320.2,0.327,0.0,7.52,0.009,133009.90701791493,25.346128463745117,0.3935947922722451,2.39,4856.48,0.634,0.01,33.84,0.01,0.51,6133.6,0.436,0.01,33.84,0.01
07,0,14000,14000.0,33714.39994304454,5.507867813110352,0.2773311883590605,0.37,1089.66,0.412,0.0,9.4,0.009,0.39,1623.6,0.358,0.0,9.4,0.009,145542.30977936104,28.607025146484375,0.42196049422917414,2.6,5380.5599999999995,0.633,0.01,31.960000000000004,0.01,1.47,7822.799999999999,0.478,0.01,31.960000000000004,0.01
07,0,14500,14500.0,38160.18190582662,5.682305335998535,0.29118931782468,0.36,801.36,0.411,0.0,11.28,0.01,0.51,2009.0000000000002,0.391,0.0,11.28,0.01,154867.28886586858,30.70020294189453,0.44494915563472726,2.6,4332.96,0.651,0.02,58.28,0.014,3.04,10561.6,0.553,0.02,58.28,0.014
07,0,15000,15000.0,42167.04558864946,5.255683422088623,0.2996340945461532,0.62,1402.86,0.485,0.01,43.08,0.019,0.72,2730.6,0.432,0.01,11.28,0.01,156236.3051000365,30.16921043395996,0.45467404065243616,3.92,6918.51,0.702,0.02,67.68,0.016,4.69,13940.0,0.622,0.02,67.68,0.016
07,0,15500,15500.0,45590.731931957525,4.9048285484313965,0.3026900987712373,0.66,1575.9,0.494,0.01,16.92,0.01,0.95,3460.4,0.46,0.01,16.92,0.01,149316.50056376203,28.673255920410156,0.44352750763895454,2.77,6405.57,0.684,0.29,1806.42,0.048,6.73,17031.4,0.669,0.1,116.56,0.021
07,0,16000,16000.0,48665.98611358889,6.182387828826904,0.29970174643986386,0.71,1776.75,0.505,0.01,16.92,0.011,1.07,4050.8000000000006,0.478,0.01,16.92,0.011,136772.55091952282,23.23655891418457,0.423112683212392,5.32,16432.8,0.662,0.31,1753.29,0.047,5.32,16432.8,0.662,0.11,127.84000000000002,0.022
07,0,16500,16500.0,52008.243427075344,7.2761712074279785,0.2966315973852945,0.54,1724.22,0.498,0.01,22.56,0.011,1.12,4534.6,0.49,0.01,22.56,0.011,122942.03549298426,17.520971298217773,0.3990437450537183,3.64,15194.600000000002,0.645,0.41,1753.29,0.047,3.64,15194.600000000002,0.645,0.06,118.44,0.021
07,0,17000,17000.0,56374.34127776894,8.329679489135742,0.29861840741776946,0.43,1858.9,0.421,0.01,22.56,0.011,0.84,4510.0,0.487,0.01,22.56,0.011,109228.96283453007,13.082578659057617,0.3715582715721136,1.17,4677.84,0.535,0.12,905.76,0.08,2.33,13087.2,0.61,0.04,114.68,0.021
07,0,17500,17500.0,61026.35726650007,9.470579147338867,0.3006879369808847,0.42,1656.08,0.418,0.01,22.56,0.011,0.58,4428.0,0.483,0.01,22.56,0.011,99570.41566825839,10.101287841796875,0.35307153362428595,1.39,4834.48,0.543,0.02,86.48,0.018,1.49,11119.2,0.573,0.02,86.48,0.018
07,0,18000,18000.0,67501.31222673702,10.223623275756836,0.31177864885514006,0.55,2755.0,0.49,0.01,22.56,0.011,0.69,4469.0,0.478,0.01,22.56,0.011,94373.17461068493,8.23741626739502,0.34061668975357073,0.9,3358.2,0.515,0.01,77.08,0.017,1.27,9831.8,0.541,0.01,77.08,0.017
07,0,18500,18500.0,74840.27322341918,10.506220817565918,0.32583500472195664,0.42,1432.08,0.425,0.01,22.56,0.01,0.79,4608.4,0.475,0.01,22.56,0.01,93155.97976948888,6.664648532867432,0.3388470584864968,0.92,3372.7,0.516,0.01,60.16,0.015,1.14,8888.8,0.517,0.01,60.16,0.015
07,0,19000,19000.0,82062.57517248305,10.516453742980957,0.34005433183589906,0.35,1668.66,0.491,0.01,22.56,0.01,0.89,5362.8,0.478,0.01,22.56,0.01,94549.66514998296,6.642969608306885,0.3384854483946893,0.46,1804.3799999999997,0.488,0.01,56.4,0.014,0.97,7937.6,0.488,0.01,56.4,0.014
07,0,19500,19500.0,87816.9571829827,10.419201850891113,0.34949930387047934,0.46,2028.2400000000002,0.487,0.01,30.08,0.011,1.0,6141.8,0.482,0.01,30.08,0.011,97139.9881780451,6.177266597747803,0.34094749658184853,0.56,2166.78,0.499,0.01,45.12,0.012,0.82,7060.199999999999,0.462,0.01,45.12,0.012
07,0,20000,20000.0,92017.72525478137,10.296338081359863,0.3547032210206209,0.43,2036.88,0.484,0.01,31.960000000000004,0.011,1.04,7084.800000000001,0.497,0.01,31.960000000000004,0.011,102230.30096612565,5.34126615524292,0.347364648073121,0.75,3480.0,0.521,0.01,43.24,0.012,0.64,7125.8,0.463,0.01,43.24,0.012
08,0,-20000,20000.0,376968.2766684491,62.54935836791992,0.4733507406212834,5.76,10982.96,0.75,0.28,434.28,0.031,17.74,50331.6,0.815,0.28,434.28,0.031,126610.8351830488,22.21746826171875,0.37154734963571584,2.76,6417.7,0.669,0.01,20.68,0.01,0.41,3542.4000000000005,0.364,0.01,20.68,0.01
08,0,-19500,19500.0,367479.7640496033,64.69294738769531,0.4727864183118409,6.17,11214.1,0.756,0.2,385.3999999999999,0.03,12.75,45649.4,0.8,0.2,385.3999999999999,0.03,158782.31698908907,26.628419876098633,0.4094477296119078,2.86,6600.4,0.676,0.01,24.44,0.01,0.63,4313.2,0.392,0.01,24.44,0.01
08,0,-19000,19000.0,367463.864629475,65.8700180053711,0.4857116845126886,4.18,7553.339999999999,0.757,0.09,334.4,0.08,12.98,41057.4,0.781,0.18,379.76,0.03,194694.98852557567,31.919368743896484,0.45052248099815706,2.71,8737.7,0.733,0.01,26.320000000000004,0.01,1.28,6527.2,0.446,0.01,26.320000000000004,0.01
08,0,-18500,18500.0,367763.0014132954,65.58605194091797,0.5021527937293385,5.67,9696.24,0.766,0.09,334.4,0.08,12.58,36826.2,0.763,0.15,319.6,0.029,226790.48292670905,35.212074279785156,0.47760073905685,1.93,4307.43,0.665,0.03,50.76,0.013,1.96,9487.4,0.525,0.03,50.76,0.013
08,0,-18000,18000.0,367106.83444839757,64.03195190429688,0.522849662837896,5.68,10190.88,0.773,0.66,3931.6200000000003,0.065,13.22,36678.6,0.761,0.17,297.04,0.028,251052.31798390855,35.27558135986328,0.4942605404953431,2.6,8980.2,0.744,0.03,67.68,0.016,2.83,12406.6,0.594,0.03,67.68,0.016
08,0,-17500,17500.0,357733.49087637675,62.0846061706543,0.54077852098903,5.42,11685.6,0.8,0.4,2567.95,0.051,13.89,36998.4,0.764,0.19,304.56,0.028,270356.0598796182,33.0300178527832,0.500374810598818,2.85,9117.9,0.745,0.06,109.03999999999999,0.021,3.86,15129.0,0.644,0.06,109.03999999999999,0.021
08,0,-17000,17000.0,331628.2924168545,52.029972076416016,0.5429504619737852,7.47,17600.64,0.82,0.35,2142.91,0.045,14.56,40631.0,0.78,0.2,308.32,0.028,286690.3915398221,34.317020416259766,0.4999510773668044,3.54,9493.2,0.752,0.07,116.56,0.021,3.9,18048.2,0.684,0.07,116.56,0.021
08,0,-16500,16500.0,297088.76032035425,43.444297790527344,0.5346749960301136,6.28,16658.19,0.812,0.42,1877.26,0.041,14.2,44271.8,0.796,0.19,362.84,0.03,298945.5082306075,38.159664154052734,0.4910271382503537,3.62,9011.92,0.758,0.07,159.8,0.024,3.78,20770.6,0.714,0.07,159.8,0.024
08,0,-16000,16000.0,240907.12142036864,28.554712295532227,0.4860435039723245,4.94,15585.96,0.801,0.41,1859.55,0.041,11.18,41098.4,0.784,0.19,383.52,0.03,308774.05431250896,43.94371795654297,0.47919341268879617,4.06,9718.04,0.771,0.06,171.08,0.025,4.51,23607.8,0.736,0.06,171.08,0.025
08,0,-15500,15500.0,196140.71309958666,16.63974952697754,0.44315899478920284,3.26,12554.67,0.761,0.38,1771.0,0.039,8.45,37949.6,0.77,0.13,313.96,0.029,315754.13416224346,47.28060531616211,0.46344651174829743,4.29,10154.92,0.78,0.08,212.43999999999997,0.027,6.14,26166.2,0.755,0.08,212.43999999999997,0.027
08,0,-15000,15000.0,162556.76086914152,16.464065551757812,0.39895807969714614,4.87,29765.999999999996,0.723,0.28,1664.74,0.038,4.87,29765.999999999996,0.723,0.11,295.16,0.028,326042.1071182625,52.3992805480957,0.4624704961644498,2.92,6565.019999999999,0.772,0.09,225.6,0.027,7.19,27715.999999999996,0.763,0.09,225.6,0.027
08,0,-14500,14500.0,143443.51800813287,17.06800651550293,0.37852159184901524,3.92,15901.11,0.565,0.26,1700.16,0.039,2.16,21959.6,0.658,0.05,171.08,0.023,333377.73510250234,55.80499267578125,0.46015975229402695,4.52,13589.0,0.835,0.11,240.64,0.028,8.08,29462.6,0.773,0.11,240.64,0.028
08,0,-14000,14000.0,137441.1199037254,17.273752212524414,0.36474959223184006,4.25,17500.89,0.588,0.04,135.36,0.021,1.85,17326.6,0.601,0.04,135.36,0.021,347000.3225841166,61.18532943725586,0.4795917166932447,4.58,13670.28,0.837,0.12,246.28,0.028,9.22,31996.400000000005,0.787,0.12,246.28,0.028
08,0,-13500,13500.0,136907.0992605666,17.338239669799805,0.3620574809398853,1.16,3419.28,0.526,0.02,90.24,0.016,1.68,12783.8,0.527,0.02,90.24,0.016,353861.2467002482,64.46218872070312,0.4968056607509816,4.75,13733.78,0.838,0.13,272.6,0.029,10.33,34997.6,0.803,0.13,272.6,0.029
08,0,-13000,13000.0,142914.77670906234,14.661316871643066,0.36387595171126363,2.08,5735.04,0.588,0.02,75.2,0.015,2.45,13128.200000000003,0.534,0.02,75.2,0.015,356829.0857071205,61.80802536010742,0.5236088816256764,6.0,16917.75,0.858,0.13,282.0,0.029,12.16,39712.6,0.824,0.13,282.0,0.029
08,0,-12500,12500.0,151652.48535877815,11.366387367248535,0.3691601750685729,1.71,5704.14,0.586,0.07,276.43,0.029,3.54,13841.6,0.548,0.04,90.24,0.016,347837.697095311,61.22246170043945,0.5427499422660755,4.54,11681.28,0.846,0.12,355.32,0.031,13.75,43919.2,0.844,0.12,355.32,0.031
08,0,-12000,12000.0,165178.74194155715,11.778067588806152,0.3824380304681514,1.31,5707.23,0.589,0.07,276.43,0.029,2.91,13489.0,0.542,0.05,95.88,0.017,321882.4136754111,58.403282165527344,0.5466028334678159,6.72,16760.16,0.861,1.23,3807.65,0.072,14.16,44247.2,0.846,0.14,376.0,0.031
08,0,-11500,11500.0,182351.34646028967,12.348810195922852,0.4017030921123378,1.43,8668.6,0.617,0.02,86.48,0.016,2.3,13415.2,0.542,0.02,86.48,0.016,297592.28888554976,55.851078033447266,0.5522894299437011,5.59,14643.51,0.841,1.05,3559.7099999999996,0.07,14.26,43730.6,0.846,0.15,377.87999999999994,0.031
08,0,-11000,11000.0,203450.01401083297,13.551673889160156,0.42374362289702033,2.01,9412.64,0.634,0.02,82.72,0.016,1.57,13923.6,0.549,0.02,82.72,0.016,258300.31714288105,50.53464126586914,0.5202830150501744,3.31,6741.54,0.761,1.34,3754.52,0.071,11.6,38031.6,0.825,0.16,377.87999999999994,0.031
08,0,-10500,10500.0,226255.76930201665,13.765327453613281,0.44550763324904263,2.37,9879.0,0.644,0.04,92.12,0.017,1.66,14587.8,0.56,0.04,92.12,0.017,227796.9496097774,45.84263229370117,0.4941905553097822,2.63,4536.57,0.682,0.14,295.16,0.03,8.87,32258.800000000003,0.799,0.14,295.16,0.03
08,0,-10000,10000.0,252078.09927090016,14.12584400177002,0.4670360159953856,2.2,8044.6,0.656,0.04,95.88,0.017,1.98,16629.600000000002,0.591,0.04,95.88,0.017,203277.94360945976,35.60493469238281,0.4598831303807779,4.87,9122.88,0.674,0.15,272.6,0.029,5.73,25379.0,0.756,0.15,272.6,0.029
08,0,-9500,9500.0,275491.5195541083,15.66794204711914,0.4819282631723338,2.25,8096.800000000001,0.658,0.04,131.6,0.02,2.16,18515.6,0.617,0.04,131.6,0.02,193381.62743085844,30.105504989624023,0.4525213965713113,2.33,5511.8,0.662,0.1,180.48,0.026,4.51,19343.8,0.703,0.1,180.48,0.026
08,0,-9000,9000.0,293072.1001496626,17.770505905151367,0.4885677280032039,3.11,13068.76,0.707,0.04,142.88,0.021,1.8,20049.0,0.635,0.04,142.88,0.021,191078.14191418444,33.100975036621094,0.45143855334202226,2.39,5618.48,0.661,0.07,148.52,0.024,3.39,17925.2,0.687,0.07,148.52,0.024
08,0,-8500,8500.0,306573.3962208999,21.61315155029297,0.48809881006161904,3.6,13787.879999999997,0.719,0.03,167.32,0.023,1.7,21246.2,0.649,0.03,167.32,0.023,193118.6670075165,34.60517883300781,0.46058708397770975,2.6,5076.0,0.686,0.05,127.84000000000002,0.023,4.05,17564.4,0.683,0.05,127.84000000000002,0.023
08,0,-8000,8000.0,322638.2091880961,25.743375778198242,0.4955754734177154,10.46,38843.01,0.757,0.04,174.84,0.023,1.8,22779.6,0.665,0.04,174.84,0.023,194780.68160969933,34.87716293334961,0.47277640884811967,4.09,8460.42,0.742,0.48,2815.89,0.061,5.45,19147.0,0.698,0.06,122.2,0.022
08,0,-7500,7500.0,339549.94384503004,29.223827362060547,0.5047782105183773,10.66,41523.96,0.769,0.06,191.76,0.024,2.49,24485.2,0.682,0.06,191.76,0.024,194246.71879575547,35.65288543701172,0.48387485250747453,4.0,8330.64,0.735,0.74,2178.33,0.052,6.79,20795.2,0.713,0.09,142.88,0.023
08,0,-7000,7000.0,358827.1296933701,31.218299865722656,0.5229778943849079,3.13,11439.180000000002,0.743,0.06,201.16,0.025,3.89,26502.4,0.7,0.06,201.16,0.025,187052.3388100298,35.18780517578125,0.4880996328941758,3.88,8275.02,0.733,0.78,1735.58,0.045,7.13,20934.6,0.711,0.09,148.52,0.023
08,0,-6500,6500.0,370703.90502553445,31.891944885253906,0.5349081066208404,3.41,12251.85,0.754,0.07,225.6,0.026,5.29,28700.0,0.717,0.07,225.6,0.026,172740.9367841795,30.750165939331055,0.4760636094933333,3.06,7854.780000000001,0.72,0.47,1275.12,0.037,7.14,20803.4,0.709,0.09,150.4,0.023
08,0,-6000,6000.0,376087.88098905643,30.942644119262695,0.543227838956181,3.72,13212.84,0.768,0.08,233.12,0.026,6.3,31037.0,0.731,0.08,233.12,0.026,154022.431915308,23.642440795898438,0.45583565564505496,6.02,19909.6,0.698,0.03,107.92,0.054,6.02,19909.6,0.698,0.09,152.28,0.024
08,0,-5500,5500.0,377385.48711423035,29.123477935791016,0.5453306566666866,3.28,13596.0,0.772,0.08,261.32,0.027,7.21,33185.4,0.743,0.08,261.32,0.027,134726.98053838848,16.287633895874023,0.432100938352964,4.7,18794.4,0.685,0.03,107.92,0.054,4.7,18794.4,0.685,0.05,142.88,0.023
08,0,-5000,5000.0,375486.7617797654,25.91097068786621,0.5383063017272794,3.13,14025.51,0.776,0.08,268.84,0.027,6.51,34153.0,0.746,0.08,268.84,0.027,115393.61649215093,13.10601806640625,0.403122319155209,1.1,3008.94,0.486,0.25,779.24,0.031,2.82,16317.999999999998,0.653,0.06,141.0,0.023
08,0,-4500,4500.0,381716.9499446318,27.22467613220215,0.534459398304572,1.7,7127.46,0.709,0.08,280.12,0.027,5.62,34973.0,0.749,0.08,280.12,0.027,99192.21635309985,13.523225784301758,0.38099419728635325,1.37,2693.52,0.535,0.17,708.4,0.03,1.7,14062.999999999998,0.617,0.02,101.52,0.019
08,0,-4000,4000.0,394327.1350009076,27.392635345458984,0.5304417543541791,8.13,50384.28,0.799,0.08,283.88,0.028,3.85,32504.8,0.732,0.08,283.88,0.028,84053.82958665701,13.627984046936035,0.3472092127999119,1.27,2499.12,0.516,0.14,743.82,0.03,2.15,12718.2,0.595,0.03,90.24,0.018
08,0,-3500,3500.0,401231.2822188309,27.806432723999023,0.5163128482370009,5.21,17034.16,0.709,0.06,244.4,0.026,2.63,29782.4,0.714,0.06,244.4,0.026,71986.35791611257,11.806769371032715,0.31942275850339735,1.73,4517.58,0.607,0.17,796.95,0.031,2.76,11734.2,0.58,0.05,73.32,0.016
08,0,-3000,3000.0,415581.2016328724,29.675556182861328,0.5140496314684059,5.68,17443.14,0.713,0.06,235.0,0.025,2.86,29651.199999999997,0.712,0.06,235.0,0.025,62314.312887254506,9.2262601852417,0.2922474986316538,1.5,3998.46,0.58,0.22,814.66,0.031,2.46,10274.6,0.55,0.06,71.44,0.017
08,0,-2500,2500.0,430441.94850610656,30.77936553955078,0.5163706697980988,16.46,61222.350000000006,0.828,0.05,238.76,0.025,2.97,30012.0,0.715,0.05,238.76,0.025,55962.206038055476,6.953075885772705,0.27609440433148835,1.22,3054.48,0.418,0.09,520.96,0.065,2.05,8905.2,0.516,0.04,48.88,0.013
08,0,-2000,2000.0,452052.6233480414,35.75056457519531,0.5338643825524246,15.22,51918.23,0.811,0.05,238.76,0.025,3.13,35030.4,0.746,0.05,238.76,0.025,51779.99927460089,6.075479507446289,0.26418117212829345,1.27,2812.4,0.402,0.02,39.48,0.011,1.25,6568.2,0.447,0.02,39.48,0.011
08,0,-1500,1500.0,467929.58850438445,43.55621337890625,0.5490542325949924,13.5,42439.14,0.82,0.06,297.04,0.027,5.26,41475.6,0.778,0.06,297.04,0.027,50592.24224957301,6.120980739593506,0.26574912356369296,1.31,2751.88,0.404,0.01,28.2,0.01,0.86,4944.6,0.41,0.01,28.2,0.01
08,0,-1000,1000.0,475141.07653186074,47.95746994018555,0.5649469269847356,7.48,22349.97,0.849,0.06,313.96,0.028,11.13,48658.8,0.807,0.06,313.96,0.028,51141.120321249946,7.19993782043457,0.27064692877883756,0.83,1827.0,0.401,0.01,24.44,0.01,0.77,4567.4,0.395,0.01,24.44,0.01
08,0,-500,500.0,471102.1289417731,49.616455078125,0.5729950478654006,6.68,21052.17,0.839,0.13,423.0,0.031,15.89,55021.99999999999,0.826,0.13,423.0,0.031,51048.57598957366,7.760956764221191,0.27279444304067213,0.84,1824.1,0.402,0.01,24.44,0.01,0.73,4223.0,0.381,0.01,24.44,0.01
08,0,0,0.0,450896.9524185752,40.52448272705078,0.5732572320112119,5.8,19655.49,0.829,1.42,7579.88,0.085,14.75,52988.40000000001,0.82,0.17,445.56,0.031,50599.936980582206,7.956156253814697,0.2752959129033304,1.3,3733.21,0.385,0.01,24.44,0.01,0.7,4223.0,0.382,0.01,24.44,0.01
08,0,500,500.0,425466.21616063674,34.16354751586914,0.568242458275414,12.61,49675.6,0.809,0.14,417.36000000000007,0.031,12.61,49675.6,0.809,0.14,417.36000000000007,0.031,49651.728153717864,7.890601634979248,0.2758935970549401,0.49,1185.9,0.401,0.01,26.320000000000004,0.01,0.69,4296.8,0.388,0.01,26.320000000000004,0.01
08,0,1000,1000.0,395102.4156935646,31.459692001342773,0.5527031041142281,8.16,44845.8,0.79,0.14,411.72,0.031,8.16,44845.8,0.79,0.14,411.72,0.031,48453.571801766746,7.616551399230957,0.2767685413022833,0.69,1878.72,0.449,0.01,26.320000000000004,0.01,0.78,4403.4,0.398,0.01,26.320000000000004,0.01
08,0,1500,1500.0,368960.1320549645,28.376277923583984,0.541250052019769,1.43,7742.520000000001,0.718,0.07,344.04,0.029,4.83,39868.4,0.768,0.07,344.04,0.029,47011.11670039417,7.308684825897217,0.27605508941806606,0.69,1835.4600000000003,0.446,0.01,26.320000000000004,0.01,1.08,4559.2,0.414,0.01,26.320000000000004,0.01
08,0,2000,2000.0,346471.86078460136,24.37082862854004,0.5249090135552976,2.86,15650.88,0.712,0.05,327.12,0.028,3.57,35637.2,0.745,0.05,327.12,0.028,45610.01246430431,7.141804218292236,0.27397649629574095,0.69,1813.83,0.45,0.01,26.320000000000004,0.01,1.16,4469.0,0.411,0.01,26.320000000000004,0.01
08,0,2500,2500.0,333857.6150544695,24.948631286621094,0.5179282425397832,1.6,7080.48,0.685,0.05,270.72,0.027,2.8,31684.8,0.721,0.05,270.72,0.027,44501.24110016838,7.100772857666016,0.2727883822614006,0.61,1423.9,0.391,0.01,24.44,0.01,1.19,4387.0,0.411,0.01,24.44,0.01
08,0,3000,3000.0,329158.32726882474,23.177555084228516,0.5144231851596485,1.53,6920.64,0.68,0.05,255.68000000000004,0.026,2.66,29470.799999999996,0.705,0.05,255.68000000000004,0.026,43650.2698210137,7.294151306152344,0.27017609882842647,0.69,1377.5,0.391,0.01,24.44,0.01,1.07,4198.4,0.405,0.01,24.44,0.01
08,0,3500,3500.0,328011.594533805,22.699710845947266,0.5157475591375793,1.46,6293.31,0.677,0.06,229.36,0.025,3.01,27757.0,0.693,0.06,229.36,0.025,43281.88351681729,7.536656856536865,0.2690720002190112,0.7,1380.4,0.392,0.01,24.44,0.01,0.9,4009.7999999999997,0.4,0.01,24.44,0.01
08,0,4000,4000.0,325370.6918975655,25.735870361328125,0.5148389445338997,2.4,9256.8,0.686,0.06,221.84,0.025,2.79,26535.2,0.683,0.06,221.84,0.025,43611.38552616983,7.793094635009766,0.27085508480855053,0.46,958.7699999999999,0.393,0.01,24.44,0.01,0.82,3845.8000000000006,0.398,0.01,24.44,0.01
08,0,4500,4500.0,320910.1632436272,29.230926513671875,0.5132110593567801,3.33,11495.24,0.682,0.06,206.80000000000004,0.024,2.41,25493.8,0.675,0.06,206.80000000000004,0.024,43898.14360173076,7.744198799133301,0.27238707716070204,0.5,934.6500000000001,0.395,0.01,22.56,0.01,0.72,3681.8,0.397,0.01,22.56,0.01
08,0,5000,5000.0,313628.4456919653,34.53199768066406,0.5095062129672013,3.57,9245.2,0.687,0.06,201.16,0.024,2.03,26945.2,0.688,0.06,201.16,0.024,43888.870998894185,7.126175403594971,0.2718207972596239,0.49,956.76,0.395,0.01,22.56,0.01,0.72,3534.1999999999994,0.394,0.01,22.56,0.01
08,0,5500,5500.0,305240.4763692466,38.97488784790039,0.5046701680902755,3.65,9248.1,0.688,0.04,221.84,0.025,3.21,28872.2,0.703,0.04,221.84,0.025,44021.33222230318,6.287162780761719,0.27278697152549,0.52,1023.84,0.399,0.01,20.68,0.01,0.75,3460.4,0.397,0.01,20.68,0.01
08,0,6000,6000.0,294374.9866780083,43.96886444091797,0.5000056049102486,2.16,5423.58,0.682,0.05,229.36,0.025,2.73,29355.999999999996,0.706,0.05,229.36,0.025,43726.66502398213,5.048727035522461,0.27095328525682544,0.5,1019.52,0.396,0.01,20.68,0.01,0.83,3690.0,0.406,0.01,20.68,0.01
08,0,6500,6500.0,281819.08402758144,45.57271957397461,0.4933578162183147,2.61,6335.52,0.687,0.06,236.88,0.026,3.29,29405.2,0.707,0.06,236.88,0.026,43332.42514680114,3.816627264022827,0.26785362845360927,0.64,1600.62,0.447,0.01,22.56,0.01,0.94,3985.2000000000003,0.419,0.01,22.56,0.01
08,0,7000,7000.0,267699.7209155159,43.638404846191406,0.4852388814649944,2.56,6188.79,0.682,0.07,238.76,0.026,4.02,27338.800000000003,0.691,0.07,238.76,0.026,43211.356853702135,3.581930637359619,0.264311872299411,0.57,1603.7100000000003,0.444,0.01,24.44,0.01,0.84,3993.4,0.414,0.01,24.44,0.01
08,0,7500,7500.0,253183.05402224377,39.68092727661133,0.47752885009654167,2.42,5853.12,0.67,0.09,214.31999999999996,0.025,4.65,24977.2,0.673,0.09,214.31999999999996,0.025,43869.77119140218,4.577897548675537,0.2629003143656338,0.43,1447.1,0.387,0.01,24.44,0.01,0.73,3976.9999999999995,0.41,0.01,24.44,0.01
08,0,8000,8000.0,234967.4640304321,31.808773040771484,0.45977293669589,4.47,11795.28,0.664,0.16,2640.32,0.134,4.51,23624.2,0.661,0.1,206.80000000000004,0.024,45542.04719184892,5.472986698150635,0.2590053300490868,0.37,1122.68,0.367,0.01,24.44,0.01,0.48,3788.4,0.4,0.01,24.44,0.01
08,0,8500,8500.0,218836.03427698938,25.79536247253418,0.4442291679499378,1.56,4986.81,0.632,0.49,3931.6200000000003,0.064,4.26,22427.0,0.651,0.1,189.88,0.024,48185.951141653364,6.069278717041016,0.2582272004323938,0.41,1117.6,0.366,0.01,22.56,0.01,0.4,3616.2,0.393,0.01,22.56,0.01
08,0,9000,9000.0,203421.27338611227,18.85529327392578,0.4272642816627504,2.82,10020.48,0.625,0.63,3665.9699999999993,0.061,3.35,21180.6,0.638,0.09,186.12,0.023,52104.75728373945,6.218939304351807,0.25805260735906244,0.35,1034.64,0.39,0.01,22.56,0.01,0.59,3690.0,0.393,0.01,22.56,0.01
08,0,9500,9500.0,192325.63290914585,13.2984619140625,0.41625766386811175,0.95,4084.32,0.582,0.07,167.32,0.022,2.51,20147.4,0.627,0.07,167.32,0.022,56515.36858382929,6.058221817016602,0.2603613400971996,0.43,1069.2,0.391,0.01,22.56,0.01,0.78,3845.8000000000006,0.397,0.01,22.56,0.01
08,0,10000,10000.0,182778.9075085923,9.285890579223633,0.40654879386423,1.69,8213.04,0.575,0.06,161.68,0.022,1.79,17974.4,0.598,0.06,161.68,0.022,61862.44935067689,5.285803318023682,0.2683128031180168,0.71,1946.7,0.455,0.01,22.56,0.01,0.94,4075.4,0.401,0.01,22.56,0.01
08,0,10500,10500.0,173498.4795348507,7.820410251617432,0.3985437084564493,0.86,5611.5,0.562,0.05,133.48,0.02,1.21,15817.8,0.566,0.05,133.48,0.02,67266.58323763192,5.931198596954346,0.2761485598899906,0.7,2122.83,0.46,0.01,24.44,0.01,1.1,4469.0,0.409,0.01,24.44,0.01
08,0,11000,11000.0,161963.94327194977,8.701342582702637,0.38304348298449964,0.94,4683.5,0.512,0.28,2160.62,0.043,0.84,15022.4,0.55,0.04,124.08,0.019,72705.01162136976,6.646462440490723,0.28972207572169983,0.7,2351.49,0.471,0.01,24.44,0.01,1.08,4920.0,0.414,0.01,24.44,0.01
08,0,11500,11500.0,149350.44412080816,8.73067855834961,0.36523008745690616,0.72,3801.6000000000004,0.531,0.02,118.44,0.019,0.68,14235.2,0.534,0.02,118.44,0.019,77159.899219482,7.103940963745117,0.30138337220207523,0.8,4012.12,0.458,0.01,28.2,0.011,1.04,5461.2,0.425,0.01,28.2,0.011
08,0,12000,12000.0,136060.31279592696,7.326357364654541,0.3409944960587344,0.68,3571.77,0.539,0.02,116.56,0.019,0.8,14030.2,0.525,0.02,116.56,0.019,79254.17524656784,7.443663597106934,0.3124378861346414,0.69,2830.4,0.43,0.01,30.08,0.011,0.8,6018.8,0.432,0.01,30.08,0.011
08,0,12500,12500.0,125661.92710083278,5.898797512054443,0.3207420659156814,0.72,3047.16,0.496,0.03,112.8,0.018,1.04,14062.999999999998,0.52,0.03,112.8,0.018,78439.61680933148,7.518027305603027,0.3165925832536512,0.7,2804.3,0.43,0.01,35.72,0.011,0.7,6387.8,0.439,0.01,35.72,0.011
08,0,13000,13000.0,119146.91749009347,6.4988298416137695,0.30411311836515453,1.1,4297.8,0.474,0.04,110.92,0.018,1.08,12529.6,0.489,0.04,110.92,0.018,74247.44586325977,7.289989948272705,0.31564009647180963,0.43,2012.01,0.433,0.01,37.6,0.011,0.72,6871.600000000001,0.446,0.01,37.6,0.011
08,0,13500,13500.0,118460.86062558388,7.514261245727539,0.29927221211778815,1.13,4350.0,0.477,0.04,86.48,0.015,1.07,10963.4,0.456,0.04,86.48,0.015,68183.5046063535,6.893060207366943,0.3090687871985355,0.45,1871.31,0.431,0.01,41.36,0.011,0.68,7273.399999999999,0.453,0.01,41.36,0.011
08,0,14000,14000.0,124839.51051556942,8.443414688110352,0.3051086515294048,1.21,5576.7,0.534,0.04,80.84,0.015,0.54,8970.8,0.407,0.04,80.84,0.015,60420.81542740245,6.199527740478516,0.2965925503004308,0.86,3757.6800000000003,0.423,0.01,43.24,0.011,0.66,7117.6,0.451,0.01,43.24,0.011
08,0,14500,14500.0,138066.38583800558,9.44564437866211,0.3245058844200031,1.22,5678.199999999999,0.539,0.01,52.64000000000001,0.011,0.57,7486.600000000001,0.373,0.01,52.64000000000001,0.011,53849.465241816055,5.432912826538086,0.2849570378532726,0.32,1276.35,0.402,0.01,41.36,0.011,0.65,7027.4,0.454,0.01,41.36,0.011
08,0,15000,15000.0,156193.664719731,13.649045944213867,0.34853699480866274,1.52,9601.32,0.598,0.01,47.0,0.01,0.63,7724.4,0.379,0.01,47.0,0.01,48158.28950131517,4.597313404083252,0.2676193457834962,0.6,2550.0,0.393,0.08,672.98,0.03,0.59,6084.4,0.441,0.01,39.48,0.011
08,0,15500,15500.0,174984.77501511123,18.112756729125977,0.37114235487850294,1.73,10263.48,0.617,0.01,54.519999999999996,0.011,0.8,8142.6,0.391,0.01,54.519999999999996,0.011,45657.89488148148,3.833350419998169,0.26080328546012993,0.2,1007.01,0.382,0.01,31.960000000000004,0.01,0.52,5239.8,0.426,0.01,31.960000000000004,0.01
08,0,16000,16000.0,195788.75772879514,22.658931732177734,0.3950562970988196,1.55,7580.6,0.611,0.01,58.28,0.011,0.92,9790.8,0.432,0.01,58.28,0.011,45629.91856185645,3.1470775604248047,0.2556913131112363,0.29,1003.8599999999999,0.223,0.01,28.2,0.01,0.43,4460.8,0.406,0.01,28.2,0.01
08,0,16500,16500.0,215344.35644170703,25.515838623046875,0.41378926646176256,1.58,7656.0,0.614,0.02,88.36,0.015,1.06,11644.0,0.476,0.02,88.36,0.015,47436.9294470915,2.6180830001831055,0.2570362685216311,0.41,1287.0,0.232,0.0,24.44,0.01,0.35,3763.8,0.386,0.0,24.44,0.01
08,0,17000,17000.0,235143.31982440458,28.06291389465332,0.43230494431069927,1.95,8146.1,0.634,0.02,95.88,0.016,1.55,13472.6,0.513,0.02,95.88,0.016,51119.815959294574,3.274836540222168,0.2648519512307776,1.55,7128.689999999999,0.439,0.01,22.56,0.01,0.28,3681.8,0.381,0.01,22.56,0.01
08,0,17500,17500.0,253195.85042963608,29.65850830078125,0.446102811435701,1.97,8186.7,0.636,0.03,118.44,0.018,2.02,15334.0,0.547,0.03,118.44,0.018,55563.00652101309,4.343811511993408,0.2752952232086376,1.71,7937.369999999999,0.449,0.01,22.56,0.01,0.27,3829.4,0.388,0.01,22.56,0.01
08,0,18000,18000.0,271594.8984015031,31.0714168548584,0.459299626714582,2.1,9195.9,0.669,0.04,125.96000000000001,0.019,2.44,16760.800000000003,0.57,0.04,125.96000000000001,0.019,59666.47126777433,5.384718894958496,0.2869390225290148,0.64,2215.53,0.46,0.01,22.56,0.01,0.5,4411.6,0.402,0.01,22.56,0.01
08,0,18500,18500.0,289687.97764863115,32.055397033691406,0.469231063832293,1.98,7731.76,0.661,0.04,142.88,0.02,2.84,18179.4,0.591,0.04,142.88,0.02,62121.66949737959,6.973341941833496,0.294422290553207,0.79,2539.98,0.469,0.01,26.320000000000004,0.01,0.85,5174.2,0.42,0.01,26.320000000000004,0.01
08,0,19000,19000.0,312877.55604659417,32.108665466308594,0.4839780131543692,1.39,5437.5,0.668,0.04,148.52,0.02,3.08,20049.0,0.615,0.04,148.52,0.02,62080.0230892115,6.807491779327393,0.2962412826703476,0.96,2938.59,0.483,0.01,26.320000000000004,0.01,1.01,5986.0,0.431,0.01,26.320000000000004,0.01
08,0,19500,19500.0,333226.03425682895,34.5925407409668,0.4927827514249176,1.87,6626.88,0.668,0.06,174.84,0.022,3.24,22000.6,0.637,0.06,174.84,0.022,60216.16191713375,5.946232318878174,0.29252881064827635,0.82,3025.1099999999997,0.483,0.01,33.84,0.01,1.19,6863.399999999999,0.445,0.01,33.84,0.01
08,0,20000,20000.0,353271.5517785837,36.07386016845703,0.4992930654010903,4.01,15617.72,0.724,0.06,182.36,0.023,3.41,23476.6,0.652,0.06,182.36,0.023,56337.96268005308,4.4952569007873535,0.2832492513621377,0.8,3139.44,0.486,0.01,35.72,0.01,1.05,7150.400000000001,0.446,0.01,35.72,0.01
09,0,-20000,20000.0,855107.8578744131,32.217288970947266,0.6382496676912931,2.45,36858.72,0.835,0.06,674.92,0.032,3.24,69257.2,0.834,0.06,674.92,0.032,694257.2761163652,55.815345764160156,0.6009161599116111,5.63,22933.2,0.865,0.1,492.56,0.033,7.58,58236.4,0.857,0.1,492.56,0.033
09,0,-19500,19500.0,845941.7981449871,30.35819435119629,0.6408869233888701,1.58,25398.2,0.836,0.05,603.48,0.031,2.72,65288.40000000001,0.827,0.05,603.48,0.031,696887.8546789202,56.50627136230469,0.6040344800151719,2.81,11092.2,0.867,0.13,522.64,0.033,8.46,60778.40000000001,0.861,0.13,522.64,0.033
09,0,-19000,19000.0,838635.0969622744,28.210344314575195,0.6413646015085617,0.99,14824.8,0.833,0.05,584.68,0.031,2.47,64468.40000000001,0.826,0.05,584.68,0.031,695913.4080939142,56.91386032104492,0.61195850019905,2.81,10999.799999999997,0.865,0.14,535.8,0.033,8.92,62205.2,0.863,0.14,535.8,0.033
09,0,-18500,18500.0,834691.2828546332,26.568649291992188,0.6437949604749903,1.32,17675.28,0.83,0.04,571.52,0.031,2.32,64583.200000000004,0.827,0.04,571.52,0.031,688201.3152449304,56.70867156982422,0.6178577863832777,4.09,15722.22,0.865,0.16,556.48,0.033,9.07,63049.8,0.864,0.16,556.48,0.033
09,0,-18000,18000.0,827933.9147263853,26.501739501953125,0.6423447071533812,2.38,29807.88,0.829,0.04,567.76,0.031,1.99,65313.00000000001,0.829,0.04,567.76,0.031,672698.5662636958,55.565696716308594,0.6256302618075973,3.99,15643.83,0.862,0.16,562.12,0.033,8.72,61483.6,0.858,0.16,562.12,0.033
09,0,-17500,17500.0,819189.8623700992,26.84593391418457,0.6388708193594134,2.97,29608.52,0.831,0.06,582.8,0.031,2.08,65960.8,0.83,0.06,582.8,0.031,650726.6045620374,54.69490051269531,0.6308469399780007,3.69,15418.709999999997,0.858,0.16,541.44,0.033,8.11,59860.0,0.855,0.16,541.44,0.033
09,0,-17000,17000.0,808906.8519467537,30.704126358032227,0.6348069383048708,3.01,23463.9,0.834,0.06,584.68,0.031,2.12,65231.0,0.828,0.06,584.68,0.031,618323.1334788725,51.554874420166016,0.6302602383884424,3.5,15143.34,0.856,0.15,537.68,0.033,7.13,57867.399999999994,0.847,0.15,537.68,0.033
09,0,-16500,16500.0,799484.0415398167,34.13964080810547,0.631534801197859,3.11,23463.9,0.835,0.05,575.28,0.031,2.1,64443.8,0.826,0.05,575.28,0.031,585771.0313325787,49.3805046081543,0.6305702842144724,3.03,14419.739999999998,0.853,0.14,517.0,0.032,6.14,55604.2,0.84,0.14,517.0,0.032
09,0,-16000,16000.0,793001.6433314134,38.953609466552734,0.6322019611738711,2.94,24061.3,0.845,0.05,573.4,0.031,2.36,63172.80000000001,0.825,0.05,573.4,0.031,544189.6068811934,47.764366149902344,0.6210514859213265,2.91,13810.709999999997,0.847,0.13,511.36000000000007,0.032,5.44,52135.6,0.83,0.13,511.36000000000007,0.032
09,0,-15500,15500.0,788794.416983295,42.009544372558594,0.6352218671782083,2.04,16086.03,0.837,0.05,547.08,0.031,3.16,62533.200000000004,0.828,0.05,547.08,0.031,505337.46355588804,46.56261444091797,0.6131475549040778,3.95,15544.0,0.811,0.11,470.0,0.032,5.09,48519.4,0.82,0.11,470.0,0.032
09,0,-15000,15000.0,784730.9783013652,43.71238708496094,0.6400610174760285,2.0,16208.64,0.84,0.05,541.44,0.031,4.12,63213.8,0.834,0.05,541.44,0.031,464181.3006223671,44.98460006713867,0.5949080253841247,2.75,11714.28,0.827,0.11,458.72,0.032,5.16,44288.2,0.81,0.11,458.72,0.032
09,0,-14500,14500.0,778360.9231579234,43.1099967956543,0.6440697793482425,1.89,16477.98,0.846,0.06,552.72,0.032,5.04,64124.0,0.841,0.06,552.72,0.032,432846.5364456414,44.04588317871094,0.5838607872528936,2.81,10148.49,0.803,0.11,400.44,0.031,5.37,40532.6,0.804,0.11,400.44,0.031
09,0,-14000,14000.0,766039.2398184213,39.00613021850586,0.6445600731869036,3.59,33394.799999999996,0.843,0.07,556.48,0.032,5.19,64370.0,0.843,0.07,556.48,0.032,404866.6781130268,39.34833526611328,0.5660726924350741,2.75,9529.41,0.791,0.11,383.52,0.031,5.17,36973.8,0.788,0.11,383.52,0.031
09,0,-13500,13500.0,753863.6156599288,36.70604705810547,0.6452526543474189,2.17,21532.5,0.832,0.06,565.88,0.032,5.14,64255.2,0.845,0.06,565.88,0.032,388713.4874070308,34.7857666015625,0.5591114429050866,2.51,8222.91,0.763,0.11,327.12,0.03,4.79,34087.4,0.772,0.11,327.12,0.03
09,0,-13000,13000.0,735517.1637397156,31.934568405151367,0.6402203871184258,2.34,19946.2,0.819,0.06,567.76,0.032,4.69,63189.2,0.842,0.06,567.76,0.032,379877.1187168361,33.65449523925781,0.552895732848796,4.67,16740.24,0.76,0.11,312.08,0.029,3.97,31496.199999999997,0.76,0.11,312.08,0.029
09,0,-12500,12500.0,718756.578120796,30.643266677856445,0.635493603172049,2.35,19830.2,0.818,0.06,556.48,0.032,4.32,61959.2,0.839,0.06,556.48,0.032,380916.9559921052,33.18128967285156,0.5564295537109286,1.67,7640.01,0.74,0.09,265.08,0.028,3.67,29716.8,0.754,0.09,265.08,0.028
09,0,-12000,12000.0,704066.8499817258,30.57965850830078,0.6294713716542125,1.47,14361.45,0.828,0.06,552.72,0.032,3.67,59556.59999999999,0.832,0.06,552.72,0.032,385811.55389259884,30.574748992919922,0.5567275058804771,2.0,9921.24,0.747,0.08,253.80000000000004,0.028,3.83,29487.2,0.749,0.08,253.80000000000004,0.028
09,0,-11500,11500.0,695098.4776429895,30.768484115600586,0.6265756177652837,1.49,13742.37,0.82,0.05,517.0,0.032,3.08,57473.8,0.826,0.05,517.0,0.032,394330.0244881763,27.972618103027344,0.5599601620408527,2.22,10142.22,0.753,0.06,250.04,0.027,3.83,29626.600000000002,0.747,0.06,250.04,0.027
09,0,-11000,11000.0,691518.6445180664,31.202877044677734,0.6237657376085283,1.53,14716.079999999998,0.819,0.05,505.72,0.031,3.33,56506.2,0.823,0.05,505.72,0.031,404372.7323839953,30.395919799804688,0.5608361811155322,3.14,11426.0,0.763,0.06,250.04,0.027,3.31,30126.8,0.742,0.06,250.04,0.027
09,0,-10500,10500.0,691563.236540926,30.85641860961914,0.623292552722041,1.72,14767.920000000002,0.819,0.06,490.68,0.031,3.61,55956.799999999996,0.82,0.06,490.68,0.031,416250.20352504245,34.63145446777344,0.5612260811586631,3.23,11466.6,0.765,0.04,257.56,0.027,3.26,30971.400000000005,0.744,0.04,257.56,0.027
09,0,-10000,10000.0,693488.5270439362,29.695192337036133,0.6233742915223198,1.7,14789.52,0.818,0.06,486.92,0.031,3.77,55956.799999999996,0.82,0.06,486.92,0.031,433729.179448484,38.38953399658203,0.5643065336054315,3.5,12574.4,0.78,0.05,263.2,0.028,3.5,32340.799999999996,0.751,0.05,263.2,0.028
09,0,-9500,9500.0,695252.1315040938,27.81334686279297,0.6238011340674656,1.71,14955.839999999998,0.819,0.07,488.8,0.031,3.85,55973.200000000004,0.819,0.07,488.8,0.031,452905.50044531125,39.303314208984375,0.5664040226132644,3.52,12664.3,0.782,0.09,283.88,0.029,4.07,33948.0,0.758,0.09,283.88,0.029
09,0,-9000,9000.0,694522.1189480926,25.189477920532227,0.6245525585400032,1.62,14929.920000000002,0.817,0.07,488.8,0.031,3.64,56202.80000000001,0.818,0.07,488.8,0.031,475139.8124350932,38.49360275268555,0.5687372992116999,2.46,8528.43,0.781,0.1,289.52,0.029,4.69,35383.0,0.771,0.1,289.52,0.029
09,0,-8500,8500.0,691234.1122960089,26.65612030029297,0.624167514294548,6.21,57073.47000000001,0.812,0.08,492.56,0.031,3.31,56334.0,0.817,0.08,492.56,0.031,497882.352572445,40.369441986083984,0.5702326162075162,2.47,9157.56,0.79,0.11,312.08,0.03,5.33,37211.6,0.791,0.11,312.08,0.03
09,0,-8000,8000.0,683084.7181618958,28.127052307128906,0.6220167897864373,7.05,57187.74,0.814,0.08,494.44,0.031,3.08,56243.8,0.815,0.08,494.44,0.031,522301.79571891756,42.282222747802734,0.5719980063018425,2.24,9400.77,0.79,0.12,319.6,0.03,5.33,39647.0,0.8,0.12,319.6,0.03
09,0,-7500,7500.0,673555.7348123067,29.05982208251953,0.619173140784362,7.48,57337.17,0.817,0.06,492.56,0.031,3.12,56022.399999999994,0.813,0.06,492.56,0.031,543970.9438637296,44.27827453613281,0.5714544813474459,3.3,17045.1,0.821,0.11,345.92,0.031,5.23,42271.0,0.808,0.11,345.92,0.031
09,0,-7000,7000.0,662566.1547746612,31.473424911499023,0.6144752238865647,7.22,57451.44,0.817,0.06,492.56,0.031,3.39,55481.2,0.811,0.06,492.56,0.031,565978.7307871568,46.727169036865234,0.5736461320642485,4.46,18111.6,0.833,0.11,355.32,0.031,5.37,45255.8,0.813,0.11,355.32,0.031
09,0,-6500,6500.0,652409.6765681214,33.315269470214844,0.6102548741964452,2.59,20579.4,0.823,0.06,483.15999999999997,0.03,3.74,54931.799999999996,0.811,0.06,483.15999999999997,0.03,584849.5434495664,46.94960021972656,0.5751131482546865,4.69,17160.24,0.837,0.08,387.28,0.031,6.35,48585.0,0.824,0.08,387.28,0.031
09,0,-6000,6000.0,643898.235872517,35.10556411743164,0.6058708482533345,2.75,20360.01,0.825,0.06,481.28,0.03,4.14,54070.8,0.811,0.06,481.28,0.03,603532.90478276,48.6555290222168,0.5831069182175573,5.11,17706.34,0.841,0.08,400.44,0.031,7.59,51610.8,0.831,0.08,400.44,0.031
09,0,-5500,5500.0,636697.3461347024,36.2641487121582,0.6020550794998365,2.6,20276.58,0.825,0.06,468.12000000000006,0.031,4.59,53431.2,0.812,0.06,468.12000000000006,0.031,614161.829655287,51.4554443359375,0.5871123848447222,4.74,14862.96,0.846,0.11,441.8,0.031,9.0,54243.00000000001,0.838,0.11,441.8,0.031
09,0,-5000,5000.0,633546.2986670405,37.68986511230469,0.5998261463308479,2.47,18589.0,0.802,0.06,466.24,0.031,4.7,52652.19999999999,0.812,0.06,466.24,0.031,623264.4513185631,55.53820037841797,0.5963020808463644,6.85,21985.35,0.862,0.12,456.84000000000003,0.032,10.62,55850.2,0.843,0.12,456.84000000000003,0.032
09,0,-4500,4500.0,633515.9215539097,39.027347564697266,0.599361340143578,1.97,13668.48,0.81,0.05,451.2,0.031,4.72,52340.6,0.812,0.05,451.2,0.031,624037.9626336922,56.65226364135742,0.60016403301467,4.8,15156.72,0.85,0.16,479.3999999999999,0.032,12.0,57031.0,0.848,0.16,479.3999999999999,0.032
09,0,-4000,4000.0,638275.7441863159,40.99244689941406,0.6011598781915294,2.91,19374.9,0.812,0.06,445.56,0.031,4.26,52373.4,0.812,0.06,445.56,0.031,621404.5835661222,57.31520080566406,0.6057265680927325,2.98,9924.6,0.848,0.17,485.04,0.032,11.92,57195.0,0.85,0.17,485.04,0.032
09,0,-3500,3500.0,644869.1977021139,42.34737777709961,0.604009645501092,2.63,16924.02,0.815,0.07,445.56,0.03,4.61,52521.0,0.811,0.07,445.56,0.03,610668.8687457363,56.267093658447266,0.6069749741557018,2.4,9633.4,0.848,0.17,496.32,0.032,10.98,56473.40000000001,0.849,0.17,496.32,0.032
09,0,-3000,3000.0,652749.1269300678,44.10163879394531,0.6084212246763281,1.84,11651.039999999997,0.816,0.08,447.44,0.031,4.52,52955.6,0.812,0.08,447.44,0.031,591356.674568132,53.81021499633789,0.6077831028440609,3.31,14162.459999999997,0.849,0.17,501.96,0.032,8.87,54292.19999999999,0.845,0.17,501.96,0.032
09,0,-2500,2500.0,657077.2690657486,44.85545349121094,0.6104216260860794,1.54,9374.4,0.82,0.08,456.84000000000003,0.031,4.24,53054.0,0.812,0.08,456.84000000000003,0.031,566327.3192066768,52.04164123535156,0.6068910321675811,4.8,19232.799999999996,0.829,0.14,481.28,0.032,6.67,51578.0,0.839,0.14,481.28,0.032
09,0,-2000,2000.0,658287.2155344578,45.3479118347168,0.6123690400929627,1.52,9433.2,0.822,0.07,460.6000000000001,0.031,4.28,53464.0,0.815,0.07,460.6000000000001,0.031,533729.1450287357,49.96455001831055,0.6047442136957971,4.76,18107.6,0.818,0.13,475.63999999999993,0.032,5.55,49052.4,0.828,0.13,475.63999999999993,0.032
09,0,-1500,1500.0,656286.0951376718,45.374351501464844,0.6125084401624383,2.1,13887.09,0.829,0.08,470.0,0.031,4.37,53808.40000000001,0.818,0.08,470.0,0.031,498126.3040494902,47.10325241088867,0.6010321845546375,4.75,18029.3,0.817,0.11,438.04,0.031,4.92,46928.6,0.817,0.11,438.04,0.031
09,0,-1000,1000.0,650819.8207260997,45.48688888549805,0.6122532141272745,3.39,19435.8,0.828,0.08,473.76,0.031,4.25,54538.200000000004,0.822,0.08,473.76,0.031,456387.1294149178,42.667030334472656,0.5894570885808313,3.15,12443.91,0.819,0.1,426.76,0.031,4.71,44542.4,0.806,0.1,426.76,0.031
09,0,-500,500.0,642924.2614419968,45.89727020263672,0.6109397473251775,3.04,17045.94,0.828,0.08,486.92,0.031,4.18,55202.399999999994,0.827,0.08,486.92,0.031,418375.7724120158,38.16521072387695,0.5808588224827929,2.86,11531.37,0.807,0.87,6906.9,0.088,4.55,41762.6,0.794,0.1,400.44,0.03
09,0,0,0.0,635564.5646830536,46.42329406738281,0.6112364425425417,2.18,11682.36,0.829,0.08,488.8,0.031,4.5,55268.00000000001,0.829,0.08,488.8,0.031,377113.2771765813,30.860958099365234,0.5619351632152018,5.52,23590.56,0.804,0.79,6641.25,0.086,3.95,37392.0,0.774,0.1,392.92,0.03
09,0,500,500.0,629167.4140034261,45.71657943725586,0.6124338467908642,2.92,14389.920000000002,0.831,0.09,488.8,0.032,4.93,55194.2,0.831,0.09,488.8,0.032,343051.56275805697,25.848709106445312,0.5490476517982401,8.54,50639.79,0.788,0.69,6393.31,0.085,3.16,32734.4,0.75,0.08,336.52,0.029
09,0,1000,1000.0,624883.493588596,46.46116638183594,0.6139593421969474,2.96,14173.920000000002,0.828,0.1,490.68,0.032,5.43,54480.8,0.829,0.1,490.68,0.032,311132.84619167564,18.620262145996094,0.5293227791349253,3.5,18649.68,0.771,0.62,6304.76,0.085,2.25,27773.399999999998,0.721,0.07,319.6,0.028
09,0,1500,1500.0,624854.833897245,46.52467346191406,0.6191674761853625,2.93,13735.44,0.828,0.11,477.52,0.031,5.82,53742.80000000001,0.828,0.11,477.52,0.031,288423.29936833243,16.750558853149414,0.5198428002386609,4.84,39213.09,0.75,0.05,244.4,0.026,1.55,23763.6,0.694,0.05,244.4,0.026
09,0,2000,2000.0,619976.3056495528,41.90237808227539,0.6213713784306119,2.86,13566.96,0.826,0.11,473.76,0.031,5.85,52348.8,0.825,0.11,473.76,0.031,270887.30415905546,15.910625457763672,0.508534128129654,1.18,9265.5,0.716,0.04,225.6,0.026,1.26,21410.2,0.678,0.04,225.6,0.026
09,0,2500,2500.0,612368.3684257285,38.42970275878906,0.6228701845702267,2.51,13072.32,0.821,0.11,456.84000000000003,0.031,5.63,51110.6,0.825,0.11,456.84000000000003,0.031,260753.13769544856,14.60067367553711,0.5073237928720452,1.19,9262.6,0.716,0.03,186.12,0.024,1.21,20057.2,0.671,0.03,186.12,0.024
09,0,3000,3000.0,598229.7631584607,32.91302490234375,0.6214399779461153,2.32,13106.88,0.821,0.11,453.08,0.031,5.19,49815.0,0.822,0.11,453.08,0.031,252225.15491842004,12.913741111755371,0.5038268908114008,1.08,8958.1,0.715,0.03,174.84,0.024,1.14,19704.6,0.67,0.03,174.84,0.024
09,0,3500,3500.0,584518.7772143884,34.25717544555664,0.6221957896947106,2.87,18809.4,0.824,0.1,439.92,0.031,4.84,48724.4,0.819,0.1,439.92,0.031,244786.3997689208,12.218314170837402,0.5022134736182216,1.07,8937.8,0.715,0.02,169.2,0.024,1.12,19524.2,0.672,0.02,169.2,0.024
09,0,4000,4000.0,564588.2710593928,35.7806510925293,0.6171866909013337,2.89,16860.6,0.814,0.1,436.15999999999997,0.031,3.95,48863.8,0.819,0.1,436.15999999999997,0.031,235618.67241717523,12.045954704284668,0.49736075246035355,0.67,5869.2,0.702,0.02,169.2,0.024,1.02,19048.6,0.668,0.02,169.2,0.024
09,0,4500,4500.0,544642.2177441301,35.20643997192383,0.6125242362490775,2.89,16715.6,0.813,0.07,436.15999999999997,0.031,3.25,49191.8,0.82,0.07,436.15999999999997,0.031,226545.49329496373,11.628012657165527,0.4927349687468939,0.91,8311.4,0.705,0.02,163.56,0.024,0.93,18425.4,0.661,0.02,163.56,0.024
09,0,5000,5000.0,522022.2999281072,36.1372184753418,0.6048097966360431,1.95,12236.88,0.82,0.07,436.15999999999997,0.031,3.56,47961.8,0.818,0.07,436.15999999999997,0.031,216399.79134916782,10.985333442687988,0.4852694772492704,0.59,5527.5,0.694,0.02,161.68,0.024,0.9,17515.2,0.647,0.02,161.68,0.024
09,0,5500,5500.0,503076.8597138643,37.59272003173828,0.6001970786315025,1.89,11183.64,0.81,0.07,421.12000000000006,0.031,3.7,46149.6,0.814,0.07,421.12000000000006,0.031,207500.63006938525,10.204948425292969,0.47931145336431497,1.02,9882.56,0.697,0.02,152.28,0.023,0.86,16744.4,0.639,0.02,152.28,0.023
09,0,6000,6000.0,486667.7970590106,37.43483352661133,0.5927887519085075,1.79,10805.76,0.805,0.07,415.48,0.031,3.55,43058.2,0.805,0.07,415.48,0.031,199077.78037224046,9.579534530639648,0.47167499529148493,1.04,9523.0,0.688,0.02,148.52,0.023,0.79,15826.0,0.631,0.02,148.52,0.023
09,0,6500,6500.0,477600.9021670378,35.15367889404297,0.590401593508081,1.58,10005.78,0.792,0.06,372.24,0.03,3.84,40171.8,0.795,0.06,372.24,0.03,193046.60065728432,9.65780258178711,0.467413247799193,1.04,9309.4,0.684,0.02,137.24,0.022,0.81,15006.0,0.624,0.02,137.24,0.022
09,0,7000,7000.0,474577.94467760064,30.282814025878906,0.5866126127974711,2.87,20310.24,0.789,0.06,360.96,0.03,3.72,38244.8,0.787,0.06,360.96,0.03,188709.7782960711,9.600016593933105,0.4624923344325561,0.86,8907.12,0.675,0.02,133.48,0.022,0.82,14284.400000000001,0.617,0.02,133.48,0.022
09,0,7500,7500.0,478330.3829907062,27.60955810546875,0.5885983527615112,2.55,18989.04,0.791,0.05,332.76,0.029,3.52,36703.2,0.779,0.05,332.76,0.029,187686.85524638073,9.550615310668945,0.46280678233369177,0.75,8689.96,0.671,0.01,122.2,0.021,0.83,13776.0,0.614,0.01,122.2,0.021
09,0,8000,8000.0,484248.44548060454,29.5462646484375,0.5895067164583595,3.06,19839.88,0.803,0.06,325.24,0.029,2.79,35858.6,0.774,0.06,325.24,0.029,188875.30317370303,9.445542335510254,0.4633143992383361,0.52,6203.1,0.652,0.01,118.44,0.021,0.83,13480.800000000001,0.611,0.01,118.44,0.021
09,0,8500,8500.0,493131.35171596357,31.608924865722656,0.5929855852429983,3.37,20363.2,0.81,0.04,310.2,0.029,2.36,35506.0,0.772,0.04,310.2,0.029,192537.2698187136,9.704283714294434,0.4671978360406902,0.52,6188.6,0.652,0.01,112.8,0.021,0.88,13333.200000000003,0.611,0.01,112.8,0.021
09,0,9000,9000.0,505246.03204413457,35.02077102661133,0.598867848616857,2.67,15874.6,0.811,0.04,306.44,0.029,2.44,36531.0,0.777,0.04,306.44,0.029,198761.89302817266,10.03825569152832,0.47138934711360847,0.56,6275.6,0.654,0.01,110.92,0.021,0.95,13489.0,0.615,0.01,110.92,0.021
09,0,9500,9500.0,517533.3564001062,37.646080017089844,0.6042683137061312,2.72,15929.7,0.812,0.03,317.72,0.029,2.53,37875.8,0.783,0.03,317.72,0.029,207254.17099041725,10.444475173950195,0.4777657302962422,0.57,6281.4,0.655,0.01,110.92,0.021,1.02,13841.6,0.622,0.01,110.92,0.021
09,0,10000,10000.0,529507.6243013964,39.177528381347656,0.6084377226401065,1.46,9336.84,0.811,0.03,321.48,0.029,2.89,39614.2,0.793,0.03,321.48,0.029,217891.95215583823,10.927336692810059,0.4825621841295348,0.77,6629.4,0.666,0.01,110.92,0.021,1.1,14514.0,0.633,0.01,110.92,0.021
09,0,10500,10500.0,539625.3195082194,38.74913787841797,0.6099183817087547,1.8,10878.12,0.813,0.05,345.92,0.03,3.17,41180.4,0.802,0.05,345.92,0.03,230256.93322723178,11.448262214660645,0.48846061478131647,0.73,5935.98,0.671,0.01,116.56,0.021,1.16,15366.799999999997,0.646,0.01,116.56,0.021
09,0,11000,11000.0,549170.5915540537,35.4911994934082,0.6098758233730925,1.69,10858.02,0.814,0.05,355.32,0.03,3.34,42131.6,0.808,0.05,355.32,0.03,246015.46224095582,12.397542953491211,0.49792327323048885,0.82,6616.7,0.684,0.01,120.32,0.022,1.18,16432.8,0.661,0.01,120.32,0.022
09,0,11500,11500.0,558805.0412322254,32.41268539428711,0.6091170023812785,1.46,10882.14,0.817,0.06,366.6,0.03,3.44,43009.0,0.814,0.06,366.6,0.03,262107.08426729022,16.10587501525879,0.5064709723699438,0.83,5192.64,0.683,0.03,131.6,0.023,1.2,17630.0,0.677,0.03,131.6,0.023
09,0,12000,12000.0,567904.774976268,34.96207046508789,0.6067000037437756,2.09,16996.9,0.82,0.06,370.36,0.03,3.11,43771.6,0.817,0.06,370.36,0.03,278292.2390550578,19.34921646118164,0.5152279539961526,1.53,9239.4,0.713,0.03,137.24,0.023,1.2,19007.6,0.689,0.03,137.24,0.023
09,0,12500,12500.0,579497.3254687288,37.69032669067383,0.6058390276248969,1.96,15306.04,0.821,0.05,377.87999999999994,0.031,3.15,44665.4,0.82,0.05,377.87999999999994,0.031,292778.36216103437,20.306703567504883,0.5208853530556774,1.6,9372.8,0.717,0.04,156.04,0.024,1.43,20459.0,0.701,0.04,156.04,0.024
09,0,13000,13000.0,594081.7614209141,40.678165435791016,0.6079283428761965,2.61,18391.8,0.828,0.05,381.63999999999993,0.031,3.53,45698.6,0.822,0.05,381.63999999999993,0.031,308103.2118721496,20.568822860717773,0.5288050046873929,1.99,10283.4,0.733,0.04,159.8,0.024,1.58,22000.6,0.708,0.04,159.8,0.024
09,0,13500,13500.0,610301.0866170449,43.115623474121094,0.6117279262430686,2.65,18490.4,0.828,0.05,392.92,0.031,4.18,46822.0,0.823,0.05,392.92,0.031,322204.4619587189,20.248411178588867,0.5350239397836398,2.02,10355.9,0.734,0.03,180.48,0.025,1.65,23345.4,0.714,0.03,180.48,0.025
09,0,14000,14000.0,624190.7286953974,46.06964111328125,0.617589171901017,3.0,19131.3,0.835,0.06,398.56,0.031,4.73,48421.0,0.825,0.06,398.56,0.031,334580.1339605192,20.260162353515625,0.5400176053217514,1.07,6003.0,0.728,0.03,186.12,0.025,1.69,24632.8,0.719,0.03,186.12,0.025
09,0,14500,14500.0,633486.4701306535,47.140663146972656,0.6219902719749067,3.03,19180.6,0.835,0.06,424.87999999999994,0.031,5.21,49856.0,0.827,0.06,424.87999999999994,0.031,345179.5525005801,20.24026107788086,0.5431501292288808,1.38,7028.97,0.732,0.04,206.80000000000004,0.025,1.7,25764.4,0.725,0.04,206.80000000000004,0.025
09,0,15000,15000.0,641542.8628360401,48.484310150146484,0.6336096583131062,2.85,19235.7,0.84,0.07,432.3999999999999,0.031,5.72,51487.8,0.831,0.07,432.3999999999999,0.031,355173.0030704979,21.47471046447754,0.5477378725749581,1.29,7018.92,0.728,0.05,214.31999999999996,0.026,1.73,26395.799999999996,0.728,0.05,214.31999999999996,0.026
09,0,15500,15500.0,641877.9053770762,45.525115966796875,0.6410323038214728,2.21,14586.48,0.842,0.06,454.96,0.031,6.08,52931.0,0.834,0.06,454.96,0.031,362894.09044521383,24.29917335510254,0.5497919271159998,1.04,7083.24,0.725,0.05,223.72,0.026,2.01,26920.6,0.732,0.05,223.72,0.026
09,0,16000,16000.0,632754.4516359048,40.01552200317383,0.6438676697133799,2.97,21061.44,0.851,0.06,460.6000000000001,0.032,6.31,54079.0,0.837,0.06,460.6000000000001,0.032,370191.4424713855,26.272016525268555,0.5523254915681686,2.15,16116.120000000003,0.773,0.05,227.48,0.026,2.18,27437.2,0.734,0.05,227.48,0.026
09,0,16500,16500.0,619877.5387426489,34.389488220214844,0.6436630828481172,1.74,13320.27,0.842,0.07,475.63999999999993,0.032,6.32,55071.2,0.84,0.07,475.63999999999993,0.032,375624.4449879572,28.7315673828125,0.553161381316494,2.64,16721.32,0.783,0.05,231.24,0.026,2.19,28109.6,0.74,0.05,231.24,0.026
09,0,17000,17000.0,601017.1454923416,33.43174362182617,0.6367866497275918,3.38,26928.0,0.838,0.08,479.3999999999999,0.032,5.13,54193.8,0.839,0.08,479.3999999999999,0.032,379676.34278220177,33.388362884521484,0.554393335682878,3.49,17575.72,0.785,0.04,233.12,0.026,2.68,29167.4,0.748,0.04,233.12,0.026
09,0,17500,17500.0,583908.8144543086,32.98927307128906,0.6304885770084858,1.94,15631.0,0.811,0.06,468.12000000000006,0.032,3.87,52955.6,0.838,0.06,468.12000000000006,0.032,380651.02352851233,37.34912872314453,0.5534091522398742,4.06,18259.24,0.795,0.04,250.04,0.027,3.35,30003.800000000003,0.756,0.04,250.04,0.027
09,0,18000,18000.0,568715.2699353412,31.59229278564453,0.6245350146812154,2.08,15584.6,0.808,0.06,466.24,0.032,2.9,50241.4,0.832,0.06,466.24,0.032,379949.84909957787,41.92731857299805,0.5568754652932104,3.98,13725.7,0.789,0.04,255.68000000000004,0.027,4.09,30438.399999999998,0.763,0.04,255.68000000000004,0.027
09,0,18500,18500.0,557309.9737231218,29.956024169921875,0.6219354587750779,2.09,15587.5,0.808,0.04,426.76,0.031,2.76,47625.6,0.827,0.04,426.76,0.031,374315.71738758794,43.27452850341797,0.5562624521847661,4.06,13766.3,0.79,0.04,265.08,0.028,4.74,30594.200000000004,0.768,0.04,265.08,0.028
09,0,19000,19000.0,548342.9039797111,27.50970458984375,0.6206704047957213,1.45,10803.75,0.809,0.05,417.36000000000007,0.031,2.83,45600.2,0.817,0.05,417.36000000000007,0.031,365954.0245064188,44.466495513916016,0.5593061700392368,4.15,13264.6,0.782,0.05,266.96,0.028,5.16,30463.0,0.77,0.05,266.96,0.028
09,0,19500,19500.0,542753.1633920227,27.361234664916992,0.6236085172515539,1.49,10847.97,0.809,0.06,385.3999999999999,0.03,2.86,44091.4,0.81,0.06,385.3999999999999,0.03,351390.90973582986,42.115684509277344,0.5556942327654754,4.16,13229.8,0.782,0.07,268.84,0.028,5.36,30085.799999999996,0.77,0.07,268.84,0.028
09,0,20000,20000.0,535669.8718183506,27.7273006439209,0.6232021431259891,1.41,10942.44,0.811,0.06,377.87999999999994,0.03,2.62,44116.0,0.807,0.06,377.87999999999994,0.03,327972.2378185693,36.882606506347656,0.5436168420072195,2.59,8753.55,0.777,0.07,268.84,0.028,5.15,29208.399999999998,0.764,0.07,268.84,0.028
10,0,-20000,20000.0,1309151.7110194946,48.790340423583984,0.6489513546070771,11.28,118814.42999999998,0.879,0.1,938.12,0.034,5.7,108805.8,0.873,0.1,938.12,0.034,800050.9394527231,43.99449920654297,0.6071133067870327,2.68,16217.28,0.816,0.06,562.12,0.031,6.64,62213.40000000001,0.82,0.06,562.12,0.031
10,0,-19500,19500.0,1293032.3494962766,50.27531051635742,0.6425840092895505,4.45,59024.69,0.644,0.08,970.08,0.034,6.26,111241.2,0.876,0.08,970.08,0.034,831037.3338869999,45.338661193847656,0.6110717925787498,1.81,10731.0,0.817,0.09,537.68,0.031,7.35,61278.6,0.818,0.09,537.68,0.031
10,0,-19000,19000.0,1274881.2752872808,53.41120147705078,0.6360393093688237,5.24,59357.46000000001,0.646,0.07,979.48,0.034,7.07,112873.0,0.878,0.07,979.48,0.034,871309.1782043861,40.26197052001953,0.6160374137318757,3.58,26329.1,0.839,0.1,530.16,0.031,6.86,62705.4,0.821,0.1,530.16,0.031
10,0,-18500,18500.0,1256015.0104179885,55.75250244140625,0.6295785935706003,5.71,60035.44,0.648,0.07,1005.7999999999998,0.034,7.94,114217.8,0.881,0.07,1005.7999999999998,0.034,917012.8120486657,39.202003479003906,0.6233819920500814,3.67,26575.6,0.841,0.1,548.96,0.031,5.96,64591.4,0.825,0.1,548.96,0.031
10,0,-18000,18000.0,1242129.9181654775,59.38002395629883,0.6263038206439999,6.17,61948.09,0.653,0.07,1054.68,0.036,8.9,112733.59999999999,0.881,0.07,1054.68,0.036,969010.9200990688,44.18827438354492,0.6343903105877264,2.19,16378.62,0.845,0.1,554.6,0.031,4.37,68068.2,0.832,0.1,554.6,0.031
10,0,-17500,17500.0,1229078.8366699545,61.305049896240234,0.6236334992098825,6.33,63537.3,0.657,0.09,985.12,0.034,9.72,110732.8,0.881,0.09,985.12,0.034,1016716.5823604189,45.82951736450195,0.6428521909550009,2.59,18823.65,0.845,0.07,601.6,0.032,4.38,71725.4,0.839,0.07,601.6,0.032
10,0,-17000,17000.0,1223025.0030730567,63.2934455871582,0.6252215375838054,6.16,63857.630000000005,0.656,0.09,979.48,0.034,10.27,108354.79999999999,0.879,0.09,979.48,0.034,1066250.501421561,45.724151611328125,0.6523690707576305,2.48,19547.25,0.85,0.08,614.76,0.032,5.16,76547.0,0.847,0.08,614.76,0.032
10,0,-16500,16500.0,1220583.5426766889,63.98876953125,0.62954163129359,5.89,63285.39,0.655,0.1,947.52,0.034,10.61,106116.2,0.879,0.1,947.52,0.034,1105844.2953386125,43.51645278930664,0.6560242676237228,2.13,21159.27,0.861,0.09,684.32,0.032,5.68,81286.6,0.854,0.09,684.32,0.032
10,0,-16000,16000.0,1217597.8786030784,63.41535949707031,0.6355532755387441,5.14,61425.61,0.649,0.11,938.12,0.034,10.62,104878.0,0.877,0.11,938.12,0.034,1138129.2387780014,39.31460952758789,0.6569546246544016,4.22,42701.28,0.857,0.1,705.0,0.033,4.94,85345.6,0.859,0.1,705.0,0.033
10,0,-15500,15500.0,1216378.4691421026,61.51799011230469,0.6434073869983506,4.41,59715.11,0.645,0.1,930.6,0.034,10.5,103639.8,0.875,0.1,930.6,0.034,1168836.6436319314,38.90944290161133,0.6571535441676694,2.86,57118.26,0.645,0.07,761.4,0.033,4.11,88822.4,0.864,0.07,761.4,0.033
10,0,-15000,15000.0,1212301.8278644565,59.34706115722656,0.6520648504276033,2.7,26745.06,0.878,0.1,928.7200000000001,0.034,10.12,103311.8,0.874,0.1,928.7200000000001,0.034,1199937.6992358596,38.405033111572266,0.6615675522525721,2.87,59233.06,0.648,0.07,778.3199999999999,0.033,3.85,90027.8,0.865,0.07,778.3199999999999,0.033
10,0,-14500,14500.0,1204899.6221547655,54.907142639160156,0.6593112389830365,2.51,26174.22,0.875,0.11,932.48,0.034,9.63,102746.0,0.872,0.11,932.48,0.034,1229387.571503783,40.387901306152344,0.6662308217882116,2.9,60147.4,0.651,0.06,795.2400000000001,0.033,3.85,90839.6,0.866,0.06,795.2400000000001,0.033
10,0,-14000,14000.0,1185671.31679609,52.78004837036133,0.6618876994330237,4.95,53154.24,0.873,0.11,934.36,0.034,8.55,100482.8,0.869,0.11,934.36,0.034,1253190.610436216,39.8399543762207,0.6723921455050024,2.97,59929.7,0.648,0.06,800.88,0.033,3.85,92733.8,0.867,0.06,800.88,0.033
10,0,-13500,13500.0,1167098.8156819278,49.951602935791016,0.6647545139872116,9.82,118763.36,0.866,0.09,902.4,0.034,7.28,98080.2,0.866,0.09,902.4,0.034,1266323.7554111197,38.58845901489258,0.6756131257661891,3.05,59090.0,0.647,0.07,832.84,0.034,4.08,94677.2,0.869,0.07,832.84,0.034
10,0,-13000,13000.0,1138641.1952152324,43.87080001831055,0.660417684973986,3.51,50016.72,0.865,0.09,893.0,0.033,5.76,95612.0,0.862,0.09,893.0,0.033,1266586.7697899058,39.69534683227539,0.6769819967053287,3.25,57413.71000000001,0.642,0.07,842.2400000000001,0.034,4.33,98703.4,0.873,0.07,842.2400000000001,0.034
10,0,-12500,12500.0,1114301.7687979126,39.910240173339844,0.6574236968895728,7.01,111470.71,0.858,0.06,855.4,0.033,4.6,93742.4,0.859,0.06,855.4,0.033,1255432.642582736,40.98762512207031,0.6742566424534302,3.41,56032.869999999995,0.638,0.06,906.16,0.034,4.44,102401.6,0.878,0.06,906.16,0.034
10,0,-12000,12000.0,1089588.1292741164,33.95549392700195,0.6500409606449168,2.54,28802.799999999996,0.844,0.07,844.12,0.033,4.37,92282.8,0.857,0.07,844.12,0.033,1233686.073228151,42.79169464111328,0.6695516828286664,3.53,54558.73,0.635,0.06,924.96,0.034,4.12,103877.6,0.88,0.06,924.96,0.034
10,0,-11500,11500.0,1073488.8754478947,31.697118759155273,0.645392891583813,2.61,28721.6,0.844,0.06,812.16,0.033,4.17,91733.4,0.856,0.06,812.16,0.033,1202909.6941457046,44.23577117919922,0.6605207957588556,3.54,53775.01,0.633,0.07,941.88,0.034,4.32,104697.6,0.881,0.07,941.88,0.034
10,0,-11000,11000.0,1066001.1392563595,32.708229064941406,0.6415318839162528,2.7,29327.7,0.847,0.06,804.64,0.033,3.66,90560.8,0.854,0.06,804.64,0.033,1170865.166776984,45.79250717163086,0.6517202303457418,3.52,30850.2,0.868,0.07,949.4,0.034,4.69,101901.4,0.879,0.07,949.4,0.034
10,0,-10500,10500.0,1065438.4690260703,34.604244232177734,0.6403116254767937,1.92,20288.94,0.848,0.07,780.2000000000002,0.033,3.79,89831.0,0.853,0.07,780.2000000000002,0.033,1145038.0625172928,46.02312088012695,0.6459485448009826,3.58,29093.16,0.871,0.06,909.92,0.034,5.03,98777.2,0.876,0.06,909.92,0.034
10,0,-10000,10000.0,1074209.0032068386,36.70123291015625,0.643256026847399,1.91,20421.6,0.849,0.07,774.56,0.033,4.41,88781.4,0.852,0.07,774.56,0.033,1126915.4367292863,45.97407913208008,0.643781488763005,3.79,29032.2,0.869,0.06,896.7599999999999,0.034,5.09,96161.4,0.874,0.06,896.7599999999999,0.034
10,0,-9500,9500.0,1087723.9857873851,38.24014663696289,0.6498438607860186,7.8,99915.93,0.86,0.08,759.52,0.033,4.98,88117.2,0.854,0.08,759.52,0.033,1113942.1091330983,43.945945739746094,0.644046537212964,3.36,24420.96,0.873,0.06,857.2799999999999,0.034,5.05,93996.6,0.873,0.06,857.2799999999999,0.034
10,0,-9000,9000.0,1095025.7982526731,40.115013122558594,0.6555219068958905,2.33,29870.1,0.853,0.08,757.64,0.033,5.2,89052.0,0.856,0.08,757.64,0.033,1107746.4120933842,49.13352966308594,0.6463102923524408,4.24,31764.28,0.869,0.07,847.88,0.034,6.26,92446.8,0.872,0.07,847.88,0.034
10,0,-8500,8500.0,1095201.3438676568,41.205562591552734,0.6601900344365104,2.31,28214.32,0.856,0.07,774.56,0.033,5.16,90126.2,0.86,0.07,774.56,0.033,1106281.2813813568,52.10464859008789,0.6503479863004171,2.24,16055.200000000003,0.873,0.1,825.3199999999999,0.033,8.53,91225.0,0.872,0.1,825.3199999999999,0.033
10,0,-8000,8000.0,1085441.296195982,42.009071350097656,0.6640769076319699,3.03,35738.94,0.872,0.07,780.2000000000002,0.033,5.88,91741.6,0.861,0.07,780.2000000000002,0.033,1106390.0339554725,50.92471694946289,0.6523419081272543,6.0,48568.32,0.875,0.12,819.6800000000001,0.033,8.72,90667.4,0.87,0.12,819.6800000000001,0.033
10,0,-7500,7500.0,1066689.583089405,41.5289421081543,0.664699747602735,2.1,24094.8,0.86,0.06,804.64,0.033,6.61,93127.4,0.863,0.06,804.64,0.033,1109722.2651582037,46.50936508178711,0.6556715075363504,4.02,31209.8,0.861,0.12,815.92,0.033,8.22,90101.6,0.869,0.12,815.92,0.033
10,0,-7000,7000.0,1039205.6898595147,37.70762634277344,0.6614075122405102,2.97,34663.62,0.867,0.06,812.16,0.033,6.72,92430.4,0.86,0.06,812.16,0.033,1111653.1032297853,48.20948028564453,0.6567731441282266,4.04,31346.1,0.861,0.12,815.92,0.033,7.39,88961.8,0.867,0.12,815.92,0.033
10,0,-6500,6500.0,1013042.2776216886,34.90545654296875,0.657730238150639,2.48,32682.93,0.859,0.07,808.4,0.033,6.51,91044.6,0.858,0.07,808.4,0.033,1118861.452207891,50.08713912963867,0.6598133306992271,4.04,31380.9,0.861,0.1,793.36,0.033,7.3,88297.6,0.865,0.1,793.36,0.033
10,0,-6000,6000.0,987968.2535465297,30.50027847290039,0.6511194609545712,2.81,43076.64,0.849,0.07,810.2799999999999,0.033,5.46,86641.2,0.85,0.07,810.2799999999999,0.033,1128062.2068787578,48.08083724975586,0.6620155112379483,2.78,21659.76,0.862,0.1,789.6,0.033,6.58,88027.0,0.864,0.1,789.6,0.033
10,0,-5500,5500.0,969297.1369369753,26.992273330688477,0.6461495412341403,2.07,23978.24,0.731,0.06,755.7599999999999,0.033,4.25,81590.0,0.842,0.06,755.7599999999999,0.033,1144048.762088715,44.138309478759766,0.6667802963773408,2.64,21937.14,0.863,0.1,778.3199999999999,0.033,5.53,88412.4,0.864,0.1,778.3199999999999,0.033
10,0,-5000,5000.0,957724.262930025,24.764766693115234,0.6410200677919353,2.26,24269.96,0.733,0.06,742.6,0.033,3.12,76760.2,0.834,0.06,742.6,0.033,1158856.4977461176,39.566978454589844,0.6711629441970607,5.03,44312.88,0.86,0.1,778.3199999999999,0.033,5.14,89322.6,0.863,0.1,778.3199999999999,0.033
10,0,-4500,4500.0,953471.3101116399,24.073808670043945,0.6394610503723741,2.99,24753.3,0.736,0.05,674.92,0.032,2.47,72545.4,0.826,0.05,674.92,0.032,1171060.8299030594,40.213470458984375,0.6751172991920463,2.19,24513.84,0.87,0.09,793.36,0.033,5.31,90208.2,0.864,0.09,793.36,0.033
10,0,-4000,4000.0,951346.8563948333,26.044784545898438,0.637517012450159,3.08,24781.9,0.736,0.05,658.0,0.032,2.36,71807.4,0.824,0.05,658.0,0.032,1175483.805114869,39.75761795043945,0.6768695275075234,2.22,24706.08,0.87,0.08,800.88,0.033,5.43,91249.6,0.865,0.08,800.88,0.033
10,0,-3500,3500.0,950702.9489529888,33.041160583496094,0.6373839519851784,2.76,24627.84,0.837,0.05,644.84,0.032,2.41,72365.0,0.826,0.05,644.84,0.032,1173862.1901065148,38.67318344116211,0.6760986401591393,2.32,25259.04,0.874,0.07,819.6800000000001,0.034,5.49,92135.2,0.867,0.07,819.6800000000001,0.034
10,0,-3000,3000.0,946322.7947735367,38.97860336303711,0.6384716230170744,3.05,24419.56,0.835,0.05,641.08,0.032,2.98,75144.8,0.832,0.05,641.08,0.032,1163331.7259474036,36.8516960144043,0.6688677935139019,3.5,32033.4,0.866,0.08,827.2000000000002,0.034,5.26,93578.4,0.868,0.08,827.2000000000002,0.034
10,0,-2500,2500.0,937473.7578910294,42.35110855102539,0.6390353009167173,2.97,21230.64,0.843,0.06,673.04,0.032,4.57,78408.4,0.839,0.06,673.04,0.032,1151277.0857909606,38.682369232177734,0.6591105602892521,3.19,27810.46,0.862,0.08,846.0,0.034,4.98,95038.0,0.87,0.08,846.0,0.034
10,0,-2000,2000.0,923427.8202495008,47.135623931884766,0.6418097114399779,4.44,31088.49,0.854,0.07,682.44,0.032,6.18,79982.8,0.842,0.07,682.44,0.032,1145515.747527151,41.989627838134766,0.6507005423836155,5.35,41164.28,0.871,0.09,851.64,0.034,4.58,94570.6,0.87,0.09,851.64,0.034
10,0,-1500,1500.0,904653.157676803,47.98799514770508,0.6431308435647172,2.93,20671.2,0.839,0.1,703.12,0.032,7.53,81016.0,0.843,0.1,703.12,0.032,1145914.6888972158,43.44993209838867,0.644026454381673,6.2,42299.92,0.876,0.08,840.36,0.034,4.63,93931.0,0.869,0.08,840.36,0.034
10,0,-1000,1000.0,876675.9980197821,44.73212432861328,0.6405773203382027,1.77,13225.8,0.835,0.11,708.76,0.032,7.51,79802.4,0.841,0.11,708.76,0.032,1157181.5594922397,46.19810485839844,0.6423512060243679,5.8,35130.6,0.884,0.09,838.48,0.034,5.69,92094.2,0.866,0.09,838.48,0.034
10,0,-500,500.0,849207.7503975001,40.065635681152344,0.6382816518559326,1.89,17955.33,0.828,0.99,17001.6,0.105,6.85,77875.4,0.837,0.11,695.6,0.032,1174139.4482775985,47.25383377075195,0.6435078254288572,5.92,35324.9,0.885,0.11,806.52,0.033,6.76,90790.4,0.866,0.11,806.52,0.033
10,0,0,0.0,817694.3297400067,32.806983947753906,0.6316692274804024,3.59,36348.72,0.824,1.02,16594.269999999997,0.104,5.39,73923.0,0.829,0.11,691.84,0.032,1201989.2576978176,50.63259506225586,0.6505928603183089,3.39,21579.48,0.888,0.12,797.12,0.033,7.87,93193.0,0.871,0.12,797.12,0.033
10,0,500,500.0,792243.015782885,29.248815536499023,0.6282435904287065,6.19,81213.18,0.816,0.08,639.2,0.032,3.96,69724.6,0.821,0.08,639.2,0.032,1228372.6198109786,53.27889633178711,0.6581758213110437,4.05,24853.65,0.889,0.14,830.96,0.034,9.02,96415.6,0.878,0.14,830.96,0.034
10,0,1000,1000.0,770010.097553266,29.66299057006836,0.6208542630698138,2.35,33198.96,0.815,0.07,626.04,0.032,3.0,66042.8,0.814,0.07,626.04,0.032,1248669.020158156,50.537498474121094,0.6678250613393594,7.88,50155.44,0.885,0.14,842.2400000000001,0.034,9.44,101065.0,0.885,0.14,842.2400000000001,0.034
10,0,1500,1500.0,756300.4077095982,30.67898178100586,0.6174158801579985,1.45,26055.58,0.503,0.05,573.4,0.031,2.74,63041.59999999999,0.81,0.05,573.4,0.031,1258484.0303631385,48.79865646362305,0.6749043427316367,3.77,28505.52,0.896,0.15,906.16,0.034,9.78,105583.19999999998,0.891,0.15,906.16,0.034
10,0,2000,2000.0,750627.1243538322,31.74417495727539,0.6111482314735431,1.44,26565.62,0.51,0.05,560.24,0.031,2.87,61655.8,0.808,0.05,560.24,0.031,1246330.433781838,44.44681167602539,0.6786102213895392,3.46,28278.719999999998,0.894,0.15,924.96,0.035,9.33,107436.40000000001,0.892,0.15,924.96,0.035
10,0,2500,2500.0,753793.8606782453,32.83306884765625,0.6085169587589508,1.35,19919.9,0.698,0.04,535.8,0.031,2.99,60893.200000000004,0.809,0.04,535.8,0.031,1226708.1260789162,43.26251220703125,0.6809567357957123,3.96,41047.56,0.899,0.14,947.52,0.035,8.67,108830.4,0.893,0.14,947.52,0.035
10,0,3000,3000.0,768162.2420524003,34.276161193847656,0.6075649851792702,1.59,30390.92,0.538,0.04,528.28,0.031,3.02,60146.99999999999,0.806,0.04,528.28,0.031,1192384.365719535,45.57579040527344,0.6789165939940631,1.47,17889.2,0.888,0.14,955.04,0.035,7.16,107666.00000000001,0.891,0.14,955.04,0.035
10,0,3500,3500.0,789571.6357422073,34.91498947143555,0.6096589556734571,1.61,21973.38,0.72,0.03,513.24,0.03,3.05,59753.40000000001,0.804,0.03,513.24,0.03,1154607.3107094285,46.8641471862793,0.6751919011923456,2.78,25951.64,0.758,0.11,941.88,0.034,5.82,105919.39999999998,0.888,0.11,941.88,0.034
10,0,4000,4000.0,819689.8986216488,35.13040542602539,0.6128813155922441,1.98,36131.98,0.57,0.03,511.36000000000007,0.03,3.09,59941.99999999999,0.802,0.03,511.36000000000007,0.03,1110585.0477542947,48.85826873779297,0.6670752122951017,2.96,29783.0,0.866,0.1,938.12,0.034,5.98,102951.0,0.885,0.1,938.12,0.034
10,0,4500,4500.0,855305.8839961714,35.73535919189453,0.6180609489751901,2.13,38467.59,0.582,0.04,511.36000000000007,0.03,3.12,60598.00000000001,0.803,0.04,511.36000000000007,0.03,1068841.627305629,49.78483963012695,0.6592185621351516,3.01,25822.94,0.759,0.06,904.2799999999999,0.034,6.09,99564.4,0.883,0.06,904.2799999999999,0.034
10,0,5000,5000.0,898198.4653180025,37.24421691894531,0.6258378025412648,1.97,23812.5,0.841,0.04,511.36000000000007,0.03,3.31,63443.40000000001,0.81,0.04,511.36000000000007,0.03,1032011.137812135,51.90813446044922,0.6502557502386542,3.49,28237.3,0.861,0.06,894.88,0.034,6.23,94464.0,0.877,0.06,894.88,0.034
10,0,5500,5500.0,936685.9460242094,39.007301330566406,0.6306334882215228,2.59,43882.1,0.605,0.04,556.48,0.031,3.55,66452.8,0.818,0.04,556.48,0.031,1004887.8493626327,52.79063034057617,0.6450958037482585,3.52,28144.5,0.861,0.07,819.6800000000001,0.034,6.39,89658.8,0.871,0.07,819.6800000000001,0.034
10,0,6000,6000.0,972621.7121501782,41.598567962646484,0.6378107821604765,2.77,30157.1,0.86,0.05,567.76,0.031,3.96,69995.2,0.827,0.05,567.76,0.031,986419.1890135861,54.014102935791016,0.6376426056952578,2.02,17074.62,0.862,0.07,799.0,0.034,6.82,86460.8,0.867,0.07,799.0,0.034
10,0,6500,6500.0,999274.3629539538,43.626705169677734,0.6411235506343519,3.25,47825.58,0.62,0.06,620.4,0.032,4.35,73349.0,0.837,0.06,620.4,0.032,978854.5017832909,55.164405822753906,0.6338375158989377,2.45,19700.01,0.863,0.08,753.88,0.033,7.3,84230.4,0.865,0.08,753.88,0.033
10,0,7000,7000.0,1018399.2427187725,46.24268341064453,0.6459580135898615,3.68,48229.880000000005,0.619,0.06,637.32,0.032,4.64,77178.4,0.846,0.06,637.32,0.032,983166.7236089581,55.8560676574707,0.6319948212118004,3.77,31959.870000000003,0.873,0.08,742.6,0.033,7.77,83443.2,0.864,0.08,742.6,0.033
10,0,7500,7500.0,1028775.5726348272,47.52479934692383,0.6477808328467302,3.97,47822.47,0.618,0.07,689.96,0.032,4.84,80925.8,0.855,0.07,689.96,0.032,991760.2126099977,55.61335372924805,0.6317772208718864,3.57,42442.17,0.603,0.09,727.56,0.033,8.1,83279.2,0.865,0.09,727.56,0.033
10,0,8000,8000.0,1028842.3501285578,47.906494140625,0.650479371090351,4.23,46323.45,0.612,0.07,705.0,0.033,5.01,83984.4,0.861,0.07,705.0,0.033,1004101.1064764487,53.73881149291992,0.629967361150197,4.11,44342.380000000005,0.61,0.09,723.8,0.033,7.75,82861.0,0.864,0.09,723.8,0.033
10,0,8500,8500.0,1017088.2565096067,48.290138244628906,0.6486323529001984,4.29,45023.47,0.607,0.08,748.24,0.033,5.58,86387.0,0.866,0.08,748.24,0.033,1020004.3539253749,53.163246154785156,0.6292301732287922,4.5,45533.51,0.614,0.08,714.4,0.033,7.25,82844.6,0.865,0.08,714.4,0.033
10,0,9000,9000.0,995358.3482199203,52.04765701293945,0.646697249177421,4.19,42299.11,0.595,0.09,761.4,0.033,6.22,86296.8,0.865,0.09,761.4,0.033,1041751.9992192823,53.105953216552734,0.627074308195908,5.12,48543.99,0.626,0.08,712.52,0.033,7.0,85575.2,0.869,0.08,712.52,0.033
10,0,9500,9500.0,970828.3169120855,53.641563415527344,0.6448079567839149,3.98,40119.0,0.585,0.08,761.4,0.033,6.78,85755.6,0.865,0.08,761.4,0.033,1064446.0563482298,53.36198806762695,0.6242133800693571,5.55,51221.7,0.633,0.09,753.88,0.033,6.88,88273.0,0.873,0.09,753.88,0.033
10,0,10000,10000.0,940611.6292647675,55.021297454833984,0.6410695582189188,3.54,37680.76,0.572,0.08,763.2799999999999,0.033,7.1,84230.4,0.862,0.08,763.2799999999999,0.033,1094571.8129481836,55.73041915893555,0.6260763831874345,6.02,55140.3,0.645,0.11,765.16,0.033,7.56,89355.4,0.874,0.11,765.16,0.033
10,0,10500,10500.0,915003.0763312512,55.405853271484375,0.6404371481615795,2.17,19892.97,0.854,0.07,738.84,0.033,7.26,82672.4,0.86,0.07,738.84,0.033,1122412.9160939571,57.156951904296875,0.6273496067694355,6.1,57768.25,0.651,0.08,778.3199999999999,0.034,8.3,90183.6,0.876,0.08,778.3199999999999,0.034
10,0,11000,11000.0,886762.9406257751,52.432857513427734,0.6370131461919074,2.16,19275.9,0.847,0.08,736.96,0.033,6.99,79999.2,0.854,0.08,736.96,0.033,1153576.8150516632,59.3546028137207,0.6336572905099035,5.88,60172.28,0.655,0.09,783.96,0.034,9.02,91093.8,0.877,0.09,783.96,0.034
10,0,11500,11500.0,862052.8324105588,47.5247917175293,0.6357361098890941,2.11,17927.19,0.833,0.08,697.48,0.033,6.61,77227.6,0.848,0.08,697.48,0.033,1180849.9154272503,60.121177673339844,0.639768598170817,5.56,61170.59,0.657,0.1,795.2400000000001,0.034,9.55,92348.4,0.879,0.1,795.2400000000001,0.034
10,0,12000,12000.0,836039.3999509012,40.66386032104492,0.6294112850668032,4.03,36385.44,0.831,0.08,688.08,0.032,6.02,73135.8,0.836,0.08,688.08,0.032,1208869.9349746234,59.94438552856445,0.6505393220968243,4.8,60190.94,0.652,0.11,799.0,0.034,9.4,96686.2,0.882,0.11,799.0,0.034
10,0,12500,12500.0,817936.6066116403,39.01051330566406,0.6274048866868046,7.73,81389.69,0.823,0.08,629.8,0.032,5.45,69667.2,0.828,0.08,629.8,0.032,1224162.9507722035,57.83570861816406,0.656125867358014,4.34,58738.57,0.648,0.11,866.6800000000001,0.034,8.97,100876.4,0.885,0.11,866.6800000000001,0.034
10,0,13000,13000.0,801192.8361169759,35.496681213378906,0.6210840639370561,3.24,34320.96,0.821,0.07,614.76,0.031,4.76,67740.2,0.824,0.07,614.76,0.031,1225437.6645429446,52.151344299316406,0.6592731185884979,5.46,52370.880000000005,0.883,0.11,885.48,0.034,8.05,103197.0,0.886,0.11,885.48,0.034
10,0,13500,13500.0,789906.2703465665,33.27708435058594,0.6174020162697528,6.31,76791.14,0.813,0.06,590.32,0.031,4.07,66124.8,0.82,0.06,590.32,0.031,1221891.9524502396,49.40107727050781,0.661361382797361,11.06,118558.98,0.878,0.09,923.08,0.034,7.15,104623.8,0.886,0.09,923.08,0.034
10,0,14000,14000.0,781149.7540150511,32.105037689208984,0.6157776932704491,2.2,34626.74,0.557,0.06,584.68,0.031,3.34,63878.00000000001,0.814,0.06,584.68,0.031,1202807.7158947142,48.5645751953125,0.6584378782393295,2.31,25597.35,0.881,0.08,934.36,0.034,6.53,103311.8,0.882,0.08,934.36,0.034
10,0,14500,14500.0,773821.5249450476,33.08007049560547,0.6157926782692565,2.24,34253.54,0.555,0.05,552.72,0.031,2.72,61803.40000000001,0.809,0.05,552.72,0.031,1179778.0388815028,47.97713088989258,0.654330617833067,2.23,24801.39,0.878,0.08,917.44,0.034,6.0,101614.4,0.88,0.08,917.44,0.034
10,0,15000,15000.0,765553.8508912869,34.26487731933594,0.6167077121664494,2.12,32253.809999999998,0.541,0.05,545.2,0.031,2.67,60761.99999999999,0.806,0.05,545.2,0.031,1151406.1258840226,45.96709442138672,0.6487415996031238,2.16,24349.14,0.875,0.08,913.6800000000001,0.034,5.6,99876.0,0.878,0.08,913.6800000000001,0.034
10,0,15500,15500.0,756287.8748540067,35.037967681884766,0.6181650390205935,1.96,30387.809999999998,0.53,0.05,533.92,0.031,2.81,59999.4,0.804,0.05,533.92,0.031,1125999.0713996002,44.691993713378906,0.6445741345493036,2.01,23486.85,0.87,0.08,887.36,0.034,5.56,98588.6,0.877,0.08,887.36,0.034
10,0,16000,16000.0,742071.8719375384,35.607887268066406,0.6172135926513412,1.2,16244.819999999998,0.814,0.05,530.16,0.031,3.17,60950.6,0.805,0.05,530.16,0.031,1100327.5094833048,47.10184860229492,0.6389286830221979,3.36,49424.119999999995,0.623,0.08,879.84,0.034,5.77,97235.6,0.874,0.08,879.84,0.034
10,0,16500,16500.0,725115.3137255361,35.5605583190918,0.6145065889015359,1.73,21187.4,0.797,0.05,552.72,0.031,3.5,61795.2,0.806,0.05,552.72,0.031,1076560.929138404,47.07159423828125,0.6334576800360278,3.66,47921.99,0.619,0.07,853.52,0.034,5.86,96300.8,0.872,0.07,853.52,0.034
10,0,17000,17000.0,703285.5657060067,35.01178741455078,0.6088019688049044,1.71,19363.3,0.781,0.05,558.36,0.031,3.57,60778.40000000001,0.802,0.05,558.36,0.031,1052018.939633637,46.196250915527344,0.6254364683660862,4.02,46578.47,0.616,0.07,847.88,0.034,5.55,95029.8,0.87,0.07,847.88,0.034
10,0,17500,17500.0,683308.0422905146,34.136749267578125,0.60356571931176,1.21,14357.430000000002,0.794,0.05,545.2,0.031,3.55,59523.8,0.798,0.05,545.2,0.031,1028770.1375100787,48.02404022216797,0.6178233515192798,4.28,46034.22,0.613,0.07,834.7200000000001,0.033,5.8,93512.8,0.869,0.07,834.7200000000001,0.033
10,0,18000,18000.0,663825.3238820038,32.89468002319336,0.5951934972384629,1.21,13949.400000000001,0.789,0.05,541.44,0.031,3.02,56793.200000000004,0.79,0.05,541.44,0.031,1009716.8986369034,51.66407775878906,0.6118798389964714,4.59,46186.61,0.615,0.07,830.96,0.033,6.37,91528.4,0.867,0.07,830.96,0.033
10,0,18500,18500.0,652255.8150612611,32.243080139160156,0.5914038060424448,1.18,13129.319999999998,0.779,0.05,498.2,0.03,2.53,54316.799999999996,0.783,0.05,498.2,0.03,993003.4844459185,52.854209899902344,0.6074179563472596,4.83,46581.58,0.617,0.06,804.64,0.033,6.81,89699.8,0.867,0.06,804.64,0.033
10,0,19000,19000.0,647144.9334498153,31.440876007080078,0.5869657168832522,1.13,12922.290000000003,0.775,0.05,486.92,0.03,2.39,52619.4,0.777,0.05,486.92,0.03,979266.1571019792,53.84834289550781,0.6060482843974548,5.1,46712.2,0.616,0.07,799.0,0.033,7.06,88642.0,0.867,0.07,799.0,0.033
10,0,19500,19500.0,648628.7463312001,30.87476921081543,0.586714772659598,1.72,23981.21,0.488,0.05,458.72,0.03,2.28,51471.4,0.773,0.05,458.72,0.03,965913.9999149416,54.20353317260742,0.6063491791370681,5.29,46587.8,0.615,0.08,780.2000000000002,0.033,7.2,88117.2,0.868,0.08,780.2000000000002,0.033
10,0,20000,20000.0,655376.0207766783,30.771739959716797,0.5878851319533398,1.74,25635.730000000003,0.502,0.05,453.08,0.029,2.39,51127.0,0.772,0.05,453.08,0.029,949923.0398697325,54.94111633300781,0.6091317831585167,5.3,45228.73,0.609,0.08,776.44,0.033,7.42,87641.6,0.867,0.08,776.44,0.033
11,0,-20000,20000.0,173762.57982724963,12.71153736114502,0.41580485418566115,1.09,6928.1,0.643,0.01,90.24,0.017,0.87,11816.2,0.553,0.01,90.24,0.017,22928.828088082264,2.234499931335449,0.24598315031690068,0.26,1047.51,0.456,0.0,11.28,0.01,0.34,2197.6,0.412,0.0,11.28,0.01
11,0,-19500,19500.0,188046.7601706881,15.96982192993164,0.4352337698752546,1.11,6994.8,0.646,0.01,75.2,0.015,0.94,11152.0,0.541,0.01,75.2,0.015,24168.927340116352,1.8381911516189575,0.2421055922054336,0.28,964.08,0.433,0.0,13.160000000000002,0.01,0.48,2476.4,0.417,0.0,13.160000000000002,0.01
11,0,-19000,19000.0,202992.50810318088,20.18360710144043,0.45471766583383294,1.62,8864.4,0.661,0.01,71.44,0.015,1.13,12152.4,0.555,0.01,71.44,0.015,26504.335967305815,2.4473917484283447,0.2513875951106337,0.28,902.28,0.423,0.0,13.160000000000002,0.01,0.48,2214.0,0.39,0.0,13.160000000000002,0.01
11,0,-18500,18500.0,214782.46870254618,24.559370040893555,0.4672269607995049,1.95,8885.76,0.663,0.01,90.24,0.017,1.3,13234.8,0.574,0.01,90.24,0.017,29311.174838016086,2.9568824768066406,0.2661123706547918,0.25,1092.2,0.41,0.0,11.28,0.01,0.43,2033.6,0.371,0.0,11.28,0.01
11,0,-18000,18000.0,222779.69458634598,27.57135772705078,0.47878976493934744,2.09,8002.88,0.639,0.01,97.76,0.018,1.47,14948.6,0.603,0.01,97.76,0.018,31966.65841907179,3.5858078002929688,0.2797441001306744,0.26,1132.84,0.414,0.0,11.28,0.01,0.27,2263.2,0.38,0.0,11.28,0.01
11,0,-17500,17500.0,225373.187365435,29.50796127319336,0.4806811404712468,2.15,7490.24,0.626,0.02,122.2,0.02,1.57,16621.4,0.628,0.02,122.2,0.02,34136.726835090485,3.84250807762146,0.2914887930753394,0.27,1004.4000000000001,0.427,0.0,13.160000000000002,0.01,0.37,2681.4,0.404,0.0,13.160000000000002,0.01
11,0,-17000,17000.0,223720.65648403132,33.43684005737305,0.4785389765847046,2.03,6093.9,0.641,0.02,127.84000000000002,0.02,1.86,17638.2,0.644,0.02,127.84000000000002,0.02,35147.59793629073,3.67045259475708,0.29037012180770194,0.49,1798.38,0.502,0.0,13.160000000000002,0.01,0.56,3501.3999999999996,0.438,0.0,13.160000000000002,0.01
11,0,-16500,16500.0,220406.47559297795,35.318260192871094,0.47446431652578874,2.03,5786.12,0.646,0.03,139.12,0.021,2.24,19024.0,0.669,0.03,139.12,0.021,35155.02447445906,3.298611640930176,0.2813104524902778,0.48,1693.3200000000002,0.499,0.01,20.68,0.011,0.75,4239.4,0.463,0.01,20.68,0.011
11,0,-16000,16000.0,214991.55076692696,35.51603698730469,0.46955184041436077,2.24,6412.68,0.645,0.04,142.88,0.022,2.75,20188.4,0.683,0.04,142.88,0.022,34514.99532176822,3.908008575439453,0.2698177070780638,0.47,1588.26,0.498,0.01,22.56,0.011,0.75,4206.6,0.464,0.01,22.56,0.011
11,0,-15500,15500.0,208847.99633978764,34.96549606323242,0.4660988817563523,1.16,3208.8000000000006,0.651,0.04,161.68,0.023,3.39,21164.2,0.692,0.04,161.68,0.023,33907.865696666704,4.6388325691223145,0.2578307300489291,0.37,1341.06,0.483,0.01,22.56,0.011,0.71,3944.1999999999994,0.459,0.01,22.56,0.011
11,0,-15000,15000.0,199932.3596659744,31.368057250976562,0.4622420106419909,1.68,4872.96,0.648,0.04,165.44,0.023,3.82,20524.6,0.684,0.04,165.44,0.023,35348.908722600754,5.488399982452393,0.26378418921344327,0.41,1406.7,0.409,0.01,22.56,0.011,0.55,3271.8,0.44,0.01,22.56,0.011
11,0,-14500,14500.0,191543.44110037287,25.28411865234375,0.4590134578144221,2.03,7422.18,0.688,0.06,150.4,0.022,4.45,19950.6,0.678,0.06,150.4,0.022,38074.3871770188,6.9158735275268555,0.27798299765673523,0.43,1353.82,0.419,0.01,16.92,0.01,0.39,2697.8,0.421,0.01,16.92,0.01
11,0,-14000,14000.0,180742.75776355076,18.032699584960938,0.45008351636075705,1.91,6992.67,0.676,0.53,2798.18,0.057,4.02,18704.2,0.664,0.06,148.52,0.022,41413.59085766235,7.780881404876709,0.29509668668645705,0.45,1417.32,0.426,0.01,15.04,0.01,0.38,2566.6,0.399,0.01,15.04,0.01
11,0,-13500,13500.0,170211.9851745057,13.698392868041992,0.44205640425374076,3.66,17646.4,0.652,0.4,2355.43,0.051,3.66,17646.4,0.652,0.05,129.72,0.021,44003.74760634513,8.073915481567383,0.31063283073344133,0.42,1114.56,0.429,0.0,16.92,0.01,0.46,2583.0,0.39,0.0,16.92,0.01
11,0,-13000,13000.0,157689.34633671085,11.484110832214355,0.4265993562115082,2.61,16031.0,0.629,0.24,2036.6499999999999,0.046,2.61,16031.0,0.629,0.04,124.08,0.02,44433.81543977048,7.725879192352295,0.31934401769191983,0.45,1146.96,0.432,0.0,16.92,0.01,0.72,3321.0,0.416,0.0,16.92,0.01
11,0,-12500,12500.0,143973.80668536352,10.654004096984863,0.40764782077008144,0.67,3527.2799999999997,0.572,0.02,105.28000000000002,0.019,1.71,14227.000000000002,0.602,0.02,105.28000000000002,0.019,42819.827359554074,7.2872114181518555,0.31844762119801223,0.71,1745.85,0.494,0.01,22.56,0.011,1.06,4108.2,0.445,0.01,22.56,0.011
11,0,-12000,12000.0,129481.83558015735,11.77634048461914,0.38526286460628323,0.85,5234.46,0.609,0.17,1452.22,0.036,1.53,13841.6,0.595,0.02,101.52,0.019,39598.77153882489,6.713382244110107,0.31999640545359415,0.81,1894.17,0.508,0.01,24.44,0.011,1.2,4436.2,0.458,0.01,24.44,0.011
11,0,-11500,11500.0,116589.48634270091,11.242239952087402,0.3650700914831993,0.47,2886.36,0.537,0.12,1257.41,0.033,1.36,13562.8,0.59,0.03,99.64,0.018,36015.683265306594,5.814499855041504,0.31963272242534585,0.66,1650.06,0.501,0.09,318.78,0.03,1.32,4706.8,0.469,0.01,26.320000000000004,0.011
11,0,-11000,11000.0,104014.59291539449,9.427183151245117,0.3413893163766473,0.91,5871.12,0.535,0.09,1221.99,0.033,1.26,11898.2,0.557,0.03,99.64,0.018,31292.31953847948,4.752389907836914,0.3069995463472371,0.5,1424.49,0.509,0.06,301.07,0.029,1.08,4059.0,0.463,0.01,26.320000000000004,0.011
11,0,-10500,10500.0,95237.70689821104,7.637648105621338,0.32595444398935003,0.47,2183.76,0.444,0.1,1221.99,0.033,0.98,10315.6,0.521,0.02,73.32,0.015,28144.406101992783,3.851156711578369,0.3011817449417522,0.3,820.08,0.436,0.03,404.4,0.165,0.84,3583.4,0.473,0.01,20.68,0.011
11,0,-10000,10000.0,89208.01350081456,6.192647933959961,0.3074192184566612,0.64,3232.1400000000003,0.485,0.16,1434.51,0.036,0.89,9298.8,0.491,0.02,65.8,0.014,26073.96981989285,3.0145628452301025,0.28789716854712505,0.54,1656.4799999999998,0.429,0.02,289.82,0.136,0.64,3230.8,0.468,0.01,18.8,0.011
11,0,-9500,9500.0,87653.83953045914,4.6116251945495605,0.2997982315845091,0.55,3040.56,0.477,0.01,54.519999999999996,0.013,1.11,8380.400000000001,0.463,0.01,54.519999999999996,0.013,26398.766267275405,2.810882806777954,0.28479466343147813,0.66,1226.94,0.268,0.01,235.89999999999998,0.121,0.46,2837.2,0.456,0.01,16.92,0.011
11,0,-9000,9000.0,91111.80320879853,3.679813861846924,0.29968369567239905,0.44,2845.8900000000003,0.471,0.01,52.64000000000001,0.012,0.95,7708.0,0.447,0.01,52.64000000000001,0.012,29419.93223255357,6.561416149139404,0.30254002018823256,3.19,6583.71,0.5,0.0,15.2,0.041,0.37,2287.8,0.419,0.01,16.92,0.011
11,0,-8500,8500.0,98244.58803382251,4.845421314239502,0.30898307206486286,1.07,13661.98,0.584,0.01,41.36,0.01,0.76,7216.000000000001,0.439,0.01,41.36,0.01,34938.50035658272,9.57479476928711,0.3451747159384501,4.86,9642.63,0.587,0.0,15.2,0.041,0.34,1902.3999999999999,0.389,0.01,13.160000000000002,0.01
11,0,-8000,8000.0,109701.91160772809,6.063715934753418,0.32526243897056656,0.95,7654.0,0.619,0.01,41.36,0.01,0.39,6847.0,0.431,0.01,41.36,0.01,36360.251526399436,10.722058296203613,0.35338674385500635,5.4,10671.06,0.614,0.0,34.21,0.037,0.33,2123.8,0.386,0.01,11.28,0.01
11,0,-7500,7500.0,123031.99731184576,8.730081558227539,0.34459477986027476,1.25,9003.24,0.658,0.01,37.6,0.01,0.37,6715.8,0.429,0.01,37.6,0.01,36906.80771046828,11.901663780212402,0.3661003654745151,4.89,9959.07,0.597,0.0,31.1,0.036,0.71,2607.6,0.408,0.01,13.160000000000002,0.01
11,0,-7000,7000.0,139862.61816796742,11.266160011291504,0.36974091859687713,1.4,9337.88,0.667,0.01,37.6,0.01,0.53,7576.8,0.442,0.01,37.6,0.01,33728.06887591368,11.191266059875488,0.351725025090534,1.66,2833.53,0.562,0.0,34.21,0.038,1.55,4009.7999999999997,0.462,0.01,13.160000000000002,0.01
11,0,-6500,6500.0,158368.18848066876,14.20917797088623,0.39599072694885157,1.54,9562.16,0.672,0.01,45.12,0.011,0.67,8872.4,0.47,0.01,45.12,0.011,30472.011796388506,9.037335395812988,0.3373047518136146,1.72,2824.26,0.563,0.04,141.68,0.022,2.61,5772.8,0.502,0.02,20.68,0.011
11,0,-6000,6000.0,176527.564265142,18.285818099975586,0.42034256037276363,1.5,7255.8,0.663,0.02,52.64000000000001,0.012,0.77,10209.0,0.505,0.02,52.64000000000001,0.012,25418.59556648083,6.518899917602539,0.2984267861930777,1.78,2845.8900000000003,0.571,0.07,212.52,0.026,2.66,5764.6,0.506,0.02,22.56,0.011
11,0,-5500,5500.0,192052.1860823267,20.387008666992188,0.4370071824405746,1.53,7290.6,0.664,0.02,71.44,0.015,0.92,11365.2,0.533,0.02,71.44,0.015,21551.730827338906,4.264947414398193,0.26629106052497953,1.2,2039.4,0.52,0.03,250.50999999999996,0.162,2.68,5682.6,0.509,0.02,18.8,0.011
11,0,-5000,5000.0,207522.87764612085,21.193084716796875,0.45276534922364764,0.87,3968.94,0.642,0.02,77.08,0.015,1.4,12775.6,0.563,0.02,77.08,0.015,18873.684475336107,2.265890598297119,0.23342868415926069,0.79,1325.61,0.48,0.13,389.62,0.03,1.92,4280.4,0.479,0.02,18.8,0.011
11,0,-4500,4500.0,220658.15693495347,20.699325561523438,0.4625651949299126,1.06,4727.52,0.65,0.04,103.40000000000002,0.018,1.79,13833.4,0.586,0.04,103.40000000000002,0.018,17766.741848449055,1.3219830989837646,0.21593658910949726,0.46,979.53,0.429,0.01,17.95,0.016,1.05,2681.4,0.423,0.01,11.28,0.01
11,0,-4000,4000.0,233325.13012328657,18.454116821289062,0.47203746535396013,0.99,4797.87,0.653,0.04,109.03999999999999,0.019,1.82,14866.6,0.606,0.04,109.03999999999999,0.019,19368.934582644637,1.895764946937561,0.22274299717409635,0.5,980.2,0.396,0.0,9.4,0.01,0.56,1894.2,0.357,0.0,9.4,0.01
11,0,-3500,3500.0,246806.9856492388,15.76714038848877,0.4814491661875187,0.82,5031.03,0.663,0.04,120.32,0.02,1.74,15949.0,0.624,0.04,120.32,0.02,21673.655703871438,2.5533854961395264,0.23586815084629018,0.53,1020.8,0.4,0.0,5.64,0.009,0.18,1180.8,0.278,0.0,5.64,0.009
11,0,-3000,3000.0,260690.12735042948,15.06314754486084,0.4942754432386381,1.53,10216.32,0.66,0.04,124.08,0.02,1.53,17072.4,0.639,0.04,124.08,0.02,24850.01325561998,2.94071102142334,0.25782911655074886,0.51,1081.7,0.399,0.0,5.64,0.008,0.17,1254.6,0.282,0.0,5.64,0.008
11,0,-2500,2500.0,273214.56490984745,17.394424438476562,0.5051659102103764,1.09,8067.04,0.709,0.03,137.24,0.021,1.45,18220.4,0.652,0.03,137.24,0.021,27643.97493215885,3.2286787033081055,0.27661823872980285,1.66,4896.03,0.438,0.0,7.52,0.009,0.31,1377.6,0.293,0.0,7.52,0.009
11,0,-2000,2000.0,281969.39002914337,19.081146240234375,0.5169229190107475,1.47,9454.0,0.716,0.03,141.0,0.021,1.18,19614.4,0.668,0.03,141.0,0.021,28834.656340214442,2.7351701259613037,0.2829860898277535,1.63,4746.6,0.443,0.0,7.52,0.009,0.39,1771.2000000000003,0.315,0.0,7.52,0.009
11,0,-1500,1500.0,288857.3931896383,19.63007926940918,0.5274049710112674,1.52,9503.3,0.717,0.02,159.8,0.022,1.4,21262.6,0.686,0.02,159.8,0.022,28978.662366950648,2.6470141410827637,0.2813947169101407,1.5,4755.39,0.454,0.0,13.160000000000002,0.01,0.41,2271.4,0.349,0.0,13.160000000000002,0.01
11,0,-1000,1000.0,288743.1770260803,19.344552993774414,0.5348893590828061,0.98,5773.32,0.72,0.02,165.44,0.023,1.73,23443.8,0.707,0.02,165.44,0.023,28522.86513300287,2.5301411151885986,0.28070459674090154,0.51,1378.14,0.449,0.0,13.160000000000002,0.01,0.33,2558.4,0.364,0.0,13.160000000000002,0.01
11,0,-500,500.0,281353.87896584295,18.12047576904297,0.5342812349607139,0.83,4698.4,0.724,0.36,3860.7800000000007,0.067,1.99,25288.8,0.723,0.04,199.28,0.025,28173.26433704795,2.322664499282837,0.28059169166005105,0.44,1288.53,0.441,0.0,15.04,0.01,0.53,2902.8,0.385,0.0,15.04,0.01
11,0,0,0.0,264810.82724178565,16.378093719482422,0.5240932104028848,1.19,6460.14,0.715,0.4,3506.58,0.063,2.05,25838.2,0.727,0.05,208.68000000000004,0.025,27709.043439740337,3.025731086730957,0.2846110143271101,0.42,1223.64,0.443,0.01,16.92,0.01,0.55,2673.2,0.376,0.01,16.92,0.01
11,0,500,500.0,243889.76060651883,14.21226692199707,0.5068212328975474,1.09,5939.55,0.697,0.54,3223.22,0.061,2.03,26010.4,0.728,0.06,218.07999999999998,0.026,28074.713157697595,3.6536412239074707,0.2972974185946641,0.34,782.32,0.401,0.0,13.160000000000002,0.01,0.55,2558.4,0.381,0.0,13.160000000000002,0.01
11,0,1000,1000.0,219977.582741037,11.596220970153809,0.481071477366845,0.94,5459.16,0.679,0.06,219.96,0.026,1.84,24969.0,0.72,0.06,219.96,0.026,28220.73133708307,3.7686269283294678,0.3056259612224095,0.24,504.6,0.405,0.0,13.160000000000002,0.01,0.45,2607.6,0.392,0.0,13.160000000000002,0.01
11,0,1500,1500.0,199520.0325149829,9.068429946899414,0.4576797808866272,0.61,4327.53,0.626,0.06,195.52,0.024,1.85,24116.2,0.712,0.06,195.52,0.024,27820.325929596584,3.644486904144287,0.3111357268367123,0.22,439.6,0.409,0.05,230.23,0.03,0.36,2689.6,0.409,0.01,13.160000000000002,0.01
11,0,2000,2000.0,184124.4951752535,10.902305603027344,0.4363227730480343,1.0,5075.0,0.576,0.05,191.76,0.024,1.58,20959.2,0.683,0.05,191.76,0.024,26472.656526217816,3.127655267715454,0.30612070996705504,0.52,1412.13,0.479,0.05,230.23,0.03,0.56,2952.0,0.422,0.01,13.160000000000002,0.01
11,0,2500,2500.0,175644.86835730687,14.111968040466309,0.4272141094219847,1.03,5086.6,0.577,0.03,142.88,0.022,1.21,18015.4,0.65,0.03,142.88,0.022,24717.419170270772,2.526432514190674,0.29689659978001964,0.48,1378.14,0.477,0.06,247.94000000000003,0.031,0.78,3189.8,0.434,0.01,15.04,0.01
11,0,3000,3000.0,173002.1786937732,16.408119201660156,0.42155439200463296,1.25,7856.92,0.625,0.02,127.84000000000002,0.02,0.77,15883.4,0.622,0.02,127.84000000000002,0.02,22795.08722098657,1.8019678592681885,0.2867340065401001,0.43,1350.33,0.478,0.06,265.65,0.031,0.71,3099.6,0.432,0.01,15.04,0.01
11,0,3500,3500.0,174474.8357775702,17.58292007446289,0.42342689651270327,1.59,8291.24,0.638,0.02,101.52,0.018,1.01,13923.6,0.591,0.02,101.52,0.018,21158.957660131142,1.868137001991272,0.27998558946753593,0.28,1198.92,0.469,0.06,283.36,0.032,0.61,3034.0,0.435,0.01,15.04,0.01
11,0,4000,4000.0,179906.5561894143,17.533296585083008,0.4304608451023743,1.6,6237.9,0.626,0.02,94.0,0.017,1.47,13981.0,0.593,0.02,94.0,0.017,19734.75319979039,1.975281000137329,0.27314547407396034,0.21,1044.42,0.462,0.06,283.36,0.032,0.37,2648.6,0.424,0.01,15.04,0.01
11,0,4500,4500.0,185766.73299534095,21.322526931762695,0.4376591997171074,1.67,6290.1,0.628,0.03,97.76,0.018,1.9,14227.000000000002,0.599,0.03,97.76,0.018,18895.127891056865,2.0520148277282715,0.2735924866823344,0.18,588.7,0.393,0.0,11.28,0.01,0.23,2296.0,0.414,0.0,11.28,0.01
11,0,5000,5000.0,190495.20793157673,24.84462547302246,0.44859020350731965,2.14,6585.9,0.638,0.03,99.64,0.018,1.88,14538.6,0.604,0.03,99.64,0.018,18423.05129859534,2.1102120876312256,0.2739124057516993,0.12,429.84,0.386,0.0,11.28,0.01,0.25,2140.2,0.41,0.0,11.28,0.01
11,0,5500,5500.0,190470.4085708061,26.486927032470703,0.4517889463736839,2.17,6612.0,0.639,0.02,103.40000000000002,0.018,1.82,14850.2,0.61,0.02,103.40000000000002,0.018,17769.595981666935,2.125819444656372,0.2729824563322984,0.14,412.56,0.391,0.0,9.4,0.01,0.24,1992.6000000000001,0.407,0.0,9.4,0.01
11,0,6000,6000.0,187661.6346918831,27.489055633544922,0.45364130628629723,1.34,3878.46,0.635,0.02,105.28000000000002,0.018,1.81,15407.8,0.618,0.02,105.28000000000002,0.018,16942.988501019056,2.0924160480499268,0.2703684187811087,0.21,713.79,0.449,0.0,9.4,0.01,0.23,1853.1999999999998,0.405,0.0,9.4,0.01
11,0,6500,6500.0,182349.1149271188,26.300260543823242,0.45187969647044274,1.6,4520.49,0.638,0.17,2266.88,0.049,2.73,15981.799999999997,0.626,0.05,114.68,0.019,16046.576918204442,2.0264086723327637,0.26629353334038103,0.19,690.64,0.364,0.0,9.4,0.01,0.25,1664.5999999999997,0.399,0.0,9.4,0.01
11,0,7000,7000.0,172003.73609084968,22.520505905151367,0.43672216943262854,2.98,9147.36,0.635,0.21,2390.85,0.051,3.37,16965.8,0.639,0.06,118.44,0.02,15329.966687245758,1.9140551090240479,0.26306127628605264,0.16,513.3,0.38,0.0,9.4,0.01,0.22,1533.4,0.391,0.0,9.4,0.01
11,0,7500,7500.0,161209.20608516815,17.88918685913086,0.418153308693974,1.07,3949.6499999999996,0.605,0.26,2638.79,0.054,3.79,17884.2,0.651,0.06,133.48,0.021,14674.683538493628,1.7390730381011963,0.25989171414585516,0.17,510.4,0.379,0.0,9.4,0.01,0.22,1410.4,0.381,0.0,9.4,0.01
11,0,8000,8000.0,151588.6733024261,12.475706100463867,0.3993669342347015,2.09,7996.800000000001,0.602,0.29,3010.7,0.058,3.06,16596.8,0.632,0.07,137.24,0.021,14059.6053405357,1.6089918613433838,0.25144806414665666,0.09,285.36,0.376,0.0,7.52,0.01,0.22,1279.2,0.373,0.0,7.52,0.01
11,0,8500,8500.0,145710.04670849524,8.607989311218262,0.387351882959046,3.67,17130.76,0.58,0.34,3400.32,0.062,2.13,15063.4,0.609,0.04,116.56,0.019,13919.657403388954,1.6035854816436768,0.2482078202860305,0.11,337.68,0.381,0.0,7.52,0.01,0.22,1197.2,0.378,0.0,7.52,0.01
11,0,9000,9000.0,144758.4806767234,10.023443222045898,0.3847485451115565,0.59,4349.7,0.549,0.04,110.92,0.019,1.13,12742.8,0.568,0.04,110.92,0.019,14096.712467105885,1.4671494960784912,0.25207002737420137,0.23,464.4,0.374,0.0,7.52,0.01,0.2,1197.2,0.379,0.0,7.52,0.01
11,0,9500,9500.0,149180.57488093042,11.321648597717285,0.39434672532546966,0.59,4122.42,0.553,0.02,75.2,0.015,0.66,10815.8,0.528,0.02,75.2,0.015,14201.044699329723,1.410683274269104,0.25442899418247544,0.27,457.2,0.389,0.0,7.52,0.01,0.18,1205.4,0.378,0.0,7.52,0.01
11,0,10000,10000.0,156707.8534650528,12.385068893432617,0.4096401749583734,0.8,5459.4,0.605,0.01,63.92000000000001,0.014,0.71,10807.6,0.527,0.01,63.92000000000001,0.014,14542.425621643699,2.0079188346862793,0.2658343718870038,0.5,600.3,0.407,0.0,7.52,0.01,0.16,1107.0,0.359,0.0,7.52,0.01
11,0,10500,10500.0,162716.2238610943,13.639232635498047,0.42305571213571597,0.87,5179.06,0.61,0.01,65.8,0.014,0.98,11242.2,0.536,0.01,65.8,0.014,14937.01307563722,2.655461072921753,0.28169128771974694,0.53,614.8,0.409,0.0,7.52,0.01,0.16,1082.4,0.355,0.0,7.52,0.01
11,0,11000,11000.0,164339.21509994325,13.518289566040039,0.43014706433923355,0.93,5662.86,0.609,0.01,65.8,0.014,1.15,12816.6,0.568,0.01,65.8,0.014,14013.690063889258,2.5264053344726562,0.2697668185427314,0.34,370.62,0.409,0.0,5.64,0.01,0.2,1279.2,0.376,0.0,5.64,0.01
11,0,11500,11500.0,161342.9345351133,12.492090225219727,0.4283599163231229,0.53,2874.2,0.614,0.01,90.24,0.017,1.35,14333.6,0.595,0.01,90.24,0.017,13300.980125170376,2.4091379642486572,0.25504090601465573,0.41,432.15,0.414,0.01,78.32,0.15,0.36,1492.4,0.402,0.01,9.4,0.01
11,0,12000,12000.0,152591.04675946367,11.781922340393066,0.41662313475993573,0.5,2818.2,0.61,0.01,97.76,0.018,1.47,15539.0,0.615,0.01,97.76,0.018,13172.65357380711,1.731648325920105,0.24947797908700217,0.7,852.72,0.403,0.01,85.44,0.149,0.41,1566.2,0.399,0.01,9.4,0.01
11,0,12500,12500.0,141622.55812383583,11.195740699768066,0.39994632306671746,0.49,2591.4,0.592,0.02,118.44,0.019,1.45,16285.2,0.627,0.02,118.44,0.019,13593.35321848539,2.00120210647583,0.24694347909035733,0.38,649.22,0.244,0.01,92.56,0.156,0.42,1574.4,0.395,0.01,9.4,0.01
11,0,13000,13000.0,128364.93096366248,9.773347854614258,0.3784556250625122,0.46,2429.0,0.576,0.06,899.84,0.075,1.66,15276.6,0.613,0.02,124.08,0.02,14796.833582745603,3.0681276321411133,0.25789611656020095,0.41,686.4,0.246,0.01,107.84,0.091,0.22,1139.8,0.336,0.01,9.4,0.011
11,0,13500,13500.0,116487.10761180878,7.952454090118408,0.3596226438660868,0.51,2535.84,0.481,0.06,864.32,0.074,1.63,13948.200000000003,0.593,0.04,110.92,0.019,16904.73121621617,3.967536449432373,0.28225896800737255,0.52,732.16,0.251,0.0,7.52,0.01,0.16,861.0,0.293,0.0,7.52,0.01
11,0,14000,14000.0,105718.15051750302,6.152939796447754,0.33967103159002987,0.6,3625.0,0.494,0.23,1664.74,0.04,1.2,11816.2,0.553,0.04,107.15999999999998,0.019,19028.768940168084,4.785691261291504,0.30413209028444543,1.65,4280.73,0.472,0.0,5.64,0.009,0.37,1262.8,0.339,0.0,5.64,0.009
11,0,14500,14500.0,98529.95320353132,5.717770099639893,0.32800337036713256,0.6,3616.3,0.494,0.26,1682.45,0.04,0.77,9979.4,0.512,0.03,73.32,0.015,20265.637067922216,5.468681335449219,0.31752416970315234,0.71,1164.93,0.484,0.01,74.14,0.071,0.65,1804.0000000000002,0.389,0.01,9.4,0.01
11,0,15000,15000.0,93879.26451824559,6.305431365966797,0.3187970467863299,0.54,3364.0,0.472,0.26,1717.87,0.041,0.56,8642.8,0.476,0.03,65.8,0.014,19916.38781231304,5.292868137359619,0.3172060971394812,0.96,1498.65,0.509,0.03,88.55,0.02,0.86,2337.0,0.421,0.01,9.4,0.01
11,0,15500,15500.0,91300.05994199384,6.877853870391846,0.3148184355750684,0.56,3349.5,0.471,0.01,45.12,0.011,0.48,7929.4,0.465,0.01,45.12,0.011,19007.951316487743,4.82978630065918,0.31242776599502137,1.12,1538.8200000000002,0.513,0.05,106.26,0.022,1.17,3025.8,0.453,0.01,11.28,0.01
11,0,16000,16000.0,90168.91362584659,8.04263687133789,0.31526050422140045,0.58,3271.2,0.468,0.01,41.36,0.01,0.43,7543.999999999999,0.458,0.01,41.36,0.01,17056.61124846374,3.98811674118042,0.2924032887139835,1.29,1588.26,0.519,0.01,37.32,0.047,1.35,3148.8,0.46,0.01,11.28,0.011
11,0,16500,16500.0,89342.06263894634,8.70389175415039,0.31700890326609293,0.58,3274.0999999999995,0.469,0.01,39.48,0.01,0.38,7175.0,0.451,0.01,39.48,0.01,15051.230066848802,3.1190531253814697,0.2711234392920255,1.1,1375.05,0.505,0.03,136.16,0.054,1.53,3239.0,0.468,0.01,11.28,0.01
11,0,17000,17000.0,88975.39384010487,9.16344928741455,0.32154848962037264,0.55,3016.0,0.465,0.01,39.48,0.01,0.46,7281.600000000001,0.451,0.01,39.48,0.01,13082.680545168478,2.171266794204712,0.24519865224943924,0.9,1183.47,0.503,0.03,153.92,0.058,1.29,2796.2,0.454,0.01,11.28,0.011
11,0,17500,17500.0,88658.16405433629,9.465598106384277,0.32675984570192884,0.57,3004.4,0.465,0.01,41.36,0.01,0.61,7429.2,0.452,0.01,41.36,0.01,11872.47572283486,1.3085328340530396,0.2300777794340436,0.56,951.72,0.469,0.09,194.81,0.029,1.01,2386.2,0.448,0.01,9.4,0.01
11,0,18000,18000.0,86263.7173948247,8.897090911865234,0.3249712006993149,0.33,1847.8799999999997,0.474,0.01,41.36,0.01,0.75,7667.0,0.455,0.01,41.36,0.01,11504.403808151255,1.1673402786254883,0.2240432222791842,0.28,723.06,0.431,0.08,194.81,0.029,0.66,1902.3999999999999,0.406,0.01,7.52,0.01
11,0,18500,18500.0,83585.49077955839,7.766183376312256,0.32220077567717903,0.41,2134.62,0.475,0.01,47.0,0.011,0.85,7904.800000000001,0.459,0.01,47.0,0.011,11610.582958238001,1.381209135055542,0.22666558633331674,0.21,359.6,0.357,0.01,14.36,0.016,0.36,1377.6,0.349,0.01,5.64,0.009
11,0,19000,19000.0,79631.43391139091,6.40565824508667,0.315804294541759,0.73,4263.6,0.467,0.01,48.88,0.012,0.85,7863.8,0.463,0.01,48.88,0.012,12141.276943681214,1.5127137899398804,0.23407859921758384,0.12,262.74,0.361,0.0,5.64,0.009,0.19,1205.4,0.312,0.0,5.64,0.009
11,0,19500,19500.0,75802.39007310726,6.4105329513549805,0.30918227269063225,1.32,9169.23,0.447,0.01,50.76,0.012,0.84,7798.2,0.47,0.01,50.76,0.012,12268.458030144942,1.5623126029968262,0.23763676981306442,0.15,293.46,0.365,0.0,7.52,0.01,0.14,1049.6,0.289,0.0,7.52,0.01
11,0,20000,20000.0,72078.67705506098,6.410998344421387,0.3030339561123352,0.16,1171.8,0.432,0.01,52.64000000000001,0.013,0.73,7412.799999999999,0.469,0.01,52.64000000000001,0.013,12187.505706494903,1.5241330862045288,0.23310879148182556,0.14,289.44,0.364,0.0,7.52,0.01,0.17,1197.2,0.312,0.0,7.52,0.01
12,0,-20000,20000.0,742680.9763273917,26.26995277404785,0.6018231601060255,0.93,15668.640000000001,0.782,0.04,569.64,0.03,2.3,62065.8,0.788,0.04,569.64,0.03,1317339.6518496075,56.273441314697266,0.6796526176072311,4.89,66370.51,0.674,0.09,1250.2,0.045,7.09,109740.60000000002,0.902,0.09,1250.2,0.045
12,0,-19500,19500.0,738138.2788243414,26.031116485595703,0.6025880837715518,1.27,25063.49,0.487,0.04,532.04,0.03,2.08,59753.40000000001,0.783,0.04,532.04,0.03,1312436.7858712985,53.96296310424805,0.6862215134899298,4.43,65188.71000000001,0.674,0.09,1455.12,0.051,6.23,110085.0,0.901,0.09,1455.12,0.051
12,0,-19000,19000.0,735584.998554535,25.54155731201172,0.6024550472144172,1.25,24954.64,0.487,0.04,520.76,0.03,2.16,58925.2,0.78,0.04,520.76,0.03,1297163.3801970656,49.56201171875,0.691271821759176,5.32,57303.59999999999,0.901,0.1,1511.5199999999998,0.053,5.26,108961.6,0.9,0.1,1511.5199999999998,0.053
12,0,-18500,18500.0,733762.6395987645,24.985584259033203,0.6031292113647336,1.26,24907.99,0.487,0.04,513.24,0.03,2.22,58506.99999999999,0.779,0.04,513.24,0.03,1273690.6017008573,47.005706787109375,0.69389553824778,3.58,38549.7,0.904,0.09,1340.44,0.047,4.65,107256.00000000001,0.899,0.09,1340.44,0.047
12,0,-18000,18000.0,731600.8036045206,24.263689041137695,0.6026588066160998,1.3,24876.89,0.489,0.04,511.36000000000007,0.03,2.22,59581.2,0.781,0.04,511.36000000000007,0.03,1237622.8630135912,42.3482666015625,0.6928722996286891,2.44,26919.93,0.902,0.09,1289.68,0.046,4.19,103910.4,0.897,0.09,1289.68,0.046
12,0,-17500,17500.0,729644.8089284825,24.069561004638672,0.60219698798871,1.31,24901.769999999997,0.49,0.03,520.76,0.03,2.21,60991.59999999999,0.784,0.03,520.76,0.03,1202727.8372464466,38.866004943847656,0.6934080287906502,2.37,25920.96,0.902,0.09,930.6,0.034,3.83,100482.8,0.896,0.09,930.6,0.034
12,0,-17000,17000.0,727229.62009657,24.134523391723633,0.600823400823141,1.29,25355.83,0.495,0.03,524.52,0.03,2.13,60934.2,0.784,0.03,524.52,0.03,1162060.4150686946,36.61565017700195,0.6903951157314839,2.27,25524.99,0.902,0.09,919.3199999999999,0.034,3.49,97448.8,0.895,0.09,919.3199999999999,0.034
12,0,-16500,16500.0,726487.5052691322,23.94043731689453,0.6003467827194656,0.99,15292.8,0.778,0.03,517.0,0.03,2.18,61024.4,0.785,0.03,517.0,0.03,1125868.407118959,36.392982482910156,0.6892255377400476,2.01,24636.57,0.901,0.08,879.84,0.034,3.5,94849.4,0.894,0.08,879.84,0.034
12,0,-16000,16000.0,726916.6473097857,25.613933563232422,0.5984335803708342,0.98,15273.359999999999,0.778,0.03,513.24,0.029,2.37,60196.2,0.784,0.03,513.24,0.029,1086152.8149918397,35.9264030456543,0.6836015608804201,1.87,24172.26,0.898,0.08,870.44,0.035,3.43,91897.4,0.892,0.08,870.44,0.035
12,0,-15500,15500.0,729720.9907261983,27.827484130859375,0.5975638892739209,1.53,27878.04,0.514,0.04,505.72,0.029,2.54,59212.19999999999,0.784,0.04,505.72,0.029,1051315.718749682,35.46763229370117,0.679685499160835,1.57,23034.6,0.893,0.07,830.96,0.034,3.32,88937.2,0.89,0.07,830.96,0.034
12,0,-15000,15000.0,736118.338115909,30.673723220825195,0.5969415624976088,1.82,29106.49,0.521,0.04,501.96,0.029,2.58,59056.4,0.784,0.04,501.96,0.029,1015075.8183460475,34.6824836730957,0.673126351953838,1.45,22361.25,0.887,0.07,821.56,0.034,3.14,84911.0,0.883,0.07,821.56,0.034
12,0,-14500,14500.0,742231.2518663058,32.334861755371094,0.5948350932484155,2.02,29856.0,0.525,0.04,501.96,0.03,2.54,58999.0,0.786,0.04,501.96,0.03,983353.8730572714,34.14098358154297,0.6687793102020327,1.24,20853.75,0.873,0.06,767.04,0.034,2.95,80925.8,0.876,0.06,767.04,0.034
12,0,-14000,14000.0,752934.8148179296,34.668975830078125,0.594719077086232,2.2,30344.269999999997,0.527,0.04,503.84000000000003,0.03,2.55,59130.2,0.786,0.04,503.84000000000003,0.03,952984.3146664714,33.29326629638672,0.6615721198377066,1.92,27048.3,0.849,0.06,752.0,0.034,2.79,77440.8,0.864,0.06,752.0,0.034
12,0,-13500,13500.0,764889.7399361476,35.971248626708984,0.5947553113370662,2.3,30493.55,0.528,0.04,507.6000000000001,0.03,2.86,59261.4,0.786,0.04,507.6000000000001,0.03,932010.6978981424,32.796058654785156,0.6584452454857916,1.95,26926.5,0.848,0.05,695.6,0.033,2.63,75071.0,0.856,0.05,695.6,0.033
12,0,-13000,13000.0,779182.0084714871,36.87166213989258,0.5963642709881014,2.42,30266.519999999997,0.525,0.04,509.48,0.03,3.14,60065.0,0.788,0.04,509.48,0.03,915235.3019881158,33.580448150634766,0.6544055471473771,2.1,25815.8,0.844,0.05,680.56,0.033,2.75,74160.8,0.852,0.05,680.56,0.033
12,0,-12500,12500.0,791856.5299047607,36.107025146484375,0.5968564932584173,2.43,30226.09,0.524,0.05,520.76,0.03,3.37,60934.2,0.791,0.05,520.76,0.03,904599.2119386682,32.79263687133789,0.6526060299594255,2.11,25754.9,0.845,0.06,663.64,0.033,2.98,73775.4,0.85,0.06,663.64,0.033
12,0,-12000,12000.0,804157.1817922448,33.7105827331543,0.599063578800366,2.18,29915.09,0.521,0.05,524.52,0.03,3.42,62582.399999999994,0.794,0.05,524.52,0.03,896237.2354388712,31.482398986816406,0.6519334802823952,2.07,23876.1,0.842,0.06,661.76,0.033,3.11,72020.6,0.846,0.06,661.76,0.033
12,0,-11500,11500.0,814298.5079377526,34.515960693359375,0.6009460288549784,1.56,21292.82,0.8,0.05,545.2,0.03,3.55,64525.8,0.799,0.05,545.2,0.03,889028.8072962094,31.45747184753418,0.6523438394551536,2.17,22550.12,0.846,0.06,635.44,0.032,3.14,70290.4,0.843,0.06,635.44,0.032
12,0,-11000,11000.0,821814.6861971695,37.30369186401367,0.6047942721368323,2.08,29887.1,0.521,0.05,550.84,0.03,4.04,66690.6,0.803,0.05,550.84,0.03,883179.3765511203,31.489273071289062,0.6525104730483545,2.33,24661.38,0.845,0.06,627.92,0.032,2.93,69823.0,0.843,0.06,627.92,0.032
12,0,-10500,10500.0,826190.2909075508,38.752010345458984,0.6081682743732154,2.17,29946.190000000002,0.523,0.04,575.28,0.03,4.45,69068.6,0.807,0.04,575.28,0.03,876866.7401158069,32.29729080200195,0.6525529383996072,2.25,19353.6,0.851,0.05,620.4,0.032,2.75,70019.8,0.845,0.05,620.4,0.032
12,0,-10000,10000.0,826873.5616874411,39.8598518371582,0.6122015917787855,2.18,30089.25,0.525,0.04,580.92,0.03,4.71,70766.0,0.81,0.04,580.92,0.03,867906.1290768324,34.81028366088867,0.6501144583418901,3.28,28258.05,0.865,0.05,618.52,0.032,3.91,71684.4,0.848,0.05,618.52,0.032
12,0,-9500,9500.0,824375.3273479874,39.76734161376953,0.6150060673957549,2.09,30045.71,0.524,0.05,603.48,0.031,4.84,72332.2,0.814,0.05,603.48,0.031,855912.2212369078,36.55043029785156,0.6457536567591771,2.5,27813.09,0.864,0.07,635.44,0.032,5.24,73595.0,0.853,0.07,635.44,0.032
12,0,-9000,9000.0,818954.5751929836,38.91478729248047,0.6175736906339296,0.87,12105.8,0.811,0.05,611.0,0.031,4.75,72578.2,0.815,0.05,611.0,0.031,841997.3254050813,38.186546325683594,0.6423828942400788,1.96,22488.3,0.839,0.08,642.96,0.033,3.85,72586.4,0.853,0.08,642.96,0.033
12,0,-8500,8500.0,809742.4809696659,36.5902214050293,0.6180559317070643,1.15,16514.16,0.807,0.05,620.4,0.031,4.54,72110.8,0.816,0.05,620.4,0.031,829512.4827038422,39.88767623901367,0.6409985472735792,2.02,21226.78,0.842,0.06,624.16,0.032,4.01,71504.0,0.854,0.06,624.16,0.032
12,0,-8000,8000.0,795179.5165690139,34.78722381591797,0.6158102653143301,1.91,25461.6,0.82,0.05,624.16,0.031,4.12,70085.4,0.814,0.05,624.16,0.031,816420.906248526,41.82170104980469,0.6399058665812773,2.61,21880.8,0.837,0.05,620.4,0.032,4.23,70233.0,0.852,0.05,620.4,0.032
12,0,-7500,7500.0,778672.6454791711,34.14190673828125,0.6125877180870891,1.27,16893.36,0.803,0.04,603.48,0.031,3.69,67600.8,0.812,0.04,603.48,0.031,802900.246635375,43.23357391357422,0.6400095271613725,2.68,20652.74,0.84,0.04,607.24,0.032,4.45,68847.2,0.85,0.04,607.24,0.032
12,0,-7000,7000.0,760003.7674391263,30.873083114624023,0.6081648397966088,0.79,10988.6,0.801,0.04,595.96,0.031,3.83,65403.200000000004,0.807,0.04,595.96,0.031,788997.1322801443,44.93153381347656,0.6398170351742344,3.34,23835.1,0.845,0.05,601.6,0.032,4.51,68019.0,0.848,0.05,601.6,0.032
12,0,-6500,6500.0,742324.1815416764,30.186038970947266,0.6051753429230206,1.11,15444.84,0.797,0.04,565.88,0.03,3.73,63459.8,0.804,0.04,565.88,0.03,773114.2175702611,45.385780334472656,0.6383111696278843,3.38,23791.6,0.846,0.06,597.84,0.032,4.67,66911.99999999999,0.845,0.06,597.84,0.032
12,0,-6000,6000.0,723263.6758639249,31.119688034057617,0.6019148242309751,1.07,15292.08,0.794,0.04,558.36,0.03,3.24,62115.0,0.8,0.04,558.36,0.03,758943.8492136553,44.778602600097656,0.635185089916861,3.35,22846.2,0.842,0.07,597.84,0.032,5.17,65239.2,0.841,0.07,597.84,0.032
12,0,-5500,5500.0,703998.8768185503,32.76853561401367,0.599282544938732,3.44,42179.85,0.771,0.04,533.92,0.03,3.1,61106.4,0.798,0.04,533.92,0.03,745868.2978438619,42.52495193481445,0.6306052750861394,2.35,16037.790000000003,0.844,0.08,580.92,0.032,5.46,63295.8,0.838,0.08,580.92,0.032
12,0,-5000,5000.0,682105.5098935252,33.95656967163086,0.5952075225713138,1.9,22445.76,0.8,0.04,528.28,0.03,3.51,60081.4,0.794,0.04,528.28,0.03,736431.0610696404,37.809200286865234,0.6243994436824561,2.32,15780.510000000002,0.841,0.09,577.16,0.032,5.16,60188.00000000001,0.831,0.09,577.16,0.032
12,0,-4500,4500.0,660245.7413353382,34.003517150878906,0.5914672644828602,1.74,21837.03,0.794,0.04,515.12,0.03,4.11,59130.2,0.791,0.04,515.12,0.03,735386.9793117626,33.92218017578125,0.6222794832194732,2.12,15077.010000000002,0.836,0.08,539.56,0.032,4.41,56858.8,0.824,0.08,539.56,0.032
12,0,-4000,4000.0,635342.207751055,31.960655212402344,0.5847194918457704,1.57,21188.129999999997,0.788,0.04,509.48,0.029,4.05,57457.399999999994,0.784,0.04,509.48,0.029,741175.5185638717,33.88412094116211,0.6235745357341039,3.0,23255.1,0.844,0.08,528.28,0.032,3.13,54456.2,0.817,0.08,528.28,0.032
12,0,-3500,3500.0,610642.6534539365,27.5382080078125,0.5774028284111054,3.73,55792.80000000001,0.778,0.04,485.04,0.029,3.73,55792.80000000001,0.778,0.04,485.04,0.029,750579.4705465683,34.617740631103516,0.6277120643293432,3.07,23316.0,0.844,0.06,490.68,0.031,2.83,52775.2,0.812,0.06,490.68,0.031
12,0,-3000,3000.0,585968.7846637962,22.934043884277344,0.567971530203644,1.51,19337.22,0.77,0.04,479.3999999999999,0.029,2.99,53431.2,0.769,0.04,479.3999999999999,0.029,760585.5847348104,36.3475341796875,0.6352118101104346,1.61,13876.5,0.842,0.06,481.28,0.031,3.33,53956.0,0.814,0.06,481.28,0.031
12,0,-2500,2500.0,565424.9946241569,24.25018882751465,0.5610687517933819,1.28,13883.64,0.723,0.03,449.32,0.028,2.5,51127.0,0.761,0.03,449.32,0.028,767239.8357820441,37.705631256103516,0.6430638623570065,2.03,16100.099999999999,0.845,0.05,494.44,0.031,3.94,55924.0,0.819,0.05,494.44,0.031
12,0,-2000,2000.0,547382.9604678736,26.11621856689453,0.5537650034898576,1.56,17557.38,0.75,0.03,441.8,0.028,2.39,48872.0,0.751,0.03,441.8,0.028,763023.7161245641,38.88975524902344,0.6493056117827224,3.76,32566.559999999998,0.841,0.05,498.2,0.031,4.73,59819.0,0.829,0.05,498.2,0.031
12,0,-1500,1500.0,533338.7014536589,26.620868682861328,0.5496525739946679,1.18,11668.32,0.726,0.03,415.48,0.028,2.8,46649.8,0.741,0.03,415.48,0.028,748447.2140339946,38.217498779296875,0.649356280096228,1.25,11314.799999999997,0.845,0.07,550.84,0.032,5.42,63722.19999999999,0.838,0.07,550.84,0.032
12,0,-1000,1000.0,521415.72938095,28.576719284057617,0.5459070354272377,0.74,7624.4,0.725,0.04,406.08,0.028,3.03,44968.8,0.732,0.04,406.08,0.028,720660.3548870517,34.381221771240234,0.642900914235382,1.18,11109.0,0.842,0.07,565.88,0.032,5.47,64648.8,0.84,0.07,565.88,0.032
12,0,-500,500.0,511633.2523415456,30.064958572387695,0.5442411133787105,1.02,10596.72,0.719,0.04,383.52,0.027,3.09,43509.2,0.725,0.04,383.52,0.027,692847.1979929113,28.94631576538086,0.6355436703684351,2.45,19606.9,0.82,0.07,573.4,0.032,5.29,65026.0,0.842,0.07,573.4,0.032
12,0,0,0.0,502327.20593636384,30.70602798461914,0.5416686743808292,1.82,14224.5,0.706,0.04,377.87999999999994,0.027,2.79,42566.2,0.72,0.04,377.87999999999994,0.027,663170.6412871067,27.07975196838379,0.6251187850537735,2.67,17310.1,0.795,0.07,577.16,0.032,4.34,61696.799999999996,0.834,0.07,577.16,0.032
12,0,500,500.0,493502.11567579757,29.64474105834961,0.5389669397366059,1.85,14195.5,0.706,0.04,362.84,0.026,2.75,41984.0,0.717,0.04,362.84,0.026,638979.2521759345,26.310514450073242,0.6180453421239828,2.68,17144.8,0.793,0.06,530.16,0.032,3.31,57924.8,0.825,0.06,530.16,0.032
12,0,1000,1000.0,486444.59644486185,27.7058048248291,0.5357940578310407,1.83,13873.600000000002,0.703,0.04,359.08,0.026,2.82,41319.8,0.714,0.04,359.08,0.026,620795.2322542922,25.193037033081055,0.6114272408689286,2.88,16846.1,0.789,0.07,517.0,0.031,2.37,53874.0,0.81,0.07,517.0,0.031
12,0,1500,1500.0,482101.44857220905,25.36068344116211,0.5344066440902385,1.83,13853.3,0.703,0.04,347.8,0.026,2.83,40778.6,0.712,0.04,347.8,0.026,609403.4934623765,23.399887084960938,0.609266715811562,2.89,16828.7,0.789,0.07,458.72,0.031,2.22,50389.0,0.796,0.07,458.72,0.031
12,0,2000,2000.0,479450.7717133904,21.750024795532227,0.5319446249603607,1.25,9698.25,0.706,0.04,345.92,0.026,2.58,39835.6,0.709,0.04,345.92,0.026,603522.8420711446,21.46356773376465,0.6067282889250385,1.88,11726.34,0.789,0.07,445.56,0.03,2.23,49027.8,0.788,0.07,445.56,0.03
12,0,2500,2500.0,479957.85551982163,22.314769744873047,0.5317761975648645,1.18,9503.28,0.703,0.04,332.76,0.026,2.22,38991.0,0.707,0.04,332.76,0.026,602731.1968618908,19.09650421142578,0.6089935525556562,1.94,11730.36,0.79,0.08,419.24,0.03,2.31,48699.8,0.784,0.08,419.24,0.03
12,0,3000,3000.0,483137.3631015009,23.270530700683594,0.5317925125990776,1.09,9461.07,0.701,0.04,329.0,0.026,1.83,38425.2,0.705,0.04,329.0,0.026,599882.1015304035,17.720991134643555,0.6095916863889062,1.8,11674.08,0.789,0.08,409.84000000000003,0.029,2.26,49126.2,0.787,0.08,409.84000000000003,0.029
12,0,3500,3500.0,488610.15450335015,23.710004806518555,0.533472281768523,0.87,9422.88,0.7,0.04,319.6,0.026,1.71,38039.8,0.704,0.04,319.6,0.026,596768.4518357171,20.349246978759766,0.610404853765495,1.34,11569.56,0.791,0.08,419.24,0.03,2.88,49560.8,0.792,0.08,419.24,0.03
12,0,4000,4000.0,496474.8386042997,24.124013900756836,0.5357614239296863,1.58,19004.64,0.695,0.04,317.72,0.026,1.78,38400.6,0.707,0.04,317.72,0.026,592211.9757212844,21.641143798828125,0.6117784417500823,2.42,23345.76,0.787,0.07,421.12000000000006,0.03,2.52,49405.0,0.794,0.07,421.12000000000006,0.03
12,0,4500,4500.0,505872.2076421697,24.64473533630371,0.5391836071147112,0.9,10618.56,0.711,0.03,319.6,0.026,1.89,39007.4,0.71,0.03,319.6,0.026,587067.2518701672,21.775405883789062,0.613315537719945,1.28,12780.72,0.794,0.03,417.36000000000007,0.03,2.27,49528.0,0.799,0.03,417.36000000000007,0.03
12,0,5000,5000.0,516990.06112737313,24.7624568939209,0.5426051135057789,0.9,10713.6,0.712,0.03,321.48,0.026,1.95,39893.0,0.713,0.03,321.48,0.026,579685.034496924,19.946958541870117,0.6114485285092206,1.27,12681.36,0.793,0.04,419.24,0.03,2.58,49331.2,0.798,0.04,419.24,0.03
12,0,5500,5500.0,528136.9976745312,25.39206314086914,0.5456122153761096,1.0,11128.32,0.72,0.03,332.76,0.026,2.01,40786.8,0.716,0.03,332.76,0.026,572957.4547881298,17.0529727935791,0.6095211769688179,1.38,12519.36,0.792,0.05,421.12000000000006,0.03,2.72,48675.2,0.794,0.05,421.12000000000006,0.03
12,0,6000,6000.0,540086.2535507827,26.806732177734375,0.5475473439716855,0.62,7228.2,0.717,0.04,336.52,0.026,2.03,41606.8,0.719,0.04,336.52,0.026,567775.7996283845,15.907740592956543,0.6068364823508652,1.67,17959.08,0.803,0.05,421.12000000000006,0.03,2.38,48035.6,0.793,0.05,421.12000000000006,0.03
12,0,6500,6500.0,550828.3483293864,28.12813949584961,0.5470645772925544,1.71,13836.68,0.617,0.04,351.56,0.026,2.02,42295.6,0.722,0.04,351.56,0.026,564339.4084388042,16.88079833984375,0.6046170980623017,1.21,11622.96,0.783,0.06,415.48,0.03,2.55,47223.8,0.792,0.06,415.48,0.03
12,0,7000,7000.0,562831.6465080838,29.37561798095703,0.5465467594609603,1.9,15938.1,0.741,0.04,355.32,0.026,2.06,42787.6,0.724,0.04,355.32,0.026,563835.8312241425,19.052406311035156,0.6038914249307554,1.25,11631.6,0.784,0.06,413.6000000000001,0.03,1.7,45657.6,0.789,0.06,413.6000000000001,0.03
12,0,7500,7500.0,574060.1919196647,31.895687103271484,0.5446943380124358,2.1,16318.8,0.745,0.04,364.72,0.027,2.12,43296.0,0.727,0.04,364.72,0.027,566435.3130867005,18.896650314331055,0.6054670558632574,1.35,11575.44,0.787,0.05,389.15999999999997,0.03,1.79,44378.4,0.787,0.05,389.15999999999997,0.03
12,0,8000,8000.0,587884.9226534229,35.114498138427734,0.5464088209937679,2.63,17358.3,0.756,0.04,368.48,0.027,2.25,44066.8,0.733,0.04,368.48,0.027,571810.3430084117,19.120988845825195,0.6076252857030284,1.31,11759.04,0.789,0.05,383.52,0.03,1.95,44337.4,0.789,0.05,383.52,0.03
12,0,8500,8500.0,599407.6406741043,38.07368469238281,0.5471624966837018,2.61,16431.26,0.761,0.04,379.76,0.027,2.92,44919.6,0.739,0.04,379.76,0.027,578616.8472784254,22.10785484313965,0.6102967601250538,1.56,14762.48,0.793,0.06,377.87999999999994,0.03,2.07,44796.6,0.794,0.06,377.87999999999994,0.03
12,0,9000,9000.0,610424.6146898185,41.95826721191406,0.5519007104235761,3.12,19528.6,0.769,0.04,383.52,0.027,3.97,46822.0,0.746,0.04,383.52,0.027,585593.815533911,24.91228675842285,0.6114508391798897,1.67,14648.18,0.789,0.06,376.0,0.03,2.39,46231.6,0.798,0.06,376.0,0.03
12,0,9500,9500.0,616119.1467641739,44.10650634765625,0.5546806877262102,3.15,19572.1,0.77,0.06,409.84000000000003,0.028,5.0,48839.2,0.753,0.06,409.84000000000003,0.028,592259.3516202781,26.257307052612305,0.6110599325437853,1.59,12765.6,0.801,0.05,400.44,0.03,2.96,47683.0,0.803,0.05,400.44,0.03
12,0,10000,10000.0,619954.6806700901,46.91628646850586,0.5630148221301011,2.12,13294.14,0.768,0.07,417.36000000000007,0.028,5.86,51217.2,0.761,0.07,417.36000000000007,0.028,599930.756090192,26.120412826538086,0.6102835980078819,1.54,12752.64,0.799,0.05,407.96,0.03,3.45,48396.4,0.803,0.05,407.96,0.03
12,0,10500,10500.0,616721.061749101,47.533477783203125,0.5678046817738857,2.14,13635.84,0.773,0.08,449.32,0.028,6.46,53586.99999999999,0.769,0.08,449.32,0.028,607163.8319889405,26.947546005249023,0.6086090075016259,1.07,8090.6,0.791,0.07,419.24,0.031,3.78,48863.8,0.802,0.07,419.24,0.031
12,0,11000,11000.0,604005.1308115813,45.145423889160156,0.5693831034035857,4.23,27515.52,0.769,0.08,456.84000000000003,0.029,6.21,54456.2,0.772,0.08,456.84000000000003,0.029,616888.1524254449,27.978248596191406,0.6080831788926581,1.01,8086.4,0.79,0.08,423.0,0.031,3.6,48806.4,0.8,0.08,423.0,0.031
12,0,11500,11500.0,586048.4174202501,42.154083251953125,0.5672140015851919,8.34,61676.31,0.758,0.07,471.87999999999994,0.029,5.72,54800.6,0.773,0.07,471.87999999999994,0.029,629542.1439739309,29.218137741088867,0.6100441543126501,1.57,15692.12,0.8,0.08,419.24,0.03,3.18,48822.8,0.798,0.08,419.24,0.03
12,0,12000,12000.0,559614.2313473054,35.95293045043945,0.5581382597369305,1.05,8841.0,0.761,0.07,475.63999999999993,0.029,4.59,52808.00000000001,0.766,0.07,475.63999999999993,0.029,646756.2043588231,31.540849685668945,0.6161269985469515,1.94,16883.38,0.814,0.09,419.24,0.03,2.8,49528.0,0.797,0.09,419.24,0.03
12,0,12500,12500.0,535273.8728760091,32.86700439453125,0.5506071241176098,1.36,12039.9,0.749,0.07,453.08,0.029,3.87,50315.2,0.758,0.07,453.08,0.029,661155.7055693615,33.21584701538086,0.6212548822747537,2.15,17592.04,0.822,0.06,423.0,0.03,3.15,50790.8,0.8,0.06,423.0,0.03
12,0,13000,13000.0,511282.4790868255,33.47705841064453,0.541321936605906,2.44,24406.56,0.745,0.07,447.44,0.029,3.44,47027.0,0.745,0.07,447.44,0.029,671860.1570836798,31.985265731811523,0.6269537911552612,2.7,21546.57,0.83,0.06,424.87999999999994,0.03,3.78,52693.200000000004,0.806,0.06,424.87999999999994,0.03
12,0,13500,13500.0,491858.11118946597,33.16504669189453,0.5359603644954676,1.36,10674.72,0.714,0.06,400.44,0.028,3.46,43935.6,0.731,0.06,400.44,0.028,676366.6764045861,29.628110885620117,0.6296893468759827,2.06,15251.76,0.829,0.05,447.44,0.03,4.4,54866.2,0.815,0.05,447.44,0.03
12,0,14000,14000.0,475230.0591654163,32.156272888183594,0.5311927308634784,1.83,13969.3,0.705,0.05,387.28,0.027,3.41,41631.4,0.72,0.05,387.28,0.027,675811.6102232847,30.53156089782715,0.6311735196827837,1.24,9797.2,0.826,0.06,454.96,0.031,4.33,57031.0,0.823,0.06,454.96,0.031
12,0,14500,14500.0,462043.9372752887,31.73564910888672,0.5296475282692129,0.92,6661.2,0.706,0.05,353.44,0.027,3.26,39901.2,0.711,0.05,353.44,0.027,669180.5542084016,30.96066665649414,0.6283247807589196,1.43,14074.02,0.828,0.08,490.68,0.031,3.87,58539.8,0.83,0.08,490.68,0.031
12,0,15000,15000.0,448758.2543909896,32.368751525878906,0.5261944431078716,1.3,9748.5,0.709,0.05,344.04,0.026,3.2,38909.0,0.706,0.05,344.04,0.026,658889.1804771535,30.78481674194336,0.6230722726433784,2.56,28356.0,0.824,0.08,501.96,0.031,3.05,58031.4,0.83,0.08,501.96,0.031
12,0,15500,15500.0,434835.6810118749,31.00379180908203,0.5216682398527994,1.27,9563.58,0.706,0.06,329.0,0.026,3.28,38195.6,0.705,0.06,329.0,0.026,647091.7411543496,30.010847091674805,0.6163660755157765,1.16,14049.900000000001,0.825,0.07,509.48,0.032,3.42,56424.2,0.828,0.07,509.48,0.032
12,0,16000,16000.0,420094.59749323636,28.309627532958984,0.5150340430903281,1.19,9438.96,0.703,0.06,325.24,0.026,3.33,37392.0,0.701,0.06,325.24,0.026,637621.2510923496,28.666807174682617,0.6126698191524482,1.05,13740.36,0.818,0.06,509.48,0.032,3.05,53226.2,0.818,0.06,509.48,0.032
12,0,16500,16500.0,407086.5215814855,25.181760787963867,0.5099602740631738,1.03,9099.27,0.697,0.05,315.84,0.026,3.16,36399.8,0.697,0.05,315.84,0.026,628476.2781439804,26.96219253540039,0.6094632740842001,1.46,19084.9,0.803,0.05,470.0,0.031,2.45,49700.2,0.806,0.05,470.0,0.031
12,0,17000,17000.0,393308.5290230984,21.226896286010742,0.5017343895488099,2.03,18421.2,0.693,0.05,313.96,0.026,2.71,34874.6,0.688,0.05,313.96,0.026,622674.5832566365,24.5280818939209,0.6090246521206982,1.31,19267.6,0.802,0.05,456.84000000000003,0.031,2.46,47420.6,0.794,0.05,456.84000000000003,0.031
12,0,17500,17500.0,382016.5934276799,17.48614501953125,0.49535720389072907,0.87,8363.61,0.679,0.04,295.16,0.025,2.36,33316.600000000006,0.678,0.04,295.16,0.025,621040.3592749223,22.701602935791016,0.6127217418610706,1.13,12873.6,0.79,0.04,424.87999999999994,0.03,2.42,46067.6,0.787,0.04,424.87999999999994,0.03
12,0,18000,18000.0,372376.34947179933,16.849096298217773,0.48743422723620267,1.69,16936.08,0.675,0.04,289.52,0.025,1.93,31824.200000000004,0.668,0.04,289.52,0.025,615931.34345398,20.147998809814453,0.6121723967728565,1.08,12929.76,0.791,0.03,415.48,0.03,2.19,46707.2,0.787,0.03,415.48,0.03
12,0,18500,18500.0,366055.3357668424,16.86638832092285,0.48228369590196013,2.93,37225.03,0.659,0.03,268.84,0.024,1.48,30495.799999999996,0.658,0.03,268.84,0.024,610070.7603700222,17.313800811767578,0.6108578119826517,0.98,13028.819999999998,0.8,0.04,423.0,0.03,1.94,47724.0,0.789,0.04,423.0,0.03
12,0,19000,19000.0,362185.2022725702,16.83559799194336,0.47738768216261385,1.07,15671.279999999999,0.658,0.03,263.2,0.024,1.43,29495.4,0.65,0.03,263.2,0.024,603539.0737127468,18.1986026763916,0.6106692975599691,1.76,26434.320000000003,0.797,0.05,426.76,0.03,1.87,48298.0,0.79,0.05,426.76,0.03
12,0,19500,19500.0,361293.80366958043,16.77791976928711,0.47557813543361527,0.42,7426.950000000001,0.649,0.02,246.28,0.023,1.44,28773.800000000003,0.644,0.02,246.28,0.023,596786.3010397524,20.019872665405273,0.6102834868590036,0.76,12198.69,0.792,0.05,432.3999999999999,0.03,1.92,48732.6,0.792,0.05,432.3999999999999,0.03
12,0,20000,20000.0,361854.13487860723,17.411270141601562,0.4746057440260408,0.67,11080.9,0.637,0.02,242.52,0.023,1.45,28486.8,0.639,0.02,242.52,0.023,589246.3623827941,21.298728942871094,0.6093160255658908,1.06,14330.68,0.785,0.05,434.28,0.03,1.72,47691.2,0.79,0.05,434.28,0.03
13,0,-20000,20000.0,12294.204369448926,2.331418752670288,0.2469798178464015,0.29,417.6,0.38,0.07,230.23,0.033,0.45,1361.2,0.413,0.01,11.28,0.011,527.9600699713995,0.053992126137018204,0.10406572656882142,0.09,360.39,0.261,0.0,0.0,0.015,0.0,0.0,0.006,0.0,0.0,0.005
13,0,-19500,19500.0,12155.223978676804,2.0435495376586914,0.2494701889874682,0.29,420.5,0.382,0.08,247.94000000000003,0.033,0.38,1082.4,0.386,0.01,7.52,0.011,657.9729066084639,0.056455325335264206,0.11554347747200419,0.08,439.5,0.277,0.0,0.0,0.011,0.0,0.0,0.01,0.0,0.0,0.003
13,0,-19000,19000.0,12355.70699033633,1.657504916191101,0.2542481337872977,0.17,273.36,0.383,0.0,7.52,0.01,0.3,984.0,0.367,0.0,7.52,0.01,820.2913932681753,0.05803411081433296,0.12654426467196944,0.13,527.4,0.302,0.0,0.0,0.011,0.0,8.2,0.027,0.0,0.0,0.003
13,0,-18500,18500.0,12463.150118517115,1.26777184009552,0.26047795912026955,0.19,299.49,0.394,0.0,7.52,0.01,0.22,926.5999999999999,0.355,0.0,7.52,0.01,1189.2352820893243,0.13564439117908478,0.15422523440355437,0.25,729.57,0.353,0.0,0.0,0.006,0.01,16.4,0.062,0.0,0.0,0.004
13,0,-18000,18000.0,12182.568168765647,1.4401805400848389,0.2701092810078075,0.26,562.6,0.418,0.0,5.64,0.01,0.16,1000.4,0.364,0.0,5.64,0.01,1791.5264035895837,0.2768595218658447,0.19081730935156305,0.48,1125.12,0.421,0.0,0.0,0.006,0.02,32.8,0.091,0.0,0.0,0.005
13,0,-17500,17500.0,11485.560900997234,1.7635631561279297,0.2774244726104107,0.36,793.88,0.424,0.0,7.52,0.011,0.2,1090.6,0.378,0.0,7.52,0.011,2489.486637869404,0.45626646280288696,0.22026411707545024,0.71,1485.51,0.463,0.0,0.0,0.007,0.02,57.400000000000006,0.123,0.0,0.0,0.006
13,0,-17000,17000.0,10267.781423661972,1.9103769063949585,0.2844688028063988,0.26,498.8,0.43,0.0,1.52,0.03,0.22,1115.2,0.383,0.0,7.52,0.011,3166.1998042250393,0.663841962814331,0.23891151694661256,0.9,1784.3699999999997,0.483,0.0,0.0,0.007,0.02,65.6,0.115,0.0,0.0,0.007
13,0,-16500,16500.0,9007.671851378174,2.0259294509887695,0.2941866672026171,0.19,355.77,0.421,0.0,1.52,0.03,0.21,1115.2,0.39,0.0,7.52,0.011,3664.309963143723,0.7824558019638062,0.24691465279887884,0.94,1863.48,0.487,0.0,0.0,0.008,0.02,82.0,0.13,0.0,0.0,0.007
13,0,-16000,16000.0,7322.550978846816,1.7437547445297241,0.2926431693115269,0.18,331.65,0.42,0.0,6.74,0.027,0.2,992.2,0.388,0.0,7.52,0.011,3812.202925101982,0.8042200803756714,0.23401788023907819,0.75,1582.2,0.471,0.0,0.0,0.008,0.05,155.8,0.193,0.0,0.0,0.007
13,0,-15500,15500.0,5478.571682705205,1.2569541931152344,0.2782384809958255,0.14,261.3,0.422,0.0,0.0,0.002,0.19,811.8,0.378,0.0,5.64,0.01,3984.3482762869826,0.7973518967628479,0.2251022919627127,0.59,1309.71,0.451,0.0,0.0,0.011,0.11,295.2,0.28,0.0,1.88,0.008
13,0,-15000,15000.0,3596.333330211658,0.7166776657104492,0.23318867024868906,0.26,546.72,0.416,0.0,3.11,0.026,0.11,475.59999999999997,0.315,0.01,5.64,0.01,4129.255736468986,0.7511451840400696,0.21539151885195837,0.23,327.54,0.46,0.0,0.0,0.011,0.15,401.8,0.321,0.0,1.88,0.008
13,0,-14500,14500.0,2151.247577094489,0.3074491024017334,0.17983718059475537,0.32,975.45,0.377,0.0,5.8,0.065,0.04,180.4,0.199,0.0,3.76,0.009,4454.136971964181,0.7740610837936401,0.21308483933362982,0.21,312.09,0.45,0.0,3.59,0.014,0.21,541.2,0.357,0.0,1.88,0.009
13,0,-14000,14000.0,1177.71648119043,0.09281705319881439,0.10625080969820308,0.06,142.8,0.31,0.0,0.0,0.02,0.01,49.2,0.081,0.0,1.88,0.009,4982.807309339478,0.9050837159156799,0.22540705752412996,0.19,293.55,0.441,0.0,3.59,0.014,0.2,533.0,0.348,0.0,1.88,0.009
13,0,-13500,13500.0,1081.8496898062222,0.05714123696088791,0.09398612801759659,0.02,13.68,0.053,0.0,7.18,0.017,0.01,24.6,0.056,0.0,0.0,0.007,5358.573416184299,0.9971211552619934,0.2357365675379695,0.19,293.55,0.438,0.0,3.59,0.017,0.18,508.4,0.336,0.0,1.88,0.01
13,0,-13000,13000.0,1434.7196559193435,0.12115872651338577,0.0981346950255436,0.03,27.36,0.058,0.0,7.18,0.017,0.01,24.6,0.07,0.0,0.0,0.005,5555.753938194175,1.035666584968567,0.251329322261695,0.2,293.55,0.437,0.0,3.59,0.017,0.2,549.4,0.342,0.0,1.88,0.01
13,0,-12500,12500.0,2262.8951489117753,0.2302253693342209,0.12157195834364207,0.03,27.36,0.058,0.0,0.0,0.004,0.02,32.8,0.081,0.0,0.0,0.004,5442.583404638208,1.0344188213348389,0.26250914816794413,0.23,339.9,0.453,0.0,3.04,0.034,0.21,565.8,0.343,0.0,3.76,0.01
13,0,-12000,12000.0,3470.557177327464,0.4338892996311188,0.14706600227547767,0.15,313.28,0.351,0.0,0.0,0.004,0.02,49.2,0.081,0.0,0.0,0.005,4926.919718419231,0.9639993906021118,0.2682795276064025,0.28,392.43,0.469,0.0,6.74,0.02,0.27,697.0,0.369,0.0,3.76,0.011
13,0,-11500,11500.0,4815.127916190249,0.6751000881195068,0.16837764095246266,0.22,416.52,0.369,0.0,0.0,0.004,0.02,73.8,0.096,0.0,0.0,0.005,4164.2475751983975,0.8234511017799377,0.265712884753502,0.23,342.99000000000007,0.458,0.0,9.33,0.036,0.32,820.0,0.39,0.0,3.76,0.011
13,0,-11000,11000.0,6264.3412209308735,0.9610226154327393,0.191601423250332,0.23,339.3,0.38,0.0,0.0,0.004,0.02,139.4,0.13,0.0,0.0,0.005,3128.7050109658594,0.605505645275116,0.2508744403174317,0.17,290.46,0.445,0.0,3.11,0.02,0.29,754.4,0.384,0.0,5.64,0.011
13,0,-10500,10500.0,7571.43798574233,1.2545430660247803,0.20990390519500496,0.32,555.36,0.383,0.0,3.59,0.013,0.04,254.2,0.179,0.0,1.88,0.007,2079.3379278562916,0.37612560391426086,0.22369835888628845,0.1,185.4,0.402,0.0,0.0,0.013,0.23,639.6,0.369,0.0,3.76,0.011
13,0,-10000,10000.0,8496.399935159445,1.4192177057266235,0.22582695911491535,0.25,385.7,0.381,0.0,3.59,0.013,0.07,459.20000000000005,0.241,0.0,1.88,0.008,1127.5778055990834,0.1849047839641571,0.17219633806857196,0.04,51.84,0.287,0.0,6.96,0.11,0.14,401.8,0.32,0.0,3.76,0.011
13,0,-9500,9500.0,8981.191230462173,1.531746506690979,0.23358486258124386,0.26,388.6,0.381,0.0,3.76,0.01,0.1,680.6,0.288,0.0,3.76,0.01,488.26447660312624,0.07029309123754501,0.1186076989462239,0.07,195.09,0.195,0.0,6.96,0.109,0.06,180.4,0.232,0.0,1.88,0.01
13,0,-9000,9000.0,8907.183166161303,1.4058488607406616,0.23499212104147987,0.15,245.22,0.374,0.0,3.76,0.01,0.12,852.8,0.316,0.0,3.76,0.01,149.51154441614563,0.0169101282954216,0.05104088011448999,0.01,7.18,0.02,0.0,6.03,0.09,0.02,57.400000000000006,0.139,0.0,1.88,0.01
13,0,-8500,8500.0,8487.677995464765,1.1700273752212524,0.22814285270885284,0.14,253.26,0.374,0.0,5.64,0.01,0.12,975.8,0.334,0.0,5.64,0.01,50.436270997215615,0.002587713301181793,0.0234829903813356,0.01,17.58,0.061,0.0,0.0,0.012,0.0,8.2,0.036,0.0,0.0,0.008
13,0,-8000,8000.0,7910.174953055684,0.9296185374259949,0.21894265957968878,0.25,497.76,0.36,0.0,7.52,0.011,0.11,934.7999999999998,0.328,0.0,7.52,0.011,67.7389403910638,0.0035450547002255917,0.027106845307185906,0.01,6.08,0.054,0.0,0.0,0.012,0.0,0.0,0.011,0.0,0.0,0.006
13,0,-7500,7500.0,7305.897708230259,0.8342601656913757,0.20794636865986943,0.3,956.87,0.311,0.0,5.64,0.01,0.09,844.6,0.315,0.0,5.64,0.01,151.1050858590579,0.011598702520132065,0.04787022913391777,0.01,6.08,0.054,0.0,0.0,0.003,0.0,0.0,0.002,0.0,0.0,0.003
13,0,-7000,7000.0,6889.470367823378,0.787148118019104,0.19811632083027786,0.09,218.44,0.305,0.0,5.64,0.01,0.09,713.4,0.291,0.0,5.64,0.01,323.9616654193014,0.03377770632505417,0.07014622924213655,0.01,13.68,0.06,0.0,0.0,0.002,0.0,0.0,0.002,0.0,0.0,0.001
13,0,-6500,6500.0,6774.914027540217,0.7500150799751282,0.1957759144613483,0.11,194.4,0.333,0.0,5.64,0.01,0.1,590.4,0.267,0.0,5.64,0.01,610.9191158167135,0.07733805477619171,0.09583898914605114,0.02,45.76,0.174,0.0,0.0,0.001,0.0,0.0,0.003,0.0,0.0,0.001
13,0,-6000,6000.0,6911.450707004406,0.6593694686889648,0.19357559906524038,0.16,339.9,0.379,0.0,5.64,0.01,0.13,590.4,0.265,0.0,5.64,0.01,1123.8849738485128,0.17093779146671295,0.12452468599646808,0.02,22.8,0.061,0.0,0.0,0.001,0.0,0.0,0.018,0.0,0.0,0.001
13,0,-5500,5500.0,7361.511477489694,0.7256941795349121,0.1986332163036319,0.13,231.12,0.359,0.0,5.64,0.01,0.18,647.8,0.28,0.0,5.64,0.01,1836.0889278183563,0.3123343884944916,0.15230394186622048,0.06,156.64,0.329,0.0,0.0,0.004,0.0,8.2,0.047,0.0,0.0,0.004
13,0,-5000,5000.0,7984.855706657254,1.0666475296020508,0.20906194269281844,0.23,345.1,0.368,0.0,5.64,0.01,0.2,713.4,0.297,0.0,5.64,0.01,2918.183592454747,0.5613482594490051,0.17637584084846994,0.12,284.8,0.382,0.0,0.0,0.004,0.01,32.8,0.109,0.0,0.0,0.005
13,0,-4500,4500.0,8525.10698520879,1.4127863645553589,0.21896361100143402,0.24,356.7,0.373,0.0,5.64,0.01,0.2,762.6,0.309,0.0,5.64,0.01,4390.210783477505,0.9318055510520935,0.20145460417293443,0.16,363.12,0.402,0.0,3.59,0.016,0.02,65.6,0.168,0.0,0.0,0.008
13,0,-4000,4000.0,8944.818649531346,1.7881181240081787,0.23867513296751325,0.45,510.4,0.415,0.0,6.08,0.038,0.14,721.6,0.303,0.01,5.64,0.01,6495.3941251311335,1.5872422456741333,0.22316998837599744,0.24,516.2,0.425,0.0,3.59,0.016,0.04,139.4,0.237,0.0,0.0,0.009
13,0,-3500,3500.0,9074.871771634389,2.2360405921936035,0.258629812399299,0.47,522.0,0.418,0.0,6.08,0.038,0.11,672.4,0.298,0.0,5.64,0.01,9099.181976804473,2.3788349628448486,0.24288587602473444,0.29,615.88,0.435,0.0,1.88,0.01,0.06,213.2,0.286,0.0,1.88,0.01
13,0,-3000,3000.0,8795.580751721194,2.2833101749420166,0.27564042716647136,0.26,292.32,0.416,0.0,4.56,0.036,0.19,746.2,0.323,0.0,5.64,0.01,12501.975214772281,3.8969688415527344,0.26747899066820274,0.31,583.2,0.45,0.0,1.88,0.01,0.1,328.0,0.335,0.0,1.88,0.01
13,0,-2500,2500.0,8189.169038444243,2.0893118381500244,0.2856955164787389,0.34,349.74,0.423,0.0,26.96,0.044,0.26,844.6,0.36,0.01,5.64,0.01,16177.450735316503,5.304288387298584,0.2870806718489665,0.35,561.34,0.459,0.0,1.88,0.011,0.14,451.00000000000006,0.371,0.0,1.88,0.011
13,0,-2000,2000.0,7024.903248856845,1.6119173765182495,0.2694449136099484,0.29,313.56,0.415,0.0,12.44,0.033,0.29,918.4000000000001,0.383,0.01,5.64,0.01,20189.32182978793,7.060707092285156,0.31321927233944574,0.57,920.7,0.467,0.0,3.76,0.011,0.25,729.8,0.423,0.0,3.76,0.011
13,0,-1500,1500.0,5712.361784402856,1.052100658416748,0.2357888731994774,0.19,223.11000000000004,0.389,0.0,9.33,0.031,0.27,918.4000000000001,0.395,0.01,7.52,0.011,23595.3672977723,9.335747718811035,0.33000319397351086,0.63,881.38,0.474,0.0,5.64,0.011,0.39,1041.4,0.46,0.0,5.64,0.011
13,0,-1000,1000.0,4824.390423634759,0.5968489050865173,0.19958249212292553,0.31,444.7200000000001,0.375,0.0,9.33,0.029,0.16,615.0,0.351,0.01,7.52,0.011,26352.858934185882,10.687355041503906,0.3446828031770469,0.68,889.0,0.474,0.0,5.64,0.011,0.65,1615.4,0.498,0.0,5.64,0.011
13,0,-500,500.0,4955.660147466006,0.8143061399459839,0.19358118017358109,0.14,294.58,0.249,0.0,15.55,0.039,0.08,328.0,0.276,0.01,3.76,0.01,28153.589084304374,11.246949195861816,0.3520810636488797,0.66,766.8,0.483,0.01,9.4,0.011,0.94,2205.8,0.52,0.01,9.4,0.011
13,0,0,0.0,6252.8895551207825,1.2988156080245972,0.20821063374613857,0.19,318.6,0.393,0.0,18.2,0.166,0.03,155.8,0.189,0.0,3.76,0.01,28638.75343932242,11.047061920166016,0.35103749472481327,0.66,756.0,0.482,0.01,11.28,0.012,1.21,2779.8,0.534,0.01,11.28,0.012
13,0,500,500.0,8505.229875044097,2.0850515365600586,0.2406362808837912,0.27,405.0,0.416,0.0,3.59,0.013,0.02,98.4,0.143,0.0,1.88,0.008,28317.961160828305,10.530439376831055,0.34317642336001253,0.7,749.52,0.482,0.01,15.04,0.012,1.43,3255.4,0.543,0.01,15.04,0.012
13,0,1000,1000.0,11201.341995428083,3.110344171524048,0.2726117255749017,0.51,639.9,0.453,0.0,3.59,0.013,0.06,278.8,0.265,0.0,0.0,0.006,27546.831892532806,9.888899803161621,0.33660811385533657,0.67,699.84,0.48,0.02,16.92,0.012,1.4,3230.8,0.542,0.02,16.92,0.012
13,0,1500,1500.0,13718.052545601131,4.022099018096924,0.2982000589742892,0.6,619.76,0.463,0.0,7.18,0.016,0.14,541.2,0.346,0.0,1.88,0.009,26975.566967093793,9.79520320892334,0.3311751074363744,1.21,1399.08,0.466,0.02,15.04,0.012,1.4,3091.4,0.54,0.02,15.04,0.012
13,0,2000,2000.0,15715.57786158919,4.483664035797119,0.3249989202135483,0.6,632.46,0.464,0.0,7.18,0.016,0.31,1016.8,0.427,0.0,1.88,0.009,26810.96701573123,10.330103874206543,0.32744932049263503,1.15,1107.8,0.479,0.02,15.04,0.012,1.27,2673.2,0.532,0.02,15.04,0.012
13,0,2500,2500.0,16859.035826522904,5.540652275085449,0.33983942105072423,0.62,548.64,0.476,0.01,5.64,0.011,0.52,1525.2,0.472,0.01,5.64,0.011,27366.184226989048,10.607185363769531,0.32800064845567944,1.18,1119.4,0.48,0.02,13.160000000000002,0.012,1.11,2238.6,0.52,0.02,13.160000000000002,0.012
13,0,3000,3000.0,17044.197467028243,5.449761390686035,0.35403032804037604,0.59,524.88,0.474,0.09,159.39,0.035,0.8,1976.2000000000003,0.501,0.01,7.52,0.011,28925.892503886203,10.795073509216309,0.33293719413342,1.06,1032.4,0.472,0.01,13.160000000000002,0.012,1.04,2115.6,0.515,0.01,13.160000000000002,0.012
13,0,3500,3500.0,16336.401380883171,4.9384894371032715,0.3571005781945096,0.38,358.4,0.472,0.05,123.97000000000001,0.033,1.07,2296.0,0.521,0.01,11.28,0.011,30795.722628948173,11.011839866638184,0.3374282877137723,1.05,1026.6,0.472,0.01,11.28,0.012,0.96,1984.4,0.509,0.01,11.28,0.012
13,0,4000,4000.0,14626.005260726357,4.007388591766357,0.3544125808743309,0.34,331.8,0.469,0.0,7.6,0.051,1.0,2164.8,0.519,0.02,11.28,0.012,32964.25573752756,12.02468204498291,0.3488443197821656,0.68,683.4,0.477,0.01,11.28,0.012,0.94,2058.2,0.509,0.01,11.28,0.012
13,0,4500,4500.0,12418.19072108522,2.922947883605957,0.3421952333084204,0.26,349.74,0.453,0.0,7.6,0.051,0.84,1885.9999999999998,0.509,0.02,11.28,0.011,34882.03578969434,13.127474784851074,0.3594598361882958,3.37,5124.57,0.561,0.01,13.160000000000002,0.012,0.95,2197.6,0.512,0.01,13.160000000000002,0.012
13,0,5000,5000.0,10090.016258556727,1.9363036155700684,0.32104117979188623,0.45,701.76,0.445,0.02,70.84,0.028,0.54,1476.0,0.489,0.02,11.28,0.011,36197.63272145674,14.639368057250977,0.37528705486578867,1.04,1026.16,0.48,0.01,13.160000000000002,0.012,1.24,2558.4,0.522,0.01,13.160000000000002,0.012
13,0,5500,5500.0,8214.499738167433,1.3989864587783813,0.3049286692462664,0.64,1421.37,0.418,0.03,53.13,0.028,0.34,1123.4,0.463,0.01,7.52,0.011,36859.43035584522,16.20038604736328,0.3887586859068145,1.57,1578.99,0.576,0.01,13.160000000000002,0.012,1.67,3066.8,0.534,0.01,13.160000000000002,0.012
13,0,6000,6000.0,6793.192065906078,1.1993414163589478,0.2724105282409527,0.16,327.54,0.479,0.04,88.55,0.031,0.25,877.4,0.438,0.01,7.52,0.011,36010.20035237251,16.432008743286133,0.40139223401539004,2.08,1909.62,0.584,0.01,15.04,0.012,2.31,3714.6,0.547,0.01,15.04,0.012
13,0,6500,6500.0,6209.482196092358,1.1961560249328613,0.2571105069917067,0.13,309.0,0.473,0.0,3.76,0.011,0.2,738.0,0.418,0.0,3.76,0.011,33898.570395312665,15.742020606994629,0.4092977752397156,2.14,1912.7100000000003,0.586,0.01,12.16,0.059,3.08,4444.4,0.558,0.02,16.92,0.012
13,0,7000,7000.0,6421.25602261808,1.4161934852600098,0.24147285941288044,0.11,185.9,0.242,0.0,3.76,0.011,0.16,647.8,0.403,0.0,3.76,0.011,29809.11241526768,13.576766967773438,0.41028026508580745,2.2,1925.0700000000002,0.587,0.08,123.97000000000001,0.034,3.31,4616.6,0.561,0.02,18.8,0.012
13,0,7500,7500.0,7391.419017501175,1.7821670770645142,0.24323437608162704,0.19,306.02,0.261,0.0,3.76,0.01,0.14,582.2,0.391,0.0,3.76,0.01,25045.628734331953,10.845088005065918,0.4084445790475874,2.0,1770.5700000000002,0.585,0.04,70.84,0.031,3.38,4633.0,0.562,0.03,20.68,0.012
13,0,8000,8000.0,9352.172958587198,2.6808032989501953,0.25733865912198367,0.23,459.0,0.439,0.0,3.76,0.01,0.13,524.8,0.378,0.0,3.76,0.01,19569.531627526398,7.885443687438965,0.39501202316784834,1.79,1600.62,0.582,0.0,3.04,0.044,3.04,4255.8,0.559,0.03,20.68,0.012
13,0,8500,8500.0,11872.955278918562,3.5773394107818604,0.2740629149987537,0.34,550.8,0.45,0.0,7.18,0.019,0.14,500.2,0.374,0.0,1.88,0.01,14521.573768321807,5.129517555236816,0.38188517295794633,1.35,1269.99,0.573,0.0,3.04,0.044,2.66,3829.4,0.554,0.02,16.92,0.012
13,0,9000,9000.0,15206.210732820779,5.400025844573975,0.30238820270375716,0.67,801.9,0.469,0.0,7.18,0.019,0.2,664.2,0.409,0.0,1.88,0.01,10058.471807420876,3.1986517906188965,0.3511545089410708,0.89,905.37,0.558,0.0,1.52,0.035,1.91,2993.0,0.541,0.02,16.92,0.012
13,0,9500,9500.0,18909.138475322146,6.43639612197876,0.3304910774634179,0.77,774.7,0.479,0.0,3.76,0.011,0.3,861.0,0.438,0.0,3.76,0.011,6555.15904766194,1.8940374851226807,0.32685716014625654,0.56,630.36,0.538,0.0,13.48,0.04,1.23,2148.4,0.52,0.01,11.28,0.012
13,0,10000,10000.0,21901.941490699246,9.223590850830078,0.35742635836629433,0.93,858.52,0.484,0.0,3.76,0.011,0.5,1295.6,0.479,0.0,3.76,0.011,4068.2768392623757,0.9863285422325134,0.27614150681099164,0.72,1443.2,0.489,0.0,6.22,0.037,0.72,1443.2,0.489,0.01,9.4,0.012
13,0,10500,10500.0,23559.02510543754,10.22117805480957,0.37123620677534563,1.03,909.32,0.487,0.01,7.52,0.011,0.71,1730.2,0.504,0.01,7.52,0.011,2352.8085118513986,0.4675333499908447,0.23231846167945563,0.13,210.12000000000003,0.444,0.0,6.22,0.032,0.32,770.8,0.429,0.01,5.64,0.011
13,0,11000,11000.0,24180.964653310588,9.84128475189209,0.39611907320420037,0.86,710.64,0.493,0.0,6.08,0.05,0.94,2296.0,0.526,0.01,9.4,0.012,1418.422616576936,0.2282310277223587,0.17660618792029492,0.16,442.80000000000007,0.364,0.0,3.11,0.024,0.16,442.80000000000007,0.364,0.0,3.76,0.011
13,0,11500,11500.0,23043.379900995962,8.684501647949219,0.40976833976287,1.07,805.68,0.499,0.0,6.08,0.05,1.36,2804.4,0.539,0.02,13.160000000000002,0.012,912.2490980281541,0.11295375227928162,0.13895964237520844,0.03,52.53000000000001,0.277,0.0,3.11,0.019,0.06,180.4,0.255,0.0,1.88,0.01
13,0,12000,12000.0,19596.373142678844,6.964408874511719,0.4058789875803302,1.46,1384.3200000000002,0.583,0.0,3.04,0.044,1.76,3124.2,0.547,0.02,15.04,0.012,764.3458161060806,0.08989914506673813,0.11206542288982728,0.09,290.07,0.286,0.0,5.22,0.092,0.03,90.2,0.18,0.0,1.88,0.01
13,0,12500,12500.0,15744.196662843711,5.3304033279418945,0.3950611058752807,1.26,1229.82,0.578,0.0,3.04,0.044,2.13,3394.7999999999997,0.552,0.02,16.92,0.012,828.9805930200309,0.10691844671964645,0.10954167279380148,0.11,351.6,0.293,0.0,3.59,0.016,0.02,32.8,0.107,0.0,0.0,0.008
13,0,13000,13000.0,11450.90408550064,3.7162280082702637,0.36803315403369513,1.04,1053.69,0.572,0.0,1.52,0.04,1.81,3001.2,0.545,0.03,16.92,0.012,1102.0389284246605,0.16137243807315826,0.11736548960342497,0.03,18.24,0.063,0.0,3.59,0.015,0.01,24.6,0.077,0.0,0.0,0.008
13,0,13500,13500.0,7797.14360478707,2.2064971923828125,0.3401810206212103,0.58,707.61,0.551,0.0,9.33,0.043,1.45,2558.4,0.536,0.02,13.160000000000002,0.012,1530.1789730905284,0.24755863845348358,0.13352421708393636,0.03,18.24,0.063,0.0,0.0,0.011,0.01,16.4,0.065,0.0,0.0,0.006
13,0,14000,14000.0,4764.512795990465,1.0701932907104492,0.28035366319905547,0.78,1697.3999999999999,0.508,0.0,6.22,0.037,0.78,1697.3999999999999,0.508,0.02,13.160000000000002,0.012,2142.02746394873,0.3897415101528168,0.15750627853592317,0.07,107.3,0.35,0.0,0.0,0.011,0.01,24.6,0.087,0.0,0.0,0.005
13,0,14500,14500.0,2772.5063436478367,0.47943994402885437,0.2339291239636406,0.11,210.12000000000003,0.453,0.0,6.22,0.033,0.28,844.6,0.444,0.01,7.52,0.012,2717.8547172427243,0.5472530126571655,0.17596339092700117,0.07,139.7,0.374,0.0,0.0,0.009,0.02,57.400000000000006,0.123,0.0,0.0,0.006
13,0,15000,15000.0,1803.1598930435025,0.2864263951778412,0.17701582550479508,0.04,56.16,0.329,0.0,3.11,0.029,0.15,459.20000000000005,0.376,0.01,5.64,0.011,3261.283422109425,0.7370337247848511,0.20162451406907847,0.2,234.90000000000003,0.416,0.0,0.0,0.009,0.04,123.0,0.191,0.0,0.0,0.007
13,0,15500,15500.0,1454.5489274037868,0.22957119345664978,0.15473284000314208,0.02,28.0,0.284,0.0,7.18,0.019,0.06,188.6,0.266,0.0,1.88,0.011,3703.9992090280434,0.918947696685791,0.22568366745858462,0.21,243.6,0.419,0.0,3.59,0.018,0.08,221.40000000000003,0.241,0.0,1.88,0.009
13,0,16000,16000.0,1610.1854804823802,0.2622135281562805,0.15219546180957044,0.02,25.2,0.276,0.0,7.18,0.019,0.04,131.2,0.226,0.0,1.88,0.01,3908.285166444034,1.0134520530700684,0.2523031829041119,0.2,223.3,0.398,0.0,3.59,0.018,0.11,328.0,0.288,0.0,1.88,0.009
13,0,16500,16500.0,1953.9597014840865,0.3302000164985657,0.16026745568510078,0.12,492.24000000000007,0.339,0.0,3.59,0.017,0.03,106.6,0.199,0.0,1.88,0.01,3831.3774396832487,0.9904626607894897,0.27049775453502395,0.15,166.83,0.425,0.0,6.74,0.026,0.14,410.0,0.31,0.0,1.88,0.01
13,0,17000,17000.0,2486.009019585333,0.42891961336135864,0.17371231521673083,0.05,83.82,0.297,0.0,3.59,0.017,0.03,90.2,0.184,0.0,1.88,0.009,3306.4149222169126,0.8044179677963257,0.27136979706926667,0.15,158.79,0.418,0.0,0.0,0.004,0.14,418.2,0.315,0.0,3.76,0.011
13,0,17500,17500.0,3044.549556193749,0.5395385026931763,0.18597927569577347,0.06,104.14,0.314,0.0,3.59,0.016,0.03,90.2,0.184,0.0,1.88,0.009,2495.9811673686886,0.5686546564102173,0.24698428909897283,0.13,136.68,0.397,0.0,3.11,0.03,0.12,360.8,0.306,0.0,3.76,0.011
13,0,18000,18000.0,3591.3605851195825,0.6118620038032532,0.19545248058628364,0.09,150.8,0.339,0.0,3.59,0.016,0.04,147.6,0.229,0.0,0.0,0.009,1611.094396389484,0.32826629281044006,0.1971658118034375,0.21,269.28,0.381,0.0,2.9,0.033,0.08,254.2,0.271,0.0,3.76,0.011
13,0,18500,18500.0,4100.475859065591,0.6965523362159729,0.2027873054413088,0.09,159.5,0.342,0.0,3.59,0.017,0.07,237.79999999999998,0.277,0.0,1.88,0.009,935.6341631214036,0.15101371705532074,0.1414185911643975,0.23,473.79,0.321,0.0,0.0,0.011,0.05,155.8,0.228,0.0,1.88,0.011
13,0,19000,19000.0,4577.222676202928,0.6976643800735474,0.2058782449439352,0.09,203.0,0.349,0.0,3.59,0.017,0.1,344.4,0.314,0.0,1.88,0.009,505.74400972494686,0.04398340731859207,0.08404168750015571,0.03,44.88,0.188,0.0,0.0,0.023,0.02,49.2,0.11,0.0,1.88,0.011
13,0,19500,19500.0,5079.555323657045,0.6617100238800049,0.20790251983439928,0.07,116.57999999999998,0.348,0.0,1.88,0.01,0.12,459.20000000000005,0.342,0.0,1.88,0.01,601.115669675437,0.07535706460475922,0.09873828726627995,0.05,77.22,0.205,0.0,3.59,0.015,0.0,8.2,0.024,0.0,0.0,0.008
13,0,20000,20000.0,5765.58581793684,0.636304497718811,0.2082106788399358,0.07,124.62,0.349,0.0,1.88,0.01,0.12,492.0,0.34,0.0,1.88,0.01,989.7221937610539,0.15644097328186035,0.13945059132815432,0.05,86.4,0.303,0.0,3.59,0.015,0.0,0.0,0.019,0.0,0.0,0.006
14,0,-20000,20000.0,367405.07270315965,23.45726203918457,0.5173925350974976,2.45,12363.09,0.731,0.06,287.64,0.027,4.36,33357.6,0.725,0.06,287.64,0.027,106307.84279342697,10.449016571044922,0.3117343962819277,2.11,5793.75,0.59,0.19,1735.58,0.038,3.16,14079.400000000001,0.545,0.04,107.15999999999998,0.018
14,0,-19500,19500.0,374838.7433974392,18.619728088378906,0.5177013079606451,1.94,11627.67,0.718,0.06,261.32,0.026,4.26,31643.800000000003,0.714,0.06,261.32,0.026,103248.41929269888,7.909703731536865,0.3030882323296283,1.55,4684.44,0.536,0.02,90.24,0.016,3.33,13587.4,0.539,0.02,90.24,0.016
14,0,-19000,19000.0,393354.5931860537,13.86499309539795,0.5255267604658116,1.37,12152.7,0.733,0.06,253.80000000000004,0.026,3.36,29774.200000000004,0.701,0.06,253.80000000000004,0.026,105949.46283756572,5.557989597320557,0.3057600950773968,1.26,3550.41,0.47,0.02,88.36,0.016,2.62,11111.0,0.489,0.02,88.36,0.016
14,0,-18500,18500.0,418794.57773586607,15.056655883789062,0.5392939804445516,2.43,15575.0,0.726,0.05,231.24,0.025,2.42,28060.4,0.688,0.05,231.24,0.025,111908.0797790984,6.200314044952393,0.31704998842797116,1.16,4859.4,0.472,0.02,56.4,0.012,1.87,8528.0,0.426,0.02,56.4,0.012
14,0,-18000,18000.0,447878.01905080304,21.112871170043945,0.5543176980477639,2.09,13983.3,0.761,0.04,223.72,0.025,1.7,29274.000000000004,0.696,0.04,223.72,0.025,119922.2465715055,8.294888496398926,0.33232979947096164,1.39,4216.6,0.5,0.02,45.12,0.01,1.37,8134.4,0.416,0.02,45.12,0.01
14,0,-17500,17500.0,472361.08228390507,26.004236221313477,0.5631002037532556,3.23,17337.2,0.747,0.04,248.16,0.026,2.07,30864.8,0.707,0.04,248.16,0.026,127289.38912928068,9.905937194824219,0.34662221179747854,1.48,4309.4,0.506,0.01,45.12,0.01,0.87,8200.0,0.421,0.01,45.12,0.01
14,0,-17000,17000.0,495280.47879421496,27.940902709960938,0.5731694532289768,2.52,14966.9,0.766,0.04,253.80000000000004,0.026,1.99,34390.8,0.729,0.04,253.80000000000004,0.026,132441.95739764505,9.899142265319824,0.3560211723588335,0.85,2686.56,0.517,0.01,45.12,0.01,0.61,10127.0,0.472,0.01,45.12,0.01
14,0,-16500,16500.0,513871.1771518079,30.45247459411621,0.579010399581523,2.1,11445.84,0.776,0.04,308.32,0.028,2.42,37785.6,0.747,0.04,308.32,0.028,137250.16522923228,9.38801097869873,0.36350174127174284,1.07,3103.44,0.519,0.02,69.56,0.014,1.07,12250.8,0.52,0.02,69.56,0.014
14,0,-16000,16000.0,531010.2724215483,33.04834747314453,0.5844050474829949,2.0,11622.96,0.779,0.05,325.24,0.028,3.43,40614.6,0.761,0.05,325.24,0.028,139953.8703032452,9.46783447265625,0.36896129015760043,0.93,3111.48,0.519,0.03,78.96,0.015,1.29,13267.6,0.539,0.03,78.96,0.015
14,0,-15500,15500.0,546403.9110040732,34.62840270996094,0.58681298461594,1.66,10697.22,0.775,0.07,362.84,0.029,4.43,43115.6,0.772,0.07,362.84,0.029,140288.90486032472,10.263927459716797,0.3689286987119065,2.89,16112.069999999998,0.568,0.03,205.2,0.056,1.38,13899.0,0.55,0.05,94.0,0.017
14,0,-15000,15000.0,562875.8617935737,35.0457763671875,0.589450386072188,3.33,21489.36,0.769,0.08,376.0,0.029,3.94,44591.6,0.778,0.08,376.0,0.029,139453.08893365957,10.778929710388184,0.36730335541259435,3.32,17518.47,0.588,0.26,1841.84,0.04,1.4,12947.8,0.531,0.05,99.64,0.017
14,0,-14500,14500.0,582099.2382815601,34.93274688720703,0.5934464915475484,2.7,19619.16,0.772,0.06,389.15999999999997,0.029,3.89,45969.2,0.783,0.06,389.15999999999997,0.029,138084.44575582253,10.717506408691406,0.36517535272734586,2.92,18019.5,0.595,0.28,1965.8100000000002,0.041,0.98,11791.6,0.507,0.04,88.36,0.016
14,0,-14000,14000.0,601719.0622888035,32.60287094116211,0.5992083466083159,2.35,17194.1,0.794,0.06,392.92,0.029,3.89,46198.8,0.785,0.06,392.92,0.029,136228.4022597145,10.7260160446167,0.3583916317392308,0.65,3302.64,0.515,0.04,84.6,0.016,1.09,12136.0,0.512,0.04,84.6,0.016
14,0,-13500,13500.0,618526.2736760278,31.248029708862305,0.6026742070861301,2.16,16692.88,0.809,0.05,389.15999999999997,0.029,3.84,46658.0,0.787,0.05,389.15999999999997,0.029,136595.47737418397,10.944674491882324,0.3559342330593667,0.97,5645.43,0.585,0.02,86.48,0.016,1.25,12988.8,0.529,0.02,86.48,0.016
14,0,-13000,13000.0,634547.3603468697,33.74184799194336,0.6072955745183486,1.58,10995.06,0.805,0.06,389.15999999999997,0.029,3.45,48380.0,0.793,0.06,389.15999999999997,0.029,137857.00526449364,11.027676582336426,0.3562163535969948,1.2,5898.81,0.596,0.02,86.48,0.016,1.57,13374.199999999999,0.537,0.02,86.48,0.016
14,0,-12500,12500.0,644928.8480037795,35.10481262207031,0.6087985104329539,1.35,9258.2,0.814,0.06,411.72,0.03,3.08,50454.6,0.799,0.06,411.72,0.03,141336.5693122163,11.781997680664062,0.36187869135094697,1.28,5571.27,0.582,0.02,86.48,0.016,1.88,13874.400000000001,0.547,0.02,86.48,0.016
14,0,-12000,12000.0,653650.1650971513,35.802001953125,0.6128256725659451,1.3,9314.2,0.814,0.06,419.24,0.03,2.93,54013.40000000001,0.811,0.06,419.24,0.03,144651.3293879343,12.380059242248535,0.37297713836668134,1.35,5234.46,0.568,0.02,88.36,0.016,1.88,13185.599999999999,0.534,0.02,88.36,0.016
14,0,-11500,11500.0,654798.612502562,35.907588958740234,0.6126179253071734,2.57,16672.56,0.806,0.08,477.52,0.031,3.97,57416.4,0.821,0.08,477.52,0.031,145070.06135461674,13.743574142456055,0.3811494009435697,1.44,5413.68,0.574,0.04,222.58,0.024,1.87,12496.8,0.521,0.03,78.96,0.015
14,0,-11000,11000.0,651789.2900745261,35.939937591552734,0.6146421496299913,3.22,22964.879999999997,0.842,0.09,494.44,0.032,4.18,58334.8,0.824,0.09,494.44,0.032,140520.30083789816,14.538019180297852,0.38324964218343777,1.53,5679.42,0.588,0.18,1186.57,0.031,2.04,13128.200000000003,0.533,0.03,75.2,0.015
14,0,-10500,10500.0,646375.9953303903,36.45874786376953,0.6151061098335525,2.53,14478.48,0.815,0.08,501.96,0.032,5.77,58736.59999999999,0.825,0.08,501.96,0.032,130434.1089941522,14.458111763000488,0.3748184837908024,1.54,5954.43,0.597,0.14,1009.4699999999999,0.03,2.22,13817.000000000002,0.547,0.04,88.36,0.016
14,0,-10000,10000.0,636033.9110119559,37.69559097290039,0.6138409274721572,3.34,21407.52,0.83,0.08,503.84000000000003,0.032,6.16,57285.2,0.82,0.08,503.84000000000003,0.032,115939.33935494519,12.71614933013916,0.3519061363059637,1.61,6319.05,0.611,0.11,1027.1799999999998,0.03,2.39,14587.8,0.559,0.04,92.12,0.016
14,0,-9500,9500.0,624783.547582911,38.88935089111328,0.6119979285693361,1.91,12693.15,0.803,0.08,483.15999999999997,0.031,5.84,55497.600000000006,0.815,0.08,483.15999999999997,0.031,102136.14882258099,10.307615280151367,0.3247882731627503,1.26,5419.86,0.572,0.12,1098.02,0.03,2.49,15252.000000000002,0.569,0.03,105.28000000000002,0.018
14,0,-9000,9000.0,612367.3581589392,37.92718505859375,0.6114929658201964,1.7,10859.34,0.799,0.09,477.52,0.031,4.17,53833.00000000001,0.809,0.09,477.52,0.031,89363.88747083374,7.161178112030029,0.28896140321164543,0.97,4486.68,0.527,0.17,1310.54,0.031,2.15,13275.800000000001,0.534,0.04,109.03999999999999,0.018
14,0,-8500,8500.0,598896.5688480588,36.72549057006836,0.611873041134869,1.47,8771.0,0.801,0.07,464.36000000000007,0.031,3.14,52004.4,0.804,0.07,464.36000000000007,0.031,85101.61373837703,4.035264492034912,0.27438428209678734,1.67,10979.8,0.488,0.02,78.96,0.015,1.67,10979.8,0.488,0.02,78.96,0.015
14,0,-8000,8000.0,579219.860654659,32.390296936035156,0.6094266289893159,1.37,8661.8,0.798,0.08,458.72,0.031,3.58,51323.8,0.802,0.08,458.72,0.031,89355.7089756481,4.207746982574463,0.27563529081678956,0.79,3851.92,0.405,0.02,71.44,0.014,0.82,7863.8,0.416,0.02,71.44,0.014
14,0,-7500,7500.0,557337.486851358,30.06543731689453,0.6067540199790166,1.58,12931.92,0.793,0.09,449.32,0.031,4.02,50782.6,0.8,0.09,449.32,0.031,100642.66791529389,5.5573883056640625,0.2943378177553472,1.49,5012.48,0.47,0.01,39.48,0.01,0.48,5838.4,0.376,0.01,39.48,0.01
14,0,-7000,7000.0,527680.3608598042,26.11157989501953,0.5972998646767678,1.33,12661.92,0.789,0.09,447.44,0.03,3.55,50069.2,0.797,0.09,447.44,0.03,117238.20451919718,8.643698692321777,0.3169113811315307,1.63,4419.6,0.5,0.01,35.72,0.01,0.43,5904.0,0.374,0.01,35.72,0.01
14,0,-6500,6500.0,498075.51084260724,21.411937713623047,0.5872146686975852,1.42,11789.28,0.776,0.07,428.63999999999993,0.03,3.56,49774.0,0.796,0.07,428.63999999999993,0.03,138675.5747422969,12.107220649719238,0.345552542106386,1.71,4590.7,0.51,0.01,37.6,0.01,0.4,6527.2,0.389,0.01,37.6,0.01
14,0,-6000,6000.0,469061.9943887662,17.142000198364258,0.574203106998289,1.23,11340.0,0.768,0.07,424.87999999999994,0.03,2.93,47871.6,0.789,0.07,424.87999999999994,0.03,162802.87329280665,15.657430648803711,0.376160361985455,2.17,6278.5,0.59,0.01,37.6,0.01,0.56,8126.2,0.411,0.01,37.6,0.01
14,0,-5500,5500.0,444759.5463374891,20.586715698242188,0.563932504579432,1.13,10197.36,0.749,0.06,394.8,0.03,2.44,46051.2,0.783,0.06,394.8,0.03,188394.95530050946,18.427608489990234,0.40623101233066605,2.21,6420.6,0.596,0.01,54.519999999999996,0.012,0.69,10881.4,0.476,0.01,54.519999999999996,0.012
14,0,-5000,5000.0,424699.709421706,24.645122528076172,0.5504731629753052,1.48,9979.66,0.707,0.06,385.3999999999999,0.029,1.92,42861.4,0.77,0.06,385.3999999999999,0.029,211659.8045254801,19.88776397705078,0.43452455351868335,1.22,4003.7400000000007,0.607,0.02,67.68,0.013,1.25,12816.6,0.514,0.02,67.68,0.013
14,0,-4500,4500.0,412931.0683366708,27.813526153564453,0.5436162852356938,1.65,9791.7,0.704,0.05,344.04,0.028,1.78,39483.0,0.755,0.05,344.04,0.028,228787.5974379682,19.700664520263672,0.4518407503019167,1.54,4616.97,0.609,0.03,97.76,0.017,2.01,14555.0,0.547,0.03,97.76,0.017
14,0,-4000,4000.0,410881.9858331806,29.858875274658203,0.5404025684529999,1.12,6605.04,0.704,0.05,332.76,0.028,2.34,36924.6,0.742,0.05,332.76,0.028,240479.56943543922,17.939903259277344,0.4628372132001379,2.75,9167.76,0.597,0.04,105.28000000000002,0.017,2.3,17326.6,0.591,0.04,105.28000000000002,0.017
14,0,-3500,3500.0,415061.53942246945,30.5415096282959,0.5428171882880161,1.57,8555.76,0.715,0.04,298.92,0.027,2.92,34645.0,0.73,0.04,298.92,0.027,248325.5885208053,17.91696548461914,0.46680719157241396,0.65,3599.4,0.634,0.05,144.76,0.021,2.47,19983.4,0.628,0.05,144.76,0.021
14,0,-3000,3000.0,425574.0727858861,29.36092758178711,0.5499162793508382,2.01,12113.3,0.726,0.05,289.52,0.027,3.25,33775.8,0.726,0.05,289.52,0.027,254751.3741256688,19.99418830871582,0.4681405076720146,1.45,6490.2,0.596,0.06,156.04,0.021,2.39,21369.2,0.642,0.06,156.04,0.021
14,0,-2500,2500.0,436294.289458463,26.184419631958008,0.5572962859232208,2.08,12200.3,0.727,0.06,276.36,0.026,3.42,33275.6,0.724,0.06,276.36,0.026,262838.70486840117,22.074462890625,0.47023683329201893,1.47,6493.1,0.597,0.05,171.08,0.022,2.33,22755.0,0.655,0.05,171.08,0.022
14,0,-2000,2000.0,446636.0948755173,23.41007423400879,0.5624795492509927,1.24,7624.68,0.736,0.06,274.48,0.026,2.89,34226.8,0.73,0.06,274.48,0.026,274970.2417672643,23.691871643066406,0.4729772097893763,0.89,4153.38,0.614,0.05,174.84,0.023,1.82,22492.6,0.651,0.05,174.84,0.023
14,0,-1500,1500.0,456416.24477925745,22.083740234375,0.5663472302833922,1.52,8749.53,0.737,0.04,285.76,0.027,2.28,35514.2,0.737,0.04,285.76,0.027,291840.344139236,24.596975326538086,0.4809809650335164,1.07,4749.63,0.613,0.04,171.08,0.022,1.71,22205.6,0.648,0.04,171.08,0.022
14,0,-1000,1000.0,466151.20467983675,19.18729591369629,0.5686311900755987,1.37,8841.99,0.739,0.05,289.52,0.027,2.18,37400.2,0.748,0.05,289.52,0.027,317085.5582827984,24.98008918762207,0.49387586277196616,1.04,4906.41,0.619,0.04,169.2,0.022,1.95,22582.8,0.652,0.04,169.2,0.022
14,0,-500,500.0,473272.7831936197,19.418739318847656,0.5679652610346209,0.98,9004.8,0.743,0.06,317.72,0.028,2.26,39146.8,0.757,0.06,317.72,0.028,345369.9865425591,24.454378128051758,0.5072606589903275,1.8,14802.48,0.723,0.04,171.08,0.022,2.15,23222.4,0.661,0.04,171.08,0.022
14,0,0,0.0,480913.0732599041,22.04952621459961,0.5692687471571257,1.81,16806.76,0.74,0.06,325.24,0.028,2.24,39187.8,0.757,0.06,325.24,0.028,376822.43359999475,27.230642318725586,0.5234107332879819,1.85,12438.1,0.738,0.04,172.96,0.022,2.17,24993.6,0.675,0.04,172.96,0.022
14,0,500,500.0,487884.2951753828,23.9014892578125,0.5703220664161349,2.52,17440.44,0.747,0.05,325.24,0.028,2.19,39015.6,0.756,0.05,325.24,0.028,404902.3487972255,29.23233985900879,0.53490453082786,1.94,12678.8,0.742,0.04,199.28,0.024,2.28,27019.000000000004,0.692,0.04,199.28,0.024
14,0,1000,1000.0,494148.1079072801,25.06790542602539,0.5720216894646334,2.99,14914.7,0.767,0.04,327.12,0.028,1.84,39130.4,0.757,0.04,327.12,0.028,429281.5058191116,31.597835540771484,0.5486276468690512,2.12,14848.0,0.772,0.04,208.68000000000004,0.024,2.19,29282.2,0.707,0.04,208.68000000000004,0.024
14,0,1500,1500.0,499374.31745520805,26.69068717956543,0.5736430204178864,4.34,19078.04,0.768,0.04,325.24,0.028,1.77,39532.2,0.759,0.04,325.24,0.028,446794.1009512259,33.63489532470703,0.5570300234988954,1.93,12872.72,0.768,0.04,242.52,0.026,2.6,31397.8,0.721,0.04,242.52,0.026
14,0,2000,2000.0,502488.10865600535,30.25484275817871,0.578353500796036,4.17,15894.9,0.782,0.04,325.24,0.028,1.97,40663.8,0.764,0.04,325.24,0.028,457590.87177919457,35.930118560791016,0.5659215863196939,2.57,13992.5,0.761,0.03,251.92000000000002,0.026,3.05,34882.8,0.742,0.03,251.92000000000002,0.026
14,0,2500,2500.0,499272.0123958028,33.441429138183594,0.5790181582763276,4.22,15964.5,0.783,0.06,345.92,0.029,2.24,41639.6,0.769,0.06,345.92,0.029,459199.53003138007,38.76604461669922,0.5663803499743774,2.43,11800.84,0.753,0.05,302.68,0.027,3.76,38080.8,0.758,0.05,302.68,0.027
14,0,3000,3000.0,490989.41487364064,36.349056243896484,0.5816208052211373,3.52,15100.3,0.775,0.06,353.44,0.029,2.94,42262.8,0.772,0.06,353.44,0.029,450695.4856300652,42.79338073730469,0.5641941842208847,2.74,11412.22,0.747,0.06,319.6,0.028,4.02,40106.2,0.767,0.06,319.6,0.028
14,0,3500,3500.0,476141.79020143166,35.588253021240234,0.5787929024246996,2.7,10938.42,0.784,0.08,366.6,0.029,3.64,42525.2,0.774,0.08,366.6,0.029,434359.58769026824,44.99278259277344,0.5537703244810958,2.92,11209.02,0.745,0.07,349.68,0.029,4.09,41516.6,0.774,0.07,349.68,0.029
14,0,4000,4000.0,456252.35478182894,33.98834991455078,0.572394230789586,2.54,10721.34,0.78,0.08,370.36,0.029,4.44,42443.2,0.775,0.08,370.36,0.029,412159.78447418107,48.76836013793945,0.543916050811008,3.06,10894.06,0.74,0.07,359.08,0.029,4.3,39999.6,0.767,0.07,359.08,0.029
14,0,4500,4500.0,435504.0763298946,30.62177848815918,0.5642159290572116,2.16,10208.79,0.774,0.09,374.12,0.03,5.06,42033.2,0.775,0.09,374.12,0.03,390055.10016562336,50.09159469604492,0.5358938120518444,2.82,9741.6,0.756,0.09,332.76,0.028,4.66,38449.8,0.762,0.09,332.76,0.028
14,0,5000,5000.0,411090.5361363323,30.14397621154785,0.5490166136881152,3.91,20628.48,0.768,0.09,374.12,0.029,4.88,40188.2,0.768,0.09,374.12,0.029,369540.58993800974,52.252559661865234,0.5316484857841224,2.89,9713.52,0.755,0.09,327.12,0.028,5.4,37777.4,0.76,0.09,327.12,0.028
14,0,5500,5500.0,393903.3414811012,31.42560577392578,0.5396782383064397,1.69,8395.77,0.735,0.08,342.16,0.028,4.51,38220.2,0.761,0.08,342.16,0.028,349350.20223851496,51.98153305053711,0.5296660228510636,3.02,9527.76,0.754,0.84,4834.83,0.07,6.04,37498.6,0.761,0.1,313.96,0.028
14,0,6000,6000.0,380988.8916696551,32.41365432739258,0.530762850011163,2.13,9804.4,0.712,0.07,334.64,0.028,3.82,35653.6,0.748,0.07,334.64,0.028,324854.49301233096,46.64814376831055,0.5193905991707791,2.98,9160.56,0.745,0.77,4640.02,0.069,6.28,37277.2,0.761,0.11,312.08,0.028
14,0,6500,6500.0,375646.4829446586,33.803466796875,0.5298636602541655,2.24,8138.88,0.714,0.05,297.04,0.027,4.3,33423.2,0.735,0.05,297.04,0.027,303576.7036594939,42.05926513671875,0.5115555807505542,2.81,8205.84,0.722,0.72,4516.05,0.068,6.76,37260.8,0.763,0.11,304.56,0.028
14,0,7000,7000.0,372864.80437428935,35.92240905761719,0.5285433617099968,3.4,12313.65,0.744,0.05,285.76,0.027,4.72,32201.400000000005,0.727,0.05,285.76,0.027,278771.47151173523,31.129497528076172,0.49168673409741426,3.75,12563.939999999999,0.752,0.71,4480.63,0.068,6.74,34800.8,0.748,0.11,304.56,0.028
14,0,7500,7500.0,371815.93479479547,37.80487060546875,0.5303583563491644,2.59,8942.4,0.734,0.07,261.32,0.026,5.18,31643.800000000003,0.723,0.07,261.32,0.026,259336.25949977184,21.43903923034668,0.4766869976988503,2.73,10790.28,0.72,0.7,4462.92,0.068,6.54,32004.6,0.731,0.1,270.72,0.027
14,0,8000,8000.0,370110.8898000745,39.11247253417969,0.5295441737831755,3.89,13762.86,0.764,0.08,255.68000000000004,0.026,5.43,33070.6,0.731,0.08,255.68000000000004,0.026,245857.71617854582,16.950651168823242,0.4625241544687343,4.49,27265.0,0.695,0.69,4622.31,0.069,4.49,27265.0,0.695,0.1,259.44,0.026
14,0,8500,8500.0,367644.775433875,39.93729782104492,0.5275884903420298,2.95,9130.32,0.738,0.09,276.36,0.027,5.8,34768.0,0.74,0.09,276.36,0.027,240422.2655070881,16.942365646362305,0.4602066661094092,1.05,4586.82,0.606,0.07,191.76,0.023,2.56,22763.2,0.654,0.07,191.76,0.023
14,0,9000,9000.0,366225.18432256446,40.6186408996582,0.526519758814431,2.76,8875.44,0.732,0.09,282.0,0.027,6.22,35284.6,0.743,0.09,282.0,0.027,241427.4352899588,16.678117752075195,0.4585609766340683,1.04,4540.59,0.603,0.06,174.84,0.022,1.89,21270.8,0.639,0.06,174.84,0.022
14,0,9500,9500.0,366827.4083267425,39.550048828125,0.5274467716286625,2.39,8324.64,0.719,0.11,285.76,0.027,6.35,35604.4,0.745,0.11,285.76,0.027,244812.92972026923,16.336063385009766,0.4598032537445796,1.14,5285.52,0.623,0.04,159.8,0.022,1.91,20270.4,0.629,0.04,159.8,0.022
14,0,10000,10000.0,369200.3674155287,37.196048736572266,0.5250564135767453,1.44,5286.4,0.712,0.11,287.64,0.027,5.78,34030.0,0.736,0.11,287.64,0.027,252932.11886303732,16.264171600341797,0.46376173304298013,1.01,4472.25,0.599,0.05,156.04,0.022,2.04,20442.6,0.63,0.05,156.04,0.022
14,0,10500,10500.0,375944.08069069614,34.10114288330078,0.5260149613440801,2.4,10147.1,0.692,0.09,270.72,0.027,4.96,32135.799999999996,0.725,0.09,270.72,0.027,263753.8713818623,16.42473030090332,0.4698506499454921,1.43,7229.7,0.629,0.05,157.92,0.022,2.03,21024.8,0.637,0.05,157.92,0.022
14,0,11000,11000.0,391009.1714806163,31.563814163208008,0.5304760138135032,2.4,11304.2,0.715,0.09,266.96,0.026,4.1,31274.8,0.719,0.09,266.96,0.026,281326.29241608345,16.818967819213867,0.4803175285540278,0.99,4749.63,0.614,0.05,157.92,0.022,1.73,21705.4,0.645,0.05,157.92,0.022
14,0,11500,11500.0,409662.316347345,29.844877243041992,0.5370502950365678,2.4,11397.0,0.717,0.07,253.80000000000004,0.026,3.28,30602.4,0.715,0.07,253.80000000000004,0.026,305022.9544861868,17.80171775817871,0.4968533121679635,1.45,8188.960000000001,0.691,0.03,165.44,0.022,1.93,22525.4,0.655,0.03,165.44,0.022
14,0,12000,12000.0,434510.79656699527,27.130237579345703,0.548200733491414,1.65,7400.82,0.705,0.06,251.92000000000002,0.026,2.8,30553.2,0.714,0.06,251.92000000000002,0.026,331775.80175613257,20.73738670349121,0.5115785888700882,1.01,5475.78,0.689,0.04,167.32,0.022,1.71,23361.8,0.665,0.04,167.32,0.022
14,0,12500,12500.0,459744.5167895462,25.409013748168945,0.5597796484659243,1.67,8088.24,0.725,0.06,248.16,0.026,2.39,30840.2,0.716,0.06,248.16,0.026,356703.8465297634,24.228424072265625,0.5195942592380243,6.23,37550.88,0.759,0.05,186.12,0.023,1.74,23911.2,0.673,0.05,186.12,0.023
14,0,13000,13000.0,485443.6188159228,27.10709571838379,0.5726923698723482,1.58,8540.49,0.735,0.06,248.16,0.026,2.28,33160.799999999996,0.73,0.06,248.16,0.026,384759.5463463644,26.538354873657227,0.5314779522206284,7.83,43176.48,0.785,0.05,191.76,0.024,2.28,25329.8,0.687,0.05,191.76,0.024
14,0,13500,13500.0,506296.20990119147,27.93893814086914,0.5798726926831766,2.0,10793.52,0.769,0.06,282.0,0.027,2.41,35743.8,0.744,0.06,282.0,0.027,407465.27636282484,29.851388931274414,0.5358608275004288,3.19,13333.32,0.674,0.06,212.43999999999997,0.025,2.51,26871.400000000005,0.704,0.06,212.43999999999997,0.025
14,0,14000,14000.0,523571.9992263193,28.45435905456543,0.588135315997729,2.63,16129.8,0.79,0.06,291.4,0.027,3.1,38769.6,0.76,0.06,291.4,0.027,424002.7630462829,33.93406295776367,0.5372862789552335,4.01,13977.9,0.786,0.06,219.96,0.025,3.15,29413.399999999998,0.725,0.06,219.96,0.025
14,0,14500,14500.0,534984.2828514294,27.90943145751953,0.5913829406845876,1.93,16327.0,0.786,0.07,336.52,0.028,3.75,41516.6,0.774,0.07,336.52,0.028,433995.4080056673,37.38821792602539,0.5330076170195869,4.62,13910.4,0.784,0.05,257.56,0.027,3.66,32209.6,0.747,0.05,257.56,0.027
14,0,15000,15000.0,541772.0647118413,28.496904373168945,0.5968319495827504,1.17,9721.38,0.786,0.08,349.68,0.029,3.01,42640.0,0.779,0.08,349.68,0.029,437377.9382305122,43.65940856933594,0.5259392775277056,6.24,13826.7,0.786,0.05,268.84,0.027,4.51,36309.6,0.769,0.05,268.84,0.027
14,0,15500,15500.0,541160.6594504251,27.662626266479492,0.5976756552385492,1.45,11294.19,0.789,0.06,372.24,0.029,2.97,43189.4,0.782,0.06,372.24,0.029,431471.4713525131,47.72694778442383,0.5102447712621017,6.33,13126.72,0.792,0.09,321.48,0.029,6.24,40508.0,0.789,0.09,321.48,0.029
14,0,16000,16000.0,536041.9658728205,26.226537704467773,0.5963287451898708,2.15,14514.5,0.763,0.06,377.87999999999994,0.03,3.31,44198.0,0.787,0.06,377.87999999999994,0.03,423859.06860200106,53.27580261230469,0.4955093940298094,6.84,12994.64,0.796,0.1,340.28,0.029,8.81,43074.6,0.8,0.1,340.28,0.029
14,0,16500,16500.0,527748.8103330614,27.408750534057617,0.5916741426041354,2.18,14427.5,0.762,0.08,391.04,0.03,3.49,45173.8,0.791,0.08,391.04,0.03,414427.54941335286,56.6156005859375,0.4788683427829046,7.13,12931.14,0.799,0.14,370.36,0.03,11.46,45264.0,0.809,0.14,370.36,0.03
14,0,17000,17000.0,518300.45000604074,29.80511474609375,0.5849916959121034,2.2,13925.8,0.755,0.08,392.92,0.03,3.66,45526.4,0.792,0.08,392.92,0.03,411526.995852222,62.1981086730957,0.469264971342999,7.37,13350.24,0.807,0.15,377.87999999999994,0.03,14.02,45108.2,0.808,0.15,377.87999999999994,0.03
14,0,17500,17500.0,511090.50580132566,32.06524658203125,0.5798603129545336,2.93,18878.68,0.768,0.06,391.04,0.03,3.87,45961.0,0.793,0.06,391.04,0.03,412108.38873444346,64.67913818359375,0.4636090586364335,6.42,11292.48,0.809,0.19,368.48,0.03,16.13,44927.8,0.811,0.19,368.48,0.03
14,0,18000,18000.0,506432.1789701126,33.72964859008789,0.5750347697990558,2.76,14952.4,0.771,0.06,391.04,0.03,3.01,43886.4,0.785,0.06,391.04,0.03,420816.3382870113,67.7824935913086,0.46762172078208986,9.43,16909.9,0.828,0.2,372.24,0.03,16.74,44362.0,0.812,0.2,372.24,0.03
14,0,18500,18500.0,504635.63376178115,33.77621078491211,0.5722295531986434,2.79,15036.5,0.772,0.05,357.2,0.029,3.51,41779.0,0.776,0.05,357.2,0.029,429746.4181450647,68.3256607055664,0.47300976538123,9.51,17086.8,0.83,0.22,364.72,0.03,16.88,43796.2,0.813,0.22,364.72,0.03
14,0,19000,19000.0,505063.72493725736,31.50128173828125,0.5670154604915014,2.7,12052.04,0.634,0.05,349.68,0.029,3.63,41016.4,0.773,0.05,349.68,0.029,441510.82407245564,69.0204849243164,0.4851554743179522,10.22,18261.3,0.832,0.22,362.84,0.03,17.03,44526.0,0.816,0.22,362.84,0.03
14,0,19500,19500.0,508148.9417692428,32.118221282958984,0.5637298440515357,3.19,12701.259999999998,0.648,0.07,338.4,0.028,3.54,40508.0,0.772,0.07,338.4,0.028,448192.8183028323,69.08985900878906,0.49434141694896344,10.28,18354.1,0.832,0.23,376.0,0.03,17.09,45378.8,0.82,0.23,376.0,0.03
14,0,20000,20000.0,511808.69672824047,34.87255096435547,0.5631964285429054,4.16,15238.8,0.786,0.07,338.4,0.028,3.61,40934.4,0.773,0.07,338.4,0.028,450757.0134602655,68.72297668457031,0.5043143351968824,6.0,10746.24,0.829,0.23,379.76,0.03,17.45,46961.4,0.825,0.23,379.76,0.03
15,0,-20000,20000.0,219619.58186583506,10.698619842529297,0.48542965091990187,0.42,3868.02,0.654,0.02,129.72,0.022,1.13,17482.4,0.654,0.02,129.72,0.022,147205.7822189596,14.1860933303833,0.4299960920508594,1.11,6828.9,0.68,0.14,1151.15,0.033,2.58,21500.4,0.701,0.04,206.80000000000004,0.026
15,0,-19500,19500.0,226433.7998501862,10.81898021697998,0.4886947115206085,0.52,4510.44,0.657,0.02,139.12,0.023,1.03,17794.0,0.66,0.02,139.12,0.023,123737.02443648654,11.307893753051758,0.3925608893030113,2.73,12429.06,0.554,0.14,1151.15,0.033,2.26,17818.6,0.664,0.03,154.16,0.024
15,0,-19000,19000.0,235698.02653637744,12.214176177978516,0.49587797209016127,0.95,6836.4,0.685,0.02,142.88,0.023,1.07,17900.6,0.662,0.02,142.88,0.023,106194.73390826897,9.46939468383789,0.3551530295517208,0.84,4610.28,0.587,0.13,1221.99,0.034,1.78,14423.8,0.615,0.03,139.12,0.023
15,0,-18500,18500.0,245934.6395550933,16.67767333984375,0.5033650925741526,0.98,6487.16,0.691,0.02,144.76,0.023,1.05,17949.8,0.663,0.02,144.76,0.023,96230.58469888929,7.689194202423096,0.3361357471675119,1.08,4313.64,0.569,0.16,1345.96,0.037,1.64,11627.6,0.563,0.02,90.24,0.018
15,0,-18000,18000.0,257078.9872865419,20.34980010986328,0.5170917083705976,1.07,7191.0,0.69,0.02,144.76,0.023,0.93,18253.2,0.669,0.02,144.76,0.023,90730.0162406842,5.881960868835449,0.32104591249991954,1.25,4020.09,0.552,0.02,75.2,0.017,1.76,10463.2,0.535,0.02,75.2,0.017
15,0,-17500,17500.0,265626.14817484637,21.68075942993164,0.5278824097214356,0.97,5592.24,0.698,0.02,148.52,0.023,1.0,18769.8,0.678,0.02,148.52,0.023,88339.81057038764,4.762347221374512,0.31458608853584563,1.02,3865.59,0.539,0.28,1505.35,0.04,1.79,9700.6,0.515,0.03,60.16,0.014
15,0,-17000,17000.0,268460.86536742444,21.79247283935547,0.5359135870158684,0.97,5810.4,0.704,0.02,148.52,0.024,1.66,20155.6,0.694,0.02,148.52,0.024,88482.14464205084,5.305348873138428,0.31662436955842266,0.75,3720.3599999999997,0.527,0.27,1310.54,0.036,1.44,9298.8,0.501,0.04,56.4,0.014
15,0,-16500,16500.0,267052.2295268863,21.92765235900879,0.5398901376342478,1.37,8964.09,0.735,0.03,169.2,0.025,2.36,21598.8,0.709,0.03,169.2,0.025,88630.57727508713,6.915230751037598,0.3201558093442205,0.49,2585.72,0.452,0.03,157.96,0.022,1.03,8929.8,0.488,0.03,54.519999999999996,0.014
15,0,-16000,16000.0,257596.18318663572,19.605472564697266,0.5361160717835012,1.45,9665.52,0.746,0.27,3612.84,0.069,2.63,23312.6,0.72,0.04,174.84,0.025,87384.30246381322,8.102890014648438,0.32309774164842153,0.51,2372.36,0.432,0.03,157.96,0.022,0.56,8560.8,0.473,0.02,54.519999999999996,0.013
15,0,-15500,15500.0,242942.7763742429,17.319578170776367,0.5241412423825421,0.98,6108.48,0.705,0.03,199.28,0.026,2.82,24846.0,0.729,0.03,199.28,0.026,85004.12503994303,9.570423126220703,0.3245101140265167,0.56,2313.94,0.431,0.01,50.76,0.013,0.61,8265.6,0.462,0.01,50.76,0.013
15,0,-15000,15000.0,223352.9276714439,14.007481575012207,0.5057370062478278,0.91,5808.24,0.694,0.27,3028.41,0.063,2.21,24263.8,0.721,0.03,208.68000000000004,0.027,80175.6472375011,10.276835441589355,0.31871076840241763,0.71,3806.88,0.528,0.01,50.76,0.013,0.87,8815.0,0.479,0.01,50.76,0.013
15,0,-14500,14500.0,203649.96178234144,10.46135139465332,0.48553697494719394,2.87,24999.39,0.683,0.25,2922.15,0.062,2.11,23525.8,0.714,0.03,195.52,0.026,74231.85607928317,9.944225311279297,0.3091486891665044,0.58,2062.8,0.448,0.15,708.4,0.028,1.33,9339.8,0.495,0.02,60.16,0.014
15,0,-14000,14000.0,185474.288761635,8.357548713684082,0.46123777983399505,0.44,4624.56,0.644,0.27,3046.12,0.063,1.56,21311.8,0.693,0.04,193.64,0.026,66413.28276896384,8.481870651245117,0.29173285912613023,0.83,3361.9200000000005,0.503,0.13,690.69,0.028,1.48,8864.2,0.484,0.02,63.92000000000001,0.015
15,0,-13500,13500.0,173508.2593346176,8.65653133392334,0.4464315280304044,0.36,3985.2,0.612,0.03,161.68,0.024,1.08,19261.8,0.672,0.03,161.68,0.024,60152.84608500078,6.891486644744873,0.27819840081214703,0.57,1460.16,0.383,0.11,690.69,0.028,1.6,8331.2,0.474,0.02,56.4,0.014
15,0,-13000,13000.0,167856.18700062984,9.092876434326172,0.43340250918053885,0.53,6334.5,0.659,0.02,150.4,0.024,0.79,17523.4,0.652,0.02,150.4,0.024,54808.05161520839,5.340277194976807,0.2628516605200901,0.77,2441.1,0.441,0.08,690.69,0.028,1.28,7002.799999999999,0.434,0.03,56.4,0.014
15,0,-12500,12500.0,168707.45253432076,10.084789276123047,0.4318867822849573,0.46,4424.42,0.461,0.01,125.96000000000001,0.022,0.81,15998.200000000003,0.633,0.01,125.96000000000001,0.022,52167.21785548143,4.2996954917907715,0.2569844714436184,0.6,2181.54,0.425,0.05,726.11,0.028,1.12,6068.0,0.414,0.01,35.72,0.01
15,0,-12000,12000.0,175696.88273446838,11.03935432434082,0.43839130181918645,0.47,5294.7,0.615,0.02,120.32,0.021,0.78,14768.200000000003,0.616,0.02,120.32,0.021,50769.43408087827,3.5209145545959473,0.24931209607180788,0.3,1136.16,0.358,0.06,779.24,0.028,0.83,5289.0,0.396,0.02,33.84,0.01
15,0,-11500,11500.0,185457.19737275387,11.822670936584473,0.44987848687932885,0.49,5039.36,0.622,0.02,103.40000000000002,0.02,0.78,13603.8,0.597,0.02,103.40000000000002,0.02,51186.945734359324,3.042301893234253,0.24786700703804881,0.39,1968.33,0.415,0.09,850.08,0.029,0.59,4657.6,0.379,0.01,28.2,0.01
15,0,-11000,11000.0,197600.65324700682,12.481514930725098,0.46761149996334694,0.76,6258.199999999999,0.644,0.01,99.64,0.019,0.83,13554.600000000002,0.594,0.01,99.64,0.019,53833.30694963224,2.5948705673217773,0.2529765139847656,0.36,2036.31,0.422,0.09,867.79,0.029,0.54,4698.6,0.38,0.01,26.320000000000004,0.01
15,0,-10500,10500.0,207841.1845439182,13.632660865783691,0.4826532282538044,0.72,6075.68,0.67,0.01,99.64,0.019,0.95,13956.4,0.602,0.01,99.64,0.019,56397.53914789762,2.0581154823303223,0.2576669156471235,0.27,2067.21,0.416,0.09,885.5,0.029,0.51,4846.2,0.387,0.01,28.2,0.01
15,0,-10000,10000.0,214624.1063610696,15.327998161315918,0.4946492364965316,0.53,4007.22,0.662,0.01,101.52,0.02,1.13,15891.6,0.632,0.01,101.52,0.02,58616.729582240805,1.9919742345809937,0.2592788537557354,0.18,1579.88,0.353,0.01,28.2,0.01,0.41,4895.4,0.382,0.01,28.2,0.01
15,0,-9500,9500.0,217721.6987124887,16.598058700561523,0.5002833089568607,0.76,5350.32,0.683,0.02,129.72,0.022,1.31,17925.2,0.66,0.02,129.72,0.022,61706.228105167975,2.3378024101257324,0.2634967358991926,0.2,1620.52,0.358,0.0,28.2,0.01,0.31,5043.0,0.381,0.0,28.2,0.01
15,0,-9000,9000.0,215689.73507330884,17.176380157470703,0.49929879973153923,0.67,5235.84,0.678,0.02,137.24,0.023,1.43,19573.4,0.681,0.02,137.24,0.023,66196.79525687825,2.9329609870910645,0.2693422557132593,0.77,9115.23,0.477,0.0,28.2,0.01,0.3,5518.6,0.387,0.0,28.2,0.01
15,0,-8500,8500.0,211089.9017711875,16.953224182128906,0.4930517230680123,0.57,4434.06,0.657,0.03,159.8,0.024,1.5,20910.0,0.697,0.03,159.8,0.024,72074.02840669965,3.8236606121063232,0.2783112933580354,0.4,2605.92,0.367,0.0,31.960000000000004,0.01,0.37,6076.2,0.398,0.0,31.960000000000004,0.01
15,0,-8000,8000.0,203930.88581811983,16.277109146118164,0.4851812565946453,0.88,4767.6,0.582,0.03,167.32,0.025,1.48,20360.6,0.693,0.03,167.32,0.025,80471.78831532074,4.6712517738342285,0.296279792357824,0.47,2401.2,0.404,0.01,33.84,0.01,0.41,6174.6,0.4,0.01,33.84,0.01
15,0,-7500,7500.0,196515.91012294844,16.15944480895996,0.47726729807691937,0.89,4738.6,0.58,0.02,156.04,0.024,1.44,19573.4,0.686,0.02,156.04,0.024,89331.92335688509,5.182592391967773,0.31449226014684184,0.49,2485.3,0.412,0.01,33.84,0.01,0.47,6215.6,0.403,0.01,33.84,0.01
15,0,-7000,7000.0,188860.3325295645,15.736238479614258,0.4703174273470718,0.53,3045.0,0.597,0.02,154.16,0.024,1.35,18433.6,0.672,0.02,154.16,0.024,98611.6693248041,5.671196937561035,0.33356665759082865,0.28,1623.42,0.435,0.01,33.84,0.01,0.47,6248.4,0.403,0.01,33.84,0.01
15,0,-6500,6500.0,181123.36736952388,14.318415641784668,0.46430017394246703,0.63,3475.29,0.596,0.02,135.36,0.023,1.39,17498.8,0.66,0.02,135.36,0.023,108254.50612977147,5.86063289642334,0.35311626937929547,0.38,2380.32,0.483,0.01,33.84,0.01,0.63,6469.8,0.41,0.01,33.84,0.01
15,0,-6000,6000.0,172663.52099620824,11.8950834274292,0.4518600978502827,1.19,6923.76,0.588,0.03,131.6,0.022,1.43,17261.0,0.654,0.03,131.6,0.022,117130.51594602875,5.514962673187256,0.36885268253797665,0.53,4168.41,0.558,0.01,33.84,0.01,0.78,8134.4,0.465,0.01,33.84,0.01
15,0,-5500,5500.0,166466.455820626,9.293122291564941,0.4424178472781177,0.49,3505.4400000000005,0.595,0.02,127.84000000000002,0.022,1.43,17310.2,0.654,0.02,127.84000000000002,0.022,124253.3473789876,5.224399089813232,0.37892085258292124,0.42,3324.86,0.52,0.01,56.4,0.014,0.89,9930.2,0.516,0.01,56.4,0.014
15,0,-5000,5000.0,162328.52003640615,6.598455429077148,0.43109133034370106,0.44,3314.4899999999993,0.579,0.02,127.84000000000002,0.022,1.18,17203.6,0.651,0.02,127.84000000000002,0.022,129477.88932382349,5.355494022369385,0.3856494390780832,0.54,3549.6,0.505,0.02,63.92000000000001,0.015,0.81,10979.8,0.54,0.02,63.92000000000001,0.015
15,0,-4500,4500.0,160707.75849141486,5.192927837371826,0.4237009075863059,0.43,3566.16,0.536,0.03,127.84000000000002,0.022,0.92,16949.4,0.646,0.03,127.84000000000002,0.022,134737.16979589086,5.336723327636719,0.391485159254957,0.52,3004.56,0.543,0.02,77.08,0.017,0.77,11890.0,0.56,0.02,77.08,0.017
15,0,-4000,4000.0,163005.17370935687,5.500863075256348,0.42365081108309105,0.5,4468.9,0.564,0.03,127.84000000000002,0.022,0.69,15235.599999999999,0.619,0.03,127.84000000000002,0.022,140809.56593670166,5.234133243560791,0.401455847647158,0.45,3008.88,0.542,0.02,82.72,0.017,0.86,12103.2,0.565,0.02,82.72,0.017
15,0,-3500,3500.0,168312.0300150724,5.703975677490234,0.43043487545205017,0.55,3268.08,0.561,0.02,105.28000000000002,0.02,0.67,13489.0,0.589,0.02,105.28000000000002,0.02,145792.85907376837,5.235060214996338,0.4095238178116512,0.44,2625.06,0.525,0.03,86.48,0.018,0.89,12185.2,0.569,0.03,86.48,0.018
15,0,-3000,3000.0,176806.10790691472,5.934726238250732,0.44173465822713415,0.52,3479.76,0.576,0.02,99.64,0.019,0.72,13218.4,0.583,0.02,99.64,0.019,149703.0475169882,5.08798885345459,0.4131939805323541,0.44,2753.7,0.536,0.03,86.48,0.018,0.71,12242.6,0.568,0.03,86.48,0.018
15,0,-2500,2500.0,186548.4350819603,6.7339677810668945,0.45519177497055974,0.46,4168.8,0.623,0.03,95.88,0.019,0.76,13407.000000000002,0.587,0.03,95.88,0.019,153752.44547707797,5.348477363586426,0.4164146027204575,0.4,3073.29,0.563,0.02,88.36,0.018,0.68,12349.2,0.569,0.02,88.36,0.018
15,0,-2000,2000.0,196316.56979042932,7.153149604797363,0.46764175327348523,0.41,4244.4,0.627,0.03,95.88,0.019,0.79,14965.0,0.614,0.03,95.88,0.019,158792.80785831512,5.962259292602539,0.41798258471872374,0.4,3579.12,0.58,0.02,90.24,0.018,0.56,13366.0,0.585,0.02,90.24,0.018
15,0,-1500,1500.0,203522.71740862704,7.879728317260742,0.4745769298145603,0.43,4579.2,0.646,0.02,118.44,0.021,0.81,16564.0,0.638,0.02,118.44,0.021,166418.7316773933,6.267762184143066,0.42220682246919955,0.92,5065.06,0.485,0.02,105.28000000000002,0.02,0.63,14464.8,0.603,0.02,105.28000000000002,0.02
15,0,-1000,1000.0,208317.13202284626,8.15036678314209,0.47881029534639985,0.58,5736.2,0.624,0.02,125.96000000000001,0.022,0.84,17334.8,0.649,0.02,125.96000000000001,0.022,178476.84854104917,9.59685230255127,0.43701977914644635,1.03,5740.2,0.626,0.02,110.92,0.021,0.71,14128.6,0.595,0.02,110.92,0.021
15,0,-500,500.0,211321.5573373459,8.508929252624512,0.4795569920057063,0.58,5727.5,0.624,0.02,137.24,0.022,0.88,17810.4,0.656,0.02,137.24,0.022,190999.30524611744,11.976844787597656,0.4526687264214783,1.17,5473.7,0.633,0.02,105.28000000000002,0.02,0.72,13685.800000000001,0.587,0.02,105.28000000000002,0.02
15,0,0,0.0,214363.2911449683,9.105375289916992,0.4806784695872744,0.74,5979.8,0.633,0.02,141.0,0.023,0.92,17982.6,0.658,0.02,141.0,0.023,204101.48458684294,11.935715675354004,0.46958854157552143,1.24,5977.0,0.632,0.02,103.40000000000002,0.02,0.61,13726.799999999997,0.587,0.02,103.40000000000002,0.02
15,0,500,500.0,218057.6212963478,9.946369171142578,0.4822853528471965,0.75,6000.1,0.634,0.02,141.0,0.023,0.96,18179.4,0.662,0.02,141.0,0.023,215749.78343567345,13.043883323669434,0.4837620840558594,1.41,4983.12,0.658,0.02,103.40000000000002,0.02,0.71,14022.000000000002,0.593,0.02,103.40000000000002,0.02
15,0,1000,1000.0,223804.94236384143,12.058648109436035,0.48648047946984535,0.84,6548.199999999999,0.654,0.02,142.88,0.023,1.02,18376.2,0.664,0.02,142.88,0.023,226125.15182270436,13.973963737487793,0.4936828429453241,1.98,7981.469999999999,0.699,0.02,105.28000000000002,0.02,1.68,16834.6,0.637,0.02,105.28000000000002,0.02
15,0,1500,1500.0,230750.13822339152,14.333063125610352,0.4922473038143528,0.84,6591.7,0.655,0.01,142.88,0.023,1.08,18605.8,0.667,0.01,142.88,0.023,233677.08306064596,14.440223693847656,0.49715060873104344,1.46,8154.51,0.703,0.05,146.64,0.023,2.86,19819.4,0.674,0.05,146.64,0.023
15,0,2000,2000.0,238467.309060824,16.20366859436035,0.4981882801572648,0.59,4411.95,0.65,0.02,144.76,0.023,1.05,18827.2,0.668,0.02,144.76,0.023,239530.03274209332,14.22801685333252,0.49998871335430156,0.92,8383.17,0.711,0.06,157.92,0.024,2.16,20614.8,0.685,0.06,157.92,0.024
15,0,2500,2500.0,246258.2427305155,17.433019638061523,0.5040085968433422,0.6,4663.2,0.662,0.02,148.52,0.023,1.24,18974.8,0.669,0.02,148.52,0.023,245714.9397192872,13.56430721282959,0.5027155107844017,0.63,5121.36,0.668,0.03,163.56,0.024,1.45,21147.8,0.692,0.03,163.56,0.024
15,0,3000,3000.0,254397.50977968203,18.17082405090332,0.5109361752643282,0.57,4739.58,0.666,0.02,150.4,0.023,1.42,19671.8,0.677,0.02,150.4,0.023,253415.65424579603,13.403364181518555,0.5126230702891694,0.61,5175.36,0.67,0.03,165.44,0.024,1.44,20967.4,0.693,0.03,165.44,0.024
15,0,3500,3500.0,261984.94362040263,20.146577835083008,0.517033048510915,1.06,9152.76,0.679,0.02,159.8,0.024,1.6,20450.8,0.686,0.02,159.8,0.024,258668.7092546766,12.985658645629883,0.5208426097826224,0.8,7621.2,0.69,0.03,161.68,0.024,1.5,20713.2,0.694,0.03,161.68,0.024
15,0,4000,4000.0,268716.87943651323,23.244998931884766,0.5225038142936508,1.21,7960.5,0.7,0.02,161.68,0.024,1.63,21254.4,0.695,0.02,161.68,0.024,259951.55708589294,12.355854988098145,0.5273162592880862,0.5,4779.78,0.701,0.03,161.68,0.024,1.38,21147.8,0.699,0.03,161.68,0.024
15,0,4500,4500.0,274805.0782981962,25.28703498840332,0.5268362516002743,1.63,9280.92,0.682,0.03,172.96,0.025,1.65,22033.4,0.704,0.03,172.96,0.025,257832.47241673234,11.602115631103516,0.5304822822969326,0.67,6335.28,0.718,0.02,169.2,0.025,1.23,21680.8,0.705,0.02,169.2,0.025
15,0,5000,5000.0,279217.7717135834,26.99253273010254,0.530753682104903,1.79,8001.1,0.701,0.03,176.72,0.025,1.64,22730.4,0.711,0.03,176.72,0.025,250478.40344224242,10.811424255371094,0.5246194237044935,0.61,5513.43,0.702,0.02,172.96,0.025,1.23,23222.4,0.718,0.02,172.96,0.025
15,0,5500,5500.0,281627.52372445085,28.02638053894043,0.5318240312938908,2.55,9875.44,0.695,0.03,186.12,0.025,1.74,23337.2,0.718,0.03,186.12,0.025,240702.31178246322,9.733078956604004,0.513254196879714,0.6,5545.59,0.705,0.03,197.4,0.026,1.22,24665.6,0.729,0.03,197.4,0.026
15,0,6000,6000.0,282303.5039612557,29.108877182006836,0.5364445923035636,2.67,8412.9,0.712,0.03,188.0,0.026,2.1,23714.4,0.721,0.03,188.0,0.026,230912.4239971221,8.24592399597168,0.5003598351090481,1.11,11134.32,0.698,0.03,204.92000000000002,0.027,1.2,24067.0,0.724,0.03,204.92000000000002,0.027
15,0,6500,6500.0,278833.53839760774,32.2276611328125,0.5360986394628444,2.73,8444.8,0.713,0.04,195.52,0.026,2.45,23952.2,0.723,0.04,195.52,0.026,222931.42647285713,6.724454879760742,0.48922219468657235,0.43,4337.58,0.648,0.03,197.4,0.026,1.16,22976.4,0.714,0.03,197.4,0.026
15,0,7000,7000.0,272467.3881762886,35.275821685791016,0.5354871325524374,1.56,5148.66,0.717,0.04,197.4,0.026,2.61,24050.6,0.723,0.04,197.4,0.026,218601.26661065442,6.906002044677734,0.4796508439095474,0.91,8031.36,0.649,0.02,195.52,0.026,0.99,20327.8,0.688,0.02,195.52,0.026
15,0,7500,7500.0,263677.30876829696,36.557586669921875,0.5327785673691269,1.93,5945.58,0.718,0.05,197.4,0.026,2.74,24231.0,0.725,0.05,197.4,0.026,220841.09008901578,8.805779457092285,0.4807267657012723,1.1,8675.72,0.666,0.02,154.16,0.024,0.77,17835.0,0.661,0.02,154.16,0.024
15,0,8000,8000.0,251110.20520406327,34.765926361083984,0.5217357043328248,1.83,5700.36,0.708,0.06,197.4,0.026,2.94,24747.6,0.728,0.06,197.4,0.026,228929.531532884,10.96294116973877,0.48893084689957267,1.23,7308.0,0.682,0.02,144.76,0.023,0.64,17482.4,0.657,0.02,144.76,0.023
15,0,8500,8500.0,238055.4634464458,32.569679260253906,0.5084959606137828,1.67,5155.65,0.685,0.07,204.92000000000002,0.026,3.17,25116.6,0.731,0.07,204.92000000000002,0.026,238755.61934567886,12.495793342590332,0.49939081891772646,1.27,7403.7,0.685,0.02,141.0,0.023,0.78,17482.4,0.657,0.02,141.0,0.023
15,0,9000,9000.0,224769.42948815384,29.299283981323242,0.49156583413847543,3.02,10359.12,0.679,0.07,206.80000000000004,0.026,3.18,23796.4,0.719,0.07,206.80000000000004,0.026,249346.5410814053,13.687379837036133,0.5141184595989314,1.47,7896.7,0.698,0.03,141.0,0.023,0.87,17958.0,0.663,0.03,141.0,0.023
15,0,9500,9500.0,216523.27703369575,28.09467315673828,0.48242575044473224,4.69,22844.11,0.664,0.07,186.12,0.025,3.16,22402.4,0.707,0.07,186.12,0.025,258299.55837924825,14.14271068572998,0.5268383902414093,1.47,7957.6,0.701,0.04,146.64,0.024,0.97,18589.4,0.67,0.04,146.64,0.024
15,0,10000,10000.0,212853.6742662609,27.827890396118164,0.4780402147923315,1.65,6377.1,0.652,0.07,180.48,0.025,2.58,20090.0,0.684,0.07,180.48,0.025,262908.5999037852,14.187663078308105,0.5320682001710876,1.02,5306.4,0.694,0.04,150.4,0.024,1.05,20311.4,0.689,0.04,150.4,0.024
15,0,10500,10500.0,213084.61823619928,27.754981994628906,0.48069538654582866,1.67,6435.1,0.655,0.05,146.64,0.023,2.23,17982.6,0.661,0.05,146.64,0.023,263241.71541713295,13.728896141052246,0.5306924175774324,1.06,5628.0,0.708,0.04,174.84,0.025,1.24,22025.2,0.706,0.04,174.84,0.025
15,0,11000,11000.0,216079.79320322076,28.64763641357422,0.48376305466063724,1.8,6817.9,0.671,0.04,137.24,0.022,2.19,17498.8,0.657,0.04,137.24,0.022,259928.59864419443,12.597976684570312,0.5229293716923974,0.94,5342.58,0.696,0.04,182.36,0.026,1.33,23222.4,0.717,0.04,182.36,0.026
15,0,11500,11500.0,218250.44831274255,29.925579071044922,0.48385003747937294,1.81,6846.9,0.672,0.04,133.48,0.022,2.18,17244.6,0.657,0.04,133.48,0.022,255569.03662285313,12.213996887207031,0.5122639190509767,1.02,5897.88,0.66,0.04,197.4,0.026,1.38,24288.4,0.728,0.04,197.4,0.026
15,0,12000,12000.0,221726.6126633715,31.208553314208984,0.48263159411569184,1.22,4570.74,0.663,0.04,131.6,0.022,2.36,18089.2,0.669,0.04,131.6,0.022,255129.38768210323,14.404865264892578,0.5078575022978467,1.51,7035.4,0.671,0.05,203.04,0.027,1.48,23542.2,0.721,0.05,203.04,0.027
15,0,12500,12500.0,225215.86280911913,32.28037643432617,0.47869462349304687,1.29,4737.57,0.674,0.05,144.76,0.023,2.56,18933.8,0.681,0.05,144.76,0.023,259217.0779914133,17.54658317565918,0.5101980759219008,1.55,7125.3,0.675,0.04,186.12,0.026,1.55,22878.0,0.715,0.04,186.12,0.026
15,0,13000,13000.0,233040.13393629168,33.745521545410156,0.48009739816505465,1.25,4697.37,0.673,0.05,148.52,0.023,2.84,19302.8,0.687,0.05,148.52,0.023,267412.8611604291,20.763341903686523,0.5167208432714967,0.99,4428.3,0.683,0.04,182.36,0.026,1.35,21976.0,0.706,0.04,182.36,0.026
15,0,13500,13500.0,244569.8614825518,35.09718704223633,0.48667586896354986,1.34,5060.88,0.68,0.05,154.16,0.024,3.12,19614.4,0.694,0.05,154.16,0.024,276867.49113323586,21.532262802124023,0.5251771236921243,1.33,5739.12,0.695,0.04,167.32,0.025,1.88,21205.2,0.698,0.04,167.32,0.025
15,0,14000,14000.0,260965.76175341892,35.9073371887207,0.5020518715568509,1.1,4296.06,0.688,0.05,154.16,0.024,3.49,19729.2,0.697,0.05,154.16,0.024,286678.69861421123,20.596561431884766,0.5349374028336945,1.23,5870.88,0.698,0.05,165.44,0.025,2.19,21787.4,0.702,0.05,165.44,0.025
15,0,14500,14500.0,279077.4716803264,36.373046875,0.5198372137490082,1.43,5849.28,0.71,0.05,154.16,0.024,4.13,20081.8,0.703,0.05,154.16,0.024,293644.11620585213,18.779922485351562,0.5413377020530598,0.91,5943.57,0.715,0.05,178.6,0.025,2.36,22361.4,0.708,0.05,178.6,0.025
15,0,15000,15000.0,294744.05835869827,35.77632141113281,0.5368105865915902,1.41,6123.6,0.717,0.05,154.16,0.024,4.42,21664.4,0.717,0.05,154.16,0.024,296415.00516248925,17.013601303100586,0.5460975618831065,0.84,6021.96,0.717,0.06,182.36,0.025,2.09,23443.8,0.717,0.06,182.36,0.025
15,0,15500,15500.0,308267.6966520186,35.01184844970703,0.5513060455943088,1.35,6970.320000000001,0.743,0.05,172.96,0.025,4.62,23632.4,0.734,0.05,172.96,0.025,295070.0864268751,15.387784004211426,0.5462124372019819,1.01,8694.2,0.716,0.04,199.28,0.026,1.8,24436.0,0.725,0.04,199.28,0.026
15,0,16000,16000.0,315304.4847260767,32.97108459472656,0.561240906418089,1.19,5929.5,0.724,0.05,178.6,0.025,4.26,25846.4,0.749,0.05,178.6,0.025,289633.0419592756,13.830423355102539,0.5436409053164833,0.69,6156.63,0.721,0.04,204.92000000000002,0.026,1.62,24969.0,0.728,0.04,204.92000000000002,0.026
15,0,16500,16500.0,318744.92111703526,31.128124237060547,0.5677605012515481,1.08,6548.58,0.744,0.05,208.68000000000004,0.027,3.87,28035.799999999996,0.763,0.05,208.68000000000004,0.027,282127.654294511,12.148872375488281,0.5381060080051431,0.7,6044.07,0.72,0.03,212.43999999999997,0.027,1.53,25461.0,0.733,0.03,212.43999999999997,0.027
15,0,17000,17000.0,317134.3080685556,28.878738403320312,0.5679154984887838,1.71,11893.41,0.792,0.05,218.07999999999998,0.027,3.41,29388.800000000003,0.771,0.05,218.07999999999998,0.027,274594.4672032725,10.084940910339355,0.5289552010362903,0.65,5897.34,0.715,0.03,214.31999999999996,0.027,1.46,25190.4,0.732,0.03,214.31999999999996,0.027
15,0,17500,17500.0,313910.0003929431,26.863866806030273,0.565369805500113,1.78,11686.38,0.788,0.05,238.76,0.028,3.57,30372.8,0.777,0.05,238.76,0.028,270481.8344840347,10.092601776123047,0.5232364286853695,0.78,5998.32,0.707,0.03,208.68000000000004,0.027,1.37,24846.0,0.731,0.03,208.68000000000004,0.027
15,0,18000,18000.0,310228.74407756794,25.05455207824707,0.5564326067536843,1.85,11482.439999999999,0.786,0.04,244.4,0.028,3.71,29913.599999999995,0.775,0.04,244.4,0.028,270823.18093050417,11.170256614685059,0.5181203048048889,1.12,7600.9,0.694,0.03,208.68000000000004,0.027,1.41,23911.2,0.723,0.03,208.68000000000004,0.027
15,0,18500,18500.0,311215.44498204207,25.369436264038086,0.5507558948322909,1.54,10892.25,0.776,0.04,235.0,0.028,3.74,29331.400000000005,0.772,0.04,235.0,0.028,275938.73873256694,11.001304626464844,0.5182295055442036,0.89,5369.76,0.682,0.03,195.52,0.026,1.55,22951.8,0.715,0.03,195.52,0.026
15,0,19000,19000.0,320258.81010589097,26.31501007080078,0.549980245034017,1.25,10308.24,0.77,0.04,233.12,0.028,3.12,27675.0,0.762,0.04,233.12,0.028,288243.2226786233,14.487998962402344,0.5263037672616737,1.57,11765.799999999997,0.733,0.03,191.76,0.026,1.71,21746.4,0.704,0.03,191.76,0.026
15,0,19500,19500.0,335124.70941178437,26.763029098510742,0.5550871255194312,1.22,10790.78,0.659,0.04,206.80000000000004,0.027,2.58,26289.200000000004,0.756,0.04,206.80000000000004,0.027,303824.38715068955,18.249954223632812,0.538907638128473,1.85,12285.56,0.741,0.03,174.84,0.025,1.7,20696.8,0.694,0.03,174.84,0.025
15,0,20000,20000.0,355576.50673815503,27.426767349243164,0.5670591503960838,1.79,12541.879999999997,0.745,0.04,201.16,0.026,2.21,26076.0,0.756,0.04,201.16,0.026,320249.8818947737,22.344051361083984,0.5501828834752529,1.99,10144.2,0.75,0.03,169.2,0.025,1.14,21320.0,0.7,0.03,169.2,0.025
16,0,-20000,20000.0,348293.9131985768,33.993167877197266,0.5813971189409124,1.69,7867.14,0.777,0.08,330.88,0.031,4.9,36391.6,0.805,0.08,330.88,0.031,186864.4348932027,22.476520538330078,0.4626210519402149,3.59,8714.88,0.693,0.06,157.92,0.025,3.55,18302.4,0.692,0.06,157.92,0.025
16,0,-19500,19500.0,323448.7872216725,31.873756408691406,0.5658480813766715,1.32,7030.979999999999,0.759,0.08,304.56,0.03,3.74,34964.8,0.798,0.08,304.56,0.03,188031.69077043922,25.061511993408203,0.4625098281466493,3.67,9134.96,0.703,0.05,133.48,0.023,2.41,16432.8,0.669,0.05,133.48,0.023
16,0,-19000,19000.0,302091.25917890685,28.724842071533203,0.5472876828357739,2.43,14161.68,0.753,0.08,298.92,0.03,3.33,32004.6,0.783,0.08,298.92,0.03,192704.2393038266,28.435375213623047,0.4675239625605995,2.5,6237.0,0.681,0.05,125.96000000000001,0.022,1.69,14186.0,0.635,0.05,125.96000000000001,0.022
16,0,-18500,18500.0,287538.4519165963,24.643508911132812,0.5369222827552445,0.97,5857.14,0.72,0.06,259.44,0.029,2.87,29044.4,0.767,0.06,259.44,0.029,199666.22401864314,32.04555892944336,0.47810045622873604,2.64,5920.74,0.688,0.03,95.88,0.019,1.88,12160.6,0.599,0.03,95.88,0.019
16,0,-18000,18000.0,278637.45233707555,20.7086181640625,0.5290266076506621,1.03,5983.2,0.71,0.05,244.4,0.028,2.5,26174.4,0.746,0.05,244.4,0.028,207979.92804433167,35.485107421875,0.48858103673851444,2.76,5608.32,0.679,0.02,88.36,0.019,2.5,13751.4,0.628,0.02,88.36,0.019
16,0,-17500,17500.0,275272.19536303607,20.511432647705078,0.5286611576176146,1.12,5628.96,0.697,0.04,203.04,0.026,2.32,23509.4,0.725,0.04,203.04,0.026,214072.05953563066,38.07651901245117,0.49460693313713255,2.69,5114.88,0.7,0.05,116.56,0.022,3.43,15727.6,0.661,0.05,116.56,0.022
16,0,-17000,17000.0,275768.96639250446,21.104488372802734,0.5315644047628999,1.12,5702.4,0.7,0.04,191.76,0.026,2.39,22410.6,0.714,0.04,191.76,0.026,218458.99024801835,40.53788375854492,0.5023400148975732,2.75,5032.8,0.697,0.06,122.2,0.022,4.75,17703.8,0.688,0.06,122.2,0.022
16,0,-16500,16500.0,276631.0583447596,20.293773651123047,0.5355807699545315,1.22,5963.76,0.711,0.03,178.6,0.025,2.48,21738.2,0.708,0.03,178.6,0.025,219669.93637122196,40.55284118652344,0.5046491221614857,2.84,4752.0,0.687,0.09,152.28,0.025,6.13,19483.2,0.71,0.09,152.28,0.025
16,0,-16000,16000.0,275633.77214665705,17.321104049682617,0.5357806377960661,1.19,6089.04,0.715,0.03,174.84,0.025,2.51,22164.6,0.711,0.03,174.84,0.025,217464.65593103846,37.63322448730469,0.5049121817985969,2.65,4758.48,0.689,0.93,4533.76,0.08,6.24,19040.4,0.705,0.1,157.92,0.025
16,0,-15500,15500.0,272762.1949452013,18.108295440673828,0.5333870303276326,1.1,6469.2,0.727,0.04,184.24,0.026,2.67,22755.0,0.717,0.04,184.24,0.026,216369.00221408205,35.03177261352539,0.5079712709343249,3.17,7252.23,0.723,0.85,4462.92,0.079,6.14,18564.8,0.7,0.12,148.52,0.024
16,0,-15000,15000.0,267443.4472554221,19.05592155456543,0.5283373431249594,1.57,7215.2,0.677,0.05,188.0,0.026,2.57,23681.6,0.724,0.05,188.0,0.026,214314.6381488641,30.60502815246582,0.5051247474965677,2.79,7221.33,0.721,0.83,4516.05,0.08,5.52,18433.6,0.698,0.13,142.88,0.024
16,0,-14500,14500.0,260720.09807061276,19.463720321655273,0.5206735190869162,1.59,7186.2,0.677,0.05,203.04,0.027,2.37,24509.8,0.73,0.05,203.04,0.027,214278.67101172457,27.232080459594727,0.5049696737925781,2.57,7110.090000000001,0.719,0.12,152.28,0.025,4.91,18359.8,0.697,0.12,152.28,0.025
16,0,-14000,14000.0,253801.13173291527,19.495677947998047,0.5106161264004747,1.7,7023.8,0.669,0.05,206.80000000000004,0.027,2.39,23575.0,0.721,0.05,206.80000000000004,0.027,216054.33404017834,23.338102340698242,0.5015080161034267,2.39,7017.39,0.72,0.1,150.4,0.025,4.4,18286.0,0.697,0.1,150.4,0.025
16,0,-13500,13500.0,249368.93270587214,19.127286911010742,0.5047159715252783,1.39,5505.84,0.687,0.03,191.76,0.026,2.54,22607.4,0.712,0.03,191.76,0.026,220558.06175643048,22.936567306518555,0.5008314458146775,2.21,6847.44,0.712,0.04,141.0,0.024,3.97,18113.8,0.698,0.04,141.0,0.024
16,0,-13000,13000.0,248956.9962694055,17.739519119262695,0.4957268755287186,1.97,8166.87,0.71,0.03,188.0,0.026,2.84,21885.8,0.704,0.03,188.0,0.026,229181.17197368146,25.6729679107666,0.5001019429558785,2.81,9597.76,0.718,0.04,141.0,0.024,3.59,17777.6,0.693,0.04,141.0,0.024
16,0,-12500,12500.0,253078.3841273153,15.587791442871094,0.4921714952991683,1.23,4797.87,0.666,0.03,176.72,0.025,3.15,21229.8,0.696,0.03,176.72,0.025,240961.46239127684,28.23422622680664,0.5025311865933147,3.09,10345.36,0.733,0.03,139.12,0.023,3.25,17408.6,0.687,0.03,139.12,0.023
16,0,-12000,12000.0,263913.8300894895,13.399880409240723,0.49332643986120495,2.23,9661.44,0.66,0.03,172.96,0.025,2.93,20295.0,0.679,0.03,172.96,0.025,262037.44461153648,31.736631393432617,0.5108569504625536,2.72,8253.4,0.735,0.03,137.24,0.023,2.77,17384.0,0.685,0.03,137.24,0.023
16,0,-11500,11500.0,281920.7270811466,14.230213165283203,0.5025884082659577,1.54,8468.46,0.604,0.03,159.8,0.024,2.56,19581.6,0.666,0.03,159.8,0.024,285916.41880029626,34.23799514770508,0.519438781208682,2.76,8363.6,0.738,0.03,137.24,0.023,2.51,17613.6,0.686,0.03,137.24,0.023
16,0,-11000,11000.0,306895.18593931635,15.951613426208496,0.5231441171216945,1.56,8871.72,0.615,0.03,157.92,0.024,1.81,18819.0,0.656,0.03,157.92,0.024,310722.51142992935,35.76719665527344,0.5233328400574363,4.6,16582.48,0.806,0.04,137.24,0.023,3.3,19278.2,0.702,0.04,137.24,0.023
16,0,-10500,10500.0,334187.2141502851,20.497573852539062,0.5450076940239532,1.65,10350.5,0.774,0.02,148.52,0.023,1.52,18277.8,0.652,0.02,148.52,0.023,332494.78951834026,36.200584411621094,0.5224185586078652,6.43,18629.48,0.823,0.05,159.8,0.025,4.06,21229.8,0.719,0.05,159.8,0.025
16,0,-10000,10000.0,362088.48998881713,23.492416381835938,0.57098000725198,2.06,11074.4,0.787,0.02,148.52,0.023,1.61,20426.2,0.677,0.02,148.52,0.023,352427.61181537353,32.763267517089844,0.5246704405394841,6.64,18871.56,0.824,0.06,165.44,0.025,4.17,23247.0,0.735,0.06,165.44,0.025
16,0,-9500,9500.0,386253.0627564696,24.25179672241211,0.591859102224652,2.3,11503.66,0.794,0.04,182.36,0.025,2.8,22992.8,0.704,0.04,182.36,0.025,370260.8540216305,36.697330474853516,0.5249005648907826,6.79,19113.64,0.828,0.06,193.64,0.026,4.09,25264.2,0.752,0.06,193.64,0.026
16,0,-9000,9000.0,400829.42321903305,22.566020965576172,0.6055140332268348,2.48,12752.04,0.793,0.04,193.64,0.026,3.52,27847.2,0.744,0.04,193.64,0.026,393455.48275668174,46.77790069580078,0.5413707419016588,6.08,15567.2,0.833,0.06,203.04,0.027,3.45,28609.8,0.775,0.06,203.04,0.027
16,0,-8500,8500.0,404167.0063258043,23.369037628173828,0.6065110796295209,2.35,9866.88,0.803,0.06,266.96,0.029,4.02,32357.2,0.774,0.06,266.96,0.029,407034.0272899004,51.90077209472656,0.5476557736241611,6.13,15622.3,0.834,0.05,253.80000000000004,0.029,4.96,31742.2,0.794,0.05,253.80000000000004,0.029
16,0,-8000,8000.0,397841.84647045645,22.40393829345703,0.6019302199185681,2.18,9776.16,0.801,0.07,289.52,0.029,3.46,34784.4,0.787,0.07,289.52,0.029,422648.82729758247,60.739349365234375,0.5689842777905855,3.16,9067.14,0.831,0.05,270.72,0.029,7.01,34522.0,0.807,0.05,270.72,0.029
16,0,-7500,7500.0,387401.99124460923,23.475244522094727,0.5919760170245065,2.55,14340.689999999999,0.817,0.09,317.72,0.03,4.09,36826.2,0.798,0.09,317.72,0.03,426206.99528371333,62.318485260009766,0.5788647528401811,3.9,10594.71,0.834,0.1,312.08,0.03,8.78,36621.2,0.817,0.1,312.08,0.03
16,0,-7000,7000.0,375624.75466156914,24.125322341918945,0.5824698596981053,2.31,14405.58,0.818,0.09,325.24,0.03,3.39,36203.0,0.796,0.09,325.24,0.03,415134.0523387422,53.474449157714844,0.582367912821877,7.66,21468.96,0.829,0.11,325.24,0.031,9.42,38089.0,0.823,0.11,325.24,0.031
16,0,-6500,6500.0,369494.82880925166,24.309389114379883,0.5801234392519754,1.79,9060.18,0.761,0.06,298.92,0.03,2.96,36030.8,0.796,0.06,298.92,0.03,403070.7723769883,47.26652908325195,0.5880890079592096,13.14,47592.67,0.818,0.11,344.04,0.031,9.8,39368.2,0.828,0.11,344.04,0.031
16,0,-6000,6000.0,367087.0513311171,24.09589195251465,0.5805763390401255,1.23,5926.44,0.758,0.05,291.4,0.029,2.16,33898.8,0.786,0.05,291.4,0.029,379165.39868376567,43.197967529296875,0.5835333140413217,5.22,19706.4,0.823,0.11,351.56,0.031,8.69,38925.4,0.828,0.11,351.56,0.031
16,0,-5500,5500.0,367542.9610691342,24.4063663482666,0.5859814307817987,1.94,8093.52,0.77,0.04,253.80000000000004,0.028,2.29,32168.599999999995,0.778,0.04,253.80000000000004,0.028,357580.44249600504,43.25824737548828,0.5828221237573145,2.62,9303.12,0.811,0.09,338.4,0.031,7.47,38613.8,0.828,0.09,338.4,0.031
16,0,-5000,5000.0,367945.6470330379,24.292551040649414,0.5869826879789951,1.92,8171.28,0.773,0.04,244.4,0.028,2.35,32299.8,0.779,0.04,244.4,0.028,327560.41469261463,41.02069854736328,0.5685434451233645,2.74,8959.68,0.805,0.68,4710.86,0.082,6.61,37154.2,0.823,0.09,334.64,0.031
16,0,-4500,4500.0,368117.796907319,25.358646392822266,0.5856527976020915,1.84,8555.76,0.784,0.07,253.80000000000004,0.028,3.44,32340.799999999996,0.781,0.07,253.80000000000004,0.028,302750.7634752823,38.84766387939453,0.5637099833165219,2.94,7886.16,0.785,0.57,4161.85,0.078,7.62,35973.4,0.819,0.08,306.44,0.03
16,0,-4000,4000.0,369428.38624019496,28.01168441772461,0.5858640624578212,2.4,10430.1,0.775,0.08,259.44,0.029,3.46,32849.200000000004,0.783,0.08,259.44,0.029,275370.64444794087,34.22071075439453,0.5516829558521517,4.27,12100.439999999999,0.817,0.72,3701.3899999999994,0.073,7.65,33415.0,0.808,0.09,300.8,0.03
16,0,-3500,3500.0,368085.8930034563,31.267297744750977,0.5825333721789145,2.65,9888.22,0.78,0.08,270.72,0.029,3.31,33349.4,0.79,0.08,270.72,0.029,251249.23584055505,30.400959014892578,0.5452330407826729,4.22,11355.75,0.807,0.9,3276.35,0.069,7.67,30971.400000000005,0.796,0.1,261.32,0.029
16,0,-3000,3000.0,365702.36181822664,34.68110275268555,0.579106120189014,2.91,9489.44,0.768,0.07,274.48,0.029,3.5,32176.8,0.785,0.07,274.48,0.029,227408.44844374806,25.112258911132812,0.5295868908756082,4.14,10543.08,0.798,0.1,248.16,0.029,7.12,28585.2,0.784,0.1,248.16,0.029
16,0,-2500,2500.0,362626.70112801937,37.20917892456055,0.5765774674766284,2.87,8672.4,0.79,0.06,259.44,0.029,3.52,30930.4,0.78,0.06,259.44,0.029,203166.66869065957,17.210166931152344,0.5071252205248871,3.35,9273.09,0.776,0.1,214.31999999999996,0.028,6.59,26494.200000000004,0.772,0.1,214.31999999999996,0.028
16,0,-2000,2000.0,361937.30701222946,38.71918487548828,0.5760019828826449,2.97,8590.32,0.786,0.07,253.80000000000004,0.029,4.66,32111.199999999997,0.787,0.07,253.80000000000004,0.029,183242.79105699097,16.85291862487793,0.4794893584001832,2.48,7885.68,0.747,0.1,204.92000000000002,0.027,5.04,23337.2,0.75,0.1,204.92000000000002,0.027
16,0,-1500,1500.0,360404.96189002815,38.70218276977539,0.5745712538574548,3.26,8277.12,0.776,0.1,272.6,0.029,6.0,33554.4,0.795,0.1,272.6,0.029,169046.91320337943,19.545900344848633,0.46016994761495345,2.21,5831.28,0.606,0.13,556.45,0.049,3.51,20073.6,0.722,0.07,163.56,0.025
16,0,-1000,1000.0,359478.0062066848,36.2750129699707,0.5719317042586863,4.43,12888.39,0.801,0.95,8483.09,0.098,6.57,33095.2,0.789,0.11,278.24,0.029,162601.74549733062,23.338607788085938,0.44646590360193916,2.6,6756.88,0.645,0.06,154.16,0.025,1.97,17138.0,0.687,0.06,154.16,0.025
16,0,-500,500.0,361316.0703146388,31.480430603027344,0.5711570219618495,3.5,12202.41,0.787,0.89,9014.39,0.1,6.93,32734.4,0.785,0.12,266.96,0.029,160136.94584259854,26.153255462646484,0.44069619380736647,2.83,7347.84,0.668,0.03,118.44,0.022,1.47,14276.2,0.646,0.03,118.44,0.022
16,0,0,0.0,369483.5834342595,26.30713653564453,0.572346814421245,1.88,7523.28,0.753,0.9,9669.66,0.102,5.6,31373.2,0.773,0.12,263.2,0.029,164764.3164960901,29.396697998046875,0.4385674208281905,2.73,5814.5,0.667,0.02,107.15999999999998,0.021,1.58,12931.4,0.618,0.02,107.15999999999998,0.021
16,0,500,500.0,381390.5373779931,21.355497360229492,0.5766041581376637,1.85,11068.38,0.767,0.09,250.04,0.028,4.09,29798.800000000003,0.761,0.09,250.04,0.028,174777.98996369308,31.79376983642578,0.4464497201966893,2.78,5887.0,0.671,0.03,92.12,0.019,1.75,11922.8,0.596,0.03,92.12,0.019
16,0,1000,1000.0,401003.4422463473,17.504114151000977,0.5859685787127916,1.08,7195.799999999999,0.762,0.09,246.28,0.028,2.97,28921.400000000005,0.756,0.09,246.28,0.028,191279.21992670847,34.82769775390625,0.4564488599608009,4.18,12901.44,0.779,0.04,86.48,0.019,2.03,12357.4,0.604,0.04,86.48,0.019
16,0,1500,1500.0,420347.35181532154,15.398914337158203,0.5937943355609261,1.65,17657.6,0.816,0.06,238.76,0.028,2.01,28199.8,0.757,0.06,238.76,0.028,211607.92508295158,37.10810852050781,0.4676342113273974,5.27,14638.72,0.799,0.05,95.88,0.02,2.3,13079.0,0.622,0.05,95.88,0.02
16,0,2000,2000.0,442470.3310149576,20.147321701049805,0.6015942970221999,1.71,14149.1,0.818,0.05,238.76,0.028,1.65,29479.000000000004,0.769,0.05,238.76,0.028,234271.24613270554,38.72617721557617,0.47947057411912386,4.75,15236.799999999997,0.805,0.05,99.64,0.02,2.45,13472.6,0.63,0.05,99.64,0.02
16,0,2500,2500.0,464573.8784261048,24.272953033447266,0.608266595487949,1.76,14268.0,0.819,0.04,257.56,0.029,1.73,31004.200000000004,0.782,0.04,257.56,0.029,257552.95272729103,39.428062438964844,0.4894780369969885,3.81,10585.0,0.787,0.06,105.28000000000002,0.021,2.51,13718.6,0.636,0.06,105.28000000000002,0.021
16,0,3000,3000.0,487899.25964263093,28.04286766052246,0.6162855079917753,2.06,15459.9,0.829,0.04,263.2,0.029,1.67,33415.0,0.798,0.04,263.2,0.029,286722.37527643435,39.735435485839844,0.5112773544006305,11.39,35986.26,0.817,0.06,109.03999999999999,0.021,2.71,14514.0,0.652,0.06,109.03999999999999,0.021
16,0,3500,3500.0,507691.6889804637,30.46099090576172,0.6193111001767487,1.89,13108.94,0.823,0.04,297.04,0.03,1.83,35752.0,0.811,0.04,297.04,0.03,311996.1380262966,42.7791748046875,0.5263045990792313,11.29,38860.59,0.826,0.07,122.2,0.023,2.9,15826.0,0.682,0.07,122.2,0.023
16,0,4000,4000.0,525569.022184023,33.2113037109375,0.6217312640721622,3.18,21495.28,0.841,0.04,308.32,0.03,2.23,37375.6,0.818,0.04,308.32,0.03,338498.69060438935,47.224708557128906,0.5471719231337928,3.5,9844.74,0.793,0.07,127.84000000000002,0.023,4.06,20582.0,0.736,0.07,127.84000000000002,0.023
16,0,4500,4500.0,538307.5651806052,34.82929229736328,0.6184797677602049,3.67,21740.92,0.844,0.05,330.88,0.031,2.85,38704.0,0.823,0.05,330.88,0.031,360593.5644276759,48.101016998291016,0.5629638716002987,3.75,11148.72,0.811,0.07,193.64,0.027,6.39,25518.4,0.776,0.07,193.64,0.027
16,0,5000,5000.0,550443.3597854833,36.17709732055664,0.6157862144236403,4.62,21883.32,0.844,0.05,338.4,0.031,3.59,40122.6,0.827,0.05,338.4,0.031,374599.8227967629,40.39815902709961,0.5762935250059155,4.01,12601.02,0.828,0.07,214.31999999999996,0.028,7.04,28978.800000000003,0.795,0.07,214.31999999999996,0.028
16,0,5500,5500.0,561891.756165467,38.46549987792969,0.6116647592950215,5.25,22043.52,0.846,0.06,359.08,0.031,4.27,41426.4,0.831,0.06,359.08,0.031,385142.82125964947,35.7457275390625,0.5864852631682057,3.44,12876.03,0.83,0.08,257.56,0.029,7.56,32225.999999999996,0.81,0.08,257.56,0.029
16,0,6000,6000.0,572680.4081719522,42.0523796081543,0.6115705310273596,4.91,18359.9,0.855,0.07,364.72,0.031,4.42,43312.4,0.838,0.07,364.72,0.031,388266.56467576127,34.86348342895508,0.5900174464854819,2.83,13215.930000000002,0.834,0.08,268.84,0.03,6.54,32996.8,0.812,0.08,268.84,0.03
16,0,6500,6500.0,578446.2698249877,44.280364990234375,0.6076918542233325,5.01,18415.0,0.856,0.07,392.92,0.032,4.48,45165.6,0.845,0.07,392.92,0.032,392119.4508395769,34.620113372802734,0.5945076813465824,2.61,11330.3,0.793,0.08,276.36,0.03,5.35,33759.4,0.816,0.08,276.36,0.03
16,0,7000,7000.0,582236.6327624505,48.871524810791016,0.610813889688893,5.59,18644.1,0.856,0.08,400.44,0.032,5.01,46485.8,0.85,0.08,400.44,0.032,395154.8945948298,34.09654998779297,0.5979977234528306,2.8,13120.14,0.833,0.08,278.24,0.03,5.27,33841.4,0.815,0.08,278.24,0.03
16,0,7500,7500.0,582111.6190727181,51.787841796875,0.6136009011927142,5.64,18667.3,0.857,0.09,417.36000000000007,0.032,5.75,47879.8,0.855,0.09,417.36000000000007,0.032,394394.64097901166,33.64656066894531,0.5962243209751035,1.9,7867.14,0.798,0.07,278.24,0.03,5.72,33743.0,0.815,0.07,278.24,0.03
16,0,8000,8000.0,582517.5464375752,57.147701263427734,0.624606668426438,3.24,11466.600000000002,0.86,0.1,423.0,0.033,6.69,50512.0,0.86,0.1,423.0,0.033,390317.08025297493,32.47767639160156,0.5914351526892221,3.43,15850.8,0.792,0.07,280.12,0.03,5.38,33029.6,0.81,0.07,280.12,0.03
16,0,8500,8500.0,579885.0550341506,60.12886047363281,0.6365704827567497,3.89,13189.62,0.861,0.12,453.08,0.033,8.16,53209.8,0.866,0.12,453.08,0.033,386071.53893086105,30.982969284057617,0.5878486255054889,3.12,14987.6,0.802,0.07,276.36,0.03,4.85,32168.599999999995,0.806,0.07,276.36,0.03
16,0,9000,9000.0,566965.8148554256,55.001190185546875,0.645608904182649,7.47,26593.440000000002,0.857,1.05,10537.45,0.104,8.99,54456.2,0.868,0.13,464.36000000000007,0.033,381461.840160334,33.48269271850586,0.5874188851275962,3.1,12023.4,0.8,0.08,272.6,0.03,4.35,32234.200000000004,0.805,0.08,272.6,0.03
16,0,9500,9500.0,547872.8779282001,46.46040725708008,0.6489673264137236,12.75,59836.89,0.85,1.29,9899.89,0.102,9.57,55292.600000000006,0.87,0.14,479.3999999999999,0.033,374360.72300302726,35.89854049682617,0.5852587180868721,3.92,14663.64,0.808,0.07,283.88,0.03,3.87,32201.400000000005,0.803,0.07,283.88,0.03
16,0,10000,10000.0,516436.0427447467,30.413660049438477,0.6403807143845407,4.8,23529.36,0.84,1.24,9297.75,0.1,7.97,52480.0,0.863,0.14,483.15999999999997,0.033,365741.49387864105,39.32581329345703,0.5866988620649475,4.0,11553.600000000002,0.807,0.06,285.76,0.03,3.63,32267.0,0.802,0.06,285.76,0.03
16,0,10500,10500.0,489744.02729865594,26.553497314453125,0.6371222448263105,7.31,52869.39,0.832,0.11,441.8,0.033,6.16,49396.8,0.855,0.11,441.8,0.033,354596.5449928388,40.231266021728516,0.5851358020834152,4.06,11530.4,0.809,0.06,282.0,0.03,4.38,32160.4,0.802,0.06,282.0,0.03
16,0,11000,11000.0,462684.40716535295,23.052993774414062,0.6254410643325728,1.35,10774.08,0.823,0.78,8624.77,0.098,3.82,45542.8,0.844,0.1,430.52,0.032,340875.92518363136,41.941036224365234,0.5829942724920372,2.27,6549.36,0.796,0.06,283.88,0.03,4.56,31405.999999999996,0.798,0.06,283.88,0.03
16,0,11500,11500.0,440267.4543909533,22.279138565063477,0.6169950586288334,1.7,11344.8,0.776,0.05,377.87999999999994,0.032,3.53,41910.2,0.832,0.05,377.87999999999994,0.032,326788.4063812089,43.218841552734375,0.581622840746531,2.76,7704.33,0.802,0.07,272.6,0.029,4.53,30610.6,0.794,0.07,272.6,0.029
16,0,12000,12000.0,423694.94917127135,21.604644775390625,0.6044434829744764,1.03,6911.28,0.78,0.05,364.72,0.031,3.07,40130.8,0.825,0.05,364.72,0.031,310664.73399205715,42.391387939453125,0.5774133067483532,2.68,7388.76,0.796,0.08,268.84,0.029,4.57,29233.0,0.787,0.08,268.84,0.029
16,0,12500,12500.0,412913.6950012936,19.831418991088867,0.5960731933619242,1.25,7975.68,0.782,0.05,340.28,0.031,2.63,38687.6,0.82,0.05,340.28,0.031,295119.1107687419,41.10274124145508,0.5741228438518455,2.53,6777.72,0.787,0.09,248.16,0.029,4.53,27970.2,0.78,0.09,248.16,0.029
16,0,13000,13000.0,408808.19860415475,22.135061264038086,0.5899483270399172,2.29,16062.959999999997,0.776,0.05,334.64,0.031,2.38,36112.8,0.808,0.05,334.64,0.031,277274.7017038214,37.05384063720703,0.5643007758972949,4.72,13716.959999999997,0.782,0.1,242.52,0.029,4.52,26830.4,0.775,0.1,242.52,0.029
16,0,13500,13500.0,413128.15039075474,23.932369232177734,0.5917532619002345,1.18,11678.3,0.781,0.05,295.16,0.03,2.34,33734.8,0.796,0.05,295.16,0.03,261383.06128469997,34.81454086303711,0.5575643755347316,1.76,5567.7,0.747,0.1,225.6,0.028,4.62,26199.0,0.777,0.1,225.6,0.028
16,0,14000,14000.0,425167.03198434156,24.980188369750977,0.5996487490375446,1.3,12907.9,0.799,0.06,283.88,0.029,1.77,32422.8,0.787,0.06,283.88,0.029,244022.83504963643,31.287029266357422,0.5452946674904746,1.82,5838.48,0.747,0.1,219.96,0.028,4.09,24665.6,0.769,0.1,219.96,0.028
16,0,14500,14500.0,438393.8198427484,25.366374969482422,0.609162081046495,1.18,11678.92,0.805,0.05,268.84,0.029,1.89,31471.600000000002,0.781,0.05,268.84,0.029,230715.5092272787,28.85791778564453,0.5401141902298453,1.63,5367.6,0.733,0.08,195.52,0.027,3.67,23452.0,0.766,0.08,195.52,0.027
16,0,15000,15000.0,451515.86906797346,25.023048400878906,0.6172183775158854,0.85,7922.22,0.805,0.04,263.2,0.029,2.07,32447.4,0.786,0.04,263.2,0.029,218157.0883365639,26.32817268371582,0.5303541925190892,1.65,5179.68,0.725,0.08,188.0,0.027,3.48,22197.4,0.758,0.08,188.0,0.027
16,0,15500,15500.0,460642.61332041246,24.28579330444336,0.6212293546325471,1.22,10136.88,0.814,0.04,280.12,0.029,2.26,33661.0,0.793,0.04,280.12,0.029,206615.81110787563,25.808229446411133,0.5208716309074987,1.71,4777.92,0.71,0.07,171.08,0.026,3.42,20975.6,0.749,0.07,171.08,0.026
16,0,16000,16000.0,467874.4320815975,23.299686431884766,0.6199658268933523,1.24,10186.56,0.815,0.04,283.88,0.029,2.44,36293.2,0.807,0.04,283.88,0.029,196898.7420265795,27.58384132385254,0.5054773990782514,1.59,4639.68,0.704,0.07,167.32,0.026,3.35,19671.8,0.738,0.07,167.32,0.026
16,0,16500,16500.0,474016.5684885315,23.753673553466797,0.615993801231247,1.35,10346.4,0.82,0.04,319.6,0.03,2.67,38941.8,0.82,0.04,319.6,0.03,190492.7085375751,28.588415145874023,0.4939043927598033,1.28,4270.32,0.688,0.07,150.4,0.025,3.15,18245.0,0.724,0.07,150.4,0.025
16,0,17000,17000.0,483320.4662086581,24.377914428710938,0.6162268584415609,1.83,13853.3,0.812,0.04,332.76,0.031,2.74,39540.4,0.823,0.04,332.76,0.031,189798.0528541904,28.9244327545166,0.48435857153251016,1.66,6056.4,0.713,0.07,146.64,0.025,2.93,17170.8,0.712,0.07,146.64,0.025
16,0,17500,17500.0,493729.3228457577,26.22240447998047,0.6158231999856825,1.88,13978.0,0.814,0.06,340.28,0.031,2.74,39802.8,0.825,0.06,340.28,0.031,193043.20554498228,28.308452606201172,0.4814935806280013,1.8,5728.86,0.699,0.06,137.24,0.025,3.47,16137.6,0.701,0.06,137.24,0.025
16,0,18000,18000.0,506288.3907591434,29.287511825561523,0.6205462901957236,2.67,19879.04,0.828,0.07,344.04,0.031,2.29,38228.4,0.818,0.07,344.04,0.031,198068.01580645898,26.119935989379883,0.47596455421866013,1.92,5826.6,0.673,0.06,135.36,0.025,3.68,15079.8,0.685,0.06,135.36,0.025
16,0,18500,18500.0,517826.98421301483,31.544965744018555,0.6252370242979466,3.01,19754.44,0.828,0.05,313.96,0.03,2.16,36785.2,0.812,0.05,313.96,0.03,205825.99499055036,28.622514724731445,0.4760570265420415,1.94,5532.12,0.68,0.04,116.56,0.023,3.84,14276.2,0.672,0.04,116.56,0.023
16,0,19000,19000.0,526960.3524228225,34.273956298828125,0.6315321290378253,3.92,18284.16,0.816,0.05,308.32,0.03,2.48,38351.4,0.818,0.05,308.32,0.03,217636.18347523632,32.33701705932617,0.4847079156706488,2.2,6273.8,0.704,0.03,110.92,0.022,3.67,14825.599999999999,0.675,0.03,110.92,0.022
16,0,19500,19500.0,528480.6250918097,36.525169372558594,0.6327936313061395,4.53,17369.24,0.808,0.06,334.64,0.031,2.79,40122.6,0.825,0.06,334.64,0.031,230474.2279659105,35.123191833496094,0.4953702957002608,2.35,6725.92,0.717,0.03,116.56,0.022,3.42,15711.2,0.684,0.03,116.56,0.022
16,0,20000,20000.0,523123.89279655996,40.375579833984375,0.6329648106333677,4.5,14517.4,0.818,0.06,342.16,0.031,3.11,43369.8,0.836,0.06,342.16,0.031,242193.45981165007,37.05598068237305,0.5109040377649552,2.58,7453.26,0.716,0.03,118.44,0.022,3.57,16933.0,0.692,0.03,118.44,0.022
17,0,-20000,20000.0,556556.9168824092,27.020532608032227,0.6281492330372237,2.89,20431.08,0.854,0.07,473.76,0.032,4.71,53341.0,0.84,0.07,473.76,0.032,63735.082327301716,3.245783805847168,0.30619641715836765,0.49,4060.26,0.561,0.13,495.88000000000005,0.027,1.0,10061.4,0.522,0.02,73.32,0.016
17,0,-19500,19500.0,533363.8794832474,26.312658309936523,0.6214562702839849,5.13,53176.99999999999,0.841,0.07,464.36000000000007,0.032,5.13,53176.99999999999,0.841,0.07,464.36000000000007,0.032,54316.321449315175,3.066113233566284,0.29084881199950385,0.35,3247.59,0.504,0.01,56.4,0.014,0.83,9405.4,0.509,0.01,56.4,0.014
17,0,-19000,19000.0,510207.3416360364,26.465974807739258,0.6146151316306543,1.19,11439.36,0.812,0.08,462.48,0.032,3.42,49027.8,0.831,0.08,462.48,0.032,45120.01117457378,3.0733702182769775,0.2687658755007301,0.29,983.1,0.336,0.01,50.76,0.013,0.6,7429.2,0.451,0.01,50.76,0.013
17,0,-18500,18500.0,492778.32450229157,27.513286590576172,0.6143628809987896,1.31,10674.72,0.804,0.04,398.56,0.031,3.35,44870.4,0.82,0.04,398.56,0.031,38288.746507041695,3.073331594467163,0.25550461083772824,0.29,971.5,0.338,0.01,33.84,0.01,0.38,6043.4,0.42,0.01,33.84,0.01
17,0,-18000,18000.0,476440.34177628584,28.080766677856445,0.6097917423092866,1.33,10605.6,0.802,0.05,381.63999999999993,0.031,3.25,42730.2,0.814,0.05,381.63999999999993,0.031,32678.115881701116,2.902186393737793,0.2380731228749123,0.19,810.03,0.346,0.08,336.49,0.024,0.34,4920.0,0.387,0.01,31.960000000000004,0.01
17,0,-17500,17500.0,463541.7576395032,28.106544494628906,0.6088949089778153,1.47,10609.92,0.804,0.07,353.44,0.03,2.99,41082.0,0.81,0.07,353.44,0.03,28565.165233579726,2.659895658493042,0.2269244105382313,0.2,665.31,0.338,0.0,26.320000000000004,0.01,0.33,3944.1999999999994,0.357,0.0,26.320000000000004,0.01
17,0,-17000,17000.0,448139.7037443763,23.528635025024414,0.6025427924463487,1.89,12310.5,0.77,0.07,347.8,0.03,2.92,40631.0,0.808,0.07,347.8,0.03,25320.13955926791,2.2963082790374756,0.21090744203108303,0.19,631.14,0.333,0.02,189.44,0.043,0.29,3239.0,0.334,0.01,24.44,0.01
17,0,-16500,16500.0,432887.9526998327,25.592681884765625,0.5951050314415787,1.94,12235.1,0.769,0.07,347.8,0.03,3.4,40089.8,0.806,0.07,347.8,0.03,22957.810227884966,1.9139147996902466,0.19870074275594118,0.17,546.72,0.324,0.03,213.12,0.046,0.25,2689.6,0.319,0.01,18.8,0.009
17,0,-16000,16000.0,418142.4359900307,29.131778717041016,0.5868990085235363,2.38,11391.2,0.756,0.07,349.68,0.03,3.08,38056.2,0.796,0.07,349.68,0.03,21555.277310779547,1.5681445598602295,0.18457653513481892,0.31,1068.96,0.31,0.01,16.92,0.009,0.2,2255.0,0.297,0.01,16.92,0.009
17,0,-15500,15500.0,405559.5285116544,31.9566650390625,0.5805708046199197,2.2,10668.0,0.768,0.04,317.72,0.029,2.63,35965.2,0.786,0.04,317.72,0.029,21848.903254040782,1.2557471990585327,0.1808656493007107,0.26,1164.12,0.314,0.0,15.04,0.009,0.16,1910.6,0.278,0.0,15.04,0.009
17,0,-15000,15000.0,398643.58679652534,33.44987869262695,0.5747893028298005,1.54,7090.5,0.765,0.04,312.08,0.029,2.42,34817.2,0.779,0.04,312.08,0.029,24291.09373163767,1.6662992238998413,0.1880093348046111,0.45,1055.6,0.338,0.0,13.160000000000002,0.009,0.13,1648.1999999999998,0.259,0.0,13.160000000000002,0.009
17,0,-14500,14500.0,396399.6445204682,34.172489166259766,0.5738178495553587,2.0,8998.56,0.772,0.04,298.92,0.029,3.12,33800.4,0.773,0.04,298.92,0.029,27908.00581872456,2.6743695735931396,0.20003363555313683,0.44,947.42,0.33,0.0,11.28,0.009,0.1,1435.0,0.239,0.0,11.28,0.009
17,0,-14000,14000.0,398201.36277856014,30.472143173217773,0.569739837468106,1.25,5808.6,0.769,0.04,297.04,0.029,3.79,33644.6,0.773,0.04,297.04,0.029,33024.41204138468,3.3417656421661377,0.2186446107177621,0.32,661.2,0.342,0.0,11.28,0.009,0.08,1410.4,0.227,0.0,11.28,0.009
17,0,-13500,13500.0,406675.8242843015,25.984586715698242,0.5706784989412625,1.62,8326.8,0.76,0.07,293.28,0.029,4.37,33726.6,0.775,0.07,293.28,0.029,38109.47346972138,3.5048418045043945,0.23506547908053158,0.45,842.4,0.35,0.0,13.160000000000002,0.009,0.13,1508.8,0.237,0.0,13.160000000000002,0.009
17,0,-13000,13000.0,419060.856365631,24.80719566345215,0.5698454535323847,2.45,13160.2,0.79,0.07,293.28,0.029,3.73,32668.800000000003,0.77,0.07,293.28,0.029,42955.15945866744,4.337338924407959,0.25136172275982904,0.64,1452.9,0.369,0.0,13.160000000000002,0.009,0.37,2230.4,0.291,0.0,13.160000000000002,0.009
17,0,-12500,12500.0,434154.1428944655,27.832807540893555,0.5687327481609987,2.56,13050.18,0.69,0.07,272.6,0.028,3.56,31898.0,0.767,0.07,272.6,0.028,46383.93816326941,5.298952102661133,0.26058491882104545,0.65,1455.7999999999997,0.369,0.01,18.8,0.01,0.65,2984.8,0.333,0.01,18.8,0.01
17,0,-12000,12000.0,458713.2589717355,30.987478256225586,0.5758921867346062,2.66,14777.1,0.817,0.06,268.84,0.028,3.02,31734.000000000004,0.768,0.06,268.84,0.028,48366.70456518681,5.932787895202637,0.2650668662038838,0.38,915.24,0.373,0.01,20.68,0.01,0.65,3722.8,0.361,0.01,20.68,0.01
17,0,-11500,11500.0,483691.09938369656,33.55555725097656,0.5827330361589494,3.01,15076.8,0.82,0.04,266.96,0.028,2.35,31725.799999999996,0.769,0.04,266.96,0.028,49445.537300477445,6.260725975036621,0.2660732087663312,0.48,1063.29,0.378,0.01,26.320000000000004,0.01,0.63,4485.4,0.387,0.01,26.320000000000004,0.01
17,0,-11000,11000.0,510342.9328537023,41.143402099609375,0.5936094464911086,3.98,15897.6,0.829,0.05,272.6,0.029,3.74,34472.8,0.784,0.05,272.6,0.029,49608.58212476096,6.248366355895996,0.26251510720644516,0.82,2072.64,0.364,0.01,28.2,0.01,0.72,4772.4,0.396,0.01,28.2,0.01
17,0,-10500,10500.0,523355.757310422,46.60503005981445,0.5915352987066249,4.14,15044.42,0.833,0.07,310.2,0.029,5.47,37400.2,0.799,0.07,310.2,0.029,49735.345500556825,6.164196014404297,0.258030148327239,0.48,1101.6,0.376,0.01,28.2,0.01,1.0,5018.4,0.405,0.01,28.2,0.01
17,0,-10000,10000.0,528419.1396683421,50.9986686706543,0.5900892396871513,4.46,16449.26,0.832,0.07,323.36,0.03,6.47,41475.6,0.815,0.07,323.36,0.03,50545.37272247014,5.94420862197876,0.25384894480691744,0.74,1903.44,0.435,0.01,28.2,0.01,1.06,4805.2,0.403,0.01,28.2,0.01
17,0,-9500,9500.0,523706.87533085025,50.09491729736328,0.5820389834550195,2.44,8327.2,0.836,0.08,377.87999999999994,0.031,7.05,45485.4,0.83,0.08,377.87999999999994,0.031,52861.692216100535,5.806133270263672,0.25442336071239885,0.65,1804.56,0.43,0.01,26.320000000000004,0.01,1.06,4592.0,0.402,0.01,26.320000000000004,0.01
17,0,-9000,9000.0,507708.0239563295,41.942665100097656,0.5736969079544171,2.34,8281.0,0.834,0.09,392.92,0.031,7.73,47748.6,0.836,0.09,392.92,0.031,57016.04533683956,5.832858085632324,0.258597103849037,0.55,2131.5,0.393,0.01,26.320000000000004,0.01,0.92,4354.2,0.398,0.01,26.320000000000004,0.01
17,0,-8500,8500.0,486643.77343046095,43.1142578125,0.5635376070874599,3.91,18895.35,0.849,0.13,417.36000000000007,0.032,8.73,49733.0,0.841,0.13,417.36000000000007,0.032,62322.86757027399,6.087197780609131,0.2660934896232533,0.55,2160.5,0.394,0.01,24.44,0.01,0.75,4165.6,0.396,0.01,24.44,0.01
17,0,-8000,8000.0,467461.95913792035,49.721492767333984,0.5602663714402443,2.07,9627.42,0.819,0.14,424.87999999999994,0.032,7.14,49241.0,0.838,0.14,424.87999999999994,0.032,68467.11990614643,6.663495063781738,0.27383198498250694,0.67,2331.5999999999995,0.398,0.01,22.56,0.01,0.65,4329.6,0.392,0.01,22.56,0.01
17,0,-7500,7500.0,447086.92158734275,53.97892761230469,0.5562404565331032,2.43,11127.36,0.821,0.12,423.0,0.032,6.82,48470.2,0.835,0.12,423.0,0.032,75343.41340402597,7.629627227783203,0.2826317281176045,0.68,2346.1,0.398,0.01,26.320000000000004,0.01,0.66,4608.4,0.395,0.01,26.320000000000004,0.01
17,0,-7000,7000.0,425620.96153008007,54.663211822509766,0.546663530895747,4.7,22488.96,0.818,0.11,421.12000000000006,0.032,7.66,46920.4,0.828,0.11,421.12000000000006,0.032,83585.78938262355,9.442940711975098,0.2988998527523476,0.83,2946.4,0.446,0.01,26.320000000000004,0.01,0.74,5469.4,0.408,0.01,26.320000000000004,0.01
17,0,-6500,6500.0,406992.23190635006,51.5777473449707,0.5385421899839106,2.41,9936.0,0.787,0.09,394.8,0.031,8.24,45034.4,0.822,0.09,394.8,0.031,90587.66003537795,10.950811386108398,0.31102929110533345,0.84,3001.5,0.45,0.01,33.84,0.01,0.82,6412.4,0.424,0.01,33.84,0.01
17,0,-6000,6000.0,390502.3075354862,52.29019546508789,0.5283035411092405,3.31,12325.0,0.764,0.09,391.04,0.031,7.96,41164.0,0.807,0.09,391.04,0.031,95833.69195806059,11.46519947052002,0.32458981239206935,0.53,1994.0400000000002,0.475,0.01,35.72,0.01,0.92,7002.799999999999,0.431,0.01,35.72,0.01
17,0,-5500,5500.0,383063.10392255045,52.63053894042969,0.5277900848203161,3.33,12356.9,0.765,0.08,340.28,0.03,7.25,37146.0,0.789,0.08,340.28,0.03,98683.76290255098,11.184741973876953,0.33323563956329655,0.71,2687.04,0.497,0.01,39.48,0.011,1.04,7576.8,0.439,0.01,39.48,0.011
17,0,-5000,5000.0,385143.39906760654,52.65853500366211,0.5326304741711896,2.21,8245.02,0.762,0.08,325.24,0.029,6.15,33652.8,0.768,0.08,325.24,0.029,97509.32502023166,9.712967872619629,0.3324043728076799,0.69,2700.0,0.498,0.01,41.36,0.011,1.36,9020.0,0.478,0.01,41.36,0.011
17,0,-4500,4500.0,395182.16256446374,50.16358184814453,0.545905856739401,2.23,8381.7,0.762,0.08,280.12,0.028,5.72,30758.2,0.748,0.08,280.12,0.028,93587.32305170206,7.924488544464111,0.32350772099855735,0.91,4180.77,0.541,0.15,1062.6,0.031,1.69,10364.8,0.511,0.02,65.8,0.015
17,0,-4000,4000.0,406785.4610694492,43.47298049926758,0.5560477188024047,4.36,16972.8,0.758,0.08,266.96,0.028,5.76,30930.4,0.748,0.08,266.96,0.028,87664.96201317923,5.838119029998779,0.3063060603800801,0.92,4233.3,0.543,0.18,1151.15,0.032,1.67,10528.8,0.511,0.02,73.32,0.016
17,0,-3500,3500.0,421075.8848851156,41.17048645019531,0.5684268418431864,7.91,37958.94,0.747,0.08,272.6,0.028,5.78,31438.800000000003,0.751,0.08,272.6,0.028,84446.68474496558,3.950011730194092,0.2948769130551561,0.75,3643.1099999999997,0.505,0.27,1469.93,0.037,1.62,10512.4,0.509,0.03,75.2,0.016
17,0,-3000,3000.0,429058.49312936515,34.383243560791016,0.579145879442682,2.47,13757.6,0.784,0.07,274.48,0.028,5.04,32029.200000000004,0.754,0.07,274.48,0.028,85877.45142544163,4.011538982391357,0.2927529447221764,0.41,1766.88,0.396,0.03,77.08,0.016,1.2,8921.6,0.467,0.03,77.08,0.016
17,0,-2500,2500.0,432642.1494192113,28.39310073852539,0.5865414971257685,2.49,13809.8,0.784,0.06,283.88,0.028,4.76,32750.799999999996,0.759,0.06,283.88,0.028,93415.86370630321,4.29911994934082,0.3066646960962745,0.42,1512.0,0.382,0.04,157.96,0.021,0.79,7470.199999999999,0.426,0.03,52.64000000000001,0.012
17,0,-2000,2000.0,429072.7582685122,30.520793914794922,0.5924140580707503,2.14,12681.7,0.769,0.05,287.64,0.028,3.81,33415.0,0.762,0.05,287.64,0.028,107671.59014797889,6.526308536529541,0.33117039782039726,0.78,3242.2,0.474,0.01,43.24,0.011,0.7,6683.0,0.411,0.01,43.24,0.011
17,0,-1500,1500.0,420215.580845754,31.503192901611328,0.59455415370453,1.57,9551.52,0.786,0.04,295.16,0.029,3.01,34153.0,0.766,0.04,295.16,0.029,124479.36485636965,8.58649730682373,0.35932586210582,2.5,18529.32,0.621,0.01,37.6,0.01,0.75,6133.6,0.399,0.01,37.6,0.01
17,0,-1000,1000.0,402419.7689040629,31.6168270111084,0.5851952131902216,1.5,9304.29,0.781,0.04,298.92,0.029,2.63,35891.4,0.774,0.04,298.92,0.029,142479.66210856522,10.692158699035645,0.383372504288466,0.48,2242.86,0.506,0.01,35.72,0.01,0.71,7060.199999999999,0.417,0.01,35.72,0.01
17,0,-500,500.0,382200.6152317119,31.5482234954834,0.5723031793383015,1.36,8852.04,0.772,0.05,323.36,0.029,2.87,37629.8,0.782,0.05,323.36,0.029,161824.08684901,14.04912281036377,0.406525965347103,0.76,4498.34,0.587,0.01,41.36,0.01,0.86,8765.8,0.464,0.01,41.36,0.01
17,0,0,0.0,360327.1325179965,29.449644088745117,0.5549689420955456,0.93,5948.6,0.764,0.05,332.76,0.03,2.74,37039.4,0.778,0.05,332.76,0.03,182594.05363197194,16.813461303710938,0.43592813510814343,1.24,6585.9,0.652,0.04,154.37,0.021,0.83,11471.8,0.531,0.03,48.88,0.012
17,0,500,500.0,344161.1835969882,28.59475326538086,0.5417164680850348,1.44,7356.960000000001,0.723,0.05,317.72,0.029,2.92,36203.0,0.776,0.05,317.72,0.029,201700.4820085843,18.730806350708008,0.46006749195640567,1.29,6736.7,0.657,0.02,84.6,0.017,1.54,14202.4,0.585,0.02,84.6,0.017
17,0,1000,1000.0,335609.62529388716,28.81558609008789,0.5317625158836372,1.38,7145.28,0.716,0.05,313.96,0.029,2.78,32349.000000000004,0.755,0.05,313.96,0.029,216141.7298853854,18.909103393554688,0.48571233671096004,0.74,4148.16,0.664,0.02,94.0,0.018,1.9,15276.6,0.603,0.02,94.0,0.018
17,0,1500,1500.0,338444.3254285685,29.017805099487305,0.5348385539345344,1.78,9538.1,0.71,0.05,250.04,0.027,2.74,28888.599999999995,0.734,0.05,250.04,0.027,224054.92350934594,18.47263526916504,0.5028055607469976,0.94,4789.83,0.667,0.03,114.68,0.02,2.09,16080.2,0.618,0.03,114.68,0.02
17,0,2000,2000.0,349209.2723698948,29.016611099243164,0.5407648977148581,1.18,6124.47,0.696,0.06,233.12,0.026,2.64,27174.8,0.722,0.06,233.12,0.026,221824.8754700941,18.64478874206543,0.5113489998595756,0.97,5471.28,0.679,0.04,120.32,0.021,2.16,18351.6,0.652,0.04,120.32,0.021
17,0,2500,2500.0,363666.27437742637,28.757740020751953,0.5504331840546289,1.27,6737.520000000001,0.717,0.05,210.56000000000003,0.025,2.54,25887.4,0.712,0.05,210.56000000000003,0.025,210811.11763966634,17.76384162902832,0.5064178200581819,1.13,5875.2,0.696,0.21,1593.9,0.042,2.15,20426.2,0.68,0.04,156.04,0.024
17,0,3000,3000.0,377980.75837413955,27.93674087524414,0.5635728684902257,1.21,6844.049999999999,0.719,0.05,206.80000000000004,0.025,2.76,27445.4,0.723,0.05,206.80000000000004,0.025,190674.7951234884,16.405630111694336,0.4908015552117413,1.04,5555.52,0.682,0.18,1062.6,0.031,2.44,21721.8,0.694,0.04,167.32,0.024
17,0,3500,3500.0,386038.3112602657,26.578691482543945,0.5717302276895719,1.28,8223.12,0.742,0.05,233.12,0.027,2.96,29175.6,0.735,0.05,233.12,0.027,166734.44546689859,13.981667518615723,0.46552747849759996,1.24,8296.65,0.709,0.13,920.92,0.03,2.66,22976.4,0.709,0.04,178.6,0.025
17,0,4000,4000.0,385577.0599025584,24.347726821899414,0.5773700051714359,1.28,8557.92,0.749,0.05,240.64,0.027,3.03,30668.0,0.743,0.05,240.64,0.027,137907.98212322846,10.802762031555176,0.4188125914040332,1.13,7434.54,0.686,0.16,938.63,0.03,2.32,20877.2,0.688,0.05,182.36,0.025
17,0,4500,4500.0,378161.6333770439,24.102537155151367,0.5783152444189443,1.44,9594.72,0.773,0.04,257.56,0.027,3.07,32332.6,0.752,0.04,257.56,0.027,114106.73324709127,7.92835807800293,0.37734475992802774,0.95,6383.94,0.653,0.19,1027.1799999999998,0.031,2.15,18614.0,0.662,0.04,146.64,0.023
17,0,5000,5000.0,360725.3526269015,24.173744201660156,0.5701817304383202,1.39,9283.68,0.767,0.04,263.2,0.027,3.35,34874.6,0.765,0.04,263.2,0.027,96089.86204704602,5.3999342918396,0.3322275392509031,0.74,5268.45,0.612,0.2,1434.51,0.038,1.76,15801.4,0.626,0.03,137.24,0.022
17,0,5500,5500.0,337333.17081745225,24.30709457397461,0.5536164764650999,1.67,13864.83,0.788,0.05,297.04,0.028,3.87,37195.2,0.777,0.05,297.04,0.028,85910.23165369267,4.059940814971924,0.3049161474287901,0.58,4180.77,0.554,0.03,97.76,0.019,1.3,13087.2,0.585,0.03,97.76,0.019
17,0,6000,6000.0,310974.05929029116,24.385026931762695,0.5368787468741787,0.99,6783.75,0.72,0.05,306.44,0.029,3.45,35276.4,0.769,0.05,306.44,0.029,82857.78472629332,5.363448143005371,0.2890460047665464,1.23,5297.28,0.553,0.03,88.36,0.018,0.82,10094.2,0.52,0.03,88.36,0.018
17,0,6500,6500.0,289134.7147089812,24.274702072143555,0.5251508080968101,1.31,8427.4,0.693,0.05,274.48,0.028,2.92,32931.2,0.757,0.05,274.48,0.028,88265.53791766652,7.058221340179443,0.2976531136113984,1.69,6073.36,0.585,0.01,45.12,0.012,0.68,7371.8,0.442,0.01,45.12,0.012
17,0,7000,7000.0,270724.876207647,24.140684127807617,0.5135287243358011,1.56,7627.0,0.673,0.05,268.84,0.028,2.21,28847.6,0.732,0.05,268.84,0.028,101582.78028089284,10.693498611450195,0.3256666228587258,1.37,4654.5,0.568,0.01,35.72,0.01,0.51,6461.6,0.419,0.01,35.72,0.01
17,0,7500,7500.0,255658.51260383028,23.581998825073242,0.5077819108942169,1.58,7569.0,0.671,0.04,216.19999999999996,0.026,2.06,24706.6,0.701,0.04,216.19999999999996,0.026,116856.61948004548,14.854969024658203,0.356709198504867,1.45,4782.1,0.575,0.01,31.960000000000004,0.01,0.43,5781.0,0.402,0.01,31.960000000000004,0.01
17,0,8000,8000.0,242140.71315896657,22.816442489624023,0.4960311811919034,1.68,6133.5,0.619,0.04,199.28,0.025,1.96,23197.8,0.688,0.04,199.28,0.025,132083.57415862815,18.093576431274414,0.38449055058786036,1.23,4590.7,0.56,0.01,31.960000000000004,0.01,0.51,6625.6,0.416,0.01,31.960000000000004,0.01
17,0,8500,8500.0,228896.72017419583,22.636247634887695,0.4828074885506543,1.69,6032.0,0.615,0.04,188.0,0.025,1.82,21935.0,0.68,0.04,188.0,0.025,142764.1040479609,19.179126739501953,0.4016641210892582,0.93,3232.0799999999995,0.565,0.01,39.48,0.01,0.66,7658.8,0.434,0.01,39.48,0.01
17,0,9000,9000.0,217571.2405801671,22.254796981811523,0.46844868276680895,1.15,4862.19,0.655,0.04,184.24,0.024,1.85,21262.6,0.675,0.04,184.24,0.024,147147.12647915952,17.04583168029785,0.4029172487302218,0.91,3213.99,0.563,0.01,45.12,0.011,1.27,10364.8,0.508,0.01,45.12,0.011
17,0,9500,9500.0,211385.58784429816,21.46164894104004,0.4610697302776845,1.19,4134.57,0.616,0.04,172.96,0.024,1.9,20869.0,0.675,0.04,172.96,0.024,147835.25777591477,13.95194149017334,0.39402666318170976,1.09,3734.64,0.579,0.03,84.6,0.017,2.12,12956.0,0.564,0.03,84.6,0.017
17,0,10000,10000.0,209572.0363311854,20.038448333740234,0.459532121041893,1.16,4112.46,0.614,0.04,169.2,0.024,1.92,18868.2,0.653,0.04,169.2,0.024,150282.17194392654,11.913907051086426,0.38990207875333993,1.38,5914.26,0.624,0.03,95.88,0.018,2.43,13931.799999999997,0.582,0.03,95.88,0.018
17,0,10500,10500.0,212138.72548521668,18.386831283569336,0.46598788499307386,1.06,4112.46,0.616,0.05,139.12,0.022,1.94,16974.0,0.629,0.05,139.12,0.022,156412.32956908824,12.270674705505371,0.3913288406700671,1.22,4848.8,0.567,0.04,105.28000000000002,0.019,2.64,14710.800000000001,0.596,0.04,105.28000000000002,0.019
17,0,11000,11000.0,217046.3188711566,16.51706886291504,0.47439860370110054,0.95,4237.08,0.624,0.05,131.6,0.021,1.89,16350.800000000001,0.617,0.05,131.6,0.021,169048.08503761134,12.432090759277344,0.40307930254461044,0.75,2827.5,0.56,0.05,107.15999999999998,0.019,1.73,12816.6,0.563,0.05,107.15999999999998,0.019
17,0,11500,11500.0,221418.2130140708,18.19951820373535,0.48256774156595766,0.98,5989.32,0.654,0.04,125.96000000000001,0.021,1.85,15973.6,0.611,0.04,125.96000000000001,0.021,187659.60240086573,12.304308891296387,0.4248261546194472,0.93,3316.5,0.566,0.02,78.96,0.016,1.81,10947.0,0.525,0.02,78.96,0.016
17,0,12000,12000.0,224665.76754829008,18.732223510742188,0.48608411507220645,0.69,4083.78,0.656,0.04,125.96000000000001,0.021,1.72,17293.8,0.631,0.04,125.96000000000001,0.021,210339.41346084754,14.476455688476562,0.4467992351576542,0.97,3728.1600000000003,0.576,0.02,71.44,0.015,1.8,11906.4,0.545,0.02,71.44,0.015
17,0,12500,12500.0,226971.63091677218,17.98626136779785,0.4868118381397206,0.93,5220.72,0.665,0.03,146.64,0.023,1.59,18778.0,0.652,0.03,146.64,0.023,231588.0874860892,19.395082473754883,0.46376364209015103,1.89,9590.64,0.654,0.04,94.0,0.018,1.76,12980.6,0.565,0.04,94.0,0.018
17,0,13000,13000.0,228672.47904607354,15.890423774719238,0.48253875129962404,0.9,5112.72,0.66,0.03,152.28,0.023,1.69,19516.0,0.663,0.03,152.28,0.023,251108.29801283998,23.732038497924805,0.4796508900159517,1.91,8259.2,0.675,0.05,99.64,0.019,1.65,15489.8,0.603,0.05,99.64,0.019
17,0,13500,13500.0,232064.87271764048,13.221090316772461,0.48007987748491904,0.81,4825.44,0.65,0.03,157.92,0.023,1.9,20163.8,0.673,0.03,157.92,0.023,265186.074958896,26.427936553955078,0.48623078669719366,1.99,8343.3,0.678,0.04,137.24,0.022,1.54,18105.6,0.637,0.04,137.24,0.022
17,0,14000,14000.0,237804.75512869144,11.917947769165039,0.4818280277976366,0.7,4797.36,0.648,0.04,161.68,0.024,1.79,19491.4,0.667,0.04,161.68,0.024,276113.42744594964,30.184188842773438,0.4924445030319751,2.41,9129.2,0.699,0.04,148.52,0.023,1.7,20024.4,0.654,0.04,148.52,0.023
17,0,14500,14500.0,247959.4207643345,11.668756484985352,0.4899564253745241,1.33,11167.72,0.713,0.03,150.4,0.023,1.65,18761.6,0.66,0.03,150.4,0.023,285502.33048401336,33.42842102050781,0.4972911653809938,2.26,8046.72,0.697,0.05,169.2,0.023,2.44,21885.8,0.671,0.05,169.2,0.023
17,0,15000,15000.0,260917.06713663854,16.757946014404297,0.5074505490865387,1.48,8685.9,0.717,0.04,148.52,0.023,1.19,18507.4,0.656,0.04,148.52,0.023,294716.1612922738,34.869747161865234,0.5029124214838793,1.55,5540.16,0.702,0.06,176.72,0.024,2.81,23132.2,0.681,0.06,176.72,0.024
17,0,15500,15500.0,272063.5018907236,21.321165084838867,0.5238507667776875,1.54,8239.759999999998,0.723,0.03,144.76,0.023,0.95,18515.6,0.655,0.03,144.76,0.023,302250.9140939638,35.31315231323242,0.5061631683295789,2.02,6823.44,0.704,0.05,193.64,0.024,3.63,24247.4,0.692,0.05,193.64,0.024
17,0,16000,16000.0,277703.63708529284,23.19887351989746,0.5366703133467344,1.06,5658.480000000001,0.728,0.03,144.76,0.023,1.22,19975.2,0.669,0.03,144.76,0.023,309653.8804228453,33.186859130859375,0.5110236234372223,1.88,6745.68,0.7,0.06,201.16,0.025,4.37,25001.8,0.698,0.06,201.16,0.025
17,0,16500,16500.0,275313.78103016753,23.377479553222656,0.5405552455914956,1.45,7069.679999999999,0.73,0.03,169.2,0.024,1.67,21402.0,0.682,0.03,169.2,0.024,316916.11615254276,30.77456283569336,0.5149733428621573,2.67,13054.52,0.716,0.07,212.43999999999997,0.025,4.98,25485.6,0.703,0.07,212.43999999999997,0.025
17,0,17000,17000.0,262411.0378801577,20.210880279541016,0.5301917326986574,1.38,6931.4400000000005,0.726,0.02,174.84,0.024,2.46,24058.8,0.706,0.02,174.84,0.024,321919.6402848058,26.939613342285156,0.5196774883407457,3.27,11272.3,0.74,0.07,216.19999999999996,0.025,4.32,24993.6,0.697,0.07,216.19999999999996,0.025
17,0,17500,17500.0,244790.83962549007,15.979506492614746,0.5103280014382341,1.68,10042.5,0.743,0.05,214.31999999999996,0.026,3.54,26584.4,0.73,0.05,214.31999999999996,0.026,328493.03905879793,23.21966552734375,0.5267090225672438,3.44,11376.7,0.742,0.06,210.56000000000003,0.025,3.7,24583.6,0.692,0.06,210.56000000000003,0.025
17,0,18000,18000.0,225337.82590388277,15.173937797546387,0.487694467062313,1.48,9696.42,0.737,0.05,225.6,0.027,3.22,25797.2,0.724,0.05,225.6,0.027,336709.7891559024,20.524147033691406,0.5386086095414018,1.9,6671.160000000001,0.738,0.06,208.68000000000004,0.025,2.95,24772.2,0.691,0.06,208.68000000000004,0.025
17,0,18500,18500.0,211201.41020653496,15.531401634216309,0.47212175982906784,2.77,24755.8,0.717,0.05,208.68000000000004,0.026,2.77,24755.8,0.717,0.05,208.68000000000004,0.026,337654.4736515365,22.120576858520508,0.5426729712567945,2.42,7802.82,0.744,0.06,216.19999999999996,0.026,2.2,25083.8,0.692,0.06,216.19999999999996,0.026
17,0,19000,19000.0,202211.1977881238,15.81599235534668,0.4607306216536289,0.66,5779.7,0.622,0.04,204.92000000000002,0.026,1.51,20926.4,0.682,0.04,204.92000000000002,0.026,331547.58746200794,20.54255485534668,0.5377080951868185,2.11,7609.86,0.738,0.06,216.19999999999996,0.026,2.15,26814.000000000004,0.702,0.06,216.19999999999996,0.026
17,0,19500,19500.0,199644.01253727835,15.999232292175293,0.4614645679517539,0.66,5802.9,0.623,0.02,146.64,0.023,1.2,17302.0,0.641,0.02,146.64,0.023,321901.450125286,19.164047241210938,0.5278985219980349,1.09,5058.2,0.726,0.08,255.68000000000004,0.028,2.72,28470.4,0.715,0.08,255.68000000000004,0.028
17,0,20000,20000.0,201808.40297916962,16.000362396240234,0.4656550853620257,0.65,6177.0,0.636,0.02,129.72,0.022,1.21,16629.600000000002,0.633,0.02,129.72,0.022,310935.9647191352,21.421707153320312,0.5137786917187751,1.24,5054.7,0.676,0.11,265.08,0.028,2.8,28757.4,0.717,0.11,265.08,0.028
18,0,-20000,20000.0,50565.082704645465,17.055034637451172,0.34290838399153717,1.86,1696.5,0.478,0.02,20.68,0.011,1.89,4059.0,0.525,0.02,20.68,0.011,9562.298565116362,2.3714213371276855,0.2636054157971439,0.28,536.5,0.433,0.0,3.76,0.01,0.14,451.00000000000006,0.335,0.0,3.76,0.01
18,0,-19500,19500.0,52047.814486209245,17.91860580444336,0.3460285767929206,1.87,1696.5,0.478,0.03,20.68,0.011,1.99,4165.6,0.53,0.03,20.68,0.011,10319.148561678776,2.7682173252105713,0.28410691184343884,0.29,545.2,0.433,0.0,3.76,0.01,0.12,434.6,0.329,0.0,3.76,0.01
18,0,-19000,19000.0,53005.4056595116,18.524250030517578,0.34716704658577624,1.28,1123.59,0.478,0.03,22.56,0.011,2.12,4280.4,0.532,0.03,22.56,0.011,10635.581662595905,2.8268628120422363,0.2824302036071656,0.15,294.06,0.426,0.0,3.76,0.01,0.19,713.4,0.381,0.0,3.76,0.01
18,0,-18500,18500.0,53820.195502255956,18.990129470825195,0.3474910170969193,1.31,1139.67,0.48,0.03,22.56,0.011,2.25,4403.4,0.534,0.03,22.56,0.011,10680.535428410803,2.758352518081665,0.2708520537552693,0.18,353.76,0.433,0.0,5.64,0.011,0.29,1000.4,0.416,0.0,5.64,0.011
18,0,-18000,18000.0,54333.95999172935,19.088844299316406,0.34618939863064974,1.29,1129.62,0.479,0.03,22.56,0.011,2.41,4575.6,0.535,0.03,22.56,0.011,10797.019214763714,2.658940553665161,0.24542936836370766,0.36,709.92,0.423,0.01,5.64,0.011,0.31,1074.2,0.416,0.01,5.64,0.011
18,0,-17500,17500.0,54887.55078395261,18.995832443237305,0.3447323037217512,1.25,1113.54,0.478,0.03,22.56,0.011,2.59,4780.6,0.536,0.03,22.56,0.011,11508.934489631793,2.7870800495147705,0.22888404235066223,0.39,740.48,0.436,0.01,7.52,0.011,0.31,1082.4,0.41,0.01,7.52,0.011
18,0,-17000,17000.0,55733.050406536495,18.764312744140625,0.3442409049398245,1.24,1115.55,0.476,0.03,24.44,0.011,2.64,4895.4,0.536,0.03,24.44,0.011,13702.841515114415,3.2395761013031006,0.24115985335251053,0.62,727.8999999999999,0.464,0.01,7.52,0.011,0.21,762.6,0.365,0.01,7.52,0.011
18,0,-16500,16500.0,56693.32863815798,18.585346221923828,0.3432746150817468,1.23,1131.63,0.475,0.03,24.44,0.011,2.73,5059.4,0.536,0.03,24.44,0.011,16810.88029909297,4.129480838775635,0.2612923745671062,0.9,1231.76,0.461,0.0,5.64,0.011,0.12,459.20000000000005,0.299,0.0,5.64,0.011
18,0,-16000,16000.0,57718.111188746116,17.993364334106445,0.34025920943242294,1.22,1137.66,0.472,0.03,24.44,0.011,2.74,5182.4,0.537,0.03,24.44,0.011,21865.31570997031,5.98922872543335,0.3082473437491272,1.29,1229.6,0.482,0.0,3.76,0.01,0.12,434.6,0.301,0.0,3.76,0.01
18,0,-15500,15500.0,59511.064512117446,17.776107788085938,0.3406745023494957,1.2,1161.78,0.469,0.03,24.44,0.011,2.74,5305.4,0.537,0.03,24.44,0.011,26136.648581249756,7.765930652618408,0.3441784180179019,1.33,1264.4,0.483,0.0,3.76,0.01,0.13,524.8,0.34,0.0,3.76,0.01
18,0,-15000,15000.0,62074.30575170583,18.082866668701172,0.3432395585928699,1.2,1177.86,0.467,0.03,24.44,0.011,2.66,5379.2,0.535,0.03,24.44,0.011,28027.948765590554,8.175239562988281,0.35722790449768205,0.76,786.4799999999999,0.483,0.0,3.76,0.01,0.39,1336.6,0.459,0.0,3.76,0.01
18,0,-14500,14500.0,64805.66013415373,18.135759353637695,0.3461814023520657,1.2,1224.09,0.466,0.03,26.320000000000004,0.011,2.55,5428.4,0.533,0.03,26.320000000000004,0.011,28460.8569698059,7.654729843139648,0.3570440297502301,0.95,906.51,0.486,0.01,9.4,0.011,0.74,2132.0,0.505,0.01,9.4,0.011
18,0,-14000,14000.0,68327.83119588348,18.61989974975586,0.3532044910112976,1.85,2169.2,0.498,0.03,26.320000000000004,0.011,2.51,5592.4,0.531,0.03,26.320000000000004,0.011,27911.09446645314,7.4580488204956055,0.3695919547516612,1.7,1807.44,0.479,0.01,11.28,0.012,1.14,3034.0,0.528,0.01,11.28,0.012
18,0,-13500,13500.0,71886.31438617886,19.298818588256836,0.3606966783453926,1.86,2198.2,0.502,0.03,28.2,0.011,2.46,5756.4,0.531,0.03,28.2,0.011,25376.55572874428,7.236338138580322,0.36563740244305265,2.27,3864.64,0.461,0.07,141.68,0.031,1.46,3763.8,0.539,0.02,18.8,0.012
18,0,-13000,13000.0,75618.56131974273,20.291486740112305,0.3716422999404991,2.0,2592.6,0.542,0.03,28.2,0.011,2.52,6027.0,0.533,0.03,28.2,0.011,20774.79322402578,5.954392433166504,0.3488019070452435,0.45,459.36,0.455,0.04,106.26,0.029,1.12,3034.0,0.522,0.02,20.68,0.012
18,0,-12500,12500.0,78324.69782001717,20.631256103515625,0.37881027390727723,2.01,2624.5,0.545,0.03,30.08,0.011,2.6,6379.6,0.54,0.03,30.08,0.011,17214.06911227241,4.707202434539795,0.34563484456453275,0.4,397.6,0.461,0.03,88.55,0.027,0.76,2361.6,0.5,0.01,13.160000000000002,0.011
18,0,-12000,12000.0,80331.86269455473,20.429950714111328,0.386159390834426,1.38,1672.32,0.526,0.03,31.960000000000004,0.012,2.73,6928.999999999999,0.56,0.03,31.960000000000004,0.012,14132.769749015279,3.4076828956604004,0.3279539302216281,0.34,352.8,0.454,0.02,70.84,0.026,0.85,2378.0,0.499,0.01,11.28,0.011
18,0,-11500,11500.0,80986.02988743223,19.532499313354492,0.38852397772358843,1.43,1861.26,0.553,0.03,41.36,0.014,2.8,7371.8,0.576,0.03,41.36,0.014,11059.480287367478,2.077841281890869,0.2992368881739227,0.43,744.69,0.516,0.02,70.84,0.024,0.94,2402.6,0.5,0.02,13.160000000000002,0.011
18,0,-11000,11000.0,79999.91848332138,17.680479049682617,0.38689422192571277,1.4,1883.3699999999997,0.556,0.03,43.24,0.015,2.76,7576.8,0.582,0.03,43.24,0.015,8171.182818736997,1.1902146339416504,0.2571659754993666,0.22,494.4,0.485,0.02,70.84,0.024,0.56,1754.8,0.473,0.02,13.160000000000002,0.011
18,0,-10500,10500.0,77984.02406068199,15.473836898803711,0.3818449531158006,1.3,1895.43,0.557,0.03,48.88,0.016,2.63,7585.0,0.582,0.03,48.88,0.016,6611.026257791673,0.8721820116043091,0.23744245911162162,0.13,376.98,0.454,0.04,70.84,0.025,0.29,1172.6,0.434,0.01,7.52,0.011
18,0,-10000,10000.0,74762.3415938986,13.591506958007812,0.3743193709631311,1.2,1833.1199999999997,0.548,0.03,50.76,0.016,2.36,7314.4,0.573,0.03,50.76,0.016,6031.197123070888,0.6165485978126526,0.21360398894976046,0.26,931.74,0.362,0.0,21.770000000000003,0.042,0.18,852.8,0.394,0.01,5.64,0.011
18,0,-9500,9500.0,71425.86631663435,12.72761058807373,0.3667764487713475,0.98,1666.2899999999997,0.521,0.03,47.0,0.015,2.09,6986.4,0.561,0.03,47.0,0.015,6133.493494728464,0.6443368792533875,0.20580080060028288,0.15,251.68,0.228,0.0,3.76,0.01,0.12,557.6,0.336,0.0,3.76,0.01
18,0,-9000,9000.0,68325.83415391127,12.120743751525879,0.360876491763415,0.92,1622.07,0.514,0.03,47.0,0.015,1.77,6576.4,0.546,0.03,47.0,0.015,7104.429335794703,1.0797373056411743,0.21312708420676332,0.17,268.84,0.231,0.0,3.76,0.01,0.08,459.20000000000005,0.3,0.0,3.76,0.01
18,0,-8500,8500.0,65619.72316599786,11.826305389404297,0.35616999683905753,0.79,1527.6,0.498,0.02,39.48,0.014,1.55,6297.6,0.536,0.02,39.48,0.014,8534.687117816065,1.7519770860671997,0.2281542064451252,0.27,323.17999999999995,0.245,0.0,3.76,0.01,0.05,401.8,0.273,0.0,3.76,0.01
18,0,-8000,8000.0,63163.57545929641,11.658170700073242,0.34922627248686255,0.77,1481.37,0.491,0.02,35.72,0.013,1.39,6084.4,0.528,0.02,35.72,0.013,10569.464722374687,2.676007032394409,0.24658881580626513,0.31,440.1,0.398,0.0,3.76,0.01,0.08,442.80000000000007,0.279,0.0,3.76,0.01
18,0,-7500,7500.0,61492.47494327137,11.768250465393066,0.3446930057663314,0.72,1372.83,0.475,0.02,33.84,0.012,1.26,5928.6,0.525,0.02,33.84,0.012,13066.54698397906,3.7847330570220947,0.26686050223363383,0.37,431.8,0.415,0.0,3.76,0.01,0.15,574.0,0.312,0.0,3.76,0.01
18,0,-7000,7000.0,60241.74667723419,12.051957130432129,0.3371341787880977,0.7,1304.49,0.463,0.02,31.960000000000004,0.012,1.22,5748.2,0.524,0.02,31.960000000000004,0.012,15967.354829603573,4.689507007598877,0.28033140061646394,0.46,482.6,0.426,0.0,3.76,0.01,0.29,902.0000000000001,0.369,0.0,3.76,0.01
18,0,-6500,6500.0,60160.0248575749,12.49474048614502,0.33388241075992425,0.67,1224.09,0.46,0.02,28.2,0.011,1.2,5576.0,0.523,0.02,28.2,0.011,18558.304455218604,6.197774410247803,0.284901725955612,0.45,406.08,0.441,0.01,5.64,0.011,0.45,1246.4,0.408,0.01,5.64,0.011
18,0,-6000,6000.0,61388.84642456687,13.169829368591309,0.33237007046133527,1.04,1815.4,0.455,0.02,28.2,0.011,1.22,5420.2,0.522,0.02,28.2,0.011,21077.20038954285,7.605875492095947,0.2882160523441985,0.74,684.4,0.444,0.01,7.52,0.011,0.65,1467.8,0.433,0.01,7.52,0.011
18,0,-5500,5500.0,63668.32489260196,13.960338592529297,0.3350823176225645,1.05,1824.1,0.455,0.02,26.320000000000004,0.011,1.27,5330.0,0.522,0.02,26.320000000000004,0.011,23373.572035328834,8.454550743103027,0.288192733035042,0.62,488.15999999999997,0.455,0.01,9.4,0.011,0.83,1656.4,0.455,0.01,9.4,0.011
18,0,-5000,5000.0,66956.20948239302,14.775790214538574,0.3397100600368738,1.34,2302.6,0.501,0.02,26.320000000000004,0.011,1.35,5362.8,0.52,0.02,26.320000000000004,0.011,26229.264680139022,8.898606300354004,0.2991747366464402,0.96,1017.8999999999999,0.457,0.01,9.4,0.011,1.02,1877.8,0.473,0.01,9.4,0.011
18,0,-4500,4500.0,70906.21129954961,15.600177764892578,0.3473529400279486,1.75,3901.7600000000007,0.573,0.02,26.320000000000004,0.011,1.45,5461.2,0.519,0.02,26.320000000000004,0.011,29045.560694346204,8.986285209655762,0.30916878564064143,0.78,656.64,0.462,0.02,9.4,0.011,1.22,2115.6,0.487,0.02,9.4,0.011
18,0,-4000,4000.0,75003.69074875562,16.446273803710938,0.35637184483481743,2.15,4474.92,0.607,0.02,26.320000000000004,0.011,1.63,5740.0,0.519,0.02,26.320000000000004,0.011,31653.848710193415,8.692782402038574,0.321287347130762,0.61,685.56,0.463,0.02,11.28,0.011,1.39,2419.0,0.487,0.02,11.28,0.011
18,0,-3500,3500.0,78941.82978933823,17.181522369384766,0.36595952982533164,2.39,4809.56,0.624,0.02,28.2,0.011,1.78,6018.8,0.519,0.02,28.2,0.011,34002.38730382989,8.174336433410645,0.3309871251182977,0.75,781.89,0.467,0.02,13.160000000000002,0.012,1.52,2730.6,0.491,0.02,13.160000000000002,0.012
18,0,-3000,3000.0,81717.75491754961,17.834228515625,0.3750039750821097,2.12,3395.9000000000005,0.598,0.02,30.08,0.011,1.9,6322.2,0.522,0.02,30.08,0.011,35567.619578767335,7.327073097229004,0.3391621337120477,0.75,806.01,0.467,0.02,15.04,0.012,1.46,3124.2,0.495,0.02,15.04,0.012
18,0,-2500,2500.0,82917.60055634659,18.033376693725586,0.37898619380988324,2.65,4820.24,0.631,0.02,37.6,0.013,1.95,6617.4,0.531,0.02,37.6,0.013,36285.051771151484,6.347668647766113,0.3404679039971268,0.69,852.24,0.468,0.17,425.04,0.036,1.27,3386.6,0.499,0.02,18.8,0.012
18,0,-2000,2000.0,82982.88632196854,18.107492446899414,0.38301274982132333,2.26,3300.2,0.596,0.03,39.48,0.013,2.0,6773.2,0.534,0.03,39.48,0.013,36182.459123947774,5.746101379394531,0.3425184439132288,0.63,808.0199999999999,0.465,0.17,407.33,0.035,1.02,3493.2,0.5,0.02,18.8,0.012
18,0,-1500,1500.0,81990.37977297121,18.41412353515625,0.38322107611164086,2.27,3297.3,0.597,0.03,43.24,0.014,2.02,6830.6,0.535,0.03,43.24,0.014,35482.017957925564,6.036513328552246,0.3422202353550102,0.56,898.56,0.464,0.17,371.91,0.035,0.94,3575.2000000000003,0.501,0.02,20.68,0.012
18,0,-1000,1000.0,79528.37999142066,18.471817016601562,0.37923241599548607,1.43,2084.37,0.571,0.03,43.24,0.014,2.12,6699.4,0.531,0.03,43.24,0.014,34066.80015155871,5.928634166717529,0.3406810045131452,0.75,1545.0,0.539,0.02,20.68,0.012,1.01,3616.2,0.501,0.02,20.68,0.012
18,0,-500,500.0,76847.44258588617,17.77841567993164,0.37392779806959936,1.47,2022.06,0.569,0.03,41.36,0.014,2.2,6527.2,0.527,0.03,41.36,0.014,32615.44099750172,5.694689750671387,0.3409550194680566,0.68,1612.98,0.54,0.01,18.8,0.012,1.05,3747.4000000000005,0.504,0.01,18.8,0.012
18,0,0,0.0,73164.49932326213,15.66416072845459,0.36297613857361616,1.39,1921.56,0.556,0.03,41.36,0.014,2.2,6289.4,0.521,0.03,41.36,0.014,30566.37051149737,5.096538543701172,0.33346898535753505,0.79,1687.14,0.541,0.01,18.8,0.012,1.12,3788.4,0.504,0.01,18.8,0.012
18,0,500,500.0,70288.06933690212,14.572820663452148,0.35479744760505144,1.23,1752.7200000000003,0.532,0.03,37.6,0.013,2.14,6133.6,0.522,0.03,37.6,0.013,29061.130167986266,4.398282527923584,0.3294237680610733,0.71,1616.0700000000002,0.538,0.01,18.8,0.012,1.2,3927.8,0.506,0.01,18.8,0.012
18,0,1000,1000.0,67142.79186784406,13.471404075622559,0.34326110019711514,2.26,3565.92,0.529,0.03,37.6,0.013,1.95,6018.8,0.518,0.03,37.6,0.013,27861.498021305306,3.591956377029419,0.32540529751498964,0.65,1545.0,0.537,0.01,18.8,0.011,1.19,3804.7999999999997,0.503,0.01,18.8,0.011
18,0,1500,1500.0,64910.68614950054,12.722439765930176,0.3356412303682825,0.83,1423.08,0.472,0.03,33.84,0.012,1.77,5969.6,0.515,0.03,33.84,0.012,26599.702561536105,3.8601253032684326,0.3214795565681498,0.49,1344.15,0.531,0.01,16.92,0.011,1.15,3616.2,0.498,0.01,16.92,0.011
18,0,2000,2000.0,62896.48820426082,12.293878555297852,0.32772612866639467,0.75,1352.73,0.458,0.03,33.84,0.012,1.54,5895.8,0.509,0.03,33.84,0.012,25327.9095771024,4.141847133636475,0.31366747723256355,0.53,698.9,0.438,0.01,16.92,0.011,0.87,3189.8,0.491,0.01,16.92,0.011
18,0,2500,2500.0,62031.53296454984,12.28843879699707,0.32376305040171866,0.67,1393.2,0.451,0.02,30.08,0.011,1.4,5912.2,0.507,0.02,30.08,0.011,24532.280503754737,4.538547992706299,0.31099836038796064,0.54,701.8,0.438,0.01,15.04,0.011,0.53,2722.4,0.482,0.01,15.04,0.011
18,0,3000,3000.0,62400.62571720919,12.58498477935791,0.3207885923789619,0.99,1934.3,0.448,0.02,30.08,0.011,1.3,5846.6,0.5,0.02,30.08,0.011,24011.909308237955,5.006463527679443,0.30353553946775114,0.62,710.5,0.434,0.01,13.160000000000002,0.011,0.59,2656.8,0.48,0.01,13.160000000000002,0.011
18,0,3500,3500.0,64368.15599260444,13.000158309936523,0.3219302545111535,1.0,1937.2,0.449,0.02,30.08,0.011,1.25,5813.8,0.496,0.02,30.08,0.011,23703.039389071637,5.391603946685791,0.2984784459756822,0.63,713.4,0.435,0.01,13.160000000000002,0.011,0.66,2615.8,0.478,0.01,13.160000000000002,0.011
18,0,4000,4000.0,68737.57041037024,13.424581527709961,0.33024391775231926,1.09,1919.8,0.448,0.02,30.08,0.011,1.3,5740.0,0.492,0.02,30.08,0.011,23410.752178210532,5.503958225250244,0.29746622088177677,0.44,512.55,0.444,0.01,13.160000000000002,0.011,0.71,2460.0,0.471,0.01,13.160000000000002,0.011
18,0,4500,4500.0,73565.12461428065,13.707537651062012,0.34073801188799546,1.1,1919.8,0.448,0.02,30.08,0.011,1.35,5674.4,0.493,0.02,30.08,0.011,22921.474457197473,5.460897445678711,0.2964668453199198,0.47,496.4700000000001,0.439,0.01,13.160000000000002,0.011,0.76,2263.2,0.459,0.01,13.160000000000002,0.011
18,0,5000,5000.0,77410.90809160669,13.874591827392578,0.35138072903917655,0.77,1340.67,0.452,0.02,30.08,0.011,1.44,5723.6,0.493,0.02,30.08,0.011,22399.24659857643,5.190526008605957,0.30102223938750816,0.47,526.62,0.441,0.01,13.160000000000002,0.011,0.75,2099.2,0.451,0.01,13.160000000000002,0.011
18,0,5500,5500.0,80940.52462148247,14.003360748291016,0.3644784779253564,0.81,1382.88,0.452,0.02,30.08,0.011,1.52,5846.6,0.493,0.02,30.08,0.011,21829.327807109803,4.84193754196167,0.3075026813468118,0.45,592.95,0.447,0.01,11.28,0.011,0.73,1976.2000000000003,0.446,0.01,11.28,0.011
18,0,6000,6000.0,82126.97979001387,14.198436737060547,0.3716809908156657,1.42,2911.5999999999995,0.557,0.02,30.08,0.011,1.57,6437.0,0.497,0.02,30.08,0.011,20859.606318036094,4.2933030128479,0.31266707538857735,0.44,603.0,0.448,0.03,142.08,0.065,0.68,2058.2,0.448,0.01,11.28,0.011
18,0,6500,6500.0,82806.42149415216,14.479558944702148,0.37749279104215533,1.49,2952.2,0.562,0.02,33.84,0.011,1.59,7437.4,0.519,0.02,33.84,0.011,19317.46278492501,3.6910858154296875,0.31184753901421614,0.4,621.09,0.455,0.07,159.39,0.03,0.62,2123.8,0.449,0.01,13.160000000000002,0.011
18,0,7000,7000.0,83059.04136920872,14.893335342407227,0.3829040811182704,0.81,1682.58,0.549,0.02,37.6,0.012,1.53,8380.400000000001,0.549,0.02,37.6,0.012,17065.26494710415,2.9586009979248047,0.3038431596797392,0.37,570.84,0.45,0.06,141.68,0.029,0.53,2009.0000000000002,0.443,0.01,13.160000000000002,0.011
18,0,7500,7500.0,81832.4850938574,15.347508430480957,0.3821247162874013,1.05,1985.8800000000003,0.557,0.03,52.64000000000001,0.015,1.47,9028.2,0.569,0.03,52.64000000000001,0.015,14673.278549397946,2.2341604232788086,0.2916968454002079,0.3,460.29,0.438,0.08,123.97000000000001,0.029,0.45,1853.1999999999998,0.437,0.01,13.160000000000002,0.011
18,0,8000,8000.0,79083.60785953846,15.864889144897461,0.37645952782590353,0.9,1881.36,0.546,0.04,58.28,0.016,1.47,8257.4,0.559,0.04,58.28,0.016,12125.074942366336,1.5824942588806152,0.2719731791953261,0.26,399.99,0.425,0.08,123.97000000000001,0.028,0.33,1541.6,0.414,0.01,13.160000000000002,0.011
18,0,8500,8500.0,76010.68971815694,16.22865867614746,0.36956252879827717,1.26,2398.3,0.526,0.05,52.64000000000001,0.016,1.48,7338.999999999999,0.553,0.05,52.64000000000001,0.016,10117.31653859897,1.2958678007125854,0.25728554120818775,0.15,275.37,0.39,0.08,106.26,0.028,0.22,1254.6,0.385,0.01,9.4,0.011
18,0,9000,9000.0,74296.35305940028,16.56533432006836,0.3667920842899969,1.36,2566.5,0.545,0.05,50.76,0.016,1.54,6609.2,0.537,0.05,50.76,0.016,8523.866872178041,1.3589533567428589,0.24023321290627808,0.26,542.64,0.375,0.06,106.26,0.027,0.16,1008.6,0.356,0.01,9.4,0.011
18,0,9500,9500.0,73829.61172173527,16.750139236450195,0.3692405154333512,1.37,2581.0,0.546,0.02,37.6,0.014,1.6,6133.6,0.528,0.02,37.6,0.014,7572.28350713267,1.4308521747589111,0.23486582740277182,0.15,209.52,0.362,0.0,7.52,0.011,0.16,844.6,0.332,0.0,7.52,0.011
18,0,10000,10000.0,74200.59716466494,16.962875366210938,0.37207117597763273,1.38,2569.4,0.546,0.02,35.72,0.013,1.67,6223.8,0.533,0.02,35.72,0.013,6871.744621224934,1.4033331871032715,0.2237367580050118,0.15,200.88,0.36,0.0,5.64,0.01,0.19,746.2,0.32,0.0,5.64,0.01
18,0,10500,10500.0,74488.5571190418,17.118249893188477,0.3736316189962693,0.97,1734.6300000000003,0.541,0.02,35.72,0.013,1.72,6437.0,0.542,0.02,35.72,0.013,6550.76315003098,1.303367018699646,0.21980449641874047,0.12,130.2,0.372,0.0,5.64,0.01,0.22,713.4,0.325,0.0,5.64,0.01
18,0,11000,11000.0,74397.31750779902,17.358728408813477,0.3721171299069593,0.97,1728.6,0.54,0.02,35.72,0.013,1.73,6568.2,0.549,0.02,35.72,0.013,6411.463077212102,1.0706486701965332,0.2154803544454305,0.16,181.44,0.36,0.06,123.97000000000001,0.029,0.24,688.8,0.334,0.01,5.64,0.01
18,0,11500,11500.0,73961.31365683686,17.64910888671875,0.3685813396379652,0.97,1708.5,0.538,0.02,39.48,0.014,1.73,6592.799999999999,0.551,0.02,39.48,0.014,6329.934276796121,0.7779191732406616,0.2123628551353328,0.09,134.67,0.338,0.07,123.97000000000001,0.03,0.23,656.0,0.342,0.01,5.64,0.01
18,0,12000,12000.0,73134.19596844178,18.034130096435547,0.36348593091766757,0.96,1682.3699999999997,0.533,0.02,41.36,0.014,1.74,6445.2,0.547,0.02,41.36,0.014,6285.930798013578,0.8297865986824036,0.21569031417199427,0.13,232.0,0.367,0.06,106.26,0.029,0.17,524.8,0.302,0.01,5.64,0.01
18,0,12500,12500.0,72507.30416546285,18.365108489990234,0.35953876277505825,0.97,1636.14,0.526,0.02,39.48,0.014,1.75,6264.8,0.542,0.02,39.48,0.014,6257.175033060776,1.06650710105896,0.2235375567616298,0.14,237.8,0.372,0.0,3.76,0.01,0.12,434.6,0.268,0.0,3.76,0.01
18,0,13000,13000.0,71948.97127727454,18.68183708190918,0.3572975651353339,0.96,1642.17,0.524,0.02,39.48,0.014,1.8,6232.0,0.54,0.02,39.48,0.014,6050.65854702334,1.1924972534179688,0.22841661975362804,0.15,220.4,0.361,0.0,4.56,0.036,0.07,467.3999999999999,0.267,0.0,3.76,0.01
18,0,13500,13500.0,71094.2009729566,18.957368850708008,0.3547203346923076,0.97,1668.3000000000002,0.523,0.02,37.6,0.014,1.86,6232.0,0.539,0.02,37.6,0.014,5836.990025264095,1.2249729633331299,0.23357194598911227,0.12,224.64,0.376,0.0,4.56,0.036,0.14,574.0,0.297,0.0,3.76,0.01
18,0,14000,14000.0,69847.68984276743,19.14251136779785,0.35121667469281637,0.97,1664.2799999999997,0.517,0.02,37.6,0.014,1.9,6215.6,0.529,0.02,37.6,0.014,5316.673028525838,1.0796735286712646,0.21924720992698035,0.18,358.44,0.405,0.0,3.76,0.01,0.19,688.8,0.323,0.0,3.76,0.01
18,0,14500,14500.0,68617.95095386624,19.309146881103516,0.34747166927929785,0.96,1640.16,0.503,0.02,37.6,0.013,1.9,6199.2,0.521,0.02,37.6,0.013,4795.341369221569,0.8614872097969055,0.19859723589750936,0.1,154.77,0.363,0.0,14.24,0.056,0.24,779.0,0.34,0.0,5.64,0.01
18,0,15000,15000.0,66863.39952307753,19.386581420898438,0.3390312646233624,0.95,1603.98,0.494,0.02,37.6,0.013,1.84,6100.8,0.512,0.02,37.6,0.013,4456.045109307161,0.5868558287620544,0.17688153097667292,0.17,297.84,0.347,0.0,9.33,0.025,0.21,631.4,0.315,0.0,5.64,0.01
18,0,15500,15500.0,66014.98388769105,19.50133514404297,0.3338603470510722,0.92,1501.47,0.473,0.02,33.84,0.012,1.78,6076.2,0.511,0.02,33.84,0.012,4431.287031159445,0.46420004963874817,0.16591756818791895,0.33,887.79,0.313,0.0,3.76,0.01,0.16,459.20000000000005,0.278,0.0,3.76,0.01
18,0,16000,16000.0,66006.93341226142,19.60067367553711,0.33059714246818506,0.91,1427.1,0.462,0.02,31.960000000000004,0.011,1.71,5871.2,0.509,0.02,31.960000000000004,0.011,4806.3390979747055,0.757561981678009,0.16911165128211017,0.37,1002.0599999999998,0.322,0.0,3.76,0.01,0.09,270.6,0.203,0.0,3.76,0.01
18,0,16500,16500.0,66799.46283008612,19.79270362854004,0.3302995977373571,1.27,2009.7,0.459,0.02,30.08,0.011,1.67,5666.2,0.508,0.02,30.08,0.011,5450.907948689201,1.070716381072998,0.1833373505760657,0.2,331.08,0.322,0.0,1.88,0.008,0.04,155.8,0.135,0.0,1.88,0.008
18,0,17000,17000.0,69337.39809438412,19.995738983154297,0.3356731899754135,1.43,2285.2,0.481,0.02,30.08,0.011,1.68,5510.4,0.504,0.02,30.08,0.011,6096.921950698379,1.3429325819015503,0.20194119174701247,0.28,310.3,0.36,0.0,1.88,0.008,0.06,229.60000000000002,0.17,0.0,1.88,0.008
18,0,17500,17500.0,73145.46691258438,20.256711959838867,0.3456891784096855,1.44,2314.2,0.485,0.02,28.2,0.011,1.72,5477.6,0.503,0.02,28.2,0.011,6627.852339224046,1.5400010347366333,0.22175514426518972,0.29,321.9,0.364,0.0,1.88,0.009,0.12,410.0,0.244,0.0,1.88,0.009
18,0,18000,18000.0,78260.40650082577,20.54972267150879,0.3600645171750903,1.67,2775.3,0.55,0.02,28.2,0.011,1.81,5748.2,0.505,0.02,28.2,0.011,6586.500417649586,1.6322145462036133,0.23194254459530628,0.15,187.92,0.36,0.0,6.08,0.045,0.21,647.8,0.296,0.0,3.76,0.009
18,0,18500,18500.0,82571.21199121757,20.587928771972656,0.37040938005424984,1.69,2813.0,0.555,0.02,30.08,0.011,1.93,6133.6,0.512,0.02,30.08,0.011,6209.722872995917,1.6101818084716797,0.23290871153541687,0.21,223.11000000000004,0.369,0.0,6.08,0.045,0.3,852.8,0.328,0.0,5.64,0.01
18,0,19000,19000.0,86668.99020623532,20.50436019897461,0.38449989233439186,2.04,3364.0,0.612,0.02,31.960000000000004,0.012,2.09,6502.6,0.516,0.02,31.960000000000004,0.012,5505.567790583154,1.3817477226257324,0.22404892603822818,0.19,205.02,0.367,0.01,35.42,0.02,0.29,820.0,0.325,0.01,5.64,0.01
18,0,19500,19500.0,90106.81981905364,20.742935180664062,0.3974626839601578,2.1,3407.5,0.617,0.03,33.84,0.012,2.25,6896.2,0.526,0.03,33.84,0.012,4782.652996158504,1.0884528160095215,0.20874719768428063,0.14,158.79,0.362,0.02,53.13,0.023,0.24,738.0,0.32,0.01,5.64,0.01
18,0,20000,20000.0,91491.09602631361,21.665212631225586,0.41036659657955854,2.01,3317.6,0.612,0.03,37.6,0.013,2.47,7396.4,0.548,0.03,37.6,0.013,4293.765492343664,0.8101879954338074,0.1957929159985767,0.24,314.16,0.347,0.0,12.44,0.037,0.16,500.2,0.281,0.01,5.64,0.01
19,0,-20000,20000.0,20050.156900307047,6.399734020233154,0.26562123694829587,0.88,974.7,0.44,0.0,3.76,0.009,0.21,656.0,0.303,0.0,3.76,0.009,95785.87342853425,44.37297821044922,0.39069718484819244,12.08,8380.32,0.74,0.29,609.76,0.081,8.99,12291.8,0.682,0.27,129.72,0.026
19,0,-19500,19500.0,23560.27273198706,9.086004257202148,0.27668980772923696,1.0,939.8,0.45,0.01,5.64,0.01,0.36,967.6,0.356,0.01,5.64,0.01,86434.58046160522,37.46742248535156,0.38924569228957406,18.23,17474.49,0.704,0.68,938.63,0.037,6.97,10348.4,0.639,0.23,116.56,0.026
19,0,-19000,19000.0,27374.539666820783,10.976557731628418,0.2947035910003445,1.42,1218.0,0.466,0.01,5.64,0.01,0.63,1459.6,0.411,0.01,5.64,0.01,74760.04741775687,27.338769912719727,0.3692783028906064,6.96,5850.72,0.658,0.49,814.66,0.037,4.9,7937.6,0.57,0.22,112.8,0.026
19,0,-18500,18500.0,30975.922860976425,11.988354682922363,0.31185418071905485,1.3,1153.16,0.462,0.01,9.4,0.011,0.94,1951.6,0.446,0.01,9.4,0.011,67846.07394820196,21.54131317138672,0.36616225070127717,9.68,11761.14,0.608,0.1,520.96,0.077,3.55,6289.4,0.521,0.09,65.8,0.019
19,0,-18000,18000.0,33550.02100650163,12.51161003112793,0.32269498891799103,0.94,774.3,0.467,0.01,11.28,0.011,1.38,2558.4,0.475,0.01,11.28,0.011,60256.272876332514,14.765534400939941,0.34527424380038657,3.44,4084.08,0.551,0.23,672.98,0.035,2.44,5477.6,0.506,0.04,47.0,0.015
19,0,-17500,17500.0,34845.67809976288,12.789968490600586,0.3244110501337285,0.81,645.4,0.469,0.02,15.04,0.011,1.77,3058.6,0.493,0.02,15.04,0.011,55375.50000480842,10.752360343933105,0.3344193238069308,1.32,1521.57,0.47,0.17,655.27,0.035,1.62,4895.4,0.493,0.03,31.960000000000004,0.011
19,0,-17000,17000.0,34325.37521312479,12.602028846740723,0.32447494465341903,1.12,878.37,0.47,0.02,16.92,0.011,2.03,3345.6,0.501,0.02,16.92,0.011,51820.06184583879,6.923794269561768,0.3217223506498152,2.47,3096.72,0.466,0.13,672.98,0.035,1.27,4821.6,0.489,0.03,30.08,0.011
19,0,-16500,16500.0,32675.074622867396,12.14401912689209,0.3191424697573888,1.06,818.07,0.466,0.03,18.8,0.011,2.17,3476.8,0.505,0.03,18.8,0.011,49972.41263986216,4.799450397491455,0.3160309031233083,3.38,6372.94,0.442,0.14,708.4,0.035,0.99,4805.2,0.486,0.02,28.2,0.011
19,0,-16000,16000.0,30445.381359552266,11.651026725769043,0.3212242236850174,1.82,1400.7,0.466,0.02,24.32,0.052,1.98,3189.8,0.499,0.03,20.68,0.011,48710.58900015196,3.7416248321533203,0.3069486368986622,0.93,1986.96,0.432,0.18,779.24,0.036,0.65,4477.2,0.477,0.02,28.2,0.011
19,0,-15500,15500.0,28850.769198022317,11.141648292541504,0.3312262514753317,1.84,1418.1,0.467,0.23,247.94000000000003,0.031,1.81,2927.4,0.493,0.03,16.92,0.011,49577.15489534894,3.784183979034424,0.30690938905600357,0.3,914.55,0.431,0.01,24.44,0.011,0.68,4354.2,0.473,0.01,24.44,0.011
19,0,-15000,15000.0,26738.48896342388,9.940934181213379,0.3344244197694914,1.09,812.04,0.463,0.16,194.81,0.029,1.68,2738.8,0.486,0.03,16.92,0.011,51696.595915267244,4.746184825897217,0.3056742914454944,0.41,1422.9,0.419,0.01,24.44,0.011,0.65,4280.4,0.47,0.01,24.44,0.011
19,0,-14500,14500.0,23719.366648234427,8.435320854187012,0.32930362256185963,1.17,868.32,0.466,0.1,141.68,0.027,1.56,2566.6,0.48,0.02,15.04,0.011,54449.471798638115,5.906476974487305,0.30687916292233847,0.47,1366.52,0.427,0.01,22.56,0.011,0.58,4280.4,0.47,0.01,22.56,0.011
19,0,-14000,14000.0,19658.932148930035,6.387665748596191,0.3041105834055658,2.16,1766.64,0.458,0.11,159.39,0.027,1.42,2386.2,0.468,0.02,15.04,0.011,58097.632668708684,7.089279651641846,0.312135506572573,0.54,1562.1,0.435,0.01,22.56,0.011,0.47,4354.2,0.471,0.01,22.56,0.011
19,0,-13500,13500.0,15771.752983445185,4.5080790519714355,0.2720953084463479,2.94,3493.04,0.43,0.13,159.39,0.027,1.24,2164.8,0.454,0.02,15.04,0.011,61834.851742739556,7.568623065948486,0.31813704594085657,0.56,1250.64,0.444,0.01,22.56,0.011,0.73,4510.0,0.476,0.01,22.56,0.011
19,0,-13000,13000.0,12693.865470949095,2.974405527114868,0.2381641948873662,0.8,844.5599999999998,0.398,0.17,194.81,0.029,0.93,1771.2000000000003,0.426,0.02,15.04,0.011,65006.84139181394,8.516087532043457,0.32460226625103106,0.92,2234.07,0.521,0.01,22.56,0.011,1.04,4993.8,0.486,0.01,22.56,0.011
19,0,-12500,12500.0,11397.705528527149,2.4723708629608154,0.2245538160748697,0.38,491.31,0.418,0.02,11.28,0.011,0.75,1533.4,0.404,0.02,11.28,0.011,67548.8395709137,9.437047004699707,0.32865276441318125,0.87,2378.0,0.465,0.01,26.320000000000004,0.011,1.32,5469.4,0.494,0.01,26.320000000000004,0.011
19,0,-12000,12000.0,11403.903206577525,2.6769182682037354,0.21355090309552235,0.29,371.2,0.342,0.01,9.4,0.011,0.48,1107.0,0.36,0.01,9.4,0.011,69356.39404850663,9.891996383666992,0.33381260715704963,0.97,2349.0,0.462,0.01,26.320000000000004,0.011,1.36,5969.6,0.501,0.01,26.320000000000004,0.011
19,0,-11500,11500.0,12830.289611840271,3.3632137775421143,0.22167398946396372,0.33,403.26,0.226,0.01,5.64,0.01,0.28,738.0,0.304,0.01,5.64,0.01,70500.02874828642,9.941838264465332,0.3361646294187966,0.98,2349.0,0.461,0.01,30.08,0.011,1.27,6371.4,0.505,0.01,30.08,0.011
19,0,-11000,11000.0,15787.404112660442,4.429432392120361,0.23508734814850396,0.63,865.08,0.388,0.01,5.64,0.01,0.29,738.0,0.303,0.01,5.64,0.01,71152.3030182696,9.648249626159668,0.33771796789239394,0.64,1549.71,0.454,0.01,31.960000000000004,0.011,1.02,6560.0,0.507,0.01,31.960000000000004,0.011
19,0,-10500,10500.0,19513.67516904138,5.978275299072266,0.25042636235651555,0.83,1046.64,0.409,0.01,5.64,0.01,0.31,787.2,0.309,0.01,5.64,0.01,71992.04128955025,9.22689151763916,0.3385870171952089,0.66,1539.66,0.453,0.02,33.84,0.011,0.99,6674.800000000001,0.508,0.02,33.84,0.011
19,0,-10000,10000.0,24109.295858920086,9.36137580871582,0.2653767107994959,1.04,910.6,0.432,0.01,5.64,0.01,0.41,967.6,0.333,0.01,5.64,0.01,73559.89566684002,8.638675689697266,0.33780963857038154,0.6,1473.33,0.451,0.02,33.84,0.011,1.04,6683.0,0.509,0.02,33.84,0.011
19,0,-9500,9500.0,28621.659997163806,11.781373977661133,0.2736565597793228,1.53,1648.28,0.447,0.01,7.52,0.01,0.53,1205.4,0.357,0.01,7.52,0.01,76836.00077321171,9.096556663513184,0.3427066115936107,0.67,2002.0,0.326,0.01,33.84,0.011,1.09,6715.8,0.51,0.01,33.84,0.011
19,0,-9000,9000.0,34277.70888381929,13.804312705993652,0.2922994756245778,1.67,1331.1,0.461,0.01,7.52,0.01,0.81,1640.0,0.397,0.01,7.52,0.01,82194.96793864528,9.693865776062012,0.3542159215122269,0.91,3429.0,0.573,0.01,33.84,0.011,1.11,6937.200000000001,0.513,0.01,33.84,0.011
19,0,-8500,8500.0,40613.77659397549,14.968863487243652,0.3143464694791939,1.72,1360.1,0.463,0.01,9.4,0.011,1.13,2115.6,0.43,0.01,9.4,0.011,87176.15793424775,10.84243392944336,0.36447318056254674,1.01,3307.08,0.583,0.01,33.84,0.011,1.14,7240.6,0.517,0.01,33.84,0.011
19,0,-8000,8000.0,45939.503147723735,16.08552360534668,0.333320025187672,2.02,1571.8,0.468,0.02,11.28,0.011,1.63,2804.4,0.465,0.02,11.28,0.011,91088.63437577966,11.729965209960938,0.3748225174221743,1.12,3413.76,0.591,0.01,33.84,0.011,1.25,7806.4,0.533,0.01,33.84,0.011
19,0,-7500,7500.0,49557.385752288974,19.388622283935547,0.34140434610281495,2.05,1589.2000000000003,0.468,0.02,15.04,0.011,2.17,3526.0,0.492,0.02,15.04,0.011,94268.10885978048,11.867352485656738,0.38312666840081894,1.15,2833.92,0.589,0.01,37.6,0.012,1.59,8675.6,0.559,0.01,37.6,0.012
19,0,-7000,7000.0,51516.54469269561,19.98983383178711,0.3435845711523087,1.2,965.7,0.466,0.02,16.92,0.011,2.68,4280.4,0.509,0.02,16.92,0.011,96518.88929480338,14.006925582885742,0.39339112971382917,1.16,2747.52,0.581,0.01,39.48,0.012,1.95,10209.0,0.598,0.01,39.48,0.012
19,0,-6500,6500.0,52576.15497728402,19.259370803833008,0.3412849425228978,1.46,1119.57,0.47,0.03,22.56,0.011,3.12,4977.4,0.52,0.03,22.56,0.011,96814.97827517669,15.034793853759766,0.39984683310017005,1.24,2725.92,0.579,0.04,67.68,0.017,2.12,11324.2,0.624,0.04,67.68,0.017
19,0,-6000,6000.0,52777.333023020765,17.03679656982422,0.3351973667041267,1.38,1087.41,0.467,0.03,24.44,0.011,3.11,5305.4,0.522,0.03,24.44,0.011,92571.34942604534,13.900080680847168,0.39373542018745833,1.16,2652.48,0.572,0.05,77.08,0.018,2.17,10988.0,0.618,0.05,77.08,0.018
19,0,-5500,5500.0,52981.818781243055,14.532751083374023,0.3291201235568639,1.18,1021.08,0.459,0.03,26.320000000000004,0.011,2.95,5518.6,0.522,0.03,26.320000000000004,0.011,86207.46417252521,13.647826194763184,0.38063254519801154,0.97,2492.64,0.555,0.05,75.2,0.018,1.99,10176.2,0.6,0.05,75.2,0.018
19,0,-5000,5000.0,53422.17642223695,13.345376968383789,0.32167285261341744,1.1,994.95,0.456,0.03,26.320000000000004,0.011,2.47,5420.2,0.519,0.03,26.320000000000004,0.011,79181.54474986186,14.652250289916992,0.3640384062655205,0.55,1649.2,0.558,0.05,75.2,0.018,1.71,9635.0,0.587,0.05,75.2,0.018
19,0,-4500,4500.0,54818.29025137704,13.608365058898926,0.318315771529706,0.93,964.8,0.452,0.03,26.320000000000004,0.011,2.02,5330.0,0.515,0.03,26.320000000000004,0.011,71562.74025183448,15.575068473815918,0.3440364222694063,1.11,1911.1,0.445,0.04,69.56,0.017,1.55,8962.6,0.569,0.04,69.56,0.017
19,0,-4000,4000.0,57616.98919082992,14.157746315002441,0.31881706749735794,1.63,1853.1,0.457,0.03,26.320000000000004,0.011,1.81,5354.6,0.514,0.03,26.320000000000004,0.011,63950.49725968347,16.131994247436523,0.32275551310163675,1.16,2012.6,0.454,0.04,67.68,0.017,1.63,7109.4,0.514,0.04,67.68,0.017
19,0,-3500,3500.0,61163.86214745871,14.814437866210938,0.32331920450770574,1.66,1885.0,0.458,0.02,26.320000000000004,0.011,1.69,5387.4,0.513,0.02,26.320000000000004,0.011,60370.23107952846,16.19022560119629,0.3195042603487866,0.57,859.6,0.434,0.02,35.72,0.011,1.7,6117.2,0.5,0.02,35.72,0.011
19,0,-3000,3000.0,65305.77243764419,15.649365425109863,0.33023352476537793,1.98,2299.7,0.465,0.02,26.320000000000004,0.011,1.81,5551.4,0.514,0.02,26.320000000000004,0.011,57864.09478209971,15.643875122070312,0.3153433338947584,0.82,1296.45,0.44,0.02,31.960000000000004,0.011,1.72,5674.4,0.492,0.02,31.960000000000004,0.011
19,0,-2500,2500.0,68477.55303306913,17.521026611328125,0.33291492758402075,2.0,2349.0,0.47,0.02,28.2,0.011,1.96,5666.2,0.514,0.02,28.2,0.011,55972.36694275634,14.479144096374512,0.3131336354127778,0.81,1302.48,0.438,0.02,30.08,0.011,1.71,5395.6,0.486,0.02,30.08,0.011
19,0,-2000,2000.0,72348.01192315354,20.301054000854492,0.34046252187425097,2.17,2824.6,0.515,0.02,28.2,0.011,2.23,6002.4,0.516,0.02,28.2,0.011,54450.89241999085,12.671424865722656,0.31127441670055583,0.77,1300.47,0.436,0.06,544.64,0.075,1.58,5272.6,0.481,0.02,28.2,0.011
19,0,-1500,1500.0,75045.30230510572,22.054540634155273,0.3438307082679066,2.18,2862.3,0.518,0.03,31.960000000000004,0.011,2.48,6281.2,0.519,0.03,31.960000000000004,0.011,53067.34975485597,10.559139251708984,0.30867318641590114,0.66,1282.38,0.433,0.13,743.82,0.034,1.43,5141.4,0.476,0.02,28.2,0.011
19,0,-1000,1000.0,76821.22803424427,23.100061416625977,0.34829478872333625,2.24,3056.5999999999995,0.536,0.03,31.960000000000004,0.011,2.67,6420.6,0.52,0.03,31.960000000000004,0.011,52323.098470582045,8.026565551757812,0.3067637391141229,1.29,2594.88,0.428,0.13,743.82,0.034,1.16,4911.8,0.469,0.02,28.2,0.011
19,0,-500,500.0,77504.14265205909,23.98202133178711,0.3502636295914913,2.24,3071.1,0.537,0.03,33.84,0.011,2.83,6453.4,0.52,0.03,33.84,0.011,52583.09467888903,5.464751243591309,0.3071473003768181,2.19,5536.84,0.41,0.01,26.320000000000004,0.011,0.89,4665.8,0.463,0.01,26.320000000000004,0.011
19,0,0,0.0,77296.9518358761,24.232593536376953,0.3536505235961729,2.23,3042.1,0.536,0.03,33.84,0.011,2.93,6453.4,0.521,0.03,33.84,0.011,53840.03347074904,4.086953639984131,0.3069632785881168,0.85,2390.88,0.423,0.01,26.320000000000004,0.011,0.6,4460.8,0.455,0.01,26.320000000000004,0.011
19,0,500,500.0,76535.58821092593,24.155200958251953,0.3562464774778823,1.56,1941.66,0.517,0.03,35.72,0.011,3.02,6428.8,0.521,0.03,35.72,0.011,56058.538446365856,4.6810150146484375,0.3088973721522007,1.33,5109.5,0.405,0.01,26.320000000000004,0.011,0.42,4329.6,0.449,0.01,26.320000000000004,0.011
19,0,1000,1000.0,74476.61101638805,23.485010147094727,0.35527704748731953,1.55,1927.59,0.515,0.03,35.72,0.011,3.06,6502.6,0.523,0.03,35.72,0.011,59613.617093808716,5.617591381072998,0.31314879473852814,1.23,8913.06,0.538,0.01,24.44,0.011,0.47,4469.0,0.453,0.01,24.44,0.011
19,0,1500,1500.0,71944.26646409556,23.036815643310547,0.3530695617307722,1.54,1871.31,0.509,0.03,35.72,0.011,3.08,6568.2,0.524,0.03,35.72,0.011,63564.882821717765,6.612090587615967,0.3194431377235127,0.39,1635.76,0.428,0.01,26.320000000000004,0.011,0.52,4706.8,0.459,0.01,26.320000000000004,0.011
19,0,2000,2000.0,68033.6352590035,22.045907974243164,0.3449404493219473,1.51,1748.6999999999998,0.491,0.03,35.72,0.011,3.01,6428.8,0.524,0.03,35.72,0.011,66943.03651896771,7.62440824508667,0.32477256775567814,0.51,2238.3,0.463,0.01,26.320000000000004,0.011,0.57,5248.0,0.471,0.01,26.320000000000004,0.011
19,0,2500,2500.0,64795.70258137537,21.364553451538086,0.339305054483704,1.45,1563.78,0.472,0.03,33.84,0.012,2.92,6273.0,0.523,0.03,33.84,0.012,70086.89438285655,8.42371654510498,0.33119148881390387,0.54,2156.46,0.472,0.01,28.2,0.011,0.64,5986.0,0.485,0.01,28.2,0.011
19,0,3000,3000.0,61888.99798812345,20.265026092529297,0.3331060095450702,1.41,1501.47,0.471,0.03,33.84,0.012,2.82,5994.2,0.52,0.03,33.84,0.012,71457.55543909036,9.107837677001953,0.3359400976884653,0.7,2244.6,0.446,0.01,28.2,0.011,0.77,6617.4,0.495,0.01,28.2,0.011
19,0,3500,3500.0,60648.74634053267,19.871780395507812,0.33290727815780263,1.33,1374.84,0.469,0.03,31.960000000000004,0.012,2.75,5756.4,0.518,0.03,31.960000000000004,0.012,71642.47551846493,9.913467407226562,0.3392326146280853,0.54,1918.0800000000002,0.489,0.01,31.960000000000004,0.011,0.98,7404.599999999999,0.51,0.01,31.960000000000004,0.011
19,0,4000,4000.0,60083.50937557407,19.574504852294922,0.32801428781474823,1.3,1370.82,0.469,0.03,31.960000000000004,0.012,2.68,5387.4,0.513,0.03,31.960000000000004,0.012,69727.72536518314,9.896735191345215,0.34031668936008286,0.8,2520.1,0.474,0.01,33.84,0.011,1.23,7937.6,0.527,0.01,33.84,0.011
19,0,4500,4500.0,61280.14753687894,19.980588912963867,0.3278124224961052,1.24,1356.75,0.468,0.03,28.2,0.012,2.65,5051.2,0.508,0.03,28.2,0.012,66622.98420348961,9.24109172821045,0.33806875573172246,0.81,2537.5,0.476,0.18,779.24,0.035,1.45,8101.600000000001,0.537,0.02,43.24,0.013
19,0,5000,5000.0,64716.97036733385,21.549955368041992,0.32890577846275815,1.91,1914.0,0.462,0.03,28.2,0.012,2.65,4952.8,0.506,0.03,28.2,0.012,62028.90833329002,7.884670257568359,0.3337066038358226,0.53,1662.27,0.465,0.12,690.69,0.034,1.32,7388.2,0.516,0.03,47.0,0.014
19,0,5500,5500.0,70524.69859654375,24.0279483795166,0.33820637386631036,2.47,2759.0,0.457,0.03,28.2,0.012,2.69,4887.2,0.504,0.03,28.2,0.012,56897.598543798085,6.308050155639648,0.32738314912698496,0.52,1551.72,0.449,0.07,602.14,0.033,1.13,6527.2,0.5,0.02,43.24,0.013
19,0,6000,6000.0,77634.99668153236,28.057100296020508,0.3475288178803839,2.61,2308.4,0.473,0.03,28.2,0.012,2.83,4977.4,0.506,0.03,28.2,0.012,51600.71731272619,4.934789657592773,0.32052091383196446,0.47,1447.2,0.443,0.07,531.3,0.032,0.81,5674.4,0.488,0.02,39.48,0.012
19,0,6500,6500.0,85549.95441014471,31.82778549194336,0.35722893519632964,3.66,3901.7600000000007,0.544,0.03,26.320000000000004,0.011,3.03,5198.8,0.509,0.03,26.320000000000004,0.011,46541.29924843437,3.5692386627197266,0.31452119685899277,0.36,1222.08,0.433,0.07,478.1700000000001,0.032,0.6,4780.6,0.472,0.01,31.960000000000004,0.011
19,0,7000,7000.0,94919.92890643305,36.19003677368164,0.370214592737985,4.13,3526.4,0.584,0.03,26.320000000000004,0.011,3.42,5871.2,0.518,0.03,26.320000000000004,0.011,42051.08350610244,3.2477173805236816,0.3057772156564395,0.66,2472.48,0.426,0.08,460.46,0.032,0.38,4288.6,0.462,0.01,30.08,0.011
19,0,7500,7500.0,103459.95082651789,38.326332092285156,0.37856885099807,4.27,3622.1,0.592,0.04,30.08,0.012,3.85,6715.8,0.528,0.04,30.08,0.012,38835.191807791125,3.380614995956421,0.3025955769605041,0.93,4447.74,0.458,0.09,442.75,0.032,0.43,4050.8000000000006,0.457,0.01,26.320000000000004,0.011
19,0,8000,8000.0,113186.61657898338,42.33125305175781,0.39334886423778476,4.84,4422.5,0.643,0.04,31.960000000000004,0.012,4.57,7781.8,0.541,0.04,31.960000000000004,0.012,35719.82795453514,3.491956949234009,0.2936143355863215,0.95,4623.54,0.465,0.09,460.46,0.033,0.41,3681.8,0.449,0.01,24.44,0.011
19,0,8500,8500.0,121742.34968354576,44.33075714111328,0.405109454064292,4.88,4483.4,0.646,0.05,43.24,0.013,5.27,9315.2,0.585,0.05,43.24,0.013,33407.97469544923,4.034801006317139,0.2892985732566452,1.01,4579.59,0.465,0.09,460.46,0.033,0.35,3435.8000000000006,0.444,0.01,20.68,0.011
19,0,9000,9000.0,130174.2333758797,46.25435256958008,0.42296034863773996,3.29,2820.03,0.627,0.06,52.64000000000001,0.015,6.18,10758.4,0.621,0.06,52.64000000000001,0.015,31089.105563244084,4.390353202819824,0.28480347224343955,0.89,4131.3,0.455,0.09,425.04,0.032,0.33,3025.8,0.431,0.01,18.8,0.011
19,0,9500,9500.0,134983.13429487753,46.551631927490234,0.4317003937382641,3.46,3153.69,0.655,0.15,90.24,0.022,7.01,11922.8,0.646,0.15,90.24,0.022,29422.479569271673,4.740694522857666,0.2864705211449559,0.77,3700.59,0.446,0.0,15.04,0.011,0.32,2640.4,0.417,0.0,15.04,0.011
19,0,10000,10000.0,136697.76547348592,46.44261169433594,0.4383935939406148,3.33,3191.88,0.657,0.17,97.76,0.023,7.0,12587.0,0.658,0.17,97.76,0.023,27735.545630013803,5.008551120758057,0.28892987491959526,0.28,1096.95,0.463,0.0,15.04,0.011,0.41,2476.4,0.411,0.0,15.04,0.011
19,0,10500,10500.0,135405.8366530604,45.84377670288086,0.43827834427817497,4.38,4683.5,0.655,0.17,107.15999999999998,0.024,6.85,13095.4,0.667,0.17,107.15999999999998,0.024,26175.092692131875,4.968418598175049,0.2943671525351092,0.25,1078.41,0.457,0.0,13.160000000000002,0.01,0.51,2476.4,0.414,0.0,13.160000000000002,0.01
19,0,11000,11000.0,132130.14776824275,45.213218688964844,0.4362095171384481,3.0,3230.07,0.657,1.59,2213.75,0.059,6.42,13128.200000000003,0.667,0.17,109.03999999999999,0.024,24050.42661385378,4.517767429351807,0.29266112737209105,0.26,1072.23,0.457,0.0,13.160000000000002,0.01,0.52,2517.4,0.416,0.0,13.160000000000002,0.01
19,0,11500,11500.0,127478.87289679202,45.04540252685547,0.43114152762489727,3.04,3179.82,0.654,0.14,105.28000000000002,0.023,6.09,13111.8,0.666,0.14,105.28000000000002,0.023,21388.237643335015,4.061730861663818,0.2828931434362365,0.25,967.17,0.447,0.0,13.160000000000002,0.01,0.53,2525.6,0.418,0.0,13.160000000000002,0.01
19,0,12000,12000.0,121846.41639529145,43.8769416809082,0.424267805407144,2.99,3075.3,0.646,1.2,1912.6800000000003,0.054,6.18,12808.4,0.661,0.13,105.28000000000002,0.023,18475.30046144966,3.3537425994873047,0.2635091794360241,0.26,865.2,0.439,0.0,13.160000000000002,0.01,0.53,2361.6,0.412,0.0,13.160000000000002,0.01
19,0,12500,12500.0,116496.00878828787,42.54057312011719,0.41804817044819287,2.85,2822.04,0.624,1.08,1788.71,0.051,6.32,12431.2,0.655,0.14,101.52,0.023,16028.24476560345,2.6056132316589355,0.24299923683030888,0.21,719.97,0.421,0.0,13.160000000000002,0.01,0.5,2115.6,0.403,0.0,13.160000000000002,0.01
19,0,13000,13000.0,109891.9950626063,37.51810073852539,0.4060474407981478,2.6,2709.48,0.612,0.96,1664.74,0.049,6.13,11603.0,0.638,0.14,101.52,0.023,14442.86445978214,1.901798129081726,0.22151133676267046,0.16,568.56,0.403,0.0,13.160000000000002,0.01,0.38,1648.1999999999998,0.375,0.0,13.160000000000002,0.01
19,0,13500,13500.0,105036.6825994046,33.64166259765625,0.39849565836881795,2.08,2444.16,0.581,0.84,1576.19,0.047,5.89,10766.6,0.62,0.12,86.48,0.021,14685.6365922431,1.497490644454956,0.21861601532478836,0.13,546.26,0.218,0.0,7.52,0.01,0.29,1279.2,0.35,0.0,7.52,0.01
19,0,14000,14000.0,101212.2055391228,28.443086624145508,0.3892360267167424,1.92,2391.9,0.574,0.74,1629.32,0.048,5.16,9905.6,0.599,0.12,82.72,0.021,16730.465907475445,1.336931586265564,0.2228875662331211,0.6,3806.07,0.437,0.0,7.52,0.009,0.21,1049.6,0.318,0.0,7.52,0.009
19,0,14500,14500.0,99656.57972955087,24.784854888916016,0.3865624776016614,1.68,2277.33,0.561,0.05,60.16,0.016,4.54,9093.8,0.578,0.05,60.16,0.016,20121.396025107242,2.118607997894287,0.2356745564928402,0.39,858.0,0.24,0.0,5.64,0.009,0.15,885.6000000000001,0.285,0.0,5.64,0.009
19,0,15000,15000.0,98764.50155284256,20.522180557250977,0.3843905564807249,1.58,2184.87,0.55,0.04,56.4,0.015,3.91,8659.2,0.565,0.04,56.4,0.015,25047.263793770617,3.815065622329712,0.25065144029629177,1.61,5282.79,0.472,0.0,5.64,0.009,0.14,1008.6,0.289,0.0,5.64,0.009
19,0,15500,15500.0,97428.8394609117,17.15003204345703,0.3824402099518886,1.34,2005.98,0.528,0.04,52.64000000000001,0.015,3.34,8298.4,0.554,0.04,52.64000000000001,0.015,30275.704861863414,5.956967830657959,0.2629962596755312,2.1,5669.55,0.479,0.0,5.64,0.009,0.14,1246.4,0.311,0.0,5.64,0.009
19,0,16000,16000.0,94051.64057830407,17.455657958984375,0.38050822780876314,1.24,1965.7799999999997,0.522,0.04,50.76,0.014,2.81,8175.400000000001,0.55,0.04,50.76,0.014,35686.54359768843,8.806780815124512,0.27447112716749045,0.73,1433.7,0.415,0.0,7.52,0.009,0.2,1845.0,0.36,0.0,7.52,0.009
19,0,16500,16500.0,91212.24026826967,18.280433654785156,0.3838672739427052,1.49,3210.3,0.551,0.03,45.12,0.013,2.35,8273.8,0.553,0.03,45.12,0.013,41337.05592740662,10.438263893127441,0.2885376297472327,0.78,1384.3,0.422,0.0,11.28,0.01,0.39,2558.4,0.401,0.0,11.28,0.01
19,0,17000,17000.0,87491.11152132391,17.611215591430664,0.38799880781334456,1.68,3859.41,0.62,0.03,45.12,0.013,2.02,8856.0,0.569,0.03,45.12,0.013,45922.322800563416,13.271485328674316,0.3044676865013559,0.97,1566.0,0.435,0.01,35.9,0.019,0.8,3452.2,0.436,0.01,11.28,0.01
19,0,17500,17500.0,83241.12040025066,16.403968811035156,0.3914332259459612,1.48,3126.2,0.544,0.03,54.519999999999996,0.015,2.69,9544.8,0.587,0.03,54.519999999999996,0.015,48100.59525247343,16.242464065551758,0.30982306183200103,1.39,2043.44,0.43,0.01,18.8,0.011,1.32,4387.0,0.462,0.01,18.8,0.011
19,0,18000,18000.0,75998.11947791604,13.158924102783203,0.3832122242044774,0.96,2227.08,0.553,0.36,726.11,0.037,2.75,9454.6,0.585,0.04,56.4,0.016,48516.63198249444,16.753652572631836,0.317060937083532,1.43,1844.4,0.447,0.01,20.68,0.011,1.89,5141.4,0.478,0.01,20.68,0.011
19,0,18500,18500.0,67233.64038151922,9.389601707458496,0.3667086054717454,0.69,1931.61,0.515,0.34,672.98,0.036,2.44,8790.4,0.567,0.04,60.16,0.016,47706.85308857501,15.912056922912598,0.3213367351685126,1.47,1861.8,0.448,0.06,313.76,0.072,2.4,5723.6,0.491,0.02,26.320000000000004,0.011
19,0,19000,19000.0,58596.56712617143,8.25369930267334,0.345890690540902,0.67,1589.91,0.47,0.36,672.98,0.036,1.63,7224.2,0.528,0.04,62.04,0.016,45191.23256741732,13.882820129394531,0.3220524869153417,0.72,1059.66,0.443,0.05,284.16,0.07,2.48,5846.6,0.496,0.02,28.2,0.011
19,0,19500,19500.0,52090.51041341736,7.876609802246094,0.33134031177864004,0.62,1177.86,0.458,0.02,35.72,0.012,1.28,6035.2,0.516,0.02,35.72,0.012,41301.5488216377,11.519377708435059,0.3152801131171474,0.93,1250.22,0.448,0.1,460.46,0.033,2.35,5633.4,0.496,0.02,30.08,0.011
19,0,20000,20000.0,48049.307369373855,7.909440994262695,0.31553118761173493,0.59,1113.54,0.455,0.02,33.84,0.011,1.17,5067.6,0.504,0.02,33.84,0.011,36534.65950402751,8.676753997802734,0.30270242027721933,0.85,1157.76,0.444,0.1,460.46,0.033,1.78,4862.6,0.485,0.02,30.08,0.011
20,0,-20000,20000.0,0.0,0.0,0.0,0.0,0.0,0.0,0.0,0.0,0.0,0.0,0.0,0.0,0.0,0.0,0.0,0.0,0.0,,0.0,0.0,0.0,0.0,0.0,0.0,0.0,0.0,0.0,0.0,0.0,0.0
20,0,-19500,19500.0,0.0005934326310352844,2.3537585036592645e-07,0.00013340713878669974,0.0,0.0,0.0,0.0,0.0,0.0,0.0,0.0,0.0,0.0,0.0,0.0,0.0,0.0,,0.0,0.0,0.0,0.0,0.0,0.0,0.0,0.0,0.0,0.0,0.0,0.0
20,0,-19000,19000.0,0.0,0.0,0.0,0.0,0.0,0.0,0.0,0.0,0.0,0.0,0.0,0.0,0.0,0.0,0.0,0.0,0.0,,0.0,0.0,0.0,0.0,0.0,0.0,0.0,0.0,0.0,0.0,0.0,0.0
20,0,-18500,18500.0,0.001905749930131151,5.245263992037508e-07,0.0005509089867978735,0.0,0.0,0.0,0.0,0.0,0.0,0.0,0.0,0.0,0.0,0.0,0.0,0.0,0.0,,0.0,0.0,0.0,0.0,0.0,0.0,0.0,0.0,0.0,0.0,0.0,0.0
20,0,-18000,18000.0,0.0,0.0,0.0,0.0,0.0,0.0,0.0,0.0,0.0,0.0,0.0,0.0,0.0,0.0,0.0,0.0,0.0,,0.0,0.0,0.0,0.0,0.0,0.0,0.0,0.0,0.0,0.0,0.0,0.0
20,0,-17500,17500.0,0.0,0.0,0.0,0.0,0.0,0.0,0.0,0.0,0.0,0.0,0.0,0.0,0.0,0.0,0.0,0.0,0.0,,0.0,0.0,0.0,0.0,0.0,0.0,0.0,0.0,0.0,0.0,0.0,0.0
20,0,-17000,17000.0,0.0,0.0,0.0,0.0,0.0,0.0,0.0,0.0,0.0,0.0,0.0,0.0,0.0,0.0,0.0,0.0,0.0,,0.0,0.0,0.0,0.0,0.0,0.0,0.0,0.0,0.0,0.0,0.0,0.0
20,0,-16500,16500.0,0.0,0.0,0.0,0.0,0.0,0.0,0.0,0.0,0.0,0.0,0.0,0.0,0.0,0.0,0.0,0.0,0.0,,0.0,0.0,0.0,0.0,0.0,0.0,0.0,0.0,0.0,0.0,0.0,0.0
20,0,-16000,16000.0,0.0,0.0,,0.0,0.0,0.0,0.0,0.0,0.0,0.0,0.0,0.0,0.0,0.0,0.0,0.0,0.0,,0.0,0.0,0.0,0.0,0.0,0.0,0.0,0.0,0.0,0.0,0.0,0.0
20,0,-15500,15500.0,0.0,0.0,,0.0,0.0,0.0,0.0,0.0,0.0,0.0,0.0,0.0,0.0,0.0,0.0,0.0,0.0,,0.0,0.0,0.0,0.0,0.0,0.0,0.0,0.0,0.0,0.0,0.0,0.0
20,0,-15000,15000.0,0.0,0.0,,0.0,0.0,0.0,0.0,0.0,0.0,0.0,0.0,0.0,0.0,0.0,0.0,0.0,0.0,,0.0,0.0,0.0,0.0,0.0,0.0,0.0,0.0,0.0,0.0,0.0,0.0
20,0,-14500,14500.0,0.0,0.0,,0.0,0.0,0.0,0.0,0.0,0.0,0.0,0.0,0.0,0.0,0.0,0.0,0.0,0.0,,0.0,0.0,0.0,0.0,0.0,0.0,0.0,0.0,0.0,0.0,0.0,0.0
20,0,-14000,14000.0,0.0,0.0,,0.0,0.0,0.0,0.0,0.0,0.0,0.0,0.0,0.0,0.0,0.0,0.0,0.0,0.0,,0.0,0.0,0.0,0.0,0.0,0.0,0.0,0.0,0.0,0.0,0.0,0.0
20,0,-13500,13500.0,0.0,0.0,,0.0,0.0,0.0,0.0,0.0,0.0,0.0,0.0,0.0,0.0,0.0,0.0,0.0,0.0,,0.0,0.0,0.0,0.0,0.0,0.0,0.0,0.0,0.0,0.0,0.0,0.0
20,0,-13000,13000.0,0.0,0.0,,0.0,0.0,0.0,0.0,0.0,0.0,0.0,0.0,0.0,0.0,0.0,0.0,0.0,0.0,,0.0,0.0,0.0,0.0,0.0,0.0,0.0,0.0,0.0,0.0,0.0,0.0
20,0,-12500,12500.0,0.0,0.0,0.0,0.0,0.0,0.0,0.0,0.0,0.0,0.0,0.0,0.0,0.0,0.0,0.0,0.0,0.0,,0.0,0.0,0.0,0.0,0.0,0.0,0.0,0.0,0.0,0.0,0.0,0.0
20,0,-12000,12000.0,0.0,0.0,0.0,0.0,0.0,0.0,0.0,0.0,0.0,0.0,0.0,0.0,0.0,0.0,0.0,0.0,0.0,,0.0,0.0,0.0,0.0,0.0,0.0,0.0,0.0,0.0,0.0,0.0,0.0
20,0,-11500,11500.0,0.0,0.0,0.0,0.0,0.0,0.0,0.0,0.0,0.0,0.0,0.0,0.0,0.0,0.0,0.0,0.0,0.0,,0.0,0.0,0.0,0.0,0.0,0.0,0.0,0.0,0.0,0.0,0.0,0.0
20,0,-11000,11000.0,0.0,0.0,0.0,0.0,0.0,0.0,0.0,0.0,0.0,0.0,0.0,0.0,0.0,0.0,0.0,0.0,0.0,,0.0,0.0,0.0,0.0,0.0,0.0,0.0,0.0,0.0,0.0,0.0,0.0
20,0,-10500,10500.0,0.0,0.0,0.0,0.0,0.0,0.0,0.0,0.0,0.0,0.0,0.0,0.0,0.0,0.0,0.0,0.0,0.0,,0.0,0.0,0.0,0.0,0.0,0.0,0.0,0.0,0.0,0.0,0.0,0.0
20,0,-10000,10000.0,0.0,0.0,0.0,0.0,0.0,0.0,0.0,0.0,0.0,0.0,0.0,0.0,0.0,0.0,0.0,0.0,0.0,,0.0,0.0,0.0,0.0,0.0,0.0,0.0,0.0,0.0,0.0,0.0,0.0
20,0,-9500,9500.0,0.0,0.0,0.0,0.0,0.0,0.0,0.0,0.0,0.0,0.0,0.0,0.0,0.0,0.0,0.0,0.0,0.0,,0.0,0.0,0.0,0.0,0.0,0.0,0.0,0.0,0.0,0.0,0.0,0.0
20,0,-9000,9000.0,0.00297502564876595,8.90563853772619e-07,0.0007577045958069743,0.0,0.0,0.0,0.0,0.0,0.0,0.0,0.0,0.0,0.0,0.0,0.0,0.0,0.0,0.0,0.0,0.0,0.0,0.0,0.0,0.0,0.0,0.0,0.0,0.0,0.0,0.0
20,0,-8500,8500.0,0.0,0.0,0.0,0.0,0.0,0.0,0.0,0.0,0.0,0.0,0.0,0.0,0.0,0.0,0.0,0.0,0.0,0.0,0.0,0.0,0.0,0.0,0.0,0.0,0.0,0.0,0.0,0.0,0.0,0.0
20,0,-8000,8000.0,0.0,0.0,0.0,0.0,0.0,0.0,0.0,0.0,0.0,0.0,0.0,0.0,0.0,0.0,0.0,0.0,0.0,0.0,0.0,0.0,0.0,0.0,0.0,0.0,0.0,0.0,0.0,0.0,0.0,0.0
20,0,-7500,7500.0,0.003019013280436411,8.503722597197338e-07,0.0007554963861482111,0.0,0.0,0.0,0.0,0.0,0.0,0.0,0.0,0.0,0.0,0.0,0.0,0.0,0.0,0.0,0.0,0.0,0.0,0.0,0.0,0.0,0.0,0.0,0.0,0.0,0.0,0.0
20,0,-7000,7000.0,0.0,0.0,0.0,0.0,0.0,0.0,0.0,0.0,0.0,0.0,0.0,0.0,0.0,0.0,0.0,0.0,0.0,,0.0,0.0,0.0,0.0,0.0,0.0,0.0,0.0,0.0,0.0,0.0,0.0
20,0,-6500,6500.0,0.0,0.0,0.0,0.0,0.0,0.0,0.0,0.0,0.0,0.0,0.0,0.0,0.0,0.0,0.0,0.0,0.0,,0.0,0.0,0.0,0.0,0.0,0.0,0.0,0.0,0.0,0.0,0.0,0.0
20,0,-6000,6000.0,0.0,0.0,0.0,0.0,0.0,0.0,0.0,0.0,0.0,0.0,0.0,0.0,0.0,0.0,0.0,0.0,0.0,,0.0,0.0,0.0,0.0,0.0,0.0,0.0,0.0,0.0,0.0,0.0,0.0
20,0,-5500,5500.0,0.0,0.0,0.0,0.0,0.0,0.0,0.0,0.0,0.0,0.0,0.0,0.0,0.0,0.0,0.0,0.0,0.0,,0.0,0.0,0.0,0.0,0.0,0.0,0.0,0.0,0.0,0.0,0.0,0.0
20,0,-5000,5000.0,0.0,0.0,0.0,0.0,0.0,0.0,0.0,0.0,0.0,0.0,0.0,0.0,0.0,0.0,0.0,0.0,0.0,,0.0,0.0,0.0,0.0,0.0,0.0,0.0,0.0,0.0,0.0,0.0,0.0
20,0,-4500,4500.0,0.0,0.0,0.0,0.0,0.0,0.0,0.0,0.0,0.0,0.0,0.0,0.0,0.0,0.0,0.0,0.0,0.0,,0.0,0.0,0.0,0.0,0.0,0.0,0.0,0.0,0.0,0.0,0.0,0.0
20,0,-4000,4000.0,0.0,0.0,0.0,0.0,0.0,0.0,0.0,0.0,0.0,0.0,0.0,0.0,0.0,0.0,0.0,0.0,0.0,,0.0,0.0,0.0,0.0,0.0,0.0,0.0,0.0,0.0,0.0,0.0,0.0
20,0,-3500,3500.0,0.0,0.0,0.0,0.0,0.0,0.0,0.0,0.0,0.0,0.0,0.0,0.0,0.0,0.0,0.0,0.0,0.0,,0.0,0.0,0.0,0.0,0.0,0.0,0.0,0.0,0.0,0.0,0.0,0.0
20,0,-3000,3000.0,0.0,0.0,0.0,0.0,0.0,0.0,0.0,0.0,0.0,0.0,0.0,0.0,0.0,0.0,0.0,0.0,0.0,,0.0,0.0,0.0,0.0,0.0,0.0,0.0,0.0,0.0,0.0,0.0,0.0
20,0,-2500,2500.0,0.0,0.0,0.0,0.0,0.0,0.0,0.0,0.0,0.0,0.0,0.0,0.0,0.0,0.0,0.0,0.0,0.0,,0.0,0.0,0.0,0.0,0.0,0.0,0.0,0.0,0.0,0.0,0.0,0.0
20,0,-2000,2000.0,0.0,0.0,0.0,0.0,0.0,0.0,0.0,0.0,0.0,0.0,0.0,0.0,0.0,0.0,0.0,0.0,0.0,,0.0,0.0,0.0,0.0,0.0,0.0,0.0,0.0,0.0,0.0,0.0,0.0
20,0,-1500,1500.0,0.0,0.0,0.0,0.0,0.0,0.0,0.0,0.0,0.0,0.0,0.0,0.0,0.0,0.0,0.0,0.0,0.0,,0.0,0.0,0.0,0.0,0.0,0.0,0.0,0.0,0.0,0.0,0.0,0.0
20,0,-1000,1000.0,0.0,0.0,,0.0,0.0,0.0,0.0,0.0,0.0,0.0,0.0,0.0,0.0,0.0,0.0,0.0,0.0,,0.0,0.0,0.0,0.0,0.0,0.0,0.0,0.0,0.0,0.0,0.0,0.0
20,0,-500,500.0,0.0,0.0,,0.0,0.0,0.0,0.0,0.0,0.0,0.0,0.0,0.0,0.0,0.0,0.0,0.0,0.0,,0.0,0.0,0.0,0.0,0.0,0.0,0.0,0.0,0.0,0.0,0.0,0.0
20,0,0,0.0,0.0,0.0,,0.0,0.0,0.0,0.0,0.0,0.0,0.0,0.0,0.0,0.0,0.0,0.0,0.0,0.0,,0.0,0.0,0.0,0.0,0.0,0.0,0.0,0.0,0.0,0.0,0.0,0.0
20,0,500,500.0,0.0,0.0,,0.0,0.0,0.0,0.0,0.0,0.0,0.0,0.0,0.0,0.0,0.0,0.0,0.0,0.0,,0.0,0.0,0.0,0.0,0.0,0.0,0.0,0.0,0.0,0.0,0.0,0.0
20,0,1000,1000.0,0.0,0.0,,0.0,0.0,0.0,0.0,0.0,0.0,0.0,0.0,0.0,0.0,0.0,0.0,0.0,0.0,,0.0,0.0,0.0,0.0,0.0,0.0,0.0,0.0,0.0,0.0,0.0,0.0
20,0,1500,1500.0,0.0,0.0,,0.0,0.0,0.0,0.0,0.0,0.0,0.0,0.0,0.0,0.0,0.0,0.0,0.0,0.0,,0.0,0.0,0.0,0.0,0.0,0.0,0.0,0.0,0.0,0.0,0.0,0.0
20,0,2000,2000.0,0.0,0.0,,0.0,0.0,0.0,0.0,0.0,0.0,0.0,0.0,0.0,0.0,0.0,0.0,0.0,0.0,,0.0,0.0,0.0,0.0,0.0,0.0,0.0,0.0,0.0,0.0,0.0,0.0
20,0,2500,2500.0,0.0,0.0,,0.0,0.0,0.0,0.0,0.0,0.0,0.0,0.0,0.0,0.0,0.0,0.0,0.0,0.0,,0.0,0.0,0.0,0.0,0.0,0.0,0.0,0.0,0.0,0.0,0.0,0.0
20,0,3000,3000.0,0.0,0.0,,0.0,0.0,0.0,0.0,0.0,0.0,0.0,0.0,0.0,0.0,0.0,0.0,0.0,0.0,,0.0,0.0,0.0,0.0,0.0,0.0,0.0,0.0,0.0,0.0,0.0,0.0
20,0,3500,3500.0,0.0,0.0,,0.0,0.0,0.0,0.0,0.0,0.0,0.0,0.0,0.0,0.0,0.0,0.0,0.0,0.0,,0.0,0.0,0.0,0.0,0.0,0.0,0.0,0.0,0.0,0.0,0.0,0.0
20,0,4000,4000.0,0.0,0.0,,0.0,0.0,0.0,0.0,0.0,0.0,0.0,0.0,0.0,0.0,0.0,0.0,0.0,0.0,,0.0,0.0,0.0,0.0,0.0,0.0,0.0,0.0,0.0,0.0,0.0,0.0
20,0,4500,4500.0,0.0,0.0,,0.0,0.0,0.0,0.0,0.0,0.0,0.0,0.0,0.0,0.0,0.0,0.0,0.0,0.0,,0.0,0.0,0.0,0.0,0.0,0.0,0.0,0.0,0.0,0.0,0.0,0.0
20,0,5000,5000.0,0.0,0.0,,0.0,0.0,0.0,0.0,0.0,0.0,0.0,0.0,0.0,0.0,0.0,0.0,0.0,0.0,,0.0,0.0,0.0,0.0,0.0,0.0,0.0,0.0,0.0,0.0,0.0,0.0
20,0,5500,5500.0,0.0,0.0,,0.0,0.0,0.0,0.0,0.0,0.0,0.0,0.0,0.0,0.0,0.0,0.0,0.0,0.0,,0.0,0.0,0.0,0.0,0.0,0.0,0.0,0.0,0.0,0.0,0.0,0.0
20,0,6000,6000.0,0.0,0.0,,0.0,0.0,0.0,0.0,0.0,0.0,0.0,0.0,0.0,0.0,0.0,0.0,0.0,0.0,,0.0,0.0,0.0,0.0,0.0,0.0,0.0,0.0,0.0,0.0,0.0,0.0
20,0,6500,6500.0,0.0,0.0,,0.0,0.0,0.0,0.0,0.0,0.0,0.0,0.0,0.0,0.0,0.0,0.0,0.0,0.0,,0.0,0.0,0.0,0.0,0.0,0.0,0.0,0.0,0.0,0.0,0.0,0.0
20,0,7000,7000.0,0.0,0.0,,0.0,0.0,0.0,0.0,0.0,0.0,0.0,0.0,0.0,0.0,0.0,0.0,0.0,0.0,,0.0,0.0,0.0,0.0,0.0,0.0,0.0,0.0,0.0,0.0,0.0,0.0
20,0,7500,7500.0,0.0,0.0,,0.0,0.0,0.0,0.0,0.0,0.0,0.0,0.0,0.0,0.0,0.0,0.0,0.0,0.0,,0.0,0.0,0.0,0.0,0.0,0.0,0.0,0.0,0.0,0.0,0.0,0.0
20,0,8000,8000.0,0.0,0.0,0.0,0.0,0.0,0.0,0.0,0.0,0.0,0.0,0.0,0.0,0.0,0.0,0.0,0.0,0.0,,0.0,0.0,0.0,0.0,0.0,0.0,0.0,0.0,0.0,0.0,0.0,0.0
20,0,8500,8500.0,0.0,0.0,0.0,0.0,0.0,0.0,0.0,0.0,0.0,0.0,0.0,0.0,0.0,0.0,0.0,0.0,0.0,,0.0,0.0,0.0,0.0,0.0,0.0,0.0,0.0,0.0,0.0,0.0,0.0
20,0,9000,9000.0,0.0,0.0,0.0,0.0,0.0,0.0,0.0,0.0,0.0,0.0,0.0,0.0,0.0,0.0,0.0,0.0,0.0,,0.0,0.0,0.0,0.0,0.0,0.0,0.0,0.0,0.0,0.0,0.0,0.0
20,0,9500,9500.0,0.0,0.0,0.0,0.0,0.0,0.0,0.0,0.0,0.0,0.0,0.0,0.0,0.0,0.0,0.0,0.0,0.0,,0.0,0.0,0.0,0.0,0.0,0.0,0.0,0.0,0.0,0.0,0.0,0.0
20,0,10000,10000.0,0.0,0.0,0.0,0.0,0.0,0.0,0.0,0.0,0.0,0.0,0.0,0.0,0.0,0.0,0.0,0.0,0.0,,0.0,0.0,0.0,0.0,0.0,0.0,0.0,0.0,0.0,0.0,0.0,0.0
20,0,10500,10500.0,0.0,0.0,0.0,0.0,0.0,0.0,0.0,0.0,0.0,0.0,0.0,0.0,0.0,0.0,0.0,0.0,0.0,,0.0,0.0,0.0,0.0,0.0,0.0,0.0,0.0,0.0,0.0,0.0,0.0
20,0,11000,11000.0,0.0,0.0,0.0,0.0,0.0,0.0,0.0,0.0,0.0,0.0,0.0,0.0,0.0,0.0,0.0,0.0,0.0,,0.0,0.0,0.0,0.0,0.0,0.0,0.0,0.0,0.0,0.0,0.0,0.0
20,0,11500,11500.0,0.0,0.0,0.0,0.0,0.0,0.0,0.0,0.0,0.0,0.0,0.0,0.0,0.0,0.0,0.0,0.0,0.0,,0.0,0.0,0.0,0.0,0.0,0.0,0.0,0.0,0.0,0.0,0.0,0.0
20,0,12000,12000.0,0.0,0.0,0.0,0.0,0.0,0.0,0.0,0.0,0.0,0.0,0.0,0.0,0.0,0.0,0.0,0.0,0.0,,0.0,0.0,0.0,0.0,0.0,0.0,0.0,0.0,0.0,0.0,0.0,0.0
20,0,12500,12500.0,0.0,0.0,0.0,0.0,0.0,0.0,0.0,0.0,0.0,0.0,0.0,0.0,0.0,0.0,0.0,0.0,0.0,,0.0,0.0,0.0,0.0,0.0,0.0,0.0,0.0,0.0,0.0,0.0,0.0
20,0,13000,13000.0,0.0,0.0,0.0,0.0,0.0,0.0,0.0,0.0,0.0,0.0,0.0,0.0,0.0,0.0,0.0,0.0,0.0,,0.0,0.0,0.0,0.0,0.0,0.0,0.0,0.0,0.0,0.0,0.0,0.0
20,0,13500,13500.0,0.0,0.0,0.0,0.0,0.0,0.0,0.0,0.0,0.0,0.0,0.0,0.0,0.0,0.0,0.0,0.0,0.0,,0.0,0.0,0.0,0.0,0.0,0.0,0.0,0.0,0.0,0.0,0.0,0.0
20,0,14000,14000.0,0.05310112137522083,4.217316927679349e-06,0.0023960675925769723,0.0,0.0,0.0,0.0,0.0,0.0,0.0,0.0,0.0,0.0,0.0,0.0,0.0,0.0,,0.0,0.0,0.0,0.0,0.0,0.0,0.0,0.0,0.0,0.0,0.0,0.0
20,0,14500,14500.0,0.10994938555128897,4.228663328831317e-06,0.002983027110367562,0.0,0.0,0.0,0.0,0.0,0.0,0.0,0.0,0.0,0.0,0.0,0.0,0.0,0.0,,0.0,0.0,0.0,0.0,0.0,0.0,0.0,0.0,0.0,0.0,0.0,0.0
20,0,15000,15000.0,0.13633153088576933,4.226262262818636e-06,0.0021044692677797327,0.0,0.0,0.0,0.0,0.0,0.0,0.0,0.0,0.0,0.0,0.0,0.0,0.0,0.0,,0.0,0.0,0.0,0.0,0.0,0.0,0.0,0.0,0.0,0.0,0.0,0.0
20,0,15500,15500.0,0.09868136949080508,4.223819360049674e-06,0.0010399803088314496,0.0,0.0,0.0,0.0,0.0,0.0,0.0,0.0,0.0,0.0,0.0,0.0,0.0,0.0,,0.0,0.0,0.0,0.0,0.0,0.0,0.0,0.0,0.0,0.0,0.0,0.0
20,0,16000,16000.0,0.320696375605678,4.2128676795982756e-06,0.0024649863582487273,0.0,0.0,0.0,0.0,0.0,0.0,0.0,0.0,0.0,0.0,0.0,0.0,0.0,0.0,,0.0,0.0,0.0,0.0,0.0,0.0,0.0,0.0,0.0,0.0,0.0,0.0
20,0,16500,16500.0,0.3294005558068136,4.2239944377797656e-06,0.0020283491233496465,0.0,0.0,0.0,0.0,0.0,0.0,0.0,0.0,0.0,0.0,0.0,0.0,0.0,0.0,,0.0,0.0,0.0,0.0,0.0,0.0,0.0,0.0,0.0,0.0,0.0,0.0
20,0,17000,17000.0,0.3697551229123519,4.506781351665268e-06,0.0021096566240514413,0.0,0.0,0.0,0.0,0.0,0.0,0.0,0.0,0.0,0.0,0.0,0.0,0.0,0.0,,0.0,0.0,0.0,0.0,0.0,0.0,0.0,0.0,0.0,0.0,0.0,0.0
20,0,17500,17500.0,0.38940458683072166,4.8136339501070324e-06,0.0021217548765015836,0.0,0.0,0.0,0.0,0.0,0.0,0.0,0.0,0.0,0.0,0.0,0.0,0.0,0.0,,0.0,0.0,0.0,0.0,0.0,0.0,0.0,0.0,0.0,0.0,0.0,0.0
20,0,18000,18000.0,0.12576998751683277,4.227473255014047e-06,0.0007064381887704486,0.0,0.0,0.0,0.0,0.0,0.0,0.0,0.0,0.0,0.0,0.0,0.0,0.0,0.0,,0.0,0.0,0.0,0.0,0.0,0.0,0.0,0.0,0.0,0.0,0.0,0.0
20,0,18500,18500.0,0.03403033995397209,4.211814939480973e-06,0.0002030279125805894,0.0,0.0,0.0,0.0,0.0,0.0,0.0,0.0,0.0,0.0,0.0,0.0,0.0,0.0,,0.0,0.0,0.0,0.0,0.0,0.0,0.0,0.0,0.0,0.0,0.0,0.0
20,0,19000,19000.0,0.7733565779659557,1.4355240637087263e-05,0.005206204944804397,0.0,0.0,0.0,0.0,0.0,0.0,0.0,0.0,0.0,0.0,0.0,0.0,0.0,0.0,,0.0,0.0,0.0,0.0,0.0,0.0,0.0,0.0,0.0,0.0,0.0,0.0
20,0,19500,19500.0,0.6636591622260823,1.2139143109379802e-05,0.005323672780794048,0.0,0.0,0.001,0.0,0.0,0.001,0.0,0.0,0.0,0.0,0.0,0.0,0.0,0.0,,0.0,0.0,0.0,0.0,0.0,0.0,0.0,0.0,0.0,0.0,0.0,0.0
20,0,20000,20000.0,0.5795010743867124,1.0453490176587366e-05,0.006155468117206348,0.0,0.0,0.001,0.0,0.0,0.001,0.0,0.0,0.001,0.0,0.0,0.0,0.0,0.0,,0.0,0.0,0.0,0.0,0.0,0.0,0.0,0.0,0.0,0.0,0.0,0.0
21,0,-20000,20000.0,11.142149941152013,0.0003204939130228013,0.011433213330304759,0.0,0.0,0.001,0.0,0.0,0.001,0.0,0.0,0.001,0.0,0.0,0.0,122.98281816283634,0.00965005811303854,0.06204731217479214,0.01,9.27,0.133,0.0,0.0,0.004,0.0,8.2,0.045,0.0,0.0,0.005
21,0,-19500,19500.0,14.798219538812418,0.00047095943591557443,0.014247438169011913,0.0,0.0,0.001,0.0,0.0,0.001,0.0,0.0,0.001,0.0,0.0,0.001,120.07498837901949,0.009617600589990616,0.06643147464014779,0.01,10.8,0.184,0.0,0.0,0.009,0.01,8.2,0.056,0.0,0.0,0.006
21,0,-19000,19000.0,14.229786712827774,0.00041778411832638085,0.013871779414852051,0.0,0.0,0.001,0.0,0.0,0.001,0.0,0.0,0.004,0.0,0.0,0.001,94.08281014693785,0.006717820651829243,0.05804025715347477,0.01,8.64,0.167,0.0,0.0,0.009,0.01,16.4,0.076,0.0,0.0,0.007
21,0,-18500,18500.0,13.717009154424886,0.00035839510383084416,0.01412447679468761,0.0,0.0,0.009,0.0,0.0,0.009,0.0,0.0,0.012,0.0,0.0,0.004,66.51895405811956,0.004545779433101416,0.0461892945835526,0.01,12.36,0.161,0.0,0.0,0.014,0.01,24.6,0.095,0.0,0.0,0.008
21,0,-18000,18000.0,10.168435508057883,0.00022988131968304515,0.012351290619144709,0.0,0.0,0.009,0.0,0.0,0.009,0.0,0.0,0.017,0.0,0.0,0.005,38.31876823169296,0.0022305732127279043,0.03082143824880559,0.01,6.18,0.118,0.0,0.0,0.014,0.01,16.4,0.077,0.0,0.0,0.009
21,0,-17500,17500.0,6.247137803984515,0.00018374105275142938,0.009292255824192262,0.0,0.0,0.008,0.0,0.0,0.008,0.0,0.0,0.022,0.0,0.0,0.005,17.083808566530934,0.0008593142847530544,0.015864946965136566,0.01,8.2,0.053,0.0,0.0,0.012,0.01,8.2,0.053,0.0,0.0,0.008
21,0,-17000,17000.0,2.544616685008805,5.016613067709841e-05,0.004973744476719115,0.0,0.0,0.008,0.0,0.0,0.008,0.0,0.0,0.014,0.0,0.0,0.005,10.271515609201742,0.00016836528084240854,0.010407266132644859,0.0,0.0,0.012,0.0,0.0,0.012,0.0,0.0,0.029,0.0,0.0,0.007
21,0,-16500,16500.0,0.6789559648495924,1.3375849448493682e-05,0.0018650357620837127,0.0,0.0,0.003,0.0,0.0,0.003,0.0,0.0,0.008,0.0,0.0,0.003,11.42809503276112,0.0003165123634971678,0.012292390211577112,0.0,0.0,0.004,0.0,0.0,0.004,0.0,0.0,0.009,0.0,0.0,0.004
21,0,-16000,16000.0,0.15634763644811756,3.4229180982947582e-06,0.0005751817738876034,0.0,0.0,0.003,0.0,0.0,0.003,0.0,0.0,0.003,0.0,0.0,0.003,14.699184379833241,0.0004575113707687706,0.01559499658617756,0.0,0.0,0.004,0.0,0.0,0.004,0.0,0.0,0.005,0.0,0.0,0.003
21,0,-15500,15500.0,0.05510251247500264,8.864171263667231e-07,0.00027150326225819957,0.0,0.0,0.002,0.0,0.0,0.002,0.0,0.0,0.001,0.0,0.0,0.001,18.86108949543086,0.0006500291055999696,0.020245808922001087,0.0,0.0,0.003,0.0,0.0,0.003,0.0,0.0,0.004,0.0,0.0,0.002
21,0,-15000,15000.0,0.03821252633571248,7.745406946924049e-07,0.00021238982422069091,0.0,0.0,0.002,0.0,0.0,0.002,0.0,0.0,0.001,0.0,0.0,0.001,16.074474650952197,0.00046007917262613773,0.017306484325539353,0.0,0.0,0.003,0.0,0.0,0.003,0.0,0.0,0.008,0.0,0.0,0.002
21,0,-14500,14500.0,0.020047342058404638,7.09746075244766e-07,0.0001229098292220249,0.0,0.0,0.001,0.0,0.0,0.001,0.0,0.0,0.001,0.0,0.0,0.001,13.061321443638008,0.0002907536400016397,0.014542899408117366,0.0,0.0,0.011,0.0,0.0,0.011,0.0,0.0,0.012,0.0,0.0,0.004
21,0,-14000,14000.0,0.016349913487090362,5.524503308151907e-07,0.00010420759917968456,0.0,0.0,0.001,0.0,0.0,0.001,0.0,0.0,0.001,0.0,0.0,0.001,8.167203401717416,0.0001709030184429139,0.010046518953852062,0.0,0.0,0.011,0.0,0.0,0.011,0.0,0.0,0.015,0.0,0.0,0.005
21,0,-13500,13500.0,0.050713323716422565,4.225286829750985e-06,0.00033818982440318886,0.0,0.0,0.001,0.0,0.0,0.001,0.0,0.0,0.001,0.0,0.0,0.0,4.526490309581277,0.00013527741248253733,0.0060822905958439685,0.0,0.0,0.009,0.0,0.0,0.009,0.0,0.0,0.019,0.0,0.0,0.005
21,0,-13000,13000.0,0.5008608099423384,1.2901470654469449e-05,0.0018288346221119536,0.0,0.0,0.001,0.0,0.0,0.001,0.0,0.0,0.001,0.0,0.0,0.0,2.092135876773682,2.786267396004405e-05,0.0031324358648549305,0.0,0.0,0.009,0.0,0.0,0.009,0.0,0.0,0.011,0.0,0.0,0.005
21,0,-12500,12500.0,0.4788710012931574,2.2776563127990812e-05,0.0010855273735692254,0.0,0.0,0.001,0.0,0.0,0.001,0.0,0.0,0.002,0.0,0.0,0.001,1.6220513730559105,3.8183341530384496e-05,0.0026968769041269052,0.0,0.0,0.003,0.0,0.0,0.003,0.0,0.0,0.005,0.0,0.0,0.003
21,0,-12000,12000.0,7.257354691262208,0.00019954227900598198,0.00889335343367521,0.0,0.0,0.001,0.0,0.0,0.001,0.0,0.0,0.002,0.0,0.0,0.001,1.9874641980550223,4.738366624224e-05,0.0034287990856914155,0.0,0.0,0.003,0.0,0.0,0.003,0.0,0.0,0.003,0.0,0.0,0.002
21,0,-11500,11500.0,24.206813930428694,0.0008726583910174668,0.01830094308321598,0.01,0.0,0.016,0.0,0.0,0.001,0.0,0.0,0.002,0.0,0.0,0.001,2.3845032228507534,5.62786080990918e-05,0.004355444048732465,0.0,0.0,0.002,0.0,0.0,0.002,0.0,0.0,0.002,0.0,0.0,0.001
21,0,-11000,11000.0,74.06712643863997,0.004431840963661671,0.0406554292704746,0.01,10.8,0.138,0.0,0.0,0.001,0.0,0.0,0.001,0.0,0.0,0.001,1.5579500969352011,3.142634886899032e-05,0.002947312086495691,0.0,0.0,0.002,0.0,0.0,0.002,0.0,0.0,0.002,0.0,0.0,0.001
21,0,-10500,10500.0,158.16080395673708,0.013398407958447933,0.06624767804170892,0.01,12.7,0.169,0.0,0.0,0.001,0.0,0.0,0.001,0.0,0.0,0.001,1.1210442306037294,1.6998053979477845e-05,0.002169987946002523,0.0,0.0,0.005,0.0,0.0,0.005,0.0,0.0,0.003,0.0,0.0,0.001
21,0,-10000,10000.0,282.7610077222737,0.03141210228204727,0.10246417195892361,0.01,8.7,0.18,0.0,0.0,0.001,0.0,0.0,0.001,0.0,0.0,0.001,0.9248592183212168,1.3948264495411422e-05,0.0017866796316430642,0.0,0.0,0.005,0.0,0.0,0.005,0.0,0.0,0.003,0.0,0.0,0.001
21,0,-9500,9500.0,376.49283676303185,0.04836128279566765,0.12970188673473565,0.02,25.4,0.23,0.0,0.0,0.001,0.0,0.0,0.002,0.0,0.0,0.001,0.8618419375579833,1.990250893868506e-05,0.0014898203883208262,0.0,0.0,0.005,0.0,0.0,0.005,0.0,0.0,0.003,0.0,0.0,0.002
21,0,-9000,9000.0,358.68693218085355,0.04540460556745529,0.1272803950509392,0.02,19.44,0.244,0.0,0.0,0.001,0.0,8.2,0.042,0.0,0.0,0.001,3.3106803157579634,7.689959602430463e-05,0.005026657433877828,0.0,0.0,0.005,0.0,0.0,0.005,0.0,0.0,0.002,0.0,0.0,0.002
21,0,-8500,8500.0,335.97484775818884,0.04431091248989105,0.12920487005256717,0.02,30.240000000000002,0.29,0.0,0.0,0.017,0.01,24.6,0.102,0.0,0.0,0.009,8.484819210246997,0.00022016462753526866,0.011358948665129091,0.0,0.0,0.002,0.0,0.0,0.002,0.0,0.0,0.002,0.0,0.0,0.001
21,0,-8000,8000.0,261.74547909977264,0.03368831053376198,0.12460215793235449,0.03,49.44,0.299,0.0,0.0,0.017,0.02,49.2,0.146,0.0,0.0,0.009,13.582729380760838,0.00043041526805609465,0.016357539218394272,0.0,0.0,0.002,0.0,0.0,0.002,0.0,0.0,0.002,0.0,0.0,0.001
21,0,-7500,7500.0,166.77670373028377,0.021226318553090096,0.10461198844539205,0.02,24.72,0.231,0.0,3.59,0.019,0.03,73.8,0.181,0.0,0.0,0.01,16.7958453714391,0.0006104377680458128,0.019679233554753175,0.01,8.79,0.047,0.0,0.0,0.003,0.0,0.0,0.002,0.0,0.0,0.002
21,0,-7000,7000.0,60.11486945280922,0.005740909371525049,0.05903867222182509,0.01,6.18,0.12,0.0,3.59,0.019,0.02,32.8,0.126,0.0,0.0,0.01,14.68126642768084,0.00047872980940155685,0.01796893756487136,0.0,0.0,0.003,0.0,0.0,0.003,0.0,0.0,0.011,0.0,0.0,0.002
21,0,-6500,6500.0,15.525955854172935,0.0009998360183089972,0.031119449774323068,0.01,8.2,0.058,0.0,0.0,0.012,0.01,8.2,0.058,0.0,0.0,0.009,12.614838401714223,0.0003557168529368937,0.016417279579872244,0.0,0.0,0.007,0.0,0.0,0.007,0.0,0.0,0.026,0.0,0.0,0.005
21,0,-6000,6000.0,3.1329389952588826,9.272254101233557e-05,0.01114914106421569,0.0,0.0,0.012,0.0,0.0,0.012,0.0,0.0,0.023,0.0,0.0,0.007,8.714132881505066,0.00022262030688580126,0.012605689988799717,0.0,0.0,0.007,0.0,0.0,0.007,0.0,0.0,0.027,0.0,0.0,0.006
21,0,-5500,5500.0,0.05687454429335048,9.04326327599847e-07,0.0005061834976298842,0.0,0.0,0.002,0.0,0.0,0.002,0.0,0.0,0.003,0.0,0.0,0.003,8.48008238017428,0.00015811862249393016,0.011658739046481266,0.0,0.0,0.005,0.0,0.0,0.005,0.0,0.0,0.027,0.0,0.0,0.005
21,0,-5000,5000.0,0.04476914142230726,8.548651067030733e-07,0.0006241202604980636,0.0,0.0,0.002,0.0,0.0,0.002,0.0,0.0,0.002,0.0,0.0,0.001,23.151797695254572,0.0008691883995197713,0.026929713854497397,0.01,17.58,0.077,0.0,0.0,0.005,0.0,0.0,0.017,0.0,0.0,0.005
21,0,-4500,4500.0,0.03155482865935255,6.614422431994171e-07,0.0006830432728090677,0.0,0.0,0.001,0.0,0.0,0.001,0.0,0.0,0.001,0.0,0.0,0.001,48.30517116002966,0.002739780815318227,0.05001190841030973,0.02,43.95,0.124,0.0,0.0,0.002,0.0,0.0,0.007,0.0,0.0,0.003
21,0,-4000,4000.0,0.011097628179612684,2.863480119685846e-07,0.0002589410075535566,0.0,0.0,0.001,0.0,0.0,0.001,0.0,0.0,0.001,0.0,0.0,0.001,65.98158459208321,0.004370137583464384,0.06265532093822992,0.02,52.74,0.148,0.0,0.0,0.002,0.0,0.0,0.005,0.0,0.0,0.002
21,0,-3500,3500.0,0.010110966468346305,4.214341061015148e-06,0.0002223997735714402,0.0,0.0,0.001,0.0,0.0,0.001,0.0,0.0,0.001,0.0,0.0,0.001,63.30061836771392,0.004258249886333942,0.06171824090067605,0.02,52.74,0.14,0.0,0.0,0.003,0.0,0.0,0.004,0.0,0.0,0.002
21,0,-3000,3000.0,0.017692807432467816,4.214184627926443e-06,0.0002446451922342673,0.0,0.0,0.001,0.0,0.0,0.001,0.0,0.0,0.0,0.0,0.0,0.0,31.77502109656416,0.0015409394400194287,0.03574864132070878,0.01,17.58,0.073,0.0,0.0,0.003,0.0,0.0,0.015,0.0,0.0,0.002
21,0,-2500,2500.0,0.012580437760334462,4.216127763356781e-06,0.00012181903099001457,0.0,0.0,0.0,0.0,0.0,0.0,0.0,0.0,0.0,0.0,0.0,0.0,19.239267992725217,0.0006800825358368456,0.02456948477442655,0.0,0.0,0.005,0.0,0.0,0.005,0.0,8.2,0.038,0.0,0.0,0.005
21,0,-2000,2000.0,0.005056145164417103,4.213939064356964e-06,3.541362910952568e-05,0.0,0.0,0.0,0.0,0.0,0.0,0.0,0.0,0.0,0.0,0.0,0.0,12.040702354261157,0.0003690234152600169,0.016454130162545745,0.0,0.0,0.005,0.0,0.0,0.005,0.0,8.2,0.036,0.0,0.0,0.006
21,0,-1500,1500.0,0.010113444204762345,4.216309662297135e-06,5.394861721156396e-05,0.0,0.0,0.0,0.0,0.0,0.0,0.0,0.0,0.0,0.0,0.0,0.0,6.576273435416624,0.00018227161490358412,0.00928625909275363,0.0,0.0,0.003,0.0,0.0,0.003,0.0,0.0,0.032,0.0,0.0,0.005
21,0,-1000,1000.0,0.0,0.0,0.0,0.0,0.0,0.0,0.0,0.0,0.0,0.0,0.0,0.0,0.0,0.0,0.0,3.4424799166572484,5.131720899953507e-05,0.004377480390372705,0.0,0.0,0.003,0.0,0.0,0.003,0.0,0.0,0.02,0.0,0.0,0.004
21,0,-500,500.0,0.019690223448520783,4.219447873765603e-06,6.952290255650148e-05,0.0,0.0,0.0,0.0,0.0,0.0,0.0,0.0,0.0,0.0,0.0,0.0,3.393107462312628,8.191669621737674e-05,0.0038890749368336035,0.0,0.0,0.002,0.0,0.0,0.002,0.0,0.0,0.007,0.0,0.0,0.002
21,0,0,0.0,0.05983545926042666,4.21876939071808e-06,0.00016703206239362782,0.0,0.0,0.0,0.0,0.0,0.0,0.0,0.0,0.001,0.0,0.0,0.0,12.573782758929042,0.0003860603319481015,0.01054711594812346,0.01,4.56,0.055,0.0,0.0,0.002,0.0,0.0,0.006,0.0,0.0,0.002
21,0,500,500.0,2.36196819147807,5.5002303270157427e-05,0.004943423198217748,0.0,0.0,0.002,0.0,0.0,0.002,0.0,0.0,0.001,0.0,0.0,0.001,34.70869932652931,0.0015585344517603517,0.02203700627361281,0.01,4.56,0.055,0.0,0.0,0.002,0.0,0.0,0.004,0.0,0.0,0.002
21,0,1000,1000.0,9.77425053164751,0.0002903197892010212,0.015539177057446372,0.01,8.79,0.056,0.0,0.0,0.002,0.0,0.0,0.002,0.0,0.0,0.001,82.1114397261681,0.005105414427816868,0.035360506020087334,0.01,9.12,0.061,0.0,0.0,0.002,0.0,0.0,0.005,0.0,0.0,0.002
21,0,1500,1500.0,23.77530137341637,0.0010105613619089127,0.030712779561129423,0.01,26.37,0.091,0.0,0.0,0.003,0.0,0.0,0.002,0.0,0.0,0.001,149.07923647178905,0.011211645789444447,0.0473879179886751,0.01,9.12,0.061,0.0,0.0,0.004,0.0,0.0,0.006,0.0,0.0,0.002
21,0,2000,2000.0,37.98322855400329,0.002022125292569399,0.04337447630050865,0.02,35.16,0.117,0.0,0.0,0.003,0.0,0.0,0.002,0.0,0.0,0.002,254.0540958419342,0.023968921974301338,0.06470690606006613,0.03,37.7,0.266,0.0,0.0,0.004,0.0,0.0,0.008,0.0,0.0,0.002
21,0,2500,2500.0,39.96664508841832,0.0022205174900591373,0.04399815476089344,0.02,35.16,0.119,0.0,0.0,0.002,0.0,0.0,0.004,0.0,0.0,0.002,375.2768085525531,0.04386820271611214,0.07907375885023607,0.04,74.76,0.271,0.0,0.0,0.01,0.0,0.0,0.009,0.0,0.0,0.004
21,0,3000,3000.0,22.887951683225083,0.000968133972492069,0.027288092743609656,0.01,17.58,0.079,0.0,0.0,0.002,0.0,0.0,0.008,0.0,0.0,0.002,620.5723514480269,0.09297525137662888,0.11901361149681343,0.07,95.7,0.354,0.0,0.0,0.01,0.0,0.0,0.013,0.0,0.0,0.004
21,0,3500,3500.0,13.608550291201027,0.0004220592090860009,0.017889781132964508,0.0,0.0,0.003,0.0,0.0,0.003,0.0,0.0,0.016,0.0,0.0,0.003,890.1088277169038,0.15084689855575562,0.15951102253743368,0.08,98.6,0.358,0.0,0.0,0.013,0.0,0.0,0.02,0.0,0.0,0.006
21,0,4000,4000.0,8.220840530793794,0.00020434442558325827,0.012275096646987733,0.0,0.0,0.003,0.0,0.0,0.003,0.0,0.0,0.019,0.0,0.0,0.004,1030.8282560257794,0.18259884417057037,0.18275458748405435,0.04,53.94,0.352,0.0,0.0,0.013,0.01,8.2,0.055,0.0,0.0,0.006
21,0,4500,4500.0,5.469550622865427,0.00011815300240414217,0.009420966688266861,0.0,0.0,0.003,0.0,0.0,0.003,0.0,0.0,0.021,0.0,0.0,0.004,1081.5345206137863,0.20004241168498993,0.1974905843830272,0.06,66.33,0.367,0.0,3.59,0.02,0.01,24.6,0.093,0.0,0.0,0.009
21,0,5000,5000.0,3.5290815659436703,6.868180935271084e-05,0.006584389229133233,0.0,0.0,0.003,0.0,0.0,0.003,0.0,0.0,0.019,0.0,0.0,0.004,968.3506052620942,0.16939719021320343,0.19452404427220818,0.05,54.27,0.35,0.0,3.59,0.02,0.03,57.400000000000006,0.166,0.0,0.0,0.009
21,0,5500,5500.0,1.8496743315154163,3.228671266697347e-05,0.0036467634713311056,0.0,0.0,0.004,0.0,0.0,0.004,0.0,0.0,0.014,0.0,0.0,0.004,743.5101608156401,0.1193292960524559,0.1709256759144395,0.03,34.17,0.302,0.0,5.8,0.097,0.04,98.4,0.213,0.0,1.88,0.011
21,0,6000,6000.0,0.8624058637224152,1.2237949704285711e-05,0.001252028438938586,0.0,0.0,0.004,0.0,0.0,0.004,0.0,0.0,0.01,0.0,0.0,0.004,450.87709081490175,0.06713562458753586,0.13207262781214363,0.02,21.0,0.285,0.0,3.48,0.121,0.04,82.0,0.198,0.0,1.88,0.011
21,0,6500,6500.0,6.204989144168849,0.00016187014989554882,0.006601396003237665,0.0,0.0,0.003,0.0,0.0,0.003,0.0,0.0,0.006,0.0,0.0,0.003,245.60233326192247,0.03304323926568031,0.09535382036140402,0.02,24.72,0.219,0.0,4.02,0.128,0.03,73.8,0.183,0.0,1.88,0.011
21,0,7000,7000.0,35.529926450192306,0.0015367019223049283,0.02091855484518607,0.01,6.08,0.058,0.0,0.0,0.003,0.0,0.0,0.003,0.0,0.0,0.002,97.0668948648381,0.008696123026311398,0.048751878986621304,0.01,9.27,0.135,0.0,4.02,0.105,0.02,32.8,0.125,0.0,1.88,0.011
21,0,7500,7500.0,119.12159489645404,0.008086634799838066,0.04177277611760811,0.01,6.08,0.058,0.0,0.0,0.001,0.0,0.0,0.002,0.0,0.0,0.001,43.248359431891004,0.0023357465397566557,0.028192822376923547,0.01,16.4,0.07,0.0,0.0,0.015,0.01,16.4,0.07,0.0,0.0,0.009
21,0,8000,8000.0,381.71656166155543,0.044712360948324203,0.08363881507313499,0.02,29.7,0.213,0.0,0.0,0.001,0.0,0.0,0.002,0.0,0.0,0.001,31.40089831285877,0.0009501235326752067,0.02249937985139279,0.0,0.0,0.015,0.0,0.0,0.015,0.0,8.2,0.038,0.0,0.0,0.008
21,0,8500,8500.0,1009.0723422551762,0.1640138477087021,0.14388547886896103,0.11,148.72,0.242,0.0,0.0,0.001,0.0,0.0,0.002,0.0,0.0,0.001,33.81636034764597,0.001353397616185248,0.025625179240768025,0.0,0.0,0.008,0.0,0.0,0.008,0.0,0.0,0.016,0.0,0.0,0.006
21,0,9000,9000.0,2143.661936304433,0.43865421414375305,0.23203162082236625,0.12,160.16000000000003,0.245,0.0,0.0,0.001,0.0,0.0,0.002,0.0,0.0,0.001,38.559120337049535,0.0016667228192090988,0.028428362916998587,0.0,0.0,0.007,0.0,0.0,0.007,0.0,0.0,0.015,0.0,0.0,0.004
21,0,9500,9500.0,3018.4663229289185,0.6762651801109314,0.28234439362789954,0.47,1054.8,0.459,0.0,0.0,0.003,0.0,0.0,0.005,0.0,0.0,0.001,43.033828285661,0.002015460981056094,0.031308640938411424,0.0,0.0,0.01,0.0,0.0,0.01,0.0,0.0,0.015,0.0,0.0,0.005
21,0,10000,10000.0,3226.7639218100157,0.7144145965576172,0.2942383324896697,0.12,157.92000000000002,0.386,0.0,0.0,0.003,0.01,24.6,0.1,0.0,0.0,0.002,40.71906343015144,0.0017868638969957829,0.029904364528818214,0.0,0.0,0.01,0.0,0.0,0.01,0.0,0.0,0.024,0.0,0.0,0.005
21,0,10500,10500.0,3209.919104828441,0.7165522575378418,0.3033650597045863,0.17,162.0,0.434,0.0,3.59,0.019,0.04,98.4,0.208,0.0,0.0,0.01,34.44412604731042,0.0013248234754428267,0.02630321139961165,0.0,0.0,0.013,0.0,0.0,0.013,0.0,0.0,0.033,0.0,0.0,0.007
21,0,11000,11000.0,2792.61887192406,0.6088166832923889,0.2933141714273802,0.28,346.08000000000004,0.507,0.0,3.59,0.019,0.14,352.6,0.352,0.0,1.88,0.01,25.04236355489411,0.0008528484031558037,0.02084996633541313,0.0,0.0,0.013,0.0,0.0,0.013,0.0,0.0,0.035,0.0,0.0,0.007
21,0,11500,11500.0,2234.4527146720793,0.4682541787624359,0.267870194005852,0.22,284.28,0.491,0.0,6.02,0.054,0.29,664.2,0.424,0.0,3.76,0.012,17.28844399422087,0.0004953810130245984,0.015646248206857616,0.0,0.0,0.009,0.0,0.0,0.009,0.0,8.2,0.039,0.0,0.0,0.007
21,0,12000,12000.0,1458.1348143779906,0.28788885474205017,0.22250180278465906,0.16,219.39,0.468,0.0,5.22,0.133,0.24,565.8,0.407,0.01,3.76,0.012,12.126962565889698,0.0002447351289447397,0.011427443085446805,0.0,0.0,0.009,0.0,0.0,0.009,0.0,0.0,0.029,0.0,0.0,0.007
21,0,12500,12500.0,820.6907637344557,0.13902083039283752,0.17041707361452127,0.08,123.6,0.409,0.0,6.03,0.133,0.17,418.2,0.373,0.0,1.88,0.012,10.447535028333732,0.00021862199355382472,0.009932468998748417,0.0,0.0,0.004,0.0,0.0,0.004,0.0,0.0,0.022,0.0,0.0,0.005
21,0,13000,13000.0,384.30822748487117,0.048744380474090576,0.10508911487502114,0.09,221.40000000000003,0.298,0.0,4.02,0.127,0.09,221.40000000000003,0.298,0.0,1.88,0.011,11.85656537199975,0.0002892111078836024,0.010087186532238163,0.0,0.0,0.004,0.0,0.0,0.004,0.0,0.0,0.016,0.0,0.0,0.004
21,0,13500,13500.0,164.15893086668802,0.011513245292007923,0.061515635892658294,0.01,20.300000000000004,0.2,0.0,0.0,0.015,0.02,49.2,0.152,0.0,0.0,0.01,15.346386167811943,0.00044930499279871583,0.01195061138241162,0.01,7.12,0.091,0.0,0.0,0.005,0.0,0.0,0.009,0.0,0.0,0.003
21,0,14000,14000.0,144.10531249159249,0.011691014282405376,0.061954445945994044,0.02,26.1,0.23,0.0,0.0,0.015,0.01,16.4,0.08,0.0,0.0,0.009,19.445324966227417,0.0006098759477026761,0.013832086787451925,0.01,10.68,0.111,0.0,0.0,0.005,0.0,0.0,0.01,0.0,0.0,0.003
21,0,14500,14500.0,164.69584812875837,0.01558083575218916,0.07944895688459092,0.02,26.1,0.232,0.0,0.0,0.011,0.0,0.0,0.023,0.0,0.0,0.007,21.84540320013184,0.0007133434992283583,0.01443994430462055,0.01,14.24,0.125,0.0,0.0,0.008,0.0,0.0,0.011,0.0,0.0,0.004
21,0,15000,15000.0,164.43441676256043,0.014846736565232277,0.08373662471316352,0.01,10.44,0.194,0.0,0.0,0.011,0.0,0.0,0.018,0.0,0.0,0.005,31.140595977831254,0.0012436448596417904,0.01914568262344688,0.01,8.7,0.141,0.0,0.0,0.008,0.0,0.0,0.014,0.0,0.0,0.005
21,0,15500,15500.0,155.48756514544948,0.013355548493564129,0.08395057730083225,0.01,10.44,0.194,0.0,0.0,0.016,0.0,0.0,0.015,0.0,0.0,0.006,41.9704863037623,0.001942431554198265,0.02379129217359053,0.01,11.6,0.147,0.0,0.0,0.008,0.0,0.0,0.017,0.0,0.0,0.005
21,0,16000,16000.0,119.70425984836766,0.008472579531371593,0.07041645116593048,0.01,10.05,0.193,0.0,0.0,0.016,0.0,0.0,0.024,0.0,0.0,0.006,51.251127308751165,0.002499985508620739,0.026456675855178503,0.01,5.8,0.099,0.0,0.0,0.008,0.0,0.0,0.013,0.0,0.0,0.005
21,0,16500,16500.0,84.30076310105505,0.005405817646533251,0.05324073381801497,0.01,8.16,0.105,0.0,3.59,0.018,0.0,0.0,0.029,0.0,0.0,0.008,60.486387835408095,0.0029437015764415264,0.02909868709231488,0.01,5.8,0.095,0.0,0.0,0.009,0.0,0.0,0.01,0.0,0.0,0.004
21,0,17000,17000.0,62.594922605057945,0.0027741752564907074,0.04236266536155312,0.01,8.16,0.105,0.0,3.59,0.018,0.0,0.0,0.029,0.0,0.0,0.008,62.76074299166794,0.0020252831745892763,0.028502485823709837,0.01,8.7,0.094,0.0,0.0,0.008,0.0,0.0,0.01,0.0,0.0,0.004
21,0,17500,17500.0,67.8283069995814,0.0035824470687657595,0.04715932232233801,0.02,43.95,0.127,0.0,0.0,0.015,0.0,0.0,0.031,0.0,0.0,0.008,64.64320785089512,0.001730206306092441,0.027972833810171165,0.01,8.7,0.102,0.0,0.0,0.013,0.0,0.0,0.009,0.0,0.0,0.005
21,0,18000,18000.0,109.21830188599415,0.008420131169259548,0.07121790706573276,0.04,87.9,0.192,0.0,0.0,0.015,0.0,0.0,0.026,0.0,0.0,0.008,70.3964211512357,0.003148779273033142,0.029031569590598907,0.01,14.5,0.155,0.0,0.0,0.013,0.0,0.0,0.011,0.0,0.0,0.005
21,0,18500,18500.0,142.16116803063414,0.012215222232043743,0.08924304192014991,0.05,123.06000000000002,0.224,0.0,0.0,0.007,0.0,0.0,0.026,0.0,0.0,0.006,92.4191634876479,0.005638321861624718,0.03446876751657388,0.01,14.5,0.159,0.0,0.0,0.012,0.0,0.0,0.012,0.0,0.0,0.005
21,0,19000,19000.0,134.54426362695813,0.011056503280997276,0.08009489713966633,0.04,114.27,0.216,0.0,0.0,0.007,0.0,0.0,0.024,0.0,0.0,0.006,153.67220118532714,0.012779291719198227,0.050841851717137114,0.01,10.16,0.138,0.0,0.0,0.012,0.0,0.0,0.008,0.0,0.0,0.005
21,0,19500,19500.0,110.51397779924628,0.008241417817771435,0.06420644363321458,0.04,87.9,0.19,0.0,0.0,0.002,0.0,0.0,0.026,0.0,0.0,0.004,333.8280112691791,0.038594361394643784,0.08875024897727765,0.03,62.92,0.196,0.0,0.0,0.01,0.0,0.0,0.006,0.0,0.0,0.004
21,0,20000,20000.0,62.456027372854805,0.003527444088831544,0.03491202294080709,0.01,14.24,0.125,0.0,0.0,0.002,0.0,0.0,0.024,0.0,0.0,0.004,680.3297998284961,0.09710012376308441,0.14770509086718359,0.03,71.5,0.202,0.0,0.0,0.01,0.0,0.0,0.004,0.0,0.0,0.004
22,0,-20000,20000.0,35950.03630044949,9.449692726135254,0.3074743427807986,0.51,850.2300000000001,0.43,0.01,15.04,0.011,1.17,3066.8,0.456,0.01,15.04,0.011,58.989097696387205,0.0013117337366566062,0.02064942885720619,0.01,8.7,0.079,0.0,0.0,0.011,0.0,0.0,0.004,0.0,0.0,0.004
22,0,-19500,19500.0,36590.166007515574,8.786575317382812,0.3095497436849458,0.46,876.3600000000001,0.436,0.01,18.8,0.011,1.18,3296.3999999999996,0.46,0.01,18.8,0.011,58.38233151324417,0.0018216579919680953,0.020742931280159835,0.01,8.7,0.08,0.0,0.0,0.01,0.0,0.0,0.003,0.0,0.0,0.003
22,0,-19000,19000.0,36935.80861605192,8.74318790435791,0.3114447136997344,0.42,860.28,0.437,0.01,18.8,0.011,1.03,3280.0,0.459,0.01,18.8,0.011,53.211628548910994,0.0020232645329087973,0.01786646137125235,0.01,4.56,0.048,0.0,0.0,0.01,0.0,0.0,0.002,0.0,0.0,0.003
22,0,-18500,18500.0,37086.24301510518,8.941123008728027,0.31158632579057377,0.35,834.1500000000001,0.443,0.01,18.8,0.011,0.86,3230.8,0.458,0.01,18.8,0.011,60.1733132290768,0.0026890623848885298,0.018592519498743663,0.01,4.56,0.048,0.0,0.0,0.007,0.0,0.0,0.001,0.0,0.0,0.002
22,0,-18000,18000.0,37316.207498061885,9.214118003845215,0.30749222934255693,0.72,1634.04,0.435,0.01,18.8,0.011,0.9,3189.8,0.46,0.01,18.8,0.011,100.10850364050725,0.005878854542970657,0.025093734903878444,0.01,10.640000000000002,0.057,0.0,0.0,0.007,0.0,0.0,0.001,0.0,0.0,0.002
22,0,-17500,17500.0,38210.47187784315,9.910350799560547,0.3062923068725836,0.84,1797.8,0.443,0.01,18.8,0.011,0.97,3206.2,0.466,0.01,18.8,0.011,197.773851827516,0.014923683367669582,0.03977411206639252,0.01,10.640000000000002,0.057,0.0,0.0,0.006,0.0,0.0,0.001,0.0,0.0,0.001
22,0,-17000,17000.0,40031.28369285642,11.213134765625,0.31200105697150154,1.06,2036.32,0.452,0.01,18.8,0.011,1.04,3230.8,0.473,0.01,18.8,0.011,452.08650469116094,0.04748062044382095,0.06429496854738251,0.05,124.59999999999998,0.306,0.0,0.0,0.006,0.0,0.0,0.001,0.0,0.0,0.001
22,0,-16500,16500.0,41842.53189879445,12.564868927001953,0.3190376643225602,1.19,2185.84,0.458,0.01,16.92,0.011,1.11,3312.8,0.485,0.01,16.92,0.011,899.016588746661,0.11934404075145721,0.09265939379998224,0.07,170.88,0.34,0.0,0.0,0.003,0.0,0.0,0.001,0.0,0.0,0.001
22,0,-16000,16000.0,43059.65065659518,13.706178665161133,0.3304973507945698,0.98,1716.8,0.467,0.01,16.92,0.011,1.14,3304.6,0.488,0.01,16.92,0.011,1750.7287240685685,0.2839552164077759,0.12755941455058847,0.1,238.52,0.369,0.0,0.0,0.003,0.0,0.0,0.005,0.0,0.0,0.001
22,0,-15500,15500.0,43775.3208558093,14.461831092834473,0.3412621931494631,1.0,1734.2000000000003,0.468,0.01,16.92,0.011,1.15,3321.0,0.491,0.01,16.92,0.011,3044.6639910165914,0.568973183631897,0.16401520095325378,0.14,288.36,0.385,0.0,0.0,0.008,0.0,0.0,0.011,0.0,0.0,0.003
22,0,-15000,15000.0,44018.948410241275,14.703998565673828,0.35918158678374906,0.51,958.74,0.466,0.01,16.92,0.011,1.32,3763.8,0.504,0.01,16.92,0.011,4881.3788742432735,1.0325822830200195,0.2161556396279936,0.22,278.4,0.421,0.0,0.0,0.008,0.01,16.4,0.048,0.0,0.0,0.003
22,0,-14500,14500.0,42435.27314539137,14.060999870300293,0.37069563465611194,0.63,1137.66,0.469,0.01,20.68,0.011,1.48,4190.200000000001,0.515,0.01,20.68,0.011,6481.9376619064315,1.477413535118103,0.2506537011834543,0.23,290.0,0.424,0.0,3.59,0.016,0.01,32.8,0.095,0.0,0.0,0.007
22,0,-14000,14000.0,38130.84064263271,12.167390823364258,0.3707269847569321,1.24,2309.28,0.464,0.01,20.68,0.011,1.49,4280.4,0.52,0.01,20.68,0.011,7704.882482730136,1.867750644683838,0.2908617300778743,0.35,388.6,0.442,0.0,3.59,0.016,0.04,139.4,0.203,0.0,0.0,0.007
22,0,-13500,13500.0,32893.68217124077,9.847651481628418,0.3629322818967457,0.5,1007.01,0.468,0.08,212.52,0.033,1.46,4255.8,0.524,0.01,22.56,0.011,8284.004568607892,2.154226303100586,0.325460043385346,0.36,394.4,0.443,0.0,0.0,0.019,0.09,278.8,0.281,0.0,1.88,0.01
22,0,-13000,13000.0,27313.781846428938,7.491644859313965,0.34982804518399324,0.98,2040.0,0.464,0.07,177.1,0.031,1.41,4067.2,0.524,0.01,22.56,0.011,7553.844235475357,2.0996594429016113,0.33467610650715224,0.21,235.17,0.438,0.0,0.0,0.009,0.21,623.2,0.37,0.0,1.88,0.01
22,0,-12500,12500.0,22407.624475281475,6.130908966064453,0.33588939728232153,1.76,4254.82,0.45,0.07,159.39,0.03,1.36,3854.0,0.524,0.01,20.68,0.011,6375.9520885709435,1.8304225206375122,0.3288642342983724,0.24,273.36,0.445,0.0,3.56,0.041,0.36,975.8,0.414,0.01,5.64,0.011
22,0,-12000,12000.0,17815.73876219351,4.957377910614014,0.3077126557999209,0.91,2829.0,0.503,0.07,159.39,0.03,0.91,2829.0,0.503,0.01,20.68,0.011,4783.452960179102,1.2993451356887817,0.31478441024777765,0.41,542.64,0.435,0.0,5.8,0.077,0.4,1057.8,0.418,0.01,5.64,0.011
22,0,-11500,11500.0,15080.775327955726,4.023942947387695,0.298318969804273,0.27,633.45,0.489,0.09,159.39,0.03,0.57,1894.2,0.471,0.01,11.28,0.011,3028.2019855942963,0.7039391994476318,0.27598119298533985,0.47,1068.35,0.397,0.0,0.0,0.025,0.39,1041.4,0.412,0.01,5.64,0.011
22,0,-11000,11000.0,13512.349075553226,3.557330846786499,0.27990122280803315,0.66,1678.89,0.446,0.01,9.4,0.011,0.46,1525.2,0.448,0.01,9.4,0.011,1265.9628187138878,0.2509247660636902,0.1837118124546165,0.18,557.6,0.339,0.0,0.0,0.02,0.18,557.6,0.339,0.01,5.64,0.011
22,0,-10500,10500.0,12659.941903463772,3.336087942123413,0.2703789586396744,0.29,543.84,0.473,0.0,7.52,0.011,0.39,1279.2,0.427,0.0,7.52,0.011,372.935561440579,0.06419084966182709,0.10889009611392884,0.07,204.38,0.236,0.0,0.0,0.023,0.04,131.2,0.184,0.0,1.88,0.01
22,0,-10000,10000.0,12353.716371827191,3.4111249446868896,0.2641146795766262,0.35,553.11,0.473,0.0,7.52,0.01,0.38,1213.6,0.42,0.0,7.52,0.01,66.07669693344178,0.006402140483260155,0.028383886511602122,0.01,7.18,0.019,0.0,0.0,0.023,0.01,24.6,0.072,0.0,1.88,0.009
22,0,-9500,9500.0,12413.866409691089,3.605848550796509,0.2650979286173807,0.38,562.38,0.474,0.0,5.64,0.01,0.45,1230.0,0.42,0.0,5.64,0.01,66.03377182523786,0.003547601867467165,0.03598711952352486,0.01,17.16,0.113,0.0,0.0,0.004,0.0,0.0,0.006,0.0,0.0,0.004
22,0,-9000,9000.0,12597.798887757273,3.819495677947998,0.2672036248346053,0.43,490.1,0.402,0.0,5.64,0.01,0.5,1262.8,0.422,0.0,5.64,0.01,166.2385968231206,0.014221004210412502,0.06742914573986186,0.04,114.27,0.198,0.0,0.0,0.004,0.0,0.0,0.002,0.0,0.0,0.002
22,0,-8500,8500.0,12877.700335023681,3.955183982849121,0.27199178646392375,0.45,501.7,0.404,0.01,21.54,0.019,0.55,1295.6,0.424,0.01,5.64,0.01,394.6204196810399,0.04629448428750038,0.10885063465794331,0.03,80.08000000000001,0.205,0.0,0.0,0.001,0.0,0.0,0.001,0.0,0.0,0.001
22,0,-8000,8000.0,13138.384936688672,3.9885716438293457,0.2780173661770247,0.56,568.4,0.429,0.01,21.54,0.019,0.58,1344.8,0.427,0.01,5.64,0.01,767.0876248732384,0.10903239995241165,0.14183370498015713,0.04,91.52,0.212,0.0,0.0,0.001,0.0,0.0,0.001,0.0,0.0,0.001
22,0,-7500,7500.0,13116.342009817177,3.8805131912231445,0.2801700286493552,0.57,574.2,0.431,0.01,7.52,0.01,0.57,1336.6,0.427,0.01,7.52,0.01,1281.2017006383385,0.21279065310955048,0.17299393617550482,0.07,137.28,0.233,0.0,0.0,0.001,0.0,0.0,0.004,0.0,0.0,0.001
22,0,-7000,7000.0,12868.360260366928,3.662925958633423,0.28274237534375335,0.49,516.2,0.433,0.01,7.52,0.01,0.5,1238.2,0.42,0.01,7.52,0.01,1872.0508128637562,0.34696468710899353,0.20994479269026828,0.08,143.0,0.234,0.0,0.0,0.001,0.0,8.2,0.03,0.0,0.0,0.001
22,0,-6500,6500.0,12365.76661807,3.3958938121795654,0.2819386257217026,0.35,353.76,0.429,0.01,7.52,0.01,0.41,1074.2,0.407,0.01,7.52,0.01,2307.9678050237135,0.4563891291618347,0.2338932168971728,0.06,119.38,0.357,0.0,0.0,0.001,0.01,24.6,0.094,0.0,0.0,0.003
22,0,-6000,6000.0,11732.762502251107,3.0649843215942383,0.2809017059622337,0.33,341.7,0.429,0.07,159.39,0.032,0.37,992.2,0.404,0.01,7.52,0.01,2482.7274988467025,0.5035634636878967,0.250213108951311,0.1,197.76,0.439,0.0,0.0,0.001,0.04,123.0,0.218,0.0,0.0,0.004
22,0,-5500,5500.0,10981.027155378517,2.7158010005950928,0.27746774116357203,0.29,315.57,0.431,0.06,141.68,0.031,0.33,926.5999999999999,0.403,0.01,5.64,0.01,2491.82585521703,0.5405621528625488,0.2625444676715751,0.14,262.65,0.469,0.0,0.0,0.012,0.09,295.2,0.318,0.0,0.0,0.009
22,0,-5000,5000.0,10127.04351676795,2.275272846221924,0.2680520351341666,0.26,301.5,0.426,0.07,141.68,0.03,0.31,885.6000000000001,0.401,0.01,5.64,0.011,2198.554904267803,0.47452232241630554,0.2494618053931378,0.2,336.81,0.493,0.0,0.0,0.012,0.16,492.0,0.378,0.0,1.88,0.009
22,0,-4500,4500.0,9424.475289240947,1.842460036277771,0.2598961753580006,0.2,275.37,0.416,0.08,141.68,0.03,0.3,877.4,0.401,0.01,5.64,0.011,1813.9984754787292,0.39032870531082153,0.22468041895210628,0.14,259.56,0.47,0.0,0.0,0.019,0.23,656.0,0.411,0.0,1.88,0.011
22,0,-4000,4000.0,8752.102803939159,1.5955942869186401,0.24546737451873396,0.34,550.8,0.406,0.03,71.04,0.057,0.27,844.6,0.393,0.01,5.64,0.011,1274.03433592699,0.23145702481269836,0.17649473302743882,0.09,179.22,0.433,0.0,1.74,0.045,0.19,549.4,0.391,0.0,3.76,0.011
22,0,-3500,3500.0,8262.883702992347,1.5640627145767212,0.233989145259413,0.25,491.2799999999999,0.369,0.0,5.64,0.01,0.23,811.8,0.385,0.0,5.64,0.01,763.7500322583946,0.10419391840696335,0.11854153669233275,0.06,117.48,0.304,0.0,4.08,0.029,0.12,369.0,0.346,0.0,1.88,0.011
22,0,-3000,3000.0,7960.985397219967,1.664239525794983,0.2236155286266877,0.33,580.28,0.385,0.0,5.64,0.01,0.18,705.2,0.361,0.0,5.64,0.01,500.3498569269141,0.02733035385608673,0.08028133163641567,0.07,128.16,0.315,0.0,4.08,0.029,0.05,147.6,0.24,0.0,1.88,0.011
22,0,-2500,2500.0,7963.350450675487,1.8131619691848755,0.21974998937375445,0.38,637.24,0.393,0.0,5.64,0.01,0.16,598.6,0.333,0.0,5.64,0.01,591.8214793466177,0.05023222044110298,0.09139470631974778,0.07,142.4,0.323,0.0,0.0,0.008,0.01,8.2,0.047,0.0,0.0,0.009
22,0,-2000,2000.0,8477.576588950793,2.1122984886169434,0.2217306912361204,0.33,426.3,0.398,0.0,3.76,0.01,0.16,533.0,0.311,0.0,3.76,0.01,996.4649600409757,0.09025415778160095,0.1311773489394794,0.08,104.4,0.356,0.0,0.0,0.008,0.0,0.0,0.008,0.0,0.0,0.006
22,0,-1500,1500.0,9478.697567649622,2.5166079998016357,0.23109867408042095,0.34,432.1,0.4,0.0,3.76,0.01,0.15,492.0,0.299,0.0,3.76,0.01,1536.1808635763282,0.13696911931037903,0.16943171434003118,0.08,107.3,0.36,0.0,0.0,0.007,0.0,0.0,0.002,0.0,0.0,0.002
22,0,-1000,1000.0,11016.204073425004,3.0418541431427,0.24128689553538402,0.33,452.4,0.405,0.0,3.76,0.01,0.17,516.6,0.305,0.0,3.76,0.01,2026.9483589596348,0.1768716424703598,0.1972459018276338,0.22,659.25,0.373,0.0,0.0,0.007,0.0,0.0,0.019,0.0,0.0,0.002
22,0,-500,500.0,12756.779976493674,3.649315357208252,0.2500295375174778,0.33,455.3,0.406,0.0,3.76,0.01,0.19,549.4,0.312,0.0,3.76,0.01,2355.6295053645954,0.23350462317466736,0.21332440445552903,0.22,685.62,0.377,0.0,6.74,0.022,0.01,8.2,0.04,0.0,0.0,0.007
22,0,0,0.0,15205.157789590468,4.423430442810059,0.2687357608281214,0.38,606.1,0.428,0.0,3.76,0.01,0.22,639.6,0.336,0.0,3.76,0.01,2318.5544983805726,0.24328337609767914,0.21540365832536135,0.04,54.27,0.331,0.0,3.11,0.033,0.01,32.8,0.078,0.0,0.0,0.008
22,0,500,500.0,17391.501391162095,5.157170295715332,0.2803071380315453,0.49,900.6799999999998,0.43,0.0,5.64,0.01,0.26,738.0,0.359,0.0,5.64,0.01,2054.2960432502696,0.23095692694187164,0.20808281025424707,0.08,151.41,0.361,0.0,3.11,0.024,0.02,90.2,0.14,0.0,1.88,0.009
22,0,1000,1000.0,19715.53218636982,6.097887992858887,0.2975222691038669,0.45,800.3999999999999,0.448,0.01,5.64,0.01,0.33,951.1999999999999,0.394,0.01,5.64,0.01,1581.1393490052978,0.19159679114818573,0.18799503743470178,0.15,237.93,0.417,0.0,5.8,0.063,0.05,188.6,0.212,0.0,1.88,0.009
22,0,1500,1500.0,21953.13288635693,6.8337082862854,0.31269081508241375,0.46,814.9,0.449,0.01,5.64,0.01,0.41,1205.4,0.425,0.01,5.64,0.01,1229.9298488991597,0.16710463166236877,0.175520384883088,0.14,216.3,0.403,0.0,6.02,0.03,0.11,352.6,0.285,0.0,1.88,0.01
22,0,2000,2000.0,23698.206641136552,7.138957500457764,0.3261216132261739,0.46,701.04,0.446,0.01,7.52,0.01,0.57,1623.6,0.46,0.01,7.52,0.01,812.2722903018698,0.11258891224861145,0.1444961173012593,0.13,191.58,0.389,0.0,1.74,0.039,0.12,344.4,0.284,0.0,1.88,0.01
22,0,2500,2500.0,24609.740903384205,7.462553977966309,0.3310499774205506,0.51,685.8,0.445,0.01,9.4,0.011,0.75,2041.8000000000002,0.484,0.01,9.4,0.011,465.30057371574003,0.06086954474449158,0.10785250543601442,0.05,89.61,0.29,0.0,3.59,0.015,0.11,295.2,0.269,0.0,1.88,0.009
22,0,3000,3000.0,24829.400259698177,7.668726921081543,0.33774698681258036,0.55,657.86,0.444,0.01,11.28,0.011,0.92,2304.2,0.496,0.01,11.28,0.011,192.69766797087868,0.020554332062602043,0.05495197075335911,0.01,4.56,0.052,0.0,3.59,0.015,0.05,139.4,0.184,0.0,1.88,0.009
22,0,3500,3500.0,24199.253774559722,7.560837268829346,0.3373236919070151,0.52,591.84,0.454,0.01,13.160000000000002,0.011,1.08,2492.8,0.503,0.01,13.160000000000002,0.011,68.22632280297967,0.0032603859435766935,0.024357613411021335,0.01,4.56,0.052,0.0,0.0,0.006,0.0,8.2,0.027,0.0,0.0,0.006
22,0,4000,4000.0,22895.223557662444,7.059205055236816,0.3335299796765572,0.78,982.62,0.531,0.01,13.160000000000002,0.011,1.18,2476.4,0.502,0.01,13.160000000000002,0.011,95.56739615948686,0.00642105657607317,0.03342480025440682,0.02,39.16,0.203,0.0,0.0,0.006,0.0,0.0,0.009,0.0,0.0,0.004
22,0,4500,4500.0,21566.7880960532,6.505337238311768,0.3293572290925516,0.57,557.28,0.453,0.01,13.160000000000002,0.011,1.26,2468.2,0.502,0.01,13.160000000000002,0.011,131.63004614586882,0.010228609666228294,0.04342346724434057,0.02,49.84000000000001,0.221,0.0,0.0,0.007,0.0,0.0,0.003,0.0,0.0,0.002
22,0,5000,5000.0,20231.843066259193,5.6989970207214355,0.323977756196505,0.75,927.0,0.529,0.01,13.160000000000002,0.011,1.23,2394.4,0.5,0.01,13.160000000000002,0.011,192.796703643819,0.01846236176788807,0.057680135422260255,0.02,46.4,0.265,0.0,0.0,0.007,0.0,0.0,0.002,0.0,0.0,0.002
22,0,5500,5500.0,18878.46945747466,4.819232940673828,0.3177468477774633,0.58,828.12,0.522,0.01,11.28,0.011,1.15,2312.4,0.498,0.01,11.28,0.011,261.37662153651036,0.029348647221922874,0.0707453830501512,0.02,46.4,0.27,0.0,0.0,0.01,0.0,0.0,0.002,0.0,0.0,0.002
22,0,6000,6000.0,17664.32688694414,4.350006103515625,0.31360427766015914,0.23,284.2,0.439,0.01,11.28,0.011,0.89,2066.4,0.49,0.01,11.28,0.011,342.4985149135864,0.04336439445614815,0.08520629635460637,0.03,55.1,0.285,0.0,0.0,0.01,0.0,0.0,0.002,0.0,0.0,0.002
22,0,6500,6500.0,16602.910922817064,4.100571632385254,0.31126200273902777,0.25,375.87,0.437,0.01,9.4,0.011,0.63,1820.4000000000003,0.48,0.01,9.4,0.011,423.521929996469,0.05849173292517662,0.09592816182339803,0.03,58.0,0.286,0.0,0.0,0.014,0.0,0.0,0.002,0.0,0.0,0.003
22,0,7000,7000.0,15714.006751584982,4.115228176116943,0.31070342376124177,0.21,373.86,0.436,0.01,9.4,0.011,0.57,1697.3999999999999,0.475,0.01,9.4,0.011,480.0660928317775,0.06456843763589859,0.09639431941984425,0.02,24.360000000000003,0.245,0.0,0.0,0.014,0.0,0.0,0.005,0.0,0.0,0.003
22,0,7500,7500.0,14843.755012898655,4.06019926071167,0.3113995986688869,0.28,490.1,0.422,0.09,159.39,0.033,0.51,1590.8,0.469,0.01,9.4,0.011,559.8190881327341,0.06979333609342575,0.09703941490096725,0.02,24.360000000000003,0.245,0.0,3.59,0.017,0.0,0.0,0.008,0.0,0.0,0.005
22,0,8000,8000.0,13857.74433939304,3.8359649181365967,0.310444519268963,0.19,355.77,0.43,0.07,141.68,0.032,0.51,1508.8,0.463,0.01,9.4,0.011,724.3032989676607,0.0634271577000618,0.10247481136359697,0.02,28.140000000000004,0.258,0.0,3.59,0.017,0.0,0.0,0.019,0.0,0.0,0.006
22,0,8500,8500.0,12728.204104835131,3.499455690383911,0.3070676101601626,0.2,333.66,0.426,0.05,123.97000000000001,0.031,0.5,1426.8,0.457,0.01,7.52,0.011,892.6541960088343,0.05476304143667221,0.10526641134485873,0.1,325.23,0.247,0.0,3.59,0.018,0.0,8.2,0.029,0.0,0.0,0.007
22,0,9000,9000.0,11431.53399771086,3.0036611557006836,0.29514197689795707,0.37,669.12,0.418,0.0,7.52,0.011,0.48,1361.2,0.452,0.0,7.52,0.011,1001.3652811733323,0.04998636245727539,0.10048849086525158,0.11,369.18,0.251,0.0,3.59,0.018,0.01,8.2,0.039,0.0,0.0,0.007
22,0,9500,9500.0,10284.50522431021,2.4900388717651367,0.28311385114719734,0.24,475.86,0.474,0.0,7.52,0.011,0.46,1303.8,0.446,0.0,7.52,0.011,1127.089856597749,0.05952020362019539,0.09743573013732244,0.1,360.39,0.24,0.0,3.59,0.017,0.01,16.4,0.051,0.0,0.0,0.008
22,0,10000,10000.0,9320.18497381646,2.0020527839660645,0.26470198743575574,0.21,426.41999999999996,0.463,0.0,7.52,0.011,0.4,1164.4,0.433,0.0,7.52,0.011,1371.902754751659,0.08941547572612762,0.10513312849020925,0.08,107.3,0.332,0.0,3.59,0.017,0.01,16.4,0.05,0.0,0.0,0.008
22,0,10500,10500.0,8778.593671906325,1.7066013813018799,0.2533465811119807,0.17,367.71,0.449,0.0,5.64,0.01,0.34,1033.2,0.419,0.0,5.64,0.01,1820.8680507760434,0.16615711152553558,0.124422583436969,0.09,113.1,0.339,0.0,3.59,0.014,0.01,24.6,0.054,0.0,0.0,0.007
22,0,11000,11000.0,8586.205224267993,1.5569241046905518,0.24540522293749806,0.18,480.6000000000001,0.378,0.0,5.64,0.01,0.26,861.0,0.399,0.0,5.64,0.01,2385.5511318720255,0.2428724467754364,0.15242109775920606,0.05,66.12,0.292,0.0,3.59,0.014,0.01,32.8,0.057,0.0,0.0,0.007
22,0,11500,11500.0,8702.138345616018,1.696244239807129,0.24507019540238234,0.22,562.48,0.39,0.0,3.76,0.01,0.2,713.4,0.377,0.0,3.76,0.01,2852.8781244926404,0.31251540780067444,0.17662240596884415,0.06,78.39,0.312,0.0,3.59,0.015,0.02,73.8,0.089,0.0,1.88,0.007
22,0,12000,12000.0,9175.006494395608,1.9756089448928833,0.2582601148780156,0.19,426.3,0.406,0.0,3.76,0.01,0.18,680.6,0.371,0.0,3.76,0.01,3087.3323493568305,0.3003380596637726,0.19919906304333887,0.06,80.4,0.307,0.0,3.59,0.015,0.02,147.6,0.14,0.0,1.88,0.007
22,0,12500,12500.0,9567.07931766022,2.246346950531006,0.2726534077554236,0.2,435.0,0.408,0.0,3.76,0.01,0.17,672.4,0.37,0.0,3.76,0.01,3094.6422944823894,0.38645458221435547,0.21675431030321854,0.08,165.1,0.352,0.0,6.74,0.038,0.04,246.0,0.194,0.0,1.88,0.009
22,0,13000,13000.0,9664.474446508695,2.3408708572387695,0.28318841860510935,0.11,247.08,0.407,0.0,3.76,0.01,0.19,754.4,0.384,0.0,3.76,0.01,2748.1359950483693,0.3971461057662964,0.22488424066789583,0.08,177.92,0.348,0.0,3.56,0.058,0.06,369.0,0.246,0.0,1.88,0.009
22,0,13500,13500.0,9465.588171471354,2.326570510864258,0.2884748278994072,0.13,293.46,0.412,0.0,5.64,0.01,0.22,836.4,0.398,0.0,5.64,0.01,2284.962738147442,0.3819527328014374,0.22754761479484292,0.05,95.2,0.37,0.0,3.11,0.031,0.08,459.20000000000005,0.282,0.0,3.76,0.01
22,0,14000,14000.0,8831.09837403826,2.0981104373931885,0.2735620430678922,0.12,273.36,0.406,0.0,5.64,0.01,0.28,959.3999999999999,0.413,0.0,5.64,0.01,1591.784805646239,0.29194363951683044,0.2102273818397268,0.05,81.2,0.358,0.0,2.9,0.059,0.09,377.2,0.271,0.0,3.76,0.011
22,0,14500,14500.0,8090.44780342423,1.7789313793182373,0.2512690275077184,0.11,229.13999999999996,0.391,0.0,5.64,0.01,0.33,1049.6,0.424,0.0,5.64,0.01,979.815964269801,0.16660431027412415,0.18960021659552237,0.11,325.15,0.269,0.0,0.0,0.016,0.07,270.6,0.251,0.0,3.76,0.01
22,0,15000,15000.0,7603.077806902694,1.6138869524002075,0.23255953961990258,0.21,456.96000000000004,0.38,0.0,5.64,0.01,0.28,910.2000000000002,0.408,0.0,5.64,0.01,439.10442073029117,0.06808442622423172,0.13124118938406606,0.04,73.44,0.269,0.0,0.0,0.017,0.03,114.80000000000001,0.175,0.0,3.76,0.011
22,0,15500,15500.0,7761.282605654813,1.7779223918914795,0.22687264651674627,0.22,498.3999999999999,0.403,0.0,5.64,0.01,0.22,754.4,0.386,0.0,5.64,0.01,148.0162380670123,0.02468140423297882,0.08526729438221255,0.04,111.48,0.191,0.0,0.0,0.019,0.01,32.8,0.093,0.0,1.88,0.009
22,0,16000,16000.0,8946.6565095475,2.4513449668884277,0.2502475954269174,0.29,461.7,0.422,0.0,5.64,0.01,0.14,533.0,0.348,0.0,5.64,0.01,15.723628474563611,0.0011086567537859082,0.015118638733926998,0.01,3.59,0.019,0.0,9.29,0.039,0.0,0.0,0.023,0.0,0.0,0.009
22,0,16500,16500.0,10536.682316265842,3.0780322551727295,0.28303222642818787,0.33,444.5,0.432,0.0,3.76,0.009,0.09,360.8,0.303,0.0,3.76,0.009,0.646209445437762,1.7745807781466283e-05,0.0011365678940277858,0.0,0.0,0.004,0.0,0.0,0.004,0.0,0.0,0.002,0.0,0.0,0.005
22,0,17000,17000.0,11977.376871924742,3.5829880237579346,0.31279865715079197,0.22,295.8,0.436,0.0,1.88,0.009,0.14,483.8,0.342,0.0,1.88,0.009,0.1841988575790765,6.0329566622385755e-06,0.0003333503357565385,0.0,0.0,0.004,0.0,0.0,0.004,0.0,0.0,0.001,0.0,0.0,0.002
22,0,17500,17500.0,12692.262006535871,4.012666702270508,0.3331093228344634,0.33,386.64,0.444,0.0,3.76,0.01,0.21,639.6,0.379,0.0,3.76,0.01,0.06616881217027526,9.448469882045174e-07,0.00011453350672113395,0.0,0.0,0.001,0.0,0.0,0.001,0.0,0.0,0.001,0.0,0.0,0.001
22,0,18000,18000.0,12123.153816245107,3.722903251647949,0.33167138461995316,0.33,384.48,0.444,0.0,3.76,0.01,0.42,1090.6,0.441,0.0,3.76,0.01,0.07499507977399844,1.1453523711679736e-06,0.00011780711399948477,0.0,0.0,0.001,0.0,0.0,0.001,0.0,0.0,0.0,0.0,0.0,0.001
22,0,18500,18500.0,10895.151587016338,3.189256429672241,0.3144513066807804,0.32,360.72,0.442,0.05,88.55,0.03,0.66,1525.2,0.475,0.01,7.52,0.011,0.040224589240267505,4.21355753132957e-06,5.80383474229792e-05,0.0,0.0,0.001,0.0,0.0,0.001,0.0,0.0,0.0,0.0,0.0,0.0
22,0,19000,19000.0,9244.144937595667,2.4814960956573486,0.2967537578091003,0.46,636.54,0.518,0.05,88.55,0.03,0.67,1525.2,0.476,0.01,9.4,0.011,0.1339928124636458,4.216309207549784e-06,0.00017337385883858268,0.0,0.0,0.001,0.0,0.0,0.001,0.0,0.0,0.0,0.0,0.0,0.0
22,0,19500,19500.0,7742.436362009561,1.8030368089675903,0.2785959255186311,0.31,460.41,0.493,0.05,88.55,0.03,0.67,1492.4,0.474,0.01,7.52,0.011,1.2024466236091769,1.4352064681588672e-05,0.0014109943217505217,0.0,0.0,0.001,0.0,0.0,0.001,0.0,0.0,0.001,0.0,0.0,0.0
22,0,20000,20000.0,6415.981958251305,1.4899464845657349,0.2556422458937319,0.16,268.83,0.44,0.05,88.55,0.03,0.42,1049.6,0.439,0.01,7.52,0.011,1.4660183822059025,1.7778414985514246e-05,0.0013965275225688127,0.0,0.0,0.001,0.0,0.0,0.001,0.0,0.0,0.001,0.0,0.0,0.001
23,0,-20000,20000.0,61828.12274516327,4.71828556060791,0.28145523020969165,0.39,1783.5,0.388,0.01,37.6,0.011,0.44,5953.2,0.429,0.01,37.6,0.011,44395.973454128,4.122814655303955,0.2584074808814251,0.63,2452.84,0.397,0.01,30.08,0.011,0.75,4862.6,0.434,0.01,30.08,0.011
23,0,-19500,19500.0,62151.62408579781,4.562341213226318,0.2822566754509282,0.3,1234.14,0.397,0.01,31.960000000000004,0.01,0.5,5412.0,0.426,0.01,31.960000000000004,0.01,43612.86471306303,3.0349783897399902,0.25283446877044746,0.72,2641.52,0.406,0.01,26.320000000000004,0.01,0.73,4321.4,0.415,0.01,26.320000000000004,0.01
23,0,-19000,19000.0,64382.655861543026,4.115016937255859,0.28060046598558297,0.3,1234.14,0.394,0.01,30.08,0.01,0.53,5346.4,0.426,0.01,30.08,0.01,45002.129976035394,3.7273406982421875,0.2542804464926369,0.57,2059.0,0.418,0.01,26.320000000000004,0.01,0.51,3542.4000000000005,0.39,0.01,26.320000000000004,0.01
23,0,-18500,18500.0,68945.82959073741,4.408949851989746,0.2860879047265199,0.29,1264.29,0.395,0.01,30.08,0.01,0.56,5444.8,0.431,0.01,30.08,0.01,48624.76381819724,5.136326789855957,0.26445139880544355,0.59,2099.6,0.419,0.0,18.8,0.01,0.36,2878.2,0.365,0.0,18.8,0.01
23,0,-18000,18000.0,75760.39874862763,5.70419454574585,0.29336849696522327,0.84,4741.92,0.521,0.01,30.08,0.01,0.52,5633.4,0.434,0.01,30.08,0.01,54262.636269499126,6.471949577331543,0.27783504790159985,0.56,2334.5,0.438,0.0,16.92,0.01,0.25,2968.4,0.372,0.0,16.92,0.01
23,0,-17500,17500.0,84596.10771594162,7.208176612854004,0.3047853415653045,1.0,5696.0,0.566,0.01,31.960000000000004,0.01,0.48,5830.2,0.437,0.01,31.960000000000004,0.01,60449.44977023151,7.558045864105225,0.2908378856263038,0.51,1963.42,0.434,0.0,18.8,0.01,0.33,3181.6,0.389,0.0,18.8,0.01
23,0,-17000,17000.0,97303.57759733306,9.41820240020752,0.32722298927579624,0.92,4164.4,0.548,0.01,31.960000000000004,0.01,0.41,5928.6,0.435,0.01,31.960000000000004,0.01,66301.01039747332,8.053814888000488,0.3010984475879773,0.55,2140.6,0.432,0.0,18.8,0.01,0.4,3952.4000000000005,0.42,0.0,18.8,0.01
23,0,-16500,16500.0,112157.11896860157,11.826006889343262,0.35331772547881896,0.95,4294.9,0.556,0.01,31.960000000000004,0.01,0.49,6109.0,0.437,0.01,31.960000000000004,0.01,70328.178074058,8.029561996459961,0.30401720547573496,0.3,1099.0,0.44,0.01,24.44,0.01,0.62,4674.0,0.444,0.01,24.44,0.01
23,0,-16000,16000.0,127174.79429276464,15.115100860595703,0.3837743979741595,0.58,2458.62,0.546,0.01,31.960000000000004,0.01,0.64,6740.400000000001,0.447,0.01,31.960000000000004,0.01,73876.54667399374,7.351340293884277,0.30509154614747847,0.28,1090.6,0.436,0.01,26.320000000000004,0.01,0.88,5494.0,0.461,0.01,26.320000000000004,0.01
23,0,-15500,15500.0,137835.63289535014,16.958263397216797,0.40434711984434857,0.78,2928.96,0.541,0.01,37.6,0.011,0.79,7404.599999999999,0.459,0.01,37.6,0.011,78095.07354093071,6.140043258666992,0.30771277797922253,0.63,2654.31,0.505,0.01,33.84,0.011,1.12,6281.2,0.475,0.01,33.84,0.011
23,0,-15000,15000.0,142292.7321642157,16.8018741607666,0.4205776592082077,0.76,3147.12,0.56,0.01,39.48,0.011,1.23,9372.6,0.512,0.01,39.48,0.011,82653.24638533781,6.299577713012695,0.3103841461348742,0.68,3015.84,0.529,0.01,35.72,0.011,1.06,6642.0,0.475,0.01,35.72,0.011
23,0,-14500,14500.0,139887.77114489058,15.369646072387695,0.4235180333886008,0.7,3812.3999999999996,0.607,0.26,1186.57,0.034,1.71,11471.8,0.564,0.03,69.56,0.016,88726.4048411338,6.800520420074463,0.31677965922960183,1.1,4770.4,0.519,0.01,37.6,0.011,1.11,7216.000000000001,0.485,0.01,37.6,0.011
23,0,-14000,14000.0,129349.52107826248,12.550202369689941,0.41363182267804927,1.21,7360.32,0.603,0.23,1044.89,0.033,1.71,13234.8,0.6,0.03,80.84,0.017,96590.90028834707,8.28321647644043,0.3307822373236245,0.93,3625.0,0.513,0.01,39.48,0.011,0.87,6773.2,0.463,0.01,39.48,0.011
23,0,-13500,13500.0,115794.86593539332,9.67148494720459,0.39367024738365375,0.77,5345.7,0.63,0.2,938.63,0.033,1.65,14727.2,0.626,0.03,103.40000000000002,0.019,105253.61733958125,9.69092082977295,0.346923649617459,0.98,3717.8,0.52,0.01,35.72,0.011,0.75,6527.2,0.455,0.01,35.72,0.011
23,0,-13000,13000.0,99572.58979241888,7.146816253662109,0.3652965138560853,0.45,2826.06,0.536,0.18,885.5,0.033,1.38,13792.4,0.608,0.03,109.03999999999999,0.02,114006.5167984103,10.886445999145508,0.3669625755230014,1.11,4263.0,0.555,0.01,33.84,0.011,0.74,7027.4,0.46,0.01,33.84,0.011
23,0,-12500,12500.0,85531.77984657977,6.094997882843018,0.3398362846362958,0.4,1911.51,0.436,0.15,850.08,0.033,1.13,12521.4,0.582,0.03,94.0,0.018,121122.8201746293,11.864502906799316,0.3832805415485835,1.12,4309.4,0.558,0.01,37.6,0.011,1.0,7683.399999999999,0.47,0.01,37.6,0.011
23,0,-12000,12000.0,73144.64073290091,5.555631637573242,0.3119783171687385,0.38,1680.36,0.417,0.13,832.37,0.033,0.87,9692.4,0.515,0.03,90.24,0.018,124467.31102471385,13.35410213470459,0.3974938043909373,0.66,2597.82,0.559,0.01,39.48,0.011,1.21,9512.0,0.515,0.01,39.48,0.011
23,0,-11500,11500.0,66170.88280203252,4.912875652313232,0.3009220753166099,0.33,1358.76,0.407,0.01,48.88,0.012,0.72,7404.599999999999,0.456,0.01,48.88,0.012,124146.76352432689,15.31821346282959,0.4033212095108104,0.81,3019.02,0.563,0.21,1044.89,0.033,1.65,11480.0,0.562,0.04,65.8,0.015
23,0,-11000,11000.0,63135.19282163003,4.5378618240356445,0.2926827890455812,0.3,1304.49,0.405,0.01,41.36,0.011,0.61,6674.800000000001,0.446,0.01,41.36,0.011,117510.21612987824,15.462346076965332,0.39979779285895245,1.48,6034.32,0.554,0.14,867.79,0.032,1.81,12242.6,0.575,0.04,75.2,0.016
23,0,-10500,10500.0,62765.531453287804,4.218644142150879,0.2916738107471914,0.28,1438.56,0.415,0.01,35.72,0.011,0.55,6281.2,0.445,0.01,35.72,0.011,106738.256680052,13.907662391662598,0.38692808426183295,0.73,3047.76,0.546,0.02,86.48,0.018,1.88,12718.2,0.584,0.02,86.48,0.018
23,0,-10000,10000.0,64173.99138196797,3.7621893882751465,0.2894479207458481,0.27,1416.96,0.411,0.01,33.84,0.011,0.54,6158.2,0.448,0.01,33.84,0.011,91216.63203114622,10.992892265319824,0.3634985227902589,1.24,5291.76,0.523,0.02,88.36,0.018,1.57,12283.6,0.572,0.02,88.36,0.018
23,0,-9500,9500.0,66727.88757647299,3.4106814861297607,0.2909674752213898,0.36,1441.44,0.25,0.01,31.960000000000004,0.011,0.53,6109.0,0.453,0.01,31.960000000000004,0.011,77549.30153920868,8.132403373718262,0.34461832376381574,0.83,4292.01,0.567,0.18,531.3,0.03,1.8,11775.2,0.561,0.03,82.72,0.017
23,0,-9000,9000.0,70295.65219478818,4.079418182373047,0.2974410951729519,0.65,2709.16,0.404,0.01,31.960000000000004,0.011,0.51,5945.0,0.447,0.01,31.960000000000004,0.011,63553.24021806009,5.756314754486084,0.32090848073229583,0.73,3877.95,0.54,0.1,407.33,0.028,1.52,10266.4,0.521,0.03,82.72,0.017
23,0,-8500,8500.0,73508.92244887959,5.9959845542907715,0.3034880025974481,0.83,2986.84,0.416,0.01,30.08,0.011,0.5,5936.8,0.449,0.01,30.08,0.011,54137.68510996015,4.1868510246276855,0.31440739062422457,0.67,3077.6400000000003,0.49,0.06,283.36,0.025,1.33,9118.4,0.49,0.01,56.4,0.013
23,0,-8000,8000.0,76988.03252006829,6.555836200714111,0.31115450365772085,0.83,2821.7,0.461,0.01,30.08,0.011,0.55,6420.6,0.456,0.01,30.08,0.011,44978.6568452575,3.053952932357788,0.29778256366259875,0.6,2487.45,0.474,0.06,230.23,0.023,0.96,7117.6,0.445,0.01,50.76,0.012
23,0,-7500,7500.0,80356.31463418285,7.312734127044678,0.3179222397822406,0.85,2871.0,0.466,0.01,33.84,0.011,0.7,7011.000000000001,0.467,0.01,33.84,0.011,37724.368500875426,2.8235466480255127,0.28972522043361587,0.49,1105.92,0.398,0.05,212.52,0.022,0.82,5756.4,0.424,0.01,33.84,0.011
23,0,-7000,7000.0,82793.13814789461,7.440536022186279,0.31647416309722287,0.91,3337.2,0.526,0.01,35.72,0.011,1.08,7658.8,0.476,0.01,35.72,0.011,31057.004983341903,2.2350640296936035,0.26023383508811454,0.61,1909.62,0.462,0.05,318.78,0.026,0.54,5051.2,0.413,0.01,30.08,0.011
23,0,-6500,6500.0,87023.77718694566,7.402793884277344,0.3198075639258097,0.52,1977.84,0.467,0.01,45.12,0.012,1.38,8282.0,0.491,0.01,45.12,0.012,26271.17632223235,1.4669113159179688,0.23433676119168564,0.42,1705.6799999999998,0.454,0.01,26.320000000000004,0.011,0.79,4444.4,0.411,0.01,26.320000000000004,0.011
23,0,-6000,6000.0,93333.30751049922,10.802216529846191,0.3272116855688575,2.01,9631.46,0.525,0.01,50.76,0.013,1.19,7929.4,0.479,0.01,50.76,0.013,24340.551457894617,1.0861436128616333,0.2092448219937453,0.39,1489.38,0.449,0.01,24.44,0.011,0.51,3763.8,0.399,0.01,24.44,0.011
23,0,-5500,5500.0,100434.99131024347,14.769843101501465,0.336421701851781,2.68,11269.28,0.562,0.01,47.0,0.012,0.87,7478.399999999999,0.471,0.01,47.0,0.012,25928.111622653116,1.4913175106048584,0.20702333055344727,0.35,840.84,0.23,0.01,18.8,0.01,0.42,3247.2,0.392,0.01,18.8,0.01
23,0,-5000,5000.0,109308.31529258066,20.569059371948242,0.353258635450991,1.62,4209.3,0.577,0.01,45.12,0.012,0.68,7109.4,0.463,0.01,45.12,0.012,30476.24173820517,2.7323808670043945,0.2175024728196536,0.47,1314.9,0.386,0.01,16.92,0.01,0.3,2312.4,0.345,0.01,16.92,0.01
23,0,-4500,4500.0,117082.94380129882,25.14521598815918,0.36816294748556117,2.54,6803.16,0.607,0.01,37.6,0.011,0.91,7019.2,0.461,0.01,37.6,0.011,36041.95842033587,4.141233921051025,0.23369296472228168,0.55,1280.16,0.398,0.0,11.28,0.009,0.18,1459.6,0.282,0.0,11.28,0.009
23,0,-4000,4000.0,123179.43863374094,29.63971710205078,0.3839430855636913,2.63,5394.0,0.616,0.01,37.6,0.011,1.53,7863.8,0.474,0.01,37.6,0.011,42823.12759161941,5.528904914855957,0.26032309635875633,1.03,2415.7,0.44,0.0,9.4,0.009,0.14,1566.2,0.277,0.0,9.4,0.009
23,0,-3500,3500.0,126119.89556401677,32.278419494628906,0.39296391883686616,2.68,5483.9,0.62,0.01,47.0,0.012,2.22,9667.8,0.527,0.01,47.0,0.012,48298.112153378315,7.370889186859131,0.279722013712651,1.08,2496.9,0.442,0.0,13.160000000000002,0.01,0.33,2041.8000000000002,0.32,0.0,13.160000000000002,0.01
23,0,-3000,3000.0,125432.07142188912,32.318931579589844,0.39827596510665364,1.49,3015.4199999999996,0.603,0.01,52.64000000000001,0.013,3.07,11668.6,0.576,0.01,52.64000000000001,0.013,52740.59383824351,7.346447944641113,0.3010377485216549,0.67,1397.22,0.44,0.01,13.160000000000002,0.01,0.75,3337.4000000000005,0.389,0.01,13.160000000000002,0.01
23,0,-2500,2500.0,121501.53531601536,30.859092712402344,0.3947103821827815,1.83,3593.88,0.612,0.25,1204.28,0.035,3.91,13144.600000000002,0.608,0.05,90.24,0.019,55023.46769810538,6.80330753326416,0.3136812290651928,0.82,1662.27,0.445,0.01,22.56,0.011,1.23,4657.6,0.434,0.01,22.56,0.011
23,0,-2000,2000.0,113157.61916434276,25.972768783569336,0.3813259412129784,3.49,7278.72,0.606,0.21,1168.86,0.035,3.86,12513.2,0.595,0.08,101.52,0.02,53340.594120835885,5.484124660491943,0.31458039142687133,0.73,1591.92,0.442,0.11,513.5899999999999,0.031,1.44,5289.0,0.445,0.02,26.320000000000004,0.011
23,0,-1500,1500.0,103371.54000462033,20.975955963134766,0.36226528352831683,6.03,15421.400000000001,0.579,0.26,1151.15,0.035,3.53,11316.0,0.57,0.07,94.0,0.019,48541.41416333732,3.790470600128174,0.3023717639864085,0.49,1425.09,0.435,0.13,495.88000000000005,0.031,1.46,5526.8,0.449,0.02,33.84,0.011
23,0,-1000,1000.0,93445.74081129686,16.175962448120117,0.3408175940194629,1.84,5740.56,0.542,0.32,1133.44,0.035,2.89,9626.8,0.529,0.07,92.12,0.019,41929.53138886078,3.3236894607543945,0.28238691717563547,0.85,2856.0,0.425,0.13,513.5899999999999,0.031,0.91,4969.2,0.433,0.02,35.72,0.011
23,0,-500,500.0,86376.53276993296,12.733026504516602,0.32793430771978016,3.16,11658.95,0.504,0.02,63.92000000000001,0.015,2.34,8257.4,0.493,0.02,63.92000000000001,0.015,37097.00199049548,3.2454349994659424,0.2677944209019951,0.34,1650.06,0.455,0.01,30.08,0.011,0.65,4469.0,0.421,0.01,30.08,0.011
23,0,0,0.0,80617.54825249227,10.42483901977539,0.31590383148766416,0.7,3117.81,0.506,0.02,56.4,0.014,1.8,7724.4,0.475,0.02,56.4,0.014,33945.110028324416,3.314143419265747,0.2536217226921773,0.31,1517.19,0.45,0.09,584.43,0.031,0.52,3821.2,0.403,0.01,28.2,0.011
23,0,500,500.0,78032.81299538775,8.973518371582031,0.31498038795276145,0.57,2065.0200000000004,0.426,0.01,41.36,0.011,1.4,7740.8,0.475,0.01,41.36,0.011,33233.338417709456,3.4031879901885986,0.2524702561765287,0.28,891.54,0.371,0.01,22.56,0.011,0.51,3501.3999999999996,0.4,0.01,22.56,0.011
23,0,1000,1000.0,75648.23358477879,9.379491806030273,0.3101485137797969,0.82,2282.3,0.43,0.01,41.36,0.011,1.21,7872.0,0.478,0.01,41.36,0.011,33458.73878233979,3.281189203262329,0.25355867561969375,0.55,1658.96,0.378,0.01,20.68,0.011,0.49,3042.2,0.384,0.01,20.68,0.011
23,0,1500,1500.0,74204.67325728295,9.615960121154785,0.30785329151490237,0.83,2288.1,0.431,0.01,41.36,0.011,1.06,8068.8,0.481,0.01,41.36,0.011,34112.68028376944,2.9946441650390625,0.2584291428164816,0.84,1790.68,0.389,0.01,16.92,0.01,0.41,2558.4,0.367,0.01,16.92,0.01
23,0,2000,2000.0,73152.96730535211,9.486429214477539,0.30251194583108754,0.47,1338.06,0.43,0.01,41.36,0.011,0.94,7831.000000000001,0.479,0.01,41.36,0.011,35252.58114925309,2.511559009552002,0.27170088338548426,0.79,1429.7,0.404,0.01,16.92,0.01,0.48,2673.2,0.373,0.01,16.92,0.01
23,0,2500,2500.0,72537.83797822884,10.750555038452148,0.29734632206884604,0.58,1569.81,0.434,0.01,39.48,0.011,1.09,7478.399999999999,0.476,0.01,39.48,0.011,35481.13046232684,3.1224145889282227,0.2831796345273576,0.84,1447.1,0.405,0.01,18.8,0.01,0.58,2886.4,0.385,0.01,18.8,0.01
23,0,3000,3000.0,72640.32237764387,10.667729377746582,0.29454206496342844,0.53,1549.71,0.43,0.01,39.48,0.011,1.13,6879.800000000001,0.466,0.01,39.48,0.011,33352.215973204875,3.6179161071777344,0.281495403451867,0.4,814.32,0.401,0.08,318.78,0.028,0.49,3058.6,0.384,0.01,18.8,0.01
23,0,3500,3500.0,73426.01115928576,9.610075950622559,0.2947166760326045,0.41,1513.53,0.427,0.01,35.72,0.011,1.13,6281.2,0.458,0.01,35.72,0.011,30428.387775070587,4.1366705894470215,0.2747756381850415,0.53,970.83,0.408,0.04,301.07,0.028,0.4,3296.3999999999996,0.39,0.01,20.68,0.01
23,0,4000,4000.0,75163.72841563166,8.123115539550781,0.3025427758245211,0.8,3027.36,0.418,0.01,35.72,0.011,1.0,5945.0,0.446,0.01,35.72,0.011,26746.764735402394,3.8001279830932617,0.26029289374964076,0.95,1929.8400000000001,0.397,0.0,20.68,0.011,0.28,3493.2,0.402,0.0,20.68,0.011
23,0,4500,4500.0,76709.14150934553,6.647689342498779,0.3127177428506277,0.66,3211.12,0.432,0.01,33.84,0.011,0.88,5756.4,0.439,0.01,33.84,0.011,22841.689142685937,2.96046781539917,0.23963638509876878,0.32,586.92,0.376,0.06,336.49,0.029,0.47,3616.2,0.411,0.01,22.56,0.011
23,0,5000,5000.0,75610.55871380147,5.171692371368408,0.31770131849086836,0.61,2404.0999999999995,0.427,0.01,33.84,0.011,0.73,6240.2,0.443,0.01,33.84,0.011,19428.87711380463,1.9057748317718506,0.2180429830769041,0.55,1150.56,0.361,0.09,354.2,0.029,0.4,2804.4,0.383,0.01,22.56,0.011
23,0,5500,5500.0,72816.43517771355,5.536717891693115,0.3187835279391266,0.62,2369.3,0.426,0.01,37.6,0.011,0.77,6830.6,0.452,0.01,37.6,0.011,18014.844793111843,1.1025758981704712,0.21213863053416626,0.69,2248.18,0.32,0.01,15.04,0.01,0.33,2017.2,0.344,0.01,15.04,0.01
23,0,6000,6000.0,67357.95805844627,5.394071578979492,0.31363252596279906,0.34,1341.54,0.423,0.01,39.48,0.011,0.65,7257.0,0.458,0.01,39.48,0.011,18011.388277258084,1.1883544921875,0.21193840425361254,0.15,580.5,0.326,0.01,13.160000000000002,0.01,0.19,1476.0,0.298,0.01,13.160000000000002,0.01
23,0,6500,6500.0,61222.92965425149,4.934572219848633,0.30565518175909445,0.44,1593.93,0.429,0.01,43.24,0.011,0.68,7568.6,0.463,0.01,43.24,0.011,19033.481832755206,1.931948184967041,0.22121939620141837,0.29,460.46,0.209,0.0,9.4,0.01,0.09,1098.8,0.263,0.0,9.4,0.01
23,0,7000,7000.0,54125.43177429034,4.30880069732666,0.2927849020074208,0.38,1459.26,0.422,0.01,43.24,0.011,0.68,6765.0,0.451,0.01,43.24,0.011,20777.253038817435,3.1466050148010254,0.23661551481089002,0.45,747.9,0.362,0.0,9.4,0.01,0.13,1139.8,0.268,0.0,9.4,0.01
23,0,7500,7500.0,48765.88597353548,4.455728054046631,0.28574244516126396,0.26,1165.8,0.404,0.01,37.6,0.011,0.63,5928.6,0.438,0.01,37.6,0.011,22050.482657557586,3.8398542404174805,0.24946783543186268,0.5,734.06,0.378,0.0,11.28,0.01,0.16,1271.0,0.291,0.0,11.28,0.01
23,0,8000,8000.0,44563.441833882825,4.6107258796691895,0.276598697625068,0.23,1095.45,0.4,0.01,35.72,0.011,0.46,5018.4,0.419,0.01,35.72,0.011,21876.99436119874,4.248328685760498,0.24834137204997336,0.54,809.34,0.375,0.0,11.28,0.01,0.22,1492.4,0.315,0.0,11.28,0.01
23,0,8500,8500.0,42220.39326785307,4.784782886505127,0.2751204896627203,0.19,950.7300000000001,0.394,0.01,28.2,0.011,0.47,4247.6,0.403,0.01,28.2,0.011,21779.336316460103,4.518911838531494,0.24752210088712293,0.55,663.12,0.398,0.0,11.28,0.01,0.44,1795.8,0.343,0.0,11.28,0.01
23,0,9000,9000.0,41135.557124909246,4.989138126373291,0.27224649052459293,0.19,940.68,0.395,0.01,26.320000000000004,0.011,0.49,3813.0000000000005,0.398,0.01,26.320000000000004,0.011,21646.007096704852,4.267595291137695,0.24632350054489036,0.77,1078.41,0.445,0.01,50.260000000000005,0.02,0.75,2107.4,0.365,0.01,13.160000000000002,0.01
23,0,9500,9500.0,41191.48415088857,5.224153518676758,0.2738588458904259,0.22,898.56,0.399,0.01,22.56,0.01,0.51,3542.4000000000005,0.404,0.01,22.56,0.01,21160.282280895626,4.338386058807373,0.24038552445886782,0.54,905.37,0.424,0.01,15.04,0.01,1.05,2451.8,0.39,0.01,15.04,0.01
23,0,10000,10000.0,42101.86765719991,5.464062213897705,0.27405525088617033,0.34,1399.77,0.452,0.01,20.68,0.01,0.53,3501.3999999999996,0.411,0.01,20.68,0.01,20605.754111204442,4.527101516723633,0.23338286940931713,0.41,701.8,0.348,0.01,15.04,0.011,0.77,2074.6,0.369,0.01,15.04,0.011
23,0,10500,10500.0,43573.48526335991,5.675342559814453,0.2752986330888724,0.38,1433.76,0.455,0.01,20.68,0.01,0.55,3501.3999999999996,0.419,0.01,20.68,0.01,20963.459816189425,4.697083473205566,0.2338577717699449,0.42,707.6,0.349,0.07,354.2,0.027,0.47,1656.4,0.34,0.01,11.28,0.01
23,0,11000,11000.0,45920.75658192916,5.771239757537842,0.2773044330787716,0.43,1477.02,0.46,0.01,20.68,0.01,0.59,3550.6,0.422,0.01,20.68,0.01,21957.129510849336,4.473505020141602,0.23259687668514192,0.41,750.87,0.406,0.01,11.28,0.01,0.53,1640.0,0.341,0.01,11.28,0.01
23,0,11500,11500.0,48740.56074183318,5.774482727050781,0.2800698106984143,0.45,1575.9,0.465,0.01,20.68,0.01,0.64,3649.0,0.426,0.01,20.68,0.01,23709.401895017072,4.105350017547607,0.23585807954978597,0.28,482.4,0.355,0.01,11.28,0.01,0.62,1705.6,0.351,0.01,11.28,0.01
23,0,12000,12000.0,52339.50429483375,5.65774393081665,0.28553064054110167,0.48,1693.3200000000002,0.472,0.01,20.68,0.01,0.69,3870.4,0.43,0.01,20.68,0.01,26019.953525359233,3.4539549350738525,0.24258730999117295,0.42,846.6600000000001,0.411,0.01,11.28,0.01,0.65,1820.4000000000003,0.354,0.01,11.28,0.01
23,0,12500,12500.0,55762.930683471495,5.509548187255859,0.2898198132958412,0.45,1857.09,0.479,0.01,22.56,0.011,0.73,4132.8,0.436,0.01,22.56,0.011,27985.90228688172,2.789780616760254,0.24778484544696164,0.3,914.64,0.403,0.01,11.28,0.01,0.65,1927.0,0.357,0.01,11.28,0.01
23,0,13000,13000.0,59156.10931596311,5.382214546203613,0.29770805262189054,0.44,1765.3,0.421,0.01,22.56,0.011,0.72,4526.4,0.442,0.01,22.56,0.011,29391.6527281629,3.2623183727264404,0.24658337505527372,0.3,848.36,0.358,0.01,11.28,0.01,0.48,2025.4000000000003,0.346,0.01,11.28,0.01
23,0,13500,13500.0,61802.01809361752,5.326883316040039,0.30373712954243837,0.51,1859.28,0.425,0.01,26.320000000000004,0.011,0.69,4961.0,0.45,0.01,26.320000000000004,0.011,31253.227389878884,4.0195794105529785,0.249684287920667,0.33,822.96,0.383,0.0,13.160000000000002,0.01,0.37,2304.2,0.361,0.0,13.160000000000002,0.01
23,0,14000,14000.0,63347.68745030888,5.484975337982178,0.30990375648132507,0.62,2481.27,0.503,0.01,26.320000000000004,0.011,0.63,5485.8,0.459,0.01,26.320000000000004,0.011,32939.96559996522,4.12213134765625,0.24911523171590247,0.62,1560.45,0.456,0.0,13.160000000000002,0.01,0.5,2902.8,0.389,0.0,13.160000000000002,0.01
23,0,14500,14500.0,64024.232834758004,5.77847146987915,0.31419663921798957,0.53,1622.16,0.438,0.01,30.08,0.011,0.76,6027.0,0.467,0.01,30.08,0.011,34490.67329720929,3.956794023513794,0.24707946848081322,0.62,1443.03,0.446,0.01,16.92,0.01,0.78,3542.4000000000005,0.413,0.01,16.92,0.01
23,0,15000,15000.0,62967.91211290547,6.252014636993408,0.31487834997986686,0.31,1031.8,0.431,0.01,31.960000000000004,0.011,0.86,6387.8,0.472,0.01,31.960000000000004,0.011,36568.3118921057,3.4040791988372803,0.2555029410588137,0.62,1337.97,0.441,0.01,18.8,0.01,0.85,3444.0,0.409,0.01,18.8,0.01
23,0,15500,15500.0,60988.94013802201,6.699751377105713,0.31273658556273504,0.36,1429.11,0.429,0.01,35.72,0.011,0.84,6617.4,0.475,0.01,35.72,0.011,38673.97460868233,4.0732622146606445,0.2647238167958971,0.47,1777.7,0.423,0.01,18.8,0.01,0.85,3214.4,0.402,0.01,18.8,0.01
23,0,16000,16000.0,57948.684582678834,6.953794002532959,0.3064704474282851,0.29,1045.74,0.413,0.01,35.72,0.011,0.65,6322.2,0.47,0.01,35.72,0.011,41014.02614204708,4.473245143890381,0.28163603166016626,0.67,1861.8,0.429,0.01,18.8,0.01,0.66,2984.8,0.393,0.01,18.8,0.01
23,0,16500,16500.0,55076.18379571941,6.980029582977295,0.30050931081614013,0.41,1248.48,0.417,0.01,33.84,0.011,0.74,5920.4,0.464,0.01,33.84,0.011,42810.77002681341,4.6449456214904785,0.297935285049105,0.69,1870.5,0.43,0.01,16.92,0.01,0.44,2738.8,0.382,0.01,16.92,0.01
23,0,17000,17000.0,52703.545727847086,6.621983528137207,0.2920814933569022,0.4,1213.92,0.415,0.01,33.84,0.011,0.8,5477.6,0.459,0.01,33.84,0.011,42728.360261174385,4.297784805297852,0.30288878360255134,0.36,1044.0,0.427,0.01,16.92,0.01,0.56,3099.6,0.392,0.01,16.92,0.01
23,0,17500,17500.0,51657.62363450776,6.03414249420166,0.2884346568989679,0.36,1099.47,0.417,0.01,28.2,0.011,0.81,5174.2,0.459,0.01,28.2,0.011,41711.61952936527,3.7887215614318848,0.3011777682874177,0.47,1246.2,0.433,0.01,22.56,0.011,0.67,3526.0,0.41,0.01,22.56,0.011
23,0,18000,18000.0,51653.66503394907,5.366173267364502,0.2830356341714282,0.33,1081.38,0.413,0.01,28.2,0.011,0.75,4895.4,0.456,0.01,28.2,0.011,39997.60222088153,3.696061611175537,0.29673870006436776,0.81,2484.72,0.422,0.01,22.56,0.011,0.63,3911.3999999999996,0.424,0.01,22.56,0.011
23,0,18500,18500.0,52773.56867714989,4.829143524169922,0.28081431793625916,0.27,1053.24,0.411,0.01,26.320000000000004,0.011,0.67,4641.2,0.453,0.01,26.320000000000004,0.011,37169.39337271273,3.316396474838257,0.2869111708958235,0.35,775.86,0.401,0.01,26.320000000000004,0.011,0.64,4272.2,0.44,0.01,26.320000000000004,0.011
23,0,19000,19000.0,54997.298839157884,4.513195991516113,0.27769708762866885,0.24,1075.35,0.407,0.01,24.44,0.011,0.61,4501.8,0.45,0.01,24.44,0.011,33019.97863095788,2.6197621822357178,0.2706002328692451,0.58,1256.68,0.373,0.01,26.320000000000004,0.011,0.47,3731.0,0.422,0.01,26.320000000000004,0.011
23,0,19500,19500.0,58786.931424161594,4.849491596221924,0.27910759234014926,0.29,1835.4600000000003,0.481,0.01,24.44,0.01,0.55,4444.4,0.451,0.01,24.44,0.01,30249.297370156637,3.0612311363220215,0.26408531251122525,0.73,1466.72,0.39,0.01,20.68,0.011,0.61,3321.0,0.407,0.01,20.68,0.011
23,0,20000,20000.0,64279.251813920564,5.361017227172852,0.2856153744926481,0.2,1216.08,0.408,0.01,24.44,0.01,0.49,4575.6,0.446,0.01,24.44,0.01,28217.32711567024,3.9820876121520996,0.2590420942595843,0.73,1168.7,0.407,0.01,20.68,0.011,0.53,3181.6,0.399,0.01,20.68,0.011
24,0,-20000,20000.0,801840.4985007949,50.7468147277832,0.604658070080443,5.29,37119.84,0.807,0.95,14858.690000000002,0.096,8.34,79261.2,0.82,0.13,686.2,0.031,891638.0063766345,38.73361587524414,0.6290285641038492,1.73,20355.84,0.824,0.06,663.64,0.031,4.48,77604.8,0.824,0.06,663.64,0.031
24,0,-19500,19500.0,771041.3505725977,48.308067321777344,0.6039827247363063,9.66,83080.47,0.798,0.11,678.68,0.031,7.31,78195.2,0.818,0.11,678.68,0.031,867582.7805492806,38.49687576293945,0.6253276738535647,1.7,19526.4,0.818,0.06,676.8,0.031,4.6,78588.8,0.827,0.06,676.8,0.031
24,0,-19000,19000.0,728910.4391523194,38.82611083984375,0.5950354540980607,3.03,26329.889999999996,0.811,0.1,676.8,0.031,7.2,73234.2,0.807,0.1,676.8,0.031,839831.806765862,35.9232063293457,0.6198138555406086,1.74,19074.96,0.813,0.07,682.44,0.031,4.06,76489.6,0.823,0.07,682.44,0.031
24,0,-18500,18500.0,694641.8565556231,29.712703704833984,0.5919070082679908,6.78,68347.0,0.796,0.07,603.48,0.03,6.78,68347.0,0.796,0.07,603.48,0.03,814034.2213063122,33.07927322387695,0.6146724348965387,1.97,17858.88,0.803,0.07,654.24,0.031,4.25,74062.4,0.818,0.07,654.24,0.031
24,0,-18000,18000.0,655093.4349629427,28.5496826171875,0.5788534163129463,4.89,63574.6,0.784,0.07,584.68,0.03,4.89,63574.6,0.784,0.07,584.68,0.03,790031.7214406547,31.61249351501465,0.6058296784285987,1.83,17707.68,0.801,0.07,648.6,0.031,4.17,70782.4,0.811,0.07,648.6,0.031
24,0,-17500,17500.0,621067.7012792458,30.50784683227539,0.56835194701127,2.24,19458.96,0.711,0.04,520.76,0.029,3.11,59212.19999999999,0.771,0.04,520.76,0.029,771458.7295062316,33.31188201904297,0.5992118347575551,2.04,18267.68,0.773,0.07,603.48,0.031,4.23,67641.8,0.804,0.07,603.48,0.031
24,0,-17000,17000.0,599000.3207358562,31.424482345581055,0.5620922463396308,2.74,16234.2,0.724,0.04,501.96,0.029,2.41,56719.4,0.763,0.04,501.96,0.029,759901.5956176051,35.06047058105469,0.5910929191652956,2.48,20343.5,0.773,0.08,592.2,0.031,3.62,66190.4,0.799,0.08,592.2,0.031
24,0,-16500,16500.0,578820.2140157257,36.77483367919922,0.5553502381936146,2.82,16147.2,0.723,0.05,477.52,0.029,2.87,54374.2,0.755,0.05,477.52,0.029,756392.9687626325,35.69820022583008,0.5865031899885929,2.12,16076.880000000001,0.785,0.07,571.52,0.03,4.16,65288.40000000001,0.796,0.07,571.52,0.03
24,0,-16000,16000.0,557353.4823125978,39.904972076416016,0.5429397373776437,2.86,15399.0,0.713,0.05,470.0,0.029,2.98,51168.0,0.743,0.05,470.0,0.029,763671.1269122927,34.931373596191406,0.5853919158514744,2.02,16068.24,0.785,0.06,565.88,0.03,4.54,63550.0,0.791,0.06,565.88,0.03
24,0,-15500,15500.0,544424.8250253506,40.04452896118164,0.5371981587605352,2.07,11167.56,0.725,0.06,432.3999999999999,0.028,2.9,47920.8,0.73,0.06,432.3999999999999,0.028,774859.707881826,33.95622634887695,0.5855503647944056,1.88,14401.650000000001,0.779,0.08,532.04,0.03,4.8,62475.8,0.788,0.08,532.04,0.03
24,0,-15000,15000.0,544410.2100903197,40.74308776855469,0.5400032957012715,2.06,10996.71,0.721,0.07,421.12000000000006,0.028,3.4,45813.4,0.721,0.07,421.12000000000006,0.028,790122.7304576735,36.11717224121094,0.5851941629789353,3.39,28959.84,0.773,0.08,524.52,0.03,4.43,62508.6,0.788,0.08,524.52,0.03
24,0,-14500,14500.0,545905.1809654688,38.94621276855469,0.5432067417305055,1.93,10703.25,0.715,0.08,389.15999999999997,0.027,4.13,44173.4,0.713,0.08,389.15999999999997,0.027,806327.4016920273,38.190372467041016,0.5850989832709116,7.78,80595.51,0.817,0.07,524.52,0.03,4.11,62664.4,0.79,0.07,524.52,0.03
24,0,-14000,14000.0,545966.5454617672,41.4027099609375,0.5424125376620286,3.72,21538.32,0.709,0.08,381.63999999999993,0.027,4.26,43935.6,0.712,0.08,381.63999999999993,0.027,824436.5826225476,40.098670959472656,0.5883239959862699,2.95,25160.4,0.809,0.08,526.4,0.03,3.68,64804.6,0.795,0.08,526.4,0.03
24,0,-13500,13500.0,550696.9836324032,40.642120361328125,0.5455459045190092,1.41,10805.76,0.719,0.07,376.0,0.027,4.18,44230.8,0.714,0.07,376.0,0.027,831870.0112701787,41.152896881103516,0.5864468457154524,2.99,25259.0,0.81,0.06,562.12,0.03,4.09,67051.4,0.801,0.06,562.12,0.03
24,0,-13000,13000.0,558970.4512483913,37.7867431640625,0.5501016608048946,1.37,10841.94,0.72,0.06,376.0,0.027,3.72,44829.4,0.719,0.06,376.0,0.027,838739.0928401889,42.45351791381836,0.5890752865122795,2.75,22517.1,0.809,0.06,571.52,0.03,4.4,69388.4,0.806,0.06,571.52,0.03
24,0,-12500,12500.0,567799.4615952943,34.21092224121094,0.5540547449368565,1.81,15857.2,0.722,0.05,381.63999999999993,0.027,3.22,45534.6,0.724,0.05,381.63999999999993,0.027,844347.6484472994,41.6811408996582,0.5919513702082572,2.93,22456.14,0.809,0.07,603.48,0.031,5.59,71651.6,0.812,0.07,603.48,0.031
24,0,-12000,12000.0,574956.5692021366,32.127986907958984,0.5540068905345864,2.39,22076.88,0.718,0.05,385.3999999999999,0.027,3.09,46018.4,0.728,0.05,385.3999999999999,0.027,852004.781847453,41.028263092041016,0.5992896763645229,2.54,19468.08,0.817,0.08,612.88,0.031,6.34,73488.4,0.815,0.08,612.88,0.031
24,0,-11500,11500.0,584444.7248984296,30.769771575927734,0.5551046647435376,1.26,11129.37,0.726,0.05,392.92,0.027,2.9,46444.8,0.731,0.05,392.92,0.027,855216.8040792064,40.609004974365234,0.604511936346145,2.81,19178.64,0.815,0.08,642.96,0.031,6.79,75046.4,0.818,0.08,642.96,0.031
24,0,-11000,11000.0,597553.9930883911,27.4940242767334,0.5599848602474158,2.3,22395.12,0.721,0.05,394.8,0.027,2.45,46641.6,0.732,0.05,394.8,0.027,853836.8210732515,38.5463752746582,0.6080043534417933,3.91,27615.33,0.826,0.09,650.48,0.031,6.62,73972.2,0.815,0.09,650.48,0.031
24,0,-10500,10500.0,609123.4317367318,28.287940979003906,0.5641878692702949,1.47,15788.64,0.746,0.05,394.8,0.027,2.41,46854.8,0.734,0.05,394.8,0.027,851822.0177398864,36.927337646484375,0.6114171682462755,3.37,27374.31,0.824,0.1,635.44,0.031,7.2,72389.6,0.812,0.1,635.44,0.031
24,0,-10000,10000.0,619103.2621199159,29.364294052124023,0.5708253018685422,1.62,16159.48,0.75,0.04,394.8,0.027,2.7,47715.8,0.737,0.04,394.8,0.027,843088.4806039263,33.37199401855469,0.6075869235564311,2.77,27176.55,0.825,0.1,631.68,0.031,6.17,71438.4,0.811,0.1,631.68,0.031
24,0,-9500,9500.0,624155.8847326407,30.19844627380371,0.5755895270888013,1.5,13787.28,0.756,0.04,406.08,0.028,3.03,48896.6,0.743,0.04,406.08,0.028,841044.041071953,33.784629821777344,0.605648601309878,2.01,18169.92,0.808,0.08,616.64,0.031,5.0,70831.6,0.81,0.08,616.64,0.031
24,0,-9000,9000.0,621756.8446126548,29.93472671508789,0.5779545818995454,1.54,13830.48,0.756,0.04,409.84000000000003,0.028,3.45,51028.6,0.751,0.04,409.84000000000003,0.028,837350.3852727183,34.678680419921875,0.6002673009823258,2.62,23244.3,0.801,0.08,612.88,0.031,4.91,69905.0,0.809,0.08,612.88,0.031
24,0,-8500,8500.0,612493.9149857317,28.867401123046875,0.5758672818922642,1.73,14148.0,0.761,0.05,438.04,0.028,3.87,53103.200000000004,0.759,0.05,438.04,0.028,840420.625660228,36.489810943603516,0.5981035509708938,3.24,24636.04,0.72,0.06,599.72,0.03,5.42,69085.0,0.807,0.06,599.72,0.03
24,0,-8000,8000.0,598104.7651737253,25.91404151916504,0.5697970585281125,1.58,13798.08,0.756,0.05,447.44,0.028,3.88,53775.6,0.761,0.05,447.44,0.028,847359.0892586857,39.14244079589844,0.6000423597657444,3.44,24856.26,0.722,0.07,595.96,0.03,4.65,67994.4,0.804,0.07,595.96,0.03
24,0,-7500,7500.0,583669.3529857604,22.539283752441406,0.5627282873928635,1.75,19822.35,0.768,0.06,458.72,0.029,3.75,53964.2,0.762,0.06,458.72,0.029,851512.6506255371,40.36357879638672,0.6023647914453174,4.1,23060.18,0.708,0.06,580.92,0.03,4.75,67215.4,0.802,0.06,580.92,0.03
24,0,-7000,7000.0,571066.3795914014,23.63379669189453,0.5564819034041067,1.11,12551.76,0.737,0.07,462.48,0.029,3.09,51660.0,0.754,0.07,462.48,0.029,853053.2087544008,45.27474594116211,0.6047043502353714,4.12,22702.68,0.705,0.06,579.04,0.03,5.86,70036.2,0.809,0.06,579.04,0.03
24,0,-6500,6500.0,560895.5699720879,25.061012268066406,0.5516427520346029,0.86,10992.69,0.725,0.05,434.28,0.028,2.45,48962.2,0.744,0.05,434.28,0.028,847320.2073876921,48.60271453857422,0.6046376161354433,3.8,21877.02,0.806,0.08,614.76,0.031,6.95,73488.4,0.817,0.08,614.76,0.031
24,0,-6000,6000.0,556701.4205277781,25.691364288330078,0.5507134198184825,1.41,16547.4,0.731,0.05,424.87999999999994,0.028,2.11,46010.2,0.732,0.05,424.87999999999994,0.028,838535.772255792,51.4657096862793,0.6043887423238706,4.18,24260.46,0.805,0.09,626.04,0.031,6.82,76809.4,0.824,0.09,626.04,0.031
24,0,-5500,5500.0,556938.0000981007,25.70685577392578,0.5536550715671306,1.32,14376.4,0.727,0.04,381.63999999999993,0.027,1.98,43369.8,0.721,0.04,381.63999999999993,0.027,830399.3905738448,50.733028411865234,0.6040118325292922,3.57,19195.92,0.816,0.09,663.64,0.031,8.78,80040.2,0.831,0.09,663.64,0.031
24,0,-5000,5000.0,557538.7570313171,27.76046371459961,0.552516367380219,0.94,9937.14,0.732,0.04,370.36,0.027,2.12,43525.6,0.722,0.04,370.36,0.027,820233.7013543337,45.71040344238281,0.6037224200878015,5.35,28953.3,0.834,0.1,674.92,0.031,9.92,77547.4,0.825,0.1,674.92,0.031
24,0,-4500,4500.0,558145.9142943211,28.82903289794922,0.5506037116790307,2.33,19263.16,0.709,0.04,372.24,0.027,2.2,44329.2,0.726,0.04,372.24,0.027,813190.9399655403,40.51917266845703,0.6042212873506324,4.26,26827.379999999997,0.821,0.12,639.2,0.031,10.77,74472.4,0.819,0.12,639.2,0.031
24,0,-4000,4000.0,560207.6557319324,29.424863815307617,0.5484134432912864,2.94,20217.24,0.719,0.04,372.24,0.027,2.21,45747.8,0.732,0.04,372.24,0.027,805614.7202263906,31.499420166015625,0.6020695193938418,8.54,69404.8,0.806,0.12,626.04,0.031,8.54,69404.8,0.806,0.12,626.04,0.031
24,0,-3500,3500.0,562271.4813640821,29.51560401916504,0.5457070586519406,3.33,20850.92,0.726,0.05,392.92,0.027,2.62,46920.4,0.736,0.05,392.92,0.027,802600.3520071484,32.44959259033203,0.6030447090741887,3.84,25596.400000000005,0.766,0.09,567.76,0.03,6.02,64353.6,0.793,0.09,567.76,0.03
24,0,-3000,3000.0,568094.6536926486,30.323747634887695,0.5470571752576542,3.04,17049.1,0.735,0.05,400.44,0.027,2.15,46067.6,0.731,0.05,400.44,0.027,802498.3223606112,33.92900085449219,0.6033880307882585,3.8,21999.4,0.784,0.08,550.84,0.03,3.58,64525.8,0.793,0.08,550.84,0.03
24,0,-2500,2500.0,576213.5916406914,33.87079620361328,0.5498919581609207,3.09,17144.8,0.736,0.04,385.3999999999999,0.027,2.35,45231.2,0.727,0.04,385.3999999999999,0.027,800620.5461028469,37.46083068847656,0.6030583201334555,3.86,21837.0,0.783,0.08,564.0,0.03,4.18,65066.99999999999,0.795,0.08,564.0,0.03
24,0,-2000,2000.0,587664.5428051137,37.54818344116211,0.5536261433169413,1.66,10271.22,0.737,0.04,381.63999999999993,0.027,2.66,45223.0,0.725,0.04,381.63999999999993,0.027,799373.0073244282,39.87440490722656,0.6047514820651823,2.28,13474.56,0.789,0.08,567.76,0.03,3.66,66903.8,0.8,0.08,567.76,0.03
24,0,-1500,1500.0,599293.9108139663,37.511985778808594,0.5566545480824432,2.09,11915.28,0.74,0.06,383.52,0.027,2.95,45428.0,0.727,0.06,383.52,0.027,798577.3075557824,39.95948791503906,0.6068142352737983,2.72,15497.099999999999,0.79,0.06,592.2,0.03,5.0,68863.6,0.806,0.06,592.2,0.03
24,0,-1000,1000.0,610894.639869478,34.671417236328125,0.5602925093614771,1.99,12049.95,0.742,0.06,385.3999999999999,0.027,3.19,46731.8,0.732,0.06,385.3999999999999,0.027,796413.3894013037,35.20455551147461,0.6044210280621442,5.2,31158.96,0.784,0.08,597.84,0.03,6.06,68174.8,0.804,0.08,597.84,0.03
24,0,-500,500.0,620937.5006641359,34.21744155883789,0.5630831322692702,1.77,12349.44,0.747,0.07,406.08,0.027,3.37,47945.4,0.738,0.07,406.08,0.027,799713.0614343885,28.310604095458984,0.6032493671215329,9.06,70269.56,0.775,0.1,577.16,0.03,6.87,67773.0,0.804,0.1,577.16,0.03
24,0,0,0.0,626786.1641867674,34.927127838134766,0.5683578318190854,3.24,24908.4,0.742,0.07,411.72,0.027,3.09,48847.4,0.742,0.07,411.72,0.027,807098.393364661,26.927364349365234,0.5967295551083995,2.79,28067.04,0.781,0.1,571.52,0.03,5.02,66895.6,0.801,0.1,571.52,0.03
24,0,500,500.0,629249.8847610416,34.658897399902344,0.573218444052824,1.51,13750.56,0.755,0.07,423.0,0.028,3.43,49724.8,0.746,0.07,423.0,0.028,816950.2129457211,29.467050552368164,0.5886501820685891,2.94,24933.480000000003,0.72,0.05,554.6,0.03,3.32,66239.6,0.8,0.05,554.6,0.03
24,0,1000,1000.0,624943.0210947667,34.572608947753906,0.5792583115716002,2.09,20310.57,0.773,0.06,426.76,0.028,3.7,51012.2,0.751,0.06,426.76,0.028,835725.860159474,32.78588104248047,0.587249296504091,3.14,25482.6,0.724,0.05,550.84,0.03,2.84,65632.8,0.798,0.05,550.84,0.03
24,0,1500,1500.0,615135.5449323641,33.95758056640625,0.5837433222781206,1.38,14415.839999999998,0.765,0.05,441.8,0.028,4.21,52529.2,0.757,0.05,441.8,0.028,853885.5460851858,36.41019058227539,0.5863669029227299,3.59,26317.72,0.729,0.05,543.32,0.03,2.65,65206.4,0.796,0.05,543.32,0.03
24,0,2000,2000.0,591033.7784256162,30.476133346557617,0.578630198282128,1.36,14182.56,0.762,0.05,447.44,0.028,3.93,53882.19999999999,0.762,0.05,447.44,0.028,872019.9063508125,42.371665954589844,0.5919178365893641,4.14,28069.1,0.82,0.05,539.56,0.03,3.19,66526.59999999999,0.798,0.05,539.56,0.03
24,0,2500,2500.0,562367.2714363602,30.994661331176758,0.5696405807217538,1.82,20687.55,0.78,0.04,462.48,0.028,3.56,55095.8,0.768,0.04,462.48,0.028,880971.5537932549,45.64698028564453,0.5952076661802126,4.23,28222.799999999996,0.821,0.05,558.36,0.03,3.91,68543.8,0.803,0.05,558.36,0.03
24,0,3000,3000.0,530514.3839795368,30.668079376220703,0.5568822037087122,1.75,20010.84,0.777,0.05,468.12000000000006,0.029,3.39,53669.0,0.765,0.05,468.12000000000006,0.029,882357.0654988147,52.397098541259766,0.6030466879055391,2.45,17358.24,0.825,0.05,565.88,0.03,5.59,75267.8,0.817,0.05,565.88,0.03
24,0,3500,3500.0,501801.58695195423,29.674991607666016,0.5451493776378137,1.01,10301.25,0.718,0.05,445.56,0.028,3.14,51873.2,0.762,0.05,445.56,0.028,863439.2359509664,55.5239372253418,0.6035395754468386,2.96,19969.35,0.826,0.07,667.4,0.031,7.52,81827.8,0.83,0.07,667.4,0.031
24,0,4000,4000.0,476625.9737176282,26.434215545654297,0.5328770480172743,0.98,9857.04,0.708,0.05,439.92,0.028,2.98,47445.2,0.746,0.05,439.92,0.028,825712.5256652426,54.18997573852539,0.6036049008542281,4.42,33072.27,0.848,0.08,695.6,0.031,8.52,84156.6,0.833,0.08,695.6,0.031
24,0,4500,4500.0,459659.2927103309,22.47696876525879,0.5273914176887088,0.88,8854.05,0.687,0.04,374.12,0.027,2.85,43115.6,0.73,0.04,374.12,0.027,784390.596612789,50.529170989990234,0.6043430770201456,3.65,19725.12,0.817,0.1,729.44,0.032,9.14,85370.2,0.834,0.1,729.44,0.032
24,0,5000,5000.0,448778.68213954935,19.221153259277344,0.5219099358210767,1.56,12458.4,0.677,0.04,355.32,0.026,2.64,40081.6,0.715,0.04,355.32,0.026,730910.0503705227,44.56748580932617,0.5942200128072456,5.27,29342.639999999996,0.831,0.11,738.84,0.032,7.64,80688.0,0.826,0.11,738.84,0.032
24,0,5500,5500.0,443790.3897976182,21.760942459106445,0.5216862246193256,1.59,12449.7,0.677,0.04,312.08,0.025,2.45,37646.2,0.703,0.04,312.08,0.025,686798.6056214068,40.99211502075195,0.5864321593522218,2.06,10385.200000000003,0.779,0.12,667.4,0.031,9.52,75776.2,0.816,0.12,667.4,0.031
24,0,6000,6000.0,441644.0094467043,23.732152938842773,0.5196624333350822,0.9,7569.0,0.681,0.04,300.8,0.025,2.18,37416.6,0.7,0.04,300.8,0.025,650305.2610804008,29.382946014404297,0.5708797652301617,5.42,29690.16,0.771,1.21,13990.9,0.095,8.72,68527.4,0.8,0.13,650.48,0.031
24,0,6500,6500.0,441092.1205777613,26.716800689697266,0.5182457746071052,1.11,8745.51,0.683,0.03,298.92,0.025,2.06,37531.4,0.701,0.03,298.92,0.025,628549.4712258506,27.07588005065918,0.5630976472372382,8.94,65643.14,0.757,0.13,562.12,0.03,7.16,61090.0,0.781,0.13,562.12,0.03
24,0,7000,7000.0,442956.7672256315,28.562210083007812,0.5178832612318103,1.05,8679.18,0.681,0.04,300.8,0.025,2.2,37457.6,0.701,0.04,300.8,0.025,620917.4489868651,26.75994873046875,0.5593464833104872,1.51,17506.8,0.753,1.22,15035.79,0.097,4.04,53923.200000000004,0.758,0.13,533.92,0.03
24,0,7500,7500.0,447179.70363025524,29.349918365478516,0.5192438822339916,2.01,15368.52,0.671,0.04,300.8,0.025,2.57,37342.8,0.7,0.04,300.8,0.025,625168.732871421,26.821516036987305,0.5646510155701417,1.62,16609.06,0.759,0.04,434.28,0.028,2.2,47560.0,0.736,0.04,434.28,0.028
24,0,8000,8000.0,453831.0782903558,28.694210052490234,0.5214752035380277,1.72,12791.9,0.683,0.04,300.8,0.025,2.59,36891.8,0.698,0.04,300.8,0.025,637272.7901204085,27.76527976989746,0.5721454969465756,1.76,18414.6,0.757,0.04,407.96,0.027,2.55,46863.0,0.734,0.04,407.96,0.027
24,0,8500,8500.0,462552.46883343643,27.89437484741211,0.5250495056186644,1.77,12820.9,0.684,0.04,295.16,0.025,2.57,36440.8,0.696,0.04,295.16,0.025,649708.4686822128,27.29741668701172,0.5793857936680135,1.66,14376.96,0.768,0.05,400.44,0.027,2.95,47584.6,0.74,0.05,400.44,0.027
24,0,9000,9000.0,474797.5045774074,28.8034610748291,0.5299078919869042,1.0,7849.14,0.69,0.04,293.28,0.025,2.61,36965.6,0.7,0.04,293.28,0.025,661057.0074277804,26.160385131835938,0.5837220099273588,2.17,21243.75,0.787,0.05,398.56,0.027,3.12,51094.2,0.753,0.05,398.56,0.027
24,0,9500,9500.0,488494.42146466754,29.510353088378906,0.5352574103378801,1.21,9051.03,0.691,0.04,300.8,0.025,2.69,37728.2,0.705,0.04,300.8,0.025,666920.4147950278,25.909997940063477,0.5834840187053804,1.17,13846.89,0.772,0.06,453.08,0.028,3.71,54530.0,0.766,0.06,453.08,0.028
24,0,10000,10000.0,503311.5432355271,28.042036056518555,0.5411971263244574,1.16,9163.59,0.693,0.04,302.68,0.025,2.83,38827.0,0.711,0.04,302.68,0.025,670906.4260853817,25.673776626586914,0.5810835181119266,1.63,17771.2,0.746,0.06,470.0,0.029,3.09,55489.4,0.768,0.06,470.0,0.029
24,0,10500,10500.0,517807.06405539357,24.831600189208984,0.5470287289277312,1.06,9481.17,0.701,0.04,313.96,0.025,2.97,40040.6,0.718,0.04,313.96,0.025,670312.7223525492,27.735822677612305,0.5739143123678658,4.02,51331.84,0.763,0.05,483.15999999999997,0.029,2.82,55760.0,0.769,0.05,483.15999999999997,0.029
24,0,11000,11000.0,530404.6716375982,20.97829818725586,0.5547065812514895,2.02,19045.44,0.696,0.04,317.72,0.025,2.83,41303.4,0.725,0.04,317.72,0.025,671634.9366567185,28.408754348754883,0.5624059671425341,2.41,26503.42,0.494,0.05,488.8,0.029,2.43,54636.59999999999,0.764,0.05,488.8,0.029
24,0,11500,11500.0,536701.8563709186,23.147783279418945,0.5583844555275477,1.19,14041.12,0.733,0.04,334.64,0.026,2.66,42558.0,0.731,0.04,334.64,0.026,679261.3940080255,28.349821090698242,0.5531894608539126,2.97,29566.769999999997,0.516,0.04,471.87999999999994,0.029,2.48,53701.799999999996,0.76,0.04,471.87999999999994,0.029
24,0,12000,12000.0,538530.7309133301,24.963491439819336,0.560781639969499,1.36,15758.600000000002,0.732,0.04,340.28,0.026,2.18,44099.6,0.738,0.04,340.28,0.026,692601.8566074376,32.01395797729492,0.5423259742036114,3.72,34592.53,0.551,0.04,466.24,0.029,2.9,53529.6,0.76,0.04,466.24,0.029
24,0,12500,12500.0,537674.1957656217,26.242795944213867,0.5612586064139071,1.17,12171.6,0.741,0.03,360.96,0.026,2.21,45583.8,0.745,0.03,360.96,0.026,711332.591805975,35.98155975341797,0.5334042712394347,4.17,38383.62,0.571,0.05,458.72,0.028,3.28,53808.40000000001,0.76,0.05,458.72,0.028
24,0,13000,13000.0,534077.5169453307,25.77790641784668,0.5576859800065264,1.11,11946.96,0.737,0.03,366.6,0.027,2.61,46543.2,0.749,0.03,366.6,0.027,743189.3012179002,42.86967468261719,0.5346865914662082,4.84,41621.130000000005,0.585,0.05,458.72,0.028,3.33,55071.2,0.765,0.05,458.72,0.028
24,0,13500,13500.0,530810.0020394813,27.010730743408203,0.5530333119300843,1.0,10920.33,0.734,0.04,381.63999999999993,0.027,2.97,47150.0,0.752,0.04,381.63999999999993,0.027,773885.3521508041,46.2844352722168,0.5366459600557714,5.35,43101.49,0.592,0.05,473.76,0.029,4.48,56555.4,0.771,0.05,473.76,0.029
24,0,14000,14000.0,531799.3209945983,28.97516441345215,0.5524071672640946,0.98,10594.71,0.727,0.05,385.3999999999999,0.027,2.85,45821.6,0.747,0.05,385.3999999999999,0.027,811772.239217666,52.23472213745117,0.5474244334587977,5.51,42852.69,0.59,0.05,477.52,0.029,5.92,60966.99999999999,0.785,0.05,477.52,0.029
24,0,14500,14500.0,533838.601076437,29.075647354125977,0.5526052761899504,1.38,15103.2,0.725,0.04,370.36,0.027,2.61,44017.6,0.74,0.04,370.36,0.027,836731.7559651519,55.217098236083984,0.5518164004672088,5.34,41857.49,0.585,0.07,543.32,0.03,7.34,65698.40000000001,0.801,0.07,543.32,0.03
24,0,15000,15000.0,538976.6111594923,28.797456741333008,0.5566271668016026,1.43,16115.3,0.737,0.04,364.72,0.027,2.18,42123.4,0.732,0.04,364.72,0.027,862684.264258476,58.106544494628906,0.562548889030439,4.82,41459.41,0.585,0.08,562.12,0.03,8.39,73209.6,0.823,0.08,562.12,0.03
24,0,15500,15500.0,546612.7954156691,28.211780548095703,0.5643036955893651,1.28,14419.58,0.742,0.04,336.52,0.026,2.08,40737.6,0.727,0.04,336.52,0.026,873558.358770126,59.42687225341797,0.5651499028052972,2.08,14323.4,0.85,0.08,665.52,0.031,9.32,80491.2,0.842,0.08,665.52,0.031
24,0,16000,16000.0,550777.4985422177,25.516956329345703,0.5689926531917391,0.9,9822.3,0.741,0.03,327.12,0.026,2.41,42615.4,0.736,0.03,327.12,0.026,874521.9814067184,61.453453063964844,0.5695640399694655,3.18,21792.24,0.849,0.09,699.36,0.032,9.01,82565.8,0.848,0.09,699.36,0.032
24,0,16500,16500.0,549255.0417864565,24.89415168762207,0.569159253134538,1.22,12400.56,0.749,0.04,355.32,0.026,2.79,44911.4,0.748,0.04,355.32,0.026,872379.6555139135,61.75484848022461,0.57382009521047,3.03,20975.76,0.845,0.11,720.04,0.032,9.74,83771.2,0.853,0.11,720.04,0.032
24,0,17000,17000.0,542313.6592080678,27.305076599121094,0.5680319930498577,1.86,18038.52,0.719,0.04,364.72,0.027,2.92,46576.0,0.756,0.04,364.72,0.027,868960.9257842528,61.392250061035156,0.5783803798544215,4.22,30408.69,0.858,0.11,727.56,0.032,9.61,81811.4,0.85,0.11,727.56,0.032
24,0,17500,17500.0,532517.276928602,28.606246948242188,0.5648252934339585,1.92,17554.36,0.715,0.04,389.15999999999997,0.027,2.94,47871.6,0.763,0.04,389.15999999999997,0.027,867933.6989112445,60.4244384765625,0.5834497278677059,2.6,19899.0,0.846,0.11,699.36,0.032,9.43,80081.2,0.849,0.11,699.36,0.032
24,0,18000,18000.0,520046.24655636837,29.884111404418945,0.5609761481806377,1.72,14418.8,0.723,0.04,394.8,0.027,2.58,46543.2,0.759,0.04,394.8,0.027,865914.6401578491,56.42321014404297,0.5810575688268935,2.51,19585.44,0.843,0.1,689.96,0.032,8.59,80417.4,0.848,0.1,689.96,0.032
24,0,18500,18500.0,509178.1213098674,30.5711669921875,0.558400158387127,1.74,14349.2,0.722,0.03,374.12,0.027,2.8,44960.6,0.754,0.03,374.12,0.027,863299.6725482852,53.641014099121094,0.5759974726706364,2.33,18894.0,0.838,0.09,701.24,0.032,7.82,80835.6,0.849,0.09,701.24,0.032
24,0,19000,19000.0,500020.3295304015,30.849218368530273,0.5557602360005978,1.85,13708.3,0.714,0.03,368.48,0.027,3.05,43894.6,0.751,0.03,368.48,0.027,849790.8546996426,48.472991943359375,0.5595101692544299,3.62,39773.79,0.579,0.09,703.12,0.032,6.66,78802.0,0.844,0.09,703.12,0.032
24,0,19500,19500.0,492256.0195738866,30.826034545898438,0.5540519296770535,1.86,13664.8,0.714,0.04,355.32,0.027,3.27,42828.6,0.748,0.04,355.32,0.027,845927.6976715373,45.57175827026367,0.547532787431818,3.94,42796.71000000001,0.591,0.09,671.16,0.032,5.86,76711.0,0.84,0.09,671.16,0.032
24,0,20000,20000.0,484325.85575501353,30.163110733032227,0.5510298204540551,1.14,8244.12,0.716,0.04,351.56,0.027,3.26,41795.4,0.744,0.04,351.56,0.027,848462.4983794318,43.992515563964844,0.5369141199334093,3.5,27578.980000000003,0.747,0.09,663.64,0.032,5.32,75415.4,0.836,0.09,663.64,0.032
25,0,-20000,20000.0,520410.0174891926,22.200180053710938,0.5957458568688554,2.12,21395.6,0.806,0.05,392.92,0.03,2.62,43952.0,0.806,0.05,392.92,0.03,134051.49638636177,8.63264274597168,0.37948675349754246,0.51,2181.96,0.49,0.02,107.15999999999998,0.019,0.92,13644.8,0.564,0.02,107.15999999999998,0.019
25,0,-19500,19500.0,530604.5925057566,20.816484451293945,0.5990446574301245,2.48,22260.68,0.812,0.04,351.56,0.029,2.53,41311.6,0.796,0.04,351.56,0.029,131315.11841723524,8.054183006286621,0.3759406905587074,0.7,2877.12,0.507,0.18,1558.48,0.037,1.11,12792.0,0.55,0.02,95.88,0.018
25,0,-19000,19000.0,548406.9406534414,24.382831573486328,0.603842044863566,2.46,17698.7,0.815,0.04,340.28,0.029,2.26,40557.2,0.793,0.04,340.28,0.029,129433.21718824748,7.472892761230469,0.36966274749350014,0.65,2967.84,0.514,0.18,1771.0,0.041,1.21,11947.4,0.531,0.02,94.0,0.018
25,0,-18500,18500.0,567304.1777414008,29.50637435913086,0.6079717884214371,2.51,17832.1,0.816,0.04,334.64,0.029,1.98,40106.2,0.792,0.04,334.64,0.029,129118.45376422023,6.989847660064697,0.3677335638484859,0.73,4999.62,0.574,0.02,80.84,0.016,1.25,11529.2,0.524,0.02,80.84,0.016
25,0,-18000,18000.0,590551.1907888256,33.604652404785156,0.6149933790103541,1.4,10332.12,0.813,0.04,332.76,0.029,1.88,41237.8,0.797,0.04,332.76,0.029,129287.58164505342,7.3336920738220215,0.36148882429163853,0.61,5388.96,0.595,0.02,77.08,0.016,1.04,12037.6,0.534,0.02,77.08,0.016
25,0,-17500,17500.0,611382.9649111278,35.8834228515625,0.6193517979236337,1.74,12074.07,0.816,0.05,355.32,0.03,2.6,42189.0,0.801,0.05,355.32,0.03,132408.31592048658,8.169268608093262,0.36080823299701825,0.49,4713.44,0.476,0.02,82.72,0.016,0.84,12841.2,0.552,0.02,82.72,0.016
25,0,-17000,17000.0,631057.7350395732,36.442623138427734,0.6262436009908618,1.67,12313.26,0.818,0.05,362.84,0.03,3.01,44329.2,0.809,0.05,362.84,0.03,139602.26189102975,9.267050743103027,0.3677309413221708,0.53,4080.3,0.503,0.02,84.6,0.017,0.71,12669.0,0.545,0.02,84.6,0.017
25,0,-16500,16500.0,646113.9312785799,36.4284553527832,0.630285976584524,1.51,12970.53,0.825,0.06,394.8,0.03,3.32,46387.4,0.816,0.06,394.8,0.03,149428.07467058662,10.484305381774902,0.38053811528390413,0.94,6717.72,0.568,0.02,78.96,0.016,0.74,12775.6,0.546,0.02,78.96,0.016
25,0,-16000,16000.0,655428.1529546832,35.180973052978516,0.6347641482002314,2.05,19377.799999999996,0.826,0.07,406.08,0.031,3.23,48691.6,0.822,0.07,406.08,0.031,161043.70468596197,11.606623649597168,0.3951585131890581,1.16,7383.439999999999,0.592,0.02,77.08,0.016,0.84,12316.4,0.535,0.02,77.08,0.016
25,0,-15500,15500.0,660757.4135415432,34.197967529296875,0.6371179251271282,2.98,22424.44,0.815,0.06,436.15999999999997,0.031,3.22,50872.8,0.828,0.06,436.15999999999997,0.031,172612.6410308018,12.383995056152344,0.4092699979778875,1.34,7828.439999999999,0.608,0.02,75.2,0.015,0.94,11890.0,0.527,0.02,75.2,0.015
25,0,-15000,15000.0,659353.0489735815,32.71851348876953,0.6390020365608686,2.93,18873.2,0.823,0.06,445.56,0.031,3.22,52635.8,0.832,0.06,445.56,0.031,185967.4401532208,13.215625762939453,0.4238934594556015,1.2,6324.9,0.615,0.02,73.32,0.015,1.02,13366.0,0.556,0.02,73.32,0.015
25,0,-14500,14500.0,652385.3139215596,31.40166664123535,0.6375148950944884,2.99,18838.4,0.823,0.04,466.24,0.031,3.21,54333.200000000004,0.835,0.04,466.24,0.031,198691.39564611352,13.407651901245117,0.4346131297703817,1.23,6388.7,0.618,0.02,97.76,0.018,1.08,14924.0,0.584,0.02,97.76,0.018
25,0,-14000,14000.0,641396.146600218,30.446537017822266,0.6361367774851905,1.81,13370.52,0.827,0.05,473.76,0.031,3.17,54341.4,0.834,0.05,473.76,0.031,213434.43536630916,13.329798698425293,0.4462730915434497,0.58,3688.8,0.609,0.02,105.28000000000002,0.018,1.1,15760.399999999998,0.598,0.02,105.28000000000002,0.018
25,0,-13500,13500.0,628703.2611884148,30.527429580688477,0.6344994706499237,1.94,13079.069999999998,0.825,0.07,473.76,0.031,3.1,53956.0,0.832,0.07,473.76,0.031,229047.6821509561,13.213841438293457,0.45709047116005974,0.77,4331.55,0.615,0.02,118.44,0.02,1.12,16277.000000000002,0.606,0.02,118.44,0.02
25,0,-13000,13000.0,612359.4767424889,29.2116641998291,0.6280997627928881,3.6,26458.799999999996,0.822,0.07,473.76,0.031,2.93,53176.99999999999,0.829,0.07,473.76,0.031,249280.97273217794,13.521084785461426,0.47314109495497586,0.72,4450.14,0.621,0.02,122.2,0.02,1.12,16531.2,0.608,0.02,122.2,0.02
25,0,-12500,12500.0,599897.3576307879,27.480304718017578,0.6243015111399963,1.36,12248.94,0.815,0.07,462.48,0.031,3.04,52447.2,0.827,0.07,462.48,0.031,270192.15385135583,14.029243469238281,0.4879226877802379,1.37,11837.0,0.708,0.02,129.72,0.02,1.22,16646.0,0.608,0.02,129.72,0.02
25,0,-12000,12000.0,589889.0824594374,23.728235244750977,0.6197765168326395,1.29,11979.6,0.812,0.06,458.72,0.031,3.22,50856.4,0.822,0.06,458.72,0.031,293001.80518931884,14.581049919128418,0.5059931628912391,1.43,9868.7,0.721,0.02,131.6,0.021,1.18,18138.4,0.627,0.02,131.6,0.021
25,0,-11500,11500.0,584357.8160158067,22.574975967407227,0.6178559486933766,1.07,11342.43,0.804,0.05,432.3999999999999,0.031,3.23,49405.0,0.818,0.05,432.3999999999999,0.031,315061.5648053568,18.566354751586914,0.5214117952516829,1.49,10019.5,0.724,0.02,154.16,0.022,1.16,19819.4,0.647,0.02,154.16,0.022
25,0,-11000,11000.0,583789.7832854243,20.777788162231445,0.6181297077859894,1.94,22970.4,0.801,0.06,426.76,0.031,2.46,47346.8,0.812,0.06,426.76,0.031,337337.0589015001,20.813682556152344,0.5391183978017702,0.82,6027.36,0.725,0.02,161.68,0.023,1.2,21918.6,0.671,0.02,161.68,0.023
25,0,-10500,10500.0,586160.2436203742,19.09172821044922,0.6205521902807661,0.81,11384.64,0.803,0.05,398.56,0.03,2.08,45452.6,0.806,0.05,398.56,0.03,356439.94547144324,21.12918472290039,0.5523048048109576,1.05,6986.76,0.728,0.03,189.88,0.025,1.26,24149.0,0.693,0.03,189.88,0.025
25,0,-10000,10000.0,590250.5850396934,18.189029693603516,0.6220858715851308,0.78,11529.36,0.805,0.04,389.15999999999997,0.03,1.93,45370.6,0.806,0.04,389.15999999999997,0.03,372449.52452049096,19.494218826293945,0.5623675675007271,1.8,10399.4,0.736,0.03,197.4,0.025,1.93,26584.4,0.715,0.03,197.4,0.025
25,0,-9500,9500.0,594210.7894088142,18.09014129638672,0.6235393549476291,0.71,11871.06,0.81,0.03,391.04,0.03,1.89,45477.2,0.806,0.03,391.04,0.03,381408.6009163655,24.219507217407227,0.5632615957144543,1.83,10353.0,0.735,0.05,231.24,0.026,2.53,28855.799999999996,0.733,0.05,231.24,0.026
25,0,-9000,9000.0,597129.1759307322,18.250892639160156,0.6246084324034371,0.7,11818.8,0.809,0.03,391.04,0.03,1.92,46608.8,0.81,0.03,391.04,0.03,388698.9832825245,27.17588996887207,0.5651408438932538,1.12,6413.64,0.742,0.05,242.52,0.027,2.51,30717.2,0.747,0.05,242.52,0.027
25,0,-8500,8500.0,598718.4702853148,19.17886734008789,0.6244221003833229,0.68,11708.25,0.807,0.03,406.08,0.03,1.93,47797.8,0.813,0.03,406.08,0.03,394112.23255178804,28.44936752319336,0.5648634064468483,1.36,7376.700000000001,0.743,0.04,268.84,0.028,2.36,32242.4,0.757,0.04,268.84,0.028
25,0,-8000,8000.0,598878.8322661829,20.047883987426758,0.6250435863678044,0.69,11664.03,0.806,0.03,411.72,0.03,1.94,47879.8,0.813,0.03,411.72,0.03,398321.83641958504,27.761098861694336,0.5664091632946678,2.59,12449.7,0.773,0.04,274.48,0.028,2.48,32020.999999999996,0.757,0.04,274.48,0.028
25,0,-7500,7500.0,597388.8233789359,20.740514755249023,0.6252072377817124,0.79,12631.68,0.807,0.02,407.96,0.03,1.96,48060.2,0.813,0.02,407.96,0.03,402239.1796568391,29.164297103881836,0.5675607028658857,2.56,11591.1,0.767,0.05,268.84,0.028,3.03,31865.2,0.757,0.05,268.84,0.028
25,0,-7000,7000.0,594227.4678443035,21.314294815063477,0.6238215687119627,0.75,12679.2,0.808,0.02,407.96,0.03,1.92,48306.2,0.813,0.02,407.96,0.03,404784.515324377,35.95255661010742,0.5679589178491184,3.6,12112.2,0.777,0.06,265.08,0.028,2.9,32299.8,0.76,0.06,265.08,0.028
25,0,-6500,6500.0,590436.0644858389,21.71435546875,0.6220468564344228,0.9,16582.2,0.802,0.02,411.72,0.03,1.89,48486.6,0.814,0.02,411.72,0.03,403077.7271067389,39.49130630493164,0.5643041773415318,3.85,11488.42,0.783,0.05,276.36,0.028,2.68,32603.2,0.763,0.05,276.36,0.028
25,0,-6000,6000.0,586693.6911292782,21.788129806518555,0.6195268804244384,0.89,16712.7,0.803,0.03,413.6000000000001,0.03,1.75,48798.2,0.815,0.03,413.6000000000001,0.03,400953.28904903436,44.794795989990234,0.5642147785347585,2.63,7903.08,0.787,0.05,280.12,0.028,3.21,33292.0,0.768,0.05,280.12,0.028
25,0,-5500,5500.0,584808.5331059585,21.649049758911133,0.6178711864647667,0.62,11436.9,0.803,0.03,417.36000000000007,0.03,1.67,49142.6,0.816,0.03,417.36000000000007,0.03,395261.91963524686,47.14687728881836,0.5609102468537923,2.31,6379.8,0.789,0.08,291.4,0.029,4.05,33808.6,0.771,0.08,291.4,0.029
25,0,-5000,5000.0,584602.0824979059,21.030864715576172,0.6178316933326746,0.62,11450.97,0.803,0.03,419.24,0.031,1.6,48019.2,0.812,0.03,419.24,0.031,387407.80351740494,47.946815490722656,0.5613783951889162,2.28,6290.2,0.786,0.09,295.16,0.029,5.38,34612.2,0.777,0.09,295.16,0.029
25,0,-4500,4500.0,586390.3164078423,20.273317337036133,0.6193387094778036,0.93,14899.64,0.807,0.02,402.32,0.03,1.66,46789.2,0.809,0.02,402.32,0.03,378151.20368755003,47.254188537597656,0.5609504279889033,3.37,8957.52,0.774,0.12,308.32,0.029,6.57,35178.0,0.781,0.12,308.32,0.029
25,0,-4000,4000.0,589023.1912023097,19.385398864746094,0.6219071941444596,1.03,15046.96,0.808,0.02,398.56,0.03,1.68,46051.2,0.806,0.02,398.56,0.03,363042.7009092423,41.93217086791992,0.5598737834904621,3.03,8769.6,0.769,0.09,459.04,0.103,6.67,34218.6,0.776,0.13,312.08,0.029
25,0,-3500,3500.0,590969.2951414094,18.672706604003906,0.6244865859789365,0.99,12605.76,0.81,0.02,392.92,0.03,1.69,45288.6,0.804,0.02,392.92,0.03,351396.85286479676,37.84958267211914,0.5650390028240929,3.08,12190.05,0.776,0.09,459.04,0.103,6.7,33300.2,0.771,0.13,295.16,0.029
25,0,-3000,3000.0,590135.995885916,18.100780487060547,0.6261999473322113,1.04,12700.8,0.811,0.02,392.92,0.03,1.65,46354.6,0.808,0.02,392.92,0.03,334508.6886325518,32.4993896484375,0.5651125347278915,1.72,8100.0,0.749,0.74,4108.719999999999,0.07,5.14,31906.199999999997,0.762,0.13,289.52,0.029
25,0,-2500,2500.0,585506.8737161378,17.658639907836914,0.6252670129912296,1.18,12910.32,0.814,0.05,409.84000000000003,0.03,1.73,47535.4,0.813,0.05,409.84000000000003,0.03,313561.71959456947,28.90640640258789,0.5619349136590593,2.08,11649.3,0.764,0.34,3258.64,0.062,4.62,30790.999999999996,0.754,0.09,268.84,0.028
25,0,-2000,2000.0,575926.4385471725,17.205860137939453,0.62215312216788,1.44,18641.97,0.826,0.5,11670.89,0.1,2.01,48248.8,0.815,0.06,415.48,0.031,285079.30179423146,24.7664852142334,0.543317051643355,1.35,6884.25,0.731,0.33,3046.12,0.06,4.07,30512.2,0.75,0.08,261.32,0.028
25,0,-1500,1500.0,564131.947558194,16.689369201660156,0.6179395556600435,1.07,18444.21,0.822,0.53,11493.79,0.1,2.21,48937.6,0.817,0.06,424.87999999999994,0.031,253575.7982022462,20.144556045532227,0.5169607306079871,1.32,5597.85,0.688,0.31,3010.7,0.059,3.45,30258.0,0.749,0.06,259.44,0.028
25,0,-1000,1000.0,549329.4308881303,15.815396308898926,0.6115582845458883,0.83,18264.99,0.819,0.53,11422.95,0.099,1.71,48265.2,0.812,0.07,428.63999999999993,0.031,221725.38484046017,15.370471000671387,0.47931381787291844,1.21,4996.86,0.662,0.29,3418.03,0.064,3.08,28519.6,0.737,0.06,259.44,0.028
25,0,-500,500.0,535925.3241638254,14.796063423156738,0.6064172725151371,0.59,11564.64,0.79,0.03,409.84000000000003,0.03,1.63,47715.8,0.809,0.03,409.84000000000003,0.03,199298.89786104142,11.493693351745605,0.45220691453123846,3.58,24460.57,0.659,0.06,225.6,0.026,2.71,27076.400000000005,0.726,0.06,225.6,0.026
25,0,0,0.0,524449.8092881042,13.796546936035156,0.6004425822468266,0.56,11344.32,0.786,0.03,406.08,0.03,1.62,46166.0,0.803,0.03,406.08,0.03,186099.24440887553,8.451574325561523,0.4287981228981328,0.91,7632.3,0.68,0.06,216.19999999999996,0.026,2.2,22771.4,0.689,0.06,216.19999999999996,0.026
25,0,500,500.0,517015.5821572424,14.009479522705078,0.5975358511174528,0.8,16862.42,0.44,0.02,383.52,0.03,1.61,44690.0,0.798,0.02,383.52,0.03,185249.57250295265,10.114829063415527,0.42646862374948197,0.9,7347.84,0.601,0.04,150.4,0.023,1.61,18794.4,0.647,0.04,150.4,0.023
25,0,1000,1000.0,514262.001352798,14.273310661315918,0.5948099453365776,0.8,17692.79,0.453,0.02,376.0,0.03,1.44,43082.8,0.791,0.02,376.0,0.03,196128.95938511763,13.470154762268066,0.4364311856453773,1.51,6443.8,0.631,0.04,131.6,0.021,1.01,16129.400000000001,0.612,0.04,131.6,0.021
25,0,1500,1500.0,514408.4170840399,14.53846263885498,0.5941975800373226,1.03,19259.6,0.782,0.02,357.2,0.029,1.26,41459.2,0.785,0.02,357.2,0.029,211577.61215321708,15.856905937194824,0.4539276859191715,1.53,6131.56,0.65,0.01,101.52,0.019,0.8,13628.4,0.573,0.01,101.52,0.019
25,0,2000,2000.0,519059.787510709,14.895147323608398,0.5942009003616529,0.86,15430.9,0.785,0.02,351.56,0.029,1.08,40729.4,0.782,0.02,351.56,0.029,231679.99136406972,17.379358291625977,0.4761466602622857,1.92,7592.2,0.668,0.01,94.0,0.018,0.99,14448.4,0.588,0.01,94.0,0.018
25,0,2500,2500.0,526020.2878564694,16.637670516967773,0.5954122737519462,0.89,15486.0,0.786,0.02,344.04,0.029,1.1,40040.6,0.78,0.02,344.04,0.029,247889.86798322294,19.436777114868164,0.4908414756781388,1.53,5391.36,0.665,0.02,110.92,0.02,1.2,15563.6,0.608,0.02,110.92,0.02
25,0,3000,3000.0,537260.8707184376,18.465986251831055,0.5990837096368261,1.04,14769.0,0.788,0.02,344.04,0.029,1.13,40253.8,0.781,0.02,344.04,0.029,260159.79745280638,19.864418029785156,0.4988499192218786,1.51,5533.92,0.67,0.02,116.56,0.02,1.9,18286.0,0.647,0.02,116.56,0.02
25,0,3500,3500.0,549274.4293355981,20.175447463989258,0.6026911632617348,1.09,13942.06,0.791,0.02,347.8,0.029,1.16,40540.8,0.783,0.02,347.8,0.029,270269.3262607965,18.600004196166992,0.5020749850000711,1.47,5382.78,0.677,0.06,156.04,0.023,2.64,21008.4,0.679,0.06,156.04,0.023
25,0,4000,4000.0,563460.897724486,21.316089630126953,0.6074397669063825,1.17,15248.3,0.79,0.02,349.68,0.029,1.2,41213.2,0.786,0.02,349.68,0.029,280624.09665149753,15.137075424194336,0.5054196588694473,1.32,5418.96,0.676,0.06,165.44,0.023,2.61,22295.8,0.692,0.06,165.44,0.023
25,0,4500,4500.0,577046.9922843201,21.218929290771484,0.6112332204380875,1.03,11765.52,0.794,0.02,359.08,0.029,1.47,41910.2,0.789,0.02,359.08,0.029,292969.3630945094,14.350967407226562,0.5097306290512088,1.02,5762.88,0.675,0.07,180.48,0.024,2.39,23337.2,0.702,0.07,180.48,0.024
25,0,5000,5000.0,590993.6612957556,20.100616455078125,0.6145628909862979,0.59,7789.6,0.795,0.03,362.84,0.029,1.88,43189.4,0.794,0.03,362.84,0.029,310606.61794863665,18.83386993408203,0.5194142676123106,1.59,8661.27,0.706,0.07,186.12,0.025,2.1,22976.4,0.696,0.07,186.12,0.025
25,0,5500,5500.0,604007.8555950647,20.380821228027344,0.61669700835189,1.15,22983.36,0.81,0.04,379.76,0.03,2.28,44394.8,0.799,0.04,379.76,0.03,329185.39636631176,22.3411808013916,0.5292989915987117,1.49,9072.24,0.713,0.05,182.36,0.024,2.33,22517.2,0.69,0.05,182.36,0.024
25,0,6000,6000.0,616484.6744145151,22.4022274017334,0.6205481203461989,1.32,23748.759999999995,0.814,0.04,385.3999999999999,0.03,1.88,45616.6,0.803,0.04,385.3999999999999,0.03,350590.9209536869,23.90888023376465,0.5416990854837167,0.85,5886.42,0.719,0.04,180.48,0.024,2.2,23632.4,0.698,0.04,180.48,0.024
25,0,6500,6500.0,626128.363172751,24.159868240356445,0.6221904198112865,1.27,25803.67,0.524,0.03,402.32,0.03,1.66,46756.4,0.807,0.03,402.32,0.03,369294.0395876183,24.276283264160156,0.5502453974481032,2.11,15186.959999999997,0.757,0.04,199.28,0.025,2.02,24887.0,0.708,0.04,199.28,0.025
25,0,7000,7000.0,634697.7536632849,26.295146942138672,0.6263572682480907,1.55,23407.0,0.811,0.02,407.96,0.03,1.67,47437.0,0.81,0.02,407.96,0.03,388105.8385777578,23.51255226135254,0.5608066719915652,2.04,12693.3,0.773,0.04,204.92000000000002,0.025,2.19,27330.6,0.725,0.04,204.92000000000002,0.025
25,0,7500,7500.0,639867.6262366492,27.742202758789062,0.6285290764512392,1.62,22883.68,0.807,0.04,417.36000000000007,0.03,1.79,48150.4,0.812,0.04,417.36000000000007,0.03,402987.97277255205,21.477832794189453,0.565741828166865,2.15,12823.8,0.776,0.04,240.64,0.027,2.62,29880.799999999996,0.742,0.04,240.64,0.027
25,0,8000,8000.0,640358.1723331024,29.62974739074707,0.6275119132498785,1.72,22328.32,0.802,0.04,419.24,0.03,1.93,49331.2,0.815,0.04,419.24,0.03,418212.8357287053,19.148448944091797,0.5737782296686631,2.17,13131.2,0.778,0.05,250.04,0.027,2.6,31348.599999999995,0.749,0.05,250.04,0.027
25,0,8500,8500.0,637065.8626444098,30.593416213989258,0.6229447607118338,1.66,14726.14,0.681,0.03,432.3999999999999,0.031,2.06,50536.6,0.819,0.03,432.3999999999999,0.031,431828.92842515884,16.992807388305664,0.5789212627507316,2.17,13157.3,0.778,0.04,270.72,0.028,2.55,32652.4,0.757,0.04,270.72,0.028
25,0,9000,9000.0,631400.6542345203,32.92988967895508,0.61884705973091,1.96,16715.7,0.803,0.03,436.15999999999997,0.031,2.28,51512.4,0.821,0.03,436.15999999999997,0.031,444013.79377787537,19.483423233032227,0.5857347655225604,1.31,7875.24,0.779,0.04,276.36,0.028,2.14,33308.399999999994,0.761,0.04,276.36,0.028
25,0,9500,9500.0,624433.9384784477,35.15066146850586,0.6142880161816143,2.04,15786.1,0.806,0.03,451.2,0.031,2.5,52242.2,0.822,0.03,451.2,0.031,453430.8208697429,20.487751007080078,0.5897402106934428,1.57,9135.45,0.782,0.04,291.4,0.028,1.78,33702.0,0.766,0.04,291.4,0.028
25,0,10000,10000.0,617642.7639398666,37.94983673095703,0.6123749032551649,2.58,18119.2,0.807,0.03,454.96,0.031,2.69,51217.2,0.818,0.03,454.96,0.031,460689.2665888855,20.705078125,0.5959593093336206,2.92,18413.04,0.776,0.04,297.04,0.029,2.32,34538.4,0.771,0.04,297.04,0.029
25,0,10500,10500.0,613364.9894804967,40.09410095214844,0.6130519417533257,2.02,13428.72,0.81,0.03,438.04,0.03,2.89,50192.2,0.814,0.03,438.04,0.03,462016.83786829596,23.480188369750977,0.5968854512994187,2.07,13264.6,0.773,0.04,310.2,0.029,2.94,35317.4,0.775,0.04,310.2,0.029
25,0,11000,11000.0,611068.9378236809,40.05692672729492,0.6131385217840676,1.67,10831.5,0.808,0.03,434.28,0.03,3.61,50528.4,0.815,0.03,434.28,0.03,454986.70423784317,28.575973510742188,0.5932228414215402,2.17,12177.1,0.757,0.04,313.96,0.029,3.14,36842.6,0.779,0.04,313.96,0.029
25,0,11500,11500.0,609957.113557929,38.54004669189453,0.6133864921202067,2.18,13359.6,0.81,0.06,438.04,0.03,4.85,51020.4,0.817,0.06,438.04,0.03,442878.45053541387,31.223430633544922,0.5855361981142262,2.2,9835.54,0.616,0.04,330.88,0.029,3.96,38745.0,0.786,0.04,330.88,0.029
25,0,12000,12000.0,609334.230371075,39.810829162597656,0.6134156811004116,2.64,17101.3,0.801,0.07,441.8,0.031,4.86,50954.8,0.816,0.07,441.8,0.031,426084.6031094501,32.51011276245117,0.5780466069548266,2.48,10635.3,0.743,0.05,336.52,0.03,3.79,39450.2,0.789,0.05,336.52,0.03
25,0,12500,12500.0,610103.348825645,40.94895553588867,0.6145286144317953,2.68,17110.0,0.801,0.08,439.92,0.031,4.49,50774.4,0.816,0.08,439.92,0.031,408712.79302504926,35.644920349121094,0.5718834044933446,2.53,10088.88,0.749,0.06,338.4,0.029,3.51,40171.8,0.792,0.06,338.4,0.029
25,0,13000,13000.0,611779.9110530755,41.486385345458984,0.6166533199641376,2.76,17739.3,0.809,0.08,438.04,0.031,4.21,49601.8,0.812,0.08,438.04,0.031,388640.894968159,37.37458038330078,0.5644593652718989,2.77,11184.119999999999,0.748,0.06,340.28,0.03,3.55,39089.4,0.788,0.06,340.28,0.03
25,0,13500,13500.0,615431.1419225797,41.079368591308594,0.62075864995441,1.93,11933.37,0.804,0.06,419.24,0.03,4.11,48601.4,0.809,0.06,419.24,0.03,373360.5852173525,38.079017639160156,0.5632643451439179,2.4,8821.44,0.76,0.06,319.6,0.029,4.74,37966.0,0.784,0.06,319.6,0.029
25,0,14000,14000.0,619378.6310514181,38.89342498779297,0.6243287882591178,1.94,12060.0,0.806,0.06,415.48,0.03,4.2,49019.6,0.811,0.06,415.48,0.03,357719.8679423018,35.226810455322266,0.5591570053700889,3.26,13317.9,0.785,0.06,313.96,0.029,5.48,36145.6,0.776,0.06,313.96,0.029
25,0,14500,14500.0,621598.0421845012,35.839359283447266,0.6266464095179063,1.92,12321.3,0.811,0.07,421.12000000000006,0.03,4.21,49626.4,0.813,0.07,421.12000000000006,0.03,340522.66364400275,29.202516555786133,0.5517862722519915,2.74,12366.180000000002,0.771,0.08,289.52,0.028,6.05,34292.4,0.768,0.08,289.52,0.028
25,0,15000,15000.0,621713.0080230688,30.979875564575195,0.627119880242331,1.83,12319.29,0.811,0.08,424.87999999999994,0.03,3.86,50159.4,0.815,0.08,424.87999999999994,0.03,322820.0212202326,23.873502731323242,0.5398050374395471,2.12,11361.930000000002,0.758,0.08,282.0,0.028,4.91,31840.6,0.754,0.08,282.0,0.028
25,0,15500,15500.0,620301.329992817,30.270090103149414,0.6263894447900165,1.59,12313.26,0.812,0.07,432.3999999999999,0.031,3.42,50635.0,0.818,0.07,432.3999999999999,0.031,309124.2100897827,26.544788360595703,0.5327067211289942,1.58,10994.22,0.752,0.06,250.04,0.027,3.67,29470.799999999996,0.741,0.06,250.04,0.027
25,0,16000,16000.0,617525.8625137272,32.74025344848633,0.6238392975834202,2.9,24928.8,0.81,0.07,434.28,0.031,2.85,50454.6,0.818,0.07,434.28,0.031,297986.49608289124,28.86604118347168,0.523123274733039,1.42,8189.6,0.688,0.06,240.64,0.027,2.51,28208.0,0.732,0.06,240.64,0.027
25,0,16500,16500.0,615251.8012962713,33.85414505004883,0.6211822205591511,1.68,17516.0,0.808,0.06,432.3999999999999,0.031,2.74,50126.6,0.817,0.06,432.3999999999999,0.031,290196.4599137893,30.336788177490234,0.5167912039262376,1.45,8160.6,0.687,0.05,225.6,0.026,2.59,27191.199999999997,0.725,0.05,225.6,0.026
25,0,17000,17000.0,614882.1492086104,34.74128341674805,0.6194662219950131,1.66,18049.6,0.812,0.06,430.52,0.031,2.63,49462.4,0.816,0.06,430.52,0.031,285947.41851024446,31.722766876220703,0.5086213431038695,1.25,7160.26,0.684,0.04,219.96,0.026,2.77,26043.2,0.716,0.04,219.96,0.026
25,0,17500,17500.0,617322.8861219111,35.109432220458984,0.6194327255352269,1.18,11981.61,0.808,0.04,421.12000000000006,0.03,2.52,48847.4,0.815,0.04,421.12000000000006,0.03,285245.4466097988,32.58251190185547,0.5037400836013857,1.64,6898.32,0.535,0.03,204.92000000000002,0.025,2.9,25001.8,0.708,0.03,204.92000000000002,0.025
25,0,18000,18000.0,623793.5580462335,35.31406021118164,0.6225652778265359,1.18,12102.21,0.808,0.04,419.24,0.03,2.61,48519.4,0.814,0.04,419.24,0.03,289709.32222352276,32.41318130493164,0.5015641890932747,1.66,7052.76,0.539,0.03,203.04,0.025,3.26,24747.6,0.711,0.03,203.04,0.025
25,0,18500,18500.0,631138.9746493078,35.12553024291992,0.6262494028547929,0.83,8474.2,0.809,0.04,413.6000000000001,0.03,3.01,48355.4,0.814,0.04,413.6000000000001,0.03,298872.9994372072,31.76825714111328,0.5045398950674083,1.69,8439.86,0.578,0.03,201.16,0.026,3.57,24542.6,0.715,0.03,201.16,0.026
25,0,19000,19000.0,638804.5351747748,34.36830520629883,0.6294264262379757,1.25,13214.88,0.812,0.04,411.72,0.03,3.34,49093.4,0.817,0.04,411.72,0.03,312273.5755409889,30.062238693237305,0.5129702211844396,5.76,33243.78,0.743,0.04,203.04,0.026,3.76,24165.4,0.709,0.04,203.04,0.026
25,0,19500,19500.0,644323.8978642743,33.74181365966797,0.631343679920914,1.14,12771.54,0.814,0.04,424.87999999999994,0.03,3.64,49831.4,0.819,0.04,424.87999999999994,0.03,328107.0767438516,28.68581199645996,0.5253886042012249,2.11,9711.87,0.722,0.04,193.64,0.025,3.98,24058.8,0.704,0.04,193.64,0.025
25,0,20000,20000.0,648025.6658599607,32.60343551635742,0.6325485170820025,1.11,12667.02,0.813,0.04,428.63999999999993,0.031,3.57,51135.2,0.821,0.04,428.63999999999993,0.031,342928.3775013351,27.380931854248047,0.5374957994614197,2.29,10249.53,0.731,0.04,191.76,0.025,4.1,24772.2,0.698,0.04,191.76,0.025
26,0,-20000,20000.0,208607.46248735694,7.433807849884033,0.4282373833878049,1.1,9035.16,0.679,0.33,2851.31,0.05,2.51,26117.0,0.686,0.1,244.4,0.025,39548.03652806859,5.890453815460205,0.25691879202654444,0.45,1461.6,0.396,0.01,24.44,0.011,0.58,3649.0,0.44,0.01,24.44,0.011
26,0,-19500,19500.0,188966.68983632032,7.153256416320801,0.41125483476079167,0.93,7879.5,0.645,0.33,2479.4,0.045,1.93,23058.4,0.659,0.05,182.36,0.022,40880.50343244697,5.951049327850342,0.2559042386508162,0.45,1484.8,0.397,0.01,18.8,0.01,0.53,3091.4,0.418,0.01,18.8,0.01
26,0,-19000,19000.0,172417.35292963753,6.875602722167969,0.3893095020901916,0.57,4134.24,0.551,0.36,2390.85,0.044,1.31,19958.8,0.624,0.04,165.44,0.021,44135.91448686314,5.998335838317871,0.2577283121456057,0.47,1824.1,0.407,0.01,18.8,0.01,0.5,2861.8,0.398,0.01,18.8,0.01
26,0,-18500,18500.0,161425.2687168799,6.917986869812012,0.3761083500866241,0.6,4183.92,0.555,0.01,124.08,0.018,1.13,17326.6,0.594,0.01,124.08,0.018,48641.05311888916,5.984835147857666,0.2638915135124799,0.47,1853.1,0.409,0.01,16.92,0.01,0.49,2820.8,0.391,0.01,16.92,0.01
26,0,-18000,18000.0,153618.34508307074,7.331667900085449,0.36146091938984615,0.57,3857.76,0.53,0.02,114.68,0.018,1.19,16801.8,0.583,0.02,114.68,0.018,54812.586200857186,5.91113805770874,0.27131489356674926,0.5,2180.8,0.421,0.01,16.92,0.01,0.51,3247.2,0.401,0.01,16.92,0.01
26,0,-17500,17500.0,145508.69387353887,7.633543014526367,0.3460251809682902,1.02,6742.64,0.526,0.02,116.56,0.018,1.15,16317.999999999998,0.574,0.02,116.56,0.018,61443.10303799641,5.827150821685791,0.2780008579181745,0.5,2206.9,0.422,0.01,20.68,0.01,0.52,3706.3999999999996,0.413,0.01,20.68,0.01
26,0,-17000,17000.0,138313.39225579757,7.695438385009766,0.33415381340294564,1.06,5040.2,0.514,0.02,118.44,0.018,0.98,14087.6,0.53,0.02,118.44,0.018,69157.18597669619,5.751603126525879,0.2880480109794411,0.51,2688.3,0.438,0.01,22.56,0.01,0.53,4100.0,0.418,0.01,22.56,0.01
26,0,-16500,16500.0,133787.93232705374,7.510108947753906,0.32874195693599323,1.1,5118.5,0.519,0.02,90.24,0.015,0.82,11890.0,0.482,0.02,90.24,0.015,76558.52323301458,5.823645114898682,0.29523656060726605,0.5,2734.7,0.441,0.01,26.320000000000004,0.01,0.52,4493.6,0.425,0.01,26.320000000000004,0.01
26,0,-16000,16000.0,132797.57407270954,6.861127853393555,0.3272198602688989,1.33,5515.8,0.536,0.02,82.72,0.014,0.85,10971.6,0.461,0.02,82.72,0.014,84763.25482393646,6.657447338104248,0.3102197563783722,0.34,1567.8,0.427,0.01,26.320000000000004,0.01,0.54,5010.2,0.438,0.01,26.320000000000004,0.01
26,0,-15500,15500.0,135857.9799156208,8.657696723937988,0.33399563697434426,1.39,5553.5,0.538,0.02,67.68,0.012,0.92,10684.6,0.455,0.02,67.68,0.012,91728.15120231011,7.445736408233643,0.3224560078854031,0.66,4713.44,0.484,0.01,30.08,0.01,0.57,5576.0,0.452,0.01,30.08,0.01
26,0,-15000,15000.0,141065.90337637824,11.441095352172852,0.3382121400209782,1.79,6739.08,0.528,0.02,63.92000000000001,0.012,0.9,10930.6,0.461,0.02,63.92000000000001,0.012,96777.78261219776,8.090641021728516,0.33620248488046245,0.65,3651.1,0.483,0.01,30.08,0.01,0.65,6527.2,0.47,0.01,30.08,0.01
26,0,-14500,14500.0,145627.5401516233,12.666613578796387,0.3384976196198567,1.86,7216.12,0.546,0.03,73.32,0.013,0.85,10930.6,0.463,0.03,73.32,0.013,99028.85045919655,8.373851776123047,0.34509464971785425,0.67,3648.2,0.482,0.01,37.6,0.011,0.76,7511.2,0.487,0.01,37.6,0.011
26,0,-14000,14000.0,152743.4279726092,15.680370330810547,0.3453610548724257,2.37,8768.28,0.593,0.04,77.08,0.014,0.73,10389.4,0.451,0.04,77.08,0.014,97962.67456891594,8.602425575256348,0.3458206833097219,0.42,2047.98,0.469,0.01,39.48,0.011,0.96,8552.6,0.498,0.01,39.48,0.011
26,0,-13500,13500.0,161522.86591627088,19.601408004760742,0.354643386497119,2.89,9807.8,0.621,0.02,71.44,0.013,0.72,9913.8,0.445,0.02,71.44,0.013,95797.90048024902,8.431955337524414,0.34273006985966276,0.55,2278.8,0.45,0.01,48.88,0.012,1.16,9512.0,0.509,0.01,48.88,0.012
26,0,-13000,13000.0,174530.30208922864,24.88408088684082,0.3771386431379685,2.77,8618.8,0.648,0.02,69.56,0.013,1.02,9831.8,0.448,0.02,69.56,0.013,93093.97152095637,7.438796520233154,0.3343661145208011,1.07,5279.48,0.584,0.01,54.519999999999996,0.012,1.24,9479.2,0.505,0.01,54.519999999999996,0.012
26,0,-12500,12500.0,187433.18750507242,29.79541778564453,0.3995160014423097,2.85,8781.2,0.653,0.02,63.92000000000001,0.012,1.31,10020.4,0.457,0.02,63.92000000000001,0.012,92038.89014235893,7.690061569213867,0.32885074980583223,1.32,6144.560000000001,0.624,0.01,52.64000000000001,0.012,1.27,9315.2,0.504,0.01,52.64000000000001,0.012
26,0,-12000,12000.0,195920.88944677453,32.14592742919922,0.4138355549275675,1.66,4922.46,0.639,0.02,63.92000000000001,0.012,1.55,11611.2,0.486,0.02,63.92000000000001,0.012,95456.24182372658,10.222492218017578,0.33484238998739746,1.31,6632.28,0.641,0.01,50.76,0.012,1.09,8003.2,0.492,0.01,50.76,0.012
26,0,-11500,11500.0,201241.84102833882,32.387821197509766,0.42254036763151914,1.35,3710.0,0.624,0.04,97.76,0.016,2.01,13603.8,0.525,0.04,97.76,0.016,103336.32491631406,13.189617156982422,0.3512998097487092,1.1,4483.4,0.607,0.01,39.48,0.011,0.85,6674.800000000001,0.476,0.01,39.48,0.011
26,0,-11000,11000.0,199608.15749446658,28.67943572998047,0.4254485342223736,3.82,11791.2,0.641,0.04,107.15999999999998,0.017,3.03,16596.8,0.573,0.04,107.15999999999998,0.017,117029.26764621989,17.211042404174805,0.3772930814709113,1.26,5483.9,0.648,0.01,35.72,0.011,0.59,6232.0,0.471,0.01,35.72,0.011
26,0,-10500,10500.0,190664.7716907297,23.092363357543945,0.417462048138714,7.54,25055.13,0.615,0.42,2036.6499999999999,0.04,4.11,19245.4,0.61,0.06,152.28,0.02,132666.82672711095,21.412155151367188,0.4044774734291843,1.27,5562.2,0.65,0.01,33.84,0.011,0.65,6059.8,0.47,0.01,33.84,0.011
26,0,-10000,10000.0,172298.79607187933,14.964285850524902,0.39795024576547355,2.43,8094.72,0.55,0.4,1877.26,0.04,3.18,18056.4,0.595,0.07,161.68,0.021,148044.4219359547,25.04905128479004,0.4220511301808512,1.66,6361.72,0.595,0.0,31.960000000000004,0.011,0.84,7166.8,0.489,0.0,31.960000000000004,0.011
26,0,-9500,9500.0,157275.1191531726,16.766576766967773,0.38484792754517305,0.95,4434.48,0.564,0.37,1788.71,0.04,2.27,17293.8,0.586,0.06,133.48,0.019,159585.92762555,27.260744094848633,0.4282478216612649,1.72,6539.72,0.588,0.02,56.4,0.015,1.04,8913.4,0.542,0.02,56.4,0.015
26,0,-9000,9000.0,142839.01448330787,18.86834716796875,0.3655226059672966,1.49,7474.71,0.633,0.34,1859.55,0.042,1.98,17638.2,0.591,0.06,120.32,0.018,168561.88637571395,28.116167068481445,0.4285477909747413,1.8,7693.16,0.601,0.02,63.92000000000001,0.016,1.55,11111.0,0.59,0.02,63.92000000000001,0.016
26,0,-8500,8500.0,131924.13741123857,19.495182037353516,0.35142189916487665,1.16,6553.89,0.601,0.32,2001.2299999999998,0.045,2.33,18286.0,0.599,0.04,122.2,0.018,174783.70619412893,29.092519760131836,0.4221987066773624,1.85,8568.92,0.618,0.03,92.12,0.019,2.07,13185.599999999999,0.624,0.03,92.12,0.019
26,0,-8000,8000.0,123332.58985046289,18.99578857421875,0.3371779008268948,1.07,5568.18,0.56,0.36,2266.88,0.048,2.25,16350.800000000001,0.571,0.05,122.2,0.018,181582.6640493269,30.00136375427246,0.42227801044116003,1.63,6542.4,0.609,0.04,99.64,0.02,2.29,13948.200000000003,0.63,0.04,99.64,0.02
26,0,-7500,7500.0,119415.77025082064,17.954465866088867,0.33215394279036015,0.92,4706.07,0.525,0.02,94.0,0.015,2.21,14030.2,0.533,0.02,94.0,0.015,190626.3881399111,30.77939796447754,0.4269756666508145,1.67,6690.3,0.614,0.04,101.52,0.019,2.53,14727.2,0.636,0.04,101.52,0.019
26,0,-7000,7000.0,121887.55652745276,16.838275909423828,0.3362970112331702,1.08,4483.92,0.426,0.02,88.36,0.015,2.01,11808.0,0.499,0.02,88.36,0.015,200287.661859213,31.087093353271484,0.4375082421204909,1.89,7612.5,0.645,0.04,101.52,0.019,2.34,14612.4,0.622,0.04,101.52,0.019
26,0,-6500,6500.0,129343.41541861651,15.659308433532715,0.35011633888901733,2.62,15909.900000000001,0.579,0.01,63.92000000000001,0.013,1.78,9864.6,0.466,0.01,63.92000000000001,0.013,209370.65863452392,30.975500106811523,0.4487117477868649,1.9,7685.0,0.647,0.03,94.0,0.017,2.18,14571.4,0.61,0.03,94.0,0.017
26,0,-6000,6000.0,142077.4399410663,14.257994651794434,0.36831704271944576,0.98,4698.0,0.546,0.01,58.28,0.012,1.61,9536.6,0.463,0.01,58.28,0.012,216525.23037934833,30.183080673217773,0.4611606600839051,1.02,4424.82,0.638,0.03,92.12,0.017,2.25,15826.0,0.618,0.03,92.12,0.017
26,0,-5500,5500.0,155775.14787699102,18.03569984436035,0.385722613769155,1.02,4495.8,0.554,0.01,58.28,0.013,1.48,9635.0,0.472,0.01,58.28,0.013,218158.2702902047,28.351276397705078,0.4660180867921474,1.26,5181.78,0.642,0.04,109.03999999999999,0.018,2.29,16924.8,0.624,0.04,109.03999999999999,0.018
26,0,-5000,5000.0,169951.96508710095,21.63176155090332,0.40018939968756856,1.01,4886.96,0.566,0.01,60.16,0.013,1.37,10988.0,0.507,0.01,60.16,0.013,213182.84690146826,24.91167640686035,0.46266313586828517,2.4,10514.16,0.64,0.04,114.68,0.018,2.53,18523.8,0.644,0.04,114.68,0.018
26,0,-4500,4500.0,183261.89333706617,23.855072021484375,0.4118611165766745,1.07,4071.6000000000004,0.574,0.02,78.96,0.016,1.59,12718.2,0.547,0.02,78.96,0.016,204712.6140205971,21.243555068969727,0.4529619225971128,0.97,4832.04,0.631,0.04,135.36,0.019,2.69,19975.2,0.662,0.04,135.36,0.019
26,0,-4000,4000.0,194469.41204868752,24.960397720336914,0.4250461895933126,1.6,6717.659999999999,0.632,0.03,84.6,0.016,2.29,14628.8,0.576,0.03,84.6,0.016,193465.18282925902,17.682416915893555,0.4397635549700878,1.83,9771.6,0.627,0.04,142.88,0.02,2.36,19811.2,0.665,0.04,142.88,0.02
26,0,-3500,3500.0,200120.02172170035,24.932296752929688,0.43050548294987423,1.76,8180.88,0.606,0.04,107.15999999999998,0.018,2.84,16572.2,0.602,0.04,107.15999999999998,0.018,183376.58145822136,16.824602127075195,0.42823148308007886,1.2,6730.02,0.658,0.04,139.12,0.02,2.37,19507.8,0.667,0.04,139.12,0.02
26,0,-3000,3000.0,199422.92798039594,24.441415786743164,0.4340850943907251,1.69,6762.8,0.606,0.04,112.8,0.019,2.74,17679.2,0.612,0.04,112.8,0.019,176288.85070279049,16.005332946777344,0.42186306015933545,1.04,6281.4,0.626,0.03,139.12,0.02,2.09,17621.8,0.644,0.03,139.12,0.02
26,0,-2500,2500.0,194839.15603727146,23.158559799194336,0.43338854415159833,1.72,6815.0,0.607,0.04,124.08,0.019,2.46,18728.8,0.622,0.04,124.08,0.019,175470.41814501124,16.288602828979492,0.4273304375973707,1.07,6353.9,0.63,0.03,110.92,0.018,1.79,15768.6,0.617,0.03,110.92,0.018
26,0,-2000,2000.0,184181.19225762662,21.92486000061035,0.4270363741958937,0.93,3909.78,0.596,0.03,127.84000000000002,0.019,2.35,19655.4,0.629,0.03,127.84000000000002,0.019,178986.6725349498,16.689983367919922,0.4385389064275717,1.13,6066.800000000001,0.633,0.03,103.40000000000002,0.017,1.76,14596.0,0.596,0.03,103.40000000000002,0.017
26,0,-1500,1500.0,170570.22808664216,20.038564682006836,0.41563427870520936,1.16,4590.84,0.602,0.26,1469.93,0.034,2.49,20409.8,0.64,0.04,141.0,0.019,186530.77052678337,16.894176483154297,0.45712890012723406,1.29,4896.32,0.506,0.02,90.24,0.016,1.7,13825.2,0.584,0.02,90.24,0.016
26,0,-1000,1000.0,152536.30154253152,16.666345596313477,0.3949410185923498,1.08,4237.08,0.581,0.23,1363.67,0.034,2.46,18901.0,0.623,0.04,144.76,0.02,195664.6446870727,21.064123153686523,0.4777198976479104,1.55,5811.6,0.646,0.02,88.36,0.016,1.33,14062.999999999998,0.593,0.02,88.36,0.016
26,0,-500,500.0,135090.9226877412,12.695652961730957,0.3724997648719276,0.86,3455.1900000000005,0.535,0.26,1275.12,0.033,2.33,16875.6,0.598,0.04,125.96000000000001,0.018,199434.83872688186,24.9996280670166,0.48770508629572035,1.57,5797.1,0.648,0.02,101.52,0.018,1.41,14267.999999999998,0.603,0.02,101.52,0.018
26,0,0,0.0,118236.24020182806,8.505680084228516,0.3432531180371485,1.58,7005.360000000001,0.531,0.28,1310.54,0.033,2.02,14325.399999999998,0.559,0.04,122.2,0.018,197146.97745835615,28.81320571899414,0.4866385478785015,1.99,6621.600000000001,0.643,0.02,105.28000000000002,0.018,1.55,14997.8,0.623,0.02,105.28000000000002,0.018
26,0,500,500.0,106032.440353705,7.165128231048584,0.3235675937100297,0.49,2273.31,0.438,0.03,88.36,0.015,1.7,12373.8,0.532,0.03,88.36,0.015,193603.61711016065,31.461759567260742,0.48496443757546487,2.44,7144.92,0.664,0.03,116.56,0.02,1.73,16022.8,0.648,0.03,116.56,0.02
26,0,1000,1000.0,96026.69621604422,6.492000579833984,0.3055259131480882,0.89,4577.76,0.433,0.25,1345.96,0.033,1.19,10651.8,0.497,0.03,78.96,0.014,186141.40168677372,32.662315368652344,0.48091879196126075,2.42,5547.7,0.66,0.03,122.2,0.021,2.55,17523.4,0.677,0.03,122.2,0.021
26,0,1500,1500.0,90323.83476210712,6.202941417694092,0.29850812221623824,0.62,3646.2,0.495,0.01,54.519999999999996,0.011,1.05,9643.2,0.483,0.01,54.519999999999996,0.011,176135.66529037288,32.07630157470703,0.47114869541854293,2.51,5599.9,0.662,0.04,141.0,0.023,3.43,19245.4,0.707,0.04,141.0,0.023
26,0,2000,2000.0,86776.53986030558,6.0827956199646,0.29867006416558506,0.79,3553.5,0.489,0.01,50.76,0.011,0.95,8987.2,0.468,0.01,50.76,0.011,165172.6302254574,30.569032669067383,0.4691038454189536,2.79,5356.3,0.643,0.02,109.44,0.057,3.3,18195.8,0.7,0.05,146.64,0.024
26,0,2500,2500.0,84160.07964724711,5.9128499031066895,0.3028721620141852,0.44,1811.01,0.409,0.01,45.12,0.011,1.0,8667.4,0.459,0.01,45.12,0.011,155519.4487921341,29.219511032104492,0.47475482884498976,2.81,5341.800000000001,0.642,0.02,109.44,0.057,3.2,17162.6,0.693,0.04,125.96000000000001,0.023
26,0,3000,3000.0,80268.39233636516,5.352308750152588,0.30258763581128384,0.43,1885.3800000000003,0.411,0.01,43.24,0.011,0.81,8421.4,0.45,0.01,43.24,0.011,139555.16695174712,24.138071060180664,0.46265615017578215,1.51,3093.72,0.634,0.18,903.21,0.034,3.35,16154.0,0.675,0.04,120.32,0.022
26,0,3500,3500.0,75911.69036697247,4.677636623382568,0.3017001785059343,0.46,2058.24,0.417,0.01,43.24,0.011,0.76,8183.6,0.445,0.01,43.24,0.011,121356.20305873494,21.35211181640625,0.442200972957991,1.93,3634.0799999999995,0.64,0.12,708.4,0.033,3.79,14866.6,0.652,0.05,116.56,0.022
26,0,4000,4000.0,70188.03351426849,4.307353973388672,0.29370463129652047,0.42,1881.36,0.41,0.01,43.24,0.011,0.76,8355.8,0.445,0.01,43.24,0.011,102260.5195441415,15.269225120544434,0.41022453389808705,3.46,7307.28,0.633,0.13,672.98,0.032,3.58,14104.0,0.636,0.05,116.56,0.022
26,0,4500,4500.0,63586.13736420898,4.562426567077637,0.28056294823149297,0.37,1609.2,0.396,0.01,47.0,0.011,0.75,8323.0,0.443,0.01,47.0,0.011,85120.45847464478,10.05390453338623,0.3782545478907245,4.74,15402.819999999998,0.602,0.16,672.98,0.033,3.27,13185.599999999999,0.618,0.07,110.92,0.022
26,0,5000,5000.0,57234.99349145259,4.815117359161377,0.26358116243285473,0.47,1394.9,0.362,0.01,48.88,0.011,0.68,7224.2,0.425,0.01,48.88,0.011,68332.43898569336,6.479246139526367,0.332860935750549,1.22,4263.6,0.498,0.2,743.82,0.033,1.83,10733.8,0.569,0.08,109.03999999999999,0.022
26,0,5500,5500.0,54180.42660097162,5.018667221069336,0.2569081173973276,0.47,1397.8,0.364,0.01,39.48,0.011,0.66,6281.2,0.41,0.01,39.48,0.011,57900.20058547385,4.725423336029053,0.3069496894987688,1.66,8676.86,0.46,0.23,832.37,0.034,1.13,8396.8,0.511,0.04,65.8,0.016
26,0,6000,6000.0,53429.54790984987,4.979312419891357,0.2498688840009414,0.31,1015.05,0.365,0.01,37.6,0.011,0.52,5297.2,0.387,0.01,37.6,0.011,51978.34450137856,5.512972831726074,0.28763055831442164,0.51,1528.2999999999997,0.413,0.22,885.5,0.035,0.73,6371.4,0.463,0.04,58.28,0.015
26,0,6500,6500.0,56126.68705180404,4.76559591293335,0.2552579558841373,0.31,1017.0599999999998,0.373,0.01,30.08,0.01,0.53,4641.2,0.375,0.01,30.08,0.01,50891.52528028701,6.556146144866943,0.28873197227687736,0.53,1551.5,0.415,0.01,30.08,0.011,0.7,5182.4,0.446,0.01,30.08,0.011
26,0,7000,7000.0,61006.56063219112,5.168477535247803,0.26551894267882914,0.62,2262.6,0.414,0.01,28.2,0.01,0.52,4526.4,0.373,0.01,28.2,0.01,52655.449207115016,7.604733943939209,0.2956610557772751,0.49,1870.5,0.436,0.01,26.320000000000004,0.011,0.5,4608.4,0.435,0.01,26.320000000000004,0.011
26,0,7500,7500.0,65792.81460179218,7.022076606750488,0.27477204283258,0.68,2194.56,0.427,0.01,26.320000000000004,0.01,0.49,4608.4,0.383,0.01,26.320000000000004,0.01,55523.36322451058,8.274068832397461,0.30728604198573334,0.34,1069.32,0.417,0.0,22.56,0.01,0.42,4214.8,0.428,0.0,22.56,0.01
26,0,8000,8000.0,70837.8497916694,7.9234819412231445,0.2888628087789559,0.74,2369.82,0.44,0.01,26.320000000000004,0.01,0.5,5010.2,0.392,0.01,26.320000000000004,0.01,58626.10690457387,8.215505599975586,0.32073602556877767,0.29,1136.22,0.438,0.0,22.56,0.01,0.56,4444.4,0.439,0.0,22.56,0.01
26,0,8500,8500.0,74710.05067806595,8.054046630859375,0.3007976490900469,0.7,1892.16,0.437,0.01,30.08,0.01,0.81,5485.8,0.405,0.01,30.08,0.01,60526.940099250096,7.610380172729492,0.33063444993152125,0.35,1322.58,0.441,0.01,24.44,0.01,0.71,4731.4,0.456,0.01,24.44,0.01
26,0,9000,9000.0,75269.3475824049,7.374422550201416,0.30435668294991947,1.03,2957.13,0.486,0.09,903.21,0.03,1.2,6297.6,0.421,0.01,31.960000000000004,0.011,60613.839967888416,6.44623327255249,0.33691332572913796,0.66,2647.92,0.435,0.01,24.44,0.011,0.84,5346.4,0.476,0.01,24.44,0.011
26,0,9500,9500.0,74109.8917620334,6.326540470123291,0.3028414084455202,0.78,2112.48,0.458,0.07,850.08,0.03,1.56,7216.000000000001,0.445,0.01,39.48,0.011,59352.51298697242,5.221738815307617,0.3387008507769645,0.43,2404.02,0.517,0.01,28.2,0.011,0.96,5953.2,0.495,0.01,28.2,0.011
26,0,10000,10000.0,70472.04435628244,4.942893981933594,0.29172087826457815,0.68,1941.84,0.436,0.09,903.21,0.03,1.55,7667.0,0.456,0.02,45.12,0.012,56478.83854114789,3.800997018814087,0.3365555778244166,0.36,1409.4,0.428,0.01,30.08,0.011,0.83,6191.0,0.501,0.01,30.08,0.011
26,0,10500,10500.0,66672.17109158373,3.51943302154541,0.2783974001652759,0.72,2799.54,0.467,0.12,991.7600000000001,0.031,1.44,7880.199999999999,0.461,0.02,50.76,0.013,53120.32422789206,3.8708035945892334,0.33270896520309046,0.49,1644.72,0.416,0.01,31.960000000000004,0.011,0.72,6355.0,0.504,0.01,31.960000000000004,0.011
26,0,11000,11000.0,63448.60702508722,2.930402994155884,0.26357458504587467,0.47,2512.1700000000005,0.455,0.15,1115.73,0.032,0.99,6847.0,0.429,0.02,52.64000000000001,0.013,48989.148787479804,4.484550476074219,0.3238204242138342,0.51,1310.7999999999997,0.426,0.01,31.960000000000004,0.011,0.48,5846.6,0.499,0.01,31.960000000000004,0.011
26,0,11500,11500.0,63899.76931269666,2.8783321380615234,0.26053262440637986,0.33,2342.22,0.443,0.01,37.6,0.011,0.63,6133.6,0.414,0.01,37.6,0.011,45974.71492803506,5.168586730957031,0.3203157403422215,0.52,1305.0,0.427,0.01,28.2,0.011,0.42,5346.4,0.494,0.01,28.2,0.011
26,0,12000,12000.0,68461.47676829642,3.0069873332977295,0.26802761576138845,0.29,2244.6,0.389,0.01,35.72,0.011,0.41,5559.6,0.4,0.01,35.72,0.011,43591.5744234375,5.540605068206787,0.3150562636482167,0.59,1302.1,0.424,0.01,26.320000000000004,0.011,0.45,4862.6,0.49,0.01,26.320000000000004,0.011
26,0,12500,12500.0,75497.20187773547,3.1671783924102783,0.28250962999947393,0.27,2125.98,0.394,0.01,31.960000000000004,0.01,0.29,5174.2,0.39,0.01,31.960000000000004,0.01,41778.85831525807,5.697423458099365,0.31259824574318645,0.6,1302.1,0.424,0.01,22.56,0.011,0.55,4452.6,0.488,0.01,22.56,0.011
26,0,13000,13000.0,84120.08766885282,3.604544162750244,0.3007757315246246,0.37,2824.6,0.437,0.01,30.08,0.01,0.31,5362.8,0.391,0.01,30.08,0.01,40364.76907487612,5.4458088874816895,0.31113534142209154,0.4,882.3899999999999,0.428,0.01,22.56,0.011,0.62,4132.8,0.486,0.01,22.56,0.011
26,0,13500,13500.0,92560.72920360188,4.694496154785156,0.31832059242804184,0.37,2956.56,0.477,0.01,31.960000000000004,0.01,0.37,5822.0,0.404,0.01,31.960000000000004,0.01,39056.83561682632,4.956928253173828,0.3098481079851004,0.43,872.34,0.426,0.01,20.68,0.011,0.67,3829.4,0.485,0.01,20.68,0.011
26,0,14000,14000.0,98639.40799044364,6.007637977600098,0.33447423641049207,0.68,3262.5,0.487,0.01,31.960000000000004,0.01,0.42,6855.199999999999,0.422,0.01,31.960000000000004,0.01,38121.35405804373,4.0996623039245605,0.3139766432607365,0.41,872.34,0.425,0.01,18.8,0.011,0.66,3706.3999999999996,0.483,0.01,18.8,0.011
26,0,14500,14500.0,101271.73690212014,7.014745712280273,0.3444213254378509,0.7,3297.3,0.491,0.01,41.36,0.011,0.51,8019.599999999999,0.443,0.01,41.36,0.011,36870.24043329035,4.058793067932129,0.3170285403018737,0.34,874.3499999999999,0.426,0.06,389.62,0.032,0.63,3599.7999999999997,0.481,0.01,18.8,0.01
26,0,15000,15000.0,98514.68271159646,6.769478797912598,0.34606981436914863,0.45,2096.7000000000003,0.505,0.01,43.24,0.011,0.66,9282.4,0.478,0.01,43.24,0.011,34992.26455357113,3.74418568611145,0.3147332859415228,0.57,1770.72,0.421,0.06,354.2,0.03,0.53,3468.6000000000004,0.474,0.01,18.8,0.011
26,0,15500,15500.0,93911.32590125516,6.101088047027588,0.3437249293328412,0.6,2790.72,0.523,0.02,62.04,0.014,0.98,10610.8,0.516,0.02,62.04,0.014,33048.92915300182,3.2562317848205566,0.31049667694754257,0.29,870.33,0.429,0.09,336.49,0.03,0.53,3361.9999999999995,0.47,0.01,18.8,0.01
26,0,16000,16000.0,85572.19219368033,5.499042510986328,0.328592337217376,0.36,1663.2,0.499,0.02,69.56,0.015,1.04,10848.6,0.527,0.02,69.56,0.015,30890.171773922342,2.679330348968506,0.29746913646369894,0.52,1750.32,0.423,0.01,18.8,0.011,0.53,3411.2,0.467,0.01,18.8,0.011
26,0,16500,16500.0,77019.24867201291,6.08878231048584,0.310286751751695,0.43,1859.7599999999998,0.424,0.2,974.0500000000001,0.032,1.04,10832.2,0.532,0.03,73.32,0.016,29012.262755353462,2.333143949508667,0.2839180754125015,0.29,1226.73,0.475,0.01,18.8,0.011,0.51,3468.6000000000004,0.467,0.01,18.8,0.011
26,0,17000,17000.0,69595.98233048235,6.4667510986328125,0.2908098195396882,0.44,1725.84,0.417,0.18,1009.4699999999999,0.032,0.76,8995.4,0.486,0.03,75.2,0.016,27444.099644403446,1.967664361000061,0.26910242108600163,0.31,1096.95,0.463,0.01,18.8,0.011,0.47,3099.6,0.453,0.01,18.8,0.011
26,0,17500,17500.0,65596.92450468765,6.753213405609131,0.2828990998740419,0.45,1334.88,0.396,0.02,48.88,0.012,0.76,7355.400000000001,0.447,0.02,48.88,0.012,26954.685192207875,2.020613431930542,0.2619147983826016,0.34,1199.72,0.387,0.01,15.04,0.01,0.48,2755.2,0.436,0.01,15.04,0.01
26,0,18000,18000.0,65145.03199130058,6.746532440185547,0.2796249042425852,0.67,2132.1,0.453,0.01,41.36,0.011,0.84,6207.4,0.429,0.01,41.36,0.011,27841.830756279047,2.543410539627075,0.26069393722439416,0.3,1006.3,0.402,0.01,15.04,0.01,0.39,2492.8,0.414,0.01,15.04,0.01
26,0,18500,18500.0,67830.29083806321,6.324349403381348,0.2854604033728405,0.64,2132.1,0.449,0.01,33.84,0.01,0.92,5280.8,0.413,0.01,33.84,0.01,29879.031895757562,2.8261938095092773,0.2672903972794037,0.31,1032.4,0.404,0.0,13.160000000000002,0.01,0.3,2328.8,0.397,0.0,13.160000000000002,0.01
26,0,19000,19000.0,74884.75848431648,6.00327205657959,0.29923332734403485,0.6,2159.91,0.45,0.01,30.08,0.01,0.94,5289.0,0.413,0.01,30.08,0.01,32290.835334812975,3.1050221920013428,0.27259534649963024,0.18,614.22,0.4,0.0,13.160000000000002,0.01,0.23,2402.6,0.398,0.0,13.160000000000002,0.01
26,0,19500,19500.0,84785.61489152836,5.818009376525879,0.3183707179056298,0.78,4749.04,0.553,0.01,31.960000000000004,0.01,0.92,5403.8,0.418,0.01,31.960000000000004,0.01,34531.11876454091,3.2187204360961914,0.27647337182929493,0.24,771.12,0.399,0.08,619.85,0.033,0.31,2542.0,0.405,0.01,13.160000000000002,0.01
26,0,20000,20000.0,99540.5813252457,8.793712615966797,0.3553973572776948,0.98,4311.9,0.602,0.01,31.960000000000004,0.01,0.81,5485.8,0.423,0.01,31.960000000000004,0.01,36768.354813186605,3.070733070373535,0.2854448887918045,0.41,1432.08,0.398,0.01,13.160000000000002,0.01,0.38,2878.2,0.419,0.01,13.160000000000002,0.01
27,0,-20000,20000.0,10320.881180257586,2.0358448028564453,0.24859937434830368,0.21,309.54,0.392,0.01,9.4,0.011,0.23,1172.6,0.374,0.01,9.4,0.011,159.43138499551424,0.005792619660496712,0.05055241452065393,0.01,8.7,0.105,0.0,0.0,0.013,0.0,8.2,0.037,0.0,0.0,0.007
27,0,-19500,19500.0,9436.937737301907,1.9750841856002808,0.24276533580524898,0.17,275.37,0.383,0.03,76.96,0.06,0.22,1057.8,0.363,0.01,7.52,0.011,137.14360908106755,0.004754967056214809,0.04603302472586056,0.01,6.03,0.124,0.0,0.0,0.013,0.0,8.2,0.031,0.0,0.0,0.007
27,0,-19000,19000.0,8628.856872452814,1.918697714805603,0.23580223792342617,0.29,333.5,0.381,0.03,71.04,0.06,0.22,902.0000000000001,0.344,0.01,7.52,0.011,106.18222615366903,0.003323066048324108,0.039378185842297304,0.01,8.16,0.1,0.0,0.0,0.013,0.0,8.2,0.028,0.0,0.0,0.006
27,0,-18500,18500.0,7999.0888574170895,1.9654074907302856,0.23268071496745915,0.29,333.5,0.383,0.0,5.64,0.011,0.21,746.2,0.324,0.0,5.64,0.011,81.28720479662661,0.0020336511079221964,0.03401309307523143,0.01,8.16,0.08,0.0,0.0,0.013,0.0,8.2,0.028,0.0,0.0,0.006
27,0,-18000,18000.0,7490.837690443468,1.9796340465545654,0.23062099450798998,0.32,342.2,0.396,0.0,5.64,0.011,0.21,639.6,0.311,0.0,5.64,0.011,58.41394326853333,0.0011519232066348195,0.02822521905407669,0.01,8.16,0.08,0.0,0.0,0.013,0.0,8.2,0.029,0.0,0.0,0.006
27,0,-17500,17500.0,7112.497488290955,1.951403021812439,0.23259587683830926,0.33,342.2,0.398,0.0,5.64,0.01,0.21,574.0,0.31,0.0,5.64,0.01,38.77203579068009,0.0008481082622893155,0.021975421796213583,0.01,9.29,0.039,0.0,0.0,0.011,0.0,8.2,0.031,0.0,0.0,0.005
27,0,-17000,17000.0,6707.794896333699,1.8541327714920044,0.23416882390128044,0.31,333.5,0.397,0.0,5.64,0.01,0.2,549.4,0.318,0.0,5.64,0.01,23.35473476559855,0.0005369231221266091,0.015368852504043282,0.0,0.0,0.011,0.0,0.0,0.011,0.0,8.2,0.027,0.0,0.0,0.005
27,0,-16500,16500.0,6251.326658680659,1.7294352054595947,0.23494116691218747,0.22,217.08,0.397,0.01,29.6,0.041,0.18,533.0,0.327,0.01,3.76,0.01,13.904040489198621,0.00029526519938372076,0.010588467068962394,0.0,0.0,0.007,0.0,0.0,0.007,0.0,0.0,0.021,0.0,0.0,0.004
27,0,-16000,16000.0,5626.95639965689,1.5288417339324951,0.2320652527664353,0.21,213.06,0.396,0.01,35.16,0.06,0.17,500.2,0.323,0.01,3.76,0.01,9.70912489898268,0.0002046793233603239,0.008036869761143263,0.0,0.0,0.007,0.0,0.0,0.007,0.0,0.0,0.013,0.0,0.0,0.004
27,0,-15500,15500.0,4941.708386204914,1.2997870445251465,0.22637373372535644,0.2,201.0,0.393,0.0,11.84,0.022,0.15,451.00000000000006,0.314,0.01,3.76,0.01,10.318629406451407,0.00021105822816025466,0.008987332908507306,0.0,0.0,0.003,0.0,0.0,0.003,0.0,0.0,0.005,0.0,0.0,0.002
27,0,-15000,15000.0,4118.834532274436,1.0166380405426025,0.21327025718695927,0.18,188.94,0.388,0.0,3.04,0.032,0.12,377.2,0.291,0.01,3.76,0.01,12.164903333678012,0.0002712980785872787,0.010369801194895221,0.0,0.0,0.003,0.0,0.0,0.003,0.0,0.0,0.004,0.0,0.0,0.002
27,0,-14500,14500.0,3335.273947393608,0.770209550857544,0.19724042023968122,0.14,156.78,0.371,0.0,3.04,0.032,0.1,303.4,0.263,0.0,3.76,0.01,15.039322430038737,0.0003699376538861543,0.012267190023973399,0.0,0.0,0.002,0.0,0.0,0.002,0.0,0.0,0.006,0.0,0.0,0.001
27,0,-14000,14000.0,2512.2177344096513,0.5337502956390381,0.1694960453790919,0.12,134.67,0.356,0.0,13.48,0.029,0.07,213.2,0.217,0.0,3.76,0.01,18.034542881707694,0.0004870744305662811,0.013781720942785146,0.0,0.0,0.002,0.0,0.0,0.002,0.0,0.0,0.01,0.0,0.0,0.001
27,0,-13500,13500.0,1827.7109259873328,0.32492443919181824,0.14054924888597706,0.07,90.45,0.311,0.0,6.74,0.02,0.04,139.4,0.167,0.0,1.88,0.01,21.42340296047678,0.0006360208499245346,0.015423389484698395,0.0,0.0,0.002,0.0,0.0,0.002,0.0,0.0,0.016,0.0,0.0,0.003
27,0,-13000,13000.0,1229.1085551285057,0.18928684294223785,0.10430511841258035,0.12,179.52,0.297,0.0,6.22,0.025,0.02,73.8,0.11,0.0,1.88,0.009,23.660952284353698,0.0007229148759506643,0.016288692055118566,0.0,0.0,0.002,0.0,0.0,0.002,0.0,0.0,0.021,0.0,0.0,0.003
27,0,-12500,12500.0,862.7990369372839,0.10302405059337616,0.07904960862585514,0.12,278.7,0.225,0.0,6.22,0.022,0.01,41.0,0.072,0.0,1.88,0.008,24.818013383992366,0.0007632124470546842,0.016590379406860575,0.0,0.0,0.005,0.0,0.0,0.005,0.0,0.0,0.025,0.0,0.0,0.005
27,0,-12000,12000.0,631.4053150270382,0.06142893433570862,0.0588442040225603,0.02,26.13,0.165,0.0,12.180000000000001,0.1,0.01,24.6,0.051,0.0,1.88,0.008,24.216537486790912,0.0007198632229119539,0.016180968296620538,0.0,0.0,0.005,0.0,0.0,0.005,0.0,0.0,0.024,0.0,0.0,0.005
27,0,-11500,11500.0,590.1078692347483,0.048196420073509216,0.05422108220827915,0.01,16.08,0.111,0.0,3.59,0.014,0.01,24.6,0.045,0.0,0.0,0.006,22.541155237831845,0.0006408114568330348,0.015322266635211752,0.0,0.0,0.007,0.0,0.0,0.007,0.0,0.0,0.023,0.0,0.0,0.005
27,0,-11000,11000.0,658.4055103407138,0.04814964905381203,0.0567487451170679,0.01,7.6,0.042,0.0,3.59,0.014,0.01,24.6,0.044,0.0,0.0,0.006,19.336177909872276,0.0004977326607331634,0.013778089684787328,0.0,0.0,0.007,0.0,0.0,0.007,0.0,0.0,0.024,0.0,0.0,0.005
27,0,-10500,10500.0,841.2981325028284,0.0626116469502449,0.06686946581567864,0.01,7.6,0.042,0.0,3.59,0.011,0.01,32.8,0.049,0.0,0.0,0.006,16.915620436697054,0.0004072293231729418,0.012877016263689237,0.0,0.0,0.006,0.0,0.0,0.006,0.0,0.0,0.024,0.0,0.0,0.004
27,0,-10000,10000.0,1102.3236203303838,0.09980441629886627,0.07878263486273883,0.02,40.60000000000001,0.148,0.0,3.59,0.011,0.01,32.8,0.056,0.0,0.0,0.006,13.234686261375828,0.0002800585934892297,0.011053226400335769,0.0,0.0,0.006,0.0,0.0,0.006,0.0,0.0,0.022,0.0,0.0,0.004
27,0,-9500,9500.0,1457.0853377748763,0.15360766649246216,0.09325450182050284,0.02,43.18,0.149,0.0,3.59,0.012,0.01,41.0,0.064,0.0,1.88,0.007,10.941490724690084,0.0002115612878696993,0.010252785431430305,0.0,0.0,0.005,0.0,0.0,0.005,0.0,0.0,0.02,0.0,0.0,0.004
27,0,-9000,9000.0,1920.9300992201463,0.22162632644176483,0.10887121381836144,0.03,58.0,0.178,0.0,3.59,0.012,0.01,57.400000000000006,0.075,0.0,1.88,0.007,7.9904463884759025,0.00013313721865415573,0.008600456497251427,0.0,0.0,0.005,0.0,0.0,0.005,0.0,0.0,0.016,0.0,0.0,0.004
27,0,-8500,8500.0,2519.867723070837,0.30017322301864624,0.12676328982175727,0.04,120.12,0.171,0.0,3.59,0.013,0.02,73.8,0.089,0.0,1.88,0.007,4.742456103326731,5.695809522876516e-05,0.006030943200930487,0.0,0.0,0.006,0.0,0.0,0.006,0.0,0.0,0.012,0.0,0.0,0.004
27,0,-8000,8000.0,3261.675896528085,0.39456823468208313,0.14522992512219088,0.17,782.31,0.328,0.0,3.59,0.013,0.02,98.4,0.104,0.0,1.88,0.007,2.6446001719023116,2.7524356482899748e-05,0.004058939598448262,0.0,0.0,0.006,0.0,0.0,0.006,0.0,0.0,0.008,0.0,0.0,0.004
27,0,-7500,7500.0,4092.6893739427624,0.4761527478694916,0.16235716906226266,0.22,914.16,0.35,0.0,7.18,0.015,0.03,139.4,0.126,0.0,1.88,0.008,1.3932647250612717,1.5669686035835184e-05,0.0026809864170119417,0.0,0.0,0.005,0.0,0.0,0.005,0.0,0.0,0.005,0.0,0.0,0.003
27,0,-7000,7000.0,5078.463186661395,0.5764132142066956,0.18037468834920617,0.26,1046.01,0.368,0.0,7.18,0.015,0.05,221.40000000000003,0.174,0.0,1.88,0.008,2.4919738685412085,3.2672698580427095e-05,0.006095340044336459,0.0,0.0,0.005,0.0,0.0,0.005,0.0,0.0,0.003,0.0,0.0,0.003
27,0,-6500,6500.0,6110.680096461415,0.6665477752685547,0.19592920675265926,0.1,197.33999999999997,0.205,0.0,1.88,0.009,0.07,319.8,0.217,0.0,1.88,0.009,0.24526028704485725,2.3302368390432093e-06,0.0007994549926975465,0.0,0.0,0.003,0.0,0.0,0.003,0.0,0.0,0.002,0.0,0.0,0.002
27,0,-6000,6000.0,7274.532281065895,0.9469620585441589,0.212750271291839,0.36,1309.71,0.396,0.0,1.88,0.009,0.08,434.6,0.259,0.0,1.88,0.009,0.15704163613463606,2.0504535314103123e-06,0.000675710128613649,0.0,0.0,0.003,0.0,0.0,0.003,0.0,0.0,0.001,0.0,0.0,0.001
27,0,-5500,5500.0,8427.109042984172,1.2800074815750122,0.22641048745441186,0.45,1459.14,0.409,0.0,3.76,0.009,0.1,549.4,0.293,0.0,3.76,0.009,0.139445781897507,1.1860544191222289e-06,0.0008233740386370163,0.0,0.0,0.001,0.0,0.0,0.001,0.0,0.0,0.001,0.0,0.0,0.001
27,0,-5000,5000.0,9606.20170284821,1.612282395362854,0.24009215199059988,0.16,289.56,0.351,0.0,3.76,0.01,0.12,680.6,0.322,0.0,3.76,0.01,0.08383415507609016,8.571728926654032e-07,0.0006415640345417398,0.0,0.0,0.001,0.0,0.0,0.001,0.0,0.0,0.0,0.0,0.0,0.001
27,0,-4500,4500.0,10698.170883486246,1.9349391460418701,0.24990290899424608,0.17,244.07999999999998,0.362,0.0,3.76,0.01,0.16,795.4,0.344,0.0,3.76,0.01,0.08790629503465652,9.117843546846416e-07,0.0008659658575482309,0.0,0.0,0.001,0.0,0.0,0.001,0.0,0.0,0.0,0.0,0.0,0.0
27,0,-4000,4000.0,11795.016414016181,2.382106304168701,0.2603289412070772,0.18,254.88,0.367,0.0,5.64,0.01,0.2,902.0000000000001,0.36,0.0,5.64,0.01,0.11024914803599017,1.2202385732962284e-06,0.0012601242100507284,0.0,0.0,0.001,0.0,0.0,0.001,0.0,0.0,0.0,0.0,0.0,0.0
27,0,-3500,3500.0,12801.754834495754,2.691143035888672,0.26758496925117614,0.23,287.28,0.381,0.01,5.64,0.01,0.28,1000.4,0.375,0.01,5.64,0.01,0.192937755873146,4.224059921398293e-06,0.0024574933551118217,0.0,0.0,0.0,0.0,0.0,0.0,0.0,0.0,0.0,0.0,0.0,0.0
27,0,-3000,3000.0,13779.947838613025,2.871063470840454,0.2744980056626066,0.23,298.08,0.383,0.01,5.64,0.01,0.35,1090.6,0.388,0.01,5.64,0.01,0.2741354486538228,4.2179508454864845e-06,0.0036337039982547443,0.0,0.0,0.0,0.0,0.0,0.0,0.0,0.0,0.0,0.0,0.0,0.0
27,0,-2500,2500.0,14686.703684209324,2.977045774459839,0.27895939760017296,0.23,321.84,0.392,0.01,5.64,0.01,0.41,1180.8,0.399,0.01,5.64,0.01,0.13669673880940536,4.2290812416467816e-06,0.001857526225400306,0.0,0.0,0.0,0.0,0.0,0.0,0.0,0.0,0.001,0.0,0.0,0.0
27,0,-2000,2000.0,15603.891063653278,3.2291712760925293,0.2829977576402843,0.32,596.37,0.461,0.09,247.94000000000003,0.032,0.44,1271.0,0.409,0.01,7.52,0.01,1.0115459299179008,1.327429708908312e-05,0.01406389466074501,0.0,0.0,0.0,0.0,0.0,0.0,0.0,0.0,0.001,0.0,0.0,0.0
27,0,-1500,1500.0,16481.164598439933,3.3596737384796143,0.28569368860689104,0.19,279.39,0.385,0.01,7.52,0.01,0.46,1369.4,0.417,0.01,7.52,0.01,0.9647301802623076,1.2442721526895184e-05,0.01386808435963127,0.0,0.0,0.0,0.0,0.0,0.0,0.0,0.0,0.001,0.0,0.0,0.0
27,0,-1000,1000.0,17377.945298053335,3.3807406425476074,0.28795906856853765,0.19,283.41,0.386,0.01,7.52,0.01,0.46,1476.0,0.425,0.01,7.52,0.01,0.18223838187623187,4.227534191159066e-06,0.0027902141569539356,0.0,0.0,0.0,0.0,0.0,0.0,0.0,0.0,0.001,0.0,0.0,0.0
27,0,-500,500.0,18210.09231880642,3.3038015365600586,0.28953248514913194,0.23,421.2,0.412,0.0,7.52,0.01,0.44,1607.2,0.433,0.0,7.52,0.01,0.12145825439802138,4.224842541589169e-06,0.002018189769708841,0.0,0.0,0.001,0.0,0.0,0.001,0.0,0.0,0.001,0.0,0.0,0.001
27,0,0,0.0,19033.130373864926,3.2025108337402344,0.2919384414047335,0.36,843.57,0.492,0.01,7.52,0.011,0.42,1746.6,0.441,0.01,7.52,0.011,0.1391194654409844,4.2306037357775494e-06,0.0025882332084757246,0.0,0.0,0.001,0.0,0.0,0.001,0.0,0.0,0.001,0.0,0.0,0.001
27,0,500,500.0,19692.726946095125,3.0708580017089844,0.29326949404038943,0.27,486.0,0.423,0.01,9.4,0.011,0.41,1902.3999999999999,0.449,0.01,9.4,0.011,0.908730923994483,1.1619582437560894e-05,0.019507680125419,0.0,0.0,0.001,0.0,0.0,0.001,0.0,0.0,0.001,0.0,0.0,0.001
27,0,1000,1000.0,20200.33524585285,2.9744200706481934,0.29590286871714655,0.27,492.47999999999996,0.424,0.01,9.4,0.011,0.45,2041.8000000000002,0.455,0.01,9.4,0.011,0.09867627568382886,4.224445092404494e-06,0.0025004277542309385,0.0,0.0,0.001,0.0,0.0,0.001,0.0,0.0,0.001,0.0,0.0,0.001
27,0,1500,1500.0,20433.948300683864,3.06550931930542,0.2967282519646499,0.28,533.52,0.431,0.01,9.4,0.011,0.47,2156.6,0.46,0.01,9.4,0.011,0.13914607961851289,4.224705207889201e-06,0.00429813033402915,0.0,0.0,0.001,0.0,0.0,0.001,0.0,0.0,0.001,0.0,0.0,0.001
27,0,2000,2000.0,20379.195494173833,3.236602306365967,0.29817552683760734,0.28,524.88,0.43,0.01,11.28,0.011,0.47,2222.2,0.462,0.01,11.28,0.011,0.17719701418172917,4.229194473737152e-06,0.006719858189442817,0.0,0.0,0.001,0.0,0.0,0.001,0.0,0.0,0.001,0.0,0.0,0.001
27,0,2500,2500.0,20026.958019369555,3.27117919921875,0.29739459664202417,0.27,524.88,0.429,0.01,11.28,0.011,0.46,2222.2,0.462,0.01,11.28,0.011,0.15687757259001955,4.225578777550254e-06,0.007554613710345322,0.0,0.0,0.001,0.0,0.0,0.001,0.0,0.0,0.001,0.0,0.0,0.0
27,0,3000,3000.0,19396.855605945024,3.1026740074157715,0.29606504656103516,0.26,505.43999999999994,0.426,0.01,11.28,0.011,0.45,2156.6,0.457,0.01,11.28,0.011,0.12154379133448856,4.224814347253414e-06,0.007301712017777762,0.0,0.0,0.001,0.0,0.0,0.001,0.0,0.0,0.0,0.0,0.0,0.0
27,0,3500,3500.0,18572.922586934037,2.8334057331085205,0.2927228382499349,0.23,474.36,0.425,0.09,247.94000000000003,0.032,0.44,2033.6,0.45,0.01,11.28,0.011,0.017692107849143213,4.214709861116717e-06,0.0013652741394549724,0.0,0.0,0.0,0.0,0.0,0.0,0.0,0.0,0.0,0.0,0.0,0.0
27,0,4000,4000.0,17643.75046263895,2.5106887817382812,0.28770315469182783,0.22,462.29999999999995,0.423,0.08,230.23,0.032,0.4,1877.8,0.441,0.01,11.28,0.011,0.005056512418377679,4.214381533529377e-06,0.0004848542589150634,0.0,0.0,0.0,0.0,0.0,0.0,0.0,0.0,0.0,0.0,0.0,0.0
27,0,4500,4500.0,16772.076591700006,2.1810734272003174,0.2825340994665296,0.21,393.12,0.407,0.07,230.23,0.032,0.37,1713.7999999999997,0.43,0.01,11.28,0.011,0.8665530691303047,1.1867994544445537e-05,0.10457808557182721,0.0,0.0,0.0,0.0,0.0,0.0,0.0,0.0,0.0,0.0,0.0,0.0
27,0,5000,5000.0,16053.071097460297,1.956380844116211,0.2759714039053065,0.2,384.48,0.405,0.06,230.23,0.032,0.35,1558.0,0.419,0.01,11.28,0.011,0.792436678955255,1.0743743587227073e-05,0.11625841547041646,0.0,0.0,0.0,0.0,0.0,0.0,0.0,0.0,0.0,0.0,0.0,0.0
27,0,5500,5500.0,15613.161367830173,1.8686631917953491,0.2714221640198473,0.17,349.92,0.397,0.08,230.23,0.032,0.32,1443.2,0.409,0.01,9.4,0.011,0.0,0.0,0.0,0.0,0.0,0.0,0.0,0.0,0.0,0.0,0.0,0.0,0.0,0.0,0.0
27,0,6000,6000.0,15449.257413277637,1.866768479347229,0.2656575544719025,0.16,352.08,0.397,0.01,9.4,0.011,0.29,1361.2,0.402,0.01,9.4,0.011,0.0,0.0,0.0,0.0,0.0,0.0,0.0,0.0,0.0,0.0,0.0,0.0,0.0,0.0,0.0
27,0,6500,6500.0,15675.007260337645,2.0291314125061035,0.26337974642203255,0.13,352.08,0.396,0.01,7.52,0.011,0.26,1320.2,0.398,0.01,7.52,0.011,0.0,0.0,0.0,0.0,0.0,0.0,0.0,0.0,0.0,0.0,0.0,0.0,0.0,0.0,0.0
27,0,7000,7000.0,16251.297579641865,2.350132942199707,0.26153401020846706,0.17,444.5,0.377,0.01,7.52,0.01,0.22,1328.4,0.396,0.01,7.52,0.01,0.0,0.0,0.0,0.0,0.0,0.0,0.0,0.0,0.0,0.0,0.0,0.0,0.0,0.0,0.0
27,0,7500,7500.0,17135.340036397523,2.6850454807281494,0.2622864569425474,0.2,462.28,0.377,0.0,7.52,0.01,0.25,1361.2,0.395,0.0,7.52,0.01,0.0,0.0,0.0,0.0,0.0,0.0,0.0,0.0,0.0,0.0,0.0,0.0,0.0,0.0,0.0
27,0,8000,8000.0,18254.2388645154,3.040099620819092,0.26394362296640733,0.24,508.0,0.377,0.0,7.52,0.01,0.3,1418.6,0.392,0.0,7.52,0.01,0.0,0.0,0.0,0.0,0.0,0.0,0.0,0.0,0.0,0.0,0.0,0.0,0.0,0.0,0.0
27,0,8500,8500.0,19459.634194251565,3.33762526512146,0.2664270151286141,0.24,440.64,0.395,0.0,9.4,0.01,0.36,1508.8,0.392,0.0,9.4,0.01,0.0,0.0,0.0,0.0,0.0,0.0,0.0,0.0,0.0,0.0,0.0,0.0,0.0,0.0,0.0
27,0,9000,9000.0,20558.64180409321,3.550251007080078,0.2689530610893634,0.3,591.82,0.387,0.01,9.4,0.011,0.43,1631.8,0.392,0.01,9.4,0.011,0.0,0.0,0.0,0.0,0.0,0.0,0.0,0.0,0.0,0.0,0.0,0.0,0.0,0.0,0.0
27,0,9500,9500.0,21590.591840495974,3.8525140285491943,0.2724140861160642,0.31,527.04,0.407,0.01,9.4,0.011,0.5,1787.6000000000001,0.398,0.01,9.4,0.011,0.0,0.0,0.0,0.0,0.0,0.0,0.0,0.0,0.0,0.0,0.0,0.0,0.0,0.0,0.0
27,0,10000,10000.0,22066.04101627372,4.012973785400391,0.27408594150303006,0.32,542.16,0.409,0.01,9.4,0.011,0.57,1976.2000000000003,0.405,0.01,9.4,0.011,0.0,0.0,0.0,0.0,0.0,0.0,0.0,0.0,0.0,0.0,0.0,0.0,0.0,0.0,0.0
27,0,10500,10500.0,22213.47671347521,4.087541580200195,0.274904170781376,0.36,598.32,0.415,0.01,11.28,0.011,0.63,2164.8,0.413,0.01,11.28,0.011,0.0,0.0,0.0,0.0,0.0,0.0,0.0,0.0,0.0,0.0,0.0,0.0,0.0,0.0,0.0
27,0,11000,11000.0,21834.124460571,3.9217441082000732,0.2760795086331483,0.35,589.68,0.414,0.01,11.28,0.011,0.68,2312.4,0.419,0.01,11.28,0.011,0.0,0.0,0.0,0.0,0.0,0.0,0.0,0.0,0.0,0.0,0.0,0.0,0.0,0.0,0.0
27,0,11500,11500.0,20955.197118057382,3.6374354362487793,0.2742203780771368,0.34,598.32,0.413,0.09,265.65,0.03,0.7,2435.4,0.423,0.01,13.160000000000002,0.011,0.0,0.0,0.0,0.0,0.0,0.0,0.0,0.0,0.0,0.0,0.0,0.0,0.0,0.0,0.0
27,0,12000,12000.0,19504.53222075648,3.194411277770996,0.2708353017072776,0.31,568.08,0.409,0.06,230.23,0.029,0.67,2410.8,0.42,0.01,13.160000000000002,0.011,0.0,0.0,0.0,0.0,0.0,0.0,0.0,0.0,0.0,0.0,0.0,0.0,0.0,0.0,0.0
27,0,12500,12500.0,17758.953822265292,2.688077211380005,0.26513670770400843,0.25,498.48,0.398,0.04,194.81,0.028,0.61,2312.4,0.414,0.01,13.160000000000002,0.011,0.0,0.0,0.0,0.0,0.0,0.0,0.0,0.0,0.0,0.0,0.0,0.0,0.0,0.0,0.0
27,0,13000,13000.0,15723.403571537472,2.1460344791412354,0.25706618807169745,0.22,478.38,0.395,0.03,159.39,0.026,0.5,2090.9999999999995,0.402,0.01,13.160000000000002,0.011,0.0,0.0,0.0,0.0,0.0,0.0,0.0,0.0,0.0,0.0,0.0,0.0,0.0,0.0,0.0
27,0,13500,13500.0,13691.790263571715,1.6010046005249023,0.2479735914300265,0.16,424.11,0.384,0.03,123.97000000000001,0.025,0.39,1820.4000000000003,0.385,0.01,13.160000000000002,0.011,0.0,0.0,0.0,0.0,0.0,0.0,0.0,0.0,0.0,0.0,0.0,0.0,0.0,0.0,0.0
27,0,14000,14000.0,11656.960137302542,1.1218540668487549,0.2347823515229487,0.27,836.3999999999999,0.37,0.03,106.26,0.024,0.28,1508.8,0.362,0.01,11.28,0.011,0.0,0.0,0.0,0.0,0.0,0.0,0.0,0.0,0.0,0.0,0.0,0.0,0.0,0.0,0.0
27,0,14500,14500.0,9923.379005177616,0.973474383354187,0.2235144500814853,0.39,1635.04,0.329,0.03,106.26,0.023,0.18,1197.2,0.334,0.01,9.4,0.01,0.0,0.0,0.0,0.0,0.0,0.0,0.0,0.0,0.0,0.0,0.0,0.0,0.0,0.0,0.0
27,0,15000,15000.0,8424.188029688208,1.0023759603500366,0.20908854870132956,0.14,620.16,0.343,0.0,9.4,0.01,0.11,942.9999999999999,0.305,0.0,9.4,0.01,0.0,0.0,0.0,0.0,0.0,0.0,0.0,0.0,0.0,0.0,0.0,0.0,0.0,0.0,0.0
27,0,15500,15500.0,7350.1257077308765,1.0256496667861938,0.20019432186226863,0.05,177.12,0.306,0.0,7.52,0.01,0.11,738.0,0.279,0.0,7.52,0.01,0.0,0.0,0.0,0.0,0.0,0.0,0.0,0.0,0.0,0.0,0.0,0.0,0.0,0.0,0.0
27,0,16000,16000.0,6564.417120947053,1.0451304912567139,0.19075726420096936,0.05,172.8,0.305,0.0,5.64,0.01,0.11,615.0,0.261,0.0,5.64,0.01,0.10376244481449248,4.226568762533134e-06,0.04887270846485178,0.0,0.0,0.0,0.0,0.0,0.0,0.0,0.0,0.0,0.0,0.0,0.0
27,0,16500,16500.0,6169.094673937605,1.055986762046814,0.18906095015414454,0.06,155.52,0.306,0.0,5.64,0.009,0.12,557.6,0.263,0.0,5.64,0.009,0.0734083025236032,4.227308636473026e-06,0.035075208595861156,0.0,0.0,0.0,0.0,0.0,0.0,0.0,0.0,0.0,0.0,0.0,0.0
27,0,17000,17000.0,5937.368607127393,1.0606377124786377,0.1867148772521594,0.06,153.36,0.304,0.0,3.76,0.009,0.12,533.0,0.269,0.0,3.76,0.009,0.0,0.0,0.0,0.0,0.0,0.0,0.0,0.0,0.0,0.0,0.0,0.0,0.0,0.0,0.0
27,0,17500,17500.0,5883.514560207721,1.055454134941101,0.18799712070377142,0.06,153.36,0.309,0.0,3.76,0.009,0.12,524.8,0.275,0.0,3.76,0.009,0.0,0.0,0.0,0.0,0.0,0.0,0.0,0.0,0.0,0.0,0.0,0.0,0.0,0.0,0.0
27,0,18000,18000.0,5861.299130423845,1.041510820388794,0.18721770524548986,0.06,153.36,0.306,0.0,3.76,0.009,0.12,516.6,0.277,0.0,3.76,0.009,0.0,0.0,0.0,0.0,0.0,0.0,0.0,0.0,0.0,0.0,0.0,0.0,0.0,0.0,0.0
27,0,18500,18500.0,5875.167031531726,1.019081950187683,0.18708270967447702,0.05,155.52,0.309,0.0,3.76,0.009,0.12,516.6,0.277,0.0,3.76,0.009,0.0,0.0,0.0,0.0,0.0,0.0,0.0,0.0,0.0,0.0,0.0,0.0,0.0,0.0,0.0
27,0,19000,19000.0,5888.90597803229,0.9870117902755737,0.18609613197622202,0.05,157.68,0.308,0.0,3.76,0.009,0.12,524.8,0.273,0.0,3.76,0.009,0.0,0.0,0.0,0.0,0.0,0.0,0.0,0.0,0.0,0.0,0.0,0.0,0.0,0.0,0.0
27,0,19500,19500.0,5901.731564417441,0.9504567980766296,0.1855368094274673,0.05,164.16,0.312,0.0,3.76,0.009,0.12,533.0,0.269,0.0,3.76,0.009,0.0,0.0,0.0,0.0,0.0,0.0,0.0,0.0,0.0,0.0,0.0,0.0,0.0,0.0,0.0
27,0,20000,20000.0,5888.161110006082,0.9060369729995728,0.1848588542413476,0.05,166.32,0.312,0.0,3.76,0.009,0.12,541.2,0.266,0.0,3.76,0.009,0.0,0.0,0.0,0.0,0.0,0.0,0.0,0.0,0.0,0.0,0.0,0.0,0.0,0.0,0.0
28,0,-20000,20000.0,224354.06255126582,14.851930618286133,0.4866815467975925,2.89,11717.76,0.705,0.06,265.08,0.029,3.67,28527.8,0.758,0.06,265.08,0.029,128611.91445571567,10.202592849731445,0.3970313467865874,0.64,3885.3,0.563,0.03,125.96000000000001,0.022,1.12,14292.6,0.629,0.03,125.96000000000001,0.022
28,0,-19500,19500.0,206511.14977871475,16.097068786621094,0.4671739511369194,3.99,25380.28,0.685,0.06,218.07999999999998,0.027,3.38,25772.6,0.739,0.06,218.07999999999998,0.027,133267.2930548533,11.0462007522583,0.40847712824107485,0.65,3710.94,0.571,0.02,84.6,0.018,0.95,11849.0,0.598,0.02,84.6,0.018
28,0,-19000,19000.0,198427.7560269751,19.42299461364746,0.45740806592390043,1.58,6075.5,0.63,0.07,204.92000000000002,0.026,1.99,20926.4,0.696,0.07,204.92000000000002,0.026,142303.49864759805,10.822237968444824,0.4233398093322525,1.18,5482.4,0.607,0.02,75.2,0.017,1.04,10315.6,0.56,0.02,75.2,0.017
28,0,-18500,18500.0,197536.85794617631,23.250444412231445,0.4620037506511882,1.51,5486.4,0.64,0.03,137.24,0.022,1.12,16252.4,0.64,0.03,137.24,0.022,151990.65519340272,14.859801292419434,0.4402422206342484,1.52,5920.28,0.631,0.01,58.28,0.015,1.18,9175.8,0.526,0.01,58.28,0.015
28,0,-18000,18000.0,200878.2928387227,24.55557632446289,0.467228693615269,1.05,3737.52,0.639,0.02,116.56,0.021,1.57,15596.4,0.628,0.02,116.56,0.021,161816.74842656878,19.71548843383789,0.45233659270996834,1.47,4631.3,0.625,0.01,54.519999999999996,0.014,1.52,11119.2,0.565,0.01,54.519999999999996,0.014
28,0,-17500,17500.0,202480.16150857438,24.38683319091797,0.4695990386857979,1.54,4786.56,0.654,0.03,116.56,0.021,2.16,15506.2,0.628,0.03,116.56,0.021,169007.91281662934,23.011127471923828,0.45662578878161,1.93,7312.24,0.674,0.02,84.6,0.018,1.83,13366.0,0.604,0.02,84.6,0.018
28,0,-17000,17000.0,201396.2465946439,21.605815887451172,0.46739363002370354,1.49,4732.56,0.651,0.04,116.56,0.021,2.81,16957.6,0.648,0.04,116.56,0.021,176761.64654474362,25.904834747314453,0.4593848501754222,1.85,5576.7,0.665,0.02,94.0,0.019,1.55,14530.399999999998,0.627,0.02,94.0,0.019
28,0,-16500,16500.0,199110.374813393,17.982585906982422,0.4624506480611058,1.39,4618.08,0.644,0.06,141.0,0.023,3.44,18491.0,0.667,0.06,141.0,0.023,186021.6074469519,27.514759063720703,0.4630135895243267,1.87,5655.0,0.668,0.03,103.40000000000002,0.02,2.01,15653.8,0.648,0.03,103.40000000000002,0.02
28,0,-16000,16000.0,197193.82411003753,14.32011604309082,0.4582295186445567,1.12,4243.11,0.634,0.06,148.52,0.023,3.03,18318.8,0.664,0.06,148.52,0.023,199946.40458197132,27.995086669921875,0.4696637970946374,0.97,3292.0800000000004,0.66,0.03,107.15999999999998,0.021,2.57,15358.6,0.65,0.03,107.15999999999998,0.021
28,0,-15500,15500.0,196565.5641049845,16.76658821105957,0.455772065950582,0.89,4201.2,0.618,0.06,142.88,0.023,2.47,17941.6,0.659,0.06,142.88,0.023,218407.2698781659,29.755897521972656,0.4808967811035936,1.25,3847.14,0.664,0.04,109.03999999999999,0.022,3.24,15243.8,0.667,0.04,109.03999999999999,0.022
28,0,-15000,15000.0,198333.59786325018,19.51190948486328,0.4505028578634621,0.92,4166.64,0.614,0.06,142.88,0.023,1.6,17088.8,0.648,0.06,142.88,0.023,243142.96424967473,29.285015106201172,0.5019765797098686,2.05,8534.7,0.731,0.04,110.92,0.022,3.48,15522.6,0.672,0.04,110.92,0.022
28,0,-14500,14500.0,204731.86215629394,22.135936737060547,0.45175387475728845,0.99,4086.7200000000003,0.605,0.04,129.72,0.022,1.84,16129.400000000001,0.634,0.04,129.72,0.022,265869.40114546975,27.495441436767578,0.5161670518304098,2.2,8100.06,0.738,0.05,120.32,0.023,3.64,15793.200000000003,0.677,0.05,120.32,0.023
28,0,-14000,14000.0,218693.34827564307,24.807416915893555,0.4612444424352724,0.97,4086.7200000000003,0.602,0.04,125.96000000000001,0.021,1.98,15875.2,0.629,0.04,125.96000000000001,0.021,288385.72306806763,29.398462295532227,0.5387528816474595,2.35,8851.52,0.736,0.05,122.2,0.023,3.1,16801.8,0.677,0.05,122.2,0.023
28,0,-13500,13500.0,236667.60717113502,26.896350860595703,0.475065101929017,1.1,6263.64,0.662,0.03,122.2,0.021,2.07,15744.0,0.625,0.03,122.2,0.021,304511.60468189337,32.15404510498047,0.5556495894830418,2.26,6929.28,0.746,0.05,137.24,0.023,2.58,18212.2,0.69,0.05,137.24,0.023
28,0,-13000,13000.0,258718.06131495978,28.87287139892578,0.4944598090026751,1.23,7462.52,0.702,0.03,120.32,0.02,1.94,15801.4,0.621,0.03,120.32,0.02,311854.10907042143,32.60342788696289,0.5737229412007492,2.12,7279.200000000001,0.755,0.05,141.0,0.023,3.27,22140.0,0.722,0.05,141.0,0.023
28,0,-12500,12500.0,281457.77226921637,30.324644088745117,0.5132551436894439,1.31,8183.88,0.724,0.03,120.32,0.02,2.04,16334.400000000001,0.631,0.03,120.32,0.02,307638.5645756962,30.920679092407227,0.5786460725826787,2.66,11182.71,0.788,0.08,203.04,0.026,4.89,26117.0,0.75,0.08,203.04,0.026
28,0,-12000,12000.0,303733.66642806795,31.500768661499023,0.5342930238514061,1.38,8760.46,0.741,0.03,122.2,0.02,2.36,18417.2,0.658,0.03,122.2,0.02,290764.7273109961,27.883378982543945,0.5775037663414833,2.33,12347.64,0.805,0.54,3559.7099999999996,0.073,4.69,28929.6,0.768,0.09,221.84,0.027
28,0,-11500,11500.0,320280.0195159318,32.152183532714844,0.5482017803886342,2.11,12467.120000000003,0.756,0.04,156.04,0.023,2.69,20787.0,0.686,0.04,156.04,0.023,266570.41637564544,29.547710418701172,0.5659440961042176,2.12,6899.1,0.703,0.5,2957.57,0.067,4.21,31381.400000000005,0.783,0.07,253.80000000000004,0.028
28,0,-11000,11000.0,326976.84552473156,32.993247985839844,0.5543734841833287,2.87,11837.0,0.743,0.04,165.44,0.024,3.01,23599.6,0.709,0.04,165.44,0.024,234790.7613033196,29.757844924926758,0.5376097086506103,1.28,4182.96,0.704,0.52,3010.7,0.067,3.39,28945.999999999996,0.768,0.06,263.2,0.029
28,0,-10500,10500.0,325449.4342467413,33.80495071411133,0.550391875102538,3.38,11452.52,0.737,0.04,206.80000000000004,0.026,3.32,26280.999999999996,0.729,0.04,206.80000000000004,0.026,206317.88127698237,28.52713394165039,0.5107733358235945,1.56,4840.08,0.707,0.04,221.84,0.027,3.16,26256.400000000005,0.752,0.04,221.84,0.027
28,0,-10000,10000.0,315687.4974117003,35.717529296875,0.5410705625050798,3.25,9410.5,0.747,0.05,221.84,0.026,3.58,27904.6,0.741,0.05,221.84,0.026,183289.83896680875,24.81727409362793,0.47810311336320216,2.83,9722.64,0.701,0.04,208.68000000000004,0.026,3.41,23312.6,0.735,0.04,208.68000000000004,0.026
28,0,-9500,9500.0,302490.98347244,37.58988571166992,0.5262208115481866,4.19,10384.52,0.704,0.05,242.52,0.028,3.8,29372.4,0.755,0.05,242.52,0.028,168339.62086311076,20.337345123291016,0.4575819930044179,4.46,21051.14,0.68,0.07,174.84,0.026,3.55,20549.2,0.72,0.07,174.84,0.026
28,0,-9000,9000.0,286338.98705865524,40.07695007324219,0.5109120371194531,3.93,8164.8,0.722,0.05,251.92000000000002,0.028,4.16,28659.000000000004,0.752,0.05,251.92000000000002,0.028,161863.30965862144,16.71096420288086,0.4441075176597935,2.01,8095.439999999999,0.688,0.08,161.68,0.025,2.67,16867.4,0.684,0.08,161.68,0.025
28,0,-8500,8500.0,271226.5142164728,42.056697845458984,0.49694523833292775,3.96,7752.08,0.729,0.05,240.64,0.028,4.52,27830.799999999996,0.752,0.05,240.64,0.028,165512.96506288927,19.661651611328125,0.4515720587813347,2.54,8604.52,0.708,0.03,110.92,0.021,2.13,13521.799999999997,0.639,0.03,110.92,0.021
28,0,-8000,8000.0,259952.52760559178,44.9610710144043,0.492359705841289,2.71,5282.64,0.728,0.06,238.76,0.028,5.55,26412.2,0.743,0.06,238.76,0.028,176580.6163241621,24.314470291137695,0.4680318932002341,2.26,6707.7,0.704,0.03,95.88,0.02,1.74,12308.2,0.62,0.03,95.88,0.02
28,0,-7500,7500.0,250311.4749414708,46.65346145629883,0.49515828638979104,3.55,6693.84,0.74,0.08,218.07999999999998,0.027,6.57,25313.4,0.74,0.08,218.07999999999998,0.027,187336.00623890525,27.230464935302734,0.48210253928691127,2.35,6791.800000000001,0.708,0.02,84.6,0.019,1.49,11406.2,0.606,0.02,84.6,0.019
28,0,-7000,7000.0,235335.95977291916,44.773555755615234,0.4902542887590913,3.39,6598.8,0.733,0.09,214.31999999999996,0.027,7.96,25313.4,0.741,0.09,214.31999999999996,0.027,198478.39754820633,30.700708389282227,0.49872358859502564,2.56,6846.9,0.715,0.02,80.84,0.019,1.44,12423.0,0.624,0.02,80.84,0.019
28,0,-6500,6500.0,221196.8434808412,42.435646057128906,0.4867785324805725,4.21,9742.77,0.755,0.8,2745.05,0.055,9.23,25575.8,0.746,0.12,210.56000000000003,0.027,205280.86897078448,32.740814208984375,0.5097680156590649,3.38,7689.600000000001,0.697,0.03,101.52,0.021,1.78,13489.0,0.643,0.03,101.52,0.021
28,0,-6000,6000.0,196849.94661725062,32.19842529296875,0.45919808283685404,3.8,9588.27,0.745,0.65,2497.11,0.053,8.46,24870.6,0.733,0.13,210.56000000000003,0.027,204446.75592579294,31.713512420654297,0.5107603879761452,4.23,7977.96,0.699,0.03,109.03999999999999,0.022,2.89,15350.399999999998,0.667,0.03,109.03999999999999,0.022
28,0,-5500,5500.0,177042.57538790116,23.490148544311523,0.4379158409496394,7.53,24190.0,0.72,0.52,2337.72,0.052,7.53,24190.0,0.72,0.11,197.4,0.026,199217.72317571373,28.471635818481445,0.50386579543357,4.81,8216.48,0.706,0.06,137.24,0.024,4.07,17457.8,0.697,0.06,137.24,0.024
28,0,-5000,5000.0,157367.4652621281,15.907011985778809,0.4099200407950977,4.75,19991.6,0.663,0.16,1556.96,0.104,4.75,19991.6,0.663,0.1,193.64,0.026,188890.39786297176,28.305707931518555,0.4934387628667784,4.36,6269.8,0.704,0.07,146.64,0.025,4.56,18515.6,0.711,0.07,146.64,0.025
28,0,-4500,4500.0,143584.57328283694,12.061802864074707,0.39356633747107356,0.76,3286.3500000000004,0.554,0.52,2479.4,0.056,2.21,15949.0,0.604,0.06,137.24,0.021,177371.28448093758,35.6161994934082,0.4783277411397216,4.48,6301.7,0.706,0.08,157.92,0.026,4.89,19466.8,0.725,0.08,157.92,0.026
28,0,-4000,4000.0,134380.86095932522,10.638321876525879,0.3786985814991935,0.72,3051.18,0.535,0.05,122.2,0.02,1.52,13956.4,0.566,0.05,122.2,0.02,166802.8771479006,41.988460540771484,0.4639341660741992,4.36,5869.6,0.685,0.09,161.68,0.026,3.27,17433.2,0.704,0.09,161.68,0.026
28,0,-3500,3500.0,129053.35357780222,9.799560546875,0.3720414904505571,0.55,2621.04,0.503,0.04,101.52,0.018,1.34,12562.4,0.542,0.04,101.52,0.018,160548.7700016163,44.24515914916992,0.4570993801403717,4.34,5834.8,0.683,0.06,131.6,0.024,2.66,15301.2,0.679,0.06,131.6,0.024
28,0,-3000,3000.0,127194.37632652398,9.548407554626465,0.3696242957460295,0.52,2600.94,0.508,0.04,97.76,0.018,1.12,11521.0,0.52,0.04,97.76,0.018,157685.9740104985,44.07359313964844,0.4449726658488365,2.99,4009.95,0.688,0.07,120.32,0.023,3.44,14317.2,0.665,0.07,120.32,0.023
28,0,-2500,2500.0,128671.05825779245,9.548996925354004,0.37496939229484855,0.45,2568.78,0.523,0.03,80.84,0.016,0.91,10774.8,0.505,0.03,80.84,0.016,158741.49914365876,42.55623245239258,0.4417973773594413,2.99,3941.61,0.682,0.09,112.8,0.023,4.04,13620.2,0.662,0.09,112.8,0.023
28,0,-2000,2000.0,131766.76268919502,9.581846237182617,0.38083728230555447,0.46,2657.22,0.532,0.03,75.2,0.016,0.79,10307.4,0.498,0.03,75.2,0.016,160196.5457827026,34.17734146118164,0.43283672689809244,5.44,7939.68,0.674,0.1,114.68,0.023,4.59,13735.0,0.66,0.1,114.68,0.023
28,0,-1500,1500.0,135439.04979147884,9.576220512390137,0.3873429731911734,0.51,2911.68,0.538,0.03,73.32,0.016,0.72,10225.4,0.508,0.03,73.32,0.016,166158.35013770123,28.440288543701172,0.43370594410832497,7.82,16907.8,0.644,0.11,120.32,0.024,5.07,13915.399999999998,0.659,0.11,120.32,0.024
28,0,-1000,1000.0,139258.44197685973,9.498149871826172,0.3937579586679597,0.8,4802.4,0.571,0.03,75.2,0.016,0.77,10668.2,0.526,0.03,75.2,0.016,173400.32214318705,21.467405319213867,0.4377024082959164,2.6,5549.64,0.67,0.11,122.2,0.024,4.91,13612.000000000002,0.644,0.11,122.2,0.024
28,0,-500,500.0,141886.12955599226,9.46884536743164,0.3974003423830091,1.08,5877.560000000001,0.567,0.02,80.84,0.017,0.84,11168.4,0.547,0.02,80.84,0.017,185823.94902526448,21.80632781982422,0.45192143442994137,2.08,5176.52,0.631,0.09,107.15999999999998,0.022,4.9,13833.4,0.639,0.09,107.15999999999998,0.022
28,0,0,0.0,143377.5204731656,11.211474418640137,0.40044016475646266,1.17,4845.9,0.575,0.02,82.72,0.018,0.98,11463.6,0.552,0.02,82.72,0.018,198895.4623929496,29.94533348083496,0.4680139095359393,2.31,5877.56,0.662,0.08,101.52,0.021,3.9,13931.799999999997,0.626,0.08,101.52,0.021
28,0,500,500.0,144085.75096180436,12.294804573059082,0.40182114194342866,1.2,4854.6,0.576,0.02,86.48,0.018,1.13,11726.0,0.555,0.02,86.48,0.018,209856.62892217297,33.89728927612305,0.4814782880858715,2.45,6306.82,0.681,0.04,99.64,0.02,2.69,14382.8,0.625,0.04,99.64,0.02
28,0,1000,1000.0,144405.354711395,12.73061466217041,0.39997635175833735,0.69,2815.32,0.566,0.02,88.36,0.018,1.1,11980.2,0.554,0.02,88.36,0.018,218619.17032745914,34.65396499633789,0.49611987992551654,2.15,4730.4,0.656,0.04,101.52,0.02,2.78,15957.2,0.641,0.04,101.52,0.02
28,0,1500,1500.0,145319.27295154036,12.369132995605469,0.39832592722008153,0.86,3304.4400000000005,0.572,0.02,92.12,0.018,1.05,12250.8,0.556,0.02,92.12,0.018,220338.78232529896,33.79692077636719,0.5008585103999719,2.41,5466.96,0.692,0.07,127.84000000000002,0.022,4.04,17392.2,0.655,0.07,127.84000000000002,0.022
28,0,2000,2000.0,147198.04010504158,11.203109741210938,0.3939307514177579,0.83,3167.76,0.561,0.03,92.12,0.018,1.04,12308.2,0.555,0.03,92.12,0.018,213377.46922967926,27.680213928222656,0.49378424122470294,2.19,5374.08,0.689,0.08,135.36,0.022,4.54,19138.8,0.676,0.08,135.36,0.022
28,0,2500,2500.0,151397.5277949448,9.806516647338867,0.3927791369636722,0.76,2944.65,0.547,0.03,95.88,0.018,1.16,12439.4,0.561,0.03,95.88,0.018,203413.4109052675,20.893701553344727,0.48094581720756563,2.33,7922.76,0.715,0.09,163.56,0.024,4.82,20721.4,0.694,0.09,163.56,0.024
28,0,3000,3000.0,159536.5715276395,9.27180290222168,0.39875686680921807,0.66,2866.26,0.536,0.04,97.76,0.019,1.12,12054.0,0.553,0.04,97.76,0.019,191833.13522184236,14.17169189453125,0.4634053097643619,1.26,4780.08,0.669,0.09,171.08,0.025,3.84,20229.4,0.691,0.09,171.08,0.025
28,0,3500,3500.0,171671.1321757779,10.530487060546875,0.4115875122161323,0.83,5243.199999999999,0.577,0.04,90.24,0.018,1.07,11832.6,0.549,0.04,90.24,0.018,182677.20277153276,14.867979049682617,0.44870153384637423,1.7,8027.8,0.638,0.07,163.56,0.025,2.86,19655.4,0.691,0.07,163.56,0.025
28,0,4000,4000.0,187128.61448802106,11.6522798538208,0.43240703254742313,1.2,6577.2,0.63,0.04,88.36,0.018,0.9,11931.0,0.545,0.04,88.36,0.018,177657.93973356628,16.389375686645508,0.43474102557043176,1.79,6046.5,0.638,0.06,161.68,0.025,1.85,17310.2,0.663,0.06,161.68,0.025
28,0,4500,4500.0,201738.35412851768,12.431899070739746,0.452232336316024,1.24,6684.5,0.634,0.03,90.24,0.018,1.02,12431.2,0.552,0.03,90.24,0.018,178204.6792486572,18.18828010559082,0.4305256899021704,2.31,9320.08,0.67,0.04,127.84000000000002,0.022,1.38,14784.600000000002,0.627,0.04,127.84000000000002,0.022
28,0,5000,5000.0,212806.32658879913,12.495495796203613,0.4667905189821119,0.75,4123.8,0.64,0.02,90.24,0.018,1.18,14309.0,0.581,0.02,90.24,0.018,186668.305714069,21.192401885986328,0.438988593813764,2.37,7047.0,0.667,0.04,118.44,0.022,1.33,13562.8,0.603,0.04,118.44,0.022
28,0,5500,5500.0,218063.8779931236,12.442306518554688,0.47264542049571245,0.95,4759.68,0.642,0.02,118.44,0.02,1.31,16277.000000000002,0.608,0.02,118.44,0.02,197160.1696904339,24.031301498413086,0.45050766723970503,2.42,7136.9,0.671,0.04,107.15999999999998,0.02,1.33,12521.4,0.583,0.04,107.15999999999998,0.02
28,0,6000,6000.0,215684.78070669807,12.1124267578125,0.46928843394749714,0.88,4681.29,0.638,0.02,127.84000000000002,0.021,1.28,18491.0,0.636,0.02,127.84000000000002,0.021,207042.2730043034,26.10808563232422,0.4639087895768105,3.0,8030.1,0.69,0.04,105.28000000000002,0.02,1.55,12578.8,0.579,0.04,105.28000000000002,0.02
28,0,6500,6500.0,208523.4801742423,11.311921119689941,0.45776688782488223,0.66,4512.45,0.631,0.47,4161.85,0.07,1.42,20565.6,0.66,0.05,157.92,0.023,212617.27723173608,28.08383560180664,0.4696077618373551,3.04,8105.5,0.692,0.06,109.03999999999999,0.021,1.82,12956.0,0.584,0.06,109.03999999999999,0.021
28,0,7000,7000.0,199718.31335682655,10.088315963745117,0.4473867572281724,0.58,4309.44,0.619,0.05,169.2,0.024,1.26,20090.0,0.656,0.05,169.2,0.024,214787.47677021747,29.36760902404785,0.47692852873204017,1.59,4673.64,0.687,0.06,112.8,0.021,2.24,14801.0,0.613,0.06,112.8,0.021
28,0,7500,7500.0,193326.93123747013,8.739411354064941,0.44144370310386083,0.39,3863.22,0.595,0.04,156.04,0.023,1.18,19401.2,0.65,0.04,156.04,0.023,212613.80689460202,30.79374122619629,0.4789461713212556,2.05,5497.35,0.693,0.58,3187.8,0.063,2.69,16883.8,0.645,0.08,141.0,0.023
28,0,8000,8000.0,188665.14063145733,7.6666340827941895,0.4348516680745149,0.69,6034.9,0.609,0.03,154.16,0.023,1.0,17548.0,0.626,0.03,154.16,0.023,203449.38399731764,30.364046096801758,0.47600367841034597,1.84,5290.32,0.682,0.38,2656.5,0.057,3.54,18327.0,0.656,0.08,150.4,0.024
28,0,8500,8500.0,187452.87656088985,7.1771745681762695,0.4341087249558108,0.7,6008.8,0.608,0.03,129.72,0.021,0.81,15867.000000000002,0.606,0.03,129.72,0.021,189608.5357528471,28.7147159576416,0.46549075480981905,1.8,5030.64,0.654,0.32,2178.33,0.051,4.42,19614.4,0.668,0.08,169.2,0.025
28,0,9000,9000.0,188985.68516333762,8.13216495513916,0.4354372813301316,0.41,3393.0,0.594,0.02,124.08,0.021,0.64,15399.600000000002,0.597,0.02,124.08,0.021,169012.83256454626,23.526390075683594,0.4420748247408524,2.5,7119.36,0.671,0.28,1930.3900000000003,0.047,4.58,19032.2,0.656,0.08,174.84,0.025
28,0,9500,9500.0,191624.12597519578,9.28809642791748,0.4379648788089852,0.52,4011.96,0.602,0.02,122.2,0.02,0.59,14989.600000000002,0.593,0.02,122.2,0.02,149755.88269010768,18.587661743164062,0.4183563479777726,1.79,6445.74,0.648,0.24,1735.58,0.044,4.55,18417.2,0.646,0.06,159.8,0.023
28,0,10000,10000.0,196114.9818108359,10.301321983337402,0.44679570986033157,0.72,6568.5,0.639,0.02,122.2,0.02,0.72,14661.6,0.585,0.02,122.2,0.02,131748.56453446846,13.792263984680176,0.38863778570664875,3.3,16465.6,0.621,0.2,1771.0,0.044,3.3,16465.6,0.621,0.07,156.04,0.023
28,0,10500,10500.0,201286.51423187403,11.038744926452637,0.45729264099058087,0.73,6617.8,0.641,0.02,118.44,0.02,0.85,14464.8,0.581,0.02,118.44,0.02,119659.55597225984,10.46239185333252,0.3692077135195199,0.83,4829.67,0.581,0.2,1912.6800000000003,0.046,2.2,14612.4,0.593,0.04,125.96000000000001,0.021
28,0,11000,11000.0,204571.92209997447,11.384931564331055,0.46208058508850125,0.48,4017.66,0.644,0.03,116.56,0.02,0.84,14940.399999999998,0.587,0.03,116.56,0.02,112272.6313235733,8.176414489746094,0.3519791355623022,0.55,2544.48,0.5,0.17,2160.62,0.05,1.53,12127.8,0.55,0.04,116.56,0.02
28,0,11500,11500.0,208488.48680719966,11.376301765441895,0.4669557400987635,0.59,4651.14,0.647,0.02,125.96000000000001,0.021,0.8,15719.400000000001,0.6,0.02,125.96000000000001,0.021,109507.25765991665,6.746289253234863,0.3460676634293642,0.69,3701.82,0.527,0.02,82.72,0.017,1.22,10135.2,0.514,0.02,82.72,0.017
28,0,12000,12000.0,211456.90776945557,10.980143547058105,0.468055616376403,0.43,3459.12,0.606,0.03,129.72,0.021,0.82,17277.4,0.624,0.03,129.72,0.021,110614.1485164233,5.628599643707275,0.34658236076051696,0.42,2313.36,0.478,0.02,73.32,0.016,1.1,9298.8,0.497,0.02,73.32,0.016
28,0,12500,12500.0,213356.47060647025,11.887500762939453,0.4668638097740367,0.57,4577.04,0.624,0.03,152.28,0.023,0.9,18876.4,0.649,0.03,152.28,0.023,113228.63941329342,5.358438014984131,0.3515208211237866,0.41,2442.96,0.491,0.01,63.92000000000001,0.015,0.98,8749.4,0.486,0.01,63.92000000000001,0.015
28,0,13000,13000.0,214747.5201125373,15.137992858886719,0.4664126714917437,1.09,7767.92,0.626,0.03,157.92,0.023,1.04,18425.4,0.643,0.03,157.92,0.023,116405.08308472563,5.153227806091309,0.35699967611396827,0.6,3955.2,0.547,0.02,60.16,0.015,0.78,8938.0,0.486,0.02,60.16,0.015
28,0,13500,13500.0,216819.96327925008,18.40794563293457,0.46877659729721327,1.32,8341.08,0.644,0.02,142.88,0.022,1.19,18089.2,0.639,0.02,142.88,0.022,120311.78670273512,5.882692813873291,0.3648478651492797,0.56,4131.33,0.553,0.01,63.92000000000001,0.015,0.77,9651.4,0.506,0.01,63.92000000000001,0.015
28,0,14000,14000.0,218474.00460405042,21.590951919555664,0.46705908258870643,1.72,9238.2,0.668,0.02,141.0,0.022,1.21,18154.8,0.637,0.02,141.0,0.022,122235.01287488616,6.984888553619385,0.3648147090519389,0.54,3691.7,0.501,0.02,65.8,0.015,0.77,10315.6,0.519,0.02,65.8,0.015
28,0,14500,14500.0,222532.7458842039,25.75290870666504,0.46991178822075264,2.04,9822.04,0.683,0.02,139.12,0.022,1.23,18778.0,0.648,0.02,139.12,0.022,123034.01914027054,8.069153785705566,0.3619031999007555,0.48,2877.12,0.518,0.02,75.2,0.016,0.73,10906.0,0.531,0.02,75.2,0.016
28,0,15000,15000.0,226434.12996625685,29.302223205566406,0.4713004257233749,2.05,7571.9,0.677,0.02,141.0,0.022,1.43,19409.4,0.655,0.02,141.0,0.022,124598.41659347294,8.922959327697754,0.3608491811494938,0.7,4202.1,0.542,0.01,78.96,0.017,0.63,10848.6,0.524,0.01,78.96,0.017
28,0,15500,15500.0,230515.13440158378,31.177141189575195,0.4710615278488425,2.74,10327.56,0.689,0.03,148.52,0.022,1.82,19934.2,0.661,0.03,148.52,0.022,126999.1382504697,9.467249870300293,0.3613640856973319,0.63,3152.14,0.502,0.02,82.72,0.017,0.82,10651.8,0.517,0.02,82.72,0.017
28,0,16000,16000.0,236156.15354178025,33.432106018066406,0.47550888226486343,2.5,8325.9,0.695,0.04,152.28,0.023,2.06,19114.2,0.653,0.04,152.28,0.023,132130.05417517852,9.439205169677734,0.36949439666656547,0.95,5240.3,0.593,0.03,84.6,0.017,1.09,9848.2,0.494,0.03,84.6,0.017
28,0,16500,16500.0,241613.46574655618,35.44902420043945,0.48057536424439384,2.26,6954.52,0.682,0.05,144.76,0.023,2.33,18113.8,0.644,0.05,144.76,0.023,140790.52582295844,9.26082992553711,0.3850803635080565,0.97,5324.4,0.597,0.02,69.56,0.015,1.35,9257.8,0.477,0.02,69.56,0.015
28,0,17000,17000.0,246178.451609466,37.39874267578125,0.4880442723778148,1.59,4906.8,0.692,0.06,141.0,0.022,2.7,18515.6,0.651,0.06,141.0,0.022,150464.1980214743,8.729543685913086,0.40365159688890745,0.58,3025.86,0.586,0.01,65.8,0.015,1.43,9462.8,0.485,0.01,65.8,0.015
28,0,17500,17500.0,246110.99774558097,38.51696014404297,0.48929753528095116,2.14,5933.52,0.689,0.07,156.04,0.023,3.03,18868.2,0.659,0.07,156.04,0.023,158575.79912492802,8.184741973876953,0.419066154308777,0.74,3575.79,0.594,0.02,73.32,0.016,1.46,9971.2,0.507,0.02,73.32,0.016
28,0,18000,18000.0,242339.85394671327,36.48175811767578,0.48733998599332906,2.1,5948.64,0.687,0.07,159.8,0.024,3.9,20573.8,0.676,0.07,159.8,0.024,162775.9584133051,8.746047973632812,0.4308665498064042,1.24,5173.6,0.588,0.02,77.08,0.017,1.3,11275.0,0.538,0.02,77.08,0.017
28,0,18500,18500.0,237194.454050716,35.91591262817383,0.48373380752820005,2.01,5961.6,0.688,0.07,180.48,0.025,4.79,22410.6,0.694,0.07,180.48,0.025,161494.5639238193,9.601116180419922,0.4329996071482773,1.28,5159.1,0.588,0.21,2426.27,0.056,1.15,12554.2,0.567,0.03,97.76,0.019
28,0,19000,19000.0,227279.08536479808,35.75922775268555,0.47025437311594875,1.49,4156.86,0.646,0.08,188.0,0.025,4.37,22591.0,0.691,0.08,188.0,0.025,154414.16631489224,9.176222801208496,0.42735232802192447,0.75,3112.86,0.588,0.2,2178.33,0.053,1.04,13718.6,0.583,0.04,103.40000000000002,0.019
28,0,19500,19500.0,221524.41334999166,35.59003829956055,0.4633466513542923,2.06,5322.24,0.655,0.59,4693.15,0.073,4.07,22951.8,0.694,0.08,186.12,0.025,145422.36831239148,8.222649574279785,0.41782222981723366,0.93,3620.0100000000007,0.593,0.21,2001.2299999999998,0.051,0.97,14940.399999999998,0.601,0.04,118.44,0.021
28,0,20000,20000.0,215626.80927326437,31.391576766967773,0.45506035519632343,2.01,5073.84,0.641,0.5,4763.99,0.074,4.55,21820.2,0.68,0.08,186.12,0.025,133413.9886497361,6.630349636077881,0.39996451493566115,1.65,7221.6,0.583,0.26,2054.3599999999997,0.052,1.13,14735.399999999998,0.595,0.04,124.08,0.021
29,0,-20000,20000.0,135925.86500887122,14.677626609802246,0.4510330005514621,0.87,3311.28,0.632,0.05,135.36,0.024,2.67,16121.2,0.708,0.05,135.36,0.024,8993.056911804199,1.9675703048706055,0.22723267874353767,0.21,432.1,0.395,0.0,5.64,0.01,0.18,631.4,0.342,0.0,5.64,0.01
29,0,-19500,19500.0,130637.65389432426,14.704147338867188,0.43810817856204815,1.06,5064.51,0.682,0.04,109.03999999999999,0.022,2.22,14399.199999999999,0.685,0.04,109.03999999999999,0.022,9484.025635775346,1.8965767621994019,0.22906628490120665,0.21,432.1,0.395,0.0,3.76,0.01,0.14,500.2,0.309,0.0,3.76,0.01
29,0,-19000,19000.0,132308.33016232296,15.688310623168945,0.43655586928438744,1.0,3578.86,0.612,0.03,101.52,0.021,1.8,12636.2,0.656,0.03,101.52,0.021,10726.203866739143,1.9291398525238037,0.2352065265680814,0.2,455.3,0.393,0.0,3.76,0.01,0.12,451.00000000000006,0.29,0.0,3.76,0.01
29,0,-18500,18500.0,139079.9865438231,17.277875900268555,0.4470228367843452,1.12,3982.72,0.64,0.03,75.2,0.018,1.45,11201.2,0.63,0.03,75.2,0.018,12581.754295000139,2.0660712718963623,0.24630500744140743,0.8,2118.39,0.444,0.0,3.76,0.009,0.1,434.6,0.282,0.0,3.76,0.009
29,0,-18000,18000.0,150858.36648742075,22.50243377685547,0.45800233641324195,1.39,4843.0,0.654,0.03,67.68,0.018,1.55,11340.6,0.634,0.03,67.68,0.018,15252.357164343346,2.5195024013519287,0.2567959269895186,1.12,2768.85,0.474,0.0,3.76,0.009,0.11,500.2,0.292,0.0,3.76,0.009
29,0,-17500,17500.0,164691.09814915032,25.64339256286621,0.46832295836193505,1.78,6632.28,0.677,0.04,71.44,0.018,1.77,11791.6,0.645,0.04,71.44,0.018,18182.798131664727,3.150883674621582,0.26648946194730244,1.3,3208.35,0.489,0.0,3.76,0.009,0.12,590.4,0.307,0.0,3.76,0.009
29,0,-17000,17000.0,182254.7805290745,27.582439422607422,0.47825816655112596,1.89,6134.4,0.724,0.04,71.44,0.018,1.98,13005.2,0.669,0.04,71.44,0.018,21656.859531456517,4.4914679527282715,0.2723512575633441,0.6,1107.16,0.426,0.0,3.76,0.009,0.16,811.8,0.343,0.0,3.76,0.009
29,0,-16500,16500.0,196017.65485882934,32.407535552978516,0.4747702525811888,2.13,6647.4,0.74,0.04,92.12,0.021,2.07,13948.200000000003,0.686,0.04,92.12,0.021,25032.443897064164,6.021792411804199,0.27650531112471066,0.81,1345.68,0.439,0.0,5.64,0.009,0.23,1107.0,0.38,0.0,5.64,0.009
29,0,-16000,16000.0,212196.3584636327,37.951271057128906,0.47631922068173577,2.94,8021.7,0.775,0.05,99.64,0.021,2.7,14858.4,0.701,0.05,99.64,0.021,29995.28840311943,7.700279712677002,0.28808281557588317,1.35,1876.1199999999997,0.456,0.0,5.64,0.009,0.37,1549.8,0.422,0.0,5.64,0.009
29,0,-15500,15500.0,228578.7896895994,40.97463607788086,0.47803596075296173,3.15,7607.3,0.779,0.04,112.8,0.023,3.33,15711.2,0.713,0.04,112.8,0.023,35639.446504579995,10.117892265319824,0.3008335939633403,1.73,2232.12,0.465,0.01,7.52,0.01,0.56,2066.4,0.456,0.01,7.52,0.01
29,0,-15000,15000.0,252589.23698885954,45.21415328979492,0.498507345684631,3.08,8493.76,0.794,0.04,116.56,0.023,4.22,17966.2,0.741,0.04,116.56,0.023,41947.98962052695,14.0426664352417,0.3114108571559604,1.83,2244.6,0.523,0.01,9.4,0.01,0.64,2468.2,0.476,0.01,9.4,0.01
29,0,-14500,14500.0,272402.3313754406,47.9136962890625,0.5121536797976002,1.92,4211.2,0.783,0.06,148.52,0.026,5.32,20475.4,0.766,0.06,148.52,0.026,48087.00246758607,16.445505142211914,0.3170685000564037,2.62,3631.1999999999994,0.586,0.01,11.28,0.011,0.68,2804.4,0.49,0.01,11.28,0.011
29,0,-14000,14000.0,290063.21817622863,49.071205139160156,0.5294392397000718,2.96,6998.4,0.794,0.06,154.16,0.026,6.05,23583.2,0.789,0.06,154.16,0.026,56657.5791140781,18.49966049194336,0.3395361308586055,2.84,3677.2,0.647,0.01,13.160000000000002,0.011,0.86,2935.6,0.495,0.01,13.160000000000002,0.011
29,0,-13500,13500.0,302044.3582276209,48.296722412109375,0.5393892232685239,2.9,7879.679999999999,0.81,0.13,204.92000000000002,0.029,6.59,26682.8,0.808,0.13,204.92000000000002,0.029,64828.51225940561,19.45090675354004,0.35686137178423255,2.95,3781.5999999999995,0.655,0.01,15.04,0.011,0.99,2878.2,0.496,0.01,15.04,0.011
29,0,-13000,13000.0,308805.54433241213,46.400238037109375,0.5484940510524504,1.66,5017.600000000001,0.806,0.14,212.43999999999997,0.029,6.75,29011.600000000002,0.819,0.14,212.43999999999997,0.029,74154.84477942088,23.252395629882812,0.38746064407756503,2.62,4271.7,0.683,0.01,15.04,0.011,1.13,3353.8,0.509,0.01,15.04,0.011
29,0,-12500,12500.0,310726.8809601355,47.58859634399414,0.5514056705579199,2.49,8694.42,0.794,0.13,238.76,0.029,6.85,30963.2,0.827,0.13,238.76,0.029,81036.99771237129,27.160587310791016,0.4058070765410041,2.59,4309.4,0.685,0.01,20.68,0.011,1.22,3771.9999999999995,0.519,0.01,20.68,0.011
29,0,-12000,12000.0,307562.61578559317,49.05141830444336,0.5519316516815961,2.95,9485.9,0.793,0.12,248.16,0.03,6.15,31053.399999999998,0.827,0.12,248.16,0.03,86208.97938363922,30.854597091674805,0.4314434399217037,1.5,2315.94,0.659,0.02,22.56,0.011,1.64,4641.2,0.533,0.02,22.56,0.011
29,0,-11500,11500.0,301479.49105795496,49.06135559082031,0.5490235185699232,2.98,9465.6,0.793,0.08,250.04,0.029,6.25,30684.4,0.825,0.08,250.04,0.029,87821.70877650706,32.807674407958984,0.445625349529183,1.78,2765.76,0.668,0.02,30.08,0.012,2.05,5412.0,0.543,0.02,30.08,0.012
29,0,-11000,11000.0,294518.93017145235,48.25743865966797,0.5470838366023593,1.81,5679.36,0.791,0.07,251.92000000000002,0.03,6.32,29569.200000000004,0.819,0.07,251.92000000000002,0.03,83566.98719982218,32.05899429321289,0.452713767970747,1.83,2578.83,0.653,0.01,16.72,0.049,2.49,6281.2,0.557,0.03,39.48,0.014
29,0,-10500,10500.0,287598.28765639954,46.822532653808594,0.5460728191398234,1.47,4571.0,0.789,0.07,236.88,0.029,6.22,28372.0,0.812,0.07,236.88,0.029,76501.49794015738,30.633460998535156,0.45255408472030767,1.85,2291.4,0.625,0.01,16.72,0.049,2.9,7338.999999999999,0.592,0.06,58.28,0.018
29,0,-10000,10000.0,279453.9940379124,47.262054443359375,0.5425631388445231,1.47,4519.2,0.787,0.07,233.12,0.029,6.13,27691.400000000005,0.807,0.07,233.12,0.029,65098.33707715621,26.026168823242188,0.4417389522258445,1.17,1544.2,0.615,0.0,7.6,0.04,3.13,7740.8,0.605,0.07,65.8,0.02
29,0,-9500,9500.0,272852.89161465,48.08341598510742,0.542370615038858,2.11,6241.05,0.784,0.08,223.72,0.028,5.98,27174.8,0.804,0.08,223.72,0.028,53828.78857176732,20.895591735839844,0.43324855704412596,5.64,9828.82,0.593,0.0,7.6,0.04,3.33,8142.6,0.616,0.08,65.8,0.02
29,0,-9000,9000.0,262886.2858225956,48.22667694091797,0.53689864666516,2.08,6086.28,0.777,0.08,219.96,0.028,5.74,26469.6,0.799,0.08,219.96,0.028,40366.89642021196,15.262544631958008,0.40073780944898507,0.62,884.8,0.475,0.03,70.84,0.024,3.05,7232.4,0.588,0.08,65.8,0.02
29,0,-8500,8500.0,253967.88216442143,48.3583869934082,0.5346809065269059,2.2,6108.48,0.756,0.08,208.68000000000004,0.028,5.57,25854.6,0.794,0.08,208.68000000000004,0.028,30058.650599526423,10.9956693649292,0.3858493527359843,1.22,2095.02,0.556,0.01,53.13,0.02,2.94,6551.8,0.564,0.05,47.0,0.017
29,0,-8000,8000.0,243915.68440440198,47.6439208984375,0.5323976668044125,2.23,6019.92,0.753,0.08,206.80000000000004,0.028,5.53,24903.4,0.786,0.08,206.80000000000004,0.028,20450.438768025728,7.328540325164795,0.344574063119106,1.08,1662.42,0.545,0.02,53.13,0.02,2.41,5157.8,0.538,0.03,39.48,0.014
29,0,-7500,7500.0,234935.85477561515,46.73456573486328,0.533890300409376,2.3,5842.8,0.746,0.09,193.64,0.027,5.44,24042.4,0.779,0.09,193.64,0.027,13597.153915449555,4.343278884887695,0.31775800123922016,0.8,1232.91,0.527,0.02,53.13,0.02,1.94,4059.0,0.523,0.02,20.68,0.011
29,0,-7000,7000.0,224458.81905671704,44.16633605957031,0.5321906960330652,1.46,3761.8,0.746,0.09,191.76,0.027,5.27,23411.0,0.773,0.09,191.76,0.027,8540.843896055901,2.3824198246002197,0.2613136635513157,0.49,757.05,0.493,0.01,29.6,0.04,1.26,2845.4,0.497,0.02,18.8,0.011
29,0,-6500,6500.0,214311.29167454143,41.529544830322266,0.5319675273625488,1.95,5121.48,0.743,0.1,184.24,0.027,5.3,22738.6,0.769,0.1,184.24,0.027,5406.283595556353,1.3425424098968506,0.22258714321676282,0.27,500.58000000000004,0.452,0.01,35.52,0.042,0.7,1738.4,0.452,0.01,9.4,0.011
29,0,-6000,6000.0,201294.1856003727,37.42539978027344,0.5237873930293321,1.81,4956.66,0.737,0.1,180.48,0.027,5.02,21566.0,0.762,0.1,180.48,0.027,3796.5392072060217,0.8181481957435608,0.18420154222314322,0.37,1082.4,0.397,0.0,4.56,0.034,0.37,1082.4,0.397,0.01,7.52,0.01
29,0,-5500,5500.0,187378.8953573227,35.380157470703125,0.5119426704440353,1.7,4371.84,0.699,0.1,167.32,0.026,4.72,20180.2,0.753,0.1,167.32,0.026,2856.7703797473855,0.5521233677864075,0.1630114154794992,0.06,101.5,0.264,0.0,7.18,0.015,0.13,492.0,0.293,0.0,3.76,0.009
29,0,-5000,5000.0,173638.36617164576,32.236331939697266,0.4953433894308875,1.05,2847.6,0.699,0.1,165.44,0.026,4.36,18335.2,0.737,0.1,165.44,0.026,2542.377570633761,0.4835456609725952,0.15928696796064276,0.04,60.89999999999999,0.267,0.0,7.18,0.015,0.08,336.2,0.247,0.0,1.88,0.008
29,0,-4500,4500.0,163554.28353635248,29.64711570739746,0.4856560532443943,0.9,2335.2,0.654,0.07,142.88,0.025,3.93,16506.6,0.718,0.07,142.88,0.025,2328.5745238085783,0.4396953582763672,0.16064597361492192,0.05,72.36,0.275,0.0,6.74,0.019,0.05,213.2,0.2,0.0,1.88,0.008
29,0,-4000,4000.0,155905.01174707734,27.035898208618164,0.4739317704403013,0.88,2272.2,0.645,0.06,135.36,0.025,3.39,14784.600000000002,0.694,0.06,135.36,0.025,2141.5329421562374,0.3918381631374359,0.16251093343946285,0.05,72.36,0.273,0.0,6.22,0.027,0.05,221.40000000000003,0.205,0.0,1.88,0.007
29,0,-3500,3500.0,152762.43531844876,25.262056350708008,0.47193915820809007,1.1,3322.53,0.649,0.05,107.15999999999998,0.022,2.79,13316.799999999997,0.671,0.05,107.15999999999998,0.022,1874.7361563122297,0.3330635726451874,0.1585523286443193,0.05,70.35,0.271,0.0,3.11,0.017,0.05,229.60000000000002,0.212,0.0,1.88,0.008
29,0,-3000,3000.0,152981.88237362626,24.123018264770508,0.47098543399572546,1.7,4616.8,0.651,0.05,99.64,0.021,2.3,12464.0,0.653,0.05,99.64,0.021,1485.8472533763456,0.25292345881462097,0.1423127919525056,0.03,46.2,0.265,0.0,5.8,0.044,0.05,213.2,0.207,0.0,1.88,0.008
29,0,-2500,2500.0,155344.99423804865,24.40870475769043,0.47338220835384237,1.72,4613.9,0.651,0.05,88.36,0.02,1.9,11840.8,0.64,0.05,88.36,0.02,1089.3016845417947,0.1734880656003952,0.1199317375358562,0.02,33.6,0.241,0.0,6.02,0.023,0.05,188.6,0.198,0.0,1.88,0.008
29,0,-2000,2000.0,160105.46548710018,25.532320022583008,0.4789740265209862,2.08,4886.5,0.667,0.05,86.48,0.02,1.8,11742.4,0.641,0.05,86.48,0.02,700.7114932113154,0.10490573942661285,0.08741334286310463,0.02,29.4,0.226,0.0,6.96,0.085,0.04,155.8,0.18,0.0,1.88,0.008
29,0,-1500,1500.0,165034.03883682296,26.457107543945312,0.48534129630999157,2.11,4909.7,0.668,0.05,84.6,0.02,1.79,11890.0,0.647,0.05,84.6,0.02,420.2258860689682,0.055571481585502625,0.05868221071574716,0.02,46.35,0.201,0.0,8.16,0.057,0.03,114.80000000000001,0.163,0.0,1.88,0.008
29,0,-1000,1000.0,169866.5817720492,27.07493019104004,0.496348474348152,1.28,3041.52,0.674,0.06,86.48,0.02,2.18,12685.4,0.666,0.06,86.48,0.02,216.44747293258035,0.022651169449090958,0.03143977865273514,0.01,15.120000000000001,0.124,0.0,8.16,0.057,0.02,73.8,0.124,0.0,1.88,0.008
29,0,-500,500.0,171406.6045457177,26.884510040283203,0.5011856687908481,1.56,3495.39,0.675,0.54,3506.58,0.077,2.68,13628.4,0.686,0.06,95.88,0.021,120.97912154586723,0.008854195475578308,0.017718773644828135,0.01,18.54,0.104,0.0,0.0,0.008,0.01,41.0,0.091,0.0,0.0,0.006
29,0,0,0.0,169603.56328642138,24.542461395263672,0.5052765740150665,1.53,3620.0100000000007,0.681,0.41,2957.57,0.071,3.09,14677.999999999998,0.7,0.06,99.64,0.022,84.89577098034857,0.003140251850709319,0.011653863256040963,0.01,16.4,0.048,0.0,0.0,0.008,0.01,16.4,0.048,0.0,0.0,0.006
29,0,500,500.0,164981.5164448715,21.65342903137207,0.5050080836499242,1.41,3905.43,0.697,0.29,2461.69,0.064,3.43,15719.400000000001,0.713,0.06,112.8,0.023,90.71075998990494,0.005108414217829704,0.011581928569213184,0.0,0.0,0.002,0.0,0.0,0.002,0.0,8.2,0.017,0.0,0.0,0.003
29,0,1000,1000.0,155789.1378592566,17.973255157470703,0.4930854689896358,2.57,7870.32,0.693,0.21,2355.43,0.063,3.15,15949.0,0.715,0.06,116.56,0.023,117.45374744094761,0.007326231803745031,0.013621391420673515,0.01,9.27,0.046,0.0,0.0,0.002,0.0,8.2,0.011,0.0,0.0,0.002
29,0,1500,1500.0,145651.70623142834,13.894208908081055,0.4765375901182897,3.8,17734.61,0.684,0.25,2284.59,0.062,2.65,15744.0,0.712,0.05,122.2,0.024,161.9881942246451,0.010190271772444248,0.01723518642922272,0.01,8.64,0.054,0.0,0.0,0.003,0.0,8.2,0.018,0.0,0.0,0.003
29,0,2000,2000.0,135584.19178588764,10.16858196258545,0.4578240731269912,1.24,7927.44,0.692,0.28,2373.14,0.063,1.93,14669.8,0.696,0.05,124.08,0.024,202.62958373271616,0.013716067187488079,0.020461086622487874,0.01,12.7,0.059,0.0,0.0,0.003,0.01,8.2,0.02,0.0,0.0,0.003
29,0,2500,2500.0,125820.97807918873,10.031509399414062,0.4386448543589125,0.84,5304.4,0.626,0.03,114.68,0.023,1.28,13284.0,0.673,0.03,114.68,0.023,234.29061679754142,0.017214806750416756,0.02278356174687125,0.01,17.78,0.075,0.0,0.0,0.006,0.0,8.2,0.019,0.0,0.0,0.003
29,0,3000,3000.0,118108.17228398117,11.053853988647461,0.42372712561187537,0.82,5382.72,0.628,0.02,109.03999999999999,0.023,0.85,10955.2,0.63,0.02,109.03999999999999,0.023,279.49094285736464,0.023791423067450523,0.02706408070295956,0.02,31.9,0.125,0.0,0.0,0.006,0.0,8.2,0.016,0.0,0.0,0.004
29,0,3500,3500.0,114724.90506029526,11.955533981323242,0.42170580177793443,0.8,5429.0,0.63,0.01,73.32,0.018,0.94,9003.6,0.584,0.01,73.32,0.018,345.17267943464844,0.0333993136882782,0.033352382779807344,0.01,11.2,0.089,0.0,0.0,0.006,0.0,8.2,0.016,0.0,0.0,0.003
29,0,4000,4000.0,113684.65944703379,12.736366271972656,0.4215549315255095,0.72,3981.7,0.611,0.01,62.04,0.017,1.02,8880.6,0.582,0.01,62.04,0.017,380.39592160773736,0.03538384288549423,0.036298139411422306,0.01,11.2,0.089,0.0,0.0,0.006,0.01,16.4,0.025,0.0,0.0,0.003
29,0,4500,4500.0,114132.67572431367,13.259785652160645,0.425802454613815,0.72,3984.6,0.612,0.01,58.28,0.016,1.06,9159.4,0.59,0.01,58.28,0.016,450.2900799962965,0.03723607957363129,0.041532039416000754,0.01,11.2,0.094,0.0,3.59,0.009,0.01,24.6,0.034,0.0,0.0,0.005
29,0,5000,5000.0,113912.73487940183,13.587699890136719,0.4288537679829146,0.65,2857.5,0.565,0.02,58.28,0.016,1.05,9487.4,0.598,0.02,58.28,0.016,548.0480820505591,0.034006886184215546,0.04711646811848037,0.01,8.4,0.078,0.0,3.59,0.009,0.01,24.6,0.03,0.0,0.0,0.005
29,0,5500,5500.0,112276.81538998995,13.673545837402344,0.4276458069141107,0.68,2839.72,0.565,0.02,63.92000000000001,0.017,1.1,9659.6,0.603,0.02,63.92000000000001,0.017,754.3383648860029,0.05056990310549736,0.05911648219770015,0.04,82.94,0.147,0.0,3.59,0.01,0.01,16.4,0.022,0.0,0.0,0.005
29,0,6000,6000.0,109120.52635685718,14.403127670288086,0.42328020876504735,0.72,2661.92,0.549,0.02,67.68,0.018,1.23,9544.8,0.601,0.02,67.68,0.018,1118.8211957345488,0.09700708836317062,0.0780468110693891,0.04,88.66,0.153,0.0,3.59,0.01,0.0,8.2,0.015,0.0,0.0,0.005
29,0,6500,6500.0,105516.04367877962,15.205168724060059,0.4175172836935216,0.64,2382.48,0.567,0.01,63.92000000000001,0.017,1.39,9462.8,0.601,0.01,63.92000000000001,0.017,1633.400663661257,0.16200757026672363,0.10108491115359952,0.05,120.12,0.17,0.0,0.0,0.007,0.01,16.4,0.028,0.0,0.0,0.004
29,0,7000,7000.0,100948.75250716481,15.755359649658203,0.40722475723794116,0.67,2341.44,0.563,0.01,63.92000000000001,0.017,1.59,9438.2,0.602,0.01,63.92000000000001,0.017,2241.577619845202,0.24342720210552216,0.12414233640694905,0.05,122.98,0.172,0.0,0.0,0.007,0.02,49.2,0.062,0.0,0.0,0.003
29,0,7500,7500.0,96789.97437111115,16.17810821533203,0.3976465512954686,0.73,2183.76,0.546,0.01,63.92000000000001,0.017,1.8,9462.8,0.604,0.01,63.92000000000001,0.017,2835.98568172647,0.3218899071216583,0.14290314852886227,0.05,86.4,0.253,0.0,3.59,0.009,0.03,106.6,0.112,0.0,0.0,0.006
29,0,8000,8000.0,92782.86529857287,16.438846588134766,0.384203411010099,1.12,3432.99,0.609,0.02,63.92000000000001,0.017,1.95,9159.4,0.597,0.02,63.92000000000001,0.017,3323.551661953661,0.3705327808856964,0.15805126248557194,0.1,200.85,0.321,0.0,3.59,0.009,0.06,205.0,0.171,0.0,1.88,0.006
29,0,8500,8500.0,91002.1975454012,16.513492584228516,0.37721951961003325,1.14,3315.57,0.599,0.02,58.28,0.016,2.11,8897.0,0.591,0.02,58.28,0.016,3657.6195744410143,0.4086858630180359,0.1676830490187181,0.08,146.88,0.312,0.0,3.59,0.013,0.09,328.0,0.221,0.0,1.88,0.008
29,0,9000,9000.0,91238.87105258231,16.462085723876953,0.37179658279075317,1.15,3185.79,0.589,0.02,56.4,0.016,2.13,8536.2,0.581,0.02,56.4,0.016,3718.3299186152,0.38196372985839844,0.17091300271979376,0.13,287.37,0.366,0.0,3.59,0.013,0.12,442.80000000000007,0.254,0.0,1.88,0.008
29,0,9500,9500.0,93142.6987932772,16.262596130371094,0.3711779831482688,1.09,3015.84,0.567,0.02,50.76,0.015,2.15,8216.4,0.57,0.02,50.76,0.015,3605.818477057619,0.33256709575653076,0.1688859234070745,0.12,281.19,0.364,0.0,9.33,0.028,0.14,541.2,0.277,0.0,3.76,0.009
29,0,10000,10000.0,98295.51951127469,16.147680282592773,0.378284885038169,1.02,2889.15,0.553,0.02,48.88,0.015,2.06,7855.6,0.552,0.02,48.88,0.015,3313.7917404623295,0.31185847520828247,0.16189401141574888,0.1,278.1,0.364,0.0,9.33,0.029,0.14,549.4,0.279,0.0,3.76,0.009
29,0,10500,10500.0,105025.54263093522,16.02726173400879,0.38927709183533654,0.93,2984.94,0.558,0.02,45.12,0.014,1.96,7593.2,0.541,0.02,45.12,0.014,2999.7722231422813,0.3201669752597809,0.153570518246179,0.05,114.48,0.294,0.0,9.33,0.029,0.12,533.0,0.274,0.0,3.76,0.01
29,0,11000,11000.0,113274.61647899712,16.166744232177734,0.4047137680720579,0.83,4216.6,0.614,0.01,45.12,0.014,1.82,7847.4,0.546,0.01,45.12,0.014,2692.0541122926807,0.3196355402469635,0.14348377964547177,0.05,101.52,0.281,0.0,9.33,0.031,0.08,434.6,0.246,0.0,3.76,0.01
29,0,11500,11500.0,121502.57072380716,16.508996963500977,0.41958263948861474,0.85,4268.8,0.617,0.02,50.76,0.015,1.68,8183.6,0.554,0.02,50.76,0.015,2496.584905133639,0.3153410255908966,0.13779958444258686,0.05,77.76,0.257,0.0,12.44,0.032,0.07,336.2,0.216,0.0,3.76,0.01
29,0,12000,12000.0,128984.74445917123,17.382179260253906,0.4367702658769202,0.91,4866.2,0.647,0.02,52.64000000000001,0.015,1.59,8921.6,0.574,0.02,52.64000000000001,0.015,2443.350540805619,0.3074173033237457,0.13556074799297652,0.04,77.76,0.257,0.0,12.44,0.034,0.07,254.2,0.187,0.0,3.76,0.01
29,0,12500,12500.0,133454.7591635645,18.115446090698242,0.44671287572229185,0.91,4912.6,0.649,0.03,63.92000000000001,0.017,1.52,9585.8,0.59,0.03,63.92000000000001,0.017,2513.440719205829,0.297346830368042,0.13943573786268676,0.04,79.92,0.266,0.0,15.55,0.035,0.06,221.40000000000003,0.184,0.0,1.88,0.009
29,0,13000,13000.0,133784.49807747928,18.256832122802734,0.45023928354642134,0.81,4248.5,0.614,0.03,67.68,0.017,1.6,10307.4,0.606,0.03,67.68,0.017,2661.109541507557,0.28775668144226074,0.14498847760441477,0.04,79.92,0.266,0.0,1.88,0.009,0.06,229.60000000000002,0.198,0.0,1.88,0.009
29,0,13500,13500.0,131333.20163059686,18.198936462402344,0.44707901474907025,0.57,3262.23,0.64,0.02,77.08,0.019,1.67,10988.0,0.621,0.02,77.08,0.019,2805.7200115908017,0.2776467502117157,0.15039633949740966,0.04,90.72,0.274,0.0,1.88,0.009,0.06,246.0,0.21,0.0,1.88,0.009
29,0,14000,14000.0,125524.22105337327,18.166927337646484,0.43750171573124275,0.85,4601.01,0.65,0.02,78.96,0.019,1.72,11652.2,0.633,0.02,78.96,0.019,2942.233155163125,0.30443286895751953,0.1563173228040938,0.04,90.72,0.274,0.0,1.88,0.009,0.06,270.6,0.221,0.0,1.88,0.009
29,0,14500,14500.0,117457.75980846862,17.73384666442871,0.4208621580395598,0.88,4338.36,0.633,0.02,88.36,0.02,1.78,12193.4,0.643,0.02,88.36,0.02,3013.1524645389745,0.3315185308456421,0.15982866339956406,0.05,95.04,0.278,0.0,1.88,0.009,0.06,287.0,0.232,0.0,1.88,0.009
29,0,15000,15000.0,108045.94854437656,16.813676834106445,0.4010912528970663,0.91,4057.1700000000005,0.615,0.02,92.12,0.02,1.8,11512.8,0.627,0.02,92.12,0.02,3023.2363442446513,0.35445281863212585,0.1627555979505226,0.05,92.88,0.275,0.0,1.88,0.009,0.06,303.4,0.241,0.0,1.88,0.009
29,0,15500,15500.0,99771.42926372797,15.817655563354492,0.38408550331731894,0.91,3757.44,0.593,0.02,78.96,0.019,1.85,10807.6,0.61,0.02,78.96,0.019,2961.637003729629,0.35998308658599854,0.16302661999975587,0.05,92.88,0.275,0.0,1.88,0.009,0.06,319.8,0.247,0.0,1.88,0.009
29,0,16000,16000.0,92107.80538443236,14.450699806213379,0.3652264804142069,0.9,3432.99,0.567,0.02,75.2,0.018,1.83,9922.0,0.586,0.02,75.2,0.018,2831.08882452143,0.3453296720981598,0.1615914011078238,0.03,60.2,0.269,0.0,1.88,0.009,0.06,311.6,0.248,0.0,1.88,0.009
29,0,16500,16500.0,85985.98341756478,13.149392127990723,0.3504680074528916,0.86,3195.06,0.546,0.01,62.04,0.016,1.79,9110.2,0.561,0.01,62.04,0.016,2649.6103624318494,0.32036346197128296,0.15778175042365117,0.04,79.92,0.269,0.0,1.88,0.009,0.06,303.4,0.246,0.0,1.88,0.009
29,0,17000,17000.0,81082.83850740026,11.853011131286621,0.33827532213252803,0.84,2607.1,0.472,0.01,58.28,0.015,1.7,8413.2,0.537,0.01,58.28,0.015,2418.6696431013843,0.283964067697525,0.1515812532410214,0.03,74.37,0.261,0.0,17.76,0.03,0.06,270.6,0.239,0.0,1.88,0.009
29,0,17500,17500.0,77509.28686052364,11.283684730529785,0.3312247758243272,0.84,2615.8,0.473,0.01,48.88,0.014,1.58,7806.4,0.516,0.01,48.88,0.014,2171.097360701606,0.2444635033607483,0.1436823978198489,0.03,68.34,0.256,0.0,17.76,0.027,0.05,246.0,0.228,0.0,1.88,0.009
29,0,18000,18000.0,74209.56849306659,11.071901321411133,0.32693810906612547,0.88,2485.3,0.458,0.01,47.0,0.013,1.45,7133.999999999999,0.492,0.01,47.0,0.013,1904.5540614335214,0.20332300662994385,0.13327917449531876,0.03,64.32,0.249,0.0,4.56,0.034,0.04,213.2,0.212,0.0,1.88,0.009
29,0,18500,18500.0,71678.59537724261,10.828644752502441,0.32705029803000585,0.88,2479.5,0.457,0.01,35.72,0.011,1.32,6723.999999999999,0.485,0.01,35.72,0.011,1653.2394104651758,0.1686875969171524,0.12238894292042253,0.03,52.26,0.229,0.0,4.56,0.034,0.03,180.4,0.195,0.0,1.88,0.009
29,0,19000,19000.0,68343.32994056854,10.605971336364746,0.32552368927547043,0.88,2088.0,0.421,0.01,33.84,0.01,1.23,6650.199999999999,0.486,0.01,33.84,0.01,1407.6704106810212,0.1391897201538086,0.10998322607986546,0.02,33.06,0.185,0.0,9.33,0.028,0.03,155.8,0.177,0.0,1.88,0.008
29,0,19500,19500.0,64529.335882534404,10.231680870056152,0.3227521904424838,0.62,1587.9,0.439,0.01,33.84,0.01,1.15,6601.000000000001,0.487,0.01,33.84,0.01,1202.229543041699,0.11364810168743134,0.09922446226004736,0.02,33.06,0.185,0.0,6.22,0.026,0.02,139.4,0.162,0.0,1.88,0.008
29,0,20000,20000.0,59400.591064364475,9.750460624694824,0.315231795230382,0.62,1493.43,0.426,0.01,33.84,0.01,1.12,6461.6,0.485,0.01,33.84,0.01,1009.6643909573188,0.09198632091283798,0.08798541136585938,0.02,36.18,0.183,0.0,6.22,0.024,0.02,123.0,0.145,0.0,1.88,0.008
30,0,-20000,20000.0,539269.4900389184,32.25017547607422,0.6194641324363036,3.65,17226.0,0.844,0.07,317.72,0.03,4.0,39753.6,0.809,0.07,317.72,0.03,434482.13505296945,43.963462829589844,0.5842417923840922,5.37,17504.85,0.847,1.43,7845.529999999999,0.093,10.9,49413.2,0.84,0.2,454.96,0.032
30,0,-19500,19500.0,546351.5872430673,35.727474212646484,0.6185949504442664,3.73,17255.0,0.845,0.07,351.56,0.031,4.04,41246.0,0.816,0.07,351.56,0.031,410289.4459690264,40.486778259277344,0.5851740671451788,4.88,15607.59,0.829,0.14,411.72,0.032,9.76,45715.0,0.831,0.14,411.72,0.032
30,0,-19000,19000.0,553308.7673701609,41.545047760009766,0.6193465079675025,3.86,16141.399999999998,0.84,0.08,360.96,0.031,3.58,42976.2,0.821,0.08,360.96,0.031,379523.4502163212,33.79397964477539,0.5654361066785297,4.27,13568.189999999999,0.808,0.12,398.56,0.032,8.71,40860.6,0.814,0.12,398.56,0.032
30,0,-18500,18500.0,556989.6172619696,44.45159912109375,0.6160061036013973,3.87,16063.1,0.839,0.07,385.3999999999999,0.031,3.84,44534.2,0.827,0.07,385.3999999999999,0.031,356500.32165206864,28.99093246459961,0.5506387373308052,3.48,12112.8,0.788,0.09,330.88,0.03,7.23,35965.2,0.794,0.09,330.88,0.03
30,0,-18000,18000.0,564691.1226491532,46.54634475708008,0.6176467667568651,2.38,11589.66,0.841,0.07,394.8,0.031,4.46,45559.2,0.831,0.07,394.8,0.031,342917.5428701455,30.79741096496582,0.5407159180668035,2.59,10512.180000000002,0.763,0.09,313.96,0.03,5.62,31471.600000000002,0.77,0.09,313.96,0.03
30,0,-17500,17500.0,572642.9891960475,46.98632049560547,0.6192410804987893,2.53,11095.2,0.84,0.09,404.2,0.031,4.91,46584.2,0.836,0.09,404.2,0.031,338311.05898318236,31.924345016479492,0.5427126078790091,3.04,14887.92,0.766,0.08,250.04,0.028,4.05,27732.4,0.747,0.08,250.04,0.028
30,0,-17000,17000.0,581306.7568847956,42.393436431884766,0.6246961671350018,4.79,22435.92,0.836,0.09,406.08,0.031,4.58,45985.6,0.838,0.09,406.08,0.031,337568.95800795936,30.121835708618164,0.5451431902405935,2.57,11208.5,0.759,0.07,233.12,0.027,3.31,26576.199999999997,0.737,0.07,233.12,0.027
30,0,-16500,16500.0,592779.5128889321,39.235015869140625,0.6331892683279517,1.85,11511.27,0.849,0.08,392.92,0.032,4.47,45657.6,0.84,0.08,392.92,0.032,336294.5039356959,30.096904754638672,0.5479220990301522,2.65,11188.2,0.759,0.06,223.72,0.027,3.82,25739.8,0.731,0.06,223.72,0.027
30,0,-16000,16000.0,602179.5925726951,36.9239616394043,0.6427664026723214,1.87,12854.16,0.853,0.08,389.15999999999997,0.032,4.03,47092.6,0.848,0.08,389.15999999999997,0.032,330460.6877462852,34.0439453125,0.542036157346364,1.42,6265.74,0.745,0.06,221.84,0.027,4.32,27060.0,0.735,0.06,221.84,0.027
30,0,-15500,15500.0,605622.6054636522,37.8944206237793,0.6473596176147298,2.45,18606.4,0.865,0.07,407.96,0.032,4.29,48847.4,0.856,0.07,407.96,0.032,324906.00018320093,35.77124786376953,0.5347897640431694,1.72,7410.869999999999,0.753,0.06,246.28,0.027,4.82,28355.6,0.741,0.06,246.28,0.027
30,0,-15000,15000.0,600705.2436526229,38.88288116455078,0.6495911792598513,2.4,15676.88,0.855,0.07,413.6000000000001,0.032,4.16,50676.0,0.862,0.07,413.6000000000001,0.032,323560.95851329766,35.29118728637695,0.5296479778766939,2.85,9680.2,0.745,0.06,251.92000000000002,0.027,3.8,27470.0,0.735,0.06,251.92000000000002,0.027
30,0,-14500,14500.0,590028.2316936719,39.08467102050781,0.6480501142720906,2.57,15300.96,0.851,0.07,443.68,0.033,3.86,52193.0,0.867,0.07,443.68,0.033,332034.60581799597,34.34064865112305,0.5370140744700831,2.9,9616.399999999998,0.744,0.05,233.12,0.027,3.12,26723.800000000003,0.73,0.05,233.12,0.027
30,0,-14000,14000.0,575446.9729279665,37.992698669433594,0.6448869523408391,2.24,13802.4,0.865,0.07,451.2,0.033,3.79,52709.6,0.869,0.07,451.2,0.033,347137.11581833893,28.561912536621094,0.5456320374210429,3.6,10321.100000000002,0.76,0.05,227.48,0.027,3.69,25559.4,0.724,0.05,227.48,0.027
30,0,-13500,13500.0,559613.7504696366,38.016326904296875,0.6404654232575038,2.59,13227.84,0.858,0.07,460.6000000000001,0.033,4.68,52865.4,0.869,0.07,460.6000000000001,0.033,361889.65587674995,27.57775115966797,0.549051305062336,3.65,10396.5,0.763,0.06,214.31999999999996,0.026,4.45,24550.8,0.72,0.06,214.31999999999996,0.026
30,0,-13000,13000.0,540216.0761256468,37.81273651123047,0.628292355398667,2.33,12921.12,0.852,0.08,462.48,0.033,5.23,51660.0,0.863,0.08,462.48,0.033,381586.3783971451,31.01904296875,0.5594522734899235,2.07,6300.54,0.765,0.07,210.56000000000003,0.026,4.1,25387.2,0.729,0.07,210.56000000000003,0.026
30,0,-12500,12500.0,522933.0411320518,38.42369079589844,0.6147695712781149,3.38,17048.84,0.817,0.09,441.8,0.033,5.65,50602.2,0.859,0.09,441.8,0.033,398631.0348768281,32.096351623535156,0.5668254980817141,2.57,7296.299999999999,0.768,0.06,221.84,0.027,3.8,26789.4,0.743,0.06,221.84,0.027
30,0,-12000,12000.0,513430.6865704243,41.5915412902832,0.6032011281144893,3.11,14102.7,0.822,0.1,436.15999999999997,0.033,4.45,48289.8,0.849,0.1,436.15999999999997,0.033,412518.66717256035,34.805450439453125,0.5741950004813334,4.65,14630.88,0.76,0.07,227.48,0.027,2.62,28322.8,0.754,0.07,227.48,0.027
30,0,-11500,11500.0,508875.3313383011,43.494117736816406,0.5951312219868439,3.19,14239.0,0.824,0.07,394.8,0.032,4.6,46412.0,0.842,0.07,394.8,0.032,427279.82155099255,36.13853073120117,0.585548688431343,2.19,10547.28,0.819,0.09,248.16,0.028,3.78,30061.199999999997,0.766,0.09,248.16,0.028
30,0,-11000,11000.0,510679.03047746234,42.9410514831543,0.5878234076770603,1.94,8858.34,0.827,0.06,383.52,0.031,4.54,44583.4,0.835,0.06,383.52,0.031,434166.86130445916,36.37287902832031,0.5930019303457003,3.35,12806.399999999998,0.798,0.1,253.80000000000004,0.028,4.65,34554.8,0.788,0.1,253.80000000000004,0.028
30,0,-10500,10500.0,520650.44308171386,41.11526107788086,0.5876427519059116,2.68,11847.6,0.835,0.07,355.32,0.031,4.43,43214.0,0.83,0.07,355.32,0.031,427567.4654108909,36.69979476928711,0.5860139699059937,3.39,12731.0,0.798,0.08,327.12,0.03,5.65,38654.8,0.806,0.08,327.12,0.03
30,0,-10000,10000.0,537374.4586801379,38.95185852050781,0.5914162257982936,3.49,18382.41,0.853,0.07,347.8,0.031,4.86,44870.4,0.835,0.07,347.8,0.031,411836.2599387206,39.23527526855469,0.5796796446796575,3.7,14523.0,0.823,0.08,349.68,0.031,5.65,38310.4,0.804,0.08,349.68,0.031
30,0,-9500,9500.0,551764.6979321537,41.51927947998047,0.5925562139293239,2.75,15227.3,0.825,0.1,376.0,0.031,5.67,46699.0,0.839,0.1,376.0,0.031,394700.5210404878,39.94251251220703,0.5731399677340131,2.29,8743.5,0.8,0.08,332.76,0.03,5.66,37654.4,0.802,0.08,332.76,0.03
30,0,-9000,9000.0,561428.115244195,43.12991714477539,0.5940388641922218,3.26,16793.9,0.823,0.1,383.52,0.031,6.19,47494.4,0.838,0.1,383.52,0.031,377140.6022362749,37.86716842651367,0.5671959573141494,3.5,11060.6,0.773,0.08,327.12,0.03,5.25,36071.8,0.796,0.08,327.12,0.03
30,0,-8500,8500.0,565605.3897376094,43.445186614990234,0.5928329658228342,3.28,16834.5,0.823,0.07,394.8,0.031,6.99,48101.2,0.837,0.07,394.8,0.031,362845.5299252106,38.63571548461914,0.5664290582996101,3.6,10967.8,0.772,0.08,302.68,0.03,5.48,34710.6,0.792,0.08,302.68,0.03
30,0,-8000,8000.0,567376.2519007245,44.215511322021484,0.595957643217716,1.96,10523.52,0.827,0.07,398.56,0.031,7.69,49905.2,0.837,0.07,398.56,0.031,346725.66378114716,39.43690872192383,0.5578453786566108,2.11,6542.4,0.773,0.08,298.92,0.03,5.45,33931.6,0.788,0.08,298.92,0.03
30,0,-7500,7500.0,564518.4147290236,43.6939582824707,0.5975040879639318,2.33,12045.93,0.828,0.08,423.0,0.031,8.21,51701.0,0.839,0.08,423.0,0.031,331816.32722100767,37.410648345947266,0.55115785592337,2.55,7605.840000000001,0.776,0.08,293.28,0.03,5.19,33103.399999999994,0.784,0.08,293.28,0.03
30,0,-7000,7000.0,555084.5498887297,39.38804244995117,0.5990568725658006,3.28,15729.6,0.822,0.08,432.3999999999999,0.031,7.71,53144.2,0.842,0.08,432.3999999999999,0.031,312527.09133826965,32.88270568847656,0.5326312348954704,4.77,15287.76,0.768,0.08,291.4,0.03,4.99,31356.8,0.774,0.08,291.4,0.03
30,0,-6500,6500.0,541947.8886945776,43.25150680541992,0.5992797927580186,3.32,15674.5,0.823,0.08,447.44,0.031,6.89,54546.4,0.846,0.08,447.44,0.031,297364.9947172566,33.60936737060547,0.517558363724424,2.09,6476.22,0.741,0.1,270.72,0.029,4.85,29618.399999999998,0.762,0.1,270.72,0.029
30,0,-6000,6000.0,525777.8796884179,46.38454818725586,0.599629029988777,1.9,9683.1,0.826,0.08,453.08,0.032,5.24,53619.8,0.844,0.08,453.08,0.032,287079.80551976804,36.25293731689453,0.5081941940699606,3.78,10268.899999999998,0.753,0.1,259.44,0.029,4.5,27429.000000000004,0.745,0.1,259.44,0.029
30,0,-5500,5500.0,511225.9390604625,47.189353942871094,0.6025473805276037,2.31,11129.37,0.827,0.07,439.92,0.031,5.47,52332.4,0.842,0.07,439.92,0.031,282415.67049578094,38.75617218017578,0.5073303364495079,3.89,10405.2,0.757,0.09,227.48,0.027,4.05,25567.6,0.731,0.09,227.48,0.027
30,0,-5000,5000.0,493912.2999472638,42.17548370361328,0.603878202998467,4.35,22391.04,0.822,0.07,438.04,0.031,5.8,50167.6,0.838,0.07,438.04,0.031,281853.9264815264,42.67601776123047,0.5101027010641754,4.33,10538.600000000002,0.764,0.08,221.84,0.027,4.58,23476.6,0.713,0.08,221.84,0.027
30,0,-4500,4500.0,477425.9750640665,42.80462646484375,0.60673834409917,2.63,13931.6,0.819,0.08,409.84000000000003,0.031,6.45,47978.2,0.836,0.08,409.84000000000003,0.031,283676.9882526642,44.89159393310547,0.5163131449190582,4.36,10553.1,0.765,0.07,191.76,0.026,5.04,21615.2,0.695,0.07,191.76,0.026
30,0,-4000,4000.0,454399.94525531185,42.1848030090332,0.6038373415821214,2.77,13215.3,0.806,0.08,406.08,0.031,5.75,45337.8,0.833,0.08,406.08,0.031,288115.0777665532,46.59489822387695,0.5170990195228994,2.74,6062.160000000001,0.759,0.07,182.36,0.025,5.81,22812.4,0.708,0.07,182.36,0.025
30,0,-3500,3500.0,432471.5616706081,41.715579986572266,0.6041882107838156,2.77,13166.0,0.805,0.08,376.0,0.031,4.97,42771.2,0.831,0.08,376.0,0.031,292210.2699027759,47.257484436035156,0.5151222860850655,3.62,6922.799999999999,0.75,0.11,206.80000000000004,0.026,6.34,23952.2,0.723,0.11,206.80000000000004,0.026
30,0,-3000,3000.0,404825.08958722727,41.13801193237305,0.5941343966753567,1.63,7873.5,0.805,0.08,370.36,0.031,4.56,41032.8,0.827,0.08,370.36,0.031,296485.9588078067,41.35961151123047,0.5090109523078696,3.46,6732.72,0.742,0.12,216.19999999999996,0.027,6.57,24263.8,0.726,0.12,216.19999999999996,0.027
30,0,-2500,2500.0,380017.2434014356,40.19032287597656,0.5866690343916797,1.94,9137.46,0.808,0.08,347.8,0.031,4.78,39532.2,0.823,0.08,347.8,0.031,305035.045665342,35.74912643432617,0.5065274449301626,3.0,5974.56,0.713,0.14,225.6,0.028,6.74,24395.0,0.728,0.14,225.6,0.028
30,0,-2000,2000.0,354275.97127682617,37.19248962402344,0.566827256684942,1.88,8536.47,0.794,0.08,345.92,0.031,4.78,38138.2,0.815,0.08,345.92,0.031,318087.5210277752,29.825071334838867,0.5080475565934106,1.72,3980.2,0.711,0.14,229.36,0.028,6.01,23017.4,0.714,0.14,229.36,0.028
30,0,-1500,1500.0,336387.909644929,35.85382843017578,0.5532098435186967,1.87,7793.28,0.762,0.07,327.12,0.031,4.77,36785.2,0.809,0.07,327.12,0.031,338725.52327349386,31.828208923339844,0.5183261847742245,3.04,15528.72,0.767,0.12,199.28,0.027,5.19,22140.0,0.704,0.12,199.28,0.027
30,0,-1000,1000.0,325941.38572193426,34.914146423339844,0.5389698162605734,1.84,7434.72,0.749,0.07,319.6,0.03,4.86,33259.200000000004,0.789,0.07,319.6,0.03,359857.8032044397,31.563220977783203,0.5283994520166218,2.82,13102.2,0.782,0.12,193.64,0.026,3.82,23033.8,0.704,0.12,193.64,0.026
30,0,-500,500.0,324994.34340401966,33.89937210083008,0.534759236318255,1.75,6387.12,0.717,0.08,268.84,0.029,4.95,29839.8,0.767,0.08,268.84,0.029,379672.1937511292,32.72129821777344,0.5362980347392969,2.35,8443.44,0.761,0.08,204.92000000000002,0.026,4.15,24386.8,0.711,0.08,204.92000000000002,0.026
30,0,0,0.0,333942.1074920712,31.0231876373291,0.5366482100523735,1.65,6538.32,0.72,0.08,253.80000000000004,0.029,4.57,27035.4,0.742,0.08,253.80000000000004,0.029,398142.76850167336,36.36051559448242,0.5505562959209074,3.22,13062.6,0.794,0.07,208.68000000000004,0.026,4.69,27814.4,0.731,0.07,208.68000000000004,0.026
30,0,500,500.0,349655.08565696253,30.52402687072754,0.5478217945182371,2.2,9819.64,0.763,0.09,214.31999999999996,0.027,4.09,25018.2,0.724,0.09,214.31999999999996,0.027,408689.817866149,39.781463623046875,0.5572484737995649,3.24,12387.58,0.8,0.08,259.44,0.028,5.17,31348.599999999995,0.753,0.08,259.44,0.028
30,0,1000,1000.0,370036.50881530374,33.313507080078125,0.5628841187122121,2.3,10281.92,0.769,0.09,204.92000000000002,0.027,3.54,25903.8,0.729,0.09,204.92000000000002,0.027,411714.1525229807,43.97047805786133,0.5664775461006359,2.21,8310.24,0.8,0.09,272.6,0.028,4.36,34284.2,0.77,0.09,272.6,0.028
30,0,1500,1500.0,387190.71604608896,35.82118225097656,0.5730965718000516,2.41,8640.0,0.775,0.08,218.07999999999998,0.027,3.39,27388.0,0.738,0.08,218.07999999999998,0.027,405084.3750984029,45.971214294433594,0.5695663885005421,2.98,10765.44,0.81,0.08,313.96,0.03,5.9,36990.2,0.784,0.08,313.96,0.03
30,0,2000,2000.0,398941.36469553056,35.38285827636719,0.5833679770627137,2.4,8702.64,0.776,0.07,221.84,0.027,4.08,30356.400000000005,0.757,0.07,221.84,0.027,391444.8919375144,43.65434646606445,0.5686148824287618,4.04,16037.1,0.83,0.07,327.12,0.03,6.99,38941.8,0.795,0.07,327.12,0.03
30,0,2500,2500.0,401314.8372938073,32.35435485839844,0.5844680869686957,2.47,9102.24,0.784,0.11,268.84,0.029,4.84,33103.399999999994,0.772,0.11,268.84,0.029,380612.6412877616,39.559993743896484,0.5721455454141128,2.54,9871.2,0.8,0.87,7137.13,0.09,7.94,40934.4,0.809,0.1,342.16,0.03
30,0,3000,3000.0,394415.10792952834,33.283817291259766,0.5875297838932283,2.19,9106.56,0.782,0.12,282.0,0.029,4.92,33964.4,0.776,0.12,282.0,0.029,362326.40631555044,35.35710144042969,0.5618430437146588,3.63,15573.6,0.829,0.1,347.8,0.03,7.13,39876.6,0.807,0.1,347.8,0.03
30,0,3500,3500.0,381995.9535403329,35.243995666503906,0.5877643652169317,2.1,9177.84,0.782,1.0,6021.4,0.085,4.79,34374.4,0.779,0.13,297.04,0.03,349133.3518749707,31.629676818847656,0.5542935054152486,3.25,13670.16,0.807,0.09,319.6,0.03,7.61,38941.8,0.804,0.09,319.6,0.03
30,0,4000,4000.0,361785.0305917744,34.815372467041016,0.5813464241668953,2.17,9076.32,0.779,0.98,5436.97,0.082,4.34,34497.4,0.779,0.13,302.68,0.03,341138.2487880823,25.569765090942383,0.5503032817470734,2.73,11729.64,0.789,0.1,313.96,0.03,6.39,34472.8,0.783,0.1,313.96,0.03
30,0,4500,4500.0,340699.3313235383,33.82432174682617,0.5741639162839772,2.36,8918.64,0.779,0.09,306.44,0.03,5.04,34604.0,0.779,0.09,306.44,0.03,338225.4288629915,23.813583374023438,0.5532267764562365,2.0,10954.05,0.773,0.08,257.56,0.028,4.71,29979.200000000004,0.763,0.08,257.56,0.028
30,0,5000,5000.0,314559.4106298999,31.110904693603516,0.5559696767735158,2.23,8413.2,0.769,0.08,306.44,0.03,5.21,34013.6,0.776,0.08,306.44,0.03,336997.6258495637,26.808557510375977,0.5558945727936837,2.28,10599.5,0.751,0.07,242.52,0.028,3.26,27994.8,0.749,0.07,242.52,0.028
30,0,5500,5500.0,289798.9627474159,28.878551483154297,0.5365830707340548,2.63,11457.72,0.772,0.09,293.28,0.029,5.11,33267.4,0.774,0.09,293.28,0.029,334372.67151458585,30.21344566345215,0.5593811389168489,2.34,10611.100000000002,0.752,0.05,218.07999999999998,0.026,1.99,26379.4,0.736,0.05,218.07999999999998,0.026
30,0,6000,6000.0,266125.5285757439,28.8432674407959,0.5157094755626666,2.26,6783.1,0.662,0.09,293.28,0.029,4.23,29577.4,0.754,0.09,293.28,0.029,329295.4920289241,34.7463264465332,0.5619462582285695,1.42,6507.6,0.757,0.04,214.31999999999996,0.026,2.68,28158.800000000003,0.746,0.04,214.31999999999996,0.026
30,0,6500,6500.0,249436.98925671756,30.021394729614258,0.5045779986491461,2.26,6200.14,0.669,0.08,238.76,0.028,3.39,26026.8,0.73,0.08,238.76,0.028,319349.0308012697,36.499820709228516,0.5597424988838822,1.71,7501.32,0.759,0.04,244.4,0.027,3.69,29946.400000000005,0.755,0.04,244.4,0.027
30,0,7000,7000.0,238168.27046017104,34.113525390625,0.49627600949182227,3.15,6855.6,0.663,0.08,221.84,0.027,3.3,23411.0,0.709,0.08,221.84,0.027,300940.5539080559,35.44316482543945,0.5532145575998128,2.46,8024.300000000001,0.723,0.05,253.80000000000004,0.027,3.77,30364.6,0.756,0.05,253.80000000000004,0.027
30,0,7500,7500.0,230542.01293385623,37.03947448730469,0.49522252157915475,2.91,6169.66,0.667,0.46,4002.4599999999996,0.071,3.36,21352.8,0.691,0.07,188.0,0.026,279436.8748370907,36.05780792236328,0.5419590454563942,2.57,7986.6,0.725,0.07,259.44,0.028,4.12,30602.4,0.76,0.07,259.44,0.028
30,0,8000,8000.0,225633.51395413448,37.21358871459961,0.4902737535504984,2.1,4200.36,0.669,0.48,4268.11,0.073,4.15,21188.8,0.69,0.06,176.72,0.025,256153.2525160932,37.436378479003906,0.5303446160025481,1.5,4802.4,0.727,0.08,263.2,0.028,3.45,28011.199999999997,0.747,0.08,263.2,0.028
30,0,8500,8500.0,220442.64786938057,34.902591705322266,0.4828888580472278,2.98,5430.24,0.683,0.74,4693.15,0.077,4.99,21287.2,0.693,0.11,176.72,0.026,236959.43162954756,37.14875030517578,0.5254239261972953,1.84,5571.72,0.73,0.05,223.72,0.027,3.32,25510.2,0.735,0.05,223.72,0.027
30,0,9000,9000.0,215915.33854801438,27.42670249938965,0.46832238292307293,2.5,5132.16,0.667,1.08,5454.68,0.081,5.56,21123.2,0.689,0.12,178.6,0.026,218818.65876111132,34.530723571777344,0.5156014496461657,1.72,5314.44,0.713,0.05,214.31999999999996,0.027,3.49,23862.0,0.731,0.05,214.31999999999996,0.027
30,0,9500,9500.0,216947.08010409144,19.73158073425293,0.461884546596651,2.44,7449.99,0.685,0.14,174.84,0.025,5.87,20918.2,0.687,0.14,174.84,0.025,201682.27426089143,31.571319580078125,0.5060717176451197,1.65,5119.2,0.695,0.72,2390.85,0.057,4.3,22435.2,0.731,0.08,193.64,0.026
30,0,10000,10000.0,225414.1792641477,18.957380294799805,0.46461019697460204,1.87,10238.56,0.684,0.14,172.96,0.025,4.14,18983.0,0.664,0.14,172.96,0.025,181737.99384150188,24.6048583984375,0.48295292244799726,2.19,7434.54,0.725,0.65,2213.75,0.054,4.5,20803.4,0.715,0.09,189.88,0.027
30,0,10500,10500.0,239938.6800996916,23.243303298950195,0.47425913920630464,2.16,11018.2,0.698,0.09,144.76,0.023,2.5,17211.8,0.643,0.09,144.76,0.023,164204.9855028803,19.178455352783203,0.4627117930491656,1.24,3557.7,0.623,0.51,2036.6499999999999,0.051,4.59,19343.8,0.702,0.08,161.68,0.025
30,0,11000,11000.0,260032.40242685543,28.055809020996094,0.48786566293324723,2.04,9015.3,0.715,0.07,137.24,0.023,1.41,16769.0,0.637,0.07,137.24,0.023,146764.32058735227,17.48951530456543,0.4343797448153437,2.29,7095.12,0.614,0.32,1965.8100000000002,0.049,3.5,17482.4,0.68,0.07,157.92,0.025
30,0,11500,11500.0,281647.9050360014,31.91115951538086,0.5027794868287443,2.06,8549.64,0.72,0.02,129.72,0.022,1.64,16621.4,0.636,0.02,129.72,0.022,133834.7752348098,17.83042335510254,0.41473661924567196,1.16,3263.76,0.586,0.04,131.6,0.023,2.75,15981.799999999997,0.662,0.04,131.6,0.023
30,0,12000,12000.0,303677.608906217,36.28679275512695,0.5202127181614203,2.06,8750.3,0.723,0.02,129.72,0.022,2.02,18950.2,0.664,0.02,129.72,0.022,123008.55171753009,15.877486228942871,0.3930810070981863,1.15,3136.32,0.575,0.04,122.2,0.022,1.91,14472.999999999998,0.637,0.04,122.2,0.022
30,0,12500,12500.0,320065.00129348587,38.95791244506836,0.5312043254494755,1.86,7346.16,0.73,0.04,169.2,0.024,2.75,21320.0,0.689,0.04,169.2,0.024,113958.9224887685,13.230964660644531,0.37501339940459266,1.58,4885.29,0.624,0.04,99.64,0.02,2.4,13242.999999999998,0.615,0.04,99.64,0.02
30,0,13000,13000.0,331918.8998390344,40.06744384765625,0.543915894583879,1.86,7475.76,0.732,0.04,180.48,0.025,3.69,24419.6,0.71,0.04,180.48,0.025,106062.28729605114,9.810429573059082,0.36075846967809383,1.54,4486.68,0.604,0.03,118.56,0.054,2.35,12283.6,0.595,0.04,94.0,0.019
30,0,13500,13500.0,337997.1336540568,39.52351379394531,0.5506718741466259,1.86,7771.679999999999,0.739,0.06,221.84,0.026,4.71,27724.200000000004,0.733,0.06,221.84,0.026,100319.74048124668,10.039334297180176,0.35327016974425574,1.25,4112.79,0.575,0.15,1115.73,0.033,2.24,11324.2,0.574,0.04,82.72,0.018
30,0,14000,14000.0,338252.07267857867,36.389251708984375,0.5517544528050076,1.14,4894.4,0.73,0.07,236.88,0.027,4.84,28864.000000000004,0.738,0.07,236.88,0.027,95458.22194344625,10.73630428314209,0.3503948465520337,0.61,2027.1,0.502,0.1,920.92,0.031,1.74,10364.8,0.545,0.04,78.96,0.018
30,0,14500,14500.0,337416.94722444844,33.07944869995117,0.5504712006699094,6.21,31223.69,0.712,0.07,246.28,0.027,4.85,29946.400000000005,0.745,0.07,246.28,0.027,90124.11663501666,11.05405044555664,0.34735852143924084,0.75,2385.87,0.51,0.07,761.53,0.029,1.28,9479.2,0.517,0.04,69.56,0.016
30,0,15000,15000.0,336961.8425055073,27.093345642089844,0.544559902211122,2.58,13867.92,0.728,0.07,250.04,0.027,4.09,29397.0,0.742,0.07,250.04,0.027,82437.97958126933,9.11868953704834,0.33100611748828607,1.38,4765.44,0.502,0.11,779.24,0.03,1.21,9061.0,0.499,0.03,65.8,0.016
30,0,15500,15500.0,340535.3977281851,22.33251953125,0.5427042466553755,2.12,14652.959999999997,0.763,0.05,242.52,0.027,3.27,28732.8,0.742,0.05,242.52,0.027,74609.0894797259,6.648931503295898,0.3126961863120771,0.36,1468.6,0.471,0.15,832.37,0.031,1.45,8724.8,0.487,0.02,63.92000000000001,0.015
30,0,16000,16000.0,347534.0836727439,23.760906219482422,0.5463903915543923,2.79,15692.48,0.773,0.05,240.64,0.027,2.61,27322.4,0.734,0.05,240.64,0.027,66785.65727431215,4.337396621704102,0.28957642626602137,0.84,4128.959999999999,0.46,0.05,627.52,0.067,1.17,8355.8,0.474,0.02,62.04,0.015
30,0,16500,16500.0,354449.399842054,26.423851013183594,0.5493810150798137,3.22,16400.92,0.78,0.03,221.84,0.027,2.06,25862.8,0.726,0.03,221.84,0.027,61425.048760848586,2.84857177734375,0.2730080309596156,1.09,8323.84,0.418,0.21,1044.89,0.033,0.92,7978.6,0.462,0.03,58.28,0.014
30,0,17000,17000.0,360161.5680522169,30.82419776916504,0.5571626679169057,2.27,11502.0,0.766,0.03,218.07999999999998,0.027,1.92,25805.4,0.727,0.03,218.07999999999998,0.027,58335.289101395756,2.8428094387054443,0.26217898876146545,0.41,1948.8,0.398,0.24,1133.44,0.035,0.47,6264.8,0.417,0.03,58.28,0.014
30,0,17500,17500.0,361792.4256643854,33.92616271972656,0.5635543012440681,2.32,10868.66,0.77,0.04,219.96,0.027,1.98,26084.2,0.732,0.04,219.96,0.027,60306.14146141161,3.226134777069092,0.2701518626086201,0.44,1989.4,0.402,0.01,31.960000000000004,0.01,0.36,5108.6,0.391,0.01,31.960000000000004,0.01
30,0,18000,18000.0,356886.5763241281,36.86931228637695,0.5662738804971823,2.54,12052.68,0.77,0.04,219.96,0.027,2.28,28347.4,0.747,0.04,219.96,0.027,65792.41993052128,3.7075204849243164,0.2894457543066625,0.61,2548.8,0.461,0.01,30.08,0.01,0.27,4756.0,0.38,0.01,30.08,0.01
30,0,18500,18500.0,346489.82474207407,38.38560104370117,0.5656341677300207,2.21,9126.0,0.774,0.05,255.68000000000004,0.028,2.92,30553.2,0.76,0.05,255.68000000000004,0.028,71125.03056613478,4.166199684143066,0.3086630302960884,0.74,2456.18,0.471,0.01,28.2,0.01,0.37,4690.4,0.386,0.01,28.2,0.01
30,0,19000,19000.0,325795.7037758042,34.14912414550781,0.5515073752375356,3.0,12795.689999999999,0.784,0.05,266.96,0.028,4.16,32365.4,0.768,0.05,266.96,0.028,73908.88068245348,3.9845902919769287,0.32208084303050116,0.77,2677.14,0.469,0.01,28.2,0.01,0.32,5280.8,0.405,0.01,28.2,0.01
30,0,19500,19500.0,302460.4280546124,26.92244529724121,0.5292330013607789,2.64,11581.319999999998,0.765,0.53,6074.53,0.083,5.39,33743.0,0.775,0.07,295.16,0.029,74087.93589924158,4.315604209899902,0.32937798905977783,0.86,2177.28,0.488,0.01,31.960000000000004,0.01,0.38,5969.6,0.428,0.01,31.960000000000004,0.01
30,0,20000,20000.0,281975.1090011993,17.61053466796875,0.507541798518617,2.92,14096.399999999998,0.73,0.08,302.68,0.029,4.57,30463.0,0.755,0.08,302.68,0.029,70291.95171474207,4.737407684326172,0.325846162728581,0.96,3528.78,0.546,0.01,33.84,0.011,0.66,7060.199999999999,0.456,0.01,33.84,0.011
31,0,-20000,20000.0,38709.60345971107,4.846904754638672,0.29509491439352875,0.28,1331.1,0.427,0.01,16.92,0.01,0.44,3165.2,0.434,0.01,16.92,0.01,60145.17063261932,15.372517585754395,0.3560394766619098,0.87,1695.6,0.503,0.14,566.72,0.034,2.27,6871.600000000001,0.528,0.03,58.28,0.015
31,0,-19500,19500.0,40000.82591514074,4.977038383483887,0.30033377769878433,0.2,840.18,0.419,0.01,16.92,0.01,0.42,3247.2,0.439,0.01,16.92,0.01,55158.1022154486,12.745645523071289,0.35184691318631484,1.29,2533.8,0.556,0.15,566.72,0.034,2.39,6576.4,0.535,0.02,45.12,0.014
31,0,-19000,19000.0,40897.69734421716,5.075300216674805,0.30634112263974395,0.2,866.3099999999998,0.422,0.01,16.92,0.01,0.42,3427.5999999999995,0.446,0.01,16.92,0.01,50436.479663414066,10.238525390625,0.337767486896439,1.39,2635.77,0.57,0.16,584.43,0.034,2.28,6338.6,0.531,0.02,41.36,0.014
31,0,-18500,18500.0,41157.66349600162,5.055438995361328,0.31004312287989,0.23,950.4000000000001,0.424,0.01,18.8,0.01,0.44,3599.7999999999997,0.453,0.01,18.8,0.01,46490.57892132741,8.36430549621582,0.32715766792831547,1.14,2305.14,0.541,0.17,619.85,0.035,2.3,6420.6,0.538,0.02,31.960000000000004,0.012
31,0,-18000,18000.0,40497.16026021342,4.863907814025879,0.31307211375993743,0.23,950.4000000000001,0.426,0.01,18.8,0.01,0.48,3763.8,0.46,0.01,18.8,0.01,42563.97001365732,7.778975963592529,0.3167101145410476,0.86,2048.67,0.53,0.17,584.43,0.035,1.79,5707.2,0.522,0.02,30.08,0.011
31,0,-17500,17500.0,39139.51515957888,4.554747104644775,0.31336627021978947,0.23,961.2,0.43,0.08,478.1700000000001,0.033,0.51,3903.2,0.466,0.01,20.68,0.011,39623.158069364945,7.282578468322754,0.3121658272312218,0.58,1795.2899999999997,0.515,0.01,24.44,0.011,1.32,5067.6,0.51,0.01,24.44,0.011
31,0,-17000,17000.0,36843.46968581958,4.123055934906006,0.31119693943512544,0.22,933.1200000000001,0.429,0.08,425.04,0.032,0.52,3936.0,0.47,0.01,20.68,0.011,37922.10508275339,7.098855018615723,0.3106274258148469,0.4,1305.0,0.428,0.01,22.56,0.011,0.88,4387.0,0.49,0.01,22.56,0.011
31,0,-16500,16500.0,34192.40083080658,3.7360520362854004,0.3070998537590654,0.27,1443.03,0.495,0.07,371.91,0.032,0.53,3936.0,0.474,0.01,20.68,0.011,37045.37307970681,7.043910980224609,0.31490872859273683,0.4,1310.7999999999997,0.428,0.01,18.8,0.011,0.76,3796.6,0.473,0.01,18.8,0.011
31,0,-16000,16000.0,31057.70622883283,3.342397451400757,0.2994569785412011,0.16,828.12,0.423,0.07,354.2,0.031,0.48,3714.6,0.47,0.01,20.68,0.011,36253.30327122178,7.027206897735596,0.3095401548571671,0.5,1345.68,0.43,0.0,18.8,0.011,0.71,3690.0,0.466,0.0,18.8,0.011
31,0,-15500,15500.0,28086.27431911009,3.024890184402466,0.2921342389675295,0.2,1189.65,0.475,0.06,336.49,0.031,0.42,3452.2,0.464,0.01,18.8,0.011,35214.3308919558,7.062914848327637,0.30105022518459096,0.62,1480.96,0.444,0.0,18.8,0.011,0.68,3526.0,0.459,0.0,18.8,0.011
31,0,-15000,15000.0,25145.567000283336,2.8935298919677734,0.28043512954000055,0.12,681.39,0.407,0.06,318.78,0.032,0.37,3025.8,0.445,0.01,18.8,0.011,34756.3742489996,7.326020240783691,0.2972818369568041,0.56,1142.6,0.446,0.01,18.8,0.011,0.67,3361.9999999999995,0.455,0.01,18.8,0.011
31,0,-14500,14500.0,22836.22631567123,2.8182177543640137,0.27250710356842905,0.11,578.88,0.394,0.0,16.92,0.01,0.31,2615.8,0.424,0.0,16.92,0.01,34676.916181951674,7.8007283210754395,0.2952414548648194,0.58,1160.0,0.449,0.01,18.8,0.011,0.65,3173.4,0.451,0.01,18.8,0.011
31,0,-14000,14000.0,21080.234573967755,2.803772211074829,0.26334572859311084,0.11,540.69,0.39,0.0,15.04,0.01,0.29,2279.6,0.406,0.0,15.04,0.01,35634.93662775845,8.543916702270508,0.30069125947417846,0.87,1528.2999999999997,0.462,0.01,18.8,0.011,0.61,2870.0,0.449,0.01,18.8,0.011
31,0,-13500,13500.0,20081.846060224052,2.831209659576416,0.2603244445595304,0.18,825.92,0.372,0.0,13.160000000000002,0.01,0.26,1984.4,0.388,0.0,13.160000000000002,0.01,38451.748124211554,9.878974914550781,0.31404218865156364,0.89,1557.3,0.463,0.0,15.04,0.01,0.59,2706.0,0.455,0.0,15.04,0.01
31,0,-13000,13000.0,19681.20668338015,2.9385783672332764,0.2576451413880928,0.18,672.8,0.395,0.0,13.160000000000002,0.01,0.25,1779.4,0.378,0.0,13.160000000000002,0.01,43144.012147709574,11.904327392578125,0.3409631828904297,0.8,1478.28,0.465,0.0,13.160000000000002,0.01,0.63,2894.6,0.469,0.0,13.160000000000002,0.01
31,0,-12500,12500.0,19868.616167415166,3.0922698974609375,0.25989586090424566,0.24,872.2000000000002,0.379,0.0,11.28,0.01,0.24,1623.6,0.373,0.0,11.28,0.01,47195.21031249042,13.724761009216309,0.3627938893865043,0.94,1648.46,0.474,0.01,15.04,0.011,0.69,3140.6,0.483,0.01,15.04,0.011
31,0,-12000,12000.0,20534.309687374844,3.3297832012176514,0.2621893147360878,0.25,727.8999999999999,0.402,0.0,11.28,0.01,0.25,1574.4,0.373,0.0,11.28,0.01,50163.057864566224,15.239444732666016,0.38986487954882837,1.01,1801.4400000000003,0.473,0.01,15.04,0.011,0.87,3550.6,0.497,0.01,15.04,0.011
31,0,-11500,11500.0,21425.718618881365,3.589104652404785,0.2653693256732256,0.25,733.7,0.403,0.0,9.4,0.01,0.26,1558.0,0.374,0.0,9.4,0.01,49839.27936373197,15.398591041564941,0.4065628915522893,0.9,1438.56,0.484,0.01,20.68,0.011,1.02,3845.8000000000006,0.507,0.01,20.68,0.011
31,0,-11000,11000.0,22622.39131353017,3.974726676940918,0.26801177164159623,0.26,785.9,0.4,0.0,9.4,0.01,0.3,1631.8,0.386,0.0,9.4,0.01,45275.51328023281,13.892672538757324,0.4095868278687359,0.84,1436.4,0.485,0.08,177.1,0.033,1.51,4911.8,0.529,0.01,20.68,0.011
31,0,-10500,10500.0,23883.907094753158,4.358026027679443,0.269217734114709,0.26,791.7,0.4,0.0,11.28,0.01,0.34,1738.4,0.4,0.0,11.28,0.01,39358.62859847621,11.806619644165039,0.40855917807915254,1.11,2620.32,0.593,0.06,141.68,0.031,2.04,6076.2,0.548,0.02,28.2,0.011
31,0,-10000,10000.0,25566.411137263276,4.72437858581543,0.2724556060947481,0.16,473.2800000000001,0.402,0.0,11.28,0.01,0.38,1902.3999999999999,0.414,0.0,11.28,0.01,30895.438367966726,9.088543891906738,0.39086369110207386,1.26,2784.09,0.613,0.06,123.97000000000001,0.03,2.2,6092.6,0.554,0.02,30.08,0.012
31,0,-9500,9500.0,27133.303734080437,5.029933929443359,0.2731794038797323,0.21,589.68,0.41,0.0,11.28,0.01,0.42,2066.4,0.426,0.0,11.28,0.01,23371.58454705957,6.711380958557129,0.3725846497501613,0.94,2017.77,0.569,0.05,106.26,0.029,2.39,6215.6,0.562,0.01,26.320000000000004,0.011
31,0,-9000,9000.0,28883.304848746593,5.306149482727051,0.2769946912281848,0.21,609.12,0.407,0.0,11.28,0.01,0.45,2197.6,0.428,0.0,11.28,0.01,16788.241736480028,4.479732036590576,0.33753561855745096,1.86,4756.0,0.549,0.05,106.26,0.029,1.86,4756.0,0.549,0.02,26.320000000000004,0.011
31,0,-8500,8500.0,30529.03873514997,5.509312629699707,0.2805022112165905,0.21,678.24,0.41,0.0,13.160000000000002,0.01,0.48,2320.6,0.429,0.0,13.160000000000002,0.01,11943.985929543162,2.7824008464813232,0.31420594949671266,1.23,3247.2,0.531,0.05,106.26,0.029,1.23,3247.2,0.531,0.01,15.04,0.011
31,0,-8000,8000.0,31970.81129099861,5.65855598449707,0.28502838877570524,0.32,1124.76,0.471,0.0,13.160000000000002,0.01,0.51,2476.4,0.423,0.0,13.160000000000002,0.01,9001.183679907186,1.9401363134384155,0.2791363754733288,0.77,2181.2,0.506,0.05,106.26,0.029,0.77,2181.2,0.506,0.01,13.160000000000002,0.011
31,0,-7500,7500.0,33130.99374935736,5.719812870025635,0.2882557970728524,0.33,1232.91,0.476,0.0,15.04,0.01,0.55,2681.4,0.426,0.0,15.04,0.01,7072.887471783653,1.5178545713424683,0.25733120676062876,0.15,355.35,0.472,0.0,7.52,0.011,0.33,1115.2,0.448,0.0,7.52,0.011
31,0,-7000,7000.0,34042.73436463253,5.650150299072266,0.2903648280723381,0.34,1359.6,0.483,0.0,15.04,0.01,0.6,2952.0,0.431,0.0,15.04,0.01,6320.1596197911795,1.3108420372009277,0.24318202301357644,0.08,152.76,0.365,0.0,5.64,0.01,0.23,820.0,0.415,0.0,5.64,0.01
31,0,-6500,6500.0,34994.09266834692,5.527769088745117,0.29148205646389735,0.33,1371.9600000000003,0.481,0.01,16.92,0.011,0.64,3230.8,0.438,0.01,16.92,0.011,5913.22328669196,1.199838638305664,0.23667955174000735,0.05,91.0,0.36,0.0,3.76,0.01,0.17,606.8,0.38,0.0,3.76,0.01
31,0,-6000,6000.0,36030.18044028433,5.353920936584473,0.2903496335322045,0.32,1390.5,0.482,0.01,16.92,0.011,0.65,3296.3999999999996,0.438,0.01,16.92,0.011,5813.56187155237,1.1807711124420166,0.23376522806292294,0.05,91.0,0.361,0.0,3.76,0.01,0.15,541.2,0.365,0.0,3.76,0.01
31,0,-5500,5500.0,37567.44219519314,5.140819549560547,0.29086750055092003,0.3,1337.97,0.477,0.01,18.8,0.011,0.65,3329.1999999999994,0.437,0.01,18.8,0.011,5853.59057745143,1.1876095533370972,0.23420881549232422,0.05,91.0,0.364,0.0,3.76,0.01,0.13,492.0,0.351,0.0,3.76,0.01
31,0,-5000,5000.0,39789.12903738383,5.05328893661499,0.2923608669764977,0.29,1297.8,0.477,0.01,18.8,0.011,0.61,3239.0,0.436,0.01,18.8,0.011,6059.055992621046,1.228730320930481,0.23520036474033623,0.07,142.71,0.37,0.0,3.76,0.01,0.13,475.59999999999997,0.347,0.0,3.76,0.01
31,0,-4500,4500.0,42523.290725119296,5.1113481521606445,0.2961521160070067,0.28,1371.9600000000003,0.48,0.0,16.92,0.011,0.57,3181.6,0.439,0.0,16.92,0.011,6349.290738030163,1.2842684984207153,0.2375477331597929,0.07,148.74,0.374,0.0,3.76,0.01,0.12,459.20000000000005,0.344,0.0,3.76,0.01
31,0,-4000,4000.0,45916.17599464953,5.1802754402160645,0.302852229705748,0.28,1477.02,0.49,0.0,16.92,0.011,0.55,3321.0,0.444,0.0,16.92,0.011,6807.16802157028,1.3674336671829224,0.23861558334475302,0.07,150.75,0.378,0.0,3.76,0.01,0.12,467.3999999999999,0.344,0.0,3.76,0.01
31,0,-3500,3500.0,49039.73716691835,5.2549519538879395,0.30823092698923493,0.24,1417.32,0.437,0.0,18.8,0.011,0.53,3566.9999999999995,0.454,0.0,18.8,0.011,7381.070889023868,1.4624388217926025,0.24117037158301752,0.07,158.79,0.384,0.0,3.76,0.01,0.12,467.3999999999999,0.345,0.0,3.76,0.01
31,0,-3000,3000.0,52089.053810728365,5.268057823181152,0.3157929296078134,0.39,1713.9,0.442,0.0,18.8,0.011,0.54,4009.7999999999997,0.465,0.0,18.8,0.011,8203.857533320694,1.5900076627731323,0.24519206300653038,0.11,339.3,0.411,0.0,3.76,0.01,0.12,492.0,0.352,0.0,3.76,0.01
31,0,-2500,2500.0,54295.61972193187,5.2725982666015625,0.31988999068582535,0.4,1731.3,0.443,0.01,20.68,0.011,0.55,4518.2,0.477,0.01,20.68,0.011,9193.36763477228,1.7452690601348877,0.2505408762907508,0.11,345.1,0.412,0.0,3.76,0.01,0.13,524.8,0.359,0.0,3.76,0.01
31,0,-2000,2000.0,55832.58911159355,5.728024005889893,0.3256306575356625,0.47,1806.7000000000003,0.445,0.01,22.56,0.011,0.56,5010.2,0.487,0.01,22.56,0.011,10554.073979323492,1.9625712633132935,0.2619487643289916,0.13,469.80000000000007,0.428,0.0,3.76,0.01,0.14,582.2,0.374,0.0,3.76,0.01
31,0,-1500,1500.0,56251.85768584706,6.022496700286865,0.32721430930894596,0.48,1812.5,0.445,0.01,26.320000000000004,0.011,0.57,5428.4,0.494,0.01,26.320000000000004,0.011,12045.182670716824,2.2222533226013184,0.27264386906086424,0.16,655.04,0.42,0.0,3.76,0.01,0.15,639.6,0.387,0.0,3.76,0.01
31,0,-1000,1000.0,55835.603750468,6.015385627746582,0.3301738233253959,0.33,1238.16,0.448,0.01,26.320000000000004,0.011,0.68,5551.4,0.495,0.01,26.320000000000004,0.011,13812.001146539711,2.5624167919158936,0.28557538829249846,0.16,551.0,0.435,0.0,3.76,0.01,0.17,746.2,0.404,0.0,3.76,0.01
31,0,-500,500.0,54523.66514260793,5.825780868530273,0.32963368475075927,0.34,1246.2,0.448,0.01,28.2,0.011,0.77,5551.4,0.496,0.01,28.2,0.011,15507.720812294328,2.9331812858581543,0.29497744134479764,0.16,556.8,0.435,0.0,5.64,0.01,0.19,852.8,0.419,0.0,5.64,0.01
31,0,0,0.0,52707.929027080536,5.38724422454834,0.32971812791675315,0.33,1228.11,0.447,0.01,28.2,0.011,0.76,5387.4,0.494,0.01,28.2,0.011,17157.144650383136,3.3499083518981934,0.30003595136478645,0.18,565.5,0.436,0.0,5.64,0.01,0.22,1049.6,0.439,0.0,5.64,0.01
31,0,500,500.0,50553.4380500103,4.7942728996276855,0.3288521545469236,0.3,1175.85,0.444,0.01,28.2,0.011,0.72,5174.2,0.492,0.01,28.2,0.011,18588.77675826909,3.749847412109375,0.3006970468659785,0.19,568.4,0.436,0.0,5.64,0.011,0.25,1238.2,0.454,0.0,5.64,0.011
31,0,1000,1000.0,47840.860043752764,4.241511344909668,0.32531590038602787,0.27,1129.62,0.442,0.01,28.2,0.011,0.6,4920.0,0.488,0.01,28.2,0.011,20102.836562721608,4.1537394523620605,0.3009787271199772,0.2,661.2,0.437,0.0,7.52,0.011,0.28,1435.0,0.466,0.0,7.52,0.011
31,0,1500,1500.0,45317.52994127601,4.116124629974365,0.32305670041094103,0.21,1029.12,0.437,0.01,26.320000000000004,0.011,0.54,4690.4,0.485,0.01,26.320000000000004,0.011,21574.611721267593,4.5345282554626465,0.2995156874687529,0.26,1050.2,0.428,0.0,7.52,0.011,0.32,1623.6,0.476,0.0,7.52,0.011
31,0,2000,2000.0,42860.96496920945,4.0051093101501465,0.3188312538156307,0.29,1724.22,0.508,0.01,24.44,0.011,0.52,4477.2,0.481,0.01,24.44,0.011,23367.220646848225,4.950418472290039,0.30101687067525523,0.29,1203.28,0.435,0.0,9.4,0.011,0.37,1713.7999999999997,0.48,0.0,9.4,0.011
31,0,2500,2500.0,40992.13248508495,3.9274964332580566,0.3167055293863921,0.28,1656.24,0.506,0.01,22.56,0.011,0.51,4346.0,0.48,0.01,22.56,0.011,25376.65871712119,5.427069664001465,0.30441145687095367,0.32,1299.4,0.439,0.0,9.4,0.011,0.42,1820.4000000000003,0.486,0.0,9.4,0.011
31,0,3000,3000.0,39562.21604784387,3.8673479557037354,0.3138039825654264,0.26,1585.17,0.504,0.0,22.56,0.011,0.49,4157.400000000001,0.478,0.0,22.56,0.011,27821.934341820124,6.018688201904297,0.3094602601915992,0.36,1473.84,0.444,0.0,9.4,0.011,0.47,1959.8,0.49,0.0,9.4,0.011
31,0,3500,3500.0,38637.936333128346,3.863790988922119,0.31297438834204966,0.24,1483.2,0.501,0.0,20.68,0.011,0.46,3985.2000000000003,0.477,0.0,20.68,0.011,30154.494058482713,6.586419582366943,0.3124857120531085,0.38,1580.6400000000003,0.448,0.0,9.4,0.011,0.53,2099.2,0.494,0.0,9.4,0.011
31,0,4000,4000.0,38120.105448487266,3.9958884716033936,0.3118123549638596,0.22,1378.14,0.499,0.0,20.68,0.011,0.44,3739.1999999999994,0.474,0.0,20.68,0.011,32781.20724653946,7.118919372558594,0.3155141306373163,0.32,1194.8,0.455,0.0,11.28,0.011,0.59,2361.6,0.501,0.0,11.28,0.011
31,0,4500,4500.0,37960.62762494132,4.190399646759033,0.31243645902438516,0.24,1384.3200000000002,0.501,0.0,18.8,0.011,0.44,3501.3999999999996,0.471,0.0,18.8,0.011,35166.80943759538,7.571835517883301,0.3161605469033914,0.47,1958.0,0.455,0.0,13.160000000000002,0.011,0.65,2599.4,0.506,0.0,13.160000000000002,0.011
31,0,5000,5000.0,38091.714376950156,4.443553447723389,0.3120703960690502,0.21,972.82,0.421,0.0,18.8,0.011,0.45,3468.6000000000004,0.473,0.0,18.8,0.011,37716.02264020225,7.9561309814453125,0.3153864643842482,0.61,2160.92,0.46,0.0,13.160000000000002,0.011,0.71,2820.8,0.514,0.0,13.160000000000002,0.011
31,0,5500,5500.0,38355.92070137408,4.6986083984375,0.3121408175792466,0.22,977.9,0.421,0.0,16.92,0.011,0.47,3476.8,0.475,0.0,16.92,0.011,40361.26796927096,8.323526382446289,0.3138702506440721,0.71,2349.6,0.474,0.0,15.04,0.011,0.77,2993.0,0.52,0.0,15.04,0.011
31,0,6000,6000.0,38753.17297777661,4.966048717498779,0.312092824856459,0.28,1489.38,0.509,0.0,16.92,0.011,0.49,3558.8,0.477,0.0,16.92,0.011,43950.1833467369,8.79931640625,0.316143318388801,0.78,2531.16,0.488,0.0,15.04,0.011,0.78,3124.2,0.52,0.0,15.04,0.011
31,0,6500,6500.0,39105.12296785844,5.166626930236816,0.31148920578980255,0.3,1511.01,0.509,0.0,18.8,0.011,0.51,3665.4,0.48,0.0,18.8,0.011,47865.4616333617,9.324471473693848,0.3176118981966508,0.83,2684.24,0.5,0.0,16.92,0.011,0.78,3255.4,0.521,0.0,16.92,0.011
31,0,7000,7000.0,39477.469406930446,5.417665958404541,0.3105109222671134,0.32,1538.8200000000002,0.51,0.0,18.8,0.011,0.55,3722.8,0.481,0.0,18.8,0.011,52747.914598617805,9.93786907196045,0.3273520839296845,0.82,2114.1,0.495,0.0,16.92,0.011,0.78,3403.0000000000005,0.519,0.0,16.92,0.011
31,0,7500,7500.0,40136.63405506646,5.6703972816467285,0.3114667220549195,0.32,1548.09,0.51,0.0,18.8,0.011,0.59,3788.4,0.482,0.0,18.8,0.011,57781.90151487528,11.328927993774414,0.3373955556383745,0.84,2157.6,0.499,0.0,16.92,0.011,0.82,3550.6,0.519,0.0,16.92,0.011
31,0,8000,8000.0,40757.317841802425,5.880109786987305,0.3117562437939889,0.32,1560.45,0.509,0.0,18.8,0.011,0.61,3854.0,0.482,0.0,18.8,0.011,63438.26645304044,12.767256736755371,0.3572418755588733,0.84,2159.0,0.525,0.0,18.8,0.011,0.88,3976.9999999999995,0.52,0.0,18.8,0.011
31,0,8500,8500.0,41270.386612511356,5.995399475097656,0.3115425347284759,0.3,1554.27,0.508,0.0,18.8,0.011,0.63,3886.8,0.483,0.0,18.8,0.011,67604.67144243504,13.400358200073242,0.3714507748560066,0.9,2334.26,0.544,0.01,22.56,0.011,0.93,4428.0,0.523,0.01,22.56,0.011
31,0,9000,9000.0,41898.1208729776,6.135316371917725,0.3133131878079644,0.29,1287.6,0.428,0.0,18.8,0.011,0.6,3903.2,0.482,0.0,18.8,0.011,68763.10795253057,13.004085540771484,0.3782255265516219,0.97,2549.26,0.543,0.01,22.56,0.011,1.01,5313.6,0.53,0.01,22.56,0.011
31,0,9500,9500.0,42286.69554493608,6.289559841156006,0.3140672964366688,0.22,935.28,0.431,0.0,18.8,0.011,0.57,3895.0,0.481,0.0,18.8,0.011,67858.48013747117,11.996679306030273,0.37824245566185294,0.54,1297.8,0.549,0.01,30.08,0.011,1.3,6191.0,0.537,0.01,30.08,0.011
31,0,10000,10000.0,42555.97323645197,6.528504371643066,0.3157930010606136,0.32,1310.7999999999997,0.429,0.0,18.8,0.011,0.58,3936.0,0.482,0.0,18.8,0.011,64346.37470267212,11.427597999572754,0.37352587519355934,0.49,1220.8,0.532,0.18,690.69,0.037,1.5,6896.2,0.556,0.02,33.84,0.012
31,0,10500,10500.0,42396.73904968149,6.7552490234375,0.31562730379749254,0.25,959.0400000000001,0.432,0.01,20.68,0.011,0.63,3985.2000000000003,0.482,0.01,20.68,0.011,60146.28325584535,11.165531158447266,0.3653059173937876,0.79,2632.68,0.572,0.18,655.27,0.037,1.73,7568.6,0.579,0.02,45.12,0.015
31,0,11000,11000.0,42056.78103346945,6.900837421417236,0.3175886300307827,0.26,956.8799999999999,0.432,0.01,20.68,0.011,0.65,4034.4,0.483,0.01,20.68,0.011,54831.31655268489,10.797924995422363,0.35321317549588543,0.55,2376.21,0.554,0.17,637.56,0.037,1.38,6748.6,0.55,0.02,48.88,0.015
31,0,11500,11500.0,41136.244215956685,6.868014812469482,0.3170557088341376,0.28,950.4000000000001,0.432,0.01,20.68,0.011,0.65,4067.2,0.484,0.01,20.68,0.011,50988.48564960811,10.508148193359375,0.34999403219966496,0.53,2156.82,0.549,0.01,31.960000000000004,0.012,1.26,6125.4,0.535,0.01,31.960000000000004,0.012
31,0,12000,12000.0,39752.48928263172,6.547760486602783,0.31688363312078077,0.28,937.44,0.431,0.01,20.68,0.011,0.68,4042.5999999999995,0.484,0.01,20.68,0.011,47529.17163957018,10.175369262695312,0.3463192689010043,0.5,1909.62,0.543,0.01,30.08,0.011,1.14,5469.4,0.529,0.01,30.08,0.011
31,0,12500,12500.0,37924.98828989119,6.026723861694336,0.3146703528139759,0.3,911.52,0.429,0.08,478.1700000000001,0.033,0.72,4009.7999999999997,0.483,0.01,20.68,0.011,44601.92826421595,9.780579566955566,0.3467327672117299,0.47,1847.8200000000002,0.541,0.01,24.44,0.011,1.09,4879.0,0.522,0.01,24.44,0.011
31,0,13000,13000.0,35770.59357326871,5.255983829498291,0.31156031594920414,0.43,1477.02,0.502,0.06,442.75,0.033,0.72,3903.2,0.48,0.01,20.68,0.011,41850.35370588345,9.298904418945312,0.3441511007226811,0.44,1779.84,0.54,0.01,22.56,0.011,1.05,4616.6,0.518,0.01,22.56,0.011
31,0,13500,13500.0,33496.3929697733,4.4370036125183105,0.30757257232831126,0.37,1378.14,0.496,0.07,407.33,0.032,0.7,3771.9999999999995,0.477,0.01,20.68,0.011,39721.706293555,8.870296478271484,0.34478352663358186,0.41,1680.9600000000003,0.538,0.01,20.68,0.011,1.01,4444.4,0.517,0.01,20.68,0.011
31,0,14000,14000.0,30991.771949305257,3.5309627056121826,0.29998272718929797,0.32,1269.99,0.488,0.07,389.62,0.032,0.62,3534.1999999999994,0.47,0.01,20.68,0.011,37794.04799147891,8.571645736694336,0.33977396863564063,0.39,1578.99,0.539,0.01,20.68,0.011,0.97,4223.0,0.516,0.01,20.68,0.011
31,0,14500,14500.0,28730.238888624444,2.70990252494812,0.2929519900398688,0.15,707.52,0.416,0.07,371.91,0.031,0.54,3271.8,0.462,0.01,18.8,0.011,36307.84578601441,8.432703971862793,0.3355508693240572,0.38,1449.2100000000003,0.536,0.01,18.8,0.011,0.92,3993.4,0.517,0.01,18.8,0.011
31,0,15000,15000.0,26754.102000292187,2.2205450534820557,0.2832757591706696,0.25,1423.92,0.41,0.07,371.91,0.032,0.44,2952.0,0.451,0.01,16.92,0.011,35596.865325371036,8.523579597473145,0.3304483048272369,0.37,1310.16,0.533,0.01,18.8,0.011,0.87,3706.3999999999996,0.514,0.01,18.8,0.011
31,0,15500,15500.0,25396.32343649064,2.347618818283081,0.27699026813619454,0.16,936.2699999999999,0.456,0.0,15.04,0.01,0.34,2640.4,0.439,0.0,15.04,0.01,35625.21032108325,8.78926944732666,0.3284564997196666,0.36,1248.36,0.532,0.0,16.92,0.011,0.82,3394.7999999999997,0.511,0.0,16.92,0.011
31,0,16000,16000.0,24725.82457806857,2.518833875656128,0.2699387208004086,0.15,765.6,0.384,0.0,15.04,0.01,0.27,2378.0,0.426,0.0,15.04,0.01,36613.12953232084,9.182295799255371,0.33109886407574757,0.34,1005.84,0.465,0.0,16.92,0.011,0.78,3181.6,0.509,0.0,16.92,0.011
31,0,16500,16500.0,24833.07265829353,2.703427791595459,0.2680288166717091,0.15,762.7,0.384,0.0,13.160000000000002,0.01,0.22,2156.6,0.414,0.0,13.160000000000002,0.01,38140.08633536141,9.508177757263184,0.3375928530639026,0.38,1084.58,0.469,0.0,15.04,0.011,0.76,3034.0,0.51,0.0,15.04,0.011
31,0,17000,17000.0,25834.900586468575,2.912832498550415,0.26715096260440574,0.16,838.1,0.393,0.0,13.160000000000002,0.01,0.24,2041.8000000000002,0.406,0.0,13.160000000000002,0.01,39991.54656449209,9.707486152648926,0.34743626849058706,0.39,1145.54,0.471,0.0,15.04,0.011,0.79,3148.8,0.519,0.0,15.04,0.011
31,0,17500,17500.0,27567.675057615998,3.117295026779175,0.2705436447273962,0.16,843.9,0.394,0.0,11.28,0.01,0.26,1992.6000000000001,0.403,0.0,11.28,0.01,41337.88498458816,9.736455917358398,0.3551961541379077,0.37,941.7600000000001,0.473,0.01,15.04,0.011,0.83,3329.1999999999994,0.529,0.01,15.04,0.011
31,0,18000,18000.0,30200.90114915074,3.3204307556152344,0.2764910548325655,0.17,1032.4,0.412,0.0,11.28,0.01,0.28,2066.4,0.408,0.0,11.28,0.01,41720.87942116705,9.45975112915039,0.35979508531968885,0.56,1637.7,0.562,0.01,15.04,0.011,0.91,3747.4000000000005,0.539,0.01,15.04,0.011
31,0,18500,18500.0,33228.94196220259,3.5034000873565674,0.28350033554523685,0.12,592.95,0.398,0.0,11.28,0.01,0.31,2173.0,0.413,0.0,11.28,0.01,41419.03688988823,8.958954811096191,0.36115969354366156,0.57,1674.78,0.563,0.01,18.8,0.011,1.03,4157.400000000001,0.546,0.01,18.8,0.011
31,0,19000,19000.0,36865.39731932389,3.6685478687286377,0.29485981934412625,0.23,1310.7999999999997,0.43,0.0,11.28,0.01,0.33,2419.0,0.427,0.0,11.28,0.01,40240.20912183696,8.389360427856445,0.3627681205307074,0.57,1718.0399999999997,0.565,0.01,18.8,0.011,1.06,4321.4,0.548,0.01,18.8,0.011
31,0,19500,19500.0,40194.0094158737,3.7863552570343018,0.3036772227502659,0.24,1331.1,0.431,0.0,13.160000000000002,0.01,0.36,2689.6,0.441,0.0,13.160000000000002,0.01,38565.76730303168,8.009613037109375,0.3616706799921837,0.48,1591.35,0.562,0.01,20.68,0.011,1.06,4411.6,0.55,0.01,20.68,0.011
31,0,20000,20000.0,43232.3864191638,3.9126949310302734,0.31509134076386136,0.33,1519.6,0.44,0.0,13.160000000000002,0.01,0.38,3099.6,0.459,0.0,13.160000000000002,0.01,36405.17103270868,7.633124828338623,0.35880129624826185,0.29,834.1500000000001,0.474,0.01,20.68,0.011,0.95,4149.2,0.547,0.01,20.68,0.011
32,0,-20000,20000.0,129905.10801907012,12.293584823608398,0.3512027105685264,1.05,4460.2,0.521,0.01,48.88,0.011,0.77,8782.2,0.453,0.01,48.88,0.011,83815.06013336388,6.754800796508789,0.3112023580554965,0.65,4377.84,0.484,0.02,75.2,0.017,0.9,8856.0,0.499,0.02,75.2,0.017
32,0,-19500,19500.0,138413.31831379418,14.524266242980957,0.36308375119556696,1.07,4030.98,0.526,0.01,58.28,0.013,0.72,9487.4,0.471,0.01,58.28,0.013,81043.44314095404,6.957210063934326,0.3039776041646542,0.37,1661.04,0.4,0.02,58.28,0.014,0.85,7576.8,0.461,0.02,58.28,0.014
32,0,-19000,19000.0,147517.5341614554,15.033712387084961,0.37685193686864576,0.76,2761.38,0.53,0.01,60.16,0.013,0.77,10389.4,0.49,0.01,60.16,0.013,81463.9003248594,7.181199550628662,0.30107762563339846,0.6,2691.3900000000003,0.462,0.02,52.64000000000001,0.014,0.85,6945.400000000001,0.436,0.02,52.64000000000001,0.014
32,0,-18500,18500.0,156612.52180911542,14.524759292602539,0.3898057064774616,1.19,3529.44,0.539,0.03,71.44,0.014,1.06,11455.4,0.513,0.03,71.44,0.014,85997.30276689633,7.454719066619873,0.30930833520136597,0.65,2688.3,0.461,0.01,39.48,0.011,0.95,6756.8,0.434,0.01,39.48,0.011
32,0,-18000,18000.0,164764.14750725744,13.409058570861816,0.3974681724798966,1.13,3544.56,0.539,0.03,75.2,0.015,1.43,12628.0,0.533,0.03,75.2,0.015,95211.04953341623,7.615233898162842,0.3249819079347723,0.7,2743.9200000000005,0.469,0.01,37.6,0.01,1.04,6666.600000000001,0.432,0.01,37.6,0.01
32,0,-17500,17500.0,174106.6172480909,11.617857933044434,0.4054334246160155,0.85,3360.72,0.543,0.05,95.88,0.017,1.96,13726.799999999997,0.551,0.05,95.88,0.017,108449.07639410485,7.733034610748291,0.3482283464199514,0.84,5115.72,0.566,0.01,35.72,0.01,1.12,6797.799999999999,0.44,0.01,35.72,0.01
32,0,-17000,17000.0,186948.4256061385,14.201191902160645,0.4177761819195414,1.5,6719.76,0.535,0.06,101.52,0.018,1.8,13940.0,0.553,0.06,101.52,0.018,125315.63127247173,8.154579162597656,0.3776869023558874,2.47,16648.260000000002,0.633,0.01,35.72,0.01,1.16,7109.4,0.448,0.01,35.72,0.01
32,0,-16500,16500.0,200032.43246200582,19.09714126586914,0.4279702411339161,1.59,7792.84,0.607,0.04,99.64,0.017,1.42,14120.399999999998,0.555,0.04,99.64,0.017,141693.28445402515,10.403162956237793,0.40387881817705307,3.03,18195.3,0.654,0.01,37.6,0.01,1.17,7626.000000000001,0.467,0.01,37.6,0.01
32,0,-16000,16000.0,216304.59408675897,21.904268264770508,0.44180847406911594,2.24,7038.3,0.642,0.04,101.52,0.017,0.87,14472.999999999998,0.564,0.04,101.52,0.017,156335.46756945032,11.653281211853027,0.4299111545201085,0.91,4754.88,0.612,0.01,41.36,0.011,1.15,9044.6,0.511,0.01,41.36,0.011
32,0,-15500,15500.0,236190.86806902796,24.139240264892578,0.46081493858230255,2.35,7154.300000000001,0.646,0.02,105.28000000000002,0.018,1.17,15047.000000000002,0.578,0.02,105.28000000000002,0.018,165490.18779758742,12.705409049987793,0.44483707433181413,0.9,3862.08,0.607,0.01,62.04,0.015,1.11,10610.8,0.551,0.01,62.04,0.015
32,0,-15000,15000.0,256976.14923125712,32.749637603759766,0.4797925823921632,3.09,8392.6,0.68,0.02,107.15999999999998,0.018,1.7,16974.0,0.609,0.02,107.15999999999998,0.018,167657.6384108258,12.395909309387207,0.4510953766182207,1.37,6349.95,0.666,0.01,67.68,0.016,1.38,13062.6,0.595,0.01,67.68,0.016
32,0,-14500,14500.0,272589.04030989105,37.38814926147461,0.4887280572118706,3.14,8485.4,0.682,0.05,137.24,0.021,2.2,19024.0,0.639,0.05,137.24,0.021,164276.64212361342,11.4585542678833,0.4469265075022269,1.15,4374.0,0.638,0.04,101.52,0.019,2.14,15670.2,0.636,0.04,101.52,0.019
32,0,-14000,14000.0,287273.81812737766,40.94955062866211,0.5010773925101377,3.23,9010.3,0.692,0.06,144.76,0.022,2.97,21197.0,0.664,0.06,144.76,0.022,154363.95133263106,10.405155181884766,0.43452899923908855,1.52,6624.96,0.676,0.04,110.92,0.02,2.38,16621.4,0.65,0.04,110.92,0.02
32,0,-13500,13500.0,297490.1874110308,41.98711395263672,0.5081858792500781,2.26,6005.88,0.689,0.08,174.84,0.023,3.68,23197.8,0.684,0.08,174.84,0.023,141927.45115509897,9.747091293334961,0.4155745379412112,1.0,5812.29,0.645,0.31,1788.71,0.045,2.42,16949.4,0.654,0.05,125.96000000000001,0.022
32,0,-13000,13000.0,303255.4920815175,42.06460952758789,0.5181781319824283,2.28,6116.43,0.692,0.08,184.24,0.024,4.11,24518.0,0.695,0.08,184.24,0.024,128190.55367032233,9.027486801147461,0.39229676757906057,0.47,3402.93,0.592,0.23,1700.16,0.043,1.6,15202.8,0.629,0.05,129.72,0.022
32,0,-12500,12500.0,303902.59774623066,40.83898162841797,0.5236252937571135,2.31,6345.57,0.698,0.09,201.16,0.025,4.46,25575.8,0.703,0.09,201.16,0.025,116770.45716002867,8.326170921325684,0.3723594477704287,0.47,2916.51,0.552,0.25,1735.58,0.044,0.95,13185.599999999999,0.596,0.03,109.03999999999999,0.02
32,0,-12000,12000.0,295771.41832865984,36.572444915771484,0.5228066450249654,2.2,6373.71,0.698,0.58,4887.96,0.074,4.55,26231.8,0.707,0.09,206.80000000000004,0.025,109194.28962389684,7.646091938018799,0.35457784124352715,0.44,2689.38,0.531,0.02,99.64,0.019,0.77,11299.6,0.556,0.02,99.64,0.019
32,0,-11500,11500.0,285858.15360875055,32.10467529296875,0.5212639006078479,1.91,6423.96,0.701,0.43,4232.69,0.069,4.54,26822.2,0.711,0.09,214.31999999999996,0.025,106023.64892386194,7.236289024353027,0.3467186367242521,0.37,2251.2,0.484,0.02,75.2,0.016,0.67,9594.0,0.513,0.02,75.2,0.016
32,0,-11000,11000.0,269486.1203493237,25.629619598388672,0.5122495817091746,3.47,12917.28,0.694,0.29,3789.94,0.065,4.0,26871.400000000005,0.712,0.09,216.19999999999996,0.025,107908.55134810027,8.137595176696777,0.34478362925958617,0.44,2743.2,0.473,0.02,67.68,0.015,0.64,8667.4,0.485,0.02,67.68,0.015
32,0,-10500,10500.0,250884.52300348753,19.944900512695312,0.5000431268051868,1.22,5796.84,0.681,0.21,3329.48,0.061,3.38,26789.4,0.712,0.08,216.19999999999996,0.025,114475.40556395723,9.486570358276367,0.35404621646093043,0.49,2915.92,0.489,0.01,56.4,0.014,0.65,8068.8,0.467,0.01,56.4,0.014
32,0,-10000,10000.0,228530.90139881274,14.561610221862793,0.4809804703990143,2.24,11681.04,0.675,0.19,3010.7,0.057,2.38,25329.8,0.702,0.07,216.19999999999996,0.025,125340.51069022244,11.268156051635742,0.36900482669708895,0.71,4112.1,0.555,0.01,52.64000000000001,0.013,0.73,8298.4,0.476,0.01,52.64000000000001,0.013
32,0,-9500,9500.0,207228.30040378452,10.628201484680176,0.462129061952773,1.41,8587.11,0.695,0.17,2745.05,0.054,2.03,23755.4,0.69,0.05,199.28,0.025,138868.27432823274,13.070778846740723,0.3878323206167186,0.84,4438.8,0.573,0.01,56.4,0.014,0.83,8774.0,0.493,0.01,56.4,0.014
32,0,-9000,9000.0,186712.90260749572,8.003804206848145,0.4385020051833574,1.5,7879.5,0.677,0.21,2621.08,0.053,1.82,21754.6,0.671,0.05,191.76,0.025,154088.50904267968,16.067646026611328,0.4074884434090922,1.58,5486.800000000001,0.609,0.01,56.4,0.014,1.04,9692.4,0.517,0.01,56.4,0.014
32,0,-8500,8500.0,171271.75821009875,6.48197603225708,0.42182683909958313,0.92,7144.08,0.654,0.24,2550.24,0.052,1.93,20032.6,0.654,0.05,161.68,0.023,170894.6468499809,18.91576385498047,0.4288567252801367,1.64,5594.1,0.614,0.01,67.68,0.015,1.28,10750.2,0.542,0.01,67.68,0.015
32,0,-8000,8000.0,159954.05438432138,5.135596752166748,0.4056079081780598,0.63,7352.16,0.564,0.24,2638.79,0.053,1.22,18154.8,0.631,0.05,152.28,0.022,187872.8052116516,19.928569793701172,0.4490133391352906,1.05,3431.28,0.621,0.01,71.44,0.016,1.65,12201.6,0.571,0.01,71.44,0.016
32,0,-7500,7500.0,153167.04514728166,5.830670356750488,0.39708354883108044,0.39,3535.68,0.506,0.02,127.84000000000002,0.02,0.89,16268.8,0.605,0.02,127.84000000000002,0.02,202711.33255145283,19.708484649658203,0.46333696929375817,1.46,4363.2,0.631,0.04,92.12,0.018,2.03,13694.0,0.6,0.04,92.12,0.018
32,0,-7000,7000.0,151070.00910757424,6.717982292175293,0.3914498713697947,0.5,3949.8,0.504,0.02,120.32,0.02,0.74,14538.6,0.577,0.02,120.32,0.02,215058.35428607895,20.79969596862793,0.4738555616551195,1.27,4451.76,0.633,0.05,99.64,0.019,2.38,15399.600000000002,0.627,0.05,99.64,0.019
32,0,-6500,6500.0,154035.25288965093,7.369912147521973,0.3951296158988796,0.42,3116.88,0.52,0.03,355.41,0.034,0.72,13046.2,0.553,0.02,97.76,0.018,224647.07091016445,22.510990142822266,0.47884992543249266,1.18,4387.83,0.641,0.06,124.08,0.021,2.66,16892.0,0.647,0.06,124.08,0.021
32,0,-6000,6000.0,162420.61263951572,7.667036533355713,0.4035851291373033,1.66,19188.57,0.641,0.01,92.12,0.017,0.74,12726.4,0.55,0.01,92.12,0.017,235082.6245002665,24.17882537841797,0.4887009756370507,1.15,4450.14,0.643,0.06,131.6,0.022,2.67,17744.8,0.655,0.06,131.6,0.022
32,0,-5500,5500.0,174339.62654616302,8.890993118286133,0.4168205059867043,2.26,21386.07,0.667,0.01,86.48,0.016,0.86,12693.6,0.553,0.01,86.48,0.016,244002.6117307822,26.135238647460938,0.49634720898675144,2.15,10003.6,0.703,0.04,142.88,0.023,2.6,18540.2,0.663,0.04,142.88,0.023
32,0,-5000,5000.0,190630.5968360047,11.297032356262207,0.4342242224674061,0.91,6056.1,0.623,0.01,84.6,0.016,0.86,13259.400000000001,0.566,0.01,84.6,0.016,252102.56018921628,27.627803802490234,0.5056887528776138,3.09,10615.92,0.722,0.05,146.64,0.023,2.66,19245.4,0.671,0.05,146.64,0.023
32,0,-4500,4500.0,208734.86686029652,12.766874313354492,0.45226546223760145,0.99,5760.72,0.629,0.02,92.12,0.017,0.87,13989.199999999999,0.581,0.02,92.12,0.017,257586.89561134,28.757455825805664,0.5116773502997254,3.75,11007.52,0.733,0.03,152.28,0.023,3.13,19967.0,0.679,0.03,152.28,0.023
32,0,-4000,4000.0,228971.2861122138,16.43635368347168,0.470692665307853,1.07,6387.3,0.628,0.02,94.0,0.017,0.94,15440.599999999999,0.605,0.02,94.0,0.017,259993.87989772003,29.6999454498291,0.5219982051316495,3.49,8668.1,0.734,0.03,156.04,0.023,3.32,20787.0,0.688,0.03,156.04,0.023
32,0,-3500,3500.0,248918.36102647797,18.74417495727539,0.486406875593176,1.0,5171.04,0.646,0.03,110.92,0.019,1.4,17039.6,0.629,0.03,110.92,0.019,256771.37443754208,31.852357864379883,0.5265410614940271,4.54,10818.84,0.736,0.05,169.2,0.024,3.49,21680.8,0.702,0.05,169.2,0.024
32,0,-3000,3000.0,268958.5753540353,19.09586524963379,0.5009328718914448,0.87,5397.84,0.656,0.03,118.44,0.02,1.96,19081.4,0.655,0.03,118.44,0.02,247388.0161668876,39.19045639038086,0.530328680326007,4.39,8395.5,0.733,0.06,174.84,0.025,3.47,22254.8,0.715,0.06,174.84,0.025
32,0,-2500,2500.0,286632.95353801805,18.066770553588867,0.5108880964019937,0.87,6076.08,0.683,0.04,144.76,0.021,2.22,21090.4,0.678,0.04,144.76,0.021,232874.72748052288,41.69316864013672,0.5262021451842712,4.45,8372.3,0.733,0.36,2904.44,0.062,3.75,22763.2,0.728,0.07,186.12,0.026
32,0,-2000,2000.0,303833.2111460011,16.852510452270508,0.5202509918131648,0.83,6251.04,0.689,0.04,152.28,0.022,1.88,22902.6,0.696,0.04,152.28,0.022,211421.76491687307,36.33433151245117,0.5024165168995314,2.38,4670.16,0.716,0.36,2762.76,0.06,3.74,22886.2,0.733,0.08,189.88,0.026
32,0,-1500,1500.0,319487.0440384315,17.09276008605957,0.5263071464699501,0.97,8975.5,0.701,0.04,178.6,0.024,1.58,24624.6,0.713,0.04,178.6,0.024,193152.28572179328,30.557390213012695,0.48000502807190804,2.97,5521.47,0.723,0.36,2798.18,0.06,3.99,22648.4,0.733,0.08,195.52,0.027
32,0,-1000,1000.0,335502.26228808024,17.818214416503906,0.5339841433695466,1.04,10083.3,0.716,0.04,182.36,0.024,1.68,26076.0,0.725,0.04,182.36,0.024,176934.62462771218,19.52524757385254,0.4505434913901555,5.55,11228.16,0.72,0.67,3382.61,0.067,4.0,20729.6,0.713,0.09,197.4,0.027
32,0,-500,500.0,349658.81214949186,19.341569900512695,0.5391907791439258,0.83,7283.52,0.719,0.03,204.92000000000002,0.025,1.92,27338.800000000003,0.735,0.03,204.92000000000002,0.025,168277.6491508808,12.596673965454102,0.43399268991790396,8.17,23958.91,0.699,0.1,167.32,0.025,3.64,18392.6,0.685,0.1,167.32,0.025
32,0,0,0.0,363428.8063976797,21.60084342956543,0.5457422143311124,1.3,11405.7,0.739,0.03,210.56000000000003,0.025,2.1,27994.8,0.735,0.03,210.56000000000003,0.025,165877.09972381708,14.157517433166504,0.42380927657512063,0.94,4911.3,0.599,0.1,159.8,0.024,1.91,14694.400000000001,0.626,0.1,159.8,0.024
32,0,500,500.0,376149.63958651025,23.237030029296875,0.551453714853405,1.32,11498.5,0.741,0.03,221.84,0.026,2.2,28454.000000000004,0.735,0.03,221.84,0.026,172367.96171788737,15.87922477722168,0.432897915101625,1.06,4676.14,0.605,0.02,103.40000000000002,0.02,1.19,11553.8,0.561,0.02,103.40000000000002,0.02
32,0,1000,1000.0,387825.37692966906,24.70841407775879,0.5571139749022603,1.56,11713.1,0.743,0.04,225.6,0.026,2.07,29503.599999999995,0.737,0.04,225.6,0.026,185746.454380027,17.56239128112793,0.4507123405382616,1.85,6356.800000000001,0.665,0.01,88.36,0.018,1.11,11365.2,0.552,0.01,88.36,0.018
32,0,1500,1500.0,396593.39379845,25.54650115966797,0.5602252879370968,1.57,11736.3,0.743,0.04,244.4,0.026,2.18,30602.4,0.742,0.04,244.4,0.026,200993.49551316918,18.890430450439453,0.47257029194511285,1.85,5935.98,0.674,0.01,80.84,0.017,1.18,12029.4,0.562,0.01,80.84,0.017
32,0,2000,2000.0,401312.51710265654,27.084745407104492,0.5638833519539281,1.76,12249.6,0.754,0.04,250.04,0.026,2.27,31471.600000000002,0.745,0.04,250.04,0.026,214648.01367225227,21.85487937927246,0.48942722455434196,1.3,3993.3,0.674,0.01,80.84,0.017,1.49,14423.8,0.606,0.01,80.84,0.017
32,0,2500,2500.0,401061.255234162,28.523414611816406,0.5639526124001633,1.77,12293.1,0.755,0.04,263.2,0.027,2.33,32119.4,0.747,0.04,263.2,0.027,225133.3821756154,23.027767181396484,0.4992160299324528,1.89,5140.8,0.683,0.05,112.8,0.02,2.29,16941.2,0.646,0.05,112.8,0.02
32,0,3000,3000.0,394938.51694755815,29.135753631591797,0.5655405256824162,1.86,12623.7,0.754,0.04,268.84,0.027,2.42,32472.0,0.748,0.04,268.84,0.027,234057.23947335355,20.57067108154297,0.5058302651013453,1.09,3308.2,0.681,0.05,125.96000000000001,0.022,2.87,18646.8,0.674,0.05,125.96000000000001,0.022
32,0,3500,3500.0,384654.4588024157,29.085737228393555,0.5652473964826025,1.87,12655.6,0.755,0.05,272.6,0.027,2.48,32857.4,0.751,0.05,272.6,0.027,241812.43668672082,18.41176986694336,0.5080444388849022,1.36,5006.91,0.698,0.07,152.28,0.024,3.27,19909.6,0.695,0.07,152.28,0.024
32,0,4000,4000.0,366617.2732458821,28.184417724609375,0.560870910952924,1.3,8498.28,0.752,0.05,274.48,0.027,2.58,33103.399999999994,0.753,0.05,274.48,0.027,253997.77664715526,20.561601638793945,0.5114585393447066,2.42,10110.24,0.693,0.08,159.8,0.024,2.5,19573.4,0.695,0.08,159.8,0.024
32,0,4500,4500.0,345082.0635612152,26.35297966003418,0.5533423492438402,1.32,8566.62,0.753,0.05,278.24,0.027,2.72,33185.4,0.754,0.05,278.24,0.027,272182.7311203581,24.65770149230957,0.5203075725834366,1.31,8073.78,0.609,0.06,159.8,0.025,2.23,18794.4,0.69,0.06,159.8,0.025
32,0,5000,5000.0,317066.29864987044,22.995845794677734,0.538315734816967,1.27,8238.99,0.746,0.45,4710.86,0.072,2.55,32258.800000000003,0.749,0.05,282.0,0.027,296956.64955030807,26.197063446044922,0.5279568886775599,1.4,8519.94,0.621,0.06,157.92,0.025,1.95,18491.0,0.686,0.06,157.92,0.025
32,0,5500,5500.0,287979.69960723276,19.290435791015625,0.5205230919245385,1.05,7376.700000000001,0.724,0.28,4126.43,0.068,2.28,30864.8,0.741,0.06,274.48,0.027,325917.16540170147,28.1239070892334,0.5367651707264658,1.71,11545.82,0.681,0.02,154.16,0.024,1.65,18368.0,0.685,0.02,154.16,0.024
32,0,6000,6000.0,257550.01000966877,15.703763961791992,0.49816501571307825,1.93,15006.24,0.721,0.25,3754.52,0.065,1.87,27789.8,0.722,0.06,272.6,0.027,361222.43767590757,30.586923599243164,0.5521863284101517,1.83,12374.1,0.81,0.03,154.16,0.024,1.52,19729.2,0.7,0.03,154.16,0.024
32,0,6500,6500.0,231468.2167539111,12.610655784606934,0.48010511540326245,2.84,32319.91,0.702,0.24,3400.32,0.061,1.6,24755.8,0.7,0.03,227.48,0.025,394626.15773468214,32.71992111206055,0.5644093202530451,1.86,11701.78,0.814,0.03,169.2,0.025,1.83,21443.0,0.718,0.03,169.2,0.025
32,0,7000,7000.0,208241.3840221474,10.090171813964844,0.4594265895678211,0.53,5238.06,0.652,0.21,3223.22,0.06,1.33,21771.0,0.675,0.03,214.31999999999996,0.025,429037.8214896197,37.5546875,0.5851236432838024,2.15,14897.3,0.834,0.03,174.84,0.025,2.69,25174.0,0.75,0.03,174.84,0.025
32,0,7500,7500.0,191079.7244706424,8.537030220031738,0.44750411026030174,1.66,24590.63,0.645,0.18,3081.54,0.06,1.16,19237.2,0.65,0.03,169.2,0.023,458113.89415078866,40.80526351928711,0.6017478400030902,1.76,10279.44,0.822,0.04,221.84,0.027,3.56,29446.199999999997,0.779,0.04,221.84,0.027
32,0,8000,8000.0,177634.88356075832,7.260336399078369,0.43422398225005215,0.49,4901.0,0.556,0.18,3152.38,0.062,0.98,17490.6,0.63,0.03,157.92,0.022,481237.17933933437,43.587955474853516,0.6221770553745422,1.71,10547.28,0.825,0.05,235.0,0.028,4.21,34940.2,0.81,0.05,235.0,0.028
32,0,8500,8500.0,169202.55093509186,6.350272178649902,0.42913403565074626,0.36,3742.62,0.577,0.01,129.72,0.02,0.84,16129.400000000001,0.614,0.01,129.72,0.02,491755.28306382947,43.70941925048828,0.6309196613599884,1.53,10582.65,0.839,0.06,310.2,0.03,4.87,40180.0,0.832,0.06,310.2,0.03
32,0,9000,9000.0,164595.38894668658,6.358079433441162,0.42464465233082616,0.36,3587.8500000000004,0.569,0.01,124.08,0.02,0.71,15055.2,0.601,0.01,124.08,0.02,488493.49773943215,41.51506423950195,0.6362097966398153,1.5,10524.36,0.838,0.07,332.76,0.031,4.96,42779.4,0.842,0.07,332.76,0.031
32,0,9500,9500.0,164150.90333762963,6.788197994232178,0.42756750891316325,0.32,3282.3299999999995,0.554,0.01,107.15999999999998,0.018,0.63,14169.600000000002,0.59,0.01,107.15999999999998,0.018,475628.4502560677,38.87963104248047,0.633431058887314,1.39,10347.48,0.835,0.06,368.48,0.031,4.84,44427.6,0.847,0.06,368.48,0.031
32,0,10000,10000.0,167058.7128423802,7.195945739746094,0.4331696896155696,0.58,6625.919999999999,0.549,0.01,103.40000000000002,0.018,0.66,13505.399999999998,0.586,0.01,103.40000000000002,0.018,451788.95706866786,33.14683532714844,0.6258833585924376,1.35,10045.98,0.828,0.06,379.76,0.032,4.31,43238.6,0.842,0.06,379.76,0.032
32,0,10500,10500.0,172356.0868765096,7.5040812492370605,0.4431606317879237,0.4,5124.300000000001,0.607,0.01,94.0,0.018,0.71,13005.2,0.585,0.01,94.0,0.018,427710.38809798704,28.239620208740234,0.619160391128023,1.23,9338.46,0.811,0.05,364.72,0.031,3.72,41524.8,0.835,0.05,364.72,0.031
32,0,11000,11000.0,179257.05037846082,7.7473039627075195,0.45571377709879207,0.43,5875.4,0.644,0.01,92.12,0.018,0.75,13111.8,0.598,0.01,92.12,0.018,400310.25626053306,22.427661895751953,0.60646881360206,1.18,9032.94,0.804,0.05,360.96,0.031,3.15,39228.8,0.823,0.05,360.96,0.031
32,0,11500,11500.0,185825.9617310931,7.9920501708984375,0.4677324839986069,0.43,5933.4,0.647,0.01,95.88,0.019,0.77,13423.4,0.613,0.01,95.88,0.019,376048.2066836506,20.960792541503906,0.5969962408799445,1.02,8359.59,0.787,0.04,329.0,0.03,2.61,37055.8,0.811,0.04,329.0,0.03
32,0,12000,12000.0,191182.8697824011,8.260041236877441,0.47938073210898147,0.46,6275.6,0.662,0.01,95.88,0.019,0.78,14350.0,0.633,0.01,95.88,0.019,353175.4326669834,20.44080352783203,0.5813909642019035,1.89,16911.6,0.784,0.04,319.6,0.03,2.27,35046.8,0.8,0.04,319.6,0.03
32,0,12500,12500.0,193888.2790151541,8.446732521057129,0.48639220469936817,0.46,6304.6,0.664,0.01,110.92,0.021,0.82,15358.6,0.651,0.01,110.92,0.021,334036.3630500491,20.04008674621582,0.5685864384194265,1.12,11738.91,0.786,0.04,291.4,0.029,2.35,33152.6,0.789,0.04,291.4,0.029
32,0,13000,13000.0,193353.6883831752,8.516424179077148,0.4896609187788273,0.34,4339.44,0.652,0.01,114.68,0.021,0.86,16211.4,0.664,0.01,114.68,0.021,320099.1754762101,19.506248474121094,0.5547313513956774,1.11,10923.15,0.773,0.04,283.88,0.029,2.24,30856.600000000002,0.777,0.04,283.88,0.029
32,0,13500,13500.0,190307.17488728208,8.448140144348145,0.4881914596597966,0.35,4352.4,0.656,0.01,127.84000000000002,0.022,0.9,16900.2,0.673,0.01,127.84000000000002,0.022,312640.94710318383,19.04488182067871,0.5482351215248088,1.45,11965.16,0.752,0.03,248.16,0.028,2.08,28814.8,0.764,0.03,248.16,0.028
32,0,14000,14000.0,184994.01120377245,8.191922187805176,0.4838990653340658,0.3,4184.82,0.661,0.02,131.6,0.023,0.93,16892.0,0.674,0.02,131.6,0.023,312624.48769238614,19.025835037231445,0.5475362278579033,1.52,9691.8,0.751,0.03,238.76,0.028,1.81,26715.6,0.75,0.03,238.76,0.028
32,0,14500,14500.0,178892.28981550536,7.773447036743164,0.4776833528008741,0.42,5254.8,0.639,0.02,133.48,0.023,0.95,16695.2,0.673,0.02,133.48,0.023,317773.49359177606,21.121774673461914,0.5546233832540514,1.55,9784.6,0.753,0.03,208.68000000000004,0.026,1.56,25059.2,0.738,0.03,208.68000000000004,0.026
32,0,15000,15000.0,173066.84292555618,7.1514387130737305,0.471246813313279,0.46,5075.0,0.633,0.02,133.48,0.023,0.92,15867.000000000002,0.664,0.02,133.48,0.023,324772.43765897874,24.835569381713867,0.5625382209276237,2.34,14143.879999999997,0.783,0.03,199.28,0.026,1.45,24641.0,0.735,0.03,199.28,0.026
32,0,15500,15500.0,168966.5530063095,7.397268772125244,0.4677836963468094,0.46,5063.4,0.633,0.01,120.32,0.022,0.87,15055.2,0.654,0.01,120.32,0.022,330447.43067156815,27.56709098815918,0.5696359247758062,2.89,14175.92,0.785,0.04,199.28,0.026,1.39,24313.0,0.734,0.04,199.28,0.026
32,0,16000,16000.0,166750.67980761663,7.801491737365723,0.46489831619471433,0.47,4944.5,0.628,0.01,116.56,0.022,0.79,14440.2,0.647,0.01,116.56,0.022,330480.2786331893,28.828693389892578,0.5738016307758121,2.8,11011.3,0.784,0.05,199.28,0.026,1.41,25321.6,0.743,0.05,199.28,0.026
32,0,16500,16500.0,166529.73647673705,7.99151611328125,0.4654530773729406,0.35,3414.9899999999993,0.627,0.01,107.15999999999998,0.021,0.71,13972.8,0.642,0.01,107.15999999999998,0.021,326029.01862261636,29.993515014648438,0.5732149049857235,2.91,11011.3,0.784,0.05,216.19999999999996,0.027,1.53,26223.6,0.753,0.05,216.19999999999996,0.027
32,0,17000,17000.0,168099.48589155977,7.991185188293457,0.4663055485703945,0.35,3392.88,0.626,0.01,105.28000000000002,0.021,0.61,13743.200000000003,0.639,0.01,105.28000000000002,0.021,316239.6556465306,37.59031677246094,0.5765311277306299,3.92,10344.3,0.781,0.05,223.72,0.027,1.85,26732.0,0.761,0.05,223.72,0.027
32,0,17500,17500.0,170827.2505881534,7.858657360076904,0.4685285593612976,0.31,3366.75,0.626,0.02,101.52,0.021,0.64,13571.0,0.638,0.02,101.52,0.021,299443.0497423081,41.1830940246582,0.5721987573439218,3.99,10295.0,0.78,0.03,231.24,0.028,2.33,27002.6,0.767,0.03,231.24,0.028
32,0,18000,18000.0,175190.94312825295,8.448058128356934,0.47154510499314223,0.28,3382.8299999999995,0.627,0.02,101.52,0.021,0.66,13669.400000000001,0.64,0.02,101.52,0.021,278504.99735339,44.08254623413086,0.5687976300396209,2.39,5889.9,0.774,0.03,233.12,0.028,3.05,26543.399999999998,0.769,0.03,233.12,0.028
32,0,18500,18500.0,180574.17873692786,8.860575675964355,0.4756166021819858,0.35,4544.06,0.636,0.01,103.40000000000002,0.021,0.72,13882.6,0.646,0.01,103.40000000000002,0.021,257424.19077094484,43.640689849853516,0.5671685508341197,2.87,6912.39,0.778,0.58,2869.02,0.067,3.76,26010.4,0.77,0.07,227.48,0.028
32,0,19000,19000.0,186757.87887521132,9.040623664855957,0.48107322505833866,0.43,5582.5,0.655,0.01,103.40000000000002,0.021,0.82,14309.0,0.653,0.01,103.40000000000002,0.021,228155.7069262016,36.44597244262695,0.5456797614228796,5.36,14035.2,0.774,0.41,2532.53,0.063,4.27,25502.0,0.769,0.07,227.48,0.028
32,0,19500,19500.0,192413.7035731862,8.995394706726074,0.4856884726292124,0.34,3970.08,0.644,0.01,107.15999999999998,0.021,0.9,14776.4,0.66,0.01,107.15999999999998,0.021,200916.55749397905,29.479463577270508,0.524125064309757,8.78,30601.259999999995,0.762,0.27,2249.17,0.059,5.14,24903.4,0.768,0.1,218.07999999999998,0.028
32,0,20000,20000.0,196469.3001086134,8.845369338989258,0.4897155780419625,0.51,6170.73,0.684,0.01,109.03999999999999,0.021,0.95,15292.999999999998,0.665,0.01,109.03999999999999,0.021,172101.18750422334,19.696266174316406,0.4886963207054903,3.25,10236.72,0.717,0.28,2160.62,0.057,4.04,21976.0,0.747,0.11,218.07999999999998,0.028
33,0,-20000,20000.0,692487.7609519026,42.35551071166992,0.6564051870067675,2.21,11997.3,0.853,0.07,517.0,0.033,6.05,60835.8,0.866,0.07,517.0,0.033,541965.6233085392,36.624267578125,0.6289314796699433,3.75,23819.04,0.826,0.11,413.6000000000001,0.031,5.89,46641.6,0.829,0.11,413.6000000000001,0.031
33,0,-19500,19500.0,679071.7444375623,42.74739074707031,0.6538314066232096,2.66,13860.959999999997,0.855,0.07,530.16,0.033,6.05,61860.8,0.867,0.07,530.16,0.033,531496.8286212664,32.361148834228516,0.6263872577038015,6.48,53120.22,0.816,0.08,402.32,0.031,4.74,45419.8,0.826,0.08,402.32,0.031
33,0,-19000,19000.0,663553.8970867172,38.265830993652344,0.6487612037355275,4.97,28029.6,0.852,0.08,532.04,0.033,4.93,60237.19999999999,0.865,0.08,532.04,0.033,519219.6745279507,28.868921279907227,0.6235743993482608,2.52,15190.2,0.817,0.07,400.44,0.031,3.6,43533.8,0.819,0.07,400.44,0.031
33,0,-18500,18500.0,650346.5949668549,32.86189651489258,0.6449955361925405,1.89,12880.08,0.848,0.1,503.84000000000003,0.032,5.35,58400.4,0.863,0.1,503.84000000000003,0.032,506772.08066993044,31.03325843811035,0.6222464206214898,2.57,15201.8,0.818,0.04,374.12,0.031,2.71,41705.2,0.813,0.04,374.12,0.031
33,0,-18000,18000.0,641450.4544661584,35.383575439453125,0.6418096381301792,3.47,26010.0,0.845,0.1,498.2,0.033,4.67,56842.399999999994,0.861,0.1,498.2,0.033,492972.1350565007,34.07625961303711,0.620954784394706,3.01,14752.3,0.816,0.04,368.48,0.031,2.45,41049.2,0.812,0.04,368.48,0.031
33,0,-17500,17500.0,636768.0502208794,37.904781341552734,0.6411763970616305,2.37,17397.1,0.841,0.09,477.52,0.032,4.0,55514.0,0.86,0.09,477.52,0.032,478770.96562961163,35.31110763549805,0.6203225895136959,3.04,14726.2,0.817,0.06,357.2,0.03,2.76,41106.6,0.82,0.06,357.2,0.03
33,0,-17000,17000.0,638958.6965909111,39.96244430541992,0.6417857628131395,2.45,17666.8,0.844,0.08,471.87999999999994,0.032,3.78,54251.2,0.857,0.08,471.87999999999994,0.032,461376.7048737631,34.18752670288086,0.6148631618854694,1.91,10311.3,0.818,0.06,359.08,0.031,3.2,41106.6,0.821,0.06,359.08,0.031
33,0,-16500,16500.0,646075.7582420862,39.73783493041992,0.6445234520109053,1.75,12285.12,0.843,0.06,449.32,0.032,4.28,53423.00000000001,0.854,0.06,449.32,0.032,445099.6934608738,31.603940963745117,0.6101158483757824,2.07,9959.55,0.814,0.07,360.96,0.031,3.63,41000.0,0.821,0.07,360.96,0.031
33,0,-16000,16000.0,654775.5335780326,35.32377624511719,0.647764245906779,1.75,12337.38,0.844,0.06,443.68,0.032,4.36,53718.200000000004,0.855,0.06,443.68,0.032,427317.8130597975,28.31804847717285,0.6018598251961477,1.87,9615.84,0.807,0.07,360.96,0.031,3.81,39228.8,0.814,0.07,360.96,0.031
33,0,-15500,15500.0,660017.349514729,35.61453628540039,0.6498004707989256,1.76,12439.89,0.847,0.07,451.2,0.032,4.29,53964.2,0.857,0.07,451.2,0.032,412904.3079141389,26.202905654907227,0.5967306255941037,1.4,8805.81,0.792,0.07,334.64,0.03,3.87,37211.6,0.806,0.07,334.64,0.03
33,0,-15000,15000.0,658559.8366384744,37.16402053833008,0.6556275015577091,2.81,19111.0,0.855,0.07,454.96,0.032,3.86,54013.40000000001,0.858,0.07,454.96,0.032,400323.6356749985,22.837074279785156,0.5914098277042378,2.54,17898.96,0.789,0.07,329.0,0.03,3.39,34554.8,0.795,0.07,329.0,0.03
33,0,-14500,14500.0,651793.6482107777,39.600337982177734,0.6611180741844327,2.87,19192.200000000004,0.856,0.07,456.84000000000003,0.032,3.39,54120.0,0.86,0.07,456.84000000000003,0.032,392437.1693587273,20.086990356445312,0.5914203678555966,1.04,8114.369999999999,0.776,0.05,291.4,0.029,2.85,32086.600000000002,0.785,0.05,291.4,0.029
33,0,-14000,14000.0,634750.1948196703,41.799720764160156,0.6656236679640704,1.66,11748.48,0.858,0.07,458.72,0.032,3.7,55874.8,0.864,0.07,458.72,0.032,385978.6580352993,18.533082962036133,0.5904316374997529,1.04,8084.22,0.776,0.05,280.12,0.029,2.37,30987.8,0.779,0.05,280.12,0.029
33,0,-13500,13500.0,610356.7161642113,40.746826171875,0.666527058415708,2.03,13525.290000000003,0.859,0.08,481.28,0.033,4.19,57908.40000000001,0.869,0.08,481.28,0.033,381235.1663055306,18.06514549255371,0.5916992833499383,1.03,8050.049999999999,0.779,0.04,265.08,0.029,1.96,30274.4,0.775,0.04,265.08,0.029
33,0,-13000,13000.0,573259.9609189285,36.32512283325195,0.6566140154624239,1.98,13060.98,0.854,0.08,488.8,0.033,4.49,58252.80000000001,0.869,0.08,488.8,0.033,374764.7272525566,19.557872772216797,0.5912168954006234,1.48,10718.4,0.77,0.04,261.32,0.028,1.85,30348.2,0.776,0.04,261.32,0.028
33,0,-12500,12500.0,534603.584443577,31.607088088989258,0.6435780373765069,1.8,11905.23,0.84,0.08,498.2,0.033,4.61,57785.4,0.867,0.08,498.2,0.033,366479.9581895997,22.881383895874023,0.5890327824874476,1.35,9006.84,0.758,0.04,261.32,0.029,1.76,30569.6,0.778,0.04,261.32,0.029
33,0,-12000,12000.0,493678.78255571995,27.10604476928711,0.6221959596819622,3.3,24059.76,0.836,0.08,500.08,0.033,4.14,53726.4,0.857,0.08,500.08,0.033,355566.7929707706,24.625032424926758,0.5823782183198287,0.96,6290.1,0.765,0.04,263.2,0.029,1.51,30577.8,0.778,0.04,263.2,0.029
33,0,-11500,11500.0,460542.02822477964,25.938241958618164,0.6051864174870272,1.25,10015.92,0.797,0.07,441.8,0.032,3.61,49347.6,0.845,0.07,441.8,0.032,346180.8780706073,24.739028930664062,0.5761351682674561,1.29,7696.080000000001,0.762,0.03,261.32,0.029,1.91,30643.399999999998,0.779,0.03,261.32,0.029
33,0,-11000,11000.0,436725.91283361835,25.84885597229004,0.5917465842756952,1.66,10652.76,0.769,0.06,424.87999999999994,0.032,2.97,44050.4,0.827,0.06,424.87999999999994,0.032,340083.47464918625,22.62131690979004,0.5680239073347263,0.78,4911.2,0.758,0.03,261.32,0.029,2.41,30094.000000000004,0.775,0.03,261.32,0.029
33,0,-10500,10500.0,423209.43557647406,26.740020751953125,0.5894755586681458,1.54,8862.48,0.771,0.05,347.8,0.03,2.57,39278.0,0.808,0.05,347.8,0.03,338566.3644955188,19.191715240478516,0.5631903798676064,1.0,6721.44,0.748,0.05,250.04,0.028,2.83,29552.8,0.771,0.05,250.04,0.028
33,0,-10000,10000.0,415380.1608675654,28.007888793945312,0.5873158614043481,1.66,9037.44,0.774,0.05,327.12,0.03,2.69,36941.0,0.795,0.05,327.12,0.03,341478.6718557712,22.628572463989258,0.55804331586996,4.73,33278.94,0.776,0.05,248.16,0.028,2.52,28306.400000000005,0.764,0.05,248.16,0.028
33,0,-9500,9500.0,412540.0682414387,28.7689208984375,0.5919394947863419,1.98,9683.28,0.786,0.06,291.4,0.029,2.92,35432.2,0.786,0.06,291.4,0.029,347800.2887534065,24.852937698364258,0.5559340037027023,5.31,35476.44,0.786,0.04,229.36,0.027,2.07,27035.4,0.756,0.04,229.36,0.027
33,0,-9000,9000.0,411749.16705426585,28.22836685180664,0.5940699086686978,1.97,9590.4,0.786,0.06,283.88,0.029,3.34,36637.6,0.791,0.06,283.88,0.029,361421.7638065289,27.519540786743164,0.5597064042076428,5.51,37137.75,0.794,0.04,223.72,0.027,2.13,26461.400000000005,0.752,0.04,223.72,0.027
33,0,-8500,8500.0,409516.3267246506,27.398088455200195,0.5929844056309443,1.85,9445.68,0.787,0.07,304.56,0.029,3.77,37785.6,0.797,0.07,304.56,0.029,378700.5659709321,29.803529739379883,0.5675396323352662,1.82,10205.72,0.773,0.03,214.31999999999996,0.027,2.48,26313.800000000003,0.752,0.03,214.31999999999996,0.027
33,0,-8000,8000.0,408176.8580692675,28.166879653930664,0.5910980442102743,2.51,14000.79,0.809,0.08,312.08,0.029,3.74,37318.2,0.797,0.08,312.08,0.029,400520.1743546175,31.42770767211914,0.5772363744033611,2.24,10736.58,0.786,0.03,214.31999999999996,0.027,3.03,28240.799999999996,0.763,0.03,214.31999999999996,0.027
33,0,-7500,7500.0,409225.3492208576,28.89765167236328,0.5902832693562056,1.96,13188.12,0.801,0.07,308.32,0.029,3.82,36457.2,0.797,0.07,308.32,0.029,421819.1297536963,37.27750778198242,0.5844447881036574,2.5,11051.54,0.794,0.05,240.64,0.028,3.63,30446.600000000002,0.774,0.05,240.64,0.028
33,0,-7000,7000.0,414022.8761141072,29.039716720581055,0.5916472233287657,1.04,8413.2,0.772,0.07,306.44,0.029,3.47,34448.2,0.791,0.07,306.44,0.029,446876.7785782882,42.72357940673828,0.5971663089509344,2.18,9013.68,0.787,0.05,248.16,0.028,4.09,32554.000000000004,0.784,0.05,248.16,0.028
33,0,-6500,6500.0,422637.97450290585,28.77989959716797,0.5966455154940298,0.98,8370.0,0.773,0.06,282.0,0.029,2.97,32463.800000000003,0.784,0.06,282.0,0.029,467742.6322964093,45.03697967529297,0.604092000946466,2.66,9508.32,0.801,0.09,282.0,0.029,4.45,34440.0,0.793,0.09,282.0,0.029
33,0,-6000,6000.0,435420.8416290261,28.843751907348633,0.6018640693832646,0.98,8655.12,0.778,0.05,272.6,0.029,2.76,32390.0,0.785,0.05,272.6,0.029,488686.9716300949,46.37490463256836,0.6150150565782373,2.6,9767.52,0.807,0.1,289.52,0.029,5.01,35596.2,0.801,0.1,289.52,0.029
33,0,-5500,5500.0,451144.1506351388,28.457813262939453,0.6089892282286209,0.99,9419.76,0.793,0.04,270.72,0.029,2.52,32791.8,0.787,0.04,270.72,0.029,504376.95658364973,45.55416488647461,0.6210527990424612,2.49,10577.52,0.825,0.12,302.68,0.03,5.47,36637.6,0.81,0.12,302.68,0.03
33,0,-5000,5000.0,468350.07427379605,27.869373321533203,0.6132916902162953,1.0,9599.04,0.795,0.04,270.72,0.029,2.47,34792.6,0.796,0.04,270.72,0.029,516575.1477243961,42.58808517456055,0.6300064193300241,2.21,9981.66,0.825,0.12,306.44,0.03,5.25,38581.0,0.821,0.12,306.44,0.03
33,0,-4500,4500.0,485546.6050269257,27.259159088134766,0.6157276185736821,1.04,10128.24,0.803,0.04,297.04,0.03,2.43,36973.8,0.805,0.04,297.04,0.03,523171.4897315571,39.10070037841797,0.635573204152905,2.01,10530.39,0.831,0.11,342.16,0.031,4.86,40499.8,0.83,0.11,342.16,0.031
33,0,-4000,4000.0,504357.0652674316,26.26106834411621,0.6204424332630959,1.06,10242.72,0.804,0.04,304.56,0.03,2.47,38482.6,0.811,0.04,304.56,0.03,521624.07285446534,34.164093017578125,0.6420485812759237,1.82,10628.88,0.831,0.1,351.56,0.031,4.19,42172.6,0.835,0.1,351.56,0.031
33,0,-3500,3500.0,521453.6162462871,25.29800796508789,0.6231601583846186,1.09,10478.16,0.807,0.04,323.36,0.03,2.52,39835.6,0.815,0.04,323.36,0.03,513978.2372007554,32.015419006347656,0.6450886738922852,1.86,11666.16,0.836,0.08,364.72,0.031,3.43,43681.4,0.839,0.08,364.72,0.031
33,0,-3000,3000.0,539250.026564268,24.430179595947266,0.6271857964172888,1.11,10815.12,0.811,0.04,329.0,0.03,2.49,40778.6,0.818,0.04,329.0,0.03,495423.1869331532,31.023921966552734,0.6423493605717275,1.81,11482.56,0.834,0.07,372.24,0.031,3.71,44239.0,0.841,0.07,372.24,0.031
33,0,-2500,2500.0,556060.2539265587,23.67456817626953,0.6302061646452503,1.16,11834.64,0.825,0.04,336.52,0.03,2.43,42000.4,0.823,0.04,336.52,0.03,474164.6945059678,29.154123306274414,0.6373340080827389,1.75,11026.8,0.828,0.06,379.76,0.031,4.02,44509.6,0.843,0.06,379.76,0.031
33,0,-2000,2000.0,568997.4454109673,25.05746841430664,0.6279989792532592,1.92,15947.1,0.822,0.04,340.28,0.03,2.38,44567.0,0.831,0.04,340.28,0.03,449080.04340348125,26.150548934936523,0.6262688970550919,1.65,10657.44,0.822,0.07,381.63999999999993,0.031,3.72,43287.8,0.839,0.07,381.63999999999993,0.031
33,0,-1500,1500.0,576304.0435043047,27.196849822998047,0.6206638223672828,1.97,16025.4,0.823,0.04,374.12,0.031,2.94,47125.4,0.839,0.04,374.12,0.031,425753.8349361348,23.26341438293457,0.6153943882141474,1.33,9069.12,0.803,0.07,364.72,0.031,3.31,41795.4,0.835,0.07,364.72,0.031
33,0,-1000,1000.0,579819.3856372673,29.82672882080078,0.6126289633424622,2.22,22049.9,0.508,0.05,385.3999999999999,0.031,2.94,48576.8,0.842,0.05,385.3999999999999,0.031,405233.21075248386,20.59516143798828,0.6016399909930186,1.29,8570.64,0.794,0.07,360.96,0.031,2.8,39007.4,0.823,0.07,360.96,0.031
33,0,-500,500.0,577823.3915497694,32.4594841003418,0.6010573708192333,2.38,23614.230000000003,0.521,0.05,407.96,0.032,2.89,49601.8,0.843,0.05,407.96,0.032,390822.86930754053,21.12053680419922,0.5942485750438522,1.17,7513.380000000001,0.772,0.06,319.6,0.03,2.33,36399.8,0.812,0.06,319.6,0.03
33,0,0,0.0,577803.8214399683,36.40654373168945,0.5967061482751039,2.5,25197.22,0.532,0.06,413.6000000000001,0.032,3.02,50249.6,0.844,0.06,413.6000000000001,0.032,382025.0661342172,22.339975357055664,0.5882090214578788,1.08,7288.26,0.767,0.06,308.32,0.03,2.54,34079.2,0.8,0.06,308.32,0.03
33,0,500,500.0,575577.3182870907,40.04962921142578,0.5922633753464428,2.17,16436.339999999997,0.849,0.06,426.76,0.032,3.55,50602.2,0.844,0.06,426.76,0.032,377712.37568048015,21.675552368164062,0.587535292909462,1.54,12369.27,0.801,0.05,272.6,0.029,2.79,32275.2,0.79,0.05,272.6,0.029
33,0,1000,1000.0,576567.8507284087,44.20160675048828,0.5940180281064182,2.83,19169.0,0.852,0.07,430.52,0.032,3.91,51020.4,0.846,0.07,430.52,0.032,377195.38545991236,19.991273880004883,0.5873864039333597,1.61,12310.560000000001,0.801,0.05,261.32,0.029,3.04,31775.0,0.788,0.05,261.32,0.029
33,0,1500,1500.0,574973.4760907275,45.62767791748047,0.5938491201252014,2.87,19180.6,0.853,0.06,439.92,0.032,4.59,51250.0,0.848,0.06,439.92,0.032,379285.24335347104,22.179027557373047,0.589868663529089,1.39,11684.1,0.788,0.04,253.80000000000004,0.028,3.21,31668.399999999998,0.789,0.04,253.80000000000004,0.028
33,0,2000,2000.0,574340.3466808522,45.015647888183594,0.5950329599991251,1.7,11104.68,0.85,0.06,443.68,0.032,5.2,51635.4,0.851,0.06,443.68,0.032,382838.0035870912,23.335248947143555,0.5923367433826325,0.78,6806.88,0.781,0.04,251.92000000000002,0.028,2.95,31898.0,0.79,0.04,251.92000000000002,0.028
33,0,2500,2500.0,569916.9300680252,45.744991302490234,0.5921924667380256,2.03,12974.55,0.852,0.07,458.72,0.032,5.69,51602.6,0.854,0.07,458.72,0.032,385603.4469940376,23.860151290893555,0.5929989490763504,0.97,7941.51,0.784,0.03,263.2,0.029,2.5,31725.799999999996,0.789,0.03,263.2,0.029
33,0,3000,3000.0,567892.4939812976,45.622859954833984,0.5908447663103271,1.98,12739.38,0.851,0.07,462.48,0.033,5.9,50397.2,0.853,0.07,462.48,0.033,388890.9406117036,23.611997604370117,0.5973130356207142,1.5,11571.0,0.786,0.03,265.08,0.029,2.25,31069.8,0.785,0.03,265.08,0.029
33,0,3500,3500.0,570414.0890335767,43.35872268676758,0.5931153389479471,3.05,23166.39,0.526,0.08,439.92,0.032,5.96,49175.4,0.852,0.08,439.92,0.032,390482.0621412102,21.538230895996094,0.60072175077966,1.54,11542.0,0.786,0.04,263.2,0.029,2.47,30094.000000000004,0.778,0.04,263.2,0.029
33,0,4000,4000.0,572467.8917776516,41.07265090942383,0.5975026419851305,3.13,24105.61,0.535,0.08,434.28,0.032,5.65,48708.0,0.852,0.08,434.28,0.032,388383.58450149244,18.467443466186523,0.6045207930635242,1.47,11333.2,0.784,0.04,261.32,0.029,2.26,30061.199999999997,0.779,0.04,261.32,0.029
33,0,4500,4500.0,575957.2582265362,40.19965744018555,0.6056806136711632,3.17,24920.43,0.541,0.07,426.76,0.032,5.2,48740.8,0.854,0.07,426.76,0.032,383478.9374527703,17.416269302368164,0.6068579311129935,1.08,7953.57,0.786,0.03,259.44,0.029,1.98,30233.399999999998,0.781,0.03,259.44,0.029
33,0,5000,5000.0,574519.9814685242,42.80397033691406,0.616592287480073,2.88,23194.38,0.52,0.07,419.24,0.032,4.83,49413.2,0.857,0.07,419.24,0.032,372844.54533855314,16.432247161865234,0.605409254880961,1.06,7913.369999999999,0.786,0.03,261.32,0.029,1.72,31086.199999999997,0.788,0.03,261.32,0.029
33,0,5500,5500.0,568481.6130989644,44.29884719848633,0.6273016056579775,2.55,20824.559999999998,0.501,0.05,428.63999999999993,0.032,4.79,50348.0,0.861,0.05,428.63999999999993,0.032,360574.61569822556,15.934089660644531,0.6026703524761535,0.98,7867.14,0.786,0.04,268.84,0.029,1.78,32185.0,0.797,0.04,268.84,0.029
33,0,6000,6000.0,553160.1799682227,45.83144760131836,0.6327769009086769,3.07,25589.76,0.852,0.05,430.52,0.032,4.83,51676.4,0.863,0.05,430.52,0.032,343542.41151245224,14.90269660949707,0.5935204025641365,0.87,7607.85,0.781,0.04,272.6,0.029,1.44,32447.4,0.8,0.04,272.6,0.029
33,0,6500,6500.0,535544.9378277513,44.79486083984375,0.6369141542071787,2.98,26401.679999999997,0.855,0.05,451.2,0.032,4.98,52824.4,0.865,0.05,451.2,0.032,325431.25419688073,13.221789360046387,0.5823307198065936,0.9,7008.869999999999,0.769,0.04,276.36,0.03,1.53,32554.000000000004,0.802,0.04,276.36,0.03
33,0,7000,7000.0,509401.85876013176,41.88083267211914,0.6311308304734462,2.98,26401.679999999997,0.855,0.06,458.72,0.033,4.84,51873.2,0.861,0.06,458.72,0.033,306387.227145621,14.888111114501953,0.5684239228184342,1.57,14169.839999999998,0.766,0.04,276.36,0.03,1.54,30889.4,0.795,0.04,276.36,0.03
33,0,7500,7500.0,484502.3498871946,39.1028938293457,0.6248603912263807,6.3,58415.52,0.846,0.05,449.32,0.032,4.64,50085.6,0.856,0.05,449.32,0.032,290093.63965612283,16.60240936279297,0.5577121130241435,0.8,6410.88,0.737,0.04,251.92000000000002,0.029,1.5,29134.6,0.786,0.04,251.92000000000002,0.029
33,0,8000,8000.0,457719.98045733524,32.98936462402344,0.6083220924971626,2.41,20901.84,0.821,0.05,447.44,0.032,4.16,44386.6,0.839,0.05,447.44,0.032,276696.06238769484,17.42607879638672,0.5481630553789046,0.81,6253.2,0.731,0.05,244.4,0.029,1.54,27076.400000000005,0.772,0.05,244.4,0.029
33,0,8500,8500.0,441804.8801297482,30.29343032836914,0.6004215513421834,1.66,10418.98,0.658,0.05,360.96,0.031,3.78,38991.0,0.821,0.05,360.96,0.031,266379.7501139379,17.337697982788086,0.5432540485058629,0.87,5855.76,0.717,0.03,212.43999999999997,0.027,1.73,25247.8,0.758,0.03,212.43999999999997,0.027
33,0,9000,9000.0,432456.73398472136,31.20619773864746,0.5842041274440996,2.54,16287.0,0.811,0.04,336.52,0.03,3.54,36522.8,0.812,0.04,336.52,0.03,258303.48113707878,16.400774002075195,0.5366338726535589,0.81,5782.32,0.714,0.03,204.92000000000002,0.027,1.78,24026.0,0.747,0.03,204.92000000000002,0.027
33,0,9500,9500.0,428879.5202741408,32.27455139160156,0.5720352249267211,2.99,17351.44,0.823,0.04,304.56,0.03,3.26,34940.2,0.807,0.04,304.56,0.03,252684.95205038416,14.849069595336914,0.5328803220926468,0.64,5320.47,0.708,0.04,189.88,0.026,1.76,22902.6,0.737,0.04,189.88,0.026
33,0,10000,10000.0,429933.6876707681,34.40407180786133,0.558658061984088,3.61,19523.04,0.839,0.04,297.04,0.03,2.91,34817.2,0.806,0.04,297.04,0.03,250090.10193982176,12.849913597106934,0.527797364248349,1.18,10750.8,0.704,0.04,186.12,0.026,1.59,22304.0,0.731,0.04,186.12,0.026
33,0,10500,10500.0,433847.0725526328,38.245391845703125,0.5482889124280083,4.02,20865.16,0.848,0.04,293.28,0.03,3.21,35046.8,0.806,0.04,293.28,0.03,250035.62384251054,16.59075927734375,0.5250275226887674,0.98,5742.879999999999,0.54,0.03,178.6,0.026,1.4,21672.6,0.725,0.03,178.6,0.026
33,0,11000,11000.0,443608.7537346251,43.44631576538086,0.546838957860227,3.47,16654.7,0.849,0.04,293.28,0.03,3.99,36104.6,0.81,0.04,293.28,0.03,253863.7492675858,21.612926483154297,0.5224956833470389,1.25,6833.7,0.7,0.03,178.6,0.026,1.29,20803.4,0.719,0.03,178.6,0.026
33,0,11500,11500.0,453405.2779263613,46.35557174682617,0.5471465229324415,3.53,16814.2,0.85,0.04,310.2,0.03,4.78,37351.0,0.817,0.04,310.2,0.03,260266.28096535278,25.587566375732422,0.5218042945832483,1.92,9896.8,0.715,0.02,167.32,0.025,1.21,19975.2,0.713,0.02,167.32,0.025
33,0,12000,12000.0,465681.18255673035,49.94150924682617,0.5575319061237334,2.0,9813.6,0.846,0.05,315.84,0.03,5.52,38999.2,0.825,0.05,315.84,0.03,272078.2363884478,28.214033126831055,0.5240112294635929,2.52,11068.04,0.738,0.02,163.56,0.025,1.38,19803.0,0.713,0.02,163.56,0.025
33,0,12500,12500.0,472747.56941945595,51.26591873168945,0.5654485822809372,2.39,11440.92,0.849,0.06,340.28,0.031,6.2,40442.4,0.833,0.06,340.28,0.031,286108.8497070181,31.406518936157227,0.5274502050021406,2.9,11844.120000000003,0.751,0.03,159.8,0.025,1.93,19909.6,0.715,0.03,159.8,0.025
33,0,13000,13000.0,479253.95124899875,52.041255950927734,0.5811947312446806,4.7,23215.2,0.846,0.07,347.8,0.031,6.37,42246.4,0.841,0.07,347.8,0.031,304814.795829216,37.47026062011719,0.5350864813541196,2.7,9967.3,0.763,0.03,157.92,0.025,2.75,20983.8,0.724,0.03,157.92,0.025
33,0,13500,13500.0,478976.8752925273,52.0055046081543,0.5918268292908848,2.15,11885.13,0.855,0.08,376.0,0.032,6.5,43747.0,0.847,0.08,376.0,0.032,323036.4951348063,41.062862396240234,0.5410579795854351,3.46,13791.44,0.782,0.04,171.08,0.025,3.6,22295.8,0.734,0.04,171.08,0.025
33,0,14000,14000.0,470809.56624440453,50.65420150756836,0.6014328147975274,4.28,24153.6,0.853,0.08,385.3999999999999,0.032,6.57,44181.6,0.849,0.08,385.3999999999999,0.032,343466.70175604883,44.95726776123047,0.5536543495828257,3.08,11431.8,0.79,0.04,176.72,0.026,4.33,24321.2,0.75,0.04,176.72,0.026
33,0,14500,14500.0,459465.30988089944,49.11662292480469,0.6107843643433787,8.75,53733.36,0.844,0.08,391.04,0.032,6.61,44263.6,0.85,0.08,391.04,0.032,358824.9641359369,46.53742218017578,0.5600556325557821,3.81,14919.959999999997,0.796,0.05,204.92000000000002,0.027,4.94,26330.2,0.763,0.05,204.92000000000002,0.027
33,0,15000,15000.0,433557.47267073614,44.9332160949707,0.6078461150842995,3.38,22182.96,0.841,0.08,392.92,0.032,6.23,42303.8,0.845,0.08,392.92,0.032,370805.1773434592,49.27326965332031,0.5694321414574105,3.64,12348.2,0.804,0.06,212.43999999999997,0.027,5.32,28560.6,0.779,0.06,212.43999999999997,0.027
33,0,15500,15500.0,410800.5357587924,41.28725051879883,0.6104634567030109,1.6,9531.42,0.823,0.07,362.84,0.031,5.85,40262.0,0.838,0.07,362.84,0.031,376042.48450274026,50.524688720703125,0.5717774795162478,3.68,12409.1,0.805,0.06,244.4,0.028,5.56,30668.0,0.793,0.06,244.4,0.028
33,0,16000,16000.0,383538.1944447056,36.52165222167969,0.6060042884492566,3.0,19339.2,0.821,0.06,359.08,0.032,5.34,38343.2,0.831,0.06,359.08,0.032,376476.14586446946,51.35630416870117,0.5735269104237886,4.28,11982.8,0.8,0.06,253.80000000000004,0.029,5.74,32365.4,0.803,0.06,253.80000000000004,0.029
33,0,16500,16500.0,358834.82459441,35.51195526123047,0.6042498602523371,4.89,36793.4,0.825,0.06,327.12,0.031,4.89,36793.4,0.825,0.06,327.12,0.031,374011.9510265699,52.41012954711914,0.5723947592008743,4.33,11953.8,0.8,0.07,280.12,0.03,5.93,33726.6,0.81,0.07,280.12,0.03
33,0,17000,17000.0,331673.5886002721,32.80393981933594,0.5943684846307822,1.83,11964.48,0.812,0.06,315.84,0.03,4.18,34325.2,0.814,0.06,315.84,0.03,370603.80190531665,54.68994903564453,0.5711270123052559,4.43,10898.2,0.784,0.07,287.64,0.03,6.11,34021.8,0.811,0.07,287.64,0.03
33,0,17500,17500.0,307784.02726124256,32.238487243652344,0.5877408407341387,1.36,7063.200000000001,0.771,0.04,282.0,0.03,4.37,31922.6,0.804,0.04,282.0,0.03,367500.2290336379,55.206329345703125,0.5696856990785597,4.44,10819.9,0.783,0.08,291.4,0.03,6.25,33874.2,0.811,0.08,291.4,0.03
33,0,18000,18000.0,283282.5328473948,30.29698944091797,0.5711861101916368,1.37,6793.2,0.764,0.04,274.48,0.029,4.32,29183.800000000003,0.792,0.04,274.48,0.029,366694.59565717843,55.005924224853516,0.572708247283423,2.99,7919.4,0.794,0.09,293.28,0.03,6.16,32652.4,0.805,0.09,293.28,0.03
33,0,18500,18500.0,264536.7341671022,27.861873626708984,0.5618806136447914,1.36,5931.36,0.745,0.05,236.88,0.028,4.14,26592.6,0.779,0.05,236.88,0.028,367887.9853847411,53.65673828125,0.5788770655685419,3.03,7416.9,0.783,0.1,276.36,0.03,5.97,31422.4,0.799,0.1,276.36,0.03
33,0,19000,19000.0,248988.9414565124,24.023788452148438,0.546504018596127,1.31,5754.24,0.739,0.05,227.48,0.028,3.75,24460.6,0.768,0.05,227.48,0.028,366873.0789724974,47.008399963378906,0.5837905163139336,2.81,7380.72,0.781,0.11,270.72,0.029,5.42,30422.0,0.793,0.11,270.72,0.029
33,0,19500,19500.0,239379.10889999365,20.334434509277344,0.53827418958426,0.95,4918.47,0.722,0.05,195.52,0.027,3.24,22681.2,0.758,0.05,195.52,0.027,367235.43065749254,41.05343246459961,0.592652596045696,2.33,7392.78,0.78,0.11,251.92000000000002,0.029,4.83,29798.800000000003,0.788,0.11,251.92000000000002,0.029
33,0,20000,20000.0,236082.01587597711,19.40658187866211,0.5321286383430018,1.72,9938.88,0.717,0.05,188.0,0.027,2.67,21254.4,0.746,0.05,188.0,0.027,361022.37332082225,32.4614372253418,0.5945600719079801,4.27,14887.92,0.774,0.11,248.16,0.028,4.16,30364.6,0.791,0.11,248.16,0.028
34,0,-20000,20000.0,692733.668874786,23.33372688293457,0.622236701026399,1.77,19496.7,0.798,0.04,447.44,0.03,1.9,55891.2,0.8,0.04,447.44,0.03,726595.3492207816,49.98893737792969,0.6155355084998954,2.41,10997.0,0.839,0.1,511.36000000000007,0.032,7.3,61352.399999999994,0.826,0.1,511.36000000000007,0.032
34,0,-19500,19500.0,686300.6877219663,25.524513244628906,0.6211939402053108,2.42,23752.32,0.791,0.05,492.56,0.031,2.06,59220.4,0.81,0.05,492.56,0.031,715664.5174363301,48.15639877319336,0.6072787293702357,3.52,15812.67,0.844,0.15,556.48,0.032,7.86,63541.799999999996,0.833,0.15,556.48,0.032
34,0,-19000,19000.0,671297.179789344,29.583478927612305,0.6197541749697857,2.29,19380.7,0.798,0.05,505.72,0.031,2.19,59326.99999999999,0.81,0.05,505.72,0.031,702039.8437276601,40.11835861206055,0.602292581570497,3.18,15485.040000000003,0.839,0.16,569.64,0.032,6.89,63320.4,0.834,0.16,569.64,0.032
34,0,-18500,18500.0,651736.9906618532,30.42328453063965,0.6154513959133532,2.32,19380.7,0.798,0.04,509.48,0.031,2.46,58589.0,0.807,0.04,509.48,0.031,689776.9979458584,40.44709014892578,0.5997842861600243,3.32,17767.3,0.807,0.16,571.52,0.033,5.62,62648.00000000001,0.834,0.16,571.52,0.033
34,0,-18000,18000.0,629491.2442573662,28.80361557006836,0.6090486447965276,1.3,11395.26,0.795,0.05,509.48,0.031,2.68,56588.200000000004,0.801,0.05,509.48,0.031,679361.3124340351,43.77648162841797,0.5995619206101317,2.28,12124.320000000002,0.811,0.15,573.4,0.033,5.22,61024.4,0.829,0.15,573.4,0.033
34,0,-17500,17500.0,610467.3206398115,26.195594787597656,0.6047442584608971,1.6,13276.05,0.799,0.06,485.04,0.03,3.18,54521.799999999996,0.796,0.06,485.04,0.03,674020.8802612857,46.109073638916016,0.6033817902281764,3.0,15424.56,0.814,0.08,530.16,0.032,6.82,59810.8,0.824,0.08,530.16,0.032
34,0,-17000,17000.0,591040.6412381071,20.985092163085938,0.5989253491563048,2.97,26842.320000000003,0.794,0.06,479.3999999999999,0.03,3.05,52840.8,0.792,0.06,479.3999999999999,0.03,668151.8475744093,45.65864944458008,0.6037363055990187,2.84,15221.52,0.81,0.09,524.52,0.032,7.72,59138.40000000001,0.816,0.09,524.52,0.032
34,0,-16500,16500.0,572579.6318741017,16.832111358642578,0.5942130629963205,4.75,59418.84,0.781,0.06,460.6000000000001,0.03,2.72,50954.8,0.787,0.06,460.6000000000001,0.03,666180.8239147279,43.96982192993164,0.6063362030469606,3.55,22433.4,0.822,0.1,509.48,0.031,8.24,58982.600000000006,0.812,0.1,509.48,0.031
34,0,-16000,16000.0,553157.709074201,19.897151947021484,0.5889388560389015,1.86,23292.72,0.768,0.06,456.84000000000003,0.03,1.96,48380.0,0.778,0.06,456.84000000000003,0.03,663781.6797147125,38.170021057128906,0.6062692489023159,4.32,26005.92,0.789,0.91,14717.01,0.102,7.37,57621.4,0.805,0.11,505.72,0.031
34,0,-15500,15500.0,536509.1657793476,22.958112716674805,0.5866873307047866,1.12,13578.84,0.756,0.04,413.6000000000001,0.029,1.59,46428.4,0.771,0.04,413.6000000000001,0.029,665321.0280394579,31.53187370300293,0.6080946698659349,8.2,58657.06,0.778,0.09,486.92,0.031,6.35,56432.399999999994,0.801,0.09,486.92,0.031
34,0,-15000,15000.0,519476.7909534691,25.089502334594727,0.5807298349297707,1.29,13603.899999999998,0.736,0.04,402.32,0.029,1.56,46215.2,0.769,0.04,402.32,0.029,668696.6685396822,24.135839462280273,0.6092789775448593,2.74,25259.28,0.782,0.09,481.28,0.03,5.03,55628.8,0.798,0.09,481.28,0.03
34,0,-14500,14500.0,504217.2358122137,25.78874969482422,0.5756588116815202,1.06,11756.88,0.765,0.03,398.56,0.029,1.97,46428.4,0.77,0.03,398.56,0.029,672906.1812151789,24.690706253051758,0.611109466588134,1.07,12711.24,0.789,0.07,473.76,0.03,3.78,54849.8,0.796,0.07,473.76,0.03
34,0,-14000,14000.0,489870.35961419553,25.105884552001953,0.569407580817319,0.65,7386.4,0.757,0.03,398.56,0.029,2.4,45698.6,0.767,0.03,398.56,0.029,676465.0494259968,25.42421531677246,0.6124817407042586,1.36,16939.26,0.79,0.06,471.87999999999994,0.03,2.48,54726.799999999996,0.794,0.06,471.87999999999994,0.03
34,0,-13500,13500.0,476944.1491975703,23.78601837158203,0.5636604726305551,0.9,9563.58,0.742,0.04,387.28,0.029,2.73,44755.6,0.764,0.04,387.28,0.029,678635.5414070269,26.99877166748047,0.6130855838173782,1.29,14832.72,0.8,0.05,475.63999999999993,0.03,2.41,54710.4,0.793,0.05,475.63999999999993,0.03
34,0,-13000,13000.0,466052.06964140944,23.37812614440918,0.5561084937250939,1.77,19224.96,0.736,0.04,383.52,0.029,2.56,42189.0,0.753,0.04,383.52,0.029,679344.2577670583,29.254409790039062,0.6128028411394152,1.29,14819.76,0.8,0.05,477.52,0.031,3.07,55563.200000000004,0.794,0.05,477.52,0.031
34,0,-12500,12500.0,460278.6728239621,21.62657356262207,0.5527348929317695,3.38,43189.21,0.726,0.03,347.8,0.028,2.23,39688.0,0.745,0.03,347.8,0.028,680157.3092438048,30.464445114135742,0.6127349332450184,1.46,14888.880000000001,0.805,0.05,486.92,0.031,3.68,56727.600000000006,0.797,0.05,486.92,0.031
34,0,-12000,12000.0,459215.4945520251,19.156612396240234,0.5478666421893814,1.38,18429.36,0.728,0.03,340.28,0.028,1.74,38507.2,0.74,0.03,340.28,0.028,681778.3391035583,30.428043365478516,0.6145664788160479,1.39,14839.2,0.805,0.05,490.68,0.031,3.63,56883.40000000001,0.798,0.05,490.68,0.031
34,0,-11500,11500.0,462517.4382642452,18.349599838256836,0.545778895311488,0.78,9637.92,0.726,0.03,323.36,0.027,1.66,37613.4,0.737,0.03,323.36,0.027,680821.02134577,29.9886474609375,0.6151957169171404,1.62,17030.7,0.801,0.06,492.56,0.031,3.41,57244.2,0.803,0.06,492.56,0.031
34,0,-11000,11000.0,471584.19994265225,19.01095199584961,0.5448904138900665,0.8,9653.04,0.724,0.03,319.6,0.027,1.55,37072.2,0.731,0.03,319.6,0.027,678369.1924478058,29.491519927978516,0.612020059554981,2.39,22075.56,0.78,0.06,492.56,0.031,3.65,57039.2,0.805,0.06,492.56,0.031
34,0,-10500,10500.0,486674.0118049554,19.28410530090332,0.5479683560412715,0.87,9704.88,0.72,0.04,312.08,0.027,1.43,36760.6,0.727,0.04,312.08,0.027,677138.6340284109,29.81415557861328,0.6079548359576092,2.89,22702.12,0.785,0.05,486.92,0.031,3.99,57170.4,0.81,0.05,486.92,0.031
34,0,-10000,10000.0,508488.99363928265,19.938037872314453,0.5533987121969708,0.84,9918.72,0.723,0.04,312.08,0.027,1.37,36834.4,0.723,0.04,312.08,0.027,682346.7802991305,33.31010437011719,0.605037864845688,2.69,19111.0,0.799,0.05,485.04,0.031,4.13,57777.19999999999,0.813,0.05,485.04,0.031
34,0,-9500,9500.0,534475.3194139448,21.063785552978516,0.56114029569727,0.79,10553.76,0.732,0.04,312.08,0.027,1.36,37211.6,0.722,0.04,312.08,0.027,691090.5117993028,36.13340759277344,0.6022782889308494,3.46,23958.8,0.792,0.05,492.56,0.031,4.02,58408.6,0.816,0.05,492.56,0.031
34,0,-9000,9000.0,566070.3243427698,21.200557708740234,0.5715430300227698,1.08,19652.09,0.454,0.04,313.96,0.027,1.48,38745.0,0.726,0.04,313.96,0.027,704231.2825292407,39.39448547363281,0.6052967845988766,2.97,21039.5,0.814,0.05,492.56,0.031,3.31,57301.59999999999,0.813,0.05,492.56,0.031
34,0,-8500,8500.0,596354.3723803014,21.236875534057617,0.5803405728906759,1.07,21695.36,0.475,0.04,336.52,0.027,1.62,40532.6,0.733,0.04,336.52,0.027,716605.3288226464,40.518272399902344,0.6098849028949159,9.29,73941.48,0.833,0.06,483.15999999999997,0.031,3.82,55792.80000000001,0.81,0.06,483.15999999999997,0.031
34,0,-8000,8000.0,627055.7143424987,21.855388641357422,0.5903274978620036,1.32,23901.84,0.787,0.04,342.16,0.027,1.66,43427.2,0.743,0.04,342.16,0.027,727067.6512802504,38.45562744140625,0.6174680093155004,1.94,13937.34,0.81,0.07,479.3999999999999,0.031,4.14,56301.2,0.81,0.07,479.3999999999999,0.031
34,0,-7500,7500.0,654420.0684409181,22.28516960144043,0.5975001173272247,1.69,25197.68,0.797,0.03,383.52,0.028,1.66,46535.0,0.754,0.03,383.52,0.028,732887.408613252,34.65900421142578,0.6250666002853887,2.31,17413.92,0.836,0.08,486.92,0.031,4.28,57383.6,0.812,0.08,486.92,0.031
34,0,-7000,7000.0,679673.7178802316,23.8004150390625,0.6054264883988276,1.57,20459.5,0.803,0.03,394.8,0.029,1.6,49519.8,0.767,0.03,394.8,0.029,729825.2068092667,32.724388122558594,0.6264324619102916,3.82,25881.84,0.847,0.08,490.68,0.031,4.27,61778.8,0.821,0.08,490.68,0.031
34,0,-6500,6500.0,701362.7786558302,25.195144653320312,0.6111561117478707,2.0,26069.88,0.801,0.03,436.15999999999997,0.029,1.91,52553.8,0.782,0.03,436.15999999999997,0.029,723797.7791914634,31.78423309326172,0.6239482678265639,3.49,25529.58,0.843,0.07,556.48,0.032,6.16,66231.4,0.83,0.07,556.48,0.032
34,0,-6000,6000.0,716001.0700701795,29.182514190673828,0.617696910861774,1.66,19747.8,0.803,0.03,449.32,0.03,2.14,54333.200000000004,0.789,0.03,449.32,0.03,712739.3987748462,26.807172775268555,0.6177475557247538,3.12,25205.129999999997,0.84,0.08,575.28,0.032,5.85,65919.8,0.827,0.08,575.28,0.032
34,0,-5500,5500.0,722635.8857687514,30.654808044433594,0.6206720097212785,2.67,27162.8,0.81,0.04,473.76,0.03,2.17,55792.80000000001,0.796,0.04,473.76,0.03,705862.565186263,23.936843872070312,0.6133207224071828,2.03,23060.67,0.824,0.08,565.88,0.032,5.31,64919.4,0.824,0.08,565.88,0.032
34,0,-5000,5000.0,720914.68714654,29.890596389770508,0.6263572362175183,2.98,22100.9,0.816,0.04,481.28,0.03,2.48,57047.399999999994,0.8,0.04,481.28,0.03,705614.7526643991,22.499433517456055,0.6124564184039851,1.15,14214.96,0.793,0.08,565.88,0.032,3.47,59482.80000000001,0.808,0.08,565.88,0.032
34,0,-4500,4500.0,709766.8789154841,27.887550354003906,0.6280341126861021,3.08,22158.9,0.817,0.05,501.96,0.031,2.71,58015.0,0.803,0.05,501.96,0.031,712949.6066392343,24.841617584228516,0.6172517540956931,1.45,19357.5,0.794,0.05,488.8,0.031,2.47,54259.4,0.793,0.05,488.8,0.031
34,0,-4000,4000.0,686703.5929476552,26.009241104125977,0.6246462335417282,1.69,12990.84,0.813,0.05,509.48,0.031,2.87,58900.6,0.805,0.05,509.48,0.031,723428.683245976,28.932313919067383,0.620879490012241,1.88,20117.3,0.803,0.05,466.24,0.03,2.2,54767.80000000001,0.794,0.05,466.24,0.03
34,0,-3500,3500.0,659907.8486843316,25.425338745117188,0.6190402985663556,2.13,15143.34,0.817,0.07,524.52,0.031,3.9,59491.0,0.807,0.07,524.52,0.031,731339.888269433,31.281030654907227,0.6236277023530185,1.9,18506.44,0.806,0.04,475.63999999999993,0.03,2.34,56293.00000000001,0.8,0.04,475.63999999999993,0.03
34,0,-3000,3000.0,627432.4337822077,23.338388442993164,0.6069818475447387,3.85,30648.96,0.812,0.65,12095.93,0.097,3.55,58687.399999999994,0.805,0.08,528.28,0.031,735073.0698210305,33.059383392333984,0.6255768944346587,2.43,20221.7,0.806,0.04,479.3999999999999,0.03,2.59,58941.59999999999,0.807,0.04,479.3999999999999,0.03
34,0,-2500,2500.0,598736.824325246,20.858686447143555,0.5961309319623411,1.24,12811.74,0.79,0.68,12237.61,0.097,3.69,57301.59999999999,0.801,0.09,522.64,0.031,731494.2392673099,33.66938018798828,0.6220573654278597,1.97,16288.56,0.817,0.04,513.24,0.031,2.77,61672.19999999999,0.815,0.04,513.24,0.031
34,0,-2000,2000.0,574444.893604002,21.956886291503906,0.5842995167240448,2.39,25969.2,0.786,0.7,12538.68,0.097,3.28,52758.8,0.787,0.09,520.76,0.031,723310.2371138707,33.22571563720703,0.6183051198000202,1.89,16059.599999999999,0.814,0.04,522.64,0.031,2.86,62631.59999999999,0.818,0.04,522.64,0.031
34,0,-1500,1500.0,561619.099337297,23.186481475830078,0.5799389617518338,4.17,57087.05,0.773,0.05,445.56,0.03,2.13,48675.2,0.776,0.05,445.56,0.03,716960.3279660605,31.984848022460938,0.6172344813299911,1.78,14182.56,0.81,0.07,532.04,0.031,3.74,63279.4,0.82,0.07,532.04,0.031
34,0,-1000,1000.0,559288.4303341792,24.401615142822266,0.5764860116279802,1.08,16327.560000000001,0.768,0.05,430.52,0.03,2.0,45239.4,0.763,0.05,430.52,0.03,711049.0734760714,34.39588165283203,0.618566400407928,1.39,12115.62,0.805,0.08,535.8,0.031,3.52,61926.4,0.816,0.08,535.8,0.031
34,0,-500,500.0,565845.3382361331,24.908044815063477,0.5790636875105181,1.1,19372.19,0.45,0.03,379.76,0.029,2.01,42746.6,0.754,0.03,379.76,0.029,704228.9280620464,36.18404006958008,0.6199332407845205,1.22,9956.8,0.809,0.07,520.76,0.031,3.39,60327.399999999994,0.812,0.07,520.76,0.031
34,0,0,0.0,580228.756197961,25.692903518676758,0.5832304566925965,1.2,20749.92,0.465,0.03,366.6,0.028,1.82,43164.8,0.755,0.03,366.6,0.028,695388.5123633267,33.400245666503906,0.6169462240671479,1.17,9942.8,0.808,0.07,517.0,0.031,4.16,59933.8,0.812,0.07,517.0,0.031
34,0,500,500.0,596375.6891981732,26.706634521484375,0.5883719505205767,1.23,21863.3,0.476,0.02,374.12,0.028,1.98,44017.6,0.759,0.02,374.12,0.028,687603.189357782,30.602102279663086,0.6129738836174217,1.89,16659.86,0.792,0.07,517.0,0.031,4.87,59810.8,0.814,0.07,517.0,0.031
34,0,1000,1000.0,612703.5214598629,26.632200241088867,0.5951799924482912,1.2,23048.21,0.488,0.02,377.87999999999994,0.029,2.13,45485.4,0.762,0.02,377.87999999999994,0.029,681544.1242107875,31.713186264038086,0.6084191033928913,2.76,18763.0,0.79,0.07,515.12,0.031,4.26,59326.99999999999,0.813,0.07,515.12,0.031
34,0,1500,1500.0,624754.3395940795,26.084074020385742,0.599176066996658,1.08,15885.16,0.784,0.03,396.68,0.029,2.26,47158.2,0.768,0.03,396.68,0.029,676935.407731171,34.7725715637207,0.6043606021594209,2.64,16926.56,0.794,0.06,511.36000000000007,0.031,3.36,58630.0,0.811,0.06,511.36000000000007,0.031
34,0,2000,2000.0,633366.507765207,25.193561553955078,0.604792642432883,1.65,18591.9,0.794,0.03,404.2,0.029,2.3,48568.6,0.772,0.03,404.2,0.029,677105.0924867806,38.11064529418945,0.6053934121566644,1.85,11477.039999999997,0.795,0.06,513.24,0.031,3.48,56358.6,0.803,0.06,513.24,0.031
34,0,2500,2500.0,638249.9522152285,24.682043075561523,0.6091359605559634,1.7,18644.1,0.795,0.03,421.12000000000006,0.029,2.27,50003.6,0.778,0.03,421.12000000000006,0.029,681439.2047812287,39.60152053833008,0.611021807025904,2.56,14707.44,0.804,0.07,481.28,0.031,4.0,54349.6,0.798,0.07,481.28,0.031
34,0,3000,3000.0,635264.818391507,25.392578125,0.6108365226287144,1.07,11153.399999999998,0.795,0.03,428.63999999999993,0.029,2.09,51291.0,0.784,0.03,428.63999999999993,0.029,684780.1905666373,37.459754943847656,0.6163162727215832,1.56,9448.6,0.8,0.07,473.76,0.03,4.59,54981.0,0.8,0.07,473.76,0.03
34,0,3500,3500.0,627498.6095988927,26.120765686035156,0.6094891768547778,1.46,13923.359999999999,0.799,0.04,445.56,0.03,2.59,52504.6,0.79,0.04,445.56,0.03,684107.3307745241,34.17806625366211,0.6195162991591288,2.18,13605.69,0.802,0.09,481.28,0.03,4.99,56145.4,0.803,0.09,481.28,0.03
34,0,4000,4000.0,615944.4376625724,25.860767364501953,0.607233114121179,2.3,26103.84,0.793,0.05,449.32,0.03,2.82,52734.2,0.793,0.05,449.32,0.03,676078.5867554387,28.25484848022461,0.6186999982018961,4.01,27340.080000000005,0.796,0.1,485.04,0.031,4.27,57514.8,0.807,0.1,485.04,0.031
34,0,4500,4500.0,603481.7613421602,26.318832397460938,0.6040416218674866,1.07,12478.08,0.793,0.06,454.96,0.03,2.86,52783.40000000001,0.796,0.06,454.96,0.03,665650.6969147085,29.46586036682129,0.6160738527294307,1.74,15115.68,0.813,0.09,500.08,0.031,4.33,58941.59999999999,0.811,0.09,500.08,0.031
34,0,5000,5000.0,589195.9308797483,26.39177131652832,0.5995205108957734,0.97,12248.94,0.787,0.06,456.84000000000003,0.03,2.19,51340.2,0.791,0.06,456.84000000000003,0.03,652423.9460914752,30.958568572998047,0.6134679468905392,1.57,13245.900000000001,0.802,0.08,507.6000000000001,0.031,3.31,58506.99999999999,0.811,0.08,507.6000000000001,0.031
34,0,5500,5500.0,577293.7400785292,25.160240173339844,0.5965984172498144,1.0,12607.92,0.78,0.04,438.04,0.03,2.23,49880.6,0.787,0.04,438.04,0.03,638829.5023132843,33.22747039794922,0.6117388160943342,1.62,12855.96,0.801,0.07,501.96,0.031,3.31,57801.799999999996,0.811,0.07,501.96,0.031
34,0,6000,6000.0,565368.0942263212,22.6919002532959,0.594524350287972,1.01,12484.8,0.778,0.04,432.3999999999999,0.03,2.12,48634.2,0.782,0.04,432.3999999999999,0.03,623714.4809225545,35.42338562011719,0.6110100403833225,1.54,12769.53,0.801,0.07,500.08,0.031,3.61,55956.799999999996,0.808,0.07,500.08,0.031
34,0,6500,6500.0,551864.62998755,22.74289894104004,0.592315702797094,0.94,12061.44,0.773,0.03,417.36000000000007,0.029,2.17,47404.2,0.778,0.03,417.36000000000007,0.029,608681.8029838818,35.68403625488281,0.6116827832665452,1.69,13793.76,0.806,0.07,475.63999999999993,0.031,4.12,54128.200000000004,0.807,0.07,475.63999999999993,0.031
34,0,7000,7000.0,533620.2520626801,24.16072654724121,0.5875925741292987,1.47,14157.8,0.744,0.04,413.6000000000001,0.029,2.07,46420.2,0.774,0.04,413.6000000000001,0.029,588696.2939199846,33.44023132324219,0.6086648539734475,1.57,13575.6,0.803,0.07,471.87999999999994,0.031,4.37,53176.99999999999,0.805,0.07,471.87999999999994,0.031
34,0,7500,7500.0,514927.4689945312,25.97379493713379,0.5837551569020138,1.53,14065.0,0.743,0.04,398.56,0.029,1.94,45772.4,0.772,0.04,398.56,0.029,567990.4267895446,30.926347732543945,0.6055269834489705,1.43,12047.94,0.796,0.07,456.84000000000003,0.03,4.46,52504.6,0.805,0.07,456.84000000000003,0.03
34,0,8000,8000.0,494239.3361520499,27.579893112182617,0.576451772243044,1.75,12754.2,0.724,0.04,392.92,0.029,1.98,45887.2,0.771,0.04,392.92,0.029,543369.9511424967,30.43193817138672,0.5987071529910065,2.01,14494.2,0.761,0.07,453.08,0.03,3.98,51012.2,0.801,0.07,453.08,0.03
34,0,8500,8500.0,472958.502788823,26.75543212890625,0.5671546275496344,1.76,12661.399999999998,0.723,0.05,392.92,0.029,2.11,46198.8,0.771,0.05,392.92,0.029,520415.2572450045,29.414175033569336,0.5933399673568813,1.56,11821.68,0.78,0.06,434.28,0.03,3.86,49511.6,0.798,0.06,434.28,0.03
34,0,9000,9000.0,454210.07135999703,23.675636291503906,0.5565745760712667,1.21,9623.88,0.742,0.05,392.92,0.029,2.59,44230.8,0.762,0.05,392.92,0.029,496406.16802995995,26.149822235107422,0.5840770748046394,0.98,7495.6,0.774,0.05,428.63999999999993,0.03,3.9,47207.4,0.789,0.05,428.63999999999993,0.03
34,0,9500,9500.0,440934.09179756715,21.75160026550293,0.549879161994696,1.25,8850.03,0.727,0.05,366.6,0.028,2.98,42074.2,0.753,0.05,366.6,0.028,476903.8837721804,24.40939712524414,0.578055383273335,1.35,9923.37,0.76,0.05,394.8,0.029,3.56,44927.8,0.781,0.05,394.8,0.029
34,0,10000,10000.0,433972.87070290005,21.35501480102539,0.5446922776052122,2.21,17817.36,0.722,0.05,359.08,0.028,2.82,39097.6,0.741,0.05,359.08,0.028,461412.09281686315,24.667640686035156,0.5683396168286069,2.51,20020.56,0.755,0.06,387.28,0.029,3.32,42435.0,0.768,0.06,387.28,0.029
34,0,10500,10500.0,433188.0273283345,20.80859375,0.5451370754227286,3.77,39640.43,0.708,0.05,319.6,0.027,2.47,36170.2,0.729,0.05,319.6,0.027,454671.819047445,24.033939361572266,0.5655401884503233,1.67,11713.1,0.724,0.06,353.44,0.029,2.98,40196.4,0.757,0.06,353.44,0.029
34,0,11000,11000.0,437121.1630555191,20.674070358276367,0.5488088159592032,0.88,13209.5,0.735,0.05,310.2,0.027,1.83,34718.8,0.721,0.05,310.2,0.027,452485.19895739155,22.54324722290039,0.5591437725109308,1.62,11468.6,0.627,0.05,345.92,0.029,2.45,38449.8,0.749,0.05,345.92,0.029
34,0,11500,11500.0,443317.12480600807,20.504322052001953,0.554798412672736,0.9,13299.4,0.737,0.03,289.52,0.027,1.78,33734.8,0.717,0.03,289.52,0.027,455374.8679726786,23.51481056213379,0.5555056223629603,2.06,13121.68,0.656,0.04,317.72,0.028,2.71,37195.2,0.745,0.04,317.72,0.028
34,0,12000,12000.0,448269.2720527332,20.116262435913086,0.5607566329708888,0.68,9419.76,0.731,0.03,283.88,0.026,1.76,34358.0,0.722,0.03,283.88,0.026,463048.21598385816,27.667171478271484,0.5541937983620323,2.39,13942.8,0.769,0.04,312.08,0.028,2.43,36457.2,0.743,0.04,312.08,0.028
34,0,12500,12500.0,451296.3254507098,19.857770919799805,0.5655852967938596,1.22,10684.96,0.6,0.03,293.28,0.027,1.82,35284.6,0.729,0.03,293.28,0.027,473570.06112664426,31.582300186157227,0.5554992428068243,2.6,13215.62,0.774,0.05,298.92,0.027,2.18,36145.6,0.744,0.05,298.92,0.027
34,0,13000,13000.0,447597.8609007893,20.78372573852539,0.5641936742502527,1.36,11472.3,0.719,0.03,297.04,0.027,1.89,36801.6,0.737,0.03,297.04,0.027,483545.9891267243,36.58451843261719,0.5587485668323517,1.79,8788.74,0.77,0.05,298.92,0.028,2.8,37318.2,0.753,0.05,298.92,0.028
34,0,13500,13500.0,439145.80957099824,21.897411346435547,0.5581200904852884,1.49,10901.68,0.725,0.03,317.72,0.027,1.93,38195.6,0.745,0.03,317.72,0.027,490202.7228151908,39.222232818603516,0.5607033614666751,2.62,11610.0,0.786,0.05,308.32,0.028,3.94,38950.0,0.766,0.05,308.32,0.028
34,0,14000,14000.0,426911.8922029086,24.53658103942871,0.5491305779474748,1.78,10342.88,0.71,0.03,325.24,0.028,1.86,38818.8,0.748,0.03,325.24,0.028,491514.05974352267,37.94658660888672,0.5645396923262259,2.56,11733.12,0.785,0.05,315.84,0.028,5.0,42025.0,0.779,0.05,315.84,0.028
34,0,14500,14500.0,414751.135473648,27.7819881439209,0.5409772399337894,1.72,9590.4,0.738,0.03,330.88,0.028,2.11,39327.2,0.752,0.03,330.88,0.028,482715.13891074434,35.213531494140625,0.5622516159548963,2.45,12225.6,0.79,0.09,360.96,0.029,5.8,44944.2,0.791,0.09,360.96,0.029
34,0,15000,15000.0,402503.637545135,28.523725509643555,0.534108151699997,1.83,9387.36,0.732,0.03,332.76,0.028,2.93,38097.2,0.745,0.03,332.76,0.028,465562.3361556377,40.00000762939453,0.5601765939874126,2.83,14089.04,0.757,0.1,374.12,0.029,5.19,46166.0,0.792,0.1,374.12,0.029
34,0,15500,15500.0,393411.91223366774,27.997636795043945,0.5305975424995885,2.17,8866.8,0.717,0.06,313.96,0.028,3.86,37105.0,0.741,0.06,313.96,0.028,446636.8288983988,39.48171615600586,0.5578514701124697,1.51,7148.4,0.763,0.1,391.04,0.029,5.67,47084.4,0.793,0.1,391.04,0.029
34,0,16000,16000.0,384968.6119791484,24.93914222717285,0.526885720381473,3.03,13528.02,0.744,0.07,308.32,0.028,4.42,35661.8,0.73,0.07,308.32,0.028,422643.0145452232,40.647830963134766,0.551099409142029,1.43,6924.4,0.757,0.1,396.68,0.03,5.89,45493.6,0.783,0.1,396.68,0.03
34,0,16500,16500.0,379130.4470042838,21.91040802001953,0.5264890672177437,2.33,12971.819999999998,0.732,0.08,285.76,0.026,4.82,34407.2,0.72,0.08,285.76,0.026,401441.00340363156,41.893314361572266,0.5458806767755141,2.34,9329.04,0.736,0.08,372.24,0.029,5.68,43812.6,0.774,0.08,372.24,0.029
34,0,17000,17000.0,371652.65128670365,22.787548065185547,0.524979830342304,1.17,8406.72,0.702,0.08,282.0,0.026,3.87,33292.0,0.711,0.08,282.0,0.026,378214.4438155691,38.06713104248047,0.534820610438519,3.33,13803.03,0.756,0.08,368.48,0.029,6.4,39909.4,0.758,0.08,368.48,0.029
34,0,17500,17500.0,362472.96581026306,23.09097671508789,0.5228352618276259,0.96,8490.96,0.704,0.06,272.6,0.026,2.78,32119.4,0.703,0.06,272.6,0.026,360311.0245052231,31.842700958251953,0.5301640524305143,2.0,7426.950000000001,0.708,0.07,313.96,0.028,6.71,35784.8,0.737,0.07,313.96,0.028
34,0,18000,18000.0,349843.2915346261,22.085716247558594,0.5190308592268421,0.93,8357.039999999999,0.7,0.06,270.72,0.026,2.08,31922.6,0.7,0.06,270.72,0.026,343274.015776953,27.36353302001953,0.5225252228222774,3.83,14965.44,0.702,0.08,300.8,0.027,5.66,32964.00000000001,0.722,0.08,300.8,0.027
34,0,18500,18500.0,333166.4885529978,20.5081787109375,0.5117910269948878,0.83,7260.119999999999,0.684,0.05,274.48,0.026,2.03,31635.6,0.698,0.05,274.48,0.026,329000.52085617394,28.521108627319336,0.5190077958904283,6.65,33025.95,0.685,0.08,265.08,0.026,4.2,30717.2,0.71,0.08,265.08,0.026
34,0,19000,19000.0,311385.6298116952,17.96306610107422,0.4971351367521276,0.86,7732.799999999999,0.682,0.05,276.36,0.026,2.08,30643.399999999998,0.69,0.05,276.36,0.026,315352.6545535966,29.427030563354492,0.5112681359644433,1.4,7791.12,0.706,0.08,253.80000000000004,0.026,3.78,30430.2,0.707,0.08,253.80000000000004,0.026
34,0,19500,19500.0,292440.51411281247,15.121463775634766,0.4845530411942465,0.83,7307.28,0.675,0.04,255.68000000000004,0.025,2.1,29872.6,0.685,0.04,255.68000000000004,0.025,303789.8068675662,29.763967514038086,0.5048118486621578,1.54,7441.200000000001,0.699,0.05,253.80000000000004,0.026,3.94,30807.4,0.713,0.05,253.80000000000004,0.026
34,0,20000,20000.0,275207.653493018,14.865096092224121,0.46997960881851086,0.79,6855.84,0.66,0.04,251.92000000000002,0.025,1.94,28724.6,0.678,0.04,251.92000000000002,0.025,292829.4249795531,28.935684204101562,0.49255489192637003,1.44,7099.919999999999,0.687,0.05,255.68000000000004,0.026,3.5,29905.4,0.707,0.05,255.68000000000004,0.026
35,0,-20000,20000.0,311600.5708657525,13.542745590209961,0.47610386631832624,0.99,8410.0,0.617,0.03,251.92000000000002,0.025,1.2,30110.4,0.673,0.03,251.92000000000002,0.025,215447.5726720343,9.02197551727295,0.4016793979392995,0.67,7650.2,0.597,0.04,95.88,0.016,0.63,13497.2,0.503,0.04,95.88,0.016
35,0,-19500,19500.0,306799.7128388954,15.528214454650879,0.4728111501161264,0.94,7647.94,0.624,0.03,236.88,0.024,1.12,29019.8,0.665,0.03,236.88,0.024,234472.513944263,9.819437026977539,0.4182942427773311,0.68,7751.7,0.6,0.02,97.76,0.016,0.49,14062.999999999998,0.515,0.02,97.76,0.016
35,0,-19000,19000.0,305329.96657415864,16.99613380432129,0.47195607045376253,1.37,8760.9,0.629,0.03,233.12,0.024,1.16,27789.8,0.656,0.03,233.12,0.024,255220.44682698353,9.829798698425293,0.4345876149142721,0.39,4597.08,0.598,0.01,99.64,0.016,0.68,15965.399999999998,0.544,0.01,99.64,0.016
35,0,-18500,18500.0,306000.30703292217,17.922109603881836,0.4739837952032079,1.28,7787.64,0.631,0.03,218.07999999999998,0.023,1.47,26576.199999999997,0.647,0.03,218.07999999999998,0.023,274697.21508983755,9.20824909210205,0.446955253355961,0.54,5646.24,0.6,0.01,127.84000000000002,0.018,0.89,17908.8,0.57,0.01,127.84000000000002,0.018
35,0,-18000,18000.0,308704.434879536,19.09473991394043,0.47906579957976125,0.93,5333.1,0.634,0.03,214.31999999999996,0.023,1.69,25977.6,0.642,0.03,214.31999999999996,0.023,294174.27670606173,8.152252197265625,0.46016451091307103,0.53,5773.68,0.603,0.02,137.24,0.019,0.96,19819.4,0.592,0.02,137.24,0.019
35,0,-17500,17500.0,311381.26527699863,20.68009376525879,0.48442192159817427,1.34,6715.44,0.643,0.04,206.80000000000004,0.023,1.84,25387.2,0.638,0.04,206.80000000000004,0.023,311604.57229570346,8.251935005187988,0.46998431919798483,0.52,6207.84,0.619,0.02,163.56,0.02,0.98,21598.8,0.609,0.02,163.56,0.02
35,0,-17000,17000.0,312561.0346931062,22.8701114654541,0.48979685219660946,1.33,6773.76,0.646,0.05,206.80000000000004,0.023,2.12,25387.2,0.64,0.05,206.80000000000004,0.023,327766.48957398115,8.535028457641602,0.4813263909164407,0.51,6421.68,0.626,0.03,171.08,0.021,0.95,22746.8,0.619,0.03,171.08,0.021
35,0,-16500,16500.0,312007.95334469585,24.909236907958984,0.49301254423006197,1.32,7039.4400000000005,0.661,0.06,208.68000000000004,0.023,2.36,25518.4,0.646,0.06,208.68000000000004,0.023,342504.7627591728,9.57707405090332,0.4912827646863492,0.99,13560.040000000003,0.677,0.02,186.12,0.022,1.0,23903.0,0.629,0.02,186.12,0.022
35,0,-16000,16000.0,309547.9074254028,26.878042221069336,0.4952039477859325,1.2,7026.48,0.661,0.06,210.56000000000003,0.023,2.4,26035.0,0.654,0.06,210.56000000000003,0.023,353452.1437679046,11.515132904052734,0.5008692904342402,1.27,13656.16,0.679,0.02,191.76,0.022,1.02,25469.2,0.642,0.02,191.76,0.022
35,0,-15500,15500.0,305720.713374624,27.95023536682129,0.49625199884822735,1.04,6564.659999999999,0.66,0.06,219.96,0.024,2.34,26436.8,0.66,0.06,219.96,0.024,360093.3538006947,13.543697357177734,0.5067795796324439,1.46,13734.48,0.682,0.02,214.31999999999996,0.023,1.02,27109.200000000004,0.654,0.02,214.31999999999996,0.023
35,0,-15000,15000.0,300704.2237528876,28.09942054748535,0.49586405400987094,1.04,6375.72,0.657,0.06,223.72,0.024,2.32,26469.6,0.663,0.06,223.72,0.024,360785.37459622946,15.434348106384277,0.5128173338432879,1.24,11072.2,0.687,0.02,221.84,0.023,0.97,28634.4,0.664,0.02,221.84,0.023
35,0,-14500,14500.0,296366.8295731244,26.31797981262207,0.4958841081641687,1.14,6793.2,0.666,0.04,221.84,0.024,2.85,26584.4,0.666,0.04,221.84,0.024,354577.4320305326,17.081096649169922,0.512859448309726,1.27,11075.1,0.688,0.02,244.4,0.024,1.0,29954.6,0.673,0.02,244.4,0.024
35,0,-14000,14000.0,290032.4326717302,23.386920928955078,0.4901729541337336,2.04,12105.36,0.646,0.04,221.84,0.024,3.01,26420.4,0.67,0.04,221.84,0.024,339173.2979659012,17.352252960205078,0.5070857693925761,0.68,6549.36,0.684,0.02,251.92000000000002,0.025,1.06,30471.199999999997,0.677,0.02,251.92000000000002,0.025
35,0,-13500,13500.0,286590.44820131495,23.66327476501465,0.4872711336260213,3.85,26913.13,0.633,0.04,216.19999999999996,0.024,3.09,26420.4,0.675,0.04,216.19999999999996,0.024,320010.8024512267,16.578044891357422,0.49750123100115684,0.8,7627.950000000001,0.688,0.03,259.44,0.025,1.53,31020.6,0.685,0.03,259.44,0.025
35,0,-13000,13000.0,285581.25068467704,24.06113052368164,0.4852509991394449,1.43,7600.9,0.625,0.04,216.19999999999996,0.024,2.59,25797.2,0.675,0.04,216.19999999999996,0.024,297240.35305435734,14.137470245361328,0.4820441472374341,1.57,15369.36,0.682,0.03,263.2,0.025,1.58,30577.8,0.685,0.03,263.2,0.025
35,0,-12500,12500.0,287713.0067136768,24.134424209594727,0.48720179575890976,1.45,7656.0,0.627,0.04,204.92000000000002,0.024,2.38,25436.4,0.677,0.04,204.92000000000002,0.024,275889.23130610015,13.69745922088623,0.4659717696488003,0.65,6438.03,0.65,0.03,255.68000000000004,0.025,1.68,29864.4,0.682,0.03,255.68000000000004,0.025
35,0,-12000,12000.0,291114.8200502888,24.440025329589844,0.48816515241771846,0.87,4943.34,0.644,0.03,201.16,0.024,2.05,25092.0,0.673,0.03,201.16,0.024,256823.89632814706,15.382898330688477,0.44596855862824447,1.27,12970.32,0.644,0.03,253.80000000000004,0.025,1.49,27330.6,0.663,0.03,253.80000000000004,0.025
35,0,-11500,11500.0,295643.2382932515,24.367868423461914,0.49062385920484697,1.04,5628.0,0.643,0.03,195.52,0.024,2.18,24895.2,0.671,0.03,195.52,0.024,244965.7531392693,16.075401306152344,0.43338880241679917,0.7,5121.36,0.581,0.02,218.07999999999998,0.024,1.23,24764.0,0.641,0.02,218.07999999999998,0.024
35,0,-11000,11000.0,300893.0381726252,22.967370986938477,0.4941449473638377,1.06,6747.84,0.667,0.03,195.52,0.024,2.37,25682.4,0.675,0.03,195.52,0.024,240583.07331104524,15.620889663696289,0.4228332828595105,0.95,6554.0,0.561,0.02,208.68000000000004,0.023,1.22,21918.6,0.613,0.02,208.68000000000004,0.023
35,0,-10500,10500.0,304649.4334367246,21.06412124633789,0.4955551267736616,0.96,6842.88,0.669,0.04,208.68000000000004,0.024,2.53,26379.4,0.679,0.04,208.68000000000004,0.024,245329.21124525572,14.396717071533203,0.4243230860202279,1.29,9006.8,0.576,0.03,167.32,0.021,1.4,19442.2,0.586,0.03,167.32,0.021
35,0,-10000,10000.0,306712.9635988833,18.579160690307617,0.4975832139749871,0.99,6860.16,0.668,0.04,212.43999999999997,0.024,2.57,26609.000000000004,0.679,0.04,212.43999999999997,0.024,257015.31840422904,14.852853775024414,0.43145956763625537,1.51,7928.6,0.605,0.03,156.04,0.02,1.46,18614.0,0.573,0.03,156.04,0.02
35,0,-9500,9500.0,308252.6250408634,16.125329971313477,0.4997594631409803,1.05,6944.4,0.671,0.04,216.19999999999996,0.024,2.57,26830.4,0.679,0.04,216.19999999999996,0.024,273001.6257813805,16.21346092224121,0.44466027708505024,1.55,8035.9,0.608,0.03,144.76,0.02,1.49,18581.2,0.576,0.03,144.76,0.02
35,0,-9000,9000.0,308201.2727941673,13.48089599609375,0.5004988800896443,1.03,6989.76,0.672,0.04,218.07999999999998,0.025,2.34,27019.000000000004,0.68,0.04,218.07999999999998,0.025,289700.52951490745,17.08192253112793,0.4627552980667774,1.69,9535.2,0.648,0.03,144.76,0.02,1.31,19606.2,0.583,0.03,144.76,0.02
35,0,-8500,8500.0,306559.2783842675,11.938882827758789,0.4993844212511569,0.96,7182.0,0.678,0.37,5720.33,0.074,2.06,27224.000000000004,0.681,0.04,219.96,0.025,301601.72290164605,19.953472137451172,0.4763349915223234,1.69,9654.1,0.651,0.04,157.92,0.02,1.39,21074.0,0.596,0.04,157.92,0.02
35,0,-8000,8000.0,303532.8625018836,10.458842277526855,0.4939600624321866,0.89,7110.72,0.675,0.04,221.84,0.025,1.82,27609.4,0.683,0.04,221.84,0.025,303809.0750538429,24.022916793823242,0.48213000097216396,1.21,6124.47,0.633,0.05,161.68,0.02,1.7,23607.8,0.621,0.05,161.68,0.02
35,0,-7500,7500.0,301526.2757641703,9.186454772949219,0.48843875130108183,0.68,6877.44,0.668,0.04,227.48,0.025,1.6,27912.8,0.685,0.04,227.48,0.025,300572.1334858577,24.71002197265625,0.48275224652976173,1.26,6813.9,0.658,0.05,199.28,0.023,2.0,26117.0,0.644,0.05,199.28,0.023
35,0,-7000,7000.0,302870.8950387162,9.381017684936523,0.4825226467207241,0.62,6750.0,0.663,0.04,229.36,0.025,1.32,27420.799999999996,0.681,0.04,229.36,0.025,292295.66155652393,23.235898971557617,0.4807550084769418,1.32,7255.4400000000005,0.656,0.06,210.56000000000003,0.023,2.52,27560.2,0.656,0.06,210.56000000000003,0.023
35,0,-6500,6500.0,308883.26084089925,9.619735717773438,0.48037549009708586,0.47,6352.56,0.649,0.03,219.96,0.025,1.07,26961.600000000002,0.677,0.03,219.96,0.025,280366.97324971796,20.202646255493164,0.47327200610257364,1.12,6472.200000000001,0.648,0.06,231.24,0.024,3.03,28486.8,0.663,0.06,231.24,0.024
35,0,-6000,6000.0,321832.0675693967,9.797770500183105,0.4821928483643141,0.68,8610.1,0.631,0.03,218.07999999999998,0.024,0.88,26043.2,0.669,0.03,218.07999999999998,0.024,268613.84489417274,17.737621307373047,0.4660718749037579,1.19,6309.36,0.628,0.06,238.76,0.024,2.86,26838.599999999995,0.65,0.06,238.76,0.024
35,0,-5500,5500.0,340152.9923550374,9.765801429748535,0.4882594584215385,0.62,8742.68,0.656,0.02,203.04,0.024,0.9,25338.0,0.663,0.02,203.04,0.024,260677.93376354134,18.17742347717285,0.4631550480102504,1.26,5527.44,0.618,0.06,216.19999999999996,0.024,2.47,24944.4,0.636,0.06,216.19999999999996,0.024
35,0,-5000,5000.0,365196.4038324029,10.887149810791016,0.500919392132216,0.83,10457.4,0.662,0.02,199.28,0.024,0.83,26010.4,0.665,0.02,199.28,0.024,256237.92539681864,20.709043502807617,0.45970197512108857,1.31,5505.84,0.619,0.06,210.56000000000003,0.023,2.11,22771.4,0.623,0.06,210.56000000000003,0.023
35,0,-4500,4500.0,390477.9478111792,12.327098846435547,0.5129774446393417,0.71,7914.24,0.675,0.03,206.80000000000004,0.024,0.86,26953.399999999998,0.669,0.03,206.80000000000004,0.024,257916.53452900806,22.846471786499023,0.46407618384846533,1.52,5518.8,0.629,0.06,178.6,0.022,2.4,21213.4,0.621,0.06,178.6,0.022
35,0,-4000,4000.0,413884.8539539757,13.294590950012207,0.5259581889229455,0.75,8344.080000000002,0.682,0.03,210.56000000000003,0.024,0.91,29142.8,0.678,0.03,210.56000000000003,0.024,263614.1939890073,23.36225128173828,0.466658019693588,1.49,5598.72,0.632,0.07,172.96,0.022,2.63,21041.2,0.625,0.07,172.96,0.022
35,0,-3500,3500.0,430187.0291080988,13.66100788116455,0.5327910389748725,0.88,9717.84,0.706,0.03,240.64,0.025,1.06,31643.800000000003,0.689,0.03,240.64,0.025,271940.28820271115,22.447885513305664,0.4712202124948943,1.37,5767.2,0.639,0.6,6570.41,0.079,2.76,21090.4,0.634,0.07,174.84,0.023
35,0,-3000,3000.0,438723.44198975735,13.210538864135742,0.5344775816671006,0.86,9933.84,0.71,0.04,250.04,0.025,1.21,35014.0,0.702,0.04,250.04,0.025,284175.0558045105,20.735109329223633,0.47766069480797296,1.27,5855.76,0.641,0.07,174.84,0.023,2.67,21697.2,0.642,0.07,174.84,0.023
35,0,-2500,2500.0,443637.8544124984,12.755358695983887,0.5322207496087287,0.76,10534.32,0.722,0.04,293.28,0.026,1.37,38466.2,0.717,0.04,293.28,0.026,298688.49606137845,18.655948638916016,0.4856233452844875,1.02,6130.08,0.65,0.06,178.6,0.023,2.54,22541.8,0.652,0.06,178.6,0.023
35,0,-2000,2000.0,448517.67920121347,12.556877136230469,0.5303644047631663,1.27,16791.06,0.756,0.04,308.32,0.026,1.45,40270.2,0.725,0.04,308.32,0.026,315811.5891799128,16.61318588256836,0.4952861813909759,0.94,6300.72,0.655,0.06,180.48,0.023,2.26,23320.8,0.659,0.06,180.48,0.023
35,0,-1500,1500.0,455841.88317576045,13.35718059539795,0.5296656786349271,1.29,13190.32,0.61,0.04,332.76,0.027,1.54,41820.0,0.732,0.04,332.76,0.027,332580.9608536705,19.60763168334961,0.503413597808,1.83,12050.6,0.668,0.04,188.0,0.023,1.96,24108.0,0.666,0.04,188.0,0.023
35,0,-1000,1000.0,466962.27982413676,15.797266006469727,0.5325513356861743,1.4,13407.68,0.614,0.04,338.4,0.027,1.4,40360.4,0.723,0.04,338.4,0.027,349842.858402188,23.000520706176758,0.5124385429217336,1.93,10361.7,0.688,0.04,191.76,0.023,1.7,25395.4,0.675,0.04,191.76,0.023
35,0,-500,500.0,479785.1673765861,19.10296630859375,0.5377546068802598,1.43,15542.959999999997,0.684,0.03,312.08,0.026,1.24,38745.0,0.713,0.03,312.08,0.026,366480.68477527064,25.42424774169922,0.520844711857241,2.0,10445.8,0.69,0.03,208.68000000000004,0.024,1.48,26773.0,0.684,0.03,208.68000000000004,0.024
35,0,0,0.0,494970.90330497525,22.550518035888672,0.5457947848590233,1.39,13931.6,0.712,0.02,306.44,0.026,1.29,38950.0,0.713,0.02,306.44,0.026,382708.8462761429,27.571287155151367,0.5310281845556272,1.97,11312.9,0.709,0.03,212.43999999999997,0.024,1.81,28503.2,0.694,0.03,212.43999999999997,0.024
35,0,500,500.0,506523.69516658934,24.651689529418945,0.5515456741754238,1.25,11165.04,0.729,0.03,312.08,0.026,1.37,39483.0,0.716,0.03,312.08,0.026,395490.62805508776,28.750736236572266,0.5372049941110768,1.42,7471.17,0.699,0.03,236.88,0.025,2.46,30290.799999999996,0.705,0.03,236.88,0.025
35,0,1000,1000.0,513989.49506800243,26.846168518066406,0.556988794389937,2.16,17761.32,0.762,0.04,313.96,0.026,1.96,41885.6,0.727,0.04,313.96,0.026,406405.5557575984,29.55565643310547,0.5437129831161626,1.41,7652.07,0.705,0.04,242.52,0.025,2.97,31914.4,0.715,0.04,242.52,0.025
35,0,1500,1500.0,516070.9998433504,27.963443756103516,0.5592502520886989,1.65,17946.72,0.763,0.04,349.68,0.027,3.22,44567.0,0.741,0.04,349.68,0.027,414930.876619775,29.998210906982422,0.5479915326264599,1.35,8037.99,0.716,0.05,265.08,0.026,3.38,33341.2,0.723,0.05,265.08,0.026
35,0,2000,2000.0,512569.2295683881,28.468608856201172,0.561360302191409,0.99,10271.1,0.726,0.05,357.2,0.027,2.82,46043.0,0.747,0.05,357.2,0.027,420617.6262692239,30.037235260009766,0.551177795304914,1.28,8154.57,0.72,0.06,272.6,0.026,3.29,34038.2,0.727,0.06,272.6,0.026
35,0,2500,2500.0,502652.5586074665,28.562841415405273,0.5580889099414272,1.02,10327.38,0.734,0.04,385.3999999999999,0.028,2.53,46699.0,0.75,0.04,385.3999999999999,0.028,423607.3835540601,30.10303497314453,0.5520791800944711,2.1,14941.32,0.719,0.05,283.88,0.027,3.12,34513.8,0.729,0.05,283.88,0.027
35,0,3000,3000.0,488479.85126525623,27.945180892944336,0.5483031034819112,0.96,10289.19,0.733,0.04,392.92,0.028,2.68,45165.6,0.743,0.04,392.92,0.028,423353.3718124237,29.96833038330078,0.5533806805395943,2.09,12345.3,0.728,0.05,287.64,0.027,2.96,34874.6,0.731,0.05,287.64,0.027
35,0,3500,3500.0,480244.8209384339,26.145601272583008,0.5417861903451265,0.89,10162.56,0.733,0.04,374.12,0.028,2.78,43779.8,0.742,0.04,374.12,0.028,420127.9178553559,31.880538940429688,0.552350472507856,2.12,12385.9,0.729,0.05,297.04,0.027,2.8,35178.0,0.733,0.05,297.04,0.027
35,0,4000,4000.0,479445.78876533837,24.065595626831055,0.5355559161298857,1.65,20469.36,0.727,0.04,376.0,0.028,2.67,42312.0,0.738,0.04,376.0,0.028,413700.5417966881,34.14227294921875,0.552922280566433,2.44,12426.5,0.729,0.04,298.92,0.027,2.78,35219.0,0.735,0.04,298.92,0.027
35,0,4500,4500.0,483391.19323630293,22.214380264282227,0.53236333365214,3.26,45325.91,0.712,0.04,362.84,0.028,2.54,40614.6,0.731,0.04,362.84,0.028,405285.0304953714,35.14356231689453,0.5530458034680608,2.46,12432.3,0.729,0.05,300.8,0.028,2.82,35350.2,0.738,0.05,300.8,0.028
35,0,5000,5000.0,494008.13115317794,23.09874153137207,0.5340837631872759,1.18,14070.8,0.709,0.05,359.08,0.028,2.26,38031.6,0.711,0.05,359.08,0.028,392879.84481168556,34.469757080078125,0.5498307783531372,1.44,7361.94,0.728,0.05,300.8,0.028,3.11,35186.2,0.735,0.05,300.8,0.028
35,0,5500,5500.0,511753.7550911935,24.232019424438477,0.5419684813045855,1.23,14233.2,0.712,0.03,313.96,0.026,1.99,36039.0,0.694,0.03,313.96,0.026,379348.880093254,32.083709716796875,0.5454643301871936,1.76,8574.66,0.732,0.46,6641.25,0.081,3.4,34964.8,0.734,0.06,302.68,0.028
35,0,6000,6000.0,533024.0515345861,25.52008819580078,0.5542182954196063,1.43,16135.6,0.737,0.03,300.8,0.026,2.14,37629.8,0.701,0.03,300.8,0.026,362885.4330374899,26.212007522583008,0.5329187879294296,3.23,17274.72,0.725,0.55,6924.61,0.083,3.52,34546.6,0.732,0.07,304.56,0.028
35,0,6500,6500.0,552787.8876396931,26.45241928100586,0.5656280921077956,1.45,16283.5,0.739,0.03,321.48,0.026,2.33,40139.0,0.713,0.03,321.48,0.026,349886.4119195427,20.044374465942383,0.5224594205130617,1.11,7183.74,0.696,0.07,298.92,0.028,3.55,33997.2,0.729,0.07,298.92,0.028
35,0,7000,7000.0,565644.3630813203,26.999576568603516,0.5745828642164472,0.88,10092.0,0.745,0.03,329.0,0.026,2.53,43378.0,0.728,0.03,329.0,0.026,342069.61166589113,14.976527214050293,0.5128064757312872,1.99,14459.52,0.69,0.07,297.04,0.028,3.04,31750.4,0.716,0.07,297.04,0.028
35,0,7500,7500.0,572497.3169837239,27.128503799438477,0.5796449452748937,1.05,11605.74,0.747,0.04,376.0,0.027,2.71,46346.4,0.741,0.04,376.0,0.027,341710.507371884,11.802762985229492,0.5105491009275109,3.06,31911.15,0.676,0.05,259.44,0.026,2.49,29651.199999999997,0.704,0.05,259.44,0.026
35,0,8000,8000.0,572257.9531133397,26.47809410095215,0.5800633785511131,1.02,11457.0,0.744,0.04,389.15999999999997,0.028,2.79,48503.0,0.749,0.04,389.15999999999997,0.028,350778.7313463121,13.344954490661621,0.5122640184921311,0.86,9177.02,0.696,0.05,250.04,0.026,1.82,27912.8,0.692,0.05,250.04,0.026
35,0,8500,8500.0,569163.533908749,25.540843963623047,0.5773032109659136,0.94,11157.51,0.74,0.04,423.0,0.029,2.81,50266.0,0.757,0.04,423.0,0.029,366845.0015416774,16.090835571289062,0.5208068342115573,0.99,9697.72,0.707,0.03,223.72,0.025,1.2,26715.6,0.684,0.03,223.72,0.025
35,0,9000,9000.0,566746.8992802857,24.600845336914062,0.5744226647117787,0.94,12534.48,0.749,0.05,430.52,0.029,2.62,49962.6,0.757,0.05,430.52,0.029,389497.0739634766,21.01095199584961,0.532375312104558,1.33,11890.0,0.721,0.02,216.19999999999996,0.025,1.29,27609.4,0.69,0.02,216.19999999999996,0.025
35,0,9500,9500.0,569353.3205584891,23.817819595336914,0.5748373008401341,0.87,11819.52,0.748,0.04,421.12000000000006,0.028,2.43,49528.0,0.757,0.04,421.12000000000006,0.028,412014.77807290043,24.77617645263672,0.542238308131703,1.06,8430.48,0.718,0.03,231.24,0.025,1.61,28806.600000000002,0.699,0.03,231.24,0.025
35,0,10000,10000.0,575853.3983967955,23.104806900024414,0.5773368565962979,0.87,11949.12,0.751,0.04,417.36000000000007,0.028,2.33,47904.4,0.755,0.04,417.36000000000007,0.028,433949.9392475979,27.23481559753418,0.5526151315471454,1.08,8661.6,0.723,0.03,236.88,0.026,1.96,30668.0,0.711,0.03,236.88,0.026
35,0,10500,10500.0,586806.1231850535,22.591527938842773,0.5834833984921156,0.87,12296.88,0.762,0.04,389.15999999999997,0.028,2.34,46904.0,0.757,0.04,389.15999999999997,0.028,452075.006310786,28.34535789489746,0.5595274756409605,1.14,9454.32,0.74,0.04,266.96,0.027,2.29,32332.6,0.721,0.04,266.96,0.027
35,0,11000,11000.0,599640.2244618493,21.75655174255371,0.5883858301410116,1.2,19281.6,0.786,0.03,383.52,0.028,2.34,47715.8,0.763,0.03,383.52,0.028,466983.9062334303,28.967750549316406,0.5656326593550787,1.12,9683.28,0.743,0.04,274.48,0.027,2.41,34161.2,0.73,0.04,274.48,0.027
35,0,11500,11500.0,612178.9826781154,21.56544303894043,0.5923262291507099,1.03,13597.2,0.781,0.03,394.8,0.029,2.4,48888.4,0.769,0.03,394.8,0.029,478772.46881454566,29.69326400756836,0.5691899314136714,1.12,10437.12,0.757,0.05,302.68,0.028,2.78,35883.2,0.739,0.05,302.68,0.028
35,0,12000,12000.0,624380.3104116919,22.80345916748047,0.5941305781423308,1.0,13599.36,0.779,0.03,400.44,0.029,2.37,51184.4,0.778,0.03,400.44,0.029,488355.9166111577,29.914955139160156,0.5726046688394839,0.93,8390.28,0.751,0.05,312.08,0.028,3.03,37711.8,0.747,0.05,312.08,0.028
35,0,12500,12500.0,633823.552836617,23.177030563354492,0.5931596319075243,0.98,13793.76,0.776,0.04,436.15999999999997,0.03,2.31,53242.600000000006,0.786,0.04,436.15999999999997,0.03,493514.5552275949,28.749475479125977,0.5718109075754708,1.26,10363.68,0.754,0.04,338.4,0.029,3.19,39286.2,0.754,0.04,338.4,0.029
35,0,13000,13000.0,643818.1977905119,23.819835662841797,0.5929380855046508,0.9,13759.2,0.773,0.05,445.56,0.03,2.25,53636.2,0.783,0.05,445.56,0.03,497921.7383353779,26.433856964111328,0.5732116962822171,1.85,14830.6,0.759,0.04,345.92,0.029,3.07,39310.8,0.754,0.04,345.92,0.029
35,0,13500,13500.0,654772.6410621768,25.593626022338867,0.593051945256873,3.58,67515.99,0.8,0.04,451.2,0.03,2.4,53562.399999999994,0.78,0.04,451.2,0.03,501840.76902305643,23.690441131591797,0.5749885825052747,1.88,14888.600000000002,0.76,0.05,342.16,0.029,2.9,39245.2,0.753,0.05,342.16,0.029
35,0,14000,14000.0,669608.5101737856,26.20124053955078,0.5960186099085886,3.8,69441.0,0.807,0.04,454.96,0.03,2.36,53267.19999999999,0.775,0.04,454.96,0.03,505594.640670803,23.313329696655273,0.5774771514479629,1.99,15636.8,0.773,0.05,342.16,0.029,2.51,39384.6,0.753,0.05,342.16,0.029
35,0,14500,14500.0,687310.3102910288,26.021310806274414,0.6012322618183182,0.97,14223.599999999999,0.779,0.03,443.68,0.029,2.26,53316.4,0.772,0.03,443.68,0.029,509813.0780410782,22.605756759643555,0.5803131774736584,2.0,15706.399999999998,0.774,0.04,344.04,0.029,2.15,39630.6,0.754,0.04,344.04,0.029
35,0,15000,15000.0,707569.395813248,25.865694046020508,0.6077133522912441,1.45,22006.98,0.798,0.03,441.8,0.029,2.53,54587.399999999994,0.778,0.03,441.8,0.029,513844.44798692537,21.692325592041016,0.5840938773249239,1.31,10419.84,0.766,0.04,344.04,0.029,1.98,40196.4,0.756,0.04,344.04,0.029
35,0,15500,15500.0,726527.7185583232,27.255203247070312,0.6133664495509842,1.46,22810.379999999997,0.805,0.03,460.6000000000001,0.029,2.93,56170.0,0.785,0.03,460.6000000000001,0.029,516136.4867870864,22.035749435424805,0.5859932296763894,1.4,10715.31,0.775,0.05,357.2,0.029,1.96,40581.8,0.758,0.05,357.2,0.029
35,0,16000,16000.0,743712.3099232862,27.522777557373047,0.6195574649044019,1.58,20398.6,0.796,0.04,466.24,0.03,3.02,58621.799999999996,0.794,0.04,466.24,0.03,516790.56735629286,20.90085792541504,0.5886017220818746,1.35,10703.25,0.774,0.05,359.08,0.029,1.9,40540.8,0.76,0.05,359.08,0.029
35,0,16500,16500.0,755451.8349495659,26.759666442871094,0.6221256242189613,2.0,25026.8,0.795,0.03,501.96,0.03,3.08,60926.0,0.804,0.03,501.96,0.03,515415.01238499995,20.52385902404785,0.5903219733971427,1.26,10737.42,0.776,0.05,362.84,0.029,1.85,40278.4,0.761,0.05,362.84,0.029
35,0,17000,17000.0,763099.0080422395,28.043386459350586,0.6265942700035341,1.84,21384.6,0.806,0.03,513.24,0.031,2.81,62049.4,0.806,0.03,513.24,0.031,511162.9467553022,20.834110260009766,0.590612042470599,2.24,21681.12,0.77,0.06,364.72,0.029,1.86,40499.8,0.762,0.06,364.72,0.029
35,0,17500,17500.0,764327.3627250174,29.079038619995117,0.6282254624630135,1.86,21462.9,0.807,0.04,528.28,0.031,2.59,62861.2,0.807,0.04,528.28,0.031,504797.26295763627,20.765705108642578,0.5891818276195229,0.96,11037.6,0.77,0.05,366.6,0.029,1.84,40827.8,0.763,0.05,366.6,0.029
35,0,18000,18000.0,758923.8243648058,29.322368621826172,0.6286320471286689,1.19,14765.459999999997,0.805,0.04,532.04,0.031,2.49,63418.8,0.81,0.04,532.04,0.031,495753.5253608775,19.963499069213867,0.5853701338228574,0.92,10918.8,0.768,0.05,368.48,0.029,1.95,41131.2,0.765,0.05,368.48,0.029
35,0,18500,18500.0,749701.4859533781,28.432096481323242,0.6275816523556539,1.27,15177.510000000002,0.811,0.04,545.2,0.031,2.31,63812.399999999994,0.813,0.04,545.2,0.031,487455.42520409595,18.908626556396484,0.5818765550938608,1.5,17006.12,0.751,0.04,366.6,0.029,2.13,41688.8,0.769,0.04,366.6,0.029
35,0,19000,19000.0,736773.4790126507,26.443069458007812,0.6246499797152884,1.23,14900.13,0.806,0.05,548.96,0.031,2.34,64501.2,0.815,0.05,548.96,0.031,479287.7682161763,17.377958297729492,0.5777458338410317,1.21,13670.6,0.754,0.05,366.6,0.029,2.15,41032.8,0.767,0.05,366.6,0.029
35,0,19500,19500.0,720740.6264664156,25.157791137695312,0.6194813461370539,1.11,14277.03,0.797,0.05,562.12,0.031,2.65,65001.4,0.817,0.05,562.12,0.031,473393.4390841049,16.797664642333984,0.5755636835570497,1.21,13664.8,0.754,0.04,357.2,0.029,2.12,40278.4,0.766,0.04,357.2,0.029
35,0,20000,20000.0,703551.9548104531,22.898128509521484,0.6122610408688833,0.91,11670.179999999998,0.786,0.05,565.88,0.031,2.75,63066.2,0.811,0.05,565.88,0.031,469876.23831029364,17.850473403930664,0.5731807749251197,1.35,13345.8,0.747,0.04,353.44,0.029,1.92,39048.4,0.76,0.04,353.44,0.029
36,0,-20000,20000.0,265271.16871042823,14.495250701904297,0.5043426012827714,0.48,3974.6,0.68,0.02,172.96,0.023,2.03,24124.4,0.711,0.02,172.96,0.023,389217.76781274995,43.65593338012695,0.6074791598712458,2.53,10735.8,0.769,0.1,415.48,0.033,5.06,41483.8,0.856,0.1,415.48,0.033
36,0,-19500,19500.0,259628.77160501247,14.330585479736328,0.49835237454680503,0.55,5370.72,0.669,0.02,182.36,0.023,1.96,25042.8,0.721,0.02,182.36,0.023,354981.1464638695,43.00394058227539,0.5971234260970858,2.55,10564.7,0.766,0.07,349.68,0.031,5.08,36842.6,0.839,0.07,349.68,0.031
36,0,-19000,19000.0,253595.4882570603,14.586630821228027,0.4947894639485141,1.06,10873.2,0.667,0.02,186.12,0.023,1.68,24108.0,0.714,0.02,186.12,0.023,323301.4638019746,41.05286407470703,0.5813230599408872,2.47,9198.8,0.743,0.06,329.0,0.031,4.9,32685.2,0.82,0.06,329.0,0.031
36,0,-18500,18500.0,246797.89923381252,14.706319808959961,0.49154976104236575,0.45,5177.76,0.656,0.01,172.96,0.023,1.38,22869.8,0.703,0.01,172.96,0.023,298060.57572758326,38.01894760131836,0.5720449346880063,1.75,6914.4,0.764,0.05,270.72,0.03,4.61,29044.4,0.801,0.05,270.72,0.03
36,0,-18000,18000.0,238817.0895419741,14.753931999206543,0.4855761644019069,0.43,5199.87,0.657,0.01,169.2,0.022,1.19,21762.8,0.69,0.01,169.2,0.022,275913.1487059971,33.53976058959961,0.5581284292319747,1.73,6620.94,0.757,0.06,253.80000000000004,0.029,3.99,26256.400000000005,0.784,0.06,253.80000000000004,0.029
36,0,-17500,17500.0,232691.35622476068,14.949786186218262,0.4828543685379585,0.51,5511.8,0.618,0.01,156.04,0.022,1.21,20836.2,0.679,0.01,156.04,0.022,260350.22528446844,29.836387634277344,0.5530171445335628,1.59,5991.81,0.739,0.06,214.31999999999996,0.028,3.32,23944.0,0.767,0.06,214.31999999999996,0.028
36,0,-17000,17000.0,226891.50045478597,15.350741386413574,0.4778302188482575,0.63,6548.199999999999,0.628,0.01,154.16,0.022,1.26,20672.2,0.675,0.01,154.16,0.022,246491.07621637857,25.416934967041016,0.5427280997476319,1.45,5754.63,0.734,0.63,4675.44,0.084,2.81,22353.2,0.755,0.07,206.80000000000004,0.028
36,0,-16500,16500.0,221992.79245447894,15.862350463867188,0.47308709427327433,0.64,6501.800000000001,0.627,0.01,154.16,0.022,1.3,20500.0,0.673,0.01,154.16,0.022,236807.0923332394,23.30769920349121,0.5378975609441263,1.1,5268.21,0.722,0.07,184.24,0.026,2.4,20967.4,0.743,0.07,184.24,0.026
36,0,-16000,16000.0,217996.33556276158,16.431625366210938,0.4678303350412123,0.71,6368.4,0.627,0.01,154.16,0.022,1.28,19163.4,0.658,0.01,154.16,0.022,229550.9934720539,22.075538635253906,0.5322828788649733,2.04,10701.84,0.718,0.06,180.48,0.026,2.17,19868.6,0.733,0.06,180.48,0.026
36,0,-15500,15500.0,216511.23592345713,16.9342098236084,0.4663858791610677,0.72,6359.7,0.627,0.02,135.36,0.02,1.24,18056.4,0.651,0.02,135.36,0.02,225283.00417641504,21.426164627075195,0.5308633269570411,3.07,23355.06,0.703,0.03,159.8,0.025,2.02,18983.0,0.724,0.03,159.8,0.025
36,0,-15000,15000.0,217346.58268281864,17.36789321899414,0.4661851841485112,0.78,6614.9,0.638,0.02,131.6,0.02,1.28,17687.4,0.651,0.02,131.6,0.02,222697.17804767366,21.03656578063965,0.5296289202820584,1.0,5572.76,0.696,0.03,156.04,0.025,2.05,18458.2,0.72,0.03,156.04,0.025
36,0,-14500,14500.0,219297.90426397242,17.72681999206543,0.46772359080853637,0.78,6635.2,0.639,0.02,125.96000000000001,0.02,1.33,17605.4,0.656,0.02,125.96000000000001,0.02,221984.9014622344,21.053268432617188,0.531629610191078,1.11,5659.12,0.7,0.03,146.64,0.024,2.16,18204.0,0.718,0.03,146.64,0.024
36,0,-14000,14000.0,221580.1462795362,17.960573196411133,0.4699656764719616,0.82,6884.6,0.64,0.02,125.96000000000001,0.02,1.4,18040.0,0.66,0.02,125.96000000000001,0.02,221821.29974968097,20.60935401916504,0.5332881985790202,1.46,7218.24,0.742,0.03,142.88,0.024,2.35,18318.8,0.721,0.03,142.88,0.024
36,0,-13500,13500.0,223434.8668076038,18.0572566986084,0.47157612921227315,0.82,6904.9,0.64,0.02,129.72,0.02,1.47,18532.0,0.663,0.02,129.72,0.02,221872.1089920824,19.86227798461914,0.5353545355257129,1.17,4937.76,0.711,0.04,142.88,0.024,2.58,18622.2,0.725,0.04,142.88,0.024
36,0,-13000,13000.0,224608.51726355182,17.93813705444336,0.47429477461931824,0.57,4633.05,0.635,0.02,131.6,0.02,1.51,18958.4,0.663,0.02,131.6,0.02,221324.59992079734,17.824865341186523,0.5353357382502266,1.55,7585.95,0.751,0.04,142.88,0.025,2.7,19073.2,0.73,0.04,142.88,0.025
36,0,-12500,12500.0,225703.39493986574,17.942676544189453,0.4766960062008601,0.58,4705.41,0.634,0.02,135.36,0.02,1.54,19294.6,0.662,0.02,135.36,0.02,220530.14546362677,17.340116500854492,0.5352989134373939,0.63,3159.8,0.71,0.05,148.52,0.025,2.71,19524.2,0.735,0.05,148.52,0.025
36,0,-12000,12000.0,226628.1049339454,18.038272857666016,0.47933347150408634,0.58,4693.35,0.63,0.02,137.24,0.02,1.53,19294.6,0.66,0.02,137.24,0.02,218292.48790261595,19.64559555053711,0.5341276628329459,1.17,5778.0,0.7,0.06,150.4,0.025,2.36,19524.2,0.736,0.06,150.4,0.025
36,0,-11500,11500.0,228161.6954877025,18.26693344116211,0.4826231220958363,0.56,4693.35,0.629,0.02,137.24,0.02,1.48,19204.4,0.659,0.02,137.24,0.02,214691.02097827196,21.09073829650879,0.5319613593582315,1.25,5468.62,0.704,0.05,152.28,0.025,1.89,19409.4,0.735,0.05,152.28,0.025
36,0,-11000,11000.0,230355.75438178913,19.020824432373047,0.4859026496542803,0.55,4572.75,0.623,0.02,137.24,0.02,1.43,19089.6,0.659,0.02,137.24,0.02,209870.50035550146,22.482725143432617,0.5293522240974965,1.46,5349.24,0.7,0.05,154.16,0.026,1.35,19032.2,0.732,0.05,154.16,0.026
36,0,-10500,10500.0,233514.91246878402,20.016218185424805,0.4907149889654228,0.72,5707.38,0.644,0.02,135.36,0.02,1.4,19073.2,0.661,0.02,135.36,0.02,204740.6589868171,24.358808517456055,0.5262438050946091,1.56,5280.66,0.698,0.02,144.76,0.025,1.68,18663.2,0.73,0.02,144.76,0.025
36,0,-10000,10000.0,237658.26349924944,21.336606979370117,0.4971950457151415,0.99,6449.6,0.66,0.02,135.36,0.02,1.43,19302.8,0.666,0.02,135.36,0.02,199612.3079944221,25.913541793823242,0.5206775326627441,1.1,3721.86,0.706,0.02,144.76,0.025,2.21,18491.0,0.73,0.02,144.76,0.025
36,0,-9500,9500.0,242821.450429624,22.611677169799805,0.505596088257421,0.89,6182.36,0.676,0.02,135.36,0.02,1.5,19712.8,0.672,0.02,135.36,0.02,195639.0728251956,25.678293228149414,0.5161901899521993,0.95,2924.6,0.702,0.04,142.88,0.025,2.59,18277.8,0.73,0.04,142.88,0.025
36,0,-9000,9000.0,247820.72647138778,23.517040252685547,0.5134051981330107,1.06,7018.0,0.683,0.02,137.24,0.021,1.69,20295.0,0.683,0.02,137.24,0.021,193205.32569957408,24.396888732910156,0.5114830556549441,1.29,4281.3,0.706,0.05,142.88,0.025,2.48,17416.8,0.722,0.05,142.88,0.025
36,0,-8500,8500.0,253794.59109392622,23.96309471130371,0.5226033934889897,0.82,5488.56,0.684,0.02,144.76,0.022,1.88,21033.0,0.695,0.02,144.76,0.022,192931.27667100128,22.78469467163086,0.5102329678329424,1.15,4046.13,0.694,0.05,135.36,0.024,2.12,16219.600000000002,0.709,0.05,135.36,0.024
36,0,-8000,8000.0,259138.7191076661,23.727964401245117,0.5293374954500559,0.83,5518.8,0.688,0.02,146.64,0.022,2.08,21812.0,0.708,0.02,146.64,0.022,194843.6141756654,21.931699752807617,0.5093398849669176,2.17,8257.919999999998,0.693,0.06,133.48,0.024,1.71,15178.200000000003,0.695,0.06,133.48,0.024
36,0,-7500,7500.0,263198.7443475804,23.067066192626953,0.5339287022597025,0.85,5665.68,0.701,0.03,157.92,0.023,2.24,22541.8,0.719,0.03,157.92,0.023,199421.19582435576,22.80110740661621,0.5133824316870176,0.83,3790.86,0.679,0.04,118.44,0.023,1.35,14399.199999999999,0.684,0.04,118.44,0.023
36,0,-7000,7000.0,265848.65490503353,22.057809829711914,0.5367050858863558,0.84,5687.28,0.704,0.03,161.68,0.024,2.25,22820.6,0.726,0.03,161.68,0.024,205653.63744608307,23.722497940063477,0.5174019555290393,1.03,5267.96,0.696,0.04,112.8,0.023,1.3,14571.4,0.687,0.04,112.8,0.023
36,0,-6500,6500.0,267029.9980024744,21.036020278930664,0.5378124287221042,0.81,5728.32,0.71,0.03,167.32,0.024,2.25,22943.6,0.733,0.03,167.32,0.024,211603.12581026417,25.877859115600586,0.5205181158394003,1.17,5542.28,0.707,0.03,112.8,0.023,1.37,15129.0,0.695,0.03,112.8,0.023
36,0,-6000,6000.0,267128.67764908925,19.955291748046875,0.5383728866021458,0.79,5743.44,0.712,0.03,169.2,0.024,2.15,23066.6,0.738,0.03,169.2,0.024,218144.40505927627,28.139589309692383,0.5255679119935136,1.42,5908.04,0.719,0.03,112.8,0.023,1.6,16219.600000000002,0.709,0.03,112.8,0.023
36,0,-5500,5500.0,266565.20324607706,19.867534637451172,0.5386386905767218,1.05,7676.3,0.702,0.03,172.96,0.025,2.06,23247.0,0.742,0.03,172.96,0.025,223869.5673276286,30.22349739074707,0.5297015079347476,1.57,6123.94,0.725,0.03,124.08,0.024,2.02,17482.4,0.724,0.03,124.08,0.024
36,0,-5000,5000.0,264882.76484305994,19.574604034423828,0.5384183698697752,1.11,7821.3,0.699,0.03,172.96,0.025,1.98,23370.0,0.746,0.03,172.96,0.025,228880.77920289102,31.705209732055664,0.5358523499852738,2.01,7762.08,0.765,0.04,127.84000000000002,0.024,2.55,18687.8,0.737,0.04,127.84000000000002,0.024
36,0,-4500,4500.0,262550.8550287745,19.12777328491211,0.5370901777496054,1.11,7832.9,0.699,0.03,174.84,0.025,1.91,23452.0,0.749,0.03,174.84,0.025,230473.47460759844,31.56964874267578,0.5359517235977397,1.6,5214.24,0.731,0.04,142.88,0.025,3.13,19786.6,0.748,0.04,142.88,0.025
36,0,-4000,4000.0,259825.0644520105,18.220687866210938,0.5350397533203959,0.76,5318.46,0.705,0.03,176.72,0.025,1.9,23189.6,0.747,0.03,176.72,0.025,230428.03413893766,30.427295684814453,0.5376349613010046,1.5,5147.28,0.727,0.05,148.52,0.025,3.41,20221.2,0.751,0.05,148.52,0.025
36,0,-3500,3500.0,257958.1914435862,17.196178436279297,0.5335241757173587,0.7,5284.29,0.7,0.03,174.84,0.025,1.81,22738.6,0.744,0.03,174.84,0.025,228305.36752265505,28.485511779785156,0.5365137133510485,0.92,3473.4,0.73,0.06,157.92,0.026,3.49,20254.0,0.751,0.06,157.92,0.026
36,0,-3000,3000.0,257124.6593079808,15.816960334777832,0.5310367386868865,1.29,10738.56,0.698,0.03,174.84,0.025,1.63,22140.0,0.739,0.03,174.84,0.025,224157.64365326028,25.87413787841797,0.5341950046047041,0.86,3441.1999999999994,0.728,0.06,161.68,0.026,3.19,19885.0,0.746,0.06,161.68,0.026
36,0,-2500,2500.0,257984.0387463357,14.847833633422852,0.5301064741810244,0.54,5033.04,0.686,0.03,167.32,0.025,1.42,21484.0,0.732,0.03,167.32,0.025,219357.97984723665,23.43390655517578,0.5309498283450238,1.15,5079.27,0.73,0.05,161.68,0.026,2.7,19196.2,0.739,0.05,161.68,0.026
36,0,-2000,2000.0,261592.44890013913,15.019792556762695,0.5304610796950361,1.04,10244.88,0.684,0.03,165.44,0.024,1.24,21147.8,0.728,0.03,165.44,0.024,214073.75352599163,20.61434555053711,0.5265544684193499,1.05,4996.86,0.727,0.05,161.68,0.026,2.17,18482.8,0.73,0.05,161.68,0.026
36,0,-1500,1500.0,267222.8665044811,15.212850570678711,0.5329276303336309,0.55,5343.84,0.696,0.02,157.92,0.024,1.11,21041.2,0.727,0.02,157.92,0.024,209373.58780424474,19.126535415649414,0.5224851124315933,0.81,4769.73,0.718,0.04,154.16,0.025,1.74,17728.4,0.721,0.04,154.16,0.025
36,0,-1000,1000.0,275301.0348112529,15.68918228149414,0.5368882250783819,0.56,5503.68,0.702,0.02,154.16,0.024,1.13,21492.2,0.731,0.02,154.16,0.024,205362.76392580074,18.815309524536133,0.5173143974547154,1.48,9706.32,0.715,0.04,152.28,0.025,1.52,16924.8,0.71,0.04,152.28,0.025
36,0,-500,500.0,284328.3101879602,16.6414737701416,0.5416474723844844,0.6,5922.72,0.717,0.02,157.92,0.024,1.18,22304.0,0.737,0.02,157.92,0.024,203873.05265397555,19.168542861938477,0.5162484664621187,0.64,4335.57,0.698,0.03,139.12,0.024,1.34,16236.0,0.701,0.03,139.12,0.024
36,0,0,0.0,293993.7302847353,17.481597900390625,0.5462398950301173,0.62,6093.36,0.722,0.02,157.92,0.024,1.25,23484.8,0.747,0.02,157.92,0.024,203854.4687091482,20.130659103393555,0.5146803326919661,2.75,20340.06,0.735,0.02,135.36,0.024,1.28,15768.6,0.695,0.02,135.36,0.024
36,0,500,500.0,302449.7700508015,17.96024513244629,0.5489138912271332,0.67,6678.72,0.74,0.02,172.96,0.025,1.31,24755.8,0.756,0.02,172.96,0.025,205976.99090814203,21.57619285583496,0.5168780632224568,2.84,20735.61,0.738,0.02,125.96000000000001,0.023,1.28,15539.0,0.691,0.02,125.96000000000001,0.023
36,0,1000,1000.0,309970.5159088608,18.286054611206055,0.553044183889558,0.66,6737.04,0.74,0.02,176.72,0.025,1.41,26141.6,0.765,0.02,176.72,0.025,209177.38790475595,23.185773849487305,0.5196120429139073,1.18,7913.88,0.707,0.02,124.08,0.023,1.39,15694.8,0.693,0.02,124.08,0.023
36,0,1500,1500.0,314334.92030610674,18.281085968017578,0.5533093572171122,0.65,7074.0,0.747,0.03,197.4,0.026,1.52,27330.6,0.772,0.03,197.4,0.026,212760.26081011514,24.2513427734375,0.5234230206447503,0.95,5511.8,0.7,0.02,122.2,0.023,1.57,16145.800000000001,0.699,0.02,122.2,0.023
36,0,2000,2000.0,317210.10505847854,18.194883346557617,0.5557425022744803,0.6,7050.24,0.744,0.03,203.04,0.026,1.57,27970.2,0.775,0.03,203.04,0.026,216423.9127052704,25.890304565429688,0.5289264630006307,1.36,6507.6,0.715,0.02,122.2,0.023,1.83,16900.2,0.709,0.02,122.2,0.023
36,0,2500,2500.0,317020.0387573422,17.991748809814453,0.5549824182706369,0.78,9253.9,0.709,0.03,214.31999999999996,0.026,1.6,28265.4,0.775,0.03,214.31999999999996,0.026,218621.69160039048,26.56005859375,0.5320919912874535,1.22,5831.84,0.715,0.02,129.72,0.024,2.15,17843.2,0.72,0.02,129.72,0.024
36,0,3000,3000.0,315542.6043321157,17.839168548583984,0.5544272333328584,0.79,9059.6,0.724,0.03,218.07999999999998,0.027,1.58,28281.8,0.771,0.03,218.07999999999998,0.027,219374.4144217153,26.663328170776367,0.5349682511877344,0.89,3967.2,0.716,0.02,131.6,0.024,2.4,18630.4,0.729,0.02,131.6,0.024
36,0,3500,3500.0,312455.084564059,17.64750099182129,0.5521428617742089,0.79,9045.1,0.725,0.02,221.84,0.026,1.53,27953.800000000003,0.765,0.02,221.84,0.026,218038.222439729,26.09803009033203,0.5340528576671686,1.08,4576.77,0.717,0.05,142.88,0.025,2.57,19278.2,0.736,0.05,142.88,0.025
36,0,4000,4000.0,309728.87379262375,17.380189895629883,0.5508959138001255,0.86,8405.1,0.736,0.02,221.84,0.026,1.49,27404.4,0.757,0.02,221.84,0.026,215615.6552574961,25.51305389404297,0.5321631158774848,1.07,4616.97,0.719,0.05,146.64,0.025,2.6,19335.6,0.737,0.05,146.64,0.025
36,0,4500,4500.0,307701.28019179765,17.15431022644043,0.5497616197275944,0.94,7934.96,0.738,0.02,214.31999999999996,0.025,1.44,26773.0,0.749,0.02,214.31999999999996,0.025,212329.8099135147,24.97181510925293,0.5284334953742941,0.98,4635.06,0.721,0.05,154.16,0.026,2.52,19048.6,0.734,0.05,154.16,0.026
36,0,5000,5000.0,306903.01704583917,16.896656036376953,0.5495239371967373,0.96,7947.66,0.733,0.02,210.56000000000003,0.025,1.41,25977.6,0.748,0.02,210.56000000000003,0.025,209245.6923841266,24.201181411743164,0.5239180034382023,1.79,9404.4,0.719,0.05,154.16,0.026,2.38,18441.8,0.728,0.05,154.16,0.026
36,0,5500,5500.0,306835.5335367478,19.465787887573242,0.5499050388349973,0.58,4386.2,0.741,0.02,203.04,0.025,1.38,25223.2,0.747,0.02,203.04,0.025,206816.69604966842,23.408939361572266,0.52021192501866,0.83,4387.83,0.709,0.04,146.64,0.025,2.23,17736.6,0.722,0.04,146.64,0.025
36,0,6000,6000.0,306929.1144875228,21.00782585144043,0.5497909411341757,0.58,4387.6,0.739,0.02,201.16,0.026,1.37,25067.4,0.75,0.02,201.16,0.026,205638.4515859005,22.467453002929688,0.5168143372600398,0.81,4317.48,0.705,0.04,144.76,0.025,2.13,17072.4,0.715,0.04,144.76,0.025
36,0,6500,6500.0,306723.7491734542,21.387327194213867,0.5500796809049324,0.59,4397.4,0.733,0.03,203.04,0.026,1.4,24887.0,0.751,0.03,203.04,0.026,206376.05940627417,21.37941551208496,0.5170694130669417,0.75,4182.8099999999995,0.698,0.03,135.36,0.024,2.08,16522.999999999996,0.709,0.03,135.36,0.024
36,0,7000,7000.0,306280.56333581905,21.444377899169922,0.5506169977326302,1.38,8891.4,0.715,0.04,204.92000000000002,0.026,1.54,25174.0,0.748,0.04,204.92000000000002,0.026,209175.60177573093,19.98920440673828,0.5191641192454777,0.7,4198.89,0.698,0.04,131.6,0.024,2.08,16350.800000000001,0.708,0.04,131.6,0.024
36,0,7500,7500.0,306422.072018039,21.129606246948242,0.5523490128735653,1.4,8879.8,0.714,0.03,204.92000000000002,0.026,1.65,25608.6,0.745,0.03,204.92000000000002,0.026,212970.83638053344,18.2998046875,0.5224615945615343,0.99,6545.3,0.706,0.04,127.84000000000002,0.024,2.11,16334.400000000001,0.709,0.04,127.84000000000002,0.024
36,0,8000,8000.0,305765.903205656,20.871742248535156,0.5542196018794782,1.49,8787.0,0.723,0.03,204.92000000000002,0.026,1.58,25731.6,0.742,0.03,204.92000000000002,0.026,218085.2787437569,16.293121337890625,0.5268885213713296,0.57,3819.3,0.703,0.04,127.84000000000002,0.024,2.03,16695.2,0.714,0.04,127.84000000000002,0.024
36,0,8500,8500.0,304409.0134391207,21.5142822265625,0.5557775477246791,1.49,8781.2,0.723,0.03,203.04,0.025,1.54,25887.4,0.741,0.03,203.04,0.025,223311.14138697152,14.417023658752441,0.5310420606153018,0.7,4454.16,0.705,0.03,131.6,0.024,1.92,17097.0,0.719,0.03,131.6,0.024
36,0,9000,9000.0,302250.2310284339,22.97255516052246,0.5578440222061091,0.85,5258.28,0.727,0.03,201.16,0.025,1.51,25461.0,0.743,0.03,201.16,0.025,228139.75604889853,14.533106803894043,0.5363023001524325,0.65,4504.41,0.707,0.03,133.48,0.024,1.65,17498.8,0.724,0.03,133.48,0.024
36,0,9500,9500.0,299693.6504176832,23.603504180908203,0.5596390628565546,1.05,6090.3,0.728,0.04,197.4,0.025,1.51,25051.0,0.748,0.04,197.4,0.025,232121.82497516114,14.977228164672852,0.5406120739878476,0.81,5974.08,0.718,0.02,139.12,0.025,1.53,17859.6,0.728,0.02,139.12,0.025
36,0,10000,10000.0,297121.4720217964,22.88850975036621,0.5606032401298192,1.01,6112.41,0.732,0.04,197.4,0.025,1.62,25083.8,0.753,0.04,197.4,0.025,234083.18907608895,16.486995697021484,0.5446182577116884,0.87,6055.36,0.72,0.02,139.12,0.025,1.26,18245.0,0.732,0.02,139.12,0.025
36,0,10500,10500.0,294576.69906005525,22.2049617767334,0.5615219235612237,0.95,6182.76,0.743,0.04,201.16,0.026,1.82,25174.0,0.757,0.04,201.16,0.026,234949.07433520464,17.202011108398438,0.5472855420261775,0.91,6103.62,0.722,0.02,144.76,0.025,1.57,18671.4,0.736,0.02,144.76,0.025
36,0,11000,11000.0,291058.4462254589,23.134313583374023,0.5607764087446611,1.79,12501.12,0.74,0.04,203.04,0.026,1.88,25124.8,0.76,0.04,203.04,0.026,233793.3168204158,16.632118225097656,0.5464907559710226,1.21,7545.780000000001,0.756,0.02,146.64,0.025,1.91,19286.4,0.742,0.02,146.64,0.025
36,0,11500,11500.0,287277.86993721576,23.840120315551758,0.5596889751567683,1.02,8604.3,0.742,0.04,204.92000000000002,0.027,1.87,24878.8,0.76,0.04,204.92000000000002,0.027,232804.45016963,15.839408874511719,0.5451816115229505,1.2,7567.409999999999,0.756,0.02,154.16,0.025,2.21,19860.4,0.748,0.02,154.16,0.025
36,0,12000,12000.0,282524.50552142115,24.292617797851562,0.556871037421905,1.15,8346.2,0.735,0.04,206.80000000000004,0.027,1.93,24255.6,0.758,0.04,206.80000000000004,0.027,231445.65559742472,16.14267921447754,0.5411161579721605,1.19,7595.219999999999,0.756,0.02,156.04,0.026,2.26,20032.6,0.749,0.02,156.04,0.026
36,0,12500,12500.0,277841.9133268526,24.564315795898438,0.5542950065621598,1.16,8328.8,0.734,0.03,197.4,0.027,1.98,23640.6,0.754,0.03,197.4,0.027,231151.41966584534,18.023088455200195,0.5378171826762245,2.82,22414.5,0.743,0.02,159.8,0.026,2.21,20065.4,0.749,0.02,159.8,0.026
36,0,13000,13000.0,272813.7751778326,24.476037979125977,0.5509698685480028,1.31,7995.3,0.724,0.03,195.52,0.027,2.03,23214.2,0.751,0.03,195.52,0.027,232657.2901828244,20.411067962646484,0.5359238213904151,1.08,6239.7,0.71,0.02,159.8,0.026,1.75,19466.8,0.742,0.02,159.8,0.026
36,0,13500,13500.0,267461.2872439591,24.160127639770508,0.5476214809188992,1.32,7969.2,0.723,0.03,189.88,0.026,2.08,22919.0,0.749,0.03,189.88,0.026,235421.5449684394,23.26509666442871,0.5353445297366985,1.11,5910.58,0.714,0.02,150.4,0.025,1.61,18892.8,0.734,0.02,150.4,0.025
36,0,14000,14000.0,260991.45583541284,23.486812591552734,0.5437253138236116,1.47,7711.1,0.714,0.03,188.0,0.026,2.11,22615.6,0.747,0.03,188.0,0.026,241298.9721857984,26.11594009399414,0.5384079303812646,1.2,6281.42,0.725,0.02,148.52,0.025,1.98,18827.2,0.731,0.02,148.52,0.025
36,0,14500,14500.0,253892.92344854304,22.699726104736328,0.539385638579868,1.48,7690.8,0.713,0.03,182.36,0.026,2.13,22377.8,0.745,0.03,182.36,0.026,249106.40167510364,28.32942771911621,0.5445524961741915,1.08,5209.92,0.724,0.03,146.64,0.025,2.34,19040.4,0.731,0.03,146.64,0.025
36,0,15000,15000.0,245317.07867357848,21.10359764099121,0.5334159546390187,0.85,4504.86,0.709,0.03,180.48,0.026,2.12,22041.6,0.74,0.03,180.48,0.026,258346.63469654188,29.71941375732422,0.5520765714546055,1.08,5333.04,0.729,0.03,144.76,0.025,2.67,19934.2,0.741,0.03,144.76,0.025
36,0,15500,15500.0,236602.3663515338,19.27664566040039,0.5272167157344914,1.05,5250.12,0.712,0.04,174.84,0.026,2.08,21705.4,0.736,0.04,174.84,0.026,266465.68593582424,30.048110961914062,0.5571754891090915,0.74,3599.4,0.735,0.04,156.04,0.026,2.94,20959.2,0.751,0.04,156.04,0.026
36,0,16000,16000.0,226973.42232718426,16.7834529876709,0.5185475474814984,1.03,5137.56,0.707,0.04,174.84,0.025,1.98,21164.2,0.73,0.04,174.84,0.025,273605.71084580815,28.921037673950195,0.5616992536199868,0.72,3645.6,0.736,0.04,159.8,0.026,3.02,21935.0,0.76,0.04,159.8,0.026
36,0,16500,16500.0,218591.28703235782,15.011993408203125,0.5116065516140542,0.93,4872.24,0.695,0.04,167.32,0.025,1.83,20516.4,0.722,0.04,167.32,0.025,279394.5908370283,27.186792373657227,0.5642284071343627,0.62,3847.2,0.743,0.04,172.96,0.026,3.0,22837.0,0.768,0.04,172.96,0.026
36,0,17000,17000.0,210706.94086805178,13.072453498840332,0.5033260609087838,1.66,9877.68,0.692,0.04,165.44,0.025,1.54,19516.0,0.712,0.04,165.44,0.025,284221.01935840695,26.096099853515625,0.5672543176394084,1.25,8262.1,0.75,0.04,176.72,0.027,2.77,23419.2,0.771,0.04,176.72,0.027
36,0,17500,17500.0,204235.39367516877,14.416590690612793,0.4964926173612165,2.49,21822.21,0.68,0.04,154.16,0.024,1.31,18491.0,0.7,0.04,154.16,0.024,287840.7276459743,26.903532028198242,0.568567369423594,0.97,6253.2,0.751,0.04,186.12,0.027,2.48,23870.2,0.773,0.04,186.12,0.027
36,0,18000,18000.0,199322.2317728904,15.695469856262207,0.48804906825993727,0.79,5602.8,0.646,0.04,150.4,0.024,1.17,17548.0,0.689,0.04,150.4,0.024,290886.5688382077,27.21776008605957,0.5706434171268743,1.31,8511.5,0.759,0.04,188.0,0.027,2.43,24190.0,0.773,0.04,188.0,0.027
36,0,18500,18500.0,196544.38027962894,16.43624496459961,0.48215448561484936,0.8,5579.6,0.645,0.02,135.36,0.023,1.22,16777.2,0.68,0.02,135.36,0.023,292854.3800392633,26.77469253540039,0.5708926344929102,0.65,4121.6,0.749,0.04,195.52,0.027,2.55,24370.4,0.772,0.04,195.52,0.027
36,0,19000,19000.0,195556.16441659222,16.595754623413086,0.4728789321719348,0.94,5518.7,0.634,0.02,131.6,0.023,1.35,16432.8,0.676,0.02,131.6,0.023,294916.13470757904,26.027313232421875,0.5722923465091232,0.94,5861.16,0.753,0.04,195.52,0.027,2.6,24468.8,0.77,0.04,195.52,0.027
36,0,19500,19500.0,197035.52749479815,16.18851089477539,0.46601730207222997,0.95,5515.8,0.634,0.03,124.08,0.022,1.47,16301.6,0.674,0.03,124.08,0.022,296879.22565831576,24.93720054626465,0.5735874767559783,0.94,5919.45,0.757,0.04,199.28,0.027,2.62,24468.8,0.767,0.04,199.28,0.027
36,0,20000,20000.0,202045.43714138665,15.068188667297363,0.46088573270136746,0.61,3833.07,0.64,0.03,122.2,0.022,1.52,16367.2,0.673,0.03,122.2,0.022,298355.63158522616,23.332130432128906,0.5742332984268198,0.92,5933.52,0.758,0.04,199.28,0.027,2.54,24403.2,0.763,0.04,199.28,0.027
37,0,-20000,20000.0,14682.479972644796,1.1245648860931396,0.26392916009345446,0.09,317.52,0.366,0.0,7.52,0.01,0.11,1271.0,0.394,0.0,7.52,0.01,133763.0260272315,28.337793350219727,0.49639901223041466,0.77,2193.8,0.689,0.04,112.8,0.024,3.1,13530.0,0.727,0.04,112.8,0.024
37,0,-19500,19500.0,15122.107549774228,1.1993257999420166,0.2670903892754788,0.1,336.96,0.372,0.0,7.52,0.01,0.12,1312.0,0.399,0.0,7.52,0.01,125655.61756908178,26.74820899963379,0.48575651597667796,1.11,3021.03,0.681,0.05,101.52,0.023,3.12,12505.0,0.712,0.05,101.52,0.023
37,0,-19000,19000.0,15636.781502419763,1.2753217220306396,0.27016753956355527,0.11,341.28,0.374,0.0,7.52,0.01,0.14,1369.4,0.405,0.0,7.52,0.01,118374.54279356927,24.425033569335938,0.473351123071756,1.06,2890.38,0.671,0.42,1948.1000000000001,0.063,2.93,11521.0,0.695,0.05,97.76,0.023
37,0,-18500,18500.0,16150.59934947337,1.3473161458969116,0.2726348498983401,0.12,356.4,0.379,0.0,7.52,0.01,0.16,1426.8,0.411,0.0,7.52,0.01,112709.82154644407,23.162029266357422,0.46472979120977725,0.91,2590.89,0.647,0.04,82.72,0.021,2.67,10635.4,0.679,0.04,82.72,0.021
37,0,-18000,18000.0,16683.03084030178,1.425228476524353,0.27523567435246976,0.12,362.88,0.381,0.0,7.52,0.01,0.17,1476.0,0.416,0.0,7.52,0.01,108407.63880381183,22.19895362854004,0.4558605908417556,1.76,5287.68,0.646,0.04,80.84,0.021,2.28,9922.0,0.665,0.04,80.84,0.021
37,0,-17500,17500.0,17158.92487788379,1.4996970891952515,0.27687033419443197,0.13,380.16,0.386,0.0,7.52,0.01,0.19,1517.0,0.421,0.0,7.52,0.01,105523.28778787926,21.06108856201172,0.45060123605614166,3.13,11473.15,0.629,0.03,69.56,0.02,1.9,9364.4,0.653,0.03,69.56,0.02
37,0,-17000,17000.0,17634.33264289183,1.5961657762527466,0.27870944311383145,0.13,386.64,0.387,0.0,7.52,0.01,0.2,1574.4,0.426,0.0,7.52,0.01,104052.89161047968,19.92518424987793,0.4467308043050848,1.13,4557.36,0.613,0.03,65.8,0.019,1.83,9020.0,0.645,0.03,65.8,0.019
37,0,-16500,16500.0,18092.080512228018,1.7030351161956787,0.2799669480787712,0.11,406.08,0.391,0.0,7.52,0.01,0.2,1631.8,0.43,0.0,7.52,0.01,103745.72059460418,19.893627166748047,0.44619981679223825,0.91,3809.1999999999994,0.599,0.02,60.16,0.018,1.83,8831.4,0.64,0.02,60.16,0.018
37,0,-16000,16000.0,18585.602673877307,1.8421719074249268,0.28112766902619185,0.07,257.6,0.388,0.0,7.52,0.01,0.19,1689.2,0.433,0.0,7.52,0.01,104586.55610885237,20.59784698486328,0.4477312405977233,0.95,3969.4,0.609,0.02,58.28,0.018,1.82,8839.6,0.64,0.02,58.28,0.018
37,0,-15500,15500.0,19123.23755536649,2.008892297744751,0.2819967297864485,0.38,2276.61,0.428,0.0,9.4,0.01,0.19,1738.4,0.435,0.0,9.4,0.01,105908.412383327,21.307626724243164,0.4505512026326783,0.97,4061.96,0.615,0.02,58.28,0.018,1.85,8921.6,0.643,0.02,58.28,0.018
37,0,-15000,15000.0,19791.72852228007,2.2222321033477783,0.282922593445905,0.44,2452.41,0.436,0.0,9.4,0.01,0.2,1779.4,0.434,0.0,9.4,0.01,107090.77380936449,21.959125518798828,0.4521861588914355,0.82,3320.5,0.621,0.02,56.4,0.018,1.92,9052.8,0.646,0.02,56.4,0.018
37,0,-14500,14500.0,20572.88860269452,2.4749388694763184,0.28412228458322925,0.51,2645.79,0.445,0.0,9.4,0.01,0.22,1804.0000000000002,0.433,0.0,9.4,0.01,108101.43698432032,22.38649559020996,0.45366188176548244,0.91,3550.41,0.664,0.02,60.16,0.018,1.99,9159.4,0.648,0.02,60.16,0.018
37,0,-14000,14000.0,21620.27846142331,2.8128654956817627,0.2860738633313738,0.6,2883.12,0.458,0.0,9.4,0.01,0.24,1828.6,0.432,0.0,9.4,0.01,108741.42073915443,22.67730140686035,0.4555404668950917,0.96,3599.85,0.667,0.02,60.16,0.018,2.08,9274.2,0.651,0.02,60.16,0.018
37,0,-13500,13500.0,22873.898014527036,3.2086262702941895,0.28879118916652796,0.69,3129.24,0.471,0.0,9.4,0.01,0.26,1869.5999999999997,0.432,0.0,9.4,0.01,108508.91909065597,22.777965545654297,0.45545372657644184,1.03,3664.74,0.671,0.02,60.16,0.018,2.17,9389.0,0.654,0.02,60.16,0.018
37,0,-13000,13000.0,24543.05062381491,3.7009129524230957,0.2926422513065456,0.78,3428.1,0.484,0.0,9.4,0.01,0.3,1951.6,0.436,0.0,9.4,0.01,107053.2895305157,22.612321853637695,0.45400844504951554,1.12,3738.9,0.675,0.02,60.16,0.018,2.27,9528.4,0.657,0.02,60.16,0.018
37,0,-12500,12500.0,26384.030679804608,4.211292743682861,0.2961241187692617,0.85,3735.75,0.495,0.0,9.4,0.01,0.34,2058.2,0.44,0.0,9.4,0.01,104745.26748724979,22.294023513793945,0.45092213986990254,1.13,3726.54,0.674,0.03,62.04,0.019,2.37,9692.4,0.66,0.03,62.04,0.019
37,0,-12000,12000.0,28804.523784879988,4.764559268951416,0.30201717711521114,0.9,4060.98,0.502,0.0,9.4,0.01,0.39,2222.2,0.449,0.0,9.4,0.01,101233.50343777018,21.707683563232422,0.4468103567252188,1.14,3720.3599999999997,0.673,0.03,62.04,0.019,2.44,9749.8,0.661,0.03,62.04,0.019
37,0,-11500,11500.0,31262.395136052284,5.522537708282471,0.30616461192308575,0.93,4368.63,0.508,0.0,11.28,0.01,0.46,2410.8,0.458,0.0,11.28,0.01,96851.55177459147,21.05937957763672,0.44022821560216285,1.1,3544.23,0.661,0.02,63.92000000000001,0.019,2.5,9733.4,0.66,0.02,63.92000000000001,0.019
37,0,-11000,11000.0,34034.17319898885,6.295293807983398,0.3109416466339817,0.34,1183.47,0.503,0.0,11.28,0.01,0.55,2648.6,0.47,0.0,11.28,0.01,91103.87260607879,20.16476058959961,0.4301218791903351,1.09,3355.74,0.648,0.02,63.92000000000001,0.019,2.48,9446.4,0.653,0.02,63.92000000000001,0.019
37,0,-10500,10500.0,36813.74006003498,6.982717990875244,0.3149358386603143,0.37,1294.7100000000003,0.511,0.0,13.160000000000002,0.01,0.64,2902.8,0.481,0.0,13.160000000000002,0.01,85409.02476424862,19.228769302368164,0.4201759347234651,1.04,3068.37,0.627,0.02,62.04,0.019,2.41,9011.8,0.642,0.02,62.04,0.019
37,0,-10000,10000.0,39691.57646545839,7.538463115692139,0.3199856860669029,0.41,1418.31,0.52,0.0,13.160000000000002,0.01,0.74,3198.0,0.491,0.0,13.160000000000002,0.01,78969.63953166385,18.064481735229492,0.4062460196064585,1.32,4402.32,0.603,0.02,62.04,0.019,2.27,8339.4,0.623,0.02,62.04,0.019
37,0,-9500,9500.0,42283.23993620602,7.923205852508545,0.3233458266404674,0.42,1532.64,0.524,0.0,15.04,0.011,0.82,3501.3999999999996,0.5,0.0,15.04,0.011,73294.35964942463,17.031705856323242,0.39445344245511854,0.62,1839.15,0.565,0.02,54.519999999999996,0.017,2.1,7585.0,0.601,0.02,54.519999999999996,0.017
37,0,-9000,9000.0,44691.832546591846,8.148083686828613,0.32855552469374205,0.43,1659.33,0.529,0.0,16.92,0.011,0.88,3829.4,0.506,0.0,16.92,0.011,67963.37430283257,16.018831253051758,0.38097694198117227,1.23,3757.6800000000003,0.564,0.02,52.64000000000001,0.017,1.91,6822.4,0.576,0.02,52.64000000000001,0.017
37,0,-8500,8500.0,46522.93326651974,8.194445610046387,0.33136771452928043,0.41,1745.85,0.532,0.01,18.8,0.011,0.92,4141.0,0.512,0.01,18.8,0.011,63635.33771001993,15.255729675292969,0.37037999466920657,0.54,1443.18,0.504,0.01,41.36,0.014,1.74,6182.8,0.554,0.01,41.36,0.014
37,0,-8000,8000.0,47697.57080471164,8.11513614654541,0.33432489645915103,0.4,1838.55,0.534,0.01,18.8,0.011,0.92,4419.8,0.516,0.01,18.8,0.011,60391.440024065625,14.666277885437012,0.3610790295761914,1.05,2949.84,0.503,0.01,37.6,0.014,1.62,5813.8,0.549,0.01,37.6,0.014
37,0,-7500,7500.0,48306.4943401885,7.942253589630127,0.3353630975191566,0.37,1860.1799999999998,0.535,0.01,20.68,0.011,0.91,4657.6,0.519,0.01,20.68,0.011,58556.367571580384,14.321442604064941,0.35784160875992105,0.76,2095.02,0.559,0.01,28.2,0.011,1.55,5576.0,0.547,0.01,28.2,0.011
37,0,-7000,7000.0,48272.068860616644,7.695428848266602,0.33570872435876736,0.32,1487.7,0.449,0.01,22.56,0.011,0.87,4805.2,0.521,0.01,22.56,0.011,57361.48770235529,14.09144401550293,0.35431222817526115,0.74,2085.75,0.56,0.01,28.2,0.011,1.52,5444.8,0.547,0.01,28.2,0.011
37,0,-6500,6500.0,47640.53322372496,7.430062770843506,0.333191848571862,0.25,1097.28,0.452,0.01,22.56,0.011,0.82,4879.0,0.522,0.01,22.56,0.011,56976.80939905766,13.95547866821289,0.35431681635769813,0.73,2116.65,0.561,0.01,26.320000000000004,0.011,1.52,5395.6,0.547,0.01,26.320000000000004,0.011
37,0,-6000,6000.0,46515.34710310033,7.150803089141846,0.3298049656406156,0.24,1073.52,0.449,0.01,22.56,0.011,0.77,4813.4,0.521,0.01,22.56,0.011,57021.455199126445,13.82094955444336,0.3546454786383862,0.64,1470.66,0.469,0.01,26.320000000000004,0.011,1.52,5420.2,0.547,0.01,26.320000000000004,0.011
37,0,-5500,5500.0,45245.8808205412,6.975714206695557,0.3261206835866619,0.23,1009.0199999999999,0.45,0.01,22.56,0.011,0.71,4690.4,0.518,0.01,22.56,0.011,57075.869645998355,14.277165412902832,0.35452411961362607,0.71,1490.98,0.47,0.01,24.44,0.011,1.54,5494.0,0.549,0.01,24.44,0.011
37,0,-5000,5000.0,43801.91670687271,6.956114768981934,0.32310707105898184,0.22,984.9000000000001,0.446,0.01,22.56,0.011,0.7,4485.4,0.513,0.01,22.56,0.011,57437.19527842899,14.803850173950195,0.356047774376658,0.78,1508.76,0.471,0.01,24.44,0.011,1.54,5576.0,0.55,0.01,24.44,0.011
37,0,-4500,4500.0,42408.62460355885,6.974936485290527,0.3208172379973783,0.2,932.6399999999999,0.438,0.01,22.56,0.011,0.68,4272.2,0.505,0.01,22.56,0.011,57619.8467760561,15.036297798156738,0.35669490617212435,0.7,1289.52,0.475,0.01,26.320000000000004,0.011,1.53,5658.0,0.551,0.01,26.320000000000004,0.011
37,0,-4000,4000.0,41212.10488167686,7.06144380569458,0.31966234526189385,0.39,1880.8800000000003,0.434,0.01,20.68,0.011,0.67,4083.6000000000004,0.493,0.01,20.68,0.011,57544.083016443576,15.103264808654785,0.35690738014493295,1.02,1670.4,0.471,0.01,26.320000000000004,0.011,1.6,5707.2,0.551,0.01,26.320000000000004,0.011
37,0,-3500,3500.0,40366.66593112886,7.1751604080200195,0.3205748254746437,0.83,3946.71,0.492,0.01,20.68,0.011,0.67,3944.1999999999994,0.484,0.01,20.68,0.011,57515.555642549865,14.870593070983887,0.3579710110588099,0.78,1296.0,0.476,0.02,26.320000000000004,0.011,1.74,5731.8,0.552,0.02,26.320000000000004,0.011
37,0,-3000,3000.0,39498.882766443014,7.3253679275512695,0.31960698396943277,0.88,4034.61,0.498,0.0,20.68,0.011,0.67,3854.0,0.478,0.0,20.68,0.011,57280.01734657566,14.434165954589844,0.35934839450482886,0.72,1171.83,0.474,0.02,26.320000000000004,0.011,1.83,5723.6,0.552,0.02,26.320000000000004,0.011
37,0,-2500,2500.0,38855.01813601702,7.475115776062012,0.3195319506824824,0.32,1430.67,0.498,0.0,20.68,0.011,0.68,3780.2000000000003,0.476,0.0,20.68,0.011,56818.89024024164,13.782142639160156,0.35999744289708774,0.75,1177.86,0.474,0.02,26.320000000000004,0.011,1.86,5674.4,0.552,0.02,26.320000000000004,0.011
37,0,-2000,2000.0,38417.07796474807,7.603359222412109,0.31936082318603626,0.33,1061.4,0.426,0.0,20.68,0.011,0.7,3665.4,0.476,0.0,20.68,0.011,55929.78722093585,12.932896614074707,0.3594143804272623,0.75,1171.83,0.474,0.02,26.320000000000004,0.011,1.82,5592.4,0.551,0.02,26.320000000000004,0.011
37,0,-1500,1500.0,38230.94210171239,7.684237957000732,0.3200140350972508,0.38,1390.5,0.504,0.0,18.8,0.011,0.72,3575.2000000000003,0.48,0.0,18.8,0.011,55106.8602355157,11.9852294921875,0.35989136166741104,0.72,1149.72,0.474,0.02,26.320000000000004,0.011,1.75,5502.2,0.551,0.02,26.320000000000004,0.011
37,0,-1000,1000.0,38571.21485922732,7.7096781730651855,0.32201397710722485,0.4,1393.59,0.512,0.01,18.8,0.01,0.75,3542.4000000000005,0.486,0.01,18.8,0.01,53926.97295359773,10.861428260803223,0.3589075165573476,0.68,1133.64,0.474,0.02,26.320000000000004,0.011,1.61,5403.8,0.55,0.02,26.320000000000004,0.011
37,0,-500,500.0,39152.6140887223,7.667895317077637,0.32473028419782957,0.42,1430.67,0.516,0.01,16.92,0.01,0.79,3558.8,0.494,0.01,16.92,0.01,52698.97401719125,9.766383171081543,0.3581831687152373,0.61,1095.45,0.473,0.02,26.320000000000004,0.011,1.47,5330.0,0.549,0.02,26.320000000000004,0.011
37,0,0,0.0,39948.10046597523,7.5341715812683105,0.3272772888508672,0.44,1467.75,0.521,0.01,16.92,0.01,0.82,3624.4,0.499,0.01,16.92,0.01,51314.83280074797,8.573287963867188,0.356873518963472,0.57,1077.36,0.473,0.02,26.320000000000004,0.011,1.29,5248.0,0.548,0.02,26.320000000000004,0.011
37,0,500,500.0,40637.91806395333,7.3520941734313965,0.3291440449283566,0.43,1517.19,0.525,0.01,16.92,0.011,0.84,3714.6,0.504,0.01,16.92,0.011,49865.44333003666,7.492148399353027,0.35584133066566676,0.47,1041.18,0.472,0.02,24.44,0.011,1.13,5190.6,0.547,0.02,24.44,0.011
37,0,1000,1000.0,41152.39107003032,7.06789493560791,0.33158375273133384,0.43,1572.81,0.53,0.01,16.92,0.011,0.84,3837.5999999999995,0.509,0.01,16.92,0.011,48212.06034697116,6.748911380767822,0.3539503637801857,0.44,1025.1,0.471,0.01,24.44,0.011,0.96,5100.4,0.547,0.01,24.44,0.011
37,0,1500,1500.0,41489.75086137575,6.82284688949585,0.33419803661539904,0.41,1609.89,0.531,0.01,18.8,0.011,0.84,3960.6,0.514,0.01,18.8,0.011,46603.966529162,6.39203405380249,0.3533128575199844,0.36,992.9400000000002,0.47,0.01,24.44,0.011,0.83,5010.2,0.546,0.01,24.44,0.011
37,0,2000,2000.0,41246.15037429232,6.4975152015686035,0.33631430148779345,0.38,1650.06,0.533,0.01,18.8,0.011,0.8,4083.6000000000004,0.516,0.01,18.8,0.011,44669.17858615116,6.361478328704834,0.3508119012669071,0.34,982.8899999999999,0.47,0.01,24.44,0.011,0.76,4870.8,0.544,0.01,24.44,0.011
37,0,2500,2500.0,40682.368383227746,6.162923336029053,0.3375743038926484,0.35,1643.88,0.532,0.01,18.8,0.011,0.77,4181.999999999999,0.517,0.01,18.8,0.011,42832.88379470275,6.166182994842529,0.34984868209010217,0.31,956.76,0.47,0.01,22.56,0.011,0.76,4723.2,0.543,0.01,22.56,0.011
37,0,3000,3000.0,39577.52685601755,5.776862621307373,0.33745732662905514,0.32,1637.7,0.531,0.01,18.8,0.011,0.72,4214.8,0.517,0.01,18.8,0.011,40848.61291177044,5.879024028778076,0.34801138523532893,0.31,948.72,0.47,0.01,22.56,0.011,0.74,4518.2,0.54,0.01,22.56,0.011
37,0,3500,3500.0,38303.794176343115,5.403083801269531,0.33645972874793073,0.29,1557.36,0.528,0.01,20.68,0.011,0.67,4198.4,0.516,0.01,20.68,0.011,38722.44300810553,5.6327056884765625,0.3452751878255749,0.3,916.5599999999998,0.469,0.01,22.56,0.011,0.7,4272.2,0.537,0.01,22.56,0.011
37,0,4000,4000.0,36767.275850797116,5.077371597290039,0.33315790542330925,0.28,1473.9299999999998,0.524,0.01,20.68,0.011,0.61,4050.8000000000006,0.513,0.01,20.68,0.011,36699.03309055531,5.388428211212158,0.3426729004469617,0.3,902.49,0.469,0.01,20.68,0.011,0.64,3993.4,0.534,0.01,20.68,0.011
37,0,4500,4500.0,35307.13945434568,4.80321741104126,0.32963311420860786,0.28,1381.23,0.52,0.01,18.8,0.011,0.56,3854.0,0.51,0.01,18.8,0.011,34858.980420554675,5.1771464347839355,0.34095938197955994,0.29,854.25,0.467,0.01,20.68,0.011,0.57,3698.2,0.531,0.01,20.68,0.011
37,0,5000,5000.0,34103.7853160538,4.64034366607666,0.32560480452451734,0.19,768.96,0.436,0.09,460.46,0.035,0.53,3591.6,0.505,0.01,18.8,0.011,33150.940860851806,5.038166046142578,0.33672827741670996,0.29,832.1399999999999,0.467,0.01,18.8,0.011,0.52,3403.0000000000005,0.526,0.01,18.8,0.011
37,0,5500,5500.0,33211.740135195534,4.508122444152832,0.32292701141040897,0.19,708.48,0.432,0.09,478.1700000000001,0.035,0.52,3345.6,0.499,0.01,16.92,0.011,31870.352820524495,5.0204620361328125,0.3339378687088453,0.28,773.85,0.465,0.01,16.92,0.011,0.5,3116.0,0.521,0.01,16.92,0.011
37,0,6000,6000.0,32873.79064422402,4.377673625946045,0.3218680727035943,0.19,712.8,0.433,0.08,478.1700000000001,0.036,0.5,3189.8,0.496,0.01,16.92,0.011,31278.3243831222,5.345278263092041,0.33033722668505267,0.27,747.72,0.464,0.01,16.92,0.011,0.5,2870.0,0.516,0.01,16.92,0.011
37,0,6500,6500.0,32818.978831086504,4.253417015075684,0.3223170629456336,0.19,714.96,0.435,0.08,495.88000000000005,0.036,0.49,3099.6,0.494,0.01,15.04,0.01,31121.363766406117,5.9423980712890625,0.32715074259803617,1.17,3507.21,0.518,0.01,15.04,0.011,0.5,2648.6,0.51,0.01,15.04,0.011
37,0,7000,7000.0,32994.80526485418,4.1219892501831055,0.3232272065692499,0.19,723.6,0.436,0.08,478.1700000000001,0.036,0.48,3116.0,0.495,0.01,15.04,0.01,31827.429953453262,6.887271881103516,0.32392798082253926,1.42,3920.34,0.526,0.01,15.04,0.011,0.53,2517.4,0.505,0.01,15.04,0.011
37,0,7500,7500.0,33284.715119153705,3.9878950119018555,0.32529827042716447,0.18,753.84,0.441,0.08,478.1700000000001,0.036,0.46,3181.6,0.498,0.01,15.04,0.011,33067.80501089167,7.98833703994751,0.3229797196321294,1.64,4245.57,0.531,0.01,13.160000000000002,0.011,0.57,2443.6,0.502,0.01,13.160000000000002,0.011
37,0,8000,8000.0,33424.71407663012,3.831357955932617,0.3272349798901036,0.17,756.0,0.44,0.08,460.46,0.035,0.45,3263.6,0.501,0.01,15.04,0.011,35026.364701253784,9.279568672180176,0.3237974961944309,0.58,1093.5,0.455,0.01,13.160000000000002,0.011,0.66,2501.0,0.502,0.01,13.160000000000002,0.011
37,0,8500,8500.0,33335.98383901167,3.670822858810425,0.328108211252828,0.15,768.96,0.441,0.09,460.46,0.035,0.43,3321.0,0.503,0.01,15.04,0.011,37254.39581799128,10.451859474182129,0.3261676569930072,0.63,1041.3999999999999,0.46,0.01,13.160000000000002,0.011,0.77,2656.8,0.506,0.01,13.160000000000002,0.011
37,0,9000,9000.0,32937.54207169029,3.4860386848449707,0.32854126545528317,0.14,764.64,0.441,0.08,442.75,0.035,0.41,3353.8,0.503,0.01,15.04,0.011,39886.3984886495,11.478384971618652,0.3322643210316616,0.77,1155.7,0.465,0.01,13.160000000000002,0.011,0.97,2976.6,0.514,0.01,13.160000000000002,0.011
37,0,9500,9500.0,32329.44599226208,3.378981590270996,0.32779868839097315,0.14,751.68,0.44,0.08,425.04,0.035,0.39,3361.9999999999995,0.503,0.01,16.92,0.011,42348.26324507387,12.246149063110352,0.33786125185453175,0.85,1224.28,0.467,0.01,15.04,0.011,1.2,3345.6,0.522,0.01,15.04,0.011
37,0,10000,10000.0,31529.839668265413,3.5629794597625732,0.3258660381330935,0.59,3173.19,0.484,0.08,407.33,0.035,0.39,3312.8,0.501,0.01,16.92,0.011,44333.53815373328,13.29129409790039,0.3443965976821917,1.1,1519.6,0.471,0.01,15.04,0.011,1.49,3755.6,0.53,0.01,15.04,0.011
37,0,10500,10500.0,30768.226854699915,3.7356412410736084,0.3237791086478513,0.64,3173.19,0.484,0.0,15.04,0.011,0.4,3255.4,0.499,0.0,15.04,0.011,45588.64098761372,14.839319229125977,0.34765149695361297,0.85,1043.28,0.473,0.01,18.8,0.011,1.77,4124.6,0.535,0.01,18.8,0.011
37,0,11000,11000.0,30092.989941761392,3.925858736038208,0.32015104534249256,0.72,3261.09,0.486,0.0,15.04,0.011,0.39,3140.6,0.496,0.0,15.04,0.011,46072.440000025774,15.701556205749512,0.3516975583107934,1.23,1727.31,0.559,0.02,18.8,0.011,1.98,4354.2,0.539,0.02,18.8,0.011
37,0,11500,11500.0,29692.935868187666,4.122521877288818,0.31789907276164187,0.79,3366.57,0.489,0.0,15.04,0.011,0.39,3017.6,0.492,0.0,15.04,0.011,45704.40695972239,16.051895141601562,0.35163191610858313,0.82,1041.18,0.474,0.02,20.68,0.011,2.11,4469.0,0.54,0.02,20.68,0.011
37,0,12000,12000.0,29547.58063698969,4.3561787605285645,0.31488278545534626,0.84,3480.84,0.492,0.0,15.04,0.011,0.42,2894.6,0.487,0.0,15.04,0.011,44749.24052380844,15.657000541687012,0.3519657912419052,0.82,1037.16,0.474,0.02,22.56,0.011,2.12,4428.0,0.54,0.02,22.56,0.011
37,0,12500,12500.0,29631.542889573044,4.606180667877197,0.31327492625411935,0.87,3559.95,0.493,0.0,13.160000000000002,0.011,0.44,2779.8,0.483,0.0,13.160000000000002,0.011,43470.02885524095,14.910735130310059,0.3509446851556416,0.81,1011.03,0.473,0.02,22.56,0.011,2.06,4313.2,0.539,0.02,22.56,0.011
37,0,13000,13000.0,30060.979999323714,4.869041919708252,0.3134820508768384,0.85,3551.16,0.493,0.0,13.160000000000002,0.011,0.5,2738.8,0.481,0.0,13.160000000000002,0.011,41884.26727513357,13.954299926757812,0.34892748411782526,0.77,980.88,0.472,0.02,22.56,0.011,1.93,4132.8,0.537,0.02,22.56,0.011
37,0,13500,13500.0,30533.482811597423,5.143237590789795,0.31424110816162437,0.34,1152.57,0.507,0.0,13.160000000000002,0.01,0.56,2747.0,0.481,0.0,13.160000000000002,0.01,40219.51560552206,12.931794166564941,0.3462201312022923,0.69,914.55,0.47,0.02,20.68,0.011,1.8,3952.4000000000005,0.534,0.02,20.68,0.011
37,0,14000,14000.0,30965.955181908266,5.406245231628418,0.3155190856877768,0.39,1208.19,0.51,0.0,13.160000000000002,0.01,0.63,2853.6,0.484,0.0,13.160000000000002,0.01,38538.15307017467,11.941622734069824,0.3424473967501275,0.65,880.38,0.468,0.02,20.68,0.011,1.65,3796.6,0.531,0.02,20.68,0.011
37,0,14500,14500.0,31347.957764941253,5.613208293914795,0.3174578522193299,0.41,1242.1799999999998,0.512,0.0,13.160000000000002,0.011,0.71,2984.8,0.487,0.0,13.160000000000002,0.011,37064.89187745503,10.884551048278809,0.3401954853878315,0.55,816.0599999999998,0.464,0.02,18.8,0.011,1.53,3681.8,0.529,0.02,18.8,0.011
37,0,15000,15000.0,31459.03027795814,5.749178409576416,0.320101717855816,0.43,1282.35,0.514,0.0,15.04,0.011,0.77,3107.8,0.49,0.0,15.04,0.011,35524.08882980101,9.972492218017578,0.3366619950618981,0.51,793.95,0.462,0.02,18.8,0.011,1.42,3583.4,0.525,0.02,18.8,0.011
37,0,15500,15500.0,31097.547229269723,5.781627178192139,0.31976714993091704,0.43,1263.81,0.513,0.01,15.04,0.011,0.81,3206.2,0.493,0.01,15.04,0.011,34073.127577933636,9.054776191711426,0.334216340206097,0.69,1347.24,0.541,0.01,16.92,0.011,1.34,3526.0,0.523,0.01,16.92,0.011
37,0,16000,16000.0,30392.394433043355,5.723911285400391,0.3197434728648356,0.43,1248.36,0.511,0.01,15.04,0.011,0.82,3214.4,0.493,0.01,15.04,0.011,32440.08198937725,8.092248916625977,0.3309929104615176,0.63,1316.34,0.538,0.01,16.92,0.011,1.25,3444.0,0.519,0.01,16.92,0.011
37,0,16500,16500.0,29353.00027893185,5.577625751495361,0.31749886271605016,0.3,695.52,0.43,0.01,15.04,0.011,0.81,3181.6,0.491,0.01,15.04,0.011,30919.20145364884,7.258336067199707,0.3299653441412329,0.58,1251.45,0.535,0.01,16.92,0.011,1.16,3370.2000000000003,0.516,0.01,16.92,0.011
37,0,17000,17000.0,28178.094625218582,5.321538925170898,0.3151172476159037,0.3,678.24,0.428,0.01,15.04,0.011,0.78,3066.8,0.488,0.01,15.04,0.011,29018.607106457952,6.423191070556641,0.32718357629639966,0.52,1183.47,0.532,0.01,16.92,0.011,1.07,3239.0,0.512,0.01,16.92,0.011
37,0,17500,17500.0,26989.60397677728,5.021566867828369,0.3126090232120757,0.27,613.05,0.426,0.01,15.04,0.011,0.75,2927.4,0.483,0.01,15.04,0.011,27129.845794218178,5.6570587158203125,0.32587557834892084,0.48,1087.68,0.527,0.01,16.92,0.011,0.98,3083.2,0.508,0.01,16.92,0.011
37,0,18000,18000.0,25691.260762703212,4.652076244354248,0.30749426715187084,0.27,590.94,0.423,0.01,15.04,0.011,0.7,2755.2,0.477,0.01,15.04,0.011,24729.686734431918,5.055408000946045,0.32033506580074556,0.43,985.71,0.521,0.01,15.04,0.011,0.89,2878.2,0.503,0.01,15.04,0.011
37,0,18500,18500.0,24539.14076341039,4.268804550170898,0.30368548704261156,0.25,542.7,0.417,0.01,13.160000000000002,0.011,0.64,2591.2,0.471,0.01,13.160000000000002,0.011,22386.21357840363,4.525218486785889,0.3158234594670992,0.26,623.1,0.44,0.09,247.94000000000003,0.033,0.8,2640.4,0.497,0.01,15.04,0.011
37,0,19000,19000.0,23438.5381779588,3.895946979522705,0.2996404878955681,0.24,522.6,0.415,0.01,13.160000000000002,0.011,0.57,2435.4,0.465,0.01,13.160000000000002,0.011,19810.47561614857,3.9733288288116455,0.3074549849123442,0.25,594.96,0.438,0.07,212.52,0.032,0.71,2369.8,0.49,0.01,15.04,0.011
37,0,19500,19500.0,22477.794809682528,3.5437915325164795,0.29753667050112576,0.2,486.42,0.41,0.09,318.78,0.033,0.5,2312.4,0.459,0.01,13.160000000000002,0.01,17367.098847982936,3.4204931259155273,0.29937277630818215,0.23,524.61,0.435,0.05,177.1,0.03,0.62,2090.9999999999995,0.48,0.01,13.160000000000002,0.011
37,0,20000,20000.0,21499.336417419625,3.2141799926757812,0.2954254925258581,0.19,480.39,0.409,0.07,301.07,0.032,0.45,2230.4,0.456,0.01,11.28,0.01,14904.126346775229,2.844794511795044,0.2865367812838772,0.21,488.43000000000006,0.43,0.04,159.39,0.029,0.51,1787.6000000000001,0.465,0.01,11.28,0.011
38,0,-20000,20000.0,370125.85726913734,22.23804473876953,0.6155721443925243,1.5,11175.6,0.803,0.04,193.64,0.027,1.77,26527.0,0.781,0.04,193.64,0.027,200574.7124988123,33.36982727050781,0.5361479882524156,2.72,6936.800000000001,0.759,0.04,114.68,0.024,3.44,16867.4,0.742,0.04,114.68,0.024
38,0,-19500,19500.0,368349.140950983,23.639570236206055,0.6140639923194005,1.49,8959.68,0.813,0.04,235.0,0.029,2.05,29364.200000000004,0.798,0.04,235.0,0.029,203114.13605328597,33.88673400878906,0.5410380477223659,2.78,6948.4,0.76,0.05,122.2,0.025,3.82,17064.2,0.745,0.05,122.2,0.025
38,0,-19000,19000.0,358325.665624246,23.372053146362305,0.6080800211102793,1.45,8674.56,0.808,0.04,248.16,0.029,2.65,32094.8,0.812,0.04,248.16,0.029,203867.73894531684,34.00971221923828,0.5512925212200104,1.71,4261.26,0.765,0.06,124.08,0.025,3.89,17023.2,0.745,0.06,124.08,0.025
38,0,-18500,18500.0,345621.084537453,20.74787139892578,0.5971553523907308,1.91,12869.85,0.829,0.05,278.24,0.03,3.54,34759.8,0.824,0.05,278.24,0.03,199469.399619725,33.74123001098633,0.5568292986254111,2.04,4910.43,0.766,0.07,129.72,0.025,3.84,16465.6,0.74,0.07,129.72,0.025
38,0,-18000,18000.0,331748.9921547842,20.489728927612305,0.5877881774837134,1.83,12032.46,0.82,0.06,287.64,0.03,3.51,33029.6,0.816,0.06,287.64,0.03,191055.75345413125,33.44883346557617,0.5572403443586733,1.32,3451.0,0.767,0.07,131.6,0.025,3.68,18228.6,0.761,0.07,131.6,0.025
38,0,-17500,17500.0,322125.94974691747,19.64370346069336,0.5844951422371784,1.5,8694.0,0.763,0.05,257.56,0.029,3.35,30979.6,0.806,0.05,257.56,0.029,178288.75729773502,33.332942962646484,0.5464721015548223,2.56,8105.07,0.807,0.07,161.68,0.028,4.07,20163.8,0.78,0.07,161.68,0.028
38,0,-17000,17000.0,315609.47321663116,25.009408950805664,0.5814146662695706,2.35,8618.4,0.762,0.05,248.16,0.029,2.41,28519.6,0.793,0.05,248.16,0.029,159608.2191509078,32.26024627685547,0.5161626084604612,3.1,8457.33,0.817,0.08,169.2,0.028,4.52,20573.8,0.786,0.08,169.2,0.028
38,0,-16500,16500.0,308697.3822636588,28.378189086914062,0.5767753371016052,2.45,8158.479999999999,0.766,0.03,218.07999999999998,0.028,2.03,26051.4,0.778,0.03,218.07999999999998,0.028,144801.87136281826,31.005844116210938,0.4893416713123477,2.3,7017.39,0.785,0.07,165.44,0.028,5.18,21008.4,0.792,0.07,165.44,0.028
38,0,-16000,16000.0,305892.8109397675,31.69828224182129,0.57203689910804,2.64,7848.6,0.758,0.03,210.56000000000003,0.028,1.99,26280.999999999996,0.78,0.03,210.56000000000003,0.028,133164.96033824043,30.563013076782227,0.46336539896322027,1.72,3828.0,0.644,0.06,165.44,0.028,3.71,17187.2,0.757,0.06,165.44,0.028
38,0,-15500,15500.0,304187.63357574714,33.50150680541992,0.567535445115343,2.72,7678.42,0.753,0.04,219.96,0.028,2.49,26584.4,0.783,0.04,219.96,0.028,128587.32067470718,30.87201499938965,0.45533735021222455,1.76,3871.5,0.646,0.04,101.52,0.023,3.01,13464.400000000001,0.71,0.04,101.52,0.023
38,0,-15000,15000.0,306501.74334466894,31.942636489868164,0.5646264366904602,2.43,6810.48,0.767,0.04,223.72,0.028,3.66,26428.599999999995,0.782,0.04,223.72,0.028,131449.65180385337,32.856380462646484,0.4583778580074074,2.19,4199.2,0.669,0.03,84.6,0.021,2.97,11767.0,0.68,0.03,84.6,0.021
38,0,-14500,14500.0,313255.2049361037,29.15273094177246,0.5665923090083996,2.74,6542.64,0.759,0.07,219.96,0.028,4.78,26190.8,0.78,0.07,219.96,0.028,134982.02937083007,34.96072769165039,0.46468957013471845,2.09,4201.16,0.692,0.02,69.56,0.019,2.98,10200.8,0.649,0.02,69.56,0.019
38,0,-14000,14000.0,323099.7333138281,23.208847045898438,0.5685569260085149,3.61,9579.0,0.783,0.08,219.96,0.028,5.38,25600.4,0.775,0.08,219.96,0.028,139101.2886205016,37.42781448364258,0.4706303093043221,1.46,2726.58,0.685,0.02,65.8,0.019,3.44,11160.2,0.669,0.02,65.8,0.019
38,0,-13500,13500.0,336436.59198942676,25.36779022216797,0.5721575082909637,2.79,9612.99,0.783,0.1,210.56000000000003,0.028,5.79,25100.2,0.771,0.1,210.56000000000003,0.028,141107.2543811066,39.25904846191406,0.47082557192932345,2.01,3734.64,0.702,0.06,84.6,0.022,4.12,12496.8,0.698,0.06,84.6,0.022
38,0,-13000,13000.0,350045.64663306705,26.68685531616211,0.5793133370005182,2.05,11558.7,0.813,0.1,206.80000000000004,0.028,3.96,24731.2,0.767,0.1,206.80000000000004,0.028,141182.4566188067,40.73674774169922,0.4753127358742711,2.92,4216.6,0.675,0.06,88.36,0.022,4.83,13874.400000000001,0.719,0.06,88.36,0.022
38,0,-12500,12500.0,363208.661806256,27.735166549682617,0.589065818994397,2.36,11526.3,0.812,0.1,728.7699999999999,0.053,2.51,24862.4,0.768,0.06,197.4,0.027,139607.4216593601,41.52088928222656,0.4780378104886195,2.98,4254.3,0.677,0.08,105.28000000000002,0.024,5.5,15129.0,0.734,0.08,105.28000000000002,0.024
38,0,-12000,12000.0,371560.3011926367,32.79768371582031,0.6032797980150328,3.23,11445.3,0.812,0.04,193.64,0.027,2.62,26814.000000000004,0.781,0.04,193.64,0.027,135705.27535028954,40.6734504699707,0.4878879511229454,1.85,2623.92,0.684,0.04,100.32,0.061,5.52,14391.0,0.724,0.09,112.8,0.024
38,0,-11500,11500.0,369604.3496549055,36.35502624511719,0.6103168987278942,3.35,10840.72,0.816,0.04,225.6,0.028,2.82,28888.599999999995,0.795,0.04,225.6,0.028,132006.1384769358,39.4337158203125,0.5045798015693572,2.51,3432.24,0.695,0.28,1098.02,0.043,5.51,13628.4,0.713,0.1,99.64,0.024
38,0,-11000,11000.0,357709.9008518568,41.782325744628906,0.612783907303511,3.61,11853.92,0.816,0.05,233.12,0.029,3.57,32988.6,0.817,0.05,233.12,0.029,121935.29779879842,33.514251708984375,0.49836656963265863,3.34,5407.5,0.741,0.3,850.08,0.038,5.85,13735.0,0.717,0.1,97.76,0.024
38,0,-10500,10500.0,338446.9665250699,42.602725982666016,0.6041897042327824,1.97,5999.0,0.82,0.6,5082.77,0.086,4.97,36949.2,0.835,0.07,289.52,0.03,110341.62266687046,26.762287139892578,0.48629604685156497,2.58,5092.32,0.726,0.32,743.82,0.037,6.03,13808.8,0.723,0.12,107.15999999999998,0.025
38,0,-10000,10000.0,313881.73800499825,39.27323532104492,0.587155147195444,1.79,5644.8,0.809,0.54,5277.58,0.087,5.89,36736.0,0.834,0.08,306.44,0.031,94918.43100119835,18.445268630981445,0.4542115199631994,3.09,6258.72,0.681,0.34,726.11,0.037,4.91,13316.799999999997,0.715,0.13,109.03999999999999,0.025
38,0,-9500,9500.0,291178.5575520078,33.37839889526367,0.5687876009639958,8.02,36277.45,0.795,0.81,5614.07,0.089,6.29,35637.2,0.829,0.1,300.8,0.03,80532.83285184794,14.845751762390137,0.4199011863572113,4.9,13470.5,0.661,0.35,708.4,0.037,3.86,12521.4,0.703,0.04,94.0,0.022
38,0,-9000,9000.0,274497.3737923799,25.48310661315918,0.546626362640341,3.29,12354.24,0.757,0.11,300.8,0.031,4.63,30085.799999999996,0.803,0.11,300.8,0.031,67131.3448493325,13.66759204864502,0.3836906488116393,2.26,10069.6,0.653,0.31,655.27,0.037,2.26,10069.6,0.653,0.04,94.0,0.023
38,0,-8500,8500.0,268841.08830614015,19.321250915527344,0.5390962477537807,5.59,27126.8,0.742,0.07,221.84,0.028,3.05,24427.8,0.767,0.07,221.84,0.028,58445.69214908653,13.2420654296875,0.3680031840751542,0.73,1438.4,0.458,0.02,56.4,0.018,1.57,7691.600000000001,0.588,0.02,56.4,0.018
38,0,-8000,8000.0,277689.6262493365,19.599485397338867,0.5372454437669875,1.74,8207.0,0.742,0.05,199.28,0.027,1.98,22107.2,0.748,0.05,199.28,0.027,51891.75237641022,12.578756332397461,0.35035371804351456,0.46,908.28,0.458,0.02,47.0,0.016,1.37,6125.4,0.534,0.02,47.0,0.016
38,0,-7500,7500.0,293841.7425557602,23.176895141601562,0.5422029870960882,2.46,13627.68,0.79,0.03,169.2,0.026,1.86,20614.8,0.734,0.03,169.2,0.026,48678.18959163378,11.863216400146484,0.3507269189130069,0.62,1229.04,0.462,0.01,26.320000000000004,0.011,1.31,5387.4,0.525,0.01,26.320000000000004,0.011
38,0,-7000,7000.0,318008.96670779365,26.61881446838379,0.5508807249569788,2.69,11022.9,0.795,0.03,161.68,0.025,1.64,20926.4,0.736,0.03,161.68,0.025,46177.26468312467,11.037293434143066,0.3439678377700285,0.58,1166.4,0.46,0.01,24.44,0.011,1.37,5412.0,0.525,0.01,24.44,0.011
38,0,-6500,6500.0,341635.6222745344,32.996971130371094,0.5569350472157121,2.75,11225.9,0.798,0.02,167.32,0.026,1.41,21525.0,0.742,0.02,167.32,0.026,43690.887485155516,10.302067756652832,0.3359178824646624,0.68,1986.87,0.539,0.01,24.44,0.011,1.42,5494.0,0.528,0.01,24.44,0.011
38,0,-6000,6000.0,367339.4762369984,38.51371383666992,0.5684383127132904,1.65,6745.980000000001,0.799,0.02,169.2,0.026,2.27,23468.4,0.758,0.02,169.2,0.026,41384.523142099926,9.560946464538574,0.32796939736031816,0.42,959.0400000000001,0.449,0.02,26.320000000000004,0.011,1.27,4985.6,0.52,0.02,26.320000000000004,0.011
38,0,-5500,5500.0,389520.8618271538,41.37211608886719,0.576096052273299,1.98,7808.85,0.801,0.04,199.28,0.027,3.46,25461.0,0.772,0.04,199.28,0.027,39754.282829347365,9.06399917602539,0.32367331388012904,0.48,1603.7100000000003,0.524,0.01,22.56,0.011,1.11,4419.8,0.511,0.01,22.56,0.011
38,0,-5000,5000.0,409434.8782658966,42.26903533935547,0.5889113154497414,1.29,5581.8,0.804,0.05,208.68000000000004,0.028,4.25,28913.2,0.794,0.05,208.68000000000004,0.028,39280.61199869021,8.918076515197754,0.32175485644671764,0.35,829.44,0.439,0.01,20.68,0.011,0.95,4009.7999999999997,0.502,0.01,20.68,0.011
38,0,-4500,4500.0,420014.5339324115,40.84151840209961,0.5921001247702515,2.81,15898.32,0.463,0.07,257.56,0.029,4.86,32217.8,0.812,0.07,257.56,0.029,39790.04320206891,9.063748359680176,0.32418802623713444,0.38,833.76,0.442,0.01,18.8,0.011,0.82,3681.8,0.497,0.01,18.8,0.011
38,0,-4000,4000.0,423934.6235863481,37.81313705444336,0.5941876332403986,3.76,15966.6,0.819,0.08,270.72,0.03,4.45,34423.6,0.822,0.08,270.72,0.03,41360.41418117203,9.416993141174316,0.3275195018761914,0.53,1276.0,0.455,0.01,16.92,0.011,0.79,3624.4,0.498,0.01,16.92,0.011
38,0,-3500,3500.0,422743.0841512034,39.67756271362305,0.5920215809668297,4.11,15642.64,0.816,0.07,302.68,0.031,4.65,36235.8,0.831,0.07,302.68,0.031,43284.787655164706,10.27172565460205,0.33071993041603176,0.44,855.36,0.445,0.01,16.92,0.011,0.82,3575.2000000000003,0.5,0.01,16.92,0.011
38,0,-3000,3000.0,414860.5068726786,41.952606201171875,0.58300454962424,4.66,16657.24,0.824,0.07,310.2,0.031,4.55,37400.2,0.836,0.07,310.2,0.031,45602.90953801834,11.312873840332031,0.3367209518723645,0.73,1319.5,0.463,0.01,16.92,0.011,0.83,3599.7999999999997,0.502,0.01,16.92,0.011
38,0,-2500,2500.0,400732.2298522744,43.58540344238281,0.5655788785973964,5.01,17294.48,0.83,0.05,325.24,0.031,4.4,38269.4,0.84,0.05,325.24,0.031,47492.2042985414,11.97643756866455,0.34167047462609906,0.67,1270.0,0.463,0.01,18.8,0.011,0.84,3632.5999999999995,0.504,0.01,18.8,0.011
38,0,-2000,2000.0,382499.59262958984,45.35430908203125,0.543596090306833,5.18,17807.12,0.835,0.05,329.0,0.031,3.92,37121.4,0.835,0.05,329.0,0.031,48624.853551666274,12.309096336364746,0.34510145898356315,0.91,1441.3,0.469,0.01,18.8,0.011,0.9,3870.4,0.51,0.01,18.8,0.011
38,0,-1500,1500.0,366812.62500086485,46.031532287597656,0.5239109768669851,5.34,18166.68,0.839,0.05,312.08,0.031,4.15,35883.2,0.829,0.05,312.08,0.031,49439.37249376264,12.262611389160156,0.3487257935790882,0.75,1157.76,0.47,0.01,18.8,0.011,1.05,4231.2,0.521,0.01,18.8,0.011
38,0,-1000,1000.0,358430.7827439043,48.88602828979492,0.5157114267217849,4.65,14157.8,0.838,0.05,306.44,0.031,4.68,34415.4,0.822,0.05,306.44,0.031,49476.84631998061,11.675939559936523,0.35112993720193114,0.77,1146.96,0.47,0.01,20.68,0.011,1.28,4723.2,0.53,0.01,20.68,0.011
38,0,-500,500.0,350725.05906172155,50.31965255737305,0.5077612230828713,4.7,14221.6,0.839,0.06,289.52,0.03,5.18,33111.600000000006,0.817,0.06,289.52,0.03,48799.134587237335,10.867852210998535,0.34890454479182265,0.85,1151.28,0.472,0.02,22.56,0.011,1.5,5248.0,0.539,0.02,22.56,0.011
38,0,0,0.0,351430.0847964034,53.85603332519531,0.5135978126338658,2.64,8160.6,0.833,0.06,282.0,0.03,5.8,33144.4,0.817,0.06,282.0,0.03,47761.36302639113,9.998373985290527,0.34716222537661884,1.16,2033.22,0.559,0.02,24.44,0.011,1.61,5248.0,0.54,0.02,24.44,0.011
38,0,500,500.0,350371.0699414165,55.12202453613281,0.5172583276513564,3.13,9559.56,0.836,0.07,287.64,0.03,6.29,33210.0,0.818,0.07,287.64,0.03,46579.380177110055,9.209619522094727,0.34473499093644727,1.03,1863.27,0.551,0.02,24.44,0.011,1.66,5125.0,0.54,0.02,24.44,0.011
38,0,1000,1000.0,351619.9710011926,56.347190856933594,0.5252006371096475,2.68,8024.88,0.837,0.08,289.52,0.03,6.75,34202.2,0.824,0.08,289.52,0.03,45302.64327494143,8.951685905456543,0.33986079093912924,0.9,1680.9600000000003,0.542,0.02,24.44,0.011,1.46,4756.0,0.532,0.02,24.44,0.011
38,0,1500,1500.0,351499.95624464424,54.64234161376953,0.5330871990943251,2.2,6402.2,0.837,0.1,304.56,0.031,7.6,35186.2,0.832,0.1,304.56,0.031,44459.18656487669,9.169830322265625,0.3372684896495306,0.76,1650.06,0.536,0.02,22.56,0.011,1.25,4346.0,0.522,0.02,22.56,0.011
38,0,2000,2000.0,346107.4768670624,47.60218811035156,0.5345783061138669,2.11,6295.8,0.835,0.1,308.32,0.031,8.01,35875.0,0.837,0.1,308.32,0.031,43945.40516584313,9.503512382507324,0.3315408049857384,0.63,1631.52,0.535,0.02,20.68,0.011,1.04,4239.4,0.516,0.02,20.68,0.011
38,0,2500,2500.0,345396.74654913007,47.54692077636719,0.5436757893480944,2.78,9195.12,0.831,0.11,313.96,0.031,8.33,36580.2,0.843,0.11,313.96,0.031,43959.23385797256,10.593884468078613,0.3280820666158084,0.6,1609.89,0.533,0.01,20.68,0.011,0.96,4190.200000000001,0.515,0.01,20.68,0.011
38,0,3000,3000.0,338914.81431461143,49.17510986328125,0.5438688830196604,3.8,13883.37,0.854,0.12,315.84,0.031,7.46,36006.2,0.841,0.12,315.84,0.031,44204.99739217183,11.657322883605957,0.3238461587528549,0.7,1591.35,0.534,0.01,20.68,0.011,1.07,4100.0,0.514,0.01,20.68,0.011
38,0,3500,3500.0,335649.93737582106,49.474178314208984,0.5471735992081231,3.39,10959.1,0.809,0.1,298.92,0.031,7.06,35719.2,0.841,0.1,298.92,0.031,45102.65291271276,12.278446197509766,0.32374582190281204,0.73,1594.44,0.529,0.01,20.68,0.011,1.19,4059.0,0.515,0.01,20.68,0.011
38,0,4000,4000.0,336677.7668161801,51.4574089050293,0.5555204658309167,1.99,6488.46,0.807,0.1,293.28,0.031,5.99,33267.4,0.831,0.1,293.28,0.031,45954.7746659016,12.37398624420166,0.326528655783819,0.75,1499.3,0.448,0.01,20.68,0.011,1.31,4059.0,0.511,0.01,20.68,0.011
38,0,4500,4500.0,339444.845679132,51.678367614746094,0.5673763759017836,2.55,7957.4400000000005,0.806,0.07,251.92000000000002,0.03,6.09,31258.399999999998,0.823,0.07,251.92000000000002,0.03,46431.717585184015,11.79836654663086,0.32999104610891417,0.76,1513.8,0.448,0.01,20.68,0.011,1.4,4091.8,0.51,0.01,20.68,0.011
38,0,5000,5000.0,343730.3701407203,48.32773971557617,0.5820178078674585,2.45,7974.72,0.806,0.06,240.64,0.029,6.46,31192.8,0.822,0.06,240.64,0.029,46357.79404089115,10.751479148864746,0.337529596281452,0.48,952.74,0.447,0.01,20.68,0.011,1.34,4206.6,0.508,0.01,20.68,0.011
38,0,5500,5500.0,345763.11159198376,44.926368713378906,0.5965368576682449,3.05,11701.83,0.827,0.08,251.92000000000002,0.03,6.67,30725.4,0.82,0.08,251.92000000000002,0.03,45171.971958389986,9.524463653564453,0.341585377518019,0.52,1047.21,0.45,0.01,20.68,0.011,1.26,4362.4,0.507,0.01,20.68,0.011
38,0,6000,6000.0,336796.1078972017,36.463890075683594,0.599101763730307,2.8,11772.9,0.828,0.09,253.80000000000004,0.03,5.95,30799.200000000004,0.819,0.09,253.80000000000004,0.03,42849.9838124535,7.897769927978516,0.3388044810907905,0.5,1049.22,0.45,0.01,20.68,0.011,1.2,4583.8,0.508,0.01,20.68,0.011
38,0,6500,6500.0,327459.1546572061,34.29074478149414,0.6026855439045974,1.78,7368.659999999999,0.802,0.08,257.56,0.03,5.28,30922.2,0.82,0.08,257.56,0.03,40105.058804056716,6.326232433319092,0.3319915701535607,0.43,1047.21,0.452,0.01,22.56,0.011,1.13,4747.8,0.509,0.01,22.56,0.011
38,0,7000,7000.0,313163.02103546984,30.105567932128906,0.598061759571944,1.68,7131.479999999999,0.797,0.07,257.56,0.03,4.21,30331.8,0.816,0.07,257.56,0.03,37428.37347439581,4.789821147918701,0.3189944199998798,0.78,2113.44,0.446,0.01,24.44,0.011,0.97,4518.2,0.505,0.01,24.44,0.011
38,0,7500,7500.0,297259.78306619654,25.831947326660156,0.589691542683102,1.46,6586.770000000001,0.785,0.07,250.04,0.03,3.67,29552.8,0.812,0.07,250.04,0.03,35271.563799607764,3.914670944213867,0.30586363272619543,1.16,4505.65,0.431,0.01,22.56,0.011,0.81,4181.999999999999,0.503,0.01,22.56,0.011
38,0,8000,8000.0,280709.05444756063,20.913665771484375,0.5761055335540288,1.34,6253.11,0.776,0.65,5366.13,0.09,3.39,27789.8,0.802,0.07,248.16,0.029,34731.75836466647,4.494625568389893,0.2953721160651943,0.51,1986.48,0.454,0.01,22.56,0.011,0.57,3444.0,0.489,0.01,22.56,0.011
38,0,8500,8500.0,268591.4417324122,17.53573226928711,0.5679259928927717,1.07,5515.44,0.754,0.53,5401.55,0.09,3.04,25977.6,0.791,0.06,223.72,0.029,36146.29889352593,5.189876079559326,0.2960844679097343,0.62,2221.44,0.46,0.01,16.92,0.011,0.37,2738.8,0.473,0.01,16.92,0.011
38,0,9000,9000.0,260444.42825049962,15.730497360229492,0.5600745636121739,0.99,5350.62,0.748,0.49,5472.39,0.09,2.38,24099.8,0.779,0.06,218.07999999999998,0.028,39871.26585115896,5.903381824493408,0.3059405063627098,0.69,2705.6,0.506,0.0,15.04,0.011,0.42,2533.8,0.474,0.0,15.04,0.011
38,0,9500,9500.0,257150.40159291594,14.221466064453125,0.559301762398032,0.78,4998.87,0.736,0.05,189.88,0.027,1.91,22500.8,0.767,0.05,189.88,0.027,44059.978242016514,6.6342034339904785,0.3163749796812374,0.73,3036.68,0.535,0.0,13.160000000000002,0.011,0.48,2443.6,0.48,0.0,13.160000000000002,0.011
38,0,10000,10000.0,257403.00212608592,14.977578163146973,0.5591340888095734,0.71,4982.79,0.735,0.05,182.36,0.027,1.61,21615.2,0.761,0.05,182.36,0.027,49003.67222188728,7.312424182891846,0.3307357175213961,0.51,1432.56,0.463,0.0,13.160000000000002,0.011,0.55,2796.2,0.492,0.0,13.160000000000002,0.011
38,0,10500,10500.0,259298.10431851252,17.1361141204834,0.5616468892827471,2.9,25455.84,0.779,0.04,171.08,0.026,1.33,20959.2,0.756,0.04,171.08,0.026,53378.41160392681,7.674417018890381,0.3414032634075217,0.57,1521.46,0.466,0.01,15.04,0.011,0.61,3173.4,0.502,0.01,15.04,0.011
38,0,11000,11000.0,261543.10149947763,19.08359718322754,0.5633534308265407,2.84,25139.4,0.776,0.04,167.32,0.026,1.45,21147.8,0.758,0.04,167.32,0.026,57222.26958919294,7.989736557006836,0.34771623240647964,0.39,1120.56,0.473,0.01,16.92,0.011,0.64,3829.4,0.516,0.01,16.92,0.011
38,0,11500,11500.0,264028.72874848667,20.6429500579834,0.5651344008285119,0.79,6690.36,0.744,0.03,169.2,0.026,1.67,21484.0,0.761,0.03,169.2,0.026,61044.444410419164,8.486653327941895,0.3518249298993159,0.59,1278.72,0.47,0.01,20.68,0.011,0.86,4485.4,0.527,0.01,20.68,0.011
38,0,12000,12000.0,266314.1864342826,20.936838150024414,0.5703394398852425,1.06,8750.88,0.784,0.03,169.2,0.026,1.96,22000.6,0.766,0.03,169.2,0.026,65290.59730598944,9.605238914489746,0.35648952782187693,0.81,2079.57,0.556,0.01,22.56,0.011,1.06,4985.6,0.535,0.01,22.56,0.011
38,0,12500,12500.0,266408.83823736035,20.368894577026367,0.5731846475886189,0.76,5786.64,0.751,0.02,174.84,0.027,2.3,22566.4,0.771,0.02,174.84,0.027,70465.91163263247,11.154067993164062,0.363435702653065,0.85,3342.84,0.567,0.01,26.320000000000004,0.011,1.22,5420.2,0.541,0.01,26.320000000000004,0.011
38,0,13000,13000.0,262814.5724536282,19.302276611328125,0.5742450246778971,1.11,8757.06,0.784,0.03,178.6,0.027,2.43,22722.2,0.772,0.03,178.6,0.027,77638.3072962008,13.247737884521484,0.38294498569676044,0.9,2735.1,0.589,0.01,26.320000000000004,0.011,1.0,5387.4,0.542,0.01,26.320000000000004,0.011
38,0,13500,13500.0,256982.34721289104,18.32016372680664,0.573474780533738,0.79,6045.84,0.759,0.04,178.6,0.027,2.47,22787.8,0.773,0.04,178.6,0.027,86354.73006958567,15.8427734375,0.4071805929408333,0.97,2603.5,0.596,0.01,26.320000000000004,0.011,0.94,5371.0,0.543,0.01,26.320000000000004,0.011
38,0,14000,14000.0,247832.4835427266,16.69701385498047,0.5668148457937916,1.13,9053.7,0.789,0.03,180.48,0.027,2.25,23214.2,0.776,0.03,180.48,0.027,96064.83241217886,18.731565475463867,0.43642614964544035,1.12,2976.88,0.629,0.01,26.320000000000004,0.011,1.24,5781.0,0.548,0.01,26.320000000000004,0.011
38,0,14500,14500.0,237223.74644629762,16.84104347229004,0.5568208272892403,0.73,5159.67,0.742,0.03,188.0,0.027,2.16,23558.6,0.778,0.03,188.0,0.027,104579.39605183314,21.31040382385254,0.46112847950903113,1.25,3200.4,0.647,0.01,28.2,0.012,1.62,6453.4,0.566,0.01,28.2,0.012
38,0,15000,15000.0,226661.08859017945,17.04730796813965,0.5431557196572633,0.71,4914.45,0.732,0.03,189.88,0.027,1.93,22861.6,0.772,0.03,189.88,0.027,109524.30066678455,21.160675048828125,0.471361945758842,1.08,2438.64,0.624,0.01,31.960000000000004,0.012,2.09,7970.400000000001,0.616,0.01,31.960000000000004,0.012
38,0,15500,15500.0,218099.88757493114,16.41991424560547,0.531335391902062,0.71,4650.48,0.705,0.03,178.6,0.027,1.66,22033.4,0.766,0.03,178.6,0.027,111361.8573530644,22.04004669189453,0.4694626710957083,1.37,2846.88,0.664,0.03,54.519999999999996,0.018,2.55,9495.6,0.657,0.03,54.519999999999996,0.018
38,0,16000,16000.0,214108.31939268115,15.269003868103027,0.5203245879057619,0.68,4542.48,0.7,0.03,174.84,0.027,1.54,20221.2,0.75,0.03,174.84,0.027,113276.21472770012,22.422901153564453,0.4653806587417902,1.96,4601.01,0.726,0.03,60.16,0.018,2.86,10594.4,0.682,0.03,60.16,0.018
38,0,16500,16500.0,215841.91139705948,13.985515594482422,0.5189585448820474,0.59,4220.64,0.684,0.03,148.52,0.025,1.57,18482.8,0.732,0.03,148.52,0.025,115354.50932317153,22.378538131713867,0.45916844756705644,0.98,2317.68,0.611,0.06,78.96,0.022,3.09,11504.6,0.7,0.06,78.96,0.022
38,0,17000,17000.0,224951.49034296226,14.568981170654297,0.5228275127722535,0.9,7090.5,0.73,0.03,141.0,0.025,1.46,17564.4,0.722,0.03,141.0,0.025,120439.18515644566,20.3676815032959,0.4553540503450261,1.75,5350.68,0.68,0.07,84.6,0.023,2.69,10742.0,0.685,0.07,84.6,0.023
38,0,17500,17500.0,237396.45464850529,15.597894668579102,0.5310832220029854,0.92,7171.7,0.732,0.02,129.72,0.024,1.39,16842.8,0.714,0.02,129.72,0.024,129609.24013090448,19.502891540527344,0.46126433897728325,2.21,6400.88,0.719,0.03,65.8,0.02,2.8,10020.4,0.669,0.03,65.8,0.02
38,0,18000,18000.0,254725.6486092972,16.69192886352539,0.5431654123623294,1.03,8679.7,0.767,0.02,125.96000000000001,0.024,1.54,17113.4,0.717,0.02,125.96000000000001,0.024,139158.92439043106,22.458431243896484,0.4619259675689559,2.85,7675.36,0.755,0.04,60.16,0.019,2.84,9987.6,0.668,0.04,60.16,0.019
38,0,18500,18500.0,272668.84718689765,18.428647994995117,0.5544353239052207,1.04,8795.7,0.769,0.02,131.6,0.024,1.7,17498.8,0.722,0.02,131.6,0.024,146052.85168698092,26.51714515686035,0.45315619321530387,3.27,8494.16,0.774,0.05,62.04,0.019,2.8,10036.8,0.669,0.05,62.04,0.019
38,0,19000,19000.0,292760.4993433604,20.473520278930664,0.568688080002523,1.14,10115.2,0.792,0.02,133.48,0.024,1.85,18778.0,0.735,0.02,133.48,0.024,155492.22070032675,32.17942428588867,0.46332805883311756,2.81,6971.6,0.783,0.05,62.04,0.019,2.12,10848.6,0.686,0.05,62.04,0.019
38,0,19500,19500.0,311670.05276007764,22.491775512695312,0.5792465561217566,1.16,10216.7,0.794,0.02,154.16,0.025,1.95,20049.0,0.747,0.02,154.16,0.025,162382.14863325763,37.61678695678711,0.47184648890554154,2.88,7090.5,0.786,0.03,75.2,0.021,2.45,11799.8,0.704,0.03,75.2,0.021
38,0,20000,20000.0,329416.2855013005,24.00823211669922,0.5923093798790662,0.72,5858.58,0.787,0.02,159.8,0.026,1.84,21615.2,0.761,0.02,159.8,0.026,169728.38014780486,44.78147888183594,0.499043080816311,3.17,6307.5,0.764,0.03,78.96,0.021,3.21,14227.000000000002,0.743,0.03,78.96,0.021
39,0,-20000,20000.0,723.8017670493548,0.06792698055505753,0.06191532312051908,0.02,27.84,0.157,0.0,3.59,0.008,0.0,8.2,0.017,0.0,0.0,0.004,2271.2334088346324,0.41281113028526306,0.21209512921347373,0.19,271.92,0.467,0.0,10.44,0.136,0.2,549.4,0.383,0.0,3.76,0.011
39,0,-19500,19500.0,940.1312809159556,0.09246852248907089,0.07675551343208903,0.02,27.84,0.157,0.0,3.59,0.008,0.0,8.2,0.011,0.0,0.0,0.003,1680.6154125744797,0.28407520055770874,0.1872650282112379,0.15,213.20999999999998,0.442,0.0,3.59,0.016,0.19,492.0,0.372,0.0,1.88,0.01
39,0,-19000,19000.0,1113.2801462608838,0.10089081525802612,0.0875887922242468,0.02,43.5,0.206,0.0,3.59,0.008,0.0,8.2,0.017,0.0,0.0,0.003,1180.5824152709647,0.18927285075187683,0.15613106384336337,0.1,148.32,0.401,0.0,3.59,0.016,0.14,360.8,0.331,0.0,1.88,0.01
39,0,-18500,18500.0,1246.8006298789987,0.10544554889202118,0.09536067976060297,0.02,32.2,0.202,0.0,4.56,0.029,0.01,16.4,0.031,0.0,0.0,0.005,808.8588471806361,0.12542873620986938,0.12955907022383095,0.06,89.61,0.336,0.0,0.0,0.012,0.09,229.60000000000002,0.272,0.0,1.88,0.009
39,0,-18000,18000.0,1280.913940908988,0.09639382362365723,0.09785589268646114,0.02,40.02,0.197,0.0,3.04,0.024,0.01,32.8,0.06,0.0,0.0,0.006,593.8713178413082,0.0881834402680397,0.11115799073368332,0.03,43.5,0.25,0.0,0.0,0.012,0.05,123.0,0.2,0.0,1.88,0.008
39,0,-17500,17500.0,1251.649693871029,0.09609326720237732,0.09635318274001256,0.02,40.02,0.197,0.0,9.33,0.029,0.02,65.6,0.09,0.0,1.88,0.007,465.8063080439433,0.06525720655918121,0.10243691372023861,0.03,43.5,0.248,0.0,3.59,0.015,0.02,41.0,0.103,0.0,0.0,0.007
39,0,-17000,17000.0,1134.2167835721668,0.09182392060756683,0.09052564403881765,0.02,44.22,0.197,0.0,6.22,0.024,0.02,82.0,0.102,0.0,1.88,0.008,402.1057036437014,0.05103963613510132,0.10034478186153091,0.02,24.12,0.239,0.0,3.59,0.015,0.01,16.4,0.052,0.0,0.0,0.006
39,0,-16500,16500.0,1009.3427290242254,0.08607558161020279,0.08383497635328575,0.02,36.18,0.186,0.0,7.18,0.015,0.03,98.4,0.118,0.0,1.88,0.008,351.5855185922419,0.0403357595205307,0.09993783783795006,0.02,24.12,0.236,0.0,3.59,0.016,0.0,0.0,0.017,0.0,0.0,0.005
39,0,-16000,16000.0,848.8768697611179,0.07612621039152145,0.07442914279417216,0.03,65.28,0.169,0.0,7.18,0.015,0.02,82.0,0.103,0.0,1.88,0.008,282.62097978597467,0.029417559504508972,0.09205855637527921,0.03,44.88,0.212,0.0,3.59,0.016,0.0,0.0,0.021,0.0,0.0,0.006
39,0,-15500,15500.0,716.9262047466958,0.06901023536920547,0.06639185834299452,0.01,18.2,0.157,0.0,3.59,0.013,0.02,73.8,0.094,0.0,1.88,0.007,220.95073897689872,0.02018052153289318,0.08384129277615049,0.01,8.4,0.177,0.0,3.59,0.016,0.0,8.2,0.028,0.0,0.0,0.007
39,0,-15000,15000.0,585.2631875513737,0.06023843586444855,0.056973299943037854,0.01,18.2,0.153,0.0,3.59,0.013,0.01,57.400000000000006,0.075,0.0,1.88,0.007,148.22213898657992,0.011880212463438511,0.0681625185228365,0.01,7.0,0.171,0.0,3.59,0.016,0.0,8.2,0.039,0.0,0.0,0.007
39,0,-14500,14500.0,496.8489511610528,0.05258968845009804,0.05091205722436514,0.01,16.8,0.141,0.0,3.59,0.011,0.01,49.2,0.068,0.0,0.0,0.006,96.76703974115668,0.007330317981541157,0.05598103279958629,0.01,8.16,0.089,0.0,3.59,0.016,0.01,8.2,0.05,0.0,0.0,0.008
39,0,-14000,14000.0,401.0796849037206,0.042616475373506546,0.04277266209276208,0.01,15.4,0.131,0.0,3.59,0.011,0.01,41.0,0.063,0.0,0.0,0.006,52.22848612541355,0.0028294010553508997,0.03965738645028732,0.01,8.16,0.089,0.0,3.59,0.016,0.0,8.2,0.046,0.0,0.0,0.008
39,0,-13500,13500.0,325.7988620377887,0.03237241879105568,0.0361680682717138,0.01,12.6,0.111,0.0,3.59,0.01,0.01,41.0,0.065,0.0,0.0,0.005,26.752590451485503,0.0016253499779850245,0.028593868476946695,0.01,9.29,0.049,0.0,0.0,0.013,0.0,8.2,0.046,0.0,0.0,0.007
39,0,-13000,13000.0,241.08437615647063,0.02143380604684353,0.027122241133302825,0.01,11.2,0.103,0.0,3.59,0.01,0.01,32.8,0.054,0.0,0.0,0.006,9.996214618604427,0.0002880674146581441,0.015243581852420758,0.0,0.0,0.013,0.0,0.0,0.013,0.0,0.0,0.03,0.0,0.0,0.007
39,0,-12500,12500.0,192.59539228748963,0.01309813093394041,0.02174434793881947,0.01,12.96,0.082,0.0,3.59,0.009,0.01,32.8,0.052,0.0,0.0,0.005,3.3349039458016705,7.046105747576803e-05,0.008183596063854078,0.0,0.0,0.004,0.0,0.0,0.004,0.0,0.0,0.02,0.0,0.0,0.005
39,0,-12000,12000.0,177.13441457785848,0.006409015040844679,0.01892954304775981,0.01,9.12,0.039,0.0,3.59,0.009,0.01,24.6,0.043,0.0,0.0,0.005,0.7505214006414462,9.068909093912225e-06,0.0027722693316532153,0.0,0.0,0.004,0.0,0.0,0.004,0.0,0.0,0.008,0.0,0.0,0.004
39,0,-11500,11500.0,212.97740599553663,0.008655148558318615,0.021323223978187096,0.03,74.76,0.157,0.0,0.0,0.006,0.01,24.6,0.037,0.0,0.0,0.004,0.13134579882390085,8.821346000331687e-07,0.0008448585447708559,0.0,0.0,0.001,0.0,0.0,0.001,0.0,0.0,0.003,0.0,0.0,0.001
39,0,-11000,11000.0,310.1569468598427,0.01802263781428337,0.02776810204469004,0.05,149.52,0.223,0.0,0.0,0.006,0.01,8.2,0.022,0.0,0.0,0.004,0.07582465936195604,3.9392628536916163e-07,0.000651976237117976,0.0,0.0,0.001,0.0,0.0,0.001,0.0,0.0,0.002,0.0,0.0,0.001
39,0,-10500,10500.0,441.3584378464179,0.03143053501844406,0.035602726840151554,0.07,195.80000000000004,0.252,0.0,0.0,0.004,0.0,8.2,0.014,0.0,0.0,0.003,0.025271144204452867,4.212889962218469e-06,0.00028908337915310673,0.0,0.0,0.0,0.0,0.0,0.0,0.0,0.0,0.001,0.0,0.0,0.001
39,0,-10000,10000.0,647.6360640506414,0.059608593583106995,0.04678947436618742,0.07,238.52,0.271,0.0,0.0,0.004,0.0,8.2,0.013,0.0,0.0,0.003,0.04802320836461149,4.21466029365547e-06,0.0005147397939095379,0.0,0.0,0.0,0.0,0.0,0.0,0.0,0.0,0.001,0.0,0.0,0.0
39,0,-9500,9500.0,880.62583156144,0.09590326994657516,0.057666299242971106,0.08,267.0,0.283,0.0,0.0,0.005,0.0,8.2,0.014,0.0,0.0,0.003,0.02527270489736111,4.2131164263992105e-06,0.0002464706844740514,0.0,0.0,0.0,0.0,0.0,0.0,0.0,0.0,0.0,0.0,0.0,0.0
39,0,-9000,9000.0,1168.1451671994978,0.14283765852451324,0.07028858723740065,0.06,147.9,0.256,0.0,0.0,0.005,0.0,8.2,0.016,0.0,0.0,0.003,0.06321298988041235,4.217687546770321e-06,0.0005194463572054217,0.0,0.0,0.0,0.0,0.0,0.0,0.0,0.0,0.0,0.0,0.0,0.0
39,0,-8500,8500.0,1458.5831482759843,0.19240738451480865,0.08142254195705438,0.06,150.8,0.26,0.0,3.59,0.008,0.0,16.4,0.021,0.0,0.0,0.003,0.09102088297368027,4.217419700580649e-06,0.0006440826488707421,0.0,0.0,0.0,0.0,0.0,0.0,0.0,0.0,0.0,0.0,0.0,0.0
39,0,-8000,8000.0,1742.09977655632,0.22513185441493988,0.09023507540407862,0.03,62.64,0.218,0.0,3.59,0.008,0.0,16.4,0.025,0.0,0.0,0.004,0.08849695932440227,4.21808726969175e-06,0.0005497159753034,0.0,0.0,0.0,0.0,0.0,0.0,0.0,0.0,0.0,0.0,0.0,0.0
39,0,-7500,7500.0,2002.4115094265426,0.24861139059066772,0.09698481163341847,0.04,84.42,0.239,0.0,17.76,0.021,0.01,24.6,0.032,0.0,0.0,0.005,0.13151104658390977,4.220083155814791e-06,0.0007288803068336982,0.0,0.0,0.0,0.0,0.0,0.0,0.0,0.0,0.0,0.0,0.0,0.0
39,0,-7000,7000.0,2201.7118411650017,0.24076968431472778,0.10064168789890779,0.04,84.42,0.238,0.0,23.68,0.023,0.01,41.0,0.048,0.0,0.0,0.005,0.197253936312336,4.222562893119175e-06,0.001013749187414207,0.0,0.0,0.0,0.0,0.0,0.0,0.0,0.0,0.0,0.0,0.0,0.0
39,0,-6500,6500.0,2289.3231142862633,0.21417540311813354,0.09886532965613318,0.03,90.45,0.245,0.0,25.74,0.063,0.01,57.400000000000006,0.063,0.0,1.88,0.005,0.19252318714393368,4.222827556077391e-06,0.0009235344422615013,0.0,0.0,0.0,0.0,0.0,0.0,0.0,0.0,0.0,0.0,0.0,0.0
39,0,-6000,6000.0,2488.3119395361973,0.16638126969337463,0.10368157087057525,0.09,203.0,0.261,0.0,1.88,0.006,0.01,65.6,0.072,0.0,1.88,0.006,0.1340341260402056,4.219285983708687e-06,0.0006277293982362534,0.0,0.0,0.0,0.0,0.0,0.0,0.0,0.0,0.0,0.0,0.0,0.0
39,0,-5500,5500.0,2798.70983625442,0.1772356927394867,0.1118869157543857,0.1,208.8,0.266,0.0,1.88,0.006,0.01,82.0,0.083,0.0,1.88,0.006,0.16948352140389034,4.223936230118852e-06,0.0007763738817030886,0.0,0.0,0.0,0.0,0.0,0.0,0.0,0.0,0.0,0.0,0.0,0.0
39,0,-5000,5000.0,3248.592889205699,0.3370373249053955,0.127310100321043,0.11,207.9,0.275,0.0,6.08,0.032,0.01,82.0,0.082,0.0,1.88,0.006,0.12395040430419613,4.221311883156886e-06,0.0005824606179213272,0.0,0.0,0.0,0.0,0.0,0.0,0.0,0.0,0.0,0.0,0.0,0.0
39,0,-4500,4500.0,3761.8154706430937,0.5057274103164673,0.14537394250229377,0.13,210.82,0.294,0.0,7.18,0.013,0.01,90.2,0.084,0.0,1.88,0.006,0.19747306113941931,1.6386537708967808e-06,0.0009554389592994148,0.0,0.0,0.001,0.0,0.0,0.001,0.0,0.0,0.0,0.0,0.0,0.0
39,0,-4000,4000.0,4025.397319617332,0.566271960735321,0.15631772589376217,0.09,135.72,0.29,0.0,7.18,0.013,0.02,114.80000000000001,0.093,0.0,1.88,0.006,0.09258446036923829,7.077336476868368e-07,0.0004832275589740229,0.0,0.0,0.001,0.0,0.0,0.001,0.0,0.0,0.0,0.0,0.0,0.0
39,0,-3500,3500.0,4072.0699626169494,0.5925082564353943,0.16166672350228226,0.09,121.8,0.309,0.0,18.66,0.035,0.04,172.2,0.122,0.0,1.88,0.007,0.37317283299529436,3.6719477520819055e-06,0.0021286017370698808,0.0,0.0,0.001,0.0,0.0,0.001,0.0,0.0,0.0,0.0,0.0,0.0
39,0,-3000,3000.0,3793.2661789498525,0.5142345428466797,0.15920096798858344,0.13,164.16,0.304,0.0,18.66,0.036,0.08,295.2,0.181,0.0,3.76,0.008,0.10589364435560356,8.171467698048218e-07,0.0006907370024353758,0.0,0.0,0.001,0.0,0.0,0.001,0.0,0.0,0.0,0.0,0.0,0.0
39,0,-2500,2500.0,3366.945862778074,0.3914899230003357,0.15091784303004296,0.06,88.2,0.284,0.0,18.66,0.037,0.13,434.6,0.232,0.0,3.76,0.009,0.1516903513795853,4.229440037306631e-06,0.001161473398051642,0.0,0.0,0.001,0.0,0.0,0.001,0.0,0.0,0.001,0.0,0.0,0.0
39,0,-2000,2000.0,2768.4089231404414,0.24725660681724548,0.13532960976277678,0.08,120.96000000000001,0.278,0.0,21.770000000000003,0.04,0.12,401.8,0.229,0.01,3.76,0.009,0.4999957234204544,4.822140454052715e-06,0.004666654715134422,0.0,0.0,0.001,0.0,0.0,0.001,0.0,0.0,0.001,0.0,0.0,0.0
39,0,-1500,1500.0,2342.341397152817,0.1768617331981659,0.12511061569456636,0.06,148.32,0.27,0.0,21.770000000000003,0.04,0.11,385.4,0.229,0.0,3.76,0.009,0.24807497102301568,4.227779299981194e-06,0.002947631310641649,0.0,0.0,0.001,0.0,0.0,0.001,0.0,0.0,0.001,0.0,0.0,0.0
39,0,-1000,1000.0,2000.752857644767,0.1859087198972702,0.11421710962951302,0.03,108.15,0.23,0.0,21.770000000000003,0.04,0.07,278.8,0.192,0.0,3.76,0.009,0.18728087261479232,4.226078544888878e-06,0.0028850521028281873,0.0,0.0,0.001,0.0,0.0,0.001,0.0,0.0,0.001,0.0,0.0,0.0
39,0,-500,500.0,1837.892436383605,0.1945803165435791,0.1114247508756538,0.01,29.4,0.18,0.0,7.18,0.013,0.04,196.8,0.156,0.0,1.88,0.008,0.13657788986165542,4.220330993121024e-06,0.002916560807656972,0.0,0.0,0.0,0.0,0.0,0.0,0.0,0.0,0.001,0.0,0.0,0.0
39,0,0,0.0,1785.4096088034566,0.20529422163963318,0.11092757536276322,0.01,29.4,0.183,0.0,7.18,0.013,0.02,139.4,0.13,0.0,1.88,0.007,0.9614023581207221,1.1705600627465174e-05,0.027602079744945426,0.0,0.0,0.0,0.0,0.0,0.0,0.0,0.0,0.001,0.0,0.0,0.0
39,0,500,500.0,1782.6522258793948,0.21423308551311493,0.11255603517953819,0.01,30.8,0.203,0.0,3.59,0.012,0.02,114.80000000000001,0.12,0.0,1.88,0.006,0.12900842011731584,4.220492428430589e-06,0.005365771686662994,0.0,0.0,0.0,0.0,0.0,0.0,0.0,0.0,0.0,0.0,0.0,0.0
39,0,1000,1000.0,1786.164112880433,0.21974946558475494,0.11244139889308159,0.01,30.8,0.199,0.0,3.59,0.012,0.02,114.80000000000001,0.125,0.0,1.88,0.006,0.09354069397886633,4.217006335238693e-06,0.005111826000475513,0.0,0.0,0.0,0.0,0.0,0.0,0.0,0.0,0.0,0.0,0.0,0.0
39,0,1500,1500.0,1794.0090757102007,0.223892480134964,0.11221458486426579,0.01,28.0,0.186,0.0,3.59,0.012,0.02,114.80000000000001,0.138,0.0,1.88,0.006,0.06574462504431722,4.217052719468484e-06,0.004907433027175427,0.0,0.0,0.0,0.0,0.0,0.0,0.0,0.0,0.0,0.0,0.0,0.0
39,0,2000,2000.0,1787.8391492155388,0.2224723994731903,0.11096599721445713,0.01,28.0,0.182,0.0,3.59,0.012,0.02,114.80000000000001,0.138,0.0,1.88,0.006,0.07838390993128996,4.21913364334614e-06,0.006852230537162939,0.0,0.0,0.0,0.0,0.0,0.0,0.0,0.0,0.0,0.0,0.0,0.0
39,0,2500,2500.0,1799.2135124779963,0.22159594297409058,0.11061455105225701,0.02,47.52,0.189,0.0,3.59,0.011,0.03,123.0,0.142,0.0,1.88,0.006,0.09610464176148525,4.218137291900348e-06,0.009144420503891946,0.0,0.0,0.0,0.0,0.0,0.0,0.0,0.0,0.0,0.0,0.0,0.0
39,0,3000,3000.0,1813.450731828425,0.22014468908309937,0.1108399731633944,0.01,26.6,0.169,0.0,3.59,0.011,0.03,131.2,0.148,0.0,1.88,0.006,0.22762894823245006,4.225158136250684e-06,0.02022799370912747,0.0,0.0,0.0,0.0,0.0,0.0,0.0,0.0,0.0,0.0,0.0,0.0
39,0,3500,3500.0,1836.565431129793,0.2175876349210739,0.11142753065462763,0.01,28.0,0.163,0.0,3.59,0.011,0.03,139.4,0.154,0.0,1.88,0.006,1.0004630209188292,1.2061184861522634e-05,0.0777916748148723,0.0,0.0,0.0,0.0,0.0,0.0,0.0,0.0,0.0,0.0,0.0,0.0
39,0,4000,4000.0,1846.2288923444476,0.21852511167526245,0.11135451358236788,0.01,28.0,0.162,0.0,3.59,0.011,0.03,147.6,0.15,0.0,1.88,0.006,0.40131572836514806,4.226879354973789e-06,0.026658326936287453,0.0,0.0,0.0,0.0,0.0,0.0,0.0,0.0,0.0,0.0,0.0,0.0
39,0,4500,4500.0,1864.7206454709703,0.21729624271392822,0.11176635605879952,0.01,29.4,0.169,0.0,3.59,0.01,0.03,164.0,0.157,0.0,1.88,0.006,0.37132327539595167,4.211286523059243e-06,0.021154047161730343,0.0,0.0,0.0,0.0,0.0,0.0,0.0,0.0,0.0,0.0,0.0,0.0
39,0,5000,5000.0,1880.106757205158,0.221294566988945,0.11151886722635276,0.01,29.4,0.171,0.0,3.59,0.01,0.03,172.2,0.163,0.0,1.88,0.006,0.01264288266611402,4.216342404106399e-06,0.0006346176533138981,0.0,0.0,0.0,0.0,0.0,0.0,0.0,0.0,0.0,0.0,0.0,0.0
39,0,5500,5500.0,1896.5419466986987,0.22008918225765228,0.11140048139973462,0.01,30.8,0.181,0.0,3.59,0.01,0.03,188.6,0.169,0.0,1.88,0.006,0.21971043316852956,4.230308149999473e-06,0.009941612942609444,0.0,0.0,0.0,0.0,0.0,0.0,0.0,0.0,0.0,0.0,0.0,0.0
39,0,6000,6000.0,1924.4946289516065,0.22451192140579224,0.11036652646507607,0.01,30.8,0.184,0.0,3.59,0.01,0.03,188.6,0.173,0.0,1.88,0.006,0.015165456534305122,4.213923602947034e-06,0.000641618637717009,0.0,0.0,0.0,0.0,0.0,0.0,0.0,0.0,0.0,0.0,0.0,0.0
39,0,6500,6500.0,1965.343854432649,0.22294142842292786,0.10995725907330904,0.01,33.6,0.198,0.0,3.59,0.011,0.03,196.8,0.175,0.0,1.88,0.006,0.16952724727161694,4.2237707020831294e-06,0.006652045912102115,0.0,0.0,0.0,0.0,0.0,0.0,0.0,0.0,0.0,0.0,0.0,0.0
39,0,7000,7000.0,2029.4675837178147,0.22321975231170654,0.10932727807196517,0.01,33.6,0.199,0.0,3.59,0.011,0.03,196.8,0.175,0.0,1.88,0.006,0.010110703715326963,4.214521140966099e-06,0.0003782863596993158,0.0,0.0,0.0,0.0,0.0,0.0,0.0,0.0,0.0,0.0,0.0,0.0
39,0,7500,7500.0,2108.5126390160895,0.22250117361545563,0.10873501524040456,0.03,131.72,0.189,0.0,3.59,0.012,0.03,188.6,0.172,0.0,1.88,0.006,0.18468369053152855,4.223734777042409e-06,0.0064080120562325414,0.0,0.0,0.0,0.0,0.0,0.0,0.0,0.0,0.0,0.0,0.0,0.0
39,0,8000,8000.0,2277.351858869525,0.2219727337360382,0.11151051574297345,0.03,118.9,0.22,0.0,3.59,0.012,0.03,180.4,0.169,0.0,1.88,0.006,0.4473192538895887,4.861306933889864e-06,0.014560243580044456,0.0,0.0,0.0,0.0,0.0,0.0,0.0,0.0,0.0,0.0,0.0,0.0
39,0,8500,8500.0,2523.9940957197805,0.2230585515499115,0.11630501778870315,0.04,121.8,0.223,0.0,7.18,0.012,0.02,172.2,0.163,0.0,1.88,0.006,0.4243543035983066,4.467251073947409e-06,0.012964425239267417,0.0,0.0,0.0,0.0,0.0,0.0,0.0,0.0,0.0,0.0,0.0,0.0
39,0,9000,9000.0,2922.0030522830393,0.22864362597465515,0.1265283560205317,0.05,136.3,0.234,0.0,7.18,0.012,0.02,164.0,0.157,0.0,1.88,0.006,0.1796013109924388,4.223182259011082e-06,0.005276518545451084,0.0,0.0,0.0,0.0,0.0,0.0,0.0,0.0,0.0,0.0,0.0,0.0
39,0,9500,9500.0,3416.946343530435,0.23974545300006866,0.13873745890598108,0.05,139.2,0.235,0.0,7.18,0.012,0.02,164.0,0.156,0.0,1.88,0.006,0.17195944228660665,4.223274572723312e-06,0.005073707983271922,0.0,0.0,0.0,0.0,0.0,0.0,0.0,0.0,0.0,0.0,0.0,0.0
39,0,10000,10000.0,3925.9396519286383,0.2597363293170929,0.15029360995065125,0.03,88.74,0.245,0.0,7.18,0.012,0.02,180.4,0.157,0.0,1.88,0.006,1.0025505053995687,1.2376222002785653e-05,0.031338001220275975,0.0,0.0,0.0,0.0,0.0,0.0,0.0,0.0,0.001,0.0,0.0,0.0
39,0,10500,10500.0,4383.091768979466,0.2849179208278656,0.15968299032497854,0.04,104.52,0.25,0.0,24.88,0.039,0.03,213.2,0.168,0.0,1.88,0.007,0.15938443666527746,4.222812094667461e-06,0.0055861523765005265,0.0,0.0,0.0,0.0,0.0,0.0,0.0,0.0,0.001,0.0,0.0,0.0
39,0,11000,11000.0,4726.132618663178,0.3144306242465973,0.16586109621218295,0.03,100.5,0.244,0.0,27.99,0.041,0.03,287.0,0.191,0.0,1.88,0.007,1.100586398492709,1.3805299204250332e-05,0.046964574875444386,0.0,0.0,0.0,0.0,0.0,0.0,0.0,0.0,0.001,0.0,0.0,0.0
39,0,11500,11500.0,4987.913938375459,0.346031129360199,0.1698009878861929,0.04,144.72,0.278,0.0,31.1,0.043,0.04,377.2,0.219,0.0,3.76,0.008,0.7583812749800245,9.347652849100996e-06,0.042346777346964036,0.0,0.0,0.0,0.0,0.0,0.0,0.0,0.0,0.001,0.0,0.0,0.0
39,0,12000,12000.0,5169.017224168056,0.3790898621082306,0.17262849539845052,0.05,259.56,0.321,0.0,34.21,0.046,0.04,442.80000000000007,0.236,0.0,3.76,0.008,0.0,0.0,0.0,0.0,0.0,0.0,0.0,0.0,0.0,0.0,0.0,0.0,0.0,0.0,0.0
39,0,12500,12500.0,5376.498230305879,0.4141600430011749,0.1759997705906975,0.04,256.47,0.32,0.0,10.77,0.015,0.05,524.8,0.253,0.0,3.76,0.008,0.0,0.0,0.0,0.0,0.0,0.0,0.0,0.0,0.0,0.0,0.0,0.0,0.0,0.0,0.0
39,0,13000,13000.0,5609.200144735223,0.4507613778114319,0.1802511691479012,0.03,253.37999999999997,0.32,0.0,10.77,0.015,0.05,524.8,0.255,0.0,3.76,0.008,0.0,0.0,0.0,0.0,0.0,0.0,0.0,0.0,0.0,0.0,0.0,0.0,0.0,0.0,0.0
39,0,13500,13500.0,5875.311693831827,0.48316118121147156,0.18493668051487577,0.02,112.56000000000002,0.27,0.0,10.77,0.014,0.05,524.8,0.26,0.0,3.76,0.008,0.0,0.0,0.0,0.0,0.0,0.0,0.0,0.0,0.0,0.0,0.0,0.0,0.0,0.0,0.0
39,0,14000,14000.0,6177.266255552331,0.5131929516792297,0.1904378743480449,0.03,205.9,0.279,0.0,10.77,0.014,0.06,533.0,0.268,0.0,3.76,0.008,0.0,0.0,0.0,0.0,0.0,0.0,0.0,0.0,0.0,0.0,0.0,0.0,0.0,0.0,0.0
39,0,14500,14500.0,6431.664062705386,0.5331601500511169,0.1942931137771435,0.03,214.06,0.28,0.0,10.77,0.014,0.06,549.4,0.283,0.0,3.76,0.008,0.06574012386408867,4.216595243633492e-06,0.004548425647385679,0.0,0.0,0.0,0.0,0.0,0.0,0.0,0.0,0.0,0.0,0.0,0.0
39,0,15000,15000.0,6611.640721654112,0.545424222946167,0.19801515514346776,0.03,203.2,0.285,0.0,10.77,0.014,0.06,582.2,0.293,0.0,3.76,0.008,0.06319519088719971,4.2164047044934705e-06,0.002766586960986725,0.0,0.0,0.0,0.0,0.0,0.0,0.0,0.0,0.0,0.0,0.0,0.0
39,0,15500,15500.0,6687.220103795147,0.5448148250579834,0.19991550815994863,0.03,208.28,0.286,0.0,14.36,0.015,0.06,615.0,0.302,0.0,3.76,0.008,0.06826589660704485,4.217119112581713e-06,0.0021956112731721547,0.0,0.0,0.0,0.0,0.0,0.0,0.0,0.0,0.0,0.0,0.0,0.0
39,0,16000,16000.0,6582.08082718613,0.5357792377471924,0.20073094581247836,0.02,114.8,0.294,0.0,14.36,0.015,0.06,639.6,0.298,0.0,3.76,0.008,1.1164284702687155,1.4362316505867057e-05,0.026713281930636622,0.0,0.0,0.0,0.0,0.0,0.0,0.0,0.0,0.0,0.0,0.0,0.0
39,0,16500,16500.0,6325.282568754437,0.5220652222633362,0.19952437331405412,0.02,119.0,0.297,0.0,14.36,0.016,0.07,664.2,0.295,0.0,3.76,0.008,1.108217413455037,1.4283677955972962e-05,0.021556829680923293,0.0,0.0,0.0,0.0,0.0,0.0,0.0,0.0,0.0,0.0,0.0,0.0
39,0,17000,17000.0,5863.360858875058,0.49645426869392395,0.19600162565022086,0.02,114.8,0.294,0.0,14.36,0.016,0.06,672.4,0.289,0.0,3.76,0.008,0.03539465897119953,4.217429250275018e-06,0.0005794398521044222,0.0,0.0,0.0,0.0,0.0,0.0,0.0,0.0,0.0,0.0,0.0,0.0
39,0,17500,17500.0,5307.15962693364,0.46609076857566833,0.1906871007036471,0.02,98.0,0.282,0.0,14.36,0.016,0.06,680.6,0.285,0.0,3.76,0.008,0.07586467627334059,4.217833065922605e-06,0.001095572894750743,0.0,0.0,0.0,0.0,0.0,0.0,0.0,0.0,0.0,0.0,0.0,0.0
39,0,18000,18000.0,4631.500702143853,0.42817050218582153,0.18156889992223435,0.02,92.4,0.277,0.0,14.36,0.016,0.06,631.4,0.276,0.0,3.76,0.008,0.13408724553301,4.224100393912522e-06,0.0017749222502053592,0.0,0.0,0.0,0.0,0.0,0.0,0.0,0.0,0.0,0.0,0.0,0.0
39,0,18500,18500.0,4028.5849748951887,0.39448282122612,0.17351559742354428,0.02,88.74,0.265,0.0,14.36,0.015,0.05,582.2,0.266,0.0,3.76,0.008,0.0758603731810581,4.218706180836307e-06,0.0009476896905723075,0.0,0.0,0.0,0.0,0.0,0.0,0.0,0.0,0.0,0.0,0.0,0.0
39,0,19000,19000.0,3483.595422480784,0.36756911873817444,0.16311620839229446,0.02,66.12,0.252,0.0,14.36,0.015,0.05,483.8,0.247,0.0,3.76,0.008,0.128993610451289,4.22103175878874e-06,0.0015942122963828436,0.0,0.0,0.0,0.0,0.0,0.0,0.0,0.0,0.0,0.0,0.0,0.0
39,0,19500,19500.0,3098.4685216921935,0.3477627635002136,0.15711724692869738,0.02,66.12,0.252,0.0,10.77,0.014,0.04,385.4,0.229,0.0,3.76,0.007,0.06573727832801524,4.216731213091407e-06,0.0008159992530508575,0.0,0.0,0.001,0.0,0.0,0.001,0.0,0.0,0.0,0.0,0.0,0.0
39,0,20000,20000.0,2854.8241494348567,0.3384937644004822,0.15121557957846005,0.02,57.42,0.242,0.0,10.77,0.014,0.04,311.6,0.212,0.0,1.88,0.007,0.11381210988474777,4.220304163027322e-06,0.0014973339583949632,0.0,0.0,0.001,0.0,0.0,0.001,0.0,0.0,0.0,0.0,0.0,0.0
40,0,-20000,20000.0,69546.7546070879,12.86940860748291,0.30975919702782,0.76,1756.74,0.445,0.02,50.76,0.013,1.16,8101.600000000001,0.49,0.02,50.76,0.013,20818.346772585166,6.284444332122803,0.2806648184611541,0.56,726.44,0.427,0.01,9.4,0.011,0.26,1279.2,0.361,0.01,9.4,0.011
40,0,-19500,19500.0,64450.871868073315,12.489903450012207,0.2983058155071419,0.75,1501.47,0.421,0.16,938.63,0.033,1.38,7732.6,0.478,0.02,47.0,0.012,22808.904542911136,7.247011184692383,0.30003440708235324,0.62,767.08,0.436,0.01,9.4,0.011,0.26,1279.2,0.374,0.01,9.4,0.011
40,0,-19000,19000.0,60324.87168572144,11.111289978027344,0.28834731878834907,1.4,3002.88,0.413,0.13,920.92,0.033,1.59,6765.0,0.457,0.02,45.12,0.012,24258.713745597397,7.872513771057129,0.31556608616364434,0.64,721.36,0.434,0.0,9.4,0.011,0.59,1705.6,0.409,0.0,9.4,0.011
40,0,-18500,18500.0,58617.756291601516,9.387104034423828,0.2874742039691601,0.96,2079.57,0.465,0.01,35.72,0.011,1.78,5928.6,0.443,0.01,35.72,0.011,24824.055841061636,8.010984420776367,0.32297374909973237,0.63,663.12,0.445,0.01,11.28,0.011,0.96,2140.2,0.435,0.01,11.28,0.011
40,0,-18000,18000.0,58082.24933695369,7.207215785980225,0.28389846309675976,0.88,1829.28,0.463,0.01,33.84,0.011,1.63,5207.0,0.432,0.01,33.84,0.011,24266.146913373086,7.3953537940979,0.3217872714771399,0.65,654.48,0.445,0.08,247.94000000000003,0.031,1.17,2345.2,0.444,0.01,13.160000000000002,0.011
40,0,-17500,17500.0,58511.87231473582,5.0639967918396,0.28420583245227665,0.67,1928.16,0.464,0.01,28.2,0.01,1.46,4649.4,0.427,0.01,28.2,0.01,23326.056461646785,6.491799831390381,0.31646084212938175,0.69,615.6,0.446,0.01,15.04,0.011,1.38,2591.2,0.463,0.01,15.04,0.011
40,0,-17000,17000.0,59564.4144147377,4.211452007293701,0.28100389040078055,0.46,2057.94,0.47,0.01,26.320000000000004,0.01,1.1,4928.2,0.432,0.01,26.320000000000004,0.01,21715.76533858879,5.203221321105957,0.3027968105178441,0.98,1035.15,0.514,0.01,15.04,0.011,1.41,2550.2,0.468,0.01,15.04,0.011
40,0,-16500,16500.0,60987.60654974285,3.885410785675049,0.27764819479599856,0.85,3392.68,0.456,0.01,30.08,0.01,0.75,5239.8,0.439,0.01,30.08,0.01,20430.406285132085,3.928253650665283,0.29211733432481596,0.82,936.2699999999999,0.499,0.05,236.8,0.072,1.4,2501.0,0.474,0.02,13.160000000000002,0.011
40,0,-16000,16000.0,63653.862878353626,4.516119003295898,0.2831633424075824,1.04,2815.9000000000005,0.472,0.01,30.08,0.01,0.6,5264.4,0.437,0.01,30.08,0.01,19542.75658561812,2.8507184982299805,0.2887271783948062,0.65,840.4800000000001,0.49,0.01,22.8,0.055,1.1,2263.2,0.463,0.02,13.160000000000002,0.011
40,0,-15500,15500.0,67391.33600009728,5.645840644836426,0.29284354677465096,1.11,2929.0,0.483,0.01,30.08,0.01,0.75,5338.2,0.436,0.01,30.08,0.01,19270.228971973596,2.156191349029541,0.2932993088447756,0.48,626.4,0.409,0.01,11.28,0.011,0.84,2058.2,0.457,0.01,11.28,0.011
40,0,-15000,15000.0,71531.02032427641,7.933923244476318,0.30693911976691907,1.15,3074.0,0.496,0.01,30.08,0.01,0.53,5026.6,0.424,0.01,30.08,0.01,19217.24777993982,2.50006103515625,0.3033796164055095,0.35,582.8999999999999,0.418,0.08,194.81,0.031,0.62,1951.6,0.451,0.01,11.28,0.011
40,0,-14500,14500.0,75185.00023348558,8.804817199707031,0.3208611301728386,0.8,1947.69,0.477,0.01,28.2,0.01,0.42,4805.2,0.418,0.01,28.2,0.01,19099.05038444584,2.848365068435669,0.3163178153844239,0.29,438.18000000000006,0.407,0.06,141.68,0.029,0.53,1902.3999999999999,0.45,0.01,9.4,0.011
40,0,-14000,14000.0,76182.00912617761,8.142206192016602,0.3250849116834848,0.81,1973.82,0.478,0.01,28.2,0.01,0.66,5723.6,0.439,0.01,28.2,0.01,18127.54263540036,2.736529588699341,0.3175224661019869,0.26,428.13,0.406,0.04,106.26,0.026,0.37,1910.6,0.432,0.01,9.4,0.011
40,0,-13500,13500.0,75139.85664634516,6.828515529632568,0.322347920556658,0.82,2120.55,0.498,0.02,35.72,0.011,1.13,6609.2,0.458,0.02,35.72,0.011,16611.412451044056,2.411803722381592,0.31299661818845903,0.21,424.11,0.419,0.0,11.28,0.011,0.31,2033.6,0.441,0.0,11.28,0.011
40,0,-13000,13000.0,71432.3627368541,5.981812953948975,0.3176441419520883,1.46,4218.72,0.488,0.02,41.36,0.012,1.21,7084.800000000001,0.466,0.02,41.36,0.012,14407.792936483725,1.883884072303772,0.2954844819545663,0.21,470.88000000000005,0.413,0.04,106.26,0.026,0.4,2090.9999999999995,0.447,0.01,11.28,0.011
40,0,-12500,12500.0,66908.89038491785,6.016461372375488,0.3111119197146951,0.51,1576.8,0.43,0.21,743.82,0.031,1.19,7543.999999999999,0.477,0.04,50.76,0.014,12374.78010732806,1.4536491632461548,0.27755344191986536,0.28,772.5,0.47,0.04,123.97000000000001,0.027,0.47,2140.2,0.451,0.01,11.28,0.011
40,0,-12000,12000.0,60860.89800156817,5.4148759841918945,0.3012332807021826,0.7,1771.9,0.399,0.16,637.56,0.03,0.9,6814.2,0.462,0.04,52.64000000000001,0.014,10398.576688294801,1.344915747642517,0.25389065496351754,0.27,661.26,0.47,0.05,141.68,0.028,0.39,1787.6000000000001,0.433,0.01,11.28,0.011
40,0,-11500,11500.0,56671.35799949582,4.9950995445251465,0.30038979071354555,0.73,1766.1,0.399,0.01,37.6,0.011,1.05,6215.6,0.451,0.01,37.6,0.011,9083.042079987259,1.337926983833313,0.24015230792340359,0.19,546.93,0.456,0.01,25.130000000000003,0.021,0.32,1451.4,0.41,0.01,9.4,0.011
40,0,-11000,11000.0,52053.00035724208,5.169010162353516,0.2853261896208585,0.8,2425.65,0.483,0.01,35.72,0.011,1.06,6010.6,0.445,0.01,35.72,0.011,8376.555282742702,1.370265007019043,0.2285827952304989,0.15,426.41999999999996,0.439,0.01,25.130000000000003,0.021,0.22,1139.8,0.384,0.01,7.52,0.011
40,0,-10500,10500.0,48397.87916611687,4.81879186630249,0.27104506166505704,0.45,1216.05,0.404,0.01,33.84,0.011,1.06,5879.4,0.441,0.01,33.84,0.011,8183.949913144463,1.4177902936935425,0.22801655579201158,0.18,386.25,0.433,0.0,5.64,0.01,0.2,885.6000000000001,0.365,0.0,5.64,0.01
40,0,-10000,10000.0,46348.49765901313,4.074458122253418,0.2510234723127733,0.4,422.55999999999995,0.105,0.01,33.84,0.011,0.84,5428.4,0.431,0.01,33.84,0.011,8277.144358473279,1.4890999794006348,0.2223824334115731,0.22,364.62,0.445,0.0,5.64,0.01,0.22,811.8,0.359,0.0,5.64,0.01
40,0,-9500,9500.0,48221.28960637859,3.1539440155029297,0.2472148605843372,0.4,422.55999999999995,0.105,0.01,30.08,0.011,0.66,4944.6,0.419,0.01,30.08,0.011,8473.200113572655,1.5417280197143555,0.2181869689435346,0.23,342.99000000000007,0.433,0.0,3.76,0.01,0.25,779.0,0.372,0.0,3.76,0.01
40,0,-9000,9000.0,53927.715088111734,3.899229049682617,0.25468668961717983,0.88,3527.96,0.452,0.01,28.2,0.011,0.42,4001.6,0.391,0.01,28.2,0.011,8834.669813690145,1.5821893215179443,0.20665606081151436,0.27,594.52,0.337,0.0,3.76,0.01,0.27,754.4,0.36,0.0,3.76,0.01
40,0,-8500,8500.0,62640.8762486482,6.762685775756836,0.2701191192640505,1.59,4567.48,0.516,0.01,20.68,0.01,0.37,3206.2,0.364,0.01,20.68,0.01,9294.2406756063,1.6337529420852661,0.19732567461845144,0.34,712.0,0.357,0.0,5.64,0.01,0.27,721.6,0.35,0.0,5.64,0.01
40,0,-8000,8000.0,75469.82391189689,11.7464017868042,0.3002033871522355,2.3,4245.6,0.56,0.01,18.8,0.01,0.32,3247.2,0.361,0.01,18.8,0.01,10307.438283291998,1.799965500831604,0.1908654571338962,0.45,911.36,0.377,0.0,5.64,0.01,0.25,697.0,0.331,0.0,5.64,0.01
40,0,-7500,7500.0,89428.66004441972,14.324051856994629,0.33219475999845494,2.49,4425.4,0.57,0.01,20.68,0.01,0.3,3526.0,0.372,0.01,20.68,0.01,11961.889625768907,2.0307891368865967,0.1919173083566133,0.52,1068.0,0.392,0.0,5.64,0.01,0.22,656.0,0.311,0.0,5.64,0.01
40,0,-7000,7000.0,102781.49033352318,16.104887008666992,0.3700780742002652,1.58,2665.68,0.572,0.01,20.68,0.01,0.54,4977.4,0.416,0.01,20.68,0.01,15012.984161486873,2.5082547664642334,0.20656673270597714,0.59,933.8,0.421,0.0,5.64,0.01,0.2,598.6,0.285,0.0,5.64,0.01
40,0,-6500,6500.0,108818.16232520032,21.87070083618164,0.38898716953839163,1.92,3099.42,0.576,0.01,33.84,0.011,1.04,6445.2,0.447,0.01,33.84,0.011,19439.139685024915,3.0132739543914795,0.22812025873724995,0.61,965.7,0.423,0.0,5.64,0.01,0.18,565.8,0.264,0.0,5.64,0.01
40,0,-6000,6000.0,104609.05217375665,21.051712036132812,0.38656130690110074,1.27,2128.0,0.57,0.01,35.72,0.011,1.82,8856.0,0.502,0.01,35.72,0.011,25518.0876868344,3.6019716262817383,0.26308235795668516,0.51,1261.5,0.44,0.0,5.64,0.01,0.19,631.4,0.263,0.0,5.64,0.01
40,0,-5500,5500.0,95802.54078771503,18.171281814575195,0.37187613923823176,1.61,3054.24,0.55,0.11,690.69,0.029,3.08,11603.0,0.567,0.08,80.84,0.018,31635.726531707907,4.3292975425720215,0.29193184284820645,0.41,641.19,0.427,0.01,5.64,0.01,0.2,729.8,0.274,0.01,5.64,0.01
40,0,-5000,5000.0,81087.61713496354,12.941049575805664,0.3392614503251023,2.35,5377.44,0.525,0.09,708.4,0.03,2.96,11676.8,0.565,0.09,94.0,0.019,37010.922830412186,5.206969261169434,0.31910184639559364,0.39,717.57,0.432,0.01,5.64,0.01,0.28,1279.2,0.339,0.01,5.64,0.01
40,0,-4500,4500.0,68263.28798470843,8.390669822692871,0.30903387512107,3.31,11370.96,0.496,0.1,779.24,0.031,2.68,11512.8,0.558,0.08,86.48,0.018,40499.97161455218,5.8763251304626465,0.33551397736925076,0.48,1090.8,0.451,0.01,11.28,0.011,0.34,1885.9999999999998,0.389,0.01,11.28,0.011
40,0,-4000,4000.0,56148.99704674809,4.865941524505615,0.27222475642935895,0.78,2706.84,0.475,0.12,832.37,0.031,1.67,8716.6,0.484,0.08,84.6,0.018,41431.012704972345,6.390003204345703,0.34174619994679617,0.49,1125.36,0.452,0.01,13.160000000000002,0.011,0.52,3058.6,0.445,0.01,13.160000000000002,0.011
40,0,-3500,3500.0,50492.49989575833,3.3885037899017334,0.25904573279828835,0.49,2240.25,0.453,0.15,885.5,0.032,1.15,6773.2,0.442,0.02,41.36,0.011,40129.152646699906,6.301357269287109,0.33731093481812274,0.54,1175.04,0.457,0.01,22.56,0.011,0.83,4288.6,0.482,0.01,22.56,0.011
40,0,-3000,3000.0,48577.43649692212,3.700436592102051,0.25028264564910246,0.36,2342.48,0.371,0.16,920.92,0.032,0.71,5305.4,0.411,0.02,37.6,0.011,36274.48160648274,5.5561699867248535,0.31810193813099247,0.5,1086.48,0.454,0.01,24.44,0.011,0.91,4682.2,0.492,0.01,24.44,0.011
40,0,-2500,2500.0,49580.747935800624,4.637307643890381,0.2537107003991243,0.42,2438.6,0.374,0.01,26.320000000000004,0.01,0.45,4173.8,0.383,0.01,26.320000000000004,0.01,32320.309146913256,4.623300075531006,0.29686537410161457,0.4,615.06,0.426,0.01,24.44,0.011,0.95,5059.4,0.502,0.01,24.44,0.011
40,0,-2000,2000.0,52082.75004194811,5.435331344604492,0.2538532678615925,0.59,2958.36,0.388,0.01,24.44,0.01,0.36,3968.8,0.377,0.01,24.44,0.01,28512.48129411524,3.767723321914673,0.27248596483581855,0.37,584.91,0.421,0.01,24.44,0.011,0.79,4362.4,0.492,0.01,24.44,0.011
40,0,-1500,1500.0,54911.08278090251,6.144771575927734,0.25450907154913766,0.69,3307.2399999999993,0.398,0.0,24.44,0.01,0.37,3936.0,0.385,0.0,24.44,0.01,26576.367019333593,3.532769203186035,0.2594752249130475,0.57,1915.28,0.428,0.01,18.8,0.011,0.61,3632.5999999999995,0.477,0.01,18.8,0.011
40,0,-1000,1000.0,59602.07704299937,7.134731769561768,0.260099085079269,0.67,3851.92,0.429,0.0,24.44,0.01,0.47,4288.6,0.393,0.0,24.44,0.01,27073.956959671377,3.755716323852539,0.26476306262727345,0.67,1586.3,0.447,0.01,16.92,0.011,0.45,2706.0,0.446,0.01,16.92,0.011
40,0,-500,500.0,64606.74554890429,7.915678977966309,0.26519606684176433,0.66,4275.56,0.455,0.0,26.320000000000004,0.01,0.55,4633.0,0.4,0.0,26.320000000000004,0.01,28890.38075983877,4.227736473083496,0.2793991043569606,0.69,1615.3,0.448,0.01,11.28,0.011,0.31,1787.6000000000001,0.396,0.01,11.28,0.011
40,0,0,0.0,71216.7700420563,8.52658748626709,0.2736752444579163,0.6,4919.92,0.491,0.0,28.2,0.01,0.6,4633.0,0.396,0.0,28.2,0.01,31772.969970318765,4.548015117645264,0.3047632042279451,0.37,864.78,0.444,0.01,9.4,0.011,0.3,1615.4,0.379,0.01,9.4,0.011
40,0,500,500.0,78424.3703853339,8.921113014221191,0.2825240542055312,0.48,2926.1,0.421,0.0,28.2,0.01,0.63,4682.2,0.397,0.0,28.2,0.01,33271.46817029437,4.671065330505371,0.32269666704851263,0.47,1041.18,0.449,0.05,247.94000000000003,0.028,0.29,1418.6,0.36,0.01,11.28,0.01
40,0,1000,1000.0,86099.12762244986,9.129199981689453,0.29336271249223894,0.55,3839.6,0.489,0.0,28.2,0.01,0.68,5125.0,0.405,0.0,28.2,0.01,32623.166167870942,4.255397319793701,0.3331358077558241,0.42,984.9000000000001,0.444,0.0,11.28,0.01,0.36,2164.8,0.417,0.0,11.28,0.01
40,0,1500,1500.0,92966.0607304534,9.086694717407227,0.30166142550176145,0.75,6422.24,0.56,0.0,31.960000000000004,0.01,0.71,5559.6,0.415,0.0,31.960000000000004,0.01,29868.027250854277,3.5386664867401123,0.3299922819820901,0.34,922.59,0.438,0.01,88.55,0.019,0.5,2870.0,0.451,0.01,16.92,0.011
40,0,2000,2000.0,99745.21233451115,9.131053924560547,0.31945667235674635,0.8,4947.4,0.556,0.0,33.84,0.01,0.73,6117.2,0.424,0.0,33.84,0.01,24665.017888830316,2.648319959640503,0.3134498846132444,0.58,1823.76,0.427,0.01,70.84,0.017,0.58,3329.1999999999994,0.466,0.01,18.8,0.011
40,0,2500,2500.0,104862.10521402238,8.797197341918945,0.33614668212949744,0.87,5031.5,0.56,0.01,39.48,0.011,0.75,6699.4,0.434,0.01,39.48,0.011,19305.256545890792,1.7995606660842896,0.2905739062658623,0.33,1300.89,0.491,0.0,29.6,0.025,0.66,3804.7999999999997,0.478,0.01,20.68,0.011
40,0,3000,3000.0,104735.37428054557,8.753662109375,0.34501762101697436,0.39,2832.72,0.544,0.01,39.48,0.011,0.77,7429.2,0.445,0.01,39.48,0.011,13247.284186681009,1.0877370834350586,0.24488259997368414,0.26,1075.32,0.469,0.0,23.68,0.022,0.5,3124.2,0.452,0.01,22.56,0.011
40,0,3500,3500.0,101635.91079932882,8.353142738342285,0.3475777426922856,0.54,3011.04,0.509,0.01,45.12,0.011,0.79,8101.600000000001,0.453,0.01,45.12,0.011,8978.142896015152,0.5690716505050659,0.20946563853449418,0.16,763.2300000000001,0.426,0.01,191.75,0.109,0.36,2525.6,0.425,0.01,15.04,0.011
40,0,4000,4000.0,93367.04807181703,7.575256824493408,0.3376684344004985,0.79,3899.5799999999995,0.514,0.01,48.88,0.011,0.81,9159.4,0.468,0.01,48.88,0.011,5765.658320862485,0.34230542182922363,0.15887902292454179,0.08,168.2,0.265,0.0,13.160000000000002,0.011,0.21,1656.4,0.365,0.0,13.160000000000002,0.011
40,0,4500,4500.0,83173.68378326342,6.541176795959473,0.31993741859800967,0.55,3334.1099999999997,0.484,0.01,75.2,0.015,1.19,10414.0,0.499,0.01,75.2,0.015,4183.19028162432,0.3155233561992645,0.13411620717886,0.09,174.0,0.275,0.0,7.52,0.01,0.09,885.6000000000001,0.276,0.0,7.52,0.01
40,0,5000,5000.0,71089.82995700638,4.973176956176758,0.29517195812098573,0.64,4447.2,0.445,0.08,832.37,0.031,0.85,8659.2,0.458,0.01,84.6,0.016,3898.0646588470336,0.41801467537879944,0.12713113333487525,0.11,237.8,0.331,0.0,5.64,0.009,0.04,442.80000000000007,0.184,0.0,5.64,0.009
40,0,5500,5500.0,63544.907945889056,3.4380061626434326,0.28413389440231557,1.19,8806.92,0.401,0.08,814.66,0.031,0.61,7478.399999999999,0.443,0.01,48.88,0.011,4287.339337277626,0.5424631834030151,0.1382077299135303,0.12,243.6,0.336,0.0,10.77,0.016,0.02,180.4,0.111,0.0,3.76,0.008
40,0,6000,6000.0,58647.683796137135,2.496370792388916,0.27208535372659837,0.14,297.92,0.093,0.01,45.12,0.011,0.51,6273.0,0.423,0.01,45.12,0.011,5035.348017381602,0.6201849579811096,0.15193537569083806,0.07,130.5,0.324,0.0,10.77,0.016,0.02,131.2,0.094,0.0,1.88,0.008
40,0,6500,6500.0,56899.75569321295,2.47598934173584,0.2718052699214576,0.35,2346.04,0.383,0.01,35.72,0.011,0.46,5371.0,0.408,0.01,35.72,0.011,5695.999370838581,0.630266010761261,0.16063121573183878,0.09,158.79,0.334,0.0,1.88,0.007,0.03,106.6,0.093,0.0,1.88,0.007
40,0,7000,7000.0,57896.18929126643,2.9419994354248047,0.27144030274450803,0.56,3171.96,0.449,0.01,31.960000000000004,0.01,0.39,5043.0,0.4,0.01,31.960000000000004,0.01,6531.758056682338,0.6776944398880005,0.17476496225641103,0.23,455.3,0.359,0.0,1.88,0.007,0.06,213.2,0.162,0.0,1.88,0.007
40,0,7500,7500.0,61110.823269581306,3.9073407649993896,0.2766915671568938,0.71,3976.52,0.515,0.01,30.08,0.01,0.33,4854.4,0.396,0.01,30.08,0.01,7397.422963285686,0.6877100467681885,0.18798033966687583,0.25,466.9,0.361,0.0,3.76,0.009,0.1,336.2,0.228,0.0,3.76,0.009
40,0,8000,8000.0,68217.19688505764,6.585145473480225,0.29338353724404276,0.83,3120.4,0.519,0.01,30.08,0.01,0.33,4616.6,0.389,0.01,30.08,0.01,8176.647745509243,0.9588245153427124,0.2056313563937605,0.14,243.59999999999997,0.351,0.0,3.76,0.009,0.09,377.2,0.226,0.0,3.76,0.009
40,0,8500,8500.0,78737.8324226347,9.473773956298828,0.3182972476917229,0.9,3037.5,0.536,0.0,28.2,0.01,0.43,4526.4,0.389,0.0,28.2,0.01,8854.243412131245,1.2074170112609863,0.22328745580692352,0.18,299.49,0.362,0.0,3.76,0.009,0.09,442.80000000000007,0.233,0.0,3.76,0.009
40,0,9000,9000.0,94639.57499075159,12.5966215133667,0.3600191008038499,1.52,4328.1,0.627,0.0,26.320000000000004,0.01,0.28,4362.4,0.39,0.0,26.320000000000004,0.01,8927.985669089754,1.220851182937622,0.23514516115520342,0.16,281.4,0.351,0.0,3.04,0.032,0.08,492.0,0.23,0.0,3.76,0.009
40,0,9500,9500.0,109941.73252596904,15.578551292419434,0.3981630511248634,1.65,4104.64,0.632,0.0,26.320000000000004,0.01,0.37,4272.2,0.399,0.0,26.320000000000004,0.01,8472.647212095128,1.1152063608169556,0.23948942613515145,0.13,201.6,0.356,0.0,3.04,0.032,0.12,582.2,0.249,0.0,5.64,0.01
40,0,10000,10000.0,118861.93688520319,18.390911102294922,0.41483850013617,1.12,2782.26,0.627,0.01,26.320000000000004,0.01,0.71,5608.8,0.446,0.01,26.320000000000004,0.01,7378.1117191444855,0.8769207000732422,0.2355273941366939,0.11,184.8,0.346,0.0,13.48,0.026,0.17,762.6,0.291,0.01,5.64,0.01
40,0,10500,10500.0,122808.97805606567,18.690122604370117,0.41665275945886926,1.6,3438.72,0.636,0.01,41.36,0.012,1.15,7470.199999999999,0.515,0.01,41.36,0.012,6149.581848994817,0.6212389469146729,0.22739375877273602,0.18,376.98,0.373,0.0,10.68,0.049,0.27,967.6,0.331,0.01,7.52,0.01
40,0,11000,11000.0,122787.08814855348,16.582054138183594,0.41714419645335304,1.49,3276.72,0.62,0.18,1735.58,0.046,2.09,10299.2,0.598,0.04,52.64000000000001,0.015,4554.404095399039,0.5002607703208923,0.19900660112719226,0.18,352.25999999999993,0.377,0.0,3.11,0.02,0.23,836.4,0.32,0.01,7.52,0.01
40,0,11500,11500.0,119346.55538367023,12.871513366699219,0.4081024783624358,1.54,4585.56,0.644,0.16,1363.67,0.039,2.94,12915.0,0.654,0.06,90.24,0.02,3428.4407487798035,0.4315430223941803,0.17970794024395498,0.11,265.74,0.349,0.0,3.11,0.014,0.2,762.6,0.319,0.0,5.64,0.01
40,0,12000,12000.0,111862.14892328308,8.605340003967285,0.3935019200339457,1.23,4171.5,0.616,0.15,1133.44,0.034,2.47,12013.0,0.629,0.06,103.40000000000002,0.022,2466.431272925365,0.3303532898426056,0.1407403412854498,0.05,97.2,0.285,0.0,12.44,0.031,0.11,549.4,0.278,0.0,5.64,0.01
40,0,12500,12500.0,105173.47313153076,6.346025466918945,0.382824857350286,0.75,3945.93,0.586,0.13,1098.02,0.034,1.9,10988.0,0.601,0.05,82.72,0.019,1879.2701422878679,0.22942256927490234,0.11423640418141351,0.14,277.68,0.29,0.0,5.4,0.038,0.08,360.8,0.233,0.0,3.76,0.009
40,0,13000,13000.0,98451.22492522054,5.089177131652832,0.3627002773389512,0.42,2375.82,0.528,0.22,1221.99,0.036,1.15,10364.8,0.573,0.05,78.96,0.018,1634.4875865339575,0.13727957010269165,0.09620734855082153,0.23,398.7200000000001,0.325,0.0,6.96,0.064,0.06,237.79999999999998,0.2,0.0,3.76,0.009
40,0,13500,13500.0,93678.12656401111,4.65928840637207,0.34813485285310847,0.58,3755.8000000000006,0.483,0.03,73.32,0.017,0.7,10135.2,0.564,0.03,73.32,0.017,1694.324647541324,0.15822657942771912,0.09429355876603353,0.29,484.1600000000001,0.344,0.0,3.59,0.014,0.05,172.2,0.197,0.0,1.88,0.008
40,0,14000,14000.0,90238.19879222268,5.148283004760742,0.3309410705347009,1.2,5325.76,0.57,0.02,71.44,0.017,0.56,9733.4,0.547,0.02,71.44,0.017,2140.7483419628293,0.27519381046295166,0.1092182751060744,0.23,307.4,0.353,0.0,3.59,0.014,0.03,90.2,0.137,0.0,1.88,0.008
40,0,14500,14500.0,90348.59779840095,6.482978820800781,0.32283487847478326,1.59,6372.399999999999,0.614,0.02,63.92000000000001,0.016,0.66,9446.4,0.535,0.02,63.92000000000001,0.016,2784.4228081200185,0.4235536754131317,0.12993313474787904,0.24,319.0,0.357,0.0,3.59,0.009,0.01,32.8,0.067,0.0,0.0,0.006
40,0,15000,15000.0,96054.6362229177,10.051630020141602,0.3311040299852362,1.48,4570.4,0.594,0.01,62.04,0.015,0.54,7675.199999999999,0.48,0.01,62.04,0.015,3429.251523386722,0.5564085245132446,0.14808623635080798,0.2,304.5,0.343,0.0,3.59,0.009,0.0,16.4,0.03,0.0,0.0,0.005
40,0,15500,15500.0,107419.57718419348,12.715786933898926,0.35569860757713573,1.96,6952.68,0.632,0.01,37.6,0.011,0.53,6633.8,0.46,0.01,37.6,0.011,4083.101925283833,0.6564936637878418,0.1642601326203135,0.2,301.6,0.343,0.0,9.12,0.038,0.01,24.6,0.042,0.0,0.0,0.006
40,0,16000,16000.0,120626.63855860272,15.731085777282715,0.383877483459094,1.94,5553.5,0.64,0.01,35.72,0.011,0.53,6478.0,0.461,0.01,35.72,0.011,4629.758382698543,0.6410214304924011,0.18033632394872776,0.12,176.88,0.342,0.0,1.88,0.007,0.02,82.0,0.104,0.0,1.88,0.007
40,0,16500,16500.0,134157.37171128084,18.40982437133789,0.41121467778150195,1.97,5614.4,0.642,0.01,33.84,0.011,0.98,6486.2,0.467,0.01,33.84,0.011,4699.728459910124,0.5594081878662109,0.18262094158119152,0.11,180.9,0.336,0.0,1.88,0.009,0.03,155.8,0.153,0.0,1.88,0.009
40,0,17000,17000.0,145871.21070994256,20.67875099182129,0.4355969726547262,1.07,3161.5800000000004,0.629,0.01,33.84,0.011,1.98,8208.2,0.506,0.01,33.84,0.011,4189.8575181225915,0.43359339237213135,0.16665118063690762,0.19,354.96,0.318,0.0,18.66,0.031,0.03,188.6,0.16,0.0,1.88,0.009
40,0,17500,17500.0,151982.8516461627,21.754989624023438,0.445855791882304,1.36,3742.62,0.637,0.04,65.8,0.016,3.05,10389.4,0.564,0.04,65.8,0.016,3706.332699853192,0.29728519916534424,0.15027115099955854,0.07,159.84,0.316,0.0,21.770000000000003,0.034,0.04,229.60000000000002,0.173,0.0,3.76,0.009
40,0,18000,18000.0,150085.69246385182,21.04515266418457,0.4419700069799295,1.26,3630.0599999999995,0.628,0.38,1965.8100000000002,0.049,2.79,11849.0,0.592,0.05,75.2,0.017,3235.502157474002,0.19395457208156586,0.13165534927785685,0.06,133.92,0.296,0.0,3.76,0.009,0.05,319.8,0.203,0.0,3.76,0.009
40,0,18500,18500.0,144733.65803258473,19.08592414855957,0.42966850678827867,1.05,3505.4400000000005,0.616,0.4,1894.97,0.048,2.44,13111.8,0.615,0.05,95.88,0.019,2989.409552455072,0.2185390144586563,0.1197412265236135,0.12,270.56,0.271,0.0,3.76,0.01,0.08,418.2,0.234,0.0,3.76,0.01
40,0,19000,19000.0,136367.31913168708,15.979203224182129,0.41455313691914847,1.58,5694.87,0.656,0.41,1717.87,0.045,2.48,13776.0,0.622,0.05,101.52,0.02,3096.442744096794,0.41001370549201965,0.12305503441377648,0.13,211.7,0.294,0.0,3.76,0.01,0.06,270.6,0.186,0.0,3.76,0.01
40,0,19500,19500.0,127978.38532757646,12.463366508483887,0.40044262217227566,1.46,5361.15,0.638,0.41,1540.77,0.042,2.7,14440.2,0.629,0.05,109.03999999999999,0.02,3605.3376775575316,0.6320826411247253,0.1415695991609598,0.13,220.4,0.3,0.0,7.18,0.014,0.03,147.6,0.132,0.0,1.88,0.008
40,0,20000,20000.0,117233.27792352,9.820921897888184,0.38140742317097853,1.32,4993.44,0.617,0.36,1416.8,0.04,2.38,13226.6,0.605,0.04,110.92,0.021,4247.234435720816,0.8796997666358948,0.16217401082935803,0.15,237.8,0.314,0.0,7.18,0.014,0.02,106.6,0.099,0.0,1.88,0.008
41,0,-20000,20000.0,847340.5102270987,38.33302307128906,0.6239587036243551,2.76,38946.53,0.577,0.05,599.72,0.032,3.24,68109.2,0.826,0.05,599.72,0.032,682930.9625174282,47.28129577636719,0.5837153382307336,2.21,12213.06,0.804,0.07,458.72,0.03,5.33,52734.2,0.788,0.07,458.72,0.03
41,0,-19500,19500.0,843376.4512281619,39.0244255065918,0.6252358475442291,2.68,37920.23,0.573,0.05,605.36,0.032,3.24,68543.8,0.826,0.05,605.36,0.032,696056.2953340821,49.02814483642578,0.5819846084267062,2.69,14128.290000000003,0.806,0.09,466.24,0.03,5.73,53726.4,0.792,0.09,466.24,0.03
41,0,-19000,19000.0,839220.9052004159,39.10932922363281,0.627890630760385,2.32,25163.3,0.83,0.05,609.12,0.032,3.76,68429.0,0.826,0.05,609.12,0.032,713095.0274319446,50.408058166503906,0.5769296293616845,2.62,14323.260000000002,0.808,0.1,468.12000000000006,0.03,5.6,55907.600000000006,0.799,0.1,468.12000000000006,0.03
41,0,-18500,18500.0,832205.1683775819,38.45070266723633,0.6285440042870594,1.61,17921.16,0.837,0.06,607.24,0.032,4.22,68043.6,0.826,0.06,607.24,0.032,726612.1170613129,49.67217254638672,0.5666755001213424,2.47,14793.599999999999,0.813,0.1,498.2,0.031,5.31,58031.4,0.806,0.1,498.2,0.031
41,0,-18000,18000.0,823372.3827958363,38.42328643798828,0.6274268227454439,1.57,17609.61,0.834,0.06,607.24,0.032,4.18,67281.0,0.824,0.06,607.24,0.032,743107.294733022,48.647743225097656,0.5574004138047127,4.24,38091.28,0.581,0.1,509.48,0.031,5.28,59081.0,0.809,0.1,509.48,0.031
41,0,-17500,17500.0,816378.31159913,37.568504333496094,0.6270432690073531,1.46,16942.29,0.828,0.05,597.84,0.031,4.01,66362.6,0.822,0.05,597.84,0.031,759971.6319759231,50.61534881591797,0.5482239883570243,5.11,41325.68,0.595,0.1,526.4,0.031,5.64,59712.399999999994,0.81,0.1,526.4,0.031
41,0,-17000,17000.0,807190.5337152621,35.54385757446289,0.6247351191064465,2.78,34361.76,0.824,0.05,595.96,0.031,3.53,64747.19999999999,0.818,0.05,595.96,0.031,782343.3820353326,55.659481048583984,0.5475822852535512,5.78,43608.42,0.602,0.09,532.04,0.031,6.53,61073.6,0.812,0.09,532.04,0.031
41,0,-16500,16500.0,799962.2558774657,34.33587646484375,0.6238344681941239,1.89,29426.96,0.814,0.05,571.52,0.031,3.07,63304.0,0.814,0.05,571.52,0.031,800605.3709969303,58.01787185668945,0.546465486621193,6.0,44205.53999999999,0.605,0.08,550.84,0.031,7.42,62910.4,0.815,0.08,550.84,0.031
41,0,-16000,16000.0,791100.4265155657,33.50484085083008,0.6214330764325757,1.73,23463.9,0.818,0.05,565.88,0.031,2.91,62639.8,0.813,0.05,565.88,0.031,824220.3903676156,59.60678482055664,0.5542853222961953,5.63,42961.53999999999,0.598,0.07,556.48,0.031,8.35,67723.8,0.825,0.07,556.48,0.031
41,0,-15500,15500.0,783174.0925229155,33.32615280151367,0.6192207035567674,1.8,23469.700000000004,0.818,0.04,556.48,0.031,2.81,62303.6,0.812,0.04,556.48,0.031,838917.4578327176,60.44523620605469,0.5596198792480285,5.08,41210.61,0.592,0.09,622.28,0.032,9.18,72865.2,0.835,0.09,622.28,0.032
41,0,-15000,15000.0,776608.7768278155,33.225830078125,0.6149730048555407,1.71,22718.6,0.812,0.04,554.6,0.031,2.79,62631.59999999999,0.812,0.04,554.6,0.031,854589.6204744087,59.50981521606445,0.571058050256152,3.44,22189.68,0.859,0.1,641.08,0.032,10.16,78703.6,0.846,0.1,641.08,0.032
41,0,-14500,14500.0,773700.7636268424,34.20610809326172,0.6112829351273699,2.17,26518.44,0.796,0.04,554.6,0.031,2.88,63205.6,0.814,0.04,554.6,0.031,862011.6680387484,62.56645202636719,0.5784878072435994,2.26,14221.2,0.86,0.11,720.04,0.033,11.09,83812.2,0.854,0.11,720.04,0.033
41,0,-14000,14000.0,773168.7673176114,35.79432678222656,0.6056947123793713,1.91,21747.1,0.804,0.04,556.48,0.031,3.16,62910.4,0.812,0.04,556.48,0.031,860473.8767159294,61.96026611328125,0.5868067448840335,5.03,31681.77,0.87,0.12,742.6,0.033,11.08,83549.8,0.855,0.12,742.6,0.033
41,0,-13500,13500.0,773646.0441758826,36.878047943115234,0.6000560143204053,2.42,27273.16,0.802,0.04,552.72,0.031,3.4,62467.600000000006,0.81,0.04,552.72,0.031,862529.3423760601,62.46430206298828,0.5979053124356569,4.46,29973.0,0.864,0.12,731.32,0.033,11.6,82746.2,0.857,0.12,731.32,0.033
41,0,-13000,13000.0,778827.9786369309,38.38326644897461,0.5979829010772613,2.61,32620.79,0.547,0.04,550.84,0.031,3.66,61565.6,0.807,0.04,550.84,0.031,857021.9077263592,61.62587356567383,0.6080644052913249,4.2,28131.360000000004,0.859,0.12,731.32,0.033,11.04,78293.6,0.852,0.12,731.32,0.033
41,0,-12500,12500.0,784685.2967354034,40.661277770996094,0.5967473945528291,2.95,34617.41,0.558,0.05,535.8,0.031,3.94,60909.6,0.804,0.05,535.8,0.031,851400.593039546,59.92106246948242,0.6199004540533944,10.41,74046.0,0.846,0.11,669.28,0.033,10.41,74046.0,0.846,0.11,669.28,0.033
41,0,-12000,12000.0,789516.3663625165,43.8130989074707,0.5963885824337645,3.25,35562.85,0.561,0.05,532.04,0.031,4.3,62598.8,0.809,0.05,532.04,0.031,839883.7753128087,57.108158111572266,0.6267111742356005,2.72,19833.12,0.854,0.1,650.48,0.033,8.96,73611.4,0.846,0.1,650.48,0.033
41,0,-11500,11500.0,793472.9522327123,45.63161087036133,0.5958717214681034,3.37,35354.48,0.56,0.05,550.84,0.031,4.65,64927.600000000006,0.814,0.05,550.84,0.031,826677.7790663001,53.836055755615234,0.6342143575747472,3.21,20571.84,0.862,0.09,656.12,0.033,8.17,73603.2,0.846,0.09,656.12,0.033
41,0,-11000,11000.0,797589.659911173,48.06718444824219,0.5983162142858407,3.35,33659.53,0.55,0.05,556.48,0.031,4.94,67117.0,0.82,0.05,556.48,0.031,797142.2787604608,51.08646774291992,0.6294775277735198,4.24,29299.379999999997,0.867,0.1,658.0,0.033,8.47,75169.4,0.849,0.1,658.0,0.033
41,0,-10500,10500.0,796877.739024876,48.78828048706055,0.5991551670574208,3.32,32269.36,0.543,0.05,592.2,0.031,5.17,68904.6,0.824,0.05,592.2,0.031,765288.1409846249,48.132476806640625,0.6228939196476968,4.33,27856.35,0.86,0.12,686.2,0.033,8.82,76407.6,0.852,0.12,686.2,0.033
41,0,-10000,10000.0,790926.5624322672,49.90619659423828,0.6013796027291892,3.03,23037.6,0.82,0.06,599.72,0.031,5.32,69601.6,0.825,0.06,599.72,0.031,728942.783729253,42.631431579589844,0.6151230077275581,4.41,26265.0,0.852,0.13,693.72,0.033,8.6,72283.0,0.844,0.13,693.72,0.033
41,0,-9500,9500.0,777629.3838812998,50.35607147216797,0.6005828773409989,2.28,18159.12,0.83,0.07,612.88,0.032,5.43,69765.6,0.826,0.07,612.88,0.032,702287.8400296471,38.96934509277344,0.6150543585359891,3.97,24618.03,0.842,0.1,616.64,0.032,8.36,68215.8,0.836,0.1,616.64,0.032
41,0,-9000,9000.0,760203.6697944603,50.55631637573242,0.6028619292023355,1.99,16660.89,0.826,0.08,616.64,0.032,5.46,69019.4,0.825,0.08,616.64,0.032,675665.1872736856,35.7611198425293,0.6130856600210687,3.46,22794.93,0.831,0.1,599.72,0.032,7.22,63230.2,0.824,0.1,599.72,0.032
41,0,-8500,8500.0,741976.3836189443,49.84114456176758,0.6064181524071838,1.42,11335.8,0.825,0.08,603.48,0.032,5.46,68461.8,0.825,0.08,603.48,0.032,654320.9142577689,33.482479095458984,0.6144593247999729,2.84,22022.43,0.825,0.09,520.76,0.031,6.02,58925.2,0.813,0.09,520.76,0.031
41,0,-8000,8000.0,719554.5004695954,45.30326461791992,0.607288330772676,3.39,21172.9,0.812,0.08,601.6,0.032,5.12,67084.2,0.822,0.08,601.6,0.032,633673.6696379127,28.4228572845459,0.6108724651484304,2.64,17765.4,0.785,0.09,500.08,0.031,4.7,57006.4,0.806,0.09,500.08,0.031
41,0,-7500,7500.0,698356.1462896364,40.63568115234375,0.6081611929129351,3.44,21071.4,0.812,0.09,586.56,0.032,5.53,65665.6,0.819,0.09,586.56,0.032,615679.6407043036,26.884994506835938,0.6085360392247648,2.4,15229.84,0.779,0.07,485.04,0.031,4.13,55186.0,0.801,0.07,485.04,0.031
41,0,-7000,7000.0,678938.7296212993,38.00703430175781,0.6017140905694529,2.26,15286.05,0.818,0.09,582.8,0.032,5.72,63599.2,0.815,0.09,582.8,0.032,595405.3043282423,29.39779281616211,0.5995344805365769,1.71,10521.78,0.784,0.06,481.28,0.031,3.05,53546.0,0.795,0.06,481.28,0.031
41,0,-6500,6500.0,668243.4597403298,38.073795318603516,0.5983184250144616,2.31,14301.150000000001,0.809,0.09,560.24,0.032,5.61,61213.00000000001,0.81,0.09,560.24,0.032,575716.0943755733,30.022174835205078,0.590467052758158,1.44,8454.6,0.785,0.05,471.87999999999994,0.031,2.9,51520.6,0.789,0.05,471.87999999999994,0.031
41,0,-6000,6000.0,667879.4192916196,38.17970657348633,0.5914347019255775,2.17,13668.0,0.802,0.1,554.6,0.031,5.21,57260.6,0.799,0.1,554.6,0.031,557869.0309061283,28.502300262451172,0.5796210061956324,1.37,8265.6,0.78,0.04,470.0,0.031,2.84,49552.6,0.782,0.04,470.0,0.031
41,0,-5500,5500.0,682807.7589079542,37.86708068847656,0.592473212304644,3.72,25119.36,0.806,0.08,498.2,0.031,4.65,53300.0,0.788,0.08,498.2,0.031,545238.959930023,30.402414321899414,0.5717253235023667,1.8,11869.2,0.771,0.07,438.04,0.03,3.84,47970.0,0.776,0.07,438.04,0.03
41,0,-5000,5000.0,712376.2268493699,37.10038375854492,0.5966890816983961,3.84,28629.52,0.825,0.08,483.15999999999997,0.03,4.23,50479.2,0.781,0.08,483.15999999999997,0.03,539511.9716211252,32.75362014770508,0.5658028753489082,2.08,15084.9,0.765,0.08,430.52,0.03,3.92,46346.4,0.77,0.08,430.52,0.03
41,0,-4500,4500.0,748735.7764092135,35.99541091918945,0.6042002927421409,3.86,30890.12,0.836,0.07,434.28,0.03,3.92,49068.8,0.782,0.07,434.28,0.03,540763.7760568631,34.97474670410156,0.5643314470676883,3.0,19547.96,0.755,0.07,394.8,0.029,4.12,45624.8,0.768,0.07,394.8,0.029
41,0,-4000,4000.0,794472.398315107,34.016544342041016,0.6167769462915293,1.25,9431.8,0.804,0.07,421.12000000000006,0.029,3.94,51742.0,0.793,0.07,421.12000000000006,0.029,549909.62590993,37.72998046875,0.5647252206289324,2.69,16477.8,0.773,0.07,387.28,0.029,3.51,45075.4,0.767,0.07,387.28,0.029
41,0,-3500,3500.0,834034.308597755,32.58594512939453,0.6249634406001892,1.23,11264.4,0.833,0.07,456.84000000000003,0.03,3.99,55341.799999999996,0.805,0.07,456.84000000000003,0.03,559694.2308711242,39.67491149902344,0.5652093795932982,2.73,16532.9,0.774,0.05,377.87999999999994,0.029,4.11,44796.6,0.767,0.05,377.87999999999994,0.029
41,0,-3000,3000.0,869466.717974006,34.47102355957031,0.6323951922124464,1.16,11565.4,0.836,0.07,466.24,0.03,3.62,61680.4,0.822,0.07,466.24,0.03,571666.0192588044,42.04374694824219,0.5676242009819561,2.68,15443.2,0.785,0.05,374.12,0.029,4.54,45985.6,0.772,0.05,374.12,0.029
41,0,-2500,2500.0,890485.1837016228,36.89948654174805,0.6305656318153758,1.73,18391.5,0.851,0.07,558.36,0.032,3.12,67756.6,0.835,0.07,558.36,0.032,579284.966754444,43.17744064331055,0.5680912559042502,3.01,15679.42,0.788,0.06,398.56,0.029,4.77,46912.2,0.777,0.06,398.56,0.029
41,0,-2000,2000.0,901969.4123610308,40.412322998046875,0.6262565476851824,3.26,26941.0,0.849,0.07,586.56,0.032,3.29,71618.8,0.841,0.07,586.56,0.032,586476.8603520786,43.42844009399414,0.5741294707837907,3.89,18739.8,0.798,0.07,406.08,0.03,4.49,48101.2,0.781,0.07,406.08,0.03
41,0,-1500,1500.0,905207.1138231264,42.57257080078125,0.6171459905961683,3.34,26906.2,0.849,0.07,646.72,0.033,3.37,74251.0,0.845,0.07,646.72,0.033,588375.5031132811,46.196075439453125,0.5768270673289991,2.99,13575.6,0.8,0.09,424.87999999999994,0.03,4.93,49323.0,0.786,0.09,424.87999999999994,0.03
41,0,-1000,1000.0,912169.9908580924,45.96841812133789,0.613943684505643,3.77,27912.5,0.854,0.08,665.52,0.033,3.84,74087.0,0.842,0.08,665.52,0.033,585162.725657793,49.66332244873047,0.5817940184259293,2.99,13474.08,0.798,0.1,430.52,0.03,5.41,50249.6,0.788,0.1,430.52,0.03
41,0,-500,500.0,919567.1980067503,46.81794357299805,0.6115886880210738,3.8,27987.9,0.854,0.08,658.0,0.032,4.39,73660.6,0.839,0.08,658.0,0.032,578874.1272502614,50.29851531982422,0.5865700759064192,2.92,13044.900000000001,0.803,0.12,441.8,0.03,5.59,51102.4,0.791,0.12,441.8,0.03
41,0,0,0.0,933587.1211018151,42.894874572753906,0.6146789372475406,2.58,18817.62,0.851,0.08,658.0,0.032,4.71,73947.6,0.839,0.08,658.0,0.032,564438.8160498848,48.66645050048828,0.5896312324811815,2.82,13010.73,0.803,0.13,449.32,0.03,5.54,50684.2,0.789,0.13,449.32,0.03
41,0,500,500.0,946067.4867735732,41.44700622558594,0.6173185607240415,2.63,19555.29,0.856,0.1,656.12,0.032,4.75,74792.2,0.84,0.1,656.12,0.032,545492.2822642118,46.455589294433594,0.5906563737364393,2.58,12880.08,0.803,0.12,454.96,0.031,5.46,49560.8,0.785,0.12,454.96,0.031
41,0,1000,1000.0,959542.752460367,42.30463409423828,0.6236795010370225,4.85,39457.68,0.852,0.1,656.12,0.032,4.64,77547.4,0.844,0.1,656.12,0.032,515974.1073618181,40.388404846191406,0.5808809521145453,2.5,12431.85,0.796,0.12,454.96,0.031,5.06,48503.0,0.781,0.12,454.96,0.031
41,0,1500,1500.0,970033.8670626959,43.363685607910156,0.6302883184810577,2.0,20389.44,0.86,0.09,695.6,0.033,4.67,80286.2,0.849,0.09,695.6,0.033,487552.71846533264,37.10909652709961,0.570624142457883,2.3,11438.91,0.781,0.11,436.15999999999997,0.03,4.7,47346.8,0.777,0.11,436.15999999999997,0.03
41,0,2000,2000.0,973263.407312036,43.528648376464844,0.6373700758420238,1.97,20459.79,0.86,0.09,706.88,0.033,4.85,81737.6,0.851,0.09,706.88,0.033,459119.3107735712,34.889854431152344,0.5548559898388064,2.16,10697.22,0.767,0.1,434.28,0.03,4.19,44731.0,0.767,0.1,434.28,0.03
41,0,2500,2500.0,968909.8635380535,43.15291213989258,0.641552691663078,1.87,20644.71,0.861,0.07,727.56,0.033,5.02,82828.2,0.853,0.07,727.56,0.033,439871.11720716936,33.43647766113281,0.5459596594319562,1.67,9087.21,0.734,0.1,398.56,0.03,3.47,42115.2,0.755,0.1,398.56,0.03
41,0,3000,3000.0,954774.515135678,42.38820266723633,0.6419923084971627,1.79,20534.16,0.86,0.07,735.08,0.033,4.89,83107.0,0.855,0.07,735.08,0.033,428086.42490465316,31.793821334838867,0.5372850578331201,2.24,11631.9,0.71,0.1,389.15999999999997,0.029,3.04,38310.4,0.736,0.1,389.15999999999997,0.029
41,0,3500,3500.0,938381.7945969787,41.88796615600586,0.6417331522247612,2.55,39067.82,0.582,0.07,738.84,0.033,4.78,83139.8,0.857,0.07,738.84,0.033,426944.98265581497,30.250505447387695,0.5383856458704165,2.25,11655.1,0.711,0.08,329.0,0.028,2.65,35071.4,0.718,0.08,329.0,0.028
41,0,4000,4000.0,916625.8281720895,41.102386474609375,0.6381447740401911,1.09,13736.8,0.854,0.07,740.72,0.033,4.71,81196.4,0.854,0.07,740.72,0.033,433963.5161408217,27.57373809814453,0.5421272387223101,1.53,8072.159999999999,0.71,0.07,312.08,0.028,2.7,33792.2,0.71,0.07,312.08,0.028
41,0,4500,4500.0,897479.8638224816,39.740333557128906,0.6358213491172546,1.48,18928.17,0.85,0.06,716.28,0.033,4.58,78834.8,0.851,0.06,716.28,0.033,441304.69291579153,24.433557510375977,0.5451714030441399,1.54,8257.08,0.718,0.06,287.64,0.027,2.95,33259.200000000004,0.709,0.06,287.64,0.027
41,0,5000,5000.0,878826.2801078092,37.62165069580078,0.6332025422513955,2.83,38307.12,0.847,0.06,710.64,0.033,4.05,75858.2,0.846,0.06,710.64,0.033,451105.10129527474,25.995567321777344,0.5518326691508443,2.19,13989.6,0.751,0.06,282.0,0.026,2.93,34177.6,0.716,0.06,282.0,0.026
41,0,5500,5500.0,862349.9528789611,36.41393280029297,0.6318083444608119,1.52,18584.64,0.839,0.06,673.04,0.033,3.8,72947.2,0.841,0.06,673.04,0.033,459515.2711594015,28.197681427001953,0.5577529987617335,2.29,14088.2,0.753,0.06,293.28,0.027,2.75,35415.8,0.725,0.06,293.28,0.027
41,0,6000,6000.0,845583.3494303843,35.81397247314453,0.6315171710925848,2.33,25441.7,0.838,0.06,661.76,0.032,3.69,70716.8,0.837,0.06,661.76,0.032,464619.69212369475,30.44622039794922,0.5650499998029568,2.2,14210.0,0.756,0.06,297.04,0.027,2.73,36809.8,0.734,0.06,297.04,0.027
41,0,6500,6500.0,826615.1792453857,35.69745635986328,0.6312038538728465,2.39,25386.6,0.838,0.06,631.68,0.032,3.73,68699.6,0.833,0.06,631.68,0.032,464040.66062414815,32.39665222167969,0.5678313391844101,1.55,9758.55,0.756,0.05,315.84,0.028,3.96,38171.0,0.742,0.05,315.84,0.028
41,0,7000,7000.0,802133.4954152677,35.63776779174805,0.6298195720065826,2.44,23579.9,0.827,0.06,624.16,0.032,3.67,67904.2,0.831,0.06,624.16,0.032,457477.0358831367,30.206920623779297,0.5677949234270875,1.52,9786.69,0.757,0.05,321.48,0.028,3.91,38958.2,0.747,0.05,321.48,0.028
41,0,7500,7500.0,775879.3802250046,37.10602569580078,0.6283240040955292,2.44,23446.5,0.827,0.05,612.88,0.032,3.57,67469.6,0.83,0.05,612.88,0.032,445753.8242781215,32.451622009277344,0.5633317055602073,1.65,10627.2,0.763,0.05,334.64,0.028,3.46,39466.6,0.751,0.05,334.64,0.028
41,0,8000,8000.0,743100.7839971659,37.17194747924805,0.6231324526537209,1.69,16867.92,0.834,0.05,609.12,0.032,3.6,66797.2,0.828,0.05,609.12,0.032,428914.667644068,35.3597526550293,0.5554690933170318,1.75,10359.36,0.757,0.05,338.4,0.028,2.76,39729.0,0.753,0.05,338.4,0.028
41,0,8500,8500.0,712403.1235995266,37.265193939208984,0.6195837898027249,1.66,15885.03,0.825,0.06,597.84,0.032,4.17,66198.6,0.827,0.06,597.84,0.032,409972.1409143967,36.389774322509766,0.5454830766588399,2.03,9510.48,0.741,0.06,344.04,0.028,3.3,39745.4,0.754,0.06,344.04,0.028
41,0,9000,9000.0,679620.743515811,35.5311393737793,0.6115161988537444,3.11,32203.440000000002,0.822,0.06,594.08,0.032,4.27,63509.0,0.821,0.06,594.08,0.032,391145.3483888875,37.11554718017578,0.5355771271929376,2.02,9249.12,0.735,0.06,345.92,0.029,3.8,37875.8,0.745,0.06,345.92,0.029
41,0,9500,9500.0,654289.1837557952,34.5649528503418,0.6075622380593277,1.21,13748.400000000001,0.802,0.06,552.72,0.031,4.26,60819.4,0.815,0.06,552.72,0.031,378049.48177539284,36.81308364868164,0.5312031238982272,2.05,8486.64,0.718,0.07,315.84,0.028,4.24,36129.2,0.736,0.07,315.84,0.028
41,0,10000,10000.0,632188.9366776145,31.474864959716797,0.5980270406865186,1.18,13233.84,0.795,0.06,541.44,0.031,3.83,57457.399999999994,0.806,0.06,541.44,0.031,368945.74518630584,35.69477844238281,0.5248975422266482,1.93,8337.6,0.714,0.08,308.32,0.028,4.35,34210.4,0.726,0.08,308.32,0.028
41,0,10500,10500.0,620213.9459474216,27.753860473632812,0.5937590035825805,1.72,16759.1,0.769,0.05,488.8,0.03,3.82,54448.00000000001,0.797,0.05,488.8,0.03,364980.18105273665,34.36886215209961,0.5230113899475165,2.37,12288.930000000002,0.736,0.08,278.24,0.027,4.3,32513.0,0.716,0.08,278.24,0.027
41,0,11000,11000.0,616057.6745283571,25.952238082885742,0.5886430421304994,2.15,17640.7,0.779,0.05,473.76,0.03,3.38,51799.4,0.788,0.05,473.76,0.03,365344.3705246173,32.722267150878906,0.5219820455771871,1.54,7933.679999999999,0.704,0.08,270.72,0.026,3.84,31438.800000000003,0.71,0.08,270.72,0.026
41,0,11500,11500.0,620433.1879984704,28.7910099029541,0.5887661024713206,2.18,17713.2,0.78,0.06,443.68,0.03,2.85,49388.6,0.78,0.06,443.68,0.03,367939.92767183937,31.39138412475586,0.5234114484886345,1.27,7631.28,0.697,0.06,261.32,0.026,3.34,30331.8,0.704,0.06,261.32,0.026
41,0,12000,12000.0,634197.1864057835,32.10126876831055,0.5925274043122354,2.32,18977.6,0.792,0.07,434.28,0.03,2.58,48322.6,0.776,0.07,434.28,0.03,372287.08292825427,30.482755661010742,0.5262350835134627,1.24,7782.48,0.701,0.06,259.44,0.026,2.96,29643.0,0.7,0.06,259.44,0.026
41,0,12500,12500.0,652252.0324288027,33.780517578125,0.5987762479503999,2.39,19076.2,0.793,0.07,419.24,0.029,2.58,47625.6,0.773,0.07,419.24,0.029,378638.8409740425,29.79572868347168,0.5320036037878298,1.16,8201.52,0.713,0.05,244.4,0.025,2.64,29298.599999999995,0.698,0.05,244.4,0.025
41,0,13000,13000.0,674352.3471756689,34.097068786621094,0.6052905703648745,1.42,11579.7,0.796,0.07,415.48,0.029,2.98,49118.0,0.779,0.07,415.48,0.029,384572.46641568496,29.699682235717773,0.5363618233902558,1.15,8307.36,0.716,0.05,240.64,0.025,2.56,30307.2,0.705,0.05,240.64,0.025
41,0,13500,13500.0,695887.710034362,33.86087417602539,0.6106697425172022,1.7,13380.569999999998,0.798,0.07,436.15999999999997,0.03,3.68,50971.2,0.785,0.07,436.15999999999997,0.03,388919.21114730206,29.920631408691406,0.5385528375717042,1.12,8722.08,0.726,0.04,255.68000000000004,0.026,2.49,31479.8,0.713,0.04,255.68000000000004,0.026
41,0,14000,14000.0,716507.8648040143,30.372426986694336,0.6138487394685097,3.22,26940.24,0.792,0.07,443.68,0.03,3.71,53242.600000000006,0.793,0.07,443.68,0.03,391895.59784493997,30.660619735717773,0.5405737526221623,1.14,8627.04,0.723,0.04,261.32,0.026,2.46,32414.6,0.719,0.04,261.32,0.026
41,0,14500,14500.0,735896.0853525749,27.027204513549805,0.6148543246940325,2.52,25788.64,0.8,0.07,477.52,0.031,3.46,55464.8,0.799,0.07,477.52,0.031,394298.70520515693,31.464101791381836,0.542087304855293,1.16,8508.24,0.724,0.04,272.6,0.026,2.42,33103.399999999994,0.723,0.04,272.6,0.026
41,0,15000,15000.0,756542.9828862627,29.577777862548828,0.61690682719454,2.64,21958.8,0.814,0.07,486.92,0.031,2.54,56965.4,0.803,0.07,486.92,0.031,395302.2172071495,32.410247802734375,0.5444993070882763,2.02,11530.4,0.725,0.04,278.24,0.027,2.42,32619.6,0.721,0.04,278.24,0.027
41,0,15500,15500.0,774500.8377464035,33.95106506347656,0.6167955725947543,2.72,22098.0,0.815,0.05,500.08,0.031,2.2,58515.2,0.807,0.05,500.08,0.031,394835.2421265787,32.77241897583008,0.546382265095594,2.7,13218.28,0.706,0.05,272.6,0.026,2.44,32111.199999999997,0.72,0.05,272.6,0.026
41,0,16000,16000.0,793945.7338928515,38.30445861816406,0.6224730615169026,1.67,13511.100000000002,0.819,0.05,503.84000000000003,0.031,2.26,59745.2,0.81,0.05,503.84000000000003,0.031,392979.8057003082,32.68918228149414,0.5501454823814166,2.75,11353.5,0.727,0.05,272.6,0.027,2.56,32439.200000000004,0.724,0.05,272.6,0.027
41,0,16500,16500.0,807918.1479030431,39.564735412597656,0.6268959239355921,2.18,17275.68,0.826,0.05,522.64,0.031,2.86,60893.200000000004,0.813,0.05,522.64,0.031,387215.4862596409,31.751995086669922,0.5510778942104103,2.8,11347.7,0.728,0.07,276.36,0.027,2.71,32767.2,0.728,0.07,276.36,0.027
41,0,17000,17000.0,818948.8490794989,38.21692657470703,0.6354528919734382,1.96,15961.41,0.824,0.06,526.4,0.031,3.62,63377.80000000001,0.819,0.06,526.4,0.031,376600.9016785357,30.076383590698242,0.5491953538146069,2.78,11005.5,0.726,0.07,278.24,0.027,2.87,33234.6,0.733,0.07,278.24,0.027
41,0,17500,17500.0,820945.6450112383,35.57935333251953,0.6399021525398889,1.84,16902.09,0.832,0.08,560.24,0.031,4.28,65928.00000000001,0.825,0.08,560.24,0.031,364227.2059930785,28.16888427734375,0.5447995998440643,2.78,10982.3,0.725,0.07,287.64,0.027,2.98,33751.2,0.738,0.07,287.64,0.027
41,0,18000,18000.0,811002.3319171185,31.508975982666016,0.6392212294711992,3.46,34031.28,0.827,0.08,571.52,0.031,3.97,68478.2,0.83,0.08,571.52,0.031,349799.11070525134,26.840951919555664,0.5345777642316899,1.81,7857.090000000001,0.732,0.07,287.64,0.027,2.8,33242.8,0.737,0.07,287.64,0.027
41,0,18500,18500.0,796190.2770872761,31.698772430419922,0.6352827719671146,1.19,11820.200000000003,0.833,0.07,607.24,0.032,3.49,70528.2,0.834,0.07,607.24,0.032,338123.29425871925,26.367162704467773,0.5262412750940738,1.73,7473.18,0.724,0.07,276.36,0.027,2.6,32537.6,0.736,0.07,276.36,0.027
41,0,19000,19000.0,779268.5459298738,32.067481994628906,0.6299040401111241,1.66,16656.87,0.83,0.07,618.52,0.032,3.43,68945.6,0.831,0.07,618.52,0.032,328222.6083621469,26.54688262939453,0.5154884467815596,1.56,7113.39,0.713,0.07,274.48,0.027,2.52,30602.4,0.725,0.07,274.48,0.027
41,0,19500,19500.0,762224.0472463225,32.297035217285156,0.6238027811111081,1.44,15591.569999999998,0.821,0.07,599.72,0.032,3.46,66403.6,0.826,0.07,599.72,0.032,320557.38507519837,26.537437438964844,0.5059689705987697,1.44,6289.29,0.684,0.06,250.04,0.026,2.42,28527.8,0.712,0.06,250.04,0.026
41,0,20000,20000.0,748827.2334273772,32.70204544067383,0.6185366486014927,1.94,20938.0,0.808,0.07,595.96,0.032,2.76,63025.2,0.818,0.07,595.96,0.032,317967.44046213856,27.17183494567871,0.49997226462112315,2.35,9163.8,0.688,0.06,242.52,0.026,2.27,26576.199999999997,0.695,0.06,242.52,0.026
