event_num,x,y,d,historical,historical,historical,historical,historical,historical,historical,historical,historical,historical,historical,historical,historical,historical,historical,future,future,future,future,future,future,future,future,future,future,future,future,future,future,future
,,,,basin discharge,basin discharge,basin discharge,Max_Specific_Discharge,Max_Specific_Discharge,Max_Specific_Discharge,Min_Specific_Discharge,Min_Specific_Discharge,Min_Specific_Discharge,Most_Urban_S27,Most_Urban_S27,Most_Urban_S27,Least_Urban_S28,Least_Urban_S28,Least_Urban_S28,basin discharge,basin discharge,basin discharge,Max_Specific_Discharge,Max_Specific_Discharge,Max_Specific_Discharge,Min_Specific_Discharge,Min_Specific_Discharge,Min_Specific_Discharge,Most_Urban_S27,Most_Urban_S27,Most_Urban_S27,Least_Urban_S28,Least_Urban_S28,Least_Urban_S28
,,,,total_discharge,max_discharge,runoff_coefficient,max_discharge,total_discharge,runoff_coefficient,max_discharge,total_discharge,runoff_coefficient,max_discharge,total_discharge,runoff_coefficient,max_discharge,total_discharge,runoff_coefficient,total_discharge,max_discharge,runoff_coefficient,max_discharge,total_discharge,runoff_coefficient,max_discharge,total_discharge,runoff_coefficient,max_discharge,total_discharge,runoff_coefficient,max_discharge,total_discharge,runoff_coefficient
01,0,-20000,20000.0,221719.47405933082,16.480119705200195,0.4633104561566578,1.26,7107.9,0.629,0.55,8483.09,0.123,1.79,15981.799999999997,0.586,0.06,193.64,0.032,319809.4640661254,54.01192855834961,0.49383993928976244,6.13,12873.1,0.815,0.15,394.8,0.046,7.04,29200.2,0.774,0.15,394.8,0.046
01,0,-19500,19500.0,225508.17011310393,14.338805198669434,0.46688734749050775,1.27,7154.300000000001,0.63,0.5,8412.25,0.123,1.79,16654.199999999997,0.594,0.06,210.56000000000003,0.033,322281.23863258434,54.824668884277344,0.4985714442192814,6.28,12945.6,0.817,0.18,407.96,0.047,7.55,29479.000000000004,0.78,0.18,407.96,0.047
01,0,-19000,19000.0,226169.19098735944,11.945122718811035,0.47034574415169805,0.81,4627.02,0.618,0.43,7880.95,0.119,1.72,17170.8,0.6,0.06,216.19999999999996,0.034,323879.4765109168,57.93852615356445,0.5095963536215194,7.5,11930.6,0.802,0.19,413.6000000000001,0.047,7.75,30061.199999999997,0.787,0.19,413.6000000000001,0.047
01,0,-18500,18500.0,222678.78851969,11.326767921447754,0.46859998165074845,0.82,4862.19,0.629,0.38,7207.970000000001,0.114,1.62,17548.0,0.605,0.05,235.0,0.035,321386.1180616728,59.64970397949219,0.5182892735049703,7.59,11855.2,0.801,0.21,441.8,0.049,7.79,30618.800000000003,0.793,0.21,441.8,0.049
01,0,-18000,18000.0,213600.97824987606,10.566723823547363,0.4629967692292925,1.43,9783.84,0.621,0.31,6145.37,0.105,1.5,17728.4,0.607,0.06,240.64,0.036,311152.9188204572,63.59729766845703,0.5201430529278531,4.26,7050.480000000001,0.799,0.23,447.44,0.049,7.51,31734.000000000004,0.797,0.23,447.44,0.049
01,0,-17500,17500.0,200857.22341976798,9.695260047912598,0.4519201135480246,0.58,5037.06,0.636,0.29,5011.93,0.093,1.36,17744.8,0.607,0.05,246.28,0.036,299805.8851591981,65.7063980102539,0.5219671013443387,5.28,8200.8,0.803,0.3,481.28,0.05,8.45,32726.199999999997,0.8,0.3,481.28,0.05
01,0,-17000,17000.0,183279.50702028722,8.629403114318848,0.43406820385902434,0.54,4942.59,0.631,0.22,3949.33,0.08,1.19,17384.0,0.602,0.05,250.04,0.036,278927.83233958465,66.49005889892578,0.5081173498486942,4.95,7569.659999999999,0.789,0.32,488.8,0.05,9.04,32513.0,0.798,0.32,488.8,0.05
01,0,-16500,16500.0,164570.58857533484,7.5729570388793945,0.4127393651709261,0.44,4671.24,0.618,0.18,2904.44,0.065,1.03,16769.0,0.594,0.02,244.4,0.036,261249.99396918618,66.30589294433594,0.4974687708135574,4.21,6214.92,0.751,0.34,471.87999999999994,0.05,9.51,32283.399999999998,0.795,0.34,471.87999999999994,0.05
01,0,-16000,16000.0,144165.66789003718,6.543054103851318,0.3852036869182188,0.82,9506.4,0.614,0.15,2355.43,0.056,0.85,15309.400000000001,0.573,0.02,244.4,0.036,240740.29621328696,63.36112594604492,0.4744434255484378,3.92,5831.01,0.738,0.35,468.12000000000006,0.05,8.89,29355.999999999996,0.779,0.35,468.12000000000006,0.05
01,0,-15500,15500.0,125250.89879261111,5.6172966957092285,0.35722436421835835,0.31,3672.27,0.558,0.12,1841.84,0.046,0.77,13636.6,0.545,0.02,212.43999999999997,0.033,225729.1893868661,61.374778747558594,0.458157696562109,3.4,4998.87,0.707,0.31,396.68,0.048,8.23,26584.4,0.761,0.31,396.68,0.048
01,0,-15000,15000.0,107651.86780869204,4.785219669342041,0.3254127617134871,0.57,7507.199999999999,0.556,0.13,1753.29,0.045,0.66,11463.6,0.501,0.02,203.04,0.033,213500.36460394695,59.377098083496094,0.43654488346793724,6.07,7400.8,0.717,0.3,372.24,0.047,7.7,24460.6,0.748,0.3,372.24,0.047
01,0,-14500,14500.0,94423.30388438166,4.078363418579102,0.30112303203310353,0.21,2420.04,0.451,0.14,1753.29,0.045,0.54,9421.8,0.452,0.02,150.4,0.028,205176.3114400927,58.64970779418945,0.4206814165758621,8.09,10630.16,0.738,0.28,321.48,0.045,7.48,22787.8,0.738,0.28,321.48,0.045
01,0,-14000,14000.0,84406.05746155471,3.6309831142425537,0.2782141421619849,0.4,4940.88,0.448,0.13,1930.3900000000003,0.049,0.44,7568.6,0.397,0.02,137.24,0.026,201525.50682826448,59.55539321899414,0.40823716887285016,7.61,8363.6,0.74,0.28,306.44,0.044,8.23,22008.8,0.733,0.28,306.44,0.044
01,0,-13500,13500.0,79591.43268491226,3.6506056785583496,0.2686479879568048,0.24,2407.11,0.382,0.01,86.48,0.019,0.4,6445.2,0.364,0.01,86.48,0.019,199646.76120770336,60.18160629272461,0.39895094527167074,9.59,11737.32,0.751,0.31,287.64,0.043,9.11,21500.4,0.732,0.31,287.64,0.043
01,0,-13000,13000.0,78298.68205592668,4.000753402709961,0.26469267247517625,0.28,2360.76,0.383,0.01,73.32,0.017,0.43,6100.8,0.358,0.01,73.32,0.017,201343.8346805636,62.602909088134766,0.3959620799140638,8.67,9132.1,0.752,0.32,285.76,0.044,9.91,21615.2,0.736,0.32,285.76,0.044
01,0,-12500,12500.0,80242.84744245077,4.378084659576416,0.2699225635853054,0.27,2410.2,0.387,0.01,60.16,0.015,0.47,5945.0,0.357,0.01,60.16,0.015,203535.34211782727,63.743961334228516,0.39454602580246323,8.74,9187.2,0.752,0.34,287.64,0.043,10.57,21623.4,0.737,0.34,287.64,0.043
01,0,-12000,12000.0,84352.5069986599,4.728899955749512,0.27934363953674435,0.28,2493.63,0.395,0.01,58.28,0.015,0.5,6010.6,0.36,0.01,58.28,0.015,209238.7669684699,65.28471374511719,0.40165657200783184,9.01,9601.9,0.755,0.35,287.64,0.043,11.08,21779.2,0.734,0.35,287.64,0.043
01,0,-11500,11500.0,89671.7519237017,5.075944423675537,0.29162021083389145,0.32,2619.76,0.394,0.01,58.28,0.015,0.56,6199.2,0.368,0.01,58.28,0.015,213612.63143505942,65.56962585449219,0.4073901437529334,9.03,9636.7,0.756,0.36,293.28,0.042,11.42,21787.4,0.729,0.36,293.28,0.042
01,0,-11000,11000.0,95967.86077228223,5.430395126342773,0.30514740032886206,0.34,2656.9399999999996,0.398,0.01,58.28,0.015,0.59,6568.2,0.379,0.01,58.28,0.015,219492.95344516804,66.19056701660156,0.4190651352816143,6.12,6253.11,0.747,0.37,295.16,0.042,11.78,22181.0,0.727,0.37,295.16,0.042
01,0,-10500,10500.0,102845.84949663945,5.805186748504639,0.31919420775519086,0.42,3125.98,0.437,0.01,63.92000000000001,0.016,0.6,6986.4,0.391,0.01,63.92000000000001,0.016,227669.43157040642,66.7548828125,0.4364389798138443,6.18,6436.020000000001,0.749,3.39,9899.89,0.142,12.0,22492.6,0.726,0.39,310.2,0.043
01,0,-10000,10000.0,110025.86880177647,6.526630878448486,0.33288935579790974,0.43,3208.92,0.443,0.01,67.68,0.016,0.62,7560.400000000001,0.411,0.01,67.68,0.016,233819.5017666461,66.50447082519531,0.45600785522121023,5.81,6339.54,0.743,2.86,9067.52,0.136,11.61,22681.2,0.725,0.39,313.96,0.043
01,0,-9500,9500.0,117075.39164205911,7.275791168212891,0.34506316329449477,0.4,2811.78,0.443,0.01,82.72,0.019,0.64,8068.8,0.428,0.01,82.72,0.019,239353.7160418494,65.95159912109375,0.47706514261465094,4.94,6132.51,0.733,2.22,8040.34,0.129,10.97,22730.4,0.724,0.39,319.6,0.043
01,0,-9000,9000.0,124250.42402320325,7.9048919677734375,0.3566118201055802,0.46,3042.92,0.461,0.01,88.36,0.02,0.67,8405.0,0.439,0.01,88.36,0.02,238591.91396280457,62.48048400878906,0.49283839035985233,9.16,12423.6,0.727,1.66,6924.61,0.12,9.46,22025.2,0.714,0.39,321.48,0.043
01,0,-8500,8500.0,131675.11705581663,8.281106948852539,0.36762942780156455,0.45,2462.4,0.456,0.01,95.88,0.021,0.73,8675.6,0.448,0.01,95.88,0.021,236183.2221026324,58.5873908996582,0.5080130425100919,3.42,5939.55,0.725,1.09,5773.46,0.109,8.06,21369.2,0.706,0.33,317.72,0.043
01,0,-8000,8000.0,140439.87220407464,8.38994312286377,0.37973990905141747,0.46,2566.08,0.465,0.01,97.76,0.022,0.85,9192.2,0.463,0.01,97.76,0.022,223042.61272154588,48.07707214355469,0.5016439481645163,6.27,11987.04,0.718,0.84,5100.48,0.102,7.28,21016.6,0.702,0.32,315.84,0.044
01,0,-7500,7500.0,150541.8267186304,8.278458595275879,0.3934696719462434,0.51,2846.88,0.489,0.02,105.28000000000002,0.023,0.95,9856.4,0.481,0.02,105.28000000000002,0.023,210844.6405835029,40.72330093383789,0.4965800980945458,9.53,26021.29,0.696,0.78,4498.34,0.094,6.5,20647.6,0.697,0.24,313.96,0.044
01,0,-7000,7000.0,162472.53254768625,8.26943588256836,0.40802535392458156,0.66,5305.3,0.571,0.02,109.03999999999999,0.023,1.01,10676.4,0.499,0.02,109.03999999999999,0.023,193550.35675613402,32.18464279174805,0.4756515297132493,3.37,10587.6,0.687,0.76,4427.5,0.093,5.37,19712.8,0.684,0.22,312.08,0.044
01,0,-6500,6500.0,175588.38320380103,8.970279693603516,0.42321042515406315,0.75,6037.46,0.608,0.02,124.08,0.025,1.06,11586.6,0.518,0.02,124.08,0.025,180071.60053845285,28.02056312561035,0.460572270240731,5.92,22741.92,0.662,0.73,4480.63,0.094,4.33,18802.6,0.672,0.1,272.6,0.04
01,0,-6000,6000.0,191276.51860313665,10.133259773254395,0.4424664924499287,0.42,1342.16,0.221,0.03,129.72,0.026,1.03,12505.0,0.536,0.03,129.72,0.026,167235.34457694652,24.03913688659668,0.44115635966893363,2.03,7886.639999999999,0.615,0.71,4675.44,0.097,3.54,16736.2,0.643,0.1,268.84,0.04
01,0,-5500,5500.0,206098.87596066424,11.649951934814453,0.45878283658357855,0.42,1342.16,0.221,0.02,148.52,0.028,1.17,13431.6,0.554,0.02,148.52,0.028,158641.99604248477,21.136817932128906,0.43009045359573356,1.31,5444.58,0.62,0.68,4887.96,0.1,2.96,14981.4,0.615,0.08,212.43999999999997,0.036
01,0,-5000,5000.0,219516.87063242611,13.171332359313965,0.4758986194414722,1.1,7102.1,0.648,0.02,154.16,0.028,1.41,14579.600000000002,0.575,0.02,154.16,0.028,153365.69218772635,18.86626625061035,0.4227617247671618,1.25,5089.23,0.603,0.06,197.4,0.035,2.67,13784.199999999999,0.593,0.06,197.4,0.035
01,0,-4500,4500.0,230141.69662774133,14.614715576171875,0.4894438426965053,1.17,7212.3,0.653,0.02,182.36,0.031,1.64,15694.8,0.595,0.02,182.36,0.031,150526.78748811278,17.263017654418945,0.42130619763466653,1.22,5002.71,0.597,0.04,161.68,0.031,2.45,12906.8,0.576,0.04,161.68,0.031
01,0,-4000,4000.0,234630.33058253452,15.847055435180664,0.4986341890417492,1.48,7774.9,0.67,0.03,189.88,0.032,1.85,17179.0,0.621,0.03,189.88,0.032,148850.47173673217,15.682516098022461,0.4214488131076596,1.19,4965.63,0.598,0.04,154.16,0.03,2.3,12578.8,0.569,0.04,154.16,0.03
01,0,-3500,3500.0,233975.1236376168,16.63504409790039,0.5008044149395758,1.51,7818.4,0.672,0.04,227.48,0.035,2.01,18540.2,0.643,0.04,227.48,0.035,147899.27415900695,14.2530517578125,0.4232381710860239,1.11,4706.7,0.575,0.03,146.64,0.029,2.16,12480.4,0.568,0.03,146.64,0.029
01,0,-3000,3000.0,227417.34400889833,16.62685775756836,0.4980626925382981,0.85,4517.04,0.664,0.04,240.64,0.036,2.11,19647.2,0.658,0.04,240.64,0.036,146557.02194835144,12.846763610839844,0.42363677871356875,1.09,4872.93,0.592,0.04,146.64,0.029,2.03,12578.8,0.571,0.04,146.64,0.029
01,0,-2500,2500.0,216785.46919598663,16.29222869873047,0.4881718172111638,1.08,5296.35,0.669,0.56,5029.64,0.097,2.15,20327.8,0.667,0.06,272.6,0.039,144017.21160259165,11.709081649780273,0.4213123694522452,0.76,3161.73,0.571,0.04,152.28,0.03,1.9,12529.6,0.57,0.04,152.28,0.03
01,0,-2000,2000.0,201509.19529479826,15.128350257873535,0.47193635520703336,0.92,5053.14,0.658,0.47,4498.34,0.091,2.13,19712.8,0.66,0.07,282.0,0.039,140904.43011152785,11.138185501098633,0.41602791399792394,0.67,3079.32,0.565,0.04,154.16,0.03,1.77,12177.0,0.566,0.04,154.16,0.03
01,0,-1500,1500.0,185350.28911258603,13.641434669494629,0.45356798931209363,0.79,4436.07,0.626,0.56,3931.6200000000003,0.084,2.07,18687.8,0.647,0.07,272.6,0.039,137997.8915291682,10.952991485595703,0.4105229770785166,0.68,3000.24,0.547,0.04,148.52,0.03,1.65,11799.8,0.562,0.04,148.52,0.03
01,0,-1000,1000.0,167762.38031184822,11.722797393798828,0.43129213285902734,0.76,4112.46,0.607,0.62,3542.0,0.078,1.99,16777.2,0.622,0.08,270.72,0.039,136408.1416572106,10.875327110290527,0.4041051163964026,0.68,2933.28,0.54,0.05,148.52,0.03,1.56,11627.6,0.56,0.05,148.52,0.03
01,0,-500,500.0,152054.0933679601,9.530940055847168,0.41164701053376324,0.69,3439.11,0.563,0.05,218.07999999999998,0.035,1.89,15047.000000000002,0.597,0.05,218.07999999999998,0.035,136960.99685374147,10.791075706481934,0.4019087508276355,1.16,5881.12,0.573,0.04,142.88,0.03,1.47,11562.0,0.561,0.04,142.88,0.03
01,0,0,0.0,137317.8726016643,8.927957534790039,0.3888760313141036,1.28,6964.56,0.559,0.04,204.92000000000002,0.034,1.67,13833.4,0.575,0.04,204.92000000000002,0.034,141039.2193015806,12.489078521728516,0.40683794780497884,1.67,6450.72,0.595,0.04,142.88,0.03,1.43,11111.0,0.551,0.04,142.88,0.03
01,0,500,500.0,125734.09351971219,9.056253433227539,0.37142225148146735,2.05,15031.22,0.539,0.03,169.2,0.03,1.43,13062.6,0.56,0.03,169.2,0.03,148372.24526598793,15.479620933532715,0.41958828633707757,1.62,4498.78,0.576,0.03,127.84000000000002,0.028,1.4,10709.2,0.541,0.03,127.84000000000002,0.028
01,0,1000,1000.0,116005.84195924879,8.94379997253418,0.3534986664143686,0.44,2756.16,0.488,0.28,2514.82,0.061,0.98,12259.0,0.542,0.03,159.8,0.029,158057.58884746177,20.897327423095703,0.43599692672014767,1.7,4630.5,0.592,0.03,124.08,0.027,1.42,10463.2,0.534,0.03,124.08,0.027
01,0,1500,1500.0,108749.18390942403,8.474516868591309,0.3402667758738484,0.48,2356.56,0.449,0.2,2461.69,0.06,0.97,11545.6,0.526,0.03,139.12,0.027,166886.02435535245,26.239797592163086,0.4481763153209087,2.17,5270.98,0.626,0.04,120.32,0.027,1.43,10356.6,0.531,0.04,120.32,0.027
01,0,2000,2000.0,104035.53880409927,8.046660423278809,0.32881248434217103,0.44,2272.32,0.44,0.24,2727.34,0.065,1.01,10471.4,0.503,0.03,133.48,0.026,176965.55281202233,30.39505958557129,0.4616796302864545,1.97,4688.84,0.623,0.04,118.44,0.026,1.36,11283.2,0.55,0.04,118.44,0.026
01,0,2500,2500.0,103186.67809096296,7.160915374755859,0.3264636800292482,0.34,2040.15,0.428,0.03,110.92,0.024,0.94,9372.6,0.477,0.03,110.92,0.024,187499.9672283171,32.347415924072266,0.47485619792224515,1.81,3756.24,0.61,0.06,144.76,0.029,1.68,12226.2,0.571,0.06,144.76,0.029
01,0,3000,3000.0,107223.77168236999,6.642824172973633,0.33034606189795257,0.24,851.2,0.177,0.03,103.40000000000002,0.022,0.77,8675.6,0.458,0.03,103.40000000000002,0.022,197726.04234713834,32.55129623413086,0.4904845353060067,1.9,3875.0400000000004,0.62,0.07,152.28,0.03,2.54,13185.599999999999,0.593,0.07,152.28,0.03
01,0,3500,3500.0,115779.35470544071,6.8130927085876465,0.3435610385908489,0.64,4887.74,0.555,0.03,86.48,0.02,0.67,8158.999999999999,0.445,0.03,86.48,0.02,208178.58377801464,32.39296340942383,0.5073506770428847,2.09,4201.2,0.65,0.1,178.6,0.034,3.43,14194.199999999999,0.618,0.1,178.6,0.034
01,0,4000,4000.0,129447.76874591262,7.083785057067871,0.3636207445202661,0.77,5122.26,0.567,0.02,82.72,0.02,0.67,8052.4,0.44,0.02,82.72,0.02,216534.71817146766,29.744449615478516,0.5225740869181223,2.04,4382.64,0.661,0.11,186.12,0.034,3.87,15071.6,0.638,0.11,186.12,0.034
01,0,4500,4500.0,145734.4746830773,7.4579291343688965,0.3866934453094018,1.3,6257.68,0.615,0.01,78.96,0.019,0.67,8126.2,0.441,0.01,78.96,0.019,221935.52574601746,26.356298446655273,0.5322825395303789,2.6,6859.8,0.707,1.09,6924.61,0.129,4.26,16088.4,0.659,0.12,204.92000000000002,0.037
01,0,5000,5000.0,163314.57343627862,9.475642204284668,0.4126181628357749,1.35,6392.1,0.62,0.01,78.96,0.019,0.71,8864.2,0.46,0.01,78.96,0.019,223785.86662057578,21.076826095581055,0.536745093062674,2.47,7511.79,0.73,1.09,6924.61,0.129,3.96,17425.0,0.681,0.13,210.56000000000003,0.038
01,0,5500,5500.0,180241.05566692125,10.57320785522461,0.4374973705818036,0.97,5407.66,0.61,0.02,95.88,0.021,0.85,9971.2,0.488,0.02,95.88,0.021,223238.92282442193,20.001686096191406,0.5369686697269195,2.13,7653.93,0.737,0.11,236.88,0.04,3.67,18884.6,0.702,0.11,236.88,0.04
01,0,6000,6000.0,191746.4482863943,11.666488647460938,0.455091849688961,1.09,6168.3,0.609,0.03,99.64,0.022,0.86,12152.4,0.538,0.03,99.64,0.022,220235.76222596312,20.489046096801758,0.5354916917619129,1.75,7817.7,0.745,0.97,6694.38,0.127,3.01,19294.6,0.711,0.11,242.52,0.04
01,0,6500,6500.0,197805.3276483288,13.26207447052002,0.46301728808411435,0.64,3012.8,0.617,0.02,150.4,0.028,1.07,14448.4,0.58,0.02,150.4,0.028,216094.73186755786,20.62677764892578,0.5321075975760555,1.46,7545.780000000001,0.739,0.09,248.16,0.041,2.43,19614.4,0.717,0.09,248.16,0.041
01,0,7000,7000.0,198234.5710335034,12.097381591796875,0.4639188971499061,1.6,7416.0,0.665,0.02,165.44,0.03,1.85,16777.2,0.616,0.02,165.44,0.03,211426.48327265852,20.87394905090332,0.525657339797931,0.95,4546.8,0.686,0.08,250.04,0.041,2.21,18991.2,0.712,0.08,250.04,0.041
01,0,7500,7500.0,194080.32538887972,11.697662353515625,0.4560707320004755,1.29,7103.909999999999,0.655,0.07,223.72,0.035,2.51,18696.0,0.641,0.07,223.72,0.035,206510.24101978238,21.23528480529785,0.5188377066556507,1.09,4482.0,0.685,0.06,235.0,0.04,2.15,18318.8,0.706,0.06,235.0,0.04
01,0,8000,8000.0,186943.6335067173,12.862845420837402,0.446046194719795,1.24,8767.92,0.61,0.66,5295.29,0.099,2.11,18474.6,0.638,0.08,242.52,0.037,202679.9739540816,21.85496711730957,0.5091195516864045,1.41,5544.8,0.648,0.06,231.24,0.04,2.26,17933.4,0.702,0.06,231.24,0.04
01,0,8500,8500.0,178889.24534255578,13.524274826049805,0.43406366432044946,0.66,4892.3,0.55,0.05,238.76,0.036,1.45,17687.4,0.627,0.05,238.76,0.036,199954.0811582926,22.629844665527344,0.5006165113830742,1.8,8070.520000000001,0.659,0.07,227.48,0.04,2.35,17457.8,0.697,0.07,227.48,0.04
01,0,9000,9000.0,172200.06527387074,13.548521041870117,0.42362988083992126,0.38,2865.78,0.545,0.05,238.76,0.036,1.09,15817.8,0.6,0.05,238.76,0.036,200037.92576601173,23.873550415039062,0.4961946003142134,1.94,6272.7,0.662,0.07,227.48,0.04,2.13,16785.4,0.687,0.07,227.48,0.04
01,0,9500,9500.0,169179.7267002567,13.144289016723633,0.4203932174178691,0.47,3354.6900000000005,0.55,0.03,191.76,0.032,1.19,14087.6,0.571,0.03,191.76,0.032,203185.06594900243,24.8854923248291,0.49775536638691903,1.98,6342.3,0.664,0.07,216.19999999999996,0.039,1.9,16063.8,0.676,0.07,216.19999999999996,0.039
01,0,10000,10000.0,169124.90395958093,13.928683280944824,0.4201176222129855,0.67,4644.64,0.54,0.04,178.6,0.031,1.22,13612.000000000002,0.561,0.04,178.6,0.031,208755.47850313957,25.919132232666016,0.5055892915045976,2.3,7136.9,0.696,0.07,212.43999999999997,0.039,1.73,15112.6,0.656,0.07,212.43999999999997,0.039
01,0,10500,10500.0,170319.51391599985,15.910709381103516,0.4224358893059976,0.77,4787.64,0.551,0.04,169.2,0.03,1.21,13357.8,0.555,0.04,169.2,0.03,214439.95029702497,26.75388526916504,0.5143395952595368,2.33,7200.699999999999,0.699,0.06,193.64,0.037,1.76,14218.8,0.636,0.06,193.64,0.037
01,0,11000,11000.0,171097.44666985096,18.62155532836914,0.425898481278863,0.8,4796.22,0.552,0.04,167.32,0.03,1.1,13259.400000000001,0.552,0.04,167.32,0.03,219215.83990807773,28.9930477142334,0.5233742238041664,2.4,7218.1,0.704,0.06,186.12,0.036,1.94,14669.8,0.636,0.06,186.12,0.036
01,0,11500,11500.0,170652.6384299111,20.12140655517578,0.42797314282883653,0.82,5202.6,0.564,0.04,165.44,0.03,1.09,13251.2,0.552,0.04,165.44,0.03,220846.20351341018,30.400094985961914,0.5278954353575597,2.4,7223.9,0.704,0.1,203.04,0.037,2.13,15219.199999999999,0.641,0.1,203.04,0.037
01,0,12000,12000.0,167866.5876285907,20.009782791137695,0.427722526483077,0.63,3648.24,0.556,0.04,163.56,0.03,1.34,13628.4,0.56,0.04,163.56,0.03,219205.3113690149,30.911954879760742,0.5280003761298376,1.66,4878.27,0.703,0.1,208.68000000000004,0.037,2.31,16375.399999999998,0.661,0.1,208.68000000000004,0.037
01,0,12500,12500.0,163650.74557233782,19.49126434326172,0.42513793311130654,0.64,3823.2,0.571,0.05,171.08,0.03,1.61,14087.6,0.571,0.05,171.08,0.03,215936.64279177279,31.241840362548828,0.5244296328836836,1.69,4890.33,0.706,0.12,242.52,0.04,2.48,17482.4,0.681,0.12,242.52,0.04
01,0,13000,13000.0,157646.38464944673,18.675783157348633,0.41853671054147634,0.89,5731.95,0.607,0.47,3949.33,0.085,1.74,14472.999999999998,0.579,0.05,172.96,0.03,212259.1432746021,31.203271865844727,0.5196128347068125,1.65,4667.22,0.696,0.12,251.92000000000002,0.041,2.53,17662.8,0.684,0.12,251.92000000000002,0.041
01,0,13500,13500.0,151186.35760479647,16.940587997436523,0.40993960117287503,0.63,3475.44,0.55,0.05,182.36,0.031,1.76,14727.2,0.585,0.05,182.36,0.031,209090.19464351767,31.564470291137695,0.5144929563750279,1.55,4142.61,0.673,0.12,253.80000000000004,0.041,2.58,17654.6,0.685,0.12,253.80000000000004,0.041
01,0,14000,14000.0,144995.17221293453,14.525572776794434,0.40000798322385234,0.88,5120.13,0.581,0.04,186.12,0.032,1.77,14071.2,0.575,0.04,186.12,0.032,208500.50163168242,32.4952278137207,0.511418112135192,1.52,4092.36,0.672,0.12,253.80000000000004,0.042,2.55,16309.8,0.669,0.12,253.80000000000004,0.042
01,0,14500,14500.0,140836.4088183187,12.140027046203613,0.39381869650609747,1.99,14873.290000000003,0.532,0.04,171.08,0.03,1.75,13284.0,0.562,0.04,171.08,0.03,211909.6505209766,33.846107482910156,0.5150441617255563,1.47,4007.9400000000005,0.672,0.12,212.43999999999997,0.038,2.56,15161.799999999997,0.656,0.12,212.43999999999997,0.038
01,0,15000,15000.0,139319.3313811107,10.525349617004395,0.3914146209850944,0.75,5593.68,0.504,0.04,167.32,0.03,1.36,12103.2,0.539,0.04,167.32,0.03,219762.36177234555,35.272308349609375,0.5205851347139562,1.46,4106.43,0.678,0.11,201.16,0.037,2.6,14940.399999999998,0.655,0.11,201.16,0.037
01,0,15500,15500.0,140537.63147446516,9.02280044555664,0.39515421952812596,0.33,2516.52,0.491,0.03,137.24,0.027,0.95,11070.0,0.518,0.03,137.24,0.027,228338.88007531993,36.56282424926758,0.5255536944810807,1.62,4315.68,0.675,0.11,199.28,0.038,2.7,14965.0,0.657,0.11,199.28,0.038
01,0,16000,16000.0,143416.96256815104,7.9140825271606445,0.40103183747582205,0.51,4231.1,0.535,0.02,129.72,0.026,0.73,10832.2,0.515,0.02,129.72,0.026,238467.88128632732,37.81590270996094,0.5305203634155317,1.66,4458.24,0.683,0.11,197.4,0.038,2.82,15637.4,0.668,0.11,197.4,0.038
01,0,16500,16500.0,146636.02837413736,7.08735466003418,0.4081077251739038,0.52,4257.2,0.536,0.02,124.08,0.026,0.68,10840.4,0.517,0.02,124.08,0.026,247382.65554084806,38.569664001464844,0.5326530575831534,1.77,4877.28,0.703,0.11,216.19999999999996,0.039,2.96,16383.6,0.68,0.11,216.19999999999996,0.039
01,0,17000,17000.0,148644.21488854534,7.109065532684326,0.413731367051344,0.7,4466.0,0.548,0.02,124.08,0.026,0.67,11480.0,0.533,0.02,124.08,0.026,255467.47707146002,39.52204895019531,0.5357706737043386,1.82,4991.76,0.707,0.11,219.96,0.039,3.15,17433.2,0.693,0.11,219.96,0.039
01,0,17500,17500.0,148227.24818290622,9.083449363708496,0.4142763181042195,0.69,3896.36,0.544,0.02,141.0,0.028,0.65,12160.6,0.549,0.02,141.0,0.028,263602.1871639514,40.19664764404297,0.5391257287397244,1.95,5356.8,0.719,0.12,242.52,0.041,3.34,18507.4,0.707,0.12,242.52,0.041
01,0,18000,18000.0,145047.88762903027,9.789037704467773,0.41085911389966984,0.5,2695.26,0.55,0.02,144.76,0.029,0.66,12652.6,0.559,0.02,144.76,0.029,271183.66010720213,40.87314987182617,0.546269408191382,3.27,11203.32,0.747,0.12,248.16,0.041,3.66,19409.4,0.714,0.12,248.16,0.041
01,0,18500,18500.0,140229.27912586308,9.755427360534668,0.4042976183172685,0.73,3315.6,0.55,0.37,3435.74,0.08,0.82,13046.2,0.567,0.04,157.92,0.03,277247.7132331625,40.982139587402344,0.5516460888188198,3.42,10793.92,0.739,0.12,270.72,0.042,3.98,20336.0,0.722,0.12,270.72,0.042
01,0,19000,19000.0,132827.7000734742,8.977313995361328,0.393223763328536,0.68,3196.8,0.54,0.31,3116.96,0.075,0.96,12956.0,0.565,0.05,161.68,0.031,281386.60001901945,40.844749450683594,0.5592570591624089,3.38,10163.8,0.728,0.12,276.36,0.043,4.27,21205.2,0.73,0.12,276.36,0.043
01,0,19500,19500.0,123958.61401751784,7.862444877624512,0.3784983985572844,0.54,2828.07,0.527,0.3,2798.18,0.069,1.02,12685.4,0.56,0.06,159.8,0.03,282273.0782625767,40.231544494628906,0.5636890344974417,3.38,9786.44,0.721,0.12,300.8,0.044,4.49,21902.2,0.736,0.12,300.8,0.044
01,0,20000,20000.0,113927.29847990253,6.500429153442383,0.36085710254261966,0.47,2715.51,0.517,0.1,1480.0,0.12,0.85,11865.4,0.543,0.06,159.8,0.03,277898.35881461645,39.217655181884766,0.5655015541220015,2.65,7690.8,0.724,0.12,308.32,0.044,4.46,22853.4,0.743,0.12,308.32,0.044
02,0,-20000,20000.0,1171977.7642871195,22.50507354736328,0.6749147109118799,0.8,14912.8,0.823,0.11,1368.64,0.054,3.35,90290.2,0.829,0.11,1368.64,0.054,991725.2887697471,25.647424697875977,0.6739056310331587,1.73,45710.78,0.703,0.1,1167.48,0.054,2.68,77112.8,0.831,0.1,1167.48,0.054
02,0,-19500,19500.0,1169470.7797065843,25.495935440063477,0.6739563508815287,1.67,55678.33,0.711,0.08,1308.48,0.053,3.06,87953.2,0.825,0.08,1308.48,0.053,985687.2947191402,26.25945472717285,0.6711860361051072,1.95,45788.53,0.704,0.07,1139.28,0.053,3.01,76916.0,0.829,0.07,1139.28,0.053
02,0,-19000,19000.0,1168392.03123349,27.911113739013672,0.6725566246799711,1.8,56222.58,0.712,0.08,1293.44,0.053,2.31,86887.2,0.823,0.08,1293.44,0.053,989873.746160001,27.41948127746582,0.6688652675249743,2.14,46715.31,0.709,0.07,1133.64,0.053,2.4,75817.2,0.825,0.07,1133.64,0.053
02,0,-18500,18500.0,1171049.0745471208,28.949541091918945,0.6725449349916611,1.82,55995.55,0.712,0.06,1263.36,0.053,1.81,86378.8,0.821,0.06,1263.36,0.053,998618.1015690103,28.58115005493164,0.6667187703846825,2.37,47872.23,0.712,0.05,1105.44,0.053,2.07,74620.0,0.822,0.05,1105.44,0.053
02,0,-18000,18000.0,1174278.2438885712,29.520103454589844,0.6725896662313056,1.93,55535.27,0.711,0.06,1255.84,0.052,2.09,88002.4,0.823,0.06,1255.84,0.052,1021286.8831525147,30.173786163330078,0.6671448546316466,2.57,50500.18,0.722,0.05,1097.92,0.052,2.12,73144.0,0.818,0.05,1097.92,0.052
02,0,-17500,17500.0,1175199.7489082888,30.023067474365234,0.6720945216183346,2.04,55062.55,0.71,0.06,1293.44,0.053,2.34,89757.2,0.826,0.06,1293.44,0.053,1051768.540509876,32.19981002807617,0.6700150937469053,2.85,52985.07,0.728,0.05,1060.32,0.052,2.32,71996.0,0.814,0.05,1060.32,0.052
02,0,-17000,17000.0,1169650.89840696,32.328182220458984,0.6716590501706468,2.12,30389.1,0.814,0.07,1304.72,0.053,2.64,90126.2,0.824,0.07,1304.72,0.053,1089914.4510024802,34.406089782714844,0.6743080773861855,3.26,56829.03,0.738,0.06,1049.04,0.052,2.65,73463.8,0.817,0.06,1049.04,0.052
02,0,-16500,16500.0,1159250.7348353188,33.97624969482422,0.6705043689169797,2.16,30339.8,0.814,0.07,1316.0,0.052,2.88,89839.2,0.821,0.07,1316.0,0.052,1126652.6689408284,36.243282318115234,0.6777219803377723,3.57,59640.47,0.744,0.06,1079.12,0.052,2.99,75522.0,0.821,0.06,1079.12,0.052
02,0,-16000,16000.0,1143310.0459401351,35.313568115234375,0.6699323816185992,1.31,18362.22,0.815,0.07,1321.64,0.052,2.88,89839.2,0.82,0.07,1321.64,0.052,1162857.4064823594,38.6239128112793,0.683219066636877,3.91,62427.03,0.749,0.06,1088.52,0.052,3.38,78859.4,0.829,0.06,1088.52,0.052
02,0,-15500,15500.0,1127143.3437372064,35.40946578979492,0.6699713597520293,1.58,21203.49,0.816,0.07,1312.24,0.052,2.92,90364.0,0.821,0.07,1312.24,0.052,1193072.1180554493,40.47414016723633,0.6864960630521015,4.17,63447.11,0.75,0.07,1161.84,0.053,3.76,82483.8,0.837,0.07,1161.84,0.053
02,0,-15000,15000.0,1109002.8414407251,33.366886138916016,0.668092753238295,1.58,21078.87,0.815,0.08,1310.36,0.052,3.36,89806.4,0.82,0.08,1310.36,0.052,1223343.4603966018,42.76060104370117,0.6899963027530469,4.32,63562.18,0.748,0.07,1184.4,0.053,4.19,87207.0,0.845,0.07,1184.4,0.053
02,0,-14500,14500.0,1093511.2024476752,29.522342681884766,0.6665628255774301,1.58,20793.45,0.814,0.89,36553.44,0.174,3.79,89445.6,0.82,0.1,1287.8,0.052,1246769.657977134,43.417999267578125,0.688759369885024,4.31,63235.630000000005,0.746,0.09,1299.08,0.055,4.57,91610.4,0.853,0.09,1299.08,0.055
02,0,-14000,14000.0,1081997.5582913407,23.40036392211914,0.6634279529858806,2.92,42007.68,0.81,0.99,37244.13,0.175,3.7,87699.0,0.818,0.11,1282.16,0.052,1274407.561796398,43.381324768066406,0.6894933992118365,4.02,64296.14,0.748,0.09,1332.92,0.055,4.97,94341.0,0.857,0.09,1332.92,0.055
02,0,-13500,13500.0,1075942.385048687,17.49535369873047,0.6617247785378212,4.84,94535.04,0.803,0.11,1253.96,0.052,3.51,85476.8,0.815,0.11,1253.96,0.052,1299019.668654,43.496299743652344,0.6883334084558618,3.73,66358.07,0.751,0.1,1400.6,0.055,5.33,96153.2,0.86,0.1,1400.6,0.055
02,0,-13000,13000.0,1077766.3768927858,18.154869079589844,0.6605948400425169,1.68,39706.56,0.801,0.11,1246.44,0.052,2.61,82656.0,0.811,0.11,1246.44,0.052,1327112.9257896985,44.213687896728516,0.6909233524073761,3.38,69200.61,0.756,0.11,1419.4,0.055,5.57,95612.0,0.859,0.11,1419.4,0.055
02,0,-12500,12500.0,1086196.5536251897,20.114425659179688,0.6618826434155713,1.09,30813.64,0.815,0.07,1180.64,0.051,1.74,80064.8,0.806,0.07,1180.64,0.051,1357038.5704691168,44.30794143676758,0.6950896116818998,3.15,71107.04,0.759,0.12,1402.48,0.055,5.69,95038.0,0.858,0.12,1402.48,0.055
02,0,-12000,12000.0,1102183.1779474276,22.134458541870117,0.6645105066953335,1.35,52120.49,0.702,0.06,1161.84,0.051,1.38,79597.4,0.806,0.06,1161.84,0.051,1386590.24984675,43.86692428588867,0.7001807789722028,2.0,24485.82,0.864,0.12,1396.84,0.055,5.42,97530.8,0.861,0.12,1396.84,0.055
02,0,-11500,11500.0,1121783.9172714797,23.696130752563477,0.6684020062039105,1.57,31748.86,0.821,0.04,1144.92,0.051,1.48,79892.6,0.807,0.04,1144.92,0.051,1412837.673251352,43.32155990600586,0.7042800761336243,1.97,26172.21,0.872,0.13,1447.6,0.055,5.07,100860.0,0.865,0.13,1447.6,0.055
02,0,-11000,11000.0,1142904.5575072698,24.831058502197266,0.6723330104919364,1.65,31880.42,0.822,0.04,1141.16,0.051,1.62,81778.6,0.81,0.04,1141.16,0.051,1433378.8077476074,42.63832092285156,0.7082751968796581,3.01,39666.2,0.872,0.13,1464.52,0.056,4.66,105624.2,0.87,0.13,1464.52,0.056
02,0,-10500,10500.0,1162517.8914638264,25.7764949798584,0.6752429405276676,2.14,32698.38,0.828,0.04,1182.52,0.051,1.79,83959.8,0.814,0.04,1182.52,0.051,1445383.3764373343,43.72663116455078,0.7093352507809687,3.03,39695.2,0.872,0.12,1584.84,0.056,4.69,109757.0,0.875,0.12,1584.84,0.056
02,0,-10000,10000.0,1180177.4481506785,26.846797943115234,0.6786743988753466,2.21,32827.08,0.829,0.04,1195.68,0.051,2.01,86247.6,0.818,0.04,1195.68,0.051,1446873.7020995861,44.807186126708984,0.7102281574121263,3.37,73243.61,0.763,0.13,1701.4000000000003,0.059,4.88,110921.40000000001,0.875,0.13,1701.4000000000003,0.059
02,0,-9500,9500.0,1193741.4879640592,27.932126998901367,0.6803674889918796,2.19,33390.5,0.832,0.05,1250.2,0.052,2.27,88240.2,0.822,0.05,1250.2,0.052,1443897.2663227234,44.7509651184082,0.7103955681633425,3.57,72845.53,0.763,0.14,1895.04,0.065,5.03,111273.99999999999,0.876,0.14,1895.04,0.065
02,0,-9000,9000.0,1203435.0906053383,28.833641052246094,0.6827336698559818,2.16,33450.56,0.833,0.06,1267.12,0.052,2.67,89675.2,0.824,0.06,1267.12,0.052,1434851.4288584676,44.87257766723633,0.7102586402181821,3.63,71383.83,0.761,0.14,1951.4400000000003,0.067,5.23,110519.6,0.874,0.14,1951.4400000000003,0.067
02,0,-8500,8500.0,1209930.0116487867,29.71500015258789,0.6844549890676949,1.65,24207.12,0.831,0.07,1302.84,0.053,3.15,90880.6,0.827,0.07,1302.84,0.053,1425065.6892241146,44.48700714111328,0.7104205253400282,3.53,70105.62,0.76,0.13,1757.8,0.061,5.45,109716.00000000001,0.873,0.13,1757.8,0.061
02,0,-8000,8000.0,1214223.6565242666,30.413633346557617,0.6865167522283165,2.51,35819.28,0.841,0.07,1314.12,0.053,3.66,91938.4,0.829,0.07,1314.12,0.053,1415301.9124957742,44.30271911621094,0.7097135512796406,3.2,68867.84,0.758,0.12,1710.8,0.059,5.36,109412.6,0.874,0.12,1710.8,0.059
02,0,-7500,7500.0,1217712.8394993197,30.853652954101562,0.6880249378522861,1.78,24634.8,0.835,0.09,1334.8,0.053,4.17,93094.6,0.832,0.09,1334.8,0.053,1408378.7096657956,43.04869079589844,0.7098301390753415,2.98,68326.7,0.757,0.11,1648.76,0.057,5.12,109543.8,0.875,0.11,1648.76,0.057
02,0,-7000,7000.0,1225881.5056842926,30.145248413085938,0.689278474763475,2.56,36511.44,0.845,0.1,1340.44,0.053,4.26,93972.0,0.834,0.1,1340.44,0.053,1404110.7883660793,40.13505172729492,0.7086208718471861,3.29,68976.69,0.759,0.1,1639.3600000000001,0.057,5.09,109117.4,0.875,0.1,1639.3600000000001,0.057
02,0,-6500,6500.0,1238292.17072163,28.748565673828125,0.6908377402216769,2.05,36279.69,0.845,0.11,1361.12,0.053,4.24,94775.6,0.836,0.11,1361.12,0.053,1404626.973021969,40.997032165527344,0.7082823998601379,3.51,70149.16,0.761,0.11,1613.04,0.057,5.2,108682.8,0.875,0.11,1613.04,0.057
02,0,-6000,6000.0,1264115.6128857576,27.704345703125,0.6938933886133681,2.03,43990.56,0.825,0.11,1366.76,0.053,3.54,94390.2,0.836,0.11,1366.76,0.053,1409402.5806094194,42.647918701171875,0.7057947960539733,3.77,72117.79,0.765,0.11,1609.28,0.057,4.82,107215.0,0.873,0.11,1609.28,0.057
02,0,-5500,5500.0,1297165.4895082698,28.708452224731445,0.6974982765677165,1.63,38650.03999999999,0.856,0.08,1359.24,0.053,2.72,93808.0,0.835,0.08,1359.24,0.053,1420756.4497522335,43.514198303222656,0.7041930137179472,3.94,73489.3,0.768,0.1,1573.5599999999997,0.056,4.33,105673.4,0.871,0.1,1573.5599999999997,0.056
02,0,-5000,5000.0,1346141.5537595588,29.652315139770508,0.7022226890575901,1.7,39282.1,0.858,0.08,1357.36,0.054,2.17,93061.8,0.834,0.08,1357.36,0.054,1442614.687718206,45.303466796875,0.7020908893597614,4.3,76226.1,0.774,0.1,1564.16,0.056,4.28,104878.0,0.869,0.1,1564.16,0.056
02,0,-4500,4500.0,1399173.4097637308,30.46272850036621,0.7058659979613219,2.36,43303.26,0.87,0.06,1338.56,0.053,2.22,92578.0,0.834,0.06,1338.56,0.053,1468965.4123827044,46.28361892700195,0.7006779877093746,4.66,78595.92,0.777,0.11,1547.24,0.056,4.41,104418.8,0.868,0.11,1547.24,0.056
02,0,-4000,4000.0,1458641.446476127,30.334150314331055,0.7082749621111158,2.51,43943.9,0.872,0.06,1334.8,0.053,2.34,94939.6,0.838,0.06,1334.8,0.053,1500936.8499457724,47.69792938232422,0.7007650611876824,4.93,82682.46,0.784,0.11,1543.4800000000002,0.056,4.59,105993.19999999998,0.87,0.11,1543.4800000000002,0.056
02,0,-3500,3500.0,1514988.3559862117,31.187400817871094,0.7083796680603868,2.63,46515.03999999999,0.879,0.06,1387.44,0.054,2.53,97940.8,0.843,0.06,1387.44,0.054,1531980.7648998068,47.27048110961914,0.7012003099763116,5.0,85867.1,0.789,0.12,1582.96,0.056,4.76,107739.79999999999,0.872,0.12,1582.96,0.056
02,0,-3000,3000.0,1571620.1387992187,32.86669921875,0.7095882648200558,3.48,80549.0,0.771,0.07,1402.48,0.054,2.98,103557.8,0.85,0.07,1402.48,0.054,1563116.617003508,46.618412017822266,0.7066542357640956,4.45,87773.53,0.79,0.12,1596.12,0.056,5.16,110765.60000000002,0.875,0.12,1596.12,0.056
02,0,-2500,2500.0,1623798.1945185724,35.0024299621582,0.7097264932485047,3.88,82977.91,0.775,0.08,1530.32,0.055,3.53,109396.2,0.858,0.08,1530.32,0.055,1587384.5945431185,46.45252990722656,0.7113348706538797,3.87,87848.17000000001,0.79,0.13,1876.24,0.064,5.59,114217.8,0.878,0.13,1876.24,0.064
02,0,-2000,2000.0,1673845.7148793691,41.24095916748047,0.7140291912361678,4.04,85369.5,0.778,0.08,1567.92,0.055,4.12,116423.59999999999,0.866,0.08,1567.92,0.055,1602240.078730781,48.7646484375,0.718794490258923,2.11,27192.72,0.891,0.13,2019.12,0.068,6.06,118424.39999999998,0.882,0.13,2019.12,0.068
02,0,-1500,1500.0,1715582.7525772166,45.745304107666016,0.71735092404616,3.96,86513.98,0.779,0.1,2444.0,0.079,5.38,123073.8,0.872,0.1,2444.0,0.079,1610268.245296555,50.1594352722168,0.7263177748575863,2.71,33531.840000000004,0.892,0.13,2793.68,0.09,6.45,122417.8,0.886,0.13,2793.68,0.09
02,0,-1000,1000.0,1750659.545104853,50.14384460449219,0.7253476633757328,3.53,86940.05,0.779,0.11,2823.76,0.089,6.34,128420.20000000001,0.877,0.11,2823.76,0.089,1594916.4198611332,46.63235092163086,0.7304188528595916,1.67,21646.8,0.89,0.14,3023.0399999999995,0.096,6.53,124951.6,0.888,0.14,3023.0399999999995,0.096
02,0,-500,500.0,1778137.66857302,51.15761184692383,0.7329711573195067,2.15,36069.84,0.886,0.12,3987.48,0.119,6.87,132815.4,0.881,0.12,3987.48,0.119,1569914.7933850177,41.284912109375,0.7328665996840255,3.76,74627.56,0.768,0.16,3526.8800000000006,0.109,6.49,126550.60000000002,0.889,0.16,3526.8800000000006,0.109
02,0,0,0.0,1793778.6273699705,48.15846252441406,0.7411597239660992,3.15,52854.45,0.893,0.15,4308.96,0.126,6.53,135570.6,0.883,0.15,4308.96,0.126,1520622.9912242056,42.524314880371094,0.7288523278903742,3.7,71536.22,0.763,0.16,3673.52,0.112,5.43,124918.8,0.888,0.16,3673.52,0.112
02,0,500,500.0,1801639.188402813,44.05377197265625,0.7475428785230963,1.74,32781.09,0.881,0.2,4833.48,0.138,6.66,137932.2,0.885,0.2,4833.48,0.138,1470618.3572091174,43.21084213256836,0.7248699579261203,2.6,30494.88,0.881,0.15,3333.24,0.103,5.54,122753.99999999999,0.886,0.15,3333.24,0.103
02,0,1000,1000.0,1790911.9542644385,34.4896240234375,0.7483724680006555,3.35,66238.8,0.879,0.21,4983.88,0.141,5.91,138014.2,0.885,0.21,4983.88,0.141,1423558.2617102242,43.46113586425781,0.7213876266711389,2.57,29849.04,0.878,0.15,3235.48,0.101,5.88,118621.2,0.882,0.15,3235.48,0.101
02,0,1500,1500.0,1774834.0660887263,31.280132293701172,0.7474603197084502,6.29,150377.23,0.874,0.23,5015.84,0.142,4.88,137391.0,0.884,0.23,5015.84,0.142,1383253.7506387052,42.96707534790039,0.7195407040324295,2.33,26652.6,0.873,0.16,2449.64,0.08,6.09,114463.8,0.878,0.16,2449.64,0.08
02,0,2000,2000.0,1756791.4301944412,27.438993453979492,0.7453708032025116,1.22,31778.1,0.878,0.23,5023.36,0.142,4.12,134881.8,0.882,0.23,5023.36,0.142,1351762.5088512944,39.01554489135742,0.7168303285173742,4.45,53990.64000000001,0.87,0.16,2229.68,0.074,5.96,109552.0,0.873,0.16,2229.68,0.074
02,0,2500,2500.0,1740771.0709930402,29.070770263671875,0.7432154404230085,1.88,81936.06,0.774,0.22,4496.96,0.13,3.37,132216.80000000002,0.88,0.22,4496.96,0.13,1325704.1816708401,35.17502975463867,0.7150429951932468,1.87,25139.07,0.867,0.15,1601.76,0.056,5.8,104984.6,0.868,0.15,1601.76,0.056
02,0,3000,3000.0,1731490.7974894438,31.20514678955078,0.7404267203849435,2.02,82548.73,0.775,0.21,4348.44,0.126,2.61,130133.99999999999,0.878,0.21,4348.44,0.126,1307099.9760491345,33.75001907348633,0.7120681820018897,3.53,50922.48,0.864,0.15,1569.8,0.056,5.12,101819.4,0.864,0.15,1569.8,0.056
02,0,3500,3500.0,1725701.2877344338,32.10898208618164,0.7375871711153639,2.4,45345.3,0.876,0.19,3917.92,0.116,2.53,128288.99999999999,0.877,0.19,3917.92,0.116,1292086.1501260954,34.36089324951172,0.7098167293033572,1.51,25434.0,0.861,0.13,1498.36,0.056,4.37,99105.2,0.861,0.13,1498.36,0.056
02,0,4000,4000.0,1726579.2809941024,32.637752532958984,0.734682521513536,2.75,84047.75,0.778,0.18,3797.6,0.113,2.78,127272.2,0.876,0.18,3797.6,0.113,1283741.2817574292,34.67680740356445,0.7075438862223498,2.17,62349.28,0.748,0.13,1479.56,0.056,3.41,97375.0,0.859,0.13,1479.56,0.056
02,0,4500,4500.0,1731082.583845464,33.537166595458984,0.7327275520390626,3.06,85086.48999999999,0.779,0.14,3675.4,0.11,2.93,126198.0,0.875,0.14,3675.4,0.11,1283581.3352513274,34.16368865966797,0.7079570271268703,2.33,62557.65,0.749,0.1,1432.56,0.055,3.34,96366.4,0.858,0.1,1432.56,0.055
02,0,5000,5000.0,1740568.9626759826,35.085201263427734,0.7320725057768191,3.22,86131.45,0.781,0.14,3630.2799999999997,0.109,3.1,126050.4,0.875,0.14,3630.2799999999997,0.109,1289197.0026050666,33.52220916748047,0.7072399531281585,2.41,62974.39,0.749,0.1,1421.28,0.055,3.2,96317.2,0.858,0.1,1421.28,0.055
02,0,5500,5500.0,1753305.1089962863,37.0971565246582,0.7324658914430501,2.91,86734.79,0.782,0.16,3573.8800000000006,0.108,3.28,126280.0,0.875,0.16,3573.8800000000006,0.108,1297415.3955108924,36.58626937866211,0.7066158970322235,2.49,63375.58,0.75,0.09,1421.28,0.055,3.57,96415.6,0.859,0.09,1421.28,0.055
02,0,6000,6000.0,1772069.0590633315,40.866512298583984,0.7345600760356255,2.82,49554.33,0.885,0.17,3560.7200000000003,0.108,4.36,127739.6,0.877,0.17,3560.7200000000003,0.108,1314346.9302025214,39.83106994628906,0.7072718405001701,2.39,34768.1,0.862,0.09,1421.28,0.055,3.98,96218.8,0.858,0.09,1421.28,0.055
02,0,6500,6500.0,1791248.812842837,43.782684326171875,0.7364007113687892,3.23,87810.85,0.783,0.28,3780.68,0.113,5.48,129707.6,0.878,0.28,3780.68,0.113,1333990.5407136418,41.18227005004883,0.7084216631629959,2.62,66149.7,0.756,0.1,1419.4,0.055,4.27,95931.8,0.858,0.1,1419.4,0.055
02,0,7000,7000.0,1814766.219207426,43.58695602416992,0.7382562998835795,3.86,88569.69,0.785,0.32,3848.36,0.115,5.71,131692.0,0.88,0.32,3848.36,0.115,1360564.7929357851,41.86204147338867,0.7104359141752054,2.84,36221.0,0.866,0.1,1419.4,0.055,4.11,96653.4,0.859,0.1,1419.4,0.055
02,0,7500,7500.0,1840505.276703702,41.020084381103516,0.7398182471061021,4.21,89434.27,0.786,3.25,118798.68,0.348,5.61,133463.19999999998,0.881,0.43,4248.8,0.124,1389780.9585786948,42.01036834716797,0.7125695888888915,2.56,32214.82,0.867,0.09,1436.32,0.055,3.87,97588.2,0.861,0.09,1436.32,0.055
02,0,8000,8000.0,1870134.9312690448,41.497066497802734,0.740421311639844,4.43,91748.11,0.79,3.39,125191.99,0.357,4.48,134512.8,0.882,0.45,4367.24,0.127,1422020.3717802037,42.514347076416016,0.7165679527898501,3.19,39071.7,0.875,0.1,1441.96,0.056,4.13,99244.6,0.863,0.1,1441.96,0.056
02,0,8500,8500.0,1903693.8681648723,43.67909622192383,0.7410387995445769,4.35,94052.62,0.793,0.36,4553.36,0.131,4.47,135496.8,0.882,0.36,4553.36,0.131,1454923.0947874468,42.78057861328125,0.720890439769446,3.21,39283.4,0.876,0.11,1477.68,0.056,4.48,101097.8,0.865,0.11,1477.68,0.056
02,0,9000,9000.0,1944073.206239438,46.27289962768555,0.7418091051741058,4.06,98086.29,0.799,0.34,4607.88,0.132,5.13,136308.6,0.883,0.34,4607.88,0.132,1488219.9431211436,43.496009826660156,0.7270201012117836,1.96,23686.62,0.877,0.12,1488.96,0.056,5.06,103106.8,0.867,0.12,1488.96,0.056
02,0,9500,9500.0,1985834.5539188203,46.97349166870117,0.7423940660404613,3.72,101186.96,0.802,0.28,4750.76,0.135,5.64,137276.2,0.884,0.28,4750.76,0.135,1521155.8971607636,43.44965744018555,0.7333112062411952,2.33,27372.18,0.878,0.14,1532.2,0.056,5.63,105156.80000000002,0.87,0.14,1532.2,0.056
02,0,10000,10000.0,2032967.7253307095,46.93442153930664,0.7440912529086278,3.57,105401.01000000001,0.807,0.28,4792.12,0.136,5.73,140285.6,0.886,0.28,4792.12,0.136,1547388.0064303789,40.76014709472656,0.7376957114923969,2.19,27675.69,0.879,0.15,1545.3600000000001,0.056,5.88,108846.80000000002,0.874,0.15,1545.3600000000001,0.056
02,0,10500,10500.0,2077480.8057570509,46.571815490722656,0.7451935320593063,3.64,108237.32999999999,0.81,0.28,5406.88,0.149,5.67,143590.2,0.888,0.28,5406.88,0.149,1566798.6405335718,37.98609924316406,0.7399833340945836,1.86,28387.229999999996,0.883,0.15,1968.3600000000001,0.068,6.02,112454.79999999999,0.878,0.15,1968.3600000000001,0.068
02,0,11000,11000.0,2118304.0762688974,44.407432556152344,0.7462885783987044,4.14,112211.91,0.814,0.28,5587.36,0.153,5.22,148411.8,0.892,0.28,5587.36,0.153,1573449.6253390945,32.756961822509766,0.7401062743897561,3.58,57430.08,0.88,0.15,2167.64,0.074,5.36,114660.60000000002,0.881,0.15,2167.64,0.074
02,0,11500,11500.0,2156695.867505503,43.94805908203125,0.7476157571781743,4.43,114833.64,0.817,0.31,6589.399999999999,0.172,4.74,153200.6,0.896,0.31,6589.399999999999,0.172,1577072.7436765432,34.04893112182617,0.7400126723208736,2.27,36243.26,0.882,0.13,2502.28,0.083,4.58,116587.6,0.883,0.13,2502.28,0.083
02,0,12000,12000.0,2190226.3195716296,44.51826095581055,0.7504702747852772,4.71,117679.29,0.819,0.33,6880.8,0.178,4.52,157538.4,0.899,0.33,6880.8,0.178,1573506.8139049783,36.46299743652344,0.7403352646710438,1.56,24530.52,0.882,0.15,2600.04,0.086,3.45,117137.0,0.883,0.15,2600.04,0.086
02,0,12500,12500.0,2217870.9637025422,47.05696487426758,0.7525207705830902,4.73,119029.03,0.82,0.44,7835.84,0.195,4.68,161400.6,0.901,0.44,7835.84,0.195,1570089.7479197285,36.3923454284668,0.7419596781407933,2.17,31183.92,0.887,0.14,2596.28,0.086,3.5,117924.2,0.884,0.14,2596.28,0.086
02,0,13000,13000.0,2240867.512311818,50.224029541015625,0.7559127539294405,4.51,119075.68,0.819,0.47,8114.079999999999,0.2,5.17,163368.6,0.903,0.47,8114.079999999999,0.2,1560005.4615391882,32.98213577270508,0.7421444336268348,1.24,20077.4,0.885,0.14,2598.16,0.086,4.18,118490.0,0.885,0.14,2598.16,0.086
02,0,13500,13500.0,2260643.438756873,51.811100006103516,0.7591712581391705,4.28,118360.38,0.817,0.57,8589.72,0.208,5.57,164762.6,0.904,0.57,8589.72,0.208,1548174.0831634405,35.02789306640625,0.7423257924248617,2.3,40971.2,0.885,0.13,2774.88,0.091,4.57,118883.59999999999,0.885,0.13,2774.88,0.091
02,0,14000,14000.0,2274108.011672991,52.40187454223633,0.7616432916854828,3.87,117474.03,0.815,5.36,161001.61,0.401,5.69,165845.0,0.905,0.6,8730.72,0.21,1534692.8090284513,37.02265167236328,0.7422079028404968,2.55,39413.9,0.881,0.14,2825.64,0.093,4.14,118793.4,0.885,0.14,2825.64,0.093
02,0,14500,14500.0,2285746.89446475,52.228492736816406,0.7638315307560238,3.56,116957.77,0.813,4.91,161125.58,0.4,6.03,166378.0,0.906,0.64,9106.72,0.217,1520733.618413256,37.69133758544922,0.7416593458798336,2.57,39300.8,0.88,0.14,2925.28,0.095,4.84,118145.60000000002,0.885,0.14,2925.28,0.095
02,0,15000,15000.0,2292247.5144630712,50.179298400878906,0.7643020423160557,3.21,117023.07999999999,0.813,4.54,162684.06,0.402,5.92,166525.6,0.906,0.65,9213.88,0.218,1509728.89391862,36.71489715576172,0.7400783534092186,1.75,28013.37,0.884,0.14,2953.48,0.096,4.2,115841.40000000001,0.883,0.14,2953.48,0.096
02,0,15500,15500.0,2299628.6088555474,48.64374923706055,0.7644199674493527,2.99,117421.16,0.813,4.19,164756.13,0.404,5.68,166517.4,0.906,0.63,9287.2,0.219,1504326.5203280302,34.057071685791016,0.7391965361356073,1.78,27118.919999999995,0.881,0.12,2564.32,0.086,3.64,113176.40000000001,0.881,0.12,2564.32,0.086
02,0,16000,16000.0,2307566.5422395063,45.579654693603516,0.7631110485689241,2.77,118447.46,0.815,4.29,168227.29,0.409,5.09,166123.8,0.905,0.62,9311.64,0.22,1513055.7506422743,30.399490356445312,0.7382593306802929,1.68,26921.94,0.88,0.12,2455.28,0.083,3.36,110585.20000000001,0.878,0.12,2455.28,0.083
02,0,16500,16500.0,2319284.39365381,43.031593322753906,0.7624029851518884,2.66,119483.09,0.816,4.47,172194.33,0.413,4.59,165869.6,0.905,0.55,9191.32,0.218,1531356.9743643282,30.274456024169922,0.738843113016683,1.41,26540.04,0.879,0.11,1966.4800000000002,0.068,3.05,108477.8,0.876,0.11,1966.4800000000002,0.068
02,0,17000,17000.0,2336651.491844671,39.95086669921875,0.7624205932708925,3.13,121793.82,0.819,4.46,175966.56,0.418,4.17,165943.4,0.903,0.53,9159.36,0.217,1559688.0941356278,30.076248168945312,0.7389765279197428,2.62,53758.08,0.876,0.11,1833.0,0.064,2.9,107862.8,0.876,0.11,1833.0,0.064
02,0,17500,17500.0,2354874.59373309,38.1129035949707,0.7627572875475023,3.57,123924.17000000001,0.821,4.4,179845.05,0.422,3.74,166205.8,0.902,0.47,9116.12,0.215,1587434.086294965,30.215044021606445,0.7378962774885207,1.69,40141.8,0.88,0.08,1722.08,0.061,2.74,107846.40000000001,0.876,0.08,1722.08,0.061
02,0,18000,18000.0,2374307.8522240315,41.1412353515625,0.7635749944026567,3.91,126365.52,0.824,4.33,181757.73,0.425,3.27,167681.8,0.902,0.46,9104.84,0.215,1613110.6458279442,30.581653594970703,0.7364181502634961,2.1,84063.3,0.785,0.07,1695.76,0.06,2.82,109633.99999999999,0.878,0.07,1695.76,0.06
02,0,18500,18500.0,2393314.7086779503,44.25209426879883,0.7642305458233055,3.98,127646.84,0.825,0.39,9347.36,0.218,3.85,169518.6,0.903,0.39,9347.36,0.218,1635869.4409801378,30.59569549560547,0.7346975294676145,2.44,85450.36,0.786,0.08,1974.0,0.069,2.99,111971.00000000001,0.88,0.08,1974.0,0.069
02,0,19000,19000.0,2411548.204416295,48.2556037902832,0.7658545887567256,3.8,128610.94,0.826,0.38,9420.68,0.219,4.5,171527.6,0.904,0.38,9420.68,0.219,1646381.7455514497,32.046714782714844,0.7328229464360116,3.03,86283.84,0.787,0.08,2058.6,0.071,3.2,116308.8,0.883,0.08,2058.6,0.071
02,0,19500,19500.0,2431174.1660242556,49.80253219604492,0.7685764479632632,3.67,128946.82,0.827,0.41,9886.92,0.227,5.14,173544.8,0.906,0.41,9886.92,0.227,1649290.1491325144,33.49032211303711,0.7306226901969063,3.39,86137.67000000001,0.788,0.13,2829.4,0.093,3.42,120868.0,0.886,0.13,2829.4,0.093
02,0,20000,20000.0,2441592.757757414,49.46988296508789,0.7723103066945822,2.32,43960.71,0.91,3.8,177489.62,0.422,5.28,174971.6,0.907,0.42,10022.28,0.229,1640030.121380983,36.53786087036133,0.7311558106982519,3.65,83755.41,0.784,0.14,3055.0,0.099,3.32,124746.6,0.888,0.14,3055.0,0.099
03,0,-20000,20000.0,319613.00243803486,35.17510223388672,0.572445945075697,3.32,10599.84,0.727,0.14,315.84,0.044,3.66,22869.8,0.746,0.14,315.84,0.044,148841.22085373546,12.030926704406738,0.48470975622001705,1.88,6356.13,0.731,0.06,250.04,0.043,3.71,17884.2,0.732,0.06,250.04,0.043
03,0,-19500,19500.0,342765.34523856535,35.523189544677734,0.5841852152899661,2.33,17527.96,0.602,0.12,293.28,0.043,3.55,21836.6,0.744,0.12,293.28,0.043,139208.94125564545,13.39899730682373,0.46863020927782295,1.23,3219.0,0.554,0.05,203.04,0.04,3.47,15990.0,0.708,0.05,203.04,0.04
03,0,-19000,19000.0,370771.9396923691,35.44821548461914,0.5997705639461909,2.32,19561.9,0.62,0.12,287.64,0.043,3.5,22599.2,0.752,0.12,287.64,0.043,134896.96289848542,14.84115219116211,0.4588631783704867,0.77,2011.44,0.565,0.04,188.0,0.038,2.37,14145.0,0.68,0.04,188.0,0.038
03,0,-18500,18500.0,396041.2781813742,35.49284744262695,0.610649473622604,2.21,20774.8,0.631,0.09,308.32,0.044,3.47,23632.4,0.762,0.09,308.32,0.044,132937.15318209588,15.503518104553223,0.455925023925906,1.07,2697.84,0.587,0.04,152.28,0.035,1.28,12341.0,0.649,0.04,152.28,0.035
03,0,-18000,18000.0,417894.5614894583,34.86385726928711,0.6218318265938163,1.45,7853.76,0.787,0.08,315.84,0.045,3.47,26190.8,0.777,0.08,315.84,0.045,133139.79520152416,15.750011444091797,0.45362831056764646,1.08,2734.56,0.589,0.04,142.88,0.034,1.14,11586.6,0.632,0.04,142.88,0.034
03,0,-17500,17500.0,433586.3747564646,34.32395553588867,0.6271792450827098,2.23,21626.940000000002,0.637,0.08,376.0,0.047,3.45,28880.4,0.791,0.08,376.0,0.047,134473.23055982243,15.584742546081543,0.45376084490456164,1.1,2859.84,0.598,0.07,129.72,0.032,1.64,11053.6,0.62,0.07,129.72,0.032
03,0,-17000,17000.0,442711.2311857804,33.08891677856445,0.6297218692111602,2.52,21110.68,0.632,0.09,392.92,0.047,3.38,31947.2,0.804,0.09,392.92,0.047,137698.4391666736,15.131244659423828,0.457517632514221,1.07,2836.08,0.596,0.08,125.96000000000001,0.031,1.73,11275.0,0.622,0.08,125.96000000000001,0.031
03,0,-16500,16500.0,442593.7611825284,32.846370697021484,0.6214096543816612,2.78,20535.33,0.627,0.09,466.24,0.049,3.45,34751.6,0.815,0.09,466.24,0.049,142041.6020575817,17.277334213256836,0.4635859607493451,0.96,2842.56,0.596,0.08,131.6,0.032,1.78,11652.2,0.63,0.08,131.6,0.032
03,0,-16000,16000.0,436973.44376594084,33.45112228393555,0.6081773730647844,3.32,20843.22,0.633,0.09,486.92,0.05,3.26,36129.2,0.819,0.09,486.92,0.05,147063.8063552934,19.378562927246094,0.47307625103165946,0.96,2862.0,0.596,0.08,133.48,0.032,1.67,11586.6,0.628,0.08,133.48,0.032
03,0,-15500,15500.0,431541.2811194863,34.41901779174805,0.5939994061290028,3.76,21623.83,0.64,0.09,520.76,0.051,3.59,37096.8,0.823,0.09,520.76,0.051,151140.7920436081,21.55634117126465,0.48032360895885123,1.74,5332.88,0.623,0.08,131.6,0.032,1.66,11414.4,0.624,0.08,131.6,0.032
03,0,-15000,15000.0,429277.905878986,36.47252655029297,0.5857144345705386,4.12,22354.68,0.646,0.1,530.16,0.051,3.04,36391.6,0.82,0.1,530.16,0.051,154208.9752996454,23.818254470825195,0.48608065919924753,1.65,4390.6,0.631,0.07,133.48,0.032,1.88,11603.0,0.627,0.07,133.48,0.032
03,0,-14500,14500.0,431819.73274274496,39.186920166015625,0.5828336909296724,4.33,22886.49,0.65,0.08,509.48,0.05,3.33,35473.2,0.817,0.08,509.48,0.05,155353.16451810487,25.767593383789062,0.48543927629697037,2.17,5067.92,0.663,0.07,139.12,0.033,2.1,11783.4,0.629,0.07,139.12,0.033
03,0,-14000,14000.0,441557.00313253875,43.834407806396484,0.5919313955390425,3.99,22053.01,0.639,0.08,503.84000000000003,0.05,3.94,34571.2,0.812,0.08,503.84000000000003,0.05,156274.50070355108,28.33555793762207,0.48751828839848665,2.28,5156.58,0.669,0.07,142.88,0.033,2.32,12513.2,0.641,0.07,142.88,0.033
03,0,-13500,13500.0,452682.4571093646,46.69716262817383,0.6038122216673639,3.64,20905.42,0.629,0.09,481.28,0.049,4.57,34021.8,0.81,0.09,481.28,0.049,155547.06193077908,30.8418025970459,0.4850339634842345,2.58,5359.64,0.682,0.06,159.8,0.035,2.55,13251.2,0.654,0.06,159.8,0.035
03,0,-13000,13000.0,461690.037264656,50.456398010253906,0.6165339355426521,1.85,8837.46,0.84,0.09,475.63999999999993,0.049,5.28,36080.0,0.82,0.09,475.63999999999993,0.049,153969.0421895859,32.701683044433594,0.4843317110753305,2.6,5388.24,0.684,0.06,165.44,0.036,2.95,13226.6,0.655,0.06,165.44,0.036
03,0,-12500,12500.0,464351.38979782676,51.192787170410156,0.6241185615096635,2.54,11214.72,0.845,0.1,530.16,0.051,5.93,38408.8,0.831,0.1,530.16,0.051,153392.87620756903,34.12162780761719,0.48690689455394787,2.12,3652.56,0.667,0.73,3665.9699999999993,0.1,3.4,13284.0,0.66,0.09,165.44,0.036
03,0,-12000,12000.0,457342.20341111,48.087100982666016,0.6263096489024879,2.34,11100.24,0.843,0.11,543.32,0.051,6.33,40631.0,0.84,0.11,543.32,0.051,152247.51411620108,33.460784912109375,0.49014120097627517,2.18,3663.36,0.668,0.61,3347.19,0.095,3.93,13956.4,0.676,0.11,165.44,0.036
03,0,-11500,11500.0,445711.05714495026,46.438270568847656,0.6243038702053482,2.71,16228.680000000002,0.859,0.15,592.2,0.052,6.6,42640.0,0.848,0.15,592.2,0.052,150969.7437889976,31.845027923583984,0.4949364848870966,2.23,3615.8399999999997,0.668,0.72,2975.28,0.088,4.52,14784.600000000002,0.694,0.15,174.84,0.037
03,0,-11000,11000.0,427192.6461095791,44.57174301147461,0.6161217184874065,3.44,18967.92,0.825,0.16,607.24,0.053,6.1,42025.0,0.846,0.16,607.24,0.053,146992.65284843097,28.68281364440918,0.49578450440222693,3.16,6124.38,0.733,0.65,2603.37,0.081,4.63,14874.8,0.697,0.16,176.72,0.037
03,0,-10500,10500.0,408618.08950387785,43.05906295776367,0.6072867653745683,2.47,14464.61,0.554,0.12,580.92,0.052,5.55,41369.0,0.846,0.12,580.92,0.052,141082.29468573193,23.958181381225586,0.4918137662924797,2.92,6121.29,0.731,0.52,2284.59,0.074,4.75,15055.2,0.702,0.16,172.96,0.037
03,0,-10000,10000.0,390989.86583843856,41.0124626159668,0.5918597114553433,2.47,14508.15,0.556,0.11,575.28,0.052,4.77,39269.8,0.837,0.11,575.28,0.052,132596.85916585725,18.67154884338379,0.4748852488235491,2.65,6127.469999999999,0.729,0.5,2337.72,0.074,4.27,14915.800000000001,0.699,0.16,171.08,0.037
03,0,-9500,9500.0,379580.4855004759,40.17961883544922,0.5803407302375693,2.94,11883.3,0.796,0.09,520.76,0.051,4.09,37219.8,0.829,0.09,520.76,0.051,124466.09572327856,15.025457382202148,0.4572218809686253,1.99,5790.659999999999,0.715,0.72,2550.24,0.078,3.79,14850.2,0.696,0.13,165.44,0.036
03,0,-9000,9000.0,372862.82147476287,40.777164459228516,0.5648161761607001,3.12,12132.12,0.799,0.09,505.72,0.05,4.4,35301.0,0.818,0.09,505.72,0.05,118122.4129762505,15.294171333312988,0.43665762733115476,1.31,5432.219999999999,0.7,1.05,3134.67,0.088,2.8,14136.799999999997,0.684,0.13,163.56,0.036
03,0,-8500,8500.0,371468.80819856195,42.277957916259766,0.5527844415566467,4.3,14548.82,0.832,0.08,456.84000000000003,0.048,4.6,33644.6,0.809,0.08,456.84000000000003,0.048,114512.63824444076,16.91523551940918,0.4220771526403975,0.82,2406.24,0.559,0.12,434.39,0.06,2.0,13284.0,0.669,0.07,150.4,0.035
03,0,-8000,8000.0,376881.53285878885,45.00831985473633,0.546904414530712,4.5,14912.04,0.837,0.08,445.56,0.048,4.18,32201.400000000005,0.802,0.08,445.56,0.048,116200.28878014727,18.344453811645508,0.4176837917971225,1.22,4310.55,0.645,0.04,144.76,0.034,1.62,11931.0,0.644,0.04,144.76,0.034
03,0,-7500,7500.0,384625.4527997117,46.8715705871582,0.5438751512469219,5.51,15924.48,0.85,0.08,417.36000000000007,0.047,4.7,30897.6,0.797,0.08,417.36000000000007,0.047,122068.69506703952,19.264118194580078,0.42486731112429954,1.17,3071.1,0.527,0.05,112.8,0.03,1.87,10594.4,0.615,0.05,112.8,0.03
03,0,-7000,7000.0,396546.0591641123,50.47716522216797,0.5469751493542816,5.65,16050.32,0.852,0.09,407.96,0.047,6.01,32283.399999999998,0.803,0.09,407.96,0.047,132308.3111265503,20.455482482910156,0.4394962203828945,0.71,1967.94,0.543,0.05,103.40000000000002,0.028,1.66,9881.0,0.596,0.05,103.40000000000002,0.028
03,0,-6500,6500.0,406152.8767674637,52.39301681518555,0.5478629898075131,5.66,15890.16,0.851,0.13,438.04,0.048,7.39,34194.0,0.813,0.13,438.04,0.048,145215.9181845296,21.369951248168945,0.4594147174665223,0.88,2247.18,0.542,0.04,92.12,0.026,1.4,9315.2,0.579,0.04,92.12,0.026
03,0,-6000,6000.0,418725.1656353992,55.54052734375,0.5532192142692551,5.56,15830.1,0.851,0.14,449.32,0.048,8.95,37785.6,0.829,0.14,449.32,0.048,160098.48101162407,22.804853439331055,0.4838828320956454,0.85,2454.21,0.56,0.04,88.36,0.025,1.66,10233.6,0.594,0.04,88.36,0.025
03,0,-5500,5500.0,428786.9999964958,57.717105865478516,0.5566973396255818,4.49,11335.68,0.85,0.19,532.04,0.05,10.52,41500.2,0.845,0.19,532.04,0.05,172595.44749935338,24.056663513183594,0.5010616927388291,1.2,5980.26,0.688,0.06,114.68,0.029,1.92,11201.2,0.61,0.06,114.68,0.029
03,0,-5000,5000.0,442452.6698501903,60.20814895629883,0.5632326869106099,4.49,11268.72,0.85,0.2,556.48,0.051,11.86,43337.0,0.854,0.2,556.48,0.051,182265.79420112103,25.022315979003906,0.5165716849264288,1.21,6020.3,0.69,0.06,122.2,0.03,2.11,12398.4,0.63,0.06,122.2,0.03
03,0,-4500,4500.0,458958.13794746576,61.34870529174805,0.5705537202639229,4.51,11024.64,0.848,0.25,594.08,0.052,13.07,44821.2,0.861,0.25,594.08,0.052,189752.5919432658,25.41697120666504,0.5273310754134659,1.22,5109.8,0.656,0.06,152.28,0.033,2.27,13628.4,0.653,0.06,152.28,0.033
03,0,-4000,4000.0,479437.41097653983,61.99063491821289,0.5816460435681403,6.38,17304.0,0.872,0.26,605.36,0.053,13.13,44476.8,0.861,0.26,605.36,0.053,194353.70133919743,25.10040283203125,0.5329194221868057,1.38,4642.9,0.641,0.05,161.68,0.034,2.3,15038.8,0.676,0.05,161.68,0.034
03,0,-3500,3500.0,503370.6216713839,60.20171356201172,0.5950964727303975,4.93,16769.43,0.867,0.26,590.32,0.053,12.91,44091.4,0.861,0.26,590.32,0.053,197648.6062484446,24.678176879882812,0.535237122207901,1.83,4927.04,0.611,0.06,197.4,0.038,2.33,16424.600000000002,0.698,0.06,197.4,0.038
03,0,-3000,3000.0,519534.95874971413,57.648109436035156,0.6048610771744263,3.55,19136.26,0.877,0.26,586.56,0.053,10.15,42853.2,0.857,0.26,586.56,0.053,198490.0741257219,25.21161460876465,0.5285200149451244,2.02,4399.3,0.633,0.06,206.80000000000004,0.039,2.47,16924.8,0.707,0.06,206.80000000000004,0.039
03,0,-2500,2500.0,531105.3569586857,55.17945861816406,0.6125776141705577,3.33,17988.7,0.876,0.18,560.24,0.052,7.93,41820.0,0.854,0.18,560.24,0.052,199568.2098298308,26.658422470092773,0.520218866376331,2.07,4387.7,0.633,0.06,214.31999999999996,0.04,2.6,17334.8,0.713,0.06,214.31999999999996,0.04
03,0,-2000,2000.0,536661.997194065,50.18027114868164,0.6215047126638624,3.78,24640.53,0.663,0.16,552.72,0.052,7.82,44919.6,0.863,0.16,552.72,0.052,202655.3914650949,30.82232093811035,0.5094652451373374,3.27,7041.68,0.692,0.06,216.19999999999996,0.04,2.26,17187.2,0.711,0.06,216.19999999999996,0.04
03,0,-1500,1500.0,532856.7050441983,47.06468200683594,0.6258765449121698,2.71,14264.640000000001,0.883,0.14,639.2,0.054,7.7,48109.4,0.872,0.14,639.2,0.054,207837.27536233838,34.430519104003906,0.5010317692358303,3.93,7718.08,0.711,0.07,208.68000000000004,0.039,1.96,17113.4,0.71,0.07,208.68000000000004,0.039
03,0,-1000,1000.0,519332.81222229707,46.244728088378906,0.6317715577820378,2.75,13992.48,0.881,0.13,665.52,0.054,7.77,51709.2,0.881,0.13,665.52,0.054,218145.90672658925,37.14309310913086,0.49557498004101086,5.07,9373.48,0.75,0.08,206.80000000000004,0.039,2.6,16982.2,0.706,0.08,206.80000000000004,0.039
03,0,-500,500.0,497261.7555546203,45.35282897949219,0.6319610139849822,2.86,13143.6,0.875,0.15,755.7599999999999,0.055,7.85,54669.4,0.888,0.15,755.7599999999999,0.055,230404.76439599006,38.92585372924805,0.4908215394714835,5.84,10459.28,0.771,0.1,199.28,0.038,3.29,17105.2,0.707,0.1,199.28,0.038
03,0,0,0.0,465498.79832248774,44.54914093017578,0.6275868019005082,2.6,12515.04,0.869,0.17,780.2000000000002,0.056,7.28,53054.0,0.885,0.17,780.2000000000002,0.056,246835.62551301304,41.56896209716797,0.48997201180255306,7.01,12061.28,0.797,0.11,197.4,0.038,4.21,18458.2,0.724,0.11,197.4,0.038
03,0,500,500.0,438477.6894347335,45.76576614379883,0.6284610926139546,2.2,9115.35,0.839,0.18,727.56,0.055,6.6,51102.4,0.882,0.18,727.56,0.055,261472.7959485886,43.9979362487793,0.48565828416018747,7.8,13083.0,0.812,0.1,233.12,0.041,5.11,19926.0,0.742,0.1,233.12,0.041
03,0,1000,1000.0,412765.77595673845,45.95370101928711,0.61981426345046,4.27,18368.16,0.836,0.18,714.4,0.055,6.54,46461.2,0.872,0.18,714.4,0.055,277052.8185165789,48.074893951416016,0.48816673741628225,7.45,10938.8,0.82,0.1,242.52,0.041,6.19,21779.2,0.761,0.1,242.52,0.041
03,0,1500,1500.0,397220.68266778917,45.71509552001953,0.6203993476811596,8.33,41349.79,0.829,0.14,597.84,0.053,6.58,42074.2,0.861,0.14,597.84,0.053,287705.0131290034,50.569419860839844,0.4843493021713059,7.59,11080.9,0.823,0.15,287.64,0.044,7.22,23517.6,0.777,0.15,287.64,0.044
03,0,2000,2000.0,389827.6662670032,43.68819046020508,0.6128863152759438,3.44,15520.32,0.813,0.14,564.0,0.053,6.21,38859.8,0.852,0.14,564.0,0.053,300474.4049394232,56.18418502807617,0.49452868300377034,8.27,11791.399999999998,0.836,0.17,300.8,0.045,8.77,26412.2,0.796,0.17,300.8,0.045
03,0,2500,2500.0,390157.51027410955,41.41720199584961,0.6116299215102012,2.73,16007.17,0.596,0.12,494.44,0.051,5.83,35899.6,0.843,0.12,494.44,0.051,308240.9409224965,59.83463668823242,0.5009240948326386,8.32,11846.5,0.837,0.23,368.48,0.047,10.34,29298.599999999995,0.814,0.23,368.48,0.047
03,0,3000,3000.0,396628.21139490954,38.34013366699219,0.6107687953814295,3.14,18687.99,0.624,0.11,475.63999999999993,0.051,5.07,33866.0,0.835,0.11,475.63999999999993,0.051,315329.26676702517,65.35630798339844,0.5217623944199626,4.99,7280.160000000001,0.841,0.24,391.04,0.048,11.96,31684.8,0.83,0.24,391.04,0.048
03,0,3500,3500.0,406251.204109555,38.24727249145508,0.6126439929693334,3.4,20488.68,0.64,0.08,432.3999999999999,0.05,4.4,32176.8,0.828,0.08,432.3999999999999,0.05,318360.74402431335,67.61250305175781,0.5440451460029693,5.9,8371.65,0.841,2.76,9262.33,0.153,13.36,33866.0,0.844,0.31,443.68,0.05
03,0,4000,4000.0,416964.68721103773,39.998680114746094,0.6165217223716248,3.06,20970.730000000003,0.64,0.07,421.12000000000006,0.049,3.61,31947.2,0.827,0.07,421.12000000000006,0.049,314643.33454017306,68.60771179199219,0.5706414957325585,11.35,16883.04,0.837,2.99,7668.43,0.143,13.82,35169.8,0.851,0.33,460.6000000000001,0.051
03,0,4500,4500.0,425980.45333661395,41.7865104675293,0.6200001941965455,2.76,13641.6,0.841,0.07,423.0,0.05,3.65,32045.6,0.827,0.07,423.0,0.05,305504.7183034377,67.60720825195312,0.5953408300742482,20.05,37949.65,0.828,2.9,6198.5,0.132,13.9,36145.6,0.855,0.36,488.8,0.052
03,0,5000,5000.0,433727.1013362897,44.55281448364258,0.6241539882718389,3.02,19151.38,0.626,0.08,421.12000000000006,0.05,4.29,34267.8,0.835,0.08,421.12000000000006,0.05,281995.3362847969,57.60322952270508,0.5982814125017413,7.86,15246.959999999997,0.821,2.65,5560.94,0.126,11.81,34874.6,0.851,0.36,498.2,0.052
03,0,5500,5500.0,434930.2091856938,44.74917984008789,0.6215268347047721,3.33,18131.3,0.617,0.09,483.15999999999997,0.051,4.92,36399.8,0.842,0.09,483.15999999999997,0.051,257528.84772814054,47.755638122558594,0.5977449807388722,12.89,33936.37,0.81,2.36,5029.64,0.12,9.85,33398.6,0.845,0.29,464.36000000000007,0.051
03,0,6000,6000.0,433503.72193337535,41.15910339355469,0.6173709618656273,3.68,17876.28,0.618,0.1,500.08,0.051,5.43,38474.4,0.849,0.1,500.08,0.051,226294.04973931046,33.88880920410156,0.5695165684056138,1.67,3439.98,0.7,2.19,5029.64,0.12,7.61,29536.400000000005,0.827,0.27,458.72,0.051
03,0,6500,6500.0,432118.421190391,38.3206901550293,0.6124565850353145,3.7,13198.9,0.836,0.12,550.84,0.052,5.82,40048.8,0.855,0.12,550.84,0.052,200756.14264128645,35.0449104309082,0.546761671616487,2.02,3981.8099999999995,0.703,0.16,368.48,0.049,5.48,25493.8,0.805,0.16,368.48,0.049
03,0,7000,7000.0,429781.01603740396,42.589839935302734,0.6042441371608958,4.31,19337.98,0.632,0.13,565.88,0.053,5.28,39064.8,0.852,0.13,565.88,0.053,182460.5909864449,33.91672134399414,0.5223844333898401,1.97,3706.4400000000005,0.689,0.12,344.04,0.048,3.89,21287.2,0.772,0.12,344.04,0.048
03,0,7500,7500.0,431520.21721196687,45.09063720703125,0.5985217267583264,4.59,20438.92,0.641,0.13,535.8,0.052,5.37,37949.6,0.85,0.13,535.8,0.052,172640.15615953176,32.21145248413086,0.5141916044784325,2.09,3516.4800000000005,0.662,0.12,246.28,0.043,4.26,17457.8,0.734,0.12,246.28,0.043
03,0,8000,8000.0,440204.3455106352,48.41159439086914,0.5969310378736319,4.66,22239.61,0.656,0.13,528.28,0.052,5.68,36539.2,0.845,0.13,528.28,0.052,169165.69466180852,29.720905303955078,0.5063776485624861,2.02,3486.24,0.66,0.13,219.96,0.041,4.18,15612.8,0.711,0.13,219.96,0.041
03,0,8500,8500.0,453324.8838354415,49.926204681396484,0.5996778846140722,3.28,9666.0,0.838,0.13,490.68,0.051,6.68,35473.2,0.842,0.13,490.68,0.051,170372.7452785661,28.786224365234375,0.5081454470306298,1.83,3425.76,0.656,0.14,186.12,0.039,4.1,14276.2,0.693,0.14,186.12,0.039
03,0,9000,9000.0,473278.83015152765,52.29936981201172,0.6098595318745736,3.35,9996.48,0.842,0.15,481.28,0.051,7.75,36572.0,0.846,0.15,481.28,0.051,174393.9424461978,30.520559310913086,0.514701741399122,1.61,3089.37,0.649,0.15,174.84,0.038,3.7,13989.199999999999,0.689,0.15,174.84,0.038
03,0,9500,9500.0,488223.2001416683,52.99337387084961,0.6155006802296511,3.53,10998.72,0.856,0.18,507.6000000000001,0.052,8.74,37990.6,0.851,0.18,507.6000000000001,0.052,178571.65781950243,31.972455978393555,0.5220456980485139,1.43,3238.11,0.661,0.14,169.2,0.037,3.25,13817.000000000002,0.687,0.14,169.2,0.037
03,0,10000,10000.0,499014.1065508066,54.006744384765625,0.6200651483290339,3.42,11240.64,0.859,0.2,515.12,0.052,9.23,40491.6,0.86,0.2,515.12,0.052,182132.50363015293,32.72903823852539,0.5306867819986136,1.38,3390.87,0.671,0.14,167.32,0.037,3.15,14136.799999999997,0.694,0.14,167.32,0.037
03,0,10500,10500.0,505541.44308861636,54.736488342285156,0.6211406144890532,4.5,17214.39,0.882,0.2,577.16,0.053,9.58,42951.6,0.867,0.2,577.16,0.053,183926.19142292743,33.299564361572266,0.5381195165455742,1.53,4142.88,0.7,0.12,174.84,0.037,3.62,14514.0,0.702,0.12,174.84,0.037
03,0,11000,11000.0,506997.913449456,55.499752044677734,0.6193313555331406,2.94,11927.52,0.868,0.21,592.2,0.053,9.16,44960.6,0.874,0.21,592.2,0.053,182988.71143136354,32.69473648071289,0.5363336832385334,1.51,4168.8,0.701,0.12,176.72,0.038,3.85,15481.6,0.715,0.12,176.72,0.038
03,0,11500,11500.0,506002.51392658346,55.27075958251953,0.6151648126063478,4.1,25489.559999999998,0.676,0.19,641.08,0.054,8.63,46584.2,0.879,0.19,641.08,0.054,179418.34105680988,31.622413635253906,0.5277155062297396,2.38,5856.2,0.651,0.1,203.04,0.04,4.01,16416.4,0.727,0.1,203.04,0.04
03,0,12000,12000.0,505069.3870648291,50.823482513427734,0.6108829063495598,4.14,25710.37,0.677,0.18,656.12,0.055,7.69,45936.4,0.878,0.18,656.12,0.055,175940.1003813455,30.049631118774414,0.5143717346686643,3.32,7087.96,0.695,0.09,206.80000000000004,0.04,3.8,16719.8,0.731,0.09,206.80000000000004,0.04
03,0,12500,12500.0,506453.761539508,48.2999153137207,0.6085465730107339,4.18,26164.43,0.678,0.15,639.2,0.054,7.82,44985.2,0.877,0.15,639.2,0.054,175462.45835863077,29.489578247070312,0.5045915515206306,3.94,7888.96,0.72,0.08,214.31999999999996,0.041,3.58,16851.0,0.733,0.08,214.31999999999996,0.041
03,0,13000,13000.0,510629.9904726379,49.39432907104492,0.6043843571506021,4.67,15912.3,0.862,0.15,633.56,0.054,8.03,44370.2,0.875,0.15,633.56,0.054,181433.47284863822,32.4889030456543,0.5048349392358747,3.79,6150.9,0.717,0.08,218.07999999999998,0.042,3.15,15063.4,0.71,0.08,218.07999999999998,0.042
03,0,13500,13500.0,515663.1850679534,50.17844772338867,0.5991952645585995,4.72,15967.4,0.862,0.14,622.28,0.054,8.15,43829.0,0.873,0.14,622.28,0.054,192946.40521678128,36.38467788696289,0.5156830310663122,3.89,6269.8,0.721,0.08,169.2,0.037,2.74,13275.800000000001,0.683,0.08,169.2,0.037
03,0,14000,14000.0,524637.5784526076,51.27724075317383,0.5925169236175389,5.72,17542.1,0.878,0.15,618.52,0.054,8.02,43820.8,0.871,0.15,618.52,0.054,211527.79779653973,40.64720916748047,0.5304439733326091,4.25,7511.0,0.764,0.08,156.04,0.036,2.85,12636.2,0.67,0.08,156.04,0.036
03,0,14500,14500.0,534530.397499281,52.0113525390625,0.5846705852063874,5.8,17663.9,0.879,0.17,620.4,0.054,7.75,43960.2,0.87,0.17,620.4,0.054,231341.63686671027,42.51688766479492,0.5433560302747824,4.28,7606.7,0.767,0.11,148.52,0.035,2.87,12119.6,0.659,0.11,148.52,0.035
03,0,15000,15000.0,545081.2504869744,53.316165924072266,0.575013092991717,6.46,19215.4,0.891,0.18,620.4,0.054,7.81,44763.8,0.871,0.18,620.4,0.054,257116.12415153178,44.73749542236328,0.5596518249516304,2.48,4442.22,0.762,0.12,150.4,0.035,3.79,14112.2,0.692,0.12,150.4,0.035
03,0,15500,15500.0,552202.3667781542,53.742713928222656,0.561550081827001,6.51,19337.200000000004,0.892,0.21,642.96,0.054,7.74,45600.2,0.872,0.21,642.96,0.054,281235.7942418443,45.995479583740234,0.5679115845461516,3.04,5191.83,0.767,0.16,203.04,0.04,4.75,16211.4,0.721,0.16,203.04,0.04
03,0,16000,16000.0,562101.5602728956,55.58592987060547,0.5516992555712211,7.42,37587.46,0.733,0.22,650.48,0.054,7.99,47551.8,0.878,0.22,650.48,0.054,300766.12875109515,46.380062103271484,0.5699203914843424,2.97,5392.83,0.774,0.18,218.07999999999998,0.041,5.15,18220.4,0.746,0.18,218.07999999999998,0.041
03,0,16500,16500.0,567914.1516025142,56.541019439697266,0.5386307441019207,8.0,37568.8,0.732,0.24,703.12,0.055,8.16,49478.8,0.883,0.24,703.12,0.055,319405.5810721788,46.48588943481445,0.5690507136966011,2.84,5885.28,0.79,0.19,266.96,0.045,5.46,20122.8,0.767,0.19,266.96,0.045
03,0,17000,17000.0,578719.7815761159,60.041015625,0.5318095706191932,8.49,38607.54,0.737,0.25,718.16,0.055,8.54,52242.2,0.89,0.25,718.16,0.055,337776.50386984105,44.00894546508789,0.5754922965205409,4.54,12029.2,0.839,0.2,280.12,0.046,5.39,21951.4,0.783,0.2,280.12,0.046
03,0,17500,17500.0,584577.172067646,62.10880661010742,0.5212077004280564,8.85,39730.25,0.74,0.26,780.2000000000002,0.056,8.85,55087.600000000006,0.897,0.26,780.2000000000002,0.056,353889.2467904013,41.127769470214844,0.5804465985212668,5.38,12898.6,0.845,0.2,323.36,0.048,5.32,23845.6,0.797,0.2,323.36,0.048
03,0,18000,18000.0,598308.0114981793,62.88506317138672,0.5209566897871044,9.36,40955.59,0.742,0.27,799.0,0.057,8.8,58556.2,0.903,0.27,799.0,0.057,368932.37242604094,42.22970199584961,0.5897769886745011,5.5,12872.86,0.846,0.2,336.52,0.049,5.13,26961.600000000002,0.815,0.2,336.52,0.049
03,0,18500,18500.0,607245.6066723283,65.48056030273438,0.5171546941101446,9.33,41767.3,0.743,0.27,874.2000000000002,0.057,9.98,61713.200000000004,0.908,0.27,874.2000000000002,0.057,377586.1662966823,45.08034896850586,0.5927827136728364,4.81,10680.7,0.838,0.19,406.08,0.051,5.14,30077.6,0.83,0.19,406.08,0.051
03,0,19000,19000.0,617086.1474284997,67.23731231689453,0.5218603137567998,8.63,41322.57,0.738,0.27,900.52,0.057,11.48,63328.6,0.91,0.27,900.52,0.057,382012.70265777974,48.42678451538086,0.5941803469009591,4.12,9599.04,0.852,0.18,426.76,0.051,7.37,33505.2,0.845,0.18,426.76,0.051
03,0,19500,19500.0,628582.0421980277,68.71121978759766,0.5306949244763157,7.95,40355.36,0.736,0.19,923.08,0.057,12.82,64952.19999999999,0.912,0.19,923.08,0.057,386254.40818368585,50.11998748779297,0.596118957726215,4.61,9387.36,0.849,0.21,498.2,0.053,9.69,36703.2,0.857,0.21,498.2,0.053
03,0,20000,20000.0,639339.2455477677,68.8463134765625,0.5484725838060424,6.78,37009.0,0.721,0.2,932.48,0.057,13.03,66649.6,0.913,0.2,932.48,0.057,386866.4782913614,49.787960052490234,0.5980847137580072,6.34,14297.430000000002,0.872,0.24,520.76,0.053,10.9,36768.8,0.858,0.24,520.76,0.053
04,0,-20000,20000.0,1788590.2591346763,36.352657318115234,0.7148450484236527,3.18,89695.51000000001,0.782,0.06,1708.92,0.055,3.05,122942.6,0.87,0.06,1708.92,0.055,1935203.8290552674,47.18830490112305,0.7504269038134084,3.03,97650.89,0.807,0.27,5453.88,0.148,5.78,141015.4,0.889,0.27,5453.88,0.148
04,0,-19500,19500.0,1842216.5505080076,39.5772590637207,0.7172873298663157,3.64,91231.85,0.783,0.08,1795.4000000000003,0.056,3.1,127009.79999999999,0.874,0.08,1795.4000000000003,0.056,1949836.9748849494,44.177391052246094,0.7525534076122522,2.95,99759.47,0.807,0.3,5192.56,0.143,5.09,140810.4,0.891,0.3,5192.56,0.143
04,0,-19000,19000.0,1892828.2863710134,43.81694793701172,0.7211988932658258,4.2,94752.37,0.788,0.09,1825.4800000000002,0.056,3.88,133856.80000000002,0.88,0.09,1825.4800000000002,0.056,1967894.4038531699,37.559661865234375,0.7535908861095385,2.92,52246.4,0.909,0.3,5126.76,0.142,4.26,141376.2,0.895,0.3,5126.76,0.142
04,0,-18500,18500.0,1932161.155252326,46.16923141479492,0.722473719174993,4.39,97933.9,0.792,0.18,2647.04,0.076,4.74,140785.8,0.885,0.18,2647.04,0.076,1991466.850727962,37.746150970458984,0.755777053283054,3.0,52434.9,0.91,0.29,5312.88,0.148,4.13,142606.2,0.901,0.29,5312.88,0.148
04,0,-18000,18000.0,1954455.7601255085,49.026771545410156,0.7229925724303898,4.16,100720.46,0.794,0.23,2912.12,0.082,5.29,146657.0,0.889,0.23,2912.12,0.082,2019677.4550199327,40.07820129394531,0.7582830924316614,3.45,53328.09999999999,0.902,0.29,5378.68,0.15,4.0,144689.0,0.905,0.29,5378.68,0.15
04,0,-17500,17500.0,1967315.2893929146,49.64530563354492,0.7214349748209963,3.88,101641.02,0.795,0.26,3966.8000000000006,0.106,5.72,152216.6,0.893,0.26,3966.8000000000006,0.106,2046731.3528816754,42.383243560791016,0.7597231721728777,3.49,53423.8,0.902,0.34,5961.48,0.164,4.86,146657.0,0.909,0.34,5961.48,0.164
04,0,-17000,17000.0,1968136.7697280052,49.53994369506836,0.7206893153704266,3.57,53919.7,0.894,0.31,4278.88,0.113,5.69,153897.6,0.894,0.31,4278.88,0.113,2073495.9983144293,44.775146484375,0.7610873777724659,2.0,32270.04,0.904,0.35,6130.68,0.168,5.1,148436.4,0.909,0.35,6130.68,0.168
04,0,-16500,16500.0,1966538.6719364978,47.154903411865234,0.7209364242470107,3.3,47785.02,0.894,0.35,5215.12,0.135,5.45,154791.4,0.896,0.35,5215.12,0.135,2099287.9364008554,45.38356399536133,0.7619935891569352,2.44,37259.37,0.905,0.43,6551.8,0.175,5.11,149764.8,0.909,0.43,6551.8,0.175
04,0,-16000,16000.0,1959474.436693205,46.07644271850586,0.7239237939160467,2.33,32611.079999999994,0.895,0.36,5485.84,0.141,5.27,155627.8,0.896,0.36,5485.84,0.141,2118020.2914936985,43.81280517578125,0.7611413378296843,4.53,75378.0,0.902,0.46,6672.12,0.177,4.68,151314.6,0.907,0.46,6672.12,0.177
04,0,-15500,15500.0,1945972.021707423,47.07240295410156,0.7272489101827951,1.96,26411.0,0.896,0.34,5805.44,0.147,6.12,155685.2,0.896,0.34,5805.44,0.147,2133011.3715208904,42.20473861694336,0.7591641924930227,3.89,105009.15,0.799,0.48,6660.84,0.173,4.55,152856.2,0.907,0.48,6660.84,0.173
04,0,-15000,15000.0,1929637.4871145198,47.52362823486328,0.7327322409632693,1.82,26245.8,0.895,3.02,99795.85,0.305,6.46,155234.2,0.895,0.33,5895.68,0.148,2152017.726466855,39.201454162597656,0.7585449840054718,4.57,106334.01000000001,0.801,0.48,6660.84,0.172,3.91,154775.0,0.905,0.48,6660.84,0.172
04,0,-14500,14500.0,1909757.7316510133,47.78777313232422,0.736983225772922,2.1,36459.39,0.892,0.26,5726.48,0.144,6.37,154627.4,0.895,0.26,5726.48,0.144,2173062.3702304326,36.82553482055664,0.7581229725104032,4.79,107721.07,0.804,0.36,6878.920000000001,0.174,3.28,156939.8,0.905,0.36,6878.920000000001,0.174
04,0,-14000,14000.0,1884536.8377667095,44.96442413330078,0.7374452703396918,4.02,73733.76,0.889,0.26,5675.72,0.143,5.41,152503.6,0.893,0.26,5675.72,0.143,2202859.9874821077,39.52969741821289,0.7595061140579165,4.39,109786.11,0.809,0.33,6942.84,0.175,3.3,158719.2,0.905,0.33,6942.84,0.175
04,0,-13500,13500.0,1859037.2242479818,41.978538513183594,0.7364118998166886,2.93,48479.86,0.881,0.24,5405.0,0.139,5.55,150355.2,0.891,0.24,5405.0,0.139,2232651.1829290255,41.78783416748047,0.7598362849151801,3.55,111518.38,0.812,0.35,7254.920000000001,0.181,3.64,160933.2,0.905,0.35,7254.920000000001,0.181
04,0,-13000,13000.0,1835192.6909535087,37.15729522705078,0.7327138607642408,3.38,86367.81,0.778,0.24,5333.56,0.138,4.66,145263.0,0.888,0.24,5333.56,0.138,2261558.1434972472,43.38996124267578,0.7587963512547817,3.43,114385.8,0.815,0.38,7352.68,0.183,4.03,161884.4,0.905,0.38,7352.68,0.183
04,0,-12500,12500.0,1817355.805630044,40.17296600341797,0.729943846007697,3.76,87303.92000000001,0.779,0.22,4570.28,0.124,4.16,140244.6,0.884,0.22,4570.28,0.124,2288901.831044789,43.265830993652344,0.7571348373864778,3.23,116662.32,0.816,0.46,7704.239999999999,0.19,4.25,163114.4,0.905,0.46,7704.239999999999,0.19
04,0,-12000,12000.0,1810237.6853499329,44.19171905517578,0.7273050890076355,4.1,88687.87,0.782,0.21,4357.84,0.12,4.85,137268.0,0.882,0.21,4357.84,0.12,2311570.5562782562,43.22776412963867,0.7546836492643602,2.98,119442.66,0.817,0.48,7807.64,0.193,4.66,166140.2,0.909,0.48,7807.64,0.193
04,0,-11500,11500.0,1806234.956467432,47.08751678466797,0.7251718504316623,4.17,89558.67000000001,0.783,0.11,3635.92,0.104,5.58,135488.6,0.881,0.11,3635.92,0.104,2333667.890716196,44.20029830932617,0.7528320749251549,3.63,121134.5,0.817,0.44,8687.48,0.21,5.13,169412.0,0.914,0.44,8687.48,0.21
04,0,-11000,11000.0,1812203.426965259,50.08357620239258,0.7244089218405677,2.33,28701.299999999996,0.883,0.12,3440.4,0.099,6.33,136341.4,0.882,0.12,3440.4,0.099,2350980.7251776606,44.0510368347168,0.7516425474510167,4.56,122306.97,0.818,0.43,8946.92,0.215,5.26,173782.6,0.917,0.43,8946.92,0.215
04,0,-10500,10500.0,1818117.4526092934,51.64861297607422,0.7236750276632347,2.75,33030.33,0.884,0.15,3562.6,0.102,6.94,137825.6,0.885,0.15,3562.6,0.102,2365276.7236670563,43.91409683227539,0.7500994225771712,5.07,122334.96,0.818,0.32,9935.8,0.23,5.16,177997.4,0.921,0.32,9935.8,0.23
04,0,-10000,10000.0,1829182.8769744257,53.90635681152344,0.7246052983000174,2.71,33173.04,0.884,0.17,3600.1999999999994,0.103,7.04,139400.0,0.886,0.17,3600.1999999999994,0.103,2388910.444515206,49.949554443359375,0.7534088573083023,5.08,122515.34,0.82,0.3,10225.32,0.234,5.38,180785.4,0.922,0.3,10225.32,0.234
04,0,-9500,9500.0,1838847.1779251234,53.69298553466797,0.7246335708612636,4.04,95022.94,0.79,0.22,3833.32,0.107,6.92,140736.6,0.888,0.22,3833.32,0.107,2409436.8445131653,53.066532135009766,0.7565033190303211,4.47,122798.35,0.823,0.33,10798.72,0.241,6.21,182876.4,0.922,0.33,10798.72,0.241
04,0,-9000,9000.0,1850119.5286638127,48.286312103271484,0.7248669182525654,4.71,96179.86,0.792,0.24,3902.8800000000006,0.109,6.28,140548.0,0.888,0.24,3902.8800000000006,0.109,2438155.069001453,56.37886428833008,0.7626025991684742,4.07,124051.68,0.828,0.34,10964.16,0.243,7.27,183483.2,0.921,0.34,10964.16,0.243
04,0,-8500,8500.0,1860657.9439554955,46.48675537109375,0.7242163919241235,4.97,96829.85,0.793,0.34,3927.32,0.109,5.65,139859.2,0.887,0.34,3927.32,0.109,2463107.2990865256,57.616153717041016,0.7672331824762453,2.76,48250.08,0.921,0.34,11090.12,0.244,8.26,183581.6,0.921,0.34,11090.12,0.244
04,0,-8000,8000.0,1873127.8635879252,51.048919677734375,0.7239455636401158,5.03,97784.62,0.794,0.37,3932.9600000000005,0.109,5.9,139449.2,0.887,0.37,3932.9600000000005,0.109,2491946.5395644223,56.19425964355469,0.7707442599312231,3.81,70155.36,0.927,0.35,11122.08,0.244,8.5,183868.6,0.921,0.35,11122.08,0.244
04,0,-7500,7500.0,1899401.2263750841,52.474609375,0.7287577422145592,5.07,98359.97,0.795,0.37,3859.64,0.107,6.12,138768.6,0.887,0.37,3859.64,0.107,2524070.5913367704,54.873985290527344,0.7734713810955831,3.92,129733.65,0.834,0.34,11191.64,0.246,8.41,184442.6,0.922,0.34,11191.64,0.246
04,0,-7000,7000.0,1914657.2076993822,55.26751708984375,0.7278829622785208,5.01,98167.15,0.794,0.38,3837.08,0.107,6.45,139523.0,0.888,0.38,3837.08,0.107,2556370.547625473,51.14729690551758,0.7727711028904597,4.32,132977.38,0.836,0.34,11216.08,0.246,7.27,184721.4,0.924,0.34,11216.08,0.246
04,0,-6500,6500.0,1930682.0218181123,56.536407470703125,0.7260802253227416,5.07,97657.11,0.793,0.31,3773.16,0.104,6.94,140630.0,0.888,0.31,3773.16,0.104,2587428.367467479,49.43673324584961,0.7701873257937024,4.65,135493.37,0.837,0.32,11451.08,0.252,6.06,184942.8,0.925,0.32,11451.08,0.252
04,0,-6000,6000.0,1949820.1966542855,54.735408782958984,0.723667318036914,5.4,97881.03,0.794,0.29,3754.36,0.103,7.23,142737.4,0.889,0.29,3754.36,0.103,2615736.7766338126,48.14552307128906,0.7648662182466592,4.8,138373.23,0.837,0.33,11518.76,0.253,5.74,185943.2,0.926,0.33,11518.76,0.253
04,0,-5500,5500.0,1971050.8538034724,53.48857498168945,0.7211065613197848,5.8,99128.14,0.795,0.21,3739.32,0.101,7.48,145008.8,0.891,0.21,3739.32,0.101,2643441.2078467505,47.9127082824707,0.7589849653869488,4.76,140316.98,0.835,0.33,11810.16,0.258,6.53,187296.2,0.928,0.33,11810.16,0.258
04,0,-5000,5000.0,1994902.5612000204,51.385154724121094,0.7205278277710863,6.22,101264.71,0.797,0.23,3739.32,0.1,7.92,146493.0,0.891,0.23,3739.32,0.1,2665908.9646052206,47.02545166015625,0.7522517408129119,4.56,141365.05,0.83,0.33,11896.64,0.259,6.16,191707.8,0.929,0.33,11896.64,0.259
04,0,-4500,4500.0,2019757.7309460195,53.55883026123047,0.7209168903759879,6.32,102953.44,0.799,0.26,3701.7200000000003,0.098,8.35,148256.0,0.892,0.26,3701.7200000000003,0.098,2680843.794351477,48.421241760253906,0.7446210368999086,4.33,76221.86,0.929,0.31,12840.4,0.271,5.77,196570.4,0.931,0.31,12840.4,0.271
04,0,-4000,4000.0,2048658.8577884347,57.54848098754883,0.7239650002135788,3.24,32873.82,0.896,0.27,3697.9600000000005,0.098,8.8,151322.8,0.894,0.27,3697.9600000000005,0.098,2692543.6216053395,52.85821533203125,0.7397598292747954,4.38,76207.56,0.928,0.3,13120.520000000002,0.274,6.24,201826.6,0.932,0.3,13120.520000000002,0.274
04,0,-3500,3500.0,2078555.3583025672,59.96582794189453,0.7278367570683681,3.87,37687.5,0.897,0.36,3921.68,0.102,9.11,155135.8,0.896,0.36,3921.68,0.102,2700858.7747239806,53.35413360595703,0.7356111864185101,5.19,144590.12,0.834,0.42,14276.72,0.287,7.52,207099.2,0.933,0.42,14276.72,0.287
04,0,-3000,3000.0,2111917.2359743826,63.08155822753906,0.7340597000404938,3.77,38075.43,0.897,0.39,3993.1199999999994,0.103,8.9,160129.6,0.899,0.39,3993.1199999999994,0.103,2712443.596879802,52.84636688232422,0.7368599779838093,5.64,146919.51,0.839,0.48,14613.24,0.291,8.28,212109.4,0.932,0.48,14613.24,0.291
04,0,-2500,2500.0,2141720.327749409,63.040138244628906,0.7395145476116917,3.45,38911.59,0.9,0.43,4352.2,0.107,8.83,164762.6,0.901,0.43,4352.2,0.107,2720001.627739367,53.15201950073242,0.7390259079317588,5.8,147861.84,0.842,0.56,15645.36,0.3,8.78,216644.0,0.932,0.56,15645.36,0.3
04,0,-2000,2000.0,2153836.06415783,55.84354782104492,0.7429078652931456,5.18,106909.36,0.803,0.44,4461.24,0.109,8.37,166189.4,0.902,0.44,4461.24,0.109,2727769.3728303793,52.57802200317383,0.7454796230161801,5.55,147015.92,0.842,4.77,219302.93,0.461,8.97,217906.8,0.931,0.59,15949.92,0.302
04,0,-1500,1500.0,2162692.8328641574,57.02532958984375,0.7468042330496707,5.24,107133.28,0.803,0.76,8087.760000000001,0.194,7.64,166747.0,0.902,0.76,8087.760000000001,0.194,2736091.807869576,51.90160369873047,0.7529121948593211,2.41,37101.4,0.932,4.19,213228.4,0.454,10.05,218480.8,0.93,0.52,16277.04,0.305
04,0,-1000,1000.0,2161258.1089381184,55.75077438354492,0.7488242009538751,5.07,106287.36,0.801,5.95,137677.54,0.367,7.65,165672.8,0.902,0.76,8213.72,0.196,2752483.433197871,55.51800537109375,0.7627898366425299,2.29,36887.2,0.932,4.0,211174.04,0.452,9.72,217570.6,0.93,0.54,16372.92,0.306
04,0,-500,500.0,2156627.664348288,53.31544494628906,0.749531726120438,4.7,56349.9,0.899,4.26,136065.93,0.364,8.15,164738.0,0.902,0.49,4871.08,0.118,2764093.8624471324,56.07724380493164,0.7707302206134283,2.97,51918.3,0.936,4.48,210093.73,0.451,8.75,215865.0,0.93,0.59,16357.880000000001,0.306
04,0,0,0.0,2164364.0571773495,51.85309982299805,0.7507466369742983,2.81,34070.94,0.9,4.4,140581.98,0.37,8.77,165787.6,0.903,0.52,4953.8,0.12,2763063.7093828176,54.41359329223633,0.7731251773128961,4.49,78566.34,0.935,4.58,213033.59,0.453,8.59,212175.0,0.93,0.6,16359.76,0.307
04,0,500,500.0,2168491.1328062024,51.72364044189453,0.7487618867248204,3.32,39331.68,0.901,5.12,146001.24,0.377,9.19,166550.2,0.904,0.68,5406.88,0.129,2758294.2848543115,52.1833381652832,0.7736609484479514,4.1,77691.87,0.933,4.52,215991.16,0.456,8.63,208370.2,0.93,0.54,15651.0,0.301
04,0,1000,1000.0,2169171.3070471254,47.07761764526367,0.7435614290266517,6.43,79547.76,0.899,6.2,152235.16,0.384,8.63,164713.4,0.903,0.72,5534.72,0.132,2748591.566199026,46.196529388427734,0.7712966901315911,2.65,53730.0,0.932,4.67,217124.6,0.457,8.12,205172.2,0.929,0.53,15449.840000000002,0.299
04,0,1500,1500.0,2149736.4212036966,42.56547546386719,0.731181160368895,4.18,61535.76,0.904,0.66,5339.2,0.129,7.63,162466.6,0.901,0.66,5339.2,0.129,2745601.386774149,44.7110595703125,0.7707052087348338,2.61,53555.04,0.932,0.42,14581.28,0.289,7.36,202835.2,0.928,0.42,14581.28,0.289
04,0,2000,2000.0,2151932.5394224036,38.536476135253906,0.7259661456864472,4.26,61670.18,0.904,0.64,5284.68,0.128,5.41,160178.8,0.9,0.64,5284.68,0.128,2744966.7491737935,44.602657318115234,0.7692446820750146,2.6,53939.52,0.933,0.39,14342.520000000002,0.286,6.92,202925.4,0.928,0.39,14342.520000000002,0.286
04,0,2500,2500.0,2160302.5274465177,38.45265579223633,0.7231002734226848,3.97,53507.64,0.905,0.39,4867.32,0.121,4.4,159153.8,0.899,0.39,4867.32,0.121,2745537.0562438257,44.454856872558594,0.7676415146513522,2.73,55188.0,0.936,0.33,14071.799999999997,0.282,6.56,204663.8,0.93,0.33,14071.799999999997,0.282
04,0,3000,3000.0,2175825.613486,46.81418228149414,0.723524613167196,5.69,115869.27,0.812,0.36,4750.76,0.119,4.17,163983.6,0.901,0.36,4750.76,0.119,2749974.233549563,44.23640060424805,0.7661629084230098,2.79,55023.84,0.935,0.33,14017.28,0.281,6.42,207681.4,0.931,0.33,14017.28,0.281
04,0,3500,3500.0,2188252.4690770432,50.66574478149414,0.7241984171409389,5.93,116932.89,0.813,0.43,5589.24,0.135,5.55,169707.2,0.904,0.43,5589.24,0.135,2757123.7017829665,44.58245086669922,0.7650185681132179,2.97,55002.24,0.936,0.37,14746.72,0.29,7.16,210510.40000000002,0.933,0.37,14746.72,0.29
04,0,4000,4000.0,2210298.2218633206,56.024635314941406,0.7322067719056337,3.95,45979.92,0.909,0.46,5837.4,0.139,7.29,173577.6,0.906,0.46,5837.4,0.139,2764829.489374527,43.4224739074707,0.7652877789984447,2.86,54864.0,0.934,0.38,14957.28,0.292,7.41,209993.79999999996,0.933,0.38,14957.28,0.292
04,0,4500,4500.0,2228896.689444811,60.04574203491211,0.7407058852040198,3.87,46020.96,0.91,4.97,137518.15,0.356,8.53,176045.8,0.907,0.65,7083.84,0.163,2768577.5337928105,42.56101989746094,0.7651131532153727,3.72,79036.02,0.937,0.47,15030.6,0.294,7.49,208837.6,0.933,0.47,15030.6,0.294
04,0,5000,5000.0,2245026.6446706755,60.36592483520508,0.7502479416208494,2.38,29649.2,0.908,4.5,138138.0,0.357,8.27,175521.0,0.907,0.7,7442.920000000001,0.169,2768195.4595866064,45.91717529296875,0.7654960247542183,3.22,70742.66,0.921,0.49,15053.159999999998,0.294,6.92,207927.4,0.931,0.49,15053.159999999998,0.294
04,0,5500,5500.0,2259191.3602056107,56.33942413330078,0.758860213053621,3.0,41801.97,0.908,4.1,139696.48,0.36,8.83,173979.4,0.906,0.8,7845.239999999999,0.178,2767872.7377542267,47.98131561279297,0.7671742615118157,2.7,55458.0,0.925,0.47,14831.32,0.291,6.75,207484.6,0.93,0.47,14831.32,0.291
04,0,6000,6000.0,2265332.470227456,45.030517578125,0.7621173006529758,2.73,41084.4,0.906,4.14,144425.05,0.367,8.16,171847.4,0.905,0.83,7956.16,0.181,2758997.49212824,50.22509765625,0.7693751244789269,2.62,55425.600000000006,0.925,0.48,14788.08,0.291,7.47,209255.8,0.928,0.48,14788.08,0.291
04,0,6500,6500.0,2278408.612532505,44.11032485961914,0.7658092923203735,9.51,190519.32,0.899,4.21,150092.25,0.376,7.25,169945.0,0.904,0.73,7672.28,0.177,2745442.586869142,50.819786071777344,0.7715458752467975,3.68,138354.57,0.828,0.41,15051.28,0.29,8.01,211281.20000000004,0.926,0.41,15051.28,0.29
04,0,7000,7000.0,2293192.5904870774,42.68746566772461,0.7655311373049458,3.57,80082.24,0.899,4.26,156963.73,0.385,5.19,166812.6,0.902,0.7,7593.32,0.177,2720406.302360133,49.3728141784668,0.7723633685761155,3.81,136152.69,0.828,0.42,15128.36,0.29,7.69,211486.20000000004,0.926,0.42,15128.36,0.29
04,0,7500,7500.0,2314946.868558449,41.51585388183594,0.7654525407758886,1.8,39219.12,0.899,4.24,164348.8,0.394,4.69,164237.8,0.901,0.5,7093.239999999999,0.17,2690561.0063229874,47.79427719116211,0.7718539972450349,4.41,134072.1,0.828,0.54,15165.96,0.291,7.23,211461.6,0.927,0.54,15165.96,0.291
04,0,8000,8000.0,2348126.907158276,40.871681213378906,0.7649858009579187,2.71,59522.5,0.903,3.79,170423.33,0.401,4.35,164647.8,0.901,0.44,6961.64,0.168,2650879.7876578476,47.757938385009766,0.76664448323828,5.56,133123.55,0.831,0.57,15177.24,0.291,6.87,209165.6,0.926,0.57,15177.24,0.291
04,0,8500,8500.0,2387517.817402075,40.6351432800293,0.7656784423809215,2.74,59713.9,0.904,0.34,7029.32,0.169,3.8,165845.0,0.903,0.34,7029.32,0.169,2612352.162237815,47.90994644165039,0.7603787866578778,6.48,133484.31,0.831,0.59,14742.96,0.286,6.27,206164.4,0.925,0.59,14742.96,0.286
04,0,9000,9000.0,2428287.6835639034,40.88442611694336,0.7671834580189506,3.19,122624.19,0.818,0.31,7065.04,0.17,3.54,169149.6,0.904,0.31,7065.04,0.17,2589416.1146846265,51.90491485595703,0.7552425919989914,7.39,134096.98,0.831,0.62,14618.880000000001,0.285,6.02,201654.4,0.924,0.62,14618.880000000001,0.285
04,0,9500,9500.0,2466376.298412899,40.452606201171875,0.7687435200382772,3.24,124539.95,0.819,0.32,7873.4400000000005,0.185,3.87,172897.0,0.907,0.32,7873.4400000000005,0.185,2577113.364142905,53.502357482910156,0.7517043754082042,7.79,134858.93,0.829,0.66,13586.76,0.273,6.91,197267.4,0.923,0.66,13586.76,0.273
04,0,10000,10000.0,2492993.5212844633,43.08503723144531,0.7703428786745479,2.98,125631.56,0.82,0.32,8110.32,0.189,4.44,177390.6,0.909,0.32,8110.32,0.189,2588918.3221309036,59.06816482543945,0.7514721007298831,7.2,135042.42,0.825,0.67,13291.6,0.27,8.27,194290.8,0.923,0.67,13291.6,0.27
04,0,10500,10500.0,2515754.545148179,43.94896697998047,0.7725210954719137,1.82,44350.65,0.911,0.35,9279.68,0.209,4.97,181744.8,0.911,0.35,9279.68,0.209,2606709.606721659,61.68327331542969,0.7516105347139477,6.06,135903.89,0.825,0.53,12631.72,0.263,9.62,192298.2,0.924,0.53,12631.72,0.263
04,0,11000,11000.0,2528879.050557989,43.739234924316406,0.7745958253494011,1.79,44732.55,0.912,0.35,9612.44,0.214,5.0,185877.6,0.913,0.35,9612.44,0.214,2630838.616478422,62.23735427856445,0.7508106042841506,2.39,33146.4,0.926,0.52,12456.880000000001,0.262,10.57,193487.2,0.925,0.52,12456.880000000001,0.262
04,0,11500,11500.0,2538672.732627756,42.845436096191406,0.7761871099613151,1.72,45532.53,0.913,0.33,10623.88,0.229,4.85,189461.0,0.915,0.33,10623.88,0.229,2652400.15889109,60.541290283203125,0.7488376260995725,3.43,48183.72,0.924,0.5,12782.119999999999,0.267,11.05,195602.8,0.925,0.5,12782.119999999999,0.267
04,0,12000,12000.0,2541619.1973864418,40.915775299072266,0.7757670723990826,2.65,123833.98,0.819,0.34,10915.28,0.233,4.3,190723.8,0.916,0.34,10915.28,0.233,2662537.5244312445,54.218997955322266,0.7447521759941077,6.87,97442.64,0.921,0.53,12881.76,0.268,9.69,198636.8,0.925,0.53,12881.76,0.268
04,0,12500,12500.0,2547697.587823524,38.49608612060547,0.7756349100980988,2.72,124558.61,0.82,0.32,11287.52,0.238,3.98,191150.2,0.916,0.32,11287.52,0.238,2668856.1548611904,50.301021575927734,0.7404324039233097,13.4,221631.53,0.917,0.59,13481.479999999998,0.274,7.81,201867.6,0.926,0.59,13481.479999999998,0.274
04,0,13000,13000.0,2558039.2590643256,36.66059112548828,0.7761536464352534,2.69,126219.35,0.822,0.32,11394.68,0.24,3.64,189026.4,0.915,0.32,11394.68,0.24,2665891.4035438066,51.35540771484375,0.7360259389963519,4.14,142360.25,0.828,0.61,13660.08,0.276,5.86,204188.2,0.924,0.61,13660.08,0.276
04,0,13500,13500.0,2569690.725925633,36.702545166015625,0.7767021934806199,1.75,44197.89,0.912,0.28,11169.08,0.238,3.52,186484.4,0.915,0.28,11169.08,0.238,2664613.145784233,51.55411148071289,0.733235395170083,4.92,143283.92,0.834,0.62,13932.68,0.276,5.66,206558.0,0.924,0.62,13932.68,0.276
04,0,14000,14000.0,2586862.161534048,36.48823928833008,0.7780193135970519,1.68,44416.98,0.912,0.29,11103.28,0.238,3.73,185197.0,0.915,0.29,11103.28,0.238,2671593.6330673564,50.824344635009766,0.7347870898977279,5.89,143983.67,0.835,0.62,14013.520000000002,0.276,5.63,209346.0,0.923,0.62,14013.520000000002,0.276
04,0,14500,14500.0,2604672.0769810374,35.546287536621094,0.7795678487357707,2.41,130215.7,0.824,0.29,10860.76,0.236,4.01,184787.0,0.915,0.29,10860.76,0.236,2678825.617978886,49.994224548339844,0.737462526295449,6.36,144720.74,0.837,0.63,14648.96,0.282,6.07,211912.6,0.923,0.63,14648.96,0.282
04,0,15000,15000.0,2623629.936876298,35.49293899536133,0.7810089631485437,2.47,131419.27,0.825,0.29,10798.72,0.235,4.15,187722.6,0.916,0.29,10798.72,0.235,2689914.3705322226,51.739044189453125,0.7417476642533185,6.3,145090.83,0.839,0.63,14868.92,0.284,7.34,212585.0,0.925,0.63,14868.92,0.284
04,0,15500,15500.0,2639264.861903252,35.96030044555664,0.7818815500677806,2.28,67082.8,0.915,0.3,11347.68,0.242,4.21,191101.0,0.917,0.3,11347.68,0.242,2699476.8593775835,53.95359802246094,0.7448518408108078,6.0,145143.7,0.838,0.7,15211.08,0.29,8.47,213019.59999999998,0.927,0.7,15211.08,0.29
04,0,16000,16000.0,2650524.1966288667,36.62712860107422,0.7826442378353267,2.6,67506.2,0.915,0.31,11511.24,0.244,4.06,193520.0,0.918,0.31,11511.24,0.244,2703726.718377389,55.70199966430664,0.7433501938912579,5.55,145722.16,0.838,0.75,15314.479999999998,0.292,9.03,211650.2,0.928,0.75,15314.479999999998,0.292
04,0,16500,16500.0,2657151.1520659095,36.59123992919922,0.782131574097053,2.67,67541.0,0.915,0.31,12016.96,0.25,3.84,195217.4,0.918,0.31,12016.96,0.25,2713179.5825377237,56.88199996948242,0.74116880080896,5.3,146903.96,0.838,0.84,15207.32,0.293,9.15,210428.4,0.93,0.84,15207.32,0.293
04,0,17000,17000.0,2665454.8502302873,38.63447189331055,0.7813232295793386,1.65,40709.04,0.916,0.32,12157.96,0.251,4.01,194946.8,0.919,0.32,12157.96,0.251,2721305.258725935,55.55654525756836,0.7351741368103437,5.2,149659.42,0.84,7.93,242963.49,0.474,8.33,208198.0,0.93,0.86,15192.28,0.293
04,0,17500,17500.0,2678732.110783472,39.326377868652344,0.7807559177458901,1.96,47019.93,0.917,0.35,12150.44,0.251,4.66,194331.8,0.919,0.35,12150.44,0.251,2732582.2941378406,54.259368896484375,0.7296087405598144,5.23,152337.13,0.841,0.7,14801.24,0.29,7.31,205959.4,0.931,0.7,14801.24,0.29
04,0,18000,18000.0,2703080.4314087494,37.87978744506836,0.780530734115828,1.96,47050.08,0.916,0.35,12150.44,0.251,4.81,193790.6,0.918,0.35,12150.44,0.251,2750753.0288381036,52.47751998901367,0.7252141549535559,5.16,156122.0,0.842,0.64,14684.68,0.289,6.92,206558.0,0.93,0.64,14684.68,0.289
04,0,18500,18500.0,2731503.134880122,35.6090202331543,0.7805797813135115,3.17,137661.04,0.83,0.34,12001.92,0.249,4.73,193183.8,0.918,0.34,12001.92,0.249,2773536.3973046285,51.48762130737305,0.7228588212955338,5.43,159636.3,0.845,0.57,14748.6,0.289,6.88,207984.8,0.931,0.57,14748.6,0.289
04,0,19000,19000.0,2765671.2224952886,36.12882995605469,0.7814085920688271,3.05,140954.53,0.832,0.34,11960.56,0.248,4.13,193397.0,0.918,0.34,11960.56,0.248,2803353.3851043666,52.330265045166016,0.7246443973479275,6.45,163738.39,0.851,0.59,14771.159999999998,0.289,7.58,213454.2,0.931,0.59,14771.159999999998,0.289
04,0,19500,19500.0,2796944.227236386,36.658912658691406,0.7816539846546291,2.79,143607.36,0.834,0.34,11766.92,0.244,3.72,194044.8,0.918,0.34,11766.92,0.244,2835092.209505992,54.2451057434082,0.7283706309052543,6.96,165470.65999999997,0.852,0.64,15647.24,0.295,8.3,219620.6,0.932,0.64,15647.24,0.295
04,0,20000,20000.0,2829911.1028792,37.117244720458984,0.7830415686879916,2.59,146760.9,0.836,0.36,11718.04,0.243,3.83,197160.8,0.919,0.36,11718.04,0.243,2872255.8511413685,54.42390823364258,0.7364621982124279,6.66,165542.19,0.853,0.66,15910.44,0.297,8.4,223933.79999999996,0.932,0.66,15910.44,0.297
05,0,-20000,20000.0,0.47319571887527445,4.985107807442546e-06,0.001287085507046687,0.0,0.0,0.0,0.0,0.0,0.0,0.0,0.0,0.0,0.0,0.0,0.0,1.707754949170237,2.267589843540918e-05,0.006044968023933164,0.0,0.0,0.0,0.0,0.0,0.0,0.0,0.0,0.0,0.0,0.0,0.0
05,0,-19500,19500.0,0.46538752857827603,4.881861059402581e-06,0.0012750363471952283,0.0,0.0,0.001,0.0,0.0,0.001,0.0,0.0,0.001,0.0,0.0,0.0,0.12389246330712922,4.231514594721375e-06,0.0004742970257864216,0.0,0.0,0.0,0.0,0.0,0.0,0.0,0.0,0.0,0.0,0.0,0.0
05,0,-19000,19000.0,0.37735778817022947,4.222113147989148e-06,0.0010529267862874753,0.0,0.0,0.001,0.0,0.0,0.001,0.0,0.0,0.001,0.0,0.0,0.0,0.3812471615226798,4.2288288568670396e-06,0.0015567425522444323,0.0,0.0,0.0,0.0,0.0,0.0,0.0,0.0,0.0,0.0,0.0,0.0
05,0,-18500,18500.0,0.4375520657433185,4.763192919199355e-06,0.0012485788850486919,0.0,0.0,0.001,0.0,0.0,0.001,0.0,0.0,0.001,0.0,0.0,0.0,0.09610980787329026,4.223179985274328e-06,0.00041561800735821845,0.0,0.0,0.0,0.0,0.0,0.0,0.0,0.0,0.0,0.0,0.0,0.0
05,0,-18000,18000.0,0.8623806588559546,1.057921599567635e-05,0.0025360713113711797,0.0,0.0,0.001,0.0,0.0,0.001,0.0,0.0,0.001,0.0,0.0,0.0,0.2950567477789434,4.22883431383525e-06,0.0013137645385734717,0.0,0.0,0.0,0.0,0.0,0.0,0.0,0.0,0.0,0.0,0.0,0.0
05,0,-17500,17500.0,0.12287394561667497,9.833503327172366e-07,0.0003714079952557071,0.0,0.0,0.001,0.0,0.0,0.001,0.0,0.0,0.001,0.0,0.0,0.0,1.1909556209211303,1.4178737728798296e-05,0.005406926750990016,0.0,0.0,0.0,0.0,0.0,0.0,0.0,0.0,0.0,0.0,0.0,0.0
05,0,-17000,17000.0,0.08525011752951173,6.948155828467861e-07,0.00026542754588664377,0.0,0.0,0.001,0.0,0.0,0.001,0.0,0.0,0.001,0.0,0.0,0.001,0.03286619730715756,4.21660433858051e-06,0.00014844522357789817,0.0,0.0,0.0,0.0,0.0,0.0,0.0,0.0,0.0,0.0,0.0,0.0
05,0,-16500,16500.0,0.09500391575301137,9.098651503336441e-07,0.0003055873461737596,0.0,0.0,0.001,0.0,0.0,0.001,0.0,0.0,0.001,0.0,0.0,0.0,0.06572762140422128,4.2165247577941045e-06,0.00029351457467770964,0.0,0.0,0.0,0.0,0.0,0.0,0.0,0.0,0.0,0.0,0.0,0.0
05,0,-16000,16000.0,0.09404839601288018,4.215010449115653e-06,0.00031245612108158537,0.0,0.0,0.001,0.0,0.0,0.001,0.0,0.0,0.001,0.0,0.0,0.0,0.022753638222638983,4.2164524529653136e-06,9.946819802213706e-05,0.0,0.0,0.0,0.0,0.0,0.0,0.0,0.0,0.0,0.0,0.0,0.0
05,0,-15500,15500.0,0.09569418100170424,4.2143178689002525e-06,0.0003299064423026486,0.0,0.0,0.001,0.0,0.0,0.001,0.0,0.0,0.001,0.0,0.0,0.0,0.16091028786320294,4.229933438182343e-06,0.0006822054827504693,0.0,0.0,0.0,0.0,0.0,0.0,0.0,0.0,0.0,0.0,0.0,0.0
05,0,-15000,15000.0,0.12417610420882852,4.216494289721595e-06,0.0004432543878109152,0.0,0.0,0.001,0.0,0.0,0.001,0.0,0.0,0.001,0.0,0.0,0.0,0.1494275686269475,4.225831617077347e-06,0.0006164040602236037,0.0,0.0,0.0,0.0,0.0,0.0,0.0,0.0,0.0,0.0,0.0,0.0
05,0,-14500,14500.0,0.12386699191679895,4.2239589674863964e-06,0.00045730794609438047,0.0,0.0,0.001,0.0,0.0,0.001,0.0,0.0,0.001,0.0,0.0,0.0,0.4291633421161123,4.520471520663705e-06,0.0017200479113352984,0.0,0.0,0.0,0.0,0.0,0.0,0.0,0.0,0.0,0.0,0.0,0.0
05,0,-14000,14000.0,1.0807097347260708,1.2903560673294123e-05,0.004122456173463119,0.0,0.0,0.001,0.0,0.0,0.001,0.0,0.0,0.001,0.0,0.0,0.0,0.4664376909587986,4.984424776921514e-06,0.0018154550541331028,0.0,0.0,0.0,0.0,0.0,0.0,0.0,0.0,0.0,0.0,0.0,0.0
05,0,-13500,13500.0,0.11194905233011809,4.223036285111448e-06,0.00044292118821946094,0.0,0.0,0.001,0.0,0.0,0.001,0.0,0.0,0.001,0.0,0.0,0.0,0.17046387225718718,4.23073743149871e-06,0.0006477513104441299,0.0,0.0,0.0,0.0,0.0,0.0,0.0,0.0,0.0,0.0,0.0,0.0
05,0,-13000,13000.0,0.08996705649906289,8.181026487363852e-07,0.0003684064730084957,0.0,0.0,0.001,0.0,0.0,0.001,0.0,0.0,0.001,0.0,0.0,0.001,1.8659556220967488,2.6140436602872796e-05,0.0069287760635436,0.0,0.0,0.0,0.0,0.0,0.0,0.0,0.0,0.0,0.0,0.0,0.0
05,0,-12500,12500.0,0.0903745111003218,8.494522489854717e-07,0.00038456019211954227,0.0,0.0,0.001,0.0,0.0,0.001,0.0,0.0,0.001,0.0,0.0,0.001,0.19232723889217596,4.227099452691618e-06,0.0007046728458447309,0.0,0.0,0.0,0.0,0.0,0.0,0.0,0.0,0.0,0.0,0.0,0.0
05,0,-12000,12000.0,1.0694209994653647,1.3060617675364483e-05,0.004698277277847648,0.0,0.0,0.001,0.0,0.0,0.001,0.0,0.0,0.001,0.0,0.0,0.001,0.21107258867232304,4.225357770337723e-06,0.0007525815481482875,0.0,0.0,0.0,0.0,0.0,0.0,0.0,0.0,0.0,0.0,0.0,0.0
05,0,-11500,11500.0,1.0511297022183896,1.2832218999392353e-05,0.004760404216156628,0.0,0.0,0.001,0.0,0.0,0.001,0.0,0.0,0.001,0.0,0.0,0.001,0.169551798444445,4.225010343361646e-06,0.000589687208476634,0.0,0.0,0.0,0.0,0.0,0.0,0.0,0.0,0.0,0.0,0.0,0.0
05,0,-11000,11000.0,1.0913789333322654,1.352759136352688e-05,0.00502582477648686,0.0,0.0,0.001,0.0,0.0,0.001,0.0,0.0,0.001,0.0,0.0,0.001,1.0542189182459083,1.3099065654387232e-05,0.003480307295243293,0.0,0.0,0.0,0.0,0.0,0.0,0.0,0.0,0.0,0.0,0.0,0.0
05,0,-10500,10500.0,1.1573960521054971,1.392501508235e-05,0.005428784882950346,0.0,0.0,0.001,0.0,0.0,0.001,0.0,0.0,0.001,0.0,0.0,0.001,1.0525645374727333,1.227303800988011e-05,0.0033067390417387084,0.0,0.0,0.0,0.0,0.0,0.0,0.0,0.0,0.0,0.0,0.0,0.0
05,0,-10000,10000.0,1.8403184711452525,2.60216293099802e-05,0.008783685191956154,0.0,0.0,0.001,0.0,0.0,0.001,0.0,0.0,0.001,0.0,0.0,0.001,0.8544124890136118,1.0876009582716506e-05,0.0025521816019984313,0.0,0.0,0.0,0.0,0.0,0.0,0.0,0.0,0.0,0.0,0.0,0.0
05,0,-9500,9500.0,0.40844842426679406,4.409605935506988e-06,0.0019955237225041523,0.0,0.0,0.001,0.0,0.0,0.001,0.0,0.0,0.001,0.0,0.0,0.001,0.02274927019243478,4.216039542370709e-06,6.512949879216877e-05,0.0,0.0,0.0,0.0,0.0,0.0,0.0,0.0,0.0,0.0,0.0,0.0
05,0,-9000,9000.0,0.3899957207075033,4.245944637659704e-06,0.001994254008346741,0.0,0.0,0.001,0.0,0.0,0.001,0.0,0.0,0.0,0.0,0.0,0.001,0.22960817001305145,4.230035301588941e-06,0.0006445402929514628,0.0,0.0,0.0,0.0,0.0,0.0,0.0,0.0,0.0,0.0,0.0,0.0
05,0,-8500,8500.0,0.43275632773926986,4.679999619838782e-06,0.0023385049639032436,0.0,0.0,0.001,0.0,0.0,0.001,0.0,0.0,0.0,0.0,0.0,0.0,0.22219520886039845,4.223611540510319e-06,0.0006155539510344654,0.0,0.0,0.0,0.0,0.0,0.0,0.0,0.0,0.0,0.0,0.0,0.0
05,0,-8000,8000.0,0.38869714398614974,4.227765657560667e-06,0.002260520004827971,0.0,0.0,0.001,0.0,0.0,0.001,0.0,0.0,0.0,0.0,0.0,0.0,0.08528024419760527,4.225314114592038e-06,0.0002385541285846917,0.0,0.0,0.0,0.0,0.0,0.0,0.0,0.0,0.0,0.0,0.0,0.0
05,0,-7500,7500.0,0.11779779626621689,4.229414571454981e-06,0.0007436399988038065,0.0,0.0,0.0,0.0,0.0,0.0,0.0,0.0,0.0,0.0,0.0,0.0,0.38590638637288066,4.2238907553837635e-06,0.0010977020356869463,0.0,0.0,0.0,0.0,0.0,0.0,0.0,0.0,0.0,0.0,0.0,0.0
05,0,-7000,7000.0,0.13676435021920952,4.224987605994102e-06,0.0009450963611683521,0.0,0.0,0.0,0.0,0.0,0.0,0.0,0.0,0.0,0.0,0.0,0.0,0.12873728426967546,4.227038061799249e-06,0.0003768238662760342,0.0,0.0,0.0,0.0,0.0,0.0,0.0,0.0,0.0,0.0,0.0,0.0
05,0,-6500,6500.0,0.41022880332377554,4.5020638026471715e-06,0.0031214577100577216,0.0,0.0,0.0,0.0,0.0,0.0,0.0,0.0,0.0,0.0,0.0,0.0,0.47088338160534704,4.936491222906625e-06,0.0014211110820654808,0.0,0.0,0.001,0.0,0.0,0.001,0.0,0.0,0.0,0.0,0.0,0.0
05,0,-6000,6000.0,0.09245369506558632,4.214407908875728e-06,0.0007649469122099144,0.0,0.0,0.0,0.0,0.0,0.0,0.0,0.0,0.0,0.0,0.0,0.0,0.2697103017681002,4.231344973959494e-06,0.0008389280442924417,0.0,0.0,0.001,0.0,0.0,0.001,0.0,0.0,0.0,0.0,0.0,0.0
05,0,-5500,5500.0,1.0618679137884612,1.3398011105891783e-05,0.009407349549334913,0.0,0.0,0.001,0.0,0.0,0.001,0.0,0.0,0.0,0.0,0.0,0.0,0.2968404159510385,4.231749699101783e-06,0.0009351009616123098,0.0,0.0,0.001,0.0,0.0,0.001,0.0,0.0,0.0,0.0,0.0,0.0
05,0,-5000,5000.0,0.0887583394856506,4.2143055907217786e-06,0.0008024627350078212,0.0,0.0,0.001,0.0,0.0,0.001,0.0,0.0,0.0,0.0,0.0,0.0,0.2683701915223935,4.2265623960702214e-06,0.0008338639112682994,0.0,0.0,0.001,0.0,0.0,0.001,0.0,0.0,0.0,0.0,0.0,0.0
05,0,-4500,4500.0,0.09766725788864505,4.222588358970825e-06,0.0008794878657800161,0.0,0.0,0.0,0.0,0.0,0.0,0.0,0.0,0.0,0.0,0.0,0.0,0.20601766806436217,4.230713784636464e-06,0.0006173959674643205,0.0,0.0,0.0,0.0,0.0,0.0,0.0,0.0,0.0,0.0,0.0,0.0
05,0,-4000,4000.0,0.09000436146777702,4.217926289129537e-06,0.000788691680055571,0.0,0.0,0.0,0.0,0.0,0.0,0.0,0.0,0.0,0.0,0.0,0.0,0.19855859600568238,4.227224962960463e-06,0.0005595474293257598,0.0,0.0,0.0,0.0,0.0,0.0,0.0,0.0,0.0,0.0,0.0,0.0
05,0,-3500,3500.0,0.13158451783965575,4.224790700391168e-06,0.001124821141353738,0.0,0.0,0.0,0.0,0.0,0.0,0.0,0.0,0.0,0.0,0.0,0.0,0.12138318561483175,4.225330030749319e-06,0.0003184641040778992,0.0,0.0,0.0,0.0,0.0,0.0,0.0,0.0,0.0,0.0,0.0,0.0
05,0,-3000,3000.0,0.13658169909831486,4.2213273445668165e-06,0.0011381464243768746,0.0,0.0,0.0,0.0,0.0,0.0,0.0,0.0,0.0,0.0,0.0,0.0,0.022754235487809638,4.215936769469408e-06,5.516576280315878e-05,0.0,0.0,0.0,0.0,0.0,0.0,0.0,0.0,0.0,0.0,0.0,0.0
05,0,-2500,2500.0,1.9091565466666793,2.7260395654593594e-05,0.015509025889992473,0.0,0.0,0.0,0.0,0.0,0.0,0.0,0.0,0.0,0.0,0.0,0.0,0.10376474382667311,4.221492417855188e-06,0.0002328376712359718,0.0,0.0,0.0,0.0,0.0,0.0,0.0,0.0,0.0,0.0,0.0,0.0
05,0,-2000,2000.0,0.8111576853217173,1.000648353510769e-05,0.006324371776253596,0.0,0.0,0.0,0.0,0.0,0.0,0.0,0.0,0.0,0.0,0.0,0.0,0.36129666446029773,4.2316810322517995e-06,0.0007453165945156352,0.0,0.0,0.0,0.0,0.0,0.0,0.0,0.0,0.0,0.0,0.0,0.0
05,0,-1500,1500.0,0.984865038450522,1.1976366295129992e-05,0.007275138662247382,0.0,0.0,0.001,0.0,0.0,0.001,0.0,0.0,0.0,0.0,0.0,0.0,0.14729121167320613,1.3281897963679512e-06,0.00027876414248196164,0.0,0.0,0.001,0.0,0.0,0.001,0.0,0.0,0.001,0.0,0.0,0.0
05,0,-1000,1000.0,1.0462245777880241,1.3037815733696334e-05,0.0071070112732782844,0.0,0.0,0.001,0.0,0.0,0.001,0.0,0.0,0.001,0.0,0.0,0.0,0.16860701959089397,1.404992985953868e-06,0.0002894959101094855,0.0,0.0,0.001,0.0,0.0,0.001,0.0,0.0,0.001,0.0,0.0,0.0
05,0,-500,500.0,0.1923190531670116,4.2250599108228926e-06,0.0011876791132648347,0.0,0.0,0.001,0.0,0.0,0.001,0.0,0.0,0.001,0.0,0.0,0.0,0.26797182679558773,2.5883423404593486e-06,0.0004174396704778686,0.0,0.0,0.001,0.0,0.0,0.001,0.0,0.0,0.001,0.0,0.0,0.0
05,0,0,0.0,0.37042827326061456,4.222790266794618e-06,0.002042314792254452,0.0,0.0,0.001,0.0,0.0,0.001,0.0,0.0,0.0,0.0,0.0,0.0,0.6201140964947172,6.5226026890741196e-06,0.0008800033119624255,0.0,0.0,0.001,0.0,0.0,0.001,0.0,0.0,0.001,0.0,0.0,0.001
05,0,500,500.0,0.5222302109835653,5.5890873227326665e-06,0.0025846020483907286,0.0,0.0,0.0,0.0,0.0,0.0,0.0,0.0,0.0,0.0,0.0,0.0,0.8965034125495208,1.0687957910704426e-05,0.0011711037692915378,0.0,0.0,0.001,0.0,0.0,0.001,0.0,0.0,0.001,0.0,0.0,0.0
05,0,1000,1000.0,0.04802258299605455,4.214331511320779e-06,0.0002153154844396849,0.0,0.0,0.0,0.0,0.0,0.0,0.0,0.0,0.0,0.0,0.0,0.0,0.8822965930697535,9.825004781305324e-06,0.0010937710248114698,0.0,0.0,0.001,0.0,0.0,0.001,0.0,0.0,0.001,0.0,0.0,0.0
05,0,1500,1500.0,0.1771229628502624,4.229474598105298e-06,0.0007316555228582011,0.0,0.0,0.0,0.0,0.0,0.0,0.0,0.0,0.0,0.0,0.0,0.0,0.6545523603470826,6.944476808712352e-06,0.0007832281042632766,0.0,0.0,0.001,0.0,0.0,0.001,0.0,0.0,0.001,0.0,0.0,0.0
05,0,2000,2000.0,0.027802968725154642,4.21320328314323e-06,0.00010955017195513937,0.0,0.0,0.0,0.0,0.0,0.0,0.0,0.0,0.0,0.0,0.0,0.0,1.9720778476553846,2.52483478107024e-05,0.00235500709256618,0.0,0.0,0.001,0.0,0.0,0.001,0.0,0.0,0.001,0.0,0.0,0.0
05,0,2500,2500.0,2.133323210784255,3.0390647225431167e-05,0.008111874831405467,0.0,0.0,0.0,0.0,0.0,0.0,0.0,0.0,0.001,0.0,0.0,0.0,0.9052713469003493,9.05632259673439e-06,0.0010902241037161777,0.0,0.0,0.001,0.0,0.0,0.001,0.0,0.0,0.001,0.0,0.0,0.0
05,0,3000,3000.0,2.432076197037958,3.725962233147584e-05,0.00909823899934933,0.0,0.0,0.0,0.0,0.0,0.0,0.0,0.0,0.001,0.0,0.0,0.0,1.003338922929231,1.0493858098925557e-05,0.001249099332699327,0.0,0.0,0.001,0.0,0.0,0.001,0.0,0.0,0.001,0.0,0.0,0.001
05,0,3500,3500.0,0.10228237703842069,8.546776939510892e-07,0.00037988523568865994,0.0,0.0,0.001,0.0,0.0,0.001,0.0,0.0,0.001,0.0,0.0,0.0,0.740543459573928,7.0662567850376945e-06,0.0009704605495982156,0.0,0.0,0.001,0.0,0.0,0.001,0.0,0.0,0.003,0.0,0.0,0.001
05,0,4000,4000.0,0.09558243378009479,7.530923085141694e-07,0.00035668626802036273,0.0,0.0,0.001,0.0,0.0,0.001,0.0,0.0,0.001,0.0,0.0,0.0,0.7090493234727546,6.660747658315813e-06,0.0010074300254475585,0.0,0.0,0.001,0.0,0.0,0.001,0.0,0.0,0.004,0.0,0.0,0.001
05,0,4500,4500.0,0.06565254126371656,4.486297200401168e-07,0.0002478857488320624,0.0,0.0,0.001,0.0,0.0,0.001,0.0,0.0,0.001,0.0,0.0,0.001,0.5355585069139579,4.6579989430028945e-06,0.0008376677635091161,0.0,0.0,0.001,0.0,0.0,0.001,0.0,0.0,0.004,0.0,0.0,0.001
05,0,5000,5000.0,0.125553016418678,1.030534122037352e-06,0.0004790242832481824,0.0,0.0,0.001,0.0,0.0,0.001,0.0,0.0,0.001,0.0,0.0,0.001,0.42358784680800454,3.579258418540121e-06,0.0007181005253805223,0.0,0.0,0.001,0.0,0.0,0.001,0.0,0.0,0.003,0.0,0.0,0.001
05,0,5500,5500.0,2.0210810073848506,2.8717826353386045e-05,0.00782267774696929,0.0,0.0,0.001,0.0,0.0,0.001,0.0,0.0,0.001,0.0,0.0,0.001,0.22787945641198348,1.603658233761962e-06,0.00041679920834393117,0.0,0.0,0.001,0.0,0.0,0.001,0.0,0.0,0.003,0.0,0.0,0.001
05,0,6000,6000.0,0.5258914985191154,5.839625828230055e-06,0.002070116814245129,0.0,0.0,0.001,0.0,0.0,0.001,0.0,0.0,0.001,0.0,0.0,0.001,0.1343354541120334,8.890118010640435e-07,0.0002489417542349619,0.0,0.0,0.001,0.0,0.0,0.001,0.0,0.0,0.002,0.0,0.0,0.001
05,0,6500,6500.0,0.4953593846217075,5.482283540914068e-06,0.0019886774017826075,0.0,0.0,0.001,0.0,0.0,0.001,0.0,0.0,0.001,0.0,0.0,0.001,0.1370978878412643,1.1321529882479808e-06,0.0002526020980620864,0.0,0.0,0.001,0.0,0.0,0.001,0.0,0.0,0.001,0.0,0.0,0.001
05,0,7000,7000.0,0.4527494578155711,4.9824579946289305e-06,0.0018574759612485705,0.0,0.0,0.001,0.0,0.0,0.001,0.0,0.0,0.001,0.0,0.0,0.001,0.13058197203008604,8.240710940299323e-07,0.00023044734825794348,0.0,0.0,0.001,0.0,0.0,0.001,0.0,0.0,0.001,0.0,0.0,0.001
05,0,7500,7500.0,0.10267288396548224,8.380224016946158e-07,0.00043196146757291996,0.0,0.0,0.001,0.0,0.0,0.001,0.0,0.0,0.001,0.0,0.0,0.001,0.08850482458910847,6.290364922278968e-07,0.00014965614370426148,0.0,0.0,0.001,0.0,0.0,0.001,0.0,0.0,0.001,0.0,0.0,0.001
05,0,8000,8000.0,0.06972121461288339,6.884117169647652e-07,0.0003015678498343277,0.0,0.0,0.001,0.0,0.0,0.001,0.0,0.0,0.001,0.0,0.0,0.001,0.42235463670436957,4.1769244489842094e-06,0.000684307465369073,0.0,0.0,0.001,0.0,0.0,0.001,0.0,0.0,0.001,0.0,0.0,0.001
05,0,8500,8500.0,0.06621161847704116,6.507078182949044e-07,0.00029484327171041196,0.0,0.0,0.001,0.0,0.0,0.001,0.0,0.0,0.001,0.0,0.0,0.001,0.5614542266840772,5.741847871831851e-06,0.0008812055396198465,0.0,0.0,0.001,0.0,0.0,0.001,0.0,0.0,0.0,0.0,0.0,0.0
05,0,9000,9000.0,0.02512892115404952,1.9644672022423038e-07,0.00011581001677254921,0.0,0.0,0.001,0.0,0.0,0.001,0.0,0.0,0.001,0.0,0.0,0.001,0.24532353072288515,2.5333649773529032e-06,0.0003801562635079791,0.0,0.0,0.001,0.0,0.0,0.001,0.0,0.0,0.0,0.0,0.0,0.0
05,0,9500,9500.0,0.2766694286492566,4.224542863084935e-06,0.001321212920674901,0.0,0.0,0.001,0.0,0.0,0.001,0.0,0.0,0.001,0.0,0.0,0.0,0.23531029007557436,2.1850567009096267e-06,0.00036521562049856573,0.0,0.0,0.001,0.0,0.0,0.001,0.0,0.0,0.001,0.0,0.0,0.0
05,0,10000,10000.0,0.039165178571209935,3.863040660689876e-07,0.00019506368610760954,0.0,0.0,0.001,0.0,0.0,0.001,0.0,0.0,0.001,0.0,0.0,0.0,0.2533380191621859,2.430191671010107e-06,0.0004060122216352308,0.0,0.0,0.001,0.0,0.0,0.001,0.0,0.0,0.001,0.0,0.0,0.0
05,0,10500,10500.0,0.020391826646459776,1.6484356990531523e-07,0.0001058165109643326,0.0,0.0,0.001,0.0,0.0,0.001,0.0,0.0,0.001,0.0,0.0,0.0,0.45189914115155716,4.621427706297254e-06,0.0007592577663409323,0.0,0.0,0.001,0.0,0.0,0.001,0.0,0.0,0.001,0.0,0.0,0.001
05,0,11000,11000.0,0.2098803131417526,1.960572944881278e-06,0.0011322966349281158,0.0,0.0,0.001,0.0,0.0,0.001,0.0,0.0,0.001,0.0,0.0,0.0,1.7409743049910276,2.1272442609188147e-05,0.0031519099139559604,0.0,0.0,0.001,0.0,0.0,0.001,0.0,0.0,0.001,0.0,0.0,0.001
05,0,11500,11500.0,0.24601719248877885,2.4623914214316756e-06,0.001379787114291735,0.0,0.0,0.001,0.0,0.0,0.001,0.0,0.0,0.001,0.0,0.0,0.0,0.48608698199359424,4.893934601568617e-06,0.0009484276156165824,0.0,0.0,0.001,0.0,0.0,0.001,0.0,0.0,0.0,0.0,0.0,0.0
05,0,12000,12000.0,0.27206625300379983,2.824617013175157e-06,0.0015952069721182117,0.0,0.0,0.001,0.0,0.0,0.001,0.0,0.0,0.0,0.0,0.0,0.0,0.44380454983752315,4.481022642721655e-06,0.0009209988973855975,0.0,0.0,0.001,0.0,0.0,0.001,0.0,0.0,0.0,0.0,0.0,0.001
05,0,12500,12500.0,0.054352367082799447,3.6917208490194753e-07,0.0003349893073362466,0.0,0.0,0.001,0.0,0.0,0.001,0.0,0.0,0.0,0.0,0.0,0.0,0.39043268662908304,3.969996214436833e-06,0.000855318164114859,0.0,0.0,0.001,0.0,0.0,0.001,0.0,0.0,0.0,0.0,0.0,0.0
05,0,13000,13000.0,0.27621804224153834,2.84267593997356e-06,0.0017972822955042247,0.0,0.0,0.001,0.0,0.0,0.001,0.0,0.0,0.0,0.0,0.0,0.0,0.22209662166972066,2.1143998765182914e-06,0.0005092479681909996,0.0,0.0,0.001,0.0,0.0,0.001,0.0,0.0,0.0,0.0,0.0,0.0
05,0,13500,13500.0,0.017695811493467772,4.215248281980166e-06,0.00012135289409938844,0.0,0.0,0.001,0.0,0.0,0.001,0.0,0.0,0.0,0.0,0.0,0.0,0.10401398457418054,1.004813839244889e-06,0.000246091957156784,0.0,0.0,0.001,0.0,0.0,0.001,0.0,0.0,0.0,0.0,0.0,0.0
05,0,14000,14000.0,0.027806557500298368,4.214727596263401e-06,0.0001975844187275093,0.0,0.0,0.001,0.0,0.0,0.001,0.0,0.0,0.0,0.0,0.0,0.0,0.053643602571185056,3.488765969450469e-07,0.00012855520090475096,0.0,0.0,0.001,0.0,0.0,0.001,0.0,0.0,0.0,0.0,0.0,0.0
05,0,14500,14500.0,0.02527547076169867,4.213482498016674e-06,0.0001841567600012853,0.0,0.0,0.001,0.0,0.0,0.001,0.0,0.0,0.0,0.0,0.0,0.0,0.5152084880471364,5.912586402700981e-06,0.0012287836047333181,0.0,0.0,0.001,0.0,0.0,0.001,0.0,0.0,0.0,0.0,0.0,0.0
05,0,15000,15000.0,0.010113471762451809,4.217962214170257e-06,7.35560555380135e-05,0.0,0.0,0.001,0.0,0.0,0.001,0.0,0.0,0.0,0.0,0.0,0.0,0.04551647743937792,4.223937139613554e-06,0.00010623245986237466,0.0,0.0,0.001,0.0,0.0,0.001,0.0,0.0,0.0,0.0,0.0,0.0
05,0,15500,15500.0,0.03538548553478904,4.214343334751902e-06,0.0002544803027647954,0.0,0.0,0.001,0.0,0.0,0.001,0.0,0.0,0.0,0.0,0.0,0.0,0.3047571109860314,4.226895725878421e-06,0.0006928733977982206,0.0,0.0,0.001,0.0,0.0,0.001,0.0,0.0,0.0,0.0,0.0,0.0
05,0,16000,16000.0,0.005053699078416685,4.211509349261178e-06,3.521623366684568e-05,0.0,0.0,0.001,0.0,0.0,0.001,0.0,0.0,0.0,0.0,0.0,0.0,2.101778724388481,3.1579485948896036e-05,0.004665271266940954,0.0,0.0,0.001,0.0,0.0,0.001,0.0,0.0,0.001,0.0,0.0,0.0
05,0,16500,16500.0,0.1845830487731348,4.219298716634512e-06,0.001242692772598188,0.0,0.0,0.001,0.0,0.0,0.001,0.0,0.0,0.0,0.0,0.0,0.0,0.1911178551118553,4.253066435921937e-06,0.00041320962433271004,0.0,0.0,0.001,0.0,0.0,0.001,0.0,0.0,0.001,0.0,0.0,0.0
05,0,17000,17000.0,0.2232926491217313,4.228004399919882e-06,0.001433040507084701,0.0,0.0,0.001,0.0,0.0,0.001,0.0,0.0,0.0,0.0,0.0,0.0,0.17165505417722215,1.4718897318743984e-06,0.0003614792394475786,0.0,0.0,0.001,0.0,0.0,0.001,0.0,0.0,0.001,0.0,0.0,0.0
05,0,17500,17500.0,0.05054804087194498,4.214102773403283e-06,0.0003102333718140364,0.0,0.0,0.001,0.0,0.0,0.001,0.0,0.0,0.0,0.0,0.0,0.0,1.9952521485038233,2.8400194423738867e-05,0.004126295045718957,0.0,0.0,0.001,0.0,0.0,0.001,0.0,0.0,0.001,0.0,0.0,0.001
05,0,18000,18000.0,0.0,0.0,0.0,0.0,0.0,0.001,0.0,0.0,0.001,0.0,0.0,0.0,0.0,0.0,0.0,2.2503519992639553,3.3184252970386297e-05,0.004681049339004838,0.0,0.0,0.001,0.0,0.0,0.001,0.0,0.0,0.001,0.0,0.0,0.001
05,0,18500,18500.0,0.0025269716388720553,4.211619398120092e-06,1.434281552128136e-05,0.0,0.0,0.001,0.0,0.0,0.001,0.0,0.0,0.0,0.0,0.0,0.0,2.809151193747539,4.1948154830606654e-05,0.005938744718167801,0.0,0.0,0.001,0.0,0.0,0.001,0.0,0.0,0.001,0.0,0.0,0.001
05,0,19000,19000.0,0.045508250786951976,4.216540219204035e-06,0.00025261752084658885,0.0,0.0,0.001,0.0,0.0,0.001,0.0,0.0,0.0,0.0,0.0,0.0,0.2767289150170882,2.4890387066989206e-06,0.000609902015948406,0.0,0.0,0.001,0.0,0.0,0.001,0.0,0.0,0.001,0.0,0.0,0.001
05,0,19500,19500.0,0.1349792089023083,1.2719636970359716e-06,0.0007389804731139031,0.0,0.0,0.001,0.0,0.0,0.001,0.0,0.0,0.0,0.0,0.0,0.0,0.19666788099925725,1.5219380884445854e-06,0.0004564981821820339,0.0,0.0,0.001,0.0,0.0,0.001,0.0,0.0,0.002,0.0,0.0,0.001
05,0,20000,20000.0,0.16297064361054936,1.5427651760546723e-06,0.0008823086000544121,0.0,0.0,0.001,0.0,0.0,0.001,0.0,0.0,0.0,0.0,0.0,0.0,0.1307761152020248,8.996926794679894e-07,0.0003259722052121746,0.0,0.0,0.001,0.0,0.0,0.001,0.0,0.0,0.002,0.0,0.0,0.001
06,0,-20000,20000.0,0.0,0.0,0.0,0.0,0.0,0.0,0.0,0.0,0.0,0.0,0.0,0.0,0.0,0.0,0.0,0.052585787069858725,4.224180429446278e-06,0.0003684076223102377,0.0,0.0,0.0,0.0,0.0,0.0,0.0,0.0,0.0,0.0,0.0,0.0
06,0,-19500,19500.0,0.0,0.0,0.0,0.0,0.0,0.0,0.0,0.0,0.0,0.0,0.0,0.0,0.0,0.0,0.0,0.05557906032791493,4.224902568239486e-06,0.00036822351270274895,0.0,0.0,0.0,0.0,0.0,0.0,0.0,0.0,0.0,0.0,0.0,0.0
06,0,-19000,19000.0,0.0,0.0,0.0,0.0,0.0,0.0,0.0,0.0,0.0,0.0,0.0,0.0,0.0,0.0,0.0,0.07115145883886953,4.231407729093917e-06,0.00046330681306486557,0.0,0.0,0.0,0.0,0.0,0.0,0.0,0.0,0.0,0.0,0.0,0.0
06,0,-18500,18500.0,0.0,0.0,0.0,0.0,0.0,0.0,0.0,0.0,0.0,0.0,0.0,0.0,0.0,0.0,0.0,0.05566276004174142,4.227076715324074e-06,0.0003531159196549001,0.0,0.0,0.0,0.0,0.0,0.0,0.0,0.0,0.0,0.0,0.0,0.0
06,0,-18000,18000.0,0.08343365079781506,4.2172855501121376e-06,0.010257900467960957,0.0,0.0,0.0,0.0,0.0,0.0,0.0,0.0,0.0,0.0,0.0,0.0,0.08224094758588762,4.226876626489684e-06,0.0005138648050107669,0.0,0.0,0.0,0.0,0.0,0.0,0.0,0.0,0.001,0.0,0.0,0.0
06,0,-17500,17500.0,0.053102253423276125,4.217567038722336e-06,0.006770728936536527,0.0,0.0,0.0,0.0,0.0,0.0,0.0,0.0,0.0,0.0,0.0,0.0,0.07337476017710287,4.2244514588674065e-06,0.00044552767117366643,0.0,0.0,0.0,0.0,0.0,0.0,0.0,0.0,0.001,0.0,0.0,0.0
06,0,-17000,17000.0,0.03174622845776298,4.227919362165267e-06,0.004439380786648483,0.0,0.0,0.0,0.0,0.0,0.0,0.0,0.0,0.0,0.0,0.0,0.0,0.0871860395591284,4.227366389386589e-06,0.0005209724692588548,0.0,0.0,0.0,0.0,0.0,0.0,0.0,0.0,0.001,0.0,0.0,0.0
06,0,-16500,16500.0,1.1735785035867252,2.7700427381205373e-05,0.1902442510082924,0.0,0.0,0.0,0.0,0.0,0.0,0.0,0.0,0.0,0.0,0.0,0.0,0.0657752026199887,4.224116764817154e-06,0.0003955704408410778,0.0,0.0,0.0,0.0,0.0,0.0,0.0,0.0,0.001,0.0,0.0,0.0
06,0,-16000,16000.0,0.0,0.0,0.0,0.0,0.0,0.0,0.0,0.0,0.0,0.0,0.0,0.0,0.0,0.0,0.0,0.07352795708186477,4.227632871334208e-06,0.00045738694124346484,0.0,0.0,0.0,0.0,0.0,0.0,0.0,0.0,0.001,0.0,0.0,0.0
06,0,-15500,15500.0,0.0,0.0,0.0,0.0,0.0,0.0,0.0,0.0,0.0,0.0,0.0,0.0,0.0,0.0,0.0,0.10124201307917247,4.226046257826965e-06,0.0006768927485972321,0.0,0.0,0.0,0.0,0.0,0.0,0.0,0.0,0.001,0.0,0.0,0.0
06,0,-15000,15000.0,0.0,0.0,0.0,0.0,0.0,0.0,0.0,0.0,0.0,0.0,0.0,0.0,0.0,0.0,0.0,0.07251324672878923,4.228871603118023e-06,0.0005370688055177811,0.0,0.0,0.0,0.0,0.0,0.0,0.0,0.0,0.001,0.0,0.0,0.0
06,0,-14500,14500.0,0.0,0.0,0.0,0.0,0.0,0.0,0.0,0.0,0.0,0.0,0.0,0.0,0.0,0.0,0.0,0.08855677697283681,4.226725195621839e-06,0.0007379181317049008,0.0,0.0,0.001,0.0,0.0,0.001,0.0,0.0,0.001,0.0,0.0,0.001
06,0,-14000,14000.0,0.0,0.0,0.0,0.0,0.0,0.0,0.0,0.0,0.0,0.0,0.0,0.0,0.0,0.0,0.0,0.7426825218686872,1.4237547475204337e-05,0.006998186102390256,0.0,0.0,0.001,0.0,0.0,0.001,0.0,0.0,0.001,0.0,0.0,0.001
06,0,-13500,13500.0,0.0,0.0,0.0,0.0,0.0,0.0,0.0,0.0,0.0,0.0,0.0,0.0,0.0,0.0,0.0,0.032862633088370785,4.214743967168033e-06,0.0003417635502382682,0.0,0.0,0.001,0.0,0.0,0.001,0.0,0.0,0.001,0.0,0.0,0.001
06,0,-13000,13000.0,0.0,0.0,0.0,0.0,0.0,0.0,0.0,0.0,0.0,0.0,0.0,0.0,0.0,0.0,0.0,0.731307068515008,1.4068433301872574e-05,0.008064803548410174,0.0,0.0,0.001,0.0,0.0,0.001,0.0,0.0,0.001,0.0,0.0,0.001
06,0,-12500,12500.0,0.0,0.0,0.0,0.0,0.0,0.0,0.0,0.0,0.0,0.0,0.0,0.0,0.0,0.0,0.0,0.7021511764527588,1.3681043128599413e-05,0.00815834586336701,0.0,0.0,0.0,0.0,0.0,0.0,0.0,0.0,0.001,0.0,0.0,0.0
06,0,-12000,12000.0,0.0,0.0,0.0,0.0,0.0,0.0,0.0,0.0,0.0,0.0,0.0,0.0,0.0,0.0,0.0,0.027819864317280008,4.2213314372929744e-06,0.0003273714116291623,0.0,0.0,0.0,0.0,0.0,0.0,0.0,0.0,0.0,0.0,0.0,0.0
06,0,-11500,11500.0,0.0,0.0,0.0,0.0,0.0,0.0,0.0,0.0,0.0,0.0,0.0,0.0,0.0,0.0,0.0,0.020227492495905608,4.217720743326936e-06,0.0002493630708860729,0.0,0.0,0.0,0.0,0.0,0.0,0.0,0.0,0.0,0.0,0.0,0.0
06,0,-11000,11000.0,0.0,0.0,0.0,0.0,0.0,0.0,0.0,0.0,0.0,0.0,0.0,0.0,0.0,0.0,0.0,0.620977082032681,1.2412675459927414e-05,0.00792560621760331,0.0,0.0,0.0,0.0,0.0,0.0,0.0,0.0,0.001,0.0,0.0,0.0
06,0,-10500,10500.0,0.04887028280720074,4.229956630297238e-06,0.002946661900084048,0.0,0.0,0.0,0.0,0.0,0.0,0.0,0.0,0.0,0.0,0.0,0.0,0.03288755669927923,4.2247074816259556e-06,0.0004347825006070792,0.0,0.0,0.001,0.0,0.0,0.001,0.0,0.0,0.001,0.0,0.0,0.0
06,0,-10000,10000.0,0.0,0.0,0.0,0.0,0.0,0.0,0.0,0.0,0.0,0.0,0.0,0.0,0.0,0.0,0.0,0.05066834505669249,4.220040864311159e-06,0.0006732518950784578,0.0,0.0,0.001,0.0,0.0,0.001,0.0,0.0,0.001,0.0,0.0,0.001
06,0,-9500,9500.0,0.1271454820425788,4.2299025153624825e-06,0.001611239438697027,0.0,0.0,0.0,0.0,0.0,0.0,0.0,0.0,0.0,0.0,0.0,0.0,0.06050954667671249,4.214584805595223e-06,0.0007664344683072546,0.0,0.0,0.001,0.0,0.0,0.001,0.0,0.0,0.001,0.0,0.0,0.0
06,0,-9000,9000.0,0.12798481511069326,4.22014909418067e-06,0.0009954434002204164,0.0,0.0,0.0,0.0,0.0,0.0,0.0,0.0,0.0,0.0,0.0,0.0,0.07095737040287986,4.222880761517445e-06,0.0007554149292018488,0.0,0.0,0.001,0.0,0.0,0.001,0.0,0.0,0.001,0.0,0.0,0.0
06,0,-8500,8500.0,0.13557058913562514,4.228142188367201e-06,0.0007283979361312266,0.0,0.0,0.0,0.0,0.0,0.0,0.0,0.0,0.0,0.0,0.0,0.0,0.06229133740873749,4.218449703330407e-06,0.0005268872039815431,0.0,0.0,0.0,0.0,0.0,0.0,0.0,0.0,0.0,0.0,0.0,0.0
06,0,-8000,8000.0,0.1450393279611717,4.228346369927749e-06,0.0006117902939977154,0.0,0.0,0.0,0.0,0.0,0.0,0.0,0.0,0.0,0.0,0.0,0.0,0.07119527198398146,4.226018518238561e-06,0.00046066514758212536,0.0,0.0,0.0,0.0,0.0,0.0,0.0,0.0,0.0,0.0,0.0,0.0
06,0,-7500,7500.0,0.17466761828472954,4.227003501000581e-06,0.0006253801029889262,0.0,0.0,0.0,0.0,0.0,0.0,0.0,0.0,0.0,0.0,0.0,0.0,0.08817118085460152,4.229038040648447e-06,0.00043930529202703246,0.0,0.0,0.0,0.0,0.0,0.0,0.0,0.0,0.0,0.0,0.0,0.0
06,0,-7000,7000.0,0.2657381383869506,4.229453679727158e-06,0.0008786697128436465,0.0,0.0,0.0,0.0,0.0,0.0,0.0,0.0,0.001,0.0,0.0,0.0,0.05308084528508061,4.228045327181462e-06,0.00021613885477960614,0.0,0.0,0.0,0.0,0.0,0.0,0.0,0.0,0.0,0.0,0.0,0.0
06,0,-6500,6500.0,0.16063748418062573,4.224199528835015e-06,0.0005153718992565768,0.0,0.0,0.001,0.0,0.0,0.001,0.0,0.0,0.001,0.0,0.0,0.001,0.0674095861242563,4.228588295518421e-06,0.00023526660766015966,0.0,0.0,0.0,0.0,0.0,0.0,0.0,0.0,0.0,0.0,0.0,0.0
06,0,-6000,6000.0,1.7970225178054022,2.4828646928654052e-05,0.00595885690298664,0.0,0.0,0.001,0.0,0.0,0.001,0.0,0.0,0.001,0.0,0.0,0.001,0.05886904714316188,4.227460976835573e-06,0.00018908957144256095,0.0,0.0,0.0,0.0,0.0,0.0,0.0,0.0,0.001,0.0,0.0,0.0
06,0,-5500,5500.0,0.08592859944229758,4.2175138332822826e-06,0.0002998096874191165,0.0,0.0,0.001,0.0,0.0,0.001,0.0,0.0,0.001,0.0,0.0,0.001,0.06113404404786138,4.227944373269565e-06,0.00018912473371170789,0.0,0.0,0.001,0.0,0.0,0.001,0.0,0.0,0.001,0.0,0.0,0.0
06,0,-5000,5000.0,1.8669395958760049,2.6762605557451025e-05,0.006812808803332882,0.0,0.0,0.001,0.0,0.0,0.001,0.0,0.0,0.001,0.0,0.0,0.001,0.045439157970150745,1.230471980306902e-06,0.0001450530200005668,0.0,0.0,0.001,0.0,0.0,0.001,0.0,0.0,0.001,0.0,0.0,0.001
06,0,-4500,4500.0,0.05595278512942059,4.21343429479748e-06,0.00020560306369832884,0.0,0.0,0.001,0.0,0.0,0.001,0.0,0.0,0.001,0.0,0.0,0.001,0.047795908483294625,1.142072505899705e-06,0.00016041158375840872,0.0,0.0,0.001,0.0,0.0,0.001,0.0,0.0,0.001,0.0,0.0,0.001
06,0,-4000,4000.0,0.2580358987025022,4.228804300510092e-06,0.0009278153133728286,0.0,0.0,0.001,0.0,0.0,0.001,0.0,0.0,0.001,0.0,0.0,0.001,0.054941670754260485,1.3246391290522297e-06,0.0002014428298496206,0.0,0.0,0.001,0.0,0.0,0.001,0.0,0.0,0.001,0.0,0.0,0.001
06,0,-3500,3500.0,0.3077733426046336,4.220415576128289e-06,0.0010803547594556624,0.0,0.0,0.001,0.0,0.0,0.001,0.0,0.0,0.001,0.0,0.0,0.001,0.04256751083033805,1.065694164026354e-06,0.00017254712658939554,0.0,0.0,0.001,0.0,0.0,0.001,0.0,0.0,0.001,0.0,0.0,0.001
06,0,-3000,3000.0,0.06170939513197027,4.215702119836351e-06,0.00021619484492204678,0.0,0.0,0.001,0.0,0.0,0.001,0.0,0.0,0.0,0.0,0.0,0.0,0.022613916563329894,4.5048298602523573e-07,9.881211075902702e-05,0.0,0.0,0.001,0.0,0.0,0.001,0.0,0.0,0.001,0.0,0.0,0.001
06,0,-2500,2500.0,0.1534533674956151,4.2309156924602576e-06,0.000553474843815322,0.0,0.0,0.001,0.0,0.0,0.001,0.0,0.0,0.0,0.0,0.0,0.0,0.09361898291899706,4.228167654218851e-06,0.00043657186280001196,0.0,0.0,0.001,0.0,0.0,0.001,0.0,0.0,0.001,0.0,0.0,0.0
06,0,-2000,2000.0,0.08268777628259727,4.228688339935616e-06,0.00031509338452381894,0.0,0.0,0.001,0.0,0.0,0.001,0.0,0.0,0.001,0.0,0.0,0.0,0.07798940085308459,4.2307074181735516e-06,0.0003588980267465979,0.0,0.0,0.001,0.0,0.0,0.001,0.0,0.0,0.001,0.0,0.0,0.0
06,0,-1500,1500.0,0.6443309443774581,1.6727342881495133e-05,0.002682220641754504,0.0,0.0,0.001,0.0,0.0,0.001,0.0,0.0,0.001,0.0,0.0,0.001,0.11136780640299548,4.230888862366555e-06,0.0004901397976374201,0.0,0.0,0.0,0.0,0.0,0.0,0.0,0.0,0.001,0.0,0.0,0.0
06,0,-1000,1000.0,0.7482424108168573,1.817863085307181e-05,0.003712797102138416,0.0,0.0,0.001,0.0,0.0,0.001,0.0,0.0,0.002,0.0,0.0,0.001,0.07846498009627112,4.22885477746604e-06,0.00031112824896368764,0.0,0.0,0.0,0.0,0.0,0.0,0.0,0.0,0.001,0.0,0.0,0.0
06,0,-500,500.0,0.681651228381952,1.6460886399727315e-05,0.0041284813858145,0.0,0.0,0.002,0.0,0.0,0.002,0.0,0.0,0.002,0.0,0.0,0.001,0.07730565000301226,4.229143087286502e-06,0.000273785418540805,0.0,0.0,0.0,0.0,0.0,0.0,0.0,0.0,0.001,0.0,0.0,0.0
06,0,0,0.0,0.03192904158026977,5.145587351762515e-07,0.0002465482612111294,0.0,0.0,0.002,0.0,0.0,0.002,0.0,0.0,0.001,0.0,0.0,0.001,0.042625033120202716,4.21996446675621e-06,0.0001314052132996054,0.0,0.0,0.0,0.0,0.0,0.0,0.0,0.0,0.001,0.0,0.0,0.0
06,0,500,500.0,0.019373098476904715,4.714178203357733e-07,0.00019673360768887824,0.0,0.0,0.001,0.0,0.0,0.001,0.0,0.0,0.001,0.0,0.0,0.001,0.050696035043529264,4.227410954626976e-06,0.00013684790427473127,0.0,0.0,0.0,0.0,0.0,0.0,0.0,0.0,0.001,0.0,0.0,0.0
06,0,1000,1000.0,0.010344025386643807,2.037084669836986e-07,0.00012616582566100058,0.0,0.0,0.001,0.0,0.0,0.001,0.0,0.0,0.001,0.0,0.0,0.001,0.07844215597287985,4.223918949719518e-06,0.00018358795420957404,0.0,0.0,0.0,0.0,0.0,0.0,0.0,0.0,0.001,0.0,0.0,0.0
06,0,1500,1500.0,0.02780664563033497,4.217849891574588e-06,0.00041703763125017375,0.0,0.0,0.0,0.0,0.0,0.0,0.0,0.0,0.0,0.0,0.0,0.0,0.09568494614029532,4.2283081711502746e-06,0.00019528760361272406,0.0,0.0,0.001,0.0,0.0,0.001,0.0,0.0,0.001,0.0,0.0,0.0
06,0,2000,2000.0,0.020224561831128085,4.216754859953653e-06,0.00033877569741283515,0.0,0.0,0.0,0.0,0.0,0.0,0.0,0.0,0.0,0.0,0.0,0.0,0.0790110502357777,4.227057161187986e-06,0.00014025041398159309,0.0,0.0,0.001,0.0,0.0,0.001,0.0,0.0,0.001,0.0,0.0,0.0
06,0,2500,2500.0,0.42968527560987013,1.273668294743402e-05,0.008177860409511338,0.0,0.0,0.0,0.0,0.0,0.0,0.0,0.0,0.0,0.0,0.0,0.0,0.10714086228773567,2.413929905742407e-06,0.0001673236325826606,0.0,0.0,0.001,0.0,0.0,0.001,0.0,0.0,0.001,0.0,0.0,0.001
06,0,3000,3000.0,0.3309205560924511,9.77310355665395e-06,0.00611832472424185,0.0,0.0,0.0,0.0,0.0,0.0,0.0,0.0,0.0,0.0,0.0,0.0,0.24472822883296885,5.243834038992645e-06,0.0003368637736918945,0.0,0.0,0.001,0.0,0.0,0.001,0.0,0.0,0.001,0.0,0.0,0.001
06,0,3500,3500.0,0.01011912572721485,4.217464720568387e-06,0.0001615495934159321,0.0,0.0,0.0,0.0,0.0,0.0,0.0,0.0,0.001,0.0,0.0,0.0,0.9199180764724701,1.665400486672297e-05,0.0011310248302506868,0.0,0.0,0.001,0.0,0.0,0.001,0.0,0.0,0.001,0.0,0.0,0.001
06,0,4000,4000.0,0.017701984961604467,4.218692083668429e-06,0.0001906955457988236,0.0,0.0,0.0,0.0,0.0,0.0,0.0,0.0,0.001,0.0,0.0,0.0,0.8779533518492144,1.5855672245379537e-05,0.0009662035020197479,0.0,0.0,0.001,0.0,0.0,0.001,0.0,0.0,0.001,0.0,0.0,0.001
06,0,4500,4500.0,0.01964555813174229,4.2152632886427455e-06,0.00014225256547366593,0.0,0.0,0.0,0.0,0.0,0.0,0.0,0.0,0.0,0.0,0.0,0.0,0.5651686111150411,1.0569920050329529e-05,0.0005632059123869686,0.0,0.0,0.001,0.0,0.0,0.001,0.0,0.0,0.001,0.0,0.0,0.001
06,0,5000,5000.0,0.012952699478319118,4.222291863698047e-06,6.881631800413468e-05,0.0,0.0,0.0,0.0,0.0,0.0,0.0,0.0,0.0,0.0,0.0,0.0,0.6277665575765923,1.2191208043077495e-05,0.0005667743835936338,0.0,0.0,0.001,0.0,0.0,0.001,0.0,0.0,0.001,0.0,0.0,0.001
06,0,5500,5500.0,0.05062979253125377,4.226253167871619e-06,0.00021573495134898546,0.0,0.0,0.0,0.0,0.0,0.0,0.0,0.0,0.0,0.0,0.0,0.0,0.9751444355146077,1.8016764443018474e-05,0.0008052843833429978,0.0,0.0,0.001,0.0,0.0,0.001,0.0,0.0,0.001,0.0,0.0,0.001
06,0,6000,6000.0,0.05069088339269001,4.22454058934818e-06,0.00019350827057342302,0.0,0.0,0.0,0.0,0.0,0.0,0.0,0.0,0.0,0.0,0.0,0.0,1.7703153158578289,3.217667472199537e-05,0.0013250074567099138,0.0,0.0,0.001,0.0,0.0,0.001,0.0,0.0,0.001,0.0,0.0,0.001
06,0,6500,6500.0,0.5038756348355378,1.4280175491876435e-05,0.0018258723073039777,0.0,0.0,0.0,0.0,0.0,0.0,0.0,0.0,0.0,0.0,0.0,0.0,2.9541551805664312,5.4184703913051635e-05,0.0020243549850568615,0.0,0.0,0.002,0.0,0.0,0.002,0.0,0.0,0.002,0.0,0.0,0.001
06,0,7000,7000.0,0.5735739041526244,1.5589061149512418e-05,0.002109425990139501,0.0,0.0,0.0,0.0,0.0,0.0,0.0,0.0,0.001,0.0,0.0,0.0,4.704656157309728,9.267323912354186e-05,0.002904530017955104,0.0,0.0,0.002,0.0,0.0,0.002,0.0,0.0,0.002,0.0,0.0,0.001
06,0,7500,7500.0,0.11269320650200143,2.281555907757138e-06,0.00043690226375456834,0.0,0.0,0.001,0.0,0.0,0.001,0.0,0.0,0.002,0.0,0.0,0.001,8.438779613834413,0.00019314250675961375,0.0047396205831901315,0.0,0.0,0.003,0.0,0.0,0.003,0.0,0.0,0.003,0.0,0.0,0.002
06,0,8000,8000.0,0.12283079209964853,2.3078889626049204e-06,0.0005596602170726072,0.0,0.0,0.001,0.0,0.0,0.001,0.0,0.0,0.002,0.0,0.0,0.001,15.943639908027762,0.000470236933324486,0.007986485914791617,0.0,0.0,0.003,0.0,0.0,0.003,0.0,0.0,0.003,0.0,0.0,0.002
06,0,8500,8500.0,0.10875992003320789,1.7282451381106512e-06,0.0006147171772534385,0.0,0.0,0.002,0.0,0.0,0.002,0.0,0.0,0.002,0.0,0.0,0.001,26.29386887215901,0.0009740347159095109,0.011859086038620653,0.0,0.0,0.002,0.0,0.0,0.002,0.0,0.0,0.003,0.0,0.0,0.002
06,0,9000,9000.0,0.09826274898614429,1.4718348211317789e-06,0.0007493469455910884,0.0,0.0,0.002,0.0,0.0,0.002,0.0,0.0,0.001,0.0,0.0,0.001,44.91753399146887,0.0021354197524487972,0.018109521816531127,0.01,4.56,0.068,0.0,0.0,0.002,0.0,0.0,0.002,0.0,0.0,0.002
06,0,9500,9500.0,0.02644312938002713,6.043635494279442e-07,0.0002986408873512352,0.0,0.0,0.001,0.0,0.0,0.001,0.0,0.0,0.001,0.0,0.0,0.001,65.78974652293255,0.0037317301612347364,0.02399256281486472,0.01,4.56,0.068,0.0,0.0,0.005,0.0,0.0,0.002,0.0,0.0,0.001
06,0,10000,10000.0,0.021085663075837147,5.305624881657423e-07,0.00032072795636653174,0.0,0.0,0.001,0.0,0.0,0.001,0.0,0.0,0.001,0.0,0.0,0.001,96.65579058082585,0.006655833218246698,0.03240655173961432,0.01,23.2,0.182,0.0,0.0,0.005,0.0,0.0,0.003,0.0,0.0,0.001
06,0,10500,10500.0,0.04046816520713037,4.221593826514436e-06,0.0008265361089956076,0.0,0.0,0.0,0.0,0.0,0.0,0.0,0.0,0.0,0.0,0.0,0.0,128.30379731720853,0.010292835533618927,0.04002755546871401,0.01,23.2,0.187,0.0,0.0,0.007,0.0,0.0,0.003,0.0,0.0,0.002
06,0,11000,11000.0,0.03540794532455038,4.219466063659638e-06,0.0007281798442484743,0.0,0.0,0.0,0.0,0.0,0.0,0.0,0.0,0.0,0.0,0.0,0.0,160.62619415973103,0.014261933974921703,0.04815915977812393,0.02,29.0,0.207,0.0,0.0,0.007,0.0,0.0,0.003,0.0,0.0,0.002
06,0,11500,11500.0,0.1320577261026301,4.228766556479968e-06,0.00257161921173086,0.0,0.0,0.0,0.0,0.0,0.0,0.0,0.0,0.0,0.0,0.0,0.0,191.62534080787736,0.018305186182260513,0.05573728253711434,0.02,29.0,0.209,0.0,0.0,0.013,0.0,0.0,0.003,0.0,0.0,0.002
06,0,12000,12000.0,0.12786684791521452,4.22728498961078e-06,0.0021404386566487464,0.0,0.0,0.0,0.0,0.0,0.0,0.0,0.0,0.0,0.0,0.0,0.0,198.62648028974945,0.01831512339413166,0.05790672596212104,0.01,10.44,0.159,0.0,0.0,0.013,0.0,0.0,0.005,0.0,0.0,0.002
06,0,12500,12500.0,0.13164952139419484,4.2256651795469224e-06,0.0019132091985726955,0.0,0.0,0.0,0.0,0.0,0.0,0.0,0.0,0.0,0.0,0.0,0.0,195.78074264791212,0.017225541174411774,0.05754906461706353,0.01,10.44,0.159,0.0,3.59,0.02,0.0,0.0,0.009,0.0,0.0,0.005
06,0,13000,13000.0,0.14136745462138833,4.230140348226996e-06,0.0017500559626104058,0.0,0.0,0.0,0.0,0.0,0.0,0.0,0.0,0.0,0.0,0.0,0.0,168.5671526895021,0.01271713338792324,0.05110359176757757,0.01,12.06,0.17,0.0,3.59,0.02,0.0,0.0,0.012,0.0,0.0,0.006
06,0,13500,13500.0,0.13137969142249517,4.230045306030661e-06,0.0014016111875942605,0.0,0.0,0.0,0.0,0.0,0.0,0.0,0.0,0.0,0.0,0.0,0.0,137.7756546069577,0.008428910747170448,0.04299805868564751,0.01,10.05,0.134,0.0,3.59,0.021,0.0,0.0,0.014,0.0,0.0,0.006
06,0,14000,14000.0,0.92207151285848,1.1072136658185627e-05,0.008394341559925725,0.0,0.0,0.0,0.0,0.0,0.0,0.0,0.0,0.0,0.0,0.0,0.0,105.78230260653072,0.005645069759339094,0.03404542806101413,0.01,16.32,0.116,0.0,3.59,0.021,0.0,0.0,0.014,0.0,0.0,0.007
06,0,14500,14500.0,0.7321725085759567,8.703781531949062e-06,0.005770237782356922,0.0,0.0,0.0,0.0,0.0,0.0,0.0,0.0,0.0,0.0,0.0,0.0,87.66243309963784,0.003943746909499168,0.028747972556136082,0.01,18.58,0.06,0.0,3.59,0.016,0.0,0.0,0.018,0.0,0.0,0.006
06,0,15000,15000.0,0.7443027991868689,8.701624210516457e-06,0.004964209509588004,0.0,0.0,0.0,0.0,0.0,0.0,0.0,0.0,0.0,0.0,0.0,0.0,79.8490165117812,0.0038214698433876038,0.02607539294019584,0.0,3.59,0.016,0.0,3.59,0.016,0.0,8.2,0.025,0.0,0.0,0.006
06,0,15500,15500.0,0.0682751415297389,4.224840267852414e-06,0.00039248115020566895,0.0,0.0,0.0,0.0,0.0,0.0,0.0,0.0,0.0,0.0,0.0,0.0,85.99478766950597,0.004419201985001564,0.027483723930437,0.0,0.0,0.009,0.0,0.0,0.009,0.0,8.2,0.031,0.0,0.0,0.005
06,0,16000,16000.0,0.7547322166402637,8.677999176143203e-06,0.00361120802724691,0.0,0.0,0.0,0.0,0.0,0.0,0.0,0.0,0.0,0.0,0.0,0.0,97.25688059629647,0.005624833516776562,0.02942674932037177,0.0,0.0,0.009,0.0,0.0,0.009,0.0,8.2,0.036,0.0,0.0,0.006
06,0,16500,16500.0,0.7433888808250799,8.784078090684488e-06,0.002982496941586282,0.0,0.0,0.0,0.0,0.0,0.0,0.0,0.0,0.0,0.0,0.0,0.0,117.33848799668465,0.0074803829193115234,0.033175622531301074,0.01,7.67,0.044,0.0,0.0,0.008,0.0,8.2,0.039,0.0,0.0,0.007
06,0,17000,17000.0,0.050588791873451555,4.221105882606935e-06,0.0001661147506622288,0.0,0.0,0.0,0.0,0.0,0.0,0.0,0.0,0.0,0.0,0.0,0.0,141.65862448915902,0.00996294617652893,0.036447704961506254,0.01,6.48,0.11,0.0,0.0,0.008,0.0,8.2,0.04,0.0,0.0,0.008
06,0,17500,17500.0,0.06574386598003912,4.227392309985589e-06,0.00017919700506385014,0.0,0.0,0.001,0.0,0.0,0.001,0.0,0.0,0.0,0.0,0.0,0.0,171.9195539552146,0.013026544824242592,0.0401849677401889,0.01,8.64,0.131,0.0,0.0,0.011,0.01,8.2,0.046,0.0,0.0,0.008
06,0,18000,18000.0,0.06622937043800903,4.226406417728867e-06,0.0001505822116032895,0.0,0.0,0.001,0.0,0.0,0.001,0.0,0.0,0.0,0.0,0.0,0.0,217.34391175675682,0.017388496547937393,0.04557401725321526,0.01,8.64,0.132,0.0,0.0,0.011,0.01,16.4,0.052,0.0,0.0,0.008
06,0,18500,18500.0,0.02816592764673942,7.954067768878303e-07,5.506233349033979e-05,0.0,0.0,0.001,0.0,0.0,0.001,0.0,0.0,0.001,0.0,0.0,0.0,270.0633060368091,0.022444089874625206,0.0514210099579986,0.01,10.8,0.149,0.0,0.0,0.014,0.01,16.4,0.058,0.0,0.0,0.009
06,0,19000,19000.0,0.03450099663453443,1.0349743888582452e-06,5.912641149730309e-05,0.0,0.0,0.001,0.0,0.0,0.001,0.0,0.0,0.001,0.0,0.0,0.0,329.8619620741192,0.02823607251048088,0.05722561827233167,0.01,10.8,0.144,0.0,0.0,0.014,0.01,16.4,0.062,0.0,0.0,0.009
06,0,19500,19500.0,0.047620056354702456,1.3942942587163998e-06,7.298056891274882e-05,0.0,0.0,0.001,0.0,0.0,0.001,0.0,0.0,0.001,0.0,0.0,0.0,377.93598125936114,0.03440522029995918,0.0607600803805245,0.01,9.800000000000002,0.164,0.0,3.59,0.017,0.01,16.4,0.063,0.0,0.0,0.01
06,0,20000,20000.0,0.07340767266796888,2.4424098228337243e-06,0.0001020344704423096,0.0,0.0,0.001,0.0,0.0,0.001,0.0,0.0,0.001,0.0,0.0,0.001,422.0116444201267,0.04209445044398308,0.06375391729607782,0.01,9.800000000000002,0.168,0.0,3.59,0.017,0.01,16.4,0.062,0.0,0.0,0.01
07,0,-20000,20000.0,51652.90021453583,6.046506404876709,0.3049115244123888,0.53,2915.64,0.481,0.01,26.320000000000004,0.015,0.37,2968.4,0.406,0.01,26.320000000000004,0.015,226510.78393978588,21.963661193847656,0.5153329422327794,1.6,9212.64,0.66,0.07,214.31999999999996,0.036,2.79,17203.6,0.659,0.07,214.31999999999996,0.036
07,0,-19500,19500.0,56639.55658089448,7.177474498748779,0.3153444042452334,0.56,3125.68,0.501,0.01,26.320000000000004,0.016,0.43,3189.8,0.428,0.01,26.320000000000004,0.016,224779.39711946002,19.85717010498047,0.5144630585175071,1.09,6594.6,0.663,0.07,227.48,0.037,2.52,17548.0,0.661,0.07,227.48,0.037
07,0,-19000,19000.0,61742.99843593654,8.149051666259766,0.32885778165662166,0.53,2436.0,0.494,0.01,26.320000000000004,0.016,0.52,3690.0,0.446,0.01,26.320000000000004,0.016,220049.93374044588,18.821847915649414,0.5121937713992273,1.19,6397.4,0.657,0.06,235.0,0.038,2.34,17892.4,0.665,0.06,235.0,0.038
07,0,-18500,18500.0,67267.98082555454,8.60450267791748,0.3435419762630289,0.54,2470.8,0.498,0.01,31.960000000000004,0.016,0.61,4206.6,0.461,0.01,31.960000000000004,0.016,214666.30120080727,17.875944137573242,0.5098878080953051,1.2,6388.7,0.657,0.05,238.76,0.038,2.25,18376.2,0.67,0.05,238.76,0.038
07,0,-18000,18000.0,71895.02895168038,8.374327659606934,0.3500510666994546,0.33,430.16,0.147,0.01,33.84,0.016,0.72,4936.4,0.47,0.01,33.84,0.016,207530.1900789892,16.917633056640625,0.5027228471986132,0.81,4506.42,0.662,0.54,5932.85,0.114,2.17,18614.0,0.674,0.06,240.64,0.038
07,0,-17500,17500.0,77118.9425349367,7.585498809814453,0.3569500832254514,1.12,3065.92,0.515,0.01,43.24,0.017,0.83,5625.2,0.476,0.01,43.24,0.017,199315.3162169308,15.880049705505371,0.4934516494555339,0.85,4389.84,0.659,0.5,6021.4,0.115,2.06,18786.2,0.677,0.06,244.4,0.038
07,0,-17000,17000.0,82412.63695791764,10.818537712097168,0.36186589126068675,1.22,3177.46,0.522,0.01,47.0,0.017,0.88,6076.2,0.481,0.01,47.0,0.017,190875.10965401566,15.185015678405762,0.4816260493395822,0.82,4170.75,0.647,0.06,246.28,0.039,1.92,18007.2,0.669,0.06,246.28,0.039
07,0,-16500,16500.0,87917.3615529939,13.659597396850586,0.3664738858808576,1.76,3815.24,0.557,0.01,56.4,0.019,0.92,6576.4,0.493,0.01,56.4,0.019,183800.18555184855,14.94793701171875,0.471730994436002,0.75,3694.38,0.622,0.05,229.36,0.038,1.75,17031.4,0.659,0.05,229.36,0.038
07,0,-16000,16000.0,94035.13491321325,15.317301750183105,0.3760479918170362,1.79,3892.46,0.561,0.01,62.04,0.02,0.84,6617.4,0.495,0.01,62.04,0.02,178877.5994505988,14.561415672302246,0.46459993615621026,1.25,8109.68,0.657,0.05,229.36,0.038,1.51,15555.399999999998,0.641,0.05,229.36,0.038
07,0,-15500,15500.0,101796.91594795114,20.307058334350586,0.39274869860271366,1.48,2847.34,0.538,0.01,52.64000000000001,0.018,0.8,6994.599999999999,0.512,0.01,52.64000000000001,0.018,176868.97777054476,14.070499420166016,0.4637453826170246,1.5,8145.28,0.659,0.03,191.76,0.035,1.5,14218.8,0.624,0.03,191.76,0.035
07,0,-15000,15000.0,108103.8472040598,22.386497497558594,0.4046608342533085,1.58,3105.26,0.537,0.01,50.76,0.018,1.49,7576.8,0.522,0.01,50.76,0.018,176436.62100507904,13.877391815185547,0.46531180313140647,1.22,6261.1,0.655,0.03,182.36,0.034,1.47,13259.400000000001,0.606,0.03,182.36,0.034
07,0,-14500,14500.0,114640.74013479265,22.23581886291504,0.4175955921257479,1.67,2663.28,0.561,0.02,58.28,0.019,2.39,8470.6,0.539,0.02,58.28,0.019,178236.38639661018,15.528364181518555,0.4721673826648521,1.26,6281.4,0.656,0.02,161.68,0.032,1.41,12513.2,0.592,0.02,161.68,0.032
07,0,-14000,14000.0,118527.42022487488,18.886220932006836,0.4327445645015491,2.42,4653.54,0.629,0.02,141.36,0.09,3.16,9930.2,0.569,0.03,62.04,0.02,179467.03819762776,16.980913162231445,0.47970365199564835,1.71,6014.6,0.657,0.02,156.04,0.031,1.36,12685.4,0.593,0.02,156.04,0.031
07,0,-13500,13500.0,118542.02628164893,14.560989379882812,0.43947281172375624,1.57,4319.82,0.609,0.02,141.36,0.09,3.72,11135.6,0.592,0.1,107.15999999999998,0.028,179740.1855016753,18.228849411010742,0.48541823171388626,1.75,6020.4,0.66,0.02,167.32,0.032,1.3,12890.4,0.596,0.02,167.32,0.032
07,0,-13000,13000.0,114576.10063966918,16.640974044799805,0.44802054647700357,1.83,4924.56,0.561,0.31,1275.12,0.054,2.61,10766.6,0.583,0.11,120.32,0.03,177487.69440984796,18.798959732055664,0.4884061087130218,0.93,3452.16,0.651,0.03,171.08,0.033,1.28,13152.8,0.6,0.03,171.08,0.033
07,0,-12500,12500.0,106194.57564722186,17.15172576904297,0.4469998797125236,0.95,2763.52,0.539,0.12,938.63,0.051,1.35,10151.6,0.57,0.05,112.8,0.028,173867.96516806236,18.632434844970703,0.4897739905212597,1.17,4058.1900000000005,0.657,0.03,178.6,0.034,1.27,13439.8,0.608,0.03,178.6,0.034
07,0,-12000,12000.0,92512.58539128429,15.201781272888184,0.42628221429926977,1.02,3019.08,0.538,0.13,832.37,0.05,1.36,10725.6,0.588,0.05,110.92,0.028,166079.1395573992,17.31264305114746,0.48289019218424256,2.16,8196.72,0.651,0.04,182.36,0.034,1.3,13899.0,0.622,0.04,182.36,0.034
07,0,-11500,11500.0,78288.3091050449,13.203775405883789,0.4014265882589358,0.91,2423.52,0.553,0.14,779.24,0.049,1.9,11291.4,0.607,0.02,127.84000000000002,0.031,157207.1009717906,15.001648902893066,0.47331463468292395,0.69,2468.2,0.635,0.49,3736.81,0.095,1.39,14522.2,0.641,0.06,191.76,0.035
07,0,-11000,11000.0,62727.68206924252,9.906641960144043,0.3632051620517812,1.39,3874.8599999999997,0.614,0.12,779.24,0.049,2.04,10578.0,0.598,0.04,133.48,0.031,147169.51777181166,12.5048189163208,0.4592058198423487,1.0,3618.0,0.626,0.47,3719.1,0.095,1.5,14423.8,0.644,0.07,197.4,0.036
07,0,-10500,10500.0,50619.52411728668,6.316195487976074,0.33080720928430685,1.07,2808.81,0.535,0.13,779.24,0.049,2.34,9741.6,0.588,0.03,114.68,0.029,138689.3719199979,11.416508674621582,0.44771430371662224,0.69,3090.96,0.594,0.48,3736.81,0.096,1.62,14391.0,0.648,0.07,188.0,0.036
07,0,-10000,10000.0,40582.90309968374,3.672377109527588,0.29427692938987143,0.7,1952.88,0.48,0.11,743.82,0.048,1.63,6765.0,0.502,0.03,109.03999999999999,0.029,131529.43551796535,11.074605941772461,0.4340311919413186,0.85,4826.58,0.641,0.49,4002.4599999999996,0.1,1.48,13284.0,0.633,0.07,186.12,0.036
07,0,-9500,9500.0,35753.06645167318,3.737224817276001,0.2861474190771585,1.0,4887.2,0.459,0.1,726.11,0.048,1.0,4887.2,0.459,0.02,45.12,0.017,127292.11514772501,11.05324649810791,0.4271217333559424,0.63,3485.8,0.552,0.53,4303.53,0.104,1.39,12291.8,0.617,0.06,154.16,0.033
07,0,-9000,9000.0,33239.1720471401,3.6268422603607178,0.27795381726117613,0.22,1006.74,0.373,0.12,690.69,0.047,0.4,3845.8000000000006,0.433,0.02,37.6,0.017,125956.55652919102,11.263761520385742,0.4237074493593359,0.71,3854.0999999999995,0.579,0.05,144.76,0.032,1.17,11291.4,0.596,0.05,144.76,0.032
07,0,-8500,8500.0,31624.335091197718,3.269831418991089,0.2752590405938889,0.2,792.72,0.383,0.0,28.2,0.016,0.32,2911.0,0.4,0.0,28.2,0.016,126613.92504837923,11.340548515319824,0.42550933944055136,0.71,3883.1,0.581,0.02,124.08,0.029,1.16,10381.2,0.577,0.02,124.08,0.029
07,0,-8000,8000.0,30626.375881342665,2.7506918907165527,0.27378759689848897,0.19,768.96,0.377,0.0,24.44,0.016,0.37,3017.6,0.403,0.0,24.44,0.016,128809.37041903907,11.333375930786133,0.4322094749169067,0.73,4422.5,0.612,0.02,118.44,0.029,1.16,9913.8,0.567,0.02,118.44,0.029
07,0,-7500,7500.0,29489.42361633965,2.2454707622528076,0.27101155180003966,0.17,734.4,0.371,0.01,28.2,0.016,0.45,3222.6,0.411,0.01,28.2,0.016,131256.21254995847,11.183202743530273,0.44021116753100703,0.73,4463.1,0.615,0.02,110.92,0.028,1.16,9520.2,0.558,0.02,110.92,0.028
07,0,-7000,7000.0,28003.1137905699,2.206143617630005,0.26908271218477553,0.26,820.7,0.356,0.01,30.08,0.016,0.41,3066.8,0.399,0.01,30.08,0.016,132403.44215615466,10.744251251220703,0.44450033140557477,0.5,2745.66,0.589,0.02,109.03999999999999,0.027,1.17,9790.8,0.567,0.02,109.03999999999999,0.027
07,0,-6500,6500.0,26434.517057124485,2.3482139110565186,0.2670757341722449,0.27,817.8,0.356,0.06,389.62,0.038,0.36,2894.6,0.39,0.01,28.2,0.016,132446.55911013525,10.180520057678223,0.4460026863211081,0.51,3023.04,0.612,0.02,116.56,0.029,1.18,10127.0,0.578,0.02,116.56,0.029
07,0,-6000,6000.0,24336.586018936672,2.2208609580993652,0.2551009808599588,0.16,485.46,0.354,0.05,389.62,0.037,0.25,2615.8,0.374,0.01,28.2,0.016,131459.59878149108,9.69994831085205,0.4432524356505591,0.48,2934.6,0.604,0.02,118.44,0.029,1.19,10865.0,0.595,0.02,118.44,0.029
07,0,-5500,5500.0,22791.54243452594,2.101882219314575,0.24622033261262058,0.2,568.83,0.359,0.08,425.04,0.038,0.25,2419.0,0.365,0.01,24.44,0.016,130040.24000132368,9.792198181152344,0.43793649298229215,0.46,2753.7,0.588,0.03,139.12,0.032,1.19,11512.8,0.609,0.03,139.12,0.032
07,0,-5000,5000.0,21735.29454313073,1.8422785997390747,0.23459023515203783,0.12,359.8,0.343,0.01,24.44,0.016,0.28,2369.8,0.364,0.01,24.44,0.016,129812.21364935639,10.55795955657959,0.4332155758594041,0.38,2619.03,0.575,0.03,144.76,0.033,1.1,11266.8,0.604,0.03,144.76,0.033
07,0,-4500,4500.0,21089.33924788161,1.4569772481918335,0.22511366812824193,0.18,700.7,0.306,0.01,22.56,0.016,0.32,2353.4,0.368,0.01,22.56,0.016,131695.5119669652,11.806245803833008,0.4334856033801157,0.6,3892.46,0.579,0.04,135.36,0.031,1.01,10971.6,0.598,0.04,135.36,0.031
07,0,-4000,4000.0,20855.28174329098,1.8733701705932617,0.21853559064133243,0.2,717.8599999999999,0.308,0.01,22.56,0.016,0.25,2000.8,0.344,0.01,22.56,0.016,136173.88209515932,13.347881317138672,0.43695096002411105,0.63,3961.1,0.583,0.04,131.6,0.031,0.92,10471.4,0.586,0.04,131.6,0.031
07,0,-3500,3500.0,21265.4509533631,2.1479899883270264,0.21829049970036593,0.2,629.92,0.322,0.01,18.8,0.015,0.19,1738.4,0.327,0.01,18.8,0.015,143718.6904347571,15.722990036010742,0.4480776743906125,0.85,4495.92,0.613,0.02,118.44,0.029,0.85,10086.0,0.577,0.02,118.44,0.029
07,0,-3000,3000.0,22135.154384358022,2.4630537033081055,0.21816331947241513,0.24,881.6,0.347,0.08,637.56,0.041,0.13,1713.7999999999997,0.32,0.01,16.92,0.014,153142.81714292392,17.990482330322266,0.46249574501888674,0.99,5280.9,0.653,0.02,114.68,0.028,0.89,10373.0,0.585,0.02,114.68,0.028
07,0,-2500,2500.0,23911.291540357528,2.5734031200408936,0.22423791616514266,0.23,578.88,0.341,0.03,479.52000000000004,0.088,0.19,1795.8,0.326,0.01,16.92,0.014,163304.7399257118,19.78118896484375,0.47782433424974824,0.98,4381.5,0.638,0.02,120.32,0.029,1.03,10799.4,0.595,0.02,120.32,0.029
07,0,-2000,2000.0,25967.19858118057,2.375532865524292,0.22842026679696315,0.22,565.92,0.332,0.01,16.92,0.014,0.3,2025.4000000000003,0.335,0.01,16.92,0.014,173708.0448283377,20.807716369628906,0.49272114970469144,1.26,5684.0,0.671,0.02,122.2,0.03,1.19,11463.6,0.609,0.02,122.2,0.03
07,0,-1500,1500.0,28140.55886294009,2.1346218585968018,0.23227805317330097,0.21,602.64,0.339,0.01,20.68,0.015,0.4,2271.4,0.348,0.01,20.68,0.015,183143.60535701364,20.727554321289062,0.5041009873583513,1.06,3710.88,0.644,0.05,139.12,0.032,1.34,12119.6,0.623,0.05,139.12,0.032
07,0,-1000,1000.0,30347.44980770754,1.742093801498413,0.2375635268798581,0.33,1199.52,0.337,0.01,22.56,0.015,0.38,2222.2,0.333,0.01,22.56,0.015,191591.91753966882,19.95244026184082,0.512604578288366,1.09,3788.64,0.649,0.05,144.76,0.032,1.49,13210.2,0.642,0.05,144.76,0.032
07,0,-500,500.0,32452.31243219054,1.6352932453155518,0.24268690283266983,0.26,1212.64,0.357,0.01,22.56,0.015,0.33,2132.0,0.32,0.01,22.56,0.015,198351.74586851022,18.308130264282227,0.5162733211133143,1.16,4026.24,0.665,0.07,174.84,0.036,1.72,14136.799999999997,0.658,0.07,174.84,0.036
07,0,0,0.0,34642.16279378299,1.968792200088501,0.2488162320868415,0.26,1056.64,0.359,0.01,24.44,0.016,0.21,2246.8,0.317,0.01,24.44,0.016,205263.58877827664,16.3504581451416,0.5211737366456622,1.06,4069.44,0.667,0.08,182.36,0.036,1.84,14776.4,0.668,0.08,182.36,0.036
07,0,500,500.0,37241.98541910254,2.230961322784424,0.25733454554122476,0.31,1125.22,0.369,0.01,26.320000000000004,0.016,0.17,2533.8,0.33,0.01,26.320000000000004,0.016,211424.664277145,18.672468185424805,0.5242120204771692,1.31,6043.18,0.666,0.08,195.52,0.037,1.8,15342.2,0.676,0.08,195.52,0.037
07,0,1000,1000.0,39885.91485646462,2.4100430011749268,0.26324155516031356,0.27,915.84,0.374,0.01,26.320000000000004,0.016,0.28,3034.0,0.355,0.01,26.320000000000004,0.016,218037.53457532337,19.81048011779785,0.5239976442861707,1.27,6023.16,0.663,0.08,199.28,0.038,1.47,15629.199999999999,0.68,0.08,199.28,0.038
07,0,1500,1500.0,42577.21698073039,2.7166311740875244,0.2684749191449354,0.36,1010.8799999999999,0.389,0.01,31.960000000000004,0.016,0.41,3616.2,0.385,0.01,31.960000000000004,0.016,225463.6227849358,19.83426856994629,0.524810417242891,0.95,4635.36,0.691,0.07,201.16,0.038,1.3,16072.000000000002,0.686,0.07,201.16,0.038
07,0,2000,2000.0,45382.52682482311,3.6144654750823975,0.2755420073427224,0.33,997.92,0.388,0.01,33.84,0.017,0.51,3854.0,0.396,0.01,33.84,0.017,236897.98910786808,18.082080841064453,0.5277218312426154,1.55,7147.17,0.731,0.06,201.16,0.038,1.9,17088.8,0.696,0.06,201.16,0.038
07,0,2500,2500.0,47901.74001316447,4.4059906005859375,0.2812385724254476,0.6,2192.96,0.397,0.02,37.6,0.017,0.58,3985.2000000000003,0.404,0.02,37.6,0.017,251451.1126169141,15.863030433654785,0.5333923696015153,1.54,7054.469999999999,0.721,0.05,223.72,0.039,2.57,18105.6,0.707,0.05,223.72,0.039
07,0,3000,3000.0,50338.50591418105,5.6554274559021,0.2910426967686051,0.58,1821.2,0.411,0.02,37.6,0.017,0.5,3911.3999999999996,0.402,0.02,37.6,0.017,268333.4877525585,14.106789588928223,0.5447255461932755,1.59,14368.2,0.554,0.06,231.24,0.04,2.55,17999.0,0.699,0.06,231.24,0.04
07,0,3500,3500.0,52026.655858833656,6.581986904144287,0.29837285193144947,0.59,1850.2,0.413,0.01,37.6,0.017,0.4,3854.0,0.403,0.01,37.6,0.017,284746.7891449702,15.131036758422852,0.5557312213585678,2.4,15792.58,0.573,0.06,227.48,0.039,2.4,17851.4,0.69,0.06,227.48,0.039
07,0,4000,4000.0,53097.13091710339,7.073282241821289,0.3061989894909824,0.67,1751.6,0.407,0.01,37.6,0.017,0.44,4181.999999999999,0.419,0.01,37.6,0.017,297138.5883755067,17.617700576782227,0.5696667457192444,2.57,15745.93,0.566,0.07,225.6,0.039,1.64,18204.0,0.686,0.07,225.6,0.039
07,0,4500,4500.0,53196.25860224542,7.125933647155762,0.3101640318727687,0.67,1745.7999999999997,0.406,0.01,41.36,0.017,0.62,4559.2,0.438,0.01,41.36,0.017,301740.04856738215,20.361988067626953,0.5765080557265616,1.97,10631.399999999998,0.772,0.05,242.52,0.039,1.58,18630.4,0.69,0.05,242.52,0.039
07,0,5000,5000.0,52181.87869672442,6.717690467834473,0.3129100443402103,0.39,1002.24,0.405,0.01,43.24,0.017,0.79,4903.6,0.449,0.01,43.24,0.017,296655.8079909333,22.019458770751953,0.5811628424962192,1.96,9338.0,0.748,0.06,250.04,0.04,1.66,21336.4,0.717,0.06,250.04,0.04
07,0,5500,5500.0,49799.40049822377,6.059130668640137,0.30983521502620237,0.49,1181.88,0.409,0.02,47.0,0.018,0.94,5149.6,0.457,0.02,47.0,0.018,283305.4617503655,22.334943771362305,0.5735238899023462,1.95,9239.4,0.746,0.1,323.36,0.044,1.78,24001.4,0.741,0.1,323.36,0.044
07,0,6000,6000.0,46480.30244310924,5.296703815460205,0.3061288496152665,0.46,1099.47,0.403,0.14,779.24,0.048,0.95,4961.0,0.452,0.02,48.88,0.018,261207.3894553121,21.080310821533203,0.5594203567592779,2.14,6777.3,0.683,0.11,344.04,0.045,1.83,25477.4,0.75,0.11,344.04,0.045
07,0,6500,6500.0,43029.41300124402,4.446669101715088,0.30240559621874336,0.38,942.6900000000002,0.393,0.1,708.4,0.047,0.91,4747.8,0.447,0.02,45.12,0.017,235335.0861917471,20.317245483398438,0.5376395978048055,2.2,6588.8,0.677,0.08,376.0,0.046,2.49,26477.8,0.755,0.08,376.0,0.046
07,0,7000,7000.0,38933.63954012672,3.728580951690674,0.29579979804701845,0.35,898.47,0.387,0.11,637.56,0.046,0.74,4460.8,0.443,0.02,43.24,0.017,205918.27972729597,21.32868194580078,0.5081763939092235,1.12,3723.5999999999995,0.658,0.08,385.3999999999999,0.046,2.24,23493.0,0.726,0.08,385.3999999999999,0.046
07,0,7500,7500.0,35175.58373049698,3.240276336669922,0.2912729052930273,0.28,812.04,0.382,0.1,531.3,0.044,0.65,4255.8,0.443,0.02,39.48,0.017,181140.35299356954,21.325593948364258,0.48397484300259436,1.41,4389.84,0.666,0.06,308.32,0.042,2.0,20278.6,0.691,0.06,308.32,0.042
07,0,8000,8000.0,31363.85908658456,2.582564353942871,0.28545926370454744,0.36,1461.5700000000002,0.455,0.05,425.04,0.041,0.64,3936.0,0.435,0.02,37.6,0.017,159239.60938144274,19.641387939453125,0.45588244485092205,2.69,8878.08,0.661,0.44,2833.6,0.075,1.81,17876.0,0.66,0.06,289.52,0.041
07,0,8500,8500.0,27758.633775274866,1.9798566102981567,0.2809736338372647,0.27,1300.89,0.443,0.05,336.49,0.038,0.61,3657.2,0.43,0.01,33.84,0.017,143070.65506846525,16.970672607421875,0.43753189513168106,4.52,18812.25,0.632,0.3,2408.56,0.067,2.05,16072.000000000002,0.635,0.07,227.48,0.037
07,0,9000,9000.0,23984.321486134944,1.4747002124786377,0.26726284611440637,0.15,483.7199999999999,0.357,0.06,318.78,0.038,0.47,3214.4,0.414,0.01,31.960000000000004,0.017,129026.92408660652,13.686370849609375,0.4172285834001265,1.42,5008.89,0.613,0.36,1877.26,0.056,2.31,14095.800000000001,0.606,0.08,210.56000000000003,0.036
07,0,9500,9500.0,21006.932055174224,1.2028329372406006,0.25705926461674916,0.21,570.24,0.36,0.08,336.49,0.039,0.33,2820.8,0.4,0.01,28.2,0.016,118059.62439659797,10.424660682678223,0.40468728997887654,0.64,2299.44,0.513,0.11,1296.48,0.119,2.54,12644.4,0.586,0.06,163.56,0.032
07,0,10000,10000.0,18598.745472126066,1.2727694511413574,0.24205733713614855,0.11,344.4,0.349,0.09,371.91,0.04,0.25,2509.2,0.389,0.01,26.320000000000004,0.016,107481.96495275495,7.832947254180908,0.3828765181655113,1.03,4740.06,0.614,0.11,1225.44,0.117,1.75,11955.6,0.576,0.06,148.52,0.031
07,0,10500,10500.0,16657.444080847898,1.4334869384765625,0.2289055232225923,0.14,388.96,0.286,0.01,22.56,0.016,0.26,2181.2,0.373,0.01,22.56,0.016,98503.27759228548,7.068571090698242,0.3641221812260449,0.75,2114.1,0.406,0.3,1930.3900000000003,0.057,1.39,11652.2,0.578,0.04,131.6,0.029
07,0,11000,11000.0,15482.385896292137,1.6455599069595337,0.2154683556011092,0.17,478.5,0.307,0.01,22.56,0.016,0.13,1656.4,0.34,0.01,22.56,0.016,92789.88562551442,6.7107720375061035,0.3446985139479359,0.79,2134.4,0.406,0.04,125.96000000000001,0.028,1.05,11447.2,0.575,0.04,125.96000000000001,0.028
07,0,11500,11500.0,16030.9335247504,2.1088786125183105,0.21973294703616342,0.24,600.6,0.34,0.0,15.04,0.014,0.14,1246.4,0.312,0.0,15.04,0.014,92991.77914091486,5.861672878265381,0.3394825976519108,1.13,3391.96,0.51,0.03,120.32,0.027,1.08,11160.2,0.569,0.03,120.32,0.027
07,0,12000,12000.0,18130.55275885269,2.672910451889038,0.22706962505896927,0.26,643.5,0.348,0.0,13.160000000000002,0.014,0.15,1205.4,0.317,0.0,13.160000000000002,0.014,100687.68804934582,10.54520320892334,0.34947757452655315,1.31,3700.84,0.532,0.03,118.44,0.027,0.79,9077.4,0.518,0.03,118.44,0.027
07,0,12500,12500.0,21461.509986172423,3.4154601097106934,0.24199099921484962,0.42,1029.6,0.396,0.01,11.28,0.014,0.2,1238.2,0.329,0.01,11.28,0.014,114041.7185032797,14.819857597351074,0.373114179264757,2.94,5722.86,0.641,0.01,67.68,0.019,0.61,7068.399999999999,0.457,0.01,67.68,0.019
07,0,13000,13000.0,25732.667717312026,4.385833263397217,0.2576266495705911,0.45,1089.66,0.402,0.01,11.28,0.014,0.25,1279.2,0.326,0.01,11.28,0.014,127137.0928374845,21.49304962158203,0.39282952153242257,3.13,5957.379999999999,0.651,0.01,58.28,0.017,0.5,6535.4,0.445,0.01,58.28,0.017
07,0,13500,13500.0,30344.662644504784,5.191860675811768,0.2726680418063558,0.49,1321.32,0.416,0.01,13.160000000000002,0.014,0.3,1320.2,0.327,0.01,13.160000000000002,0.014,140192.55996787525,25.89470863342285,0.41484926014750256,2.39,4856.48,0.634,0.02,54.519999999999996,0.017,0.51,6133.6,0.436,0.02,54.519999999999996,0.017
07,0,14000,14000.0,35397.657226998956,5.723129749298096,0.29117748975139573,0.49,1352.7800000000002,0.417,0.01,13.160000000000002,0.015,0.39,1623.6,0.358,0.01,13.160000000000002,0.015,152201.79330813093,29.084524154663086,0.44126786241214955,2.6,5380.5599999999995,0.633,0.02,54.519999999999996,0.017,1.47,7822.799999999999,0.478,0.02,54.519999999999996,0.017
07,0,14500,14500.0,39809.9591850601,5.775070667266846,0.30377829137014684,0.36,801.36,0.411,0.01,16.92,0.015,0.51,2009.0000000000002,0.391,0.01,16.92,0.015,160445.74299908645,31.153308868408203,0.4609766103315814,2.6,4332.96,0.651,0.03,95.88,0.024,3.04,10561.6,0.553,0.03,95.88,0.024
07,0,15000,15000.0,43884.388071634596,5.331836700439453,0.31183732938823105,0.62,1402.86,0.485,0.01,18.8,0.016,0.72,2730.6,0.432,0.01,18.8,0.016,161926.65421517007,30.511791229248047,0.47123391784131485,3.92,6918.51,0.702,0.04,110.92,0.026,4.69,13940.0,0.622,0.04,110.92,0.026
07,0,15500,15500.0,47398.88558037317,5.2280426025390625,0.31469495553136445,0.66,1575.9,0.494,0.01,26.320000000000004,0.017,0.95,3460.4,0.46,0.01,26.320000000000004,0.017,154055.56894044188,29.125688552856445,0.4576043657069068,2.77,6405.57,0.684,0.43,2939.86,0.077,6.73,17031.4,0.669,0.16,193.64,0.036
07,0,16000,16000.0,50753.17478565483,6.515758037567139,0.3125553663933902,0.71,1776.75,0.505,0.01,30.08,0.017,1.07,4050.8000000000006,0.478,0.01,30.08,0.017,141281.30041640776,23.655508041381836,0.4370607238443314,5.32,16432.8,0.662,0.43,2851.31,0.076,5.32,16432.8,0.662,0.18,210.56000000000003,0.037
07,0,16500,16500.0,54704.24220793613,7.649714946746826,0.3120083602255332,0.54,1724.22,0.498,0.02,35.72,0.018,1.12,4534.6,0.49,0.02,35.72,0.018,127168.40108782775,17.775381088256836,0.41276163046345493,3.64,15194.600000000002,0.645,0.18,1391.2,0.125,3.64,15194.600000000002,0.645,0.09,195.52,0.035
07,0,17000,17000.0,59410.59746202042,8.746729850769043,0.3147016460987522,0.43,1858.9,0.421,0.02,37.6,0.018,0.84,4510.0,0.487,0.02,37.6,0.018,113435.22883928113,13.298829078674316,0.38586649977405507,1.17,4677.84,0.535,0.14,1450.4,0.128,2.33,13087.2,0.61,0.07,189.88,0.035
07,0,17500,17500.0,64771.470609625685,9.902480125427246,0.3191407900651076,0.42,1656.08,0.418,0.01,37.6,0.017,0.58,4428.0,0.483,0.01,37.6,0.017,103732.2123502189,10.280546188354492,0.3678290489692851,1.39,4834.48,0.543,0.04,141.0,0.03,1.49,11119.2,0.573,0.04,141.0,0.03
07,0,18000,18000.0,71271.01962353184,10.638008117675781,0.3291903737532285,0.55,2755.0,0.49,0.01,37.6,0.017,0.69,4469.0,0.478,0.01,37.6,0.017,98587.00223628215,8.3081693649292,0.3558254609212683,0.9,3358.2,0.515,0.02,127.84000000000002,0.028,1.27,9831.8,0.541,0.02,127.84000000000002,0.028
07,0,18500,18500.0,78816.96430039726,10.862796783447266,0.3431484791393569,0.42,1432.08,0.425,0.01,37.6,0.017,0.79,4608.4,0.475,0.01,37.6,0.017,97564.91376844766,6.718218803405762,0.35488418589694354,0.92,3372.7,0.516,0.02,99.64,0.024,1.14,8888.8,0.517,0.02,99.64,0.024
07,0,19000,19000.0,85893.88271633312,10.848736763000488,0.35593066430710624,0.35,1668.66,0.491,0.01,37.6,0.017,0.89,5362.8,0.478,0.01,37.6,0.017,99217.79629125418,6.783451080322266,0.3551972417152888,0.46,1804.3799999999997,0.488,0.02,92.12,0.023,0.97,7937.6,0.488,0.02,92.12,0.023
07,0,19500,19500.0,91547.35020935969,10.745954513549805,0.36434575047606377,0.46,2028.2400000000002,0.487,0.02,48.88,0.017,1.0,6141.8,0.482,0.02,48.88,0.017,102382.95938625654,6.2155961990356445,0.3593495773481546,0.56,2166.78,0.499,0.02,75.2,0.02,0.82,7060.199999999999,0.462,0.02,75.2,0.02
07,0,20000,20000.0,95938.38282815595,10.656712532043457,0.36981628609525,0.43,2036.88,0.484,0.02,50.76,0.017,1.04,7084.800000000001,0.497,0.02,50.76,0.017,108308.7560043481,5.662292003631592,0.36801841095189863,0.75,3480.0,0.521,0.01,69.56,0.019,0.64,7125.8,0.463,0.01,69.56,0.019
08,0,-20000,20000.0,394214.5450105567,62.59204864501953,0.49500649893823595,5.76,10982.96,0.75,0.47,723.8,0.051,17.74,50331.6,0.815,0.47,723.8,0.051,137658.70319945007,22.648271560668945,0.4039680036396526,2.76,6417.7,0.669,0.01,31.960000000000004,0.016,0.41,3542.4000000000005,0.364,0.01,31.960000000000004,0.016
08,0,-19500,19500.0,387106.53898844495,64.9579849243164,0.4980375301665198,6.17,11214.1,0.756,0.34,644.84,0.05,12.75,45649.4,0.8,0.34,644.84,0.05,170479.14942882722,26.730838775634766,0.4396100397287881,2.86,6600.4,0.676,0.01,39.48,0.017,0.63,4313.2,0.392,0.01,39.48,0.017
08,0,-19000,19000.0,385756.6543668646,66.0601577758789,0.5098909918487798,4.18,7553.339999999999,0.757,0.13,545.68,0.131,12.98,41057.4,0.781,0.3,627.92,0.05,205875.86477441978,31.89853858947754,0.47639492972171993,2.71,8737.7,0.733,0.01,43.24,0.017,1.28,6527.2,0.446,0.01,43.24,0.017
08,0,-18500,18500.0,383655.3508562117,65.73841857910156,0.5238526048604613,5.67,9696.24,0.766,0.13,545.68,0.131,12.58,36826.2,0.763,0.26,526.4,0.047,237441.47083082437,35.15278244018555,0.5000307794582145,1.93,4307.43,0.665,0.05,84.6,0.021,1.96,9487.4,0.525,0.05,84.6,0.021
08,0,-18000,18000.0,376333.43381507153,64.38610076904297,0.5359905905333838,5.68,10190.88,0.773,0.79,6428.73,0.106,13.22,36678.6,0.761,0.28,494.44,0.046,262580.0625929594,35.85581970214844,0.5169558469036549,2.6,8980.2,0.744,0.06,110.92,0.026,2.83,12406.6,0.594,0.06,110.92,0.026
08,0,-17500,17500.0,365868.4813736024,62.233070373535156,0.553076022457434,5.42,11685.6,0.8,0.53,4179.56,0.082,13.89,36998.4,0.764,0.32,507.6000000000001,0.046,282493.3648360608,33.44784164428711,0.5228385263056688,3.2,9726.86,0.746,0.1,178.6,0.034,3.86,15129.0,0.644,0.1,178.6,0.034
08,0,-17000,17000.0,337234.8502574037,52.117576599121094,0.5521296642288888,7.47,17600.64,0.82,0.5,3471.16,0.073,14.56,40631.0,0.78,0.33,513.24,0.047,298978.01535578055,34.33201217651367,0.5213791089519269,3.54,9493.2,0.752,0.11,193.64,0.035,3.9,18048.2,0.684,0.11,193.64,0.035
08,0,-16500,16500.0,303613.49204516085,43.74253845214844,0.5464176513405895,6.28,16658.19,0.812,0.59,3028.41,0.066,14.2,44271.8,0.796,0.32,603.48,0.049,311853.6709960865,38.210018157958984,0.5122291902909336,3.62,9011.92,0.758,0.11,263.2,0.04,3.78,20770.6,0.714,0.11,263.2,0.04
08,0,-16000,16000.0,247190.74099508653,28.697551727294922,0.498721055626747,4.94,15585.96,0.801,0.59,2992.99,0.066,11.18,41098.4,0.784,0.31,631.68,0.05,321417.0477669588,44.027320861816406,0.49881435912333116,4.06,9718.04,0.771,0.11,283.88,0.041,4.51,23607.8,0.736,0.11,283.88,0.041
08,0,-15500,15500.0,201825.56358727746,16.686277389526367,0.45600330736378214,3.26,12554.67,0.761,0.53,2833.6,0.063,8.45,37949.6,0.77,0.22,518.88,0.047,329069.8475011281,47.33058547973633,0.4829905817403485,5.25,14651.78,0.824,0.13,351.56,0.044,6.14,26166.2,0.755,0.13,351.56,0.044
08,0,-15000,15000.0,168098.27422400616,17.02260971069336,0.4125584462082174,4.87,29765.999999999996,0.723,0.39,2674.21,0.061,4.87,29765.999999999996,0.723,0.19,486.92,0.046,336862.6185045095,52.41695785522461,0.4778187200910471,5.44,15000.7,0.829,0.15,374.12,0.045,7.19,27715.999999999996,0.763,0.15,374.12,0.045
08,0,-14500,14500.0,148218.37381570187,17.307950973510742,0.39112157577459117,3.92,15901.11,0.565,0.33,2727.34,0.062,2.16,21959.6,0.658,0.09,282.0,0.037,343086.2555755293,55.8973388671875,0.4735603783875361,5.9,14831.96,0.832,0.18,398.56,0.046,8.08,29462.6,0.773,0.18,398.56,0.046
08,0,-14000,14000.0,142687.75706382206,17.32025909423828,0.3786734366102487,4.25,17500.89,0.588,0.49,3488.87,0.073,1.85,17326.6,0.601,0.07,223.72,0.034,354794.2939580687,61.45360565185547,0.49036382227301856,5.89,14683.240000000002,0.831,0.19,407.96,0.046,9.22,31996.400000000005,0.787,0.19,407.96,0.046
08,0,-13500,13500.0,143019.15332871414,17.249982833862305,0.3782211051144811,1.16,3419.28,0.526,0.03,146.64,0.027,1.68,12783.8,0.527,0.03,146.64,0.027,360996.7253199399,64.65382385253906,0.506823559584174,4.75,13733.78,0.838,0.21,453.08,0.048,10.33,34997.6,0.803,0.21,453.08,0.048
08,0,-13000,13000.0,150468.9773377531,14.814336776733398,0.3831097356941369,2.08,5735.04,0.588,0.03,124.08,0.024,2.45,13128.200000000003,0.534,0.03,124.08,0.024,364037.2178038273,63.03870391845703,0.5341860518647209,6.0,16917.75,0.858,0.21,468.12000000000006,0.048,12.16,39712.6,0.824,0.21,468.12000000000006,0.048
08,0,-12500,12500.0,160728.23269191908,11.392524719238281,0.39125281975193615,1.71,5704.14,0.586,0.06,148.52,0.027,3.54,13841.6,0.548,0.06,148.52,0.027,355234.16847537877,61.63413619995117,0.5542910559752215,4.54,11681.28,0.846,0.2,590.32,0.051,13.75,43919.2,0.844,0.2,590.32,0.051
08,0,-12000,12000.0,176133.2480405191,12.56462287902832,0.40780097783047387,1.31,5707.23,0.589,0.12,448.75,0.047,2.91,13489.0,0.542,0.07,157.92,0.028,329034.4142163779,58.76934051513672,0.5587479634735762,6.72,16760.16,0.861,1.65,6251.63,0.119,14.16,44247.2,0.846,0.23,627.92,0.052
08,0,-11500,11500.0,195095.33462512225,12.631828308105469,0.4297769152621499,1.43,8668.6,0.617,0.03,139.12,0.026,2.3,13415.2,0.542,0.03,139.12,0.026,304013.1870388974,56.20444869995117,0.5642057137765889,5.59,14643.51,0.841,1.46,5826.59,0.114,14.26,43730.6,0.846,0.25,629.8,0.052
08,0,-11000,11000.0,217774.96573067008,13.762060165405273,0.45357948685162036,2.01,9412.64,0.634,0.07,341.05,0.039,1.57,13923.6,0.549,0.04,135.36,0.026,265144.16722992354,51.25605773925781,0.534068282514125,3.31,6741.54,0.761,1.91,6163.08,0.117,11.6,38031.6,0.825,0.26,629.8,0.052
08,0,-10500,10500.0,241208.96968250835,13.882601737976074,0.47495114724898446,2.37,9879.0,0.644,0.06,152.28,0.028,1.66,14587.8,0.56,0.06,152.28,0.028,235184.04675535153,46.52812194824219,0.5102163785122097,2.63,4536.57,0.682,0.22,492.56,0.05,8.87,32258.800000000003,0.799,0.22,492.56,0.05
08,0,-10000,10000.0,267932.3283016871,14.974241256713867,0.49640983301730685,2.2,8044.6,0.656,0.06,156.04,0.028,1.98,16629.600000000002,0.591,0.06,156.04,0.028,211056.29254780366,36.16802978515625,0.47748037381724245,3.56,7456.02,0.698,0.23,454.96,0.049,5.73,25379.0,0.756,0.23,454.96,0.049
08,0,-9500,9500.0,291260.41250754317,16.38218879699707,0.50951341427063,2.47,10001.42,0.703,0.06,216.19999999999996,0.033,2.16,18515.6,0.617,0.06,216.19999999999996,0.033,200724.2607902116,30.87372398376465,0.4697034771361963,3.4,7281.56,0.689,0.14,293.28,0.043,4.51,19343.8,0.703,0.14,293.28,0.043
08,0,-9000,9000.0,309300.4783712242,18.151281356811523,0.5156213502102859,2.69,10247.38,0.708,0.07,235.0,0.035,1.8,20049.0,0.635,0.07,235.0,0.035,198577.8091041805,33.784332275390625,0.46915716245597827,3.32,7241.52,0.687,0.1,242.52,0.039,3.39,17925.2,0.687,0.1,242.52,0.039
08,0,-8500,8500.0,323926.0281175966,21.979232788085938,0.5157261224266884,3.26,11731.72,0.734,0.05,274.48,0.037,1.7,21246.2,0.649,0.05,274.48,0.037,199995.51615072298,35.30946350097656,0.47698833582407224,2.6,5076.0,0.686,0.09,210.56000000000003,0.037,4.05,17564.4,0.683,0.09,210.56000000000003,0.037
08,0,-8000,8000.0,340490.9276399603,26.10317039489746,0.5229974251476106,10.46,38843.01,0.757,0.06,287.64,0.038,1.8,22779.6,0.665,0.06,287.64,0.038,200202.47978836246,35.171756744384766,0.4859363292838842,4.09,8460.42,0.742,0.68,4604.6,0.099,5.45,19147.0,0.698,0.1,201.16,0.037
08,0,-7500,7500.0,358770.9766188793,29.477954864501953,0.5333523826063775,10.66,41523.96,0.769,0.1,315.84,0.04,2.49,24485.2,0.682,0.1,315.84,0.04,199811.03806546034,36.2883186340332,0.4977357515879061,4.0,8330.64,0.735,0.98,3524.29,0.085,6.79,20795.2,0.713,0.14,236.88,0.039
08,0,-7000,7000.0,376503.5535655996,31.415224075317383,0.5487406591592808,3.13,11439.180000000002,0.743,0.1,329.0,0.041,3.89,26502.4,0.7,0.1,329.0,0.041,192242.87983631244,35.72544479370117,0.5016439766087109,3.88,8275.02,0.733,0.96,2798.18,0.073,7.13,20934.6,0.711,0.15,248.16,0.039
08,0,-6500,6500.0,387505.7528439071,32.07297134399414,0.5591523740332329,3.41,12251.85,0.754,0.11,370.36,0.043,5.29,28700.0,0.717,0.11,370.36,0.043,177324.72084266544,31.224733352661133,0.4886962420623416,3.06,7854.780000000001,0.72,0.63,2036.6499999999999,0.059,7.14,20803.4,0.709,0.15,250.04,0.039
08,0,-6000,6000.0,393079.4526893926,30.96411895751953,0.5677707589539439,3.72,13212.84,0.768,0.13,383.52,0.043,6.3,31037.0,0.731,0.13,383.52,0.043,157881.71175600792,24.045564651489258,0.4672573513982457,6.02,19909.6,0.698,0.55,1682.45,0.054,6.02,19909.6,0.698,0.14,253.80000000000004,0.039
08,0,-5500,5500.0,394641.64973581216,29.226783752441406,0.5702662061652446,3.28,13596.0,0.772,0.13,430.52,0.044,7.21,33185.4,0.743,0.13,430.52,0.044,138520.21999092534,16.506816864013672,0.444266744491339,4.7,18794.4,0.685,0.49,1416.8,0.051,4.7,18794.4,0.685,0.09,236.88,0.038
08,0,-5000,5000.0,395177.50021860475,26.090646743774414,0.5665353890512895,3.13,14025.51,0.776,0.14,443.68,0.045,6.51,34153.0,0.746,0.14,443.68,0.045,118453.36383151711,13.618687629699707,0.41381140648057396,1.14,3180.32,0.502,0.35,1239.7,0.049,2.82,16317.999999999998,0.653,0.09,233.12,0.038
08,0,-4500,4500.0,403814.2345673819,27.58911895751953,0.5653988193739088,2.96,15172.3,0.778,0.13,462.48,0.045,5.62,34973.0,0.749,0.13,462.48,0.045,101399.86515233704,13.87601089477539,0.3894737072023475,1.37,2693.52,0.535,0.23,1133.44,0.047,1.7,14062.999999999998,0.617,0.04,165.44,0.032
08,0,-4000,4000.0,417006.3682552107,27.92506980895996,0.5609494501402996,3.61,15907.32,0.787,0.12,470.0,0.046,3.85,32504.8,0.732,0.12,470.0,0.046,85952.6942957704,13.757486343383789,0.35505303531349613,1.27,2499.12,0.516,0.2,1186.57,0.048,2.15,12718.2,0.595,0.05,148.52,0.03
08,0,-3500,3500.0,425499.90550018265,28.874736785888672,0.5475422228258735,6.47,19765.46,0.823,0.09,406.08,0.043,2.63,29782.4,0.714,0.09,406.08,0.043,73839.84152815108,11.980637550354004,0.32764716192283566,1.73,4517.58,0.607,0.21,1275.12,0.049,2.76,11734.2,0.58,0.09,120.32,0.027
08,0,-3000,3000.0,437895.27960498235,30.272533416748047,0.5416508403610389,6.75,20237.36,0.827,0.1,389.15999999999997,0.042,2.86,29651.199999999997,0.712,0.1,389.15999999999997,0.042,64325.56745758575,9.366113662719727,0.30168006861528285,1.5,3998.46,0.58,0.28,1310.54,0.049,2.46,10274.6,0.55,0.1,114.68,0.027
08,0,-2500,2500.0,451935.45881535974,31.153043746948242,0.542154909352864,16.46,61222.350000000006,0.828,0.08,394.8,0.042,2.97,30012.0,0.715,0.08,394.8,0.042,58116.0197992999,7.115704536437988,0.28672043160152416,1.22,3054.48,0.418,0.36,1345.96,0.051,2.05,8905.2,0.516,0.06,78.96,0.021
08,0,-2000,2000.0,472383.39074320975,35.79277420043945,0.557874579643753,15.22,51918.23,0.811,0.09,394.8,0.042,3.13,35030.4,0.746,0.09,394.8,0.042,53888.500296353224,6.297722339630127,0.27493872869769787,1.27,2812.4,0.402,0.03,63.92000000000001,0.018,1.25,6568.2,0.447,0.03,63.92000000000001,0.018
08,0,-1500,1500.0,486295.23251168575,43.60358428955078,0.5706039161889958,13.5,42439.14,0.82,0.1,494.44,0.046,5.26,41475.6,0.778,0.1,494.44,0.046,52834.02595822744,6.578269004821777,0.27752468497991595,1.31,2751.88,0.404,0.02,45.12,0.017,0.86,4944.6,0.41,0.02,45.12,0.017
08,0,-1000,1000.0,492225.2935383003,48.0084228515625,0.5852602115531373,7.48,22349.97,0.849,0.11,520.76,0.046,11.13,48658.8,0.807,0.11,520.76,0.046,53153.87183057108,7.5500664710998535,0.281298729345013,0.83,1827.0,0.401,0.01,41.36,0.016,0.77,4567.4,0.395,0.01,41.36,0.016
08,0,-500,500.0,487500.1435633199,49.91667556762695,0.5929397277887896,6.68,21052.17,0.839,0.22,699.36,0.051,15.89,55021.99999999999,0.826,0.22,699.36,0.051,52896.70741658993,8.112125396728516,0.2826705262325292,0.84,1824.1,0.402,0.01,41.36,0.016,0.73,4223.0,0.381,0.01,41.36,0.016
08,0,0,0.0,467400.55415315507,40.65971755981445,0.5942394298234475,5.8,19655.49,0.829,1.94,12485.55,0.141,14.75,52988.40000000001,0.82,0.27,740.72,0.052,52403.02342533957,8.2640380859375,0.28510585256874116,1.3,3733.21,0.385,0.01,41.36,0.016,0.7,4223.0,0.382,0.01,41.36,0.016
08,0,500,500.0,442570.74129515444,34.66134262084961,0.5910868511811066,12.61,49675.6,0.809,0.23,691.84,0.051,12.61,49675.6,0.809,0.23,691.84,0.051,51296.909870112606,8.136536598205566,0.28503517416460167,0.49,1185.9,0.401,0.01,41.36,0.016,0.69,4296.8,0.388,0.01,41.36,0.016
08,0,1000,1000.0,412285.92564189143,32.0843620300293,0.5767408697941626,8.16,44845.8,0.79,2.1,11245.85,0.136,8.16,44845.8,0.79,0.23,678.68,0.051,50024.11860667395,7.861810684204102,0.28573956102440995,0.69,1878.72,0.449,0.01,41.36,0.016,0.78,4403.4,0.398,0.01,41.36,0.016
08,0,1500,1500.0,385533.24766190245,28.804458618164062,0.5655621630178443,1.43,7742.520000000001,0.718,0.12,569.64,0.048,4.83,39868.4,0.768,0.12,569.64,0.048,48521.44724402737,7.496777534484863,0.2849239370978746,0.69,1835.4600000000003,0.446,0.01,41.36,0.017,1.08,4559.2,0.414,0.01,41.36,0.017
08,0,2000,2000.0,363163.8976322703,25.044368743896484,0.5501976490482265,2.86,15650.88,0.712,0.09,541.44,0.047,3.57,35637.2,0.745,0.09,541.44,0.047,47012.764152942436,7.319539546966553,0.2824027380804102,0.69,1813.83,0.45,0.01,41.36,0.017,1.16,4469.0,0.411,0.01,41.36,0.017
08,0,2500,2500.0,351211.4907553054,25.21222496032715,0.5448500856779767,1.6,7080.48,0.685,0.08,449.32,0.044,2.8,31684.8,0.721,0.08,449.32,0.044,45941.98672674384,7.273372650146484,0.28162001614412885,0.61,1423.9,0.391,0.01,41.36,0.017,1.19,4387.0,0.411,0.01,41.36,0.017
08,0,3000,3000.0,346670.8357962243,23.296722412109375,0.5417925076724671,1.53,6920.64,0.68,0.08,424.87999999999994,0.043,2.66,29470.799999999996,0.705,0.08,424.87999999999994,0.043,45127.17373119833,7.4698076248168945,0.27931748875417756,0.69,1377.5,0.391,0.02,41.36,0.017,1.07,4198.4,0.405,0.02,41.36,0.017
08,0,3500,3500.0,344716.78648233577,23.485315322875977,0.5420138927549161,1.46,6293.31,0.677,0.1,379.76,0.041,3.01,27757.0,0.693,0.1,379.76,0.041,44889.387611269056,7.760254859924316,0.2790654271891273,0.7,1380.4,0.392,0.01,39.48,0.017,0.9,4009.7999999999997,0.4,0.01,39.48,0.017
08,0,4000,4000.0,339560.44631397305,26.175416946411133,0.5372916065863209,2.4,9256.8,0.686,0.1,366.6,0.041,2.79,26535.2,0.683,0.1,366.6,0.041,45192.03969075583,7.983875274658203,0.28067197580241776,0.46,958.7699999999999,0.393,0.01,39.48,0.017,0.82,3845.8000000000006,0.398,0.01,39.48,0.017
08,0,4500,4500.0,333857.9963048076,29.482666015625,0.5339176990422876,3.33,11495.24,0.682,0.1,342.16,0.04,2.41,25493.8,0.675,0.1,342.16,0.04,45460.78698677822,7.890217304229736,0.2820832471891951,0.5,934.6500000000001,0.395,0.02,37.6,0.017,0.72,3681.8,0.397,0.02,37.6,0.017
08,0,5000,5000.0,326621.8992292037,34.7612190246582,0.5306147743750075,3.57,9245.2,0.687,0.1,334.64,0.04,2.03,26945.2,0.688,0.1,334.64,0.04,45498.77900913927,7.242776870727539,0.2817915818548918,0.49,956.76,0.395,0.17,1115.73,0.05,0.72,3534.1999999999994,0.394,0.02,37.6,0.017
08,0,5500,5500.0,318076.9111913942,39.53229904174805,0.5258933223600799,3.65,9248.1,0.688,0.07,366.6,0.041,3.21,28872.2,0.703,0.07,366.6,0.041,45507.42914255788,6.328452110290527,0.28199586770842394,0.52,1023.84,0.399,0.02,35.72,0.017,0.75,3460.4,0.397,0.02,35.72,0.017
08,0,6000,6000.0,307061.63460308965,44.16488265991211,0.5215542940215356,2.16,5423.58,0.682,0.09,377.87999999999994,0.042,2.73,29355.999999999996,0.706,0.09,377.87999999999994,0.042,45190.888109651205,5.069906234741211,0.28002637727500995,0.5,1019.52,0.396,0.02,35.72,0.017,0.83,3690.0,0.406,0.02,35.72,0.017
08,0,6500,6500.0,294232.4972357758,45.688072204589844,0.5150889720530664,2.61,6335.52,0.687,0.11,392.92,0.042,3.29,29405.2,0.707,0.11,392.92,0.042,44831.19629459018,3.8236567974090576,0.2771180831615293,0.64,1600.62,0.447,0.02,37.6,0.017,0.94,3985.2000000000003,0.419,0.02,37.6,0.017
08,0,7000,7000.0,279735.0326888114,44.10134506225586,0.5070543738494614,2.56,6188.79,0.682,0.12,396.68,0.043,4.02,27338.800000000003,0.691,0.12,396.68,0.043,44748.66335527481,3.78041410446167,0.2737151493384637,0.57,1603.7100000000003,0.444,0.02,39.48,0.017,0.84,3993.4,0.414,0.02,39.48,0.017
08,0,7500,7500.0,263813.18518838624,40.05560302734375,0.49757835274491974,2.42,5853.12,0.67,0.35,4522.88,0.225,4.65,24977.2,0.673,0.16,355.32,0.041,45528.61485414405,4.822579383850098,0.27284134000981924,0.47,1461.46,0.371,0.02,39.48,0.017,0.73,3976.9999999999995,0.41,0.02,39.48,0.017
08,0,8000,8000.0,245219.1320789902,32.09042739868164,0.4798329034839152,4.47,11795.28,0.664,0.22,4297.92,0.217,4.51,23624.2,0.661,0.17,342.16,0.04,47360.584945596675,5.702272891998291,0.26934766202928956,0.49,1504.36,0.373,0.02,39.48,0.017,0.48,3788.4,0.4,0.02,39.48,0.017
08,0,8500,8500.0,229081.87622457632,25.979612350463867,0.4650278534057439,1.56,4986.81,0.632,0.59,6393.31,0.104,4.26,22427.0,0.651,0.16,315.84,0.039,50297.69085572702,6.297206401824951,0.26954395607355747,0.49,1781.7800000000002,0.385,0.01,37.6,0.017,0.4,3616.2,0.393,0.01,37.6,0.017
08,0,9000,9000.0,213260.60736532824,19.085832595825195,0.4479307335765088,2.82,10020.48,0.625,0.77,5950.56,0.099,3.35,21180.6,0.638,0.16,308.32,0.039,54519.68778225528,6.41728401184082,0.27001272663069387,0.48,1821.82,0.387,0.01,37.6,0.017,0.59,3690.0,0.393,0.01,37.6,0.017
08,0,9500,9500.0,201397.58425363034,13.475634574890137,0.43589243233999914,0.95,4084.32,0.582,0.93,5383.84,0.093,2.51,20147.4,0.627,0.12,276.36,0.037,59433.429685396004,6.157991886138916,0.27380459133889473,0.43,1069.2,0.391,0.01,37.6,0.017,0.78,3845.8000000000006,0.397,0.01,37.6,0.017
08,0,10000,10000.0,190747.22418911924,9.439343452453613,0.4242724446932741,1.69,8213.04,0.575,0.81,4640.02,0.084,1.79,17974.4,0.598,0.11,266.96,0.037,65212.30782892917,5.3332438468933105,0.2828419710992825,0.71,1946.7,0.455,0.01,37.6,0.017,0.94,4075.4,0.401,0.01,37.6,0.017
08,0,10500,10500.0,179855.79053029724,8.26446533203125,0.4131471004096756,0.86,5611.5,0.562,0.62,3878.49,0.074,1.21,15817.8,0.566,0.08,218.07999999999998,0.033,70891.81621941303,6.2148566246032715,0.2910311779597678,0.7,2122.83,0.46,0.01,39.48,0.017,1.1,4469.0,0.409,0.01,39.48,0.017
08,0,11000,11000.0,167769.53094245773,8.98884391784668,0.3967736532752373,0.94,4683.5,0.512,0.35,3471.16,0.068,0.84,15022.4,0.55,0.07,203.04,0.032,76068.8232619999,6.913516998291016,0.3031265229410402,0.7,2351.49,0.471,0.02,39.48,0.017,1.08,4920.0,0.414,0.02,39.48,0.017
08,0,11500,11500.0,154030.05203025916,8.808454513549805,0.3766738673270907,0.72,3801.6000000000004,0.531,0.03,193.64,0.031,0.68,14235.2,0.534,0.03,193.64,0.031,80320.16585724571,7.340707302093506,0.31372724286522474,0.8,4012.12,0.458,0.02,45.12,0.017,1.04,5461.2,0.425,0.02,45.12,0.017
08,0,12000,12000.0,140823.9955281547,7.363943576812744,0.3529332426283977,0.68,3571.77,0.539,0.03,191.76,0.031,0.8,14030.2,0.525,0.03,191.76,0.031,82006.04198529728,7.649984359741211,0.32328636729160215,0.69,2830.4,0.43,0.02,47.0,0.017,0.8,6018.8,0.432,0.02,47.0,0.017
08,0,12500,12500.0,130754.83691690912,6.181209564208984,0.3337413128126339,0.72,3047.16,0.496,0.05,184.24,0.03,1.04,14062.999999999998,0.52,0.05,184.24,0.03,80814.20637124903,7.696273326873779,0.32617673822730475,0.7,2804.3,0.43,0.01,58.28,0.018,0.7,6387.8,0.439,0.01,58.28,0.018
08,0,13000,13000.0,125208.5654965225,6.7801513671875,0.3195849972563589,1.1,4297.8,0.474,0.06,182.36,0.029,1.08,12529.6,0.489,0.06,182.36,0.029,76199.08250344031,7.456787109375,0.3239368771923075,0.43,2012.01,0.433,0.01,62.04,0.018,0.72,6871.600000000001,0.446,0.01,62.04,0.018
08,0,13500,13500.0,125617.01691397338,7.864545822143555,0.31735108400321166,1.13,4350.0,0.477,0.06,142.88,0.025,1.07,10963.4,0.456,0.06,142.88,0.025,69846.29673279823,6.996079444885254,0.3166060522430732,0.45,1871.31,0.431,0.14,1080.31,0.049,0.68,7273.399999999999,0.453,0.02,69.56,0.018
08,0,14000,14000.0,133490.1996734492,8.735319137573242,0.3262509973529377,1.21,5576.7,0.534,0.06,131.6,0.024,0.54,8970.8,0.407,0.06,131.6,0.024,61997.27834745213,6.321033477783203,0.304331061517205,0.86,3757.6800000000003,0.423,0.12,1027.1799999999998,0.048,0.66,7117.6,0.451,0.02,71.44,0.018
08,0,14500,14500.0,148279.52736809402,10.743154525756836,0.34851045660324703,1.22,5678.199999999999,0.539,0.02,86.48,0.018,0.57,7486.600000000001,0.373,0.02,86.48,0.018,55293.042232969994,5.542886734008789,0.29259606307785235,0.32,1276.35,0.402,0.12,1009.4699999999999,0.047,0.65,7027.4,0.454,0.02,67.68,0.018
08,0,15000,15000.0,167801.0697323265,15.032151222229004,0.37443823778081753,1.52,9601.32,0.598,0.01,75.2,0.016,0.63,7724.4,0.379,0.01,75.2,0.016,49728.67428722684,4.691384792327881,0.2763460957031037,0.6,2550.0,0.393,0.1,1080.31,0.048,0.59,6084.4,0.441,0.02,65.8,0.018
08,0,15500,15500.0,187493.79204321833,19.642175674438477,0.39767395476555617,1.73,10263.48,0.617,0.01,90.24,0.018,0.8,8142.6,0.391,0.01,90.24,0.018,47428.12514007847,3.9052908420562744,0.270915049672244,0.41,1627.34,0.374,0.01,50.76,0.017,0.52,5239.8,0.426,0.01,50.76,0.017
08,0,16000,16000.0,208688.39603824657,23.951969146728516,0.42108477495200164,1.55,7580.6,0.611,0.02,95.88,0.019,0.92,9790.8,0.432,0.02,95.88,0.019,47535.58229091286,3.208127975463867,0.2663698695625337,0.46,1701.7,0.378,0.01,47.0,0.017,0.43,4460.8,0.406,0.01,47.0,0.017
08,0,16500,16500.0,228511.17121424043,26.39596939086914,0.43908961199387003,1.58,7656.0,0.614,0.03,142.88,0.025,1.06,11644.0,0.476,0.03,142.88,0.025,49659.890765366006,2.7962801456451416,0.2690813500430751,0.66,2182.18,0.394,0.01,39.48,0.016,0.35,3763.8,0.386,0.01,39.48,0.016
08,0,17000,17000.0,248974.82194906677,28.75848388671875,0.4577338051441714,1.95,8146.1,0.634,0.03,157.92,0.026,1.55,13472.6,0.513,0.03,157.92,0.026,53393.09588039061,3.4456565380096436,0.2766298227175501,0.68,2253.68,0.397,0.01,37.6,0.016,0.28,3681.8,0.381,0.01,37.6,0.016
08,0,17500,17500.0,268177.21044941637,30.381031036376953,0.4724982946658328,1.97,8186.7,0.636,0.05,195.52,0.03,2.02,15334.0,0.547,0.05,195.52,0.03,57953.56639785893,4.651482105255127,0.2871396095386141,1.71,7937.369999999999,0.449,0.01,35.72,0.016,0.27,3829.4,0.388,0.01,35.72,0.016
08,0,18000,18000.0,287089.33340484696,31.699573516845703,0.48550257918193146,2.1,9195.9,0.669,0.06,206.80000000000004,0.031,2.44,16760.800000000003,0.57,0.06,206.80000000000004,0.031,61834.823098707304,5.605239391326904,0.29736673413399034,0.64,2215.53,0.46,0.01,35.72,0.016,0.5,4411.6,0.402,0.01,35.72,0.016
08,0,18500,18500.0,306676.76511248143,32.55681228637695,0.4967491779065754,1.98,7731.76,0.661,0.07,235.0,0.033,2.84,18179.4,0.591,0.07,235.0,0.033,63951.219261128834,7.102238655090332,0.30309334264311993,0.79,2539.98,0.469,0.01,43.24,0.016,0.85,5174.2,0.42,0.01,43.24,0.016
08,0,19000,19000.0,330151.85990552587,32.286590576171875,0.5106989558960262,1.39,5437.5,0.668,0.07,244.4,0.034,3.08,20049.0,0.615,0.07,244.4,0.034,63826.670294053314,6.900162220001221,0.3045761540603172,0.96,2938.59,0.483,0.01,45.12,0.017,1.01,5986.0,0.431,0.01,45.12,0.017
08,0,19500,19500.0,351105.6462016068,34.781028747558594,0.5192235557522491,1.87,6626.88,0.668,0.09,289.52,0.037,3.24,22000.6,0.637,0.09,289.52,0.037,61861.84595766696,5.963498592376709,0.3005235080808779,0.82,3025.1099999999997,0.483,0.01,54.519999999999996,0.017,1.19,6863.399999999999,0.445,0.01,54.519999999999996,0.017
08,0,20000,20000.0,372100.7382574015,36.12948989868164,0.5259051211658015,4.01,15617.72,0.724,0.1,300.8,0.037,3.41,23476.6,0.652,0.1,300.8,0.037,57970.4416729263,4.5989813804626465,0.2914568334364442,0.8,3139.44,0.486,0.02,56.4,0.017,1.05,7150.400000000001,0.446,0.02,56.4,0.017
09,0,-20000,20000.0,900471.5762790719,33.2997932434082,0.672108996582254,2.45,36858.72,0.835,0.11,1120.48,0.053,3.24,69257.2,0.834,0.11,1120.48,0.053,724108.3502505395,55.879154205322266,0.6267538334298332,5.63,22933.2,0.865,0.17,817.7999999999998,0.054,7.58,58236.4,0.857,0.17,817.7999999999998,0.054
09,0,-19500,19500.0,889917.7386248796,31.440353393554688,0.6742031695645438,1.73,45763.65,0.709,0.08,1003.92,0.052,2.72,65288.40000000001,0.827,0.08,1003.92,0.052,727180.4105420914,56.53361511230469,0.6302908541308775,2.81,11092.2,0.867,0.22,870.44,0.054,8.46,60778.40000000001,0.861,0.22,870.44,0.054
09,0,-19000,19000.0,882227.7541043817,29.531095504760742,0.6747030430761993,0.99,14824.8,0.833,0.08,973.84,0.052,2.47,64468.40000000001,0.826,0.08,973.84,0.052,724738.1001634599,56.915225982666016,0.6373057849652577,2.81,10999.799999999997,0.865,0.23,889.2400000000001,0.055,8.92,62205.2,0.863,0.23,889.2400000000001,0.055
09,0,-18500,18500.0,877431.6368400045,28.035734176635742,0.6767604712810871,1.32,17675.28,0.83,0.07,949.4,0.052,2.32,64583.200000000004,0.827,0.07,949.4,0.052,717307.205587221,56.71998977661133,0.6439886591079277,4.09,15722.22,0.865,0.26,926.84,0.055,9.07,63049.8,0.864,0.26,926.84,0.055
09,0,-18000,18000.0,869498.7136044363,27.531356811523438,0.6745923637456761,2.36,42407.96000000001,0.698,0.07,943.7599999999999,0.052,1.99,65313.00000000001,0.829,0.07,943.7599999999999,0.052,699830.8999762055,55.39931869506836,0.6508641628374301,3.99,15643.83,0.862,0.27,936.2400000000001,0.055,8.72,61483.6,0.858,0.27,936.2400000000001,0.055
09,0,-17500,17500.0,860385.1640985186,27.38514518737793,0.67099826304243,2.92,42093.85,0.698,0.1,968.2000000000002,0.052,2.08,65960.8,0.83,0.1,968.2000000000002,0.052,676625.1080648974,54.47437286376953,0.6559542455196034,3.69,15418.709999999997,0.858,0.26,902.4,0.054,8.11,59860.0,0.855,0.26,902.4,0.054
09,0,-17000,17000.0,848685.3529869586,30.922527313232422,0.6660239670578325,3.26,42535.47,0.704,0.1,973.84,0.052,2.12,65231.0,0.828,0.1,973.84,0.052,642386.0545354692,52.00621795654297,0.6547877088004337,3.5,15143.34,0.856,0.26,896.7599999999999,0.054,7.13,57867.399999999994,0.847,0.26,896.7599999999999,0.054
09,0,-16500,16500.0,838838.0388940062,34.260066986083984,0.6626216242037957,3.11,23463.9,0.835,0.08,953.16,0.052,2.1,64443.8,0.826,0.08,953.16,0.052,607799.0015113956,49.526390075683594,0.6542829341635924,3.03,14419.739999999998,0.853,0.23,862.92,0.054,6.14,55604.2,0.84,0.23,862.92,0.054
09,0,-16000,16000.0,830733.0497172807,39.004207611083984,0.6622824399668066,2.94,24061.3,0.845,0.08,949.4,0.052,2.36,63172.80000000001,0.825,0.08,949.4,0.052,563299.2494411253,46.92597961425781,0.6428601933225727,2.91,13810.709999999997,0.847,0.22,853.52,0.054,5.44,52135.6,0.83,0.22,853.52,0.054
09,0,-15500,15500.0,825122.6543083917,42.086429595947266,0.6644772602794878,2.04,16086.03,0.837,0.09,909.92,0.052,3.16,62533.200000000004,0.828,0.09,909.92,0.052,522786.46883372695,46.74124526977539,0.6343191792010998,3.95,15544.0,0.811,0.19,783.96,0.053,5.09,48519.4,0.82,0.19,783.96,0.053
09,0,-15000,15000.0,820274.5262531841,44.321937561035156,0.669051894726719,2.0,16208.64,0.84,0.09,902.4,0.052,4.12,63213.8,0.834,0.09,902.4,0.052,481617.96997142944,44.88828659057617,0.6172553593198483,2.75,11714.28,0.827,0.18,765.16,0.053,5.16,44288.2,0.81,0.18,765.16,0.053
09,0,-14500,14500.0,813744.6267233733,43.951690673828125,0.6733487082742508,1.89,16477.98,0.846,0.11,921.2000000000002,0.052,5.04,64124.0,0.841,0.11,921.2000000000002,0.052,450166.7445498314,44.559959411621094,0.6072237796476966,2.81,10148.49,0.803,0.18,665.52,0.052,5.37,40532.6,0.804,0.18,665.52,0.052
09,0,-14000,14000.0,801935.6093717901,39.918800354003906,0.6747639653425429,3.59,33394.799999999996,0.843,0.11,926.84,0.053,5.19,64370.0,0.843,0.11,926.84,0.053,422745.9032185309,39.958702087402344,0.5910708996011872,2.75,9529.41,0.791,0.18,639.2,0.052,5.17,36973.8,0.788,0.18,639.2,0.052
09,0,-13500,13500.0,789946.1475396482,37.338294982910156,0.6761366882592865,2.17,21532.5,0.832,0.1,940.0,0.053,5.14,64255.2,0.845,0.1,940.0,0.053,406867.21047895786,35.37812423706055,0.5852231025970391,2.51,8222.91,0.763,0.18,541.44,0.049,4.79,34087.4,0.772,0.18,541.44,0.049
09,0,-13000,13000.0,772445.5830069571,32.62910079956055,0.672364201082924,2.34,19946.2,0.819,0.1,943.7599999999999,0.053,4.69,63189.2,0.842,0.1,943.7599999999999,0.053,398993.58624413353,34.267459869384766,0.580718975687657,4.67,16740.24,0.76,0.18,518.88,0.049,3.97,31496.199999999997,0.76,0.18,518.88,0.049
09,0,-12500,12500.0,756064.3392607722,31.43383026123047,0.6684795183968013,2.35,19830.2,0.818,0.09,924.96,0.053,4.32,61959.2,0.839,0.09,924.96,0.053,400395.16914962267,33.57097244262695,0.5848826148935042,1.67,7640.01,0.74,0.15,441.8,0.046,3.67,29716.8,0.754,0.15,441.8,0.046
09,0,-12000,12000.0,740917.5473120352,31.347862243652344,0.6624177587700472,1.47,14361.45,0.828,0.1,919.3199999999999,0.053,3.67,59556.59999999999,0.832,0.1,919.3199999999999,0.053,406216.6500643814,31.510766983032227,0.586172135478403,2.0,9921.24,0.747,0.14,423.0,0.046,3.83,29487.2,0.749,0.14,423.0,0.046
09,0,-11500,11500.0,732615.839711207,31.537281036376953,0.6603945154767686,1.49,13742.37,0.82,0.08,857.2799999999999,0.053,3.08,57473.8,0.826,0.08,857.2799999999999,0.053,415723.6649049219,29.058475494384766,0.5903397568230498,2.22,10142.22,0.753,0.1,415.48,0.045,3.83,29626.600000000002,0.747,0.1,415.48,0.045
09,0,-11000,11000.0,729359.9474225214,31.916563034057617,0.6578994640168961,1.53,14716.079999999998,0.819,0.08,838.48,0.052,3.33,56506.2,0.823,0.08,838.48,0.052,426112.28440081107,31.126062393188477,0.5909873915109342,3.14,11426.0,0.763,0.09,413.6000000000001,0.045,3.31,30126.8,0.742,0.09,413.6000000000001,0.045
09,0,-10500,10500.0,728918.1840656708,31.73521614074707,0.6569598435340189,1.72,14767.920000000002,0.819,0.09,814.04,0.052,3.61,55956.799999999996,0.82,0.09,814.04,0.052,438699.56362320314,35.01448440551758,0.591494333968424,3.23,11466.6,0.765,0.07,426.76,0.045,3.26,30971.400000000005,0.744,0.07,426.76,0.045
09,0,-10000,10000.0,730986.5827712913,30.469730377197266,0.6570811561796835,1.7,14789.52,0.818,0.1,808.4,0.052,3.77,55956.799999999996,0.82,0.1,808.4,0.052,456203.9334368872,38.70283889770508,0.5935474773043486,3.5,12574.4,0.78,0.08,436.15999999999997,0.045,3.5,32340.799999999996,0.751,0.08,436.15999999999997,0.045
09,0,-9500,9500.0,732429.2370373151,28.488855361938477,0.6571575518936119,1.71,14955.839999999998,0.819,0.12,810.2799999999999,0.052,3.85,55973.200000000004,0.819,0.12,810.2799999999999,0.052,476602.9404549746,39.66767883300781,0.5960400622151518,3.52,12664.3,0.782,0.13,468.12000000000006,0.047,4.07,33948.0,0.758,0.13,468.12000000000006,0.047
09,0,-9000,9000.0,730994.7621980889,26.258684158325195,0.6573507690462469,2.17,18612.88,0.8,0.12,810.2799999999999,0.052,3.64,56202.80000000001,0.818,0.12,810.2799999999999,0.052,500394.530574298,38.88776397705078,0.5989669280723758,2.46,8528.43,0.781,0.14,477.52,0.047,4.69,35383.0,0.771,0.14,477.52,0.047
09,0,-8500,8500.0,725664.0289572114,27.656890869140625,0.6552568878042114,2.51,18372.64,0.803,0.13,817.7999999999998,0.051,3.31,56334.0,0.817,0.13,817.7999999999998,0.051,524044.7895744451,40.5323371887207,0.6001968734681591,4.48,18916.04,0.83,0.16,513.24,0.049,5.33,37211.6,0.791,0.16,513.24,0.049
09,0,-8000,8000.0,716563.310642612,29.05528450012207,0.6525023885236763,2.54,18335.46,0.804,0.13,819.6800000000001,0.051,3.08,56243.8,0.815,0.13,819.6800000000001,0.051,549166.3242430304,42.26350784301758,0.6014186532955609,4.7,19162.0,0.832,0.17,526.4,0.05,5.33,39647.0,0.8,0.17,526.4,0.05
09,0,-7500,7500.0,705989.9567292552,29.886512756347656,0.6489886378772791,7.48,57337.17,0.817,0.11,817.7999999999998,0.051,3.12,56022.399999999994,0.813,0.11,817.7999999999998,0.051,572073.8954308373,44.258689880371094,0.6009773038313929,5.59,19631.04,0.838,0.16,571.52,0.05,5.23,42271.0,0.808,0.16,571.52,0.05
09,0,-7000,7000.0,694156.4339105302,31.94797706604004,0.6437725909566561,2.69,31473.2,0.655,0.1,817.7999999999998,0.051,3.39,55481.2,0.811,0.1,817.7999999999998,0.051,593435.1301665474,46.721954345703125,0.6014744875264642,5.68,19693.96,0.839,0.16,584.68,0.051,5.37,45255.8,0.813,0.16,584.68,0.051
09,0,-6500,6500.0,683478.4251586623,33.524776458740234,0.6393161464974575,2.89,30310.059999999998,0.649,0.1,800.88,0.051,3.74,54931.799999999996,0.811,0.1,800.88,0.051,611887.0966721176,46.958805084228516,0.6017005886127826,4.69,17160.24,0.837,0.13,639.2,0.05,6.35,48585.0,0.824,0.13,639.2,0.05
09,0,-6000,6000.0,673840.5236571714,35.21278762817383,0.6340448022852969,3.15,30073.7,0.649,0.1,799.0,0.051,4.14,54070.8,0.811,0.1,799.0,0.051,629120.7073812645,48.8891716003418,0.6078287264221055,5.11,17706.34,0.841,0.14,661.76,0.051,7.59,51610.8,0.831,0.14,661.76,0.051
09,0,-5500,5500.0,666468.7779491469,36.32670593261719,0.6302066680947688,3.39,30664.6,0.65,0.09,778.3199999999999,0.051,4.59,53431.2,0.812,0.09,778.3199999999999,0.051,639412.5464558918,51.41639709472656,0.6112509878057084,4.74,14862.96,0.846,0.18,735.08,0.052,9.0,54243.00000000001,0.838,0.18,735.08,0.052
09,0,-5000,5000.0,662341.0623082903,37.76850128173828,0.6270883245580394,3.52,31802.86,0.656,0.09,772.6800000000001,0.051,4.7,52652.19999999999,0.812,0.09,772.6800000000001,0.051,647343.6843314606,55.46364974975586,0.6193396481589214,6.85,21985.35,0.862,0.2,761.4,0.053,10.62,55850.2,0.843,0.2,761.4,0.053
09,0,-4500,4500.0,662879.8516863316,39.099693298339844,0.627142180241301,3.61,32583.47,0.662,0.09,748.24,0.051,4.72,52340.6,0.812,0.09,748.24,0.051,648388.5772637755,56.590702056884766,0.6235830619165309,4.8,15156.72,0.85,0.26,797.12,0.053,12.0,57031.0,0.848,0.26,797.12,0.053
09,0,-4000,4000.0,668555.3817889503,40.943965911865234,0.6296787486306508,3.39,33267.67,0.669,0.1,742.6,0.051,4.26,52373.4,0.812,0.1,742.6,0.051,645099.3598408056,57.24306106567383,0.6288235260073692,2.98,9924.6,0.848,0.28,808.4,0.053,11.92,57195.0,0.85,0.28,808.4,0.053
09,0,-3500,3500.0,675778.8636872559,42.354530334472656,0.6329608443810654,2.63,16924.02,0.815,0.12,742.6,0.051,4.61,52521.0,0.811,0.12,742.6,0.051,633613.7856930189,56.5080451965332,0.6297810988557974,2.4,9633.4,0.848,0.28,827.2000000000002,0.053,10.98,56473.40000000001,0.849,0.28,827.2000000000002,0.053
09,0,-3000,3000.0,682897.5098369308,44.11747360229492,0.6365222443383116,1.84,11651.039999999997,0.816,0.13,744.48,0.051,4.52,52955.6,0.812,0.13,744.48,0.051,613325.03966618,53.80559539794922,0.6303616948815207,3.31,14162.459999999997,0.849,0.29,836.6,0.054,8.87,54292.19999999999,0.845,0.29,836.6,0.054
09,0,-2500,2500.0,686973.4172809098,44.936058044433594,0.6381950041442741,1.54,9374.4,0.82,0.12,761.4,0.051,4.24,53054.0,0.812,0.12,761.4,0.051,586875.1345887465,52.02703094482422,0.6289106036469896,4.8,19232.799999999996,0.829,0.23,799.0,0.053,6.67,51578.0,0.839,0.23,799.0,0.053
09,0,-2000,2000.0,687291.7683120093,45.2498893737793,0.639350408899122,1.52,9433.2,0.822,0.12,767.04,0.051,4.28,53464.0,0.815,0.12,767.04,0.051,552662.2591437186,50.096012115478516,0.6261964639896456,4.76,18107.6,0.818,0.22,789.6,0.053,5.55,49052.4,0.828,0.22,789.6,0.053
09,0,-1500,1500.0,684886.2596990145,45.490543365478516,0.6392008267810857,2.1,13887.09,0.829,0.13,782.08,0.051,4.37,53808.40000000001,0.818,0.13,782.08,0.051,514851.27002907015,47.26036071777344,0.6212122930082361,4.75,18029.3,0.817,0.5,8033.44,0.312,4.92,46928.6,0.817,0.18,729.44,0.052
09,0,-1000,1000.0,678374.6125547927,45.568599700927734,0.6381751503137036,3.39,19435.8,0.828,0.13,787.7200000000001,0.052,4.25,54538.200000000004,0.822,0.13,787.7200000000001,0.052,473257.21056313923,43.18275451660156,0.611246022310188,3.15,12443.91,0.819,1.42,13016.85,0.15,4.71,44542.4,0.806,0.17,712.52,0.051
09,0,-500,500.0,670116.3817855,45.87895202636719,0.6367791006179517,3.04,17045.94,0.828,0.13,808.4,0.052,4.18,55202.399999999994,0.827,0.13,808.4,0.052,434160.66022391117,38.68327713012695,0.6027740287448112,2.86,11531.37,0.807,1.25,11440.66,0.145,4.55,41762.6,0.794,0.17,665.52,0.05
09,0,0,0.0,664078.5465852717,46.630619049072266,0.638658967065012,2.18,11682.36,0.829,0.14,814.04,0.052,4.5,55268.00000000001,0.829,0.14,814.04,0.052,392717.9614653759,31.55845832824707,0.5851876481937127,5.52,23590.56,0.804,1.15,10980.2,0.143,3.95,37392.0,0.774,0.17,656.12,0.05
09,0,500,500.0,658589.1776857835,45.87206268310547,0.6410730984595143,2.92,14389.920000000002,0.831,0.16,814.04,0.053,4.93,55194.2,0.831,0.16,814.04,0.053,358615.16033112997,26.533763885498047,0.5739569005197076,8.54,50639.79,0.788,1.03,10572.87,0.141,3.16,32734.4,0.75,0.13,558.36,0.048
09,0,1000,1000.0,654230.5453258653,46.508426666259766,0.6427933516801553,2.96,14173.920000000002,0.828,0.16,815.92,0.053,5.43,54480.8,0.829,0.16,815.92,0.053,326256.7521780414,19.40175437927246,0.5550527142609217,3.5,18649.68,0.771,0.88,10431.19,0.141,2.25,27773.399999999998,0.721,0.12,532.04,0.047
09,0,1500,1500.0,655248.9413721205,46.675472259521484,0.6492849399469056,2.93,13735.44,0.828,0.18,795.2400000000001,0.052,5.82,53742.80000000001,0.828,0.18,795.2400000000001,0.052,303022.8879113423,17.90415382385254,0.5461565238773268,4.84,39213.09,0.75,0.08,406.08,0.044,1.55,23763.6,0.694,0.08,406.08,0.044
09,0,2000,2000.0,648798.6554237403,42.26134490966797,0.6502585843538,2.86,13566.96,0.826,0.19,789.6,0.052,5.85,52348.8,0.825,0.19,789.6,0.052,285205.13423443306,17.08401870727539,0.5354128526852185,1.18,9265.5,0.716,0.06,374.12,0.043,1.26,21410.2,0.678,0.06,374.12,0.043
09,0,2500,2500.0,640379.5665646468,38.722843170166016,0.6513617609716575,2.51,13072.32,0.821,0.18,761.4,0.052,5.63,51110.6,0.825,0.18,761.4,0.052,274756.92479978496,15.649394035339355,0.5345696946898878,1.19,9262.6,0.716,0.04,308.32,0.04,1.21,20057.2,0.671,0.04,308.32,0.04
09,0,3000,3000.0,623381.1002672275,33.31748580932617,0.6475671406865074,2.32,13106.88,0.821,0.18,755.7599999999999,0.052,5.19,49815.0,0.822,0.18,755.7599999999999,0.052,265753.26335989893,13.649314880371094,0.5308496705846327,1.08,8958.1,0.715,0.04,289.52,0.04,1.14,19704.6,0.67,0.04,289.52,0.04
09,0,3500,3500.0,606265.8520910405,34.41838455200195,0.6453446412866343,2.87,18809.4,0.824,0.17,731.32,0.052,4.84,48724.4,0.819,0.17,731.32,0.052,257832.3131583522,12.829012870788574,0.5289789862693075,1.07,8937.8,0.715,0.04,280.12,0.039,1.12,19524.2,0.672,0.04,280.12,0.039
09,0,4000,4000.0,586071.1944629131,36.463008880615234,0.6406710158261614,2.89,16860.6,0.814,0.16,723.8,0.052,3.95,48863.8,0.819,0.16,723.8,0.052,248441.6589545109,12.734992027282715,0.5244284299392687,0.67,5869.2,0.702,0.04,278.24,0.039,1.02,19048.6,0.668,0.04,278.24,0.039
09,0,4500,4500.0,565400.2418254893,36.184268951416016,0.6358694570788881,2.89,16715.6,0.813,0.12,723.8,0.052,3.25,49191.8,0.82,0.12,723.8,0.052,238874.62029163423,12.179282188415527,0.5195507394648364,0.91,8311.4,0.705,0.03,270.72,0.039,0.93,18425.4,0.661,0.03,270.72,0.039
09,0,5000,5000.0,544364.9267912157,36.400081634521484,0.6306957398443171,3.11,24407.28,0.634,0.11,723.8,0.052,3.56,47961.8,0.818,0.11,723.8,0.052,228421.89920649366,11.515406608581543,0.5122286621864941,0.59,5527.5,0.694,0.03,268.84,0.039,0.9,17515.2,0.647,0.03,268.84,0.039
09,0,5500,5500.0,525294.296302413,38.05310821533203,0.6267036457248728,2.94,23657.769999999997,0.628,0.11,699.36,0.051,3.7,46149.6,0.814,0.11,699.36,0.051,219219.9188788471,10.69510555267334,0.5063821632208634,1.02,9882.56,0.697,0.03,251.92000000000002,0.038,0.86,16744.4,0.639,0.03,251.92000000000002,0.038
09,0,6000,6000.0,510616.5385377774,38.01279067993164,0.6219596661476846,1.79,10805.76,0.805,0.11,691.84,0.051,3.55,43058.2,0.805,0.11,691.84,0.051,210787.01063871835,10.396023750305176,0.4994176751650546,1.04,9523.0,0.688,0.03,246.28,0.038,0.79,15826.0,0.631,0.03,246.28,0.038
09,0,6500,6500.0,503119.15315630473,35.754173278808594,0.6219467936516375,1.58,10005.78,0.792,0.11,618.52,0.05,3.84,40171.8,0.795,0.11,618.52,0.05,204571.03809280557,10.447702407836914,0.4953167421495471,1.04,9309.4,0.684,0.03,225.6,0.037,0.81,15006.0,0.624,0.03,225.6,0.037
09,0,7000,7000.0,499662.1561596398,30.689891815185547,0.6176185097264564,2.41,23446.29,0.625,0.1,599.72,0.05,3.72,38244.8,0.787,0.1,599.72,0.05,200321.09373071245,10.353545188903809,0.4909494945738537,0.86,8907.12,0.675,0.03,219.96,0.037,0.82,14284.400000000001,0.617,0.03,219.96,0.037
09,0,7500,7500.0,503238.70662828966,28.550893783569336,0.6192487123967617,2.83,24587.66,0.633,0.09,552.72,0.049,3.52,36703.2,0.779,0.09,552.72,0.049,199412.17816477822,10.1931791305542,0.49171961677041065,0.75,8689.96,0.671,0.02,201.16,0.036,0.83,13776.0,0.614,0.02,201.16,0.036
09,0,8000,8000.0,509331.9979456664,30.067655563354492,0.6200425349804283,3.51,26124.0,0.646,0.09,539.56,0.048,2.79,35858.6,0.774,0.09,539.56,0.048,200676.9281926757,10.178579330444336,0.4922639903909327,0.56,8216.62,0.432,0.02,195.52,0.035,0.83,13480.800000000001,0.611,0.02,195.52,0.035
09,0,8500,8500.0,518092.303768746,32.10036849975586,0.6230008838236634,3.9,27019.68,0.655,0.07,515.12,0.048,2.36,35506.0,0.772,0.07,515.12,0.048,204634.92620892506,10.452078819274902,0.49655318574515184,0.56,8154.42,0.431,0.02,186.12,0.035,0.88,13333.200000000003,0.611,0.02,186.12,0.035
09,0,9000,9000.0,530775.6802374467,35.367576599121094,0.6291281268175941,3.84,27262.26,0.658,0.06,507.6000000000001,0.047,2.44,36531.0,0.777,0.06,507.6000000000001,0.047,211313.99116749852,10.806769371032715,0.5011582593364564,0.56,6275.6,0.654,0.02,184.24,0.034,0.95,13489.0,0.615,0.02,184.24,0.034
09,0,9500,9500.0,543302.511536044,38.1339225769043,0.6343561983362892,3.47,27103.65,0.658,0.05,528.28,0.048,2.53,37875.8,0.783,0.05,528.28,0.048,220421.1258174495,11.223015785217285,0.5081184115409809,0.71,6864.0,0.673,0.02,182.36,0.034,1.02,13841.6,0.622,0.02,182.36,0.034
09,0,10000,10000.0,556127.9918895098,39.943199157714844,0.6390262072771757,1.46,9336.84,0.811,0.05,533.92,0.048,2.89,39614.2,0.793,0.05,533.92,0.048,231591.13452418998,11.74701976776123,0.5129015670165751,0.42,1603.6,0.235,0.02,182.36,0.034,1.1,14514.0,0.633,0.02,182.36,0.034
09,0,10500,10500.0,567241.1302727342,39.54750442504883,0.6411315031138402,1.8,10878.12,0.813,0.08,577.16,0.049,3.17,41180.4,0.802,0.08,577.16,0.049,244705.13591738828,12.271039962768555,0.5191106276586888,0.73,5935.98,0.671,0.02,193.64,0.035,1.16,15366.799999999997,0.646,0.02,193.64,0.035
09,0,11000,11000.0,576711.0331922129,36.327919006347656,0.6404605811486329,1.69,10858.02,0.814,0.08,590.32,0.05,3.34,42131.6,0.808,0.08,590.32,0.05,261271.18202675413,13.216469764709473,0.5288001045566103,0.54,1830.0799999999997,0.247,0.02,197.4,0.036,1.18,16432.8,0.661,0.02,197.4,0.036
09,0,11500,11500.0,587190.5361189484,33.26493835449219,0.640058182722786,2.15,17039.88,0.816,0.1,611.0,0.05,3.44,43009.0,0.814,0.1,611.0,0.05,278270.1319053956,17.38768196105957,0.5377029189486366,0.83,5192.64,0.683,0.04,218.07999999999998,0.037,1.2,17630.0,0.677,0.04,218.07999999999998,0.037
09,0,12000,12000.0,597134.5361360577,35.059242248535156,0.6379265349977437,2.54,28708.41,0.664,0.1,614.76,0.051,3.11,43771.6,0.817,0.1,614.76,0.051,295016.063104962,20.475664138793945,0.5461903037816925,1.53,9239.4,0.713,0.05,225.6,0.038,1.2,19007.6,0.689,0.05,225.6,0.038
09,0,12500,12500.0,608942.7247808244,37.769657135009766,0.6366229006528483,2.97,29852.89,0.668,0.09,627.92,0.051,3.15,44665.4,0.82,0.09,627.92,0.051,310149.43070401205,21.326229095458984,0.5517904209854806,1.6,9372.8,0.717,0.06,255.68000000000004,0.04,1.43,20459.0,0.701,0.06,255.68000000000004,0.04
09,0,13000,13000.0,624328.8628088452,40.66324996948242,0.638880429638788,3.45,30981.82,0.673,0.08,631.68,0.051,3.53,45698.6,0.822,0.08,631.68,0.051,326080.64692339406,21.488248825073242,0.5596601118729859,1.99,10283.4,0.733,0.06,265.08,0.04,1.58,22000.6,0.708,0.06,265.08,0.04
09,0,13500,13500.0,640128.6593166797,43.1795539855957,0.6416252336418694,3.75,31591.38,0.677,0.08,654.24,0.051,4.18,46822.0,0.823,0.08,654.24,0.051,340710.3107939287,21.162107467651367,0.565753098817207,2.02,10355.9,0.734,0.05,298.92,0.041,1.65,23345.4,0.714,0.05,298.92,0.041
09,0,14000,14000.0,654037.2298753813,46.069549560546875,0.6471200109546746,3.83,32337.78,0.682,0.09,661.76,0.051,4.73,48421.0,0.825,0.09,661.76,0.051,353770.03111592366,21.09807586669922,0.5709904015411916,1.07,6003.0,0.728,0.05,308.32,0.041,1.69,24632.8,0.719,0.05,308.32,0.041
09,0,14500,14500.0,663809.6037085896,47.2212028503418,0.651763116369487,3.55,32630.12,0.685,0.11,703.12,0.052,5.21,49856.0,0.827,0.11,703.12,0.052,365042.3055875333,21.048076629638672,0.5744047525918966,1.38,7028.97,0.732,0.07,340.28,0.042,1.7,25764.4,0.725,0.07,340.28,0.042
09,0,15000,15000.0,671191.6925532816,48.942626953125,0.6628918558945419,2.85,19235.7,0.84,0.11,716.28,0.052,5.72,51487.8,0.831,0.11,716.28,0.052,375035.38836845406,22.588821411132812,0.5783690877104373,1.29,7018.92,0.728,0.08,353.44,0.043,1.73,26395.799999999996,0.728,0.08,353.44,0.043
09,0,15500,15500.0,671100.0514907297,46.17416000366211,0.6702159530621153,2.21,14586.48,0.842,0.1,755.7599999999999,0.052,6.08,52931.0,0.834,0.1,755.7599999999999,0.052,382467.64216124546,24.337186813354492,0.579446256028491,2.0,9838.4,0.742,0.09,368.48,0.043,2.01,26920.6,0.732,0.09,368.48,0.043
09,0,16000,16000.0,662426.4685266127,40.44472885131836,0.6740608233478159,2.97,21061.44,0.851,0.11,767.04,0.052,6.31,54079.0,0.837,0.11,767.04,0.052,388662.4745359763,26.27475357055664,0.5798842643932186,2.05,9829.82,0.743,0.09,374.12,0.043,2.18,27437.2,0.734,0.09,374.12,0.043
09,0,16500,16500.0,649012.7507525962,34.96882247924805,0.6739162525625659,1.74,13320.27,0.842,0.12,791.48,0.053,6.32,55071.2,0.84,0.12,791.48,0.053,392641.04663455964,29.239194869995117,0.5782207910480649,2.64,16721.32,0.783,0.07,381.63999999999993,0.043,2.19,28109.6,0.74,0.07,381.63999999999993,0.043
09,0,17000,17000.0,629607.527235213,34.17564392089844,0.6670785865567184,3.38,26928.0,0.838,0.13,799.0,0.053,5.13,54193.8,0.839,0.13,799.0,0.053,395213.57785544125,33.800575256347656,0.5770803946563771,3.49,17575.72,0.785,0.07,387.28,0.044,2.68,29167.4,0.748,0.07,387.28,0.044
09,0,17500,17500.0,613439.5597701125,33.89112091064453,0.6623750584783046,1.94,15631.0,0.811,0.1,780.2000000000002,0.053,3.87,52955.6,0.838,0.1,780.2000000000002,0.053,395032.95681362227,37.671302795410156,0.5743183131639796,4.06,18259.24,0.795,0.06,415.48,0.045,3.35,30003.800000000003,0.756,0.06,415.48,0.045
09,0,18000,18000.0,597179.5532308016,32.369693756103516,0.6557930844493118,2.08,15584.6,0.808,0.1,774.56,0.053,2.9,50241.4,0.832,0.1,774.56,0.053,393651.10728700727,42.328277587890625,0.5769567853577104,3.98,13725.7,0.789,0.07,423.0,0.045,4.09,30438.399999999998,0.763,0.07,423.0,0.045
09,0,18500,18500.0,585095.6150816974,30.60519790649414,0.6529431141562658,2.09,15587.5,0.808,0.07,710.64,0.052,2.76,47625.6,0.827,0.07,710.64,0.052,387633.40018771536,43.71477127075195,0.5760535711458408,4.06,13766.3,0.79,0.07,439.92,0.046,4.74,30594.200000000004,0.768,0.07,439.92,0.046
09,0,19000,19000.0,574310.5777075385,27.965471267700195,0.6500632654441928,1.45,10803.75,0.809,0.08,691.84,0.052,2.83,45600.2,0.817,0.08,691.84,0.052,379308.1765717941,44.851497650146484,0.5797160006344338,4.15,13264.6,0.782,0.08,443.68,0.046,5.16,30463.0,0.77,0.08,443.68,0.046
09,0,19500,19500.0,567481.3531121789,28.175567626953125,0.6520205298676158,1.49,10847.97,0.809,0.09,641.08,0.051,2.86,44091.4,0.81,0.09,641.08,0.051,365178.91150748066,42.50739669799805,0.5774987611513309,4.16,13229.8,0.782,0.11,447.44,0.047,5.36,30085.799999999996,0.77,0.11,447.44,0.047
09,0,20000,20000.0,560257.2531941794,28.455551147460938,0.651807277693775,1.41,10942.44,0.811,0.1,627.92,0.05,2.62,44116.0,0.807,0.1,627.92,0.05,341903.11976910656,37.41373062133789,0.5667074002285399,2.59,8753.55,0.777,0.12,449.32,0.047,5.15,29208.399999999998,0.764,0.12,449.32,0.047
10,0,-20000,20000.0,1368347.0608175192,48.8911247253418,0.6782947088680988,4.65,70836.47,0.765,0.16,1560.4000000000003,0.056,5.7,108805.8,0.873,0.16,1560.4000000000003,0.056,839460.8947548085,44.03987503051758,0.6370192878988666,2.68,16217.28,0.816,0.1,932.48,0.052,6.64,62213.40000000001,0.82,0.1,932.48,0.052
10,0,-19500,19500.0,1352101.0493022671,50.36716842651367,0.6719387288057644,5.31,70024.76,0.763,0.13,1611.16,0.056,6.26,111241.2,0.876,0.13,1611.16,0.056,871945.0783914407,45.55434036254883,0.6411517513788692,1.81,10731.0,0.817,0.15,891.12,0.052,7.35,61278.6,0.818,0.15,891.12,0.052
10,0,-19000,19000.0,1334125.3181606194,53.54718017578125,0.6655962107398036,6.18,70286.0,0.765,0.12,1667.5599999999997,0.058,7.07,112873.0,0.878,0.12,1667.5599999999997,0.058,914938.7388170698,40.9445686340332,0.646884605927745,4.15,48519.11,0.72,0.16,879.84,0.052,6.86,62705.4,0.821,0.16,879.84,0.052
10,0,-18500,18500.0,1314917.3242415357,55.92725372314453,0.6591034285347478,6.67,71007.52,0.766,0.12,1947.68,0.066,7.94,114217.8,0.881,0.12,1947.68,0.066,964836.055531365,39.16891860961914,0.6558920599540825,4.31,51753.51,0.729,0.16,909.92,0.052,5.96,64591.4,0.825,0.16,909.92,0.052
10,0,-18000,18000.0,1301718.468387986,59.566341400146484,0.6563494190352804,7.13,72994.81,0.77,0.12,2036.04,0.069,8.9,112733.59999999999,0.881,0.12,2036.04,0.069,1019591.7872606561,44.12126541137695,0.6675045009057833,2.19,16378.62,0.845,0.16,919.3199999999999,0.052,4.37,68068.2,0.832,0.16,919.3199999999999,0.052
10,0,-17500,17500.0,1289414.2481382561,61.540855407714844,0.6542476328664277,7.28,74683.54,0.772,0.15,1797.28,0.062,9.72,110732.8,0.881,0.15,1797.28,0.062,1070799.2728549542,45.94401168823242,0.6770477344135697,2.59,18823.65,0.845,0.12,998.2799999999999,0.053,4.38,71725.4,0.839,0.12,998.2799999999999,0.053
10,0,-17000,17000.0,1285460.9336779804,63.5285758972168,0.6571393548280979,7.07,75153.15,0.772,0.16,1733.3600000000001,0.06,10.27,108354.79999999999,0.879,0.16,1733.3600000000001,0.06,1123306.2504959535,46.33447265625,0.6872777586836076,2.48,19547.25,0.85,0.14,1020.84,0.053,5.16,76547.0,0.847,0.14,1020.84,0.053
10,0,-16500,16500.0,1282996.9182200974,64.26486206054688,0.6617326422980244,6.75,74521.82,0.771,0.17,1575.4400000000003,0.056,10.61,106116.2,0.879,0.17,1575.4400000000003,0.056,1167041.990374126,44.035186767578125,0.6923288117943283,3.37,61183.03,0.751,0.16,1135.52,0.054,5.68,81286.6,0.854,0.16,1135.52,0.054
10,0,-16000,16000.0,1279715.9087699861,63.675296783447266,0.6679772130606182,5.91,72596.73,0.767,0.18,1560.4000000000003,0.056,10.62,104878.0,0.877,0.18,1560.4000000000003,0.056,1203155.566155789,39.35011291503906,0.694489330766509,3.36,64712.880000000005,0.759,0.16,1169.36,0.054,4.94,85345.6,0.859,0.16,1169.36,0.054
10,0,-15500,15500.0,1273974.241081949,61.801109313964844,0.6738728597653143,5.04,70743.17,0.764,0.17,1545.3600000000001,0.056,10.5,103639.8,0.875,0.17,1545.3600000000001,0.056,1235026.2441207962,38.96189880371094,0.6943672393279632,3.37,67726.47,0.765,0.12,1265.24,0.055,4.11,88822.4,0.864,0.12,1265.24,0.055
10,0,-15000,15000.0,1267443.2191722037,59.71166229248047,0.6817239355242533,2.7,26745.06,0.878,0.17,1543.4800000000002,0.056,10.12,103311.8,0.874,0.17,1543.4800000000002,0.056,1266428.8822489174,38.46821594238281,0.6982264631446452,3.37,70124.28,0.768,0.11,1293.44,0.055,3.85,90027.8,0.865,0.11,1293.44,0.055
10,0,-14500,14500.0,1257930.7354228687,55.789093017578125,0.688329431329147,2.51,26174.22,0.875,0.18,1549.12,0.056,9.63,102746.0,0.872,0.18,1549.12,0.056,1296123.1818960537,40.03273391723633,0.7023962439746385,3.42,71113.26,0.769,0.1,1321.64,0.055,3.85,90839.6,0.866,0.1,1321.64,0.055
10,0,-14000,14000.0,1236542.2655513277,53.30918502807617,0.690285835377279,4.95,53154.24,0.873,0.18,1551.0,0.056,8.55,100482.8,0.869,0.18,1551.0,0.056,1320404.2000086694,40.462284088134766,0.7084552067211914,3.48,70979.53,0.768,0.11,1331.04,0.055,3.85,92733.8,0.867,0.11,1331.04,0.055
10,0,-13500,13500.0,1217573.2095619664,50.838096618652344,0.6935036487834108,9.82,118763.36,0.866,0.15,1500.24,0.056,7.28,98080.2,0.866,0.15,1500.24,0.056,1332080.5371623742,38.89897155761719,0.7106958956103566,3.61,70052.75,0.766,0.11,1381.8,0.056,4.08,94677.2,0.869,0.11,1381.8,0.056
10,0,-13000,13000.0,1187640.3866450011,44.57966995239258,0.6888374652398214,3.51,50016.72,0.865,0.15,1485.2,0.056,5.76,95612.0,0.862,0.15,1485.2,0.056,1331616.6162758498,39.73478698730469,0.7117400064757905,3.88,68270.72,0.763,0.11,1398.72,0.056,4.33,98703.4,0.873,0.11,1398.72,0.056
10,0,-12500,12500.0,1161397.3691062478,40.40610122680664,0.6852094947128503,2.27,31228.34,0.85,0.11,1421.28,0.055,4.6,93742.4,0.859,0.11,1421.28,0.055,1317439.6500907608,41.08051300048828,0.7075588167580068,4.08,66762.37,0.761,0.1,1504.0,0.057,4.44,102401.6,0.878,0.1,1504.0,0.057
10,0,-12000,12000.0,1137077.7313191618,34.47175979614258,0.6783729383019897,2.54,28802.799999999996,0.844,0.11,1404.36,0.055,4.37,92282.8,0.857,0.11,1404.36,0.055,1290714.0655725843,42.93693923950195,0.7005021726422075,4.27,65142.06,0.758,0.1,1537.84,0.057,4.12,103877.6,0.88,0.1,1537.84,0.057
10,0,-11500,11500.0,1121635.1785403765,32.32112121582031,0.6743389593844343,2.61,28721.6,0.844,0.1,1349.84,0.055,4.17,91733.4,0.856,0.1,1349.84,0.055,1259032.8125192432,44.331214904785156,0.6913381438847972,4.29,64293.03,0.757,0.11,1567.92,0.057,4.32,104697.6,0.881,0.11,1567.92,0.057
10,0,-11000,11000.0,1114624.3231651664,33.570587158203125,0.6707938815129756,2.7,29327.7,0.847,0.1,1336.68,0.055,3.66,90560.8,0.854,0.1,1336.68,0.055,1226670.1120392866,45.80390548706055,0.6827820577984213,4.66,64784.41,0.76,0.12,1579.2,0.057,4.69,101901.4,0.879,0.12,1579.2,0.057
10,0,-10500,10500.0,1117238.7576288674,35.557640075683594,0.6714427775420496,1.92,20288.94,0.848,0.11,1297.2,0.054,3.79,89831.0,0.853,0.11,1297.2,0.054,1198961.4655713295,46.03916549682617,0.6763682704622382,5.45,65754.73,0.762,0.1,1509.6399999999999,0.057,5.03,98777.2,0.876,0.1,1509.6399999999999,0.057
10,0,-10000,10000.0,1127444.2399156732,37.41568374633789,0.6751342616707688,2.8,32563.96,0.857,0.12,1287.8,0.054,4.41,88781.4,0.852,0.12,1287.8,0.054,1179728.0904212887,46.06904983520508,0.6739521721268268,5.48,66003.53,0.762,0.1,1490.84,0.056,5.09,96161.4,0.874,0.1,1490.84,0.056
10,0,-9500,9500.0,1140152.534008277,38.950096130371094,0.6811664854926968,2.66,31500.04,0.852,0.13,1263.36,0.054,4.98,88117.2,0.854,0.13,1263.36,0.054,1166055.166684335,44.72991943359375,0.6741766795105507,5.08,65347.32,0.761,0.11,1426.92,0.056,5.05,93996.6,0.873,0.11,1426.92,0.056
10,0,-9000,9000.0,1145805.4222016574,40.737979888916016,0.6859204198584257,2.61,31254.08,0.85,0.13,1259.6,0.054,5.2,89052.0,0.856,0.13,1259.6,0.054,1159970.1805212486,49.159934997558594,0.6767800448805256,4.98,62305.74,0.753,0.11,1410.0,0.056,6.26,92446.8,0.872,0.11,1410.0,0.056
10,0,-8500,8500.0,1144542.868749732,41.85699462890625,0.6899332256711107,2.31,28214.32,0.856,0.11,1287.8,0.055,5.16,90126.2,0.86,0.11,1287.8,0.055,1159085.9182370482,51.901817321777344,0.681390172247506,2.24,16055.200000000003,0.873,0.17,1372.4,0.056,8.53,91225.0,0.872,0.17,1372.4,0.056
10,0,-8000,8000.0,1134545.9051014783,42.509788513183594,0.6941192848169184,3.03,35738.94,0.872,0.11,1295.32,0.055,5.88,91741.6,0.861,0.11,1295.32,0.055,1162201.0454043918,51.37885665893555,0.6852488040552099,4.84,57248.880000000005,0.742,0.2,1363.0,0.056,8.72,90667.4,0.87,0.2,1363.0,0.056
10,0,-7500,7500.0,1117105.0416438207,42.251922607421875,0.69611576882171,2.1,24094.8,0.86,0.1,1338.56,0.055,6.61,93127.4,0.863,0.1,1338.56,0.055,1167795.910561727,47.06142044067383,0.6899839078777378,4.6,56788.6,0.74,0.2,1355.48,0.056,8.22,90101.6,0.869,0.2,1355.48,0.056
10,0,-7000,7000.0,1090491.3403854866,38.62324142456055,0.694048513785262,2.97,34663.62,0.867,0.1,1349.84,0.055,6.72,92430.4,0.86,0.1,1349.84,0.055,1172121.136031683,48.227210998535156,0.6924981197588141,4.04,31346.1,0.861,0.2,1355.48,0.056,7.39,88961.8,0.867,0.2,1355.48,0.056
10,0,-6500,6500.0,1064401.1706000501,35.27699279785156,0.6910756351355671,2.48,32682.93,0.859,0.12,1344.2,0.055,6.51,91044.6,0.858,0.12,1344.2,0.055,1181397.3031458564,50.194236755371094,0.6966918807771348,4.04,31380.9,0.861,0.17,1321.64,0.055,7.3,88297.6,0.865,0.17,1321.64,0.055
10,0,-6000,6000.0,1039752.4267862958,31.4193172454834,0.6852477670462067,2.81,43076.64,0.849,0.12,1344.2,0.055,5.46,86641.2,0.85,0.12,1344.2,0.055,1192089.2066293284,48.60852813720703,0.6995904487852194,2.78,21659.76,0.862,0.17,1312.24,0.055,6.58,88027.0,0.864,0.17,1312.24,0.055
10,0,-5500,5500.0,1020689.7597911074,28.074909210205078,0.6804087156550546,2.66,27347.32,0.834,0.1,1255.84,0.054,4.25,81590.0,0.842,0.1,1255.84,0.054,1209139.5451802188,44.47819137573242,0.7047168363915509,2.64,21937.14,0.863,0.16,1295.32,0.055,5.53,88412.4,0.864,0.16,1295.32,0.055
10,0,-5000,5000.0,1008828.4860186615,25.718889236450195,0.6752249363712391,2.89,27656.2,0.836,0.1,1231.4,0.054,3.12,76760.2,0.834,0.1,1231.4,0.054,1223031.4668402602,39.60829162597656,0.708330497975075,5.03,44312.88,0.86,0.17,1291.56,0.055,5.14,89322.6,0.863,0.17,1291.56,0.055
10,0,-4500,4500.0,1002362.8896822988,24.605314254760742,0.6722509838449999,3.72,28171.0,0.838,0.08,1120.48,0.053,2.47,72545.4,0.826,0.08,1120.48,0.053,1233492.347176737,40.318824768066406,0.7111091078581733,2.19,24513.84,0.87,0.15,1319.76,0.055,5.31,90208.2,0.864,0.15,1319.76,0.055
10,0,-4000,4000.0,998427.0321144979,26.43739891052246,0.6690664024215202,3.81,28202.46,0.838,0.09,1092.28,0.053,2.36,71807.4,0.824,0.09,1092.28,0.053,1236425.5817909634,40.21288299560547,0.7119611480000626,2.22,24706.08,0.87,0.14,1329.16,0.055,5.43,91249.6,0.865,0.14,1329.16,0.055
10,0,-3500,3500.0,996929.2528896419,33.15416717529297,0.668375655883079,2.76,24627.84,0.837,0.08,1067.84,0.053,2.41,72365.0,0.826,0.08,1067.84,0.053,1232055.3653107048,39.148563385009766,0.7096156295925627,3.11,31631.6,0.86,0.12,1361.12,0.056,5.49,92135.2,0.867,0.12,1361.12,0.056
10,0,-3000,3000.0,991950.8955597732,39.03755187988281,0.6692563063461351,3.05,24419.56,0.835,0.08,1062.2,0.053,2.98,75144.8,0.832,0.08,1062.2,0.053,1223137.4625897922,36.83951950073242,0.7032536270773172,3.5,32033.4,0.866,0.13,1372.4,0.056,5.26,93578.4,0.868,0.13,1372.4,0.056
10,0,-2500,2500.0,982953.3894682743,42.41219711303711,0.6700367980849448,2.97,21230.64,0.843,0.09,1114.84,0.053,4.57,78408.4,0.839,0.09,1114.84,0.053,1212420.7073839665,38.570465087890625,0.6941155188554105,4.25,33679.36,0.873,0.14,1404.36,0.056,4.98,95038.0,0.87,0.14,1404.36,0.056
10,0,-2000,2000.0,967209.2812848303,47.23836898803711,0.6722391248248956,4.44,31088.49,0.854,0.11,1131.76,0.053,6.18,79982.8,0.842,0.11,1131.76,0.053,1207791.1244674295,41.68465042114258,0.6860755441150718,5.48,61410.06,0.756,0.14,1413.76,0.056,4.58,94570.6,0.87,0.14,1413.76,0.056
10,0,-1500,1500.0,945974.6611614246,48.031490325927734,0.6725068902494747,2.93,20671.2,0.839,0.16,1165.6,0.054,7.53,81016.0,0.843,0.16,1165.6,0.054,1208228.551130538,43.403526306152344,0.6790480630073343,6.42,63658.59,0.762,0.14,1396.84,0.056,4.63,93931.0,0.869,0.14,1396.84,0.056
10,0,-1000,1000.0,918186.7620911391,45.181697845458984,0.6709087701259054,1.77,13225.8,0.835,1.56,29310.05,0.175,7.51,79802.4,0.841,0.18,1176.88,0.054,1218577.1414102428,46.07460021972656,0.6764318788160273,5.8,35130.6,0.884,0.15,1393.08,0.056,5.69,92094.2,0.866,0.15,1393.08,0.056
10,0,-500,500.0,889323.1963872415,40.80330276489258,0.6684332291575815,1.89,17955.33,0.828,1.58,28229.74,0.174,6.85,77875.4,0.837,0.18,1154.32,0.054,1234792.9554991056,47.27596664428711,0.6767500494202255,5.92,35324.9,0.885,0.19,1342.32,0.056,6.76,90790.4,0.866,0.19,1342.32,0.056
10,0,0,0.0,857534.056085581,33.439971923828125,0.6624454335129685,3.59,36348.72,0.824,1.63,27556.76,0.172,5.39,73923.0,0.829,0.18,1148.68,0.053,1262937.5311965195,51.33216857910156,0.6835819335009844,3.39,21579.48,0.888,0.2,1327.28,0.056,7.87,93193.0,0.871,0.2,1327.28,0.056
10,0,500,500.0,830799.2112442146,30.05752182006836,0.6588184042009176,6.19,81213.18,0.816,0.13,1062.2,0.053,3.96,69724.6,0.821,0.13,1062.2,0.053,1291522.3383860295,53.64069747924805,0.6920121485120612,4.05,24853.65,0.889,0.23,1381.8,0.056,9.02,96415.6,0.878,0.23,1381.8,0.056
10,0,1000,1000.0,808826.3057820942,30.339113235473633,0.652151525835133,1.85,34766.69,0.662,0.12,1037.76,0.052,3.0,66042.8,0.814,0.12,1037.76,0.052,1310459.6566997168,50.908111572265625,0.7008725182493893,7.88,50155.44,0.885,0.24,1400.6,0.056,9.44,101065.0,0.885,0.24,1400.6,0.056
10,0,1500,1500.0,794818.0685645037,31.29641342163086,0.6488602840429297,1.84,34045.17,0.658,0.09,951.2799999999999,0.051,2.74,63041.59999999999,0.81,0.09,951.2799999999999,0.051,1320862.2924419292,49.15679168701172,0.708356781501861,3.77,28505.52,0.896,0.25,1509.6399999999999,0.057,9.78,105583.19999999998,0.891,0.25,1509.6399999999999,0.057
10,0,2000,2000.0,791678.4665369609,32.485713958740234,0.644571557597591,1.81,34468.13,0.662,0.08,928.7200000000001,0.051,2.87,61655.8,0.808,0.08,928.7200000000001,0.051,1303266.4128727305,44.76679611206055,0.7096110991091502,3.46,28278.719999999998,0.894,0.25,1541.5999999999997,0.057,9.33,107436.40000000001,0.892,0.25,1541.5999999999997,0.057
10,0,2500,2500.0,796470.1367459726,33.72944259643555,0.6429683374164055,1.79,35684.14,0.667,0.06,889.2400000000001,0.051,2.99,60893.200000000004,0.809,0.06,889.2400000000001,0.051,1281557.4946992286,43.45795440673828,0.7114041146155872,3.96,41047.56,0.899,0.23,1637.4800000000002,0.06,8.67,108830.4,0.893,0.23,1637.4800000000002,0.06
10,0,3000,3000.0,811826.7043893854,34.818721771240234,0.6421006561096066,1.94,38585.77,0.682,0.06,877.96,0.051,3.02,60146.99999999999,0.806,0.06,877.96,0.051,1243359.226300618,45.65856170654297,0.7079405226197519,3.48,58141.45,0.746,0.23,1701.4000000000003,0.062,7.16,107666.00000000001,0.891,0.23,1701.4000000000003,0.062
10,0,3500,3500.0,833634.748006121,34.891475677490234,0.6436817976683925,1.97,25219.480000000003,0.826,0.06,853.52,0.05,3.05,59753.40000000001,0.804,0.06,853.52,0.05,1202299.3494833077,47.08091354370117,0.7030812779811424,3.61,55513.5,0.742,0.18,1569.8,0.057,5.82,105919.39999999998,0.888,0.18,1569.8,0.057
10,0,4000,4000.0,864910.4525013298,35.14426040649414,0.6466926784017564,2.39,44880.41,0.708,0.06,847.88,0.05,3.09,59941.99999999999,0.802,0.06,847.88,0.05,1157594.1488547905,48.99872589111328,0.6953113263683328,3.89,52773.59,0.738,0.17,1562.28,0.057,5.98,102951.0,0.885,0.17,1562.28,0.057
10,0,4500,4500.0,901914.9262573225,35.750736236572266,0.6517415647990382,2.6,47443.05,0.717,0.06,847.88,0.05,3.12,60598.00000000001,0.803,0.06,847.88,0.05,1114356.0742535135,49.87947082519531,0.6872900439214626,4.18,51405.19,0.735,0.11,1504.0,0.057,6.09,99564.4,0.883,0.11,1504.0,0.057
10,0,5000,5000.0,946692.7563065551,37.27248001098633,0.6596271727973444,2.93,50870.27,0.728,0.06,849.7599999999999,0.05,3.31,63443.40000000001,0.81,0.06,849.7599999999999,0.05,1076722.8874302506,51.97639083862305,0.6784279968619298,4.33,49284.17,0.729,0.11,1487.08,0.057,6.23,94464.0,0.877,0.11,1487.08,0.057
10,0,5500,5500.0,988877.7460230296,39.02672576904297,0.6657721566615907,3.19,53339.61,0.736,0.07,921.2000000000002,0.051,3.55,66452.8,0.818,0.07,921.2000000000002,0.051,1048600.9527685728,52.84638595581055,0.6731577806085335,4.38,47831.8,0.725,0.11,1364.88,0.056,6.39,89658.8,0.871,0.11,1364.88,0.056
10,0,6000,6000.0,1024532.8159650622,41.61532974243164,0.6718522407392591,3.53,56157.27,0.743,0.08,943.7599999999999,0.051,3.96,69995.2,0.827,0.08,943.7599999999999,0.051,1030916.5540631996,54.14521408081055,0.6664066606860997,4.26,47539.46000000001,0.725,0.11,1329.16,0.056,6.82,86460.8,0.867,0.11,1329.16,0.056
10,0,6500,6500.0,1050351.7884474162,43.69065856933594,0.6738942706724674,3.82,57643.85,0.747,0.1,1032.12,0.053,4.35,73349.0,0.837,0.1,1032.12,0.053,1026070.5690433284,55.28300094604492,0.6644113291961103,4.07,48435.14,0.727,0.13,1252.08,0.055,7.3,84230.4,0.865,0.13,1252.08,0.055
10,0,7000,7000.0,1067537.7831789996,46.354915618896484,0.6771259805864341,4.37,58188.1,0.747,0.1,1056.56,0.053,4.64,77178.4,0.846,0.1,1056.56,0.053,1030954.728922064,55.856468200683594,0.6627136923337417,4.18,50316.69,0.732,0.14,1233.28,0.055,7.77,83443.2,0.864,0.14,1233.28,0.055
10,0,7500,7500.0,1075111.4666921068,47.646514892578125,0.6769567822389274,4.77,57718.49,0.746,0.12,1144.92,0.054,4.84,80925.8,0.855,0.12,1144.92,0.054,1039291.0789397872,55.70671081542969,0.6620556271374904,4.36,51731.74,0.735,0.15,1208.84,0.055,8.1,83279.2,0.865,0.15,1208.84,0.055
10,0,8000,8000.0,1072426.4228027442,48.43027877807617,0.6780351381902555,5.19,56157.27,0.742,0.12,1171.24,0.054,5.01,83984.4,0.861,0.12,1171.24,0.054,1052801.945899426,54.021392822265625,0.6605219926501595,4.9,53781.23,0.74,0.15,1203.2,0.055,7.75,82861.0,0.864,0.15,1203.2,0.055
10,0,8500,8500.0,1059473.2654310605,48.4325065612793,0.6756627387968611,5.34,54732.89,0.738,0.14,1244.56,0.055,5.58,86387.0,0.866,0.14,1244.56,0.055,1070187.1840038311,53.431129455566406,0.660187443893235,5.44,55074.99,0.743,0.14,1186.28,0.055,7.25,82844.6,0.865,0.14,1186.28,0.055
10,0,9000,9000.0,1037069.726935928,52.1214485168457,0.6737976737865888,5.33,51843.7,0.729,0.15,1265.24,0.055,6.22,86296.8,0.865,0.15,1265.24,0.055,1095429.9250355265,53.34469985961914,0.6593853075718039,6.17,58216.09,0.751,0.13,1182.52,0.055,7.0,85575.2,0.869,0.13,1182.52,0.055
10,0,9500,9500.0,1011754.1882675891,53.76046371459961,0.6719902371404254,5.14,49427.23,0.72,0.14,1267.12,0.055,6.78,85755.6,0.865,0.14,1267.12,0.055,1119709.5438744356,53.51854705810547,0.6566210423810567,6.64,61148.82,0.756,0.16,1252.08,0.056,6.88,88273.0,0.873,0.16,1252.08,0.056
10,0,10000,10000.0,981900.7064145801,55.23491287231445,0.6692099400982996,4.65,46808.61,0.71,0.14,1269.0,0.055,7.1,84230.4,0.862,0.14,1269.0,0.055,1149528.7162533964,55.9697265625,0.6575107932877959,7.14,65378.42,0.764,0.18,1274.64,0.056,7.56,89355.4,0.874,0.18,1274.64,0.056
10,0,10500,10500.0,955855.7821028592,55.69264602661133,0.6690311398713746,4.24,45536.619999999995,0.706,0.12,1231.4,0.055,7.26,82672.4,0.86,0.12,1231.4,0.055,1177030.3587008487,57.38260269165039,0.6578769026076074,7.15,68220.96,0.769,0.14,1295.32,0.056,8.3,90183.6,0.876,0.14,1295.32,0.056
10,0,11000,11000.0,927795.6566012704,53.15587615966797,0.6664893210553988,3.4,43720.380000000005,0.699,0.13,1222.0,0.055,6.99,79999.2,0.854,0.13,1222.0,0.055,1208647.8743267418,59.652408599853516,0.6639077062173254,6.87,70895.56,0.772,0.14,1302.84,0.056,9.02,91093.8,0.877,0.14,1302.84,0.056
10,0,11500,11500.0,902691.8365678473,48.263641357421875,0.6657060623576417,2.11,17927.19,0.833,0.13,1159.96,0.054,6.61,77227.6,0.848,0.13,1159.96,0.054,1236842.6795596478,60.39712142944336,0.6701047245054934,6.49,71949.85,0.773,0.17,1321.64,0.056,9.55,92348.4,0.879,0.17,1321.64,0.056
10,0,12000,12000.0,876827.6321166295,41.23505401611328,0.6601186579783453,4.03,36385.44,0.831,0.13,1143.04,0.054,6.02,73135.8,0.836,0.13,1143.04,0.054,1264733.486695467,59.85454559326172,0.6806016439521207,5.65,71063.5,0.769,0.18,1329.16,0.056,9.4,96686.2,0.882,0.18,1329.16,0.056
10,0,12500,12500.0,858226.0229491813,39.56593322753906,0.6583092092071614,7.73,81389.69,0.823,0.13,1045.28,0.053,5.45,69667.2,0.828,0.13,1045.28,0.053,1281792.7190529224,58.74456024169922,0.6870142239080762,5.1,69499.17,0.766,0.18,1440.08,0.057,8.97,100876.4,0.885,0.18,1440.08,0.057
10,0,13000,13000.0,842052.9657474735,36.3011474609375,0.6527588046735038,3.24,34320.96,0.821,0.12,1020.84,0.052,4.76,67740.2,0.824,0.12,1020.84,0.052,1282809.3044135831,52.94301986694336,0.6901384828827799,4.44,66644.19,0.761,0.18,1472.04,0.057,8.05,103197.0,0.886,0.18,1472.04,0.057
10,0,13500,13500.0,831304.0429399856,34.079097747802734,0.6497591062534035,2.53,43322.3,0.699,0.1,981.36,0.052,4.07,66124.8,0.82,0.1,981.36,0.052,1278645.169742553,49.61387634277344,0.6920796359058919,3.97,64526.28,0.756,0.15,1534.08,0.057,7.15,104623.8,0.886,0.15,1534.08,0.057
10,0,14000,14000.0,819900.6552299192,32.83930587768555,0.6463248968502927,2.72,43434.26,0.698,0.1,970.08,0.052,3.34,63878.00000000001,0.814,0.1,970.08,0.052,1257442.1639287854,48.685516357421875,0.6883457259916793,2.31,25597.35,0.881,0.14,1581.08,0.058,6.53,103311.8,0.882,0.14,1581.08,0.058
10,0,14500,14500.0,812594.2460085489,33.82477951049805,0.6466472835985356,2.77,43023.74,0.697,0.09,917.44,0.051,2.72,61803.40000000001,0.809,0.09,917.44,0.051,1232065.41711825,47.96125411987305,0.6833303375930297,2.23,24801.39,0.878,0.13,1526.5599999999997,0.057,6.0,101614.4,0.88,0.13,1526.5599999999997,0.057
10,0,15000,15000.0,802339.099453584,34.99728012084961,0.6463408287080444,2.66,40980.47,0.687,0.09,904.2799999999999,0.051,2.67,60761.99999999999,0.806,0.09,904.2799999999999,0.051,1201326.3578955901,46.43585205078125,0.6768683660321966,3.48,61786.369999999995,0.754,0.13,1519.04,0.057,5.6,99876.0,0.878,0.13,1519.04,0.057
10,0,15500,15500.0,791546.8857716058,35.782737731933594,0.6469846044062115,2.52,38915.43,0.679,0.09,885.48,0.051,2.81,59999.4,0.804,0.09,885.48,0.051,1172777.868144367,44.856483459472656,0.6713524891615652,3.55,61310.53999999999,0.754,0.13,1473.92,0.056,5.56,98588.6,0.877,0.13,1473.92,0.056
10,0,16000,16000.0,775899.7486433778,36.326202392578125,0.6453497154488042,2.38,36222.17,0.668,0.09,879.84,0.051,3.17,60950.6,0.805,0.09,879.84,0.051,1143586.7513847584,47.22500991821289,0.6640480863075102,3.93,59453.869999999995,0.75,0.13,1462.64,0.056,5.77,97235.6,0.874,0.13,1462.64,0.056
10,0,16500,16500.0,758048.3027856725,36.2622184753418,0.6424159963938401,2.35,34496.12,0.659,0.09,915.56,0.051,3.5,61795.2,0.806,0.09,915.56,0.051,1116433.5594135642,47.192081451416016,0.6569190775170338,4.3,57818.01,0.747,0.12,1419.4,0.056,5.86,96300.8,0.872,0.12,1419.4,0.056
10,0,17000,17000.0,735825.6940878485,35.676815032958984,0.6369704613633184,2.17,32459.07,0.649,0.09,924.96,0.051,3.57,60778.40000000001,0.802,0.09,924.96,0.051,1090673.5250539118,46.24039840698242,0.648417031244385,4.77,56315.880000000005,0.744,0.12,1410.0,0.056,5.55,95029.8,0.87,0.12,1410.0,0.056
10,0,17500,17500.0,715123.2382746633,34.875144958496094,0.6316680691463213,2.06,31361.24,0.642,0.08,902.4,0.051,3.55,59523.8,0.798,0.08,902.4,0.051,1066902.0649669822,48.18170928955078,0.6407233117361785,5.06,55724.98,0.743,0.11,1385.56,0.056,5.8,93512.8,0.869,0.11,1385.56,0.056
10,0,18000,18000.0,695852.8665871929,33.65823745727539,0.6239097641009247,1.97,30502.88,0.638,0.08,896.7599999999999,0.051,3.02,56793.200000000004,0.79,0.08,896.7599999999999,0.051,1047755.7742410823,51.818397521972656,0.634931073566986,5.35,55827.61,0.744,0.11,1379.92,0.056,6.37,91528.4,0.867,0.11,1379.92,0.056
10,0,18500,18500.0,684023.7478917908,32.92920684814453,0.6202079591864247,1.94,30331.83,0.636,0.08,825.3199999999999,0.05,2.53,54316.799999999996,0.783,0.08,825.3199999999999,0.05,1031002.4251257245,53.0357551574707,0.6306618213010342,5.64,56250.57,0.745,0.11,1338.56,0.056,6.81,89699.8,0.867,0.11,1338.56,0.056
10,0,19000,19000.0,679390.8977369196,32.06789779663086,0.6162130686989792,1.92,30963.16,0.641,0.08,806.52,0.05,2.39,52619.4,0.777,0.08,806.52,0.05,1015987.1407818835,54.036766052246094,0.6287741684680869,5.98,56434.06,0.744,0.12,1327.28,0.056,7.06,88642.0,0.867,0.12,1327.28,0.056
10,0,19500,19500.0,681365.31541332,31.498821258544922,0.616326517120988,2.01,31737.55,0.645,0.08,761.4,0.049,2.28,51471.4,0.773,0.08,761.4,0.049,1000564.2008943005,54.3924446105957,0.6281007231902848,6.24,56322.1,0.744,0.13,1297.2,0.055,7.2,88117.2,0.868,0.13,1297.2,0.055
10,0,20000,20000.0,689003.7735048322,31.407426834106445,0.6180498850464674,2.08,33482.26,0.656,0.08,750.12,0.049,2.39,51127.0,0.772,0.08,750.12,0.049,981735.6263948675,55.18254089355469,0.6295313910673823,6.32,54919.49,0.74,0.13,1289.68,0.055,7.42,87641.6,0.867,0.13,1289.68,0.055
11,0,-20000,20000.0,185781.21280647925,14.170685768127441,0.4445648204477174,1.24,8589.82,0.416,0.01,150.4,0.029,0.87,11816.2,0.553,0.01,150.4,0.029,23934.086709579788,2.2485837936401367,0.2567676824198612,0.26,1047.51,0.456,0.01,18.8,0.017,0.34,2197.6,0.412,0.01,18.8,0.017
11,0,-19500,19500.0,200420.0103350529,17.517675399780273,0.4638716273409082,1.37,8561.83,0.417,0.01,124.08,0.025,0.94,11152.0,0.541,0.01,124.08,0.025,25480.787085391057,1.9626089334487915,0.25524678693247577,0.32,1298.44,0.407,0.01,22.56,0.017,0.48,2476.4,0.417,0.01,22.56,0.017
11,0,-19000,19000.0,214992.85910963238,21.78428840637207,0.4815993061949966,1.52,8555.61,0.421,0.01,116.56,0.024,1.13,12152.4,0.555,0.01,116.56,0.024,27860.91539277986,2.609158515930176,0.26425444224716094,0.33,1344.2,0.411,0.01,22.56,0.017,0.48,2214.0,0.39,0.01,22.56,0.017
11,0,-18500,18500.0,226325.20794808742,25.1876277923584,0.49233645418401534,1.95,8885.76,0.663,0.02,150.4,0.028,1.3,13234.8,0.574,0.02,150.4,0.028,30597.045970150473,3.0890631675720215,0.277786628586106,0.31,1195.48,0.407,0.01,18.8,0.016,0.43,2033.6,0.371,0.01,18.8,0.016
11,0,-18000,18000.0,232154.2716551399,27.56884002685547,0.49893725441098763,2.09,8002.88,0.639,0.02,161.68,0.029,1.47,14948.6,0.603,0.02,161.68,0.029,33170.314515263315,3.698503255844116,0.2902774404342392,0.31,1164.02,0.405,0.01,18.8,0.016,0.27,2263.2,0.38,0.01,18.8,0.016
11,0,-17500,17500.0,233782.51487686386,29.568132400512695,0.4986167484556854,2.15,7490.24,0.626,0.03,201.16,0.033,1.57,16621.4,0.628,0.03,201.16,0.033,35150.5720363748,3.9044077396392822,0.3001458771453859,0.27,1004.4000000000001,0.427,0.01,20.68,0.016,0.37,2681.4,0.404,0.01,20.68,0.016
11,0,-17000,17000.0,231903.30981306641,33.45322799682617,0.49604169006392856,2.03,6093.9,0.641,0.03,212.43999999999997,0.034,1.86,17638.2,0.644,0.03,212.43999999999997,0.034,36173.42623092518,3.711918592453003,0.2988449509384641,0.49,1798.38,0.502,0.01,22.56,0.016,0.56,3501.3999999999996,0.438,0.01,22.56,0.016
11,0,-16500,16500.0,229067.95431630453,36.11216354370117,0.4931096969371833,2.03,5786.12,0.646,0.05,233.12,0.036,2.24,19024.0,0.669,0.05,233.12,0.036,36255.881570991914,3.4623255729675293,0.2901195093059765,0.48,1693.3200000000002,0.499,0.01,31.960000000000004,0.017,0.75,4239.4,0.463,0.01,31.960000000000004,0.017
11,0,-16000,16000.0,223684.55198223874,36.01313781738281,0.48853777127914644,2.24,6412.68,0.645,0.06,238.76,0.036,2.75,20188.4,0.683,0.06,238.76,0.036,35717.49272616071,4.114650726318359,0.2792181166506496,0.47,1588.26,0.498,0.01,35.72,0.018,0.75,4206.6,0.464,0.01,35.72,0.018
11,0,-15500,15500.0,218156.02596748387,35.478416442871094,0.4868721823235538,1.16,3208.8000000000006,0.651,0.07,266.96,0.038,3.39,21164.2,0.692,0.07,266.96,0.038,35512.67887265567,4.939221382141113,0.2700335079075795,0.39,1135.42,0.387,0.01,35.72,0.018,0.71,3944.1999999999994,0.459,0.01,35.72,0.018
11,0,-15000,15000.0,208862.77228689904,31.577762603759766,0.48288905293497164,1.68,4872.96,0.648,0.07,274.48,0.039,3.82,20524.6,0.684,0.07,274.48,0.039,36965.70538543747,5.831362247467041,0.275849212215319,0.41,1406.7,0.409,0.01,35.72,0.018,0.55,3271.8,0.44,0.01,35.72,0.018
11,0,-14500,14500.0,200253.1470370065,25.66126823425293,0.4798853405348857,2.03,7422.18,0.688,0.88,5383.84,0.103,4.45,19950.6,0.678,0.1,250.04,0.037,39721.63240913578,7.259366035461426,0.2900096171626699,0.55,1375.66,0.411,0.01,28.2,0.017,0.39,2697.8,0.421,0.01,28.2,0.017
11,0,-14000,14000.0,187835.77568632844,18.256092071533203,0.4677464672186279,1.91,6992.67,0.676,0.79,4604.6,0.094,4.02,18704.2,0.664,0.11,246.28,0.037,42905.08875097294,8.088277816772461,0.3057245042072445,0.56,1387.1,0.413,0.01,26.320000000000004,0.017,0.38,2566.6,0.399,0.01,26.320000000000004,0.017
11,0,-13500,13500.0,176266.00862603972,13.932347297668457,0.45777926792582135,3.66,17646.4,0.652,0.56,3843.07,0.084,3.66,17646.4,0.652,0.08,214.31999999999996,0.035,45279.24696830014,8.289996147155762,0.3196368815008276,0.42,1114.56,0.429,0.01,26.320000000000004,0.017,0.46,2583.0,0.39,0.01,26.320000000000004,0.017
11,0,-13000,13000.0,162918.3592497461,11.664718627929688,0.440745483354171,2.61,16031.0,0.629,0.35,3329.48,0.075,2.61,16031.0,0.629,0.07,204.92000000000002,0.034,45649.120284604214,7.951419830322266,0.32807836400066137,0.45,1146.96,0.432,0.01,26.320000000000004,0.017,0.72,3321.0,0.416,0.01,26.320000000000004,0.017
11,0,-12500,12500.0,148560.71922067786,11.240087509155273,0.4206352171731658,0.67,3527.2799999999997,0.572,0.03,176.72,0.031,1.71,14227.000000000002,0.602,0.03,176.72,0.031,44009.98286021695,7.507448673248291,0.3272987121858244,0.71,1745.85,0.494,0.01,37.6,0.018,1.06,4108.2,0.445,0.01,37.6,0.018
11,0,-12000,12000.0,133400.82731361617,12.265969276428223,0.3969235116370863,0.85,5234.46,0.609,0.26,2337.72,0.058,1.53,13841.6,0.595,0.03,169.2,0.031,40625.56341757481,6.855165481567383,0.3282938777634806,0.81,1894.17,0.508,0.14,655.27,0.052,1.2,4436.2,0.458,0.02,41.36,0.018
11,0,-11500,11500.0,120180.36223841373,11.577701568603516,0.3763139989132346,0.47,2886.36,0.537,0.18,2036.6499999999999,0.054,1.36,13562.8,0.59,0.04,165.44,0.03,36878.75974421817,5.937562465667725,0.3272923712117824,0.66,1650.06,0.501,0.12,495.88000000000005,0.048,1.32,4706.8,0.469,0.02,43.24,0.018
11,0,-11000,11000.0,107315.75171978347,9.64343547821045,0.352224145566411,0.91,5871.12,0.535,0.14,1983.5200000000002,0.053,1.26,11898.2,0.557,0.05,163.56,0.03,32073.095003586823,4.828934192657471,0.31465949987967673,0.5,1424.49,0.509,0.08,460.46,0.045,1.08,4059.0,0.463,0.02,45.12,0.018
11,0,-10500,10500.0,98305.0815053779,7.712721824645996,0.3364526428346323,0.47,2183.76,0.444,0.14,1965.8100000000002,0.053,0.98,10315.6,0.521,0.03,120.32,0.025,28955.07803182242,3.885009765625,0.30985698880785395,0.3,820.08,0.436,0.03,404.4,0.165,0.84,3583.4,0.473,0.01,33.84,0.018
11,0,-10000,10000.0,92579.36874010193,6.2492194175720215,0.3190372262132405,0.64,3232.1400000000003,0.485,0.19,2302.3,0.058,0.89,9298.8,0.491,0.03,109.03999999999999,0.024,26989.445135329282,3.0333502292633057,0.2980054394782302,0.54,1656.4799999999998,0.429,0.02,296.56,0.136,0.64,3230.8,0.468,0.01,31.960000000000004,0.018
11,0,-9500,9500.0,91751.10818890294,4.624215126037598,0.3138119234513809,0.55,3040.56,0.477,0.02,92.12,0.021,1.11,8380.400000000001,0.463,0.02,92.12,0.021,27902.908122746514,3.1788580417633057,0.30102161771960767,1.12,2084.94,0.456,0.02,235.89999999999998,0.121,0.46,2837.2,0.456,0.01,28.2,0.018
11,0,-9000,9000.0,96412.484096197,3.9550790786743164,0.3171186226738463,0.28,1130.88,0.203,0.02,86.48,0.02,0.95,7708.0,0.447,0.02,86.48,0.02,30848.085098734606,7.075908184051514,0.31722643732716116,1.23,2368.08,0.489,0.01,131.72,0.155,0.37,2287.8,0.419,0.01,26.320000000000004,0.018
11,0,-8500,8500.0,104782.31343345594,5.168867588043213,0.32954447416061783,0.28,1130.88,0.203,0.01,69.56,0.017,0.76,7216.000000000001,0.439,0.01,69.56,0.017,36158.26443252723,9.802386283874512,0.3572253682025432,4.86,9642.63,0.587,0.02,175.24,0.102,0.34,1902.3999999999999,0.389,0.01,20.68,0.017
11,0,-8000,8000.0,117921.99199899616,6.954728126525879,0.34963469791677837,0.95,7654.0,0.619,0.01,67.68,0.017,0.39,6847.0,0.431,0.01,67.68,0.017,37224.69309980145,10.78464412689209,0.36178828620010367,5.4,10671.06,0.614,0.01,161.76,0.095,0.33,2123.8,0.386,0.01,18.8,0.017
11,0,-7500,7500.0,133646.00406613207,10.154054641723633,0.3743230733192366,1.13,7516.870000000001,0.395,0.01,62.04,0.017,0.37,6715.8,0.429,0.01,62.04,0.017,37391.90003160727,11.923360824584961,0.3709122819494123,4.89,9959.07,0.597,0.02,123.97000000000001,0.025,0.71,2607.6,0.408,0.01,22.56,0.017
11,0,-7000,7000.0,151214.7832258104,12.49073314666748,0.3997515103584973,1.49,8885.27,0.427,0.01,60.16,0.017,0.53,7576.8,0.442,0.01,60.16,0.017,34380.78808280912,11.2872314453125,0.35853174978820324,1.66,2833.53,0.562,0.03,141.68,0.026,1.55,4009.7999999999997,0.462,0.01,22.56,0.017
11,0,-6500,6500.0,169823.57738634973,15.347798347473145,0.4246342810853323,1.6,9264.69,0.436,0.02,75.2,0.018,0.67,8872.4,0.47,0.02,75.2,0.018,30948.95213879377,9.04625415802002,0.3425841618144986,1.72,2824.26,0.563,0.05,212.52,0.033,2.61,5772.8,0.502,0.03,33.84,0.018
11,0,-6000,6000.0,188668.46556613082,19.40909767150879,0.4492521392214556,1.5,7255.8,0.663,0.03,84.6,0.02,0.77,10209.0,0.505,0.03,84.6,0.02,25933.190073229467,6.524575710296631,0.3044683782409136,1.78,2845.8900000000003,0.571,0.08,336.49,0.04,2.66,5764.6,0.506,0.03,37.6,0.018
11,0,-5500,5500.0,204888.0253751994,21.337430953979492,0.46621462901050725,1.53,7290.6,0.664,0.04,116.56,0.024,0.92,11365.2,0.533,0.04,116.56,0.024,22144.862644565022,4.270598411560059,0.2736197387599495,1.2,2039.4,0.52,0.03,250.50999999999996,0.162,2.68,5682.6,0.509,0.03,31.960000000000004,0.018
11,0,-5000,5000.0,221176.09478270268,22.136838912963867,0.48255340774995686,0.87,3968.94,0.642,0.04,125.96000000000001,0.026,1.4,12775.6,0.563,0.04,125.96000000000001,0.026,19580.151310393056,2.274101495742798,0.24216622684336156,0.79,1325.61,0.48,0.03,236.63999999999996,0.212,1.92,4280.4,0.479,0.03,31.960000000000004,0.018
11,0,-4500,4500.0,235073.32666988033,21.612213134765625,0.4927836826169543,1.06,4727.52,0.65,0.06,169.2,0.03,1.79,13833.4,0.586,0.06,169.2,0.03,18683.353645500938,1.4697433710098267,0.2270770687022814,0.46,979.53,0.429,0.01,28.72,0.026,1.05,2681.4,0.423,0.01,16.92,0.016
11,0,-4000,4000.0,248219.11984355195,19.304277420043945,0.5021693296449911,0.99,4797.87,0.653,0.06,182.36,0.031,1.82,14866.6,0.606,0.06,182.36,0.031,20336.843031136632,2.00539493560791,0.2338739567985053,0.5,980.2,0.396,0.01,28.72,0.025,0.56,1894.2,0.357,0.01,13.160000000000002,0.015
11,0,-3500,3500.0,262608.6489491608,16.591323852539062,0.512273648728444,0.82,5031.03,0.663,0.07,199.28,0.033,1.74,15949.0,0.624,0.07,199.28,0.033,22728.375871135744,2.617755651473999,0.24734636656180903,0.53,1020.8,0.4,0.0,9.4,0.014,0.18,1180.8,0.278,0.0,9.4,0.014
11,0,-3000,3000.0,276979.439473975,16.0357666015625,0.5251604140342332,1.53,10216.32,0.66,0.07,204.92000000000002,0.033,1.53,17072.4,0.639,0.07,204.92000000000002,0.033,25850.602437479287,2.984053134918213,0.26821064118557686,0.51,1081.7,0.399,0.0,9.4,0.013,0.17,1254.6,0.282,0.0,9.4,0.013
11,0,-2500,2500.0,289297.341011458,18.39415740966797,0.5349025028798068,1.09,8067.04,0.709,0.06,227.48,0.035,1.45,18220.4,0.652,0.06,227.48,0.035,28543.457956183065,3.2466304302215576,0.2856188766801536,1.66,4896.03,0.438,0.0,13.160000000000002,0.014,0.31,1377.6,0.293,0.0,13.160000000000002,0.014
11,0,-2000,2000.0,297949.8643800499,20.003103256225586,0.5462192672696603,1.47,9454.0,0.716,0.05,235.0,0.035,1.18,19614.4,0.668,0.05,235.0,0.035,29721.781366003124,2.7398667335510254,0.2916924201295356,1.63,4746.6,0.443,0.01,13.160000000000002,0.015,0.39,1771.2000000000003,0.315,0.01,13.160000000000002,0.015
11,0,-1500,1500.0,303671.7411982169,20.51638412475586,0.5544534764891446,1.52,9503.3,0.717,0.03,263.2,0.037,1.4,21262.6,0.686,0.03,263.2,0.037,29927.906836718328,2.7215821743011475,0.29061227069045,1.5,4755.39,0.454,0.01,20.68,0.016,0.41,2271.4,0.349,0.01,20.68,0.016
11,0,-1000,1000.0,302064.07717705145,20.005456924438477,0.559565986311007,0.98,5773.32,0.72,0.04,272.6,0.038,1.73,23443.8,0.707,0.04,272.6,0.038,29510.125164049314,2.5846381187438965,0.29042060625120303,0.51,1378.14,0.449,0.01,22.56,0.016,0.33,2558.4,0.364,0.01,22.56,0.016
11,0,-500,500.0,292604.9911098536,18.484174728393555,0.5556467057801628,0.83,4698.4,0.724,0.47,6375.6,0.11,1.99,25288.8,0.723,0.07,329.0,0.041,29240.74317650038,2.493466377258301,0.29122324964317714,0.44,1288.53,0.441,0.01,24.44,0.017,0.53,2902.8,0.385,0.01,24.44,0.017
11,0,0,0.0,274100.033782985,16.530168533325195,0.5424776931258195,1.19,6460.14,0.715,0.57,5755.75,0.105,2.05,25838.2,0.727,0.08,345.92,0.042,28749.56342984171,3.1510138511657715,0.29529862432903664,0.42,1223.64,0.443,0.01,26.320000000000004,0.017,0.55,2673.2,0.376,0.01,26.320000000000004,0.017
11,0,500,500.0,251898.117589834,14.35035514831543,0.5234631999472252,1.09,5939.55,0.697,0.76,5295.29,0.1,2.03,26010.4,0.728,0.09,359.08,0.042,29032.049523845046,3.744222402572632,0.30743514035102687,0.34,782.32,0.401,0.09,478.1700000000001,0.05,0.55,2558.4,0.381,0.01,20.68,0.016
11,0,1000,1000.0,227798.99486347163,11.680990219116211,0.4981762124855324,0.94,5459.16,0.679,0.85,5436.97,0.101,1.84,24969.0,0.72,0.1,364.72,0.043,29107.9159987751,3.8327088356018066,0.3152340277807381,0.24,504.6,0.405,0.06,407.33,0.048,0.45,2607.6,0.392,0.01,20.68,0.016
11,0,1500,1500.0,207651.08729821368,9.287221908569336,0.4763316391720191,0.61,4327.53,0.626,0.09,327.12,0.041,1.85,24116.2,0.712,0.09,327.12,0.041,28559.742911853573,3.656996726989746,0.3194051856774223,0.22,439.6,0.409,0.07,354.2,0.047,0.36,2689.6,0.409,0.01,20.68,0.016
11,0,2000,2000.0,192815.69499166246,11.795976638793945,0.45691844882382204,1.0,5075.0,0.576,0.08,317.72,0.04,1.58,20959.2,0.683,0.08,317.72,0.04,27195.195688990952,3.132244825363159,0.31447590474201303,0.52,1412.13,0.479,0.07,371.91,0.048,0.56,2952.0,0.422,0.01,20.68,0.016
11,0,2500,2500.0,184586.05330610953,15.03897476196289,0.44896140213143926,1.03,5086.6,0.577,0.04,235.0,0.035,1.21,18015.4,0.65,0.04,235.0,0.035,25413.955039280063,2.528316020965576,0.3052631339116417,0.48,1378.14,0.477,0.08,407.33,0.049,0.78,3189.8,0.434,0.02,24.44,0.017
11,0,3000,3000.0,182858.57301145565,17.324020385742188,0.445571467080336,1.25,7856.92,0.625,0.03,210.56000000000003,0.034,0.77,15883.4,0.622,0.03,210.56000000000003,0.034,23497.887210743687,1.8178095817565918,0.29557436125801806,0.43,1350.33,0.478,0.08,425.04,0.05,0.71,3099.6,0.432,0.02,26.320000000000004,0.017
11,0,3500,3500.0,185093.2734044668,18.413475036621094,0.4491964126158876,1.59,8291.24,0.638,0.03,167.32,0.03,1.01,13923.6,0.591,0.03,167.32,0.03,21817.62913381064,1.9347928762435913,0.2887014498509184,0.28,1198.92,0.469,0.09,442.75,0.051,0.61,3034.0,0.435,0.01,24.44,0.017
11,0,4000,4000.0,190487.37826759968,18.781368255615234,0.4557774856413561,1.6,6237.9,0.626,0.03,154.16,0.029,1.47,13981.0,0.593,0.03,154.16,0.029,20385.70686993227,2.0460143089294434,0.28215521678677913,0.21,1044.42,0.462,0.09,442.75,0.05,0.37,2648.6,0.424,0.01,24.44,0.017
11,0,4500,4500.0,196545.13658322184,22.768280029296875,0.4630526994704689,1.67,6290.1,0.628,0.05,161.68,0.029,1.9,14227.000000000002,0.599,0.05,161.68,0.029,19493.482402137422,2.126302480697632,0.2822563761012361,0.18,588.7,0.393,0.01,50.260000000000005,0.031,0.23,2296.0,0.414,0.01,18.8,0.017
11,0,5000,5000.0,199617.4595363878,25.670381546020508,0.47007186043864263,2.14,6585.9,0.638,0.06,163.56,0.029,1.88,14538.6,0.604,0.06,163.56,0.029,19000.897306933817,2.182905435562134,0.2825037724983183,0.12,429.84,0.386,0.01,50.260000000000005,0.031,0.25,2140.2,0.41,0.01,16.92,0.017
11,0,5500,5500.0,198696.39971585938,27.170286178588867,0.4713007009826489,2.17,6612.0,0.639,0.04,171.08,0.03,1.82,14850.2,0.61,0.04,171.08,0.03,18297.376341705873,2.195852756500244,0.2810903941400019,0.14,412.56,0.391,0.0,16.92,0.016,0.24,1992.6000000000001,0.407,0.0,16.92,0.016
11,0,6000,6000.0,194847.68878623875,28.166088104248047,0.4710124166454275,1.34,3878.46,0.635,0.04,174.84,0.031,1.81,15407.8,0.618,0.04,174.84,0.031,17449.13367824419,2.1534430980682373,0.2784452507539223,0.21,713.79,0.449,0.01,50.260000000000005,0.032,0.23,1853.1999999999998,0.405,0.01,16.92,0.016
11,0,6500,6500.0,188476.33965578323,26.588115692138672,0.4670635839913758,1.6,4520.49,0.638,0.26,3719.1,0.081,2.73,15981.799999999997,0.626,0.07,189.88,0.032,16542.97865305227,2.0777063369750977,0.27453133836276916,0.19,690.64,0.364,0.01,15.04,0.016,0.25,1664.5999999999997,0.399,0.01,15.04,0.016
11,0,7000,7000.0,177963.4801418228,22.662189483642578,0.45185412185620527,2.98,9147.36,0.635,0.31,3913.91,0.083,3.37,16965.8,0.639,0.09,195.52,0.032,15796.72359080082,1.9565290212631226,0.2710707957631351,0.16,513.3,0.38,0.01,15.04,0.017,0.22,1533.4,0.391,0.01,15.04,0.017
11,0,7500,7500.0,167535.69324150047,17.96212387084961,0.4345632991720158,1.07,3949.6499999999996,0.605,0.4,4321.24,0.089,3.79,17884.2,0.651,0.11,221.84,0.035,15118.484078261417,1.7748709917068481,0.2677515145099689,0.17,510.4,0.379,0.0,13.160000000000002,0.016,0.22,1410.4,0.381,0.0,13.160000000000002,0.016
11,0,8000,8000.0,158625.66666555832,12.6604642868042,0.41790619844514354,2.09,7996.800000000001,0.602,0.46,4958.8,0.096,3.06,16596.8,0.632,0.11,227.48,0.035,14528.204129715119,1.6386348009109497,0.2598286876098856,0.08,72.96,0.095,0.0,13.160000000000002,0.016,0.22,1279.2,0.373,0.0,13.160000000000002,0.016
11,0,8500,8500.0,153268.2260246785,9.068192481994629,0.4074443546588372,3.67,17130.76,0.58,0.54,5596.36,0.103,2.13,15063.4,0.609,0.07,191.76,0.032,14467.580085298698,1.6207094192504883,0.2579780819110747,0.11,337.68,0.381,0.0,13.160000000000002,0.016,0.22,1197.2,0.378,0.0,13.160000000000002,0.016
11,0,9000,9000.0,152682.53208042315,10.582723617553711,0.40580960650644093,0.59,4349.7,0.549,0.58,5844.3,0.105,1.13,12742.8,0.568,0.07,184.24,0.031,14636.503363005148,1.476536512374878,0.2617222853899036,0.23,464.4,0.374,0.0,11.28,0.016,0.2,1197.2,0.379,0.0,11.28,0.016
11,0,9500,9500.0,157096.91467792264,11.816084861755371,0.4152729261931044,0.78,5047.9,0.572,0.03,124.08,0.025,0.66,10815.8,0.528,0.03,124.08,0.025,14751.141446554066,1.5310118198394775,0.26428464671104945,0.27,457.2,0.389,0.0,11.28,0.016,0.18,1205.4,0.378,0.0,11.28,0.016
11,0,10000,10000.0,164283.20875024452,12.841631889343262,0.4294424362731825,0.8,5459.4,0.605,0.02,107.15999999999998,0.023,0.71,10807.6,0.527,0.02,107.15999999999998,0.023,15010.940522426969,2.092773914337158,0.27439878662838346,0.5,600.3,0.407,0.0,11.28,0.016,0.16,1107.0,0.359,0.0,11.28,0.016
11,0,10500,10500.0,169499.1189347897,13.96717357635498,0.4406909696266573,0.87,5179.06,0.61,0.01,107.15999999999998,0.023,0.98,11242.2,0.536,0.01,107.15999999999998,0.023,15243.7504849991,2.665766477584839,0.28747592855774,0.53,614.8,0.409,0.0,11.28,0.016,0.16,1082.4,0.355,0.0,11.28,0.016
11,0,11000,11000.0,170668.19956066462,13.761699676513672,0.44671276403770355,0.93,5662.86,0.609,0.01,107.15999999999998,0.023,1.15,12816.6,0.568,0.01,107.15999999999998,0.023,14335.238661551657,2.52778959274292,0.2759567044188136,0.34,370.62,0.409,0.0,11.28,0.016,0.2,1279.2,0.376,0.0,11.28,0.016
11,0,11500,11500.0,166653.90425669827,12.62969970703125,0.4424603574244818,0.53,2874.2,0.614,0.02,148.52,0.028,1.35,14333.6,0.595,0.02,148.52,0.028,13788.751814462985,2.413412094116211,0.264393730573056,0.41,432.15,0.414,0.01,78.32,0.15,0.36,1492.4,0.402,0.01,13.160000000000002,0.017
11,0,12000,12000.0,157642.9556589559,12.114418029785156,0.4304164874298724,0.5,2818.2,0.61,0.02,161.68,0.029,1.47,15539.0,0.615,0.02,161.68,0.029,13716.580059255522,1.7355537414550781,0.25977944792934615,0.7,852.72,0.403,0.01,85.44,0.149,0.41,1566.2,0.399,0.01,15.04,0.017
11,0,12500,12500.0,146192.95012441,11.461722373962402,0.4128532462279616,0.49,2591.4,0.592,0.25,2922.15,0.069,1.45,16285.2,0.627,0.03,195.52,0.032,14360.439052429683,2.2136402130126953,0.26087873417793445,0.62,1101.1,0.413,0.01,92.56,0.156,0.42,1574.4,0.395,0.02,16.92,0.017
11,0,13000,13000.0,132800.59128557108,9.958545684814453,0.3915331890598637,0.46,2429.0,0.576,0.24,2798.18,0.067,1.66,15276.6,0.613,0.04,204.92000000000002,0.033,15591.346068548955,3.277791738510132,0.27174378765154916,0.67,1161.16,0.418,0.01,114.58000000000001,0.091,0.22,1139.8,0.336,0.02,16.92,0.017
11,0,13500,13500.0,120763.71936717082,8.131068229675293,0.37282553350583414,0.51,2535.84,0.481,0.08,1397.12,0.12,1.63,13948.200000000003,0.593,0.06,184.24,0.032,17695.25224928657,4.208274841308594,0.29545832906958985,0.84,1244.1,0.426,0.01,87.62,0.08,0.16,861.0,0.293,0.01,11.28,0.016
11,0,14000,14000.0,109854.5215761376,6.306349277496338,0.3529611375713385,0.6,3625.0,0.494,0.1,1426.72,0.12,1.2,11816.2,0.553,0.06,176.72,0.031,19757.59987721831,5.079351425170898,0.31578081422691495,0.86,1241.24,0.426,0.0,9.4,0.015,0.37,1262.8,0.339,0.0,9.4,0.015
11,0,14500,14500.0,102347.8534333953,6.017310619354248,0.3407130500371717,0.6,3616.3,0.494,0.39,2727.34,0.066,0.77,9979.4,0.512,0.05,120.32,0.025,20857.876759381907,5.6283674240112305,0.3268034445498162,0.71,1164.93,0.484,0.01,80.88,0.071,0.65,1804.0000000000002,0.389,0.01,15.04,0.016
11,0,15000,15000.0,97616.47252898496,6.611549377441406,0.33148793101048546,0.54,3364.0,0.472,0.04,107.15999999999998,0.023,0.56,8642.8,0.476,0.04,107.15999999999998,0.023,20447.41558691603,5.418170928955078,0.32566371753941836,0.96,1498.65,0.509,0.03,123.97000000000001,0.029,0.86,2337.0,0.421,0.01,15.04,0.017
11,0,15500,15500.0,95090.9525592186,7.287008285522461,0.32789009055476953,0.56,3349.5,0.471,0.01,73.32,0.018,0.48,7929.4,0.465,0.01,73.32,0.018,19443.746223922062,4.861654758453369,0.31959079093625264,1.12,1538.8200000000002,0.513,0.01,34.21,0.056,1.17,3025.8,0.453,0.01,18.8,0.017
11,0,16000,16000.0,93817.85438538414,8.40131950378418,0.3280184144308907,0.58,3271.2,0.468,0.01,69.56,0.017,0.43,7543.999999999999,0.458,0.01,69.56,0.017,17472.4374155252,4.001686096191406,0.299531840629186,1.29,1588.26,0.519,0.08,194.81,0.037,1.35,3148.8,0.46,0.01,20.68,0.017
11,0,16500,16500.0,92696.60905113598,9.033270835876465,0.32891170747356907,0.58,3274.0999999999995,0.469,0.01,65.8,0.017,0.38,7175.0,0.451,0.01,65.8,0.017,15427.226119411353,3.121661424636841,0.27789639688274864,1.1,1375.05,0.505,0.03,195.36,0.079,1.53,3239.0,0.468,0.02,18.8,0.017
11,0,17000,17000.0,92095.29748514967,9.433575630187988,0.3328235204072897,0.55,3016.0,0.465,0.01,65.8,0.017,0.46,7281.600000000001,0.451,0.01,65.8,0.017,13491.88048860633,2.1746816635131836,0.25286797309581294,0.9,1183.47,0.503,0.11,283.36,0.044,1.29,2796.2,0.454,0.02,18.8,0.017
11,0,17500,17500.0,91578.86750521549,9.631357192993164,0.33752443370270757,0.57,3004.4,0.465,0.01,67.68,0.017,0.61,7429.2,0.452,0.01,67.68,0.017,12323.679328243088,1.3092920780181885,0.23882169485896995,0.56,951.72,0.469,0.02,25.130000000000003,0.029,1.01,2386.2,0.448,0.02,15.04,0.017
11,0,18000,18000.0,89031.95525458061,9.007628440856934,0.3353996590161385,0.33,1847.8799999999997,0.474,0.01,69.56,0.017,0.75,7667.0,0.455,0.01,69.56,0.017,11948.632621475917,1.214144229888916,0.23269438373233117,0.28,723.06,0.431,0.02,25.130000000000003,0.029,0.66,1902.3999999999999,0.406,0.02,13.160000000000002,0.017
11,0,18500,18500.0,86292.75281614879,7.815816879272461,0.3326365812220827,0.41,2134.62,0.475,0.01,77.08,0.019,0.85,7904.800000000001,0.459,0.01,77.08,0.019,12029.289629313616,1.4304425716400146,0.23483971449228977,0.21,359.6,0.357,0.01,21.54,0.025,0.36,1377.6,0.349,0.01,9.4,0.015
11,0,19000,19000.0,82325.21218195977,6.704647064208984,0.32648734650507705,0.73,4263.6,0.467,0.01,80.84,0.019,0.85,7863.8,0.463,0.01,80.84,0.019,12527.545526344757,1.5612528324127197,0.2415256914115149,0.12,262.74,0.361,0.01,21.54,0.025,0.19,1205.4,0.312,0.01,9.4,0.015
11,0,19500,19500.0,78462.1395109558,6.711625099182129,0.3200308405944745,1.32,9169.23,0.447,0.01,84.6,0.021,0.84,7798.2,0.47,0.01,84.6,0.021,12589.844716736581,1.6012272834777832,0.24386194447437096,0.15,293.46,0.365,0.07,230.23,0.042,0.14,1049.6,0.289,0.01,11.28,0.015
11,0,20000,20000.0,74699.67913580757,6.695454120635986,0.31405320149749355,0.16,1171.8,0.432,0.02,86.48,0.021,0.73,7412.799999999999,0.469,0.02,86.48,0.021,12544.324173346107,1.5603526830673218,0.23993361057025933,0.14,289.44,0.364,0.07,283.36,0.045,0.17,1197.2,0.312,0.01,11.28,0.015
12,0,-20000,20000.0,782522.500655162,27.256074905395508,0.6341082903822183,1.61,32928.68,0.638,0.07,945.64,0.05,2.3,62065.8,0.788,0.07,945.64,0.05,1373319.014822412,56.57920455932617,0.7085339471284617,5.91,77529.19,0.788,0.15,2218.4,0.08,7.09,109740.60000000002,0.902,0.15,2218.4,0.08
12,0,-19500,19500.0,777822.2605552478,26.99580192565918,0.6349845807338004,1.61,32819.83,0.637,0.07,881.7200000000001,0.05,2.08,59753.40000000001,0.783,0.07,881.7200000000001,0.05,1370807.1995165655,54.31552505493164,0.7167411042434735,5.32,76216.77,0.788,0.17,2440.24,0.086,6.23,110085.0,0.901,0.17,2440.24,0.086
12,0,-19000,19000.0,774737.4798684141,26.51006317138672,0.6345215113550204,1.59,32682.99,0.637,0.07,864.7999999999998,0.049,2.16,58925.2,0.78,0.07,864.7999999999998,0.049,1356220.4664367074,49.91428756713867,0.7227439556598909,4.36,74245.03,0.787,0.18,2500.4,0.088,5.26,108961.6,0.9,0.18,2500.4,0.088
12,0,-18500,18500.0,772623.7722074798,25.91781997680664,0.6350718083274944,1.56,32623.9,0.638,0.06,849.7599999999999,0.049,2.22,58506.99999999999,0.779,0.06,849.7599999999999,0.049,1334921.6434146701,47.73374557495117,0.7272536760802654,3.58,38549.7,0.904,0.16,2319.92,0.082,4.65,107256.00000000001,0.899,0.16,2319.92,0.082
12,0,-18000,18000.0,770470.6946454656,25.106555938720703,0.6346780198709511,1.51,32571.03,0.64,0.06,846.0,0.049,2.22,59581.2,0.781,0.06,846.0,0.049,1298394.8850060964,43.4930305480957,0.7268949828623374,2.44,26919.93,0.902,0.16,2267.28,0.08,4.19,103910.4,0.897,0.16,2267.28,0.08
12,0,-17500,17500.0,768480.61380743,25.062501907348633,0.6342493022627801,1.53,32595.91,0.641,0.05,864.7999999999998,0.049,2.21,60991.59999999999,0.784,0.05,864.7999999999998,0.049,1262059.3710715934,39.464332580566406,0.7276144058618004,2.37,25920.96,0.902,0.15,1752.16,0.065,3.83,100482.8,0.896,0.15,1752.16,0.065
12,0,-17000,17000.0,766472.4656820704,25.10936164855957,0.6332450999551521,1.53,33043.75,0.645,0.05,870.44,0.049,2.13,60934.2,0.784,0.05,870.44,0.049,1217467.9533413753,36.81857681274414,0.7233134505289934,2.27,25524.99,0.902,0.15,1620.5599999999997,0.061,3.49,97448.8,0.895,0.15,1620.5599999999997,0.061
12,0,-16500,16500.0,764951.4127279113,24.877429962158203,0.6321321650229683,1.5,33553.79,0.648,0.05,855.4,0.049,2.18,61024.4,0.785,0.05,855.4,0.049,1176307.102679762,36.7415771484375,0.7201027138389485,2.01,24636.57,0.901,0.14,1466.4,0.057,3.5,94849.4,0.894,0.14,1466.4,0.057
12,0,-16000,16000.0,765888.5894580908,26.38527488708496,0.6305172022828196,1.73,34763.58,0.655,0.05,851.64,0.049,2.37,60196.2,0.784,0.05,851.64,0.049,1135105.8650029069,36.63010025024414,0.7144115730035063,1.87,24172.26,0.898,0.13,1447.6,0.057,3.43,91897.4,0.892,0.13,1447.6,0.057
12,0,-15500,15500.0,768024.1994277762,28.810802459716797,0.6289301438482994,1.98,35789.88,0.659,0.06,836.6,0.049,2.54,59212.19999999999,0.784,0.06,836.6,0.049,1099155.547718503,35.98455810546875,0.7106143984938661,1.57,23034.6,0.893,0.12,1383.68,0.057,3.32,88937.2,0.89,0.12,1383.68,0.057
12,0,-15000,15000.0,772021.8340198823,31.084270477294922,0.6260568389882069,2.33,37152.06,0.665,0.06,834.7200000000001,0.049,2.58,59056.4,0.784,0.06,834.7200000000001,0.049,1061900.751410747,35.486759185791016,0.7041773294322303,1.45,22361.25,0.887,0.11,1368.64,0.057,3.14,84911.0,0.883,0.11,1368.64,0.057
12,0,-14500,14500.0,778398.1906221494,32.492549896240234,0.6238198124087144,2.58,37976.21,0.668,0.07,834.7200000000001,0.049,2.54,58999.0,0.786,0.07,834.7200000000001,0.049,1027513.4571432881,34.82236099243164,0.6988122586583562,2.18,51554.47,0.731,0.1,1278.4,0.057,2.95,80925.8,0.876,0.1,1278.4,0.057
12,0,-14000,14000.0,788898.6556086186,34.61582565307617,0.6231257622103442,2.81,38545.34,0.67,0.07,834.7200000000001,0.049,2.55,59130.2,0.786,0.07,834.7200000000001,0.049,996249.0139568353,33.90332794189453,0.6916069466267334,2.12,49520.53,0.726,0.09,1252.08,0.056,2.79,77440.8,0.864,0.09,1252.08,0.056
12,0,-13500,13500.0,801908.6848650611,36.583499908447266,0.6235401321641878,2.88,38700.84,0.67,0.07,842.2400000000001,0.049,2.86,59261.4,0.786,0.07,842.2400000000001,0.049,974877.6480942708,33.30012512207031,0.6887298115414935,1.95,26926.5,0.848,0.09,1158.08,0.055,2.63,75071.0,0.856,0.09,1158.08,0.055
12,0,-13000,13000.0,817701.898092386,37.609901428222656,0.6258463247862547,2.8,38486.25,0.668,0.07,844.12,0.049,3.14,60065.0,0.788,0.07,844.12,0.049,958324.9441108537,33.379234313964844,0.6852152206471446,2.1,25815.8,0.844,0.08,1131.76,0.055,2.75,74160.8,0.852,0.08,1131.76,0.055
12,0,-12500,12500.0,831246.0800674281,36.95562744140625,0.6265460997632013,2.85,38458.26,0.666,0.08,864.7999999999998,0.049,3.37,60934.2,0.791,0.08,864.7999999999998,0.049,948273.029508881,33.34132385253906,0.684113681438124,2.56,25482.6,0.847,0.09,1103.56,0.054,2.98,73775.4,0.85,0.09,1103.56,0.054
12,0,-12000,12000.0,844052.2538487042,34.4532585144043,0.6287837444393463,2.65,38150.37,0.665,0.08,870.44,0.049,3.42,62582.399999999994,0.794,0.08,870.44,0.049,939262.5642935728,32.09800338745117,0.6832306092917749,2.68,25648.480000000003,0.849,0.09,1097.92,0.054,3.11,72020.6,0.846,0.09,1097.92,0.054
12,0,-11500,11500.0,854300.0953843653,34.443092346191406,0.630466892383043,2.36,38134.82,0.665,0.08,904.2799999999999,0.05,3.55,64525.8,0.799,0.08,904.2799999999999,0.05,931698.913393355,32.1439323425293,0.6836539394349581,2.17,22550.12,0.846,0.1,1054.68,0.054,3.14,70290.4,0.843,0.1,1054.68,0.054
12,0,-11000,11000.0,860949.6243726402,36.77408981323242,0.63359466576143,2.56,38156.59,0.666,0.08,913.6800000000001,0.05,4.04,66690.6,0.803,0.08,913.6800000000001,0.05,925961.8478689694,32.20150375366211,0.6841190129882265,2.33,24661.38,0.845,0.1,1041.52,0.054,2.93,69823.0,0.843,0.1,1041.52,0.054
12,0,-10500,10500.0,865302.8550146794,38.59343719482422,0.6369594873433104,2.68,38225.01,0.667,0.07,953.16,0.05,4.45,69068.6,0.807,0.07,953.16,0.05,920661.2823390814,33.372188568115234,0.6851442728706684,2.25,19353.6,0.851,0.09,1026.48,0.054,2.75,70019.8,0.845,0.09,1026.48,0.054
12,0,-10000,10000.0,865779.4541138904,40.5948371887207,0.6410067808386939,2.72,38380.51,0.669,0.07,966.3199999999999,0.05,4.71,70766.0,0.81,0.07,966.3199999999999,0.05,911041.4084720572,34.96146774291992,0.6824254051827437,3.28,28258.05,0.865,0.08,1024.6,0.054,3.91,71684.4,0.848,0.08,1024.6,0.054
12,0,-9500,9500.0,863344.1509622709,40.527320861816406,0.6440778532280143,2.6,38315.2,0.669,0.08,1002.04,0.051,4.84,72332.2,0.814,0.08,1002.04,0.051,897952.4384184281,36.509944915771484,0.6774714232571071,2.5,27813.09,0.864,0.12,1056.56,0.054,5.24,73595.0,0.853,0.12,1056.56,0.054
12,0,-9000,9000.0,857461.3590839813,39.54283142089844,0.6466116585046174,2.35,38405.39,0.669,0.08,1015.2000000000002,0.051,4.75,72578.2,0.815,0.08,1015.2000000000002,0.051,883730.189098974,38.21052551269531,0.6742220426028268,2.17,22442.42,0.832,0.13,1067.84,0.054,3.85,72586.4,0.853,0.13,1067.84,0.054
12,0,-8500,8500.0,846453.7144714373,37.49311447143555,0.6460766866498976,2.11,38277.88,0.668,0.08,1032.12,0.051,4.54,72110.8,0.816,0.08,1032.12,0.051,868783.8943391083,39.962493896484375,0.6713451886231292,2.02,21226.78,0.842,0.09,1037.76,0.054,4.01,71504.0,0.854,0.09,1037.76,0.054
12,0,-8000,8000.0,830908.3719462353,35.56842803955078,0.6434797354789511,2.15,38203.24,0.667,0.08,1035.88,0.051,4.12,70085.4,0.814,0.08,1035.88,0.051,853702.3711301319,41.855770111083984,0.6691268577512675,2.61,21880.8,0.837,0.08,1030.24,0.054,4.23,70233.0,0.852,0.08,1030.24,0.054
12,0,-7500,7500.0,813114.2575348453,35.070823669433594,0.6396831973734366,2.21,37997.98,0.666,0.07,1000.16,0.051,3.69,67600.8,0.812,0.07,1000.16,0.051,838593.9313209059,43.22658920288086,0.6684617518978386,2.68,20652.74,0.84,0.07,1007.6800000000001,0.054,4.45,68847.2,0.85,0.07,1007.6800000000001,0.054
12,0,-7000,7000.0,793640.6246190264,31.691694259643555,0.6350814877587703,2.11,37236.03,0.662,0.07,990.7599999999999,0.051,3.83,65403.200000000004,0.807,0.07,990.7599999999999,0.051,823865.2919623484,44.86691665649414,0.6680924770448247,3.34,23835.1,0.845,0.08,1000.16,0.054,4.51,68019.0,0.848,0.08,1000.16,0.054
12,0,-6500,6500.0,774929.7546027809,30.749027252197266,0.6317568410731622,1.92,36362.12,0.658,0.07,940.0,0.05,3.73,63459.8,0.804,0.07,940.0,0.05,807074.7010173578,45.58118438720703,0.6663501778592581,3.38,23791.6,0.846,0.11,992.64,0.054,4.67,66911.99999999999,0.845,0.11,992.64,0.054
12,0,-6000,6000.0,755595.0769757411,31.717205047607422,0.6288216775222238,1.98,34433.92,0.648,0.07,926.84,0.05,3.24,62115.0,0.8,0.07,926.84,0.05,794997.4882358819,45.76171875,0.6653595672090751,3.35,22846.2,0.842,0.11,992.64,0.054,5.17,65239.2,0.841,0.11,992.64,0.054
12,0,-5500,5500.0,736418.3692292755,33.33397674560547,0.6268797990782848,1.91,32854.04,0.639,0.07,887.36,0.05,3.1,61106.4,0.798,0.07,887.36,0.05,782850.6082649861,42.83109664916992,0.6618725110094927,2.35,16037.790000000003,0.844,0.14,966.3199999999999,0.054,5.46,63295.8,0.838,0.14,966.3199999999999,0.054
12,0,-5000,5000.0,713606.2220578933,34.434871673583984,0.6226951481287035,1.9,22445.76,0.8,0.07,877.96,0.049,3.51,60081.4,0.794,0.07,877.96,0.049,774102.3756162422,38.234619140625,0.6563399050360554,2.32,15780.510000000002,0.841,0.14,958.7999999999998,0.054,5.16,60188.00000000001,0.831,0.14,958.7999999999998,0.054
12,0,-4500,4500.0,690744.0188257957,34.487937927246094,0.6187885050897848,1.74,21837.03,0.794,0.06,853.52,0.049,4.11,59130.2,0.791,0.06,853.52,0.049,774875.7788110076,34.03270721435547,0.6556946380109616,2.12,15077.010000000002,0.836,0.14,894.88,0.053,4.41,56858.8,0.824,0.14,894.88,0.053
12,0,-4000,4000.0,665783.9157954976,32.627708435058594,0.6127356693348603,1.57,21188.129999999997,0.788,0.07,846.0,0.049,4.05,57457.399999999994,0.784,0.07,846.0,0.049,780267.814842661,33.900794982910156,0.6564641278648042,3.0,23255.1,0.844,0.14,877.96,0.053,3.13,54456.2,0.817,0.14,877.96,0.053
12,0,-3500,3500.0,639322.1677250419,28.21770668029785,0.6045211971721602,3.73,55792.80000000001,0.778,0.06,806.52,0.048,3.73,55792.80000000001,0.778,0.06,806.52,0.048,790837.366239421,34.587825775146484,0.6613798740717468,3.07,23316.0,0.844,0.11,815.92,0.052,2.83,52775.2,0.812,0.11,815.92,0.052
12,0,-3000,3000.0,613659.1366873579,23.87944221496582,0.5948114097711599,1.51,19337.22,0.77,0.06,797.12,0.048,2.99,53431.2,0.769,0.06,797.12,0.048,799696.0205308213,36.390174865722656,0.6678753409671941,1.61,13876.5,0.842,0.1,800.88,0.052,3.33,53956.0,0.814,0.1,800.88,0.052
12,0,-2500,2500.0,592624.0033267618,24.964027404785156,0.5880582092950469,1.28,13883.64,0.723,0.05,746.36,0.047,2.5,51127.0,0.761,0.05,746.36,0.047,804947.3522814324,37.81338882446289,0.6746685054804582,2.03,16100.099999999999,0.845,0.09,821.56,0.052,3.94,55924.0,0.819,0.09,821.56,0.052
12,0,-2000,2000.0,574446.7137399924,26.89805030822754,0.5811442982570411,1.56,17557.38,0.75,0.05,733.2,0.047,2.39,48872.0,0.751,0.05,733.2,0.047,799313.8875126251,39.47057342529297,0.6801872363467721,3.76,32566.559999999998,0.841,0.09,827.2000000000002,0.052,4.73,59819.0,0.829,0.09,827.2000000000002,0.052
12,0,-1500,1500.0,559391.1156835434,27.416940689086914,0.5765018847632313,1.18,11668.32,0.726,0.06,688.08,0.046,2.8,46649.8,0.741,0.06,688.08,0.046,782903.6914818337,38.991943359375,0.6792508800108349,1.25,11314.799999999997,0.845,0.11,915.56,0.053,5.42,63722.19999999999,0.838,0.11,915.56,0.053
12,0,-1000,1000.0,546909.3884016054,29.394847869873047,0.5725981516209936,0.74,7624.4,0.725,0.06,674.92,0.046,3.03,44968.8,0.732,0.06,674.92,0.046,754234.0526624613,34.96699142456055,0.6728520012456507,1.18,11109.0,0.842,0.11,940.0,0.053,5.47,64648.8,0.84,0.11,940.0,0.053
12,0,-500,500.0,536773.9131951239,30.958229064941406,0.5709840609713623,1.02,10596.72,0.719,0.07,637.32,0.045,3.09,43509.2,0.725,0.07,637.32,0.045,725718.9291336536,29.51350212097168,0.6656966690686845,2.45,19606.9,0.82,0.11,955.04,0.054,5.29,65026.0,0.842,0.11,955.04,0.054
12,0,0,0.0,527476.0881015077,31.68120765686035,0.5687871770292383,1.82,14224.5,0.706,0.07,627.92,0.045,2.79,42566.2,0.72,0.07,627.92,0.045,696086.252977643,27.519344329833984,0.6561457423831192,2.67,17310.1,0.795,0.12,960.6800000000001,0.054,4.34,61696.799999999996,0.834,0.12,960.6800000000001,0.054
12,0,500,500.0,518764.2297813891,30.36524200439453,0.5665563743069577,1.85,14195.5,0.706,0.06,601.6,0.044,2.75,41984.0,0.717,0.06,601.6,0.044,672239.2480427232,27.184734344482422,0.6502156910899798,2.68,17144.8,0.793,0.11,881.7200000000001,0.053,3.31,57924.8,0.825,0.11,881.7200000000001,0.053
12,0,1000,1000.0,511805.04692385934,28.4021053314209,0.5637273081330727,1.83,13873.600000000002,0.703,0.06,595.96,0.044,2.82,41319.8,0.714,0.06,595.96,0.044,653328.5820859779,25.897602081298828,0.6434696524247941,2.88,16846.1,0.789,0.11,859.16,0.052,2.37,53874.0,0.81,0.11,859.16,0.052
12,0,1500,1500.0,507410.0843014283,25.856475830078125,0.5624611191942033,1.83,13853.3,0.703,0.07,577.16,0.043,2.83,40778.6,0.712,0.07,577.16,0.043,641729.1653908752,23.823392868041992,0.6415851324001837,2.89,16828.7,0.789,0.12,763.2799999999999,0.051,2.22,50389.0,0.796,0.12,763.2799999999999,0.051
12,0,2000,2000.0,504706.97960579017,22.369388580322266,0.5599660712231997,1.25,9698.25,0.706,0.07,571.52,0.043,2.58,39835.6,0.709,0.07,571.52,0.043,635741.3434465531,21.257051467895508,0.6391179100769853,1.88,11726.34,0.789,0.12,738.84,0.051,2.23,49027.8,0.788,0.12,738.84,0.051
12,0,2500,2500.0,505984.0204823185,23.34071922302246,0.5606122607353753,1.18,9503.28,0.703,0.07,550.84,0.043,2.22,38991.0,0.707,0.07,550.84,0.043,635125.6995516149,19.342939376831055,0.6417246329759206,1.94,11730.36,0.79,0.12,693.72,0.049,2.31,48699.8,0.784,0.12,693.72,0.049
12,0,3000,3000.0,509655.0150085372,24.269176483154297,0.5609806686244022,1.09,9461.07,0.701,0.07,545.2,0.043,1.83,38425.2,0.705,0.07,545.2,0.043,632532.8628561189,19.08429718017578,0.6427709271224552,1.8,11674.08,0.789,0.12,682.44,0.049,2.26,49126.2,0.787,0.12,682.44,0.049
12,0,3500,3500.0,515396.45920710906,24.782060623168945,0.5627179921958596,1.4,21474.55,0.549,0.07,530.16,0.042,1.71,38039.8,0.704,0.07,530.16,0.042,628811.0858888645,21.470136642456055,0.6431796750438441,1.34,11569.56,0.791,0.12,695.6,0.049,2.88,49560.8,0.792,0.12,695.6,0.049
12,0,4000,4000.0,524293.7118136986,25.187440872192383,0.5657816343489821,1.48,22105.88,0.555,0.06,526.4,0.042,1.78,38400.6,0.707,0.06,526.4,0.042,623221.3919865926,22.643875122070312,0.643812397732253,2.42,23345.76,0.787,0.12,701.24,0.05,2.52,49405.0,0.794,0.12,701.24,0.05
12,0,4500,4500.0,533685.1359065147,25.680604934692383,0.5688280010138912,1.51,22703.0,0.562,0.05,532.04,0.043,1.89,39007.4,0.71,0.05,532.04,0.043,617159.6879270959,22.539390563964844,0.6447534326847282,1.28,12780.72,0.794,0.06,691.84,0.05,2.27,49528.0,0.799,0.06,691.84,0.05
12,0,5000,5000.0,546276.3794291525,25.773239135742188,0.5733424666217186,1.51,24211.35,0.583,0.05,533.92,0.043,1.95,39893.0,0.713,0.05,533.92,0.043,609634.0683906964,20.565231323242188,0.6430386017642807,1.27,12681.36,0.793,0.06,691.84,0.05,2.58,49331.2,0.798,0.06,691.84,0.05
12,0,5500,5500.0,557778.4857018368,26.648204803466797,0.5762344933472303,1.48,25116.36,0.591,0.05,552.72,0.043,2.01,40786.8,0.716,0.05,552.72,0.043,602827.4053559155,17.538667678833008,0.6412973014854446,1.38,12519.36,0.792,0.08,697.48,0.05,2.72,48675.2,0.794,0.08,697.48,0.05
12,0,6000,6000.0,569881.8020477415,28.14494514465332,0.5777545068728522,1.47,26674.47,0.604,0.06,558.36,0.043,2.03,41606.8,0.719,0.06,558.36,0.043,598385.5542349523,16.631959915161133,0.6395520644930248,1.67,17959.08,0.803,0.09,699.36,0.05,2.38,48035.6,0.793,0.09,699.36,0.05
12,0,6500,6500.0,579968.9614114569,28.39618682861328,0.5760060746322228,1.97,16562.26,0.739,0.07,582.8,0.044,2.02,42295.6,0.722,0.07,582.8,0.044,596310.9910132715,17.587215423583984,0.6388705370169017,1.21,11622.96,0.783,0.09,688.08,0.05,2.55,47223.8,0.792,0.09,688.08,0.05
12,0,7000,7000.0,591221.1171004127,29.50606918334961,0.5741148133387316,2.06,16791.06,0.741,0.07,590.32,0.044,2.06,42787.6,0.724,0.07,590.32,0.044,595984.7448424755,19.395532608032227,0.6383242370718359,1.25,11631.6,0.784,0.09,686.2,0.05,1.7,45657.6,0.789,0.09,686.2,0.05
12,0,7500,7500.0,602967.7466650361,31.8870849609375,0.5721231366248848,2.68,30991.15,0.631,0.07,605.36,0.044,2.12,43296.0,0.727,0.07,605.36,0.044,598745.2989617581,19.194095611572266,0.6400034478762325,1.35,11575.44,0.787,0.08,644.84,0.049,1.79,44378.4,0.787,0.08,644.84,0.049
12,0,8000,8000.0,615661.3094202519,35.2518310546875,0.5722255449135227,3.35,32154.29,0.637,0.07,611.0,0.045,2.25,44066.8,0.733,0.07,611.0,0.045,603339.2265109465,20.135047912597656,0.6411289588708351,1.31,11759.04,0.789,0.09,633.56,0.049,1.95,44337.4,0.789,0.09,633.56,0.049
12,0,8500,8500.0,625881.161077225,38.1116828918457,0.571328550862604,3.75,32698.54,0.64,0.07,631.68,0.045,2.92,44919.6,0.739,0.07,631.68,0.045,609505.1359743075,22.53707504272461,0.6428762168165962,1.56,14762.48,0.793,0.09,626.04,0.049,2.07,44796.6,0.794,0.09,626.04,0.049
12,0,9000,9000.0,635895.8107215316,41.98226547241211,0.5749298787220791,4.08,32561.7,0.638,0.07,637.32,0.045,3.97,46822.0,0.746,0.07,637.32,0.045,616797.3402997751,25.391876220703125,0.644032162440728,1.67,14648.18,0.789,0.09,626.04,0.049,2.39,46231.6,0.798,0.09,626.04,0.049
12,0,9500,9500.0,641385.9070536155,44.259193420410156,0.577427885321946,3.95,32163.62,0.635,0.1,680.56,0.046,5.0,48839.2,0.753,0.1,680.56,0.046,623991.5581716602,26.75768280029297,0.6437994409056303,1.59,12765.6,0.801,0.08,663.64,0.05,2.96,47683.0,0.803,0.08,663.64,0.05
12,0,10000,10000.0,644214.158880827,47.16496658325195,0.5850461838338696,3.51,31299.04,0.63,0.11,693.72,0.046,5.86,51217.2,0.761,0.11,693.72,0.046,632254.2482197054,26.535125732421875,0.6431648878512939,1.54,12752.64,0.799,0.08,674.92,0.05,3.45,48396.4,0.803,0.08,674.92,0.05
12,0,10500,10500.0,639193.8510401621,47.84054183959961,0.58849499991511,2.14,13635.84,0.773,0.13,744.48,0.047,6.46,53586.99999999999,0.769,0.13,744.48,0.047,640979.3690515544,27.892698287963867,0.6425050325372325,1.07,8090.6,0.791,0.11,695.6,0.051,3.78,48863.8,0.802,0.11,695.6,0.051
12,0,11000,11000.0,626287.6511613174,45.89154052734375,0.590388372963695,4.23,27515.52,0.769,0.13,759.52,0.048,6.21,54456.2,0.772,0.13,759.52,0.048,651819.1936129596,28.878910064697266,0.6425156420285122,2.2,19645.34,0.81,0.12,699.36,0.051,3.6,48806.4,0.8,0.12,699.36,0.051
12,0,11500,11500.0,607514.1194460879,42.79882049560547,0.5879898391798181,8.34,61676.31,0.758,0.12,785.84,0.048,5.72,54800.6,0.773,0.12,785.84,0.048,666082.3461322896,29.95298194885254,0.6454526443358888,1.57,15692.12,0.8,0.13,695.6,0.05,3.18,48822.8,0.798,0.13,695.6,0.05
12,0,12000,12000.0,581222.1944924075,36.802555084228516,0.5796892323010687,1.05,8841.0,0.761,0.12,791.48,0.048,4.59,52808.00000000001,0.766,0.12,791.48,0.048,683793.1179795547,32.24996566772461,0.6514099108264041,1.94,16883.38,0.814,0.13,693.72,0.05,2.8,49528.0,0.797,0.13,693.72,0.05
12,0,12500,12500.0,556795.891564337,33.86763381958008,0.5727456543460984,1.36,12039.9,0.749,0.11,753.88,0.048,3.87,50315.2,0.758,0.11,753.88,0.048,698789.5526669397,33.83137130737305,0.6566175223475909,2.15,17592.04,0.822,0.09,699.36,0.05,3.15,50790.8,0.8,0.09,699.36,0.05
12,0,13000,13000.0,532626.0610029525,34.346153259277344,0.5639195212475314,2.44,24406.56,0.745,0.12,742.6,0.047,3.44,47027.0,0.745,0.12,742.6,0.047,707524.9799182359,32.4871826171875,0.6602348179452167,2.7,21546.57,0.83,0.08,701.24,0.05,3.78,52693.200000000004,0.806,0.08,701.24,0.05
12,0,13500,13500.0,512759.2546401341,34.124759674072266,0.5587356002948768,1.36,10674.72,0.714,0.1,665.52,0.046,3.46,43935.6,0.731,0.1,665.52,0.046,710455.4145729081,30.739870071411133,0.6614255574580029,2.06,15251.76,0.829,0.09,738.84,0.05,4.4,54866.2,0.815,0.09,738.84,0.05
12,0,14000,14000.0,495169.8392409993,32.921974182128906,0.5534806018154279,2.0,21250.63,0.556,0.09,642.96,0.045,3.41,41631.4,0.72,0.09,642.96,0.045,709051.549604294,31.63766860961914,0.6622179249812103,1.24,9797.2,0.826,0.1,753.88,0.051,4.33,57031.0,0.823,0.1,753.88,0.051
12,0,14500,14500.0,482151.202277075,32.59544372558594,0.5526967717486376,2.07,20892.980000000003,0.553,0.08,586.56,0.044,3.26,39901.2,0.711,0.08,586.56,0.044,701357.7682855929,32.033206939697266,0.6585374652927677,1.43,14074.02,0.828,0.13,815.92,0.052,3.87,58539.8,0.83,0.13,815.92,0.052
12,0,15000,15000.0,469163.9393198819,33.39240264892578,0.5501212631993813,1.3,9748.5,0.709,0.08,569.64,0.044,3.2,38909.0,0.706,0.08,569.64,0.044,691040.0092971016,31.802392959594727,0.6534753974385167,2.07,34692.05,0.676,0.13,832.84,0.052,3.05,58031.4,0.83,0.13,832.84,0.052
12,0,15500,15500.0,454976.58140837686,31.9144344329834,0.5458310869182563,1.27,9563.58,0.706,0.09,545.2,0.043,3.28,38195.6,0.705,0.09,545.2,0.043,680901.8773788424,30.979219436645508,0.648570815048024,2.12,34362.39,0.673,0.12,846.0,0.053,3.42,56424.2,0.828,0.12,846.0,0.053
12,0,16000,16000.0,440462.61442362564,29.10214614868164,0.5400051381055635,1.19,9438.96,0.703,0.09,539.56,0.043,3.33,37392.0,0.701,0.09,539.56,0.043,671430.9419104308,29.531078338623047,0.6451564671799838,2.0,33989.19,0.671,0.11,846.0,0.053,3.05,53226.2,0.818,0.11,846.0,0.053
12,0,16500,16500.0,426857.0306661341,25.7629451751709,0.5347269359315346,1.03,9099.27,0.697,0.08,524.52,0.042,3.16,36399.8,0.697,0.08,524.52,0.042,661945.9113570804,27.582050323486328,0.6419203658628974,1.85,33951.87,0.67,0.09,778.3199999999999,0.051,2.45,49700.2,0.806,0.09,778.3199999999999,0.051
12,0,17000,17000.0,412674.44363296824,21.674726486206055,0.5264390288531531,2.03,18421.2,0.693,0.08,520.76,0.042,2.71,34874.6,0.688,0.08,520.76,0.042,656030.026840748,24.97823143005371,0.6416488959414429,1.5,32850.93,0.661,0.08,759.52,0.051,2.46,47420.6,0.794,0.08,759.52,0.051
12,0,17500,17500.0,401081.94325321965,18.107866287231445,0.5200790577139868,0.87,8363.61,0.679,0.06,488.8,0.041,2.36,33316.600000000006,0.678,0.06,488.8,0.041,653730.3912084291,23.17886734008789,0.6449739023022659,1.13,12873.6,0.79,0.06,703.12,0.05,2.42,46067.6,0.787,0.06,703.12,0.05
12,0,18000,18000.0,391387.74953088467,17.974475860595703,0.5123198224401492,1.69,16936.08,0.675,0.06,479.3999999999999,0.041,1.93,31824.200000000004,0.668,0.06,479.3999999999999,0.041,648277.2709071658,20.62482261657715,0.644320921353238,1.08,12929.76,0.791,0.06,688.08,0.05,2.19,46707.2,0.787,0.06,688.08,0.05
12,0,18500,18500.0,385116.40889469313,17.832866668701172,0.507396961295837,2.93,37225.03,0.659,0.05,443.68,0.04,1.48,30495.799999999996,0.658,0.05,443.68,0.04,642674.7814679471,17.83537483215332,0.6435038954921037,0.98,13028.819999999998,0.8,0.07,703.12,0.05,1.94,47724.0,0.789,0.07,703.12,0.05
12,0,19000,19000.0,381677.7764525013,17.733280181884766,0.5030803795692215,0.92,15705.5,0.483,0.05,434.28,0.04,1.43,29495.4,0.65,0.05,434.28,0.04,635576.3874584764,19.457408905029297,0.6430851008325912,1.76,26434.320000000003,0.797,0.08,706.88,0.05,1.87,48298.0,0.79,0.08,706.88,0.05
12,0,19500,19500.0,380800.8764172556,17.718713760375977,0.5012556787263079,0.94,15795.69,0.481,0.03,407.96,0.039,1.44,28773.800000000003,0.644,0.03,407.96,0.039,628560.9359897034,21.332569122314453,0.6427767511600492,0.76,12198.69,0.792,0.08,718.16,0.05,1.92,48732.6,0.792,0.08,718.16,0.05
12,0,20000,20000.0,381074.73572895344,18.393898010253906,0.4998153704692107,0.96,15780.14,0.479,0.03,400.44,0.038,1.45,28486.8,0.639,0.03,400.44,0.038,620794.539690525,22.475875854492188,0.6419387301563128,1.06,14330.68,0.785,0.07,721.92,0.05,1.72,47691.2,0.79,0.07,721.92,0.05
13,0,-20000,20000.0,12748.713014298119,2.3497836589813232,0.2561104991773074,0.29,417.6,0.38,0.08,371.91,0.051,0.45,1361.2,0.413,0.01,18.8,0.018,551.1305590472552,0.056853797286748886,0.10863284048098616,0.09,360.39,0.261,0.0,3.59,0.022,0.0,0.0,0.006,0.0,0.0,0.007
13,0,-19500,19500.0,12608.360692114002,2.054267644882202,0.25877023164703944,0.29,420.5,0.382,0.01,13.160000000000002,0.017,0.38,1082.4,0.386,0.01,13.160000000000002,0.017,689.5200609587476,0.058159586042165756,0.12108332247377857,0.03,74.36,0.225,0.0,0.0,0.015,0.0,0.0,0.01,0.0,0.0,0.004
13,0,-19000,19000.0,12805.394077610617,1.662928581237793,0.2635015178969367,0.17,273.36,0.383,0.01,11.28,0.017,0.3,984.0,0.367,0.01,11.28,0.017,858.8077412237418,0.0624469555914402,0.13248608360349323,0.13,527.4,0.302,0.0,0.0,0.015,0.0,8.2,0.027,0.0,0.0,0.004
13,0,-18500,18500.0,12862.889050175909,1.3214133977890015,0.2688324425461491,0.19,299.49,0.394,0.01,11.28,0.017,0.22,926.5999999999999,0.355,0.01,11.28,0.017,1275.9621846682394,0.15418434143066406,0.1654723585687814,0.11,180.18,0.338,0.0,0.0,0.008,0.01,16.4,0.062,0.0,0.0,0.006
13,0,-18000,18000.0,12526.146220632836,1.5031684637069702,0.2777270196713058,0.26,562.6,0.418,0.03,112.48,0.093,0.16,1000.4,0.364,0.01,11.28,0.017,1892.2255651530534,0.29686978459358215,0.20154288002972848,0.48,1125.12,0.421,0.0,0.0,0.008,0.02,32.8,0.091,0.0,0.0,0.006
13,0,-17500,17500.0,11714.20072293945,1.8095804452896118,0.2829470833533088,0.36,793.88,0.424,0.01,53.28,0.069,0.2,1090.6,0.378,0.01,11.28,0.017,2637.2919812934406,0.49595001339912415,0.23334159777893854,0.71,1485.51,0.463,0.0,0.0,0.009,0.02,57.400000000000006,0.123,0.0,0.0,0.009
13,0,-17000,17000.0,10433.403712515928,1.9431493282318115,0.28905736700389584,0.26,498.8,0.43,0.0,1.52,0.043,0.22,1115.2,0.383,0.01,11.28,0.018,3319.951024836264,0.7027782797813416,0.25051310232338,0.9,1784.3699999999997,0.483,0.0,0.0,0.009,0.02,65.6,0.115,0.0,0.0,0.01
13,0,-16500,16500.0,9112.483082943623,2.0445337295532227,0.29760975669881395,0.19,355.77,0.421,0.0,1.52,0.043,0.21,1115.2,0.39,0.01,13.160000000000002,0.017,3805.785764578045,0.8187555074691772,0.2564478114950468,0.94,1863.48,0.487,0.0,0.0,0.011,0.02,82.0,0.13,0.0,0.0,0.01
13,0,-16000,16000.0,7388.719032165371,1.7503912448883057,0.2952875522439576,0.18,331.65,0.42,0.0,6.74,0.027,0.2,992.2,0.388,0.01,13.160000000000002,0.017,3966.6350352511126,0.8382477164268494,0.2434979304273773,0.75,1582.2,0.471,0.0,0.0,0.011,0.05,155.8,0.193,0.0,1.88,0.011
13,0,-15500,15500.0,5529.48049625288,1.2602075338363647,0.2808239707495728,0.14,261.3,0.422,0.0,0.0,0.002,0.19,811.8,0.378,0.01,11.28,0.017,4145.365048153326,0.8253681659698486,0.23419919862804267,0.59,1309.71,0.451,0.0,3.59,0.016,0.11,295.2,0.28,0.0,1.88,0.013
13,0,-15000,15000.0,3634.909706746143,0.7194449305534363,0.23568998843060515,0.26,546.72,0.416,0.0,6.22,0.035,0.11,475.59999999999997,0.315,0.01,9.4,0.017,4315.6020566359075,0.7822746634483337,0.22511177341956454,0.23,327.54,0.46,0.0,3.59,0.016,0.15,401.8,0.321,0.0,1.88,0.013
13,0,-14500,14500.0,2190.6001701410446,0.30986976623535156,0.1831269271854959,0.32,975.45,0.377,0.0,5.8,0.065,0.04,180.4,0.199,0.0,5.64,0.015,4686.33880051384,0.8194298148155212,0.22419331885298782,0.21,312.09,0.45,0.0,3.59,0.021,0.21,541.2,0.357,0.0,1.88,0.014
13,0,-14000,14000.0,1229.8790809980574,0.09385599941015244,0.11095679671124174,0.06,142.8,0.31,0.0,0.0,0.02,0.01,49.2,0.081,0.0,3.76,0.015,5212.728152383352,0.9546442031860352,0.23580797762329733,0.18,288.86,0.379,0.0,3.59,0.021,0.2,533.0,0.348,0.0,3.76,0.015
13,0,-13500,13500.0,1168.4935949849205,0.06585512310266495,0.10151335221593068,0.02,22.8,0.085,0.0,4.08,0.027,0.01,24.6,0.056,0.0,1.88,0.01,5549.300962317648,1.0346357822418213,0.2441271322589118,0.19,293.55,0.438,0.0,7.18,0.026,0.18,508.4,0.336,0.0,3.76,0.015
13,0,-13000,13000.0,1567.7369652318703,0.13875262439250946,0.1072330669817978,0.05,45.6,0.094,0.0,4.08,0.027,0.01,24.6,0.07,0.0,0.0,0.007,5707.8454494014295,1.0644484758377075,0.2582095867332171,0.2,293.55,0.437,0.0,7.18,0.026,0.2,549.4,0.342,0.0,3.76,0.016
13,0,-12500,12500.0,2492.8319919168644,0.26265913248062134,0.13392510352269565,0.05,45.6,0.094,0.0,0.0,0.005,0.02,32.8,0.081,0.0,0.0,0.006,5510.7271360073355,1.0398375988006592,0.2657958874872626,0.23,339.9,0.453,0.0,3.04,0.048,0.21,565.8,0.343,0.0,5.64,0.017
13,0,-12000,12000.0,3752.8579814774275,0.47692301869392395,0.15902859173422795,0.15,313.28,0.351,0.0,0.0,0.005,0.02,49.2,0.081,0.0,0.0,0.007,4967.894580011853,0.9661856889724731,0.2705106815809051,0.28,392.43,0.469,0.0,6.74,0.02,0.27,697.0,0.369,0.0,5.64,0.017
13,0,-11500,11500.0,5163.49871634302,0.7295683026313782,0.1805596337317647,0.22,416.52,0.369,0.0,0.0,0.005,0.02,73.8,0.096,0.0,0.0,0.007,4181.36513102013,0.8242100477218628,0.2668051241209236,0.23,342.99000000000007,0.458,0.0,12.44,0.049,0.32,820.0,0.39,0.01,7.52,0.018
13,0,-11000,11000.0,6621.527417366815,1.0177409648895264,0.20252633637189552,0.23,339.3,0.38,0.0,0.0,0.006,0.02,139.4,0.13,0.0,0.0,0.008,3142.2636478841014,0.6063219308853149,0.25196163627755236,0.17,290.46,0.445,0.0,3.11,0.025,0.29,754.4,0.384,0.01,7.52,0.018
13,0,-10500,10500.0,7900.215877534629,1.3016048669815063,0.2190186550693273,0.32,555.36,0.383,0.0,7.18,0.02,0.04,254.2,0.179,0.0,1.88,0.011,2090.4332469315705,0.37678277492523193,0.22489201030542957,0.1,185.4,0.402,0.0,0.0,0.015,0.23,639.6,0.369,0.01,7.52,0.018
13,0,-10000,10000.0,8793.21479360326,1.4565823078155518,0.2337160412454675,0.25,385.7,0.381,0.0,7.18,0.02,0.07,459.20000000000005,0.241,0.0,3.76,0.012,1139.6394980076727,0.18531455099582672,0.174038321170186,0.04,51.84,0.287,0.0,6.96,0.11,0.14,401.8,0.32,0.01,7.52,0.018
13,0,-9500,9500.0,9221.59557359646,1.5541510581970215,0.23983735337160716,0.26,388.6,0.381,0.0,5.64,0.015,0.1,680.6,0.288,0.0,5.64,0.015,494.18148106433364,0.07068759202957153,0.12004503939884258,0.07,195.09,0.195,0.0,6.96,0.109,0.06,180.4,0.232,0.0,3.76,0.017
13,0,-9000,9000.0,9121.096411845974,1.4190077781677246,0.24063564788768613,0.15,245.22,0.374,0.0,7.52,0.016,0.12,852.8,0.316,0.0,7.52,0.016,155.13175182240957,0.017165586352348328,0.05295953016630973,0.01,14.36,0.031,0.0,6.03,0.09,0.02,57.400000000000006,0.139,0.0,3.76,0.016
13,0,-8500,8500.0,8705.176209416095,1.1764731407165527,0.23398905269622874,0.14,253.26,0.374,0.0,9.4,0.017,0.12,975.8,0.334,0.0,9.4,0.017,54.18629014893668,0.0026813142467290163,0.025228989082836578,0.01,17.58,0.061,0.0,3.59,0.018,0.0,8.2,0.036,0.0,1.88,0.012
13,0,-8000,8000.0,8127.017301865635,0.9401007294654846,0.22494455471345157,0.25,497.76,0.36,0.0,11.28,0.017,0.11,934.7999999999998,0.328,0.0,11.28,0.017,74.96715585293714,0.004040234722197056,0.029999333988598133,0.01,9.12,0.086,0.0,3.59,0.018,0.0,0.0,0.011,0.0,0.0,0.009
13,0,-7500,7500.0,7540.197646368688,0.8559951186180115,0.21461520297139178,0.11,265.98,0.313,0.0,9.4,0.017,0.09,844.6,0.315,0.0,9.4,0.017,172.64625050170253,0.013913888484239578,0.054694489756202,0.01,9.12,0.086,0.0,0.0,0.003,0.0,0.0,0.002,0.0,0.0,0.003
13,0,-7000,7000.0,7132.418774863254,0.8047329187393188,0.2051026408207249,0.09,218.44,0.305,0.0,9.4,0.017,0.09,713.4,0.291,0.0,9.4,0.017,362.64251082811825,0.03896038234233856,0.07852165059272963,0.02,21.280000000000005,0.096,0.0,0.0,0.003,0.0,0.0,0.002,0.0,0.0,0.001
13,0,-6500,6500.0,7014.635588115198,0.7555636763572693,0.20270319170012793,0.11,194.4,0.333,0.0,7.52,0.016,0.1,590.4,0.267,0.0,7.52,0.016,685.8519596538492,0.08992806077003479,0.10759420816156574,0.02,21.280000000000005,0.096,0.0,0.0,0.002,0.0,0.0,0.003,0.0,0.0,0.001
13,0,-6000,6000.0,7189.143860618788,0.6623649001121521,0.20135321636239364,0.08,63.84,0.099,0.0,7.52,0.016,0.13,590.4,0.265,0.0,7.52,0.016,1233.5050113255193,0.19177542626857758,0.13667041359615503,0.03,38.0,0.1,0.0,0.0,0.002,0.0,0.0,0.018,0.0,0.0,0.001
13,0,-5500,5500.0,7690.4733708448475,0.7973861694335938,0.20750948568367347,0.13,231.12,0.359,0.01,25.130000000000003,0.029,0.18,647.8,0.28,0.01,7.52,0.016,2005.6152663276407,0.3458365499973297,0.1663661853741044,0.06,145.86,0.351,0.0,0.0,0.005,0.0,8.2,0.047,0.0,0.0,0.005
13,0,-5000,5000.0,8340.362243482377,1.1480399370193481,0.2183699239462168,0.23,345.1,0.368,0.01,25.130000000000003,0.029,0.2,713.4,0.297,0.01,7.52,0.016,3157.309908268053,0.6181572079658508,0.19082870294036128,0.12,284.8,0.382,0.0,0.0,0.005,0.01,32.8,0.109,0.0,0.0,0.007
13,0,-4500,4500.0,8895.652638863896,1.4996191263198853,0.2284809126031595,0.24,356.7,0.373,0.01,9.4,0.016,0.2,762.6,0.309,0.01,9.4,0.016,4765.449068616999,1.02772855758667,0.21867324900151586,0.16,323.17999999999995,0.414,0.0,3.59,0.024,0.02,65.6,0.168,0.0,0.0,0.013
13,0,-4000,4000.0,9256.741745497968,1.8509851694107056,0.24699819566139722,0.45,510.4,0.415,0.0,9.12,0.059,0.14,721.6,0.303,0.01,9.4,0.017,6993.409132331726,1.7361987829208374,0.2402808828385848,0.24,516.2,0.425,0.0,3.59,0.024,0.04,139.4,0.237,0.0,1.88,0.014
13,0,-3500,3500.0,9262.634929243211,2.2580325603485107,0.2639809789446665,0.47,522.0,0.418,0.0,9.12,0.059,0.11,672.4,0.298,0.01,9.4,0.016,9831.572701293497,2.606004476547241,0.2624356952462177,0.36,654.94,0.453,0.0,1.88,0.016,0.06,213.2,0.286,0.0,1.88,0.016
13,0,-3000,3000.0,8920.961914730333,2.2940313816070557,0.2795696864508802,0.26,292.32,0.416,0.0,6.08,0.055,0.19,746.2,0.323,0.0,9.4,0.016,13346.955247279955,4.223290920257568,0.28555728648524137,0.39,703.56,0.457,0.0,1.88,0.017,0.1,328.0,0.335,0.0,1.88,0.017
13,0,-2500,2500.0,8263.856969353947,2.092595100402832,0.28830115410763685,0.34,349.74,0.423,0.0,26.96,0.044,0.26,844.6,0.36,0.01,9.4,0.017,17174.417786825048,5.677141189575195,0.3047725799030297,0.56,946.66,0.467,0.0,3.76,0.018,0.14,451.00000000000006,0.371,0.0,3.76,0.018
13,0,-2000,2000.0,7104.257245811641,1.613114833831787,0.2724885898139685,0.29,313.56,0.415,0.0,15.55,0.046,0.29,918.4000000000001,0.383,0.01,9.4,0.017,21348.869894959025,7.509393215179443,0.33120862355577224,0.57,920.7,0.467,0.0,5.64,0.018,0.25,729.8,0.423,0.0,5.64,0.018
13,0,-1500,1500.0,5887.882121648909,1.053643822669983,0.24303381742829697,0.19,223.11000000000004,0.389,0.0,12.44,0.042,0.27,918.4000000000001,0.395,0.01,11.28,0.017,24562.53405657993,9.760436058044434,0.34352992214364875,0.63,881.38,0.474,0.01,7.52,0.018,0.39,1041.4,0.46,0.01,7.52,0.018
13,0,-1000,1000.0,5080.615138406756,0.6432614922523499,0.21018237368871992,0.31,444.7200000000001,0.375,0.0,12.44,0.039,0.16,615.0,0.351,0.01,11.28,0.018,27312.46307282187,11.072200775146484,0.35723396680113,0.68,889.0,0.474,0.01,9.4,0.019,0.65,1615.4,0.498,0.01,9.4,0.019
13,0,-500,500.0,5386.025335660997,0.9094982743263245,0.21039238161946944,0.24,500.5,0.423,0.0,21.770000000000003,0.058,0.08,328.0,0.276,0.01,7.52,0.017,29161.255934655113,11.536748886108398,0.36468266891536394,0.66,766.8,0.483,0.02,15.04,0.019,0.94,2205.8,0.52,0.02,15.04,0.019
13,0,0,0.0,6779.824606466718,1.4255508184432983,0.22575667866131574,0.26,540.54,0.428,0.0,18.2,0.166,0.03,155.8,0.189,0.01,5.64,0.016,29522.856701523953,11.323812484741211,0.36187432793051877,0.66,756.0,0.482,0.02,16.92,0.019,1.21,2779.8,0.534,0.02,16.92,0.019
13,0,500,500.0,9167.601621672657,2.282280921936035,0.2593765943159865,0.42,669.24,0.452,0.0,7.18,0.019,0.02,98.4,0.143,0.0,1.88,0.012,29106.661091781865,10.799002647399902,0.3527344286087567,0.7,749.52,0.482,0.02,24.44,0.019,1.43,3255.4,0.543,0.02,24.44,0.019
13,0,1000,1000.0,11865.870908860961,3.351442813873291,0.28878464252175434,0.51,639.9,0.453,0.0,7.18,0.019,0.06,278.8,0.265,0.0,1.88,0.009,28509.753988784913,10.176135063171387,0.34837452648215156,0.67,699.84,0.48,0.03,26.320000000000004,0.019,1.4,3230.8,0.542,0.03,26.320000000000004,0.019
13,0,1500,1500.0,14377.366958378116,4.216716766357422,0.3125320930672582,0.6,619.76,0.463,0.0,3.76,0.014,0.14,541.2,0.346,0.0,3.76,0.014,27801.583659702465,9.964590072631836,0.3413159940858604,1.21,1399.08,0.466,0.03,26.320000000000004,0.019,1.4,3091.4,0.54,0.03,26.320000000000004,0.019
13,0,2000,2000.0,16231.196786662986,4.578316688537598,0.33566194484850176,0.6,632.46,0.464,0.0,3.76,0.015,0.31,1016.8,0.427,0.0,3.76,0.015,27877.596483655296,10.538524627685547,0.3404763438851231,1.15,1107.8,0.479,0.03,26.320000000000004,0.019,1.27,2673.2,0.532,0.03,26.320000000000004,0.019
13,0,2500,2500.0,17344.497165550456,5.604135513305664,0.3496252060799064,0.62,548.64,0.476,0.01,9.4,0.018,0.52,1525.2,0.472,0.01,9.4,0.018,28553.335118624556,10.832893371582031,0.34222938634041405,1.18,1119.4,0.48,0.03,22.56,0.019,1.11,2238.6,0.52,0.03,22.56,0.019
13,0,3000,3000.0,17447.437719996014,5.4922590255737305,0.3624061567828809,0.59,524.88,0.474,0.01,11.28,0.018,0.8,1976.2000000000003,0.501,0.01,11.28,0.018,30166.53787723753,11.00625991821289,0.34721702973270896,1.06,1032.4,0.472,0.02,20.68,0.019,1.04,2115.6,0.515,0.02,20.68,0.019
13,0,3500,3500.0,16655.850416448833,4.960317134857178,0.36408347685404346,0.38,358.4,0.472,0.06,177.1,0.052,1.07,2296.0,0.521,0.02,16.92,0.019,32135.07980701787,11.310508728027344,0.3521036049543681,1.4,1421.42,0.482,0.02,20.68,0.019,0.96,1984.4,0.509,0.02,20.68,0.019
13,0,4000,4000.0,14898.884955841879,4.017834186553955,0.3610249124912068,0.34,331.8,0.469,0.04,141.68,0.049,1.0,2164.8,0.519,0.03,18.8,0.019,34354.5754124617,12.712894439697266,0.363557381261361,1.48,1475.76,0.483,0.02,20.68,0.019,0.94,2058.2,0.509,0.02,20.68,0.019
13,0,4500,4500.0,12650.627457780687,2.928635835647583,0.34860025197252437,0.26,349.74,0.453,0.03,106.26,0.044,0.84,1885.9999999999998,0.509,0.03,18.8,0.019,36236.824304428206,13.769307136535645,0.37342094959670236,1.54,1472.9,0.485,0.02,20.68,0.019,0.95,2197.6,0.512,0.02,20.68,0.019
13,0,5000,5000.0,10304.237397809267,1.9408026933670044,0.32785720520945427,0.45,701.76,0.445,0.03,88.55,0.043,0.54,1476.0,0.489,0.03,18.8,0.019,37541.49226005284,14.818923950195312,0.38921981926156846,1.53,1464.32,0.485,0.02,20.68,0.019,1.24,2558.4,0.522,0.02,20.68,0.019
13,0,5500,5500.0,8400.68544179203,1.4173213243484497,0.31184002850715226,0.64,1421.37,0.418,0.03,88.55,0.043,0.34,1123.4,0.463,0.01,13.160000000000002,0.019,37988.16317664888,16.351436614990234,0.40066350060197536,1.57,1578.99,0.576,0.02,22.56,0.019,1.67,3066.8,0.534,0.02,22.56,0.019
13,0,6000,6000.0,7006.203192502471,1.2353148460388184,0.2809523849931781,0.16,327.54,0.479,0.05,141.68,0.048,0.25,877.4,0.438,0.01,11.28,0.018,36934.60172842436,16.56251335144043,0.4116961903896818,2.08,1909.62,0.584,0.02,24.44,0.019,2.31,3714.6,0.547,0.02,24.44,0.019
13,0,6500,6500.0,6489.473584921507,1.2634618282318115,0.2687038614231723,0.16,294.58,0.405,0.01,43.540000000000006,0.087,0.2,738.0,0.418,0.01,7.52,0.018,34539.45528558136,15.80965518951416,0.4170359410889751,2.14,1912.7100000000003,0.586,0.17,265.65,0.057,3.08,4444.4,0.558,0.03,30.08,0.019
13,0,7000,7000.0,6787.939322566292,1.5165966749191284,0.25526207208802687,0.18,314.6,0.41,0.0,7.52,0.017,0.16,647.8,0.403,0.0,7.52,0.017,30307.13845595964,13.61780071258545,0.41713488903932305,2.2,1925.0700000000002,0.587,0.1,177.1,0.053,3.31,4616.6,0.561,0.04,31.960000000000004,0.019
13,0,7500,7500.0,7920.842665601776,1.9308527708053589,0.26065647465616343,0.3,517.66,0.443,0.0,5.64,0.017,0.14,582.2,0.391,0.0,5.64,0.017,25369.15704771086,10.862656593322754,0.4137206847972061,2.0,1770.5700000000002,0.585,0.05,106.26,0.047,3.38,4633.0,0.562,0.04,33.84,0.02
13,0,8000,8000.0,9995.995136636338,2.899394989013672,0.27505436399034083,0.32,557.7,0.448,0.0,5.64,0.017,0.13,524.8,0.378,0.0,5.64,0.017,19802.169430850015,7.9027628898620605,0.39970782943982514,1.79,1600.62,0.582,0.03,70.84,0.041,3.04,4255.8,0.559,0.04,33.84,0.02
13,0,8500,8500.0,12663.354693838028,3.935481309890747,0.2923076706284463,0.52,812.24,0.466,0.0,3.76,0.016,0.14,500.2,0.374,0.0,3.76,0.016,14630.941501024437,5.149495601654053,0.38476130168789663,1.35,1269.99,0.573,0.02,35.42,0.032,2.66,3829.4,0.554,0.04,30.08,0.02
13,0,9000,9000.0,16143.63744232378,5.740650653839111,0.32102971588766166,0.67,801.9,0.469,0.0,3.76,0.016,0.2,664.2,0.409,0.0,3.76,0.016,10141.080895911738,3.2019565105438232,0.3540385011079203,0.89,905.37,0.558,0.0,3.04,0.05,1.91,2993.0,0.541,0.04,28.2,0.02
13,0,9500,9500.0,19938.016372172355,6.809621810913086,0.34847365055378327,0.9,1012.44,0.477,0.0,5.64,0.018,0.3,861.0,0.438,0.0,5.64,0.018,6597.322091611881,1.897032380104065,0.3289595184122264,0.56,630.36,0.538,0.0,13.48,0.04,1.23,2148.4,0.52,0.02,18.8,0.019
13,0,10000,10000.0,22746.01297611542,9.635859489440918,0.37120109141273444,0.93,858.52,0.484,0.01,17.95,0.034,0.5,1295.6,0.479,0.01,7.52,0.018,4104.141692933328,0.990938127040863,0.27857589737130767,0.72,1443.2,0.489,0.0,6.74,0.025,0.72,1443.2,0.489,0.02,16.92,0.019
13,0,10500,10500.0,24363.681387828987,10.506237030029297,0.383915744434313,1.03,909.32,0.487,0.01,13.160000000000002,0.019,0.71,1730.2,0.504,0.01,13.160000000000002,0.019,2374.2642068965124,0.4687371253967285,0.23443701660733715,0.13,210.12000000000003,0.444,0.0,6.22,0.044,0.32,770.8,0.429,0.01,9.4,0.019
13,0,11000,11000.0,24758.689098033858,9.981164932250977,0.4055830327646334,0.86,710.64,0.493,0.04,215.68,0.226,0.94,2296.0,0.526,0.02,15.04,0.019,1438.3419918140135,0.22886772453784943,0.17908632669223853,0.16,442.80000000000007,0.364,0.0,3.11,0.031,0.16,442.80000000000007,0.364,0.01,7.52,0.018
13,0,11500,11500.0,23269.482521966886,8.720314979553223,0.41378900409290104,1.07,805.68,0.499,0.02,121.32,0.17,1.36,2804.4,0.539,0.03,22.56,0.02,936.1009525057611,0.11409839242696762,0.1425929100598332,0.03,52.53000000000001,0.277,0.0,3.11,0.023,0.06,180.4,0.255,0.0,3.76,0.017
13,0,12000,12000.0,19814.559731544763,6.976847171783447,0.4103980560399747,1.46,1384.3200000000002,0.583,0.0,4.56,0.068,1.76,3124.2,0.547,0.03,24.44,0.02,799.4018370939848,0.09379260987043381,0.1172052008987631,0.02,15.2,0.093,0.0,5.22,0.092,0.03,90.2,0.18,0.0,1.88,0.016
13,0,12500,12500.0,15849.297386016515,5.333890914916992,0.397698344777595,1.26,1229.82,0.578,0.0,4.56,0.068,2.13,3394.7999999999997,0.552,0.04,26.320000000000004,0.02,896.8943928802262,0.1182088553905487,0.11851581682697725,0.04,94.38,0.26,0.0,3.59,0.024,0.02,32.8,0.107,0.0,1.88,0.013
13,0,13000,13000.0,11536.92606834626,3.7202258110046387,0.37079790880122415,1.04,1053.69,0.572,0.0,3.04,0.06,1.81,3001.2,0.545,0.04,28.2,0.02,1199.5686881988518,0.17982901632785797,0.127752262440175,0.04,30.4,0.102,0.0,3.59,0.024,0.01,24.6,0.077,0.0,1.88,0.012
13,0,13500,13500.0,7861.7924740367735,2.2110366821289062,0.34300158151351823,0.58,707.61,0.551,0.0,13.48,0.049,1.45,2558.4,0.536,0.03,22.56,0.02,1668.9786349550047,0.2756076753139496,0.14563594813493733,0.04,30.4,0.102,0.0,0.0,0.015,0.01,16.4,0.065,0.0,0.0,0.009
13,0,14000,14000.0,4826.837171655144,1.071995735168457,0.28402095674455524,0.78,1697.3999999999999,0.508,0.0,9.33,0.052,0.78,1697.3999999999999,0.508,0.03,20.68,0.02,2297.7251392760877,0.4209872782230377,0.1689549465993563,0.04,28.88,0.098,0.0,0.0,0.015,0.01,24.6,0.087,0.0,0.0,0.008
13,0,14500,14500.0,2815.635405893068,0.4803735911846161,0.23756812149795312,0.11,210.12000000000003,0.453,0.0,6.22,0.045,0.28,844.6,0.444,0.02,11.28,0.019,2868.1484993768368,0.5783615708351135,0.18569393442212667,0.07,139.7,0.374,0.0,0.0,0.012,0.02,57.400000000000006,0.123,0.0,0.0,0.009
13,0,15000,15000.0,1852.4707539484434,0.2888796627521515,0.18185666229531797,0.04,56.16,0.329,0.0,3.11,0.038,0.15,459.20000000000005,0.376,0.01,7.52,0.019,3393.023897018722,0.7628671526908875,0.2097691938772615,0.2,234.90000000000003,0.416,0.0,0.0,0.012,0.04,123.0,0.191,0.0,0.0,0.01
13,0,15500,15500.0,1527.2989096064393,0.23975762724876404,0.16247187933300955,0.02,28.0,0.284,0.0,6.22,0.041,0.06,188.6,0.266,0.0,3.76,0.017,3795.1504187703135,0.9328267574310303,0.23123748595233107,0.21,243.6,0.419,0.0,3.59,0.027,0.08,221.40000000000003,0.241,0.0,1.88,0.014
13,0,16000,16000.0,1704.9447251079414,0.27836331725120544,0.16115214858343999,0.02,25.2,0.276,0.0,6.22,0.047,0.04,131.2,0.226,0.0,1.88,0.016,3965.9963515220766,1.0212305784225464,0.2560287850708562,0.2,223.3,0.398,0.0,3.59,0.028,0.11,328.0,0.288,0.0,1.88,0.015
13,0,16500,16500.0,2093.6636517190664,0.35590577125549316,0.17172623686483154,0.05,165.88,0.325,0.0,1.88,0.015,0.03,106.6,0.199,0.0,1.88,0.015,3856.9335642281344,0.9932687878608704,0.27230203365208755,0.15,166.83,0.425,0.0,6.74,0.026,0.14,410.0,0.31,0.0,3.76,0.017
13,0,17000,17000.0,2644.8161769521903,0.4591031074523926,0.18480912088471108,0.05,83.82,0.297,0.0,1.88,0.015,0.03,90.2,0.184,0.0,1.88,0.015,3319.6075283255072,0.8050367832183838,0.27245256342700613,0.15,158.79,0.418,0.0,0.0,0.004,0.14,418.2,0.315,0.0,5.64,0.017
13,0,17500,17500.0,3212.134461056428,0.5645641684532166,0.19621636287357952,0.06,104.14,0.314,0.0,3.59,0.025,0.03,90.2,0.184,0.0,1.88,0.014,2511.341573718909,0.5691500306129456,0.24850424409393776,0.13,136.68,0.397,0.0,6.22,0.04,0.12,360.8,0.306,0.01,5.64,0.018
13,0,18000,18000.0,3763.380249361701,0.6319640874862671,0.20481430023342503,0.09,150.8,0.339,0.0,3.59,0.025,0.04,147.6,0.229,0.0,1.88,0.014,1627.6884306589238,0.3289755880832672,0.1991965905369247,0.21,269.28,0.381,0.0,2.9,0.033,0.08,254.2,0.271,0.01,5.64,0.018
13,0,18500,18500.0,4259.840769684979,0.7069643139839172,0.21066862993074625,0.09,159.5,0.342,0.0,1.88,0.015,0.07,237.79999999999998,0.277,0.0,1.88,0.015,968.3035919893825,0.1532178521156311,0.14635648760593178,0.23,473.79,0.321,0.0,0.0,0.011,0.05,155.8,0.228,0.01,3.76,0.017
13,0,19000,19000.0,4751.367042226502,0.7054151296615601,0.21371105950858502,0.09,203.0,0.349,0.0,1.88,0.015,0.1,344.4,0.314,0.0,1.88,0.015,552.3286024332094,0.048263732343912125,0.09178285241249755,0.03,51.48,0.252,0.0,0.0,0.023,0.02,49.2,0.11,0.01,3.76,0.017
13,0,19500,19500.0,5292.433362181873,0.6667260527610779,0.21661546374517698,0.07,116.57999999999998,0.348,0.0,3.76,0.016,0.12,459.20000000000005,0.342,0.0,3.76,0.016,684.337044448057,0.08999505639076233,0.1124080956301684,0.07,125.84,0.344,0.0,0.0,0.017,0.0,8.2,0.024,0.0,1.88,0.012
13,0,20000,20000.0,6036.587470632558,0.687031090259552,0.21799727119261214,0.07,72.96,0.102,0.0,3.76,0.016,0.12,492.0,0.34,0.0,3.76,0.016,1083.6996812118741,0.17549116909503937,0.15269189912054584,0.08,140.14,0.352,0.0,0.0,0.021,0.0,0.0,0.019,0.0,0.0,0.009
14,0,-20000,20000.0,389017.32600667543,23.71672821044922,0.5478276579541427,2.45,12363.09,0.731,0.1,477.52,0.044,4.36,33357.6,0.725,0.1,477.52,0.044,110496.16840998587,10.479403495788574,0.3240161350812672,2.11,5793.75,0.59,0.27,2762.76,0.062,3.16,14079.400000000001,0.545,0.05,172.96,0.03
14,0,-19500,19500.0,399087.45946559415,18.80584144592285,0.5511919549281055,1.94,11627.67,0.718,0.1,432.3999999999999,0.043,4.26,31643.800000000003,0.714,0.1,432.3999999999999,0.043,108685.6649868254,7.938048839569092,0.3190493985873206,1.55,4684.44,0.536,0.03,148.52,0.027,3.33,13587.4,0.539,0.03,148.52,0.027
14,0,-19000,19000.0,419416.8783355752,14.005765914916992,0.5603463062960188,1.37,12152.7,0.733,0.1,421.12000000000006,0.042,3.36,29774.200000000004,0.701,0.1,421.12000000000006,0.042,111875.94572913222,5.590167999267578,0.32286336227543916,1.26,3550.41,0.47,0.03,144.76,0.026,2.62,11111.0,0.489,0.03,144.76,0.026
14,0,-18500,18500.0,446042.97292049415,16.84718132019043,0.5743825328782756,2.43,15575.0,0.726,0.08,381.63999999999993,0.041,2.42,28060.4,0.688,0.08,381.63999999999993,0.041,118278.68891172373,6.792003631591797,0.3350987437615001,1.16,4859.4,0.472,0.03,90.24,0.019,1.87,8528.0,0.426,0.03,90.24,0.019
14,0,-18000,18000.0,472370.60353726556,21.969362258911133,0.5846310255036403,2.09,13983.3,0.761,0.07,370.36,0.041,1.7,29274.000000000004,0.696,0.07,370.36,0.041,126280.96788700482,8.819745063781738,0.3499511553084842,1.39,4216.6,0.5,0.03,75.2,0.017,1.37,8134.4,0.416,0.03,75.2,0.017
14,0,-17500,17500.0,496426.17817211617,26.42047119140625,0.5917881310746022,2.98,22357.79,0.596,0.07,409.84000000000003,0.042,2.07,30864.8,0.707,0.07,409.84000000000003,0.042,133205.49373660123,10.222620010375977,0.36273237838907063,1.48,4309.4,0.506,0.02,71.44,0.017,0.87,8200.0,0.421,0.02,71.44,0.017
14,0,-17000,17000.0,519171.96293289494,28.199209213256836,0.6008181684255346,2.95,21909.95,0.588,0.07,421.12000000000006,0.043,1.99,34390.8,0.729,0.07,421.12000000000006,0.043,138394.0528909923,10.131946563720703,0.3720211776228065,0.85,2686.56,0.517,0.02,73.32,0.017,0.61,10127.0,0.472,0.02,73.32,0.017
14,0,-16500,16500.0,539397.9068590855,31.113054275512695,0.607772942851106,2.1,11445.84,0.776,0.07,509.48,0.046,2.42,37785.6,0.747,0.07,509.48,0.046,142923.95709373034,9.456655502319336,0.37852855904579696,1.07,3103.44,0.519,0.03,114.68,0.023,1.07,12250.8,0.52,0.03,114.68,0.023
14,0,-16000,16000.0,559076.4059941178,33.52872085571289,0.6152933202245827,2.0,11622.96,0.779,0.09,537.68,0.046,3.43,40614.6,0.761,0.09,537.68,0.046,145447.48738197342,9.835967063903809,0.3834441482636859,0.93,3111.48,0.519,0.04,127.84000000000002,0.025,1.29,13267.6,0.539,0.04,127.84000000000002,0.025
14,0,-15500,15500.0,577103.9339290987,35.442203521728516,0.6197834149470612,1.66,10697.22,0.775,0.12,601.6,0.048,4.43,43115.6,0.772,0.12,601.6,0.048,145679.89289713735,10.716774940490723,0.3831058013357592,0.96,4967.82,0.536,0.45,2939.86,0.063,1.38,13899.0,0.55,0.07,156.04,0.028
14,0,-15000,15000.0,596231.584305228,35.78443145751953,0.6243809006790162,3.33,21489.36,0.769,0.13,622.28,0.048,3.94,44591.6,0.778,0.13,622.28,0.048,144774.26623344998,11.24578857421875,0.38131872281609536,3.32,17518.47,0.588,0.37,2957.57,0.064,1.4,12947.8,0.531,0.08,163.56,0.028
14,0,-14500,14500.0,617463.1682902457,35.50449752807617,0.6294997945082995,2.7,19619.16,0.772,0.1,646.72,0.049,3.89,45969.2,0.783,0.1,646.72,0.049,143166.6324033271,11.20742130279541,0.3786156014930214,0.96,4467.32,0.51,0.39,3152.38,0.067,0.98,11791.6,0.507,0.06,144.76,0.026
14,0,-14000,14000.0,634386.6310703285,33.06698989868164,0.6317396076304171,2.35,17194.1,0.794,0.1,652.36,0.049,3.89,46198.8,0.785,0.1,652.36,0.049,141853.52853744262,11.322880744934082,0.3731902945141988,0.97,4410.12,0.507,0.06,139.12,0.026,1.09,12136.0,0.512,0.06,139.12,0.026
14,0,-13500,13500.0,649953.8317507042,31.604698181152344,0.6332963155549284,2.67,20740.72,0.82,0.09,644.84,0.049,3.84,46658.0,0.787,0.09,644.84,0.049,142639.11249670273,11.615931510925293,0.37168246040610115,1.08,4719.0,0.524,0.04,141.0,0.026,1.25,12988.8,0.529,0.04,141.0,0.026
14,0,-13000,13000.0,664900.6354861289,34.033714294433594,0.6363452732739048,2.86,20723.56,0.82,0.09,642.96,0.049,3.45,48380.0,0.793,0.09,642.96,0.049,144671.178967999,11.604119300842285,0.37382387455526694,1.2,5898.81,0.596,0.04,142.88,0.026,1.57,13374.199999999999,0.537,0.04,142.88,0.026
14,0,-12500,12500.0,675409.4089131791,35.33304214477539,0.6375714830426309,2.76,19382.22,0.807,0.1,682.44,0.05,3.08,50454.6,0.799,0.1,682.44,0.05,148465.77405889984,12.4554443359375,0.3801323343865559,1.28,5571.27,0.582,0.04,142.88,0.026,1.88,13874.400000000001,0.547,0.04,142.88,0.026
14,0,-12000,12000.0,683656.373653721,36.130615234375,0.6409578079523115,2.69,19164.86,0.805,0.1,695.6,0.05,2.93,54013.40000000001,0.811,0.1,695.6,0.05,150742.37907393326,12.990796089172363,0.3886826440896219,1.35,5234.46,0.568,0.04,142.88,0.026,1.88,13185.599999999999,0.534,0.04,142.88,0.026
14,0,-11500,11500.0,685834.5919187978,36.26005554199219,0.6416546351547773,2.57,16672.56,0.806,0.14,787.7200000000001,0.052,3.97,57416.4,0.821,0.14,787.7200000000001,0.052,150024.0959268918,13.96182632446289,0.3941653691719189,1.44,5413.68,0.574,0.07,359.0,0.039,1.87,12496.8,0.521,0.05,127.84000000000002,0.024
14,0,-11000,11000.0,682243.1356544363,36.29619598388672,0.6433603525780569,3.22,22964.879999999997,0.842,0.15,814.04,0.052,4.18,58334.8,0.824,0.15,814.04,0.052,144525.1999161801,14.717914581298828,0.39417244927664874,1.53,5679.42,0.588,0.26,1912.6800000000003,0.05,2.04,13128.200000000003,0.533,0.05,124.08,0.024
14,0,-10500,10500.0,676204.9634141527,36.81852722167969,0.643492034822883,2.53,14478.48,0.815,0.13,829.08,0.052,5.77,58736.59999999999,0.825,0.13,829.08,0.052,133399.90874563224,14.524212837219238,0.38334107481127494,1.54,5954.43,0.597,0.17,1593.9,0.047,2.22,13817.000000000002,0.547,0.06,144.76,0.026
14,0,-10000,10000.0,665795.7006362529,38.087249755859375,0.6425642458831881,3.34,21407.52,0.83,0.12,836.6,0.053,6.16,57285.2,0.82,0.12,836.6,0.053,118467.82145829187,12.753477096557617,0.3595807390133627,1.61,6319.05,0.611,0.13,1611.61,0.047,2.39,14587.8,0.559,0.06,150.4,0.027
14,0,-9500,9500.0,654676.5146862832,39.24782180786133,0.641279163673606,1.91,12693.15,0.803,0.14,800.88,0.052,5.84,55497.600000000006,0.815,0.14,800.88,0.052,104835.25878430955,10.327584266662598,0.3333713191621544,1.26,5419.86,0.572,0.15,1735.58,0.048,2.49,15252.000000000002,0.569,0.05,171.08,0.029
14,0,-9000,9000.0,642313.3188893233,38.457008361816406,0.6413961670561528,1.7,10859.34,0.799,0.15,791.48,0.051,4.17,53833.00000000001,0.809,0.15,791.48,0.051,92389.26731723567,7.175714492797852,0.2987440797536643,0.97,4486.68,0.527,0.21,2089.78,0.05,2.15,13275.800000000001,0.534,0.06,176.72,0.03
14,0,-8500,8500.0,627463.4032060916,37.095157623291016,0.641058841694498,1.47,8771.0,0.801,0.12,768.92,0.051,3.14,52004.4,0.804,0.12,768.92,0.051,89648.78278057938,4.054450511932373,0.28904524630662093,0.45,700.72,0.149,0.03,129.72,0.024,1.67,10979.8,0.488,0.03,129.72,0.024
14,0,-8000,8000.0,606286.9797132356,32.813880920410156,0.6379053194570028,1.37,8661.8,0.798,0.13,759.52,0.051,3.58,51323.8,0.802,0.13,759.52,0.051,95231.63564475674,4.780801296234131,0.2937607444092319,0.54,1033.6,0.185,0.03,116.56,0.023,0.82,7863.8,0.416,0.03,116.56,0.023
14,0,-7500,7500.0,582743.9764444978,30.669832229614258,0.6344131853103877,1.58,12931.92,0.793,0.14,744.48,0.051,4.02,50782.6,0.8,0.14,744.48,0.051,107831.95662624603,6.40960168838501,0.31536348802251263,1.49,5012.48,0.47,0.01,65.8,0.017,0.48,5838.4,0.376,0.01,65.8,0.017
14,0,-7000,7000.0,551149.3916112464,26.48340606689453,0.6238652817961206,1.33,12661.92,0.789,1.35,14894.11,0.148,3.55,50069.2,0.797,0.15,740.72,0.051,125510.36427680438,9.653754234313965,0.3392721941828318,1.63,4419.6,0.5,0.01,58.28,0.017,0.43,5904.0,0.374,0.01,58.28,0.017
14,0,-6500,6500.0,520443.08339395816,21.675931930541992,0.6135853021043364,1.42,11789.28,0.776,0.12,710.64,0.05,3.56,49774.0,0.796,0.12,710.64,0.05,148155.26384593573,13.251980781555176,0.36917408233960974,1.71,4590.7,0.51,0.01,60.16,0.017,0.4,6527.2,0.389,0.01,60.16,0.017
14,0,-6000,6000.0,490444.313896712,18.433534622192383,0.6003783129266478,1.23,11340.0,0.768,0.11,705.0,0.05,2.93,47871.6,0.789,0.11,705.0,0.05,172848.93202090164,16.638898849487305,0.3993720474505562,2.17,6278.5,0.59,0.01,60.16,0.017,0.56,8126.2,0.411,0.01,60.16,0.017
14,0,-5500,5500.0,465001.45973151433,21.765710830688477,0.5895982221829631,1.54,11531.52,0.709,0.09,652.36,0.049,2.44,46051.2,0.783,0.09,652.36,0.049,199090.50093566516,19.184415817260742,0.42929353183320595,2.21,6420.6,0.596,0.02,88.36,0.019,0.69,10881.4,0.476,0.02,88.36,0.019
14,0,-5000,5000.0,445281.9703633461,25.701391220092773,0.5771507943237119,1.48,9979.66,0.707,0.1,637.32,0.049,1.92,42861.4,0.77,0.1,637.32,0.049,222767.51794207544,20.517864227294922,0.4573280056138049,1.22,4003.7400000000007,0.607,0.03,109.03999999999999,0.022,1.25,12816.6,0.514,0.03,109.03999999999999,0.022
14,0,-4500,4500.0,433831.1872353591,28.764347076416016,0.5711309138696089,1.65,9791.7,0.704,0.08,567.76,0.047,1.78,39483.0,0.755,0.08,567.76,0.047,240439.0901423585,20.142841339111328,0.47485169698191076,1.54,4616.97,0.609,0.05,159.8,0.027,2.01,14555.0,0.547,0.05,159.8,0.027
14,0,-4000,4000.0,433027.7602276339,30.680814743041992,0.5695292612158268,1.12,6605.04,0.704,0.08,548.96,0.047,2.34,36924.6,0.742,0.08,548.96,0.047,251966.2235396945,18.185693740844727,0.4849449165160103,2.75,9167.76,0.597,0.06,174.84,0.029,2.3,17326.6,0.591,0.06,174.84,0.029
14,0,-3500,3500.0,438345.8459003884,31.391382217407227,0.5732683878647509,1.57,8555.76,0.715,0.07,494.44,0.045,2.92,34645.0,0.73,0.07,494.44,0.045,260494.12493764466,18.73880386352539,0.48968183910321206,0.65,3599.4,0.634,0.09,240.64,0.034,2.47,19983.4,0.628,0.09,240.64,0.034
14,0,-3000,3000.0,449166.10103108035,30.14352798461914,0.5804013140946356,2.01,12113.3,0.726,0.08,479.3999999999999,0.045,3.25,33775.8,0.726,0.08,479.3999999999999,0.045,267460.6222463961,20.945209503173828,0.49149549010454063,1.45,6490.2,0.596,0.09,259.44,0.036,2.39,21369.2,0.642,0.09,259.44,0.036
14,0,-2500,2500.0,460250.68379827554,27.17345428466797,0.5878967542590794,2.08,12200.3,0.727,0.1,458.72,0.044,3.42,33275.6,0.724,0.1,458.72,0.044,276843.9892333762,23.01065444946289,0.49529326694184034,1.47,6493.1,0.597,0.08,282.0,0.037,2.33,22755.0,0.655,0.08,282.0,0.037
14,0,-2000,2000.0,471368.0495625312,24.410079956054688,0.5936262005943527,1.24,7624.68,0.736,0.1,453.08,0.044,2.89,34226.8,0.73,0.1,453.08,0.044,291313.8287324213,24.658437728881836,0.5010898670392935,0.89,4153.38,0.614,0.08,289.52,0.037,1.82,22492.6,0.651,0.08,289.52,0.037
14,0,-1500,1500.0,481313.42244560795,22.495210647583008,0.597241064090799,1.52,8749.53,0.737,0.07,471.87999999999994,0.044,2.28,35514.2,0.737,0.07,471.87999999999994,0.044,310850.37751887244,25.623414993286133,0.5123113289940748,1.07,4749.63,0.613,0.06,280.12,0.037,1.71,22205.6,0.648,0.06,280.12,0.037
14,0,-1000,1000.0,491823.17185074725,20.0733642578125,0.5999469543542788,1.37,8841.99,0.739,0.08,479.3999999999999,0.045,2.18,37400.2,0.748,0.08,479.3999999999999,0.045,338319.46284657624,25.84536361694336,0.526948680699235,1.04,4906.41,0.619,0.06,278.24,0.037,1.95,22582.8,0.652,0.06,278.24,0.037
14,0,-500,500.0,499966.43204358476,20.475297927856445,0.5999997784956311,0.98,9004.8,0.743,0.1,524.52,0.046,2.26,39146.8,0.757,0.1,524.52,0.046,368035.82302349457,25.328031539916992,0.5405510073063051,1.58,12981.54,0.742,0.07,282.0,0.037,2.15,23222.4,0.661,0.07,282.0,0.037
14,0,0,0.0,507562.8047928476,22.962055206298828,0.6008146961557581,1.0,2901.68,0.272,0.1,537.68,0.046,2.24,39187.8,0.757,0.1,537.68,0.046,398965.58261765837,27.7766056060791,0.5541678242443643,2.0,20609.97,0.586,0.07,283.88,0.037,2.17,24993.6,0.675,0.07,283.88,0.037
14,0,500,500.0,513918.2610849211,23.92774200439453,0.6007549895115539,2.52,17440.44,0.747,0.07,537.68,0.046,2.19,39015.6,0.756,0.07,537.68,0.046,426178.08241943666,29.583412170410156,0.5630112739599102,2.29,22830.51,0.606,0.07,327.12,0.039,2.28,27019.000000000004,0.692,0.07,327.12,0.039
14,0,1000,1000.0,518964.02697829675,25.115678787231445,0.6007483884552205,2.99,14914.7,0.767,0.07,539.56,0.046,1.84,39130.4,0.757,0.07,539.56,0.046,449419.2089859734,31.89346694946289,0.5743639074626724,2.37,23228.59,0.604,0.07,342.16,0.04,2.19,29282.2,0.707,0.07,342.16,0.04
14,0,1500,1500.0,523499.95450098213,26.67137336730957,0.6013567069666241,4.34,19078.04,0.768,0.06,537.68,0.046,1.77,39532.2,0.759,0.06,537.68,0.046,466471.6176558188,33.83562088012695,0.5815625040509513,2.23,13207.48,0.746,0.05,400.44,0.042,2.6,31397.8,0.721,0.05,400.44,0.042
14,0,2000,2000.0,524738.2082436641,30.219398498535156,0.6039629087957631,4.17,15894.9,0.782,0.06,537.68,0.047,1.97,40663.8,0.764,0.06,537.68,0.047,476631.20082000166,36.1502685546875,0.589469549968807,2.57,13992.5,0.761,0.06,417.36000000000007,0.043,3.05,34882.8,0.742,0.06,417.36000000000007,0.043
14,0,2500,2500.0,520035.0350602199,33.390724182128906,0.6030975515627867,4.22,15964.5,0.783,0.09,571.52,0.047,2.24,41639.6,0.769,0.09,571.52,0.047,478133.52295784943,39.02117919921875,0.5897336873337891,2.43,11800.84,0.753,0.09,501.96,0.045,3.76,38080.8,0.758,0.09,501.96,0.045
14,0,3000,3000.0,511166.3268793607,36.74229049682617,0.6055221592058523,3.52,15100.3,0.775,0.1,582.8,0.048,2.94,42262.8,0.772,0.1,582.8,0.048,469700.8880704531,42.9245491027832,0.5879857194537127,2.74,11412.22,0.747,0.1,528.28,0.046,4.02,40106.2,0.767,0.1,528.28,0.046
14,0,3500,3500.0,495714.496517694,35.8048210144043,0.6025852763146351,2.7,10938.42,0.784,0.12,605.36,0.048,3.64,42525.2,0.774,0.12,605.36,0.048,451988.49254474015,45.53366470336914,0.5762456298229651,2.92,11209.02,0.745,0.11,579.04,0.048,4.09,41516.6,0.774,0.11,579.04,0.048
14,0,4000,4000.0,476221.41756137897,34.257694244384766,0.5974465427601295,2.54,10721.34,0.78,0.13,612.88,0.049,4.44,42443.2,0.775,0.13,612.88,0.049,427980.70500853995,48.71235656738281,0.5647944890803349,3.06,10894.06,0.74,0.12,595.96,0.048,4.3,39999.6,0.767,0.12,595.96,0.048
14,0,4500,4500.0,454780.6414622237,30.72130012512207,0.5891896220633139,2.16,10208.79,0.774,0.14,616.64,0.049,5.06,42033.2,0.775,0.14,616.64,0.049,404833.72364322195,50.2324104309082,0.5561980533473084,2.82,9741.6,0.756,0.15,552.72,0.047,4.66,38449.8,0.762,0.15,552.72,0.047
14,0,5000,5000.0,430478.94627846277,30.869796752929688,0.5749100808086977,2.9,10890.88,0.706,0.14,616.64,0.049,4.88,40188.2,0.768,0.14,616.64,0.049,382738.25303788466,52.13992691040039,0.5506356222286318,2.89,9713.52,0.755,0.15,541.44,0.047,5.4,37777.4,0.76,0.15,541.44,0.047
14,0,5500,5500.0,414162.4392456401,31.96214485168457,0.5674347791627169,3.21,12000.56,0.725,0.12,567.76,0.047,4.51,38220.2,0.761,0.12,567.76,0.047,360797.5236152259,52.413543701171875,0.5470218370084599,3.02,9527.76,0.754,1.19,7951.79,0.115,6.04,37498.6,0.761,0.17,520.76,0.046
14,0,6000,6000.0,400768.6954221731,32.99560546875,0.558318469720545,3.26,12163.58,0.728,0.11,556.48,0.047,3.82,35653.6,0.748,0.11,556.48,0.047,335565.81766342383,46.96912384033203,0.5365163014409111,2.98,9160.56,0.745,1.08,7615.3,0.113,6.28,37277.2,0.761,0.18,517.0,0.046
14,0,6500,6500.0,395401.82534143457,34.51066207885742,0.5577293225382235,3.19,12378.08,0.731,0.09,490.68,0.045,4.3,33423.2,0.735,0.09,490.68,0.045,314828.1633968911,42.243988037109375,0.5305153591224534,2.81,8205.84,0.722,0.98,7402.779999999999,0.112,6.76,37260.8,0.763,0.18,503.84000000000003,0.046
14,0,7000,7000.0,391288.96564155107,36.27508544921875,0.5546599809742555,3.15,12358.06,0.731,0.09,471.87999999999994,0.045,4.72,32201.400000000005,0.727,0.09,471.87999999999994,0.045,289684.1614825347,31.340206146240234,0.5109341300481657,3.75,12563.939999999999,0.752,0.96,7349.650000000001,0.111,6.74,34800.8,0.748,0.18,501.96,0.046
14,0,7500,7500.0,389410.2511385598,38.03639602661133,0.5554548942431522,2.59,8942.4,0.734,0.12,432.3999999999999,0.043,5.18,31643.800000000003,0.723,0.12,432.3999999999999,0.043,270629.3398237558,21.59141731262207,0.49744485302072294,2.73,10790.28,0.72,0.95,7314.23,0.111,6.54,32004.6,0.731,0.17,445.56,0.044
14,0,8000,8000.0,388055.6978387589,39.455169677734375,0.5552190966466337,3.89,13762.86,0.764,0.13,424.87999999999994,0.043,5.43,33070.6,0.731,0.13,424.87999999999994,0.043,256857.73410885406,17.56651496887207,0.48321813174729134,4.49,27265.0,0.695,0.94,7579.88,0.113,4.49,27265.0,0.695,0.17,428.63999999999993,0.044
14,0,8500,8500.0,384840.2532164823,40.02887725830078,0.5522648539686562,2.95,9130.32,0.738,0.15,456.84000000000003,0.044,5.8,34768.0,0.74,0.15,456.84000000000003,0.044,251785.95286036516,17.533493041992188,0.48195858106009454,1.05,4586.82,0.606,0.94,7987.21,0.116,2.56,22763.2,0.654,0.11,317.72,0.039
14,0,9000,9000.0,384060.20530101756,40.67812728881836,0.5521610618870085,2.76,8875.44,0.732,0.16,468.12000000000006,0.044,6.22,35284.6,0.743,0.16,468.12000000000006,0.044,253508.49342593545,17.260332107543945,0.48150742350723696,1.04,4540.59,0.603,0.09,287.64,0.037,1.89,21270.8,0.639,0.09,287.64,0.037
14,0,9500,9500.0,384609.73368057515,39.91874694824219,0.5530152811975418,2.39,8324.64,0.719,0.18,473.76,0.045,6.35,35604.4,0.745,0.18,473.76,0.045,257957.33555711684,16.9356632232666,0.4844908410351187,1.14,5285.52,0.623,0.07,263.2,0.036,1.91,20270.4,0.629,0.07,263.2,0.036
14,0,10000,10000.0,388853.71728776593,37.704566955566406,0.553006324544932,1.44,5286.4,0.712,0.18,477.52,0.045,5.78,34030.0,0.736,0.18,477.52,0.045,267941.53016810166,16.860620498657227,0.49128212321755027,1.01,4472.25,0.599,0.08,257.56,0.035,2.04,20442.6,0.63,0.08,257.56,0.035
14,0,10500,10500.0,396946.89222677116,34.64421081542969,0.5554017602477047,2.4,10147.1,0.692,0.16,447.44,0.044,4.96,32135.799999999996,0.725,0.16,447.44,0.044,280169.45411540975,17.049423217773438,0.4990933381236101,1.43,7229.7,0.629,0.08,259.44,0.035,2.03,21024.8,0.637,0.08,259.44,0.035
14,0,11000,11000.0,414443.81783050374,32.15458679199219,0.562269431174389,2.4,11304.2,0.715,0.15,439.92,0.044,4.1,31274.8,0.719,0.15,439.92,0.044,298903.2774813012,17.475154876708984,0.5103272868082257,0.99,4749.63,0.614,0.08,259.44,0.036,1.73,21705.4,0.645,0.08,259.44,0.036
14,0,11500,11500.0,435329.02190669044,30.368017196655273,0.5706982808121882,2.4,11397.0,0.717,0.12,421.12000000000006,0.043,3.28,30602.4,0.715,0.12,421.12000000000006,0.043,324880.9516464491,18.5446720123291,0.5292000962935012,1.45,8188.960000000001,0.691,0.05,272.6,0.036,1.93,22525.4,0.655,0.05,272.6,0.036
14,0,12000,12000.0,460130.0696494931,27.628170013427734,0.5805233004018467,1.65,7400.82,0.705,0.11,415.48,0.043,2.8,30553.2,0.714,0.11,415.48,0.043,352635.9613038672,21.875041961669922,0.5437437164307746,1.01,5475.78,0.689,0.06,276.36,0.037,1.71,23361.8,0.665,0.06,276.36,0.037
14,0,12500,12500.0,486499.4568466617,26.17156410217285,0.592356156489303,1.67,8088.24,0.725,0.1,411.72,0.042,2.39,30840.2,0.716,0.1,411.72,0.042,379130.0572741417,25.268630981445312,0.5522614997867431,2.96,13945.36,0.774,0.08,306.44,0.039,1.74,23911.2,0.673,0.08,306.44,0.039
14,0,13000,13000.0,512728.46379732864,28.007043838500977,0.6048811183249798,1.58,8540.49,0.735,0.1,411.72,0.042,2.28,33160.799999999996,0.73,0.1,411.72,0.042,406906.4321547363,27.41646385192871,0.5620699976403452,3.26,14377.22,0.781,0.08,315.84,0.039,2.28,25329.8,0.687,0.08,315.84,0.039
14,0,13500,13500.0,533746.1876148608,28.819616317749023,0.6113117834360486,2.0,10793.52,0.769,0.1,468.12000000000006,0.044,2.41,35743.8,0.744,0.1,468.12000000000006,0.044,428783.9861643779,29.90325927734375,0.5638972324119713,5.27,15807.22,0.799,0.1,353.44,0.041,2.51,26871.400000000005,0.704,0.1,353.44,0.041
14,0,14000,14000.0,550861.331422922,29.238502502441406,0.6187897819327535,2.63,16129.8,0.79,0.1,485.04,0.045,3.1,38769.6,0.76,0.1,485.04,0.045,444174.12489416316,33.90622329711914,0.5628469518877449,5.59,15987.4,0.801,0.1,364.72,0.042,3.15,29413.399999999998,0.725,0.1,364.72,0.042
14,0,14500,14500.0,562069.5241055428,28.84781265258789,0.6213235391945767,1.99,15832.96,0.777,0.12,556.48,0.047,3.75,41516.6,0.774,0.12,556.48,0.047,453659.40549394186,37.34324645996094,0.5571577813968271,7.02,15750.02,0.799,0.09,424.87999999999994,0.044,3.66,32209.6,0.747,0.09,424.87999999999994,0.044
14,0,15000,15000.0,568141.2867362208,29.148624420166016,0.6258810556826775,1.98,15835.82,0.776,0.13,579.04,0.048,3.01,42640.0,0.779,0.13,579.04,0.048,455283.6990279298,43.64841079711914,0.5474706399358719,7.22,15781.48,0.803,0.08,443.68,0.045,4.51,36309.6,0.769,0.08,443.68,0.045
14,0,15500,15500.0,566759.0923637961,28.52025032043457,0.6259474076237217,1.45,11294.19,0.789,0.1,614.76,0.049,2.97,43189.4,0.782,0.1,614.76,0.049,446175.82126900624,47.75859832763672,0.5276336791224062,7.18,15309.58,0.8,0.14,532.04,0.048,6.24,40508.0,0.789,0.14,532.04,0.048
14,0,16000,16000.0,560352.7865433746,26.20585060119629,0.6233737194791544,2.15,14514.5,0.763,0.09,624.16,0.049,3.31,44198.0,0.787,0.09,624.16,0.049,437132.45670930913,53.317039489746094,0.5110265528804332,6.84,12994.64,0.796,0.16,562.12,0.049,8.81,43074.6,0.8,0.16,562.12,0.049
14,0,16500,16500.0,551887.379185521,27.550357818603516,0.6187365760001606,2.18,14427.5,0.762,0.12,646.72,0.049,3.49,45173.8,0.791,0.12,646.72,0.049,427474.95501245523,56.558712005615234,0.49394453524574394,7.13,12931.14,0.799,0.23,614.76,0.05,11.46,45264.0,0.809,0.23,614.76,0.05
14,0,17000,17000.0,543029.1325834313,30.048656463623047,0.6129022909317512,2.39,22867.83,0.602,0.12,652.36,0.049,3.66,45526.4,0.792,0.12,652.36,0.049,426011.49953832506,62.21164321899414,0.48578167687066626,7.37,13350.24,0.807,0.25,627.92,0.05,14.02,45108.2,0.808,0.25,627.92,0.05
14,0,17500,17500.0,536316.961608543,32.333641052246094,0.6084811157146477,2.93,18878.68,0.768,0.1,648.6,0.049,3.87,45961.0,0.793,0.1,648.6,0.049,427427.43882081506,64.75885772705078,0.4808425112520355,6.42,11292.48,0.809,0.32,611.0,0.049,16.13,44927.8,0.811,0.32,611.0,0.049
14,0,18000,18000.0,532090.4924347396,34.121334075927734,0.6041688236551291,2.76,14952.4,0.771,0.1,646.72,0.049,3.01,43886.4,0.785,0.1,646.72,0.049,435653.1458859248,67.89997100830078,0.48410875531254277,9.43,16909.9,0.828,0.34,614.76,0.05,16.74,44362.0,0.812,0.34,614.76,0.05
14,0,18500,18500.0,530331.9017144565,34.01840591430664,0.601367733195606,3.34,14460.16,0.763,0.09,590.32,0.048,3.51,41779.0,0.776,0.09,590.32,0.048,445711.0581814201,68.64669799804688,0.49058159453244643,9.51,17086.8,0.83,0.37,605.36,0.05,16.88,43796.2,0.813,0.37,605.36,0.05
14,0,19000,19000.0,530648.4854691416,31.72089195251465,0.5957384791093071,3.54,14543.1,0.765,0.09,577.16,0.047,3.63,41016.4,0.773,0.09,577.16,0.047,455818.6745897872,69.01976776123047,0.5008776981587593,10.22,18261.3,0.832,0.37,603.48,0.05,17.03,44526.0,0.816,0.37,603.48,0.05
14,0,19500,19500.0,533797.1034157337,32.21724319458008,0.5921833799672924,4.28,15232.36,0.777,0.11,562.12,0.047,3.54,40508.0,0.772,0.11,562.12,0.047,462601.28707400267,69.27783966064453,0.5102334673735479,10.28,18354.1,0.832,0.38,626.04,0.05,17.09,45378.8,0.82,0.38,626.04,0.05
14,0,20000,20000.0,536783.4969907403,34.782142639160156,0.5906788031124038,4.16,15238.8,0.786,0.12,560.24,0.047,3.61,40934.4,0.773,0.12,560.24,0.047,465691.2110493774,69.13858032226562,0.5210229602519549,6.0,10746.24,0.829,0.39,633.56,0.051,17.45,46961.4,0.825,0.39,633.56,0.051
15,0,-20000,20000.0,232585.33553266752,11.194780349731445,0.5140881212754683,0.42,3868.02,0.654,0.03,214.31999999999996,0.036,1.13,17482.4,0.654,0.03,214.31999999999996,0.036,151307.11081809894,14.36332893371582,0.4419762958394794,1.07,3363.36,0.49,0.19,1841.84,0.053,2.58,21500.4,0.701,0.06,344.04,0.044
15,0,-19500,19500.0,240382.84013019656,11.249835968017578,0.5187998558062195,1.02,7201.48,0.682,0.03,229.36,0.037,1.03,17794.0,0.66,0.03,229.36,0.037,127510.49637417309,11.640745162963867,0.40453238697207433,2.73,12429.06,0.554,0.19,1841.84,0.053,2.26,17818.6,0.664,0.06,253.80000000000004,0.039
15,0,-19000,19000.0,250181.1510878455,13.45556354522705,0.5263485811896514,1.11,7361.64,0.687,0.03,235.0,0.038,1.07,17900.6,0.662,0.03,235.0,0.038,109932.58495235204,9.733664512634277,0.36765373531615037,0.84,4610.28,0.587,0.19,1948.1000000000001,0.055,1.78,14423.8,0.615,0.05,229.36,0.037
15,0,-18500,18500.0,261110.5332998024,18.118423461914062,0.5344262524559826,1.29,8371.22,0.707,0.04,238.76,0.038,1.05,17949.8,0.663,0.04,238.76,0.038,99822.77413270203,7.7776384353637695,0.3486833512694729,1.08,4313.64,0.569,0.23,2160.62,0.059,1.64,11627.6,0.563,0.04,146.64,0.03
15,0,-18000,18000.0,271748.17230106547,20.989931106567383,0.5465974801943746,1.28,8497.06,0.709,0.04,240.64,0.038,0.93,18253.2,0.669,0.04,240.64,0.038,94397.44373689173,5.881887435913086,0.334023013748572,1.25,4020.09,0.552,0.03,124.08,0.027,1.76,10463.2,0.535,0.03,124.08,0.027
15,0,-17500,17500.0,279656.2887321204,22.255165100097656,0.5557646963750416,0.97,5592.24,0.698,0.03,244.4,0.039,1.0,18769.8,0.678,0.03,244.4,0.039,92375.16748392954,5.025896072387695,0.32895636099942244,1.02,3865.59,0.539,0.41,2408.56,0.064,1.79,9700.6,0.515,0.05,97.76,0.023
15,0,-17000,17000.0,281786.1519491829,22.768259048461914,0.5625141200964383,0.97,5810.4,0.704,0.03,246.28,0.039,1.66,20155.6,0.694,0.03,246.28,0.039,92248.47319341497,5.609187126159668,0.33010179382237764,0.75,3720.3599999999997,0.527,0.4,2107.49,0.058,1.44,9298.8,0.501,0.06,92.12,0.023
15,0,-16500,16500.0,278774.35396876605,22.507831573486328,0.5635883459941037,1.37,8964.09,0.735,0.45,6694.38,0.12,2.36,21598.8,0.709,0.05,280.12,0.041,92019.73802202847,7.376006126403809,0.3323983055040607,0.6,2696.98,0.432,0.05,258.48,0.036,1.03,8929.8,0.488,0.04,88.36,0.022
15,0,-16000,16000.0,267124.8273481393,20.05690574645996,0.5559473410752005,1.45,9665.52,0.746,0.41,5950.56,0.113,2.63,23312.6,0.72,0.06,289.52,0.042,90471.95186975878,8.544051170349121,0.33451412333180475,0.6,2636.92,0.428,0.05,258.48,0.036,0.56,8560.8,0.473,0.03,88.36,0.022
15,0,-15500,15500.0,251092.24106707616,17.59966278076172,0.5417234508869607,0.98,6108.48,0.705,0.44,5259.87,0.107,2.82,24846.0,0.729,0.05,330.88,0.043,87371.68035046197,9.922530174255371,0.3335484476770257,0.56,2313.94,0.431,0.01,82.72,0.021,0.61,8265.6,0.462,0.01,82.72,0.021
15,0,-15000,15000.0,230969.24987511622,14.20577621459961,0.522982609563,0.91,5808.24,0.694,0.42,4976.51,0.103,2.21,24263.8,0.721,0.05,344.04,0.044,82306.34563649073,10.520078659057617,0.32718062860777625,0.71,3806.88,0.528,0.01,82.72,0.021,0.87,8815.0,0.479,0.01,82.72,0.021
15,0,-14500,14500.0,210849.33516332807,10.631752014160156,0.5027015348730908,2.87,24999.39,0.683,0.4,4799.41,0.101,2.11,23525.8,0.714,0.06,323.36,0.043,76116.26301314682,10.102668762207031,0.31699655885789424,0.58,2062.8,0.448,0.18,1133.44,0.045,1.33,9339.8,0.495,0.03,97.76,0.023
15,0,-14000,14000.0,192830.1092068285,8.826058387756348,0.47953024675030625,0.44,4624.56,0.644,0.44,5011.93,0.104,1.56,21311.8,0.693,0.06,319.6,0.043,68200.96741961315,8.608953475952148,0.2995856008158324,0.83,3361.9200000000005,0.503,0.16,1115.73,0.045,1.48,8864.2,0.484,0.03,103.40000000000002,0.024
15,0,-13500,13500.0,180992.80668121876,9.154474258422852,0.4656890430407714,0.36,3985.2,0.612,0.05,265.08,0.04,1.08,19261.8,0.672,0.05,265.08,0.04,61924.88853712566,7.033442974090576,0.28639384638850024,0.57,1460.16,0.383,0.14,1098.02,0.044,1.6,8331.2,0.474,0.03,90.24,0.022
15,0,-13000,13000.0,176060.78651971451,9.711519241333008,0.4545866792843158,0.53,6334.5,0.659,0.03,248.16,0.039,0.79,17523.4,0.652,0.03,248.16,0.039,56580.66750867292,5.465362548828125,0.2713528755301155,0.77,2441.1,0.441,0.1,1115.73,0.044,1.28,7002.799999999999,0.434,0.04,90.24,0.022
15,0,-12500,12500.0,177850.7917624829,10.686716079711914,0.4552934978702539,0.58,6114.68,0.638,0.02,208.68000000000004,0.036,0.81,15998.200000000003,0.633,0.02,208.68000000000004,0.036,53954.18832432479,4.3950419425964355,0.26578738791681905,0.6,2181.54,0.425,0.06,1151.15,0.044,1.12,6068.0,0.414,0.02,58.28,0.017
15,0,-12000,12000.0,185784.59636962152,11.673080444335938,0.46356173082205887,0.61,6323.46,0.646,0.03,197.4,0.035,0.78,14768.200000000003,0.616,0.03,197.4,0.035,52623.027455667034,3.5978047847747803,0.2584144872624841,0.3,1136.16,0.358,0.08,1239.7,0.045,0.83,5289.0,0.396,0.02,54.519999999999996,0.017
15,0,-11500,11500.0,196708.06554315085,12.464739799499512,0.4771706255521879,0.63,7175.74,0.677,0.02,171.08,0.033,0.78,13603.8,0.597,0.02,171.08,0.033,53241.7128468398,3.1041908264160156,0.2578169848502408,0.39,1968.33,0.415,0.12,1345.96,0.046,0.59,4657.6,0.379,0.02,47.0,0.016
15,0,-11000,11000.0,208771.89473192766,13.108569145202637,0.49404765238176374,0.76,6258.199999999999,0.644,0.02,163.56,0.032,0.83,13554.600000000002,0.594,0.02,163.56,0.032,55985.28096573427,2.6395061016082764,0.26308919172326384,0.36,2036.31,0.422,0.12,1381.38,0.046,0.54,4698.6,0.38,0.02,43.24,0.016
15,0,-10500,10500.0,218848.9245621355,14.402491569519043,0.5082156367207775,0.72,6075.68,0.67,0.02,163.56,0.032,0.95,13956.4,0.602,0.02,163.56,0.032,58619.93915985804,2.0844271183013916,0.2678205316571106,0.27,2067.21,0.416,0.01,43.24,0.016,0.51,4846.2,0.387,0.01,43.24,0.016
15,0,-10000,10000.0,224565.00425177778,16.254655838012695,0.517560258166466,0.53,4007.22,0.662,0.02,167.32,0.032,1.13,15891.6,0.632,0.02,167.32,0.032,60944.384695147164,2.0953378677368164,0.2695747497211747,0.21,2053.48,0.369,0.01,45.12,0.016,0.41,4895.4,0.382,0.01,45.12,0.016
15,0,-9500,9500.0,226903.40442420135,17.540111541748047,0.5213811331171874,0.76,5350.32,0.683,0.03,212.43999999999997,0.036,1.31,17925.2,0.66,0.03,212.43999999999997,0.036,64184.74196129828,2.404881000518799,0.27408043759390954,0.25,2193.62,0.384,0.01,45.12,0.016,0.31,5043.0,0.381,0.01,45.12,0.016
15,0,-9000,9000.0,224197.6748011088,18.06059455871582,0.5189937754467024,0.67,5235.84,0.678,0.04,227.48,0.037,1.43,19573.4,0.681,0.04,227.48,0.037,69259.54927973798,3.145505666732788,0.28180402329597604,0.27,2256.54,0.391,0.01,45.12,0.016,0.3,5518.6,0.387,0.01,45.12,0.016
15,0,-8500,8500.0,219605.34729182668,17.78559112548828,0.5129416138274195,0.57,4434.06,0.657,0.05,265.08,0.04,1.5,20910.0,0.697,0.05,265.08,0.04,76366.02247197297,4.0747904777526855,0.294884675556833,0.4,3400.54,0.493,0.01,50.76,0.016,0.37,6076.2,0.398,0.01,50.76,0.016
15,0,-8000,8000.0,212233.77041063923,16.991912841796875,0.5049350274067413,0.88,4767.6,0.582,0.06,276.36,0.041,1.48,20360.6,0.693,0.06,276.36,0.041,85220.8634124021,4.91060209274292,0.3137648639973602,0.47,2401.2,0.404,0.01,54.519999999999996,0.016,0.41,6174.6,0.4,0.01,54.519999999999996,0.016
15,0,-7500,7500.0,204622.34085986682,16.774154663085938,0.4969549370697936,0.89,4738.6,0.58,0.04,259.44,0.04,1.44,19573.4,0.686,0.04,259.44,0.04,94553.30453630886,5.349677085876465,0.33287408723059286,0.49,2485.3,0.412,0.01,54.519999999999996,0.016,0.47,6215.6,0.403,0.01,54.519999999999996,0.016
15,0,-7000,7000.0,196227.5142250094,16.252559661865234,0.48866386301935716,0.53,3045.0,0.597,0.04,255.68000000000004,0.039,1.35,18433.6,0.672,0.04,255.68000000000004,0.039,104028.2438989263,5.8108625411987305,0.3518889179141,0.28,1623.42,0.435,0.01,56.4,0.016,0.47,6248.4,0.403,0.01,56.4,0.016
15,0,-6500,6500.0,187913.8651276296,14.561655044555664,0.48170725584489266,0.63,3475.29,0.596,0.29,4356.66,0.095,1.39,17498.8,0.66,0.04,225.6,0.037,113796.799766802,5.961948871612549,0.3711947228578671,0.38,2380.32,0.483,0.01,56.4,0.016,0.63,6469.8,0.41,0.01,56.4,0.016
15,0,-6000,6000.0,179239.97159595817,12.0357027053833,0.4690706562494469,1.19,6923.76,0.588,0.37,4409.79,0.096,1.43,17261.0,0.654,0.04,216.19999999999996,0.037,122802.55704295705,5.600072383880615,0.3867143606597709,0.53,4168.41,0.558,0.01,56.4,0.016,0.78,8134.4,0.465,0.01,56.4,0.016
15,0,-5500,5500.0,173012.6012268109,9.341168403625488,0.459815535865268,0.49,3505.4400000000005,0.595,0.04,212.43999999999997,0.036,1.43,17310.2,0.654,0.04,212.43999999999997,0.036,130235.64995485949,5.394297122955322,0.3971643787355351,0.42,3324.86,0.52,0.02,92.12,0.023,0.89,9930.2,0.516,0.02,92.12,0.023
15,0,-5000,5000.0,169578.23214996507,6.634895324707031,0.45034418892297,0.44,3314.4899999999993,0.579,0.04,210.56000000000003,0.036,1.18,17203.6,0.651,0.04,210.56000000000003,0.036,135879.2022876027,5.511509418487549,0.4047157272817054,0.54,3549.6,0.505,0.03,103.40000000000002,0.024,0.81,10979.8,0.54,0.03,103.40000000000002,0.024
15,0,-4500,4500.0,168666.67263336448,5.387789726257324,0.44468433226350146,0.43,3566.16,0.536,0.04,210.56000000000003,0.036,0.92,16949.4,0.646,0.04,210.56000000000003,0.036,141555.89219119775,5.5014119148254395,0.41129727663048077,0.52,3004.56,0.543,0.03,127.84000000000002,0.028,0.77,11890.0,0.56,0.03,127.84000000000002,0.028
15,0,-4000,4000.0,171506.31692933495,5.697057723999023,0.44574530132730167,0.5,4468.9,0.564,0.04,210.56000000000003,0.036,0.69,15235.599999999999,0.619,0.04,210.56000000000003,0.036,147613.85063933796,5.352675914764404,0.4208552390504196,0.45,3008.88,0.542,0.03,133.48,0.029,0.86,12103.2,0.565,0.03,133.48,0.029
15,0,-3500,3500.0,177529.78379360982,5.9488525390625,0.4540080133867368,0.55,3268.08,0.561,0.03,172.96,0.033,0.67,13489.0,0.589,0.03,172.96,0.033,152543.23358815978,5.3492045402526855,0.4284852344431289,0.44,2625.06,0.525,0.37,4728.57,0.098,0.89,12185.2,0.569,0.04,141.0,0.03
15,0,-3000,3000.0,186627.87996731105,6.145153999328613,0.4662735001011275,0.52,3479.76,0.576,0.03,161.68,0.032,0.72,13218.4,0.583,0.03,161.68,0.032,156752.81538161903,5.245074272155762,0.4326519788438803,0.44,2753.7,0.536,0.4,5011.93,0.102,0.71,12242.6,0.568,0.05,142.88,0.03
15,0,-2500,2500.0,196720.11396196717,7.143795013427734,0.48001141262544894,0.46,4168.8,0.623,0.04,156.04,0.031,0.76,13407.000000000002,0.587,0.04,156.04,0.031,161110.5142705022,5.6016716957092285,0.43634278847318647,0.4,3073.29,0.563,0.04,144.76,0.03,0.68,12349.2,0.569,0.04,144.76,0.03
15,0,-2000,2000.0,206392.31076954442,7.543289661407471,0.49164297325218004,0.41,4244.4,0.627,0.47,7048.58,0.123,0.79,14965.0,0.614,0.05,156.04,0.031,166964.77455906806,6.250800132751465,0.4394932551948312,0.4,3579.12,0.58,0.03,146.64,0.03,0.56,13366.0,0.585,0.03,146.64,0.03
15,0,-1500,1500.0,213542.5015639265,8.395528793334961,0.4979411933344864,0.43,4579.2,0.646,0.04,193.64,0.035,0.81,16564.0,0.638,0.04,193.64,0.035,175810.52162064868,6.446082592010498,0.4460339346534627,1.5,6826.82,0.654,0.03,172.96,0.033,0.63,14464.8,0.603,0.03,172.96,0.033
15,0,-1000,1000.0,218651.729836168,8.65518856048584,0.5025640393771124,0.58,5736.2,0.624,0.04,206.80000000000004,0.036,0.84,17334.8,0.649,0.04,206.80000000000004,0.036,188324.90546089856,10.445259094238281,0.4611338067938157,1.63,7101.379999999999,0.663,0.04,180.48,0.034,0.71,14128.6,0.595,0.04,180.48,0.034
15,0,-500,500.0,221927.42765732197,8.919120788574219,0.5036251435579449,0.58,5727.5,0.624,0.03,225.6,0.037,0.88,17810.4,0.656,0.03,225.6,0.037,201533.09799695382,12.460989952087402,0.47763383581161223,1.17,5473.7,0.633,0.04,171.08,0.032,0.72,13685.800000000001,0.587,0.04,171.08,0.032
15,0,0,0.0,225625.00352203057,9.601561546325684,0.5059312199132503,0.74,5979.8,0.633,0.03,231.24,0.038,0.92,17982.6,0.658,0.03,231.24,0.038,215010.67783695424,12.308234214782715,0.49468797756666727,1.24,5977.0,0.632,0.04,169.2,0.032,0.61,13726.799999999997,0.587,0.04,169.2,0.032
15,0,500,500.0,229984.0287693921,10.719832420349121,0.5086633881671341,0.75,6000.1,0.634,0.03,233.12,0.038,0.96,18179.4,0.662,0.03,233.12,0.038,226919.31294525275,13.282069206237793,0.5088068131278056,1.41,4983.12,0.658,0.04,169.2,0.032,0.71,14022.000000000002,0.593,0.04,169.2,0.032
15,0,1000,1000.0,236369.45447855664,12.897093772888184,0.5137917167164936,0.84,6548.199999999999,0.654,0.03,235.0,0.038,1.02,18376.2,0.664,0.03,235.0,0.038,237794.4465145818,14.623576164245605,0.5191595779843778,1.98,7981.469999999999,0.699,0.04,171.08,0.032,1.68,16834.6,0.637,0.04,171.08,0.032
15,0,1500,1500.0,243914.60112338926,15.229848861694336,0.5203303698466446,0.84,6591.7,0.655,0.02,236.88,0.038,1.08,18605.8,0.667,0.02,236.88,0.038,245990.03572992515,14.989270210266113,0.5233465532996429,1.46,8154.51,0.703,0.08,238.76,0.038,2.86,19819.4,0.674,0.08,238.76,0.038
15,0,2000,2000.0,252295.9712058354,17.121566772460938,0.5270780992189706,0.59,4411.95,0.65,0.02,238.76,0.038,1.05,18827.2,0.668,0.02,238.76,0.038,252890.55881261593,14.74122428894043,0.5278771253553545,0.92,8383.17,0.711,0.93,9262.33,0.139,2.16,20614.8,0.685,0.1,259.44,0.04
15,0,2500,2500.0,260641.77337314395,18.48058319091797,0.5334468930662934,0.6,4663.2,0.662,0.04,246.28,0.038,1.24,18974.8,0.669,0.04,246.28,0.038,260407.88282235735,14.18134593963623,0.5327762405284884,0.63,5121.36,0.668,0.05,266.96,0.04,1.45,21147.8,0.692,0.05,266.96,0.04
15,0,3000,3000.0,269166.5767074014,19.277793884277344,0.5405986140783204,0.46,1381.68,0.232,0.04,248.16,0.039,1.42,19671.8,0.677,0.04,248.16,0.039,267725.3198548715,14.009825706481934,0.5415694459231731,0.61,5175.36,0.67,0.04,270.72,0.04,1.44,20967.4,0.693,0.04,270.72,0.04
15,0,3500,3500.0,276730.75014813204,21.659238815307617,0.5461342220227442,1.03,8113.82,0.701,0.04,263.2,0.039,1.6,20450.8,0.686,0.04,263.2,0.039,272973.4068308462,13.56551456451416,0.5496458463209384,0.8,7621.2,0.69,0.04,265.08,0.04,1.5,20713.2,0.694,0.04,265.08,0.04
15,0,4000,4000.0,283700.7602512357,24.63909149169922,0.5516390695669007,0.65,1465.28,0.237,0.04,266.96,0.04,1.63,21254.4,0.695,0.04,266.96,0.04,273179.04345537716,12.850871086120605,0.5541484456782446,0.5,4779.78,0.701,0.05,265.08,0.04,1.38,21147.8,0.699,0.05,265.08,0.04
15,0,4500,4500.0,289133.5089819031,26.381925582885742,0.5543056737793186,1.63,9280.92,0.682,0.05,285.76,0.041,1.65,22033.4,0.704,0.05,285.76,0.041,269471.840775531,11.89745044708252,0.5544299202092373,0.67,6335.28,0.718,0.04,278.24,0.041,1.23,21680.8,0.705,0.04,278.24,0.041
15,0,5000,5000.0,293205.27145618945,27.4434757232666,0.5573419502737532,1.79,8001.1,0.701,0.05,291.4,0.041,1.64,22730.4,0.711,0.05,291.4,0.041,261393.62421461265,10.986013412475586,0.5474810227585957,0.61,5513.43,0.702,0.04,283.88,0.041,1.23,23222.4,0.718,0.04,283.88,0.041
15,0,5500,5500.0,295418.2101497805,28.328819274902344,0.5578662957431734,2.55,9875.44,0.695,0.04,306.44,0.042,1.74,23337.2,0.718,0.04,306.44,0.042,251203.8996804622,9.895661354064941,0.5356469359549434,0.6,5545.59,0.705,0.04,323.36,0.043,1.22,24665.6,0.729,0.04,323.36,0.043
15,0,6000,6000.0,295255.59320804494,29.498212814331055,0.5610566787211192,2.67,8412.9,0.712,0.05,312.08,0.042,2.1,23714.4,0.721,0.05,312.08,0.042,241724.84261866193,8.465536117553711,0.5237890638398118,1.11,11134.32,0.698,0.05,336.52,0.044,1.2,24067.0,0.724,0.05,336.52,0.044
15,0,6500,6500.0,291405.52384003566,33.15186309814453,0.5602701373743385,2.73,8444.8,0.713,0.07,323.36,0.043,2.45,23952.2,0.723,0.07,323.36,0.043,234214.79276423925,7.065454006195068,0.5139835004740025,0.39,1288.96,0.228,0.04,323.36,0.043,1.16,22976.4,0.714,0.04,323.36,0.043
15,0,7000,7000.0,283731.9694924943,36.30691909790039,0.557625702561836,1.56,5148.66,0.717,0.07,325.24,0.043,2.61,24050.6,0.723,0.07,325.24,0.043,231493.6095776211,7.345046043395996,0.5079389836808998,0.4,1384.72,0.234,0.04,321.48,0.043,0.99,20327.8,0.688,0.04,321.48,0.043
15,0,7500,7500.0,273615.9493389892,37.17444610595703,0.552860290402424,1.93,5945.58,0.718,0.09,327.12,0.043,2.74,24231.0,0.725,0.09,327.12,0.043,234557.68582019373,9.603851318359375,0.5105850438850251,1.1,8675.72,0.666,0.03,253.80000000000004,0.039,0.77,17835.0,0.661,0.03,253.80000000000004,0.039
15,0,8000,8000.0,260850.7144284732,35.52375793457031,0.5419737167092157,1.83,5700.36,0.708,0.09,327.12,0.043,2.94,24747.6,0.728,0.09,327.12,0.043,243245.71439602005,11.83128547668457,0.5195062967542666,1.23,7308.0,0.682,0.03,236.88,0.038,0.64,17482.4,0.657,0.03,236.88,0.038
15,0,8500,8500.0,248227.56725615181,33.39264678955078,0.5302239798883465,1.67,5155.65,0.685,0.12,340.28,0.044,3.17,25116.6,0.731,0.12,340.28,0.044,253039.84781178806,13.3047513961792,0.5292682834601219,1.27,7403.7,0.685,0.04,233.12,0.038,0.78,17482.4,0.657,0.04,233.12,0.038
15,0,9000,9000.0,235840.35283560606,30.254188537597656,0.5157777017503933,3.02,10359.12,0.679,0.12,344.04,0.044,3.18,23796.4,0.719,0.12,344.04,0.044,262982.91809235234,14.29543399810791,0.5422348036756257,1.47,7896.7,0.698,0.05,231.24,0.038,0.87,17958.0,0.663,0.05,231.24,0.038
15,0,9500,9500.0,228234.77225928224,29.1744384765625,0.5085196048812426,4.69,22844.11,0.664,0.12,308.32,0.042,3.16,22402.4,0.707,0.12,308.32,0.042,271104.8162742903,14.676107406616211,0.5529565202853826,1.47,7957.6,0.701,0.05,242.52,0.039,0.97,18589.4,0.67,0.05,242.52,0.039
15,0,10000,10000.0,224787.7651503998,28.75389289855957,0.5048425492564693,1.65,6377.1,0.652,0.12,297.04,0.041,2.58,20090.0,0.684,0.12,297.04,0.041,274668.71164259175,14.615856170654297,0.5558680358895371,1.02,5306.4,0.694,0.05,246.28,0.039,1.05,20311.4,0.689,0.05,246.28,0.039
15,0,10500,10500.0,225026.71536477734,28.816307067871094,0.5076354399523417,1.67,6435.1,0.655,0.08,240.64,0.038,2.23,17982.6,0.661,0.08,240.64,0.038,274798.0362868213,14.015508651733398,0.5539898339877354,1.06,5628.0,0.708,0.07,287.64,0.042,1.24,22025.2,0.706,0.07,287.64,0.042
15,0,11000,11000.0,227163.4277258939,29.724090576171875,0.5085772809885368,1.8,6817.9,0.671,0.07,225.6,0.037,2.19,17498.8,0.657,0.07,225.6,0.037,272191.8866739725,12.838957786560059,0.5476008912471694,0.94,5342.58,0.696,0.07,298.92,0.042,1.33,23222.4,0.717,0.07,298.92,0.042
15,0,11500,11500.0,228694.03007928538,30.919347763061523,0.507002922012832,1.81,6846.9,0.672,0.07,219.96,0.037,2.18,17244.6,0.657,0.07,219.96,0.037,269084.32151097833,13.139630317687988,0.539354027052199,1.02,5897.88,0.66,0.07,325.24,0.043,1.38,24288.4,0.728,0.07,325.24,0.043
15,0,12000,12000.0,230780.88416115177,32.28837585449219,0.5023399973336871,1.22,4570.74,0.663,0.07,218.07999999999998,0.036,2.36,18089.2,0.669,0.07,218.07999999999998,0.036,269835.57745897654,15.332847595214844,0.5371314674660894,1.51,7035.4,0.671,0.07,334.64,0.044,1.48,23542.2,0.721,0.07,334.64,0.044
15,0,12500,12500.0,235251.75929995312,33.34617233276367,0.5000258460462589,1.29,4737.57,0.674,0.08,240.64,0.038,2.56,18933.8,0.681,0.08,240.64,0.038,274682.2124091014,18.550737380981445,0.5406369724827185,1.55,7125.3,0.675,0.06,306.44,0.043,1.55,22878.0,0.715,0.06,306.44,0.043
15,0,13000,13000.0,244911.85655907585,34.1134033203125,0.5045549156177954,1.25,4697.37,0.673,0.08,246.28,0.039,2.84,19302.8,0.687,0.08,246.28,0.039,283151.6079289543,21.739004135131836,0.5471327631282232,0.99,4428.3,0.683,0.06,298.92,0.042,1.35,21976.0,0.706,0.06,298.92,0.042
15,0,13500,13500.0,259064.8804735098,35.90015411376953,0.5155198807330497,1.34,5060.88,0.68,0.09,253.80000000000004,0.039,3.12,19614.4,0.694,0.09,253.80000000000004,0.039,292753.3082908412,22.59380531311035,0.5553101946719722,1.33,5739.12,0.695,0.07,278.24,0.041,1.88,21205.2,0.698,0.07,278.24,0.041
15,0,14000,14000.0,275806.0001385245,36.654457092285156,0.530601859898356,1.1,4296.06,0.688,0.09,257.56,0.039,3.49,19729.2,0.697,0.09,257.56,0.039,302529.16470357694,21.615602493286133,0.5645140934093663,1.23,5870.88,0.698,0.08,272.6,0.04,2.19,21787.4,0.702,0.08,272.6,0.04
15,0,14500,14500.0,293913.02856986073,37.0274772644043,0.5474713846888408,1.43,5849.28,0.71,0.08,253.80000000000004,0.039,4.13,20081.8,0.703,0.08,253.80000000000004,0.039,309068.112282377,19.8222599029541,0.5697720895709358,0.91,5943.57,0.715,0.09,293.28,0.042,2.36,22361.4,0.708,0.09,293.28,0.042
15,0,15000,15000.0,309377.9832798816,36.79119873046875,0.5634630180767994,1.41,6123.6,0.717,0.08,253.80000000000004,0.039,4.42,21664.4,0.717,0.08,253.80000000000004,0.039,311579.86306390696,17.896400451660156,0.5740364036489888,0.84,6021.96,0.717,0.84,10059.28,0.143,2.09,23443.8,0.717,0.09,300.8,0.042
15,0,15500,15500.0,322850.0662734186,35.88066864013672,0.5773851600090887,1.35,6970.320000000001,0.743,0.08,285.76,0.041,4.62,23632.4,0.734,0.08,285.76,0.041,309869.67890331434,16.030088424682617,0.5736083741268023,1.01,8694.2,0.716,0.07,329.0,0.043,1.8,24436.0,0.725,0.07,329.0,0.043
15,0,16000,16000.0,330090.83069358784,33.724422454833984,0.5875605517622616,1.19,5929.5,0.724,0.08,297.04,0.042,4.26,25846.4,0.749,0.08,297.04,0.042,304249.74291018443,14.2236328125,0.5710764371326691,0.69,6156.63,0.721,0.07,336.52,0.044,1.62,24969.0,0.728,0.07,336.52,0.044
15,0,16500,16500.0,333017.6515337991,31.75860595703125,0.5931836281432693,1.08,6548.58,0.744,0.08,345.92,0.044,3.87,28035.799999999996,0.763,0.08,345.92,0.044,295964.9689978294,12.387839317321777,0.5644981112363306,0.7,6044.07,0.72,0.05,349.68,0.044,1.53,25461.0,0.733,0.05,349.68,0.044
15,0,17000,17000.0,331456.78585534706,29.50959587097168,0.5935638023932667,1.71,11893.41,0.792,0.09,360.96,0.045,3.41,29388.800000000003,0.771,0.09,360.96,0.045,288838.506437288,10.230692863464355,0.5563936950210215,0.65,5897.34,0.715,0.05,353.44,0.044,1.46,25190.4,0.732,0.05,353.44,0.044
15,0,17500,17500.0,328520.7388103929,27.466625213623047,0.5916845782915067,1.78,11686.38,0.788,0.08,394.8,0.046,3.57,30372.8,0.777,0.08,394.8,0.046,285457.9146235326,10.329824447631836,0.5522070643764674,0.78,5998.32,0.707,0.05,344.04,0.044,1.37,24846.0,0.731,0.05,344.04,0.044
15,0,18000,18000.0,326962.4668002454,26.062602996826172,0.5864465533431875,1.85,11482.439999999999,0.786,0.07,406.08,0.046,3.71,29913.599999999995,0.775,0.07,406.08,0.046,286766.1685865136,11.260150909423828,0.5486213335405048,1.12,7600.9,0.694,0.05,344.04,0.044,1.41,23911.2,0.723,0.05,344.04,0.044
15,0,18500,18500.0,329831.1394610652,26.561935424804688,0.5836999650448426,1.54,10892.25,0.776,0.07,389.15999999999997,0.046,3.74,29331.400000000005,0.772,0.07,389.15999999999997,0.046,293405.20539514814,11.450501441955566,0.5510325777903459,1.18,9172.02,0.728,0.05,323.36,0.043,1.55,22951.8,0.715,0.05,323.36,0.043
15,0,19000,19000.0,340659.9495300164,27.609106063842773,0.5850151084176154,1.33,11222.64,0.771,0.07,385.3999999999999,0.046,3.12,27675.0,0.762,0.07,385.3999999999999,0.046,306665.2649615246,15.981833457946777,0.5599406041109303,1.29,9400.82,0.733,0.05,317.72,0.043,1.71,21746.4,0.704,0.05,317.72,0.043
15,0,19500,19500.0,356834.68409427354,28.136856079101562,0.5910466567123251,1.36,13024.44,0.795,0.06,342.16,0.044,2.58,26289.200000000004,0.756,0.06,342.16,0.044,322474.14797423396,19.262086868286133,0.5719875980728748,1.76,9849.84,0.742,0.06,287.64,0.041,1.7,20696.8,0.694,0.06,287.64,0.041
15,0,20000,20000.0,374831.28358664457,27.432891845703125,0.5977658961845818,1.51,13253.240000000002,0.798,0.06,330.88,0.044,2.21,26076.0,0.756,0.06,330.88,0.044,338601.4081781481,22.875905990600586,0.5817104381054724,1.99,10144.2,0.75,0.06,280.12,0.041,1.14,21320.0,0.7,0.06,280.12,0.041
16,0,-20000,20000.0,363805.7088206973,34.844791412353516,0.6072905179999978,1.69,7867.14,0.777,1.11,9811.34,0.142,4.9,36391.6,0.805,0.13,547.08,0.051,197846.93166823307,22.803977966308594,0.48981046448893406,3.59,8714.88,0.693,0.1,261.32,0.041,3.55,18302.4,0.692,0.1,261.32,0.041
16,0,-19500,19500.0,338147.2393222153,32.91401290893555,0.5915618612666516,1.32,7030.979999999999,0.759,0.13,503.84000000000003,0.05,3.74,34964.8,0.798,0.13,503.84000000000003,0.05,198976.38883616857,25.139907836914062,0.4894309838345886,3.67,9134.96,0.703,0.08,219.96,0.038,2.41,16432.8,0.669,0.08,219.96,0.038
16,0,-19000,19000.0,316630.8195657564,29.667211532592773,0.5736284724872122,2.43,14161.68,0.753,0.13,496.32,0.05,3.33,32004.6,0.783,0.13,496.32,0.05,203491.0541046409,28.509471893310547,0.4936940894727162,2.85,6669.52,0.687,0.08,208.68000000000004,0.037,1.69,14186.0,0.635,0.08,208.68000000000004,0.037
16,0,-18500,18500.0,302435.69233621133,25.45265007019043,0.5647399894985968,0.97,5857.14,0.72,0.08,426.76,0.048,2.87,29044.4,0.767,0.08,426.76,0.048,210175.29137857503,32.00541305541992,0.5032644013276969,2.64,5920.74,0.688,0.04,157.92,0.032,1.88,12160.6,0.599,0.04,157.92,0.032
16,0,-18000,18000.0,293838.7898189137,21.426496505737305,0.5578881692688799,1.03,5983.2,0.71,0.08,404.2,0.047,2.5,26174.4,0.746,0.08,404.2,0.047,218985.34804647887,35.81882095336914,0.5144346831213795,2.76,5608.32,0.679,0.04,144.76,0.031,2.5,13751.4,0.628,0.04,144.76,0.031
16,0,-17500,17500.0,290388.1667106206,21.422889709472656,0.5576914303648846,1.12,5628.96,0.697,0.07,336.52,0.044,2.32,23509.4,0.725,0.07,336.52,0.044,225284.1385869854,38.152549743652344,0.5205120981816097,2.69,5114.88,0.7,0.07,191.76,0.036,3.43,15727.6,0.661,0.07,191.76,0.036
16,0,-17000,17000.0,290574.2870524167,21.786710739135742,0.560102719160136,1.12,5702.4,0.7,0.06,319.6,0.043,2.39,22410.6,0.714,0.06,319.6,0.043,229704.4911495253,40.73641586303711,0.5281987130632118,2.75,5032.8,0.697,0.1,203.04,0.037,4.75,17703.8,0.688,0.1,203.04,0.037
16,0,-16500,16500.0,290826.9565531848,20.724597930908203,0.5630652112828404,1.22,5963.76,0.711,0.05,297.04,0.042,2.48,21738.2,0.708,0.05,297.04,0.042,231394.09072796855,40.927024841308594,0.5315830954759744,2.84,4752.0,0.687,1.39,7597.59,0.133,6.13,19483.2,0.71,0.15,251.92000000000002,0.041
16,0,-16000,16000.0,289613.7125632461,18.17613410949707,0.5629550342222259,1.19,6089.04,0.715,0.06,291.4,0.041,2.51,22164.6,0.711,0.06,291.4,0.041,228993.36066376674,37.959083557128906,0.5316796738997481,2.65,4758.48,0.689,1.28,7473.62,0.132,6.24,19040.4,0.705,0.17,263.2,0.041
16,0,-15500,15500.0,286607.8269317463,19.031782150268555,0.5604621920075575,1.1,6469.2,0.727,0.07,306.44,0.042,2.67,22755.0,0.717,0.07,306.44,0.042,227485.93475640463,35.30327606201172,0.5340705841198031,3.17,7252.23,0.723,1.16,7349.650000000001,0.131,6.14,18564.8,0.7,0.2,242.52,0.04
16,0,-15000,15000.0,280929.7072013751,19.92723846435547,0.5549795915017997,1.57,7215.2,0.677,0.08,312.08,0.043,2.57,23681.6,0.724,0.08,312.08,0.043,225835.55767510703,30.84907341003418,0.532278756279577,2.79,7221.33,0.721,1.17,7420.490000000001,0.131,5.52,18433.6,0.698,0.2,236.88,0.04
16,0,-14500,14500.0,273848.25136841985,20.39080238342285,0.5468912208569977,1.59,7186.2,0.677,0.08,336.52,0.044,2.37,24509.8,0.73,0.08,336.52,0.044,225653.42404200765,27.469730377197266,0.5317754463879237,2.57,7110.090000000001,0.719,0.17,246.28,0.041,4.91,18359.8,0.697,0.17,246.28,0.041
16,0,-14000,14000.0,267373.59221865144,20.245737075805664,0.5379222189763075,1.7,7023.8,0.669,0.69,8536.22,0.132,2.39,23575.0,0.721,0.08,342.16,0.044,228426.95649189627,23.48540687561035,0.5302275017241311,2.39,7017.39,0.72,0.14,244.4,0.041,4.4,18286.0,0.697,0.14,244.4,0.041
16,0,-13500,13500.0,262735.3148534938,19.340667724609375,0.5317691672791058,1.39,5505.84,0.687,0.05,315.84,0.043,2.54,22607.4,0.712,0.05,315.84,0.043,233121.23554471513,23.22899627685547,0.5293592286683197,2.21,6847.44,0.712,0.06,233.12,0.039,3.97,18113.8,0.698,0.06,233.12,0.039
16,0,-13000,13000.0,263620.51372469845,17.77888298034668,0.5249250896833714,1.97,8166.87,0.71,0.05,310.2,0.043,2.84,21885.8,0.704,0.05,310.2,0.043,242079.37298503294,25.7408390045166,0.5282474286031599,2.81,9597.76,0.718,0.06,235.0,0.039,3.59,17777.6,0.693,0.06,235.0,0.039
16,0,-12500,12500.0,269040.8497936118,15.758218765258789,0.5232143305959615,1.23,4797.87,0.666,0.05,291.4,0.041,3.15,21229.8,0.696,0.05,291.4,0.041,254840.68574454315,28.22904396057129,0.5314766557629235,3.09,10345.36,0.733,0.06,229.36,0.039,3.25,17408.6,0.687,0.06,229.36,0.039
16,0,-12000,12000.0,282173.92825079727,13.487225532531738,0.5274595097892929,1.68,7824.96,0.685,0.05,285.76,0.041,2.93,20295.0,0.679,0.05,285.76,0.041,278287.507091913,31.748126983642578,0.5425373745174357,2.72,8253.4,0.735,0.06,227.48,0.039,2.77,17384.0,0.685,0.06,227.48,0.039
16,0,-11500,11500.0,302792.5243134508,14.891654014587402,0.5397971777567309,2.08,10501.92,0.749,0.05,265.08,0.039,2.56,19581.6,0.666,0.05,265.08,0.039,302335.9123011969,34.38419723510742,0.5492689033400343,2.76,8363.6,0.738,0.05,227.48,0.039,2.51,17613.6,0.686,0.05,227.48,0.039
16,0,-11000,11000.0,328598.040867751,16.580108642578125,0.5601395520478102,2.1,10936.64,0.758,0.05,259.44,0.039,1.81,18819.0,0.656,0.05,259.44,0.039,326824.53827315854,36.196144104003906,0.5504525984546277,4.29,19767.16,0.624,0.05,227.48,0.039,3.3,19278.2,0.702,0.05,227.48,0.039
16,0,-10500,10500.0,356646.80308312096,21.36853790283203,0.5816358122005693,2.05,12426.7,0.782,0.03,246.28,0.038,1.52,18277.8,0.652,0.03,246.28,0.038,349017.1138294776,36.377113342285156,0.5483785709857432,6.5,23104.190000000002,0.648,0.08,263.2,0.041,4.06,21229.8,0.719,0.08,263.2,0.041
16,0,-10000,10000.0,383381.6662149117,24.208820343017578,0.6045573737028402,2.06,11074.4,0.787,0.03,244.4,0.038,1.61,20426.2,0.677,0.03,244.4,0.038,369441.6995825588,33.49302291870117,0.549999866001366,7.42,25138.13,0.657,0.09,274.48,0.042,4.17,23247.0,0.735,0.09,274.48,0.042
16,0,-9500,9500.0,406869.2884621484,25.051273345947266,0.6234495335091207,2.3,11503.66,0.794,0.06,300.8,0.042,2.8,22992.8,0.704,0.06,300.8,0.042,387609.238202713,36.76017379760742,0.5494945141502973,7.38,25654.39,0.66,0.1,321.48,0.044,4.09,25264.2,0.752,0.1,321.48,0.044
16,0,-9000,9000.0,420084.44539447315,22.897171020507812,0.6346016836385456,2.48,12752.04,0.793,0.07,319.6,0.043,3.52,27847.2,0.744,0.07,319.6,0.043,409898.4034465204,46.786895751953125,0.5639951976863886,6.08,15567.2,0.833,0.11,336.52,0.044,3.45,28609.8,0.775,0.11,336.52,0.044
16,0,-8500,8500.0,422494.1960197634,23.45398712158203,0.6340136798761568,2.35,9866.88,0.803,0.1,443.68,0.048,4.02,32357.2,0.774,0.1,443.68,0.048,424189.5245256566,51.99907302856445,0.5707381364750281,6.13,15622.3,0.834,0.09,423.0,0.048,4.96,31742.2,0.794,0.09,423.0,0.048
16,0,-8000,8000.0,416562.30829897325,23.16249656677246,0.6302540672096123,2.18,9776.16,0.801,0.12,479.3999999999999,0.049,3.46,34784.4,0.787,0.12,479.3999999999999,0.049,438455.6402865476,60.92549514770508,0.5902639489781378,3.16,9067.14,0.831,0.09,447.44,0.049,7.01,34522.0,0.807,0.09,447.44,0.049
16,0,-7500,7500.0,406403.754806585,24.26862144470215,0.6210119759614273,2.55,14340.689999999999,0.817,0.15,526.4,0.05,4.09,36826.2,0.798,0.15,526.4,0.05,441033.5438815586,62.69152069091797,0.5990018376007245,3.9,10594.71,0.834,0.16,520.76,0.05,8.78,36621.2,0.817,0.16,520.76,0.05
16,0,-7000,7000.0,395749.5325574117,24.97175407409668,0.6136767394683386,2.31,14405.58,0.818,0.15,539.56,0.05,3.39,36203.0,0.796,0.15,539.56,0.05,431524.33183621033,53.88269805908203,0.6053609022134557,7.66,21468.96,0.829,0.18,541.44,0.051,9.42,38089.0,0.823,0.18,541.44,0.051
16,0,-6500,6500.0,389658.61229192815,25.083616256713867,0.611781482911204,1.79,9060.18,0.761,0.1,494.44,0.049,2.96,36030.8,0.796,0.1,494.44,0.049,419171.20864920435,47.57499694824219,0.611579894036611,13.14,47592.67,0.818,0.19,573.4,0.051,9.8,39368.2,0.828,0.19,573.4,0.051
16,0,-6000,6000.0,386752.1119073574,24.675233840942383,0.6116781412828245,1.23,5926.44,0.758,0.09,483.15999999999997,0.049,2.16,33898.8,0.786,0.09,483.15999999999997,0.049,395171.6240640002,43.310997009277344,0.608166800572118,3.72,10782.2,0.784,0.19,584.68,0.052,8.69,38925.4,0.828,0.19,584.68,0.052
16,0,-5500,5500.0,386304.3287717933,24.538789749145508,0.6158930717443899,1.94,8093.52,0.77,0.06,419.24,0.047,2.29,32168.599999999995,0.778,0.06,419.24,0.047,371293.50908375916,43.467254638671875,0.6051731185044325,3.58,9586.72,0.766,1.35,8713.32,0.141,7.47,38613.8,0.828,0.16,562.12,0.051
16,0,-5000,5000.0,387237.1693209524,24.729331970214844,0.617758400911264,1.92,8171.28,0.773,0.07,402.32,0.046,2.35,32299.8,0.779,0.07,402.32,0.046,340704.89262883994,41.2687873840332,0.5913581884043024,2.74,8959.68,0.805,0.86,7756.98,0.134,6.61,37154.2,0.823,0.15,554.6,0.051
16,0,-4500,4500.0,388078.22549486015,25.82512855529785,0.6174086131096297,3.1,11603.02,0.779,0.12,419.24,0.047,3.44,32340.799999999996,0.781,0.12,419.24,0.047,313909.2673834035,38.86420822143555,0.584486677583712,2.94,7886.16,0.785,0.88,6853.77,0.127,7.62,35973.4,0.819,0.13,509.48,0.05
16,0,-4000,4000.0,388043.82687878964,28.34335708618164,0.6153856641624572,3.29,11734.58,0.782,0.13,428.63999999999993,0.047,3.46,32849.200000000004,0.783,0.13,428.63999999999993,0.047,285392.3350459401,34.40413284301758,0.5717606075670758,4.27,12100.439999999999,0.817,1.07,6074.53,0.12,7.65,33415.0,0.808,0.15,500.08,0.05
16,0,-3500,3500.0,386800.59216814383,31.55133819580078,0.6121512875104781,3.66,11597.3,0.773,0.13,449.32,0.048,3.31,33349.4,0.79,0.13,449.32,0.048,260323.8448495773,30.439416885375977,0.564925744115084,4.22,11355.75,0.807,1.32,5383.84,0.113,7.67,30971.400000000005,0.796,0.17,432.3999999999999,0.048
16,0,-3000,3000.0,383773.27495384414,34.86125564575195,0.6077222230279719,3.65,11531.52,0.771,0.12,456.84000000000003,0.048,3.5,32176.8,0.785,0.12,456.84000000000003,0.048,235754.29613922606,25.18913459777832,0.5490226311175228,4.14,10543.08,0.798,1.6,5118.19,0.109,7.12,28585.2,0.784,0.17,413.6000000000001,0.048
16,0,-2500,2500.0,380524.1390501873,37.30799865722656,0.6050344437538405,2.87,8672.4,0.79,0.11,428.63999999999993,0.048,3.52,30930.4,0.78,0.11,428.63999999999993,0.048,210537.40648198363,17.262813568115234,0.5255233517338386,3.35,9273.09,0.776,0.16,357.2,0.046,6.59,26494.200000000004,0.772,0.16,357.2,0.046
16,0,-2000,2000.0,379908.1506938314,39.2467155456543,0.6046015259364562,2.97,8590.32,0.786,0.12,423.0,0.047,4.66,32111.199999999997,0.787,0.12,423.0,0.047,190932.53521588267,17.99683952331543,0.49961102578878885,2.48,7885.68,0.747,0.16,340.28,0.045,5.04,23337.2,0.75,0.16,340.28,0.045
16,0,-1500,1500.0,378575.87357482343,39.16916275024414,0.6035400101579068,3.26,8277.12,0.776,0.16,453.08,0.048,6.0,33554.4,0.795,0.16,453.08,0.048,176945.18680417654,20.827163696289062,0.4816701813681405,2.21,5831.28,0.606,0.21,919.04,0.08,3.51,20073.6,0.722,0.11,272.6,0.042
16,0,-1000,1000.0,378928.69071090093,36.7026481628418,0.6028778621471282,4.43,12888.39,0.801,1.27,14061.74,0.162,6.57,33095.2,0.789,0.18,464.36000000000007,0.049,171005.04772630322,24.283227920532227,0.46953938237317433,2.6,6756.88,0.645,0.1,253.80000000000004,0.041,1.97,17138.0,0.687,0.1,253.80000000000004,0.041
16,0,-500,500.0,382226.68981684,31.98293685913086,0.6042118682404949,3.5,12202.41,0.787,1.13,14964.949999999999,0.165,6.93,32734.4,0.785,0.2,443.68,0.048,168967.02068803512,26.912111282348633,0.4649965222227902,2.83,7347.84,0.668,0.04,193.64,0.037,1.47,14276.2,0.646,0.04,193.64,0.037
16,0,0,0.0,391999.92749491066,26.724822998046875,0.6072256517318055,1.88,7523.28,0.753,1.14,16027.550000000001,0.169,5.6,31373.2,0.773,0.2,439.92,0.048,174763.3706370978,29.902463912963867,0.4651827673947346,2.73,5814.5,0.667,0.04,176.72,0.035,1.58,12931.4,0.618,0.04,176.72,0.035
16,0,500,500.0,405514.3473938561,21.764862060546875,0.6130756691009356,1.85,11068.38,0.767,1.37,17178.7,0.172,4.09,29798.800000000003,0.761,0.16,413.6000000000001,0.047,183575.0906303617,32.37186050415039,0.46892087421323436,2.78,5887.0,0.671,0.06,150.4,0.032,1.75,11922.8,0.596,0.06,150.4,0.032
16,0,1000,1000.0,426228.76362434775,17.89927101135254,0.6228292241791709,1.08,7195.799999999999,0.762,0.14,407.96,0.046,2.97,28921.400000000005,0.756,0.14,407.96,0.046,199859.93393150278,35.34105682373047,0.4769249844799137,4.18,12901.44,0.779,0.06,142.88,0.031,2.03,12357.4,0.604,0.06,142.88,0.031
16,0,1500,1500.0,446394.8434470957,16.603504180908203,0.6305897451661552,1.45,22811.85,0.645,0.1,396.68,0.046,2.01,28199.8,0.757,0.1,396.68,0.046,220870.95655241577,37.24106216430664,0.48810466589107077,5.27,14638.72,0.799,0.08,159.8,0.033,2.3,13079.0,0.622,0.08,159.8,0.033
16,0,2000,2000.0,469052.52524208813,21.09590721130371,0.637736147285235,1.71,14149.1,0.818,0.09,394.8,0.046,1.65,29479.000000000004,0.769,0.09,394.8,0.046,244600.81349803403,38.87954330444336,0.5006115535470931,4.75,15236.799999999997,0.805,0.08,163.56,0.033,2.45,13472.6,0.63,0.08,163.56,0.033
16,0,2500,2500.0,491632.5210208248,24.82424545288086,0.6436944771961831,2.09,25682.38,0.664,0.07,426.76,0.047,1.73,31004.200000000004,0.782,0.07,426.76,0.047,269995.0573073241,39.53486251831055,0.5131241915506671,3.81,10585.0,0.787,0.09,176.72,0.035,2.51,13718.6,0.636,0.09,176.72,0.035
16,0,3000,3000.0,514775.05421079404,28.194581985473633,0.650233423223815,2.28,27361.78,0.674,0.06,436.15999999999997,0.048,1.67,33415.0,0.798,0.06,436.15999999999997,0.048,299522.2700138692,39.803218841552734,0.53410185950475,3.75,11402.82,0.799,0.1,178.6,0.035,2.71,14514.0,0.652,0.1,178.6,0.035
16,0,3500,3500.0,534387.099050633,30.62484359741211,0.6518756745810033,1.89,13108.94,0.823,0.06,492.56,0.05,1.83,35752.0,0.811,0.06,492.56,0.05,326277.1041547046,42.98018264770508,0.5503950836609421,11.29,38860.59,0.826,0.11,203.04,0.038,2.9,15826.0,0.682,0.11,203.04,0.038
16,0,4000,4000.0,551427.362407504,33.36442184448242,0.6523208495982354,3.18,21495.28,0.841,0.06,509.48,0.05,2.23,37375.6,0.818,0.06,509.48,0.05,355038.7387699652,47.700584411621094,0.5739083632285078,3.5,9844.74,0.793,0.11,210.56000000000003,0.039,4.06,20582.0,0.736,0.11,210.56000000000003,0.039
16,0,4500,4500.0,564090.1016330259,34.9376335144043,0.648102195882708,3.27,30055.04,0.687,0.08,550.84,0.051,2.85,38704.0,0.823,0.08,550.84,0.051,378442.1677664864,48.51210021972656,0.5908293684630141,3.75,11148.72,0.811,0.12,323.36,0.045,6.39,25518.4,0.776,0.12,323.36,0.045
16,0,5000,5000.0,577310.1560466493,36.13029479980469,0.6458423545681998,4.19,30446.9,0.689,0.08,562.12,0.051,3.59,40122.6,0.827,0.08,562.12,0.051,392478.82882844895,40.79618453979492,0.6037990249623116,4.01,12601.02,0.828,0.12,355.32,0.046,7.04,28978.800000000003,0.795,0.12,355.32,0.046
16,0,5500,5500.0,590721.2404044288,38.72022247314453,0.6430479916420562,4.92,30854.309999999998,0.691,0.11,595.96,0.052,4.27,41426.4,0.831,0.11,595.96,0.052,403826.3768723196,36.30778884887695,0.6149360856308356,3.44,12876.03,0.83,0.13,426.76,0.049,7.56,32225.999999999996,0.81,0.13,426.76,0.049
16,0,6000,6000.0,600887.0721344614,41.849857330322266,0.6416926798068624,5.34,30938.28,0.69,0.11,607.24,0.052,4.42,43312.4,0.838,0.11,607.24,0.052,406778.3275062382,35.252681732177734,0.6181482824339853,2.83,13215.930000000002,0.834,0.13,447.44,0.049,6.54,32996.8,0.812,0.13,447.44,0.049
16,0,6500,6500.0,604784.0929837218,44.270347595214844,0.6353612877151931,5.52,30928.95,0.689,0.12,652.36,0.053,4.48,45165.6,0.845,0.12,652.36,0.053,411184.9795521102,35.10578536987305,0.6234136773237421,2.61,11330.3,0.793,0.13,456.84000000000003,0.05,5.35,33759.4,0.816,0.13,456.84000000000003,0.05
16,0,7000,7000.0,607768.9450514446,48.79620361328125,0.6375993753564617,5.59,18644.1,0.856,0.13,665.52,0.053,5.01,46485.8,0.85,0.13,665.52,0.053,413666.397751458,34.610748291015625,0.6260116412779001,2.8,13120.14,0.833,0.13,460.6000000000001,0.05,5.27,33841.4,0.815,0.13,460.6000000000001,0.05
16,0,7500,7500.0,607223.8877905421,51.738731384277344,0.6400716161061121,5.64,18667.3,0.857,0.16,693.72,0.054,5.75,47879.8,0.855,0.16,693.72,0.054,411999.7730610542,34.269107818603516,0.6228388000543245,1.9,7867.14,0.798,0.12,462.48,0.05,5.72,33743.0,0.815,0.12,462.48,0.05
16,0,8000,8000.0,607610.0321765816,57.27333068847656,0.651512182287484,3.24,11466.600000000002,0.86,0.17,701.24,0.054,6.69,50512.0,0.86,0.17,701.24,0.054,406929.52188101946,32.98196029663086,0.6166074611735327,3.24,19182.48,0.61,0.12,464.36000000000007,0.05,5.38,33029.6,0.81,0.12,464.36000000000007,0.05
16,0,8500,8500.0,604922.7989626651,60.154754638671875,0.6640557379833666,3.89,13189.62,0.861,1.75,18365.27,0.174,8.16,53209.8,0.866,0.2,753.88,0.054,401356.54067513096,31.48940658569336,0.6111222065912658,3.58,19166.93,0.612,0.12,456.84000000000003,0.05,4.85,32168.599999999995,0.806,0.12,456.84000000000003,0.05
16,0,9000,9000.0,590836.1431311399,55.39365768432617,0.6727902545864539,7.47,26593.440000000002,0.857,1.52,17426.64,0.172,8.99,54456.2,0.868,0.21,772.6800000000001,0.055,396666.6305138333,33.569332122802734,0.6108329728756585,3.85,18974.11,0.614,0.13,453.08,0.05,4.35,32234.200000000004,0.805,0.13,453.08,0.05
16,0,9500,9500.0,572706.5629604331,46.842384338378906,0.6783833658448283,12.75,59836.89,0.85,1.83,16399.46,0.169,9.57,55292.600000000006,0.87,0.23,795.2400000000001,0.055,389195.0714566598,36.435123443603516,0.6084500713089267,3.96,18743.97,0.615,0.1,470.0,0.05,3.87,32201.400000000005,0.803,0.1,470.0,0.05
16,0,10000,10000.0,539895.2578222483,30.794605255126953,0.6694701420518815,4.8,23529.36,0.84,1.74,15389.99,0.166,7.97,52480.0,0.863,0.23,804.64,0.055,380150.9950468367,39.113216400146484,0.609813652373944,4.0,11553.600000000002,0.807,0.09,471.87999999999994,0.05,3.63,32267.0,0.802,0.09,471.87999999999994,0.05
16,0,10500,10500.0,511542.7571899654,27.014122009277344,0.6654808463580532,7.31,52869.39,0.832,1.53,14469.07,0.163,6.16,49396.8,0.855,0.18,733.2,0.054,367661.72239215026,40.42282485961914,0.6066952424244444,4.06,11530.4,0.809,0.09,470.0,0.049,4.38,32160.4,0.802,0.09,470.0,0.049
16,0,11000,11000.0,483837.99572774564,23.538829803466797,0.6540357667691042,1.35,10774.08,0.823,1.07,14291.97,0.162,3.82,45542.8,0.844,0.17,714.4,0.054,353214.5425280198,41.99932861328125,0.6040967989857292,2.27,6549.36,0.796,0.11,471.87999999999994,0.05,4.56,31405.999999999996,0.798,0.11,471.87999999999994,0.05
16,0,11500,11500.0,461262.435561982,22.9588680267334,0.6464176278179412,1.7,11344.8,0.776,0.08,627.92,0.053,3.53,41910.2,0.832,0.08,627.92,0.053,338783.08762165834,42.63554000854492,0.6029711518882095,2.76,7704.33,0.802,0.12,453.08,0.049,4.53,30610.6,0.794,0.12,453.08,0.049
16,0,12000,12000.0,445372.64976590243,22.2332820892334,0.6353689043794883,1.03,6911.28,0.78,0.09,603.48,0.052,3.07,40130.8,0.825,0.09,603.48,0.052,323299.69187099487,42.815189361572266,0.6008971206842154,2.68,7388.76,0.796,0.13,449.32,0.049,4.57,29233.0,0.787,0.13,449.32,0.049
16,0,12500,12500.0,434821.79242556903,20.935232162475586,0.6276992443993719,1.25,7975.68,0.782,0.08,565.88,0.051,2.63,38687.6,0.82,0.08,565.88,0.051,308445.9113542043,41.695213317871094,0.6000487170751748,2.53,6777.72,0.787,0.15,411.72,0.048,4.53,27970.2,0.78,0.15,411.72,0.048
16,0,13000,13000.0,432185.9402716474,23.215469360351562,0.6236845868160158,2.29,16062.959999999997,0.776,0.09,556.48,0.051,2.38,36112.8,0.808,0.09,556.48,0.051,289470.6891749416,37.620365142822266,0.5891216670586465,4.72,13716.959999999997,0.782,0.16,402.32,0.048,4.52,26830.4,0.775,0.16,402.32,0.048
16,0,13500,13500.0,437767.9525067134,24.83799934387207,0.6270466285248611,1.24,13373.36,0.805,0.09,490.68,0.049,2.34,33734.8,0.796,0.09,490.68,0.049,273525.59880947793,35.24329376220703,0.583466001750042,1.76,5567.7,0.747,0.16,376.0,0.047,4.62,26199.0,0.777,0.16,376.0,0.047
16,0,14000,14000.0,450518.08640508266,25.85317611694336,0.6354034687749395,1.3,12907.9,0.799,0.09,471.87999999999994,0.049,1.77,32422.8,0.787,0.09,471.87999999999994,0.049,255498.7401867505,31.49918556213379,0.5709387834381563,1.82,5838.48,0.747,0.16,368.48,0.047,4.09,24665.6,0.769,0.16,368.48,0.047
16,0,14500,14500.0,463722.29335595184,26.094724655151367,0.644356796247016,1.18,11678.92,0.805,0.07,445.56,0.048,1.89,31471.600000000002,0.781,0.07,445.56,0.048,241738.95736201372,29.116750717163086,0.565920521077625,1.63,5367.6,0.733,0.13,325.24,0.046,3.67,23452.0,0.766,0.13,325.24,0.046
16,0,15000,15000.0,476379.9042831353,25.6666316986084,0.6512073035433993,0.85,7922.22,0.805,0.07,438.04,0.048,2.07,32447.4,0.786,0.07,438.04,0.048,228162.04735924272,26.684932708740234,0.5546769042133032,1.65,5179.68,0.725,1.11,6393.31,0.127,3.48,22197.4,0.758,0.12,312.08,0.045
16,0,15500,15500.0,484553.95158178674,24.86967658996582,0.6534765345654676,1.22,10136.88,0.814,0.07,464.36000000000007,0.048,2.26,33661.0,0.793,0.07,464.36000000000007,0.048,215674.19689801635,26.321598052978516,0.543707522094144,1.71,4777.92,0.71,0.11,285.76,0.044,3.42,20975.6,0.749,0.11,285.76,0.044
16,0,16000,16000.0,492806.6217592571,24.328304290771484,0.6530026943302043,1.24,10186.56,0.815,0.06,471.87999999999994,0.049,2.44,36293.2,0.807,0.06,471.87999999999994,0.049,206039.4131081205,28.016660690307617,0.5289432810669916,1.59,4639.68,0.704,0.11,276.36,0.044,3.35,19671.8,0.738,0.11,276.36,0.044
16,0,16500,16500.0,500637.3484739845,24.679765701293945,0.6505880254527082,1.35,10346.4,0.82,0.06,530.16,0.05,2.67,38941.8,0.82,0.06,530.16,0.05,199946.63876974647,28.954572677612305,0.5184162898626423,1.28,4270.32,0.688,0.11,250.04,0.042,3.15,18245.0,0.724,0.11,250.04,0.042
16,0,17000,17000.0,510893.9512679185,25.227951049804688,0.6513826676040426,1.83,13853.3,0.812,0.07,550.84,0.051,2.74,39540.4,0.823,0.07,550.84,0.051,200681.03994837654,29.221458435058594,0.5121316071547266,1.66,6056.4,0.713,0.12,244.4,0.041,2.93,17170.8,0.712,0.12,244.4,0.041
16,0,17500,17500.0,521568.9156405516,26.97404670715332,0.650547220471993,1.88,13978.0,0.814,0.09,564.0,0.052,2.74,39802.8,0.825,0.09,564.0,0.052,204519.1333678729,28.5994815826416,0.5101171499625075,1.92,5905.9,0.669,0.1,227.48,0.041,3.47,16137.6,0.701,0.1,227.48,0.041
16,0,18000,18000.0,532687.6178944733,29.88272476196289,0.652903228971862,2.67,19879.04,0.828,0.09,567.76,0.052,2.29,38228.4,0.818,0.09,567.76,0.052,209276.16862543728,26.06048011779785,0.50289814790555,2.04,6014.58,0.671,0.09,221.84,0.041,3.68,15079.8,0.685,0.09,221.84,0.041
16,0,18500,18500.0,543439.5817478899,31.867902755737305,0.6561623038902875,3.01,19754.44,0.828,0.08,520.76,0.05,2.16,36785.2,0.812,0.08,520.76,0.05,217244.8917856544,28.56679916381836,0.5024679084858759,2.31,6449.3,0.68,0.06,189.88,0.038,3.84,14276.2,0.672,0.06,189.88,0.038
16,0,19000,19000.0,551718.3472753894,34.44515609741211,0.661203183279499,3.92,18284.16,0.816,0.08,509.48,0.05,2.48,38351.4,0.818,0.08,509.48,0.05,229490.2492312839,32.25695037841797,0.5111086704214801,2.2,6273.8,0.704,0.05,182.36,0.037,3.67,14825.599999999999,0.675,0.05,182.36,0.037
16,0,19500,19500.0,551921.924483271,36.65924835205078,0.6608618409247613,4.53,17369.24,0.808,0.09,554.6,0.051,2.79,40122.6,0.825,0.09,554.6,0.051,243115.88410778958,35.1955451965332,0.5225416675122533,2.35,6725.92,0.717,0.05,191.76,0.037,3.42,15711.2,0.684,0.05,191.76,0.037
16,0,20000,20000.0,544731.6337698309,40.37339401245117,0.6591095535168288,4.5,14517.4,0.818,0.1,567.76,0.051,3.11,43369.8,0.836,0.1,567.76,0.051,255393.21034022406,37.63857650756836,0.5387487444212914,2.58,7453.26,0.716,0.05,197.4,0.037,3.57,16933.0,0.692,0.05,197.4,0.037
17,0,-20000,20000.0,581735.8252479718,27.239381790161133,0.6565670129601427,2.89,20431.08,0.854,0.11,785.84,0.053,4.71,53341.0,0.84,0.11,785.84,0.053,65143.850000487466,3.251866340637207,0.31296442621063225,0.49,4060.26,0.561,0.17,779.24,0.042,1.0,10061.4,0.522,0.02,120.32,0.027
17,0,-19500,19500.0,557315.3474097515,26.468338012695312,0.6493636530258625,5.13,53176.99999999999,0.841,0.12,770.7999999999998,0.053,5.13,53176.99999999999,0.841,0.12,770.7999999999998,0.053,55423.78414500752,3.156587600708008,0.29677896707593804,0.35,3247.59,0.504,0.01,90.24,0.022,0.83,9405.4,0.509,0.01,90.24,0.022
17,0,-19000,19000.0,533494.0199767601,27.01519775390625,0.6426671483416065,1.19,11439.36,0.812,0.13,768.92,0.053,3.42,49027.8,0.831,0.13,768.92,0.053,46132.46345530646,3.151074171066284,0.27479673889260736,0.29,983.1,0.336,0.01,82.72,0.021,0.6,7429.2,0.451,0.01,82.72,0.021
17,0,-18500,18500.0,515235.5285685739,28.070817947387695,0.6423610130255459,1.31,10674.72,0.804,0.07,663.64,0.051,3.35,44870.4,0.82,0.07,663.64,0.051,39128.93132777913,3.114023447036743,0.2611112476497953,0.29,971.5,0.338,0.01,56.4,0.017,0.38,6043.4,0.42,0.01,56.4,0.017
17,0,-18000,18000.0,499157.8293206373,28.38485336303711,0.6388676519161693,1.33,10605.6,0.802,0.08,633.56,0.051,3.25,42730.2,0.814,0.08,633.56,0.051,33457.97819105301,2.9338715076446533,0.24375473120484092,0.19,810.03,0.346,0.03,319.68,0.07,0.34,4920.0,0.387,0.01,52.64000000000001,0.017
17,0,-17500,17500.0,486103.35632088996,28.386085510253906,0.6385311657963019,1.47,10609.92,0.804,0.11,588.44,0.05,2.99,41082.0,0.81,0.11,588.44,0.05,29244.56864234239,2.6834490299224854,0.2323216563371072,0.2,665.31,0.338,0.02,272.32,0.065,0.33,3944.1999999999994,0.357,0.01,41.36,0.016
17,0,-17000,17000.0,469877.2229794109,23.696853637695312,0.6317698067708931,1.89,12310.5,0.77,0.11,579.04,0.05,2.92,40631.0,0.808,0.11,579.04,0.05,26011.172864109132,2.312933921813965,0.2166634950868412,0.19,631.14,0.333,0.02,272.32,0.062,0.29,3239.0,0.334,0.01,39.48,0.016
17,0,-16500,16500.0,453781.039294301,25.782114028930664,0.6238274314926012,1.94,12235.1,0.769,0.11,575.28,0.05,3.4,40089.8,0.806,0.11,575.28,0.05,23668.39252835689,1.9348256587982178,0.2048508602754902,0.17,546.72,0.324,0.03,307.84,0.066,0.25,2689.6,0.319,0.01,30.08,0.015
17,0,-16000,16000.0,438257.08292177995,29.3729190826416,0.6151316520558614,2.38,11391.2,0.756,0.11,579.04,0.05,3.08,38056.2,0.796,0.11,579.04,0.05,22400.254927027025,1.5837119817733765,0.19181202732658223,0.31,1068.96,0.31,0.01,28.2,0.015,0.2,2255.0,0.297,0.01,28.2,0.015
17,0,-15500,15500.0,425400.03512326034,32.31938171386719,0.6089730935017501,2.2,10668.0,0.768,0.06,528.28,0.049,2.63,35965.2,0.786,0.06,528.28,0.049,22972.464634372318,1.267754316329956,0.1901665124250546,0.25,880.88,0.295,0.01,22.56,0.015,0.16,1910.6,0.278,0.01,22.56,0.015
17,0,-15000,15000.0,418872.3227394681,33.87548065185547,0.6039563618641828,1.54,7090.5,0.765,0.06,517.0,0.048,2.42,34817.2,0.779,0.06,517.0,0.048,25566.287051502288,1.8100402355194092,0.1978791352534387,0.45,1055.6,0.338,0.01,22.56,0.015,0.13,1648.1999999999998,0.259,0.01,22.56,0.015
17,0,-14500,14500.0,417738.5481238046,34.48563003540039,0.6047074932439855,2.0,8998.56,0.772,0.06,496.32,0.048,3.12,33800.4,0.773,0.06,496.32,0.048,29463.881439623696,2.8172688484191895,0.21118554153088795,0.44,947.42,0.33,0.01,18.8,0.014,0.1,1435.0,0.239,0.01,18.8,0.014
17,0,-14000,14000.0,420454.450994214,30.676738739013672,0.6015791832068611,1.25,5808.6,0.769,0.07,492.56,0.048,3.79,33644.6,0.773,0.07,492.56,0.048,34647.655440442526,3.4470345973968506,0.22939161268232144,0.32,661.2,0.342,0.0,18.8,0.014,0.08,1410.4,0.227,0.0,18.8,0.014
17,0,-13500,13500.0,430910.8398759324,26.420969009399414,0.6046869191466923,2.47,12461.02,0.779,0.11,486.92,0.048,4.37,33726.6,0.775,0.11,486.92,0.048,39829.62987782223,3.562154531478882,0.2456756857653586,0.45,842.4,0.35,0.01,20.68,0.014,0.13,1508.8,0.237,0.01,20.68,0.014
17,0,-13000,13000.0,443193.57892347145,24.757511138916016,0.6026615040464066,2.65,12798.5,0.784,0.12,485.04,0.048,3.73,32668.800000000003,0.77,0.12,485.04,0.048,44730.65157803233,4.585204124450684,0.2617514119961009,0.64,1452.9,0.369,0.01,20.68,0.015,0.37,2230.4,0.291,0.01,20.68,0.015
17,0,-12500,12500.0,460455.64219754486,27.791074752807617,0.6031871561730192,2.94,15423.98,0.815,0.11,453.08,0.047,3.56,31898.0,0.767,0.11,453.08,0.047,48024.83567332808,5.495794773101807,0.2698034794130156,0.65,1455.7999999999997,0.369,0.02,30.08,0.016,0.65,2984.8,0.333,0.02,30.08,0.016
17,0,-12000,12000.0,485188.57119553717,30.99883270263672,0.609130653582555,2.91,15821.52,0.819,0.11,445.56,0.047,3.02,31734.000000000004,0.768,0.11,445.56,0.047,50013.95088482734,6.118950366973877,0.2740943660870839,0.38,915.24,0.373,0.02,33.84,0.016,0.65,3722.8,0.361,0.02,33.84,0.016
17,0,-11500,11500.0,511753.7896184201,33.62684631347656,0.6165419210115033,3.71,17200.04,0.83,0.06,445.56,0.047,2.35,31725.799999999996,0.769,0.06,445.56,0.047,51071.97009585733,6.411848545074463,0.2748252664106789,0.48,1063.29,0.378,0.02,41.36,0.017,0.63,4485.4,0.387,0.02,41.36,0.017
17,0,-11000,11000.0,535076.3806571001,41.068321228027344,0.6223783532697207,3.98,15897.6,0.829,0.08,449.32,0.047,3.74,34472.8,0.784,0.08,449.32,0.047,51359.23120300061,6.38353967666626,0.2717790653921309,0.82,2072.64,0.364,0.02,45.12,0.017,0.72,4772.4,0.396,0.02,45.12,0.017
17,0,-10500,10500.0,546179.5541600444,46.754817962646484,0.6173324382211381,4.14,15044.42,0.833,0.12,515.12,0.049,5.47,37400.2,0.799,0.12,515.12,0.049,51705.89642729807,6.278071403503418,0.26825349236548895,0.48,1101.6,0.376,0.02,47.0,0.017,1.0,5018.4,0.405,0.02,47.0,0.017
17,0,-10000,10000.0,547514.3702305822,51.34804916381836,0.6114130132567371,4.46,16449.26,0.832,0.12,537.68,0.05,6.47,41475.6,0.815,0.12,537.68,0.05,52859.16678465982,6.073445796966553,0.26546928015219917,0.74,1903.44,0.435,0.02,47.0,0.017,1.06,4805.2,0.403,0.02,47.0,0.017
17,0,-9500,9500.0,540640.9225232501,50.28512954711914,0.6008591977350346,2.44,8327.2,0.836,0.13,627.92,0.051,7.05,45485.4,0.83,0.13,627.92,0.051,55415.20644524945,5.9122796058654785,0.26671342643997914,0.65,1804.56,0.43,0.02,43.24,0.016,1.06,4592.0,0.402,0.02,43.24,0.016
17,0,-9000,9000.0,522778.834317446,42.18229675292969,0.590726533047133,2.34,8281.0,0.834,0.15,654.24,0.052,7.73,47748.6,0.836,0.15,654.24,0.052,59861.11782350787,5.948526382446289,0.2715009715400785,0.55,2131.5,0.393,0.02,41.36,0.016,0.92,4354.2,0.398,0.02,41.36,0.016
17,0,-8500,8500.0,499694.67052782996,43.21573257446289,0.578650656348835,3.95,24425.940000000002,0.643,0.21,695.6,0.052,8.73,49733.0,0.841,0.21,695.6,0.052,65408.281923038194,6.365818977355957,0.279266963567387,0.55,2160.5,0.394,0.02,37.6,0.016,0.75,4165.6,0.396,0.02,37.6,0.016
17,0,-8000,8000.0,479965.49168470246,49.8328971862793,0.57525220862599,2.07,9627.42,0.819,0.23,706.88,0.053,7.14,49241.0,0.838,0.23,706.88,0.053,72013.08206019849,6.938636302947998,0.2880139435145432,0.67,2331.5999999999995,0.398,0.02,37.6,0.016,0.65,4329.6,0.392,0.02,37.6,0.016
17,0,-7500,7500.0,458053.88477327547,54.156288146972656,0.5698849366437415,2.43,11127.36,0.821,0.2,701.24,0.053,6.82,48470.2,0.835,0.2,701.24,0.053,79708.73675117828,8.00339126586914,0.29900713275691504,0.68,2346.1,0.398,0.02,41.36,0.016,0.66,4608.4,0.395,0.02,41.36,0.016
17,0,-7000,7000.0,437362.84412250126,55.4971809387207,0.5617446936614644,4.7,22488.96,0.818,0.19,693.72,0.053,7.66,46920.4,0.828,0.19,693.72,0.053,87957.56060718448,9.85195541381836,0.3145331533999797,0.83,2946.4,0.446,0.02,43.24,0.016,0.74,5469.4,0.408,0.02,43.24,0.016
17,0,-6500,6500.0,419587.0556527938,52.108489990234375,0.5552079723530244,2.41,9936.0,0.787,0.14,656.12,0.051,8.24,45034.4,0.822,0.14,656.12,0.051,94888.74611050717,11.300243377685547,0.32579690683144913,0.84,3001.5,0.45,0.02,54.519999999999996,0.017,0.82,6412.4,0.424,0.02,54.519999999999996,0.017
17,0,-6000,6000.0,403993.5771239556,52.316287994384766,0.5465556368334127,3.31,12325.0,0.764,0.15,648.6,0.051,7.96,41164.0,0.807,0.15,648.6,0.051,99587.2644590889,11.730996131896973,0.33730320544846965,0.53,1994.0400000000002,0.475,0.02,58.28,0.017,0.92,7002.799999999999,0.431,0.02,58.28,0.017
17,0,-5500,5500.0,398348.9401436457,52.8026008605957,0.5488511390254021,3.33,12356.9,0.765,0.13,564.0,0.049,7.25,37146.0,0.789,0.13,564.0,0.049,101731.063007083,11.279740333557129,0.3435257720978432,0.71,2687.04,0.497,0.02,65.8,0.017,1.04,7576.8,0.439,0.02,65.8,0.017
17,0,-5000,5000.0,402114.4732094825,53.28398895263672,0.5561004629838372,2.21,8245.02,0.762,0.14,541.44,0.049,6.15,33652.8,0.768,0.14,541.44,0.049,100274.95385671381,9.761384963989258,0.34183226207487505,0.69,2700.0,0.498,0.02,67.68,0.017,1.36,9020.0,0.478,0.02,67.68,0.017
17,0,-4500,4500.0,415478.9487816746,51.101722717285156,0.5739438997448352,2.23,8381.7,0.762,0.14,464.36000000000007,0.047,5.72,30758.2,0.748,0.14,464.36000000000007,0.047,96316.05405680442,7.938374996185303,0.3329402543790782,0.91,4180.77,0.541,0.17,1682.45,0.049,1.69,10364.8,0.511,0.03,107.15999999999998,0.024
17,0,-4000,4000.0,428307.1527208443,44.394710540771484,0.5854663895583979,4.36,16972.8,0.758,0.14,441.8,0.046,5.76,30930.4,0.748,0.14,441.8,0.046,90605.12048496242,5.856258869171143,0.3165791311452238,0.92,4233.3,0.543,0.22,1841.84,0.05,1.67,10528.8,0.511,0.03,120.32,0.025
17,0,-3500,3500.0,443779.191414644,42.2260627746582,0.5990749252248756,2.7,21496.32,0.612,0.13,451.2,0.046,5.78,31438.800000000003,0.751,0.13,451.2,0.046,88128.54730878498,4.100396633148193,0.3077335014504411,0.75,3643.1099999999997,0.505,0.34,2355.43,0.06,1.62,10512.4,0.509,0.04,124.08,0.026
17,0,-3000,3000.0,451351.54734416853,35.36433029174805,0.6092371856292326,2.47,13757.6,0.784,0.12,454.96,0.046,5.04,32029.200000000004,0.754,0.12,454.96,0.046,90767.03414760822,4.172857284545898,0.3094213450602991,0.56,3208.92,0.456,0.04,124.08,0.026,1.2,8921.6,0.467,0.04,124.08,0.026
17,0,-2500,2500.0,454269.6005699651,29.413206100463867,0.6158622593168929,2.49,13809.8,0.784,0.09,470.0,0.047,4.76,32750.799999999996,0.759,0.09,470.0,0.047,99555.02101117544,4.794957160949707,0.32681826246595347,0.72,4962.1,0.564,0.06,258.48,0.034,0.79,7470.199999999999,0.426,0.05,84.6,0.02
17,0,-2000,2000.0,448848.367001653,31.328657150268555,0.6197179322847545,2.14,12681.7,0.769,0.09,477.52,0.047,3.81,33415.0,0.762,0.09,477.52,0.047,114750.99697915684,7.154412269592285,0.35294485079718974,0.83,5202.34,0.576,0.02,69.56,0.018,0.7,6683.0,0.411,0.02,69.56,0.018
17,0,-1500,1500.0,437013.10822475964,32.38535690307617,0.6183206205619768,1.57,9551.52,0.786,0.07,488.8,0.047,3.01,34153.0,0.766,0.07,488.8,0.047,132316.58624420725,9.300573348999023,0.38194902004808856,0.99,5379.66,0.582,0.02,60.16,0.017,0.75,6133.6,0.399,0.02,60.16,0.017
17,0,-1000,1000.0,418220.19665432326,32.49306106567383,0.6081720532967388,1.5,9304.29,0.781,0.07,494.44,0.048,2.63,35891.4,0.774,0.07,494.44,0.048,151717.0607972097,11.440402030944824,0.4082277335609653,1.01,5462.6,0.586,0.02,56.4,0.017,0.71,7060.199999999999,0.417,0.02,56.4,0.017
17,0,-500,500.0,397878.18862959766,32.23811721801758,0.5957786127686744,1.36,8852.04,0.772,0.08,535.8,0.049,2.87,37629.8,0.782,0.08,535.8,0.049,172980.21537864767,14.872876167297363,0.4345518050620456,0.9,6672.379999999999,0.64,0.02,67.68,0.017,0.86,8765.8,0.464,0.02,67.68,0.017
17,0,0,0.0,376640.72572047496,30.094593048095703,0.5800948256172491,0.93,5948.6,0.764,0.08,550.84,0.049,2.74,37039.4,0.778,0.08,550.84,0.049,194259.55055036797,17.6444034576416,0.4637785399575583,1.24,6585.9,0.652,0.06,251.29999999999998,0.034,0.83,11471.8,0.531,0.04,78.96,0.019
17,0,500,500.0,361073.0587240899,29.535568237304688,0.5683360919682345,1.44,7356.960000000001,0.723,0.08,524.52,0.048,2.92,36203.0,0.776,0.08,524.52,0.048,213498.05554792078,19.438644409179688,0.4869770958173562,1.29,6736.7,0.657,0.04,137.24,0.028,1.54,14202.4,0.585,0.04,137.24,0.028
17,0,1000,1000.0,353643.3004993481,29.626523971557617,0.5603362866433013,1.38,7145.28,0.716,0.08,520.76,0.048,2.78,32349.000000000004,0.755,0.08,520.76,0.048,226431.58735991147,19.526199340820312,0.5088356397446919,0.74,4148.16,0.664,0.04,154.16,0.029,1.9,15276.6,0.603,0.04,154.16,0.029
17,0,1500,1500.0,357084.1023597771,29.671037673950195,0.5642947172988512,1.78,9538.1,0.71,0.09,413.6000000000001,0.045,2.74,28888.599999999995,0.734,0.09,413.6000000000001,0.045,232610.30127525894,18.914276123046875,0.522004833173666,0.94,4789.83,0.667,0.04,186.12,0.033,2.09,16080.2,0.618,0.04,186.12,0.033
17,0,2000,2000.0,369012.55238192214,29.657005310058594,0.5714310899881818,1.18,6124.47,0.696,0.09,385.3999999999999,0.044,2.64,27174.8,0.722,0.09,385.3999999999999,0.044,228567.03398905057,18.94902229309082,0.5268909719141386,0.97,5471.28,0.679,0.05,197.4,0.034,2.16,18351.6,0.652,0.05,197.4,0.034
17,0,2500,2500.0,385321.9732382607,29.396610260009766,0.5832105299806528,1.27,6737.520000000001,0.717,0.09,349.68,0.042,2.54,25887.4,0.712,0.09,349.68,0.042,216167.26183333714,18.103193283081055,0.5192845364669074,1.13,5875.2,0.696,0.26,2585.66,0.067,2.15,20426.2,0.68,0.06,257.56,0.039
17,0,3000,3000.0,398312.52911152237,28.469297409057617,0.5938877300330201,1.21,6844.049999999999,0.719,0.09,342.16,0.042,2.76,27445.4,0.723,0.09,342.16,0.042,195106.63258183352,16.62440299987793,0.5022092125037957,1.04,5555.52,0.682,0.21,1717.87,0.05,2.44,21721.8,0.694,0.06,274.48,0.04
17,0,3500,3500.0,404077.7224470248,26.96940040588379,0.5984469456016397,1.28,8223.12,0.742,0.09,385.3999999999999,0.044,2.96,29175.6,0.735,0.09,385.3999999999999,0.044,170077.3090405063,14.076072692871094,0.4748608519707616,1.24,8296.65,0.709,0.17,1487.64,0.048,2.66,22976.4,0.709,0.07,295.16,0.041
17,0,4000,4000.0,402343.2409835756,25.211503982543945,0.6024759854387746,1.28,8557.92,0.749,0.09,398.56,0.044,3.03,30668.0,0.743,0.09,398.56,0.044,140978.7389964788,10.889392852783203,0.42813816940073357,1.13,7434.54,0.686,0.21,1523.06,0.049,2.32,20877.2,0.688,0.08,300.8,0.041
17,0,4500,4500.0,393254.1212201261,25.248306274414062,0.601395893076815,1.44,9594.72,0.773,0.07,426.76,0.045,3.07,32332.6,0.752,0.07,426.76,0.045,116816.73913709908,8.042828559875488,0.38630660199350997,0.95,6383.94,0.653,0.25,1664.74,0.05,2.15,18614.0,0.662,0.06,242.52,0.038
17,0,5000,5000.0,375109.9071139507,25.234853744506836,0.5929187244124953,1.39,9283.68,0.767,0.07,436.15999999999997,0.046,3.35,34874.6,0.765,0.07,436.15999999999997,0.046,99531.33036384606,5.530491352081299,0.34412630282432394,0.74,5268.45,0.612,0.27,2337.72,0.062,1.76,15801.4,0.626,0.06,225.6,0.037
17,0,5500,5500.0,351496.59103980294,25.288782119750977,0.576860863547435,1.67,13864.83,0.788,0.08,492.56,0.047,3.87,37195.2,0.777,0.08,492.56,0.047,90171.41020424516,4.403936386108398,0.32004009858257343,0.34,770.64,0.176,0.14,1497.76,0.118,1.3,13087.2,0.585,0.05,161.68,0.031
17,0,6000,6000.0,324715.25261648255,25.33932113647461,0.5606021232559841,0.99,6783.75,0.72,0.09,509.48,0.048,3.45,35276.4,0.769,0.09,509.48,0.048,88155.11868363798,5.931845188140869,0.3075255383594683,1.23,5297.28,0.553,0.04,144.76,0.03,0.82,10094.2,0.52,0.04,144.76,0.03
17,0,6500,6500.0,302329.5116582044,25.12590980529785,0.549116309048615,1.5,10300.32,0.465,0.08,456.84000000000003,0.046,2.92,32931.2,0.757,0.08,456.84000000000003,0.046,94972.39370955408,8.070697784423828,0.32027028171680466,1.69,6073.36,0.585,0.02,73.32,0.019,0.68,7371.8,0.442,0.02,73.32,0.019
17,0,7000,7000.0,283745.7100732193,24.846040725708008,0.5382274971210813,1.56,7627.0,0.673,0.08,445.56,0.046,2.21,28847.6,0.732,0.08,445.56,0.046,108463.53185422978,11.793148040771484,0.34772578604979265,1.37,4654.5,0.568,0.02,60.16,0.017,0.51,6461.6,0.419,0.02,60.16,0.017
17,0,7500,7500.0,267273.83616434265,24.18507957458496,0.5308519472999722,1.58,7569.0,0.671,0.07,357.2,0.043,2.06,24706.6,0.701,0.07,357.2,0.043,123687.074413437,15.97762680053711,0.3775594174788101,1.45,4782.1,0.575,0.01,52.64000000000001,0.016,0.43,5781.0,0.402,0.01,52.64000000000001,0.016
17,0,8000,8000.0,253275.76479969948,23.84189224243164,0.5188416071873018,1.68,6133.5,0.619,0.06,330.88,0.041,1.96,23197.8,0.688,0.06,330.88,0.041,138492.7225428066,18.773212432861328,0.40314735183456624,1.22,4993.56,0.568,0.01,50.76,0.016,0.51,6625.6,0.416,0.01,50.76,0.016
17,0,8500,8500.0,239871.02491364666,23.61073875427246,0.5059553803413778,1.69,6032.0,0.615,0.06,310.2,0.041,1.82,21935.0,0.68,0.06,310.2,0.041,148573.24230509688,19.48776626586914,0.418008022295367,0.93,3232.0799999999995,0.565,0.01,63.92000000000001,0.017,0.66,7658.8,0.434,0.01,63.92000000000001,0.017
17,0,9000,9000.0,229239.0857572687,23.107297897338867,0.49357050810257247,1.15,4862.19,0.655,0.07,304.56,0.04,1.85,21262.6,0.675,0.07,304.56,0.04,153540.33336407444,17.190576553344727,0.42042308381017396,0.91,3213.99,0.563,0.01,73.32,0.018,1.27,10364.8,0.508,0.01,73.32,0.018
17,0,9500,9500.0,223515.33171048207,22.088787078857422,0.4875268685800282,1.19,4134.57,0.616,0.07,285.76,0.04,1.9,20869.0,0.675,0.07,285.76,0.04,155322.16871724447,14.185226440429688,0.4139815953144922,1.09,3734.64,0.579,0.04,139.12,0.028,2.12,12956.0,0.564,0.04,139.12,0.028
17,0,10000,10000.0,221792.74066943262,20.511981964111328,0.4863286645287635,1.16,4112.46,0.614,0.07,280.12,0.039,1.92,18868.2,0.653,0.07,280.12,0.039,159433.31846640224,12.440831184387207,0.4136444229445124,1.38,5914.26,0.624,0.05,157.92,0.03,2.43,13931.799999999997,0.582,0.05,157.92,0.03
17,0,10500,10500.0,224408.41315401444,18.685338973999023,0.4929397099992399,1.06,4112.46,0.616,0.08,229.36,0.036,1.94,16974.0,0.629,0.08,229.36,0.036,167042.16472624417,12.760748863220215,0.41792368188254553,1.22,4848.8,0.567,0.07,172.96,0.031,2.64,14710.800000000001,0.596,0.07,172.96,0.031
17,0,11000,11000.0,228994.46074428683,17.28517723083496,0.5005136829658191,0.95,4237.08,0.624,0.08,216.19999999999996,0.035,1.89,16350.800000000001,0.617,0.08,216.19999999999996,0.035,181250.62469336682,12.888123512268066,0.43217511379039025,0.75,2827.5,0.56,0.07,178.6,0.032,1.73,12816.6,0.563,0.07,178.6,0.032
17,0,11500,11500.0,232903.18082651662,18.93617820739746,0.5075985414435518,0.98,5989.32,0.654,0.07,210.56000000000003,0.035,1.85,15973.6,0.611,0.07,210.56000000000003,0.035,200896.838729573,12.683565139770508,0.45479277575349913,0.93,3316.5,0.566,0.03,129.72,0.027,1.81,10947.0,0.525,0.03,129.72,0.027
17,0,12000,12000.0,236037.1436645741,19.272750854492188,0.5106870857737801,0.69,4083.78,0.656,0.07,208.68000000000004,0.035,1.72,17293.8,0.631,0.07,208.68000000000004,0.035,224769.83106884352,16.00124168395996,0.47745207118193206,0.97,3728.1600000000003,0.576,0.03,116.56,0.025,1.8,11906.4,0.545,0.03,116.56,0.025
17,0,12500,12500.0,238352.94156331164,18.324365615844727,0.5112226278666213,0.93,5220.72,0.665,0.05,242.52,0.037,1.59,18778.0,0.652,0.05,242.52,0.037,246809.268068002,21.069658279418945,0.4942446146660992,1.89,9590.64,0.654,0.07,154.16,0.03,1.76,12980.6,0.565,0.07,154.16,0.03
17,0,13000,13000.0,241843.6124920788,16.1246280670166,0.5103321364623202,0.9,5112.72,0.66,0.05,251.92000000000002,0.038,1.69,19516.0,0.663,0.05,251.92000000000002,0.038,265217.9284986624,23.683927536010742,0.5066021969774399,1.91,8259.2,0.675,0.07,163.56,0.031,1.65,15489.8,0.603,0.07,163.56,0.031
17,0,13500,13500.0,246338.5560261907,13.344518661499023,0.5096082936289899,0.81,4825.44,0.65,0.06,263.2,0.039,1.9,20163.8,0.673,0.06,263.2,0.039,278664.9726751506,26.394657135009766,0.5109449616077781,2.07,8391.24,0.675,0.07,225.6,0.036,1.54,18105.6,0.637,0.07,225.6,0.036
17,0,14000,14000.0,253027.44736637952,12.428260803222656,0.5126714807583915,0.7,4797.36,0.648,0.06,266.96,0.039,1.79,19491.4,0.667,0.06,266.96,0.039,289711.32989428897,30.160932540893555,0.5166961751632065,2.41,9129.2,0.699,0.07,244.4,0.037,1.7,20024.4,0.654,0.07,244.4,0.037
17,0,14500,14500.0,264360.79949441674,12.7210693359375,0.5223647963452016,1.42,8874.58,0.706,0.06,250.04,0.038,1.65,18761.6,0.66,0.06,250.04,0.038,299843.0402519901,33.244449615478516,0.522269974698654,2.26,8046.72,0.697,0.09,280.12,0.038,2.44,21885.8,0.671,0.09,280.12,0.038
17,0,15000,15000.0,276511.43552142056,17.856584548950195,0.5377796145108841,1.48,8685.9,0.717,0.06,246.28,0.038,1.19,18507.4,0.656,0.06,246.28,0.038,309949.8309820571,35.8889045715332,0.5289076084399715,1.55,5540.16,0.702,0.09,291.4,0.039,2.81,23132.2,0.681,0.09,291.4,0.039
17,0,15500,15500.0,285999.1981015109,21.755746841430664,0.5506835653518014,1.54,8239.759999999998,0.723,0.05,238.76,0.038,0.95,18515.6,0.655,0.05,238.76,0.038,318726.5649901079,35.98430633544922,0.5337540448795562,2.02,6823.44,0.704,0.09,321.48,0.04,3.63,24247.4,0.692,0.09,321.48,0.04
17,0,16000,16000.0,289992.8602063841,23.413217544555664,0.5604195925870287,1.06,5658.480000000001,0.728,0.05,236.88,0.037,1.22,19975.2,0.669,0.05,236.88,0.037,326928.9770636278,33.886878967285156,0.5395328172136602,1.88,6745.68,0.7,0.1,332.76,0.041,4.37,25001.8,0.698,0.1,332.76,0.041
17,0,16500,16500.0,285180.22891381267,23.56485366821289,0.5599271787323037,1.45,7069.679999999999,0.73,0.04,278.24,0.04,1.67,21402.0,0.682,0.04,278.24,0.04,335696.14674299984,31.42344856262207,0.5454899831947246,2.67,13054.52,0.716,0.11,351.56,0.042,4.98,25485.6,0.703,0.11,351.56,0.042
17,0,17000,17000.0,271771.24010550644,20.359867095947266,0.549103672822662,1.38,6931.4400000000005,0.726,0.04,289.52,0.04,2.46,24058.8,0.706,0.04,289.52,0.04,340141.17375908163,27.886762619018555,0.5490926577328674,3.27,11272.3,0.74,0.12,359.08,0.042,4.32,24993.6,0.697,0.12,359.08,0.042
17,0,17500,17500.0,254112.36230446814,15.96094799041748,0.5297610572110805,1.68,10042.5,0.743,0.08,355.32,0.044,3.54,26584.4,0.73,0.08,355.32,0.044,346913.6409833099,24.07074546813965,0.5562447998322938,3.44,11376.7,0.742,0.1,347.8,0.042,3.7,24583.6,0.692,0.1,347.8,0.042
17,0,18000,18000.0,235511.3966851801,16.051332473754883,0.5097129371545108,1.48,9696.42,0.737,0.79,6782.93,0.119,3.22,25797.2,0.724,0.09,376.0,0.044,352845.69190216076,21.240283966064453,0.5644199652600603,1.9,6671.160000000001,0.738,0.1,344.04,0.042,2.95,24772.2,0.691,0.1,344.04,0.042
17,0,18500,18500.0,221744.12384668013,16.428077697753906,0.49568904809807984,2.77,24755.8,0.717,0.08,345.92,0.043,2.77,24755.8,0.717,0.08,345.92,0.043,353300.7300227252,22.17153549194336,0.5678193889605951,2.42,7802.82,0.744,0.1,355.32,0.042,2.2,25083.8,0.692,0.1,355.32,0.042
17,0,19000,19000.0,213122.05463293777,16.673505783081055,0.48559059930012966,0.66,5779.7,0.622,0.07,338.4,0.043,1.51,20926.4,0.682,0.07,338.4,0.043,347143.1188683675,20.571651458740234,0.5630011264229476,2.11,7609.86,0.738,0.09,357.2,0.042,2.15,26814.000000000004,0.702,0.09,357.2,0.042
17,0,19500,19500.0,210826.62304475336,16.8512020111084,0.4873124682259539,0.66,5802.9,0.623,0.03,240.64,0.038,1.2,17302.0,0.641,0.03,240.64,0.038,337284.23893727944,19.78045654296875,0.5531253467759247,1.09,5058.2,0.726,0.12,419.24,0.045,2.72,28470.4,0.715,0.12,419.24,0.045
17,0,20000,20000.0,212892.47544373732,16.753997802734375,0.49123060468358687,0.65,6177.0,0.636,0.03,214.31999999999996,0.036,1.21,16629.600000000002,0.633,0.03,214.31999999999996,0.036,327243.3591345265,22.06854820251465,0.5407244063312674,1.24,5054.7,0.676,1.36,11476.08,0.14,2.8,28757.4,0.717,0.16,436.15999999999997,0.046
18,0,-20000,20000.0,52744.6482137173,17.80341339111328,0.3576891624762691,1.86,1696.5,0.478,0.04,33.84,0.019,1.89,4059.0,0.525,0.04,33.84,0.019,9947.010001426315,2.4585611820220947,0.2742108175674209,0.28,536.5,0.433,0.01,5.64,0.017,0.14,451.00000000000006,0.335,0.01,5.64,0.017
18,0,-19500,19500.0,53972.38584361476,18.08835792541504,0.3588236709637988,1.87,1696.5,0.478,0.04,35.72,0.019,1.99,4165.6,0.53,0.04,35.72,0.019,10570.623336477547,2.7999236583709717,0.2910305181126542,0.29,545.2,0.433,0.0,5.64,0.016,0.12,434.6,0.329,0.0,5.64,0.016
18,0,-19000,19000.0,54979.71298973425,18.627262115478516,0.36009807572059527,1.28,1123.59,0.478,0.04,35.72,0.019,2.12,4280.4,0.532,0.04,35.72,0.019,10888.834381218476,2.86195969581604,0.2891553850926493,0.15,294.06,0.426,0.0,3.76,0.016,0.19,713.4,0.381,0.0,3.76,0.016
18,0,-18500,18500.0,55970.09366985658,19.5140323638916,0.3613718715594979,1.31,1139.67,0.48,0.05,37.6,0.019,2.25,4403.4,0.534,0.05,37.6,0.019,10988.724241247837,2.814971923828125,0.27866753954816914,0.18,353.76,0.433,0.03,94.72,0.09,0.29,1000.4,0.416,0.01,9.4,0.018
18,0,-18000,18000.0,56593.90508607903,19.411354064941406,0.3605886626134387,1.29,1129.62,0.479,0.05,37.6,0.019,2.41,4575.6,0.535,0.05,37.6,0.019,11274.277666368289,2.768592596054077,0.2562780329806406,0.19,144.4,0.108,0.01,9.4,0.018,0.31,1074.2,0.416,0.01,9.4,0.018
18,0,-17500,17500.0,57002.77749710294,19.052053451538086,0.3580174105866633,1.25,1113.54,0.478,0.05,39.48,0.019,2.59,4780.6,0.536,0.05,39.48,0.019,12333.685795290512,3.021022081375122,0.24528629165907706,0.19,144.4,0.108,0.01,11.28,0.018,0.31,1082.4,0.41,0.01,11.28,0.018
18,0,-17000,17000.0,57758.68562607575,18.78887176513672,0.35675244873593426,1.24,1115.55,0.476,0.05,39.48,0.019,2.64,4895.4,0.536,0.05,39.48,0.019,14695.893977812375,3.5055572986602783,0.2586368405898974,0.62,727.8999999999999,0.464,0.01,11.28,0.018,0.21,762.6,0.365,0.01,11.28,0.018
18,0,-16500,16500.0,58762.23508152252,18.59958267211914,0.35580171624243073,1.23,1131.63,0.475,0.05,39.48,0.019,2.73,5059.4,0.536,0.05,39.48,0.019,17997.588389282464,4.501018047332764,0.2797374392684674,0.9,1231.76,0.461,0.0,7.52,0.017,0.12,459.20000000000005,0.299,0.0,7.52,0.017
18,0,-16000,16000.0,60163.738600460056,18.359678268432617,0.35467664674174193,1.22,1137.66,0.472,0.05,39.48,0.019,2.74,5182.4,0.537,0.05,39.48,0.019,23079.02290902275,6.360069751739502,0.3253576395783575,1.29,1229.6,0.482,0.0,7.52,0.017,0.12,434.6,0.301,0.0,7.52,0.017
18,0,-15500,15500.0,61915.75659027803,18.234392166137695,0.35444030008387045,1.2,1161.78,0.469,0.05,41.36,0.019,2.74,5305.4,0.537,0.05,41.36,0.019,26986.63374474272,7.829883575439453,0.35537138133912766,1.33,1264.4,0.483,0.0,5.64,0.017,0.13,524.8,0.34,0.0,5.64,0.017
18,0,-15000,15000.0,64851.893974237464,18.565780639648438,0.35859821857157315,1.2,1177.86,0.467,0.05,41.36,0.019,2.66,5379.2,0.535,0.05,41.36,0.019,28753.91039456008,8.199445724487305,0.3664805884393941,0.76,786.4799999999999,0.483,0.0,5.64,0.017,0.39,1336.6,0.459,0.0,5.64,0.017
18,0,-14500,14500.0,68042.04873857234,18.83480453491211,0.36346966919966195,1.2,1224.09,0.466,0.05,43.24,0.019,2.55,5428.4,0.533,0.05,43.24,0.019,29195.199903333923,7.668456554412842,0.36625642839597755,0.95,906.51,0.486,0.01,16.92,0.019,0.74,2132.0,0.505,0.01,16.92,0.019
18,0,-14000,14000.0,71722.8354191313,19.096668243408203,0.37075415880648577,1.85,2169.2,0.498,0.05,43.24,0.019,2.51,5592.4,0.531,0.05,43.24,0.019,28597.579134067564,7.588769912719727,0.3786822185002078,1.7,1807.44,0.479,0.01,24.32,0.083,1.14,3034.0,0.528,0.02,20.68,0.019
18,0,-13500,13500.0,75528.11580113339,19.666505813598633,0.37896977642788665,1.86,2198.2,0.502,0.05,45.12,0.019,2.46,5756.4,0.531,0.05,45.12,0.019,25869.768187105365,7.280315399169922,0.3727438405292674,2.27,3864.64,0.461,0.07,212.52,0.048,1.46,3763.8,0.539,0.03,31.960000000000004,0.019
18,0,-13000,13000.0,79025.2681261416,20.387170791625977,0.3883852309174532,2.0,2592.6,0.542,0.05,47.0,0.019,2.52,6027.0,0.533,0.05,47.0,0.019,21164.578959823848,5.9749932289123535,0.3553462806291002,0.45,459.36,0.455,0.05,177.1,0.045,1.12,3034.0,0.522,0.04,33.84,0.019
18,0,-12500,12500.0,81924.07413465771,20.782155990600586,0.3962183299303914,2.01,2624.5,0.545,0.05,48.88,0.019,2.6,6379.6,0.54,0.05,48.88,0.019,17449.749515089206,4.714853286743164,0.35036698307653713,0.4,397.6,0.461,0.03,141.68,0.041,0.76,2361.6,0.5,0.02,22.56,0.019
18,0,-12000,12000.0,83689.92488681033,20.550838470458984,0.40230176830519565,1.38,1672.32,0.526,0.05,52.64000000000001,0.019,2.73,6928.999999999999,0.56,0.05,52.64000000000001,0.019,14334.735862025991,3.4140825271606445,0.3326405968630388,0.34,352.8,0.454,0.03,123.97000000000001,0.038,0.85,2378.0,0.499,0.02,20.68,0.019
18,0,-11500,11500.0,84184.98764651158,19.62669563293457,0.40387072079587877,1.43,1861.26,0.553,0.05,67.68,0.023,2.8,7371.8,0.576,0.05,67.68,0.023,11242.75134872587,2.0826539993286133,0.30419566206457815,0.43,744.69,0.516,0.02,88.55,0.035,0.94,2402.6,0.5,0.03,20.68,0.019
18,0,-11000,11000.0,83020.01813109237,17.75299835205078,0.4014999756004003,1.4,1883.3699999999997,0.556,0.05,71.44,0.024,2.76,7576.8,0.582,0.05,71.44,0.024,8352.498212413047,1.1961272954940796,0.2628723892612558,0.22,494.4,0.485,0.02,106.26,0.035,0.56,1754.8,0.473,0.03,22.56,0.019
18,0,-10500,10500.0,80793.51068668038,15.516571998596191,0.3956014667338854,1.3,1895.43,0.557,0.05,80.84,0.026,2.63,7585.0,0.582,0.05,80.84,0.026,6807.955171118374,0.8743104934692383,0.2445153829856361,0.13,376.98,0.454,0.04,123.97000000000001,0.037,0.29,1172.6,0.434,0.01,13.160000000000002,0.018
18,0,-10000,10000.0,77528.22623947577,13.891193389892578,0.3881675755353315,1.2,1833.1199999999997,0.548,0.05,82.72,0.027,2.36,7314.4,0.573,0.05,82.72,0.027,6278.46325521532,0.6178473830223083,0.22236129385630887,0.11,251.68,0.335,0.01,31.1,0.062,0.18,852.8,0.394,0.01,9.4,0.018
18,0,-9500,9500.0,74093.37427073187,13.1124849319458,0.3804742748521123,0.98,1666.2899999999997,0.521,0.05,78.96,0.026,2.09,6986.4,0.561,0.05,78.96,0.026,6502.058020238474,0.7293267250061035,0.21816746806117035,0.24,426.14,0.384,0.01,21.54,0.031,0.12,557.6,0.336,0.01,7.52,0.017
18,0,-9000,9000.0,70803.44471608987,12.493038177490234,0.37396248505873164,0.92,1622.07,0.514,0.05,77.08,0.025,1.77,6576.4,0.546,0.05,77.08,0.025,7534.5926692316425,1.1690027713775635,0.2260316332781662,0.27,454.74,0.39,0.0,5.64,0.016,0.08,459.20000000000005,0.3,0.0,5.64,0.016
18,0,-8500,8500.0,68054.29565949526,12.157382011413574,0.3693843420919303,0.79,1527.6,0.498,0.04,63.92000000000001,0.023,1.55,6297.6,0.536,0.04,63.92000000000001,0.023,9059.267529609497,1.906705617904663,0.24217759428784363,0.42,546.26,0.415,0.0,5.64,0.016,0.05,401.8,0.273,0.0,5.64,0.016
18,0,-8000,8000.0,65451.86331910736,12.051115989685059,0.36187802998867924,0.77,1481.37,0.491,0.04,60.16,0.022,1.39,6084.4,0.528,0.04,60.16,0.022,11146.718720236095,2.879842758178711,0.2600563265545385,0.45,563.42,0.419,0.0,5.64,0.016,0.08,442.80000000000007,0.279,0.0,5.64,0.016
18,0,-7500,7500.0,63805.937521272426,12.165695190429688,0.3576610050292455,0.72,1372.83,0.475,0.03,54.519999999999996,0.02,1.26,5928.6,0.525,0.03,54.519999999999996,0.02,13727.815875591477,4.024510860443115,0.2803657189327001,0.61,694.98,0.434,0.0,5.64,0.016,0.15,574.0,0.312,0.0,5.64,0.016
18,0,-7000,7000.0,62585.95071291711,12.489888191223145,0.35025317592999783,0.7,1304.49,0.463,0.03,52.64000000000001,0.02,1.22,5748.2,0.524,0.03,52.64000000000001,0.02,16831.91766712116,4.9468464851379395,0.295510127071074,0.64,715.0,0.436,0.01,14.36,0.028,0.29,902.0000000000001,0.369,0.01,5.64,0.016
18,0,-6500,6500.0,62721.57374859307,12.976855278015137,0.3480987632471003,0.67,1224.09,0.46,0.03,47.0,0.019,1.2,5576.0,0.523,0.03,47.0,0.019,19433.788389363326,6.478633880615234,0.29834190226515095,0.69,832.26,0.435,0.01,9.4,0.018,0.45,1246.4,0.408,0.01,9.4,0.018
18,0,-6000,6000.0,64269.654721910774,13.7483491897583,0.34796727602131167,1.04,1815.4,0.455,0.03,47.0,0.019,1.22,5420.2,0.522,0.03,47.0,0.019,22087.66971323057,7.958359718322754,0.3020335173825192,0.74,684.4,0.444,0.01,11.28,0.018,0.65,1467.8,0.433,0.01,11.28,0.018
18,0,-5500,5500.0,66613.69414679866,14.530373573303223,0.3505836074337113,1.05,1824.1,0.455,0.03,45.12,0.019,1.27,5330.0,0.522,0.03,45.12,0.019,24493.08458865853,8.74338150024414,0.3019961594828037,0.62,488.15999999999997,0.455,0.02,15.04,0.019,0.83,1656.4,0.455,0.02,15.04,0.019
18,0,-5000,5000.0,70440.09423584357,15.451117515563965,0.3573859516069821,1.34,2302.6,0.501,0.03,43.24,0.019,1.35,5362.8,0.52,0.03,43.24,0.019,27367.48120636912,9.183113098144531,0.3121573968023447,0.96,1017.8999999999999,0.457,0.02,15.04,0.019,1.02,1877.8,0.473,0.02,15.04,0.019
18,0,-4500,4500.0,74631.05460084262,16.244916915893555,0.3656000759013012,1.75,3901.7600000000007,0.573,0.03,45.12,0.019,1.45,5461.2,0.519,0.03,45.12,0.019,30240.59552476101,9.132002830505371,0.3218890588419618,0.78,656.64,0.462,0.03,16.92,0.019,1.22,2115.6,0.487,0.03,16.92,0.019
18,0,-4000,4000.0,78875.7120553295,17.122756958007812,0.37476933117833244,2.15,4474.92,0.607,0.03,45.12,0.019,1.63,5740.0,0.519,0.03,45.12,0.019,32845.74781730189,8.866921424865723,0.33338515254066425,0.61,685.56,0.463,0.03,16.92,0.019,1.39,2419.0,0.487,0.03,16.92,0.019
18,0,-3500,3500.0,82593.90109348533,17.860668182373047,0.38288984802191806,2.39,4809.56,0.624,0.04,48.88,0.019,1.78,6018.8,0.519,0.04,48.88,0.019,35232.15744099871,8.290885925292969,0.3429579928876908,0.75,781.89,0.467,0.03,22.56,0.019,1.52,2730.6,0.491,0.03,22.56,0.019
18,0,-3000,3000.0,85523.81756167451,18.582252502441406,0.39247005234277904,2.12,3395.9000000000005,0.598,0.04,48.88,0.019,1.9,6322.2,0.522,0.04,48.88,0.019,36740.96174820734,7.40777063369751,0.3503507720992834,0.75,806.01,0.467,0.25,726.11,0.058,1.46,3124.2,0.495,0.03,22.56,0.019
18,0,-2500,2500.0,86751.43499339974,18.748029708862305,0.3965092566004987,2.65,4820.24,0.631,0.04,60.16,0.021,1.95,6617.4,0.531,0.04,60.16,0.021,37532.24851042614,6.398151397705078,0.35217053191043457,0.69,852.24,0.468,0.2,672.98,0.057,1.27,3386.6,0.499,0.03,30.08,0.019
18,0,-2000,2000.0,86707.36247619643,18.810379028320312,0.40020330460559483,2.26,3300.2,0.596,0.04,65.8,0.022,2.0,6773.2,0.534,0.04,65.8,0.022,37436.3098904636,5.998024940490723,0.35438792497794064,0.63,808.0199999999999,0.465,0.2,637.56,0.057,1.02,3493.2,0.5,0.03,31.960000000000004,0.019
18,0,-1500,1500.0,85021.93990412343,18.336469650268555,0.39739051573338885,2.27,3297.3,0.597,0.04,71.44,0.024,2.02,6830.6,0.535,0.04,71.44,0.024,36628.70067315234,6.214244842529297,0.3532798664376549,0.56,898.56,0.464,0.21,602.14,0.056,0.94,3575.2000000000003,0.501,0.03,33.84,0.019
18,0,-1000,1000.0,82455.92665707882,18.568269729614258,0.3931924714508699,1.43,2084.37,0.571,0.04,73.32,0.024,2.12,6699.4,0.531,0.04,73.32,0.024,35171.693659658195,6.076422214508057,0.3517303613222602,0.75,1545.0,0.539,0.22,584.43,0.056,1.01,3616.2,0.501,0.03,33.84,0.019
18,0,-500,500.0,79546.20120601248,17.853145599365234,0.38705954109692714,1.47,2022.06,0.569,0.05,69.56,0.023,2.2,6527.2,0.527,0.05,69.56,0.023,33579.016187557136,5.7288126945495605,0.3510280335876402,0.68,1612.98,0.54,0.02,31.960000000000004,0.019,1.05,3747.4000000000005,0.504,0.02,31.960000000000004,0.019
18,0,0,0.0,75842.55263615196,15.909955024719238,0.37626221938327414,1.39,1921.56,0.556,0.05,69.56,0.023,2.2,6289.4,0.521,0.05,69.56,0.023,31498.22523711773,5.1130452156066895,0.3436352119867765,0.79,1687.14,0.541,0.02,31.960000000000004,0.019,1.12,3788.4,0.504,0.02,31.960000000000004,0.019
18,0,500,500.0,72757.7545425418,14.877280235290527,0.3672638308136863,1.23,1752.7200000000003,0.532,0.05,62.04,0.022,2.14,6133.6,0.522,0.05,62.04,0.022,29954.417953145457,4.411053657531738,0.33954967254066704,0.71,1616.0700000000002,0.538,0.02,30.08,0.019,1.2,3927.8,0.506,0.02,30.08,0.019
18,0,1000,1000.0,69612.53891024971,13.850581169128418,0.3558874456826199,2.26,3565.92,0.529,0.05,62.04,0.022,1.95,6018.8,0.518,0.05,62.04,0.022,28672.122829500586,3.7124311923980713,0.33487290068126974,0.65,1545.0,0.537,0.02,30.08,0.019,1.19,3804.7999999999997,0.503,0.02,30.08,0.019
18,0,1500,1500.0,67276.62242132938,13.126213073730469,0.3478750520755529,0.83,1423.08,0.472,0.04,56.4,0.02,1.77,5969.6,0.515,0.04,56.4,0.02,27453.14213479869,4.038274765014648,0.3317940845195602,0.49,1344.15,0.531,0.01,28.2,0.019,1.15,3616.2,0.498,0.01,28.2,0.019
18,0,2000,2000.0,65327.397925723926,12.705649375915527,0.3403925374739159,0.75,1352.73,0.458,0.04,54.519999999999996,0.02,1.54,5895.8,0.509,0.04,54.519999999999996,0.02,26094.540546127246,4.296180248260498,0.3231616362862493,0.53,698.9,0.438,0.01,28.2,0.019,0.87,3189.8,0.491,0.01,28.2,0.019
18,0,2500,2500.0,64546.310327432,12.750641822814941,0.3368885037183925,0.67,1393.2,0.451,0.04,50.76,0.019,1.4,5912.2,0.507,0.04,50.76,0.019,25272.84669096989,4.637887477874756,0.32038659765140726,0.54,701.8,0.438,0.02,24.44,0.019,0.53,2722.4,0.482,0.02,24.44,0.019
18,0,3000,3000.0,64900.28855589044,13.054560661315918,0.3336388372959999,0.99,1934.3,0.448,0.03,50.76,0.019,1.3,5846.6,0.5,0.03,50.76,0.019,24925.85066475731,5.178033351898193,0.3150887099854249,0.62,710.5,0.434,0.02,22.56,0.019,0.59,2656.8,0.48,0.02,22.56,0.019
18,0,3500,3500.0,67444.87017421634,13.48306941986084,0.33731810218630204,1.0,1937.2,0.449,0.03,50.76,0.019,1.25,5813.8,0.496,0.03,50.76,0.019,24513.007519228267,5.491204261779785,0.30867789866234663,0.63,713.4,0.435,0.02,22.56,0.019,0.66,2615.8,0.478,0.02,22.56,0.019
18,0,4000,4000.0,72078.33472226921,13.922765731811523,0.3462943409497356,1.09,1919.8,0.448,0.03,50.76,0.019,1.3,5740.0,0.492,0.03,50.76,0.019,24208.7615471537,5.594861030578613,0.30760604165305117,0.44,512.55,0.444,0.02,22.56,0.019,0.71,2460.0,0.471,0.02,22.56,0.019
18,0,4500,4500.0,77368.39699250122,14.152609825134277,0.3583539606900701,1.1,1919.8,0.448,0.03,50.76,0.019,1.35,5674.4,0.493,0.03,50.76,0.019,23649.66259979701,5.53146505355835,0.3058852464720354,0.47,496.4700000000001,0.439,0.02,22.56,0.019,0.76,2263.2,0.459,0.02,22.56,0.019
18,0,5000,5000.0,81259.13408441702,14.321019172668457,0.36884845404326827,0.77,1340.67,0.452,0.03,50.76,0.019,1.44,5723.6,0.493,0.03,50.76,0.019,23160.527499721502,5.270674228668213,0.3112530514220609,0.47,526.62,0.441,0.02,20.68,0.019,0.75,2099.2,0.451,0.02,20.68,0.019
18,0,5500,5500.0,84751.16117167636,14.46523380279541,0.38163792946383546,0.81,1382.88,0.452,0.03,50.76,0.019,1.52,5846.6,0.493,0.03,50.76,0.019,22417.849267463316,4.874971866607666,0.31579299283454826,0.45,592.95,0.447,0.05,266.4,0.107,0.73,1976.2000000000003,0.446,0.02,18.8,0.019
18,0,6000,6000.0,85757.58959659142,14.690629005432129,0.38811199380182326,1.42,2911.5999999999995,0.557,0.03,50.76,0.019,1.57,6437.0,0.497,0.03,50.76,0.019,21346.984031726606,4.3126959800720215,0.3199724368621265,0.44,603.0,0.448,0.04,219.04,0.1,0.68,2058.2,0.448,0.02,18.8,0.019
18,0,6500,6500.0,86025.37425262271,15.014979362487793,0.39216715371961636,1.49,2952.2,0.562,0.04,56.4,0.019,1.59,7437.4,0.519,0.04,56.4,0.019,19708.5383757425,3.702425718307495,0.31816078842604556,0.4,621.09,0.455,0.08,265.65,0.047,0.62,2123.8,0.449,0.02,20.68,0.019
18,0,7000,7000.0,85837.8820171245,15.453192710876465,0.3957146000855499,0.81,1682.58,0.549,0.04,60.16,0.02,1.53,8380.400000000001,0.549,0.04,60.16,0.02,17407.365718888468,2.9657793045043945,0.30993418608630324,0.37,570.84,0.45,0.08,212.52,0.045,0.53,2009.0000000000002,0.443,0.02,22.56,0.019
18,0,7500,7500.0,84988.12819934974,15.940400123596191,0.3968602974567561,1.05,1985.8800000000003,0.557,0.04,86.48,0.025,1.47,9028.2,0.569,0.04,86.48,0.025,14972.671001561685,2.23994517326355,0.29764860550200045,0.3,460.29,0.438,0.1,194.81,0.044,0.45,1853.1999999999998,0.437,0.02,20.68,0.019
18,0,8000,8000.0,82177.8868720503,16.425134658813477,0.3911891392781371,0.9,1881.36,0.546,0.06,94.0,0.026,1.47,8257.4,0.559,0.06,94.0,0.026,12404.645064540091,1.584633231163025,0.27824411568825824,0.26,399.99,0.425,0.1,177.1,0.044,0.33,1541.6,0.414,0.02,20.68,0.019
18,0,8500,8500.0,79387.34599225136,16.830495834350586,0.3859797674283171,1.26,2398.3,0.526,0.07,86.48,0.026,1.48,7338.999999999999,0.553,0.07,86.48,0.026,10369.701130970498,1.3223387002944946,0.26370373581474976,0.15,275.37,0.39,0.01,16.92,0.018,0.22,1254.6,0.385,0.01,16.92,0.018
18,0,9000,9000.0,77832.66188720227,17.159069061279297,0.3842504120844389,1.36,2566.5,0.545,0.08,82.72,0.026,1.54,6609.2,0.537,0.08,82.72,0.026,8752.03967045818,1.381466031074524,0.24666394267372307,0.26,542.64,0.375,0.07,141.68,0.041,0.16,1008.6,0.356,0.01,15.04,0.018
18,0,9500,9500.0,77191.00182908514,17.34773826599121,0.3860516754390192,1.37,2581.0,0.546,0.03,62.04,0.022,1.6,6133.6,0.528,0.03,62.04,0.022,7757.1429602539865,1.4484124183654785,0.2405995229742154,0.15,209.52,0.362,0.04,141.68,0.039,0.16,844.6,0.332,0.01,11.28,0.017
18,0,10000,10000.0,77193.92689924134,17.563779830932617,0.3870809165591146,1.38,2569.4,0.546,0.04,56.4,0.021,1.67,6223.8,0.533,0.04,56.4,0.021,7058.803533078753,1.414815068244934,0.22982719890481612,0.15,200.88,0.36,0.04,141.68,0.04,0.19,746.2,0.32,0.01,9.4,0.017
18,0,10500,10500.0,77537.2667212585,17.744016647338867,0.38892382425009486,0.97,1734.6300000000003,0.541,0.04,60.16,0.022,1.72,6437.0,0.542,0.04,60.16,0.022,6767.21196383005,1.3129643201828003,0.2270672261844035,0.12,130.2,0.372,0.06,159.39,0.043,0.22,713.4,0.325,0.01,9.4,0.017
18,0,11000,11000.0,77391.05399689288,18.000253677368164,0.3870910653570185,0.97,1728.6,0.54,0.04,60.16,0.022,1.73,6568.2,0.549,0.04,60.16,0.022,6645.0693486083765,1.0786731243133545,0.22333153623575489,0.16,181.44,0.36,0.07,177.1,0.045,0.24,688.8,0.334,0.01,7.52,0.017
18,0,11500,11500.0,76818.47368923482,18.30826759338379,0.38281980864606596,0.97,1708.5,0.538,0.04,65.8,0.023,1.73,6592.799999999999,0.551,0.04,65.8,0.023,6597.290934777993,0.7824249863624573,0.22133239901142,0.09,134.67,0.338,0.08,194.81,0.046,0.23,656.0,0.342,0.01,7.52,0.017
18,0,12000,12000.0,75988.96835802589,18.69321632385254,0.3776745001067484,0.96,1682.3699999999997,0.533,0.04,67.68,0.024,1.74,6445.2,0.547,0.04,67.68,0.024,6532.4364881482325,0.8753946423530579,0.2241487098271182,0.13,232.0,0.367,0.07,159.39,0.044,0.17,524.8,0.302,0.01,7.52,0.017
18,0,12500,12500.0,75721.03453686868,19.022207260131836,0.3754745454513953,0.97,1636.14,0.526,0.04,65.8,0.023,1.75,6264.8,0.542,0.04,65.8,0.023,6432.785641330338,1.089672565460205,0.22981124514442056,0.14,237.8,0.372,0.05,123.97000000000001,0.04,0.12,434.6,0.268,0.01,5.64,0.016
18,0,13000,13000.0,74737.48089427245,19.33319664001465,0.37114526412007964,0.96,1642.17,0.524,0.04,63.92000000000001,0.023,1.8,6232.0,0.54,0.04,63.92000000000001,0.023,6183.465330933905,1.2071902751922607,0.23343016934090813,0.15,220.4,0.361,0.0,7.6,0.052,0.07,467.3999999999999,0.267,0.01,5.64,0.016
18,0,13500,13500.0,73760.70238905377,19.608402252197266,0.36802468669051475,0.97,1668.3000000000002,0.523,0.04,62.04,0.023,1.86,6232.0,0.539,0.04,62.04,0.023,5910.707855044166,1.2298554182052612,0.23652182544432793,0.12,224.64,0.376,0.0,7.6,0.052,0.14,574.0,0.297,0.0,5.64,0.016
18,0,14000,14000.0,72442.48390004213,19.798198699951172,0.36426413470703006,0.97,1664.2799999999997,0.517,0.04,62.04,0.022,1.9,6215.6,0.529,0.04,62.04,0.022,5387.476009341481,1.0811152458190918,0.22216695991255492,0.18,358.44,0.405,0.0,5.64,0.016,0.19,688.8,0.323,0.0,5.64,0.016
18,0,14500,14500.0,71250.4111419461,19.986473083496094,0.36080207805933245,0.96,1640.16,0.503,0.04,62.04,0.022,1.9,6199.2,0.521,0.04,62.04,0.022,4932.261919736629,0.8622867465019226,0.20426774833368036,0.1,154.77,0.363,0.0,14.24,0.056,0.24,779.0,0.34,0.0,7.52,0.016
18,0,15000,15000.0,69667.90143034304,20.084779739379883,0.35325150821014994,0.95,1603.98,0.494,0.04,63.92000000000001,0.022,1.84,6100.8,0.512,0.04,63.92000000000001,0.022,4639.610544711468,0.587716281414032,0.18416811234024485,0.17,297.84,0.347,0.0,9.33,0.032,0.21,631.4,0.315,0.0,9.4,0.017
18,0,15500,15500.0,68801.4982630033,20.247819900512695,0.34795270308326104,0.92,1501.47,0.473,0.04,56.4,0.02,1.78,6076.2,0.511,0.04,56.4,0.02,4700.34604541579,0.5210839509963989,0.1759917558969401,0.15,297.44,0.31,0.0,7.52,0.016,0.16,459.20000000000005,0.278,0.0,7.52,0.016
18,0,16000,16000.0,68634.86778944498,20.372652053833008,0.3437592081903507,0.91,1427.1,0.462,0.04,54.519999999999996,0.019,1.71,5871.2,0.509,0.04,54.519999999999996,0.019,5096.54675390484,0.8351216912269592,0.17932264449516416,0.16,308.88,0.315,0.0,5.64,0.016,0.09,270.6,0.203,0.0,5.64,0.016
18,0,16500,16500.0,69979.94746088516,20.6160945892334,0.34602596363396465,1.27,2009.7,0.459,0.04,50.76,0.019,1.67,5666.2,0.508,0.04,50.76,0.019,5719.719954258471,1.130022644996643,0.19237864816685699,0.2,331.08,0.322,0.0,3.76,0.013,0.04,155.8,0.135,0.0,3.76,0.013
18,0,17000,17000.0,72808.96710059023,20.849214553833008,0.3524795985595188,1.43,2285.2,0.481,0.04,50.76,0.019,1.68,5510.4,0.504,0.04,50.76,0.019,6339.948620498035,1.3923999071121216,0.20999067896736773,0.28,310.3,0.36,0.0,3.76,0.013,0.06,229.60000000000002,0.17,0.0,3.76,0.013
18,0,17500,17500.0,77054.27926153061,21.204368591308594,0.3641624233898523,1.44,2314.2,0.485,0.04,48.88,0.019,1.72,5477.6,0.503,0.04,48.88,0.019,6783.349988296686,1.5667775869369507,0.22695779541644306,0.29,321.9,0.364,0.0,3.76,0.014,0.12,410.0,0.244,0.0,3.76,0.014
18,0,18000,18000.0,82452.44203018374,21.37009620666504,0.3793514505855777,1.67,2775.3,0.55,0.04,47.0,0.019,1.81,5748.2,0.505,0.04,47.0,0.019,6703.405873497832,1.6434006690979004,0.23605935127368383,0.15,187.92,0.36,0.0,3.76,0.014,0.21,647.8,0.296,0.0,3.76,0.014
18,0,18500,18500.0,87339.8222600139,21.54481315612793,0.3918010725193314,1.69,2813.0,0.555,0.04,50.76,0.019,1.93,6133.6,0.512,0.04,50.76,0.019,6297.971117576526,1.6216634511947632,0.23621864747956567,0.21,223.11000000000004,0.369,0.02,53.13,0.028,0.3,852.8,0.328,0.01,7.52,0.016
18,0,19000,19000.0,90604.33546637942,21.498350143432617,0.40195872997889925,2.04,3364.0,0.612,0.04,52.64000000000001,0.019,2.09,6502.6,0.516,0.04,52.64000000000001,0.019,5599.876143021538,1.3958849906921387,0.2278868017821969,0.19,205.02,0.367,0.02,70.84,0.03,0.29,820.0,0.325,0.01,9.4,0.016
18,0,19500,19500.0,93777.01556018146,21.18486976623535,0.41365197854249025,2.1,3407.5,0.617,0.04,58.28,0.019,2.25,6896.2,0.526,0.04,58.28,0.019,4945.931430801284,1.1090964078903198,0.21587376858568885,0.14,158.79,0.362,0.03,88.55,0.035,0.24,738.0,0.32,0.01,9.4,0.016
18,0,20000,20000.0,95057.0790333557,22.177228927612305,0.4263611618828262,2.01,3317.6,0.612,0.04,63.92000000000001,0.021,2.47,7396.4,0.548,0.04,63.92000000000001,0.021,4481.354600174018,0.8289534449577332,0.2043468574043587,0.24,314.16,0.347,0.04,106.26,0.039,0.16,500.2,0.281,0.01,9.4,0.017
19,0,-20000,20000.0,21239.726308209356,6.893780708312988,0.28138046013711915,0.88,974.7,0.44,0.0,5.64,0.014,0.21,656.0,0.303,0.0,5.64,0.014,98731.78907868569,44.45295715332031,0.40271316288458975,12.08,8380.32,0.74,0.35,982.72,0.131,8.99,12291.8,0.682,0.44,218.07999999999998,0.043
19,0,-19500,19500.0,24754.548518249067,9.58753776550293,0.2907152793965443,1.0,939.8,0.45,0.01,9.4,0.016,0.36,967.6,0.356,0.01,9.4,0.016,89553.28634477919,37.694114685058594,0.403290335348643,18.23,17474.49,0.704,0.28,976.8,0.13,6.97,10348.4,0.639,0.38,193.64,0.043
19,0,-19000,19000.0,28551.176186377415,11.408673286437988,0.30737079972187686,1.42,1218.0,0.466,0.01,9.4,0.016,0.63,1459.6,0.411,0.01,9.4,0.016,77254.34248272213,27.465166091918945,0.3815989083518599,6.96,5850.72,0.658,0.19,905.76,0.128,4.9,7937.6,0.57,0.36,186.12,0.042
19,0,-18500,18500.0,31854.149965874967,12.441929817199707,0.3206958476973916,1.3,1153.16,0.462,0.02,16.92,0.018,0.94,1951.6,0.446,0.02,16.92,0.018,69749.24688596511,21.59706687927246,0.376433590600726,9.68,11761.14,0.608,0.37,1133.44,0.057,3.55,6289.4,0.521,0.13,103.40000000000002,0.03
19,0,-18000,18000.0,34707.81384588336,13.054108619689941,0.3338310161473395,0.94,774.3,0.467,0.02,18.8,0.018,1.38,2558.4,0.475,0.02,18.8,0.018,62005.48445322784,14.813020706176758,0.3552973945136568,3.44,4084.08,0.551,0.28,1080.31,0.057,2.44,5477.6,0.506,0.07,78.96,0.025
19,0,-17500,17500.0,35878.72094500344,13.185691833496094,0.33402861341655943,0.81,645.4,0.469,0.04,26.320000000000004,0.019,1.77,3058.6,0.493,0.04,26.320000000000004,0.019,57044.38139960985,10.770770072937012,0.34449789984714707,1.32,1521.57,0.47,0.2,1062.6,0.056,1.62,4895.4,0.493,0.05,50.76,0.019
19,0,-17000,17000.0,35398.3239006222,13.121767044067383,0.3346174402220782,1.12,878.37,0.47,0.04,28.2,0.019,2.03,3345.6,0.501,0.04,28.2,0.019,53546.871266380185,6.946090221405029,0.33244316351865266,2.47,3096.72,0.466,0.18,1098.02,0.056,1.27,4821.6,0.489,0.05,48.88,0.019
19,0,-16500,16500.0,33600.757174770115,12.426864624023438,0.32818375334236355,1.06,818.07,0.466,0.05,31.960000000000004,0.019,2.17,3476.8,0.505,0.05,31.960000000000004,0.019,51712.53192125587,4.815415859222412,0.32703560429722084,3.38,6372.94,0.442,0.19,1151.15,0.057,0.99,4805.2,0.486,0.04,48.88,0.019
19,0,-16000,16000.0,31261.41485971457,11.847785949707031,0.3298340592622078,1.82,1400.7,0.466,0.04,39.52,0.083,1.98,3189.8,0.499,0.05,33.84,0.019,50549.69088110374,3.787403106689453,0.3185376943718567,0.93,1986.96,0.432,0.24,1275.12,0.058,0.65,4477.2,0.477,0.04,48.88,0.019
19,0,-15500,15500.0,29465.094583222526,11.341113090515137,0.33827912043453956,1.84,1418.1,0.467,0.28,389.62,0.049,1.81,2927.4,0.493,0.04,30.08,0.019,51639.242157008266,4.024320125579834,0.31967482392196045,0.59,1730.3,0.43,0.02,41.36,0.018,0.68,4354.2,0.473,0.02,41.36,0.018
19,0,-15000,15000.0,27279.51779406576,10.05876636505127,0.34119119155728683,1.09,812.04,0.463,0.18,301.07,0.045,1.68,2738.8,0.486,0.04,28.2,0.019,53936.41793144052,5.011290550231934,0.31891802627244437,0.62,1767.48,0.432,0.02,39.48,0.018,0.65,4280.4,0.47,0.02,39.48,0.018
19,0,-14500,14500.0,24091.448236611905,8.458097457885742,0.3344693513419911,1.17,868.32,0.466,0.12,230.23,0.04,1.56,2566.6,0.48,0.04,26.320000000000004,0.019,56924.433056573616,6.24916934967041,0.3208281327472296,0.47,1366.52,0.427,0.01,37.6,0.018,0.58,4280.4,0.47,0.01,37.6,0.018
19,0,-14000,14000.0,19994.927510488196,6.4102396965026855,0.30930820780606394,2.16,1766.64,0.458,0.13,230.23,0.041,1.42,2386.2,0.468,0.04,26.320000000000004,0.019,60720.08931861492,7.435002326965332,0.3262249246311503,0.54,1562.1,0.435,0.01,37.6,0.018,0.47,4354.2,0.471,0.01,37.6,0.018
19,0,-13500,13500.0,16122.504019035841,4.5250396728515625,0.2781464881292336,2.94,3493.04,0.43,0.15,265.65,0.042,1.24,2164.8,0.454,0.04,24.44,0.019,64590.87773450883,7.912297248840332,0.3323166540881446,0.56,1250.64,0.444,0.01,37.6,0.018,0.73,4510.0,0.476,0.01,37.6,0.018
19,0,-13000,13000.0,13089.271093031857,2.9912164211273193,0.2455828540698507,0.8,844.5599999999998,0.398,0.2,301.07,0.045,0.93,1771.2000000000003,0.426,0.04,24.44,0.019,67890.58124071453,8.803276062011719,0.33900180436409816,0.92,2234.07,0.521,0.01,37.6,0.018,1.04,4993.8,0.486,0.01,37.6,0.018
19,0,-12500,12500.0,11868.20695795468,2.5681614875793457,0.23382347926999228,0.38,491.31,0.418,0.02,16.92,0.018,0.75,1533.4,0.404,0.02,16.92,0.018,70445.28933934635,9.753711700439453,0.34274517857493697,0.87,2378.0,0.465,0.02,43.24,0.018,1.32,5469.4,0.494,0.02,43.24,0.018
19,0,-12000,12000.0,11973.146867551259,2.8260867595672607,0.2242106303555913,0.16,114.0,0.101,0.02,15.04,0.018,0.48,1107.0,0.36,0.02,15.04,0.018,72090.06059424137,10.186837196350098,0.34696975538034847,0.97,2349.0,0.462,0.02,45.12,0.018,1.36,5969.6,0.501,0.02,45.12,0.018
19,0,-11500,11500.0,13581.62195608893,3.6199939250946045,0.23465505561302502,0.53,683.54,0.382,0.01,9.4,0.016,0.28,738.0,0.304,0.01,9.4,0.016,73186.43575147726,10.174684524536133,0.3489741988718822,0.98,2349.0,0.461,0.02,50.76,0.019,1.27,6371.4,0.505,0.02,50.76,0.019
19,0,-11000,11000.0,16704.204426592332,4.739867210388184,0.2487392539998988,0.58,732.16,0.388,0.01,7.52,0.015,0.29,738.0,0.303,0.01,7.52,0.015,73701.40463291318,9.82860279083252,0.3498170480448327,0.64,1549.71,0.454,0.02,52.64000000000001,0.019,1.02,6560.0,0.507,0.02,52.64000000000001,0.019
19,0,-10500,10500.0,20811.483673521434,6.550933361053467,0.26708162898347637,0.95,1106.82,0.428,0.01,9.4,0.015,0.31,787.2,0.309,0.01,9.4,0.015,74831.08362594503,9.354741096496582,0.3519393664153768,0.66,1539.66,0.453,0.03,54.519999999999996,0.019,0.99,6674.800000000001,0.508,0.03,54.519999999999996,0.019
19,0,-10000,10000.0,25575.703395649907,10.006932258605957,0.28151780471887594,1.04,910.6,0.432,0.01,9.4,0.016,0.41,967.6,0.333,0.01,9.4,0.016,76820.40500625735,8.99792194366455,0.35278289908848254,0.6,1473.33,0.451,0.03,56.4,0.019,1.04,6683.0,0.509,0.03,56.4,0.019
19,0,-9500,9500.0,30366.339228203287,12.569488525390625,0.2903377346773549,1.3,1538.68,0.449,0.01,11.28,0.016,0.53,1205.4,0.357,0.01,11.28,0.016,80843.06048425497,9.470670700073242,0.3605790391302568,1.07,3409.12,0.556,0.02,56.4,0.019,1.09,6715.8,0.51,0.02,56.4,0.019
19,0,-9000,9000.0,36039.78871384752,14.550558090209961,0.30732542184728545,1.67,1331.1,0.461,0.02,11.28,0.016,0.81,1640.0,0.397,0.02,11.28,0.016,86473.96050537354,10.099678993225098,0.3726560685574696,1.12,3460.6,0.56,0.02,56.4,0.019,1.11,6937.200000000001,0.513,0.02,56.4,0.019
19,0,-8500,8500.0,42467.410253491835,15.6281099319458,0.3286934040773222,1.72,1360.1,0.463,0.02,16.92,0.017,1.13,2115.6,0.43,0.02,16.92,0.017,91298.67499502725,11.44270133972168,0.38170893562070096,1.01,3307.08,0.583,0.02,56.4,0.018,1.14,7240.6,0.517,0.02,56.4,0.018
19,0,-8000,8000.0,48101.04002474982,16.727378845214844,0.3490033364324109,2.02,1571.8,0.468,0.03,18.8,0.018,1.63,2804.4,0.465,0.03,18.8,0.018,95115.27005649987,12.279569625854492,0.391391804391206,1.12,3413.76,0.591,0.01,56.4,0.018,1.25,7806.4,0.533,0.01,56.4,0.018
19,0,-7500,7500.0,51441.93755380693,19.532485961914062,0.3543871571556438,2.05,1589.2000000000003,0.468,0.04,26.320000000000004,0.018,2.17,3526.0,0.492,0.04,26.320000000000004,0.018,98108.908374561,12.389936447143555,0.39873653625424277,1.15,2833.92,0.589,0.02,62.04,0.019,1.59,8675.6,0.559,0.02,62.04,0.019
19,0,-7000,7000.0,53368.112396259676,20.102025985717773,0.3559334213941754,1.2,965.7,0.466,0.04,28.2,0.019,2.68,4280.4,0.509,0.04,28.2,0.019,99649.34843353112,14.335554122924805,0.40615023693216507,1.16,2747.52,0.581,0.02,65.8,0.02,1.95,10209.0,0.598,0.02,65.8,0.02
19,0,-6500,6500.0,54331.418779090745,19.347620010375977,0.3526787978927124,1.46,1119.57,0.47,0.05,37.6,0.019,3.12,4977.4,0.52,0.05,37.6,0.019,99534.85453075409,15.305719375610352,0.41107994936577397,1.24,2725.92,0.579,0.07,112.8,0.028,2.12,11324.2,0.624,0.07,112.8,0.028
19,0,-6000,6000.0,54666.118398006074,17.111658096313477,0.3471933477001385,1.38,1087.41,0.467,0.06,39.48,0.019,3.11,5305.4,0.522,0.06,39.48,0.019,95104.41429128332,14.120803833007812,0.4045093514875886,1.16,2652.48,0.572,0.08,125.96000000000001,0.03,2.17,10988.0,0.618,0.08,125.96000000000001,0.03
19,0,-5500,5500.0,54819.61176482728,14.630379676818848,0.34053639177382644,1.18,1021.08,0.459,0.06,43.24,0.019,2.95,5518.6,0.522,0.06,43.24,0.019,88748.51589469508,13.859210968017578,0.3918520723442185,0.97,2492.64,0.555,0.08,125.96000000000001,0.03,1.99,10176.2,0.6,0.08,125.96000000000001,0.03
19,0,-5000,5000.0,55384.96884438791,13.912665367126465,0.33349148449638366,1.1,994.95,0.456,0.06,45.12,0.019,2.47,5420.2,0.519,0.06,45.12,0.019,81786.82357990547,14.901043891906738,0.37601621695565646,0.55,1649.2,0.558,0.08,125.96000000000001,0.03,1.71,9635.0,0.587,0.08,125.96000000000001,0.03
19,0,-4500,4500.0,57066.162655066,14.179609298706055,0.3313685908569672,0.93,964.8,0.452,0.05,43.24,0.019,2.02,5330.0,0.515,0.05,43.24,0.019,74101.4750799659,15.83488655090332,0.3562413384630491,1.11,1911.1,0.445,0.07,116.56,0.029,1.55,8962.6,0.569,0.07,116.56,0.029
19,0,-4000,4000.0,60050.97010376339,14.766555786132812,0.33228522450979514,1.63,1853.1,0.457,0.04,43.24,0.019,1.81,5354.6,0.514,0.04,43.24,0.019,66379.24274689722,16.403034210205078,0.33501329106285904,1.16,2012.6,0.454,0.07,112.8,0.028,1.63,7109.4,0.514,0.07,112.8,0.028
19,0,-3500,3500.0,63829.183831080445,15.500846862792969,0.3374084012367832,1.66,1885.0,0.458,0.04,43.24,0.019,1.69,5387.4,0.513,0.04,43.24,0.019,62692.990229823045,16.53510093688965,0.33179726355603967,0.57,859.6,0.434,0.03,58.28,0.018,1.7,6117.2,0.5,0.03,58.28,0.018
19,0,-3000,3000.0,68228.9699852845,16.346473693847656,0.3450153395071682,1.98,2299.7,0.465,0.04,43.24,0.019,1.81,5551.4,0.514,0.04,43.24,0.019,59967.686413717456,15.870301246643066,0.326807327253083,0.82,1296.45,0.44,0.03,52.64000000000001,0.018,1.72,5674.4,0.492,0.03,52.64000000000001,0.018
19,0,-2500,2500.0,71755.4351913248,17.85403823852539,0.3488508927727542,2.0,2349.0,0.47,0.04,47.0,0.019,1.96,5666.2,0.514,0.04,47.0,0.019,57971.94738232938,14.668354988098145,0.3243201534491535,0.81,1302.48,0.438,0.03,48.88,0.018,1.71,5395.6,0.486,0.03,48.88,0.018
19,0,-2000,2000.0,75292.20315118146,20.252941131591797,0.35431759188556167,2.17,2824.6,0.515,0.04,47.0,0.019,2.23,6002.4,0.516,0.04,47.0,0.019,56293.201312972815,12.781975746154785,0.32180617477757617,0.77,1300.47,0.436,0.25,1275.12,0.056,1.58,5272.6,0.481,0.03,47.0,0.018
19,0,-1500,1500.0,78125.1988039061,22.089962005615234,0.35794169139472565,2.18,2862.3,0.518,0.05,52.64000000000001,0.019,2.48,6281.2,0.519,0.05,52.64000000000001,0.019,54930.586079911154,10.617431640625,0.31951094439999966,0.66,1282.38,0.433,0.16,1221.99,0.055,1.43,5141.4,0.476,0.03,47.0,0.018
19,0,-1000,1000.0,80038.35124169709,23.602319717407227,0.3628806952039933,2.24,3056.5999999999995,0.536,0.05,54.519999999999996,0.019,2.67,6420.6,0.52,0.05,54.519999999999996,0.019,54161.753832228715,8.05539608001709,0.3175435440218556,1.29,2594.88,0.428,0.18,1204.28,0.055,1.16,4911.8,0.469,0.03,47.0,0.018
19,0,-500,500.0,80744.30504254124,24.209396362304688,0.36490686026950936,2.24,3071.1,0.537,0.05,56.4,0.019,2.83,6453.4,0.52,0.05,56.4,0.019,54615.75195514597,5.4850873947143555,0.31902041660944386,2.19,5536.84,0.41,0.02,43.24,0.018,0.89,4665.8,0.463,0.02,43.24,0.018
19,0,0,0.0,80285.95298106666,24.453235626220703,0.36732586000879947,2.23,3042.1,0.536,0.05,58.28,0.019,2.93,6453.4,0.521,0.05,58.28,0.019,55954.58695865236,4.2809295654296875,0.3190191825234178,0.85,2390.88,0.423,0.02,43.24,0.018,0.6,4460.8,0.455,0.02,43.24,0.018
19,0,500,500.0,79326.702335343,24.37964630126953,0.36923814054999543,1.56,1941.66,0.517,0.06,58.28,0.019,3.02,6428.8,0.521,0.06,58.28,0.019,58524.03709165519,4.966256141662598,0.3224829217166677,0.41,2531.1,0.473,0.02,41.36,0.018,0.42,4329.6,0.449,0.02,41.36,0.018
19,0,1000,1000.0,76951.19775070343,23.69001007080078,0.367081610782035,1.55,1927.59,0.515,0.06,58.28,0.019,3.06,6502.6,0.523,0.06,58.28,0.019,62271.35356067447,5.955028057098389,0.3271098159263883,0.44,2625.48,0.482,0.01,41.36,0.018,0.47,4469.0,0.453,0.01,41.36,0.018
19,0,1500,1500.0,74278.48236262507,23.245351791381836,0.3645248259899486,1.54,1871.31,0.509,0.06,58.28,0.019,3.08,6568.2,0.524,0.06,58.28,0.019,66290.12638820568,7.014957904815674,0.3331387557643955,0.47,2505.36,0.472,0.01,41.36,0.018,0.52,4706.8,0.459,0.01,41.36,0.018
19,0,2000,2000.0,70424.45946120133,22.238367080688477,0.3570622765830706,1.51,1748.6999999999998,0.491,0.06,60.16,0.019,3.01,6428.8,0.524,0.06,60.16,0.019,69771.02874107659,8.041300773620605,0.3384925055315386,0.51,2238.3,0.463,0.01,43.24,0.018,0.57,5248.0,0.471,0.01,43.24,0.018
19,0,2500,2500.0,66902.52274315862,21.374759674072266,0.35033749492809096,1.45,1563.78,0.472,0.06,58.28,0.019,2.92,6273.0,0.523,0.06,58.28,0.019,72722.33199543552,8.788420677185059,0.3436450939318343,0.54,2156.46,0.472,0.01,47.0,0.018,0.64,5986.0,0.485,0.01,47.0,0.018
19,0,3000,3000.0,64022.118084464455,20.38493537902832,0.3445871313319976,1.41,1501.47,0.471,0.06,56.4,0.019,2.82,5994.2,0.52,0.06,56.4,0.019,74059.70932538621,9.449559211730957,0.34817348330305975,0.7,2244.6,0.446,0.01,47.0,0.018,0.77,6617.4,0.495,0.01,47.0,0.018
19,0,3500,3500.0,62750.425178968,19.930400848388672,0.34444361194674616,1.33,1374.84,0.469,0.05,52.64000000000001,0.019,2.75,5756.4,0.518,0.05,52.64000000000001,0.019,73972.59617046802,10.238816261291504,0.3502659145728112,0.54,1918.0800000000002,0.489,0.02,52.64000000000001,0.018,0.98,7404.599999999999,0.51,0.02,52.64000000000001,0.018
19,0,4000,4000.0,62361.157069093315,19.77499771118164,0.3404486644656291,1.3,1370.82,0.469,0.05,52.64000000000001,0.019,2.68,5387.4,0.513,0.05,52.64000000000001,0.019,71962.96320308174,10.192054748535156,0.35122610504720164,0.8,2520.1,0.474,0.02,54.519999999999996,0.018,1.23,7937.6,0.527,0.02,54.519999999999996,0.018
19,0,4500,4500.0,63897.075400926406,20.2543888092041,0.34181143354768095,1.24,1356.75,0.468,0.05,47.0,0.019,2.65,5051.2,0.508,0.05,47.0,0.019,68677.79528966057,9.45199966430664,0.3484955991922887,0.81,2537.5,0.476,0.24,1257.41,0.056,1.45,8101.600000000001,0.537,0.03,69.56,0.021
19,0,5000,5000.0,67851.75107487012,21.761165618896484,0.34483741869668777,1.05,583.68,0.183,0.05,47.0,0.019,2.65,4952.8,0.506,0.05,47.0,0.019,63827.81993323588,8.013989448547363,0.3433844894660719,0.53,1662.27,0.465,0.16,1115.73,0.054,1.32,7388.2,0.516,0.04,77.08,0.023
19,0,5500,5500.0,74021.65868758166,24.64232635498047,0.3549763029192662,2.1,2974.4,0.53,0.05,45.12,0.019,2.69,4887.2,0.504,0.05,45.12,0.019,58528.28897531144,6.401384353637695,0.3367659804306494,0.52,1551.72,0.449,0.09,956.3400000000001,0.053,1.13,6527.2,0.5,0.03,69.56,0.021
19,0,6000,6000.0,81765.07680075592,28.428476333618164,0.36601689571817786,2.61,2308.4,0.473,0.05,45.12,0.019,2.83,4977.4,0.506,0.05,45.12,0.019,52983.60725059756,4.997496128082275,0.3291108166414404,0.47,1447.2,0.443,0.09,850.08,0.052,0.81,5674.4,0.488,0.02,65.8,0.02
19,0,6500,6500.0,90104.18120388058,32.22479248046875,0.3762459130472955,3.66,3901.7600000000007,0.544,0.05,45.12,0.019,3.03,5198.8,0.509,0.05,45.12,0.019,47730.59700775193,3.6014347076416016,0.3225583458153546,0.36,1222.08,0.433,0.1,761.53,0.051,0.6,4780.6,0.472,0.02,52.64000000000001,0.019
19,0,7000,7000.0,99355.01406205294,36.30944061279297,0.38751268033205216,4.13,3526.4,0.584,0.05,45.12,0.019,3.42,5871.2,0.518,0.05,45.12,0.019,43183.59975661151,3.3542463779449463,0.3140123819564013,0.66,2472.48,0.426,0.12,726.11,0.051,0.38,4288.6,0.462,0.02,50.76,0.019
19,0,7500,7500.0,108449.01351882436,38.56475067138672,0.3968242601288049,4.27,3622.1,0.592,0.06,50.76,0.019,3.85,6715.8,0.528,0.06,50.76,0.019,39928.9586706378,3.4813525676727295,0.31111797634921967,0.93,4447.74,0.458,0.01,41.36,0.018,0.43,4050.8000000000006,0.457,0.01,41.36,0.018
19,0,8000,8000.0,118709.94672231318,42.50542068481445,0.41254367458157687,4.84,4422.5,0.643,0.06,52.64000000000001,0.019,4.57,7781.8,0.541,0.06,52.64000000000001,0.019,36816.289696795866,3.670560359954834,0.30262716975672876,0.95,4623.54,0.465,0.01,39.48,0.018,0.41,3681.8,0.449,0.01,39.48,0.018
19,0,8500,8500.0,127179.12461908709,44.201175689697266,0.42320084897931276,4.88,4483.4,0.646,0.08,73.32,0.022,5.27,9315.2,0.585,0.08,73.32,0.022,34460.88697848609,4.233951091766357,0.29841633702484077,1.01,4579.59,0.465,0.01,33.84,0.018,0.35,3435.8000000000006,0.444,0.01,33.84,0.018
19,0,9000,9000.0,135526.46852000034,46.16072082519531,0.44035075827442843,3.29,2820.03,0.627,0.09,86.48,0.025,6.18,10758.4,0.621,0.09,86.48,0.025,32113.45259551308,4.571051597595215,0.2941873894159357,0.89,4131.3,0.455,0.01,31.960000000000004,0.018,0.33,3025.8,0.431,0.01,31.960000000000004,0.018
19,0,9500,9500.0,140134.0438686835,46.3367919921875,0.4481739309897,3.46,3153.69,0.655,0.22,141.0,0.035,7.01,11922.8,0.646,0.22,141.0,0.035,30327.354590885807,4.919713497161865,0.29528079216248015,0.77,3700.59,0.446,0.01,26.320000000000004,0.017,0.32,2640.4,0.417,0.01,26.320000000000004,0.017
19,0,10000,10000.0,141426.753470322,46.461334228515625,0.4535595919834804,3.33,3191.88,0.657,0.25,156.04,0.037,7.0,12587.0,0.658,0.25,156.04,0.037,28537.247245473554,5.16522216796875,0.2972814520101487,0.28,1096.95,0.463,0.09,460.46,0.047,0.41,2476.4,0.411,0.01,24.44,0.017
19,0,10500,10500.0,140399.63686674892,45.860836029052734,0.45444215629256596,4.38,4683.5,0.655,0.25,171.08,0.039,6.85,13095.4,0.667,0.25,171.08,0.039,26824.295483512105,5.079401969909668,0.30166813822269334,0.25,1078.41,0.457,0.0,20.68,0.017,0.51,2476.4,0.414,0.0,20.68,0.017
19,0,11000,11000.0,136289.55161850317,44.781394958496094,0.4499412171005817,3.0,3230.07,0.657,2.21,3577.42,0.095,6.42,13128.200000000003,0.667,0.25,174.84,0.039,24502.446527400753,4.590378761291504,0.29816159768046757,0.26,1072.23,0.457,0.06,283.36,0.04,0.52,2517.4,0.416,0.01,20.68,0.017
19,0,11500,11500.0,131309.37392138585,44.4245719909668,0.4440965218587197,3.04,3179.82,0.654,1.87,3294.06,0.09,6.09,13111.8,0.666,0.2,169.2,0.037,21808.80945401732,4.1198906898498535,0.28845586831093706,0.25,967.17,0.447,0.05,247.94000000000003,0.039,0.53,2525.6,0.418,0.01,22.56,0.017
19,0,12000,12000.0,125930.33968867385,44.0897102355957,0.43848797883853446,2.99,3075.3,0.646,1.68,3099.25,0.087,6.18,12808.4,0.661,0.18,167.32,0.037,18894.88026081235,3.403164863586426,0.26949355456803853,0.26,865.2,0.439,0.04,265.65,0.039,0.53,2361.6,0.412,0.01,22.56,0.017
19,0,12500,12500.0,120545.85053889896,42.457977294921875,0.4325811055423424,2.85,2822.04,0.624,1.49,2886.73,0.083,6.32,12431.2,0.655,0.19,161.68,0.037,16526.54557895148,2.6375012397766113,0.2505538205745842,0.21,719.97,0.421,0.04,301.07,0.04,0.5,2115.6,0.403,0.01,20.68,0.017
19,0,13000,13000.0,114273.55891618354,37.8078498840332,0.42223718044592773,2.6,2709.48,0.612,1.31,2709.63,0.08,6.13,11603.0,0.638,0.2,159.8,0.037,15030.399415001739,1.9306964874267578,0.2305224061172223,0.16,568.56,0.403,0.05,371.91,0.042,0.38,1648.1999999999998,0.375,0.01,20.68,0.017
19,0,13500,13500.0,109454.49600063439,33.925270080566406,0.41525627395859127,2.08,2444.16,0.581,1.13,2532.53,0.076,5.89,10766.6,0.62,0.17,137.24,0.033,15508.884511515498,1.5306553840637207,0.2308711994024617,0.21,926.6400000000001,0.369,0.0,13.160000000000002,0.016,0.29,1279.2,0.35,0.0,13.160000000000002,0.016
19,0,14000,14000.0,105426.52348137635,28.667800903320312,0.4054432061021355,1.92,2391.9,0.574,0.98,2638.79,0.078,5.16,9905.6,0.599,0.16,131.6,0.032,17709.913439350203,1.3863133192062378,0.23593601795227248,0.25,998.1400000000001,0.376,0.0,11.28,0.015,0.21,1049.6,0.318,0.0,11.28,0.015
19,0,14500,14500.0,104105.5344259541,24.922903060913086,0.4038197320132255,1.68,2277.33,0.561,0.08,99.64,0.026,4.54,9093.8,0.578,0.08,99.64,0.026,21417.35770813175,2.4451193809509277,0.25085368196193836,0.63,1458.6,0.408,0.0,9.4,0.014,0.15,885.6000000000001,0.285,0.0,9.4,0.014
19,0,15000,15000.0,103171.78065472981,20.6136417388916,0.4015436473170503,1.58,2184.87,0.55,0.07,94.0,0.026,3.91,8659.2,0.565,0.07,94.0,0.026,26459.499180850253,4.1229143142700195,0.26478387554843846,0.7,1532.96,0.412,0.0,9.4,0.014,0.14,1008.6,0.289,0.0,9.4,0.014
19,0,15500,15500.0,101549.57372856152,17.213315963745117,0.39861544602362897,1.34,2005.98,0.528,0.06,86.48,0.024,3.34,8298.4,0.554,0.06,86.48,0.024,32019.655446472825,6.625113487243652,0.2781454521684521,1.0,1738.88,0.423,0.0,11.28,0.015,0.14,1246.4,0.311,0.0,11.28,0.015
19,0,16000,16000.0,97640.12878705398,18.15509033203125,0.3950263083061176,1.24,1965.7799999999997,0.522,0.06,82.72,0.024,2.81,8175.400000000001,0.55,0.06,82.72,0.024,37509.94012321207,9.42045783996582,0.2884951723447369,1.04,1773.2,0.426,0.0,11.28,0.015,0.2,1845.0,0.36,0.0,11.28,0.015
19,0,16500,16500.0,94317.53405434429,18.719825744628906,0.396935921932775,1.49,3210.3,0.551,0.05,75.2,0.022,2.35,8273.8,0.553,0.05,75.2,0.022,43184.430198455084,11.009903907775879,0.30143252468993087,0.78,1384.3,0.422,0.01,16.92,0.016,0.39,2558.4,0.401,0.01,16.92,0.016
19,0,17000,17000.0,90006.99116920587,17.906566619873047,0.39915603609638156,1.68,3859.41,0.62,0.05,73.32,0.022,2.02,8856.0,0.569,0.05,73.32,0.022,47808.0896322288,13.978167533874512,0.31697043090763644,0.97,1566.0,0.435,0.01,18.8,0.016,0.8,3452.2,0.436,0.01,18.8,0.016
19,0,17500,17500.0,85672.96698431892,16.580984115600586,0.40286874662168526,1.48,3126.2,0.544,0.05,88.36,0.025,2.69,9544.8,0.587,0.05,88.36,0.025,49787.66751115036,16.71118927001953,0.32068974424978747,1.39,2043.44,0.43,0.02,30.08,0.017,1.32,4387.0,0.462,0.02,30.08,0.017
19,0,18000,18000.0,77950.26439088106,13.227601051330566,0.3930557019011086,0.96,2227.08,0.553,0.46,1186.57,0.06,2.75,9454.6,0.585,0.06,92.12,0.026,49947.46716963564,17.05537986755371,0.32641158503062706,1.43,1844.4,0.447,0.02,31.960000000000004,0.018,1.89,5141.4,0.478,0.02,31.960000000000004,0.018
19,0,18500,18500.0,69028.76580932352,9.439523696899414,0.37649965558507426,0.69,1931.61,0.515,0.43,1098.02,0.059,2.44,8790.4,0.567,0.07,101.52,0.027,48847.849912793026,16.023359298706055,0.32902209210562033,1.47,1861.8,0.448,0.08,497.28,0.113,2.4,5723.6,0.491,0.03,43.24,0.018
19,0,19000,19000.0,60256.87512185541,8.45026683807373,0.3556913513526718,0.67,1589.91,0.47,0.45,1098.02,0.059,1.63,7224.2,0.528,0.07,103.40000000000002,0.027,46252.017856022576,14.048623085021973,0.32961210679888625,0.72,1059.66,0.443,0.06,449.92,0.11,2.48,5846.6,0.496,0.03,45.12,0.018
19,0,19500,19500.0,53686.90127064474,8.110062599182129,0.3414947264725311,0.62,1177.86,0.458,0.03,60.16,0.019,1.28,6035.2,0.516,0.03,60.16,0.019,42208.75242527691,11.612517356872559,0.3222053559454698,0.93,1250.22,0.448,0.14,726.11,0.053,2.35,5633.4,0.496,0.03,50.76,0.018
19,0,20000,20000.0,49804.92950054468,8.189950942993164,0.32706004341369926,0.59,1113.54,0.455,0.03,56.4,0.019,1.17,5067.6,0.504,0.03,56.4,0.019,37470.15954254457,8.72502326965332,0.3104533649876067,0.85,1157.76,0.444,0.15,726.11,0.053,1.78,4862.6,0.485,0.03,50.76,0.018
20,0,-20000,20000.0,0.0,0.0,0.0,0.0,0.0,0.0,0.0,0.0,0.0,0.0,0.0,0.0,0.0,0.0,0.0,0.0,0.0,,0.0,0.0,0.0,0.0,0.0,0.0,0.0,0.0,0.0,0.0,0.0,0.0
20,0,-19500,19500.0,0.0005934326864576178,2.3537586457678117e-07,0.00013340715124596559,0.0,0.0,0.0,0.0,0.0,0.0,0.0,0.0,0.0,0.0,0.0,0.0,0.0,0.0,,0.0,0.0,0.0,0.0,0.0,0.0,0.0,0.0,0.0,0.0,0.0,0.0
20,0,-19000,19000.0,0.0,0.0,0.0,0.0,0.0,0.0,0.0,0.0,0.0,0.0,0.0,0.0,0.0,0.0,0.0,0.0,0.0,,0.0,0.0,0.0,0.0,0.0,0.0,0.0,0.0,0.0,0.0,0.0,0.0
20,0,-18500,18500.0,0.004433160415828752,4.2120550460822415e-06,0.0012815259097653927,0.0,0.0,0.0,0.0,0.0,0.0,0.0,0.0,0.0,0.0,0.0,0.0,0.0,0.0,,0.0,0.0,0.0,0.0,0.0,0.0,0.0,0.0,0.0,0.0,0.0,0.0
20,0,-18000,18000.0,0.0,0.0,0.0,0.0,0.0,0.0,0.0,0.0,0.0,0.0,0.0,0.0,0.0,0.0,0.0,0.0,0.0,,0.0,0.0,0.0,0.0,0.0,0.0,0.0,0.0,0.0,0.0,0.0,0.0
20,0,-17500,17500.0,0.0,0.0,0.0,0.0,0.0,0.0,0.0,0.0,0.0,0.0,0.0,0.0,0.0,0.0,0.0,0.0,0.0,,0.0,0.0,0.0,0.0,0.0,0.0,0.0,0.0,0.0,0.0,0.0,0.0
20,0,-17000,17000.0,0.0,0.0,0.0,0.0,0.0,0.0,0.0,0.0,0.0,0.0,0.0,0.0,0.0,0.0,0.0,0.0,0.0,,0.0,0.0,0.0,0.0,0.0,0.0,0.0,0.0,0.0,0.0,0.0,0.0
20,0,-16500,16500.0,0.0,0.0,0.0,0.0,0.0,0.0,0.0,0.0,0.0,0.0,0.0,0.0,0.0,0.0,0.0,0.0,0.0,,0.0,0.0,0.0,0.0,0.0,0.0,0.0,0.0,0.0,0.0,0.0,0.0
20,0,-16000,16000.0,0.0,0.0,,0.0,0.0,0.0,0.0,0.0,0.0,0.0,0.0,0.0,0.0,0.0,0.0,0.0,0.0,,0.0,0.0,0.0,0.0,0.0,0.0,0.0,0.0,0.0,0.0,0.0,0.0
20,0,-15500,15500.0,0.0,0.0,,0.0,0.0,0.0,0.0,0.0,0.0,0.0,0.0,0.0,0.0,0.0,0.0,0.0,0.0,,0.0,0.0,0.0,0.0,0.0,0.0,0.0,0.0,0.0,0.0,0.0,0.0
20,0,-15000,15000.0,0.0,0.0,,0.0,0.0,0.0,0.0,0.0,0.0,0.0,0.0,0.0,0.0,0.0,0.0,0.0,0.0,,0.0,0.0,0.0,0.0,0.0,0.0,0.0,0.0,0.0,0.0,0.0,0.0
20,0,-14500,14500.0,0.0,0.0,,0.0,0.0,0.0,0.0,0.0,0.0,0.0,0.0,0.0,0.0,0.0,0.0,0.0,0.0,,0.0,0.0,0.0,0.0,0.0,0.0,0.0,0.0,0.0,0.0,0.0,0.0
20,0,-14000,14000.0,0.0,0.0,,0.0,0.0,0.0,0.0,0.0,0.0,0.0,0.0,0.0,0.0,0.0,0.0,0.0,0.0,,0.0,0.0,0.0,0.0,0.0,0.0,0.0,0.0,0.0,0.0,0.0,0.0
20,0,-13500,13500.0,0.0,0.0,,0.0,0.0,0.0,0.0,0.0,0.0,0.0,0.0,0.0,0.0,0.0,0.0,0.0,0.0,,0.0,0.0,0.0,0.0,0.0,0.0,0.0,0.0,0.0,0.0,0.0,0.0
20,0,-13000,13000.0,0.0,0.0,,0.0,0.0,0.0,0.0,0.0,0.0,0.0,0.0,0.0,0.0,0.0,0.0,0.0,0.0,,0.0,0.0,0.0,0.0,0.0,0.0,0.0,0.0,0.0,0.0,0.0,0.0
20,0,-12500,12500.0,0.0,0.0,0.0,0.0,0.0,0.0,0.0,0.0,0.0,0.0,0.0,0.0,0.0,0.0,0.0,0.0,0.0,,0.0,0.0,0.0,0.0,0.0,0.0,0.0,0.0,0.0,0.0,0.0,0.0
20,0,-12000,12000.0,0.0,0.0,0.0,0.0,0.0,0.0,0.0,0.0,0.0,0.0,0.0,0.0,0.0,0.0,0.0,0.0,0.0,,0.0,0.0,0.0,0.0,0.0,0.0,0.0,0.0,0.0,0.0,0.0,0.0
20,0,-11500,11500.0,0.0,0.0,0.0,0.0,0.0,0.0,0.0,0.0,0.0,0.0,0.0,0.0,0.0,0.0,0.0,0.0,0.0,,0.0,0.0,0.0,0.0,0.0,0.0,0.0,0.0,0.0,0.0,0.0,0.0
20,0,-11000,11000.0,0.0,0.0,0.0,0.0,0.0,0.0,0.0,0.0,0.0,0.0,0.0,0.0,0.0,0.0,0.0,0.0,0.0,,0.0,0.0,0.0,0.0,0.0,0.0,0.0,0.0,0.0,0.0,0.0,0.0
20,0,-10500,10500.0,0.0,0.0,0.0,0.0,0.0,0.0,0.0,0.0,0.0,0.0,0.0,0.0,0.0,0.0,0.0,0.0,0.0,,0.0,0.0,0.0,0.0,0.0,0.0,0.0,0.0,0.0,0.0,0.0,0.0
20,0,-10000,10000.0,0.0,0.0,0.0,0.0,0.0,0.0,0.0,0.0,0.0,0.0,0.0,0.0,0.0,0.0,0.0,0.0,0.0,,0.0,0.0,0.0,0.0,0.0,0.0,0.0,0.0,0.0,0.0,0.0,0.0
20,0,-9500,9500.0,0.0,0.0,0.0,0.0,0.0,0.0,0.0,0.0,0.0,0.0,0.0,0.0,0.0,0.0,0.0,0.0,0.0,,0.0,0.0,0.0,0.0,0.0,0.0,0.0,0.0,0.0,0.0,0.0,0.0
20,0,-9000,9000.0,0.00297502564876595,8.90563853772619e-07,0.0007577045958069743,0.0,0.0,0.0,0.0,0.0,0.0,0.0,0.0,0.0,0.0,0.0,0.0,0.0,0.0,0.0,0.0,0.0,0.0,0.0,0.0,0.0,0.0,0.0,0.0,0.0,0.0,0.0
20,0,-8500,8500.0,0.0,0.0,0.0,0.0,0.0,0.0,0.0,0.0,0.0,0.0,0.0,0.0,0.0,0.0,0.0,0.0,0.0,0.0,0.0,0.0,0.0,0.0,0.0,0.0,0.0,0.0,0.0,0.0,0.0,0.0
20,0,-8000,8000.0,0.0,0.0,0.0,0.0,0.0,0.0,0.0,0.0,0.0,0.0,0.0,0.0,0.0,0.0,0.0,0.0,0.0,0.0,0.0,0.0,0.0,0.0,0.0,0.0,0.0,0.0,0.0,0.0,0.0,0.0
20,0,-7500,7500.0,0.0029787765747357753,8.447970571978658e-07,0.0007454273063119854,0.0,0.0,0.0,0.0,0.0,0.0,0.0,0.0,0.0,0.0,0.0,0.0,0.0,0.0,0.0,0.0,0.0,0.0,0.0,0.0,0.0,0.0,0.0,0.0,0.0,0.0,0.0
20,0,-7000,7000.0,0.0,0.0,0.0,0.0,0.0,0.0,0.0,0.0,0.0,0.0,0.0,0.0,0.0,0.0,0.0,0.0,0.0,,0.0,0.0,0.0,0.0,0.0,0.0,0.0,0.0,0.0,0.0,0.0,0.0
20,0,-6500,6500.0,0.0,0.0,0.0,0.0,0.0,0.0,0.0,0.0,0.0,0.0,0.0,0.0,0.0,0.0,0.0,0.0,0.0,,0.0,0.0,0.0,0.0,0.0,0.0,0.0,0.0,0.0,0.0,0.0,0.0
20,0,-6000,6000.0,0.0,0.0,0.0,0.0,0.0,0.0,0.0,0.0,0.0,0.0,0.0,0.0,0.0,0.0,0.0,0.0,0.0,,0.0,0.0,0.0,0.0,0.0,0.0,0.0,0.0,0.0,0.0,0.0,0.0
20,0,-5500,5500.0,0.0,0.0,0.0,0.0,0.0,0.0,0.0,0.0,0.0,0.0,0.0,0.0,0.0,0.0,0.0,0.0,0.0,,0.0,0.0,0.0,0.0,0.0,0.0,0.0,0.0,0.0,0.0,0.0,0.0
20,0,-5000,5000.0,0.0,0.0,0.0,0.0,0.0,0.0,0.0,0.0,0.0,0.0,0.0,0.0,0.0,0.0,0.0,0.0,0.0,,0.0,0.0,0.0,0.0,0.0,0.0,0.0,0.0,0.0,0.0,0.0,0.0
20,0,-4500,4500.0,0.0,0.0,0.0,0.0,0.0,0.0,0.0,0.0,0.0,0.0,0.0,0.0,0.0,0.0,0.0,0.0,0.0,,0.0,0.0,0.0,0.0,0.0,0.0,0.0,0.0,0.0,0.0,0.0,0.0
20,0,-4000,4000.0,0.0,0.0,0.0,0.0,0.0,0.0,0.0,0.0,0.0,0.0,0.0,0.0,0.0,0.0,0.0,0.0,0.0,,0.0,0.0,0.0,0.0,0.0,0.0,0.0,0.0,0.0,0.0,0.0,0.0
20,0,-3500,3500.0,0.0,0.0,0.0,0.0,0.0,0.0,0.0,0.0,0.0,0.0,0.0,0.0,0.0,0.0,0.0,0.0,0.0,,0.0,0.0,0.0,0.0,0.0,0.0,0.0,0.0,0.0,0.0,0.0,0.0
20,0,-3000,3000.0,0.0,0.0,0.0,0.0,0.0,0.0,0.0,0.0,0.0,0.0,0.0,0.0,0.0,0.0,0.0,0.0,0.0,,0.0,0.0,0.0,0.0,0.0,0.0,0.0,0.0,0.0,0.0,0.0,0.0
20,0,-2500,2500.0,0.0,0.0,0.0,0.0,0.0,0.0,0.0,0.0,0.0,0.0,0.0,0.0,0.0,0.0,0.0,0.0,0.0,,0.0,0.0,0.0,0.0,0.0,0.0,0.0,0.0,0.0,0.0,0.0,0.0
20,0,-2000,2000.0,0.0,0.0,0.0,0.0,0.0,0.0,0.0,0.0,0.0,0.0,0.0,0.0,0.0,0.0,0.0,0.0,0.0,,0.0,0.0,0.0,0.0,0.0,0.0,0.0,0.0,0.0,0.0,0.0,0.0
20,0,-1500,1500.0,0.0,0.0,0.0,0.0,0.0,0.0,0.0,0.0,0.0,0.0,0.0,0.0,0.0,0.0,0.0,0.0,0.0,,0.0,0.0,0.0,0.0,0.0,0.0,0.0,0.0,0.0,0.0,0.0,0.0
20,0,-1000,1000.0,0.0,0.0,,0.0,0.0,0.0,0.0,0.0,0.0,0.0,0.0,0.0,0.0,0.0,0.0,0.0,0.0,,0.0,0.0,0.0,0.0,0.0,0.0,0.0,0.0,0.0,0.0,0.0,0.0
20,0,-500,500.0,0.0,0.0,,0.0,0.0,0.0,0.0,0.0,0.0,0.0,0.0,0.0,0.0,0.0,0.0,0.0,0.0,,0.0,0.0,0.0,0.0,0.0,0.0,0.0,0.0,0.0,0.0,0.0,0.0
20,0,0,0.0,0.0,0.0,,0.0,0.0,0.0,0.0,0.0,0.0,0.0,0.0,0.0,0.0,0.0,0.0,0.0,0.0,,0.0,0.0,0.0,0.0,0.0,0.0,0.0,0.0,0.0,0.0,0.0,0.0
20,0,500,500.0,0.0,0.0,,0.0,0.0,0.0,0.0,0.0,0.0,0.0,0.0,0.0,0.0,0.0,0.0,0.0,0.0,,0.0,0.0,0.0,0.0,0.0,0.0,0.0,0.0,0.0,0.0,0.0,0.0
20,0,1000,1000.0,0.0,0.0,,0.0,0.0,0.0,0.0,0.0,0.0,0.0,0.0,0.0,0.0,0.0,0.0,0.0,0.0,,0.0,0.0,0.0,0.0,0.0,0.0,0.0,0.0,0.0,0.0,0.0,0.0
20,0,1500,1500.0,0.0,0.0,,0.0,0.0,0.0,0.0,0.0,0.0,0.0,0.0,0.0,0.0,0.0,0.0,0.0,0.0,,0.0,0.0,0.0,0.0,0.0,0.0,0.0,0.0,0.0,0.0,0.0,0.0
20,0,2000,2000.0,0.0,0.0,,0.0,0.0,0.0,0.0,0.0,0.0,0.0,0.0,0.0,0.0,0.0,0.0,0.0,0.0,,0.0,0.0,0.0,0.0,0.0,0.0,0.0,0.0,0.0,0.0,0.0,0.0
20,0,2500,2500.0,0.0,0.0,,0.0,0.0,0.0,0.0,0.0,0.0,0.0,0.0,0.0,0.0,0.0,0.0,0.0,0.0,,0.0,0.0,0.0,0.0,0.0,0.0,0.0,0.0,0.0,0.0,0.0,0.0
20,0,3000,3000.0,0.0,0.0,,0.0,0.0,0.0,0.0,0.0,0.0,0.0,0.0,0.0,0.0,0.0,0.0,0.0,0.0,,0.0,0.0,0.0,0.0,0.0,0.0,0.0,0.0,0.0,0.0,0.0,0.0
20,0,3500,3500.0,0.0,0.0,,0.0,0.0,0.0,0.0,0.0,0.0,0.0,0.0,0.0,0.0,0.0,0.0,0.0,0.0,,0.0,0.0,0.0,0.0,0.0,0.0,0.0,0.0,0.0,0.0,0.0,0.0
20,0,4000,4000.0,0.0,0.0,,0.0,0.0,0.0,0.0,0.0,0.0,0.0,0.0,0.0,0.0,0.0,0.0,0.0,0.0,,0.0,0.0,0.0,0.0,0.0,0.0,0.0,0.0,0.0,0.0,0.0,0.0
20,0,4500,4500.0,0.0,0.0,,0.0,0.0,0.0,0.0,0.0,0.0,0.0,0.0,0.0,0.0,0.0,0.0,0.0,0.0,,0.0,0.0,0.0,0.0,0.0,0.0,0.0,0.0,0.0,0.0,0.0,0.0
20,0,5000,5000.0,0.0,0.0,,0.0,0.0,0.0,0.0,0.0,0.0,0.0,0.0,0.0,0.0,0.0,0.0,0.0,0.0,,0.0,0.0,0.0,0.0,0.0,0.0,0.0,0.0,0.0,0.0,0.0,0.0
20,0,5500,5500.0,0.0,0.0,,0.0,0.0,0.0,0.0,0.0,0.0,0.0,0.0,0.0,0.0,0.0,0.0,0.0,0.0,,0.0,0.0,0.0,0.0,0.0,0.0,0.0,0.0,0.0,0.0,0.0,0.0
20,0,6000,6000.0,0.0,0.0,,0.0,0.0,0.0,0.0,0.0,0.0,0.0,0.0,0.0,0.0,0.0,0.0,0.0,0.0,,0.0,0.0,0.0,0.0,0.0,0.0,0.0,0.0,0.0,0.0,0.0,0.0
20,0,6500,6500.0,0.0,0.0,,0.0,0.0,0.0,0.0,0.0,0.0,0.0,0.0,0.0,0.0,0.0,0.0,0.0,0.0,,0.0,0.0,0.0,0.0,0.0,0.0,0.0,0.0,0.0,0.0,0.0,0.0
20,0,7000,7000.0,0.0,0.0,,0.0,0.0,0.0,0.0,0.0,0.0,0.0,0.0,0.0,0.0,0.0,0.0,0.0,0.0,,0.0,0.0,0.0,0.0,0.0,0.0,0.0,0.0,0.0,0.0,0.0,0.0
20,0,7500,7500.0,0.0,0.0,,0.0,0.0,0.0,0.0,0.0,0.0,0.0,0.0,0.0,0.0,0.0,0.0,0.0,0.0,,0.0,0.0,0.0,0.0,0.0,0.0,0.0,0.0,0.0,0.0,0.0,0.0
20,0,8000,8000.0,0.0,0.0,0.0,0.0,0.0,0.0,0.0,0.0,0.0,0.0,0.0,0.0,0.0,0.0,0.0,0.0,0.0,,0.0,0.0,0.0,0.0,0.0,0.0,0.0,0.0,0.0,0.0,0.0,0.0
20,0,8500,8500.0,0.0,0.0,0.0,0.0,0.0,0.0,0.0,0.0,0.0,0.0,0.0,0.0,0.0,0.0,0.0,0.0,0.0,,0.0,0.0,0.0,0.0,0.0,0.0,0.0,0.0,0.0,0.0,0.0,0.0
20,0,9000,9000.0,0.0,0.0,0.0,0.0,0.0,0.0,0.0,0.0,0.0,0.0,0.0,0.0,0.0,0.0,0.0,0.0,0.0,,0.0,0.0,0.0,0.0,0.0,0.0,0.0,0.0,0.0,0.0,0.0,0.0
20,0,9500,9500.0,0.0,0.0,0.0,0.0,0.0,0.0,0.0,0.0,0.0,0.0,0.0,0.0,0.0,0.0,0.0,0.0,0.0,,0.0,0.0,0.0,0.0,0.0,0.0,0.0,0.0,0.0,0.0,0.0,0.0
20,0,10000,10000.0,0.0,0.0,0.0,0.0,0.0,0.0,0.0,0.0,0.0,0.0,0.0,0.0,0.0,0.0,0.0,0.0,0.0,,0.0,0.0,0.0,0.0,0.0,0.0,0.0,0.0,0.0,0.0,0.0,0.0
20,0,10500,10500.0,0.0,0.0,0.0,0.0,0.0,0.0,0.0,0.0,0.0,0.0,0.0,0.0,0.0,0.0,0.0,0.0,0.0,,0.0,0.0,0.0,0.0,0.0,0.0,0.0,0.0,0.0,0.0,0.0,0.0
20,0,11000,11000.0,0.0,0.0,0.0,0.0,0.0,0.0,0.0,0.0,0.0,0.0,0.0,0.0,0.0,0.0,0.0,0.0,0.0,,0.0,0.0,0.0,0.0,0.0,0.0,0.0,0.0,0.0,0.0,0.0,0.0
20,0,11500,11500.0,0.0,0.0,0.0,0.0,0.0,0.0,0.0,0.0,0.0,0.0,0.0,0.0,0.0,0.0,0.0,0.0,0.0,,0.0,0.0,0.0,0.0,0.0,0.0,0.0,0.0,0.0,0.0,0.0,0.0
20,0,12000,12000.0,0.0,0.0,0.0,0.0,0.0,0.0,0.0,0.0,0.0,0.0,0.0,0.0,0.0,0.0,0.0,0.0,0.0,,0.0,0.0,0.0,0.0,0.0,0.0,0.0,0.0,0.0,0.0,0.0,0.0
20,0,12500,12500.0,0.0,0.0,0.0,0.0,0.0,0.0,0.0,0.0,0.0,0.0,0.0,0.0,0.0,0.0,0.0,0.0,0.0,,0.0,0.0,0.0,0.0,0.0,0.0,0.0,0.0,0.0,0.0,0.0,0.0
20,0,13000,13000.0,0.0,0.0,0.0,0.0,0.0,0.0,0.0,0.0,0.0,0.0,0.0,0.0,0.0,0.0,0.0,0.0,0.0,,0.0,0.0,0.0,0.0,0.0,0.0,0.0,0.0,0.0,0.0,0.0,0.0
20,0,13500,13500.0,0.0959806192881274,4.221135441184742e-06,0.009308762720735483,0.0,0.0,0.0,0.0,0.0,0.0,0.0,0.0,0.0,0.0,0.0,0.0,0.0,0.0,,0.0,0.0,0.0,0.0,0.0,0.0,0.0,0.0,0.0,0.0,0.0,0.0
20,0,14000,14000.0,0.05310112137522083,4.217316927679349e-06,0.0023960675925769723,0.0,0.0,0.0,0.0,0.0,0.0,0.0,0.0,0.0,0.0,0.0,0.0,0.0,0.0,,0.0,0.0,0.0,0.0,0.0,0.0,0.0,0.0,0.0,0.0,0.0,0.0
20,0,14500,14500.0,0.10908804243499048,4.227251793054165e-06,0.0029596580860263727,0.0,0.0,0.0,0.0,0.0,0.0,0.0,0.0,0.0,0.0,0.0,0.0,0.0,0.0,,0.0,0.0,0.0,0.0,0.0,0.0,0.0,0.0,0.0,0.0,0.0,0.0
20,0,15000,15000.0,0.15187961698757135,4.228786565363407e-06,0.0023444758837213647,0.0,0.0,0.0,0.0,0.0,0.0,0.0,0.0,0.0,0.0,0.0,0.0,0.0,0.0,,0.0,0.0,0.0,0.0,0.0,0.0,0.0,0.0,0.0,0.0,0.0,0.0
20,0,15500,15500.0,0.150686371913622,4.22899302066071e-06,0.001588049095873373,0.0,0.0,0.0,0.0,0.0,0.0,0.0,0.0,0.0,0.0,0.0,0.0,0.0,0.0,,0.0,0.0,0.0,0.0,0.0,0.0,0.0,0.0,0.0,0.0,0.0,0.0
20,0,16000,16000.0,0.11131915207442944,4.224613348924322e-06,0.000855638579503877,0.0,0.0,0.0,0.0,0.0,0.0,0.0,0.0,0.0,0.0,0.0,0.0,0.0,0.0,,0.0,0.0,0.0,0.0,0.0,0.0,0.0,0.0,0.0,0.0,0.0,0.0
20,0,16500,16500.0,0.33232412119446053,4.226978035148932e-06,0.002046351555909496,0.0,0.0,0.0,0.0,0.0,0.0,0.0,0.0,0.0,0.0,0.0,0.0,0.0,0.0,,0.0,0.0,0.0,0.0,0.0,0.0,0.0,0.0,0.0,0.0,0.0,0.0
20,0,17000,17000.0,0.37823981444731203,4.545466708805179e-06,0.002158066462321633,0.0,0.0,0.0,0.0,0.0,0.0,0.0,0.0,0.0,0.0,0.0,0.0,0.0,0.0,,0.0,0.0,0.0,0.0,0.0,0.0,0.0,0.0,0.0,0.0,0.0,0.0
20,0,17500,17500.0,0.3898918163322662,4.8190809138759505e-06,0.0021244096515243725,0.0,0.0,0.0,0.0,0.0,0.0,0.0,0.0,0.0,0.0,0.0,0.0,0.0,0.0,,0.0,0.0,0.0,0.0,0.0,0.0,0.0,0.0,0.0,0.0,0.0,0.0
20,0,18000,18000.0,0.05994053591180659,4.213530701235868e-06,0.0003366803516443016,0.0,0.0,0.0,0.0,0.0,0.0,0.0,0.0,0.0,0.0,0.0,0.0,0.0,0.0,,0.0,0.0,0.0,0.0,0.0,0.0,0.0,0.0,0.0,0.0,0.0,0.0
20,0,18500,18500.0,0.031181821376691232,4.213425654597813e-06,0.00018603340763369248,0.0,0.0,0.0,0.0,0.0,0.0,0.0,0.0,0.0,0.0,0.0,0.0,0.0,0.0,,0.0,0.0,0.0,0.0,0.0,0.0,0.0,0.0,0.0,0.0,0.0,0.0
20,0,19000,19000.0,0.7849544130124286,1.4435853699978907e-05,0.005284281097368824,0.0,0.0,0.0,0.0,0.0,0.0,0.0,0.0,0.0,0.0,0.0,0.0,0.0,0.0,,0.0,0.0,0.0,0.0,0.0,0.0,0.0,0.0,0.0,0.0,0.0,0.0
20,0,19500,19500.0,0.6637808900123332,1.2139130376453977e-05,0.0053246492442246985,0.0,0.0,0.001,0.0,0.0,0.001,0.0,0.0,0.0,0.0,0.0,0.0,0.0,0.0,,0.0,0.0,0.0,0.0,0.0,0.0,0.0,0.0,0.0,0.0,0.0,0.0
20,0,20000,20000.0,0.579625973001896,1.0453482900629751e-05,0.006156794791957484,0.0,0.0,0.001,0.0,0.0,0.001,0.0,0.0,0.001,0.0,0.0,0.0,0.0,0.0,,0.0,0.0,0.0,0.0,0.0,0.0,0.0,0.0,0.0,0.0,0.0,0.0
21,0,-20000,20000.0,11.527639084380326,0.0003320628893561661,0.011828772502845386,0.0,0.0,0.001,0.0,0.0,0.001,0.0,0.0,0.001,0.0,0.0,0.0,124.77962400134857,0.009715934284031391,0.06295383695967746,0.01,9.27,0.133,0.0,0.0,0.005,0.0,8.2,0.045,0.0,0.0,0.006
21,0,-19500,19500.0,14.90886073002713,0.00047407735837623477,0.014353961357605175,0.0,0.0,0.001,0.0,0.0,0.001,0.0,0.0,0.001,0.0,0.0,0.001,120.36938960554835,0.009623462334275246,0.06659435208763458,0.01,10.8,0.184,0.0,0.0,0.011,0.01,8.2,0.056,0.0,0.0,0.008
21,0,-19000,19000.0,14.035015196660083,0.00041192350909113884,0.013681908156547183,0.0,0.0,0.001,0.0,0.0,0.001,0.0,0.0,0.004,0.0,0.0,0.001,94.10529132583179,0.006722346413880587,0.05805412592931257,0.01,8.64,0.167,0.0,0.0,0.011,0.01,16.4,0.076,0.0,0.0,0.009
21,0,-18500,18500.0,13.51982979413151,0.0003524164785631001,0.013921440165674592,0.0,0.0,0.011,0.0,0.0,0.011,0.0,0.0,0.012,0.0,0.0,0.005,67.17650226928527,0.0045778946951031685,0.046645881558776,0.01,12.36,0.161,0.0,0.0,0.02,0.01,24.6,0.095,0.0,0.0,0.012
21,0,-18000,18000.0,10.340829568667687,0.00023118805256672204,0.012560692462911019,0.0,0.0,0.011,0.0,0.0,0.011,0.0,0.0,0.017,0.0,0.0,0.006,38.949703400430735,0.0022701313719153404,0.03132892662172691,0.01,6.18,0.118,0.0,0.0,0.02,0.01,16.4,0.077,0.0,0.0,0.013
21,0,-17500,17500.0,6.3847026160146925,0.00018959061708301306,0.00949687551818653,0.0,0.0,0.01,0.0,0.0,0.01,0.0,0.0,0.022,0.0,0.0,0.007,17.508639390507597,0.0008777690818533301,0.016259467804286522,0.01,8.2,0.053,0.0,0.0,0.015,0.01,8.2,0.053,0.0,0.0,0.011
21,0,-17000,17000.0,2.6840167245609337,5.306967068463564e-05,0.005246217804769476,0.0,0.0,0.01,0.0,0.0,0.01,0.0,0.0,0.014,0.0,0.0,0.007,10.745340892390232,0.00017485182615928352,0.010887353591023522,0.0,0.0,0.015,0.0,0.0,0.015,0.0,0.0,0.029,0.0,0.0,0.01
21,0,-16500,16500.0,0.750250821647569,1.3789049262413755e-05,0.002060876824633799,0.0,0.0,0.004,0.0,0.0,0.004,0.0,0.0,0.008,0.0,0.0,0.004,11.759314064602222,0.0003261882229708135,0.012648659001189014,0.0,0.0,0.004,0.0,0.0,0.004,0.0,0.0,0.009,0.0,0.0,0.005
21,0,-16000,16000.0,0.1696773841558752,4.145838374824962e-06,0.0006242201099072623,0.0,0.0,0.004,0.0,0.0,0.004,0.0,0.0,0.003,0.0,0.0,0.003,14.979342481342428,0.0004656343662645668,0.015892228359296885,0.0,0.0,0.004,0.0,0.0,0.004,0.0,0.0,0.005,0.0,0.0,0.003
21,0,-15500,15500.0,0.06012935722452539,1.0585881682345644e-06,0.0002962717290133239,0.0,0.0,0.002,0.0,0.0,0.002,0.0,0.0,0.001,0.0,0.0,0.001,18.54909842941197,0.0006409166962839663,0.019910912493588503,0.0,0.0,0.003,0.0,0.0,0.003,0.0,0.0,0.004,0.0,0.0,0.002
21,0,-15000,15000.0,0.03644310164787612,6.427933385566575e-07,0.00020255514867163944,0.0,0.0,0.002,0.0,0.0,0.002,0.0,0.0,0.001,0.0,0.0,0.001,16.06105259030528,0.0004606202710419893,0.017292033546447264,0.0,0.0,0.003,0.0,0.0,0.003,0.0,0.0,0.008,0.0,0.0,0.002
21,0,-14500,14500.0,0.01193960566467922,2.992709653426573e-07,7.320146924957627e-05,0.0,0.0,0.001,0.0,0.0,0.001,0.0,0.0,0.001,0.0,0.0,0.001,12.921056023333222,0.00028583192033693194,0.014386723334606564,0.0,0.0,0.014,0.0,0.0,0.014,0.0,0.0,0.012,0.0,0.0,0.006
21,0,-14000,14000.0,0.018162124237619537,5.513330734174815e-07,0.00011575788240713831,0.0,0.0,0.001,0.0,0.0,0.001,0.0,0.0,0.001,0.0,0.0,0.001,8.337211195612326,0.00017524947179481387,0.010255646416418825,0.0,0.0,0.014,0.0,0.0,0.014,0.0,0.0,0.015,0.0,0.0,0.006
21,0,-13500,13500.0,0.020220851365593262,4.215478838887066e-06,0.00013484594720811902,0.0,0.0,0.001,0.0,0.0,0.001,0.0,0.0,0.001,0.0,0.0,0.0,4.836720591629273,0.00014077368541620672,0.006499150148829756,0.0,0.0,0.012,0.0,0.0,0.012,0.0,0.0,0.019,0.0,0.0,0.007
21,0,-13000,13000.0,0.5329023672857147,1.381309084536042e-05,0.001945830618310375,0.0,0.0,0.001,0.0,0.0,0.001,0.0,0.0,0.001,0.0,0.0,0.0,2.4231953808339313,3.812816794379614e-05,0.0036281124007014557,0.0,0.0,0.012,0.0,0.0,0.012,0.0,0.0,0.011,0.0,0.0,0.007
21,0,-12500,12500.0,0.5149234550344772,2.3801878342055716e-05,0.0011672527762661043,0.0,0.0,0.001,0.0,0.0,0.001,0.0,0.0,0.002,0.0,0.0,0.001,1.8800004726017505,4.418341632117517e-05,0.0031257517107829394,0.0,0.0,0.003,0.0,0.0,0.003,0.0,0.0,0.005,0.0,0.0,0.003
21,0,-12000,12000.0,8.128493080055677,0.0002273161371704191,0.009960869341435707,0.0,0.0,0.001,0.0,0.0,0.001,0.0,0.0,0.002,0.0,0.0,0.001,2.244205140152644,5.333346052793786e-05,0.003871731898461262,0.0,0.0,0.003,0.0,0.0,0.003,0.0,0.0,0.003,0.0,0.0,0.002
21,0,-11500,11500.0,30.573591793977073,0.0011981467250734568,0.023114382788216214,0.01,8.58,0.116,0.0,0.0,0.001,0.0,0.0,0.002,0.0,0.0,0.001,2.305319563839703,5.435774801298976e-05,0.004210810150530296,0.0,0.0,0.003,0.0,0.0,0.003,0.0,0.0,0.002,0.0,0.0,0.001
21,0,-11000,11000.0,83.51377309357417,0.005180551670491695,0.045840691523641806,0.01,10.8,0.138,0.0,0.0,0.001,0.0,0.0,0.001,0.0,0.0,0.001,1.5695358704704176,3.166234091622755e-05,0.002969229919704161,0.0,0.0,0.003,0.0,0.0,0.003,0.0,0.0,0.002,0.0,0.0,0.001
21,0,-10500,10500.0,175.65658905329116,0.015244144946336746,0.07357601166904991,0.02,31.46,0.218,0.0,0.0,0.001,0.0,0.0,0.001,0.0,0.0,0.001,1.1431222283590614,1.7134912923211232e-05,0.0022127239841471906,0.0,0.0,0.006,0.0,0.0,0.006,0.0,0.0,0.003,0.0,0.0,0.001
21,0,-10000,10000.0,297.91256708512464,0.033337026834487915,0.1079546460398685,0.02,31.46,0.223,0.0,0.0,0.001,0.0,0.0,0.001,0.0,0.0,0.001,0.9487885578892019,1.4134163393464405e-05,0.0018329072766271254,0.0,0.0,0.006,0.0,0.0,0.006,0.0,0.0,0.003,0.0,0.0,0.002
21,0,-9500,9500.0,379.6702569240324,0.04858848825097084,0.13079650886187627,0.02,25.4,0.23,0.0,0.0,0.001,0.0,0.0,0.002,0.0,0.0,0.001,1.1550267914117285,2.6840602004085667e-05,0.0019966334752492916,0.0,0.0,0.006,0.0,0.0,0.006,0.0,0.0,0.003,0.0,0.0,0.002
21,0,-9000,9000.0,360.33787088067584,0.0454549603164196,0.1278662322004574,0.02,19.44,0.244,0.0,0.0,0.001,0.0,8.2,0.042,0.0,0.0,0.001,3.8600893017246563,8.982432336779311e-05,0.005860833645457012,0.0,0.0,0.006,0.0,0.0,0.006,0.0,0.0,0.002,0.0,0.0,0.002
21,0,-8500,8500.0,337.122800337238,0.044362641870975494,0.12964633483718493,0.02,30.240000000000002,0.29,0.0,3.59,0.026,0.01,24.6,0.102,0.0,0.0,0.013,9.245434545903208,0.00024228615802712739,0.012377213207665801,0.0,0.0,0.002,0.0,0.0,0.002,0.0,0.0,0.002,0.0,0.0,0.001
21,0,-8000,8000.0,263.0773132048489,0.03370951861143112,0.12523616851420358,0.03,49.44,0.299,0.0,3.59,0.026,0.02,49.2,0.146,0.0,0.0,0.014,14.307720155306924,0.0004533645696938038,0.017230638040815732,0.0,0.0,0.002,0.0,0.0,0.002,0.0,0.0,0.002,0.0,0.0,0.001
21,0,-7500,7500.0,168.60884773777798,0.021333511918783188,0.10576121506670867,0.02,24.72,0.231,0.0,4.08,0.058,0.03,73.8,0.181,0.0,1.88,0.016,16.905318200338115,0.0006135422154329717,0.019807499880154497,0.01,8.79,0.047,0.0,0.0,0.003,0.0,0.0,0.002,0.0,0.0,0.002
21,0,-7000,7000.0,61.892284332134295,0.005894952919334173,0.06078426720386267,0.01,6.18,0.12,0.0,4.08,0.058,0.02,32.8,0.126,0.0,1.88,0.016,14.513345165983083,0.00047280831495299935,0.017763412606781073,0.0,0.0,0.003,0.0,0.0,0.003,0.0,0.0,0.011,0.0,0.0,0.002
21,0,-6500,6500.0,15.887668936920818,0.001027704682201147,0.031844449395410035,0.01,8.2,0.058,0.0,0.0,0.016,0.01,8.2,0.058,0.0,0.0,0.013,12.749948389227939,0.0003573975991457701,0.016593115240101097,0.0,0.0,0.009,0.0,0.0,0.009,0.0,0.0,0.026,0.0,0.0,0.006
21,0,-6000,6000.0,3.3887722209328786,0.00010025756637332961,0.012059570768167526,0.0,0.0,0.016,0.0,0.0,0.016,0.0,0.0,0.023,0.0,0.0,0.01,8.807172819524567,0.00022377571440301836,0.012740279698550436,0.0,0.0,0.009,0.0,0.0,0.009,0.0,0.0,0.027,0.0,0.0,0.007
21,0,-5500,5500.0,0.05961404615391075,1.078919581232185e-06,0.0005305650667619308,0.0,0.0,0.002,0.0,0.0,0.002,0.0,0.0,0.003,0.0,0.0,0.004,9.924215064074815,0.00017880660016089678,0.013644187460220015,0.0,0.0,0.006,0.0,0.0,0.006,0.0,0.0,0.027,0.0,0.0,0.007
21,0,-5000,5000.0,0.04527088584325156,8.616111131232174e-07,0.0006311150084149218,0.0,0.0,0.002,0.0,0.0,0.002,0.0,0.0,0.002,0.0,0.0,0.001,25.031909920289763,0.0009408275363966823,0.029116623264340676,0.01,17.58,0.077,0.0,0.0,0.006,0.0,0.0,0.017,0.0,0.0,0.006
21,0,-4500,4500.0,0.03172141469605094,6.629368840549432e-07,0.0006866492334986066,0.0,0.0,0.001,0.0,0.0,0.001,0.0,0.0,0.001,0.0,0.0,0.001,50.18522741355582,0.002820601686835289,0.05195839154864881,0.02,43.95,0.124,0.0,0.0,0.002,0.0,0.0,0.007,0.0,0.0,0.003
21,0,-4000,4000.0,0.011235187847802308,2.882140677229472e-07,0.00026215068790175845,0.0,0.0,0.001,0.0,0.0,0.001,0.0,0.0,0.001,0.0,0.0,0.001,67.69394434485321,0.004442567005753517,0.06428135721084749,0.02,52.74,0.148,0.0,0.0,0.002,0.0,0.0,0.005,0.0,0.0,0.002
21,0,-3500,3500.0,0.04039418918182491,4.216667548462283e-06,0.0008885064109117848,0.0,0.0,0.001,0.0,0.0,0.001,0.0,0.0,0.001,0.0,0.0,0.001,63.18443307920916,0.004261002875864506,0.06160495999110583,0.02,52.74,0.14,0.0,0.0,0.003,0.0,0.0,0.004,0.0,0.0,0.002
21,0,-3000,3000.0,0.010110745461133774,4.21474214817863e-06,0.00013980513134572697,0.0,0.0,0.001,0.0,0.0,0.001,0.0,0.0,0.0,0.0,0.0,0.001,31.65833592357785,0.0015399603871628642,0.035617364101919353,0.01,17.58,0.073,0.0,0.0,0.003,0.0,0.0,0.015,0.0,0.0,0.002
21,0,-2500,2500.0,0.020229112124070525,4.215782155370107e-06,0.00019588275731647606,0.0,0.0,0.0,0.0,0.0,0.0,0.0,0.0,0.0,0.0,0.0,0.0,19.380224257838563,0.0006821532733738422,0.024749492808561317,0.0,0.0,0.006,0.0,0.0,0.006,0.0,8.2,0.038,0.0,0.0,0.006
21,0,-2000,2000.0,0.0,0.0,0.0,0.0,0.0,0.0,0.0,0.0,0.0,0.0,0.0,0.0,0.0,0.0,0.0,12.181330921339395,0.00037087625241838396,0.0166463050605872,0.0,0.0,0.006,0.0,0.0,0.006,0.0,8.2,0.036,0.0,0.0,0.007
21,0,-1500,1500.0,0.012578188125189627,4.216453817207366e-06,6.709641568609814e-05,0.0,0.0,0.0,0.0,0.0,0.0,0.0,0.0,0.0,0.0,0.0,0.0,6.624839607411559,0.00018346298020333052,0.009354838670643344,0.0,0.0,0.003,0.0,0.0,0.003,0.0,0.0,0.032,0.0,0.0,0.006
21,0,-1000,1000.0,0.0,0.0,0.0,0.0,0.0,0.0,0.0,0.0,0.0,0.0,0.0,0.0,0.0,0.0,0.0,3.512553733230561,5.1640570745803416e-05,0.00446658672224816,0.0,0.0,0.003,0.0,0.0,0.003,0.0,0.0,0.02,0.0,0.0,0.006
21,0,-500,500.0,0.02937385933634573,4.223849373374833e-06,0.00010371420952577159,0.0,0.0,0.0,0.0,0.0,0.0,0.0,0.0,0.0,0.0,0.0,0.0,3.5705631251744308,8.639050065539777e-05,0.004092469134777649,0.0,0.0,0.002,0.0,0.0,0.002,0.0,0.0,0.007,0.0,0.0,0.003
21,0,0,0.0,0.06755584849287288,4.226096734782914e-06,0.00018858370671818173,0.0,0.0,0.0,0.0,0.0,0.0,0.0,0.0,0.001,0.0,0.0,0.0,13.500233018456242,0.0004237820685375482,0.011324239149211332,0.01,7.6,0.086,0.0,0.0,0.002,0.0,0.0,0.006,0.0,0.0,0.002
21,0,500,500.0,2.716339240778609,6.37032717349939e-05,0.005685095364764923,0.0,0.0,0.002,0.0,0.0,0.002,0.0,0.0,0.001,0.0,0.0,0.001,37.14516628624551,0.001715350430458784,0.02358395095084181,0.01,7.6,0.086,0.0,0.0,0.003,0.0,0.0,0.004,0.0,0.0,0.002
21,0,1000,1000.0,10.289214075480402,0.00030560087179765105,0.016357869975112006,0.01,8.79,0.056,0.0,0.0,0.002,0.0,0.0,0.002,0.0,0.0,0.001,89.51278063450445,0.005791100673377514,0.03854782267923659,0.02,13.68,0.096,0.0,0.0,0.003,0.0,0.0,0.005,0.0,0.0,0.002
21,0,1500,1500.0,24.688504025073144,0.0010429357644170523,0.03189244880251844,0.01,26.37,0.091,0.0,0.0,0.004,0.0,0.0,0.002,0.0,0.0,0.001,166.6959796116089,0.013158820569515228,0.05298776407653265,0.02,13.68,0.096,0.0,0.0,0.004,0.0,0.0,0.006,0.0,0.0,0.003
21,0,2000,2000.0,38.89261728508018,0.0020558994729071856,0.04441294147226106,0.02,35.16,0.117,0.0,0.0,0.004,0.0,0.0,0.002,0.0,0.0,0.002,280.0741928433581,0.02741406485438347,0.07133415592496295,0.03,37.7,0.266,0.0,0.0,0.004,0.0,0.0,0.008,0.0,0.0,0.003
21,0,2500,2500.0,40.28898918713821,0.002231756690889597,0.044353014307156644,0.02,35.16,0.119,0.0,0.0,0.003,0.0,0.0,0.004,0.0,0.0,0.002,416.46899100705923,0.049274615943431854,0.08775327388471336,0.04,74.76,0.271,0.0,0.0,0.013,0.0,0.0,0.009,0.0,0.0,0.005
21,0,3000,3000.0,23.166761370328004,0.0009768747258931398,0.027620502768970615,0.01,17.58,0.079,0.0,0.0,0.003,0.0,0.0,0.008,0.0,0.0,0.002,657.2560024098493,0.09840663522481918,0.12604881661619696,0.07,95.7,0.354,0.0,0.0,0.013,0.0,0.0,0.013,0.0,0.0,0.005
21,0,3500,3500.0,13.291577435848012,0.0004135129856877029,0.017473089061728772,0.0,0.0,0.003,0.0,0.0,0.003,0.0,0.0,0.016,0.0,0.0,0.004,915.1486317321542,0.15380661189556122,0.16399825445586588,0.08,98.6,0.358,0.0,0.0,0.017,0.0,0.0,0.02,0.0,0.0,0.007
21,0,4000,4000.0,8.17781843877583,0.00020376387692522258,0.012210857432579188,0.0,0.0,0.003,0.0,0.0,0.003,0.0,0.0,0.019,0.0,0.0,0.004,1046.5291394466476,0.18406374752521515,0.18553818257464547,0.04,53.94,0.352,0.0,0.0,0.018,0.01,8.2,0.055,0.0,0.0,0.008
21,0,4500,4500.0,5.221447625876863,0.00011477235238999128,0.008993624438225866,0.0,0.0,0.003,0.0,0.0,0.003,0.0,0.0,0.021,0.0,0.0,0.005,1087.702041855664,0.20030896365642548,0.19861678733913984,0.06,66.33,0.367,0.0,6.22,0.048,0.01,24.6,0.093,0.0,0.0,0.014
21,0,5000,5000.0,3.606096452767815,6.937187572475523e-05,0.006728079869831762,0.0,0.0,0.003,0.0,0.0,0.003,0.0,0.0,0.019,0.0,0.0,0.005,972.3446702730143,0.1694682240486145,0.1953263793714877,0.05,54.27,0.35,0.0,0.0,0.023,0.03,57.400000000000006,0.166,0.0,0.0,0.014
21,0,5500,5500.0,1.6948198528098146,3.14980061375536e-05,0.00334145693888172,0.0,0.0,0.005,0.0,0.0,0.005,0.0,0.0,0.014,0.0,0.0,0.004,748.6334982080734,0.11945337057113647,0.1721034808092357,0.03,34.17,0.302,0.0,5.8,0.097,0.04,98.4,0.213,0.0,1.88,0.017
21,0,6000,6000.0,0.8978649119853799,1.2517652976384852e-05,0.0013035073756091945,0.01,4.56,0.074,0.0,0.0,0.005,0.0,0.0,0.01,0.0,0.0,0.004,456.05725539135165,0.0673883780837059,0.1335900212704686,0.02,21.0,0.285,0.0,3.48,0.121,0.04,82.0,0.198,0.0,1.88,0.018
21,0,6500,6500.0,7.074008661447806,0.00018730033480096608,0.007525932990299432,0.01,4.56,0.074,0.0,0.0,0.003,0.0,0.0,0.006,0.0,0.0,0.003,248.8642589029041,0.03327734023332596,0.09662024591799968,0.02,24.72,0.219,0.0,4.02,0.128,0.03,73.8,0.183,0.0,1.88,0.017
21,0,7000,7000.0,41.207168115158765,0.0018879094859585166,0.024261080513075073,0.01,10.640000000000002,0.091,0.0,0.0,0.003,0.0,0.0,0.003,0.0,0.0,0.003,100.31132108051679,0.008879690431058407,0.0503813930909721,0.01,9.27,0.135,0.0,4.02,0.105,0.02,32.8,0.125,0.0,1.88,0.017
21,0,7500,7500.0,151.18043979713178,0.011439002119004726,0.05301496064165865,0.02,37.18,0.232,0.0,0.0,0.001,0.0,0.0,0.002,0.0,0.0,0.001,44.55094952863874,0.00239887204952538,0.02904195727382946,0.01,16.4,0.07,0.0,0.0,0.021,0.01,16.4,0.07,0.0,0.0,0.014
21,0,8000,8000.0,443.92692567837173,0.05353342369198799,0.09726987448796924,0.03,51.48,0.263,0.0,0.0,0.001,0.0,0.0,0.002,0.0,0.0,0.001,32.622847391758114,0.0009730421588756144,0.023374931124203267,0.0,0.0,0.021,0.0,0.0,0.021,0.0,8.2,0.038,0.0,0.0,0.012
21,0,8500,8500.0,1179.7884996597218,0.20111992955207825,0.16822820934547456,0.17,248.82,0.407,0.0,0.0,0.001,0.0,0.0,0.002,0.0,0.0,0.001,34.94310692694853,0.0013926096726208925,0.026478999189358688,0.0,0.0,0.009,0.0,0.0,0.009,0.0,0.0,0.016,0.0,0.0,0.008
21,0,9000,9000.0,2308.5264053954575,0.4792519211769104,0.24987667807293112,0.19,271.7,0.413,0.0,0.0,0.001,0.0,0.0,0.002,0.0,0.0,0.001,39.63783995113772,0.0017021019011735916,0.02922366717723395,0.0,0.0,0.009,0.0,0.0,0.009,0.0,0.0,0.015,0.0,0.0,0.005
21,0,9500,9500.0,3127.4005542954683,0.7023276090621948,0.2925339953030527,0.47,1054.8,0.459,0.0,0.0,0.003,0.0,0.0,0.005,0.0,0.0,0.002,43.79466715727176,0.0020347479730844498,0.03186217828315155,0.0,0.0,0.013,0.0,0.0,0.013,0.0,0.0,0.015,0.0,0.0,0.006
21,0,10000,10000.0,3309.532532232447,0.7329860925674438,0.30178573865365155,0.12,157.92000000000002,0.386,0.0,0.0,0.003,0.01,24.6,0.1,0.0,0.0,0.002,41.389230862296245,0.0018002307042479515,0.030396540170838517,0.0,0.0,0.013,0.0,0.0,0.013,0.0,0.0,0.024,0.0,0.0,0.007
21,0,10500,10500.0,3228.976032345963,0.7176986932754517,0.30516610383228504,0.17,162.0,0.434,0.0,3.11,0.039,0.04,98.4,0.208,0.0,1.88,0.015,34.85273430014786,0.001328794751316309,0.02661524455264467,0.0,0.0,0.017,0.0,0.0,0.017,0.0,0.0,0.033,0.0,0.0,0.009
21,0,11000,11000.0,2804.385021298367,0.6091101765632629,0.29454999289564876,0.28,346.08000000000004,0.507,0.0,5.8,0.096,0.14,352.6,0.352,0.0,1.88,0.016,25.44705592445098,0.0008568502380512655,0.021186908264355386,0.0,0.0,0.017,0.0,0.0,0.017,0.0,0.0,0.035,0.0,0.0,0.01
21,0,11500,11500.0,2243.2927824323997,0.4685729742050171,0.268929957164156,0.22,284.28,0.491,0.0,6.02,0.054,0.29,664.2,0.424,0.01,5.64,0.019,17.533501750222058,0.0004992869216948748,0.01586802840157565,0.0,0.0,0.012,0.0,0.0,0.012,0.0,8.2,0.039,0.0,0.0,0.009
21,0,12000,12000.0,1467.8773247724166,0.28838562965393066,0.2239884459297463,0.16,219.39,0.468,0.0,5.22,0.133,0.24,565.8,0.407,0.01,5.64,0.019,12.386406176301534,0.0002469110768288374,0.01167192121224529,0.0,0.0,0.012,0.0,0.0,0.012,0.0,0.0,0.029,0.0,0.0,0.009
21,0,12500,12500.0,828.8219645008212,0.1396743506193161,0.17210552376018964,0.08,123.6,0.409,0.0,6.03,0.133,0.17,418.2,0.373,0.01,3.76,0.019,10.693823316887574,0.00022408975928556174,0.010166615214499942,0.0,0.0,0.005,0.0,0.0,0.005,0.0,0.0,0.022,0.0,0.0,0.006
21,0,13000,13000.0,393.0399084536475,0.04902498424053192,0.10747679371912265,0.09,221.40000000000003,0.298,0.0,4.02,0.127,0.09,221.40000000000003,0.298,0.01,3.76,0.019,12.160179390866688,0.0002978613192681223,0.010345491627012563,0.0,0.0,0.004,0.0,0.0,0.004,0.0,0.0,0.016,0.0,0.0,0.005
21,0,13500,13500.0,169.10956259962404,0.011791388504207134,0.06337079697048748,0.01,20.300000000000004,0.2,0.0,0.0,0.022,0.02,49.2,0.152,0.0,1.88,0.016,15.705593570373821,0.00046306289732456207,0.012230335092395291,0.01,7.12,0.091,0.0,0.0,0.006,0.0,0.0,0.009,0.0,0.0,0.004
21,0,14000,14000.0,147.7021366066765,0.01198152918368578,0.0635008097917282,0.02,26.1,0.23,0.0,0.0,0.022,0.01,16.4,0.08,0.0,0.0,0.014,20.0135822930406,0.0006356335361488163,0.014236306551109097,0.01,10.68,0.111,0.0,0.0,0.006,0.0,0.0,0.01,0.0,0.0,0.003
21,0,14500,14500.0,166.2877539118199,0.015704214572906494,0.08021688913886309,0.02,26.1,0.232,0.0,0.0,0.014,0.0,0.0,0.023,0.0,0.0,0.009,22.769048995542107,0.0007584685226902366,0.015050479789854382,0.01,14.24,0.125,0.0,0.0,0.01,0.0,0.0,0.011,0.0,0.0,0.005
21,0,15000,15000.0,165.1180404049228,0.014869999140501022,0.08408475339274647,0.01,10.44,0.194,0.0,0.0,0.014,0.0,0.0,0.018,0.0,0.0,0.006,32.24768641794071,0.00130645337048918,0.019826337618517532,0.01,8.7,0.141,0.0,0.0,0.01,0.0,0.0,0.014,0.0,0.0,0.006
21,0,15500,15500.0,156.6108408405853,0.013375290669500828,0.08455705437175708,0.01,10.44,0.194,0.0,3.59,0.023,0.0,0.0,0.015,0.0,0.0,0.008,42.737219601986,0.001985110342502594,0.02422592082633563,0.01,11.6,0.147,0.0,0.0,0.01,0.0,0.0,0.017,0.0,0.0,0.006
21,0,16000,16000.0,120.82605181567487,0.008487348444759846,0.07107634922957737,0.01,10.05,0.193,0.0,3.59,0.023,0.0,0.0,0.024,0.0,0.0,0.008,51.797051663015736,0.0025190578307956457,0.026738490996438023,0.01,5.8,0.099,0.0,0.0,0.01,0.0,0.0,0.013,0.0,0.0,0.007
21,0,16500,16500.0,86.4160969038494,0.005520994309335947,0.05457668760761255,0.01,8.16,0.105,0.0,3.59,0.026,0.0,0.0,0.029,0.0,0.0,0.011,61.28054627606616,0.002949357032775879,0.029480739464648843,0.01,5.8,0.095,0.0,0.0,0.011,0.0,0.0,0.01,0.0,0.0,0.005
21,0,17000,17000.0,64.77990499188309,0.0028053137939423323,0.043841406349188455,0.01,8.16,0.105,0.0,3.59,0.026,0.0,0.0,0.029,0.0,0.0,0.011,64.04353678644839,0.002018539234995842,0.029085060379197916,0.01,8.7,0.094,0.0,0.0,0.011,0.0,0.0,0.01,0.0,0.0,0.004
21,0,17500,17500.0,69.79805964510888,0.0036351680755615234,0.04852884198182592,0.02,43.95,0.127,0.0,0.0,0.021,0.0,0.0,0.031,0.0,0.0,0.011,67.53446268339758,0.0019009166862815619,0.029223956605917843,0.01,8.7,0.102,0.0,0.0,0.019,0.0,0.0,0.009,0.0,0.0,0.006
21,0,18000,18000.0,111.12090586102568,0.008475730195641518,0.07245853680211274,0.04,87.9,0.192,0.0,0.0,0.021,0.0,0.0,0.026,0.0,0.0,0.011,73.68266879857401,0.0033884935546666384,0.030386822112040045,0.01,14.5,0.155,0.0,0.0,0.019,0.0,0.0,0.011,0.0,0.0,0.006
21,0,18500,18500.0,143.3533160560728,0.012257462367415428,0.08999142432079478,0.05,123.06000000000002,0.224,0.0,0.0,0.008,0.0,0.0,0.026,0.0,0.0,0.008,100.78938541410025,0.006203655619174242,0.03759053601952701,0.01,11.44,0.124,0.0,0.0,0.016,0.0,0.0,0.012,0.0,0.0,0.007
21,0,19000,19000.0,135.78687154467843,0.01110067032277584,0.08083462807037842,0.04,114.27,0.216,0.0,0.0,0.008,0.0,0.0,0.024,0.0,0.0,0.007,166.78564919857308,0.014009365811944008,0.0551803851294736,0.01,10.16,0.138,0.0,0.0,0.016,0.0,0.0,0.008,0.0,0.0,0.007
21,0,19500,19500.0,111.04987759499636,0.0082686897367239,0.06451779085565718,0.04,87.9,0.19,0.0,0.0,0.002,0.0,0.0,0.026,0.0,0.0,0.005,386.84404376663224,0.04650087654590607,0.10284489030485165,0.05,105.82,0.327,0.0,0.0,0.013,0.0,0.0,0.006,0.0,0.0,0.005
21,0,20000,20000.0,63.51150846738847,0.0036029755137860775,0.03550202172452677,0.01,4.56,0.078,0.0,0.0,0.002,0.0,0.0,0.024,0.0,0.0,0.004,737.412720404518,0.10763842612504959,0.16009825367259212,0.06,117.26,0.338,0.0,0.0,0.013,0.0,0.0,0.004,0.0,0.0,0.004
22,0,-20000,20000.0,37178.17952605163,9.594156265258789,0.31797843596103237,0.51,850.2300000000001,0.43,0.02,24.44,0.017,1.17,3066.8,0.456,0.02,24.44,0.017,61.34916540800859,0.0013609863817691803,0.021475582370523955,0.01,8.7,0.079,0.0,0.0,0.016,0.0,0.0,0.004,0.0,0.0,0.005
22,0,-19500,19500.0,37867.40728780805,8.937119483947754,0.32035509807599066,0.46,876.3600000000001,0.436,0.02,30.08,0.018,1.18,3296.3999999999996,0.46,0.02,30.08,0.018,59.13620723956683,0.0018544672057032585,0.021010779308485737,0.01,8.7,0.08,0.0,0.0,0.013,0.0,0.0,0.003,0.0,0.0,0.004
22,0,-19000,19000.0,38178.00725367009,9.030168533325195,0.32191899904902166,0.42,860.28,0.437,0.02,31.960000000000004,0.018,1.03,3280.0,0.459,0.02,31.960000000000004,0.018,53.94967858881046,0.002052802126854658,0.018114270785989477,0.01,7.6,0.075,0.0,0.0,0.013,0.0,0.0,0.002,0.0,0.0,0.004
22,0,-18500,18500.0,38410.74377526116,9.2003812789917,0.32271434232208746,0.35,834.1500000000001,0.443,0.02,31.960000000000004,0.018,0.86,3230.8,0.458,0.02,31.960000000000004,0.018,62.99963682698433,0.0028901563491672277,0.01946580491023174,0.01,7.6,0.075,0.0,0.0,0.009,0.0,0.0,0.001,0.0,0.0,0.002
22,0,-18000,18000.0,38787.74227607621,9.499139785766602,0.3196179393164398,0.72,1634.04,0.435,0.02,31.960000000000004,0.018,0.9,3189.8,0.46,0.02,31.960000000000004,0.018,109.4812084142518,0.006749418564140797,0.02744314739504162,0.01,16.72,0.093,0.0,0.0,0.009,0.0,0.0,0.001,0.0,0.0,0.002
22,0,-17500,17500.0,39921.33420043249,10.348921775817871,0.3200064522828405,0.84,1797.8,0.443,0.02,30.08,0.018,0.97,3206.2,0.466,0.02,30.08,0.018,222.88645077307834,0.017771316692233086,0.044824483060887155,0.01,16.72,0.093,0.0,0.0,0.007,0.0,0.0,0.001,0.0,0.0,0.001
22,0,-17000,17000.0,41820.569073855935,11.708745956420898,0.3259466235033868,1.06,2036.32,0.452,0.02,30.08,0.018,1.04,3230.8,0.473,0.02,30.08,0.018,509.1733282674909,0.05564556643366814,0.07241375884132749,0.04,34.96,0.1,0.0,0.0,0.007,0.0,0.0,0.001,0.0,0.0,0.001
22,0,-16500,16500.0,43675.99853219616,13.09799575805664,0.33301733729619026,1.19,2185.84,0.458,0.01,30.08,0.018,1.11,3312.8,0.485,0.01,30.08,0.018,1022.2318364080444,0.1422705054283142,0.10535888154929642,0.04,34.96,0.1,0.0,0.0,0.003,0.0,0.0,0.001,0.0,0.0,0.001
22,0,-16000,16000.0,44844.53479181585,14.218182563781738,0.3441969389047984,0.98,1716.8,0.467,0.01,30.08,0.018,1.14,3304.6,0.488,0.01,30.08,0.018,1940.9507633893668,0.32384058833122253,0.14141913572657444,0.06,47.12,0.103,0.0,0.0,0.003,0.0,0.0,0.005,0.0,0.0,0.001
22,0,-15500,15500.0,45442.517814388404,14.901830673217773,0.3542592718544,1.0,1734.2000000000003,0.468,0.02,28.2,0.018,1.15,3321.0,0.491,0.02,28.2,0.018,3383.6416092889294,0.649621844291687,0.18227583081048448,0.15,320.32000000000005,0.371,0.0,0.0,0.01,0.0,0.0,0.011,0.0,0.0,0.003
22,0,-15000,15000.0,45280.47993126967,15.012290000915527,0.36947531050649196,0.51,958.74,0.466,0.02,28.2,0.018,1.32,3763.8,0.504,0.02,28.2,0.018,5233.800227783104,1.1236876249313354,0.23176144795705406,0.22,278.4,0.421,0.0,0.0,0.01,0.01,16.4,0.048,0.0,0.0,0.004
22,0,-14500,14500.0,43183.1335187421,14.211542129516602,0.3772286095891014,0.63,1137.66,0.469,0.02,33.84,0.018,1.48,4190.200000000001,0.515,0.02,33.84,0.018,6832.485116538464,1.5599818229675293,0.2642092183030243,0.23,290.0,0.424,0.0,3.59,0.024,0.01,32.8,0.095,0.0,0.0,0.01
22,0,-14000,14000.0,38755.644512803454,12.264083862304688,0.37680163852666526,1.24,2309.28,0.464,0.16,407.33,0.055,1.49,4280.4,0.52,0.02,35.72,0.019,7974.478296522034,1.9289401769638062,0.30103905659739294,0.35,388.6,0.442,0.0,3.59,0.025,0.04,139.4,0.203,0.0,1.88,0.011
22,0,-13500,13500.0,33479.49363860548,9.9071044921875,0.36939582986638725,0.5,1007.01,0.468,0.12,336.49,0.052,1.46,4255.8,0.524,0.02,37.6,0.019,8364.590825460222,2.1630783081054688,0.3286260974880696,0.36,394.4,0.443,0.0,0.0,0.025,0.09,278.8,0.281,0.0,3.76,0.015
22,0,-13000,13000.0,27894.66704247875,7.539706707000732,0.35726787661242637,0.98,2040.0,0.464,0.1,283.36,0.05,1.41,4067.2,0.524,0.02,37.6,0.019,7590.4068965078395,2.10186767578125,0.33629602990727014,0.21,235.17,0.438,0.0,0.0,0.009,0.21,623.2,0.37,0.0,3.76,0.016
22,0,-12500,12500.0,22954.407468180874,6.223427772521973,0.3440856525405173,1.76,4254.82,0.45,0.09,247.94000000000003,0.047,1.36,3854.0,0.524,0.02,33.84,0.019,6396.602414801782,1.8318686485290527,0.32992935424117903,0.24,273.36,0.445,0.0,3.56,0.041,0.36,975.8,0.414,0.01,7.52,0.018
22,0,-12000,12000.0,18338.58461321426,5.048309803009033,0.3167432263274244,0.91,2829.0,0.503,0.1,247.94000000000003,0.047,0.91,2829.0,0.503,0.02,33.84,0.019,4800.069003248564,1.3007168769836426,0.31587786122593386,0.41,542.64,0.435,0.0,5.8,0.077,0.4,1057.8,0.418,0.01,9.4,0.018
22,0,-11500,11500.0,15537.692536421288,4.114261627197266,0.3073574355297463,0.28,440.44,0.389,0.01,20.68,0.018,0.57,1894.2,0.471,0.01,20.68,0.018,3048.147537301338,0.7062743902206421,0.277798970392873,0.47,1068.35,0.397,0.0,0.0,0.025,0.39,1041.4,0.412,0.01,9.4,0.018
22,0,-11000,11000.0,13975.719099626254,3.6857144832611084,0.28949968978260826,0.29,440.44,0.389,0.01,16.92,0.018,0.46,1525.2,0.448,0.01,16.92,0.018,1286.0092378396075,0.2526611089706421,0.18662087418721324,0.18,557.6,0.339,0.0,0.0,0.02,0.18,557.6,0.339,0.01,11.28,0.018
22,0,-10500,10500.0,13126.381050619611,3.4462168216705322,0.28034072085299616,0.29,543.84,0.473,0.01,13.160000000000002,0.017,0.39,1279.2,0.427,0.01,13.160000000000002,0.017,378.77355281934797,0.06475920230150223,0.11059467864258568,0.07,204.38,0.236,0.0,0.0,0.023,0.04,131.2,0.184,0.0,3.76,0.016
22,0,-10000,10000.0,12832.114563287152,3.5328335762023926,0.2743425317665658,0.35,553.11,0.473,0.01,11.28,0.017,0.38,1213.6,0.42,0.01,11.28,0.017,71.31753040592343,0.0067609744146466255,0.030635137397507693,0.01,10.77,0.03,0.0,0.0,0.023,0.01,24.6,0.072,0.0,1.88,0.014
22,0,-9500,9500.0,12856.134843759299,3.7226130962371826,0.27454256430903,0.38,562.38,0.474,0.01,11.28,0.017,0.45,1230.0,0.42,0.01,11.28,0.017,77.18779714698343,0.004420620389282703,0.042065846080057354,0.01,25.74,0.185,0.0,0.0,0.005,0.0,0.0,0.006,0.0,0.0,0.006
22,0,-9000,9000.0,13055.485042327748,3.9351580142974854,0.2769113047735739,0.43,490.1,0.402,0.01,9.4,0.017,0.5,1262.8,0.422,0.01,9.4,0.017,184.66244412634296,0.0162375308573246,0.07490216529512053,0.04,114.27,0.198,0.0,0.0,0.005,0.0,0.0,0.002,0.0,0.0,0.002
22,0,-8500,8500.0,13332.455825199962,4.064958572387695,0.28159674347949615,0.45,501.7,0.404,0.01,11.28,0.017,0.55,1295.6,0.424,0.01,11.28,0.017,464.6336976839848,0.05734332650899887,0.12816283789178354,0.05,137.28,0.344,0.0,0.0,0.001,0.0,0.0,0.001,0.0,0.0,0.001
22,0,-8000,8000.0,13586.778337587164,4.0918378829956055,0.28750568250583336,0.56,568.4,0.429,0.01,11.28,0.017,0.58,1344.8,0.427,0.01,11.28,0.017,861.462771785591,0.1249208003282547,0.15928357160632983,0.06,154.44,0.356,0.0,0.0,0.001,0.0,0.0,0.001,0.0,0.0,0.001
22,0,-7500,7500.0,13549.828668896374,3.967359781265259,0.2894294677218062,0.57,574.2,0.431,0.01,11.28,0.017,0.57,1336.6,0.427,0.01,11.28,0.017,1425.9237389949192,0.23969775438308716,0.19253499286796275,0.12,234.52,0.392,0.0,0.0,0.001,0.0,0.0,0.004,0.0,0.0,0.001
22,0,-7000,7000.0,13271.260619096967,3.7327210903167725,0.2915948633180785,0.49,516.2,0.433,0.01,13.160000000000002,0.017,0.5,1238.2,0.42,0.01,13.160000000000002,0.017,2010.0132936664736,0.382126122713089,0.22541686440548706,0.12,240.24,0.395,0.0,0.0,0.001,0.0,8.2,0.03,0.0,0.0,0.001
22,0,-6500,6500.0,12740.845545587148,3.4469122886657715,0.29049039939069815,0.35,353.76,0.429,0.01,11.28,0.017,0.41,1074.2,0.407,0.01,11.28,0.017,2391.098122301537,0.4751533269882202,0.24231777866422607,0.06,119.38,0.357,0.0,0.0,0.001,0.01,24.6,0.094,0.0,0.0,0.004
22,0,-6000,6000.0,12074.410158489247,3.0990498065948486,0.2890813149381146,0.33,341.7,0.429,0.09,265.65,0.05,0.37,992.2,0.404,0.01,11.28,0.017,2539.679472099374,0.5146410465240479,0.25595281671025044,0.1,197.76,0.439,0.0,0.0,0.001,0.04,123.0,0.218,0.0,0.0,0.005
22,0,-5500,5500.0,11273.827729495562,2.7338826656341553,0.2848662033258171,0.29,315.57,0.431,0.09,230.23,0.048,0.33,926.5999999999999,0.403,0.01,11.28,0.017,2496.6404855069413,0.5406967997550964,0.26305174812371973,0.14,262.65,0.469,0.0,0.0,0.017,0.09,295.2,0.318,0.0,1.88,0.014
22,0,-5000,5000.0,10400.737312160607,2.2844316959381104,0.2752964178345196,0.26,301.5,0.426,0.01,11.28,0.017,0.31,885.6000000000001,0.401,0.01,11.28,0.017,2200.9240928942745,0.4747278094291687,0.2497306283690522,0.2,336.81,0.493,0.0,0.0,0.017,0.16,492.0,0.378,0.0,1.88,0.015
22,0,-4500,4500.0,9677.964078694366,1.8467741012573242,0.2668865663191062,0.2,275.37,0.416,0.01,9.4,0.017,0.3,877.4,0.401,0.01,9.4,0.017,1821.689705022436,0.3910679519176483,0.225633048570872,0.14,259.56,0.47,0.0,0.0,0.019,0.23,656.0,0.411,0.0,3.76,0.017
22,0,-4000,4000.0,9016.12365909904,1.615206003189087,0.2528722813835297,0.34,550.8,0.406,0.01,9.4,0.017,0.27,844.6,0.393,0.01,9.4,0.017,1288.6555869074073,0.23229862749576569,0.17852024655995932,0.09,179.22,0.433,0.0,1.74,0.045,0.19,549.4,0.391,0.01,5.64,0.018
22,0,-3500,3500.0,8546.006453898677,1.6126493215560913,0.242006642887278,0.25,491.2799999999999,0.369,0.01,9.4,0.017,0.23,811.8,0.385,0.01,9.4,0.017,789.9236587254563,0.10453281551599503,0.12260394163003478,0.06,117.48,0.304,0.0,4.08,0.029,0.12,369.0,0.346,0.01,3.76,0.018
22,0,-3000,3000.0,8271.50276439535,1.72261381149292,0.23233762793275337,0.33,580.28,0.385,0.01,9.4,0.017,0.18,705.2,0.361,0.01,9.4,0.017,535.1621330759372,0.03132909908890724,0.08586697505740787,0.07,128.16,0.315,0.0,4.08,0.029,0.05,147.6,0.24,0.01,3.76,0.018
22,0,-2500,2500.0,8318.79373023082,1.8880003690719604,0.22955850620207402,0.38,637.24,0.393,0.01,7.52,0.016,0.16,598.6,0.333,0.01,7.52,0.016,649.1749454340606,0.055437296628952026,0.10025177449386763,0.07,142.4,0.323,0.0,0.0,0.011,0.01,8.2,0.047,0.0,1.88,0.014
22,0,-2000,2000.0,8877.306317177678,2.207620143890381,0.23218560697971774,0.33,426.3,0.398,0.0,7.52,0.016,0.16,533.0,0.311,0.0,7.52,0.016,1059.041447736763,0.09506025910377502,0.13941508743611436,0.08,104.4,0.356,0.0,0.0,0.01,0.0,0.0,0.008,0.0,0.0,0.008
22,0,-1500,1500.0,9970.06817910551,2.6467337608337402,0.24307870572285883,0.34,432.1,0.4,0.0,5.64,0.016,0.15,492.0,0.299,0.0,5.64,0.016,1642.3463165742219,0.1402490884065628,0.1811411394029384,0.09,174.46,0.334,0.0,0.0,0.009,0.0,0.0,0.002,0.0,0.0,0.002
22,0,-1000,1000.0,11585.298135806865,3.206819534301758,0.25375170997278096,0.33,452.4,0.405,0.0,5.64,0.016,0.17,516.6,0.305,0.0,5.64,0.016,2129.2222547883284,0.19545412063598633,0.2071983541074296,0.1,188.76,0.341,0.0,0.0,0.01,0.0,0.0,0.019,0.0,0.0,0.002
22,0,-500,500.0,13595.424770967902,3.8966963291168213,0.2664667552550425,0.33,455.3,0.406,0.01,7.52,0.016,0.19,549.4,0.312,0.01,7.52,0.016,2436.487924813582,0.24951845407485962,0.22064689474310958,0.09,148.72,0.316,0.0,6.74,0.022,0.01,8.2,0.04,0.0,0.0,0.011
22,0,0,0.0,16002.728393601617,4.681292533874512,0.2828320133004118,0.38,606.1,0.428,0.01,7.52,0.016,0.22,639.6,0.336,0.01,7.52,0.016,2382.5445816244664,0.25577521324157715,0.22134861154380261,0.08,140.14,0.31,0.0,6.22,0.044,0.01,32.8,0.078,0.0,0.0,0.012
22,0,500,500.0,18220.70531773616,5.401247501373291,0.2936718139312702,0.49,900.6799999999998,0.43,0.01,7.52,0.016,0.26,738.0,0.359,0.01,7.52,0.016,2063.396216805404,0.23112435638904572,0.20900458084976342,0.08,151.41,0.361,0.0,3.11,0.03,0.02,90.2,0.14,0.0,1.88,0.014
22,0,1000,1000.0,20660.159337905116,6.27759313583374,0.3117774061666242,0.45,800.3999999999999,0.448,0.01,7.52,0.016,0.33,951.1999999999999,0.394,0.01,7.52,0.016,1586.6758494948954,0.19160883128643036,0.18865331882998418,0.15,237.93,0.417,0.0,5.8,0.063,0.05,188.6,0.212,0.0,1.88,0.014
22,0,1500,1500.0,22769.72120209469,6.957772254943848,0.32432194159891653,0.51,740.74,0.436,0.01,11.28,0.017,0.41,1205.4,0.425,0.01,11.28,0.017,1233.9982103255593,0.16715121269226074,0.17610097113688475,0.14,216.3,0.403,0.0,6.02,0.03,0.11,352.6,0.285,0.0,1.88,0.015
22,0,2000,2000.0,24506.890394209386,7.383904933929443,0.33725027178399547,0.52,740.74,0.436,0.01,11.28,0.017,0.57,1623.6,0.46,0.01,11.28,0.017,816.858275117562,0.1126149520277977,0.14531192378361976,0.13,191.58,0.389,0.0,1.74,0.039,0.12,344.4,0.284,0.0,3.76,0.016
22,0,2500,2500.0,25515.1869390546,7.746316909790039,0.3432300280290067,0.51,685.8,0.445,0.01,16.92,0.018,0.75,2041.8000000000002,0.484,0.01,16.92,0.018,468.39944477817426,0.06101277470588684,0.10857079599267055,0.05,89.61,0.29,0.0,3.59,0.022,0.11,295.2,0.269,0.0,1.88,0.015
22,0,3000,3000.0,25605.664899003747,7.871721267700195,0.34830628506998407,0.55,657.86,0.444,0.01,16.92,0.018,0.92,2304.2,0.496,0.01,16.92,0.018,196.88598670741158,0.02064347453415394,0.05614636179679655,0.01,7.6,0.081,0.0,3.59,0.022,0.05,139.4,0.184,0.0,1.88,0.014
22,0,3500,3500.0,24907.2552712412,7.716125965118408,0.34719282592912953,0.52,591.84,0.454,0.01,20.68,0.018,1.08,2492.8,0.503,0.01,20.68,0.018,72.4412395724471,0.0035971179604530334,0.0258623891194644,0.01,7.6,0.081,0.0,0.0,0.008,0.0,8.2,0.027,0.0,0.0,0.008
22,0,4000,4000.0,23558.834067860327,7.172792911529541,0.3431972362299606,0.78,982.62,0.531,0.01,22.56,0.019,1.18,2476.4,0.502,0.01,22.56,0.019,102.67300050838344,0.007157467305660248,0.03590999306694675,0.01,7.6,0.082,0.0,0.0,0.008,0.0,0.0,0.009,0.0,0.0,0.004
22,0,4500,4500.0,22239.29275146897,6.542176723480225,0.3396273847074303,0.57,557.28,0.453,0.17,425.04,0.057,1.26,2468.2,0.502,0.02,20.68,0.018,142.64447240437832,0.01153277326375246,0.04705701894363551,0.01,7.6,0.082,0.0,0.0,0.008,0.0,0.0,0.003,0.0,0.0,0.003
22,0,5000,5000.0,20800.446434021724,5.734495162963867,0.33308294956174506,0.75,927.0,0.529,0.18,425.04,0.057,1.23,2394.4,0.5,0.02,20.68,0.018,205.39257527265136,0.020110003650188446,0.06144851718180881,0.02,46.4,0.265,0.0,0.0,0.008,0.0,0.0,0.002,0.0,0.0,0.003
22,0,5500,5500.0,19493.125374753512,4.85078239440918,0.3280922298871233,0.58,828.12,0.522,0.02,20.68,0.018,1.15,2312.4,0.498,0.02,20.68,0.018,274.6400135893964,0.031105998903512955,0.07433531295975745,0.02,46.4,0.27,0.0,0.0,0.013,0.0,0.0,0.002,0.0,0.0,0.003
22,0,6000,6000.0,18159.90804225263,4.410409450531006,0.3224025959446433,0.23,284.2,0.439,0.02,18.8,0.018,0.89,2066.4,0.49,0.02,18.8,0.018,354.13324227884004,0.04498099908232689,0.08810076738067484,0.03,55.1,0.285,0.0,0.0,0.013,0.0,0.0,0.002,0.0,0.0,0.003
22,0,6500,6500.0,17135.60810022399,4.215662002563477,0.32124870874883,0.25,375.87,0.437,0.17,354.2,0.055,0.63,1820.4000000000003,0.48,0.02,16.92,0.018,433.55358115045635,0.05964051932096481,0.0982003413425639,0.03,58.0,0.286,0.0,0.0,0.019,0.0,0.0,0.002,0.0,0.0,0.004
22,0,7000,7000.0,16227.933678577303,4.218721866607666,0.3208649858824686,0.21,373.86,0.436,0.15,301.07,0.054,0.57,1697.3999999999999,0.475,0.02,15.04,0.018,487.4702639120869,0.06529038399457932,0.0978810314430669,0.02,24.360000000000003,0.245,0.0,0.0,0.019,0.0,0.0,0.005,0.0,0.0,0.004
22,0,7500,7500.0,15257.410643953144,4.136510848999023,0.32007747009599957,0.28,490.1,0.422,0.01,15.04,0.018,0.51,1590.8,0.469,0.01,15.04,0.018,572.2357416154509,0.07025784254074097,0.09919172591453028,0.02,24.360000000000003,0.245,0.0,3.59,0.025,0.0,0.0,0.008,0.0,0.0,0.007
22,0,8000,8000.0,14217.460901592247,3.8928327560424805,0.3185029761498256,0.19,355.77,0.43,0.09,230.23,0.05,0.51,1508.8,0.463,0.01,15.04,0.018,740.6252567529677,0.06365618854761124,0.10478405052834722,0.02,15.2,0.089,0.0,3.59,0.025,0.0,0.0,0.019,0.0,0.0,0.008
22,0,8500,8500.0,13022.570865343634,3.5333945751190186,0.3141692009985432,0.2,333.66,0.426,0.07,194.81,0.048,0.5,1426.8,0.457,0.01,13.160000000000002,0.018,928.8213727222001,0.05493294820189476,0.10953143235536172,0.02,15.2,0.089,0.0,3.11,0.025,0.0,8.2,0.029,0.0,0.0,0.011
22,0,9000,9000.0,11711.53830995968,3.027186632156372,0.30237119270343155,0.37,669.12,0.418,0.06,194.81,0.048,0.48,1361.2,0.452,0.01,13.160000000000002,0.018,1053.3803496498933,0.05265581235289574,0.10570828011871741,0.02,13.68,0.085,0.0,9.33,0.046,0.01,8.2,0.039,0.0,0.0,0.011
22,0,9500,9500.0,10558.841744898627,2.504422903060913,0.2906658400042323,0.24,475.86,0.474,0.06,194.81,0.048,0.46,1303.8,0.446,0.01,13.160000000000002,0.017,1212.855740085945,0.06372575461864471,0.1048501003666584,0.02,13.68,0.085,0.0,18.09,0.049,0.01,16.4,0.051,0.0,0.0,0.011
22,0,10000,10000.0,9616.828446677517,2.0288941860198975,0.2731269400570569,0.21,426.41999999999996,0.463,0.08,230.23,0.05,0.4,1164.4,0.433,0.01,11.28,0.017,1474.186009614229,0.09753911197185516,0.11297140896498678,0.08,107.3,0.332,0.0,1.88,0.012,0.01,16.4,0.05,0.0,1.88,0.012
22,0,10500,10500.0,9114.649702477442,1.7250611782073975,0.2630450191066359,0.17,367.71,0.449,0.01,9.4,0.017,0.34,1033.2,0.419,0.01,9.4,0.017,1947.072842731589,0.17397016286849976,0.13304634189686496,0.09,113.1,0.339,0.0,3.59,0.022,0.01,24.6,0.054,0.0,1.88,0.011
22,0,11000,11000.0,8951.133154995765,1.6087898015975952,0.25583535101587784,0.18,480.6000000000001,0.378,0.01,9.4,0.017,0.26,861.0,0.399,0.01,9.4,0.017,2501.0971045108363,0.2474285215139389,0.15980372886526928,0.05,66.12,0.292,0.0,3.59,0.022,0.01,32.8,0.057,0.0,1.88,0.011
22,0,11500,11500.0,9104.277746504733,1.7762476205825806,0.256395271796329,0.22,562.48,0.39,0.01,7.52,0.017,0.2,713.4,0.377,0.01,7.52,0.017,2933.055428864563,0.3131464123725891,0.18158620315340973,0.06,78.39,0.312,0.0,3.59,0.022,0.02,73.8,0.089,0.0,1.88,0.01
22,0,12000,12000.0,9551.668937353768,2.0551364421844482,0.26886249274532587,0.19,426.3,0.406,0.01,7.52,0.016,0.18,680.6,0.371,0.01,7.52,0.016,3141.339811784283,0.30792197585105896,0.20268370113717352,0.06,80.4,0.307,0.0,3.59,0.022,0.02,147.6,0.14,0.0,1.88,0.011
22,0,12500,12500.0,9869.431333869945,2.2997684478759766,0.2812701762407785,0.2,435.0,0.408,0.0,7.52,0.016,0.17,672.4,0.37,0.0,7.52,0.016,3114.756136599067,0.38813474774360657,0.2181631199686592,0.08,165.1,0.352,0.0,6.74,0.038,0.04,246.0,0.194,0.0,3.76,0.014
22,0,13000,13000.0,9918.676366243064,2.3804659843444824,0.2906370429513576,0.11,247.08,0.407,0.0,5.64,0.016,0.19,754.4,0.384,0.0,5.64,0.016,2760.4276388959306,0.3976419270038605,0.22589008499226684,0.08,177.92,0.348,0.0,3.56,0.058,0.06,369.0,0.246,0.0,3.76,0.015
22,0,13500,13500.0,9645.114747119027,2.348369598388672,0.2939461094590065,0.13,293.46,0.412,0.0,7.52,0.016,0.22,836.4,0.398,0.0,7.52,0.016,2295.678429263353,0.3822677731513977,0.22861473502118004,0.05,95.2,0.37,0.0,6.22,0.042,0.08,459.20000000000005,0.282,0.0,5.64,0.017
22,0,14000,14000.0,9031.545020666288,2.1177265644073486,0.2797713040063588,0.12,273.36,0.406,0.0,7.52,0.017,0.28,959.3999999999999,0.413,0.0,7.52,0.017,1601.9983316749858,0.29219791293144226,0.2115762845486603,0.05,81.2,0.358,0.0,2.9,0.059,0.09,377.2,0.271,0.0,7.52,0.017
22,0,14500,14500.0,8369.237658539434,1.8030269145965576,0.2599275415326363,0.11,229.13999999999996,0.391,0.0,9.4,0.017,0.33,1049.6,0.424,0.0,9.4,0.017,988.3839141723001,0.16703633964061737,0.19125816586000904,0.11,325.15,0.269,0.0,0.0,0.016,0.07,270.6,0.251,0.0,5.64,0.017
22,0,15000,15000.0,7957.707553394944,1.687229037284851,0.24340679551736102,0.21,456.96000000000004,0.38,0.0,9.4,0.017,0.28,910.2000000000002,0.408,0.0,9.4,0.017,447.55182311691897,0.06847676634788513,0.13376598094636236,0.04,73.44,0.269,0.0,0.0,0.017,0.03,114.80000000000001,0.175,0.01,5.64,0.017
22,0,15500,15500.0,8280.851414107692,1.9275527000427246,0.24206033605344393,0.26,449.02,0.418,0.0,9.4,0.017,0.22,754.4,0.386,0.0,9.4,0.017,151.44672505460477,0.025020478293299675,0.08724348528981397,0.04,111.48,0.191,0.0,0.0,0.019,0.01,32.8,0.093,0.0,1.88,0.015
22,0,16000,16000.0,9468.084570438206,2.6129937171936035,0.26483249854539187,0.29,461.7,0.422,0.0,7.52,0.016,0.14,533.0,0.348,0.0,7.52,0.016,18.833854331568034,0.0016793773975223303,0.01810919407482921,0.01,7.18,0.03,0.0,9.29,0.039,0.0,0.0,0.023,0.0,1.88,0.014
22,0,16500,16500.0,11022.670873262668,3.2238097190856934,0.29608666037397485,0.33,444.5,0.432,0.0,5.64,0.015,0.09,360.8,0.303,0.0,5.64,0.015,0.7463550561624288,2.5094986995100044e-05,0.0013127062756021284,0.0,0.0,0.005,0.0,0.0,0.005,0.0,0.0,0.002,0.0,0.0,0.007
22,0,17000,17000.0,12401.250169617042,3.672013759613037,0.3238684431096038,0.22,295.8,0.436,0.0,3.76,0.015,0.14,483.8,0.342,0.0,3.76,0.015,0.21345004712429727,7.73506508267019e-06,0.0003862871128046341,0.0,0.0,0.004,0.0,0.0,0.004,0.0,0.0,0.001,0.0,0.0,0.002
22,0,17500,17500.0,12948.21937045548,4.0501708984375,0.3398269421308386,0.33,386.64,0.444,0.0,5.64,0.016,0.21,639.6,0.379,0.0,5.64,0.016,0.06882421665750371,9.811982408791664e-07,0.00011912982298721214,0.0,0.0,0.001,0.0,0.0,0.001,0.0,0.0,0.001,0.0,0.0,0.001
22,0,18000,18000.0,12343.097532213993,3.7472739219665527,0.33768871624170543,0.33,384.48,0.444,0.0,5.64,0.017,0.42,1090.6,0.441,0.0,5.64,0.017,0.07783083605232832,1.1951417491218308e-06,0.00012226170307603096,0.0,0.0,0.001,0.0,0.0,0.001,0.0,0.0,0.0,0.0,0.0,0.001
22,0,18500,18500.0,11109.622919547139,3.2073605060577393,0.3206412885475997,0.32,360.72,0.442,0.07,141.68,0.046,0.66,1525.2,0.475,0.01,11.28,0.018,0.09029847036288174,4.218147751089418e-06,0.000130287818811041,0.0,0.0,0.001,0.0,0.0,0.001,0.0,0.0,0.0,0.0,0.0,0.0
22,0,19000,19000.0,9453.123157983595,2.495387315750122,0.3034623363330222,0.46,636.54,0.518,0.07,141.68,0.046,0.67,1525.2,0.476,0.01,13.160000000000002,0.018,0.13405375369757166,4.216323304717662e-06,0.00017345271095530333,0.0,0.0,0.001,0.0,0.0,0.001,0.0,0.0,0.0,0.0,0.0,0.0
22,0,19500,19500.0,7943.050653304119,1.8318582773208618,0.2858146253622247,0.31,460.41,0.493,0.06,123.97000000000001,0.046,0.67,1492.4,0.474,0.01,13.160000000000002,0.018,1.2081102488409101,1.439033258066047e-05,0.0014176402242676016,0.0,0.0,0.001,0.0,0.0,0.001,0.0,0.0,0.001,0.0,0.0,0.0
22,0,20000,20000.0,6612.359742408798,1.516302466392517,0.26346684049395414,0.16,268.83,0.44,0.07,123.97000000000001,0.046,0.42,1049.6,0.439,0.01,13.160000000000002,0.018,1.4969171338528042,1.864809928520117e-05,0.0014259616399111804,0.0,0.0,0.001,0.0,0.0,0.001,0.0,0.0,0.001,0.0,0.0,0.001
23,0,-20000,20000.0,64202.44415545603,4.835130214691162,0.2922636641302901,0.39,1783.5,0.388,0.01,62.04,0.017,0.44,5953.2,0.429,0.01,62.04,0.017,46161.21288953959,4.202035427093506,0.2686820855396285,0.63,2452.84,0.397,0.01,50.76,0.017,0.75,4862.6,0.434,0.01,50.76,0.017
23,0,-19500,19500.0,64525.40097604069,4.632546901702881,0.2930369950830792,0.3,1234.14,0.397,0.01,52.64000000000001,0.017,0.5,5412.0,0.426,0.01,52.64000000000001,0.017,45791.356623723914,3.111671209335327,0.2654637204505758,0.72,2641.52,0.406,0.01,43.24,0.017,0.73,4321.4,0.415,0.01,43.24,0.017
23,0,-19000,19000.0,67258.96727117506,4.16320276260376,0.2931363626655534,0.3,1234.14,0.394,0.01,50.76,0.017,0.53,5346.4,0.426,0.01,50.76,0.017,47424.215805860695,3.961824893951416,0.2679662224010092,0.57,2059.0,0.418,0.01,41.36,0.017,0.51,3542.4000000000005,0.39,0.01,41.36,0.017
23,0,-18500,18500.0,72556.44780421571,4.814010143280029,0.3010700175764636,0.22,673.36,0.165,0.01,48.88,0.017,0.56,5444.8,0.431,0.01,48.88,0.017,51109.77576485602,5.373674392700195,0.27796642353233414,0.59,2099.6,0.419,0.01,31.960000000000004,0.016,0.36,2878.2,0.365,0.01,31.960000000000004,0.016
23,0,-18000,18000.0,80425.8294103507,6.34451150894165,0.31143453678988775,0.84,4741.92,0.521,0.01,48.88,0.017,0.52,5633.4,0.434,0.01,48.88,0.017,56871.09617873066,6.691254615783691,0.2911908601815519,0.56,2334.5,0.438,0.01,28.2,0.016,0.25,2968.4,0.372,0.01,28.2,0.016
23,0,-17500,17500.0,90760.43073452456,8.149760246276855,0.3269943455900089,1.0,5696.0,0.566,0.01,50.76,0.017,0.48,5830.2,0.437,0.01,50.76,0.017,63251.65524493714,7.7689032554626465,0.3043200185233212,0.51,1963.42,0.434,0.01,30.08,0.016,0.33,3181.6,0.389,0.01,30.08,0.016
23,0,-17000,17000.0,104349.61193469353,10.289281845092773,0.3509181552228517,0.92,4164.4,0.548,0.01,50.76,0.017,0.41,5928.6,0.435,0.01,50.76,0.017,69089.95818576477,8.231141090393066,0.31376413464801167,0.55,2140.6,0.432,0.01,31.960000000000004,0.016,0.4,3952.4000000000005,0.42,0.01,31.960000000000004,0.016
23,0,-16500,16500.0,120132.9667709193,12.681377410888672,0.3784432674880519,0.95,4294.9,0.556,0.01,52.64000000000001,0.017,0.49,6109.0,0.437,0.01,52.64000000000001,0.017,73072.33237052087,8.169819831848145,0.31587973545235914,0.3,1099.0,0.44,0.01,41.36,0.017,0.62,4674.0,0.444,0.01,41.36,0.017
23,0,-16000,16000.0,134328.95312441033,15.832785606384277,0.40536344802055346,0.58,2458.62,0.546,0.01,52.64000000000001,0.017,0.64,6740.400000000001,0.447,0.01,52.64000000000001,0.017,76923.26466098092,7.4694743156433105,0.3176737247031048,0.28,1090.6,0.436,0.01,45.12,0.017,0.88,5494.0,0.461,0.01,45.12,0.017
23,0,-15500,15500.0,144294.8452845165,17.609281539916992,0.4232955141830266,0.78,2928.96,0.541,0.01,62.04,0.017,0.79,7404.599999999999,0.459,0.01,62.04,0.017,81667.86228128095,6.228586196899414,0.3217903977134539,0.63,2654.31,0.505,0.02,54.519999999999996,0.017,1.12,6281.2,0.475,0.02,54.519999999999996,0.017
23,0,-15000,15000.0,147275.46016103734,17.182601928710938,0.43530521447755166,0.76,3147.12,0.56,0.01,63.92000000000001,0.017,1.23,9372.6,0.512,0.01,63.92000000000001,0.017,86998.45283529452,6.578777313232422,0.32670151118381446,0.68,3015.84,0.529,0.02,58.28,0.018,1.06,6642.0,0.475,0.02,58.28,0.018
23,0,-14500,14500.0,143667.2125865298,15.546969413757324,0.43496050325976987,0.7,3812.3999999999996,0.607,0.34,1894.97,0.054,1.71,11471.8,0.564,0.04,116.56,0.026,94432.38552900257,7.248976230621338,0.33715170767572317,1.1,4770.4,0.519,0.02,62.04,0.018,1.11,7216.000000000001,0.485,0.02,62.04,0.018
23,0,-14000,14000.0,132307.60481971374,12.729097366333008,0.4230911353945648,1.21,7360.32,0.603,0.3,1682.45,0.053,1.71,13234.8,0.6,0.05,133.48,0.028,102518.33269676936,8.770397186279297,0.35108114071710517,0.93,3625.0,0.513,0.02,63.92000000000001,0.019,0.87,6773.2,0.463,0.02,63.92000000000001,0.019
23,0,-13500,13500.0,118448.95949110505,9.789790153503418,0.4026934252095114,0.77,5345.7,0.63,0.26,1505.35,0.053,1.65,14727.2,0.626,0.05,169.2,0.032,111439.62823639231,10.201630592346191,0.367313195660054,0.98,3717.8,0.52,0.02,56.4,0.018,0.75,6527.2,0.455,0.02,56.4,0.018
23,0,-13000,13000.0,102163.57742222899,7.2269368171691895,0.37480192845449056,0.45,2826.06,0.536,0.22,1434.51,0.053,1.38,13792.4,0.608,0.04,180.48,0.033,119651.23275715305,11.256731033325195,0.38513170799442614,1.11,4263.0,0.555,0.02,56.4,0.018,0.74,7027.4,0.46,0.02,56.4,0.018
23,0,-12500,12500.0,87922.29653548729,6.184159278869629,0.34933432514681223,0.4,1911.51,0.436,0.18,1381.38,0.053,1.13,12521.4,0.582,0.04,156.04,0.031,126251.33643584704,12.691085815429688,0.399509196785526,1.12,4309.4,0.558,0.02,62.04,0.018,1.0,7683.399999999999,0.47,0.02,62.04,0.018
23,0,-12000,12000.0,75511.47510645259,5.613348960876465,0.3220733972385711,0.38,1680.36,0.417,0.16,1345.96,0.053,0.87,9692.4,0.515,0.04,150.4,0.03,128691.24809362984,13.882319450378418,0.41098320013033707,0.66,2597.82,0.559,0.02,65.8,0.018,1.21,9512.0,0.515,0.02,65.8,0.018
23,0,-11500,11500.0,68353.31899420985,4.954050064086914,0.3108470332495561,0.33,1358.76,0.407,0.15,1363.67,0.053,0.72,7404.599999999999,0.456,0.02,80.84,0.02,127796.02959367585,15.83883285522461,0.4151767453551111,0.81,3019.02,0.563,0.31,1664.74,0.053,1.65,11480.0,0.562,0.05,109.03999999999999,0.025
23,0,-11000,11000.0,65309.790151289126,4.6450958251953125,0.3027638101536318,0.3,1304.49,0.405,0.15,1505.35,0.054,0.61,6674.800000000001,0.446,0.02,67.68,0.018,120571.79084593772,15.823655128479004,0.4102140005255311,1.48,6034.32,0.554,0.19,1381.38,0.051,1.81,12242.6,0.575,0.06,124.08,0.027
23,0,-10500,10500.0,65115.07238093336,4.2837443351745605,0.30259221675770837,0.28,1438.56,0.415,0.02,58.28,0.017,0.55,6281.2,0.445,0.02,58.28,0.017,108911.2010784281,14.091093063354492,0.3948050464628493,0.73,3047.76,0.546,0.25,1151.15,0.049,1.88,12718.2,0.584,0.03,142.88,0.029
23,0,-10000,10000.0,66791.30310431529,3.8138930797576904,0.3012529436166872,0.4,2222.22,0.412,0.02,56.4,0.017,0.54,6158.2,0.448,0.02,56.4,0.017,93183.1645850021,11.117440223693848,0.37133516028090297,1.24,5291.76,0.523,0.25,991.7600000000001,0.048,1.57,12283.6,0.572,0.04,146.64,0.029
23,0,-9500,9500.0,69786.76072842728,3.600037097930908,0.3043057155040096,0.59,2445.3,0.425,0.01,52.64000000000001,0.017,0.53,6109.0,0.453,0.01,52.64000000000001,0.017,79162.09173891402,8.232943534851074,0.351785339380638,0.83,4292.01,0.567,0.21,832.37,0.046,1.8,11775.2,0.561,0.04,137.24,0.028
23,0,-9000,9000.0,73578.97897198255,4.475399494171143,0.3113337938239757,0.61,2482.48,0.428,0.01,52.64000000000001,0.018,0.51,5945.0,0.447,0.01,52.64000000000001,0.018,65073.360174911795,5.793132305145264,0.32858424020908017,0.73,3877.95,0.54,0.12,637.56,0.043,1.52,10266.4,0.521,0.04,135.36,0.028
23,0,-8500,8500.0,76534.67679605284,6.284761428833008,0.31598009352440676,0.83,2986.84,0.416,0.01,50.76,0.017,0.5,5936.8,0.449,0.01,50.76,0.017,55245.48104235437,4.204843044281006,0.3208409724765102,0.67,3077.6400000000003,0.49,0.08,442.75,0.038,1.33,9118.4,0.49,0.02,92.12,0.021
23,0,-8000,8000.0,80099.64368940235,6.787200450897217,0.3237303780797303,0.83,2821.7,0.461,0.01,50.76,0.017,0.55,6420.6,0.456,0.01,50.76,0.017,45913.20914156386,3.0847342014312744,0.3039697955229965,0.6,2487.45,0.474,0.07,336.49,0.034,0.96,7117.6,0.445,0.02,82.72,0.02
23,0,-7500,7500.0,83425.6304135551,7.3633713722229,0.33006570046257777,0.85,2871.0,0.466,0.02,56.4,0.018,0.7,7011.000000000001,0.467,0.02,56.4,0.018,38302.539987437194,2.827249765396118,0.2941656091809756,0.49,1105.92,0.398,0.06,318.78,0.033,0.82,5756.4,0.424,0.01,54.519999999999996,0.017
23,0,-7000,7000.0,86054.36176260075,7.4746246337890625,0.3289400876560115,0.91,3337.2,0.526,0.02,58.28,0.018,1.08,7658.8,0.476,0.02,58.28,0.018,31685.08751138288,2.238598585128784,0.26549668400453813,0.61,1909.62,0.462,0.07,478.1700000000001,0.039,0.54,5051.2,0.413,0.01,48.88,0.017
23,0,-6500,6500.0,91272.44207176013,8.12138843536377,0.33542117219094797,0.76,3137.42,0.484,0.02,73.32,0.019,1.38,8282.0,0.491,0.02,73.32,0.019,27096.778133074986,1.4716870784759521,0.24170106235634753,0.42,1705.6799999999998,0.454,0.13,708.4,0.046,0.79,4444.4,0.411,0.02,43.24,0.017
23,0,-6000,6000.0,98590.1870700819,11.676962852478027,0.3456414666127793,0.55,883.1199999999999,0.19,0.02,82.72,0.021,1.19,7929.4,0.479,0.02,82.72,0.021,25494.0419105842,1.109581470489502,0.21916086292083917,0.39,1489.38,0.449,0.02,41.36,0.017,0.51,3763.8,0.399,0.02,41.36,0.017
23,0,-5500,5500.0,106894.55079296531,16.136924743652344,0.35805894168264113,1.24,4058.34,0.553,0.02,77.08,0.02,0.87,7478.399999999999,0.471,0.02,77.08,0.02,27645.04649981236,1.677343487739563,0.22073221848890076,0.56,1424.2800000000002,0.389,0.01,30.08,0.017,0.42,3247.2,0.392,0.01,30.08,0.017
23,0,-5000,5000.0,115129.38616935644,21.231943130493164,0.37207096047209476,1.62,4209.3,0.577,0.02,75.2,0.019,0.68,7109.4,0.463,0.02,75.2,0.019,32398.45171807065,3.0600082874298096,0.23122087771651606,0.62,1512.94,0.394,0.01,28.2,0.017,0.3,2312.4,0.345,0.01,28.2,0.017
23,0,-4500,4500.0,122964.68342319567,25.461193084716797,0.38665785823204113,2.54,6803.16,0.607,0.01,63.92000000000001,0.018,0.91,7019.2,0.461,0.01,63.92000000000001,0.018,38371.11216808917,4.437473773956299,0.2487949976989184,0.55,1280.16,0.398,0.01,16.92,0.015,0.18,1459.6,0.282,0.01,16.92,0.015
23,0,-4000,4000.0,128117.54889809381,29.676576614379883,0.39933488563015174,2.63,5394.0,0.616,0.01,62.04,0.018,1.53,7863.8,0.474,0.01,62.04,0.018,45184.86549697336,5.862217426300049,0.2746801729873654,1.03,2415.7,0.44,0.01,15.04,0.015,0.14,1566.2,0.277,0.01,15.04,0.015
23,0,-3500,3500.0,130339.64844669099,32.515533447265625,0.4061118097535466,2.68,5483.9,0.62,0.02,75.2,0.019,2.22,9667.8,0.527,0.02,75.2,0.019,50394.15247559664,7.482141971588135,0.2918613830091549,1.08,2496.9,0.442,0.01,20.68,0.016,0.33,2041.8000000000002,0.32,0.01,20.68,0.016
23,0,-3000,3000.0,129170.2584582672,33.01657485961914,0.41014557734206825,1.49,3015.4199999999996,0.603,0.02,88.36,0.022,3.07,11668.6,0.576,0.02,88.36,0.022,54557.70786922658,7.409850597381592,0.31140964380921976,0.67,1397.22,0.44,0.01,20.68,0.016,0.75,3337.4000000000005,0.389,0.01,20.68,0.016
23,0,-2500,2500.0,125126.37562517775,31.241249084472656,0.406486053165537,1.83,3593.88,0.612,0.39,1948.1000000000001,0.057,3.91,13144.600000000002,0.608,0.07,146.64,0.031,56304.17665239656,6.823854446411133,0.3209823748428641,0.82,1662.27,0.445,0.16,867.79,0.05,1.23,4657.6,0.434,0.02,37.6,0.018
23,0,-2000,2000.0,116456.66280621663,26.361034393310547,0.39244327410784247,3.49,7278.72,0.606,0.33,1894.97,0.057,3.86,12513.2,0.595,0.12,165.44,0.033,54582.88206832367,5.48986291885376,0.3219068832897158,0.73,1591.92,0.442,0.16,814.66,0.049,1.44,5289.0,0.445,0.03,43.24,0.018
23,0,-1500,1500.0,106904.21088361472,21.372499465942383,0.37464551910896055,6.03,15421.400000000001,0.579,0.34,1841.84,0.057,3.53,11316.0,0.57,0.11,154.16,0.031,49623.539274407085,3.7936670780181885,0.3091124839330327,0.49,1425.09,0.435,0.18,779.24,0.048,1.46,5526.8,0.449,0.03,54.519999999999996,0.018
23,0,-1000,1000.0,96754.94253877841,16.4250545501709,0.3528869955897586,1.84,5740.56,0.542,0.42,1841.84,0.057,2.89,9626.8,0.529,0.11,150.4,0.031,43015.5106558901,3.382739305496216,0.28970076799092354,0.85,2856.0,0.425,0.17,814.66,0.048,0.91,4969.2,0.433,0.04,58.28,0.019
23,0,-500,500.0,89279.75171943399,13.045894622802734,0.3389565734421081,3.16,11658.95,0.504,0.03,105.28000000000002,0.024,2.34,8257.4,0.493,0.03,105.28000000000002,0.024,38262.173086355324,3.3103816509246826,0.27620551350046096,0.34,1650.06,0.455,0.16,867.79,0.049,0.65,4469.0,0.421,0.02,50.76,0.018
23,0,0,0.0,83436.72334771363,10.706457138061523,0.32695090788132636,0.7,3117.81,0.506,0.03,94.0,0.023,1.8,7724.4,0.475,0.03,94.0,0.023,35171.43918136717,3.3767926692962646,0.26278427105695845,0.31,1517.19,0.45,0.12,938.63,0.05,0.52,3821.2,0.403,0.02,47.0,0.018
23,0,500,500.0,80640.52667964088,9.263694763183594,0.3255064555954123,0.57,2065.0200000000004,0.426,0.02,67.68,0.018,1.4,7740.8,0.475,0.02,67.68,0.018,34530.33738718077,3.451545238494873,0.2623234240396954,0.28,891.54,0.371,0.01,35.72,0.017,0.51,3501.3999999999996,0.4,0.01,35.72,0.017
23,0,1000,1000.0,78334.43260878835,9.775174140930176,0.32116160153523843,0.82,2282.3,0.43,0.02,65.8,0.018,1.21,7872.0,0.478,0.02,65.8,0.018,34780.018800617836,3.315709352493286,0.2635716654618028,0.55,1658.96,0.378,0.01,33.84,0.017,0.49,3042.2,0.384,0.01,33.84,0.017
23,0,1500,1500.0,76911.06010025136,9.991060256958008,0.319081291870509,0.83,2288.1,0.431,0.02,67.68,0.018,1.06,8068.8,0.481,0.02,67.68,0.018,35465.26099211915,3.010347843170166,0.2686759563222276,0.84,1790.68,0.389,0.01,28.2,0.017,0.41,2558.4,0.367,0.01,28.2,0.017
23,0,2000,2000.0,75919.51795595794,9.754108428955078,0.3139525565319715,0.47,1338.06,0.43,0.02,67.68,0.018,0.94,7831.000000000001,0.479,0.02,67.68,0.018,36448.96000282606,2.5204482078552246,0.28092168880688745,0.79,1429.7,0.404,0.01,28.2,0.017,0.48,2673.2,0.373,0.01,28.2,0.017
23,0,2500,2500.0,75575.22947017428,11.041173934936523,0.3097971644703559,0.58,1569.81,0.434,0.02,65.8,0.018,1.09,7478.399999999999,0.476,0.02,65.8,0.018,36327.70863309852,3.241135597229004,0.28993628782093034,0.84,1447.1,0.405,0.01,28.2,0.017,0.58,2886.4,0.385,0.01,28.2,0.017
23,0,3000,3000.0,75790.81381130399,10.937610626220703,0.3073166813492918,0.53,1549.71,0.43,0.02,63.92000000000001,0.018,1.13,6879.800000000001,0.466,0.02,63.92000000000001,0.018,34064.92154190346,3.697565793991089,0.28751069616178415,0.4,814.32,0.401,0.01,30.08,0.017,0.49,3058.6,0.384,0.01,30.08,0.017
23,0,3500,3500.0,76834.15758735256,9.805938720703125,0.3083962641084606,0.41,1513.53,0.427,0.02,58.28,0.018,1.13,6281.2,0.458,0.02,58.28,0.018,30984.36585145173,4.16057825088501,0.27979625353554266,0.53,970.83,0.408,0.05,442.75,0.042,0.4,3296.3999999999996,0.39,0.01,31.960000000000004,0.017
23,0,4000,4000.0,78419.76356410031,8.261072158813477,0.3156486971613749,0.8,3027.36,0.418,0.02,58.28,0.018,1.0,5945.0,0.446,0.02,58.28,0.018,27288.295892137103,3.8131654262542725,0.26556294092119626,0.95,1929.8400000000001,0.397,0.07,478.1700000000001,0.043,0.28,3493.2,0.402,0.01,33.84,0.017
23,0,4500,4500.0,79526.49574484408,6.710134506225586,0.3242031621891876,0.66,3211.12,0.432,0.01,54.519999999999996,0.018,0.88,5756.4,0.439,0.01,54.519999999999996,0.018,23438.957868229772,2.9719436168670654,0.24590244175630385,0.32,586.92,0.376,0.08,513.5899999999999,0.044,0.47,3616.2,0.411,0.01,35.72,0.017
23,0,5000,5000.0,78009.07376479398,5.201972961425781,0.3277794267218213,0.61,2404.0999999999995,0.427,0.01,54.519999999999996,0.018,0.73,6240.2,0.443,0.01,54.519999999999996,0.018,20069.36575798536,1.9165117740631104,0.22523094632285112,0.55,1150.56,0.361,0.11,549.01,0.045,0.4,2804.4,0.383,0.02,35.72,0.017
23,0,5500,5500.0,74787.04524693894,5.6222944259643555,0.3274106741119223,0.62,2369.3,0.426,0.01,62.04,0.018,0.77,6830.6,0.452,0.01,62.04,0.018,18738.74773195348,1.1100605726242065,0.220663143503839,0.69,2248.18,0.32,0.01,24.44,0.017,0.33,2017.2,0.344,0.01,24.44,0.017
23,0,6000,6000.0,69098.39506583266,5.447084903717041,0.3217363591347027,0.34,1341.54,0.423,0.01,63.92000000000001,0.018,0.65,7257.0,0.458,0.01,63.92000000000001,0.018,18775.3957862702,1.3190782070159912,0.22092841267524296,0.24,597.74,0.328,0.01,22.56,0.016,0.19,1476.0,0.298,0.01,22.56,0.016
23,0,6500,6500.0,62718.753753193596,4.975062370300293,0.31312307637674497,0.44,1593.93,0.429,0.01,69.56,0.018,0.68,7568.6,0.463,0.01,69.56,0.018,19895.864424892352,2.155097723007202,0.23124256264061832,0.47,775.06,0.351,0.01,16.92,0.016,0.09,1098.8,0.263,0.01,16.92,0.016
23,0,7000,7000.0,55582.84705384722,4.464670658111572,0.300668611676262,0.38,1459.26,0.422,0.18,1044.89,0.052,0.68,6765.0,0.451,0.02,71.44,0.018,21594.96572023054,3.351274251937866,0.24592779043839846,0.49,795.08,0.355,0.0,15.04,0.015,0.13,1139.8,0.268,0.0,15.04,0.015
23,0,7500,7500.0,50190.76237035042,4.603631973266602,0.2940914714846948,0.26,1165.8,0.404,0.02,60.16,0.018,0.63,5928.6,0.438,0.02,60.16,0.018,22735.442603818956,3.9705123901367188,0.25721712046135764,0.5,734.06,0.378,0.0,16.92,0.016,0.16,1271.0,0.291,0.0,16.92,0.016
23,0,8000,8000.0,45992.324334156,4.758636474609375,0.2854675601359145,0.23,1095.45,0.4,0.02,58.28,0.018,0.46,5018.4,0.419,0.02,58.28,0.018,22546.10029029718,4.295871734619141,0.2559368708527611,0.54,809.34,0.375,0.0,16.92,0.016,0.22,1492.4,0.315,0.0,16.92,0.016
23,0,8500,8500.0,43661.36255302699,4.936086654663086,0.2845102689764966,0.3,1103.96,0.374,0.01,47.0,0.017,0.47,4247.6,0.403,0.01,47.0,0.017,22480.167762482597,4.5580644607543945,0.2554870484579148,0.55,663.12,0.398,0.01,18.8,0.016,0.44,1795.8,0.343,0.01,18.8,0.016
23,0,9000,9000.0,42670.66550104064,5.1492462158203125,0.282406262196279,0.31,1118.26,0.376,0.01,43.24,0.017,0.49,3813.0000000000005,0.398,0.01,43.24,0.017,22278.178263171867,4.326597690582275,0.2535173730208634,0.77,1078.41,0.445,0.01,20.68,0.016,0.75,2107.4,0.365,0.01,20.68,0.016
23,0,9500,9500.0,42683.198901730066,5.402846336364746,0.2837764123118427,0.34,1261.26,0.384,0.01,37.6,0.017,0.51,3542.4000000000005,0.404,0.01,37.6,0.017,21949.01105887693,4.488141059875488,0.24934565922616322,0.54,905.37,0.424,0.02,24.44,0.017,1.05,2451.8,0.39,0.02,24.44,0.017
23,0,10000,10000.0,43680.863858168595,5.6622467041015625,0.2843334695041223,0.34,1289.86,0.386,0.01,35.72,0.017,0.53,3501.3999999999996,0.411,0.01,35.72,0.017,21328.579856277793,4.670228481292725,0.24156966740553398,0.41,701.8,0.348,0.14,513.5899999999999,0.042,0.77,2074.6,0.369,0.02,24.44,0.017
23,0,10500,10500.0,45314.76865732111,5.86485481262207,0.2863001156482895,0.38,1433.76,0.455,0.01,33.84,0.017,0.55,3501.3999999999996,0.419,0.01,33.84,0.017,21722.966794065724,4.786495685577393,0.2423304480861276,0.42,707.6,0.349,0.09,549.01,0.042,0.47,1656.4,0.34,0.02,18.8,0.017
23,0,11000,11000.0,47784.734908584505,5.954677104949951,0.28856055104412076,0.43,1477.02,0.46,0.01,33.84,0.017,0.59,3550.6,0.422,0.01,33.84,0.017,22870.966453511937,4.538466453552246,0.24227735967167227,0.41,750.87,0.406,0.12,619.85,0.044,0.53,1640.0,0.341,0.02,18.8,0.017
23,0,11500,11500.0,50868.26738175878,5.935473442077637,0.292295898925468,0.45,1575.9,0.465,0.01,33.84,0.017,0.64,3649.0,0.426,0.01,33.84,0.017,24832.009017377277,4.142694473266602,0.24702563076601622,0.28,482.4,0.355,0.01,16.92,0.016,0.62,1705.6,0.351,0.01,16.92,0.016
23,0,12000,12000.0,54465.69877863221,5.809364318847656,0.29712978885275004,0.48,1693.3200000000002,0.472,0.01,33.84,0.017,0.69,3870.4,0.43,0.01,33.84,0.017,27173.031099312357,3.4826712608337402,0.2533375977118569,0.42,1186.9,0.372,0.01,16.92,0.016,0.65,1820.4000000000003,0.354,0.01,16.92,0.016
23,0,12500,12500.0,58121.70628539752,5.658824920654297,0.30207921028552664,0.45,1857.09,0.479,0.01,37.6,0.017,0.73,4132.8,0.436,0.01,37.6,0.017,29104.624150220297,2.963782548904419,0.25768991554846854,0.41,1018.16,0.359,0.01,18.8,0.016,0.65,1927.0,0.357,0.01,18.8,0.016
23,0,13000,13000.0,61552.60558555601,5.536735534667969,0.30976861992061927,0.44,1765.3,0.421,0.01,37.6,0.017,0.72,4526.4,0.442,0.01,37.6,0.017,30552.992567487854,3.3986334800720215,0.25632651879119916,0.4,995.28,0.357,0.01,18.8,0.016,0.48,2025.4000000000003,0.346,0.01,18.8,0.016
23,0,13500,13500.0,64058.71715206595,5.509869575500488,0.3148280828057434,0.51,1859.28,0.425,0.01,43.24,0.018,0.69,4961.0,0.45,0.01,43.24,0.018,32417.16734373549,4.096630573272705,0.25898308816730053,0.33,822.96,0.383,0.01,20.68,0.015,0.37,2304.2,0.361,0.01,20.68,0.015
23,0,14000,14000.0,65571.84809049068,5.696308135986328,0.32078459152287137,0.62,2481.27,0.503,0.01,43.24,0.018,0.63,5485.8,0.459,0.01,43.24,0.018,34220.86312941792,4.174731731414795,0.25880228144537376,0.62,1560.45,0.456,0.01,20.68,0.016,0.5,2902.8,0.389,0.01,20.68,0.016
23,0,14500,14500.0,66084.80193729774,5.963132858276367,0.32430880859868905,0.53,1622.16,0.438,0.02,50.76,0.018,0.76,6027.0,0.467,0.02,50.76,0.018,35930.9735071125,3.9619452953338623,0.2573972899756022,0.62,1443.03,0.446,0.01,28.2,0.016,0.78,3542.4000000000005,0.413,0.01,28.2,0.016
23,0,15000,15000.0,64925.72879922227,6.443650245666504,0.3246686394632645,0.31,1031.8,0.431,0.02,52.64000000000001,0.018,0.86,6387.8,0.472,0.02,52.64000000000001,0.018,38148.05023135414,3.5013163089752197,0.2665405791366183,0.62,1337.97,0.441,0.01,30.08,0.017,0.85,3444.0,0.409,0.01,30.08,0.017
23,0,15500,15500.0,62837.09253708803,6.867702484130859,0.32221346562616077,0.36,1429.11,0.429,0.02,58.28,0.018,0.84,6617.4,0.475,0.02,58.28,0.018,40362.457095649734,4.138202667236328,0.2762814995286849,0.47,1777.7,0.423,0.01,30.08,0.017,0.85,3214.4,0.402,0.01,30.08,0.017
23,0,16000,16000.0,59747.000391547044,7.102494716644287,0.31598111457336703,0.29,1045.74,0.413,0.02,58.28,0.018,0.65,6322.2,0.47,0.02,58.28,0.018,42446.4472320411,4.531998634338379,0.29147221282548386,0.67,1861.8,0.429,0.01,30.08,0.017,0.66,2984.8,0.393,0.01,30.08,0.017
23,0,16500,16500.0,56805.94113174593,7.084031581878662,0.3099472956056544,0.41,1248.48,0.417,0.02,56.4,0.018,0.74,5920.4,0.464,0.02,56.4,0.018,43953.518749697105,4.672991752624512,0.30588807744874214,0.69,1870.5,0.43,0.01,28.2,0.017,0.44,2738.8,0.382,0.01,28.2,0.017
23,0,17000,17000.0,54435.05765326554,6.696276664733887,0.301677481292004,0.4,1213.92,0.415,0.01,54.519999999999996,0.018,0.8,5477.6,0.459,0.01,54.519999999999996,0.018,43837.46463292846,4.322502613067627,0.3107508984133112,0.36,1044.0,0.427,0.01,28.2,0.017,0.56,3099.6,0.392,0.01,28.2,0.017
23,0,17500,17500.0,53470.43514839024,6.077515602111816,0.29855664142401495,0.36,1099.47,0.417,0.16,1381.38,0.053,0.81,5174.2,0.459,0.02,47.0,0.018,42845.67479106263,3.8753602504730225,0.3093661876460129,0.47,1246.2,0.433,0.01,35.72,0.017,0.67,3526.0,0.41,0.01,35.72,0.017
23,0,18000,18000.0,53699.63224946405,5.4708571434021,0.2942464868370935,0.33,1081.38,0.413,0.16,1487.64,0.053,0.75,4895.4,0.456,0.02,45.12,0.017,41106.53044686405,3.7515172958374023,0.30496574123612447,0.81,2484.72,0.422,0.02,37.6,0.018,0.63,3911.3999999999996,0.424,0.02,37.6,0.018
23,0,18500,18500.0,54883.88308940557,4.9165940284729,0.2920435472107468,0.27,1053.24,0.411,0.17,1629.32,0.054,0.67,4641.2,0.453,0.02,41.36,0.017,38193.26118532729,3.328162670135498,0.2948144237149951,0.35,775.86,0.401,0.02,41.36,0.018,0.64,4272.2,0.44,0.02,41.36,0.018
23,0,19000,19000.0,57481.245886942634,4.696084499359131,0.29023924652652605,0.24,1075.35,0.407,0.18,1788.71,0.055,0.61,4501.8,0.45,0.02,41.36,0.017,34063.91602357804,2.733726978302002,0.2791553474773169,0.58,1256.68,0.373,0.02,43.24,0.018,0.47,3731.0,0.422,0.02,43.24,0.018
23,0,19500,19500.0,61641.25278431311,5.073130130767822,0.2926592907074078,0.32,2245.1,0.406,0.01,39.48,0.017,0.55,4444.4,0.451,0.01,39.48,0.017,31204.562458389635,3.2460005283355713,0.2724250592587303,0.73,1466.72,0.39,0.02,33.84,0.018,0.61,3321.0,0.407,0.02,33.84,0.018
23,0,20000,20000.0,67281.61657444871,5.60381555557251,0.29895593946879595,0.34,2333.76,0.408,0.01,39.48,0.017,0.49,4575.6,0.446,0.01,39.48,0.017,29229.31975859965,4.176670551300049,0.2683324388951732,0.73,1168.7,0.407,0.02,31.960000000000004,0.017,0.53,3181.6,0.399,0.02,31.960000000000004,0.017
24,0,-20000,20000.0,838658.1312541105,51.33317184448242,0.6324217946705253,5.29,37119.84,0.807,1.38,24546.06,0.159,8.34,79261.2,0.82,0.21,1137.4,0.052,931973.9704491228,39.76371765136719,0.6574845892853781,1.73,20355.84,0.824,0.1,1099.8,0.052,4.48,77604.8,0.824,0.1,1099.8,0.052
24,0,-19500,19500.0,806892.5939372769,48.883419036865234,0.6320662142099939,9.66,83080.47,0.798,1.59,23625.14,0.157,7.31,78195.2,0.818,0.18,1128.0,0.052,907984.3624474425,39.49583435058594,0.6544479235804974,1.7,19526.4,0.818,0.1,1126.12,0.052,4.6,78588.8,0.827,0.1,1126.12,0.052
24,0,-19000,19000.0,762822.1925856412,39.418724060058594,0.6227188216554312,3.03,26329.889999999996,0.811,0.17,1124.24,0.052,7.2,73234.2,0.807,0.17,1124.24,0.052,878884.9328076973,36.756591796875,0.6486358987496147,1.74,19074.96,0.813,0.12,1135.52,0.052,4.06,76489.6,0.823,0.12,1135.52,0.052
24,0,-18500,18500.0,726329.4004818465,30.099401473999023,0.6189080868061217,6.78,68347.0,0.796,0.12,1000.16,0.05,6.78,68347.0,0.796,0.12,1000.16,0.05,851694.7966723877,33.66151428222656,0.6431097130280676,1.97,17858.88,0.803,0.11,1086.64,0.052,4.25,74062.4,0.818,0.11,1086.64,0.052
24,0,-18000,18000.0,684314.9461015486,28.8772029876709,0.6046741170704889,4.89,63574.6,0.784,0.12,968.2000000000002,0.05,4.89,63574.6,0.784,0.12,968.2000000000002,0.05,826378.3290093415,32.00054168701172,0.6337017916333114,1.83,17707.68,0.801,0.11,1075.36,0.052,4.17,70782.4,0.811,0.11,1075.36,0.052
24,0,-17500,17500.0,648130.5193065152,30.53643035888672,0.5931176936210659,1.84,15126.54,0.701,0.07,861.04,0.048,3.11,59212.19999999999,0.771,0.07,861.04,0.048,807023.1238957334,33.67811965942383,0.6268356144869185,2.04,18267.68,0.773,0.12,1002.04,0.051,4.23,67641.8,0.804,0.12,1002.04,0.051
24,0,-17000,17000.0,626129.150020887,31.640247344970703,0.5875495024804196,2.74,16234.2,0.724,0.07,832.84,0.048,2.41,56719.4,0.763,0.07,832.84,0.048,796500.1233256,35.36848449707031,0.6195612507293167,2.48,20343.5,0.773,0.13,981.36,0.051,3.62,66190.4,0.799,0.13,981.36,0.051
24,0,-16500,16500.0,604432.7335345129,36.895381927490234,0.5799242224309906,2.82,16147.2,0.723,0.08,789.6,0.047,2.87,54374.2,0.755,0.08,789.6,0.047,793952.3248595432,36.25059127807617,0.6156265201549109,2.12,16076.880000000001,0.785,0.11,945.64,0.05,4.16,65288.40000000001,0.796,0.11,945.64,0.05
24,0,-16000,16000.0,583296.3542235913,39.911415100097656,0.5682116994433201,2.86,15399.0,0.713,0.08,780.2000000000002,0.047,2.98,51168.0,0.743,0.08,780.2000000000002,0.047,800876.4575872642,35.67115783691406,0.6139116529950926,2.02,16068.24,0.785,0.11,936.2400000000001,0.05,4.54,63550.0,0.791,0.11,936.2400000000001,0.05
24,0,-15500,15500.0,571261.6196655596,40.14440155029297,0.5636787232114373,2.07,11167.56,0.725,0.1,712.52,0.046,2.9,47920.8,0.73,0.1,712.52,0.046,812656.4104989317,34.71577453613281,0.6141127907153147,1.88,14401.650000000001,0.779,0.13,881.7200000000001,0.049,4.8,62475.8,0.788,0.13,881.7200000000001,0.049
24,0,-15000,15000.0,571456.7912628722,40.04721450805664,0.5668309390847547,2.06,10996.71,0.721,0.11,695.6,0.046,3.4,45813.4,0.721,0.11,695.6,0.046,827183.9316752128,36.52605056762695,0.6126430614721216,2.72,25156.56,0.805,0.14,868.56,0.049,4.43,62508.6,0.788,0.14,868.56,0.049
24,0,-14500,14500.0,573401.7520346628,40.16484451293945,0.5705673957415963,1.93,10703.25,0.715,0.13,644.84,0.045,4.13,44173.4,0.713,0.13,644.84,0.045,842115.6306146076,38.57950973510742,0.6110681569734644,3.01,26140.4,0.81,0.12,870.44,0.049,4.11,62664.4,0.79,0.12,870.44,0.049
24,0,-14000,14000.0,574084.3759388546,42.332027435302734,0.5703473331351254,3.72,21538.32,0.709,0.14,631.68,0.044,4.26,43935.6,0.712,0.14,631.68,0.044,858441.903678485,40.56649398803711,0.6125904426604158,3.03,26229.06,0.81,0.13,874.2000000000002,0.049,3.68,64804.6,0.795,0.13,874.2000000000002,0.049
24,0,-13500,13500.0,579464.6133128204,41.428260803222656,0.574044449129428,1.41,10805.76,0.719,0.11,624.16,0.044,4.18,44230.8,0.714,0.11,624.16,0.044,865597.6889698621,41.85226821899414,0.6102239862930836,3.33,24996.4,0.803,0.1,928.7200000000001,0.05,4.09,67051.4,0.801,0.1,928.7200000000001,0.05
24,0,-13000,13000.0,589032.5305312129,38.50766372680664,0.5796867662497259,1.37,10841.94,0.72,0.1,622.28,0.044,3.72,44829.4,0.719,0.1,622.28,0.044,875089.3241361759,42.83820343017578,0.6146053030552798,3.35,24836.24,0.802,0.09,947.52,0.05,4.4,69388.4,0.806,0.09,947.52,0.05
24,0,-12500,12500.0,598242.5410042102,35.25560760498047,0.583760888985689,1.81,15857.2,0.722,0.09,633.56,0.044,3.22,45534.6,0.724,0.09,633.56,0.044,883054.586801793,42.427207946777344,0.6190878527195117,2.93,22456.14,0.809,0.12,1002.04,0.051,5.59,71651.6,0.812,0.12,1002.04,0.051
24,0,-12000,12000.0,606750.2141546924,33.50385665893555,0.58464207121157,2.39,22076.88,0.718,0.09,639.2,0.045,3.09,46018.4,0.728,0.09,639.2,0.045,892385.8846974778,41.498233795166016,0.6276932470648653,2.54,19468.08,0.817,0.13,1018.96,0.051,6.34,73488.4,0.815,0.13,1018.96,0.051
24,0,-11500,11500.0,618197.1760309098,32.00655746459961,0.58716268883371,1.8,18449.86,0.749,0.08,648.6,0.045,2.9,46444.8,0.731,0.08,648.6,0.045,895847.7894230367,41.12621307373047,0.6332320404281689,2.81,19178.64,0.815,0.13,1065.96,0.052,6.79,75046.4,0.818,0.13,1065.96,0.052
24,0,-11000,11000.0,631704.2180459561,28.72722053527832,0.5919880083670386,1.85,18627.18,0.751,0.09,652.36,0.045,2.45,46641.6,0.732,0.09,652.36,0.045,893714.0812623883,39.197757720947266,0.6364003504284894,3.91,27615.33,0.826,0.15,1079.12,0.052,6.62,73972.2,0.815,0.15,1079.12,0.052
24,0,-10500,10500.0,643685.0584631204,29.0301456451416,0.5961998548963939,1.78,18664.36,0.752,0.08,654.24,0.045,2.41,46854.8,0.734,0.08,654.24,0.045,892627.2617285867,37.529571533203125,0.6407061819247034,3.37,27374.31,0.824,0.16,1056.56,0.051,7.2,72389.6,0.812,0.16,1056.56,0.051
24,0,-10000,10000.0,652547.8882786746,30.016677856445312,0.6016619005283247,1.62,16159.48,0.75,0.07,654.24,0.045,2.7,47715.8,0.737,0.07,654.24,0.045,885686.376905469,33.905548095703125,0.6382858660272026,2.77,27176.55,0.825,0.16,1050.92,0.051,6.17,71438.4,0.811,0.16,1050.92,0.051
24,0,-9500,9500.0,656066.5556598662,30.74242401123047,0.6050171884108696,1.5,13787.28,0.756,0.06,673.04,0.046,3.03,48896.6,0.743,0.06,673.04,0.046,883470.6805546782,34.24396514892578,0.636200669461078,2.95,25442.56,0.807,0.14,1024.6,0.051,5.0,70831.6,0.81,0.14,1024.6,0.051
24,0,-9000,9000.0,651951.4390513457,30.43482208251953,0.6060219917811555,1.54,13830.48,0.756,0.06,678.68,0.046,3.45,51028.6,0.751,0.06,678.68,0.046,878451.978385156,34.60707092285156,0.6297316002740032,3.05,25831.519999999997,0.809,0.13,1018.96,0.051,4.91,69905.0,0.809,0.13,1018.96,0.051
24,0,-8500,8500.0,641910.7042172302,29.51439666748047,0.6035249712868361,1.73,14148.0,0.761,0.08,727.56,0.047,3.87,53103.200000000004,0.759,0.08,727.56,0.047,881341.2910866973,36.65257263183594,0.6272256293116485,3.74,28168.14,0.823,0.11,994.52,0.051,5.42,69085.0,0.807,0.11,994.52,0.051
24,0,-8000,8000.0,627147.4844871673,26.572256088256836,0.5974652146773954,1.58,13798.08,0.756,0.09,740.72,0.047,3.88,53775.6,0.761,0.09,740.72,0.047,888041.2376902706,39.14955139160156,0.6288507040139717,3.96,28402.66,0.824,0.12,987.0,0.05,4.65,67994.4,0.804,0.12,987.0,0.05
24,0,-7500,7500.0,612778.2631826972,23.18796157836914,0.5907928193049828,1.75,19822.35,0.768,0.11,759.52,0.047,3.75,53964.2,0.762,0.11,759.52,0.047,891273.5775437541,40.862850189208984,0.6304918925907551,4.77,26489.32,0.813,0.1,964.44,0.05,4.75,67215.4,0.802,0.1,964.44,0.05
24,0,-7000,7000.0,600342.1742709915,24.77425765991211,0.5850100229523503,1.11,12551.76,0.737,0.11,765.16,0.047,3.09,51660.0,0.754,0.11,765.16,0.047,891584.7215653775,45.88972854614258,0.6320182073064557,4.8,26106.08,0.811,0.11,956.92,0.05,5.86,70036.2,0.809,0.11,956.92,0.05
24,0,-6500,6500.0,590945.5291871411,26.14308738708496,0.5811969918741945,1.66,26052.47,0.591,0.09,716.28,0.046,2.45,48962.2,0.744,0.09,716.28,0.046,885223.4828118497,49.32674789428711,0.6316849423957763,3.8,21877.02,0.806,0.14,1018.96,0.051,6.95,73488.4,0.817,0.14,1018.96,0.051
24,0,-6000,6000.0,586065.4317413056,26.73973846435547,0.5797615853856892,1.81,25769.46,0.585,0.08,701.24,0.046,2.11,46010.2,0.732,0.08,701.24,0.046,878529.7327004184,52.17145919799805,0.633215061073102,4.18,24260.46,0.805,0.14,1039.64,0.051,6.82,76809.4,0.824,0.14,1039.64,0.051
24,0,-5500,5500.0,585384.6077725408,26.748558044433594,0.5819339977762599,1.93,25023.059999999998,0.579,0.06,629.8,0.045,1.98,43369.8,0.721,0.06,629.8,0.045,872513.0158534041,52.15544891357422,0.6346442345617411,3.57,19195.92,0.816,0.14,1101.68,0.052,8.78,80040.2,0.831,0.14,1101.68,0.052
24,0,-5000,5000.0,585681.1251147753,28.83340835571289,0.5804052249472561,2.0,24640.53,0.576,0.06,612.88,0.044,2.12,43525.6,0.722,0.06,612.88,0.044,860092.7203519896,47.489376068115234,0.6330601361214848,5.35,28953.3,0.834,0.16,1122.36,0.052,9.92,77547.4,0.825,0.16,1122.36,0.052
24,0,-4500,4500.0,585362.5632484363,29.886207580566406,0.5774525831834432,2.09,24684.07,0.576,0.07,614.76,0.044,2.2,44329.2,0.726,0.07,614.76,0.044,851288.13657172,42.36725997924805,0.6325284610370627,4.26,26827.379999999997,0.821,0.19,1060.32,0.051,10.77,74472.4,0.819,0.19,1060.32,0.051
24,0,-4000,4000.0,588176.2753686816,30.356435775756836,0.5757932315575746,2.94,20217.24,0.719,0.07,614.76,0.044,2.21,45747.8,0.732,0.07,614.76,0.044,841927.8056631892,32.28462600708008,0.629207804417354,3.3,39126.91,0.66,0.2,1041.52,0.051,8.54,69404.8,0.806,0.2,1041.52,0.051
24,0,-3500,3500.0,591235.6976425783,29.773832321166992,0.5738179940192318,3.33,20850.92,0.726,0.08,650.48,0.045,2.62,46920.4,0.736,0.08,650.48,0.045,837377.7832156597,33.003440856933594,0.6291752058189716,3.54,36834.84,0.648,0.15,941.88,0.05,6.02,64353.6,0.793,0.15,941.88,0.05
24,0,-3000,3000.0,597862.0655487445,30.31295394897461,0.575722250943329,3.04,17049.1,0.735,0.08,661.76,0.045,2.15,46067.6,0.731,0.08,661.76,0.045,837860.5261096181,33.833553314208984,0.6299764109629131,3.8,21999.4,0.784,0.14,913.6800000000001,0.05,3.58,64525.8,0.793,0.14,913.6800000000001,0.05
24,0,-2500,2500.0,606220.0512247989,34.56892395019531,0.578527712432525,3.09,17144.8,0.736,0.06,637.32,0.045,2.35,45231.2,0.727,0.06,637.32,0.045,836623.2440147593,37.45682144165039,0.6301769428426973,3.86,21837.0,0.783,0.13,938.12,0.05,4.18,65066.99999999999,0.795,0.13,938.12,0.05
24,0,-2000,2000.0,618283.3294089655,38.27414321899414,0.5824714445148331,1.66,10271.22,0.737,0.06,631.68,0.044,2.66,45223.0,0.725,0.06,631.68,0.044,837546.3363677277,40.602272033691406,0.6336308376385786,2.28,13474.56,0.789,0.14,943.7599999999999,0.05,3.66,66903.8,0.8,0.14,943.7599999999999,0.05
24,0,-1500,1500.0,630735.2358695868,38.41904067993164,0.5858588437946728,2.09,11915.28,0.74,0.09,635.44,0.045,2.95,45428.0,0.727,0.09,635.44,0.045,837701.4561712858,40.73059844970703,0.6365434676201567,2.72,15497.099999999999,0.79,0.11,983.2400000000001,0.05,5.0,68863.6,0.806,0.11,983.2400000000001,0.05
24,0,-1000,1000.0,642190.7293451753,35.5250244140625,0.5889962552468335,1.99,12049.95,0.742,0.1,637.32,0.045,3.19,46731.8,0.732,0.1,637.32,0.045,837502.1276907399,35.83688735961914,0.63560445336511,5.2,31158.96,0.784,0.13,994.52,0.051,6.06,68174.8,0.804,0.13,994.52,0.051
24,0,-500,500.0,652623.3546073174,34.95295333862305,0.5918167324590965,1.77,12349.44,0.747,0.12,673.04,0.045,3.37,47945.4,0.738,0.12,673.04,0.045,842102.3198717171,28.702335357666016,0.6352249525636466,9.06,70269.56,0.775,0.16,956.92,0.05,6.87,67773.0,0.804,0.16,956.92,0.05
24,0,0,0.0,656914.377784711,35.48783493041992,0.5956775257362713,3.24,24908.4,0.742,0.12,682.44,0.046,3.09,48847.4,0.742,0.12,682.44,0.046,848795.2581257806,28.37516212463379,0.6275582022261196,2.71,37609.23,0.657,0.17,947.52,0.05,5.02,66895.6,0.801,0.17,947.52,0.05
24,0,500,500.0,658672.9698114574,35.15203857421875,0.6000215558853166,1.51,13750.56,0.755,0.11,701.24,0.046,3.43,49724.8,0.746,0.11,701.24,0.046,858796.9996948388,29.813077926635742,0.6188027155382023,3.38,28462.72,0.822,0.09,919.3199999999999,0.049,3.32,66239.6,0.8,0.09,919.3199999999999,0.049
24,0,1000,1000.0,653433.095287261,35.22331619262695,0.6056656986712816,2.09,20310.57,0.773,0.11,705.0,0.046,3.7,51012.2,0.751,0.11,705.0,0.046,876343.274662697,32.97563171386719,0.6157904117548278,3.6,29046.16,0.825,0.08,913.6800000000001,0.049,2.84,65632.8,0.798,0.08,913.6800000000001,0.049
24,0,1500,1500.0,641527.4780478284,34.472476959228516,0.6087883954251406,1.38,14415.839999999998,0.765,0.09,731.32,0.047,4.21,52529.2,0.757,0.09,731.32,0.047,891876.7152267925,36.52570343017578,0.6124556033230468,4.03,29924.18,0.829,0.08,900.52,0.049,2.65,65206.4,0.796,0.08,900.52,0.049
24,0,2000,2000.0,615868.8370365183,31.135282516479492,0.6029440622488438,1.36,14182.56,0.762,0.09,738.84,0.047,3.93,53882.19999999999,0.762,0.09,738.84,0.047,906269.8343351035,42.41116714477539,0.6151663233821039,4.14,28069.1,0.82,0.07,894.88,0.049,3.19,66526.59999999999,0.798,0.07,894.88,0.049
24,0,2500,2500.0,585908.7867143644,31.56901741027832,0.5934865673485733,1.82,20687.55,0.78,0.07,767.04,0.047,3.56,55095.8,0.768,0.07,767.04,0.047,915168.4248402115,45.723243713378906,0.6183119760967862,4.19,26978.38,0.813,0.08,926.84,0.049,3.91,68543.8,0.803,0.08,926.84,0.049
24,0,3000,3000.0,553537.5176357578,31.14450454711914,0.5810496415651213,1.75,20010.84,0.777,0.08,776.44,0.047,3.39,53669.0,0.765,0.08,776.44,0.047,915452.6373742193,52.391448974609375,0.6256658471826506,4.33,26406.38,0.81,0.08,940.0,0.05,5.59,75267.8,0.817,0.08,940.0,0.05
24,0,3500,3500.0,525636.3647019665,30.30320167541504,0.5710431065426584,1.01,10301.25,0.718,0.08,738.84,0.047,3.14,51873.2,0.762,0.08,738.84,0.047,895479.2407020734,55.60971450805664,0.6259353736219124,2.96,19969.35,0.826,0.11,1107.32,0.051,7.52,81827.8,0.83,0.11,1107.32,0.051
24,0,4000,4000.0,500150.8150411915,27.02547264099121,0.5591782751656755,0.98,9857.04,0.708,0.09,729.44,0.047,2.98,47445.2,0.746,0.09,729.44,0.047,858181.1728850685,54.795860290527344,0.6273398376231774,4.42,33072.27,0.848,0.13,1158.08,0.052,8.52,84156.6,0.833,0.13,1158.08,0.052
24,0,4500,4500.0,482880.7240324255,22.88953971862793,0.5540345940150452,0.88,8854.05,0.687,0.07,620.4,0.044,2.85,43115.6,0.73,0.07,620.4,0.044,814728.7061269048,51.20735168457031,0.6277174348132002,3.65,19725.12,0.817,1.53,21305.13,0.152,9.14,85370.2,0.834,0.17,1210.72,0.053
24,0,5000,5000.0,472037.11062280124,20.400787353515625,0.5489584686504914,1.56,12458.4,0.677,0.07,588.44,0.044,2.64,40081.6,0.715,0.07,588.44,0.044,762515.7940251799,44.77969741821289,0.6199150561162442,5.27,29342.639999999996,0.831,0.18,1227.64,0.053,7.64,80688.0,0.826,0.18,1227.64,0.053
24,0,5500,5500.0,465939.7918902713,22.53960609436035,0.5477233768897048,1.59,12449.7,0.677,0.06,517.0,0.042,2.45,37646.2,0.703,0.06,517.0,0.042,719140.1589617772,41.367183685302734,0.6140474264872477,2.06,10385.200000000003,0.779,0.19,1109.2,0.052,9.52,75776.2,0.816,0.19,1109.2,0.052
24,0,6000,6000.0,464264.4746796513,24.961849212646484,0.5462789066816848,0.9,7569.0,0.681,0.06,498.2,0.041,2.18,37416.6,0.7,0.06,498.2,0.041,683448.8173657455,29.517932891845703,0.5999753096820633,5.42,29690.16,0.771,1.68,23111.55,0.157,8.72,68527.4,0.8,0.22,1081.0,0.052
24,0,6500,6500.0,463982.3712236212,27.65156364440918,0.545139874781409,1.11,8745.51,0.683,0.05,496.32,0.041,2.06,37531.4,0.701,0.05,496.32,0.041,663577.927901035,28.078319549560547,0.5944785367982135,8.94,65643.14,0.757,1.95,24528.35,0.16,7.16,61090.0,0.781,0.22,928.7200000000001,0.05
24,0,7000,7000.0,466466.2725209637,29.439207077026367,0.5453694182862557,1.05,8679.18,0.681,0.06,498.2,0.041,2.2,37457.6,0.701,0.06,498.2,0.041,656350.1550402988,27.64179039001465,0.5912656370683672,1.82,18961.8,0.757,1.74,24829.42,0.161,4.04,53923.200000000004,0.758,0.22,879.84,0.049
24,0,7500,7500.0,471442.4083443206,30.08791732788086,0.5474165852590934,2.01,15368.52,0.671,0.07,498.2,0.041,2.57,37342.8,0.7,0.07,498.2,0.041,660679.1003475841,27.72949981689453,0.5967239008639882,1.62,16609.06,0.759,0.07,718.16,0.046,2.2,47560.0,0.736,0.07,718.16,0.046
24,0,8000,8000.0,478631.8241541834,29.499637603759766,0.5499725335268745,1.72,12791.9,0.683,0.07,498.2,0.041,2.59,36891.8,0.698,0.07,498.2,0.041,672615.6199572358,28.789308547973633,0.6038763997153398,1.76,18414.6,0.757,0.06,674.92,0.045,2.55,46863.0,0.734,0.06,674.92,0.045
24,0,8500,8500.0,488108.860612593,28.655954360961914,0.5540589083851968,1.77,12820.9,0.684,0.07,488.8,0.041,2.57,36440.8,0.696,0.07,488.8,0.041,684555.8370959321,28.426998138427734,0.6104613778397504,1.66,14376.96,0.768,0.08,661.76,0.045,2.95,47584.6,0.74,0.08,661.76,0.045
24,0,9000,9000.0,501458.21812612703,29.47763442993164,0.5596631505534864,1.0,7849.14,0.69,0.07,486.92,0.041,2.61,36965.6,0.7,0.07,486.92,0.041,695891.6261774907,27.391746520996094,0.6144814352767007,2.17,21243.75,0.787,0.08,659.88,0.045,3.12,51094.2,0.753,0.08,659.88,0.045
24,0,9500,9500.0,516303.6083003768,30.140724182128906,0.5657287374917371,1.21,9051.03,0.691,0.07,496.32,0.041,2.69,37728.2,0.705,0.07,496.32,0.041,702648.4412746936,26.72348976135254,0.6147422198464786,1.17,13846.89,0.772,0.09,748.24,0.047,3.71,54530.0,0.766,0.09,748.24,0.047
24,0,10000,10000.0,532297.0278559063,29.01963233947754,0.5723644245764075,1.16,9163.59,0.693,0.07,500.08,0.041,2.83,38827.0,0.711,0.07,500.08,0.041,706492.8528779615,27.087764739990234,0.6119055303533671,1.63,17771.2,0.746,0.1,776.44,0.048,3.09,55489.4,0.768,0.1,776.44,0.048
24,0,10500,10500.0,547425.1479977889,25.763216018676758,0.5783182650058835,1.06,9481.17,0.701,0.06,520.76,0.042,2.97,40040.6,0.718,0.06,520.76,0.042,704051.6724466252,28.563125610351562,0.6028012269340962,2.04,30997.37,0.622,0.08,800.88,0.048,2.82,55760.0,0.769,0.08,800.88,0.048
24,0,11000,11000.0,558895.3441603781,21.780128479003906,0.5845026301887529,2.02,19045.44,0.696,0.07,526.4,0.042,2.83,41303.4,0.725,0.07,526.4,0.042,704729.3051050702,29.274932861328125,0.5901181501728217,3.02,34595.64,0.644,0.08,810.2799999999999,0.048,2.43,54636.59999999999,0.764,0.08,810.2799999999999,0.048
24,0,11500,11500.0,564458.7750192406,23.86251449584961,0.5872627456295558,1.19,14041.12,0.733,0.07,554.6,0.043,2.66,42558.0,0.731,0.07,554.6,0.043,710341.66468159,29.117198944091797,0.5785011866913737,3.65,37761.62,0.66,0.06,780.2000000000002,0.048,2.48,53701.799999999996,0.76,0.06,780.2000000000002,0.048
24,0,12000,12000.0,565157.2033649565,25.641719818115234,0.5885082598834679,1.47,23660.88,0.572,0.07,562.12,0.043,2.18,44099.6,0.738,0.07,562.12,0.043,722042.5429141474,32.08031463623047,0.5653788273402135,4.48,42992.64,0.685,0.07,772.6800000000001,0.047,2.9,53529.6,0.76,0.07,772.6800000000001,0.047
24,0,12500,12500.0,563469.3365038104,26.668245315551758,0.5881852189554496,1.17,12171.6,0.741,0.05,595.96,0.044,2.21,45583.8,0.745,0.05,595.96,0.044,739340.8560451546,36.042945861816406,0.5544067220581879,5.04,47147.6,0.701,0.08,761.4,0.047,3.28,53808.40000000001,0.76,0.08,761.4,0.047
24,0,13000,13000.0,560795.0872923131,26.674898147583008,0.5855845788608112,1.11,11946.96,0.737,0.05,607.24,0.044,2.61,46543.2,0.749,0.05,607.24,0.044,769356.3617419231,43.09161376953125,0.5535124496659317,5.98,50839.17,0.714,0.09,759.52,0.047,3.33,55071.2,0.765,0.09,759.52,0.047
24,0,13500,13500.0,559037.6503846673,28.444679260253906,0.5824427612478364,1.62,22706.11,0.566,0.07,633.56,0.045,2.97,47150.0,0.752,0.07,633.56,0.045,798717.3244425812,46.42091369628906,0.553865536022112,6.63,52456.369999999995,0.721,0.08,783.96,0.047,4.48,56555.4,0.771,0.08,783.96,0.047
24,0,14000,14000.0,559999.2937585928,30.027570724487305,0.581699921986587,1.61,23701.309999999998,0.575,0.08,641.08,0.045,2.85,45821.6,0.747,0.08,641.08,0.045,837387.505906801,52.41629409790039,0.564698272323637,6.9,52400.39,0.721,0.09,793.36,0.047,5.92,60966.99999999999,0.785,0.09,793.36,0.047
24,0,14500,14500.0,562356.0912411427,29.936695098876953,0.5821252762366591,1.64,24565.89,0.582,0.07,614.76,0.044,2.61,44017.6,0.74,0.07,614.76,0.044,864226.9229273241,55.43684387207031,0.5699491938686136,6.71,51315.0,0.718,0.12,900.52,0.049,7.34,65698.40000000001,0.801,0.12,900.52,0.049
24,0,15000,15000.0,567399.9021897303,29.556970596313477,0.5859812716546926,1.54,24991.96,0.584,0.07,605.36,0.044,2.18,42123.4,0.732,0.07,605.36,0.044,888462.1249302157,58.33541488647461,0.5793584072786166,6.1,50817.4,0.717,0.13,932.48,0.049,8.39,73209.6,0.823,0.13,932.48,0.049
24,0,15500,15500.0,574115.0225723847,28.636869430541992,0.5926960211105249,1.69,24811.58,0.583,0.06,558.36,0.043,2.08,40737.6,0.727,0.06,558.36,0.043,897406.6309549828,59.57380294799805,0.5805785786024373,5.41,51069.31,0.717,0.14,1107.32,0.052,9.32,80491.2,0.842,0.14,1107.32,0.052
24,0,16000,16000.0,577397.3782449961,25.849206924438477,0.5964928978818693,1.78,24388.62,0.58,0.06,543.32,0.042,2.41,42615.4,0.736,0.06,543.32,0.042,897701.9313120593,61.69925308227539,0.5846608199190546,4.62,50248.27,0.715,0.15,1161.84,0.053,9.01,82565.8,0.848,0.15,1161.84,0.053
24,0,16500,16500.0,575414.822992395,25.903305053710938,0.5962670271203862,1.22,12400.56,0.749,0.06,590.32,0.044,2.79,44911.4,0.748,0.06,590.32,0.044,897399.872584813,62.01070785522461,0.5902774979605978,3.03,20975.76,0.845,0.18,1199.44,0.053,9.74,83771.2,0.853,0.18,1199.44,0.053
24,0,17000,17000.0,568231.3730878304,28.19387435913086,0.5951788119072621,1.86,18038.52,0.719,0.07,605.36,0.044,2.92,46576.0,0.756,0.07,605.36,0.044,896064.1316766045,61.74224853515625,0.5964202733112454,4.22,30408.69,0.858,0.18,1210.72,0.054,9.61,81811.4,0.85,0.18,1210.72,0.054
24,0,17500,17500.0,557942.0207205192,29.452680587768555,0.5917925656614063,1.92,17554.36,0.715,0.07,642.96,0.045,2.94,47871.6,0.763,0.07,642.96,0.045,895981.5204779361,60.77269744873047,0.6023042715740929,2.6,19899.0,0.846,0.18,1163.72,0.053,9.43,80081.2,0.849,0.18,1163.72,0.053
24,0,18000,18000.0,544760.7125611686,30.655935287475586,0.5876357501593462,1.72,14418.8,0.723,0.07,654.24,0.045,2.58,46543.2,0.759,0.07,654.24,0.045,892390.3758350513,56.72991943359375,0.5988236694239387,2.51,19585.44,0.843,0.17,1148.68,0.053,8.59,80417.4,0.848,0.17,1148.68,0.053
24,0,18500,18500.0,533920.5097021171,31.296329498291016,0.5855343831679675,1.74,14349.2,0.722,0.05,620.4,0.045,2.8,44960.6,0.754,0.05,620.4,0.045,886925.835702751,53.91933822631836,0.5917609563120776,3.69,45346.91,0.7,0.16,1165.6,0.053,7.82,80835.6,0.849,0.16,1165.6,0.053
24,0,19000,19000.0,524737.1787954527,31.558441162109375,0.5832324029695627,1.85,13708.3,0.714,0.06,611.0,0.044,3.05,43894.6,0.751,0.06,611.0,0.044,873573.7095465404,49.23712158203125,0.5751690211556363,4.55,48954.51,0.713,0.16,1171.24,0.053,6.66,78802.0,0.844,0.16,1171.24,0.053
24,0,19500,19500.0,516676.19683143136,31.411008834838867,0.5815377212054343,1.86,13664.8,0.714,0.06,590.32,0.044,3.27,42828.6,0.748,0.06,590.32,0.044,867516.4529924572,46.298095703125,0.5615062646102854,4.87,52285.32,0.722,0.15,1116.72,0.053,5.86,76711.0,0.84,0.15,1116.72,0.053
24,0,20000,20000.0,508521.4691285585,30.698257446289062,0.5785577839822797,1.14,8244.12,0.716,0.07,584.68,0.044,3.26,41795.4,0.744,0.07,584.68,0.044,870967.9964748037,44.291717529296875,0.5511557861550977,4.78,55473.07,0.727,0.15,1103.56,0.053,5.32,75415.4,0.836,0.15,1103.56,0.053
25,0,-20000,20000.0,550482.1800873247,23.160524368286133,0.6301713399934107,2.12,21395.6,0.806,0.08,652.36,0.05,2.62,43952.0,0.806,0.08,652.36,0.05,139095.52055430322,8.902530670166016,0.39376589552620234,0.51,2181.96,0.49,0.03,174.84,0.031,0.92,13644.8,0.564,0.03,174.84,0.031
25,0,-19500,19500.0,561500.547988827,21.52762222290039,0.6339257295688497,2.48,22260.68,0.812,0.07,582.8,0.049,2.53,41311.6,0.796,0.07,582.8,0.049,136058.13335289733,8.285255432128906,0.38951941882499547,0.7,2877.12,0.507,0.24,2497.11,0.06,1.11,12792.0,0.55,0.03,157.92,0.029
25,0,-19000,19000.0,580054.5838724149,25.42150115966797,0.6386887548152803,2.46,17698.7,0.815,0.07,564.0,0.048,2.26,40557.2,0.793,0.07,564.0,0.048,134400.12529051848,7.738525390625,0.38384829379698754,0.65,2967.84,0.514,0.25,2833.6,0.065,1.21,11947.4,0.531,0.03,154.16,0.029
25,0,-18500,18500.0,600456.7054777661,30.14019775390625,0.6435008791092852,2.51,17832.1,0.816,0.07,554.6,0.048,1.98,40106.2,0.792,0.07,554.6,0.048,134126.74139534478,7.280458450317383,0.38199733022486165,0.73,4999.62,0.574,0.03,131.6,0.026,1.25,11529.2,0.524,0.03,131.6,0.026
25,0,-18000,18000.0,624797.1044809794,34.420597076416016,0.650656688994883,1.4,10332.12,0.813,0.07,552.72,0.048,1.88,41237.8,0.797,0.07,552.72,0.048,135119.73721128842,7.924551963806152,0.37779556490739424,0.61,5388.96,0.595,0.03,127.84000000000002,0.026,1.04,12037.6,0.534,0.03,127.84000000000002,0.026
25,0,-17500,17500.0,646999.7959949425,36.78474426269531,0.6554328627130487,1.74,12074.07,0.816,0.08,592.2,0.049,2.6,42189.0,0.801,0.08,592.2,0.049,139339.45865968955,8.77269172668457,0.3796953651759648,0.44,5179.46,0.568,0.02,137.24,0.027,0.84,12841.2,0.552,0.02,137.24,0.027
25,0,-17000,17000.0,665459.3873883495,37.481502532958984,0.6603828143317496,1.67,12313.26,0.818,0.09,603.48,0.05,3.01,44329.2,0.809,0.09,603.48,0.05,147423.1493429699,9.863933563232422,0.38833219996740415,0.53,4080.3,0.503,0.02,139.12,0.027,0.71,12669.0,0.545,0.02,139.12,0.027
25,0,-16500,16500.0,680641.9199197163,37.455997467041016,0.6639681276520807,1.51,12970.53,0.825,0.11,658.0,0.051,3.32,46387.4,0.816,0.11,658.0,0.051,157929.85719835135,11.082942962646484,0.40218901526907297,0.94,6717.72,0.568,0.03,129.72,0.026,0.74,12775.6,0.546,0.03,129.72,0.026
25,0,-16000,16000.0,687620.5233269422,36.18442916870117,0.6659415739268713,2.05,19377.799999999996,0.826,0.11,674.92,0.051,3.23,48691.6,0.822,0.11,674.92,0.051,170712.97956606292,12.177497863769531,0.4188843476927278,1.16,7383.439999999999,0.592,0.03,127.84000000000002,0.026,0.84,12316.4,0.535,0.03,127.84000000000002,0.026
25,0,-15500,15500.0,691470.0993656965,35.25684356689453,0.6667318231574008,2.98,22424.44,0.815,0.1,725.68,0.052,3.22,50872.8,0.828,0.1,725.68,0.052,183415.49935518083,12.978262901306152,0.43488391465381065,1.34,7828.439999999999,0.608,0.02,122.2,0.025,0.94,11890.0,0.527,0.02,122.2,0.025
25,0,-15000,15000.0,690005.6028118341,33.716339111328125,0.6687084955799425,2.93,18873.2,0.823,0.09,740.72,0.052,3.22,52635.8,0.832,0.09,740.72,0.052,197504.42879907673,13.865690231323242,0.4501908264826604,1.2,6324.9,0.615,0.02,122.2,0.025,1.02,13366.0,0.556,0.02,122.2,0.025
25,0,-14500,14500.0,682293.2339957216,32.319515228271484,0.6667410964232114,2.99,18838.4,0.823,0.07,776.44,0.052,3.21,54333.200000000004,0.835,0.07,776.44,0.052,210961.82189913714,13.986976623535156,0.4614531866339491,1.23,6388.7,0.618,0.03,159.8,0.029,1.08,14924.0,0.584,0.03,159.8,0.029
25,0,-14000,14000.0,671668.9339481776,31.278762817382812,0.6661613317191104,1.81,13370.52,0.827,0.08,785.84,0.052,3.17,54341.4,0.834,0.08,785.84,0.052,227246.478152293,13.958074569702148,0.4751528879270674,0.58,3688.8,0.609,0.03,172.96,0.03,1.1,15760.399999999998,0.598,0.03,172.96,0.03
25,0,-13500,13500.0,658986.4968467038,31.28424835205078,0.6650618968069479,1.94,13079.069999999998,0.825,0.11,787.7200000000001,0.052,3.1,53956.0,0.832,0.11,787.7200000000001,0.052,244350.70330103522,13.960017204284668,0.487629375033586,0.77,4331.55,0.615,0.04,193.64,0.032,1.12,16277.000000000002,0.606,0.04,193.64,0.032
25,0,-13000,13000.0,643686.1929724779,29.825685501098633,0.6602317110690973,3.6,26458.799999999996,0.822,0.12,787.7200000000001,0.052,2.93,53176.99999999999,0.829,0.12,787.7200000000001,0.052,265630.32204452605,14.283889770507812,0.5041725409199941,0.72,4450.14,0.621,0.03,201.16,0.033,1.12,16531.2,0.608,0.03,201.16,0.033
25,0,-12500,12500.0,631216.0750228388,28.022991180419922,0.6568942911316321,1.36,12248.94,0.815,0.11,767.04,0.052,3.04,52447.2,0.827,0.11,767.04,0.052,288414.6107321494,14.742717742919922,0.520829454362837,1.37,11837.0,0.708,0.03,214.31999999999996,0.034,1.22,16646.0,0.608,0.03,214.31999999999996,0.034
25,0,-12000,12000.0,622173.1630240625,24.504899978637695,0.6536963088689051,1.29,11979.6,0.812,1.01,22137.5,0.173,3.22,50856.4,0.822,0.11,761.4,0.052,311911.3547966706,15.420687675476074,0.5386486027049645,1.43,9868.7,0.721,0.03,218.07999999999998,0.034,1.18,18138.4,0.627,0.03,218.07999999999998,0.034
25,0,-11500,11500.0,617024.8901925981,23.259689331054688,0.6523956528837836,1.07,11342.43,0.804,0.08,720.04,0.051,3.23,49405.0,0.818,0.08,720.04,0.051,334997.8068945476,19.442760467529297,0.5544053207701609,1.49,10019.5,0.724,0.03,255.68000000000004,0.037,1.16,19819.4,0.647,0.03,255.68000000000004,0.037
25,0,-11000,11000.0,616502.1147999738,21.43026351928711,0.6527662576178332,1.94,22970.4,0.801,0.09,708.76,0.051,2.46,47346.8,0.812,0.09,708.76,0.051,357420.636396142,21.429418563842773,0.5712151563266039,0.82,6027.36,0.725,0.03,265.08,0.038,1.2,21918.6,0.671,0.03,265.08,0.038
25,0,-10500,10500.0,618682.2776052752,19.835439682006836,0.6549823988139575,0.81,11384.64,0.803,0.08,661.76,0.05,2.08,45452.6,0.806,0.08,661.76,0.05,376391.79303451604,21.383750915527344,0.5832202547035503,1.05,6986.76,0.728,0.04,312.08,0.04,1.26,24149.0,0.693,0.04,312.08,0.04
25,0,-10000,10000.0,622753.7558408221,18.941680908203125,0.6563421075797818,1.3,28608.89,0.657,0.07,646.72,0.05,1.93,45370.6,0.806,0.07,646.72,0.05,392534.4868940072,20.957307815551758,0.5926941773893553,1.8,10399.4,0.736,0.05,327.12,0.041,1.93,26584.4,0.715,0.05,327.12,0.041
25,0,-9500,9500.0,626900.0113017275,18.647518157958984,0.6578420244651692,1.32,28257.46,0.654,0.06,648.6,0.05,1.89,45477.2,0.806,0.06,648.6,0.05,402646.94266518933,25.31363296508789,0.594626232576418,1.83,10353.0,0.735,0.07,383.52,0.044,2.53,28855.799999999996,0.733,0.07,383.52,0.044
25,0,-9000,9000.0,629636.5540049504,19.444650650024414,0.6586117658175772,1.35,27949.57,0.652,0.05,650.48,0.05,1.92,46608.8,0.81,0.05,650.48,0.05,410234.92458254227,27.937776565551758,0.5964525801307559,1.12,6413.64,0.742,0.08,400.44,0.044,2.51,30717.2,0.747,0.08,400.44,0.044
25,0,-8500,8500.0,631219.8896531132,20.384565353393555,0.6583188407618327,1.31,27818.95,0.651,0.05,674.92,0.05,1.93,47797.8,0.813,0.05,674.92,0.05,415507.04378428025,29.30437469482422,0.59552763088572,1.36,7376.700000000001,0.743,0.07,445.56,0.046,2.36,32242.4,0.757,0.07,445.56,0.046
25,0,-8000,8000.0,631043.6202944024,21.231788635253906,0.6586136399090903,1.3,27927.8,0.652,0.04,682.44,0.05,1.94,47879.8,0.813,0.04,682.44,0.05,418722.0861042921,28.87450408935547,0.5954180884863701,2.59,12449.7,0.773,0.07,456.84000000000003,0.046,2.48,32020.999999999996,0.757,0.07,456.84000000000003,0.046
25,0,-7500,7500.0,629057.0795129926,21.943124771118164,0.6583501794774568,1.31,28039.76,0.653,0.04,678.68,0.05,1.96,48060.2,0.813,0.04,678.68,0.05,421791.1128243336,29.784276962280273,0.5951485398846391,2.56,11591.1,0.767,0.09,445.56,0.046,3.03,31865.2,0.757,0.09,445.56,0.046
25,0,-7000,7000.0,625377.4379435345,22.46317481994629,0.6565228897786698,1.32,28098.85,0.653,0.04,678.68,0.05,1.92,48306.2,0.813,0.04,678.68,0.05,423627.79962449044,36.11254119873047,0.5943981983913581,3.6,12112.2,0.777,0.09,441.8,0.046,2.9,32299.8,0.76,0.09,441.8,0.046
25,0,-6500,6500.0,621586.6634686652,22.784086227416992,0.6548651975535249,1.33,28179.71,0.654,0.04,684.32,0.05,1.89,48486.6,0.814,0.04,684.32,0.05,420769.0531181062,39.532752990722656,0.5890718300783496,3.85,11488.42,0.783,0.08,458.72,0.047,2.68,32603.2,0.763,0.08,458.72,0.047
25,0,-6000,6000.0,618584.1792675317,22.821237564086914,0.6532020586822378,1.28,28356.980000000003,0.655,0.04,688.08,0.051,1.75,48798.2,0.815,0.04,688.08,0.051,418356.8380709101,44.84587860107422,0.5887047623440586,2.63,7903.08,0.787,0.09,464.36000000000007,0.047,3.21,33292.0,0.768,0.09,464.36000000000007,0.047
25,0,-5500,5500.0,617407.8304867842,22.68095588684082,0.6523135131586543,1.23,28646.21,0.657,0.04,693.72,0.051,1.67,49142.6,0.816,0.04,693.72,0.051,413139.1838948645,47.03841781616211,0.5862796037556315,2.31,6379.8,0.789,0.14,485.04,0.048,4.05,33808.6,0.771,0.14,485.04,0.048
25,0,-5000,5000.0,617420.4118280788,22.1739444732666,0.6525154630102873,1.14,28683.53,0.656,0.04,695.6,0.051,1.6,48019.2,0.812,0.04,695.6,0.051,405232.51728941815,48.38570022583008,0.5872075321375864,2.28,6290.2,0.786,0.15,492.56,0.048,5.38,34612.2,0.777,0.15,492.56,0.048
25,0,-4500,4500.0,619498.6469429161,21.475141525268555,0.6543073474869883,0.93,14899.64,0.807,0.04,669.28,0.05,1.66,46789.2,0.809,0.04,669.28,0.05,396510.5576653036,47.94746017456055,0.5881847389496849,3.37,8957.52,0.774,0.2,515.12,0.048,6.57,35178.0,0.781,0.2,515.12,0.048
25,0,-4000,4000.0,621361.8149841903,20.638240814208984,0.656051219505551,1.03,15046.96,0.808,0.04,661.76,0.05,1.68,46051.2,0.806,0.04,661.76,0.05,380145.3017211135,42.42230987548828,0.5862489118158298,3.03,8769.6,0.769,0.14,755.44,0.169,6.67,34218.6,0.776,0.22,520.76,0.049
25,0,-3500,3500.0,622823.8711301645,19.898815155029297,0.6581478194314532,0.99,12605.76,0.81,0.04,652.36,0.05,1.69,45288.6,0.804,0.04,652.36,0.05,365904.28523392486,38.251060485839844,0.5883666594395723,3.08,12190.05,0.776,0.14,755.44,0.169,6.7,33300.2,0.771,0.21,490.68,0.048
25,0,-3000,3000.0,620905.4528365494,19.24635124206543,0.6588497644188683,1.04,12700.8,0.811,0.04,650.48,0.05,1.65,46354.6,0.808,0.04,650.48,0.05,345679.6710671965,33.04522705078125,0.5839845772594303,1.72,8100.0,0.749,0.89,6729.8,0.115,5.14,31906.199999999997,0.762,0.21,483.15999999999997,0.048
25,0,-2500,2500.0,615418.2389902377,18.671232223510742,0.6572095756817802,1.18,12910.32,0.814,0.07,680.56,0.051,1.73,47535.4,0.813,0.07,680.56,0.051,322089.6962354282,29.143877029418945,0.5772179265968747,2.08,11649.3,0.764,0.5,5313.0,0.101,4.62,30790.999999999996,0.754,0.15,445.56,0.046
25,0,-2000,2000.0,605131.8349796005,18.140363693237305,0.6537026871095796,1.44,18641.97,0.826,0.75,19339.32,0.166,2.01,48248.8,0.815,0.09,691.84,0.051,293082.99295875797,25.140872955322266,0.5585708489495981,1.35,6884.25,0.731,0.48,4958.8,0.097,4.07,30512.2,0.75,0.13,434.28,0.046
25,0,-1500,1500.0,592487.9065608016,17.531217575073242,0.6490001413656212,1.07,18444.21,0.822,0.78,19038.25,0.165,2.21,48937.6,0.817,0.09,705.0,0.051,261147.59194814935,20.398221969604492,0.5323972196366961,1.32,5597.85,0.688,0.46,4887.96,0.097,3.45,30258.0,0.749,0.11,432.3999999999999,0.046
25,0,-1000,1000.0,577242.8709437976,16.613862991333008,0.6426338005411251,0.94,23978.1,0.618,0.78,18949.7,0.165,1.71,48265.2,0.812,0.1,708.76,0.051,229688.7615218402,15.603690147399902,0.49652861032015616,1.21,4996.86,0.662,0.43,5596.36,0.104,3.08,28519.6,0.737,0.1,430.52,0.046
25,0,-500,500.0,563468.1013112013,15.535614013671875,0.6375828380186219,0.95,23828.82,0.617,0.04,680.56,0.05,1.63,47715.8,0.809,0.04,680.56,0.05,207835.75283020036,11.704145431518555,0.47157694059177224,3.58,24460.57,0.659,0.74,6499.57,0.113,2.71,27076.400000000005,0.726,0.1,374.12,0.044
25,0,0,0.0,552230.190718201,14.581764221191406,0.6322483407126968,0.95,23673.32,0.616,0.04,676.8,0.05,1.62,46166.0,0.803,0.04,676.8,0.05,195997.30003847834,8.710811614990234,0.45160459741014086,0.51,1322.4,0.22,0.1,359.08,0.043,2.2,22771.4,0.689,0.1,359.08,0.043
25,0,500,500.0,544853.2526311569,14.808329582214355,0.6297089745083426,0.95,23586.24,0.615,0.04,635.44,0.049,1.61,44690.0,0.798,0.04,635.44,0.049,196687.84733373765,11.321718215942383,0.45280102095420677,1.17,6998.42,0.65,0.12,728.7699999999999,0.066,1.61,18794.4,0.647,0.07,248.16,0.037
25,0,1000,1000.0,542761.7648551273,15.065613746643066,0.6277735761829804,0.95,24394.84,0.624,0.04,626.04,0.049,1.44,43082.8,0.791,0.04,626.04,0.049,209131.69489306974,14.598538398742676,0.4653652058541206,1.51,6443.8,0.631,0.06,218.07999999999998,0.035,1.01,16129.400000000001,0.612,0.06,218.07999999999998,0.035
25,0,1500,1500.0,543107.9094866472,15.346878051757812,0.6273486101674202,1.06,25215.88,0.63,0.04,592.2,0.048,1.26,41459.2,0.785,0.04,592.2,0.048,225689.57920503165,16.96715545654297,0.48420410544393155,1.53,6131.56,0.65,0.02,167.32,0.031,0.8,13628.4,0.573,0.02,167.32,0.031
25,0,2000,2000.0,548683.5523817949,15.724830627441406,0.6281131166073353,1.13,26291.940000000002,0.639,0.04,582.8,0.048,1.08,40729.4,0.782,0.04,582.8,0.048,246114.11904557302,18.263097763061523,0.5058115512564636,1.92,7592.2,0.668,0.02,154.16,0.029,0.99,14448.4,0.588,0.02,154.16,0.029
25,0,2500,2500.0,556697.0086675643,17.554649353027344,0.6301358319702397,1.15,27081.88,0.644,0.03,571.52,0.048,1.1,40040.6,0.78,0.03,571.52,0.048,262035.6747234153,19.54707908630371,0.5188512879044445,1.53,5391.36,0.665,0.02,182.36,0.032,1.2,15563.6,0.608,0.02,182.36,0.032
25,0,3000,3000.0,568540.914860577,19.26732635498047,0.6339631618798636,1.04,14769.0,0.788,0.03,569.64,0.048,1.13,40253.8,0.781,0.03,569.64,0.048,275124.42793664814,20.1925106048584,0.5275442247261867,1.51,5533.92,0.67,0.03,191.76,0.033,1.9,18286.0,0.647,0.03,191.76,0.033
25,0,3500,3500.0,581504.9797286205,20.851839065551758,0.6380561226909097,1.09,13942.06,0.791,0.04,575.28,0.048,1.16,40540.8,0.783,0.04,575.28,0.048,285900.5364366516,18.79841423034668,0.5311128329984134,1.47,5382.78,0.677,0.1,257.56,0.038,2.64,21008.4,0.679,0.1,257.56,0.038
25,0,4000,4000.0,596149.1948664027,22.01603889465332,0.6426794289248842,1.17,15248.3,0.79,0.04,579.04,0.048,1.2,41213.2,0.786,0.04,579.04,0.048,297558.7988961255,15.320996284484863,0.5359200026876225,1.32,5418.96,0.676,0.11,274.48,0.039,2.61,22295.8,0.692,0.11,274.48,0.039
25,0,4500,4500.0,610002.1786142241,21.946931838989258,0.6461407841892205,1.03,11765.52,0.794,0.04,595.96,0.049,1.47,41910.2,0.789,0.04,595.96,0.049,311515.89055448095,15.325469017028809,0.5419993038676848,1.02,5762.88,0.675,0.11,300.8,0.04,2.39,23337.2,0.702,0.11,300.8,0.04
25,0,5000,5000.0,624739.174358588,20.887157440185547,0.6496541980914203,1.43,30537.09,0.665,0.04,601.6,0.049,1.88,43189.4,0.794,0.04,601.6,0.049,330283.5100674635,19.824512481689453,0.5523190993776047,1.59,8661.27,0.706,0.11,308.32,0.041,2.1,22976.4,0.696,0.11,308.32,0.041
25,0,5500,5500.0,638372.3707892969,21.43260383605957,0.6517834621412492,1.54,31361.24,0.669,0.06,631.68,0.049,2.28,44394.8,0.799,0.06,631.68,0.049,349982.45977836923,23.32408332824707,0.5627387031221449,1.49,9072.24,0.713,0.07,300.8,0.04,2.33,22517.2,0.69,0.07,300.8,0.04
25,0,6000,6000.0,650768.9857586155,23.32057762145996,0.655058410455439,1.72,32524.38,0.674,0.07,641.08,0.05,1.88,45616.6,0.803,0.07,641.08,0.05,371830.23498984694,24.865070343017578,0.5745160134246695,0.85,5886.42,0.719,0.07,297.04,0.04,2.2,23632.4,0.698,0.07,297.04,0.04
25,0,6500,6500.0,661082.7575777902,25.146413803100586,0.6569249736317149,1.86,33354.75,0.678,0.04,669.28,0.05,1.66,46756.4,0.807,0.04,669.28,0.05,391713.3338429936,25.148189544677734,0.5836499806681043,2.11,15186.959999999997,0.757,0.07,329.0,0.042,2.02,24887.0,0.708,0.07,329.0,0.042
25,0,7000,7000.0,668100.083598341,27.009363174438477,0.6593206622580565,2.0,32925.57,0.672,0.04,676.8,0.05,1.67,47437.0,0.81,0.04,676.8,0.05,411048.5392424773,24.22506332397461,0.5939585041140345,2.04,12693.3,0.773,0.07,340.28,0.042,2.19,27330.6,0.725,0.07,340.28,0.042
25,0,7500,7500.0,671728.9677757975,28.745813369750977,0.6598258302655853,2.08,32039.22,0.668,0.05,689.96,0.05,1.79,48150.4,0.812,0.05,689.96,0.05,427129.25313449703,22.22357940673828,0.5996329936830231,2.15,12823.8,0.776,0.07,398.56,0.045,2.62,29880.799999999996,0.742,0.07,398.56,0.045
25,0,8000,8000.0,670460.9549907807,29.569149017333984,0.6570108023963088,2.26,31019.14,0.663,0.06,693.72,0.051,1.93,49331.2,0.815,0.06,693.72,0.051,442402.3046416358,19.8382511138916,0.6069656152860906,2.17,13131.2,0.778,0.08,415.48,0.045,2.6,31348.599999999995,0.749,0.08,415.48,0.045
25,0,8500,8500.0,666384.4862288021,31.06844711303711,0.6516135122870126,2.4,30565.08,0.66,0.05,718.16,0.051,2.06,50536.6,0.819,0.05,718.16,0.051,457766.1300142389,17.597423553466797,0.6136933600044544,2.17,13157.3,0.778,0.07,449.32,0.046,2.55,32652.4,0.757,0.07,449.32,0.046
25,0,9000,9000.0,659933.8716020762,33.091796875,0.6468129757529361,2.68,30359.82,0.66,0.04,725.68,0.051,2.28,51512.4,0.821,0.04,725.68,0.051,469362.9136680061,19.68255615234375,0.6191748545538415,1.31,7875.24,0.779,0.07,458.72,0.046,2.14,33308.399999999994,0.761,0.07,458.72,0.046
25,0,9500,9500.0,652556.9139586329,35.42648696899414,0.6419540441668042,2.93,30412.690000000002,0.66,0.05,748.24,0.051,2.5,52242.2,0.822,0.05,748.24,0.051,477829.5213872339,20.646604537963867,0.6214735956367766,1.57,9135.45,0.782,0.07,483.15999999999997,0.047,1.78,33702.0,0.766,0.07,483.15999999999997,0.047
25,0,10000,10000.0,645268.4332349575,38.212093353271484,0.6397649538631043,2.79,29787.58,0.656,0.05,755.7599999999999,0.051,2.69,51217.2,0.818,0.05,755.7599999999999,0.051,483194.42867832497,20.815263748168945,0.6250725573034989,2.92,18413.04,0.776,0.07,490.68,0.048,2.32,34538.4,0.771,0.07,490.68,0.048
25,0,10500,10500.0,641334.1639697833,40.62342834472656,0.6410068414035607,2.02,13428.72,0.81,0.05,727.56,0.051,2.89,50192.2,0.814,0.05,727.56,0.051,483489.8206942493,24.299699783325195,0.6246266719526528,2.07,13264.6,0.773,0.06,513.24,0.048,2.94,35317.4,0.775,0.06,513.24,0.048
25,0,11000,11000.0,640016.7983773769,40.616275787353516,0.6421844236947711,1.67,10831.5,0.808,0.06,720.04,0.051,3.61,50528.4,0.815,0.06,720.04,0.051,474584.64007701806,29.169137954711914,0.618775111578505,2.17,12177.1,0.757,0.06,518.88,0.048,3.14,36842.6,0.779,0.06,518.88,0.048
25,0,11500,11500.0,639760.3517444562,38.66069793701172,0.6433572938679277,2.18,13359.6,0.81,0.11,729.44,0.051,4.85,51020.4,0.817,0.11,729.44,0.051,461623.6009194072,31.893436431884766,0.6103194407300131,2.73,12060.62,0.756,0.07,547.08,0.049,3.96,38745.0,0.786,0.07,547.08,0.049
25,0,12000,12000.0,639723.5066776115,39.91703796386719,0.6440085112658372,2.64,17101.3,0.801,0.12,733.2,0.051,4.86,50954.8,0.816,0.12,733.2,0.051,443898.25234524335,32.805782318115234,0.6022134494623664,2.78,11851.84,0.753,0.08,556.48,0.049,3.79,39450.2,0.789,0.08,556.48,0.049
25,0,12500,12500.0,640705.0915888113,41.116825103759766,0.645352320965524,2.68,17110.0,0.801,0.13,729.44,0.051,4.49,50774.4,0.816,0.13,729.44,0.051,425581.482605826,35.745460510253906,0.5954865893983122,2.53,10088.88,0.749,0.1,560.24,0.049,3.51,40171.8,0.792,0.1,560.24,0.049
25,0,13000,13000.0,642434.87637958,41.6578254699707,0.6475524812481939,2.76,17739.3,0.809,0.14,729.44,0.051,4.21,49601.8,0.812,0.14,729.44,0.051,405765.04386117327,37.92924499511719,0.5893303614540281,2.77,11184.119999999999,0.748,0.11,564.0,0.049,3.55,39089.4,0.788,0.11,564.0,0.049
25,0,13500,13500.0,646226.9318031066,41.45216369628906,0.6518210250087428,1.93,11933.37,0.804,0.09,697.48,0.05,4.11,48601.4,0.809,0.09,697.48,0.05,389955.1511958183,38.5190315246582,0.588299465906241,2.4,8821.44,0.76,0.1,530.16,0.048,4.74,37966.0,0.784,0.1,530.16,0.048
25,0,14000,14000.0,650803.5608748478,39.61238479614258,0.6560048703423579,1.94,12060.0,0.806,0.1,689.96,0.05,4.2,49019.6,0.811,0.1,689.96,0.05,373939.8484306759,35.65066909790039,0.5845106872027778,3.26,13317.9,0.785,0.1,520.76,0.048,5.48,36145.6,0.776,0.1,520.76,0.048
25,0,14500,14500.0,653317.3140601733,36.53472137451172,0.6586232924623229,1.92,12321.3,0.811,0.12,701.24,0.05,4.21,49626.4,0.813,0.12,701.24,0.05,355609.18447772856,29.63087272644043,0.5762326189444877,2.74,12366.180000000002,0.771,0.13,479.3999999999999,0.047,6.05,34292.4,0.768,0.13,479.3999999999999,0.047
25,0,15000,15000.0,653447.114315399,31.54596519470215,0.659129969593566,1.83,12319.29,0.811,0.13,705.0,0.05,3.86,50159.4,0.815,0.13,705.0,0.05,337679.0842937655,25.07548713684082,0.5646516905944733,2.12,11361.930000000002,0.758,0.14,466.24,0.046,4.91,31840.6,0.754,0.14,466.24,0.046
25,0,15500,15500.0,652087.8321713998,31.604578018188477,0.6584879241721092,1.59,12313.26,0.812,0.12,718.16,0.051,3.42,50635.0,0.818,0.12,718.16,0.051,323431.44361563027,27.680965423583984,0.5573620512882447,1.58,10994.22,0.752,0.11,413.6000000000001,0.045,3.67,29470.799999999996,0.741,0.11,413.6000000000001,0.045
25,0,16000,16000.0,648869.081248023,33.16037368774414,0.6555029618056971,2.9,24928.8,0.81,0.12,721.92,0.051,2.85,50454.6,0.818,0.12,721.92,0.051,311593.2077366626,29.947223663330078,0.5470102214646421,1.47,8311.16,0.693,0.1,398.56,0.044,2.51,28208.0,0.732,0.1,398.56,0.044
25,0,16500,16500.0,646550.4339324894,33.73140335083008,0.6527825410790885,1.82,30561.97,0.666,0.1,718.16,0.051,2.74,50126.6,0.817,0.1,718.16,0.051,303718.43420939986,31.415233612060547,0.5408715713358337,1.71,8262.54,0.688,0.08,372.24,0.043,2.59,27191.199999999997,0.725,0.08,372.24,0.043
25,0,17000,17000.0,646176.3220924782,34.16859436035156,0.6509936993689763,2.07,30820.1,0.667,0.1,716.28,0.051,2.63,49462.4,0.816,0.1,716.28,0.051,299790.48266179743,32.83311462402344,0.5332443242033951,1.75,8276.84,0.687,0.06,364.72,0.043,2.77,26043.2,0.716,0.06,364.72,0.043
25,0,17500,17500.0,649436.6793064455,34.60542297363281,0.6516562748102853,2.26,30950.72,0.667,0.07,699.36,0.051,2.52,48847.4,0.815,0.07,699.36,0.051,300102.63629965775,33.71096420288086,0.5299777047988561,2.0,8900.32,0.69,0.04,336.52,0.042,2.9,25001.8,0.708,0.04,336.52,0.042
25,0,18000,18000.0,655619.8603715966,35.313751220703125,0.6543289125960897,2.37,31068.9,0.667,0.07,695.6,0.051,2.61,48519.4,0.814,0.07,695.6,0.051,305709.119508852,33.631465911865234,0.5292641101364828,2.04,9069.06,0.694,0.05,334.64,0.042,3.26,24747.6,0.711,0.05,334.64,0.042
25,0,18500,18500.0,663377.7282101163,35.844947814941406,0.6582383957346217,2.36,30932.059999999998,0.667,0.07,686.2,0.05,3.01,48355.4,0.814,0.07,686.2,0.05,315835.30411832256,32.943443298339844,0.5331746644846083,2.11,10584.86,0.725,0.06,332.76,0.042,3.57,24542.6,0.715,0.06,332.76,0.042
25,0,19000,19000.0,671451.6771486348,35.22636413574219,0.6615942847424061,2.19,30711.25,0.667,0.07,684.32,0.05,3.34,49093.4,0.817,0.07,684.32,0.05,329845.09531445947,31.368179321289062,0.5418348677339546,2.08,10790.78,0.729,0.06,332.76,0.042,3.76,24165.4,0.709,0.06,332.76,0.042
25,0,19500,19500.0,677091.7135700886,34.48653793334961,0.6634513720603058,2.07,30652.16,0.667,0.07,705.0,0.051,3.64,49831.4,0.819,0.07,705.0,0.051,346314.2519942144,30.013906478881836,0.5545432402004451,2.11,9711.87,0.722,0.07,319.6,0.041,3.98,24058.8,0.704,0.07,319.6,0.041
25,0,20000,20000.0,681505.5523547517,33.4201545715332,0.6652287852720751,1.85,31355.019999999997,0.672,0.07,712.52,0.051,3.57,51135.2,0.821,0.07,712.52,0.051,360978.68134212826,28.778690338134766,0.5657873120044167,2.29,10249.53,0.731,0.07,315.84,0.041,4.1,24772.2,0.698,0.07,315.84,0.041
26,0,-20000,20000.0,216194.3825559076,7.616678237915039,0.4438121032918231,1.1,9035.16,0.679,0.42,4657.73,0.081,2.51,26117.0,0.686,0.17,404.2,0.042,41288.48631347919,6.110670566558838,0.2682254028144957,0.45,1461.6,0.396,0.02,39.48,0.017,0.58,3649.0,0.44,0.02,39.48,0.017
26,0,-19500,19500.0,195541.29424645606,7.297985553741455,0.4255633769311073,0.93,7879.5,0.645,0.42,4020.17,0.073,1.93,23058.4,0.659,0.08,300.8,0.036,42799.3970814418,6.147331714630127,0.2679161508600029,0.45,1484.8,0.397,0.01,31.960000000000004,0.017,0.53,3091.4,0.418,0.01,31.960000000000004,0.017
26,0,-19000,19000.0,178443.269863493,7.001473903656006,0.40291571214558836,0.57,4134.24,0.551,0.42,3878.49,0.071,1.31,19958.8,0.624,0.06,272.6,0.035,46286.37095638859,6.1727519035339355,0.2702857389640385,0.47,1824.1,0.407,0.01,30.08,0.017,0.5,2861.8,0.398,0.01,30.08,0.017
26,0,-18500,18500.0,167153.63474398694,7.1690802574157715,0.38945499842906056,0.6,4183.92,0.555,0.02,204.92000000000002,0.03,1.13,17326.6,0.594,0.02,204.92000000000002,0.03,51090.26920488404,6.1544084548950195,0.2771792056657016,0.47,1853.1,0.409,0.01,28.2,0.016,0.49,2820.8,0.391,0.01,28.2,0.016
26,0,-18000,18000.0,159707.54626526625,7.587930202484131,0.3757886890092618,0.57,3857.76,0.53,0.02,189.88,0.029,1.19,16801.8,0.583,0.02,189.88,0.029,57530.89086852314,6.06117057800293,0.2847701342825805,0.5,2180.8,0.421,0.01,28.2,0.016,0.51,3247.2,0.401,0.01,28.2,0.016
26,0,-17500,17500.0,151997.25446287048,7.8425517082214355,0.36145522361645316,1.02,6742.64,0.526,0.03,193.64,0.03,1.15,16317.999999999998,0.574,0.03,193.64,0.03,64775.23738386957,5.954574108123779,0.29307718318577225,0.5,2206.9,0.422,0.01,33.84,0.016,0.52,3706.3999999999996,0.413,0.01,33.84,0.016
26,0,-17000,17000.0,144568.78448165735,7.870722770690918,0.3492663280518268,1.06,5040.2,0.514,0.03,195.52,0.03,0.98,14087.6,0.53,0.03,195.52,0.03,72828.1323530052,5.8735222816467285,0.30333794487675597,0.51,2688.3,0.438,0.01,35.72,0.017,0.53,4100.0,0.418,0.01,35.72,0.017
26,0,-16500,16500.0,140224.87884871734,7.60959005355835,0.34455873771298506,1.1,5118.5,0.519,0.03,146.64,0.025,0.82,11890.0,0.482,0.03,146.64,0.025,80876.27627953765,6.157124996185303,0.31188733318195566,0.5,2734.7,0.441,0.01,41.36,0.017,0.52,4493.6,0.425,0.01,41.36,0.017
26,0,-16000,16000.0,139143.37042853204,7.359835624694824,0.342856219677921,1.33,5515.8,0.536,0.03,133.48,0.023,0.85,10971.6,0.461,0.03,133.48,0.023,88959.61446341309,6.998828411102295,0.32557775162924424,0.49,2774.2,0.434,0.01,43.24,0.017,0.54,5010.2,0.438,0.01,43.24,0.017
26,0,-15500,15500.0,142066.87423582448,9.408708572387695,0.3492596915015114,1.39,5553.5,0.538,0.04,109.03999999999999,0.02,0.92,10684.6,0.455,0.04,109.03999999999999,0.02,95823.58548970753,7.794214248657227,0.33685286832095834,0.66,4713.44,0.484,0.01,48.88,0.017,0.57,5576.0,0.452,0.01,48.88,0.017
26,0,-15000,15000.0,147882.00216891768,12.154930114746094,0.3545540575506057,1.79,6739.08,0.528,0.03,103.40000000000002,0.019,0.9,10930.6,0.461,0.03,103.40000000000002,0.019,100582.63185263821,8.400712966918945,0.34942039228342037,0.65,3651.1,0.483,0.01,50.76,0.017,0.65,6527.2,0.47,0.01,50.76,0.017
26,0,-14500,14500.0,154000.77378298237,13.470046043395996,0.35796041937452505,1.86,7216.12,0.546,0.05,120.32,0.021,0.85,10930.6,0.463,0.05,120.32,0.021,102098.72036327669,8.623106956481934,0.3557924986206286,0.67,3648.2,0.482,0.01,62.04,0.018,0.76,7511.2,0.487,0.01,62.04,0.018
26,0,-14000,14000.0,161103.6854641947,16.28949737548828,0.36426404392159667,2.37,8768.28,0.593,0.06,125.96000000000001,0.022,0.73,10389.4,0.451,0.06,125.96000000000001,0.022,101365.9118092636,8.805780410766602,0.35783454300782735,0.42,2047.98,0.469,0.01,63.92000000000001,0.018,0.96,8552.6,0.498,0.01,63.92000000000001,0.018
26,0,-13500,13500.0,171700.13604381384,19.917402267456055,0.37698883909203995,2.89,9807.8,0.621,0.02,116.56,0.021,0.72,9913.8,0.445,0.02,116.56,0.021,99372.22778745009,8.536187171936035,0.35551771386393705,0.55,2278.8,0.45,0.02,80.84,0.019,1.16,9512.0,0.509,0.02,80.84,0.019
26,0,-13000,13000.0,183746.28609756072,25.25397300720215,0.39705325774917,2.77,8618.8,0.648,0.04,114.68,0.021,1.02,9831.8,0.448,0.04,114.68,0.021,97566.09857146969,7.52650785446167,0.35042867712386816,1.07,5279.48,0.584,0.02,90.24,0.02,1.24,9479.2,0.505,0.02,90.24,0.02
26,0,-12500,12500.0,195279.6377736182,30.2855224609375,0.41624080070829084,2.85,8781.2,0.653,0.03,105.28000000000002,0.02,1.31,10020.4,0.457,0.03,105.28000000000002,0.02,97702.91822279978,8.643057823181152,0.34908806338374804,1.32,6144.560000000001,0.624,0.02,86.48,0.019,1.27,9315.2,0.504,0.02,86.48,0.019
26,0,-12000,12000.0,203272.8925571617,32.704795837402344,0.4293648856467547,1.66,4922.46,0.639,0.03,103.40000000000002,0.019,1.55,11611.2,0.486,0.03,103.40000000000002,0.019,102477.91293083537,11.412027359008789,0.3594730803465623,1.31,6632.28,0.641,0.02,84.6,0.019,1.09,8003.2,0.492,0.02,84.6,0.019
26,0,-11500,11500.0,208476.41500345425,32.841915130615234,0.4377305464307293,1.35,3710.0,0.624,0.06,157.92,0.026,2.01,13603.8,0.525,0.06,157.92,0.026,111718.52725543904,14.577009201049805,0.3797957533522243,1.1,4483.4,0.607,0.02,63.92000000000001,0.018,0.85,6674.800000000001,0.476,0.02,63.92000000000001,0.018
26,0,-11000,11000.0,206120.7203194709,28.95183563232422,0.43932953158595095,3.82,11791.2,0.641,0.06,174.84,0.027,3.03,16596.8,0.573,0.06,174.84,0.027,125127.05077158834,18.61835289001465,0.4033996923205102,1.26,5483.9,0.648,0.02,60.16,0.018,0.59,6232.0,0.471,0.02,60.16,0.018
26,0,-10500,10500.0,196953.55277482787,23.15484619140625,0.4312313848042311,7.54,25055.13,0.615,0.65,3294.06,0.065,4.11,19245.4,0.61,0.11,248.16,0.033,140311.2424684645,22.84648323059082,0.42778393248292385,1.27,5562.2,0.65,0.01,54.519999999999996,0.017,0.65,6059.8,0.47,0.01,54.519999999999996,0.017
26,0,-10000,10000.0,177918.20242823614,15.723370552062988,0.4109291184654043,2.43,8094.72,0.55,0.62,3028.41,0.064,3.18,18056.4,0.595,0.12,266.96,0.034,155332.87733079793,26.425565719604492,0.442829358745228,1.66,6361.72,0.595,0.01,54.519999999999996,0.017,0.84,7166.8,0.489,0.01,54.519999999999996,0.017
26,0,-9500,9500.0,161837.22325143917,17.390819549560547,0.3960112718612776,0.95,4434.48,0.564,0.59,2869.02,0.064,2.27,17293.8,0.586,0.1,218.07999999999998,0.031,167229.2238002093,28.628921508789062,0.4487585583271568,1.72,6539.72,0.588,0.02,92.12,0.024,1.04,8913.4,0.542,0.02,92.12,0.024
26,0,-9000,9000.0,147527.59975531092,19.481904983520508,0.37752061584661223,1.49,7474.71,0.633,0.55,2992.99,0.067,1.98,17638.2,0.591,0.09,199.28,0.03,176700.68514075538,29.461956024169922,0.44923968228504757,1.8,7693.16,0.601,0.03,105.28000000000002,0.026,1.55,11111.0,0.59,0.03,105.28000000000002,0.026
26,0,-8500,8500.0,136685.6254483757,20.089908599853516,0.3641056369682593,1.16,6553.89,0.601,0.51,3240.93,0.072,2.33,18286.0,0.599,0.06,201.16,0.03,184941.31962709365,30.425893783569336,0.44673492545717886,1.85,8568.92,0.618,0.05,150.4,0.031,2.07,13185.599999999999,0.624,0.05,150.4,0.031
26,0,-8000,8000.0,128461.37204245279,19.54953956604004,0.35119943410848936,1.07,5568.18,0.56,0.5,3665.9699999999993,0.078,2.25,16350.800000000001,0.571,0.07,201.16,0.03,192920.31630729852,31.357051849365234,0.44864419062491045,1.63,6542.4,0.609,0.06,165.44,0.032,2.29,13948.200000000003,0.63,0.06,165.44,0.032
26,0,-7500,7500.0,125401.35263543276,18.443946838378906,0.34880278895841293,0.92,4706.07,0.525,0.03,156.04,0.025,2.21,14030.2,0.533,0.03,156.04,0.025,202539.47059249142,32.20436096191406,0.45365925632426135,1.67,6690.3,0.614,0.06,167.32,0.031,2.53,14727.2,0.636,0.06,167.32,0.031
26,0,-7000,7000.0,128482.7197632002,17.284404754638672,0.3544935667140179,0.96,4341.48,0.518,0.03,142.88,0.024,2.01,11808.0,0.499,0.03,142.88,0.024,211904.55449113785,32.0181884765625,0.4628841750517392,1.89,7612.5,0.645,0.06,167.32,0.031,2.34,14612.4,0.622,0.06,167.32,0.031
26,0,-6500,6500.0,136507.04703168073,16.056163787841797,0.3695073876362478,1.34,5514.08,0.566,0.02,105.28000000000002,0.021,1.78,9864.6,0.466,0.02,105.28000000000002,0.021,220043.81091241608,31.73556900024414,0.47158586417090076,1.9,7685.0,0.647,0.05,156.04,0.029,2.18,14571.4,0.61,0.05,156.04,0.029
26,0,-6000,6000.0,149683.1236526308,14.995906829833984,0.3880337756058554,1.37,5691.4,0.572,0.02,95.88,0.02,1.61,9536.6,0.463,0.02,95.88,0.02,226109.53785151005,30.859844207763672,0.48157354939276575,1.02,4424.82,0.638,0.05,150.4,0.028,2.25,15826.0,0.618,0.05,150.4,0.028
26,0,-5500,5500.0,163690.10292127344,19.018953323364258,0.4053212287546261,1.02,4495.8,0.554,0.02,95.88,0.021,1.48,9635.0,0.472,0.02,95.88,0.021,226737.75267254427,29.165508270263672,0.484345120464381,1.26,5181.78,0.642,0.06,180.48,0.029,2.29,16924.8,0.624,0.06,180.48,0.029
26,0,-5000,5000.0,178397.1040000894,22.396846771240234,0.4200753425781664,1.01,4886.96,0.566,0.02,97.76,0.021,1.37,10988.0,0.507,0.02,97.76,0.021,221306.17491867836,25.523603439331055,0.48029290518957685,2.4,10514.16,0.64,0.06,189.88,0.029,2.53,18523.8,0.644,0.06,189.88,0.029
26,0,-4500,4500.0,192448.4823902391,24.78340721130371,0.43250697347618733,1.07,4071.6000000000004,0.574,0.04,127.84000000000002,0.025,1.59,12718.2,0.547,0.04,127.84000000000002,0.025,212931.0701109661,21.781116485595703,0.47114667241960756,0.97,4832.04,0.631,0.06,225.6,0.032,2.69,19975.2,0.662,0.06,225.6,0.032
26,0,-4000,4000.0,204323.42224480075,25.870994567871094,0.4465838157009236,1.6,6717.659999999999,0.632,0.05,139.12,0.027,2.29,14628.8,0.576,0.05,139.12,0.027,202171.58134627825,18.246139526367188,0.4595539725885887,1.83,9771.6,0.627,0.07,236.88,0.033,2.36,19811.2,0.665,0.07,236.88,0.033
26,0,-3500,3500.0,209890.71608413872,25.89655113220215,0.4515245566990603,1.76,8180.88,0.606,0.06,176.72,0.03,2.84,16572.2,0.602,0.06,176.72,0.03,192953.9990709485,17.15921974182129,0.4505972165655721,1.2,6730.02,0.658,0.06,231.24,0.033,2.37,19507.8,0.667,0.06,231.24,0.033
26,0,-3000,3000.0,207769.5678426616,25.092063903808594,0.45225327589898756,1.69,6762.8,0.606,0.07,188.0,0.031,2.74,17679.2,0.612,0.07,188.0,0.031,186080.01485899775,16.83820152282715,0.44529352928425897,1.04,6281.4,0.626,0.06,229.36,0.033,2.09,17621.8,0.644,0.06,229.36,0.033
26,0,-2500,2500.0,201757.5950137869,23.79640769958496,0.4487775052660682,1.72,6815.0,0.607,0.06,204.92000000000002,0.031,2.46,18728.8,0.622,0.06,204.92000000000002,0.031,185136.9907778241,17.114898681640625,0.45087184564161964,1.07,6353.9,0.63,0.04,184.24,0.03,1.79,15768.6,0.617,0.04,184.24,0.03
26,0,-2000,2000.0,189827.21547931613,22.434993743896484,0.44012705547372794,0.93,3909.78,0.596,0.49,3081.54,0.065,2.35,19655.4,0.629,0.06,210.56000000000003,0.031,188363.47530713707,17.402902603149414,0.46151320264339235,1.13,6066.800000000001,0.633,0.04,171.08,0.029,1.76,14596.0,0.596,0.04,171.08,0.029
26,0,-1500,1500.0,175015.49127499305,20.399473190307617,0.42646620277349717,1.16,4590.84,0.602,0.34,2408.56,0.056,2.49,20409.8,0.64,0.06,231.24,0.032,196169.4630507526,17.65770721435547,0.4807503374895699,1.55,6618.04,0.684,0.04,148.52,0.026,1.7,13825.2,0.584,0.04,148.52,0.026
26,0,-1000,1000.0,156877.19047986274,16.97397232055664,0.4061802782385386,1.08,4237.08,0.581,0.34,2213.75,0.055,2.46,18901.0,0.623,0.07,240.64,0.033,204270.30199096107,22.473278045654297,0.4987308152461379,1.66,6766.76,0.692,0.03,144.76,0.026,1.33,14062.999999999998,0.593,0.03,144.76,0.026
26,0,-500,500.0,138613.81513420402,12.89558219909668,0.38221378992903515,0.86,3455.1900000000005,0.535,0.35,2072.0699999999997,0.054,2.33,16875.6,0.598,0.07,210.56000000000003,0.03,207382.81316800578,26.3598690032959,0.5071413472089549,1.59,6123.26,0.675,0.03,169.2,0.03,1.41,14267.999999999998,0.603,0.03,169.2,0.03
26,0,0,0.0,121737.17849848254,8.568695068359375,0.35341673609816776,1.58,7005.360000000001,0.531,0.37,2107.49,0.054,2.02,14325.399999999998,0.559,0.07,203.04,0.03,205238.42739556078,30.02015495300293,0.5066115218415672,1.99,6621.600000000001,0.643,0.04,174.84,0.031,1.55,14997.8,0.623,0.04,174.84,0.031
26,0,500,500.0,109451.72267426769,7.187116622924805,0.3340018433508855,0.49,2273.31,0.438,0.37,2196.04,0.054,1.7,12373.8,0.532,0.05,144.76,0.025,201889.08922673867,32.41863250732422,0.505719005000603,2.44,7144.92,0.664,0.05,193.64,0.033,1.73,16022.8,0.648,0.05,193.64,0.033
26,0,1000,1000.0,99325.63831477288,6.636142253875732,0.3160220807437025,0.89,4577.76,0.433,0.32,2178.33,0.054,1.19,10651.8,0.497,0.05,131.6,0.024,193573.91508745297,33.315711975097656,0.5001215879727863,2.42,5547.7,0.66,0.05,201.16,0.034,2.55,17523.4,0.677,0.05,201.16,0.034
26,0,1500,1500.0,93545.94790270015,6.291041374206543,0.3091567726604973,0.62,3646.2,0.495,0.02,88.36,0.018,1.05,9643.2,0.483,0.02,88.36,0.018,183099.85504246713,32.55524826049805,0.4897773411896146,2.51,5599.9,0.662,0.07,233.12,0.038,3.43,19245.4,0.707,0.07,233.12,0.038
26,0,2000,2000.0,89752.74558518635,6.2897491455078125,0.3089136571487934,0.79,3553.5,0.489,0.02,82.72,0.018,0.95,8987.2,0.468,0.02,82.72,0.018,170717.4953011033,31.07647705078125,0.4848517179675973,2.79,5356.3,0.643,0.04,179.36,0.094,3.3,18195.8,0.7,0.08,242.52,0.04
26,0,2500,2500.0,86725.21271680461,5.982264041900635,0.3121034674251037,0.44,1811.01,0.409,0.01,73.32,0.017,1.0,8667.4,0.459,0.01,73.32,0.017,159899.32729064644,29.50809669494629,0.48812530104684504,2.81,5341.800000000001,0.642,0.36,1824.13,0.057,3.2,17162.6,0.693,0.07,208.68000000000004,0.037
26,0,3000,3000.0,82364.86987731828,5.387185573577881,0.3104907239906277,0.43,1885.3800000000003,0.411,0.02,71.44,0.017,0.81,8421.4,0.45,0.02,71.44,0.017,142616.73433782317,24.470062255859375,0.47280592113220576,1.51,3093.72,0.634,0.26,1452.22,0.055,3.35,16154.0,0.675,0.07,199.28,0.037
26,0,3500,3500.0,77734.65439888468,4.687952041625977,0.3089452888595446,0.46,2058.24,0.417,0.02,71.44,0.017,0.76,8183.6,0.445,0.02,71.44,0.017,123692.3174134973,21.59273338317871,0.4507133688189349,1.93,3634.0799999999995,0.64,0.17,1151.15,0.052,3.79,14866.6,0.652,0.08,191.76,0.036
26,0,4000,4000.0,71956.8990596612,4.468465805053711,0.3011065198637086,0.42,1881.36,0.41,0.02,71.44,0.017,0.76,8355.8,0.445,0.02,71.44,0.017,104343.20159645773,15.47474193572998,0.4185793445129553,3.46,7307.28,0.633,0.2,1080.31,0.052,3.58,14104.0,0.636,0.09,189.88,0.036
26,0,4500,4500.0,65297.049882691455,4.707937717437744,0.28811205689337255,0.37,1609.2,0.396,0.02,77.08,0.018,0.75,8323.0,0.443,0.02,77.08,0.018,86982.96149654957,10.087713241577148,0.38653105686542133,4.74,15402.819999999998,0.602,0.23,1098.02,0.052,3.27,13185.599999999999,0.618,0.1,180.48,0.035
26,0,5000,5000.0,59053.17905286097,4.957167148590088,0.271954352234409,0.47,1394.9,0.362,0.02,78.96,0.018,0.68,7224.2,0.425,0.02,78.96,0.018,70295.70870180539,6.514269828796387,0.3424244140126462,1.22,4263.6,0.498,0.29,1204.28,0.054,1.83,10733.8,0.569,0.11,178.6,0.035
26,0,5500,5500.0,56174.11114839773,5.155243396759033,0.2663616004334726,0.47,1397.8,0.364,0.02,65.8,0.017,0.66,6281.2,0.41,0.02,65.8,0.017,59946.415186919294,4.998608112335205,0.31779740557246927,1.66,8676.86,0.46,0.34,1345.96,0.056,1.13,8396.8,0.511,0.06,110.92,0.027
26,0,6000,6000.0,55703.64175689629,5.101110458374023,0.2605039223627416,0.31,1015.05,0.365,0.02,62.04,0.017,0.52,5297.2,0.387,0.02,62.04,0.017,54101.12656935936,5.8125834465026855,0.2993773154928263,0.51,1528.2999999999997,0.413,0.32,1452.22,0.058,0.73,6371.4,0.463,0.06,94.0,0.024
26,0,6500,6500.0,59021.705076558326,4.880319595336914,0.26842417719637063,0.66,2119.26,0.386,0.01,48.88,0.017,0.53,4641.2,0.375,0.01,48.88,0.017,53285.51681382844,6.881560325622559,0.30231423166656224,0.53,1551.5,0.415,0.02,50.76,0.018,0.7,5182.4,0.446,0.02,50.76,0.018
26,0,7000,7000.0,64099.13324273212,5.5452880859375,0.27897875095517155,0.69,2205.06,0.394,0.01,45.12,0.017,0.52,4526.4,0.373,0.01,45.12,0.017,55195.25331964258,7.893970012664795,0.309922090042194,0.49,1870.5,0.436,0.01,45.12,0.017,0.5,4608.4,0.435,0.01,45.12,0.017
26,0,7500,7500.0,69119.27675715851,7.34299373626709,0.28866442313835244,0.68,2194.56,0.427,0.01,45.12,0.016,0.49,4608.4,0.383,0.01,45.12,0.016,57935.75050405008,8.498113632202148,0.320637051287331,0.34,1069.32,0.417,0.01,37.6,0.017,0.42,4214.8,0.428,0.01,37.6,0.017
26,0,8000,8000.0,73794.12722712559,8.158811569213867,0.3009179262909524,0.74,2369.82,0.44,0.01,45.12,0.017,0.5,5010.2,0.392,0.01,45.12,0.017,60902.85119221303,8.381671905517578,0.3331918059814598,0.29,1136.22,0.438,0.01,35.72,0.017,0.56,4444.4,0.439,0.01,35.72,0.017
26,0,8500,8500.0,77231.90989219803,8.176502227783203,0.3109511601111512,0.7,1892.16,0.437,0.01,50.76,0.017,0.81,5485.8,0.405,0.01,50.76,0.017,62553.0708642228,7.695108890533447,0.34170239141125885,0.35,1322.58,0.441,0.01,39.48,0.017,0.71,4731.4,0.456,0.01,39.48,0.017
26,0,9000,9000.0,77549.4222966093,7.388700008392334,0.31357631882006554,1.03,2957.13,0.486,0.01,52.64000000000001,0.017,1.2,6297.6,0.421,0.01,52.64000000000001,0.017,62636.91893079224,6.533613681793213,0.3481583196441528,0.66,2647.92,0.435,0.01,41.36,0.017,0.84,5346.4,0.476,0.01,41.36,0.017
26,0,9500,9500.0,76152.05269364128,6.342159271240234,0.31118646034205233,0.78,2112.48,0.458,0.1,1328.25,0.047,1.56,7216.000000000001,0.445,0.02,63.92000000000001,0.017,61054.724931972894,5.293973445892334,0.34841468773111195,0.43,2404.02,0.517,0.01,47.0,0.018,0.96,5953.2,0.495,0.01,47.0,0.018
26,0,10000,10000.0,72467.45347667628,4.9560933113098145,0.2999809267194737,0.68,1941.84,0.436,0.12,1416.8,0.048,1.55,7667.0,0.456,0.03,75.2,0.02,58160.83131223693,3.8480381965637207,0.34657851851498944,0.36,1409.4,0.428,0.01,50.76,0.018,0.83,6191.0,0.501,0.01,50.76,0.018
26,0,10500,10500.0,68875.52483854524,3.525956869125366,0.2875977598469174,0.72,2799.54,0.467,0.15,1576.19,0.049,1.44,7880.199999999999,0.461,0.03,84.6,0.021,54644.386943066675,4.055761814117432,0.34225463978698367,0.49,1644.72,0.416,0.01,52.64000000000001,0.018,0.72,6355.0,0.504,0.01,52.64000000000001,0.018
26,0,11000,11000.0,65894.81048733396,2.998143434524536,0.2737364639700965,0.47,2512.1700000000005,0.455,0.19,1788.71,0.051,0.99,6847.0,0.429,0.03,88.36,0.022,50600.216392010836,4.610257148742676,0.334469651809104,0.51,1310.7999999999997,0.426,0.01,52.64000000000001,0.018,0.48,5846.6,0.499,0.01,52.64000000000001,0.018
26,0,11500,11500.0,66890.27905225611,2.9863030910491943,0.27272555341286153,0.33,2342.22,0.443,0.02,62.04,0.017,0.63,6133.6,0.414,0.02,62.04,0.017,47443.533310288025,5.2860870361328125,0.3305493143464558,0.52,1305.0,0.427,0.01,45.12,0.018,0.42,5346.4,0.494,0.01,45.12,0.018
26,0,12000,12000.0,72077.59200168402,3.1210739612579346,0.2821847562449859,0.18,469.68,0.135,0.02,58.28,0.017,0.41,5559.6,0.4,0.02,58.28,0.017,45050.16037214384,5.642775058746338,0.32559813200895504,0.59,1302.1,0.424,0.01,43.24,0.018,0.45,4862.6,0.49,0.01,43.24,0.018
26,0,12500,12500.0,79916.87797769028,3.286095380783081,0.29904800531221476,0.44,3400.54,0.472,0.01,50.76,0.017,0.29,5174.2,0.39,0.01,50.76,0.017,43257.54015999001,5.769843578338623,0.32366205574937545,0.6,1302.1,0.424,0.01,37.6,0.018,0.55,4452.6,0.488,0.01,37.6,0.018
26,0,13000,13000.0,88720.04798676516,3.9716877937316895,0.3172231279544861,0.48,3520.66,0.483,0.01,48.88,0.017,0.31,5362.8,0.391,0.01,48.88,0.017,41720.514943598464,5.493288516998291,0.32158555489820595,0.4,882.3899999999999,0.428,0.01,35.72,0.018,0.62,4132.8,0.486,0.01,35.72,0.018
26,0,13500,13500.0,97249.16055046272,5.17631721496582,0.33444432283435843,0.49,3549.26,0.494,0.01,52.64000000000001,0.017,0.37,5822.0,0.404,0.01,52.64000000000001,0.017,40456.51699737243,4.974233150482178,0.3209521470270484,0.43,872.34,0.426,0.02,31.960000000000004,0.017,0.67,3829.4,0.485,0.02,31.960000000000004,0.017
26,0,14000,14000.0,102755.38701036769,6.337666034698486,0.34843102070003357,0.68,3262.5,0.487,0.01,52.64000000000001,0.017,0.42,6855.199999999999,0.422,0.01,52.64000000000001,0.017,39367.189113303575,4.107285976409912,0.3242376404989629,0.41,872.34,0.425,0.14,779.24,0.054,0.66,3706.3999999999996,0.483,0.02,31.960000000000004,0.017
26,0,14500,14500.0,104521.12298761646,7.21800422668457,0.35547236392756915,0.7,3297.3,0.491,0.01,65.8,0.017,0.51,8019.599999999999,0.443,0.01,65.8,0.017,37912.79987979141,4.108461380004883,0.3259929814234382,0.34,874.3499999999999,0.426,0.09,637.56,0.051,0.63,3599.7999999999997,0.481,0.02,30.08,0.017
26,0,15000,15000.0,101318.21481733123,6.91514778137207,0.35591827359070355,0.45,2096.7000000000003,0.505,0.01,71.44,0.018,0.66,9282.4,0.478,0.01,71.44,0.018,35935.245378471824,3.779728412628174,0.3232148019962062,0.57,1770.72,0.421,0.07,584.43,0.049,0.53,3468.6000000000004,0.474,0.02,30.08,0.017
26,0,15500,15500.0,96238.68138442026,6.196788311004639,0.35224328525323856,0.6,2790.72,0.523,0.03,103.40000000000002,0.023,0.98,10610.8,0.516,0.03,103.40000000000002,0.023,33902.775667600385,3.292020082473755,0.31851861630233147,0.29,870.33,0.429,0.11,531.3,0.047,0.53,3361.9999999999995,0.47,0.02,30.08,0.017
26,0,16000,16000.0,87754.000416849,5.718385219573975,0.3369703563499048,0.36,1663.2,0.499,0.03,112.8,0.024,1.04,10848.6,0.527,0.03,112.8,0.024,31760.498082851685,2.7265028953552246,0.30585028815989673,0.52,1750.32,0.423,0.14,584.43,0.049,0.53,3411.2,0.467,0.02,30.08,0.017
26,0,16500,16500.0,79291.35719536457,6.338534832000732,0.3194403748458438,0.43,1859.7599999999998,0.424,0.29,1558.48,0.051,1.04,10832.2,0.532,0.04,120.32,0.026,29958.469041960787,2.376228094100952,0.2931777829403879,0.29,1226.73,0.475,0.01,30.08,0.017,0.51,3468.6000000000004,0.467,0.01,30.08,0.017
26,0,17000,17000.0,72157.17245005029,6.741701602935791,0.30151186312808886,0.44,1725.84,0.417,0.25,1629.32,0.052,0.76,8995.4,0.486,0.05,124.08,0.027,28470.336268160154,2.012091636657715,0.2791651582002932,0.31,1096.95,0.463,0.01,31.960000000000004,0.018,0.47,3099.6,0.453,0.01,31.960000000000004,0.018
26,0,17500,17500.0,68207.40327354988,7.0388922691345215,0.2941572815575238,0.45,1334.88,0.396,0.03,78.96,0.02,0.76,7355.400000000001,0.447,0.03,78.96,0.02,28112.106423686124,2.1272032260894775,0.2731612939853031,0.34,1199.72,0.387,0.01,26.320000000000004,0.017,0.48,2755.2,0.436,0.01,26.320000000000004,0.017
26,0,18000,18000.0,68504.2962553157,7.089981555938721,0.294044022929582,0.67,2132.1,0.453,0.02,67.68,0.018,0.84,6207.4,0.429,0.02,67.68,0.018,29047.619309031506,2.6471641063690186,0.2719842064609547,0.3,1006.3,0.402,0.01,24.44,0.017,0.39,2492.8,0.414,0.01,24.44,0.017
26,0,18500,18500.0,71891.74259911347,6.5821428298950195,0.30255282098839564,0.64,2132.1,0.449,0.02,54.519999999999996,0.017,0.92,5280.8,0.413,0.02,54.519999999999996,0.017,31148.892059045756,2.9237191677093506,0.27865025086230316,0.31,1032.4,0.404,0.01,20.68,0.016,0.3,2328.8,0.397,0.01,20.68,0.016
26,0,19000,19000.0,79903.43828674218,6.229288578033447,0.31928755849266927,0.6,2159.91,0.45,0.02,50.76,0.017,0.94,5289.0,0.413,0.02,50.76,0.017,33608.290977700635,3.2108490467071533,0.28371714851395197,0.18,614.22,0.4,0.01,20.68,0.016,0.23,2402.6,0.398,0.01,20.68,0.016
26,0,19500,19500.0,91344.58274487333,6.3407416343688965,0.3429996989758377,0.83,3986.84,0.571,0.02,50.76,0.017,0.92,5403.8,0.418,0.02,50.76,0.017,35944.47595916742,3.3165688514709473,0.2877894149572935,0.24,771.12,0.399,0.01,20.68,0.016,0.31,2542.0,0.405,0.01,20.68,0.016
26,0,20000,20000.0,106067.92614126716,9.875624656677246,0.3787024361386913,0.98,4311.9,0.602,0.02,52.64000000000001,0.017,0.81,5485.8,0.423,0.02,52.64000000000001,0.017,38158.85580254128,3.1505444049835205,0.296239807473586,0.41,1432.08,0.398,0.01,22.56,0.016,0.38,2878.2,0.419,0.01,22.56,0.016
27,0,-20000,20000.0,10597.450773279388,2.092862606048584,0.2552611144253529,0.21,309.54,0.392,0.01,13.160000000000002,0.018,0.23,1172.6,0.374,0.01,13.160000000000002,0.018,162.73063280468705,0.005825072061270475,0.05159853817353667,0.01,8.7,0.105,0.0,0.0,0.018,0.0,8.2,0.037,0.0,0.0,0.01
27,0,-19500,19500.0,9705.423673692472,2.0315611362457275,0.2496721397199559,0.17,275.37,0.383,0.01,13.160000000000002,0.018,0.22,1057.8,0.363,0.01,13.160000000000002,0.018,138.97216238465262,0.004775598179548979,0.04664678893988769,0.01,6.03,0.124,0.0,0.0,0.019,0.0,8.2,0.031,0.0,0.0,0.009
27,0,-19000,19000.0,8894.021966370672,1.973167896270752,0.2430484495003755,0.29,333.5,0.381,0.01,13.160000000000002,0.018,0.22,902.0000000000001,0.344,0.01,13.160000000000002,0.018,107.77172710922969,0.0033346388954669237,0.03996765986532252,0.01,8.16,0.1,0.0,0.0,0.019,0.0,8.2,0.028,0.0,0.0,0.009
27,0,-18500,18500.0,8246.990593970564,2.006059408187866,0.23989178041892642,0.29,333.5,0.383,0.01,11.28,0.017,0.21,746.2,0.324,0.01,11.28,0.017,82.08517713037509,0.0020398220513015985,0.03434698950243855,0.01,8.16,0.08,0.0,0.0,0.018,0.0,8.2,0.028,0.0,0.0,0.008
27,0,-18000,18000.0,7725.509897497315,2.0169169902801514,0.23784586574544692,0.32,342.2,0.396,0.03,88.8,0.085,0.21,639.6,0.311,0.01,9.4,0.017,59.103698185481335,0.0011545285815373063,0.028558503926405646,0.01,8.16,0.08,0.0,0.0,0.018,0.0,8.2,0.029,0.0,0.0,0.008
27,0,-17500,17500.0,7314.667299605544,1.9823111295700073,0.23920731882621385,0.33,342.2,0.398,0.03,71.04,0.079,0.21,574.0,0.31,0.01,7.52,0.017,39.33388065433974,0.0008533712825737894,0.022293867232754852,0.01,9.29,0.039,0.0,0.0,0.015,0.0,8.2,0.031,0.0,0.0,0.007
27,0,-17000,17000.0,6885.694721965341,1.8790950775146484,0.2403792989656229,0.31,333.5,0.397,0.02,53.28,0.07,0.2,549.4,0.318,0.01,7.52,0.016,23.914102343178456,0.0005422625108622015,0.01573695078825213,0.0,0.0,0.015,0.0,0.0,0.015,0.0,8.2,0.027,0.0,0.0,0.007
27,0,-16500,16500.0,6391.490867880344,1.7477236986160278,0.24020890361299968,0.22,217.08,0.397,0.01,35.52,0.057,0.18,533.0,0.327,0.01,7.52,0.016,14.472499674330663,0.00030747163691557944,0.011021370825715388,0.0,0.0,0.009,0.0,0.0,0.009,0.0,0.0,0.021,0.0,0.0,0.005
27,0,-16000,16000.0,5738.417181622785,1.5411607027053833,0.23666208499745048,0.21,213.06,0.396,0.01,35.16,0.06,0.17,500.2,0.323,0.01,7.52,0.017,10.329763842131001,0.00021665090753231198,0.008550612699530976,0.0,0.0,0.009,0.0,0.0,0.009,0.0,0.0,0.013,0.0,0.0,0.005
27,0,-15500,15500.0,5023.076448853831,1.3072726726531982,0.23010110707649417,0.2,201.0,0.393,0.0,11.84,0.027,0.15,451.00000000000006,0.314,0.01,7.52,0.017,11.00560724460422,0.00022703508147969842,0.009585677736007927,0.0,0.0,0.004,0.0,0.0,0.004,0.0,0.0,0.005,0.0,0.0,0.003
27,0,-15000,15000.0,4179.369619723677,1.020904779434204,0.21640471999870167,0.18,188.94,0.388,0.0,4.56,0.046,0.12,377.2,0.291,0.01,7.52,0.017,13.33660139145394,0.00030020566191524267,0.011368598767412192,0.0,0.0,0.004,0.0,0.0,0.004,0.0,0.0,0.004,0.0,0.0,0.002
27,0,-14500,14500.0,3379.2289683915756,0.7733855843544006,0.19983981895475772,0.14,156.78,0.371,0.0,4.56,0.046,0.1,303.4,0.263,0.01,5.64,0.016,15.363151929011565,0.0003778200189117342,0.012531329450317059,0.0,0.0,0.002,0.0,0.0,0.002,0.0,0.0,0.006,0.0,0.0,0.001
27,0,-14000,14000.0,2544.756746417079,0.5351560115814209,0.17169140996881674,0.12,134.67,0.356,0.0,13.48,0.029,0.07,213.2,0.217,0.01,5.64,0.016,18.831001732621644,0.0005080426344648004,0.014390362575550944,0.0,0.0,0.002,0.0,0.0,0.002,0.0,0.0,0.01,0.0,0.0,0.002
27,0,-13500,13500.0,1852.2434790904613,0.32589367032051086,0.1424357791150599,0.07,90.45,0.311,0.0,6.74,0.02,0.04,139.4,0.167,0.01,3.76,0.015,22.38930781388717,0.0006614745943807065,0.016118775123795642,0.0,0.0,0.003,0.0,0.0,0.003,0.0,0.0,0.016,0.0,0.0,0.003
27,0,-13000,13000.0,1250.270707682546,0.1903393566608429,0.10610098975266996,0.12,179.52,0.297,0.0,9.33,0.033,0.02,73.8,0.11,0.0,3.76,0.015,24.602368892374216,0.0007459668559022248,0.016936782843660524,0.0,0.0,0.003,0.0,0.0,0.003,0.0,0.0,0.021,0.0,0.0,0.004
27,0,-12500,12500.0,882.0622008976115,0.1042996197938919,0.08081449883408363,0.12,278.7,0.225,0.0,6.22,0.028,0.01,41.0,0.072,0.0,1.88,0.013,25.568725129687664,0.0007792290998622775,0.017092216217630643,0.0,0.0,0.006,0.0,0.0,0.006,0.0,0.0,0.025,0.0,0.0,0.006
27,0,-12000,12000.0,652.2922941393261,0.06309522688388824,0.06079077879956513,0.02,26.13,0.165,0.0,12.180000000000001,0.1,0.01,24.6,0.051,0.0,1.88,0.012,24.656176659618723,0.0007275200914591551,0.016474725714309156,0.0,0.0,0.006,0.0,0.0,0.006,0.0,0.0,0.024,0.0,0.0,0.006
27,0,-11500,11500.0,614.9242910047449,0.05032013729214668,0.05650129793672089,0.01,7.6,0.057,0.0,12.180000000000001,0.1,0.01,24.6,0.045,0.0,1.88,0.01,22.808480392313868,0.0006442316807806492,0.01550397991707577,0.0,0.0,0.008,0.0,0.0,0.008,0.0,0.0,0.023,0.0,0.0,0.006
27,0,-11000,11000.0,687.9226434822954,0.050611428916454315,0.05929286153002343,0.01,10.640000000000002,0.062,0.0,13.92,0.108,0.01,24.6,0.044,0.0,1.88,0.009,19.57351967816976,0.0005002521211281419,0.013947208741551857,0.0,0.0,0.008,0.0,0.0,0.008,0.0,0.0,0.024,0.0,0.0,0.006
27,0,-10500,10500.0,886.8158804814641,0.06759623438119888,0.07048738362016611,0.02,65.78,0.162,0.0,3.59,0.016,0.01,32.8,0.049,0.0,1.88,0.009,17.049451819178785,0.0004082913510501385,0.012978895405235273,0.0,0.0,0.007,0.0,0.0,0.007,0.0,0.0,0.024,0.0,0.0,0.006
27,0,-10000,10000.0,1160.8823254767685,0.10631643980741501,0.08296780244918653,0.02,74.36,0.172,0.0,3.59,0.016,0.01,32.8,0.056,0.0,1.88,0.009,13.67121447375439,0.0002848923031706363,0.011417802111936545,0.0,0.0,0.007,0.0,0.0,0.007,0.0,0.0,0.022,0.0,0.0,0.006
27,0,-9500,9500.0,1551.0155596914133,0.16514389216899872,0.09926610307928188,0.03,128.7,0.235,0.0,3.59,0.018,0.01,41.0,0.064,0.0,1.88,0.01,11.047064240528925,0.00021231708524283022,0.010351713688317167,0.0,0.0,0.006,0.0,0.0,0.006,0.0,0.0,0.02,0.0,0.0,0.006
27,0,-9000,9000.0,2038.952925608251,0.2364642322063446,0.11556031113239863,0.02,21.280000000000005,0.075,0.0,3.59,0.018,0.01,57.400000000000006,0.075,0.0,1.88,0.01,8.086962550987664,0.00013353624672163278,0.008704340938321106,0.0,0.0,0.006,0.0,0.0,0.006,0.0,0.0,0.016,0.0,0.0,0.006
27,0,-8500,8500.0,2686.3000911655877,0.31873026490211487,0.1351357588681903,0.06,203.06,0.289,0.0,7.18,0.02,0.02,73.8,0.089,0.0,1.88,0.011,4.821393404472474,5.7232249673688784e-05,0.006131327130538348,0.0,0.0,0.007,0.0,0.0,0.007,0.0,0.0,0.012,0.0,0.0,0.005
27,0,-8000,8000.0,3456.2122920973206,0.4166127145290375,0.15389188512629015,0.06,214.5,0.295,0.0,7.18,0.02,0.02,98.4,0.104,0.0,1.88,0.011,2.719893430753473,3.0106732083368115e-05,0.004174499898675938,0.0,0.0,0.007,0.0,0.0,0.007,0.0,0.0,0.008,0.0,0.0,0.005
27,0,-7500,7500.0,4337.085535428574,0.4999237358570099,0.1720523756325805,0.09,274.56,0.324,0.0,1.88,0.012,0.03,139.4,0.126,0.0,1.88,0.012,1.4327410201985913,1.731632619339507e-05,0.0027569485864068883,0.0,0.0,0.006,0.0,0.0,0.006,0.0,0.0,0.005,0.0,0.0,0.004
27,0,-7000,7000.0,5351.541990699159,0.6038275361061096,0.19007378478106726,0.09,286.0,0.328,0.0,1.88,0.012,0.05,221.40000000000003,0.174,0.0,1.88,0.012,2.5280852234800477,3.272344474680722e-05,0.0061836680122147126,0.0,0.0,0.006,0.0,0.0,0.006,0.0,0.0,0.003,0.0,0.0,0.004
27,0,-6500,6500.0,6431.477751729359,0.7227897644042969,0.20621507168627912,0.15,334.62,0.346,0.0,3.76,0.013,0.07,319.8,0.217,0.0,3.76,0.013,0.3664791590836103,2.7477715320856078e-06,0.001194582282273057,0.0,0.0,0.003,0.0,0.0,0.003,0.0,0.0,0.002,0.0,0.0,0.002
27,0,-6000,6000.0,7622.307439585156,1.0040264129638672,0.22292127012239113,0.17,343.2,0.349,0.0,3.76,0.014,0.08,434.6,0.259,0.0,3.76,0.014,0.21880940432765783,2.406516841801931e-06,0.0009414810898516128,0.0,0.0,0.003,0.0,0.0,0.003,0.0,0.0,0.001,0.0,0.0,0.001
27,0,-5500,5500.0,8821.089593696372,1.3601044416427612,0.2369955324656153,0.21,397.54,0.365,0.0,5.64,0.015,0.1,549.4,0.293,0.0,5.64,0.015,0.1611934054011499,1.4492237596641644e-06,0.0009517854423474061,0.0,0.0,0.001,0.0,0.0,0.001,0.0,0.0,0.001,0.0,0.0,0.001
27,0,-5000,5000.0,10021.46763857018,1.6940686702728271,0.2504710816903913,0.22,406.12,0.367,0.0,5.64,0.015,0.12,680.6,0.322,0.0,5.64,0.015,0.08349799749112208,8.479724442622683e-07,0.0006389914957446567,0.0,0.0,0.001,0.0,0.0,0.001,0.0,0.0,0.0,0.0,0.0,0.001
27,0,-4500,4500.0,11159.345656777601,2.03071928024292,0.2606756774100292,0.17,244.07999999999998,0.362,0.0,7.52,0.016,0.16,795.4,0.344,0.0,7.52,0.016,0.08246451214475314,8.437112342107866e-07,0.000812358795790155,0.0,0.0,0.001,0.0,0.0,0.001,0.0,0.0,0.0,0.0,0.0,0.0
27,0,-4000,4000.0,12279.51938737517,2.483579397201538,0.2710224529105747,0.18,254.88,0.367,0.01,25.130000000000003,0.03,0.2,902.0000000000001,0.36,0.01,7.52,0.016,0.10172545907067843,1.109043409996957e-06,0.0011627002660523106,0.0,0.0,0.001,0.0,0.0,0.001,0.0,0.0,0.0,0.0,0.0,0.0
27,0,-3500,3500.0,13336.901358232733,2.7975306510925293,0.27877071432677875,0.23,287.28,0.381,0.01,9.4,0.016,0.28,1000.4,0.375,0.01,9.4,0.016,0.32677262699252196,4.220784830977209e-06,0.004162179433633227,0.0,0.0,0.0,0.0,0.0,0.0,0.0,0.0,0.0,0.0,0.0,0.0
27,0,-3000,3000.0,14340.201486959968,2.974292516708374,0.28565831707579653,0.23,298.08,0.383,0.01,9.4,0.016,0.35,1090.6,0.388,0.01,9.4,0.016,0.3370041459717754,4.229489150020527e-06,0.004467037439555847,0.0,0.0,0.0,0.0,0.0,0.0,0.0,0.0,0.0,0.0,0.0,0.0
27,0,-2500,2500.0,15299.646664329992,3.0741446018218994,0.2906016427338823,0.23,321.84,0.392,0.01,11.28,0.017,0.41,1180.8,0.399,0.01,11.28,0.017,0.13922590114816558,4.2291576392017305e-06,0.001891894165802251,0.0,0.0,0.0,0.0,0.0,0.0,0.0,0.0,0.001,0.0,0.0,0.0
27,0,-2000,2000.0,16243.55790562951,3.326983690261841,0.2945989846148677,0.32,596.37,0.461,0.01,11.28,0.017,0.44,1271.0,0.409,0.01,11.28,0.017,1.0074866218197087,1.3222842426330317e-05,0.014007456609046143,0.0,0.0,0.0,0.0,0.0,0.0,0.0,0.0,0.001,0.0,0.0,0.0
27,0,-1500,1500.0,17163.34805339713,3.455947160720825,0.297519036651274,0.19,279.39,0.385,0.01,11.28,0.017,0.46,1369.4,0.417,0.01,11.28,0.017,0.9718428195888862,1.2532767868833616e-05,0.01397032919888135,0.0,0.0,0.0,0.0,0.0,0.0,0.0,0.0,0.001,0.0,0.0,0.0
27,0,-1000,1000.0,18085.172755893953,3.4752776622772217,0.29967809268404644,0.19,283.41,0.386,0.01,11.28,0.017,0.46,1476.0,0.425,0.01,11.28,0.017,0.13411818517852225,4.225495558785042e-06,0.0020534557821317505,0.0,0.0,0.0,0.0,0.0,0.0,0.0,0.0,0.001,0.0,0.0,0.001
27,0,-500,500.0,18933.22325292863,3.3914127349853516,0.30102995000428756,0.23,421.2,0.412,0.01,13.160000000000002,0.017,0.44,1607.2,0.433,0.01,13.160000000000002,0.017,0.1315926487222896,4.225649263389641e-06,0.0021865861545309717,0.0,0.0,0.001,0.0,0.0,0.001,0.0,0.0,0.001,0.0,0.0,0.001
27,0,0,0.0,19765.660997575782,3.287135362625122,0.3031743150821941,0.36,843.57,0.492,0.01,13.160000000000002,0.017,0.42,1746.6,0.441,0.01,13.160000000000002,0.017,0.11708671901686785,4.228807028994197e-06,0.002178327335217363,0.0,0.0,0.001,0.0,0.0,0.001,0.0,0.0,0.001,0.0,0.0,0.001
27,0,500,500.0,20407.724368651012,3.1486454010009766,0.30391743187688736,0.27,486.0,0.423,0.01,15.04,0.017,0.41,1902.3999999999999,0.449,0.01,15.04,0.017,0.9217852118851511,1.171817257272778e-05,0.019787915853853207,0.0,0.0,0.001,0.0,0.0,0.001,0.0,0.0,0.001,0.0,0.0,0.001
27,0,1000,1000.0,20908.411488652437,3.079436779022217,0.3062750624933796,0.27,492.47999999999996,0.424,0.01,15.04,0.017,0.45,2041.8000000000002,0.455,0.01,15.04,0.017,0.12441509522886918,4.224087206239346e-06,0.003152641858437423,0.0,0.0,0.001,0.0,0.0,0.001,0.0,0.0,0.001,0.0,0.0,0.001
27,0,1500,1500.0,21100.456941668846,3.1526687145233154,0.3064068486337131,0.28,533.52,0.431,0.01,16.92,0.018,0.47,2156.6,0.46,0.01,16.92,0.018,0.11396027074965787,4.22536641053739e-06,0.0035201573621490025,0.0,0.0,0.001,0.0,0.0,0.001,0.0,0.0,0.001,0.0,0.0,0.001
27,0,2000,2000.0,21020.794565048687,3.3172614574432373,0.30756299951930965,0.28,524.88,0.43,0.01,16.92,0.018,0.47,2222.2,0.462,0.01,16.92,0.018,0.13671094448284293,4.2253086576238275e-06,0.005184501353546055,0.0,0.0,0.001,0.0,0.0,0.001,0.0,0.0,0.001,0.0,0.0,0.001
27,0,2500,2500.0,20624.508313070917,3.3440611362457275,0.30626804753740056,0.27,524.88,0.429,0.01,18.8,0.018,0.46,2222.2,0.462,0.01,18.8,0.018,0.11892064958374249,4.224737494951114e-06,0.00572675593430025,0.0,0.0,0.001,0.0,0.0,0.001,0.0,0.0,0.001,0.0,0.0,0.0
27,0,3000,3000.0,19966.046284311367,3.1685047149658203,0.3047529219629116,0.26,505.43999999999994,0.426,0.01,18.8,0.018,0.45,2156.6,0.457,0.01,18.8,0.018,0.15179589181570918,4.2239744288963266e-06,0.00911909917693634,0.0,0.0,0.001,0.0,0.0,0.001,0.0,0.0,0.0,0.0,0.0,0.0
27,0,3500,3500.0,19116.64208578844,2.897056818008423,0.3012922550539687,0.23,474.36,0.425,0.01,18.8,0.018,0.44,2033.6,0.45,0.01,18.8,0.018,0.1392305795775428,4.223244104650803e-06,0.0107442206061248,0.0,0.0,0.0,0.0,0.0,0.0,0.0,0.0,0.0,0.0,0.0,0.0
27,0,4000,4000.0,18173.621027906418,2.5703203678131104,0.29634334905008514,0.22,462.29999999999995,0.423,0.01,18.8,0.018,0.4,1877.8,0.441,0.01,18.8,0.018,0.010109449976880569,4.2132405724260025e-06,0.000969365734921295,0.0,0.0,0.0,0.0,0.0,0.0,0.0,0.0,0.0,0.0,0.0,0.0
27,0,4500,4500.0,17299.724986130128,2.244617462158203,0.2914226031136599,0.21,393.12,0.407,0.09,354.2,0.05,0.37,1713.7999999999997,0.43,0.01,18.8,0.018,0.8665883013229347,1.1867844477819744e-05,0.10458233749290048,0.0,0.0,0.0,0.0,0.0,0.0,0.0,0.0,0.0,0.0,0.0,0.0
27,0,5000,5000.0,16581.841106436616,2.0065841674804688,0.2850615898787121,0.2,384.48,0.405,0.09,371.91,0.05,0.35,1558.0,0.419,0.01,16.92,0.018,0.7924362895153081,1.0743719030870125e-05,0.11625835833566696,0.0,0.0,0.0,0.0,0.0,0.0,0.0,0.0,0.0,0.0,0.0,0.0
27,0,5500,5500.0,16165.869668340949,1.9580270051956177,0.281030550141153,0.17,349.92,0.397,0.01,15.04,0.018,0.32,1443.2,0.409,0.01,15.04,0.018,0.0,0.0,0.0,0.0,0.0,0.0,0.0,0.0,0.0,0.0,0.0,0.0,0.0,0.0,0.0
27,0,6000,6000.0,16019.519744299816,1.9589948654174805,0.2754634947973319,0.16,352.08,0.397,0.01,15.04,0.017,0.29,1361.2,0.402,0.01,15.04,0.017,0.0,0.0,0.0,0.0,0.0,0.0,0.0,0.0,0.0,0.0,0.0,0.0,0.0,0.0,0.0
27,0,6500,6500.0,16297.630107416975,2.1399660110473633,0.27384138416527304,0.23,609.18,0.369,0.01,13.160000000000002,0.017,0.26,1320.2,0.398,0.01,13.160000000000002,0.017,0.0,0.0,0.0,0.0,0.0,0.0,0.0,0.0,0.0,0.0,0.0,0.0,0.0,0.0,0.0
27,0,7000,7000.0,16905.301159732364,2.471450090408325,0.2720589654099539,0.24,626.34,0.371,0.01,13.160000000000002,0.017,0.22,1328.4,0.396,0.01,13.160000000000002,0.017,0.0,0.0,0.0,0.0,0.0,0.0,0.0,0.0,0.0,0.0,0.0,0.0,0.0,0.0,0.0
27,0,7500,7500.0,17862.349083035486,2.8210806846618652,0.2734146065213018,0.29,737.88,0.382,0.01,13.160000000000002,0.017,0.25,1361.2,0.395,0.01,13.160000000000002,0.017,0.0,0.0,0.0,0.0,0.0,0.0,0.0,0.0,0.0,0.0,0.0,0.0,0.0,0.0,0.0
27,0,8000,8000.0,19014.751666857213,3.182720422744751,0.2749401101852001,0.3,755.04,0.384,0.01,13.160000000000002,0.017,0.3,1418.6,0.392,0.01,13.160000000000002,0.017,0.0,0.0,0.0,0.0,0.0,0.0,0.0,0.0,0.0,0.0,0.0,0.0,0.0,0.0,0.0
27,0,8500,8500.0,20272.585670245917,3.485184907913208,0.27755734949315003,0.32,809.38,0.389,0.01,13.160000000000002,0.017,0.36,1508.8,0.392,0.01,13.160000000000002,0.017,0.0,0.0,0.0,0.0,0.0,0.0,0.0,0.0,0.0,0.0,0.0,0.0,0.0,0.0,0.0
27,0,9000,9000.0,21430.546259267932,3.7023134231567383,0.28035952336597186,0.3,591.82,0.387,0.01,15.04,0.017,0.43,1631.8,0.392,0.01,15.04,0.017,0.0,0.0,0.0,0.0,0.0,0.0,0.0,0.0,0.0,0.0,0.0,0.0,0.0,0.0,0.0
27,0,9500,9500.0,22419.01082951972,3.9512827396392822,0.2828664629421973,0.31,527.04,0.407,0.01,15.04,0.017,0.5,1787.6000000000001,0.398,0.01,15.04,0.017,0.0,0.0,0.0,0.0,0.0,0.0,0.0,0.0,0.0,0.0,0.0,0.0,0.0,0.0,0.0
27,0,10000,10000.0,22889.316318375768,4.1383137702941895,0.2843119800627525,0.32,542.16,0.409,0.01,16.92,0.017,0.57,1976.2000000000003,0.405,0.01,16.92,0.017,0.0,0.0,0.0,0.0,0.0,0.0,0.0,0.0,0.0,0.0,0.0,0.0,0.0,0.0,0.0
27,0,10500,10500.0,22922.037820779587,4.160102367401123,0.2836730099038571,0.36,598.32,0.415,0.01,18.8,0.018,0.63,2164.8,0.413,0.01,18.8,0.018,0.0,0.0,0.0,0.0,0.0,0.0,0.0,0.0,0.0,0.0,0.0,0.0,0.0,0.0,0.0
27,0,11000,11000.0,22481.29050038233,3.9830522537231445,0.2842625380281589,0.35,589.68,0.414,0.15,478.1700000000001,0.049,0.68,2312.4,0.419,0.02,18.8,0.018,0.0,0.0,0.0,0.0,0.0,0.0,0.0,0.0,0.0,0.0,0.0,0.0,0.0,0.0,0.0
27,0,11500,11500.0,21487.215610837884,3.6816012859344482,0.28118238904808496,0.34,598.32,0.413,0.11,425.04,0.047,0.7,2435.4,0.423,0.02,22.56,0.018,0.0,0.0,0.0,0.0,0.0,0.0,0.0,0.0,0.0,0.0,0.0,0.0,0.0,0.0,0.0
27,0,12000,12000.0,19974.895473651628,3.2265753746032715,0.2773666541164529,0.31,568.08,0.409,0.08,354.2,0.045,0.67,2410.8,0.42,0.02,22.56,0.018,0.0,0.0,0.0,0.0,0.0,0.0,0.0,0.0,0.0,0.0,0.0,0.0,0.0,0.0,0.0
27,0,12500,12500.0,18139.553455939036,2.710557699203491,0.2708189643749555,0.25,498.48,0.398,0.05,301.07,0.042,0.61,2312.4,0.414,0.02,22.56,0.018,0.0,0.0,0.0,0.0,0.0,0.0,0.0,0.0,0.0,0.0,0.0,0.0,0.0,0.0,0.0
27,0,13000,13000.0,16056.291566700002,2.161817789077759,0.26250866416040947,0.22,478.38,0.395,0.04,247.94000000000003,0.04,0.5,2090.9999999999995,0.402,0.02,22.56,0.018,0.0,0.0,0.0,0.0,0.0,0.0,0.0,0.0,0.0,0.0,0.0,0.0,0.0,0.0,0.0
27,0,13500,13500.0,13976.196676196185,1.612212896347046,0.2531245087466508,0.16,424.11,0.384,0.04,194.81,0.037,0.39,1820.4000000000003,0.385,0.01,20.68,0.018,0.0,0.0,0.0,0.0,0.0,0.0,0.0,0.0,0.0,0.0,0.0,0.0,0.0,0.0,0.0
27,0,14000,14000.0,11913.943676784811,1.1295082569122314,0.23995824635244753,0.27,836.3999999999999,0.37,0.04,177.1,0.035,0.28,1508.8,0.362,0.01,20.68,0.018,0.0,0.0,0.0,0.0,0.0,0.0,0.0,0.0,0.0,0.0,0.0,0.0,0.0,0.0,0.0
27,0,14500,14500.0,10154.281638897079,1.0015672445297241,0.2287153070850568,0.39,1635.04,0.329,0.04,159.39,0.035,0.18,1197.2,0.334,0.01,16.92,0.017,0.0,0.0,0.0,0.0,0.0,0.0,0.0,0.0,0.0,0.0,0.0,0.0,0.0,0.0,0.0
27,0,15000,15000.0,8642.120909732046,1.0302034616470337,0.21449764800467852,0.14,620.16,0.343,0.04,141.68,0.035,0.11,942.9999999999999,0.305,0.01,15.04,0.017,0.0,0.0,0.0,0.0,0.0,0.0,0.0,0.0,0.0,0.0,0.0,0.0,0.0,0.0,0.0
27,0,15500,15500.0,7556.7177933232415,1.0550764799118042,0.20582124092758125,0.05,177.12,0.306,0.0,11.28,0.016,0.11,738.0,0.279,0.0,11.28,0.016,0.0,0.0,0.0,0.0,0.0,0.0,0.0,0.0,0.0,0.0,0.0,0.0,0.0,0.0,0.0
27,0,16000,16000.0,6766.649750318276,1.0747644901275635,0.19663399969785345,0.05,172.8,0.305,0.0,11.28,0.016,0.11,615.0,0.261,0.0,11.28,0.016,0.10376245081715751,4.226568307785783e-06,0.04887271129214155,0.0,0.0,0.0,0.0,0.0,0.0,0.0,0.0,0.0,0.0,0.0,0.0
27,0,16500,16500.0,6369.951659793492,1.0851515531539917,0.19521650694134055,0.06,155.52,0.306,0.0,7.52,0.015,0.12,557.6,0.263,0.0,7.52,0.015,0.07340830634348094,4.227308636473026e-06,0.0350752104210363,0.0,0.0,0.0,0.0,0.0,0.0,0.0,0.0,0.0,0.0,0.0,0.0
27,0,17000,17000.0,6139.054797100857,1.0894824266433716,0.19305738597886124,0.06,153.36,0.304,0.0,7.52,0.015,0.12,533.0,0.269,0.0,7.52,0.015,0.0,0.0,0.0,0.0,0.0,0.0,0.0,0.0,0.0,0.0,0.0,0.0,0.0,0.0,0.0
27,0,17500,17500.0,6088.190049560819,1.0825625658035278,0.1945371576635269,0.06,153.36,0.309,0.0,5.64,0.014,0.12,524.8,0.275,0.0,5.64,0.014,0.0,0.0,0.0,0.0,0.0,0.0,0.0,0.0,0.0,0.0,0.0,0.0,0.0,0.0,0.0
27,0,18000,18000.0,6068.248004825762,1.0676753520965576,0.19382792808287339,0.06,153.36,0.306,0.0,5.64,0.014,0.12,516.6,0.277,0.0,5.64,0.014,0.0,0.0,0.0,0.0,0.0,0.0,0.0,0.0,0.0,0.0,0.0,0.0,0.0,0.0,0.0
27,0,18500,18500.0,6081.398827507496,1.0426186323165894,0.1936497405359166,0.05,155.52,0.309,0.0,5.64,0.014,0.12,516.6,0.277,0.0,5.64,0.014,0.0,0.0,0.0,0.0,0.0,0.0,0.0,0.0,0.0,0.0,0.0,0.0,0.0,0.0,0.0
27,0,19000,19000.0,6095.231873218937,1.0092929601669312,0.19261626511538213,0.05,157.68,0.308,0.0,5.64,0.014,0.12,524.8,0.273,0.0,5.64,0.014,0.0,0.0,0.0,0.0,0.0,0.0,0.0,0.0,0.0,0.0,0.0,0.0,0.0,0.0,0.0
27,0,19500,19500.0,6098.063795499597,0.9698365926742554,0.1917090413131707,0.05,164.16,0.312,0.0,5.64,0.014,0.12,533.0,0.269,0.0,5.64,0.014,0.0,0.0,0.0,0.0,0.0,0.0,0.0,0.0,0.0,0.0,0.0,0.0,0.0,0.0,0.0
27,0,20000,20000.0,6080.572692958941,0.923903226852417,0.19089961707084716,0.05,166.32,0.312,0.0,5.64,0.014,0.12,541.2,0.266,0.0,5.64,0.014,0.0,0.0,0.0,0.0,0.0,0.0,0.0,0.0,0.0,0.0,0.0,0.0,0.0,0.0,0.0
28,0,-20000,20000.0,234405.8336151007,14.956563949584961,0.5084864182305963,2.89,11717.76,0.705,0.1,439.92,0.047,3.67,28527.8,0.758,0.1,439.92,0.047,135490.2125744733,10.51791000366211,0.4182649935855417,0.42,769.1199999999999,0.197,0.05,206.80000000000004,0.036,1.12,14292.6,0.629,0.05,206.80000000000004,0.036
28,0,-19500,19500.0,216970.26617585798,17.483566284179688,0.4908347885197442,1.53,6111.82,0.635,0.11,360.96,0.044,3.38,25772.6,0.739,0.11,360.96,0.044,140334.35391518893,11.257437705993652,0.430138352530718,0.87,5459.74,0.62,0.04,141.0,0.03,0.95,11849.0,0.598,0.04,141.0,0.03
28,0,-19000,19000.0,208877.45424319874,20.230419158935547,0.48149631016086847,1.6,6240.52,0.641,0.11,340.28,0.044,1.99,20926.4,0.696,0.11,340.28,0.044,149657.4034336549,11.720911979675293,0.44521699913829094,0.51,950.0,0.213,0.03,124.08,0.028,1.04,10315.6,0.56,0.03,124.08,0.028
28,0,-18500,18500.0,207479.2217823153,23.70302963256836,0.48525718006377166,1.51,5486.4,0.64,0.09,714.41,0.066,1.12,16252.4,0.64,0.05,227.48,0.037,160027.8455491024,16.199798583984375,0.4635220106012764,1.31,5202.34,0.632,0.02,95.88,0.024,1.18,9175.8,0.526,0.02,95.88,0.024
28,0,-18000,18000.0,211201.51441160124,25.020366668701172,0.4912397764517278,1.05,3737.52,0.639,0.04,193.64,0.034,1.57,15596.4,0.628,0.04,193.64,0.034,170690.92653285037,20.58712387084961,0.4771431441128869,1.47,4631.3,0.625,0.02,88.36,0.023,1.52,11119.2,0.565,0.02,88.36,0.023
28,0,-17500,17500.0,212535.34033288888,24.659273147583008,0.49291935942503196,1.54,4786.56,0.654,0.04,191.76,0.034,2.16,15506.2,0.628,0.04,191.76,0.034,178300.87626548653,23.726463317871094,0.48173352897101224,1.61,5176.6,0.637,0.03,139.12,0.03,1.83,13366.0,0.604,0.03,139.12,0.03
28,0,-17000,17000.0,211064.6050303214,21.772388458251953,0.4898316308406552,1.49,4732.56,0.651,0.06,193.64,0.034,2.81,16957.6,0.648,0.06,193.64,0.034,187194.01725624426,26.658855438232422,0.48649747980949876,1.85,5576.7,0.665,0.03,154.16,0.032,1.55,14530.399999999998,0.627,0.03,154.16,0.032
28,0,-16500,16500.0,208829.36288472265,18.126163482666016,0.4850238180242324,1.39,4618.08,0.644,0.09,233.12,0.038,3.44,18491.0,0.667,0.09,233.12,0.038,197927.96924815807,28.262231826782227,0.4926488958277834,1.87,5655.0,0.668,0.05,171.08,0.033,2.01,15653.8,0.648,0.05,171.08,0.033
28,0,-16000,16000.0,206690.01729628653,15.370549201965332,0.4802963153727464,1.12,4243.11,0.634,0.1,244.4,0.038,3.03,18318.8,0.664,0.1,244.4,0.038,213219.75806004772,28.757606506347656,0.5008422201711921,0.97,3292.0800000000004,0.66,0.06,178.6,0.034,2.57,15358.6,0.65,0.06,178.6,0.034
28,0,-15500,15500.0,206389.1580096446,18.018911361694336,0.478549807867753,0.89,4201.2,0.618,0.1,235.0,0.038,2.47,17941.6,0.659,0.1,235.0,0.038,234299.39592814865,30.688993453979492,0.5158886211947794,2.09,8479.9,0.721,0.06,180.48,0.036,3.24,15243.8,0.667,0.06,180.48,0.036
28,0,-15000,15000.0,210059.5303488546,20.867177963256836,0.4771376093770261,0.92,4166.64,0.614,0.1,233.12,0.037,1.6,17088.8,0.648,0.1,233.12,0.037,259762.6975746594,30.159387588500977,0.5362885612056569,2.3,8880.3,0.729,0.07,182.36,0.036,3.48,15522.6,0.672,0.07,182.36,0.036
28,0,-14500,14500.0,218182.6236292458,23.498233795166016,0.48143383541335505,0.99,4086.7200000000003,0.605,0.07,212.43999999999997,0.035,1.84,16129.400000000001,0.634,0.07,212.43999999999997,0.035,282856.52629935235,28.24964714050293,0.5491463802976082,2.2,8100.06,0.738,0.07,197.4,0.037,3.64,15793.200000000003,0.677,0.07,197.4,0.037
28,0,-14000,14000.0,233591.67125434033,26.117460250854492,0.49266637972651806,0.97,4086.7200000000003,0.602,0.06,208.68000000000004,0.035,1.98,15875.2,0.629,0.06,208.68000000000004,0.035,304354.83674440236,29.822813034057617,0.5685858633878578,2.35,8851.52,0.736,0.07,201.16,0.038,3.1,16801.8,0.677,0.07,201.16,0.038
28,0,-13500,13500.0,252534.6345791506,28.077573776245117,0.5069151344831078,1.46,8565.7,0.694,0.04,201.16,0.034,2.07,15744.0,0.625,0.04,201.16,0.034,318718.57673788327,32.598388671875,0.581573390314719,2.26,6929.28,0.746,0.09,225.6,0.038,2.58,18212.2,0.69,0.09,225.6,0.038
28,0,-13000,13000.0,274960.92223300366,29.89812660217285,0.5255030298214011,1.5,8817.38,0.7,0.04,197.4,0.034,1.94,15801.4,0.621,0.04,197.4,0.034,325056.11667618505,33.089439392089844,0.5980108835848047,2.12,7279.200000000001,0.755,0.08,233.12,0.038,3.27,22140.0,0.722,0.08,233.12,0.038
28,0,-12500,12500.0,298036.4682220272,30.61387062072754,0.543487390981249,1.82,14872.02,0.552,0.05,199.28,0.033,2.04,16334.400000000001,0.631,0.05,199.28,0.033,319678.0955590407,31.63735008239746,0.6012915667484,2.66,11182.71,0.788,0.13,332.76,0.044,4.89,26117.0,0.75,0.13,332.76,0.044
28,0,-12000,12000.0,318921.69915200793,31.387474060058594,0.561010048756348,2.11,15266.990000000002,0.56,0.05,203.04,0.034,2.36,18417.2,0.658,0.05,203.04,0.034,299850.5585491629,28.416824340820312,0.5955496339022078,2.33,12347.64,0.805,0.79,5844.3,0.12,4.69,28929.6,0.768,0.15,366.6,0.045
28,0,-11500,11500.0,334203.8461589598,32.100059509277344,0.5720342585028394,2.38,15214.12,0.563,0.06,255.68000000000004,0.038,2.69,20787.0,0.686,0.06,255.68000000000004,0.038,274217.7033460932,30.061960220336914,0.5821797195878106,2.12,6899.1,0.703,0.73,4852.54,0.109,4.21,31381.400000000005,0.783,0.11,419.24,0.047
28,0,-11000,11000.0,339403.01219515153,33.04388427734375,0.5754414509412453,2.63,14505.04,0.553,0.06,272.6,0.039,3.01,23599.6,0.709,0.06,272.6,0.039,242205.67990927957,30.30451011657715,0.5545879415644186,1.28,4182.96,0.704,0.7,4958.8,0.111,3.39,28945.999999999996,0.768,0.1,436.15999999999997,0.048
28,0,-10500,10500.0,336603.08196955884,34.55256271362305,0.5692546428274328,3.38,11452.52,0.737,0.07,344.04,0.043,3.32,26280.999999999996,0.729,0.07,344.04,0.043,213675.89174236637,29.052160263061523,0.5289892826294054,1.56,4840.08,0.707,0.06,366.6,0.045,3.16,26256.400000000005,0.752,0.06,366.6,0.045
28,0,-10000,10000.0,326252.84289911145,36.762935638427734,0.5591789686751183,3.25,9410.5,0.747,0.08,366.6,0.044,3.58,27904.6,0.741,0.08,366.6,0.044,192171.2678177515,25.318950653076172,0.5012699119630877,2.83,9722.64,0.701,0.07,347.8,0.044,3.41,23312.6,0.735,0.07,347.8,0.044
28,0,-9500,9500.0,312741.23549660237,38.383480072021484,0.5440524040036344,3.79,8660.08,0.725,0.08,404.2,0.046,3.8,29372.4,0.755,0.08,404.2,0.046,178319.15042978944,20.81331443786621,0.48470842352002813,4.46,21051.14,0.68,0.12,289.52,0.042,3.55,20549.2,0.72,0.12,289.52,0.042
28,0,-9000,9000.0,296557.3288743908,40.91073226928711,0.5291445310131013,3.93,8164.8,0.722,0.08,415.48,0.046,4.16,28659.000000000004,0.752,0.08,415.48,0.046,173200.3588922904,17.88751983642578,0.4752132006176571,2.01,8095.439999999999,0.688,0.13,268.84,0.041,2.67,16867.4,0.684,0.13,268.84,0.041
28,0,-8500,8500.0,281809.88191999693,42.0272216796875,0.5163362414617559,3.96,7752.08,0.729,0.09,398.56,0.046,4.52,27830.799999999996,0.752,0.09,398.56,0.046,176952.6562413841,20.73979377746582,0.4827831780754198,2.54,8604.52,0.708,0.04,182.36,0.035,2.13,13521.799999999997,0.639,0.04,182.36,0.035
28,0,-8000,8000.0,269276.28089468705,44.89491653442383,0.5100192395609255,2.71,5282.64,0.728,0.1,394.8,0.046,5.55,26412.2,0.743,0.1,394.8,0.046,187367.03387775924,24.552358627319336,0.4966215964958133,2.26,6707.7,0.704,0.04,157.92,0.033,1.74,12308.2,0.62,0.04,157.92,0.033
28,0,-7500,7500.0,258462.894274234,46.65882110595703,0.5112831677177422,3.55,6693.84,0.74,0.14,362.84,0.045,6.57,25313.4,0.74,0.14,362.84,0.045,197996.81801754632,27.33079719543457,0.5095377586690746,2.35,6791.800000000001,0.708,0.03,139.12,0.031,1.49,11406.2,0.606,0.03,139.12,0.031
28,0,-7000,7000.0,242411.04510449548,44.83088684082031,0.5049931791967819,3.39,6598.8,0.733,1.24,5100.48,0.096,7.96,25313.4,0.741,0.15,355.32,0.045,208970.03659906395,30.912927627563477,0.525086295782928,2.56,6846.9,0.715,0.03,135.36,0.031,1.44,12423.0,0.624,0.03,135.36,0.031
28,0,-6500,6500.0,228125.84135278914,42.772369384765625,0.5020268848647691,4.21,9742.77,0.755,1.0,4462.92,0.089,9.23,25575.8,0.746,0.2,349.68,0.044,214470.23225981358,33.136024475097656,0.532587694436269,3.38,7689.600000000001,0.697,0.04,169.2,0.035,1.78,13489.0,0.643,0.04,169.2,0.035
28,0,-6000,6000.0,203592.22053309786,32.41343307495117,0.4749259979789284,3.8,9588.27,0.745,0.8,4037.8799999999997,0.085,8.46,24870.6,0.733,0.21,349.68,0.045,213649.6269348095,32.051788330078125,0.5337515180910481,4.23,7977.96,0.699,0.05,178.6,0.036,2.89,15350.399999999998,0.667,0.05,178.6,0.036
28,0,-5500,5500.0,183015.39845848165,23.681093215942383,0.4526896535880168,7.53,24190.0,0.72,0.2,2628.48,0.171,7.53,24190.0,0.72,0.18,327.12,0.043,207610.84260935793,28.68286895751953,0.5250938555287656,4.81,8216.48,0.706,0.1,227.48,0.04,4.07,17457.8,0.697,0.1,227.48,0.04
28,0,-5000,5000.0,163146.44319760264,16.031034469604492,0.4249734628421375,4.75,19991.6,0.663,0.19,2521.92,0.169,4.75,19991.6,0.663,0.17,321.48,0.042,196157.43802042195,28.840970993041992,0.5124224663560194,4.36,6269.8,0.704,0.11,242.52,0.041,4.56,18515.6,0.711,0.11,242.52,0.041
28,0,-4500,4500.0,149353.54933465132,12.454547882080078,0.40937914189539343,0.76,3286.3500000000004,0.554,0.21,2557.44,0.177,2.21,15949.0,0.604,0.1,225.6,0.035,183965.7126209415,35.84667205810547,0.49611132953480525,4.48,6301.7,0.706,0.14,261.32,0.042,4.89,19466.8,0.725,0.14,261.32,0.042
28,0,-4000,4000.0,140479.7999735456,11.052789688110352,0.39588599596318064,0.72,3051.18,0.535,0.69,4303.53,0.095,1.52,13956.4,0.566,0.08,203.04,0.033,171885.81778939467,42.233299255371094,0.47807151111306967,4.36,5869.6,0.685,0.14,268.84,0.043,3.27,17433.2,0.704,0.14,268.84,0.043
28,0,-3500,3500.0,135367.21234444523,10.284503936767578,0.39024339966805016,0.55,2621.04,0.503,0.07,167.32,0.03,1.34,12562.4,0.542,0.07,167.32,0.03,165054.98605272576,44.437599182128906,0.46992905528344503,4.34,5834.8,0.683,0.1,216.19999999999996,0.04,2.66,15301.2,0.679,0.1,216.19999999999996,0.04
28,0,-3000,3000.0,133937.63508948247,10.04135513305664,0.389220069893255,0.52,2600.94,0.508,0.06,159.8,0.03,1.12,11521.0,0.52,0.06,159.8,0.03,163519.81435515042,44.443687438964844,0.46143512870633474,2.99,4009.95,0.688,0.99,4781.7,0.103,3.44,14317.2,0.665,0.11,197.4,0.038
28,0,-2500,2500.0,135491.60339243372,10.033331871032715,0.3948456231962225,0.45,2568.78,0.523,0.05,131.6,0.026,0.91,10774.8,0.505,0.05,131.6,0.026,165318.98221892066,42.93840789794922,0.4601033325630457,2.99,3941.61,0.682,0.15,188.0,0.038,4.04,13620.2,0.662,0.15,188.0,0.038
28,0,-2000,2000.0,138714.53543534217,10.043306350708008,0.40091799793306415,0.46,2657.22,0.532,0.04,124.08,0.025,0.79,10307.4,0.498,0.04,124.08,0.025,168303.16421332647,34.43263626098633,0.45474008424315354,5.44,7939.68,0.674,0.17,189.88,0.038,4.59,13735.0,0.66,0.17,189.88,0.038
28,0,-1500,1500.0,142713.31429774512,10.019030570983887,0.4081466870829514,0.51,2911.68,0.538,0.04,120.32,0.026,0.72,10225.4,0.508,0.04,120.32,0.026,177075.59741508792,29.03019142150879,0.46220210475014095,7.82,16907.8,0.644,0.18,197.4,0.039,5.07,13915.399999999998,0.659,0.18,197.4,0.039
28,0,-1000,1000.0,146390.49617686286,9.878525733947754,0.4139240833426069,0.8,4802.4,0.571,0.04,120.32,0.026,0.77,10668.2,0.526,0.04,120.32,0.026,185128.42631649988,21.820817947387695,0.46730684834514213,2.6,5549.64,0.67,0.19,199.28,0.039,4.91,13612.000000000002,0.644,0.19,199.28,0.039
28,0,-500,500.0,148911.95703304882,10.18412971496582,0.41707856077999766,1.08,5877.560000000001,0.567,0.04,133.48,0.028,0.84,11168.4,0.547,0.04,133.48,0.028,197627.7583743371,22.5393009185791,0.4806281457055972,2.08,5176.52,0.631,0.15,172.96,0.035,4.9,13833.4,0.639,0.15,172.96,0.035
28,0,0,0.0,150075.91285031388,11.869443893432617,0.4191481556483173,1.17,4845.9,0.575,0.04,137.24,0.029,0.98,11463.6,0.552,0.04,137.24,0.029,210328.89688859542,30.268089294433594,0.494917521681492,2.31,5877.56,0.662,0.14,167.32,0.034,3.9,13931.799999999997,0.626,0.14,167.32,0.034
28,0,500,500.0,150525.1902538263,12.89368724822998,0.4197792178289586,1.2,4854.6,0.576,0.04,142.88,0.029,1.13,11726.0,0.555,0.04,142.88,0.029,220966.1082294704,34.35811996459961,0.5069669900910233,2.45,6306.82,0.681,0.07,163.56,0.033,2.69,14382.8,0.625,0.07,163.56,0.033
28,0,1000,1000.0,150940.145969736,13.157465934753418,0.4180765252057647,0.69,2815.32,0.566,0.04,144.76,0.029,1.1,11980.2,0.554,0.04,144.76,0.029,229238.5652083649,35.10537338256836,0.5202188320224674,2.15,4730.4,0.656,0.06,167.32,0.033,2.78,15957.2,0.641,0.06,167.32,0.033
28,0,1500,1500.0,151967.692048163,12.708305358886719,0.41654950931915397,0.86,3304.4400000000005,0.572,0.04,150.4,0.029,1.05,12250.8,0.556,0.04,150.4,0.029,230154.9855218167,34.02145767211914,0.5231720080915981,2.41,5466.96,0.692,0.12,210.56000000000003,0.036,4.04,17392.2,0.655,0.12,210.56000000000003,0.036
28,0,2000,2000.0,154641.790950482,11.437325477600098,0.41385168488819274,0.83,3167.76,0.561,0.04,152.28,0.03,1.04,12308.2,0.555,0.04,152.28,0.03,223019.07615210075,27.86240005493164,0.5160962199709226,2.19,5374.08,0.689,0.14,225.6,0.037,4.54,19138.8,0.676,0.14,225.6,0.037
28,0,2500,2500.0,160064.77445569893,9.950260162353516,0.41526506333806545,0.76,2944.65,0.547,0.06,156.04,0.03,1.16,12439.4,0.561,0.06,156.04,0.03,213184.5032081619,21.03632164001465,0.5040483548018774,2.33,7922.76,0.715,0.15,268.84,0.04,4.82,20721.4,0.694,0.15,268.84,0.04
28,0,3000,3000.0,169613.16270203676,9.840787887573242,0.42394300367015686,0.66,2866.26,0.536,0.06,157.92,0.03,1.12,12054.0,0.553,0.06,157.92,0.03,202098.10680175177,14.865595817565918,0.48820208081858735,1.26,4780.08,0.669,0.15,282.0,0.041,3.84,20229.4,0.691,0.15,282.0,0.041
28,0,3500,3500.0,182979.54257597885,11.2172269821167,0.4386998195956398,0.83,5243.199999999999,0.577,0.06,148.52,0.029,1.07,11832.6,0.549,0.06,148.52,0.029,193142.1092617391,15.857717514038086,0.47440599790906895,1.7,8027.8,0.638,0.11,268.84,0.041,2.86,19655.4,0.691,0.11,268.84,0.041
28,0,4000,4000.0,198557.82049616374,12.337985038757324,0.4588170450827883,1.2,6577.2,0.63,0.06,144.76,0.029,0.9,11931.0,0.545,0.06,144.76,0.029,189057.90174711787,17.430814743041992,0.46263750565270634,1.79,6046.5,0.638,0.1,266.96,0.041,1.85,17310.2,0.663,0.1,266.96,0.041
28,0,4500,4500.0,212667.86560922046,12.973291397094727,0.4767327766664111,1.24,6684.5,0.634,0.04,146.64,0.029,1.02,12431.2,0.552,0.04,146.64,0.029,190530.05905218504,19.453773498535156,0.46030264450062874,2.31,9320.08,0.67,0.07,210.56000000000003,0.037,1.38,14784.600000000002,0.627,0.07,210.56000000000003,0.037
28,0,5000,5000.0,223241.76668670843,12.859370231628418,0.4896806490698431,0.75,4123.8,0.64,0.04,148.52,0.029,1.18,14309.0,0.581,0.04,148.52,0.029,198834.36622462454,22.038599014282227,0.4675995664979148,2.37,7047.0,0.667,0.07,195.52,0.036,1.33,13562.8,0.603,0.07,195.52,0.036
28,0,5500,5500.0,227738.73855688144,12.931178092956543,0.4936153242756448,0.95,4759.68,0.642,0.04,195.52,0.033,1.31,16277.000000000002,0.608,0.04,195.52,0.033,209116.8283953637,24.148069381713867,0.4778284310105864,2.42,7136.9,0.671,0.07,176.72,0.034,1.33,12521.4,0.583,0.07,176.72,0.034
28,0,6000,6000.0,225877.0899778814,12.561295509338379,0.49146493078009756,0.88,4681.29,0.638,0.04,208.68000000000004,0.034,1.28,18491.0,0.636,0.04,208.68000000000004,0.034,218013.08390622112,26.09670639038086,0.48849051162001345,3.0,8030.1,0.69,0.07,171.08,0.033,1.55,12578.8,0.579,0.07,171.08,0.033
28,0,6500,6500.0,219447.50198536785,11.679686546325684,0.4817481462559785,0.66,4512.45,0.631,0.6,6818.35,0.114,1.42,20565.6,0.66,0.08,259.44,0.038,223895.32817833533,29.05061149597168,0.4945175919879295,3.04,8105.5,0.692,0.09,180.48,0.034,1.82,12956.0,0.584,0.09,180.48,0.034
28,0,7000,7000.0,210575.76805481804,10.436586380004883,0.4717084199111912,0.58,4309.44,0.619,0.66,6712.09,0.113,1.26,20090.0,0.656,0.08,276.36,0.039,224302.51458292332,29.77845001220703,0.4980563572864876,1.59,4673.64,0.687,0.1,184.24,0.034,2.24,14801.0,0.613,0.1,184.24,0.034
28,0,7500,7500.0,203683.8967475749,9.01684284210205,0.46509285109599263,0.39,3863.22,0.595,0.06,255.68000000000004,0.037,1.18,19401.2,0.65,0.06,255.68000000000004,0.037,220574.34035878396,31.169677734375,0.49687852990149917,2.05,5497.35,0.693,0.7,5189.03,0.103,2.69,16883.8,0.645,0.12,231.24,0.038
28,0,8000,8000.0,198914.0302878921,7.946933746337891,0.4584741918120517,0.69,6034.9,0.609,0.06,253.80000000000004,0.037,1.0,17548.0,0.626,0.06,253.80000000000004,0.037,209998.2900487259,30.694286346435547,0.49132593355207305,1.84,5290.32,0.682,0.48,4321.24,0.093,3.54,18327.0,0.656,0.12,244.4,0.039
28,0,8500,8500.0,197968.01205806187,7.604696273803711,0.45845997603907807,0.7,6008.8,0.608,0.04,212.43999999999997,0.035,0.81,15867.000000000002,0.606,0.04,212.43999999999997,0.035,195918.75291045872,29.284696578979492,0.4809823978207609,1.8,5030.64,0.654,0.42,3524.29,0.083,4.42,19614.4,0.668,0.11,276.36,0.04
28,0,9000,9000.0,199922.8049905032,8.675675392150879,0.4606372308342793,0.41,3393.0,0.594,0.04,203.04,0.034,0.64,15399.600000000002,0.597,0.04,203.04,0.034,174245.3657898819,23.978675842285156,0.45576118910408825,2.5,7119.36,0.671,0.38,3116.96,0.077,4.58,19032.2,0.656,0.12,285.76,0.041
28,0,9500,9500.0,203129.10039618728,9.833428382873535,0.464259974493556,0.52,4011.96,0.602,0.03,199.28,0.033,0.59,14989.600000000002,0.593,0.03,199.28,0.033,154400.8562945266,18.95638656616211,0.43133249394740414,1.79,6445.74,0.648,0.32,2780.47,0.07,4.55,18417.2,0.646,0.11,263.2,0.039
28,0,10000,10000.0,206836.9468747027,10.84277629852295,0.47122284922303864,0.72,6568.5,0.639,0.03,201.16,0.033,0.72,14661.6,0.585,0.03,201.16,0.033,136105.23963928863,13.950445175170898,0.4014893000420297,3.3,16465.6,0.621,0.26,2851.31,0.071,3.3,16465.6,0.621,0.11,257.56,0.038
28,0,10500,10500.0,211081.22801381105,11.600276947021484,0.479544755346981,0.73,6617.8,0.641,0.04,193.64,0.033,0.85,14464.8,0.581,0.04,193.64,0.033,124382.36163603142,10.698110580444336,0.3837798575188038,0.83,4829.67,0.581,0.27,3081.54,0.074,2.2,14612.4,0.593,0.07,204.92000000000002,0.035
28,0,11000,11000.0,213745.2839640726,11.838106155395508,0.48280108462665133,0.48,4017.66,0.644,0.04,193.64,0.033,0.84,14940.399999999998,0.587,0.04,193.64,0.033,117288.23092106322,8.311701774597168,0.367703238487825,0.55,2544.48,0.5,0.24,3506.58,0.081,1.53,12127.8,0.55,0.06,191.76,0.034
28,0,11500,11500.0,217594.92749766796,11.80052661895752,0.48735161335489896,0.59,4651.14,0.647,0.04,204.92000000000002,0.034,0.8,15719.400000000001,0.6,0.04,204.92000000000002,0.034,115069.40673950594,6.875085830688477,0.36364531058036054,0.69,3701.82,0.527,0.24,3984.75,0.087,1.22,10135.2,0.514,0.03,135.36,0.028
28,0,12000,12000.0,221245.7748168439,11.364008903503418,0.4897230768903312,0.43,3459.12,0.606,0.04,212.43999999999997,0.035,0.82,17277.4,0.624,0.04,212.43999999999997,0.035,116338.42890515516,5.774232864379883,0.3645179922994358,0.42,2313.36,0.478,0.02,120.32,0.027,1.1,9298.8,0.497,0.02,120.32,0.027
28,0,12500,12500.0,224069.38475123607,13.143356323242188,0.4903056669494518,0.8,6949.8,0.643,0.05,250.04,0.038,0.9,18876.4,0.649,0.05,250.04,0.038,118996.24846854349,5.553593635559082,0.3694264912928168,0.41,2442.96,0.491,0.02,103.40000000000002,0.024,0.98,8749.4,0.486,0.02,103.40000000000002,0.024
28,0,13000,13000.0,226198.38895081775,16.536344528198242,0.49128294856393107,0.58,1348.2399999999998,0.227,0.05,261.32,0.039,1.04,18425.4,0.643,0.05,261.32,0.039,122037.42768143638,5.495980262756348,0.3742733650586725,0.6,3955.2,0.547,0.02,99.64,0.024,0.78,8938.0,0.486,0.02,99.64,0.024
28,0,13500,13500.0,228717.80367870815,19.930004119873047,0.4945003777706003,0.58,1348.2399999999998,0.227,0.04,236.88,0.037,1.19,18089.2,0.639,0.04,236.88,0.037,125623.16793096252,6.294384956359863,0.380954733438924,0.56,4131.33,0.553,0.02,103.40000000000002,0.024,0.77,9651.4,0.506,0.02,103.40000000000002,0.024
28,0,14000,14000.0,231442.44732664665,23.23686981201172,0.4947833373420231,1.72,9238.2,0.668,0.04,231.24,0.036,1.21,18154.8,0.637,0.04,231.24,0.036,127853.41269923374,7.3857421875,0.38158302157590274,0.29,884.64,0.189,0.03,107.15999999999998,0.025,0.77,10315.6,0.519,0.03,107.15999999999998,0.025
28,0,14500,14500.0,234516.6965546312,26.563753128051758,0.4952177254081727,2.04,9822.04,0.683,0.04,229.36,0.036,1.23,18778.0,0.648,0.04,229.36,0.036,129147.08482901333,8.454353332519531,0.3798847146835673,0.48,2877.12,0.518,0.02,124.08,0.027,0.73,10906.0,0.531,0.02,124.08,0.027
28,0,15000,15000.0,237537.66797894344,29.25166893005371,0.4944113507115589,2.05,7571.9,0.677,0.04,233.12,0.036,1.43,19409.4,0.655,0.04,233.12,0.036,131277.0751291886,9.30517292022705,0.38019122842167663,0.7,4202.1,0.542,0.02,129.72,0.028,0.63,10848.6,0.524,0.02,129.72,0.028
28,0,15500,15500.0,241936.6213768719,31.226070404052734,0.4944015272760034,2.74,10327.56,0.689,0.05,246.28,0.037,1.82,19934.2,0.661,0.05,246.28,0.037,134815.4199827928,9.804054260253906,0.38360457914212315,0.63,3152.14,0.502,0.04,135.36,0.028,0.82,10651.8,0.517,0.04,135.36,0.028
28,0,16000,16000.0,247649.93377430964,33.498355865478516,0.4986520208593914,2.5,8325.9,0.695,0.06,251.92000000000002,0.037,2.06,19114.2,0.653,0.06,251.92000000000002,0.037,140171.37597816763,9.809432983398438,0.391981508826967,0.95,5240.3,0.593,0.04,137.24,0.028,1.09,9848.2,0.494,0.04,137.24,0.028
28,0,16500,16500.0,252844.5914431417,35.62162780761719,0.5029143605657861,2.26,6954.52,0.682,0.09,238.76,0.037,2.33,18113.8,0.644,0.09,238.76,0.037,149083.23758903425,9.604904174804688,0.4077620066277335,0.97,5324.4,0.597,0.03,112.8,0.025,1.35,9257.8,0.477,0.03,112.8,0.025
28,0,17000,17000.0,256817.21668993123,37.82998275756836,0.5091354293363084,1.59,4906.8,0.692,0.09,233.12,0.037,2.7,18515.6,0.651,0.09,233.12,0.037,158176.6635522712,9.041133880615234,0.4243418944373816,0.58,3025.86,0.586,0.02,107.15999999999998,0.024,1.43,9462.8,0.485,0.02,107.15999999999998,0.024
28,0,17500,17500.0,256264.49194931192,38.8455924987793,0.5094838728842417,2.14,5933.52,0.689,0.1,255.68000000000004,0.038,3.03,18868.2,0.659,0.1,255.68000000000004,0.038,165892.4357026015,8.461335182189941,0.43840173243608627,0.74,3575.79,0.594,0.02,120.32,0.026,1.46,9971.2,0.507,0.02,120.32,0.026
28,0,18000,18000.0,251392.66987019219,36.65447235107422,0.5055449948414341,2.1,5948.64,0.687,0.11,263.2,0.039,3.9,20573.8,0.676,0.11,263.2,0.039,169472.7663959482,9.044326782226562,0.44859294244032744,1.24,5173.6,0.588,0.03,125.96000000000001,0.027,1.3,11275.0,0.538,0.03,125.96000000000001,0.027
28,0,18500,18500.0,245622.90143317077,36.534603118896484,0.5009227631476859,2.01,5961.6,0.688,0.11,298.92,0.041,4.79,22410.6,0.694,0.11,298.92,0.041,167449.62297402637,9.770380020141602,0.44896632557293464,1.28,5159.1,0.588,0.28,3931.6200000000003,0.091,1.15,12554.2,0.567,0.05,159.8,0.031
28,0,19000,19000.0,236233.4787609754,36.211483001708984,0.4887815624804883,1.49,4156.86,0.646,0.13,310.2,0.041,4.37,22591.0,0.691,0.13,310.2,0.041,159924.9200374491,9.26914119720459,0.44260373589915,0.75,3112.86,0.588,0.28,3559.7099999999996,0.087,1.04,13718.6,0.583,0.06,169.2,0.032
28,0,19500,19500.0,231547.68930317368,35.89170837402344,0.48431161534302136,2.06,5322.24,0.655,0.78,7703.849999999999,0.12,4.07,22951.8,0.694,0.13,306.44,0.041,150340.10629586695,8.239510536193848,0.4319516947252642,0.93,3620.0100000000007,0.593,0.31,3258.64,0.083,0.97,14940.399999999998,0.601,0.06,195.52,0.034
28,0,20000,20000.0,226894.55892469268,31.678625106811523,0.47883989437293906,2.01,5073.84,0.641,0.7,7845.529999999999,0.121,4.55,21820.2,0.68,0.13,306.44,0.041,138347.7904480064,6.635110855102539,0.4147556598748524,1.65,7221.6,0.583,0.39,3347.19,0.084,1.13,14735.399999999998,0.595,0.06,204.92000000000002,0.035
29,0,-20000,20000.0,141950.28508068447,15.539987564086914,0.4710233994457053,0.87,3311.28,0.632,0.08,223.72,0.04,2.67,16121.2,0.708,0.08,223.72,0.04,9352.72623774132,2.0201539993286133,0.2363206479620243,0.21,432.1,0.395,0.03,165.76000000000002,0.094,0.18,631.4,0.342,0.01,9.4,0.016
29,0,-19500,19500.0,137229.25681327272,15.433279991149902,0.460213866030692,1.06,5064.51,0.682,0.06,180.48,0.037,2.22,14399.199999999999,0.685,0.06,180.48,0.037,9946.376313686655,1.9509841203689575,0.24023337324301705,0.21,432.1,0.395,0.0,7.52,0.016,0.14,500.2,0.309,0.0,7.52,0.016
29,0,-19000,19000.0,139538.92008358275,16.444894790649414,0.4604134485059064,1.0,3578.86,0.612,0.06,167.32,0.036,1.8,12636.2,0.656,0.06,167.32,0.036,11262.4917752371,1.989882230758667,0.2469663642296988,0.2,455.3,0.393,0.0,7.52,0.016,0.12,451.00000000000006,0.29,0.0,7.52,0.016
29,0,-18500,18500.0,146986.36323138612,18.42827033996582,0.4724350547704779,1.12,3982.72,0.64,0.05,124.08,0.03,1.45,11201.2,0.63,0.05,124.08,0.03,13303.489564070444,2.134728193283081,0.260433960101827,0.31,703.56,0.408,0.0,5.64,0.015,0.1,434.6,0.282,0.0,5.64,0.015
29,0,-18000,18000.0,160066.7147240241,23.70756721496582,0.4859586579953317,1.39,4843.0,0.654,0.05,112.8,0.029,1.55,11340.6,0.634,0.05,112.8,0.029,16094.54213628753,2.6771066188812256,0.27097535304391485,1.12,2768.85,0.474,0.0,5.64,0.015,0.11,500.2,0.292,0.0,5.64,0.015
29,0,-17500,17500.0,173337.9802228212,26.566190719604492,0.49291161821579627,2.02,6835.4,0.732,0.06,116.56,0.03,1.77,11791.6,0.645,0.06,116.56,0.03,19187.85662612922,3.367166519165039,0.28121973038431375,1.3,3208.35,0.489,0.0,7.52,0.015,0.12,590.4,0.307,0.0,7.52,0.015
29,0,-17000,17000.0,190060.47045700278,27.621057510375977,0.4987412229777421,2.17,7121.4,0.74,0.06,118.44,0.03,1.98,13005.2,0.669,0.06,118.44,0.03,22757.893099563044,4.788395881652832,0.2861975807782918,0.6,1107.16,0.426,0.0,7.52,0.015,0.16,811.8,0.343,0.0,7.52,0.015
29,0,-16500,16500.0,204926.15253926523,32.80878448486328,0.49634733805803294,2.58,9026.16,0.78,0.07,154.16,0.034,2.07,13948.200000000003,0.686,0.07,154.16,0.034,26214.975732354327,6.416719436645508,0.2895674130264003,0.81,1345.68,0.439,0.0,9.4,0.015,0.23,1107.0,0.38,0.0,9.4,0.015
29,0,-16000,16000.0,221843.57293649064,37.92267990112305,0.4979744164293518,2.94,8021.7,0.775,0.08,165.44,0.036,2.7,14858.4,0.701,0.08,165.44,0.036,31684.007730191406,8.189982414245605,0.30430173009079453,0.64,603.44,0.202,0.0,9.4,0.015,0.37,1549.8,0.422,0.0,9.4,0.015
29,0,-15500,15500.0,239761.18486017748,41.014564514160156,0.5014221508108655,3.15,7607.3,0.779,0.06,188.0,0.038,3.33,15711.2,0.713,0.06,188.0,0.038,37914.11863390537,10.853662490844727,0.32003416689213865,1.73,2232.12,0.465,0.01,13.160000000000002,0.017,0.56,2066.4,0.456,0.01,13.160000000000002,0.017
29,0,-15000,15000.0,263308.5601928678,45.84268569946289,0.5196628843040438,3.08,8493.76,0.794,0.06,193.64,0.038,4.22,17966.2,0.741,0.06,193.64,0.038,44858.80705224783,14.8337984085083,0.3330200012326324,1.83,2244.6,0.523,0.01,15.04,0.017,0.64,2468.2,0.476,0.01,15.04,0.017
29,0,-14500,14500.0,282584.57473212143,48.02835464477539,0.5312976914416537,1.92,4211.2,0.783,0.09,244.4,0.042,5.32,20475.4,0.766,0.09,244.4,0.042,51676.83870077025,17.298898696899414,0.3407385965792859,2.62,3631.1999999999994,0.586,0.02,20.68,0.017,0.68,2804.4,0.49,0.02,20.68,0.017
29,0,-14000,14000.0,299653.1868380405,49.635337829589844,0.5469433746572054,2.96,6998.4,0.794,0.09,257.56,0.043,6.05,23583.2,0.789,0.09,257.56,0.043,60223.10371706137,19.17205047607422,0.3609035180132977,2.84,3677.2,0.647,0.02,20.68,0.018,0.86,2935.6,0.495,0.02,20.68,0.018
29,0,-13500,13500.0,311880.9311282828,48.95258331298828,0.5569553233196753,2.9,7879.679999999999,0.81,0.21,336.52,0.048,6.59,26682.8,0.808,0.21,336.52,0.048,68850.04135511494,20.29833221435547,0.3789986743344206,2.95,3781.5999999999995,0.655,0.02,24.44,0.018,0.99,2878.2,0.496,0.02,24.44,0.018
29,0,-13000,13000.0,317518.5273574396,46.472618103027344,0.5639698721439403,1.66,5017.600000000001,0.806,0.22,355.32,0.048,6.75,29011.600000000002,0.819,0.22,355.32,0.048,77877.88143879533,24.067296981811523,0.4069135899539475,2.62,4271.7,0.683,0.02,26.320000000000004,0.018,1.13,3353.8,0.509,0.02,26.320000000000004,0.018
29,0,-12500,12500.0,319411.29554562335,47.73610305786133,0.5668167461401714,2.49,8694.42,0.794,0.21,398.56,0.049,6.85,30963.2,0.827,0.21,398.56,0.049,84624.59602145277,27.995044708251953,0.42377260861536853,2.59,4309.4,0.685,0.02,33.84,0.018,1.22,3771.9999999999995,0.519,0.02,33.84,0.018
29,0,-12000,12000.0,316197.43109041854,49.44435501098633,0.5674271235905752,2.95,9485.9,0.793,0.2,413.6000000000001,0.049,6.15,31053.399999999998,0.827,0.2,413.6000000000001,0.049,89096.60679952272,31.732704162597656,0.4458949264655455,1.5,2315.94,0.659,0.02,35.72,0.018,1.64,4641.2,0.533,0.02,35.72,0.018
29,0,-11500,11500.0,310394.9697082257,49.56405258178711,0.5652594735966805,2.98,9465.6,0.793,0.14,417.36000000000007,0.049,6.25,30684.4,0.825,0.14,417.36000000000007,0.049,90463.4860515926,33.506954193115234,0.45903026885936987,1.78,2765.76,0.668,0.03,50.76,0.02,2.05,5412.0,0.543,0.03,50.76,0.02
29,0,-11000,11000.0,303051.310194552,48.876800537109375,0.5629331648464531,1.81,5679.36,0.791,0.12,419.24,0.049,6.32,29569.200000000004,0.819,0.12,419.24,0.049,85388.6283860442,32.59553909301758,0.46258228271489266,1.83,2578.83,0.653,0.02,27.36,0.08,2.49,6281.2,0.557,0.04,63.92000000000001,0.023
29,0,-10500,10500.0,296089.90785329946,47.815147399902344,0.5621961522019652,1.47,4571.0,0.789,0.12,392.92,0.048,6.22,28372.0,0.812,0.12,392.92,0.048,78069.4739619716,31.04347038269043,0.4618296410495523,1.85,2291.4,0.625,0.02,27.36,0.08,2.9,7338.999999999999,0.592,0.1,95.88,0.03
29,0,-10000,10000.0,288016.5852754065,47.31666564941406,0.5591875080701322,1.47,4519.2,0.787,0.12,385.3999999999999,0.048,6.13,27691.400000000005,0.807,0.12,385.3999999999999,0.048,66365.29802224862,26.385501861572266,0.45033619181021134,1.17,1544.2,0.615,0.01,12.16,0.064,3.13,7740.8,0.605,0.11,107.15999999999998,0.032
29,0,-9500,9500.0,280791.3427511881,48.04233169555664,0.5581504830838735,2.11,6241.05,0.784,0.13,370.36,0.047,5.98,27174.8,0.804,0.13,370.36,0.047,54653.69138618248,21.047000885009766,0.4398879030805042,5.64,9828.82,0.593,0.07,177.1,0.042,3.33,8142.6,0.616,0.13,107.15999999999998,0.032
29,0,-9000,9000.0,270789.6536722113,48.2651252746582,0.5530398747603339,2.08,6086.28,0.777,0.13,366.6,0.047,5.74,26469.6,0.799,0.13,366.6,0.047,41035.13310243178,15.366375923156738,0.40737165371183365,0.62,884.8,0.475,0.04,106.26,0.036,3.05,7232.4,0.588,0.13,109.03999999999999,0.032
29,0,-8500,8500.0,262603.7254186055,48.443607330322266,0.5528620263615078,2.2,6108.48,0.756,0.13,347.8,0.046,5.57,25854.6,0.794,0.13,347.8,0.046,30356.85094446242,11.039417266845703,0.38967721618907675,1.22,2095.02,0.556,0.02,70.84,0.03,2.94,6551.8,0.564,0.08,77.08,0.027
29,0,-8000,8000.0,252224.48187029694,47.8171501159668,0.5505333779030838,2.23,6019.92,0.753,0.13,342.16,0.046,5.53,24903.4,0.786,0.13,342.16,0.046,20685.48547190954,7.363691329956055,0.3485344181363601,1.08,1662.42,0.545,0.02,70.84,0.029,2.41,5157.8,0.538,0.05,63.92000000000001,0.023
29,0,-7500,7500.0,242807.4939262132,46.94650650024414,0.5517785524807376,2.3,5842.8,0.746,0.14,321.48,0.045,5.44,24042.4,0.779,0.14,321.48,0.045,13730.079284436277,4.369417667388916,0.32086439393182725,0.8,1232.91,0.527,0.02,70.84,0.03,1.94,4059.0,0.523,0.03,33.84,0.019
29,0,-7000,7000.0,232623.6674222631,44.632659912109375,0.5515495091682552,1.46,3761.8,0.746,0.15,317.72,0.045,5.27,23411.0,0.773,0.15,317.72,0.045,8670.033639472655,2.4001636505126953,0.2652663227447563,0.49,757.05,0.493,0.01,41.440000000000005,0.057,1.26,2845.4,0.497,0.03,30.08,0.018
29,0,-6500,6500.0,222434.6636105463,42.093997955322266,0.5521315142849241,1.95,5121.48,0.743,0.16,304.56,0.044,5.3,22738.6,0.769,0.16,304.56,0.044,5507.3623977277975,1.3584266901016235,0.22674875283591167,0.27,500.58000000000004,0.452,0.01,47.36,0.061,0.7,1738.4,0.452,0.01,15.04,0.017
29,0,-6000,6000.0,209564.35479584892,37.83088684082031,0.5453071917750836,1.81,4956.66,0.737,0.17,300.8,0.044,5.02,21566.0,0.762,0.17,300.8,0.044,3891.733556737968,0.8325434923171997,0.18882020807583116,0.37,1082.4,0.397,0.01,47.36,0.059,0.37,1082.4,0.397,0.01,11.28,0.017
29,0,-5500,5500.0,196095.96928779886,36.259944915771484,0.5357588109859891,1.7,4371.84,0.699,0.16,278.24,0.043,4.72,20180.2,0.753,0.16,278.24,0.043,2930.4503406785784,0.5621737241744995,0.16721569973315,0.06,101.5,0.264,0.0,14.36,0.024,0.13,492.0,0.293,0.0,5.64,0.014
29,0,-5000,5000.0,182262.17211374754,33.17026138305664,0.5199447800068171,1.05,2847.6,0.699,0.15,274.48,0.043,4.36,18335.2,0.737,0.15,274.48,0.043,2603.320526648102,0.49079638719558716,0.16310521226637084,0.04,60.89999999999999,0.267,0.0,14.36,0.024,0.08,336.2,0.247,0.0,3.76,0.013
29,0,-4500,4500.0,171819.04537319718,30.511266708374023,0.510197334144535,0.9,2335.2,0.654,0.11,236.88,0.042,3.93,16506.6,0.718,0.11,236.88,0.042,2370.3599609852918,0.44358164072036743,0.1635287081675611,0.05,72.36,0.275,0.0,6.74,0.019,0.05,213.2,0.2,0.0,3.76,0.012
29,0,-4000,4000.0,164194.28038109196,27.822967529296875,0.49913011214433217,0.88,2272.2,0.645,0.11,225.6,0.041,3.39,14784.600000000002,0.694,0.11,225.6,0.041,2172.5116764935874,0.3938864767551422,0.16486176490921692,0.05,72.36,0.273,0.0,9.33,0.038,0.05,221.40000000000003,0.205,0.0,3.76,0.012
29,0,-3500,3500.0,160945.92674052823,26.030065536499023,0.4972209628931774,1.1,3322.53,0.649,0.09,176.72,0.036,2.79,13316.799999999997,0.671,0.09,176.72,0.036,1892.6041369307513,0.33365848660469055,0.1600634799205666,0.05,70.35,0.271,0.0,3.11,0.022,0.05,229.60000000000002,0.212,0.0,3.76,0.012
29,0,-3000,3000.0,161309.1781837458,25.02027702331543,0.49662268574270807,1.7,4616.8,0.651,0.09,165.44,0.035,2.3,12464.0,0.653,0.09,165.44,0.035,1498.9234428693267,0.2530229985713959,0.14356521479113693,0.03,46.2,0.265,0.0,5.8,0.044,0.05,213.2,0.207,0.0,3.76,0.013
29,0,-2500,2500.0,163722.78978637006,25.531360626220703,0.49891183276983153,1.72,4613.9,0.651,0.08,148.52,0.033,1.9,11840.8,0.64,0.08,148.52,0.033,1097.097635549906,0.17365510761737823,0.12079006903705139,0.02,33.6,0.241,0.0,6.02,0.023,0.05,188.6,0.198,0.0,3.76,0.013
29,0,-2000,2000.0,168224.79414810333,26.45268440246582,0.5032639377340501,2.08,4886.5,0.667,0.08,142.88,0.033,1.8,11742.4,0.641,0.08,142.88,0.033,707.8488716395882,0.10502305626869202,0.08830372658556226,0.02,29.4,0.226,0.0,6.96,0.085,0.04,155.8,0.18,0.0,3.76,0.013
29,0,-1500,1500.0,173819.57529517676,27.24336814880371,0.5111782914143296,2.11,4909.7,0.668,0.08,141.0,0.033,1.79,11890.0,0.647,0.08,141.0,0.033,425.2348686325888,0.055720485746860504,0.0593816873068243,0.02,46.35,0.201,0.0,8.16,0.057,0.03,114.80000000000001,0.163,0.0,1.88,0.012
29,0,-1000,1000.0,178791.15707421862,27.78571891784668,0.5224259952426467,1.28,3041.52,0.674,0.09,141.0,0.033,2.18,12685.4,0.666,0.09,141.0,0.033,221.83007226027485,0.022842666134238243,0.03222162068187164,0.01,15.120000000000001,0.124,0.0,8.16,0.057,0.02,73.8,0.124,0.0,1.88,0.012
29,0,-500,500.0,180880.6814291188,27.46479606628418,0.5288874692644513,1.56,3495.39,0.675,0.83,5791.17,0.127,2.68,13628.4,0.686,0.1,157.92,0.036,124.32445752473882,0.008942555636167526,0.018208736294730927,0.01,18.54,0.104,0.0,3.59,0.012,0.01,41.0,0.091,0.0,1.88,0.01
29,0,0,0.0,178100.24553565145,24.811174392700195,0.5305895710665224,1.53,3620.0100000000007,0.681,0.64,4887.96,0.117,3.09,14677.999999999998,0.7,0.1,163.56,0.036,88.13043532690727,0.0032581707928329706,0.012097894042718335,0.01,16.4,0.048,0.0,3.59,0.012,0.01,16.4,0.048,0.0,1.88,0.009
29,0,500,500.0,171950.71707814554,21.96034049987793,0.5263407925025404,1.41,3905.43,0.697,0.43,4073.2999999999997,0.106,3.43,15719.400000000001,0.713,0.11,186.12,0.038,93.11559452602012,0.005244727712124586,0.011888977278993178,0.0,0.0,0.003,0.0,0.0,0.003,0.0,8.2,0.017,0.0,0.0,0.004
29,0,1000,1000.0,161759.44044315745,18.215259552001953,0.5119819690283762,2.57,7870.32,0.693,0.32,3896.2000000000003,0.104,3.15,15949.0,0.715,0.11,193.64,0.039,121.63549463604468,0.007551509886980057,0.014106358623574889,0.01,9.27,0.046,0.0,0.0,0.003,0.0,8.2,0.011,0.0,0.0,0.003
29,0,1500,1500.0,151320.71971001587,14.14546012878418,0.4950852480299777,3.8,17734.61,0.684,0.39,3772.23,0.102,2.65,15744.0,0.712,0.09,204.92000000000002,0.039,169.609018233092,0.01068411860615015,0.018046025287934413,0.01,8.64,0.054,0.0,0.0,0.004,0.0,8.2,0.018,0.0,0.0,0.003
29,0,2000,2000.0,141340.31791455465,10.389629364013672,0.47726065400671974,1.24,7927.44,0.692,0.43,3913.91,0.104,1.93,14669.8,0.696,0.09,208.68000000000004,0.04,210.70478226004994,0.014349388889968395,0.02127650228646866,0.01,12.7,0.059,0.0,0.0,0.004,0.01,8.2,0.02,0.0,0.0,0.004
29,0,2500,2500.0,131549.6431370668,10.59100341796875,0.4586164798250759,0.84,5304.4,0.626,0.04,188.0,0.038,1.28,13284.0,0.673,0.04,188.0,0.038,241.5375357716897,0.017813386395573616,0.023488287476731602,0.01,17.78,0.075,0.0,0.0,0.008,0.0,8.2,0.019,0.0,0.0,0.005
29,0,3000,3000.0,123790.51000320258,11.639863014221191,0.44411318850625636,0.82,5382.72,0.628,0.04,182.36,0.037,0.85,10955.2,0.63,0.04,182.36,0.037,285.86524472879375,0.02430637925863266,0.02768132653751036,0.02,31.9,0.125,0.0,0.0,0.008,0.0,8.2,0.016,0.0,0.0,0.005
29,0,3500,3500.0,120242.87817120597,12.572050094604492,0.44198876713495705,0.8,5429.0,0.63,0.02,120.32,0.03,0.94,9003.6,0.584,0.02,120.32,0.03,353.25977190001936,0.03399096056818962,0.03413379979091761,0.01,11.2,0.089,0.0,3.59,0.008,0.0,8.2,0.016,0.0,0.0,0.005
29,0,4000,4000.0,119173.2085586543,13.35247802734375,0.4419070613218921,0.72,3981.7,0.611,0.02,103.40000000000002,0.028,1.02,8880.6,0.582,0.02,103.40000000000002,0.028,390.2699921069427,0.03589851036667824,0.03724034296088086,0.01,11.2,0.089,0.0,3.59,0.008,0.01,16.4,0.025,0.0,0.0,0.005
29,0,4500,4500.0,119323.37147990889,13.90431022644043,0.44516773261031706,0.72,3984.6,0.612,0.02,97.76,0.027,1.06,9159.4,0.59,0.02,97.76,0.027,479.51704212221887,0.03854530677199364,0.04422775801374058,0.01,11.2,0.094,0.0,3.59,0.012,0.01,24.6,0.034,0.0,1.88,0.006
29,0,5000,5000.0,118845.29128078825,14.207242965698242,0.44742364430764947,0.65,2857.5,0.565,0.02,97.76,0.027,1.05,9487.4,0.598,0.02,97.76,0.027,588.7111188896938,0.03552502021193504,0.05061232686077032,0.03,68.64,0.172,0.0,3.59,0.012,0.01,24.6,0.03,0.0,1.88,0.007
29,0,5500,5500.0,117059.70665137947,14.295117378234863,0.4458631333118608,0.77,2777.0600000000004,0.532,0.03,107.15999999999998,0.029,1.1,9659.6,0.603,0.03,107.15999999999998,0.029,835.1462665877733,0.05851536989212036,0.06544928867388691,0.06,137.28,0.245,0.0,3.59,0.015,0.01,16.4,0.022,0.0,1.88,0.007
29,0,6000,6000.0,113397.78508414802,14.909185409545898,0.4398717614955481,0.72,2661.92,0.549,0.03,110.92,0.029,1.23,9544.8,0.601,0.03,110.92,0.029,1217.4901973813974,0.1075742244720459,0.084929770526446,0.06,148.72,0.254,0.0,3.59,0.015,0.0,8.2,0.015,0.0,1.88,0.007
29,0,6500,6500.0,109537.63133310541,15.628047943115234,0.4334303362969825,0.64,2382.48,0.567,0.02,107.15999999999998,0.029,1.39,9462.8,0.601,0.02,107.15999999999998,0.029,1765.2212183065785,0.17838530242443085,0.10924278040820878,0.08,200.2,0.284,0.0,3.59,0.009,0.01,16.4,0.028,0.0,0.0,0.005
29,0,7000,7000.0,104835.71424086264,16.20611000061035,0.42290466421139206,0.67,2341.44,0.563,0.02,107.15999999999998,0.029,1.59,9438.2,0.602,0.02,107.15999999999998,0.029,2378.6189298111367,0.2607523798942566,0.13173191450267202,0.08,208.78,0.288,0.0,3.59,0.009,0.02,49.2,0.062,0.0,0.0,0.005
29,0,7500,7500.0,100539.72278035583,16.714780807495117,0.4130518092558102,0.73,2183.76,0.546,0.02,105.28000000000002,0.029,1.8,9462.8,0.604,0.02,105.28000000000002,0.029,2971.776963267348,0.33699119091033936,0.14974556730410354,0.05,86.4,0.253,0.0,3.59,0.012,0.03,106.6,0.112,0.0,1.88,0.008
29,0,8000,8000.0,96772.84785202706,16.980220794677734,0.4007254800578143,1.12,3432.99,0.609,0.03,105.28000000000002,0.029,1.95,9159.4,0.597,0.03,105.28000000000002,0.029,3447.866147728382,0.38269513845443726,0.1639630289993471,0.1,200.85,0.321,0.0,3.59,0.012,0.06,205.0,0.171,0.0,1.88,0.009
29,0,8500,8500.0,95088.32459349211,17.021202087402344,0.3941572081903274,1.14,3315.57,0.599,0.03,95.88,0.027,2.11,8897.0,0.591,0.03,95.88,0.027,3752.043552021678,0.4126005172729492,0.1720119028371529,0.08,146.88,0.312,0.0,7.18,0.02,0.09,328.0,0.221,0.0,3.76,0.012
29,0,9000,9000.0,95755.14554458458,16.974103927612305,0.3902003114175988,1.15,3185.79,0.589,0.03,94.0,0.027,2.13,8536.2,0.581,0.03,94.0,0.027,3802.661969898327,0.383881151676178,0.17478932473150133,0.13,287.37,0.366,0.0,7.18,0.02,0.12,442.80000000000007,0.254,0.0,3.76,0.013
29,0,9500,9500.0,98336.2263692265,16.78009033203125,0.3918744318881126,1.09,3015.84,0.567,0.03,84.6,0.025,2.15,8216.4,0.57,0.03,84.6,0.025,3674.9229716042464,0.33295711874961853,0.17212257451620347,0.12,281.19,0.364,0.0,12.44,0.038,0.14,541.2,0.277,0.0,5.64,0.015
29,0,10000,10000.0,104069.90484331438,16.673519134521484,0.40050728848399614,1.02,2889.15,0.553,0.03,80.84,0.025,2.06,7855.6,0.552,0.03,80.84,0.025,3384.9151122547482,0.3202269971370697,0.16536871618499968,0.1,278.1,0.364,0.0,5.64,0.015,0.14,549.4,0.279,0.0,5.64,0.015
29,0,10500,10500.0,111393.60106492447,16.578380584716797,0.41288029545345,0.93,2984.94,0.558,0.03,75.2,0.023,1.96,7593.2,0.541,0.03,75.2,0.023,3077.2838752454845,0.32835671305656433,0.15753865439057516,0.05,114.48,0.294,0.0,5.64,0.015,0.12,533.0,0.274,0.0,5.64,0.015
29,0,11000,11000.0,120338.77504311068,16.74295425415039,0.4299529815835068,0.83,4216.6,0.614,0.02,73.32,0.023,1.82,7847.4,0.546,0.02,73.32,0.023,2774.06858885588,0.32778438925743103,0.1478550688514346,0.05,101.52,0.281,0.0,5.64,0.016,0.08,434.6,0.246,0.0,5.64,0.016
29,0,11500,11500.0,128957.50247242005,17.294139862060547,0.4453266210493076,0.85,4268.8,0.617,0.02,82.72,0.024,1.68,8183.6,0.554,0.02,82.72,0.024,2586.228200137243,0.32396405935287476,0.1427474669576819,0.05,77.76,0.257,0.0,15.55,0.044,0.07,336.2,0.216,0.0,5.64,0.015
29,0,12000,12000.0,135996.81979035964,18.222679138183594,0.460514670841971,0.91,4866.2,0.647,0.03,86.48,0.025,1.59,8921.6,0.574,0.03,86.48,0.025,2539.647463394789,0.31622129678726196,0.14090344550510076,0.04,77.76,0.257,0.0,18.66,0.048,0.07,254.2,0.187,0.0,5.64,0.015
29,0,12500,12500.0,139708.56591089105,18.862730026245117,0.4676462318185383,0.91,4912.6,0.649,0.04,105.28000000000002,0.028,1.52,9585.8,0.59,0.04,105.28000000000002,0.028,2614.3430145534494,0.30635887384414673,0.14503339763493703,0.04,79.92,0.266,0.0,3.76,0.014,0.06,221.40000000000003,0.184,0.0,3.76,0.014
29,0,13000,13000.0,139362.3955837379,19.01154899597168,0.46901117874356757,0.81,4248.5,0.614,0.04,110.92,0.029,1.6,10307.4,0.606,0.04,110.92,0.029,2765.9125617347995,0.29677340388298035,0.1506985884112342,0.04,79.92,0.266,0.0,3.76,0.014,0.06,229.60000000000002,0.198,0.0,3.76,0.014
29,0,13500,13500.0,136298.20148535975,18.72788429260254,0.4639806604543215,0.57,3262.23,0.64,0.04,125.96000000000001,0.031,1.67,10988.0,0.621,0.04,125.96000000000001,0.031,2910.159791794922,0.2864418923854828,0.1559946745328817,0.04,90.72,0.274,0.0,3.76,0.014,0.06,246.0,0.21,0.0,3.76,0.014
29,0,14000,14000.0,129974.5907900724,18.681316375732422,0.45301302007637295,0.85,4601.01,0.65,0.04,131.6,0.031,1.72,11652.2,0.633,0.04,131.6,0.031,3045.6235203385604,0.3136179745197296,0.16181032904651227,0.04,90.72,0.274,0.0,3.76,0.014,0.06,270.6,0.221,0.0,3.76,0.014
29,0,14500,14500.0,121584.04821896646,18.20376205444336,0.43564703600732896,0.88,4338.36,0.633,0.03,146.64,0.033,1.78,12193.4,0.643,0.03,146.64,0.033,3108.66552991333,0.33827146887779236,0.16489502686959648,0.05,95.04,0.278,0.0,3.76,0.014,0.06,287.0,0.232,0.0,3.76,0.014
29,0,15000,15000.0,111648.8934172388,17.23984146118164,0.41446620765144887,0.91,4057.1700000000005,0.615,0.03,150.4,0.034,1.8,11512.8,0.627,0.03,150.4,0.034,3113.406793008835,0.36050519347190857,0.1676099141980829,0.05,92.88,0.275,0.0,3.76,0.014,0.06,303.4,0.241,0.0,3.76,0.014
29,0,15500,15500.0,103258.94775018477,16.131744384765625,0.3975112435626398,0.91,3757.44,0.593,0.02,129.72,0.031,1.85,10807.6,0.61,0.02,129.72,0.031,3041.7344257650257,0.3650785982608795,0.16743567214513377,0.05,92.88,0.275,0.0,3.76,0.014,0.06,319.8,0.247,0.0,3.76,0.014
29,0,16000,16000.0,95372.50933065868,14.675274848937988,0.37817170614071344,0.9,3432.99,0.567,0.03,125.96000000000001,0.03,1.83,9922.0,0.586,0.03,125.96000000000001,0.03,2904.485025046961,0.3495875895023346,0.16578067089554097,0.03,60.2,0.269,0.0,3.76,0.014,0.06,311.6,0.248,0.0,3.76,0.014
29,0,16500,16500.0,89298.73518219654,13.310986518859863,0.36397036520925324,0.86,3195.06,0.546,0.02,103.40000000000002,0.027,1.79,9110.2,0.561,0.02,103.40000000000002,0.027,2712.7301311677,0.32372570037841797,0.16154047198463492,0.04,79.92,0.269,0.0,3.76,0.014,0.06,303.4,0.246,0.0,3.76,0.014
29,0,17000,17000.0,84196.75682043309,12.053096771240234,0.3512665017683942,0.84,2607.1,0.472,0.02,95.88,0.026,1.7,8413.2,0.537,0.02,95.88,0.026,2475.722882521586,0.2866012752056122,0.1551568558692848,0.03,74.37,0.261,0.0,3.76,0.014,0.06,270.6,0.239,0.0,3.76,0.014
29,0,17500,17500.0,80570.58646134145,11.694272994995117,0.34430679883192644,0.84,2615.8,0.473,0.02,80.84,0.022,1.58,7806.4,0.516,0.02,80.84,0.022,2219.021506946592,0.2464274764060974,0.14685399959625361,0.03,68.34,0.256,0.0,23.68,0.038,0.05,246.0,0.228,0.0,3.76,0.014
29,0,18000,18000.0,77022.98723417369,11.465521812438965,0.3393329231299573,0.88,2485.3,0.458,0.02,77.08,0.022,1.45,7133.999999999999,0.492,0.02,77.08,0.022,1947.2095488200716,0.20478686690330505,0.13626417148841846,0.03,64.32,0.249,0.0,17.76,0.034,0.04,213.2,0.212,0.0,3.76,0.014
29,0,18500,18500.0,74206.24995646604,11.183120727539062,0.3385833111854839,0.88,2479.5,0.457,0.02,60.16,0.018,1.32,6723.999999999999,0.485,0.02,60.16,0.018,1686.9560380899202,0.170043483376503,0.12488497730462154,0.03,52.26,0.229,0.0,17.76,0.029,0.03,180.4,0.195,0.0,3.76,0.013
29,0,19000,19000.0,70542.00281665135,10.86262321472168,0.3359961100187204,0.88,2088.0,0.421,0.02,56.4,0.017,1.23,6650.199999999999,0.486,0.02,56.4,0.017,1436.7545211128345,0.14016158878803253,0.11225560764637602,0.02,33.06,0.185,0.0,12.44,0.043,0.03,155.8,0.177,0.0,3.76,0.013
29,0,19500,19500.0,66375.84570705431,10.49964427947998,0.33198775876790754,0.62,1587.9,0.439,0.02,56.4,0.017,1.15,6601.000000000001,0.487,0.02,56.4,0.017,1223.2976803917907,0.11428751796483994,0.10096329375980793,0.02,33.06,0.185,0.0,9.33,0.039,0.02,139.4,0.162,0.0,1.88,0.012
29,0,20000,20000.0,61066.893786329456,9.922776222229004,0.32407466344145974,0.62,1493.43,0.426,0.02,56.4,0.017,1.12,6461.6,0.485,0.02,56.4,0.017,1026.2681816087565,0.09252075105905533,0.08943231923324906,0.02,36.18,0.183,0.0,9.33,0.035,0.02,123.0,0.145,0.0,1.88,0.012
30,0,-20000,20000.0,564106.1351268077,32.30367660522461,0.6479942293288375,3.95,28571.57,0.675,0.11,526.4,0.05,4.0,39753.6,0.809,0.11,526.4,0.05,451705.43738230376,44.185523986816406,0.6074017159156699,5.37,17504.85,0.847,2.19,12963.72,0.154,10.9,49413.2,0.84,0.33,759.52,0.054
30,0,-19500,19500.0,570340.472075694,35.86338424682617,0.6457558544678692,3.73,17255.0,0.845,0.12,580.92,0.051,4.04,41246.0,0.816,0.12,580.92,0.051,426726.2635693496,40.70298385620117,0.6086170279636999,4.88,15607.59,0.829,0.23,682.44,0.053,9.76,45715.0,0.831,0.23,682.44,0.053
30,0,-19000,19000.0,577200.376904242,41.533267974853516,0.6460895957464766,3.86,16141.399999999998,0.84,0.13,597.84,0.051,3.58,42976.2,0.821,0.13,597.84,0.051,396737.1156907728,33.949737548828125,0.5910820265340557,4.27,13568.189999999999,0.808,0.2,659.88,0.052,8.71,40860.6,0.814,0.2,659.88,0.052
30,0,-18500,18500.0,582405.0522449284,44.371856689453125,0.6441144607232925,3.87,16063.1,0.839,0.11,641.08,0.052,3.84,44534.2,0.827,0.11,641.08,0.052,373311.77728578984,29.375614166259766,0.5766051618769228,3.48,12112.8,0.788,0.15,550.84,0.05,7.23,35965.2,0.794,0.15,550.84,0.05
30,0,-18000,18000.0,590818.1294618199,46.491207122802734,0.6462239138654879,2.38,11589.66,0.841,0.12,654.24,0.052,4.46,45559.2,0.831,0.12,654.24,0.052,358126.69699906616,31.166902542114258,0.5646978691475419,2.59,10512.180000000002,0.763,0.15,520.76,0.049,5.62,31471.600000000002,0.77,0.15,520.76,0.049
30,0,-17500,17500.0,600017.0748038001,47.127864837646484,0.6488426973337554,2.53,11095.2,0.84,0.15,671.16,0.052,4.91,46584.2,0.836,0.15,671.16,0.052,353017.8107667551,32.18135452270508,0.5663049185704807,2.92,18283.69,0.586,0.13,415.48,0.046,4.05,27732.4,0.747,0.13,415.48,0.046
30,0,-17000,17000.0,607576.4943353309,42.92051315307617,0.6529267082436861,4.79,22435.92,0.836,0.16,676.8,0.052,4.58,45985.6,0.838,0.16,676.8,0.052,351544.6299192652,30.2813777923584,0.5677126303231306,2.9,17521.74,0.577,0.12,385.3999999999999,0.045,3.31,26576.199999999997,0.737,0.12,385.3999999999999,0.045
30,0,-16500,16500.0,618666.8445841069,39.707740783691406,0.6608413383786621,2.92,31376.79,0.697,0.13,652.36,0.052,4.47,45657.6,0.84,0.13,652.36,0.052,349298.0057681696,30.0164737701416,0.5691086064972912,2.65,11188.2,0.759,0.09,372.24,0.044,3.82,25739.8,0.731,0.09,372.24,0.044
30,0,-16000,16000.0,627619.6381915546,36.88518142700195,0.6699211033761319,1.87,12854.16,0.853,0.14,646.72,0.052,4.03,47092.6,0.848,0.14,646.72,0.052,345597.9719957727,34.497745513916016,0.5668649968770475,1.42,6265.74,0.745,0.1,368.48,0.044,4.32,27060.0,0.735,0.1,368.48,0.044
30,0,-15500,15500.0,631341.706916011,38.02054214477539,0.6748511734638496,2.76,17711.98,0.848,0.12,678.68,0.053,4.29,48847.4,0.856,0.12,678.68,0.053,340166.8303104867,36.28003692626953,0.5599088315219855,1.72,7410.869999999999,0.753,0.1,407.96,0.045,4.82,28355.6,0.741,0.1,407.96,0.045
30,0,-15000,15000.0,625227.1641633995,38.97166061401367,0.6761087158231301,2.78,17609.02,0.847,0.12,688.08,0.053,4.16,50676.0,0.862,0.12,688.08,0.053,340104.164850917,35.48164749145508,0.5567281170398892,2.85,9680.2,0.745,0.1,417.36000000000007,0.046,3.8,27470.0,0.735,0.1,417.36000000000007,0.046
30,0,-14500,14500.0,614850.6361388752,39.40042495727539,0.6753134911295791,2.57,15300.96,0.851,0.12,736.96,0.054,3.86,52193.0,0.867,0.12,736.96,0.054,349951.45958414767,34.46882247924805,0.565991784847416,2.9,9616.399999999998,0.744,0.08,387.28,0.044,3.12,26723.800000000003,0.73,0.08,387.28,0.044
30,0,-14000,14000.0,598795.1206550669,38.801849365234375,0.6710525532369939,2.24,13802.4,0.865,0.12,750.12,0.055,3.79,52709.6,0.869,0.12,750.12,0.055,366516.9921694289,28.690235137939453,0.5760934341906893,3.6,10321.100000000002,0.76,0.09,377.87999999999994,0.044,3.69,25559.4,0.724,0.09,377.87999999999994,0.044
30,0,-13500,13500.0,582171.9067968851,38.7220344543457,0.6662827287256331,2.59,13227.84,0.858,0.12,767.04,0.055,4.68,52865.4,0.869,0.12,767.04,0.055,381583.13845799724,27.473445892333984,0.5789298388553514,3.65,10396.5,0.763,0.1,355.32,0.044,4.45,24550.8,0.72,0.1,355.32,0.044
30,0,-13000,13000.0,562451.9602735495,38.356178283691406,0.6541535554685596,2.33,12921.12,0.852,0.13,768.92,0.055,5.23,51660.0,0.863,0.13,768.92,0.055,400770.9425968628,31.26262664794922,0.5875791896092275,2.07,6300.54,0.765,0.11,347.8,0.044,4.1,25387.2,0.729,0.11,347.8,0.044
30,0,-12500,12500.0,545269.137188828,38.954322814941406,0.6410282910697059,2.87,16670.94,0.83,0.15,735.08,0.054,5.65,50602.2,0.859,0.15,735.08,0.054,417276.94661907526,31.940860748291016,0.593338682670447,2.57,7296.299999999999,0.768,0.1,366.6,0.045,3.8,26789.4,0.743,0.1,366.6,0.045
30,0,-12000,12000.0,535321.0397950896,41.89931869506836,0.6289188853606402,3.11,14102.7,0.822,0.16,725.68,0.054,4.45,48289.8,0.849,0.16,725.68,0.054,429616.92453564866,34.78697204589844,0.5979944904828892,4.65,14630.88,0.76,0.11,374.12,0.045,2.62,28322.8,0.754,0.11,374.12,0.045
30,0,-11500,11500.0,532275.6935211379,43.76450729370117,0.6224980155474226,3.19,14239.0,0.824,0.12,658.0,0.053,4.6,46412.0,0.842,0.12,658.0,0.053,443810.36347076966,35.94847869873047,0.6082023141163783,2.19,10547.28,0.819,0.15,411.72,0.047,3.78,30061.199999999997,0.766,0.15,411.72,0.047
30,0,-11000,11000.0,535838.4372709014,43.232303619384766,0.6167834537212956,1.94,8858.34,0.827,0.1,639.2,0.052,4.54,44583.4,0.835,0.1,639.2,0.052,450249.14921094547,36.48630142211914,0.6149677426241136,3.35,12806.399999999998,0.798,0.16,423.0,0.047,4.65,34554.8,0.788,0.16,423.0,0.047
30,0,-10500,10500.0,546968.3094689645,41.388641357421875,0.6173469490954044,2.68,11847.6,0.835,0.11,592.2,0.051,4.43,43214.0,0.83,0.11,592.2,0.051,442842.16474149755,37.32752990722656,0.6069491156267917,3.39,12731.0,0.798,0.13,541.44,0.05,5.65,38654.8,0.806,0.13,541.44,0.05
30,0,-10000,10000.0,563691.1230808411,39.58769226074219,0.620379460064566,3.49,18382.41,0.853,0.12,579.04,0.051,4.86,44870.4,0.835,0.12,579.04,0.051,425285.90523063217,39.97755813598633,0.5986106771366897,3.7,14523.0,0.823,0.14,577.16,0.051,5.65,38310.4,0.804,0.14,577.16,0.051
30,0,-9500,9500.0,576035.6910554655,42.13039016723633,0.618621541862324,2.75,15227.3,0.825,0.16,624.16,0.052,5.67,46699.0,0.839,0.16,624.16,0.052,407927.7620870419,40.58649444580078,0.5923470883292616,2.29,8743.5,0.8,0.13,550.84,0.05,5.66,37654.4,0.802,0.13,550.84,0.05
30,0,-9000,9000.0,581694.0565785659,43.48657989501953,0.6154819598355876,3.26,16793.9,0.823,0.17,637.32,0.052,6.19,47494.4,0.838,0.17,637.32,0.052,389683.66669045616,38.45069122314453,0.5860599444016105,3.5,11060.6,0.773,0.14,543.32,0.05,5.25,36071.8,0.796,0.14,543.32,0.05
30,0,-8500,8500.0,584551.1419291352,43.570228576660156,0.6126907441701324,3.28,16834.5,0.823,0.12,656.12,0.052,6.99,48101.2,0.837,0.12,656.12,0.052,375372.00216601195,38.73948287963867,0.5859838200094645,3.6,10967.8,0.772,0.13,505.72,0.049,5.48,34710.6,0.792,0.13,505.72,0.049
30,0,-8000,8000.0,585534.4994807369,44.47060775756836,0.6150306065229224,3.52,25775.68,0.643,0.12,661.76,0.052,7.69,49905.2,0.837,0.12,661.76,0.052,359037.5727209088,39.64535140991211,0.5776539542018644,2.11,6542.4,0.773,0.13,496.32,0.049,5.45,33931.6,0.788,0.13,496.32,0.049
30,0,-7500,7500.0,581266.0885871227,43.927215576171875,0.6152303539864571,2.33,12045.93,0.828,0.13,703.12,0.052,8.21,51701.0,0.839,0.13,703.12,0.052,343820.8874219804,37.52180480957031,0.5710978260781968,2.55,7605.840000000001,0.776,0.13,485.04,0.049,5.19,33103.399999999994,0.784,0.13,485.04,0.049
30,0,-7000,7000.0,571449.7052115991,39.45075988769531,0.6167184319962279,3.28,15729.6,0.822,0.14,718.16,0.052,7.71,53144.2,0.842,0.14,718.16,0.052,325250.93237731676,33.07884216308594,0.5543161235117535,4.77,15287.76,0.768,0.13,483.15999999999997,0.049,4.99,31356.8,0.774,0.13,483.15999999999997,0.049
30,0,-6500,6500.0,558373.9597193376,43.39963150024414,0.6174435547080063,3.32,15674.5,0.823,0.14,742.6,0.052,6.89,54546.4,0.846,0.14,742.6,0.052,310414.5802408465,33.67021560668945,0.5402709299338158,2.09,6476.22,0.741,0.15,443.68,0.048,4.85,29618.399999999998,0.762,0.15,443.68,0.048
30,0,-6000,6000.0,543346.7739122764,46.80038833618164,0.6196656641044433,1.9,9683.1,0.826,0.14,753.88,0.052,5.24,53619.8,0.844,0.14,753.88,0.052,300212.435226077,36.51373291015625,0.531441827798615,3.78,10268.899999999998,0.753,0.16,430.52,0.048,4.5,27429.000000000004,0.745,0.16,430.52,0.048
30,0,-5500,5500.0,529492.0595476977,47.65971374511719,0.6240764192775006,2.31,11129.37,0.827,0.12,731.32,0.052,5.47,52332.4,0.842,0.12,731.32,0.052,295656.90540091426,38.77898406982422,0.531116835788002,3.89,10405.2,0.757,0.14,377.87999999999994,0.045,4.05,25567.6,0.731,0.14,377.87999999999994,0.045
30,0,-5000,5000.0,511520.49480311235,42.515472412109375,0.6254067315828574,4.35,22391.04,0.822,0.11,727.56,0.052,5.8,50167.6,0.838,0.11,727.56,0.052,294461.62640633516,42.664100646972656,0.5329202713784676,4.33,10538.600000000002,0.764,0.14,362.84,0.045,4.58,23476.6,0.713,0.14,362.84,0.045
30,0,-4500,4500.0,494796.41829860734,43.29970169067383,0.6288136280486446,2.63,13931.6,0.819,0.13,682.44,0.052,6.45,47978.2,0.836,0.13,682.44,0.052,296644.8634710705,44.979129791259766,0.5399156390028215,4.36,10553.1,0.765,0.11,315.84,0.042,5.04,21615.2,0.695,0.11,315.84,0.042
30,0,-4000,4000.0,471238.8693243752,43.00309753417969,0.6262140413399819,2.77,13215.3,0.806,0.14,674.92,0.052,5.75,45337.8,0.833,0.14,674.92,0.052,301744.6942847178,46.72135925292969,0.5415609858755475,2.74,6062.160000000001,0.759,0.12,300.8,0.041,5.81,22812.4,0.708,0.12,300.8,0.041
30,0,-3500,3500.0,447135.734030021,42.005859375,0.6246749221556196,2.77,13166.0,0.805,0.13,626.04,0.052,4.97,42771.2,0.831,0.13,626.04,0.052,306956.01425468334,47.07510757446289,0.5411167918329566,3.62,6922.799999999999,0.75,0.18,344.04,0.044,6.34,23952.2,0.723,0.18,344.04,0.044
30,0,-3000,3000.0,419315.8790231657,41.617794036865234,0.6154015479965591,1.63,7873.5,0.805,0.13,614.76,0.052,4.56,41032.8,0.827,0.13,614.76,0.052,312836.20514696353,41.42222213745117,0.5370812679917142,3.46,6732.72,0.742,0.2,360.96,0.045,6.57,24263.8,0.726,0.2,360.96,0.045
30,0,-2500,2500.0,393225.65024703107,40.59138870239258,0.6070601177556844,1.94,9137.46,0.808,0.13,577.16,0.051,4.78,39532.2,0.823,0.13,577.16,0.051,321776.8888962398,35.7857666015625,0.5343281950265031,3.0,5974.56,0.713,0.23,374.12,0.046,6.74,24395.0,0.728,0.23,374.12,0.046
30,0,-2000,2000.0,368759.41012698074,37.57964324951172,0.5900001743434822,1.88,8536.47,0.794,0.12,571.52,0.052,4.78,38138.2,0.815,0.12,571.52,0.052,334420.40450103086,29.994491577148438,0.5341343440093428,1.72,3980.2,0.711,0.23,379.76,0.047,6.01,23017.4,0.714,0.23,379.76,0.047
30,0,-1500,1500.0,351976.4284371759,36.64543533325195,0.5788460860663254,1.87,7793.28,0.762,0.12,539.56,0.051,4.77,36785.2,0.809,0.12,539.56,0.051,354920.4557461289,31.931983947753906,0.5431080715363845,3.47,19347.31,0.592,0.21,329.0,0.044,5.19,22140.0,0.704,0.21,329.0,0.044
30,0,-1000,1000.0,343339.75332004135,35.557308197021484,0.5677393907864224,1.84,7434.72,0.749,0.12,530.16,0.05,4.86,33259.200000000004,0.789,0.12,530.16,0.05,375664.0101316767,31.668750762939453,0.5516085946402943,3.62,19807.59,0.595,0.2,317.72,0.043,3.82,23033.8,0.704,0.2,317.72,0.043
30,0,-500,500.0,343149.1362108842,34.481101989746094,0.5646318889780765,1.75,6387.12,0.717,0.13,443.68,0.048,4.95,29839.8,0.767,0.13,443.68,0.048,395810.76313778164,33.53551483154297,0.5590942341661077,3.4,14145.56,0.797,0.14,336.52,0.043,4.15,24386.8,0.711,0.14,336.52,0.043
30,0,0,0.0,352360.2767235127,31.663822174072266,0.5662463868882475,2.29,11611.6,0.76,0.13,417.36000000000007,0.047,4.57,27035.4,0.742,0.13,417.36000000000007,0.047,413712.81696636067,37.019927978515625,0.5720867339652472,3.5,14337.18,0.801,0.12,342.16,0.043,4.69,27814.4,0.731,0.12,342.16,0.043
30,0,500,500.0,368697.06098015775,30.669832229614258,0.5776557924225575,2.2,9819.64,0.763,0.14,353.44,0.044,4.09,25018.2,0.724,0.14,353.44,0.044,425334.73451349715,39.869991302490234,0.5799438138662301,3.24,12387.58,0.8,0.13,428.63999999999993,0.046,5.17,31348.599999999995,0.753,0.13,428.63999999999993,0.046
30,0,1000,1000.0,389903.1614380263,33.56307601928711,0.5931044428880746,2.3,10281.92,0.769,0.13,338.4,0.044,3.54,25903.8,0.729,0.13,338.4,0.044,427598.19005354337,44.38945007324219,0.588332395022744,2.21,8310.24,0.8,0.14,453.08,0.047,4.36,34284.2,0.77,0.14,453.08,0.047
30,0,1500,1500.0,406861.380462863,36.07299041748047,0.6022119143821308,2.41,8640.0,0.775,0.11,359.08,0.045,3.39,27388.0,0.738,0.11,359.08,0.045,421388.65762262285,46.23503875732422,0.5924909244374233,2.98,10765.44,0.81,0.13,522.64,0.049,5.9,36990.2,0.784,0.13,522.64,0.049
30,0,2000,2000.0,417971.3764015518,35.5675048828125,0.6111953733039984,2.4,8702.64,0.776,0.1,364.72,0.045,4.08,30356.400000000005,0.757,0.1,364.72,0.045,407782.032916818,43.90675735473633,0.592346298238504,4.04,16037.1,0.83,0.12,539.56,0.049,6.99,38941.8,0.795,0.12,539.56,0.049
30,0,2500,2500.0,420433.718921993,32.551849365234375,0.6123125002118216,2.47,9102.24,0.784,0.17,445.56,0.048,4.84,33103.399999999994,0.772,0.17,445.56,0.048,396992.9437217579,40.061458587646484,0.5967687871394481,2.54,9871.2,0.8,1.26,11759.44,0.148,7.94,40934.4,0.809,0.16,569.64,0.05
30,0,3000,3000.0,412324.3532220688,33.58599090576172,0.6142078061212641,2.19,9106.56,0.782,0.19,466.24,0.048,4.92,33964.4,0.776,0.19,466.24,0.048,379398.33058317343,35.80101776123047,0.5883156985512868,3.63,15573.6,0.829,0.17,579.04,0.05,7.13,39876.6,0.807,0.17,579.04,0.05
30,0,3500,3500.0,397939.6498757839,35.68838119506836,0.6122963961690041,2.1,9177.84,0.782,1.28,9882.18,0.14,4.79,34374.4,0.779,0.19,492.56,0.049,368624.6612885774,32.398067474365234,0.5852384327960916,3.25,13670.16,0.807,0.15,532.04,0.049,7.61,38941.8,0.804,0.15,532.04,0.049
30,0,4000,4000.0,376471.400909627,35.15622329711914,0.6049457114406362,2.17,9076.32,0.779,1.29,8943.55,0.135,4.34,34497.4,0.779,0.2,500.08,0.049,360092.11182289233,26.245983123779297,0.5808784900882523,2.73,11729.64,0.789,0.16,522.64,0.049,6.39,34472.8,0.783,0.16,522.64,0.049
30,0,4500,4500.0,353222.11314776435,34.13618850708008,0.5952679478857871,2.36,8918.64,0.779,0.12,503.84000000000003,0.049,5.04,34604.0,0.779,0.12,503.84000000000003,0.049,354469.2296561315,24.746335983276367,0.5797963504246868,2.0,10954.05,0.773,0.13,426.76,0.047,4.71,29979.200000000004,0.763,0.13,426.76,0.047
30,0,5000,5000.0,327278.4304225494,31.555171966552734,0.5784499748794761,2.23,8413.2,0.769,0.13,503.84000000000003,0.049,5.21,34013.6,0.776,0.13,503.84000000000003,0.049,352601.5029081591,27.660629272460938,0.5816339546351605,2.28,10599.5,0.751,0.12,400.44,0.046,3.26,27994.8,0.749,0.12,400.44,0.046
30,0,5500,5500.0,302504.359162714,29.509458541870117,0.5601080018062068,2.63,11457.72,0.772,0.14,486.92,0.048,5.11,33267.4,0.774,0.14,486.92,0.048,348427.99147290085,31.090360641479492,0.582894666055624,2.34,10611.100000000002,0.752,0.08,360.96,0.044,1.99,26379.4,0.736,0.08,360.96,0.044
30,0,6000,6000.0,278048.24205819075,29.069875717163086,0.5388138216591237,2.26,6783.1,0.662,0.15,485.04,0.049,4.23,29577.4,0.754,0.15,485.04,0.049,342768.87858092436,35.50863265991211,0.584938735629076,1.42,6507.6,0.757,0.06,355.32,0.044,2.68,28158.800000000003,0.746,0.06,355.32,0.044
30,0,6500,6500.0,260587.28390227124,30.332202911376953,0.5271335681874368,2.56,7230.08,0.67,0.14,392.92,0.046,3.39,26026.8,0.73,0.14,392.92,0.046,332546.8529076199,37.29447555541992,0.5828751256123802,1.71,7501.32,0.759,0.07,404.2,0.045,3.69,29946.400000000005,0.755,0.07,404.2,0.045
30,0,7000,7000.0,248211.00217745238,34.37321853637695,0.5172022513099271,3.15,6855.6,0.663,0.13,366.6,0.045,3.3,23411.0,0.709,0.13,366.6,0.045,312685.15621785773,36.09291458129883,0.57480448586514,2.46,8024.300000000001,0.723,0.09,419.24,0.046,3.77,30364.6,0.756,0.09,419.24,0.046
30,0,7500,7500.0,239709.52642775537,37.27404022216797,0.5149150673814776,2.91,6169.66,0.667,0.63,6570.41,0.117,3.36,21352.8,0.691,0.1,304.56,0.042,290702.21479445463,36.71977996826172,0.563807818613459,2.57,7986.6,0.725,0.11,430.52,0.046,4.12,30602.4,0.76,0.11,430.52,0.046
30,0,8000,8000.0,235396.28797241734,37.346981048583984,0.5114870555069702,2.1,4200.36,0.669,0.73,7013.16,0.121,4.15,21188.8,0.69,0.09,285.76,0.041,265075.72676324635,38.0761833190918,0.5488178781294921,1.5,4802.4,0.727,1.09,6251.63,0.119,3.45,28011.199999999997,0.747,0.12,438.04,0.047
30,0,8500,8500.0,230755.29338983202,35.09969711303711,0.5054791402224237,2.98,5430.24,0.683,1.13,7739.27,0.126,4.99,21287.2,0.693,0.17,289.52,0.042,244010.66211421747,37.63294982910156,0.5410590295578123,1.84,5571.72,0.73,0.08,368.48,0.045,3.32,25510.2,0.735,0.08,368.48,0.045
30,0,9000,9000.0,228292.74991611252,27.60858726501465,0.4951691036114126,2.5,5132.16,0.667,1.65,8978.97,0.133,5.56,21123.2,0.689,0.18,291.4,0.042,225993.89384832757,34.95481872558594,0.5325084247344265,1.72,5314.44,0.713,0.07,353.44,0.044,3.49,23862.0,0.731,0.07,353.44,0.044
30,0,9500,9500.0,231183.7353953349,19.925430297851562,0.4921946621837968,2.44,7449.99,0.685,0.22,287.64,0.042,5.87,20918.2,0.687,0.22,287.64,0.042,207826.36536780244,31.96371078491211,0.5214887926024379,1.65,5119.2,0.695,1.05,3913.91,0.093,4.3,22435.2,0.731,0.12,319.6,0.044
30,0,10000,10000.0,238888.1060345731,19.903148651123047,0.4923818473262549,1.68,10813.470000000001,0.482,0.23,285.76,0.042,4.14,18983.0,0.664,0.23,285.76,0.042,187614.48708749958,24.8126163482666,0.4985691924799844,2.19,7434.54,0.725,0.93,3595.1299999999997,0.088,4.5,20803.4,0.715,0.14,312.08,0.044
30,0,10500,10500.0,253963.05929899163,23.59961700439453,0.5019795134460867,2.03,12119.67,0.503,0.13,236.88,0.038,2.5,17211.8,0.643,0.13,236.88,0.038,169749.27569461288,19.35654640197754,0.4783349999082319,1.24,3557.7,0.623,0.68,3311.77,0.083,4.59,19343.8,0.702,0.12,268.84,0.041
30,0,11000,11000.0,274648.4971592042,28.042211532592773,0.5152879790736301,2.04,9015.3,0.715,0.1,225.6,0.037,1.41,16769.0,0.637,0.1,225.6,0.037,152030.46358372376,17.733484268188477,0.4499659979439674,2.29,7095.12,0.614,0.41,3170.09,0.08,3.5,17482.4,0.68,0.12,261.32,0.041
30,0,11500,11500.0,296974.8099506166,31.895551681518555,0.5301400787232878,2.06,8549.64,0.72,0.03,214.31999999999996,0.036,1.64,16621.4,0.636,0.03,214.31999999999996,0.036,138602.16588148105,18.018178939819336,0.42951014485555106,1.16,3263.76,0.586,0.06,214.31999999999996,0.038,2.75,15981.799999999997,0.662,0.06,214.31999999999996,0.038
30,0,12000,12000.0,319160.24583790416,36.30974578857422,0.5467351366945126,2.06,8750.3,0.723,0.03,214.31999999999996,0.036,2.02,18950.2,0.664,0.03,214.31999999999996,0.036,127671.07529747099,15.98420524597168,0.40798037335225634,1.15,3136.32,0.575,0.59,3081.54,0.077,1.91,14472.999999999998,0.637,0.07,201.16,0.037
30,0,12500,12500.0,335993.10995449655,39.07421875,0.5576398313084859,1.86,7346.16,0.73,0.06,278.24,0.04,2.75,21320.0,0.689,0.06,278.24,0.04,118495.06988308663,13.315202713012695,0.38994084885210023,1.58,4885.29,0.624,0.59,3046.12,0.076,2.4,13242.999999999998,0.615,0.07,161.68,0.033
30,0,13000,13000.0,347731.17964566697,40.81572341918945,0.5698274962450258,1.86,7475.76,0.732,0.07,297.04,0.041,3.69,24419.6,0.71,0.07,297.04,0.041,110117.32867846898,9.836326599121094,0.37455121883424813,1.54,4486.68,0.604,0.43,2443.98,0.065,2.35,12283.6,0.595,0.07,154.16,0.032
30,0,13500,13500.0,353564.64136213175,40.226383209228516,0.5760347775319894,1.86,7771.679999999999,0.739,0.1,368.48,0.044,4.71,27724.200000000004,0.733,0.1,368.48,0.044,103908.54600250738,10.300996780395508,0.36590794103027585,1.25,4112.79,0.575,0.2,1788.71,0.052,2.24,11324.2,0.574,0.07,135.36,0.03
30,0,14000,14000.0,354667.235943232,37.216678619384766,0.5785307541387177,1.14,4894.4,0.73,0.11,391.04,0.045,4.84,28864.000000000004,0.738,0.11,391.04,0.045,98264.24814940488,10.980606079101562,0.3606948196904436,0.61,2027.1,0.502,0.13,1469.93,0.049,1.74,10364.8,0.545,0.07,129.72,0.029
30,0,14500,14500.0,355052.27192081057,34.15909957885742,0.5792419498562347,6.21,31223.69,0.712,0.11,407.96,0.045,4.85,29946.400000000005,0.745,0.11,407.96,0.045,92225.26354958166,11.160552024841309,0.35545681202804813,0.75,2385.87,0.51,0.1,1204.28,0.047,1.28,9479.2,0.517,0.06,112.8,0.026
30,0,15000,15000.0,355891.88865733705,27.935775756835938,0.575152517697322,2.58,13867.92,0.728,0.11,413.6000000000001,0.045,4.09,29397.0,0.742,0.11,413.6000000000001,0.045,84471.11718989509,9.190130233764648,0.33916959977604866,1.38,4765.44,0.502,0.13,1221.99,0.047,1.21,9061.0,0.499,0.05,107.15999999999998,0.026
30,0,15500,15500.0,359911.6827645344,23.557762145996094,0.5735838328710361,2.12,14652.959999999997,0.763,0.09,400.44,0.045,3.27,28732.8,0.742,0.09,400.44,0.045,76638.64593047976,6.700173377990723,0.32120231561188933,0.36,1468.6,0.471,0.18,1328.25,0.049,1.45,8724.8,0.487,0.04,103.40000000000002,0.024
30,0,16000,16000.0,365027.7733826712,23.864765167236328,0.5738938348694339,2.79,15692.48,0.773,0.08,396.68,0.045,2.61,27322.4,0.734,0.08,396.68,0.045,68941.17880860565,4.3941826820373535,0.2989225680592571,0.84,4128.959999999999,0.46,0.18,1487.64,0.051,1.17,8355.8,0.474,0.03,103.40000000000002,0.024
30,0,16500,16500.0,370544.04104000144,26.98268699645996,0.5743270026385848,2.92,20656.62,0.614,0.06,366.6,0.044,2.06,25862.8,0.726,0.06,366.6,0.044,63960.169421334285,2.9487195014953613,0.28427555640284136,1.09,8323.84,0.418,0.26,1682.45,0.053,0.92,7978.6,0.462,0.04,94.0,0.023
30,0,17000,17000.0,375472.26283558994,31.048677444458008,0.5808480033603831,2.55,11199.759999999998,0.752,0.06,359.08,0.044,1.92,25805.4,0.727,0.06,359.08,0.044,61115.52561540739,2.9383597373962402,0.2746743343574099,0.41,1948.8,0.398,0.28,1841.84,0.056,0.47,6264.8,0.417,0.05,94.0,0.023
30,0,17500,17500.0,376739.8021228428,34.40744400024414,0.5868374263122866,2.32,10868.66,0.77,0.07,362.84,0.044,1.98,26084.2,0.732,0.07,362.84,0.044,63598.32757633994,3.3013834953308105,0.2848997836237828,0.61,2642.64,0.452,0.01,52.64000000000001,0.017,0.36,5108.6,0.391,0.01,52.64000000000001,0.017
30,0,18000,18000.0,371365.96373956994,37.09077072143555,0.5892484036171487,2.54,12052.68,0.77,0.07,364.72,0.044,2.28,28347.4,0.747,0.07,364.72,0.044,68891.68744215276,3.9062283039093018,0.30308060500298345,0.67,2771.34,0.465,0.01,48.88,0.017,0.27,4756.0,0.38,0.01,48.88,0.017
30,0,18500,18500.0,360859.21674137644,38.52396011352539,0.5890917659159477,2.21,9126.0,0.774,0.08,424.87999999999994,0.046,2.92,30553.2,0.76,0.08,424.87999999999994,0.046,74024.25469217233,4.225978374481201,0.321244863964591,0.74,2456.18,0.471,0.01,45.12,0.016,0.37,4690.4,0.386,0.01,45.12,0.016
30,0,19000,19000.0,339984.21591043443,34.32011413574219,0.5755257063426034,3.0,12795.689999999999,0.784,0.09,443.68,0.047,4.16,32365.4,0.768,0.09,443.68,0.047,76495.56435511085,4.093649387359619,0.3333531184357016,0.77,2677.14,0.469,0.01,45.12,0.016,0.32,5280.8,0.405,0.01,45.12,0.016
30,0,19500,19500.0,317761.3392115165,27.194297790527344,0.5560059157126056,2.64,11581.319999999998,0.765,0.71,10006.15,0.137,5.39,33743.0,0.775,0.11,488.8,0.048,76022.84390341718,4.412303447723389,0.3379801467484164,0.86,2177.28,0.488,0.01,52.64000000000001,0.017,0.38,5969.6,0.428,0.01,52.64000000000001,0.017
30,0,20000,20000.0,297599.72530162334,17.77656364440918,0.5356653654758934,2.92,14096.399999999998,0.73,1.11,10537.45,0.14,4.57,30463.0,0.755,0.13,500.08,0.048,71893.6976677127,4.837363243103027,0.3332712343009223,0.96,3528.78,0.546,0.01,54.519999999999996,0.017,0.66,7060.199999999999,0.456,0.01,54.519999999999996,0.017
31,0,-20000,20000.0,40270.97936622449,5.0128254890441895,0.3069977511133172,0.28,1331.1,0.427,0.01,28.2,0.017,0.44,3165.2,0.434,0.01,28.2,0.017,61859.36945798604,15.504288673400879,0.36618696558343966,0.87,1695.6,0.503,0.22,920.92,0.056,2.27,6871.600000000001,0.528,0.04,95.88,0.026
31,0,-19500,19500.0,41487.78427457,5.144134044647217,0.31149814271253623,0.2,840.18,0.419,0.01,28.2,0.017,0.42,3247.2,0.439,0.01,28.2,0.017,56621.26619110427,12.784205436706543,0.36118026055764035,1.29,2533.8,0.556,0.22,903.21,0.056,2.39,6576.4,0.535,0.03,73.32,0.023
31,0,-19000,19000.0,42412.08147408615,5.230813503265381,0.31768450294175204,0.2,866.3099999999998,0.422,0.01,28.2,0.017,0.42,3427.5999999999995,0.446,0.01,28.2,0.017,51929.04364658276,10.328277587890625,0.34776302165602935,1.39,2635.77,0.57,0.23,956.3400000000001,0.056,2.28,6338.6,0.531,0.03,69.56,0.023
31,0,-18500,18500.0,42537.320764688775,5.1820969581604,0.3204361630030073,0.23,950.4000000000001,0.424,0.01,31.960000000000004,0.017,0.44,3599.7999999999997,0.453,0.01,31.960000000000004,0.017,47896.967192881726,8.578388214111328,0.33705452698662175,1.14,2305.14,0.541,0.24,991.7600000000001,0.056,2.3,6420.6,0.538,0.03,54.519999999999996,0.02
31,0,-18000,18000.0,41732.13727796974,4.966320514678955,0.3226193724543641,0.23,950.4000000000001,0.426,0.01,31.960000000000004,0.017,0.48,3763.8,0.46,0.01,31.960000000000004,0.017,43956.341837986285,7.9880146980285645,0.3270704789484433,0.86,2048.67,0.53,0.24,956.3400000000001,0.056,1.79,5707.2,0.522,0.03,48.88,0.019
31,0,-17500,17500.0,40176.24831398134,4.618015766143799,0.3216667614364976,0.23,961.2,0.43,0.01,33.84,0.017,0.51,3903.2,0.466,0.01,33.84,0.017,40874.29801738972,7.472449779510498,0.322022768370882,0.58,1795.2899999999997,0.515,0.02,41.36,0.018,1.32,5067.6,0.51,0.02,41.36,0.018
31,0,-17000,17000.0,37829.411680906196,4.204774856567383,0.31952466030256604,0.22,933.1200000000001,0.429,0.01,33.84,0.018,0.52,3936.0,0.47,0.01,33.84,0.018,39134.69744227509,7.338475704193115,0.32056000847024074,0.4,1305.0,0.428,0.02,37.6,0.018,0.88,4387.0,0.49,0.02,37.6,0.018
31,0,-16500,16500.0,35042.033815340255,3.8016369342803955,0.3147308524300942,0.27,1443.03,0.495,0.01,33.84,0.018,0.53,3936.0,0.474,0.01,33.84,0.018,38051.1275056911,7.272733211517334,0.32345826720533966,0.4,1310.7999999999997,0.428,0.01,31.960000000000004,0.018,0.76,3796.6,0.473,0.01,31.960000000000004,0.018
31,0,-16000,16000.0,31839.848838426406,3.4006154537200928,0.3069983616984603,0.16,828.12,0.423,0.01,33.84,0.018,0.48,3714.6,0.47,0.01,33.84,0.018,37308.24798580911,7.280278205871582,0.3185475478628778,0.5,1345.68,0.43,0.01,30.08,0.017,0.71,3690.0,0.466,0.01,30.08,0.017
31,0,-15500,15500.0,28787.24999805854,3.1045148372650146,0.29942530912435056,0.2,1189.65,0.475,0.09,513.5899999999999,0.049,0.42,3452.2,0.464,0.01,31.960000000000004,0.018,36545.5755643221,7.373318672180176,0.3124311459131802,0.62,1480.96,0.444,0.01,31.960000000000004,0.018,0.68,3526.0,0.459,0.01,31.960000000000004,0.018
31,0,-15000,15000.0,25823.179130174685,2.974553108215332,0.28799217708726066,0.12,681.39,0.407,0.09,513.5899999999999,0.05,0.37,3025.8,0.445,0.01,31.960000000000004,0.018,36184.337610672264,7.655355453491211,0.30949564177498884,0.56,1142.6,0.446,0.01,31.960000000000004,0.018,0.67,3361.9999999999995,0.455,0.01,31.960000000000004,0.018
31,0,-14500,14500.0,23497.110391694878,2.906627893447876,0.2803935031364747,0.11,578.88,0.394,0.01,26.320000000000004,0.017,0.31,2615.8,0.424,0.01,26.320000000000004,0.017,36207.78701448362,8.218506813049316,0.3082753858359387,0.58,1160.0,0.449,0.01,30.08,0.018,0.65,3173.4,0.451,0.01,30.08,0.018
31,0,-14000,14000.0,21753.10049549007,2.899533987045288,0.27175153478691816,0.11,540.69,0.39,0.01,26.320000000000004,0.017,0.29,2279.6,0.406,0.01,26.320000000000004,0.017,37263.06738301428,9.012165069580078,0.31442959420171,0.87,1528.2999999999997,0.462,0.01,30.08,0.018,0.61,2870.0,0.449,0.01,30.08,0.018
31,0,-13500,13500.0,20783.08711234422,2.9444127082824707,0.2694147536301242,0.18,825.92,0.372,0.0,22.56,0.017,0.26,1984.4,0.388,0.0,22.56,0.017,40397.556210976356,10.527145385742188,0.32993394546557353,0.89,1557.3,0.463,0.01,24.44,0.017,0.59,2706.0,0.455,0.01,24.44,0.017
31,0,-13000,13000.0,20413.814668737177,3.0627281665802,0.2672356553746539,0.18,672.8,0.395,0.0,20.68,0.017,0.25,1779.4,0.378,0.0,20.68,0.017,44975.65969997832,12.515934944152832,0.3554385260091195,0.8,1478.28,0.465,0.01,22.56,0.017,0.63,2894.6,0.469,0.01,22.56,0.017
31,0,-12500,12500.0,20661.05536294708,3.2341744899749756,0.27026153837275496,0.24,872.2000000000002,0.379,0.0,18.8,0.017,0.24,1623.6,0.373,0.0,18.8,0.017,49026.470536761684,14.386612892150879,0.37687095387765135,0.94,1648.46,0.474,0.01,26.320000000000004,0.018,0.69,3140.6,0.483,0.01,26.320000000000004,0.018
31,0,-12000,12000.0,21356.446170105482,3.4780075550079346,0.272686643563227,0.25,727.8999999999999,0.402,0.0,16.92,0.017,0.25,1574.4,0.373,0.0,16.92,0.017,51864.881950185125,15.781401634216309,0.4030913747107545,1.01,1801.4400000000003,0.473,0.01,26.320000000000004,0.018,0.87,3550.6,0.497,0.01,26.320000000000004,0.018
31,0,-11500,11500.0,22298.280062119557,3.7464370727539062,0.2761764797257632,0.25,733.7,0.403,0.0,16.92,0.017,0.26,1558.0,0.374,0.0,16.92,0.017,50852.47200840904,15.71456241607666,0.41482798961506706,0.9,1438.56,0.484,0.15,389.62,0.056,1.02,3845.8000000000006,0.507,0.02,33.84,0.018
31,0,-11000,11000.0,23479.203667306138,4.100361347198486,0.2781625905235312,0.26,785.9,0.4,0.0,16.92,0.017,0.3,1631.8,0.386,0.0,16.92,0.017,46182.092604199606,14.078045845031738,0.4177882357073758,0.84,1436.4,0.485,0.01,30.4,0.088,1.51,4911.8,0.529,0.02,35.72,0.018
31,0,-10500,10500.0,24853.728400239197,4.5296101570129395,0.2801494921944613,0.26,791.7,0.4,0.01,16.92,0.017,0.34,1738.4,0.4,0.01,16.92,0.017,39815.7514893309,11.882111549377441,0.41330430663721385,1.11,2620.32,0.593,0.09,212.52,0.05,2.04,6076.2,0.548,0.03,45.12,0.019
31,0,-10000,10000.0,26592.468082054256,4.8810529708862305,0.2833900687097727,0.16,473.2800000000001,0.402,0.01,16.92,0.017,0.38,1902.3999999999999,0.414,0.01,16.92,0.017,31249.847443299368,9.121808052062988,0.3953473834094864,1.26,2784.09,0.613,0.08,194.81,0.048,2.2,6092.6,0.554,0.04,50.76,0.02
31,0,-9500,9500.0,28291.709295764304,5.219161033630371,0.2848422866563065,0.21,589.68,0.41,0.01,18.8,0.017,0.42,2066.4,0.426,0.01,18.8,0.017,23684.258018572633,6.727533340454102,0.377569221319765,0.94,2017.77,0.569,0.07,159.39,0.046,2.39,6215.6,0.562,0.02,43.24,0.019
31,0,-9000,9000.0,30060.325098231988,5.487133026123047,0.28828247018155745,0.21,609.12,0.407,0.01,18.8,0.017,0.45,2197.6,0.428,0.01,18.8,0.017,17068.173017922265,4.492653846740723,0.3431637706723845,1.86,4756.0,0.549,0.06,159.39,0.046,1.86,4756.0,0.549,0.03,43.24,0.019
31,0,-8500,8500.0,31737.427237126212,5.697351932525635,0.29160494031833517,0.21,678.24,0.41,0.01,20.68,0.017,0.48,2320.6,0.429,0.01,20.68,0.017,12168.60816843033,2.7976832389831543,0.32011500232580614,1.23,3247.2,0.531,0.06,159.39,0.046,1.23,3247.2,0.531,0.02,26.320000000000004,0.019
31,0,-8000,8000.0,33171.515523546346,5.83132791519165,0.29573299022245075,0.32,1124.76,0.471,0.01,20.68,0.017,0.51,2476.4,0.423,0.01,20.68,0.017,9221.438927024545,1.9670660495758057,0.2859667272965632,0.77,2181.2,0.506,0.06,159.39,0.046,0.77,2181.2,0.506,0.01,20.68,0.018
31,0,-7500,7500.0,34379.45640641734,5.873373031616211,0.2991180308183614,0.33,1232.91,0.476,0.01,24.44,0.017,0.55,2681.4,0.426,0.01,24.44,0.017,7274.419575924976,1.5399807691574097,0.2646635020596259,0.15,355.35,0.472,0.06,159.39,0.047,0.33,1115.2,0.448,0.01,11.28,0.018
31,0,-7000,7000.0,35237.20468041079,5.785916328430176,0.3005529687828796,0.34,1359.6,0.483,0.01,24.44,0.017,0.6,2952.0,0.431,0.01,24.44,0.017,6523.900754200791,1.3313754796981812,0.2510214106584169,0.08,152.76,0.365,0.0,9.4,0.017,0.23,820.0,0.415,0.0,9.4,0.017
31,0,-6500,6500.0,36304.88732767898,5.64791202545166,0.30240027419067383,0.33,1371.9600000000003,0.481,0.01,28.2,0.017,0.64,3230.8,0.438,0.01,28.2,0.017,6118.307202886864,1.2306489944458008,0.24488813223845313,0.05,91.0,0.36,0.0,7.52,0.017,0.17,606.8,0.38,0.0,7.52,0.017
31,0,-6000,6000.0,37413.74843566786,5.465973377227783,0.30149913252214966,0.32,1390.5,0.482,0.01,30.08,0.018,0.65,3296.3999999999996,0.438,0.01,30.08,0.018,6026.253734994208,1.212834119796753,0.24231763759483227,0.05,91.0,0.361,0.0,5.64,0.016,0.15,541.2,0.365,0.0,5.64,0.016
31,0,-5500,5500.0,39171.00060794328,5.272562503814697,0.3032831189760603,0.3,1337.97,0.477,0.01,30.08,0.017,0.65,3329.1999999999994,0.437,0.01,30.08,0.017,6078.932047781723,1.2223949432373047,0.24322498397029368,0.05,91.0,0.364,0.0,5.64,0.016,0.13,492.0,0.351,0.0,5.64,0.016
31,0,-5000,5000.0,41520.238353149034,5.223938941955566,0.305080638246502,0.29,1297.8,0.477,0.01,30.08,0.017,0.61,3239.0,0.436,0.01,30.08,0.017,6299.962585369571,1.2661309242248535,0.24455187404340406,0.07,142.71,0.37,0.0,5.64,0.016,0.13,475.59999999999997,0.347,0.0,5.64,0.016
31,0,-4500,4500.0,44431.222432109644,5.286900997161865,0.309439846156458,0.28,1371.9600000000003,0.48,0.01,28.2,0.017,0.57,3181.6,0.439,0.01,28.2,0.017,6616.936724756115,1.3273040056228638,0.24756124491398784,0.07,148.74,0.374,0.0,5.64,0.016,0.12,459.20000000000005,0.344,0.0,5.64,0.016
31,0,-4000,4000.0,47893.4473864414,5.3679728507995605,0.31589384383771174,0.28,1477.02,0.49,0.01,28.2,0.017,0.55,3321.0,0.444,0.01,28.2,0.017,7106.499564264063,1.4151406288146973,0.24910822440297758,0.07,150.75,0.378,0.0,5.64,0.016,0.12,467.3999999999999,0.344,0.0,5.64,0.016
31,0,-3500,3500.0,51142.978683437104,5.4226226806640625,0.32145049380934726,0.29,1664.52,0.431,0.01,30.08,0.017,0.53,3566.9999999999995,0.454,0.01,30.08,0.017,7733.224307571592,1.5181432962417603,0.25267669256032715,0.07,158.79,0.384,0.0,5.64,0.016,0.12,467.3999999999999,0.345,0.0,5.64,0.016
31,0,-3000,3000.0,54245.30827241542,5.445126533508301,0.3288653481606693,0.39,1713.9,0.442,0.01,30.08,0.017,0.54,4009.7999999999997,0.465,0.01,30.08,0.017,8603.833435553031,1.652838110923767,0.25714630724138227,0.11,339.3,0.411,0.0,5.64,0.016,0.12,492.0,0.352,0.0,5.64,0.016
31,0,-2500,2500.0,56422.98718030506,5.447362899780273,0.3324236639347825,0.4,1731.3,0.443,0.01,35.72,0.018,0.55,4518.2,0.477,0.01,35.72,0.018,9677.317852816705,1.8214536905288696,0.263729657217051,0.11,345.1,0.412,0.0,5.64,0.016,0.13,524.8,0.359,0.0,5.64,0.016
31,0,-2000,2000.0,57935.02995992603,5.9443278312683105,0.33789265732406537,0.47,1806.7000000000003,0.445,0.01,37.6,0.018,0.56,5010.2,0.487,0.01,37.6,0.018,11080.080444757547,2.050347328186035,0.27500407774819347,0.13,469.80000000000007,0.428,0.0,5.64,0.016,0.14,582.2,0.374,0.0,5.64,0.016
31,0,-1500,1500.0,58301.79083063122,6.162609577178955,0.3391386703113174,0.48,1812.5,0.445,0.01,43.24,0.018,0.57,5428.4,0.494,0.01,43.24,0.018,12645.82641510911,2.326894521713257,0.28623949802516724,0.16,655.04,0.42,0.0,5.64,0.016,0.15,639.6,0.387,0.0,5.64,0.016
31,0,-1000,1000.0,57773.10199027561,6.150983810424805,0.3416308714909786,0.33,1238.16,0.448,0.01,45.12,0.018,0.68,5551.4,0.495,0.01,45.12,0.018,14440.42180761192,2.6800224781036377,0.2985685434763644,0.16,551.0,0.435,0.0,5.64,0.016,0.17,746.2,0.404,0.0,5.64,0.016
31,0,-500,500.0,56387.02622787823,5.919739723205566,0.3408990055789225,0.34,1246.2,0.448,0.16,1133.44,0.058,0.77,5551.4,0.496,0.02,47.0,0.018,16182.14984482227,3.0719096660614014,0.30780597706527696,0.16,556.8,0.435,0.0,7.52,0.017,0.19,852.8,0.419,0.0,7.52,0.017
31,0,0,0.0,54443.58230843791,5.452004432678223,0.3405756281298178,0.33,1228.11,0.447,0.15,1080.31,0.057,0.76,5387.4,0.494,0.02,47.0,0.018,17874.412224224685,3.499875068664551,0.31257918412792896,0.18,565.5,0.436,0.0,7.52,0.017,0.22,1049.6,0.439,0.0,7.52,0.017
31,0,500,500.0,52108.14043075807,4.827489852905273,0.33896555627209135,0.3,1175.85,0.444,0.14,1009.4699999999999,0.057,0.72,5174.2,0.492,0.02,45.12,0.018,19381.01772190771,3.9198474884033203,0.31351254953569646,0.19,568.4,0.436,0.0,11.28,0.017,0.25,1238.2,0.454,0.0,11.28,0.017
31,0,1000,1000.0,49327.06024566869,4.3704376220703125,0.33542200124621313,0.27,1129.62,0.442,0.13,974.0500000000001,0.057,0.6,4920.0,0.488,0.02,45.12,0.018,20979.78876754114,4.334414958953857,0.3141084144418696,0.2,661.2,0.437,0.0,11.28,0.018,0.28,1435.0,0.466,0.0,11.28,0.018
31,0,1500,1500.0,46703.09230469138,4.224559783935547,0.3329340085060334,0.21,1029.12,0.437,0.01,43.24,0.018,0.54,4690.4,0.485,0.01,43.24,0.018,22524.315308888345,4.7341461181640625,0.31270021781454665,0.22,757.9,0.437,0.01,13.160000000000002,0.018,0.32,1623.6,0.476,0.01,13.160000000000002,0.018
31,0,2000,2000.0,44211.98598561823,4.106265544891357,0.3288811377811998,0.29,1724.22,0.508,0.01,41.36,0.018,0.52,4477.2,0.481,0.01,41.36,0.018,24423.845479355303,5.160799980163574,0.3146283268841881,0.29,1203.28,0.435,0.01,15.04,0.018,0.37,1713.7999999999997,0.48,0.01,15.04,0.018
31,0,2500,2500.0,42322.07271023035,4.019262790679932,0.3269806577469424,0.28,1656.24,0.506,0.01,37.6,0.018,0.51,4346.0,0.48,0.01,37.6,0.018,26568.74225095446,5.680926322937012,0.318711364880562,0.32,1299.4,0.439,0.01,15.04,0.018,0.42,1820.4000000000003,0.486,0.01,15.04,0.018
31,0,3000,3000.0,40893.74766260535,3.95735502243042,0.3243655730263505,0.26,1585.17,0.504,0.01,37.6,0.018,0.49,4157.400000000001,0.478,0.01,37.6,0.018,28977.855122091547,6.276681900024414,0.32231743759087095,0.36,1473.84,0.444,0.01,15.04,0.018,0.47,1959.8,0.49,0.01,15.04,0.018
31,0,3500,3500.0,39926.66048464325,3.995159864425659,0.32341329091656895,0.24,1483.2,0.501,0.01,33.84,0.018,0.46,3985.2000000000003,0.477,0.01,33.84,0.018,31415.056652207568,6.852265357971191,0.3255487002406624,0.38,1580.6400000000003,0.448,0.01,16.92,0.018,0.53,2099.2,0.494,0.01,16.92,0.018
31,0,4000,4000.0,39508.74984250804,4.152885437011719,0.3231710979057463,0.22,1378.14,0.499,0.01,33.84,0.018,0.44,3739.1999999999994,0.474,0.01,33.84,0.018,34184.65676318265,7.395898342132568,0.32902211863808717,0.32,1194.8,0.455,0.01,16.92,0.018,0.59,2361.6,0.501,0.01,16.92,0.018
31,0,4500,4500.0,39312.47668536153,4.357997417449951,0.32356290660966225,0.23,1178.32,0.421,0.01,30.08,0.017,0.44,3501.3999999999996,0.471,0.01,30.08,0.017,36720.49693805202,7.853100299835205,0.3301286804280721,0.47,1958.0,0.455,0.01,20.68,0.018,0.65,2599.4,0.506,0.01,20.68,0.018
31,0,5000,5000.0,39446.76971071319,4.621744632720947,0.32317183011106315,0.21,972.82,0.421,0.01,30.08,0.017,0.45,3468.6000000000004,0.473,0.01,30.08,0.017,39437.51822555286,8.259305953979492,0.32978184247849335,0.61,2160.92,0.46,0.01,20.68,0.018,0.71,2820.8,0.514,0.01,20.68,0.018
31,0,5500,5500.0,39749.21229092277,4.9067182540893555,0.32347943670076423,0.22,977.9,0.421,0.01,30.08,0.017,0.47,3476.8,0.475,0.01,30.08,0.017,42351.64732093067,8.666840553283691,0.3293484776030926,0.71,2349.6,0.474,0.01,24.44,0.018,0.77,2993.0,0.52,0.01,24.44,0.018
31,0,6000,6000.0,40162.28578963078,5.158084392547607,0.3234409020382988,0.28,1489.38,0.509,0.01,30.08,0.017,0.49,3558.8,0.477,0.01,30.08,0.017,46212.10930113347,9.184728622436523,0.3324138484007259,0.78,2531.16,0.488,0.01,24.44,0.018,0.78,3124.2,0.52,0.01,24.44,0.018
31,0,6500,6500.0,40534.262293617154,5.355596542358398,0.3228729181977509,0.3,1511.01,0.509,0.01,30.08,0.018,0.51,3665.4,0.48,0.01,30.08,0.018,50652.132735749634,9.787544250488281,0.3361028908305188,0.83,2684.24,0.5,0.01,26.320000000000004,0.018,0.78,3255.4,0.521,0.01,26.320000000000004,0.018
31,0,7000,7000.0,40939.04727138883,5.587666034698486,0.322006995786418,0.32,1538.8200000000002,0.51,0.01,30.08,0.018,0.55,3722.8,0.481,0.01,30.08,0.018,55503.425592217354,10.429073333740234,0.3444527081517007,0.82,2114.1,0.495,0.01,28.2,0.018,0.78,3403.0000000000005,0.519,0.01,28.2,0.018
31,0,7500,7500.0,41551.6539361944,5.8529582023620605,0.32244750343815126,0.32,1548.09,0.51,0.01,30.08,0.017,0.59,3788.4,0.482,0.01,30.08,0.017,60824.77384928953,11.898688316345215,0.35516325755005407,0.84,2157.6,0.499,0.01,30.08,0.018,0.82,3550.6,0.519,0.01,30.08,0.018
31,0,8000,8000.0,42215.170747383854,6.0751051902771,0.32290748656252233,0.32,1560.45,0.509,0.01,30.08,0.017,0.61,3854.0,0.482,0.01,30.08,0.017,66118.42721947184,13.244524955749512,0.3723347479296531,0.84,2159.0,0.525,0.01,30.08,0.018,0.88,3976.9999999999995,0.52,0.01,30.08,0.018
31,0,8500,8500.0,42803.27058033072,6.216183662414551,0.3231139930058818,0.3,1554.27,0.508,0.01,31.960000000000004,0.017,0.63,3886.8,0.483,0.01,31.960000000000004,0.017,69999.18806384475,13.728131294250488,0.3846073369019531,0.9,2334.26,0.544,0.01,35.72,0.018,0.93,4428.0,0.523,0.01,35.72,0.018
31,0,9000,9000.0,43451.44879260042,6.363885402679443,0.324928938396961,0.29,1287.6,0.428,0.01,31.960000000000004,0.017,0.6,3903.2,0.482,0.01,31.960000000000004,0.017,70992.67234614087,13.219234466552734,0.39048905261760697,0.97,2549.26,0.543,0.01,37.6,0.018,1.01,5313.6,0.53,0.01,37.6,0.018
31,0,9500,9500.0,43848.23754687386,6.536886692047119,0.3256650169135442,0.22,935.28,0.431,0.01,31.960000000000004,0.017,0.57,3895.0,0.481,0.01,31.960000000000004,0.017,69834.72531505827,12.121798515319824,0.38925802552793476,0.54,1297.8,0.549,0.02,48.88,0.019,1.3,6191.0,0.537,0.02,48.88,0.019
31,0,10000,10000.0,44100.37013690744,6.780361175537109,0.3272534305827796,0.32,1310.7999999999997,0.429,0.01,31.960000000000004,0.017,0.58,3936.0,0.482,0.01,31.960000000000004,0.017,66248.92686258435,11.811738967895508,0.3845700476728382,0.49,1220.8,0.532,0.28,1133.44,0.061,1.5,6896.2,0.556,0.03,56.4,0.02
31,0,10500,10500.0,43928.741032160906,7.006751537322998,0.3270324652787981,0.25,959.0400000000001,0.432,0.01,31.960000000000004,0.018,0.63,3985.2000000000003,0.482,0.01,31.960000000000004,0.018,61954.08566778406,11.554529190063477,0.3762858297476535,0.79,2632.68,0.572,0.27,1080.31,0.061,1.73,7568.6,0.579,0.03,75.2,0.025
31,0,11000,11000.0,43444.39326739521,7.132553577423096,0.3280670798207399,0.26,956.8799999999999,0.432,0.01,33.84,0.018,0.65,4034.4,0.483,0.01,33.84,0.018,56486.43412593992,11.18267822265625,0.3638751360436817,0.55,2376.21,0.554,0.26,1027.1799999999998,0.061,1.38,6748.6,0.55,0.03,80.84,0.026
31,0,11500,11500.0,42504.38520622265,7.054863452911377,0.3276005925424454,0.28,950.4000000000001,0.432,0.01,33.84,0.018,0.65,4067.2,0.484,0.01,33.84,0.018,52642.34012975864,10.846766471862793,0.3613463834374941,0.53,2156.82,0.549,0.02,52.64000000000001,0.019,1.26,6125.4,0.535,0.02,52.64000000000001,0.019
31,0,12000,12000.0,40895.24066082813,6.699279308319092,0.32599297985632897,0.28,937.44,0.431,0.01,33.84,0.018,0.68,4042.5999999999995,0.484,0.01,33.84,0.018,48970.2689623371,10.498941421508789,0.35681976268239235,0.5,1909.62,0.543,0.02,48.88,0.019,1.14,5469.4,0.529,0.02,48.88,0.019
31,0,12500,12500.0,39077.248957288975,6.130947113037109,0.32423086389369515,0.3,911.52,0.429,0.01,33.84,0.018,0.72,4009.7999999999997,0.483,0.01,33.84,0.018,45912.20309812474,10.075641632080078,0.356918766711074,0.47,1847.8200000000002,0.541,0.01,41.36,0.018,1.09,4879.0,0.522,0.01,41.36,0.018
31,0,13000,13000.0,36734.76380786451,5.328390598297119,0.31995819680360443,0.43,1477.02,0.502,0.01,33.84,0.018,0.72,3903.2,0.48,0.01,33.84,0.018,43063.977493042,9.583678245544434,0.3541311827346314,0.44,1779.84,0.54,0.01,39.48,0.018,1.05,4616.6,0.518,0.01,39.48,0.018
31,0,13500,13500.0,34417.15130472949,4.472805023193359,0.3160272142902313,0.37,1378.14,0.496,0.09,655.27,0.052,0.7,3771.9999999999995,0.477,0.01,33.84,0.018,40821.57412359125,9.142451286315918,0.35433035492107295,0.41,1680.9600000000003,0.538,0.01,35.72,0.018,1.01,4444.4,0.517,0.01,35.72,0.018
31,0,14000,14000.0,31865.401959983865,3.5515213012695312,0.30843896885197125,0.32,1269.99,0.488,0.09,619.85,0.051,0.62,3534.1999999999994,0.47,0.01,31.960000000000004,0.018,39028.183819241516,8.853785514831543,0.35086902858076413,0.39,1578.99,0.539,0.01,33.84,0.018,0.97,4223.0,0.516,0.01,33.84,0.018
31,0,14500,14500.0,29565.129672098556,2.7204067707061768,0.3014650733258392,0.15,707.52,0.416,0.01,30.08,0.017,0.54,3271.8,0.462,0.01,30.08,0.017,37640.624646799864,8.748021125793457,0.3478681824466537,0.38,1449.2100000000003,0.536,0.01,31.960000000000004,0.018,0.92,3993.4,0.517,0.01,31.960000000000004,0.018
31,0,15000,15000.0,27590.84470286616,2.3022072315216064,0.2921352949644545,0.25,1423.92,0.41,0.01,30.08,0.017,0.44,2952.0,0.451,0.01,30.08,0.017,36948.06498029457,8.863890647888184,0.3429915900679852,0.37,1310.16,0.533,0.01,31.960000000000004,0.018,0.87,3706.3999999999996,0.514,0.01,31.960000000000004,0.018
31,0,15500,15500.0,26262.821714780875,2.4396026134490967,0.2864409112989093,0.16,936.2699999999999,0.456,0.01,26.320000000000004,0.017,0.34,2640.4,0.439,0.01,26.320000000000004,0.017,37122.391203141204,9.185822486877441,0.3422601737902428,0.37,1224.08,0.465,0.01,28.2,0.018,0.82,3394.7999999999997,0.511,0.01,28.2,0.018
31,0,16000,16000.0,25639.38792664776,2.6182661056518555,0.2799123465901968,0.15,765.6,0.384,0.01,24.44,0.017,0.27,2378.0,0.426,0.01,24.44,0.017,38167.88361378365,9.57473373413086,0.34515877419173585,0.34,1005.84,0.465,0.01,28.2,0.018,0.78,3181.6,0.509,0.01,28.2,0.018
31,0,16500,16500.0,25850.445943395607,2.8127281665802,0.2790095503679176,0.15,762.7,0.384,0.0,20.68,0.017,0.22,2156.6,0.414,0.0,20.68,0.017,39730.275495134265,9.895133972167969,0.35166824058763985,0.38,1084.58,0.469,0.01,26.320000000000004,0.018,0.76,3034.0,0.51,0.01,26.320000000000004,0.018
31,0,17000,17000.0,26949.09230671983,3.0284132957458496,0.2786724851895123,0.16,838.1,0.393,0.0,20.68,0.016,0.24,2041.8000000000002,0.406,0.0,20.68,0.016,41484.50574590679,10.0700044631958,0.3604067137861446,0.39,1145.54,0.471,0.01,24.44,0.018,0.79,3148.8,0.519,0.01,24.44,0.018
31,0,17500,17500.0,28846.764955907565,3.240475654602051,0.2830963769507178,0.16,843.9,0.394,0.0,18.8,0.016,0.26,1992.6000000000001,0.403,0.0,18.8,0.016,42759.78524453349,10.007166862487793,0.3674138451031946,0.37,941.7600000000001,0.473,0.01,26.320000000000004,0.018,0.83,3329.1999999999994,0.529,0.01,26.320000000000004,0.018
31,0,18000,18000.0,31592.30408252406,3.44800066947937,0.2892294318381249,0.17,1032.4,0.412,0.0,18.8,0.016,0.28,2066.4,0.408,0.0,18.8,0.016,43088.62412853632,9.693659782409668,0.371590326228101,0.56,1637.7,0.562,0.01,26.320000000000004,0.018,0.91,3747.4000000000005,0.539,0.01,26.320000000000004,0.018
31,0,18500,18500.0,34800.40837178167,3.640793800354004,0.29690766145168607,0.12,592.95,0.398,0.0,18.8,0.016,0.31,2173.0,0.413,0.0,18.8,0.016,42668.76095182233,9.197209358215332,0.3720568556486658,0.57,1674.78,0.563,0.01,31.960000000000004,0.019,1.03,4157.400000000001,0.546,0.01,31.960000000000004,0.019
31,0,19000,19000.0,38556.49477531224,3.8028404712677,0.30838569256466697,0.23,1310.7999999999997,0.43,0.0,18.8,0.016,0.33,2419.0,0.427,0.0,18.8,0.016,41381.452601727506,8.608795166015625,0.3730565052409934,0.57,1718.0399999999997,0.565,0.01,31.960000000000004,0.019,1.06,4321.4,0.548,0.01,31.960000000000004,0.019
31,0,19500,19500.0,41985.773328854804,3.9092299938201904,0.31721451093887254,0.24,1331.1,0.431,0.0,22.56,0.017,0.36,2689.6,0.441,0.0,22.56,0.017,39687.433551094364,8.233231544494629,0.3721896926562782,0.48,1591.35,0.562,0.18,761.53,0.062,1.06,4411.6,0.55,0.02,33.84,0.019
31,0,20000,20000.0,44989.07793704028,4.076207160949707,0.32789466557479163,0.33,1519.6,0.44,0.0,22.56,0.017,0.38,3099.6,0.459,0.0,22.56,0.017,37444.87882051726,7.8421196937561035,0.3690484257467049,0.29,834.1500000000001,0.474,0.17,708.4,0.062,0.95,4149.2,0.547,0.02,35.72,0.019
32,0,-20000,20000.0,136792.28931204762,13.325033187866211,0.3698224305714956,1.05,4460.2,0.521,0.01,80.84,0.019,0.77,8782.2,0.453,0.01,80.84,0.019,87126.03010983366,7.0453619956970215,0.32349587263973517,0.49,2116.4,0.387,0.03,124.08,0.028,0.9,8856.0,0.499,0.03,124.08,0.028
32,0,-19500,19500.0,145635.6272910073,15.315871238708496,0.3820292043332121,1.07,4030.98,0.526,0.01,94.0,0.021,0.72,9487.4,0.471,0.01,94.0,0.021,84732.25697379664,7.227055549621582,0.3178136006087674,0.37,1661.04,0.4,0.03,94.0,0.024,0.85,7576.8,0.461,0.03,94.0,0.024
32,0,-19000,19000.0,154975.52036777476,15.654550552368164,0.39590429266463534,0.76,2761.38,0.53,0.02,97.76,0.021,0.77,10389.4,0.49,0.02,97.76,0.021,85834.44360444049,7.450244903564453,0.31723045882818635,0.6,2691.3900000000003,0.462,0.03,86.48,0.022,0.85,6945.400000000001,0.436,0.03,86.48,0.022
32,0,-18500,18500.0,164073.86416034424,14.74944019317627,0.4083768513188421,1.19,3529.44,0.539,0.04,116.56,0.023,1.06,11455.4,0.513,0.04,116.56,0.023,91201.80525968812,7.7075042724609375,0.32802748045130814,0.65,2688.3,0.461,0.01,63.92000000000001,0.018,0.95,6756.8,0.434,0.01,63.92000000000001,0.018
32,0,-18000,18000.0,173144.34387072542,13.580623626708984,0.4176841077061179,1.13,3544.56,0.539,0.05,124.08,0.024,1.43,12628.0,0.533,0.05,124.08,0.024,101516.17649035333,7.867661476135254,0.3465030674879734,0.7,2743.9200000000005,0.469,0.02,62.04,0.017,1.04,6666.600000000001,0.432,0.02,62.04,0.017
32,0,-17500,17500.0,183844.07831204226,11.76181411743164,0.42810856613919734,0.85,3360.72,0.543,0.08,156.04,0.028,1.96,13726.799999999997,0.551,0.08,156.04,0.028,115863.60932017087,7.993398189544678,0.37203629966555973,1.08,5219.5,0.602,0.02,60.16,0.017,1.12,6797.799999999999,0.44,0.02,60.16,0.017
32,0,-17000,17000.0,197891.2295910417,15.870701789855957,0.44223021438054916,0.74,1447.04,0.223,0.09,165.44,0.029,1.8,13940.0,0.553,0.09,165.44,0.029,133142.6057891478,8.868059158325195,0.40127650350942873,1.18,5459.74,0.613,0.02,58.28,0.017,1.16,7109.4,0.448,0.02,58.28,0.017
32,0,-16500,16500.0,212256.13603187556,20.166351318359375,0.4541229069789426,1.76,7799.22,0.659,0.07,165.44,0.029,1.42,14120.399999999998,0.555,0.07,165.44,0.029,150377.23861333163,11.111370086669922,0.428631333135533,1.24,5599.879999999999,0.62,0.02,62.04,0.017,1.17,7626.000000000001,0.467,0.02,62.04,0.017
32,0,-16000,16000.0,229587.8668813706,22.396530151367188,0.46893994813146184,2.24,7038.3,0.642,0.06,165.44,0.029,0.87,14472.999999999998,0.564,0.06,165.44,0.029,164521.81919960657,12.180132865905762,0.45242302553277286,1.22,5571.28,0.619,0.02,67.68,0.018,1.15,9044.6,0.511,0.02,67.68,0.018
32,0,-15500,15500.0,249885.08168836415,24.651750564575195,0.48753272940765763,2.35,7154.300000000001,0.646,0.03,172.96,0.03,1.17,15047.000000000002,0.578,0.03,172.96,0.03,173407.739790312,12.831804275512695,0.46611942775219606,0.9,3862.08,0.607,0.02,101.52,0.025,1.11,10610.8,0.551,0.02,101.52,0.025
32,0,-15000,15000.0,270732.57560274017,33.173179626464844,0.5054767999859207,3.09,8392.6,0.68,0.03,176.72,0.03,1.7,16974.0,0.609,0.03,176.72,0.03,174795.98467867915,12.576863288879395,0.47030162948358756,1.37,6349.95,0.666,0.02,112.8,0.026,1.38,13062.6,0.595,0.02,112.8,0.026
32,0,-14500,14500.0,286709.0632718471,37.49036407470703,0.5140440104216497,3.14,8485.4,0.682,0.08,225.6,0.035,2.2,19024.0,0.639,0.08,225.6,0.035,170413.00013313303,11.529326438903809,0.4636209140747345,1.15,4374.0,0.638,0.06,167.32,0.032,2.14,15670.2,0.636,0.06,167.32,0.032
32,0,-14000,14000.0,301597.80225356226,41.1566162109375,0.5260620035794371,3.23,9010.3,0.692,0.1,236.88,0.036,2.97,21197.0,0.664,0.1,236.88,0.036,159526.26261404148,10.779473304748535,0.4490607207680239,1.52,6624.96,0.676,0.6,3418.03,0.081,2.38,16621.4,0.65,0.07,184.24,0.033
32,0,-13500,13500.0,312061.3518406304,42.08229064941406,0.5330769859847097,2.26,6005.88,0.689,0.13,289.52,0.039,3.68,23197.8,0.684,0.13,289.52,0.039,146751.65605948205,10.045707702636719,0.42970018247125946,1.0,5812.29,0.645,0.43,2904.44,0.073,2.42,16949.4,0.654,0.08,208.68000000000004,0.036
32,0,-13000,13000.0,317731.6637853859,42.456993103027344,0.5429138278152709,2.28,6116.43,0.692,0.13,304.56,0.04,4.11,24518.0,0.695,0.13,304.56,0.04,132709.22312050243,9.317305564880371,0.40612508306962936,0.47,3402.93,0.592,0.31,2762.76,0.07,1.6,15202.8,0.629,0.08,214.31999999999996,0.036
32,0,-12500,12500.0,318420.02653076814,41.239784240722656,0.5486388769521118,2.31,6345.57,0.698,0.14,334.64,0.041,4.46,25575.8,0.703,0.14,334.64,0.041,121240.70219699897,8.637008666992188,0.38661423458764205,0.47,2916.51,0.552,0.32,2833.6,0.072,0.95,13185.599999999999,0.596,0.04,178.6,0.033
32,0,-12000,12000.0,310039.0258374713,37.26306915283203,0.5480261204440747,2.2,6373.71,0.698,0.79,8040.34,0.122,4.55,26231.8,0.707,0.15,344.04,0.041,114005.18456057143,7.970592975616455,0.37019987374148094,0.44,2689.38,0.531,0.03,165.44,0.032,0.77,11299.6,0.556,0.03,165.44,0.032
32,0,-11500,11500.0,297975.3314906149,32.725521087646484,0.5433596404960467,1.91,6423.96,0.701,0.59,6942.32,0.113,4.54,26822.2,0.711,0.15,355.32,0.042,111333.19896966786,7.583272457122803,0.3640819322926119,0.53,3477.76,0.501,0.03,124.08,0.027,0.67,9594.0,0.513,0.03,124.08,0.027
32,0,-11000,11000.0,279564.88518680545,26.269874572753906,0.5314076855308213,3.47,12917.28,0.694,0.4,6198.5,0.107,4.0,26871.400000000005,0.712,0.15,359.08,0.042,114046.31025490862,8.561284065246582,0.3643946680973065,0.42,913.52,0.192,0.03,112.8,0.025,0.64,8667.4,0.485,0.03,112.8,0.025
32,0,-10500,10500.0,259432.75486790296,20.39185905456543,0.517080784365588,1.22,5796.84,0.681,0.28,5472.39,0.1,3.38,26789.4,0.712,0.12,360.96,0.042,121317.27694948507,10.044931411743164,0.37520655798254293,0.87,4444.44,0.563,0.02,92.12,0.022,0.65,8068.8,0.467,0.02,92.12,0.022
32,0,-10000,10000.0,236600.6512122685,14.98666763305664,0.4979645720566928,2.24,11681.04,0.675,0.25,4941.09,0.094,2.38,25329.8,0.702,0.12,360.96,0.042,133201.13037747782,11.880576133728027,0.392146639263947,0.99,4604.6,0.572,0.02,86.48,0.021,0.73,8298.4,0.476,0.02,86.48,0.021
32,0,-9500,9500.0,214491.37258545074,10.867975234985352,0.4783260617238882,1.41,8587.11,0.695,0.25,4480.63,0.089,2.03,23755.4,0.69,0.08,327.12,0.041,147562.50713872325,13.809751510620117,0.412113636872616,1.17,5499.78,0.613,0.02,92.12,0.022,0.83,8774.0,0.493,0.02,92.12,0.022
32,0,-9000,9000.0,193631.68913693546,8.177346229553223,0.45475102560040237,1.5,7879.5,0.677,0.27,4285.82,0.087,1.82,21754.6,0.671,0.08,317.72,0.041,163759.58983444877,17.2927303314209,0.43306370325426347,1.58,5486.800000000001,0.609,0.02,94.0,0.023,1.04,9692.4,0.517,0.02,94.0,0.023
32,0,-8500,8500.0,177861.19891180808,6.575663089752197,0.4380560351543492,0.92,7144.08,0.654,0.32,4161.85,0.085,1.93,20032.6,0.654,0.07,266.96,0.038,181484.37911326587,19.789793014526367,0.455431448267291,1.64,5594.1,0.614,0.02,110.92,0.025,1.28,10750.2,0.542,0.02,110.92,0.025
32,0,-8000,8000.0,166571.27870156636,5.441466331481934,0.42238771737760583,0.63,7352.16,0.564,0.31,4303.53,0.087,1.22,18154.8,0.631,0.08,253.80000000000004,0.037,199426.12842756123,20.598648071289062,0.4766256177162203,1.05,3431.28,0.621,0.02,116.56,0.026,1.65,12201.6,0.571,0.02,116.56,0.026
32,0,-7500,7500.0,159920.54380058005,6.143331527709961,0.41459190521217393,0.39,3535.68,0.506,0.03,208.68000000000004,0.033,0.89,16268.8,0.605,0.03,208.68000000000004,0.033,214637.93651153718,20.28528594970703,0.49059758893094496,1.46,4363.2,0.631,0.06,152.28,0.03,2.03,13694.0,0.6,0.06,152.28,0.03
32,0,-7000,7000.0,158389.72653068916,7.076427459716797,0.4104165905794378,0.5,3949.8,0.504,0.03,199.28,0.032,0.74,14538.6,0.577,0.03,199.28,0.032,227197.13840449223,21.618654251098633,0.5006019318918664,1.27,4451.76,0.633,0.08,165.44,0.032,2.38,15399.600000000002,0.627,0.08,165.44,0.032
32,0,-6500,6500.0,161812.54983813065,7.799367427825928,0.41507985649858054,0.71,5742.879999999999,0.597,0.05,581.58,0.056,0.72,13046.2,0.553,0.03,161.68,0.029,237568.709929504,23.235382080078125,0.5063932441849134,1.18,4387.83,0.641,0.1,204.92000000000002,0.035,2.66,16892.0,0.647,0.1,204.92000000000002,0.035
32,0,-6000,6000.0,171124.44681377802,8.102548599243164,0.42521254441497913,0.83,5923.06,0.605,0.02,150.4,0.028,0.74,12726.4,0.55,0.02,150.4,0.028,248461.79322022217,24.9228515625,0.5165142298941625,1.15,4450.14,0.643,0.1,218.07999999999998,0.036,2.67,17744.8,0.655,0.1,218.07999999999998,0.036
32,0,-5500,5500.0,183883.7128293418,9.853680610656738,0.43963901806308503,1.01,7172.879999999999,0.65,0.02,141.0,0.027,0.86,12693.6,0.553,0.02,141.0,0.027,256982.7413285471,26.623441696166992,0.522751234142209,2.15,10003.6,0.703,0.07,235.0,0.037,2.6,18540.2,0.663,0.07,235.0,0.037
32,0,-5000,5000.0,201412.39961050358,12.181339263916016,0.4587833436381869,1.0,7387.379999999999,0.657,0.02,139.12,0.027,0.86,13259.400000000001,0.566,0.02,139.12,0.027,263737.1081614581,28.052839279174805,0.529026318549148,3.09,10615.92,0.722,0.07,242.52,0.038,2.66,19245.4,0.671,0.07,242.52,0.038
32,0,-4500,4500.0,220883.63319158927,13.672442436218262,0.4785881724924057,0.99,5760.72,0.629,0.03,150.4,0.028,0.87,13989.199999999999,0.581,0.03,150.4,0.028,269269.41197674524,29.4722843170166,0.5348838065307254,3.75,11007.52,0.733,0.05,251.92000000000002,0.038,3.13,19967.0,0.679,0.05,251.92000000000002,0.038
32,0,-4000,4000.0,242551.64498163806,17.25634765625,0.4986095950706258,1.07,6387.3,0.628,0.03,154.16,0.029,0.94,15440.599999999999,0.605,0.03,154.16,0.029,270413.5899109843,30.170589447021484,0.5429181972755257,3.49,8668.1,0.734,0.05,255.68000000000004,0.038,3.32,20787.0,0.688,0.05,255.68000000000004,0.038
32,0,-3500,3500.0,263860.2629045118,19.480985641479492,0.5156045763089587,1.0,5171.04,0.646,0.04,182.36,0.031,1.4,17039.6,0.629,0.04,182.36,0.031,266513.6362070212,32.46077346801758,0.5465187590262806,4.54,10818.84,0.736,0.08,278.24,0.04,3.49,21680.8,0.702,0.08,278.24,0.04
32,0,-3000,3000.0,285270.6685312744,19.772686004638672,0.5313139953454163,0.87,5397.84,0.656,0.04,193.64,0.032,1.96,19081.4,0.655,0.04,193.64,0.032,257472.35229916024,39.26899719238281,0.5519465935776507,4.39,8395.5,0.733,0.08,287.64,0.04,3.47,22254.8,0.715,0.08,287.64,0.04
32,0,-2500,2500.0,303766.2833940223,18.721290588378906,0.5414261561997848,0.87,6076.08,0.683,0.06,238.76,0.036,2.22,21090.4,0.678,0.06,238.76,0.036,241484.40742134233,41.67474365234375,0.5456565192300253,4.45,8372.3,0.733,0.5,4781.7,0.103,3.75,22763.2,0.728,0.1,306.44,0.043
32,0,-2000,2000.0,321620.0053321212,17.5654354095459,0.5507071663755269,0.83,6251.04,0.689,0.07,251.92000000000002,0.036,1.88,22902.6,0.696,0.07,251.92000000000002,0.036,218200.99956158196,36.44559860229492,0.5185264924206345,2.38,4670.16,0.716,0.49,4551.47,0.099,3.74,22886.2,0.733,0.11,313.96,0.043
32,0,-1500,1500.0,338500.5447599717,17.887470245361328,0.5576290466718075,0.97,8975.5,0.701,0.07,293.28,0.039,1.58,24624.6,0.713,0.07,293.28,0.039,199963.93951178563,30.716405868530273,0.4969327494108665,2.97,5521.47,0.723,0.49,4604.6,0.099,3.99,22648.4,0.733,0.13,321.48,0.044
32,0,-1000,1000.0,355427.1370874456,18.562803268432617,0.5656964994321381,1.04,10083.3,0.716,0.07,302.68,0.04,1.68,26076.0,0.725,0.07,302.68,0.04,184636.24664104253,19.63137435913086,0.4701547782061429,5.55,11228.16,0.72,0.85,5543.23,0.11,4.0,20729.6,0.713,0.15,323.36,0.044
32,0,-500,500.0,370163.98531300365,20.56342887878418,0.5708107466961466,0.83,7283.52,0.719,0.06,338.4,0.041,1.92,27338.800000000003,0.735,0.06,338.4,0.041,177012.1590192506,13.6250581741333,0.45651923133333255,8.17,23958.91,0.699,1.48,6623.54,0.121,3.64,18392.6,0.685,0.16,278.24,0.041
32,0,0,0.0,384498.5709421584,22.83269500732422,0.5773815884135197,1.3,11405.7,0.739,0.05,347.8,0.042,2.1,27994.8,0.735,0.05,347.8,0.042,176112.71614507388,15.345810890197754,0.44996086228535964,1.22,5908.76,0.623,0.17,266.96,0.041,1.91,14694.400000000001,0.626,0.17,266.96,0.041
32,0,500,500.0,397546.36594077246,24.253515243530273,0.5828223591161784,1.32,11498.5,0.741,0.06,368.48,0.042,2.2,28454.000000000004,0.735,0.06,368.48,0.042,183935.8308137933,17.31820297241211,0.4619503350750203,1.56,6575.14,0.66,0.03,171.08,0.033,1.19,11553.8,0.561,0.03,171.08,0.033
32,0,1000,1000.0,409044.9356799252,25.57176399230957,0.5875960253926568,1.56,11713.1,0.743,0.06,374.12,0.043,2.07,29503.599999999995,0.737,0.06,374.12,0.043,198441.50251492392,18.833446502685547,0.48151677703328494,1.85,6356.800000000001,0.665,0.02,144.76,0.03,1.11,11365.2,0.552,0.02,144.76,0.03
32,0,1500,1500.0,417739.2058110126,26.537715911865234,0.5900957265491479,1.57,11736.3,0.743,0.06,404.2,0.043,2.18,30602.4,0.742,0.06,404.2,0.043,213798.12811218944,19.358930587768555,0.5026761864175657,1.85,5935.98,0.674,0.02,133.48,0.028,1.18,12029.4,0.562,0.02,133.48,0.028
32,0,2000,2000.0,422219.72654990567,28.2341251373291,0.5932600268412006,1.76,12249.6,0.754,0.06,413.6000000000001,0.044,2.27,31471.600000000002,0.745,0.06,413.6000000000001,0.044,227883.64669240473,22.368183135986328,0.5196063024943043,1.3,3993.3,0.674,0.02,131.6,0.028,1.49,14423.8,0.606,0.02,131.6,0.028
32,0,2500,2500.0,421805.6509921998,29.546594619750977,0.5931223614789612,1.77,12293.1,0.755,0.06,438.04,0.044,2.33,32119.4,0.747,0.06,438.04,0.044,238231.19700322713,23.32108497619629,0.528259431030253,1.89,5140.8,0.683,0.08,188.0,0.034,2.29,16941.2,0.646,0.08,188.0,0.034
32,0,3000,3000.0,413839.4558458846,29.942672729492188,0.5926061231406407,1.86,12623.7,0.754,0.06,445.56,0.045,2.42,32472.0,0.748,0.06,445.56,0.045,247749.93705423913,20.73401641845703,0.5354220900022812,1.09,3308.2,0.681,0.09,206.80000000000004,0.035,2.87,18646.8,0.674,0.09,206.80000000000004,0.035
32,0,3500,3500.0,401387.4242161266,29.81062126159668,0.5898363877683942,1.87,12655.6,0.755,0.08,453.08,0.045,2.48,32857.4,0.751,0.08,453.08,0.045,256412.361073543,19.591825485229492,0.5387186692698128,1.36,5006.91,0.698,0.12,251.92000000000002,0.039,3.27,19909.6,0.695,0.12,251.92000000000002,0.039
32,0,4000,4000.0,382489.674434653,28.893526077270508,0.5851533677911908,1.3,8498.28,0.752,0.08,454.96,0.045,2.58,33103.399999999994,0.753,0.08,454.96,0.045,270331.7407318154,22.270763397216797,0.5443491635175884,2.42,10110.24,0.693,0.13,265.08,0.04,2.5,19573.4,0.695,0.13,265.08,0.04
32,0,4500,4500.0,359269.4947101947,27.046772003173828,0.5760920291335888,1.32,8566.62,0.753,0.78,8748.74,0.125,2.72,33185.4,0.754,0.09,464.36000000000007,0.045,290767.0173938436,25.583410263061523,0.5558335034143573,1.45,10055.759999999998,0.759,0.11,263.2,0.041,2.23,18794.4,0.69,0.11,263.2,0.041
32,0,5000,5000.0,330493.0717482639,23.61147117614746,0.5611117344468863,1.27,8238.99,0.746,0.55,7774.689999999999,0.119,2.55,32258.800000000003,0.749,0.09,466.24,0.045,316297.40562025644,26.33220100402832,0.5623426665842832,1.54,10544.82,0.768,0.1,261.32,0.041,1.95,18491.0,0.686,0.1,261.32,0.041
32,0,5500,5500.0,300221.6971197384,19.706188201904297,0.5426504932838456,1.05,7376.700000000001,0.724,0.44,6818.35,0.112,2.28,30864.8,0.741,0.09,453.08,0.045,346408.044424127,28.127782821655273,0.5705123658557903,1.99,13825.240000000002,0.816,0.04,255.68000000000004,0.04,1.65,18368.0,0.685,0.04,255.68000000000004,0.04
32,0,6000,6000.0,268858.3846823414,16.099084854125977,0.5200381915141192,1.93,15006.24,0.721,0.39,6198.5,0.106,1.87,27789.8,0.722,0.09,451.2,0.045,381058.00180740975,30.65013885498047,0.582508163897972,2.75,21079.58,0.634,0.04,253.80000000000004,0.04,1.52,19729.2,0.7,0.04,253.80000000000004,0.04
32,0,6500,6500.0,241103.99263339204,12.87037467956543,0.5000913811441723,2.84,32319.91,0.702,0.34,5578.65,0.101,1.6,24755.8,0.7,0.05,376.0,0.042,415314.31528106844,32.79476547241211,0.5939983089938632,3.19,23440.07,0.654,0.05,282.0,0.042,1.83,21443.0,0.718,0.05,282.0,0.042
32,0,7000,7000.0,216874.57834610104,10.33375358581543,0.47847332729459524,0.53,5238.06,0.652,0.28,5295.29,0.1,1.33,21771.0,0.675,0.05,353.44,0.041,449868.3556400952,37.57593536376953,0.6135324161778927,3.25,24755.6,0.661,0.06,289.52,0.042,2.69,25174.0,0.75,0.06,289.52,0.042
32,0,7500,7500.0,198773.76171289652,8.696223258972168,0.4655233600783721,1.66,24590.63,0.645,0.26,5065.06,0.099,1.16,19237.2,0.65,0.04,280.12,0.038,480186.59855628316,40.821659088134766,0.6307410715304911,3.12,24752.49,0.661,0.07,366.6,0.045,3.56,29446.199999999997,0.779,0.07,366.6,0.045
32,0,8000,8000.0,185127.36620747455,7.406005859375,0.4525391666698046,0.49,4901.0,0.556,0.25,5189.03,0.103,0.98,17490.6,0.63,0.04,259.44,0.037,503249.0921312993,43.63686752319336,0.650635594473428,2.73,23828.82,0.653,0.08,391.04,0.046,4.21,34940.2,0.81,0.08,391.04,0.046
32,0,8500,8500.0,176641.09522353974,6.444003105163574,0.447999782722686,0.36,3742.62,0.577,0.02,216.19999999999996,0.034,0.84,16129.400000000001,0.614,0.02,216.19999999999996,0.034,513681.7235903514,44.0816650390625,0.6590511790238821,2.41,22771.42,0.644,0.1,515.12,0.05,4.87,40180.0,0.832,0.1,515.12,0.05
32,0,9000,9000.0,172530.91515697888,6.595458507537842,0.4451177578667487,0.36,3587.8500000000004,0.569,0.02,204.92000000000002,0.033,0.71,15055.2,0.601,0.02,204.92000000000002,0.033,509642.57153584703,42.34619903564453,0.663754171337541,1.5,10524.36,0.838,0.11,552.72,0.051,4.96,42779.4,0.842,0.11,552.72,0.051
32,0,9500,9500.0,172572.65064472338,7.044169902801514,0.4495038214376449,0.32,3282.3299999999995,0.554,0.02,176.72,0.03,0.63,14169.600000000002,0.59,0.02,176.72,0.03,496107.6390944632,39.804141998291016,0.6607047727790591,1.39,10347.48,0.835,0.1,614.76,0.052,4.84,44427.6,0.847,0.1,614.76,0.052
32,0,10000,10000.0,176463.98168336746,7.465952396392822,0.45755678870955896,0.58,6625.919999999999,0.549,0.02,169.2,0.03,0.66,13505.399999999998,0.586,0.02,169.2,0.03,471898.69958621636,33.78152847290039,0.6537422803088428,1.35,10045.98,0.828,0.1,631.68,0.053,4.31,43238.6,0.842,0.1,631.68,0.053
32,0,10500,10500.0,182531.38044999476,7.769457817077637,0.46932326758670534,0.4,5124.300000000001,0.607,0.01,156.04,0.029,0.71,13005.2,0.585,0.01,156.04,0.029,445886.7181123598,28.72940444946289,0.6454727368510659,1.23,9338.46,0.811,0.09,605.36,0.052,3.72,41524.8,0.835,0.09,605.36,0.052
32,0,11000,11000.0,189934.58598359016,8.031390190124512,0.4828585955059179,0.43,5875.4,0.644,0.01,152.28,0.029,0.75,13111.8,0.598,0.01,152.28,0.029,417793.93832148414,22.824092864990234,0.6329565384381672,1.18,9032.94,0.804,0.08,599.72,0.052,3.15,39228.8,0.823,0.08,599.72,0.052
32,0,11500,11500.0,196784.95405121217,8.340736389160156,0.49531677121154516,0.43,5933.4,0.647,0.01,157.92,0.031,0.77,13423.4,0.613,0.01,157.92,0.031,392199.22704125347,21.369728088378906,0.622636832347984,1.02,8359.59,0.787,0.07,545.2,0.05,2.61,37055.8,0.811,0.07,545.2,0.05
32,0,12000,12000.0,201830.76855427842,8.612055778503418,0.5060797638501335,0.46,6275.6,0.662,0.01,159.8,0.031,0.78,14350.0,0.633,0.01,159.8,0.031,369130.8272421855,21.264041900634766,0.6076564441257163,1.89,16911.6,0.784,0.07,530.16,0.05,2.27,35046.8,0.8,0.07,530.16,0.05
32,0,12500,12500.0,204278.21477937762,8.783092498779297,0.5124566155483112,0.46,6304.6,0.664,0.02,182.36,0.034,0.82,15358.6,0.651,0.02,182.36,0.034,350132.10735511023,20.968435287475586,0.595984120050732,1.12,11738.91,0.786,0.06,483.15999999999997,0.048,2.35,33152.6,0.789,0.06,483.15999999999997,0.048
32,0,13000,13000.0,203185.9307783146,8.831948280334473,0.5145607015816208,0.34,4339.44,0.652,0.02,189.88,0.035,0.86,16211.4,0.664,0.02,189.88,0.035,336757.27754321636,20.50731658935547,0.5835998152321433,1.11,10923.15,0.773,0.06,470.0,0.048,2.24,30856.600000000002,0.777,0.06,470.0,0.048
32,0,13500,13500.0,199572.18118361794,8.735490798950195,0.5119588081596335,0.35,4352.4,0.656,0.02,212.43999999999997,0.037,0.9,16900.2,0.673,0.02,212.43999999999997,0.037,330110.57214694086,20.205120086669922,0.5788691830500128,1.45,11965.16,0.752,0.05,413.6000000000001,0.046,2.08,28814.8,0.764,0.05,413.6000000000001,0.046
32,0,14000,14000.0,193985.4077952693,8.440853118896484,0.5074183586255695,0.3,4184.82,0.661,0.03,218.07999999999998,0.038,0.93,16892.0,0.674,0.03,218.07999999999998,0.038,330581.6684427846,20.473983764648438,0.5789867616392184,1.52,9691.8,0.751,0.05,396.68,0.046,1.81,26715.6,0.75,0.05,396.68,0.046
32,0,14500,14500.0,187771.43188048335,7.984291076660156,0.50139269408086,0.42,5254.8,0.639,0.03,219.96,0.038,0.95,16695.2,0.673,0.03,219.96,0.038,335344.62223740265,23.036659240722656,0.5852910097665032,1.55,9784.6,0.753,0.05,344.04,0.044,1.56,25059.2,0.738,0.05,344.04,0.044
32,0,15000,15000.0,181774.96946398524,7.3277459144592285,0.49495832738376255,0.46,5075.0,0.633,0.03,219.96,0.038,0.92,15867.000000000002,0.664,0.03,219.96,0.038,340814.07574701734,25.372892379760742,0.5903239364146183,2.06,17509.3,0.592,0.05,329.0,0.043,1.45,24641.0,0.735,0.05,329.0,0.043
32,0,15500,15500.0,177579.02119765733,7.803715229034424,0.49162730405222055,0.46,5063.4,0.633,0.02,199.28,0.037,0.87,15055.2,0.654,0.02,199.28,0.037,345015.98953232897,27.648576736450195,0.5947496757964591,2.89,14175.92,0.785,0.06,327.12,0.043,1.39,24313.0,0.734,0.06,327.12,0.043
32,0,16000,16000.0,175257.10650256329,8.182908058166504,0.4886141022525402,0.47,4944.5,0.628,0.02,193.64,0.036,0.79,14440.2,0.647,0.02,193.64,0.036,343943.4175513808,28.837764739990234,0.597177219475294,2.8,11011.3,0.784,0.07,327.12,0.043,1.41,25321.6,0.743,0.07,327.12,0.043
32,0,16500,16500.0,175218.04156582145,8.352559089660645,0.4897370186463013,0.35,3414.9899999999993,0.627,0.02,178.6,0.035,0.71,13972.8,0.642,0.02,178.6,0.035,338384.46002823894,29.982017517089844,0.5949378890357369,2.91,11011.3,0.784,0.08,357.2,0.044,1.53,26223.6,0.753,0.08,357.2,0.044
32,0,17000,17000.0,177113.3180523237,8.338691711425781,0.4913097889352815,0.35,3392.88,0.626,0.02,172.96,0.035,0.61,13743.200000000003,0.639,0.02,172.96,0.035,327895.6518298226,37.81293487548828,0.5977809757632511,3.92,10344.3,0.781,0.08,368.48,0.045,1.85,26732.0,0.761,0.08,368.48,0.045
32,0,17500,17500.0,180125.01651924575,8.32415771484375,0.49402957785790597,0.31,3366.75,0.626,0.03,169.2,0.034,0.64,13571.0,0.638,0.03,169.2,0.034,311293.9165974378,41.301998138427734,0.5948443031122709,3.99,10295.0,0.78,0.05,381.63999999999993,0.046,2.33,27002.6,0.767,0.05,381.63999999999993,0.046
32,0,18000,18000.0,184976.15898926288,8.952352523803711,0.4978830569338574,0.28,3382.8299999999995,0.627,0.03,167.32,0.034,0.66,13669.400000000001,0.64,0.03,167.32,0.034,288878.2875170731,44.50871658325195,0.5899832565701548,2.39,5889.9,0.774,0.06,387.28,0.046,3.05,26543.399999999998,0.769,0.06,387.28,0.046
32,0,18500,18500.0,190798.18448481802,9.35626220703125,0.5025457396063621,0.35,4544.06,0.636,0.02,169.2,0.034,0.72,13882.6,0.646,0.02,169.2,0.034,265481.44727372547,44.0571403503418,0.5849206606132938,2.87,6912.39,0.778,0.74,4728.57,0.11,3.76,26010.4,0.77,0.11,377.87999999999994,0.046
32,0,19000,19000.0,197304.80847734903,9.504585266113281,0.508241264600884,0.43,5582.5,0.655,0.02,169.2,0.034,0.82,14309.0,0.653,0.02,169.2,0.034,235175.7926470191,36.73182678222656,0.5624696929696847,5.36,14035.2,0.774,0.52,4161.85,0.103,4.27,25502.0,0.769,0.12,376.0,0.046
32,0,19500,19500.0,203132.8532785619,9.416131019592285,0.512745627871316,0.34,3970.08,0.644,0.02,178.6,0.035,0.9,14776.4,0.66,0.02,178.6,0.035,207127.55164858318,29.736835479736328,0.5403275005415592,8.78,30601.259999999995,0.762,0.33,3683.68,0.096,5.14,24903.4,0.768,0.17,364.72,0.046
32,0,20000,20000.0,207203.93865224574,9.238395690917969,0.516472530484712,0.51,6170.73,0.684,0.02,182.36,0.036,0.95,15292.999999999998,0.665,0.02,182.36,0.036,177923.1296429316,19.91898536682129,0.5052282327963186,3.25,10236.72,0.717,0.39,3542.0,0.094,4.04,21976.0,0.747,0.18,360.96,0.046
33,0,-20000,20000.0,723692.7596429363,42.70304870605469,0.6859842267477406,2.21,11997.3,0.853,0.12,859.16,0.055,6.05,60835.8,0.866,0.12,859.16,0.055,567532.1184948029,37.5410270690918,0.6586004714951265,3.75,23819.04,0.826,0.18,686.2,0.052,5.89,46641.6,0.829,0.18,686.2,0.052
33,0,-19500,19500.0,710037.9597986117,43.05288314819336,0.6836466423669401,2.66,13860.959999999997,0.855,0.11,879.84,0.055,6.05,61860.8,0.867,0.11,879.84,0.055,556960.9723979258,33.23048782348633,0.656397625275351,6.48,53120.22,0.816,0.13,671.16,0.052,4.74,45419.8,0.826,0.13,671.16,0.052
33,0,-19000,19000.0,692590.817265489,38.456050872802734,0.6771508000752662,4.97,28029.6,0.852,0.13,883.6,0.055,4.93,60237.19999999999,0.865,0.13,883.6,0.055,543974.6093573645,30.037721633911133,0.6533046741711306,2.52,15190.2,0.817,0.12,663.64,0.052,3.6,43533.8,0.819,0.12,663.64,0.052
33,0,-18500,18500.0,679645.5821018375,33.07867431640625,0.6740534509464258,1.89,12880.08,0.848,0.16,840.36,0.054,5.35,58400.4,0.863,0.16,840.36,0.054,529828.2158862203,31.683860778808594,0.6505561838443097,2.57,15201.8,0.818,0.07,622.28,0.051,2.71,41705.2,0.813,0.07,622.28,0.051
33,0,-18000,18000.0,670110.385378616,35.83637237548828,0.6704856173265286,3.47,26010.0,0.845,0.17,829.08,0.054,4.67,56842.399999999994,0.861,0.17,829.08,0.054,514035.75437294133,34.77128982543945,0.6474868219300801,3.01,14752.3,0.816,0.07,612.88,0.051,2.45,41049.2,0.812,0.07,612.88,0.051
33,0,-17500,17500.0,666851.1538197024,38.55327606201172,0.6714677660636311,2.37,17397.1,0.841,0.14,795.2400000000001,0.054,4.0,55514.0,0.86,0.14,795.2400000000001,0.054,499369.5494847401,35.88237380981445,0.6470112732364542,3.04,14726.2,0.817,0.09,594.08,0.051,2.76,41106.6,0.82,0.09,594.08,0.051
33,0,-17000,17000.0,670308.2741147286,40.73551559448242,0.673274046222285,2.45,17666.8,0.844,0.13,783.96,0.054,3.78,54251.2,0.857,0.13,783.96,0.054,482385.7442206863,34.73591613769531,0.6428612905828424,1.91,10311.3,0.818,0.1,595.96,0.051,3.2,41106.6,0.821,0.1,595.96,0.051
33,0,-16500,16500.0,678691.1586014932,40.61554718017578,0.6770604883571691,1.75,12285.12,0.843,0.09,748.24,0.053,4.28,53423.00000000001,0.854,0.09,748.24,0.053,465944.0755716169,32.19914627075195,0.6386880717724784,2.07,9959.55,0.814,0.11,597.84,0.051,3.63,41000.0,0.821,0.11,597.84,0.051
33,0,-16000,16000.0,687868.4487179591,36.115787506103516,0.6805028045748646,1.75,12337.38,0.844,0.1,738.84,0.053,4.36,53718.200000000004,0.855,0.1,738.84,0.053,448370.32711552095,29.112537384033203,0.6315114382164176,1.87,9615.84,0.807,0.12,597.84,0.051,3.81,39228.8,0.814,0.12,597.84,0.051
33,0,-15500,15500.0,693574.5817244053,36.344093322753906,0.6828382467067691,3.03,31706.45,0.692,0.11,752.0,0.053,4.29,53964.2,0.857,0.11,752.0,0.053,433772.04433573934,26.753860473632812,0.6268887449716906,1.4,8805.81,0.792,0.12,554.6,0.05,3.87,37211.6,0.806,0.12,554.6,0.05
33,0,-15000,15000.0,690186.289223496,37.58598327636719,0.687113132684701,3.16,31404.78,0.688,0.12,755.7599999999999,0.054,3.86,54013.40000000001,0.858,0.12,755.7599999999999,0.054,421237.5566587798,23.314252853393555,0.6223065754937678,2.54,17898.96,0.789,0.12,545.2,0.05,3.39,34554.8,0.795,0.12,545.2,0.05
33,0,-14500,14500.0,681199.7959133368,39.982337951660156,0.6909449001924273,2.87,19192.200000000004,0.856,0.12,759.52,0.054,3.39,54120.0,0.86,0.12,759.52,0.054,413058.9048338232,20.735774993896484,0.622498245622454,1.04,8114.369999999999,0.776,0.09,481.28,0.048,2.85,32086.600000000002,0.785,0.09,481.28,0.048
33,0,-14000,14000.0,661822.7635219009,42.36932373046875,0.6940130132968552,1.66,11748.48,0.858,0.12,761.4,0.054,3.7,55874.8,0.864,0.12,761.4,0.054,406179.36299122375,19.26680564880371,0.621332660282948,1.04,8084.22,0.776,0.08,464.36000000000007,0.048,2.37,30987.8,0.779,0.08,464.36000000000007,0.048
33,0,-13500,13500.0,634471.8010118536,41.33526611328125,0.6928614234538406,2.03,13525.290000000003,0.859,0.13,799.0,0.055,4.19,57908.40000000001,0.869,0.13,799.0,0.055,400497.88017307146,18.908382415771484,0.6215961422920235,1.03,8050.049999999999,0.779,0.07,439.92,0.047,1.96,30274.4,0.775,0.07,439.92,0.047
33,0,-13000,13000.0,596435.3217420997,36.96931457519531,0.6831591568769751,1.98,13060.98,0.854,0.13,812.16,0.055,4.49,58252.80000000001,0.869,0.13,812.16,0.055,393437.91320413514,20.632858276367188,0.6206751187143957,1.48,10718.4,0.77,0.07,432.3999999999999,0.047,1.85,30348.2,0.776,0.07,432.3999999999999,0.047
33,0,-12500,12500.0,556811.4167694948,32.07872009277344,0.6703127498973303,1.8,11905.23,0.84,0.13,827.2000000000002,0.055,4.61,57785.4,0.867,0.13,827.2000000000002,0.055,384125.1419163702,23.771337509155273,0.6173933829399959,1.35,9006.84,0.758,0.07,434.28,0.047,1.76,30569.6,0.778,0.07,434.28,0.047
33,0,-12000,12000.0,516057.6403613639,27.90074920654297,0.6504006048905037,3.3,24059.76,0.836,0.13,832.84,0.055,4.14,53726.4,0.857,0.13,832.84,0.055,372814.43782766873,25.39906120300293,0.6106279111498316,0.96,6290.1,0.765,0.07,436.15999999999997,0.047,1.51,30577.8,0.778,0.07,436.15999999999997,0.047
33,0,-11500,11500.0,483837.4974191567,26.44011688232422,0.6357983935530714,2.0,13081.64,0.782,0.11,733.2,0.054,3.61,49347.6,0.845,0.11,733.2,0.054,363346.9986052478,25.2536678314209,0.6047040649605524,1.29,7696.080000000001,0.762,0.06,432.3999999999999,0.048,1.91,30643.399999999998,0.779,0.06,432.3999999999999,0.048
33,0,-11000,11000.0,459788.9719845378,26.31096076965332,0.6229961302139144,2.06,13153.14,0.783,0.11,706.88,0.053,2.97,44050.4,0.827,0.11,706.88,0.053,357860.2237507366,23.037952423095703,0.597715495539028,0.78,4911.2,0.758,0.05,432.3999999999999,0.048,2.41,30094.000000000004,0.775,0.05,432.3999999999999,0.048
33,0,-10500,10500.0,445341.8696736975,27.199247360229492,0.6203031533704602,2.08,12584.0,0.783,0.08,577.16,0.051,2.57,39278.0,0.808,0.08,577.16,0.051,357297.57787724084,19.957752227783203,0.5943489363165086,1.69,10418.98,0.752,0.08,415.48,0.047,2.83,29552.8,0.771,0.08,415.48,0.047
33,0,-10000,10000.0,437043.46551441704,28.248550415039062,0.6179461216530723,1.66,9037.44,0.774,0.08,541.44,0.05,2.69,36941.0,0.795,0.08,541.44,0.05,360611.5672784319,23.23960304260254,0.5893102302743957,1.75,10647.78,0.756,0.08,409.84000000000003,0.047,2.52,28306.400000000005,0.764,0.08,409.84000000000003,0.047
33,0,-9500,9500.0,432904.5769249031,28.9172306060791,0.6211598249061474,1.98,9683.28,0.786,0.1,483.15999999999997,0.048,2.92,35432.2,0.786,0.1,483.15999999999997,0.048,368161.6605071773,25.619964599609375,0.5884802070440646,1.97,11757.46,0.774,0.07,379.76,0.045,2.07,27035.4,0.756,0.07,379.76,0.045
33,0,-9000,9000.0,432189.15684113454,28.23199462890625,0.6235606370962646,1.97,9590.4,0.786,0.1,470.0,0.047,3.34,36637.6,0.791,0.1,470.0,0.047,381993.53030985076,27.92807960510254,0.5915643347774718,2.13,11926.2,0.776,0.06,372.24,0.045,2.13,26461.400000000005,0.752,0.06,372.24,0.045
33,0,-8500,8500.0,430457.8058242769,28.163469314575195,0.6233079110116573,1.85,9445.68,0.787,0.12,505.72,0.048,3.77,37785.6,0.797,0.12,505.72,0.048,400099.7707371993,29.708906173706055,0.5996095522050099,2.51,12492.48,0.792,0.05,355.32,0.044,2.48,26313.800000000003,0.752,0.05,355.32,0.044
33,0,-8000,8000.0,430242.29968883155,28.980730056762695,0.6230519365687356,2.51,14000.79,0.809,0.13,517.0,0.048,3.74,37318.2,0.797,0.13,517.0,0.048,422398.6994797684,31.440277099609375,0.6087680707551989,2.56,12621.18,0.796,0.05,353.44,0.044,3.03,28240.799999999996,0.763,0.05,353.44,0.044
33,0,-7500,7500.0,432592.99185414857,29.636098861694336,0.6239897064500673,1.96,13188.12,0.801,0.12,511.36000000000007,0.049,3.82,36457.2,0.797,0.12,511.36000000000007,0.049,445125.25382756285,37.620548248291016,0.6167362177356467,2.5,11051.54,0.794,0.08,396.68,0.046,3.63,30446.600000000002,0.774,0.08,396.68,0.046
33,0,-7000,7000.0,438302.59004741383,29.882644653320312,0.6263434349649039,1.04,8413.2,0.772,0.12,509.48,0.049,3.47,34448.2,0.791,0.12,509.48,0.049,470611.10952267627,42.98695755004883,0.628882754031325,2.18,9013.68,0.787,0.08,409.84000000000003,0.046,4.09,32554.000000000004,0.784,0.08,409.84000000000003,0.046
33,0,-6500,6500.0,447654.31943993317,29.667312622070312,0.6319615327976914,1.44,18495.17,0.599,0.09,464.36000000000007,0.048,2.97,32463.800000000003,0.784,0.09,464.36000000000007,0.048,492508.7016604986,45.27715301513672,0.6360775061467936,2.66,9508.32,0.801,0.13,464.36000000000007,0.048,4.45,34440.0,0.793,0.13,464.36000000000007,0.048
33,0,-6000,6000.0,460892.07503476355,29.734962463378906,0.6370718929969291,1.45,18703.54,0.599,0.08,453.08,0.048,2.76,32390.0,0.785,0.08,453.08,0.048,513768.61711118545,46.54140090942383,0.6465804358703712,2.6,9767.52,0.807,0.16,477.52,0.049,5.01,35596.2,0.801,0.16,477.52,0.049
33,0,-5500,5500.0,477257.8828466416,29.42721939086914,0.6442395614165014,0.99,9419.76,0.793,0.07,449.32,0.048,2.52,32791.8,0.787,0.07,449.32,0.048,530034.5762625395,45.86128234863281,0.6526457104757548,2.49,10577.52,0.825,0.19,503.84000000000003,0.049,5.47,36637.6,0.81,0.19,503.84000000000003,0.049
33,0,-5000,5000.0,495988.44640195894,28.841007232666016,0.6494833871720189,1.0,9599.04,0.795,0.06,449.32,0.048,2.47,34792.6,0.796,0.06,449.32,0.048,540807.3153955716,43.367862701416016,0.6595595661555602,2.21,9981.66,0.825,0.19,511.36000000000007,0.05,5.25,38581.0,0.821,0.19,511.36000000000007,0.05
33,0,-4500,4500.0,515263.1436426047,28.113916397094727,0.6534115264924085,1.4,16659.5,0.828,0.06,492.56,0.049,2.43,36973.8,0.805,0.06,492.56,0.049,546742.103657921,40.08355712890625,0.6642078887851218,2.01,10530.39,0.831,0.18,565.88,0.052,4.86,40499.8,0.83,0.18,565.88,0.052
33,0,-4000,4000.0,535046.208235636,26.981966018676758,0.6581951442870914,1.49,16891.16,0.83,0.07,505.72,0.049,2.47,38482.6,0.811,0.07,505.72,0.049,545004.0526904399,34.97935485839844,0.6708261697062322,1.82,10628.88,0.831,0.17,580.92,0.052,4.19,42172.6,0.835,0.17,580.92,0.052
33,0,-3500,3500.0,552645.6928359519,26.020315170288086,0.6604360709152167,1.09,10478.16,0.807,0.07,535.8,0.05,2.52,39835.6,0.815,0.07,535.8,0.05,537576.8219256308,32.66191864013672,0.6747070091136625,1.86,11666.16,0.836,0.13,609.12,0.052,3.43,43681.4,0.839,0.13,609.12,0.052
33,0,-3000,3000.0,569764.0650746296,24.960304260253906,0.6626757743538,1.11,10815.12,0.811,0.07,545.2,0.05,2.49,40778.6,0.818,0.07,545.2,0.05,517900.39142697933,31.679767608642578,0.6714925624138274,1.81,11482.56,0.834,0.12,620.4,0.052,3.71,44239.0,0.841,0.12,620.4,0.052
33,0,-2500,2500.0,585038.7079631444,24.158226013183594,0.663048649334252,1.16,11834.64,0.825,0.07,558.36,0.05,2.43,42000.4,0.823,0.07,558.36,0.05,495362.5676369149,29.65497589111328,0.6658264825371099,1.75,11026.8,0.828,0.11,631.68,0.052,4.02,44509.6,0.843,0.11,631.68,0.052
33,0,-2000,2000.0,597046.4521074726,25.17330551147461,0.6589564953485214,2.07,25725.92,0.65,0.07,562.12,0.05,2.38,44567.0,0.831,0.07,562.12,0.05,469409.6609135682,26.58987808227539,0.6546197608322984,1.65,10657.44,0.822,0.11,635.44,0.052,3.72,43287.8,0.839,0.11,635.44,0.052
33,0,-1500,1500.0,600582.7532891475,27.54330825805664,0.6468113342354586,2.35,26702.46,0.654,0.07,622.28,0.051,2.94,47125.4,0.839,0.07,622.28,0.051,445461.82853888604,23.62343978881836,0.6438807755837708,1.33,9069.12,0.803,0.11,607.24,0.052,3.31,41795.4,0.835,0.11,607.24,0.052
33,0,-1000,1000.0,600336.7890922353,29.667667388916016,0.634307361685907,2.69,29006.97,0.669,0.08,639.2,0.052,2.94,48576.8,0.842,0.08,639.2,0.052,425234.72335162223,21.25058937072754,0.6313357551621172,1.29,8570.64,0.794,1.01,13565.86,0.161,2.8,39007.4,0.823,0.11,599.72,0.052
33,0,-500,500.0,596865.1612108515,32.466407775878906,0.6208648001750067,2.86,30745.46,0.678,0.09,676.8,0.052,2.89,49601.8,0.843,0.09,676.8,0.052,411167.9172208911,21.44049072265625,0.6251833454505292,1.17,7513.380000000001,0.772,0.1,530.16,0.05,2.33,36399.8,0.812,0.1,530.16,0.05
33,0,0,0.0,595424.7166652873,36.430843353271484,0.6149034950715575,3.34,32536.82,0.687,0.1,688.08,0.052,3.02,50249.6,0.844,0.1,688.08,0.052,402838.63181308407,22.635332107543945,0.620255942422783,1.08,7288.26,0.767,0.1,511.36000000000007,0.05,2.54,34079.2,0.8,0.1,511.36000000000007,0.05
33,0,500,500.0,592229.7023053863,40.14152908325195,0.609398514020065,3.74,33130.83,0.691,0.11,708.76,0.053,3.55,50602.2,0.844,0.11,708.76,0.053,397707.9642568395,21.993093490600586,0.6186386264180429,1.54,12369.27,0.801,0.09,453.08,0.048,2.79,32275.2,0.79,0.09,453.08,0.048
33,0,1000,1000.0,592440.5358608114,44.372257232666016,0.6103711097275877,4.0,32838.49,0.691,0.11,714.4,0.053,3.91,51020.4,0.846,0.11,714.4,0.053,397122.91601310717,21.245956420898438,0.6184184922412302,1.61,12310.560000000001,0.801,0.08,436.15999999999997,0.047,3.04,31775.0,0.788,0.08,436.15999999999997,0.047
33,0,1500,1500.0,591111.5641836005,45.99861145019531,0.6105170010153164,3.89,32085.87,0.69,0.1,731.32,0.053,4.59,51250.0,0.848,0.1,731.32,0.053,399245.67688468087,23.39532470703125,0.6209113535805532,1.39,11684.1,0.788,0.07,423.0,0.047,3.21,31668.399999999998,0.789,0.07,423.0,0.047
33,0,2000,2000.0,590490.9852147845,45.62409591674805,0.6117654815923917,3.19,31072.01,0.688,0.1,736.96,0.053,5.2,51635.4,0.851,0.1,736.96,0.053,403626.5747516685,24.468591690063477,0.624501351984251,0.78,6806.88,0.781,0.07,419.24,0.047,2.95,31898.0,0.79,0.07,419.24,0.047
33,0,2500,2500.0,587776.4272052548,46.18997573852539,0.6107500127704523,3.18,30624.17,0.687,0.11,761.4,0.054,5.69,51602.6,0.854,0.11,761.4,0.054,407075.1459565676,25.00853157043457,0.6260191282757882,0.97,7941.51,0.784,0.05,436.15999999999997,0.048,2.5,31725.799999999996,0.789,0.05,436.15999999999997,0.048
33,0,3000,3000.0,587153.7229407462,46.120792388916016,0.6108844682680182,3.55,30198.1,0.687,0.12,765.16,0.054,5.9,50397.2,0.853,0.12,765.16,0.054,410504.8992287433,24.589296340942383,0.6305107727884078,1.5,11571.0,0.786,0.05,439.92,0.048,2.25,31069.8,0.785,0.05,439.92,0.048
33,0,3500,3500.0,591018.4480613433,44.279869079589844,0.614539707005307,3.82,30232.309999999998,0.686,0.13,729.44,0.053,5.96,49175.4,0.852,0.13,729.44,0.053,411654.9503968796,22.330915451049805,0.6332943468990899,1.54,11542.0,0.786,0.06,434.28,0.048,2.47,30094.000000000004,0.778,0.06,434.28,0.048
33,0,4000,4000.0,593213.1918461949,41.771507263183594,0.6191551604543118,4.07,31199.519999999997,0.693,0.13,721.92,0.053,5.65,48708.0,0.852,0.13,721.92,0.053,408475.61578186287,19.11097526550293,0.6357941299617783,1.47,11333.2,0.784,0.06,432.3999999999999,0.047,2.26,30061.199999999997,0.779,0.06,432.3999999999999,0.047
33,0,4500,4500.0,596147.7426541911,40.318233489990234,0.6269130659474225,4.15,32101.42,0.697,0.12,706.88,0.053,5.2,48740.8,0.854,0.12,706.88,0.053,401828.83173214796,17.861705780029297,0.6358967590405292,1.08,7953.57,0.786,0.05,432.3999999999999,0.047,1.98,30233.399999999998,0.781,0.05,432.3999999999999,0.047
33,0,5000,5000.0,593254.7952970199,42.93022537231445,0.6366990585004615,3.96,30484.22,0.683,0.11,699.36,0.053,4.83,49413.2,0.857,0.11,699.36,0.053,390146.9111982536,17.0833797454834,0.6335041071558882,1.06,7913.369999999999,0.786,0.06,432.3999999999999,0.048,1.72,31086.199999999997,0.788,0.06,432.3999999999999,0.048
33,0,5500,5500.0,584792.1240062172,44.43759536743164,0.6452997421771978,3.66,27790.96,0.669,0.08,710.64,0.053,4.79,50348.0,0.861,0.08,710.64,0.053,376843.3178568557,16.595035552978516,0.6298621292607871,0.98,7867.14,0.786,0.07,447.44,0.048,1.78,32185.0,0.797,0.07,447.44,0.048
33,0,6000,6000.0,569814.223617564,45.72612380981445,0.6518279723878883,3.13,24460.15,0.647,0.09,716.28,0.053,4.83,51676.4,0.863,0.09,716.28,0.053,358979.45947067416,15.308241844177246,0.6201901895002793,0.87,7607.85,0.781,0.07,451.2,0.048,1.44,32447.4,0.8,0.07,451.2,0.048
33,0,6500,6500.0,552541.1970477129,45.58488082885742,0.6571275056948732,2.7,22494.63,0.634,0.09,750.12,0.054,4.98,52824.4,0.865,0.09,750.12,0.054,340333.102471094,13.658162117004395,0.6089962718089262,0.9,7008.869999999999,0.769,0.07,456.84000000000003,0.049,1.53,32554.000000000004,0.802,0.07,456.84000000000003,0.049
33,0,7000,7000.0,528683.9814970177,42.73813247680664,0.6550206964543872,2.98,26401.679999999997,0.855,0.09,763.2799999999999,0.054,4.84,51873.2,0.861,0.09,763.2799999999999,0.054,321215.68120289594,15.69411849975586,0.5959343647617698,1.57,14169.839999999998,0.766,0.07,458.72,0.049,1.54,30889.4,0.795,0.07,458.72,0.049
33,0,7500,7500.0,504626.8855165079,40.059051513671875,0.6508149097328644,6.3,58415.52,0.846,0.09,746.36,0.054,4.64,50085.6,0.856,0.09,746.36,0.054,304395.33083420974,17.327579498291016,0.5852074638915552,0.8,6410.88,0.737,0.07,417.36000000000007,0.048,1.5,29134.6,0.786,0.07,417.36000000000007,0.048
33,0,8000,8000.0,477476.75800983125,33.83449172973633,0.6345793781190989,2.05,19104.73,0.612,0.08,744.48,0.054,4.16,44386.6,0.839,0.08,744.48,0.054,290603.85000127205,18.053115844726562,0.5757157978575357,0.81,6253.2,0.731,0.07,404.2,0.048,1.54,27076.400000000005,0.772,0.07,404.2,0.048
33,0,8500,8500.0,459697.9666698404,31.079322814941406,0.6247386090794067,2.37,19042.53,0.611,0.08,599.72,0.051,3.78,38991.0,0.821,0.08,599.72,0.051,279894.0767371343,17.948453903198242,0.5708151249305603,0.87,5855.76,0.717,0.05,353.44,0.045,1.73,25247.8,0.758,0.05,353.44,0.045
33,0,9000,9000.0,449062.1161007824,30.881568908691406,0.6066362738477489,3.0,20759.25,0.632,0.07,560.24,0.051,3.54,36522.8,0.812,0.07,560.24,0.051,271790.953870528,16.900114059448242,0.5646545353771059,0.81,5782.32,0.714,0.05,338.4,0.045,1.78,24026.0,0.747,0.05,338.4,0.045
33,0,9500,9500.0,444455.8359960003,32.17839431762695,0.5928107594213226,3.54,22544.39,0.647,0.06,503.84000000000003,0.049,3.26,34940.2,0.807,0.06,503.84000000000003,0.049,266346.3015453839,15.255596160888672,0.5616903650336451,0.64,5320.47,0.708,0.06,313.96,0.043,1.76,22902.6,0.737,0.06,313.96,0.043
33,0,10000,10000.0,444903.4580513021,34.42344665527344,0.5781098592006394,4.31,25626.4,0.67,0.06,492.56,0.049,2.91,34817.2,0.806,0.06,492.56,0.049,264031.5984215282,13.838096618652344,0.5572199005248661,0.99,6689.54,0.686,0.06,306.44,0.043,1.59,22304.0,0.731,0.06,306.44,0.043
33,0,10500,10500.0,448955.778374082,38.30585479736328,0.5673830504483405,4.82,27806.51,0.683,0.06,486.92,0.049,3.21,35046.8,0.806,0.06,486.92,0.049,264430.27140648774,18.196413040161133,0.5552535602203359,1.62,7521.8,0.708,0.05,297.04,0.042,1.4,21672.6,0.725,0.05,297.04,0.042
33,0,11000,11000.0,458496.33424517885,43.538604736328125,0.5651909604817117,5.1,29840.45,0.692,0.06,486.92,0.049,3.99,36104.6,0.81,0.06,486.92,0.049,268002.10258744995,22.82537841796875,0.5515948698223705,1.73,7679.1,0.712,0.05,293.28,0.042,1.29,20803.4,0.719,0.05,293.28,0.042
33,0,11500,11500.0,467408.9533182254,46.48238754272461,0.5640454490631104,5.07,30723.690000000002,0.697,0.07,515.12,0.05,4.78,37351.0,0.817,0.07,515.12,0.05,274052.6310024361,25.1677188873291,0.5494443585565589,2.11,8880.3,0.739,0.03,274.48,0.042,1.21,19975.2,0.713,0.03,274.48,0.042
33,0,12000,12000.0,479629.54395039997,50.078086853027344,0.5742314353433148,4.95,30474.89,0.694,0.08,522.64,0.05,5.52,38999.2,0.825,0.08,522.64,0.05,286743.6040246794,28.19524574279785,0.5522561101552834,2.17,9089.08,0.744,0.03,270.72,0.041,1.38,19803.0,0.713,0.03,270.72,0.041
33,0,12500,12500.0,486324.4757654662,51.401485443115234,0.58168778252588,4.73,29535.67,0.689,0.1,565.88,0.051,6.2,40442.4,0.833,0.1,565.88,0.051,301999.2661812495,31.95229148864746,0.5567446621134305,2.36,10338.9,0.77,0.04,263.2,0.041,1.93,19909.6,0.715,0.04,263.2,0.041
33,0,13000,13000.0,492591.94865932444,52.21167755126953,0.5973698171256291,4.11,27116.09,0.673,0.11,579.04,0.051,6.37,42246.4,0.841,0.11,579.04,0.051,321170.27697376255,37.61476135253906,0.5637976757457215,2.7,9967.3,0.763,0.05,261.32,0.041,2.75,20983.8,0.724,0.05,261.32,0.041
33,0,13500,13500.0,492215.84052516584,52.104122161865234,0.608184977712851,3.59,25122.58,0.661,0.13,626.04,0.052,6.5,43747.0,0.847,0.13,626.04,0.052,340427.2329990097,41.25321960449219,0.5701859500594187,3.46,13791.44,0.782,0.07,285.76,0.042,3.6,22295.8,0.734,0.07,285.76,0.042
33,0,14000,14000.0,483683.0428809732,50.93836212158203,0.6178779591719781,4.28,24153.6,0.853,0.14,639.2,0.053,6.57,44181.6,0.849,0.14,639.2,0.053,360030.98335128964,45.128997802734375,0.5803552976107762,3.08,11431.8,0.79,0.07,293.28,0.043,4.33,24321.2,0.75,0.07,293.28,0.043
33,0,14500,14500.0,472641.42602296546,50.018089294433594,0.6282998667094494,8.75,53733.36,0.844,0.13,648.6,0.053,6.61,44263.6,0.85,0.13,648.6,0.053,375852.077560866,46.76150894165039,0.5866316284672177,3.81,14919.959999999997,0.796,0.09,338.4,0.045,4.94,26330.2,0.763,0.09,338.4,0.045
33,0,15000,15000.0,448258.1620905246,45.839942932128906,0.6284564320921799,3.38,22182.96,0.841,0.13,652.36,0.053,6.23,42303.8,0.845,0.13,652.36,0.053,386092.4069141518,49.52471923828125,0.59290818872772,3.64,12348.2,0.804,0.1,353.44,0.045,5.32,28560.6,0.779,0.1,353.44,0.045
33,0,15500,15500.0,425631.9483214005,42.159454345703125,0.6325034361885158,1.6,9531.42,0.823,0.11,605.36,0.052,5.85,40262.0,0.838,0.11,605.36,0.052,391036.8940883709,50.80318832397461,0.5945766739504704,3.68,12409.1,0.805,0.1,406.08,0.047,5.56,30668.0,0.793,0.1,406.08,0.047
33,0,16000,16000.0,398356.2602506837,37.285587310791016,0.629417371044452,3.0,19339.2,0.821,0.11,594.08,0.052,5.34,38343.2,0.831,0.11,594.08,0.052,391270.8966188191,51.52693176269531,0.5960653575042759,4.28,11982.8,0.8,0.1,421.12000000000006,0.048,5.74,32365.4,0.803,0.1,421.12000000000006,0.048
33,0,16500,16500.0,373102.86094872677,36.12173843383789,0.6282761207551073,4.89,36793.4,0.825,0.11,541.44,0.051,4.89,36793.4,0.825,0.11,541.44,0.051,388610.1960080734,52.464454650878906,0.5947361814415488,4.33,11953.8,0.8,0.11,462.48,0.049,5.93,33726.6,0.81,0.11,462.48,0.049
33,0,17000,17000.0,345555.41405297816,33.36725997924805,0.6192451098485283,1.83,11964.48,0.812,0.1,526.4,0.05,4.18,34325.2,0.814,0.1,526.4,0.05,386158.27195971797,54.096553802490234,0.5950975651287572,4.43,10898.2,0.784,0.12,475.63999999999993,0.05,6.11,34021.8,0.811,0.12,475.63999999999993,0.05
33,0,17500,17500.0,321264.6005609062,32.78893280029297,0.6134831885590878,1.36,7063.200000000001,0.771,0.07,470.0,0.049,4.37,31922.6,0.804,0.07,470.0,0.049,384593.41438102914,55.2632942199707,0.5961829430931115,4.44,10819.9,0.783,0.14,485.04,0.05,6.25,33874.2,0.811,0.14,485.04,0.05
33,0,18000,18000.0,296501.1541329743,30.863075256347656,0.5978389814375807,1.37,6793.2,0.764,0.07,454.96,0.049,4.32,29183.800000000003,0.792,0.07,454.96,0.049,384340.02932069014,54.96751022338867,0.6002671082692922,2.99,7919.4,0.794,0.15,486.92,0.05,6.16,32652.4,0.805,0.15,486.92,0.05
33,0,18500,18500.0,277073.4563011087,28.40911102294922,0.5885088289961617,1.36,5931.36,0.745,0.08,394.8,0.047,4.14,26592.6,0.779,0.08,394.8,0.047,386421.5382473543,54.0225944519043,0.6080398790386499,3.03,7416.9,0.783,0.17,458.72,0.049,5.97,31422.4,0.799,0.17,458.72,0.049
33,0,19000,19000.0,261465.71759841056,24.485502243041992,0.5738892039010837,1.31,5754.24,0.739,0.08,377.87999999999994,0.047,3.75,24460.6,0.768,0.08,377.87999999999994,0.047,385374.7108525931,47.58191680908203,0.6132314261189867,2.81,7380.72,0.781,1.65,13123.11,0.16,5.42,30422.0,0.793,0.18,451.2,0.049
33,0,19500,19500.0,252388.2317673038,20.796140670776367,0.5675268470144825,0.95,4918.47,0.722,0.08,325.24,0.045,3.24,22681.2,0.758,0.08,325.24,0.045,384793.1278469667,41.22088623046875,0.6209875930292279,2.33,7392.78,0.78,1.68,12202.19,0.156,4.83,29798.800000000003,0.788,0.18,419.24,0.048
33,0,20000,20000.0,249784.27606574187,20.376148223876953,0.5630135197260525,1.72,9938.88,0.717,0.08,312.08,0.045,2.67,21254.4,0.746,0.08,312.08,0.045,376784.2175179168,33.32026290893555,0.6205179180465048,4.27,14887.92,0.774,1.65,11245.85,0.151,4.16,30364.6,0.791,0.18,411.72,0.047
34,0,-20000,20000.0,727947.7606547452,24.232559204101562,0.6538671836827332,1.92,32788.73,0.66,0.07,740.72,0.05,1.9,55891.2,0.8,0.07,740.72,0.05,756500.1736105529,50.35798263549805,0.6408693911170888,2.41,10997.0,0.839,0.15,846.0,0.053,7.3,61352.399999999994,0.826,0.15,846.0,0.053
34,0,-19500,19500.0,720416.0293384432,26.047260284423828,0.6520728885428577,2.15,32934.9,0.661,0.08,815.92,0.051,2.06,59220.4,0.81,0.08,815.92,0.051,746484.3778046448,48.60658264160156,0.6334309909227351,3.52,15812.67,0.844,0.24,924.96,0.054,7.86,63541.799999999996,0.833,0.24,924.96,0.054
34,0,-19000,19000.0,704130.1669059098,30.11480712890625,0.6500662058479822,2.29,19380.7,0.798,0.08,836.6,0.051,2.19,59326.99999999999,0.81,0.08,836.6,0.051,731422.5313284098,40.41450119018555,0.6275005165996093,3.18,15485.040000000003,0.839,0.26,945.64,0.054,6.89,63320.4,0.834,0.26,945.64,0.054
34,0,-18500,18500.0,683407.9758273133,31.015846252441406,0.6453590922836927,2.32,19380.7,0.798,0.07,844.12,0.051,2.46,58589.0,0.807,0.07,844.12,0.051,720426.1156026935,40.42558670043945,0.6264347242146177,4.22,30733.019999999997,0.648,0.25,947.52,0.054,5.62,62648.00000000001,0.834,0.25,947.52,0.054
34,0,-18000,18000.0,660683.836220935,29.40977668762207,0.6392282637132531,1.3,11395.26,0.795,0.08,846.0,0.051,2.68,56588.200000000004,0.801,0.08,846.0,0.051,711181.8883393753,43.84351348876953,0.6276447761621671,2.28,12124.320000000002,0.811,0.24,947.52,0.054,5.22,61024.4,0.829,0.24,947.52,0.054
34,0,-17500,17500.0,641220.3986681224,26.720745086669922,0.6352090298562427,1.6,13276.05,0.799,0.1,804.64,0.051,3.18,54521.799999999996,0.796,0.1,804.64,0.051,706515.6327345616,45.33803176879883,0.6324710105988361,3.0,15424.56,0.814,0.14,881.7200000000001,0.053,6.82,59810.8,0.824,0.14,881.7200000000001,0.053
34,0,-17000,17000.0,621397.052402438,21.506668090820312,0.6296867264410265,2.97,26842.320000000003,0.794,0.1,795.2400000000001,0.051,3.05,52840.8,0.792,0.1,795.2400000000001,0.051,701858.5004559725,46.10795211791992,0.6341933493963229,2.84,15221.52,0.81,1.39,23873.08,0.168,7.72,59138.40000000001,0.816,0.15,870.44,0.052
34,0,-16500,16500.0,601546.1463997558,17.78223419189453,0.6242740018814134,4.75,59418.84,0.781,0.1,763.2799999999999,0.05,2.72,50954.8,0.787,0.1,763.2799999999999,0.05,701084.0578429098,44.157432556152344,0.6381039957758347,3.55,22433.4,0.822,1.37,24103.31,0.168,8.24,58982.600000000006,0.812,0.17,846.0,0.051
34,0,-16000,16000.0,580638.3993579942,21.172649383544922,0.6181971417563398,1.86,23292.72,0.768,0.1,755.7599999999999,0.05,1.96,48380.0,0.778,0.1,755.7599999999999,0.05,700238.4748224618,38.63348388671875,0.6395672962314624,4.32,26005.92,0.789,1.25,24315.83,0.168,7.37,57621.4,0.805,0.18,840.36,0.051
34,0,-15500,15500.0,562348.4956023761,23.603168487548828,0.6149433390043874,1.66,20519.78,0.57,0.06,684.32,0.049,1.59,46428.4,0.771,0.06,684.32,0.049,702506.1607345655,32.19111251831055,0.6420813921205806,8.2,58657.06,0.778,0.15,806.52,0.051,6.35,56432.399999999994,0.801,0.15,806.52,0.051
34,0,-15000,15000.0,544196.9760423684,25.870771408081055,0.6083648501144929,1.88,19947.54,0.567,0.06,665.52,0.048,1.56,46215.2,0.769,0.06,665.52,0.048,705270.2487059389,24.789960861206055,0.6426027767758546,2.74,25259.28,0.782,0.14,797.12,0.05,5.03,55628.8,0.798,0.14,797.12,0.05
34,0,-14500,14500.0,528692.845614699,26.46809959411621,0.6036023238293807,1.79,19692.52,0.564,0.05,659.88,0.048,1.97,46428.4,0.77,0.05,659.88,0.048,708534.3952678127,25.69728660583496,0.643465743723045,1.07,12711.24,0.789,0.11,783.96,0.05,3.78,54849.8,0.796,0.11,783.96,0.05
34,0,-14000,14000.0,513886.45010467025,25.579912185668945,0.5973230154185081,1.49,19390.85,0.561,0.05,658.0,0.048,2.4,45698.6,0.767,0.05,658.0,0.048,711480.9744440722,26.407079696655273,0.6441856915966792,1.36,16939.26,0.79,0.1,782.08,0.05,2.48,54726.799999999996,0.794,0.1,782.08,0.05
34,0,-13500,13500.0,500891.5768904572,25.047292709350586,0.5919619381886685,0.9,9563.58,0.742,0.06,641.08,0.048,2.73,44755.6,0.764,0.06,641.08,0.048,712297.3719810026,27.81752586364746,0.643495990862991,1.29,14832.72,0.8,0.08,785.84,0.05,2.41,54710.4,0.793,0.08,785.84,0.05
34,0,-13000,13000.0,490450.1976508309,24.51444435119629,0.5852211339231536,1.77,19224.96,0.736,0.07,637.32,0.048,2.56,42189.0,0.753,0.07,637.32,0.048,713030.0673675636,29.69411849975586,0.6431891432141863,1.29,14819.76,0.8,0.09,789.6,0.051,3.07,55563.200000000004,0.794,0.09,789.6,0.051
34,0,-12500,12500.0,484679.06064624037,22.670276641845703,0.5820365889406106,3.38,43189.21,0.726,0.06,577.16,0.046,2.23,39688.0,0.745,0.06,577.16,0.046,714569.4558683841,30.900413513183594,0.6437358856397991,1.46,14888.880000000001,0.805,0.08,806.52,0.051,3.68,56727.600000000006,0.797,0.08,806.52,0.051
34,0,-12000,12000.0,484546.4417852598,20.075603485107422,0.5780877065236477,1.38,18429.36,0.728,0.05,562.12,0.046,1.74,38507.2,0.74,0.05,562.12,0.046,714921.8904536639,30.825183868408203,0.6444426342765975,1.39,14839.2,0.805,0.08,814.04,0.051,3.63,56883.40000000001,0.798,0.08,814.04,0.051
34,0,-11500,11500.0,488785.6089616381,19.681612014770508,0.5767758091551687,0.78,9637.92,0.726,0.04,535.8,0.045,1.66,37613.4,0.737,0.04,535.8,0.045,713462.2628065713,30.409208297729492,0.6446906227910068,2.0,29280.65,0.643,0.09,814.04,0.051,3.41,57244.2,0.803,0.09,814.04,0.051
34,0,-11000,11000.0,499467.22997692635,20.249832153320312,0.5771077693013217,1.25,21580.29,0.574,0.04,530.16,0.045,1.55,37072.2,0.731,0.04,530.16,0.045,711513.7189702494,29.983848571777344,0.64192282536749,2.5,30135.9,0.648,0.1,815.92,0.051,3.65,57039.2,0.805,0.1,815.92,0.051
34,0,-10500,10500.0,516348.9872798958,20.541606903076172,0.5813807576327603,1.33,22239.61,0.58,0.06,517.0,0.045,1.43,36760.6,0.727,0.06,517.0,0.045,711034.4710506673,29.817089080810547,0.6383875080884497,2.93,31152.87,0.654,0.08,804.64,0.051,3.99,57170.4,0.81,0.08,804.64,0.051
34,0,-10000,10000.0,539754.3528729463,21.18680191040039,0.5874254261528664,1.36,23272.13,0.589,0.06,515.12,0.045,1.37,36834.4,0.723,0.06,515.12,0.045,716793.1578048286,33.276222229003906,0.6355815169877551,3.28,32300.46,0.66,0.08,802.7599999999999,0.051,4.13,57777.19999999999,0.813,0.08,802.7599999999999,0.051
34,0,-9500,9500.0,567918.3771096852,22.06422233581543,0.5962518277039974,1.37,24273.55,0.597,0.07,517.0,0.044,1.36,37211.6,0.722,0.07,517.0,0.044,726575.0446052653,36.068634033203125,0.6332026951222226,3.23,23140.26,0.825,0.09,815.92,0.051,4.02,58408.6,0.816,0.09,815.92,0.051
34,0,-9000,9000.0,600987.6309520558,22.149450302124023,0.6067979133146576,1.34,26839.3,0.619,0.07,518.88,0.044,1.48,38745.0,0.726,0.07,518.88,0.044,739633.8397550251,39.32461166381836,0.6357257851090253,3.45,23509.2,0.827,0.09,817.7999999999998,0.051,3.31,57301.59999999999,0.813,0.09,817.7999999999998,0.051
34,0,-8500,8500.0,632785.1956494036,22.282161712646484,0.61579312564464,1.31,29059.84,0.636,0.07,554.6,0.045,1.62,40532.6,0.733,0.07,554.6,0.045,753019.2010527813,40.685935974121094,0.6408758403549973,9.29,73941.48,0.833,0.11,800.88,0.051,3.82,55792.80000000001,0.81,0.11,800.88,0.051
34,0,-8000,8000.0,664663.5818259325,22.897323608398438,0.6257325787880266,1.25,32222.71,0.656,0.07,567.76,0.045,1.66,43427.2,0.743,0.07,567.76,0.045,763413.5425462236,39.00741958618164,0.648335047736589,1.94,13937.34,0.81,0.12,795.2400000000001,0.051,4.14,56301.2,0.81,0.12,795.2400000000001,0.051
34,0,-7500,7500.0,693281.0673326603,23.5567569732666,0.6329810759912626,1.69,25197.68,0.797,0.05,635.44,0.047,1.66,46535.0,0.754,0.05,635.44,0.047,767174.9399989189,35.05363464355469,0.654309824310714,2.31,17413.92,0.836,0.13,810.2799999999999,0.051,4.28,57383.6,0.812,0.13,810.2799999999999,0.051
34,0,-7000,7000.0,719889.7195844154,24.788330078125,0.641249313452504,1.57,20459.5,0.803,0.05,654.24,0.047,1.6,49519.8,0.767,0.05,654.24,0.047,765376.6417344173,33.036014556884766,0.6569474026068053,3.82,25881.84,0.847,1.25,24457.51,0.168,4.27,61778.8,0.821,0.14,815.92,0.051
34,0,-6500,6500.0,741286.0665030789,26.137521743774414,0.6459446150894328,2.0,26069.88,0.801,0.05,721.92,0.049,1.91,52553.8,0.782,0.05,721.92,0.049,761385.9823858308,32.33669662475586,0.656351094898011,3.49,25529.58,0.843,0.12,926.84,0.053,6.16,66231.4,0.83,0.12,926.84,0.053
34,0,-6000,6000.0,754822.1109902266,29.924638748168945,0.6511879740111646,1.66,19747.8,0.803,0.06,742.6,0.049,2.14,54333.200000000004,0.789,0.06,742.6,0.049,751193.7840545326,27.26007843017578,0.6510768518942344,3.12,25205.129999999997,0.84,0.14,958.7999999999998,0.053,5.85,65919.8,0.827,0.14,958.7999999999998,0.053
34,0,-5500,5500.0,759845.0814918951,31.446685791015625,0.6526309903703331,2.67,27162.8,0.81,0.06,785.84,0.05,2.17,55792.80000000001,0.796,0.06,785.84,0.05,746649.2450279235,24.370880126953125,0.6487600801219197,2.03,23060.67,0.824,0.13,941.88,0.053,5.31,64919.4,0.824,0.13,941.88,0.053
34,0,-5000,5000.0,756307.6137388763,30.64691925048828,0.657107914594971,2.98,22100.9,0.816,0.07,799.0,0.05,2.48,57047.399999999994,0.8,0.07,799.0,0.05,745961.3708691213,23.42219352722168,0.647476300268799,1.15,14214.96,0.793,0.14,940.0,0.053,3.47,59482.80000000001,0.808,0.14,940.0,0.053
34,0,-4500,4500.0,742950.9784229989,28.314640045166016,0.6573969177261652,3.08,22158.9,0.817,0.08,832.84,0.051,2.71,58015.0,0.803,0.08,832.84,0.051,753119.8857462469,25.92154884338379,0.6520300540069572,1.77,22462.44,0.814,0.09,808.4,0.051,2.47,54259.4,0.793,0.09,808.4,0.051
34,0,-4000,4000.0,718456.9952608105,26.689802169799805,0.6535300829357702,1.69,12990.84,0.813,0.08,842.2400000000001,0.051,2.87,58900.6,0.805,0.08,842.2400000000001,0.051,761596.3177933039,29.92049217224121,0.6536366947257581,1.88,22476.74,0.814,0.08,770.7999999999998,0.05,2.2,54767.80000000001,0.794,0.08,770.7999999999998,0.05
34,0,-3500,3500.0,689446.0598314448,25.82765007019043,0.6467492326002221,2.13,15143.34,0.817,0.11,868.56,0.051,3.9,59491.0,0.807,0.11,868.56,0.051,768237.6518401403,32.171199798583984,0.6550911407441811,1.9,18506.44,0.806,0.06,787.7200000000001,0.05,2.34,56293.00000000001,0.8,0.06,787.7200000000001,0.05
34,0,-3000,3000.0,656773.7599251872,23.52469253540039,0.6353668200019651,3.85,30648.96,0.812,1.04,20012.3,0.16,3.55,58687.399999999994,0.805,0.14,876.08,0.051,770463.626624481,33.778541564941406,0.6556956887782011,2.43,20221.7,0.806,0.06,793.36,0.05,2.59,58941.59999999999,0.807,0.06,793.36,0.05
34,0,-2500,2500.0,628540.4440813421,22.21607208251953,0.6258048369222963,1.24,12811.74,0.79,1.1,20277.95,0.161,3.69,57301.59999999999,0.801,0.14,866.6800000000001,0.051,766158.5369773642,34.33207702636719,0.6515356313531278,1.97,16288.56,0.817,0.07,847.88,0.051,2.77,61672.19999999999,0.815,0.07,847.88,0.051
34,0,-2000,2000.0,604717.5379126533,23.343307495117188,0.6150914893509221,2.39,25969.2,0.786,1.13,20756.12,0.161,3.28,52758.8,0.787,0.14,864.7999999999998,0.051,758041.3047082042,34.11239242553711,0.6479941741059339,1.89,16059.599999999999,0.814,0.07,864.7999999999998,0.051,2.86,62631.59999999999,0.818,0.07,864.7999999999998,0.051
34,0,-1500,1500.0,592019.7261555376,24.516265869140625,0.6113312487562808,1.46,25169.230000000003,0.611,0.08,740.72,0.049,2.13,48675.2,0.776,0.08,740.72,0.049,751904.9330013627,32.92877197265625,0.6473184543518111,1.78,14182.56,0.81,0.12,881.7200000000001,0.051,3.74,63279.4,0.82,0.12,881.7200000000001,0.051
34,0,-1000,1000.0,589386.8865780028,24.999666213989258,0.6075099664517795,1.59,25853.43,0.613,0.08,714.4,0.049,2.0,45239.4,0.763,0.08,714.4,0.049,746569.8412866527,34.8837776184082,0.6494671557902589,1.39,12115.62,0.805,0.13,887.36,0.052,3.52,61926.4,0.816,0.13,887.36,0.052
34,0,-500,500.0,596182.0563621732,25.659421920776367,0.6101090822111122,1.63,26522.08,0.616,0.05,629.8,0.047,2.01,42746.6,0.754,0.05,629.8,0.047,738902.5685017181,36.737998962402344,0.6504564718405288,1.22,9956.8,0.809,0.12,862.92,0.051,3.39,60327.399999999994,0.812,0.12,862.92,0.051
34,0,0,0.0,611280.0251214998,26.23110580444336,0.6144423633099607,1.61,28005.55,0.627,0.06,607.24,0.047,1.82,43164.8,0.755,0.06,607.24,0.047,730174.299444411,34.02890396118164,0.6478080511024294,1.17,9942.8,0.808,0.12,859.16,0.051,4.16,59933.8,0.812,0.12,859.16,0.051
34,0,500,500.0,628374.4739407372,26.98128318786621,0.6199412913476375,1.55,29224.67,0.636,0.04,622.28,0.047,1.98,44017.6,0.759,0.04,622.28,0.047,722254.2739970377,31.333667755126953,0.643864097990509,2.37,19530.94,0.794,0.11,855.4,0.051,4.87,59810.8,0.814,0.11,855.4,0.051
34,0,1000,1000.0,645878.9014940128,27.36743927001953,0.6274065453349927,1.42,30493.55,0.645,0.04,626.04,0.047,2.13,45485.4,0.762,0.04,626.04,0.047,715978.5322888136,32.25429916381836,0.6391589351139231,2.76,18763.0,0.79,0.12,855.4,0.051,4.26,59326.99999999999,0.813,0.12,855.4,0.051
34,0,1500,1500.0,657795.4176566274,26.89236068725586,0.6308643994309872,1.39,31236.84,0.651,0.04,658.0,0.048,2.26,47158.2,0.768,0.04,658.0,0.048,711571.1886813745,34.99007797241211,0.6352830523552004,2.64,16926.56,0.794,0.1,847.88,0.051,3.36,58630.0,0.811,0.1,847.88,0.051
34,0,2000,2000.0,665327.4199985218,26.452672958374023,0.6353116615587217,1.65,18591.9,0.794,0.05,669.28,0.048,2.3,48568.6,0.772,0.05,669.28,0.048,711592.6448570237,38.31645202636719,0.6362284143417363,1.85,11477.039999999997,0.795,0.09,849.7599999999999,0.051,3.48,56358.6,0.803,0.09,849.7599999999999,0.051
34,0,2500,2500.0,669374.5742456651,26.041610717773438,0.6388408222197179,1.7,18644.1,0.795,0.05,697.48,0.048,2.27,50003.6,0.778,0.05,697.48,0.048,715392.5430989084,39.985504150390625,0.64146653340482,2.56,14707.44,0.804,0.11,797.12,0.051,4.0,54349.6,0.798,0.11,797.12,0.051
34,0,3000,3000.0,665938.1135264201,26.634033203125,0.640330315446039,1.07,11153.399999999998,0.795,0.05,708.76,0.049,2.09,51291.0,0.784,0.05,708.76,0.049,718644.3120500665,37.98509216308594,0.646794679397436,1.56,9448.6,0.8,0.12,783.96,0.05,4.59,54981.0,0.8,0.12,783.96,0.05
34,0,3500,3500.0,657840.0235853514,26.960430145263672,0.6389597814941054,1.46,13923.359999999999,0.799,0.07,736.96,0.049,2.59,52504.6,0.79,0.07,736.96,0.049,717591.6289787302,34.56122589111328,0.6498391265434291,2.18,13605.69,0.802,0.15,799.0,0.051,4.99,56145.4,0.803,0.15,799.0,0.051
34,0,4000,4000.0,645800.4805898452,27.08465576171875,0.6366669019979928,2.3,26103.84,0.793,0.08,746.36,0.049,2.82,52734.2,0.793,0.08,746.36,0.049,707967.4405889969,29.228994369506836,0.6478824544961671,4.01,27340.080000000005,0.796,0.16,804.64,0.051,4.27,57514.8,0.807,0.16,804.64,0.051
34,0,4500,4500.0,632717.9233536413,27.498973846435547,0.6333049067749204,1.07,12478.08,0.793,0.1,753.88,0.05,2.86,52783.40000000001,0.796,0.1,753.88,0.05,695158.2958567073,30.10481071472168,0.6433837620396006,1.74,15115.68,0.813,0.14,832.84,0.051,4.33,58941.59999999999,0.811,0.14,832.84,0.051
34,0,5000,5000.0,617991.6759969057,27.380802154541016,0.6288208487281914,0.97,12248.94,0.787,0.1,757.64,0.05,2.19,51340.2,0.791,0.1,757.64,0.05,681254.352352619,30.89700698852539,0.6405768999616214,1.57,13245.900000000001,0.802,0.14,842.2400000000001,0.051,3.31,58506.99999999999,0.811,0.14,842.2400000000001,0.051
34,0,5500,5500.0,606093.1628221463,26.021888732910156,0.6263608914180134,1.0,12607.92,0.78,0.06,725.68,0.049,2.23,49880.6,0.787,0.06,725.68,0.049,667187.4858357216,33.075096130371094,0.6388942295560172,1.62,12855.96,0.801,0.11,830.96,0.051,3.31,57801.799999999996,0.811,0.11,830.96,0.051
34,0,6000,6000.0,592242.3980235737,23.315343856811523,0.6227845725531981,1.01,12484.8,0.778,0.06,718.16,0.049,2.12,48634.2,0.782,0.06,718.16,0.049,651685.7600681833,35.57185363769531,0.6384115725315972,1.54,12769.53,0.801,0.12,829.08,0.051,3.61,55956.799999999996,0.808,0.12,829.08,0.051
34,0,6500,6500.0,577279.6910684938,23.973344802856445,0.6195936600130328,1.41,21791.769999999997,0.581,0.06,691.84,0.049,2.17,47404.2,0.778,0.06,691.84,0.049,635987.7638179213,36.18110275268555,0.6391233705173108,1.69,13793.76,0.806,0.11,789.6,0.051,4.12,54128.200000000004,0.807,0.11,789.6,0.051
34,0,7000,7000.0,557436.927189678,24.84773063659668,0.6138181556940517,1.68,20298.97,0.567,0.06,684.32,0.049,2.07,46420.2,0.774,0.06,684.32,0.049,615402.330049542,33.864871978759766,0.636276758021235,1.57,13575.6,0.803,0.11,780.2000000000002,0.051,4.37,53176.99999999999,0.805,0.11,780.2000000000002,0.051
34,0,7500,7500.0,537181.8853760662,26.4718074798584,0.6089842058628951,1.82,19294.44,0.558,0.07,658.0,0.048,1.94,45772.4,0.772,0.07,658.0,0.048,593365.4487643712,31.24127960205078,0.6325789543742856,1.43,12047.94,0.796,0.11,757.64,0.051,4.46,52504.6,0.805,0.11,757.64,0.051
34,0,8000,8000.0,515913.7091602053,27.98712158203125,0.6017314896165803,1.75,12754.2,0.724,0.07,652.36,0.048,1.98,45887.2,0.771,0.07,652.36,0.048,567437.146335972,30.923107147216797,0.6252253693267967,2.01,14494.2,0.761,0.11,752.0,0.051,3.98,51012.2,0.801,0.11,752.0,0.051
34,0,8500,8500.0,495134.0061397758,27.213159561157227,0.5937466842936718,1.76,12661.399999999998,0.723,0.08,650.48,0.048,2.11,46198.8,0.771,0.08,650.48,0.048,544445.9354070598,29.77358627319336,0.6207380145850104,1.56,11821.68,0.78,0.09,718.16,0.05,3.86,49511.6,0.798,0.09,718.16,0.05
34,0,9000,9000.0,476589.19684815546,23.964134216308594,0.5839972447147046,1.21,9623.88,0.742,0.08,650.48,0.048,2.59,44230.8,0.762,0.08,650.48,0.048,520286.63542569766,26.27058982849121,0.6121751010576658,0.98,7495.6,0.774,0.09,710.64,0.05,3.9,47207.4,0.789,0.09,710.64,0.05
34,0,9500,9500.0,463780.5363843747,23.008464813232422,0.578370458171721,1.25,8850.03,0.727,0.08,607.24,0.047,2.98,42074.2,0.753,0.08,607.24,0.047,500078.28870671365,25.077880859375,0.6061450885208656,1.35,9923.37,0.76,0.09,654.24,0.049,3.56,44927.8,0.781,0.09,654.24,0.049
34,0,10000,10000.0,457489.01950851176,22.576452255249023,0.5742080964919668,2.21,17817.36,0.722,0.09,595.96,0.047,2.82,39097.6,0.741,0.09,595.96,0.047,485203.4407199375,25.241640090942383,0.5976443657971956,2.51,20020.56,0.755,0.09,641.08,0.049,3.32,42435.0,0.768,0.09,641.08,0.049
34,0,10500,10500.0,457713.2693713371,22.016159057617188,0.5760003908375462,3.77,39640.43,0.708,0.09,530.16,0.045,2.47,36170.2,0.729,0.09,530.16,0.045,479664.14858972275,24.590656280517578,0.5966267132073754,1.75,13685.1,0.755,0.09,584.68,0.047,2.98,40196.4,0.757,0.09,584.68,0.047
34,0,11000,11000.0,461505.0584203121,21.873727798461914,0.5794229748575804,1.27,20065.72,0.57,0.09,511.36000000000007,0.045,1.83,34718.8,0.721,0.09,511.36000000000007,0.045,477130.7939523307,22.967267990112305,0.5895987597525012,1.89,13876.72,0.759,0.07,569.64,0.047,2.45,38449.8,0.749,0.07,569.64,0.047
34,0,11500,11500.0,467927.0629110758,21.602657318115234,0.5855970302597296,1.26,20012.85,0.569,0.05,479.3999999999999,0.044,1.78,33734.8,0.717,0.05,479.3999999999999,0.044,480043.23160521954,23.815553665161133,0.5855982244281067,2.46,15629.9,0.781,0.07,526.4,0.046,2.71,37195.2,0.745,0.07,526.4,0.046
34,0,12000,12000.0,472088.80733563507,21.221019744873047,0.5905533717547152,1.08,13616.46,0.741,0.05,470.0,0.044,1.76,34358.0,0.722,0.05,470.0,0.044,485739.95811468246,27.698591232299805,0.5813521424152823,2.63,15895.88,0.784,0.07,517.0,0.046,2.43,36457.2,0.743,0.07,517.0,0.046
34,0,12500,12500.0,473962.38166368596,20.950748443603516,0.5939914401799365,2.0,13041.6,0.732,0.05,485.04,0.044,1.82,35284.6,0.729,0.05,485.04,0.044,493560.75859979726,31.64055633544922,0.5789483968413888,2.6,13215.62,0.774,0.08,496.32,0.045,2.18,36145.6,0.744,0.08,496.32,0.045
34,0,13000,13000.0,468488.16911928717,21.38856315612793,0.5905257477018435,2.14,12950.08,0.732,0.05,490.68,0.044,1.89,36801.6,0.737,0.05,490.68,0.044,501156.76645791053,36.65058517456055,0.5790982270836442,1.79,8788.74,0.77,0.08,492.56,0.046,2.8,37318.2,0.753,0.08,492.56,0.046
34,0,13500,13500.0,458866.5292484554,22.58404541015625,0.5831835878725677,2.52,12094.94,0.711,0.06,526.4,0.045,1.93,38195.6,0.745,0.06,526.4,0.045,506414.57644172315,39.429771423339844,0.5792467933998948,2.62,11610.0,0.786,0.08,513.24,0.046,3.94,38950.0,0.766,0.08,513.24,0.046
34,0,14000,14000.0,446206.7011703045,25.129117965698242,0.5739492110030663,2.53,11954.8,0.709,0.06,537.68,0.046,1.86,38818.8,0.748,0.06,537.68,0.046,506755.55794694996,38.125579833984375,0.5820456629811517,2.56,11733.12,0.785,0.09,522.64,0.046,5.0,42025.0,0.779,0.09,522.64,0.046
34,0,14500,14500.0,434286.1377000546,28.185977935791016,0.5664575597754052,1.72,9590.4,0.738,0.05,547.08,0.046,2.11,39327.2,0.752,0.05,547.08,0.046,496998.8981202745,35.191497802734375,0.5788888954808528,3.89,19648.98,0.569,0.15,599.72,0.048,5.8,44944.2,0.791,0.15,599.72,0.048
34,0,15000,15000.0,422142.4030326807,28.927677154541016,0.5601681018664014,1.83,9387.36,0.732,0.05,550.84,0.046,2.93,38097.2,0.745,0.05,550.84,0.046,480236.7415300133,40.20677947998047,0.5778332164910429,3.91,17904.27,0.552,0.17,620.4,0.049,5.19,46166.0,0.792,0.17,620.4,0.049
34,0,15500,15500.0,413394.6363296028,28.34019660949707,0.5575483896093041,2.17,8866.8,0.717,0.1,518.88,0.046,3.86,37105.0,0.741,0.1,518.88,0.046,461218.3082063313,39.7574348449707,0.5760638053746724,3.63,16635.39,0.539,0.16,650.48,0.049,5.67,47084.4,0.793,0.16,650.48,0.049
34,0,16000,16000.0,404357.72349044867,25.352245330810547,0.5534225487573445,3.03,13528.02,0.744,0.11,511.36000000000007,0.045,4.42,35661.8,0.73,0.11,511.36000000000007,0.045,438505.56669222936,40.90884780883789,0.5717831607121484,1.43,6924.4,0.757,0.16,659.88,0.049,5.89,45493.6,0.783,0.16,659.88,0.049
34,0,16500,16500.0,397920.78408002097,22.97783088684082,0.5525827432015142,2.33,12971.819999999998,0.732,0.13,475.63999999999993,0.044,4.82,34407.2,0.72,0.13,475.63999999999993,0.044,418713.53554885654,42.24629211425781,0.5693679176331253,2.34,9329.04,0.736,0.13,616.64,0.048,5.68,43812.6,0.774,0.13,616.64,0.048
34,0,17000,17000.0,389252.4655881007,23.759496688842773,0.5498405369564373,1.17,8406.72,0.702,1.21,11511.5,0.131,3.87,33292.0,0.711,0.14,466.24,0.044,394976.6956034686,38.14317321777344,0.5585235595990226,3.33,13803.03,0.756,0.14,607.24,0.048,6.4,39909.4,0.758,0.14,607.24,0.048
34,0,17500,17500.0,379287.92019318324,23.889631271362305,0.5470893494607861,0.96,8490.96,0.704,0.1,451.2,0.043,2.78,32119.4,0.703,0.1,451.2,0.043,376697.0078697044,31.94098472595215,0.5542744979976509,2.0,7426.950000000001,0.708,0.12,520.76,0.046,6.71,35784.8,0.737,0.12,520.76,0.046
34,0,18000,18000.0,365627.94069485913,22.64192771911621,0.5424491159562815,0.93,8357.039999999999,0.7,0.09,447.44,0.043,2.08,31922.6,0.7,0.09,447.44,0.043,358139.7463968508,27.977764129638672,0.5451535571778413,3.83,14965.44,0.702,0.14,498.2,0.045,5.66,32964.00000000001,0.722,0.14,498.2,0.045
34,0,18500,18500.0,347672.3103500281,20.84032440185547,0.5340740287071865,0.83,7260.119999999999,0.684,0.07,453.08,0.043,2.03,31635.6,0.698,0.07,453.08,0.043,343182.712958268,29.248266220092773,0.541380612336577,6.65,33025.95,0.685,0.14,436.15999999999997,0.043,4.2,30717.2,0.71,0.14,436.15999999999997,0.043
34,0,19000,19000.0,324935.87742835726,18.32448387145996,0.5187684542755089,0.86,7732.799999999999,0.682,0.07,454.96,0.043,2.08,30643.399999999998,0.69,0.07,454.96,0.043,328846.43832366227,30.105945587158203,0.533145046070035,1.4,7791.12,0.706,0.14,421.12000000000006,0.043,3.78,30430.2,0.707,0.14,421.12000000000006,0.043
34,0,19500,19500.0,305354.15891579835,15.373429298400879,0.505950028137633,0.83,7307.28,0.675,0.06,423.0,0.042,2.1,29872.6,0.685,0.06,423.0,0.042,316912.9268077875,30.4511661529541,0.5266187239669843,1.54,7441.200000000001,0.699,0.08,419.24,0.043,3.94,30807.4,0.713,0.08,419.24,0.043
34,0,20000,20000.0,288127.9394894169,15.578474998474121,0.49204393327075535,0.79,6855.84,0.66,0.06,415.48,0.041,1.94,28724.6,0.678,0.06,415.48,0.041,307186.3585465313,29.660179138183594,0.5167040287898216,1.44,7099.919999999999,0.687,0.09,421.12000000000006,0.044,3.5,29905.4,0.707,0.09,421.12000000000006,0.044
35,0,-20000,20000.0,327844.9967648885,14.489261627197266,0.5009242122991181,0.98,8568.56,0.617,0.05,415.48,0.041,1.2,30110.4,0.673,0.05,415.48,0.041,230418.1568717904,9.544220924377441,0.4295904817058895,0.67,7650.2,0.597,0.06,156.04,0.025,0.63,13497.2,0.503,0.06,156.04,0.025
35,0,-19500,19500.0,323193.9991187668,16.507761001586914,0.49807649759508377,1.19,8580.0,0.625,0.04,391.04,0.04,1.12,29019.8,0.665,0.04,391.04,0.04,250214.49177591654,10.289362907409668,0.4463776141974641,0.68,7751.7,0.6,0.03,161.68,0.026,0.49,14062.999999999998,0.515,0.03,161.68,0.026
35,0,-19000,19000.0,321904.4882248861,18.241003036499023,0.4975757179312014,1.37,8760.9,0.629,0.04,383.52,0.04,1.16,27789.8,0.656,0.04,383.52,0.04,271506.98868366086,10.291958808898926,0.4623202259518707,0.39,4597.08,0.598,0.02,163.56,0.026,0.68,15965.399999999998,0.544,0.02,163.56,0.026
35,0,-18500,18500.0,322968.8591310565,19.37228012084961,0.500267490146402,1.28,7787.64,0.631,0.05,359.08,0.038,1.47,26576.199999999997,0.647,0.05,359.08,0.038,291811.82533973805,9.515546798706055,0.47480215001208875,0.54,5646.24,0.6,0.02,210.56000000000003,0.03,0.89,17908.8,0.57,0.02,210.56000000000003,0.03
35,0,-18000,18000.0,325151.03722351557,20.570178985595703,0.5045886097893506,0.93,5333.1,0.634,0.05,353.44,0.038,1.69,25977.6,0.642,0.05,353.44,0.038,312096.41056977864,8.437169075012207,0.48819935493907124,0.53,5773.68,0.603,0.03,225.6,0.031,0.96,19819.4,0.592,0.03,225.6,0.031
35,0,-17500,17500.0,327345.5402176565,21.2919979095459,0.5092578562097044,1.34,6715.44,0.643,0.07,344.04,0.038,1.84,25387.2,0.638,0.07,344.04,0.038,330186.59718779975,8.550366401672363,0.49801105915847643,0.52,6207.84,0.619,0.04,268.84,0.034,0.98,21598.8,0.609,0.04,268.84,0.034
35,0,-17000,17000.0,328592.0229144285,23.826744079589844,0.5149181139562978,1.33,6773.76,0.646,0.08,342.16,0.038,2.12,25387.2,0.64,0.08,342.16,0.038,346962.5702395409,9.018013954162598,0.5095159115672675,0.78,15357.18,0.503,0.04,282.0,0.034,0.95,22746.8,0.619,0.04,282.0,0.034
35,0,-16500,16500.0,327223.63287605473,25.729965209960938,0.5170552674924946,1.32,7039.4400000000005,0.661,0.09,344.04,0.038,2.36,25518.4,0.646,0.09,344.04,0.038,362181.1375210536,10.01931381225586,0.5195062081040352,1.02,15705.5,0.51,0.04,306.44,0.036,1.0,23903.0,0.629,0.04,306.44,0.036
35,0,-16000,16000.0,324534.6540394981,27.509136199951172,0.5191792224033387,1.2,7026.48,0.661,0.09,347.8,0.038,2.4,26035.0,0.654,0.09,347.8,0.038,372389.761330403,12.255692481994629,0.5277053734465761,1.32,15926.31,0.513,0.04,315.84,0.036,1.02,25469.2,0.642,0.04,315.84,0.036
35,0,-15500,15500.0,320163.963709581,28.391551971435547,0.5196965727191669,1.04,6564.659999999999,0.66,0.09,362.84,0.039,2.34,26436.8,0.66,0.09,362.84,0.039,378548.4230360101,14.301872253417969,0.5327524339782571,1.51,16032.05,0.515,0.04,353.44,0.038,1.02,27109.200000000004,0.654,0.04,353.44,0.038
35,0,-15000,15000.0,314721.680604454,28.319028854370117,0.5189789703704677,1.04,6375.72,0.657,0.09,368.48,0.04,2.32,26469.6,0.663,0.09,368.48,0.04,377602.3458032862,15.960373878479004,0.5367208369921439,1.53,14955.990000000002,0.499,0.04,364.72,0.038,0.97,28634.4,0.664,0.04,364.72,0.038
35,0,-14500,14500.0,310161.2849682198,26.495615005493164,0.5189651365675836,1.14,6793.2,0.666,0.07,364.72,0.04,2.85,26584.4,0.666,0.07,364.72,0.04,370249.88637002616,17.685787200927734,0.5355280266233053,1.4,13649.79,0.479,0.04,404.2,0.04,1.0,29954.6,0.673,0.04,404.2,0.04
35,0,-14000,14000.0,304401.7855984275,24.267139434814453,0.5144580594517362,2.04,12105.36,0.646,0.06,364.72,0.04,3.01,26420.4,0.67,0.06,364.72,0.04,354178.5031180727,17.854835510253906,0.5295195106249042,0.68,6549.36,0.684,0.04,415.48,0.041,1.06,30471.199999999997,0.677,0.04,415.48,0.041
35,0,-13500,13500.0,301305.20682670176,24.48346519470215,0.5122896824346993,3.85,26913.13,0.633,0.07,357.2,0.04,3.09,26420.4,0.675,0.07,357.2,0.04,334037.56149538973,16.801929473876953,0.5193077757739425,0.8,7627.950000000001,0.688,0.04,428.63999999999993,0.041,1.53,31020.6,0.685,0.04,428.63999999999993,0.041
35,0,-13000,13000.0,300044.25815595384,24.771780014038086,0.5098261027541685,1.43,7600.9,0.625,0.07,355.32,0.04,2.59,25797.2,0.675,0.07,355.32,0.04,309643.0475461824,14.204829216003418,0.5021579919032857,1.57,15369.36,0.682,0.05,434.28,0.042,1.58,30577.8,0.685,0.05,434.28,0.042
35,0,-12500,12500.0,301875.82049548544,24.669673919677734,0.5111845429635331,1.45,7656.0,0.627,0.06,336.52,0.04,2.38,25436.4,0.677,0.06,336.52,0.04,287254.2152426782,14.435375213623047,0.4851670156969572,0.65,6438.03,0.65,0.05,423.0,0.041,1.68,29864.4,0.682,0.05,423.0,0.041
35,0,-12000,12000.0,306069.1614781503,24.916776657104492,0.5132418158496164,0.87,4943.34,0.644,0.06,330.88,0.04,2.05,25092.0,0.673,0.06,330.88,0.04,268111.5189842929,15.980452537536621,0.4655692456292274,1.27,12970.32,0.644,0.05,421.12000000000006,0.041,1.49,27330.6,0.663,0.05,421.12000000000006,0.041
35,0,-11500,11500.0,311347.9783716233,24.80150032043457,0.5166860828144295,1.04,5628.0,0.643,0.05,323.36,0.039,2.18,24895.2,0.671,0.05,323.36,0.039,256529.36451834382,16.520347595214844,0.4538469261462055,0.7,5121.36,0.581,0.04,359.08,0.039,1.23,24764.0,0.641,0.04,359.08,0.039
35,0,-11000,11000.0,316790.83001053694,23.423925399780273,0.5202532732947261,1.06,6747.84,0.667,0.05,321.48,0.039,2.37,25682.4,0.675,0.05,321.48,0.039,253641.43616347725,15.92717456817627,0.4457838186460654,0.95,6554.0,0.561,0.04,342.16,0.038,1.22,21918.6,0.613,0.04,342.16,0.038
35,0,-10500,10500.0,320691.72153839807,21.344484329223633,0.5216501633679627,0.96,6842.88,0.669,0.06,344.04,0.04,2.53,26379.4,0.679,0.06,344.04,0.04,260248.89392892362,14.675888061523438,0.45012827149586876,1.07,8911.76,0.626,0.04,276.36,0.034,1.4,19442.2,0.586,0.04,276.36,0.034
35,0,-10000,10000.0,322516.51398338075,18.78822898864746,0.5232214566506955,0.99,6860.16,0.668,0.07,351.56,0.04,2.57,26609.000000000004,0.679,0.07,351.56,0.04,273569.75583847123,15.866109848022461,0.4592500139885847,1.51,7928.6,0.605,0.04,257.56,0.033,1.46,18614.0,0.573,0.04,257.56,0.033
35,0,-9500,9500.0,323630.54212290625,16.240915298461914,0.5246911553986844,1.05,6944.4,0.671,0.62,9846.76,0.126,2.57,26830.4,0.679,0.07,355.32,0.04,290142.4920484515,17.247135162353516,0.47257902050637024,1.53,9703.98,0.645,0.04,238.76,0.032,1.49,18581.2,0.576,0.04,238.76,0.032
35,0,-9000,9000.0,322986.946356215,13.820146560668945,0.5245098550998551,1.03,6989.76,0.672,0.53,9563.4,0.124,2.34,27019.000000000004,0.68,0.07,357.2,0.04,306947.43663436815,18.001577377319336,0.49030477358261476,1.69,9535.2,0.648,0.04,238.76,0.032,1.31,19606.2,0.583,0.04,238.76,0.032
35,0,-8500,8500.0,320806.72679505707,12.270217895507812,0.5225934848176798,0.96,7182.0,0.678,0.48,9404.01,0.122,2.06,27224.000000000004,0.681,0.07,362.84,0.041,317122.0564576334,21.138166427612305,0.5008470463000267,1.69,9654.1,0.651,0.07,259.44,0.033,1.39,21074.0,0.596,0.07,259.44,0.033
35,0,-8000,8000.0,318085.4393972106,10.733853340148926,0.5176424793293697,0.89,7110.72,0.675,0.52,9740.5,0.123,1.82,27609.4,0.683,0.07,364.72,0.041,318896.2938102596,24.906362533569336,0.506072672179103,1.21,6124.47,0.633,0.08,265.08,0.033,1.7,23607.8,0.621,0.08,265.08,0.033
35,0,-7500,7500.0,316431.8754468773,9.446094512939453,0.5125841511603944,0.68,6877.44,0.668,0.61,10271.8,0.125,1.6,27912.8,0.685,0.07,374.12,0.041,314725.04078176344,25.439184188842773,0.505483388345167,1.26,6813.9,0.658,0.09,329.0,0.037,2.0,26117.0,0.644,0.09,329.0,0.037
35,0,-7000,7000.0,319099.6119963303,9.804306983947754,0.508377635059133,0.62,6750.0,0.663,0.07,377.87999999999994,0.041,1.32,27420.799999999996,0.681,0.07,377.87999999999994,0.041,305059.52653487923,23.67576026916504,0.5017484504705415,1.32,7255.4400000000005,0.656,0.09,345.92,0.038,2.52,27560.2,0.656,0.09,345.92,0.038
35,0,-6500,6500.0,327239.60711929505,10.078133583068848,0.5089232942606082,0.47,6352.56,0.649,0.06,362.84,0.04,1.07,26961.600000000002,0.677,0.06,362.84,0.04,293694.93667352997,20.421640396118164,0.49577020520832576,1.12,6472.200000000001,0.648,0.1,383.52,0.04,3.03,28486.8,0.663,0.1,383.52,0.04
35,0,-6000,6000.0,341686.87827123224,10.273305892944336,0.5119408091513103,0.68,8610.1,0.631,0.05,359.08,0.04,0.88,26043.2,0.669,0.05,359.08,0.04,281318.26958931045,18.760860443115234,0.4881153218436177,1.19,6309.36,0.628,0.1,392.92,0.04,2.86,26838.599999999995,0.65,0.1,392.92,0.04
35,0,-5500,5500.0,362109.1114954825,10.21655559539795,0.5197755205509085,0.71,13613.6,0.708,0.04,334.64,0.039,0.9,25338.0,0.663,0.04,334.64,0.039,273534.61925661936,18.971773147583008,0.48599794345916336,1.26,5527.44,0.618,0.09,357.2,0.039,2.47,24944.4,0.636,0.09,357.2,0.039
35,0,-5000,5000.0,387707.1577887752,11.383932113647461,0.5317961287866075,0.83,10457.4,0.662,0.04,327.12,0.039,0.83,26010.4,0.665,0.04,327.12,0.039,269860.8676607299,21.470800399780273,0.4841421256412829,1.31,5505.84,0.619,0.09,345.92,0.038,2.11,22771.4,0.623,0.09,345.92,0.038
35,0,-4500,4500.0,414052.2558390867,12.834282875061035,0.5439474094198995,0.71,7914.24,0.675,0.04,342.16,0.039,0.86,26953.399999999998,0.669,0.04,342.16,0.039,271771.32198978454,23.523944854736328,0.4890054769803314,1.52,5518.8,0.629,0.1,295.16,0.037,2.4,21213.4,0.621,0.1,295.16,0.037
35,0,-4000,4000.0,436663.8543721765,13.743148803710938,0.5549053748152909,0.75,8344.080000000002,0.682,0.05,345.92,0.039,0.91,29142.8,0.678,0.05,345.92,0.039,278841.3496522509,24.025094985961914,0.4936136027744883,1.49,5598.72,0.632,0.1,285.76,0.037,2.63,21041.2,0.625,0.1,285.76,0.037
35,0,-3500,3500.0,452653.5422794937,13.96895694732666,0.5606160455064438,0.88,9717.84,0.706,0.06,396.68,0.04,1.06,31643.800000000003,0.689,0.06,396.68,0.04,287736.2525253993,23.127878189086914,0.4985915803561743,1.37,5767.2,0.639,0.86,10838.52,0.131,2.76,21090.4,0.634,0.11,285.76,0.037
35,0,-3000,3000.0,461464.2872198252,13.521809577941895,0.5621817588328064,0.86,9933.84,0.71,0.06,411.72,0.041,1.21,35014.0,0.702,0.06,411.72,0.041,300935.6114922471,21.310171127319336,0.5058329728163544,1.27,5855.76,0.641,1.05,11564.63,0.134,2.67,21697.2,0.642,0.12,287.64,0.038
35,0,-2500,2500.0,466902.75445627177,13.080528259277344,0.5601310426951167,0.76,10534.32,0.722,0.07,483.15999999999997,0.042,1.37,38466.2,0.717,0.07,483.15999999999997,0.042,316856.6597313088,19.183549880981445,0.5151620939655034,1.02,6130.08,0.65,0.1,295.16,0.038,2.54,22541.8,0.652,0.1,295.16,0.038
35,0,-2000,2000.0,473155.14124711446,12.961827278137207,0.5594977778692626,1.27,16791.06,0.756,0.07,509.48,0.043,1.45,40270.2,0.725,0.07,509.48,0.043,334944.7112579294,17.11617660522461,0.5252925880485532,1.26,10653.5,0.692,0.1,297.04,0.038,2.26,23320.8,0.659,0.1,297.04,0.038
35,0,-1500,1500.0,482102.40789392736,14.424665451049805,0.560179106995774,1.68,15873.0,0.734,0.06,547.08,0.044,1.54,41820.0,0.732,0.06,547.08,0.044,351786.0371581542,20.726316452026367,0.5324835016708103,1.56,11488.62,0.707,0.07,310.2,0.038,1.96,24108.0,0.666,0.07,310.2,0.038
35,0,-1000,1000.0,494289.7508763574,17.192663192749023,0.5637171960534534,1.8,16107.52,0.737,0.06,556.48,0.044,1.4,40360.4,0.723,0.06,556.48,0.044,369281.60052386456,23.885820388793945,0.5409117858358756,1.93,10361.7,0.688,0.07,313.96,0.039,1.7,25395.4,0.675,0.07,313.96,0.039
35,0,-500,500.0,507926.6740970984,20.618534088134766,0.5692962757614679,1.43,15542.959999999997,0.684,0.04,515.12,0.043,1.24,38745.0,0.713,0.04,515.12,0.043,386607.9055024657,26.172927856445312,0.5494496477123771,2.0,10445.8,0.69,0.05,342.16,0.04,1.48,26773.0,0.684,0.05,342.16,0.04
35,0,0,0.0,521525.81361204706,23.516033172607422,0.5750763677989982,1.53,20501.12,0.552,0.04,505.72,0.043,1.29,38950.0,0.713,0.04,505.72,0.043,403227.0165317807,28.26862144470215,0.5594981998355792,1.97,11312.9,0.709,0.05,351.56,0.04,1.81,28503.2,0.694,0.05,351.56,0.04
35,0,500,500.0,532751.2133301613,25.79596710205078,0.5801044056336192,1.25,11165.04,0.729,0.05,515.12,0.043,1.37,39483.0,0.716,0.05,515.12,0.043,416758.48719162977,29.461477279663086,0.5660936689158053,1.42,7471.17,0.699,0.06,389.15999999999997,0.041,2.46,30290.799999999996,0.705,0.06,389.15999999999997,0.041
35,0,1000,1000.0,539137.5427464255,27.798099517822266,0.584240675784541,2.16,17761.32,0.762,0.06,518.88,0.043,1.96,41885.6,0.727,0.06,518.88,0.043,427799.9620742806,30.309703826904297,0.5723356638734618,1.41,7652.07,0.705,0.07,400.44,0.042,2.97,31914.4,0.715,0.07,400.44,0.042
35,0,1500,1500.0,540588.746865866,28.77823257446289,0.585819379606329,1.77,21987.7,0.569,0.07,575.28,0.045,3.22,44567.0,0.741,0.07,575.28,0.045,436393.6591724551,30.757038116455078,0.5763370324872699,1.35,8037.99,0.716,0.09,439.92,0.043,3.38,33341.2,0.723,0.09,439.92,0.043
35,0,2000,2000.0,535526.2589411457,29.386884689331055,0.5865025936179934,0.99,10271.1,0.726,0.08,592.2,0.045,2.82,46043.0,0.747,0.08,592.2,0.045,442030.12299534446,30.931385040283203,0.5792367543222964,1.28,8154.57,0.72,0.1,451.2,0.043,3.29,34038.2,0.727,0.1,451.2,0.043
35,0,2500,2500.0,525240.7122526485,29.481903076171875,0.5831682571556401,1.02,10327.38,0.734,0.06,635.44,0.046,2.53,46699.0,0.75,0.06,635.44,0.046,444155.8367946826,30.126935958862305,0.5788595754740636,1.96,18330.34,0.558,0.09,470.0,0.044,3.12,34513.8,0.729,0.09,470.0,0.044
35,0,3000,3000.0,512915.36754610937,28.688945770263672,0.5757311936626442,0.96,10289.19,0.733,0.07,648.6,0.046,2.68,45165.6,0.743,0.07,648.6,0.046,443179.4695344838,31.26087188720703,0.5792960982033498,2.09,12345.3,0.728,0.09,475.63999999999993,0.044,2.96,34874.6,0.731,0.09,475.63999999999993,0.044
35,0,3500,3500.0,505842.3856715248,26.88125228881836,0.5706639761622733,0.89,10162.56,0.733,0.07,616.64,0.046,2.78,43779.8,0.742,0.07,616.64,0.046,439134.76906389295,32.81028747558594,0.5773391552393292,2.43,18859.04,0.563,0.08,490.68,0.045,2.8,35178.0,0.733,0.08,490.68,0.045
35,0,4000,4000.0,506780.7342251657,24.782493591308594,0.5660899037070786,1.65,20469.36,0.727,0.07,620.4,0.046,2.67,42312.0,0.738,0.07,620.4,0.046,432316.8933198481,35.063716888427734,0.5778035521628108,2.44,12426.5,0.729,0.07,494.44,0.045,2.78,35219.0,0.735,0.07,494.44,0.045
35,0,4500,4500.0,513101.0933067835,22.940322875976562,0.5650831300929933,1.1,16127.54,0.731,0.07,599.72,0.046,2.54,40614.6,0.731,0.07,599.72,0.046,422624.7960828172,35.86152648925781,0.5767073845028587,2.46,12432.3,0.729,0.08,496.32,0.046,2.82,35350.2,0.738,0.08,496.32,0.046
35,0,5000,5000.0,524615.7448771258,23.792190551757812,0.5671743713959085,1.18,14070.8,0.709,0.07,592.2,0.046,2.26,38031.6,0.711,0.07,592.2,0.046,410048.6589188518,35.143699645996094,0.5738583342295867,1.44,7361.94,0.728,0.09,498.2,0.046,3.11,35186.2,0.735,0.09,498.2,0.046
35,0,5500,5500.0,543610.4647775785,25.00819969177246,0.5757060599668358,1.23,14233.2,0.712,0.05,517.0,0.043,1.99,36039.0,0.694,0.05,517.0,0.043,396289.6707622191,32.538455963134766,0.5698234294754713,1.76,8574.66,0.732,0.64,10944.78,0.134,3.4,34964.8,0.734,0.1,500.08,0.046
35,0,6000,6000.0,564317.799321972,26.281949996948242,0.5867563535167665,1.43,16135.6,0.737,0.04,496.32,0.042,2.14,37629.8,0.701,0.04,496.32,0.042,380322.83804572106,26.701091766357422,0.5585266517222457,3.23,17274.72,0.725,0.77,11422.95,0.136,3.52,34546.6,0.732,0.11,501.96,0.046
35,0,6500,6500.0,583134.5746863631,27.16351318359375,0.5966796746040973,1.45,16283.5,0.739,0.04,530.16,0.043,2.33,40139.0,0.713,0.04,530.16,0.043,367765.7219672907,20.29795265197754,0.5491572677243098,1.11,7183.74,0.696,0.94,12095.93,0.14,3.55,33997.2,0.729,0.12,492.56,0.046
35,0,7000,7000.0,595848.7491984791,27.592287063598633,0.6052645501304666,0.88,10092.0,0.745,0.04,541.44,0.043,2.53,43378.0,0.728,0.04,541.44,0.043,361349.5084746296,15.262276649475098,0.5417095282029837,1.99,14459.52,0.69,1.11,13140.82,0.144,3.04,31750.4,0.716,0.12,488.8,0.045
35,0,7500,7500.0,601917.0840240824,27.66284942626953,0.6094320180701949,1.05,11605.74,0.747,0.06,620.4,0.045,2.71,46346.4,0.741,0.06,620.4,0.045,362182.5189491443,12.723193168640137,0.5411362993877941,1.11,11016.72,0.706,0.09,428.63999999999993,0.043,2.49,29651.199999999997,0.704,0.09,428.63999999999993,0.043
35,0,8000,8000.0,601997.5112990174,27.101539611816406,0.6102085753176226,1.02,11457.0,0.744,0.07,644.84,0.046,2.79,48503.0,0.749,0.07,644.84,0.046,372834.5996066233,14.277735710144043,0.5444735759615819,1.15,11182.6,0.709,0.08,411.72,0.043,1.82,27912.8,0.692,0.08,411.72,0.043
35,0,8500,8500.0,599730.531987125,26.165163040161133,0.608307351408728,0.94,11157.51,0.74,0.07,699.36,0.047,2.81,50266.0,0.757,0.07,699.36,0.047,389826.2914999545,17.761699676513672,0.5534331827210608,1.42,16386.59,0.54,0.04,368.48,0.041,1.2,26715.6,0.684,0.04,368.48,0.041
35,0,9000,9000.0,598878.6900225822,25.222862243652344,0.6069896339948752,0.94,12534.48,0.749,0.07,714.4,0.047,2.62,49962.6,0.757,0.07,714.4,0.047,413039.5194901265,22.456689834594727,0.5645537740822469,1.84,18840.38,0.569,0.03,355.32,0.041,1.29,27609.4,0.69,0.03,355.32,0.041
35,0,9500,9500.0,602650.9359770401,24.521211624145508,0.6084556370831495,0.87,11819.52,0.748,0.07,695.6,0.047,2.43,49528.0,0.757,0.07,695.6,0.047,435785.1103087203,25.615522384643555,0.5735216149964848,2.04,20625.519999999997,0.586,0.05,381.63999999999993,0.042,1.61,28806.600000000002,0.699,0.05,381.63999999999993,0.042
35,0,10000,10000.0,609795.8642826801,23.79212760925293,0.6113667618017558,0.87,11949.12,0.751,0.06,691.84,0.047,2.33,47904.4,0.755,0.06,691.84,0.047,458310.27067824267,27.84971809387207,0.583636884382089,2.13,22118.32,0.598,0.05,389.15999999999997,0.042,1.96,30668.0,0.711,0.05,389.15999999999997,0.042
35,0,10500,10500.0,620641.124273116,23.252416610717773,0.617126812633214,0.87,12296.88,0.762,0.06,642.96,0.046,2.34,46904.0,0.757,0.06,642.96,0.046,476356.254237485,28.903684616088867,0.5895800668441518,2.1,22569.269999999997,0.602,0.07,439.92,0.044,2.29,32332.6,0.721,0.07,439.92,0.044
35,0,11000,11000.0,633435.3358644687,22.603958129882812,0.6215466553594727,1.2,19281.6,0.786,0.06,633.56,0.047,2.34,47715.8,0.763,0.06,633.56,0.047,491894.1674212678,29.580507278442383,0.5958051280265428,1.88,22671.9,0.602,0.07,453.08,0.045,2.41,34161.2,0.73,0.07,453.08,0.045
35,0,11500,11500.0,645702.1179566727,22.11835479736328,0.6247622207000925,1.03,13597.2,0.781,0.06,656.12,0.047,2.4,48888.4,0.769,0.06,656.12,0.047,504117.46155864844,30.470884323120117,0.5993213938960805,1.64,22606.59,0.6,0.08,500.08,0.046,2.78,35883.2,0.739,0.08,500.08,0.046
35,0,12000,12000.0,658847.6114079873,23.39171600341797,0.6269280208650718,1.0,13599.36,0.779,0.06,661.76,0.048,2.37,51184.4,0.778,0.06,661.76,0.048,514207.20045615814,30.879507064819336,0.6029156885725123,0.93,8390.28,0.751,0.08,515.12,0.046,3.03,37711.8,0.747,0.08,515.12,0.046
35,0,12500,12500.0,669703.1799570685,23.847639083862305,0.6267373465893142,0.98,13793.76,0.776,0.07,721.92,0.049,2.31,53242.600000000006,0.786,0.07,721.92,0.049,521095.45810521685,29.809890747070312,0.6037675356812634,1.26,10363.68,0.754,0.07,558.36,0.047,3.19,39286.2,0.754,0.07,558.36,0.047
35,0,13000,13000.0,681121.2025473833,24.684337615966797,0.6272930824587866,1.31,20208.76,0.78,0.08,738.84,0.049,2.25,53636.2,0.783,0.08,738.84,0.049,525766.2388645047,27.442655563354492,0.6052665196642832,1.85,14830.6,0.759,0.07,571.52,0.048,3.07,39310.8,0.754,0.07,571.52,0.048
35,0,13500,13500.0,693514.2393707664,26.44053077697754,0.6281416524291183,1.35,21555.82,0.796,0.07,748.24,0.049,2.4,53562.399999999994,0.78,0.07,748.24,0.049,529563.0782027413,24.87586784362793,0.6067516680155068,1.88,14888.600000000002,0.76,0.08,567.76,0.047,2.9,39245.2,0.753,0.08,567.76,0.047
35,0,14000,14000.0,709678.0389539474,27.03663444519043,0.6316845019640016,1.34,21756.019999999997,0.798,0.07,752.0,0.049,2.36,53267.19999999999,0.775,0.07,752.0,0.049,533403.4843689178,24.505645751953125,0.6092396950986284,1.99,15636.8,0.773,0.08,565.88,0.047,2.51,39384.6,0.753,0.08,565.88,0.047
35,0,14500,14500.0,727884.152245092,26.856164932250977,0.6367246768213336,0.97,14223.599999999999,0.779,0.06,735.08,0.048,2.26,53316.4,0.772,0.06,735.08,0.048,538021.5879844625,23.629610061645508,0.6124225342989921,2.0,15706.399999999998,0.774,0.07,567.76,0.047,2.15,39630.6,0.754,0.07,567.76,0.047
35,0,15000,15000.0,748826.9128613308,26.75766944885254,0.6431483840222111,1.45,22006.98,0.798,0.05,731.32,0.048,2.53,54587.399999999994,0.778,0.05,731.32,0.048,541456.9252416622,22.14659881591797,0.6154813506457913,1.31,10419.84,0.766,0.07,569.64,0.047,1.98,40196.4,0.756,0.07,569.64,0.047
35,0,15500,15500.0,768632.8862094284,28.025178909301758,0.6489134720942599,1.48,33009.54,0.655,0.06,761.4,0.049,2.93,56170.0,0.785,0.06,761.4,0.049,544194.1101270904,22.886638641357422,0.6178483256421875,1.4,10715.31,0.775,0.08,590.32,0.048,1.96,40581.8,0.758,0.08,590.32,0.048
35,0,16000,16000.0,786024.7939703164,28.284055709838867,0.65480633062869,1.71,34486.79,0.666,0.06,772.6800000000001,0.049,3.02,58621.799999999996,0.794,0.06,772.6800000000001,0.049,544349.2606167401,21.397445678710938,0.6199898613708836,1.35,10703.25,0.774,0.08,594.08,0.048,1.9,40540.8,0.76,0.08,594.08,0.048
35,0,16500,16500.0,798092.0105877606,27.456430435180664,0.6572404318856725,1.85,35419.79,0.672,0.05,832.84,0.05,3.08,60926.0,0.804,0.05,832.84,0.05,542237.7493396996,21.42129135131836,0.6210429470407726,1.26,10737.42,0.776,0.09,601.6,0.048,1.85,40278.4,0.761,0.09,601.6,0.048
35,0,17000,17000.0,804004.8419911112,29.015981674194336,0.6601827832789443,1.84,21384.6,0.806,0.05,849.7599999999999,0.051,2.81,62049.4,0.806,0.05,849.7599999999999,0.051,537171.3251900799,21.577680587768555,0.6206628542640165,2.24,21681.12,0.77,0.09,603.48,0.049,1.86,40499.8,0.762,0.09,603.48,0.049
35,0,17500,17500.0,803840.6631660695,30.128164291381836,0.6607027263339795,1.86,21462.9,0.807,0.06,874.2000000000002,0.051,2.59,62861.2,0.807,0.06,874.2000000000002,0.051,530370.443444595,21.37311363220215,0.6190299554185333,0.96,11037.6,0.77,0.09,609.12,0.049,1.84,40827.8,0.763,0.09,609.12,0.049
35,0,18000,18000.0,797729.537670366,30.201862335205078,0.6607756091205196,1.19,14765.459999999997,0.805,0.07,881.7200000000001,0.051,2.49,63418.8,0.81,0.07,881.7200000000001,0.051,521151.4301886414,20.497011184692383,0.6153591791595012,0.92,10918.8,0.768,0.08,611.0,0.049,1.95,41131.2,0.765,0.08,611.0,0.049
35,0,18500,18500.0,787245.2929479694,29.16547393798828,0.6590099006262631,1.27,15177.510000000002,0.811,0.07,904.2799999999999,0.051,2.31,63812.399999999994,0.813,0.07,904.2799999999999,0.051,512859.1820840342,19.350566864013672,0.6122010725275344,1.5,17006.12,0.751,0.07,607.24,0.049,2.13,41688.8,0.769,0.07,607.24,0.049
35,0,19000,19000.0,774041.7783577145,27.06392478942871,0.6562467229383403,1.23,14900.13,0.806,0.08,911.7999999999998,0.052,2.34,64501.2,0.815,0.08,911.7999999999998,0.052,504729.5054048724,18.070735931396484,0.6084139598421482,1.21,13670.6,0.754,0.07,607.24,0.049,2.15,41032.8,0.767,0.07,607.24,0.049
35,0,19500,19500.0,757683.0752735254,25.81610679626465,0.6512336257731096,1.11,14277.03,0.797,0.08,930.6,0.052,2.65,65001.4,0.817,0.08,930.6,0.052,498662.5877103555,17.393598556518555,0.6062865518160908,1.21,13664.8,0.754,0.06,588.44,0.048,2.12,40278.4,0.766,0.06,588.44,0.048
35,0,20000,20000.0,740105.1179545118,23.670745849609375,0.6440711688354256,0.91,11670.179999999998,0.786,0.08,938.12,0.052,2.75,63066.2,0.811,0.08,938.12,0.052,495490.3539185142,18.9746150970459,0.6044262762642323,1.35,13345.8,0.747,0.06,582.8,0.048,1.92,39048.4,0.76,0.06,582.8,0.048
36,0,-20000,20000.0,278969.74965235486,14.95429801940918,0.5303868109860715,0.48,3974.6,0.68,0.03,285.76,0.038,2.03,24124.4,0.711,0.03,285.76,0.038,403513.2105000814,44.213016510009766,0.6297910485665881,2.53,10735.8,0.769,0.17,693.72,0.054,5.06,41483.8,0.856,0.17,693.72,0.054
36,0,-19500,19500.0,273494.2151727368,15.177331924438477,0.5249668236442745,0.55,5370.72,0.669,0.03,302.68,0.038,1.96,25042.8,0.721,0.03,302.68,0.038,368886.7573747513,43.67002487182617,0.6205144318217346,2.55,10564.7,0.766,0.11,580.92,0.052,5.08,36842.6,0.839,0.11,580.92,0.052
36,0,-19000,19000.0,266786.7978847828,15.415969848632812,0.5205269921054171,1.06,10873.2,0.667,0.03,308.32,0.039,1.68,24108.0,0.714,0.03,308.32,0.039,336961.34866595553,41.736412048339844,0.6058846748936528,2.47,9198.8,0.743,0.1,548.96,0.052,4.9,32685.2,0.82,0.1,548.96,0.052
36,0,-18500,18500.0,259429.54406800627,15.466073036193848,0.516708330135118,0.45,5177.76,0.656,0.02,287.64,0.038,1.38,22869.8,0.703,0.02,287.64,0.038,311669.86678841495,38.918365478515625,0.5981642092584174,1.75,6914.4,0.764,0.09,451.2,0.049,4.61,29044.4,0.801,0.09,451.2,0.049
36,0,-18000,18000.0,251242.06545415873,15.534907341003418,0.5108393151998497,0.43,5199.87,0.657,0.02,280.12,0.037,1.19,21762.8,0.69,0.02,280.12,0.037,289016.3304977083,34.26971435546875,0.5846340825712489,1.73,6620.94,0.757,0.09,423.0,0.048,3.99,26256.400000000005,0.784,0.09,423.0,0.048
36,0,-17500,17500.0,244360.7590382119,15.742012977600098,0.5070693725592573,0.51,5511.8,0.618,0.02,259.44,0.036,1.21,20836.2,0.679,0.02,259.44,0.036,273070.636884689,30.514402389526367,0.5800369241122412,1.59,5991.81,0.739,0.84,7880.95,0.138,3.32,23944.0,0.767,0.11,357.2,0.046
36,0,-17000,17000.0,238134.98235199336,16.171316146850586,0.501508829130222,0.63,6548.199999999999,0.628,0.02,253.80000000000004,0.036,1.26,20672.2,0.675,0.02,253.80000000000004,0.036,259310.98844142508,25.926664352416992,0.5709551930267541,1.45,5754.63,0.734,0.87,7721.560000000001,0.138,2.81,22353.2,0.755,0.11,342.16,0.046
36,0,-16500,16500.0,233227.84677400676,16.740135192871094,0.4970300301824108,0.64,6501.800000000001,0.627,0.02,255.68000000000004,0.036,1.3,20500.0,0.673,0.02,255.68000000000004,0.036,249296.59323184495,24.196443557739258,0.5662669480455719,1.1,5268.21,0.722,0.9,7579.88,0.138,2.4,20967.4,0.743,0.1,304.56,0.044
36,0,-16000,16000.0,229278.61768800172,17.295761108398438,0.4920426403217338,0.71,6368.4,0.627,0.02,255.68000000000004,0.036,1.28,19163.4,0.658,0.02,255.68000000000004,0.036,241683.42264759893,22.89055824279785,0.5604155574977525,2.04,10701.84,0.718,0.09,297.04,0.044,2.17,19868.6,0.733,0.09,297.04,0.044
36,0,-15500,15500.0,228019.80632518083,17.84103012084961,0.49117643888330076,0.72,6359.7,0.627,0.03,223.72,0.034,1.24,18056.4,0.651,0.03,223.72,0.034,237366.4931165817,22.200517654418945,0.5593372065711564,1.13,6603.74,0.708,0.04,265.08,0.042,2.02,18983.0,0.724,0.04,265.08,0.042
36,0,-15000,15000.0,229096.65749292672,18.267311096191406,0.49138783845986433,0.78,6614.9,0.638,0.03,218.07999999999998,0.034,1.28,17687.4,0.651,0.03,218.07999999999998,0.034,234641.35331236103,21.78594207763672,0.5580351205965582,1.0,5572.76,0.696,0.04,259.44,0.041,2.05,18458.2,0.72,0.04,259.44,0.041
36,0,-14500,14500.0,231174.65005784642,18.583953857421875,0.4930545861432854,0.78,6635.2,0.639,0.03,210.56000000000003,0.033,1.33,17605.4,0.656,0.03,210.56000000000003,0.033,233975.16852544883,21.69801902770996,0.5603449911152534,1.11,5659.12,0.7,0.05,242.52,0.04,2.16,18204.0,0.718,0.05,242.52,0.04
36,0,-14000,14000.0,233502.1141136116,18.775819778442383,0.49525185744121597,0.82,6884.6,0.64,0.03,208.68000000000004,0.033,1.4,18040.0,0.66,0.03,208.68000000000004,0.033,233588.56695216848,21.023578643798828,0.5615782894571013,1.46,7218.24,0.742,0.04,238.76,0.04,2.35,18318.8,0.721,0.04,238.76,0.04
36,0,-13500,13500.0,235305.3099841774,18.826932907104492,0.4966295943460878,0.82,6904.9,0.64,0.03,216.19999999999996,0.034,1.47,18532.0,0.663,0.03,216.19999999999996,0.034,233552.9459108691,20.151905059814453,0.5635391913241207,1.17,4937.76,0.711,0.06,238.76,0.041,2.58,18622.2,0.725,0.06,238.76,0.041
36,0,-13000,13000.0,236237.34656234167,18.694902420043945,0.4988508023183225,0.57,4633.05,0.635,0.04,218.07999999999998,0.034,1.51,18958.4,0.663,0.04,218.07999999999998,0.034,233103.6942431701,18.035179138183594,0.5638267878544868,1.55,7585.95,0.751,0.07,238.76,0.041,2.7,19073.2,0.73,0.07,238.76,0.041
36,0,-12500,12500.0,237158.2354605561,18.683622360229492,0.5008891590301994,0.58,4705.41,0.634,0.04,225.6,0.034,1.54,19294.6,0.662,0.04,225.6,0.034,231957.2402975253,18.707881927490234,0.5630362163601856,0.63,3159.8,0.71,0.09,248.16,0.041,2.71,19524.2,0.735,0.09,248.16,0.041
36,0,-12000,12000.0,237692.4732124928,18.86872673034668,0.5027353441822416,0.58,4693.35,0.63,0.04,229.36,0.034,1.53,19294.6,0.66,0.04,229.36,0.034,229427.61264039174,20.30082893371582,0.5613735759135409,1.17,5778.0,0.7,0.09,250.04,0.042,2.36,19524.2,0.736,0.09,250.04,0.042
36,0,-11500,11500.0,239486.10349574266,19.20796012878418,0.5065772794185408,0.56,4693.35,0.629,0.04,229.36,0.034,1.48,19204.4,0.659,0.04,229.36,0.034,225996.35228274146,21.84693717956543,0.5599737065039904,1.25,5468.62,0.704,0.08,253.80000000000004,0.042,1.89,19409.4,0.735,0.08,253.80000000000004,0.042
36,0,-11000,11000.0,242144.86445167242,20.054414749145508,0.5107700979860815,0.55,4572.75,0.623,0.04,229.36,0.034,1.43,19089.6,0.659,0.04,229.36,0.034,221453.32118262115,23.614294052124023,0.5585673446397956,1.46,5349.24,0.7,0.08,253.80000000000004,0.042,1.35,19032.2,0.732,0.08,253.80000000000004,0.042
36,0,-10500,10500.0,245874.72895557937,21.13353157043457,0.5166882647053318,0.91,7707.7,0.684,0.04,223.72,0.033,1.4,19073.2,0.661,0.04,223.72,0.033,215642.30431434643,25.089672088623047,0.5542642449395364,1.56,5280.66,0.698,0.04,240.64,0.041,1.68,18663.2,0.73,0.04,240.64,0.041
36,0,-10000,10000.0,250519.61600918832,22.46307373046875,0.5241017505567251,0.99,6449.6,0.66,0.04,223.72,0.033,1.43,19302.8,0.666,0.04,223.72,0.033,210336.45225946486,26.539566040039062,0.548650862724124,1.1,3721.86,0.706,0.04,238.76,0.041,2.21,18491.0,0.73,0.04,238.76,0.041
36,0,-9500,9500.0,255975.48369499546,23.69314956665039,0.5329850514318558,0.89,6182.36,0.676,0.04,225.6,0.034,1.5,19712.8,0.672,0.04,225.6,0.034,206229.7864701998,26.333040237426758,0.5441335982356188,0.95,2924.6,0.702,0.07,236.88,0.041,2.59,18277.8,0.73,0.07,236.88,0.041
36,0,-9000,9000.0,261615.00400043497,24.47560691833496,0.5419825245283469,1.06,7018.0,0.683,0.03,227.48,0.034,1.69,20295.0,0.683,0.03,227.48,0.034,204421.39503750618,25.123594284057617,0.541175971192499,1.29,4281.3,0.706,0.08,236.88,0.041,2.48,17416.8,0.722,0.08,236.88,0.041
36,0,-8500,8500.0,267466.75680765155,24.844242095947266,0.5507565553335316,0.82,5488.56,0.684,0.04,240.64,0.036,1.88,21033.0,0.695,0.04,240.64,0.036,204216.75781086838,23.694250106811523,0.5400789556622583,1.15,4046.13,0.694,0.09,223.72,0.04,2.12,16219.600000000002,0.709,0.09,223.72,0.04
36,0,-8000,8000.0,272957.531427285,24.633344650268555,0.5575649078898092,0.83,5518.8,0.688,0.04,242.52,0.036,2.08,21812.0,0.708,0.04,242.52,0.036,206476.48075544598,23.316829681396484,0.5397493133212853,2.17,8257.919999999998,0.693,0.09,219.96,0.04,1.71,15178.200000000003,0.695,0.09,219.96,0.04
36,0,-7500,7500.0,277159.46190121665,23.931055068969727,0.5622496117097241,0.85,5665.68,0.701,0.05,263.2,0.038,2.24,22541.8,0.719,0.05,263.2,0.038,211033.8942339709,23.5093994140625,0.543277726032896,1.6,6755.32,0.722,0.07,195.52,0.039,1.35,14399.199999999999,0.684,0.07,195.52,0.039
36,0,-7000,7000.0,279919.06267738633,22.865962982177734,0.5651109449064599,0.84,5687.28,0.704,0.05,268.84,0.039,2.25,22820.6,0.726,0.05,268.84,0.039,217109.09771755623,24.782163619995117,0.5462226348982498,1.67,6841.120000000001,0.725,0.06,188.0,0.038,1.3,14571.4,0.687,0.06,188.0,0.038
36,0,-6500,6500.0,281110.6407856188,21.776182174682617,0.5661715821873304,0.81,5728.32,0.71,0.05,280.12,0.04,2.25,22943.6,0.733,0.05,280.12,0.04,223332.75973352935,26.87959861755371,0.5493715976858758,1.58,6678.1,0.72,0.05,186.12,0.038,1.37,15129.0,0.695,0.05,186.12,0.038
36,0,-6000,6000.0,281159.1365056033,20.760316848754883,0.5666499652797741,0.79,5743.44,0.712,0.05,282.0,0.04,2.15,23066.6,0.738,0.05,282.0,0.04,230042.60199903816,29.181737899780273,0.5542338340941472,1.42,5908.04,0.719,0.05,186.12,0.038,1.6,16219.600000000002,0.709,0.05,186.12,0.038
36,0,-5500,5500.0,280337.2074293674,20.683963775634766,0.5664672826418934,1.05,7676.3,0.702,0.05,285.76,0.041,2.06,23247.0,0.742,0.05,285.76,0.041,236139.06117427218,31.25807762145996,0.5587325614617855,1.57,6123.94,0.725,0.06,204.92000000000002,0.039,2.02,17482.4,0.724,0.06,204.92000000000002,0.039
36,0,-5000,5000.0,278399.22688846546,20.33361053466797,0.565892831883964,1.11,7821.3,0.699,0.05,287.64,0.041,1.98,23370.0,0.746,0.05,287.64,0.041,241379.86623491204,32.590763092041016,0.5651150306791461,2.01,7762.08,0.765,0.06,212.43999999999997,0.04,2.55,18687.8,0.737,0.06,212.43999999999997,0.04
36,0,-4500,4500.0,276306.48769982904,19.76404571533203,0.5652295460085482,1.11,7832.9,0.699,0.05,291.4,0.042,1.91,23452.0,0.749,0.05,291.4,0.042,243571.40108555183,32.444522857666016,0.5664101365815657,1.6,5214.24,0.731,0.07,238.76,0.041,3.13,19786.6,0.748,0.07,238.76,0.041
36,0,-4000,4000.0,273361.8551098845,18.80411148071289,0.5629151284294686,0.76,5318.46,0.705,0.05,293.28,0.042,1.9,23189.6,0.747,0.05,293.28,0.042,242920.83032981068,31.160921096801758,0.5667831681227995,1.5,5147.28,0.727,0.08,248.16,0.042,3.41,20221.2,0.751,0.08,248.16,0.042
36,0,-3500,3500.0,271238.3540565888,17.749080657958984,0.5609909825353318,0.7,5284.29,0.7,0.05,291.4,0.042,1.81,22738.6,0.744,0.05,291.4,0.042,240369.36654875972,29.137292861938477,0.564863904963239,0.92,3473.4,0.73,0.09,263.2,0.043,3.49,20254.0,0.751,0.09,263.2,0.043
36,0,-3000,3000.0,270737.9434839963,16.333057403564453,0.5591521051830656,1.29,10738.56,0.698,0.05,289.52,0.042,1.63,22140.0,0.739,0.05,289.52,0.042,236033.3229388576,26.435720443725586,0.5624961967802733,0.86,3441.1999999999994,0.728,0.92,7650.720000000001,0.138,3.19,19885.0,0.746,0.1,268.84,0.043
36,0,-2500,2500.0,272002.0212087809,15.665565490722656,0.5589106718918946,0.54,5033.04,0.686,0.04,276.36,0.041,1.42,21484.0,0.732,0.04,276.36,0.041,231139.21071175643,24.095033645629883,0.5594659667119348,1.15,5079.27,0.73,0.81,7296.52,0.136,2.7,19196.2,0.739,0.09,268.84,0.043
36,0,-2000,2000.0,276055.8127630216,15.817952156066895,0.5597901052192232,1.04,10244.88,0.684,0.04,272.6,0.041,1.24,21147.8,0.728,0.04,272.6,0.041,225697.51112494848,21.21100616455078,0.5551452760393555,1.05,4996.86,0.727,0.75,7119.419999999999,0.135,2.17,18482.8,0.73,0.09,268.84,0.043
36,0,-1500,1500.0,282638.77735960507,16.011714935302734,0.5636718737021823,0.55,5343.84,0.696,0.04,261.32,0.04,1.11,21041.2,0.727,0.04,261.32,0.04,221015.2762813108,19.94875717163086,0.5515365748277024,0.81,4769.73,0.718,0.07,255.68000000000004,0.042,1.74,17728.4,0.721,0.07,255.68000000000004,0.042
36,0,-1000,1000.0,291243.2181826655,16.525407791137695,0.5679784479684629,0.56,5503.68,0.702,0.04,257.56,0.039,1.13,21492.2,0.731,0.04,257.56,0.039,216993.93584643622,19.68010139465332,0.5466136364150448,1.48,9706.32,0.715,0.06,250.04,0.042,1.52,16924.8,0.71,0.06,250.04,0.042
36,0,-500,500.0,300907.5864418325,17.49923324584961,0.5732311126872651,0.6,5922.72,0.717,0.04,261.32,0.04,1.18,22304.0,0.737,0.04,261.32,0.04,215454.21218651353,20.2222900390625,0.5455743423966561,0.93,6071.78,0.691,0.04,231.24,0.04,1.34,16236.0,0.701,0.04,231.24,0.04
36,0,0,0.0,310478.9423599165,18.35017204284668,0.5768693935053905,0.62,6093.36,0.722,0.04,261.32,0.04,1.25,23484.8,0.747,0.04,261.32,0.04,215753.75074286095,21.263378143310547,0.5447229727905001,0.96,6169.02,0.694,0.03,223.72,0.04,1.28,15768.6,0.695,0.03,223.72,0.04
36,0,500,500.0,319007.55594011245,18.882869720458984,0.5789644965923836,0.67,6678.72,0.74,0.04,285.76,0.041,1.31,24755.8,0.756,0.04,285.76,0.041,218074.26075781332,22.600479125976562,0.5472349170759342,1.07,6475.04,0.704,0.03,210.56000000000003,0.039,1.28,15539.0,0.691,0.03,210.56000000000003,0.039
36,0,1000,1000.0,326483.6466759525,19.218338012695312,0.5825066342189724,0.66,6737.04,0.74,0.04,293.28,0.041,1.41,26141.6,0.765,0.04,293.28,0.041,220918.3666745812,23.714115142822266,0.5487774992068004,1.09,6512.22,0.705,0.03,206.80000000000004,0.039,1.39,15694.8,0.693,0.03,206.80000000000004,0.039
36,0,1500,1500.0,330781.66066429875,19.236244201660156,0.5822598006710117,0.65,7074.0,0.747,0.04,327.12,0.043,1.52,27330.6,0.772,0.04,327.12,0.043,224735.512694142,25.039825439453125,0.5528839852546464,0.95,5511.8,0.7,0.03,203.04,0.038,1.57,16145.800000000001,0.699,0.03,203.04,0.038
36,0,2000,2000.0,333452.69481287804,19.18226432800293,0.5841990278692867,0.6,7050.24,0.744,0.04,338.4,0.043,1.57,27970.2,0.775,0.04,338.4,0.043,228499.14901579724,26.403162002563477,0.5584375828754551,1.36,6507.6,0.715,0.03,203.04,0.038,1.83,16900.2,0.709,0.03,203.04,0.038
36,0,2500,2500.0,333126.84833012184,18.930551528930664,0.5831793617899331,0.78,9253.9,0.709,0.04,357.2,0.044,1.6,28265.4,0.775,0.04,357.2,0.044,231169.37044753996,27.540773391723633,0.5626311357563334,1.22,5831.84,0.715,0.04,214.31999999999996,0.039,2.15,17843.2,0.72,0.04,214.31999999999996,0.039
36,0,3000,3000.0,331506.4794578311,18.716371536254883,0.5824767169769307,0.79,9059.6,0.724,0.04,362.84,0.044,1.58,28281.8,0.771,0.04,362.84,0.044,231623.9985839282,27.62204360961914,0.5648401878687301,0.89,3967.2,0.716,0.04,219.96,0.04,2.4,18630.4,0.729,0.04,219.96,0.04
36,0,3500,3500.0,328619.63565308717,18.521446228027344,0.5807074201331932,0.79,9045.1,0.725,0.03,366.6,0.044,1.53,27953.800000000003,0.765,0.03,366.6,0.044,230087.15327802819,27.120616912841797,0.563564958224705,1.08,4576.77,0.717,0.07,238.76,0.041,2.57,19278.2,0.736,0.07,238.76,0.041
36,0,4000,4000.0,325604.3580182573,18.24964714050293,0.5791326722347153,0.86,8405.1,0.736,0.03,368.48,0.044,1.49,27404.4,0.757,0.03,368.48,0.044,227322.3654403115,26.42511558532715,0.5610565622282229,1.07,4616.97,0.719,0.08,244.4,0.041,2.6,19335.6,0.737,0.08,244.4,0.041
36,0,4500,4500.0,323717.73523670086,17.968711853027344,0.5783777901325133,0.94,7934.96,0.738,0.03,355.32,0.042,1.44,26773.0,0.749,0.03,355.32,0.042,224258.27135020698,25.886932373046875,0.5581203234932297,0.98,4635.06,0.721,0.08,253.80000000000004,0.042,2.52,19048.6,0.734,0.08,253.80000000000004,0.042
36,0,5000,5000.0,322952.6983549988,17.701486587524414,0.5782616281737046,0.96,7947.66,0.733,0.03,351.56,0.042,1.41,25977.6,0.748,0.03,351.56,0.042,221006.32217091153,25.12042236328125,0.5533647538437348,1.79,9404.4,0.719,0.08,255.68000000000004,0.042,2.38,18441.8,0.728,0.08,255.68000000000004,0.042
36,0,5500,5500.0,322721.22517618944,20.752540588378906,0.5783750852380869,0.58,4386.2,0.741,0.04,338.4,0.042,1.38,25223.2,0.747,0.04,338.4,0.042,218742.0022215923,24.332271575927734,0.5502079872255699,0.83,4387.83,0.709,0.07,242.52,0.042,2.23,17736.6,0.722,0.07,242.52,0.042
36,0,6000,6000.0,322616.67563944275,22.278226852416992,0.5778914979165289,0.58,4387.6,0.739,0.04,334.64,0.042,1.37,25067.4,0.75,0.04,334.64,0.042,218062.06620436333,23.350345611572266,0.5480375939316304,0.81,4317.48,0.705,0.06,238.76,0.041,2.13,17072.4,0.715,0.06,238.76,0.041
36,0,6500,6500.0,322242.4388208353,22.722835540771484,0.577910965154352,0.59,4397.4,0.733,0.05,338.4,0.043,1.4,24887.0,0.751,0.05,338.4,0.043,218910.30032147444,22.143144607543945,0.5484736011879269,0.75,4182.8099999999995,0.698,0.06,221.84,0.04,2.08,16522.999999999996,0.709,0.06,221.84,0.04
36,0,7000,7000.0,322272.822160382,22.625272750854492,0.5793671392533285,1.38,8891.4,0.715,0.06,340.28,0.043,1.54,25174.0,0.748,0.06,340.28,0.043,221552.99669134984,20.606998443603516,0.5498842380134892,0.7,4198.89,0.698,0.06,219.96,0.04,2.08,16350.800000000001,0.708,0.06,219.96,0.04
36,0,7500,7500.0,322169.6247931174,22.29901123046875,0.5807351704803086,1.4,8879.8,0.714,0.06,340.28,0.043,1.65,25608.6,0.745,0.06,340.28,0.043,225727.11176443723,18.833873748779297,0.5537553814997238,0.99,6545.3,0.706,0.06,212.43999999999997,0.04,2.11,16334.400000000001,0.709,0.06,212.43999999999997,0.04
36,0,8000,8000.0,321706.3629630566,22.141843795776367,0.5831126706222686,1.49,8787.0,0.723,0.06,340.28,0.043,1.58,25731.6,0.742,0.06,340.28,0.043,231108.13366469048,16.832008361816406,0.5583514097095478,0.57,3819.3,0.703,0.06,212.43999999999997,0.04,2.03,16695.2,0.714,0.06,212.43999999999997,0.04
36,0,8500,8500.0,320172.3929148111,22.68560028076172,0.5845576823530018,1.49,8781.2,0.723,0.05,336.52,0.042,1.54,25887.4,0.741,0.05,336.52,0.042,236569.98095732092,15.25291919708252,0.5625720659839315,0.7,4454.16,0.705,0.05,219.96,0.04,1.92,17097.0,0.719,0.05,219.96,0.04
36,0,9000,9000.0,317551.00998462056,24.083011627197266,0.5860836964877899,0.85,5258.28,0.727,0.06,334.64,0.041,1.51,25461.0,0.743,0.06,334.64,0.041,241436.2870445513,15.359700202941895,0.5675592817522912,0.65,4504.41,0.707,0.04,221.84,0.04,1.65,17498.8,0.724,0.04,221.84,0.04
36,0,9500,9500.0,315052.3138193059,24.58465003967285,0.5883193768399644,1.05,6090.3,0.728,0.06,329.0,0.042,1.51,25051.0,0.748,0.06,329.0,0.042,245241.33083819234,15.462533950805664,0.57116742256426,0.81,5974.08,0.718,0.03,229.36,0.041,1.53,17859.6,0.728,0.03,229.36,0.041
36,0,10000,10000.0,312333.36922874616,23.763813018798828,0.5893047634654069,1.01,6112.41,0.732,0.06,327.12,0.042,1.62,25083.8,0.753,0.06,327.12,0.042,247265.1346375753,16.973241806030273,0.5752873897125065,0.87,6055.36,0.72,0.03,233.12,0.041,1.26,18245.0,0.732,0.03,233.12,0.041
36,0,10500,10500.0,309326.5251320427,23.31145477294922,0.5896380329974535,0.95,6182.76,0.743,0.07,334.64,0.043,1.82,25174.0,0.757,0.07,334.64,0.043,247754.42938604392,17.52526092529297,0.5771140727393379,0.91,6103.62,0.722,0.03,240.64,0.041,1.57,18671.4,0.736,0.03,240.64,0.041
36,0,11000,11000.0,305935.044737172,24.319316864013672,0.58943884955654,1.79,12501.12,0.74,0.07,336.52,0.044,1.88,25124.8,0.76,0.07,336.52,0.044,246440.0732415626,16.856918334960938,0.5760524884070387,1.21,7545.780000000001,0.756,0.03,242.52,0.041,1.91,19286.4,0.742,0.03,242.52,0.041
36,0,11500,11500.0,301960.0861601335,24.960174560546875,0.5882935960161155,1.02,8604.3,0.742,0.07,342.16,0.044,1.87,24878.8,0.76,0.07,342.16,0.044,244887.13000202912,16.633167266845703,0.5734768389455513,1.2,7567.409999999999,0.756,0.03,255.68000000000004,0.042,2.21,19860.4,0.748,0.03,255.68000000000004,0.042
36,0,12000,12000.0,297130.46630275954,25.410327911376953,0.5856601738468544,1.15,8346.2,0.735,0.07,342.16,0.045,1.93,24255.6,0.758,0.07,342.16,0.045,243850.53734418948,17.160245895385742,0.5701185686399328,1.19,7595.219999999999,0.756,0.03,261.32,0.042,2.26,20032.6,0.749,0.03,261.32,0.042
36,0,12500,12500.0,292230.3520080366,25.543148040771484,0.5829999619006435,1.16,8328.8,0.734,0.05,329.0,0.044,1.98,23640.6,0.754,0.05,329.0,0.044,243648.751063272,18.84387969970703,0.5668945708785185,1.22,7181.46,0.722,0.03,265.08,0.043,2.21,20065.4,0.749,0.03,265.08,0.043
36,0,13000,13000.0,286934.9430023958,25.466276168823242,0.5794887289866748,1.31,7995.3,0.724,0.04,325.24,0.044,2.03,23214.2,0.751,0.04,325.24,0.044,245013.65113875215,21.323116302490234,0.5643865795390053,1.24,7290.14,0.725,0.03,265.08,0.043,1.75,19466.8,0.742,0.03,265.08,0.043
36,0,13500,13500.0,281482.65158420685,25.091341018676758,0.5763299358270153,1.32,7969.2,0.723,0.05,313.96,0.044,2.08,22919.0,0.749,0.05,313.96,0.044,248340.40568182524,24.126066207885742,0.5647217960114086,1.11,5910.58,0.714,0.03,250.04,0.042,1.61,18892.8,0.734,0.03,250.04,0.042
36,0,14000,14000.0,274475.5159074329,24.267974853515625,0.5718167498854075,1.47,7711.1,0.714,0.05,312.08,0.044,2.11,22615.6,0.747,0.05,312.08,0.044,254548.19871203386,27.018224716186523,0.5679707941121976,1.2,6281.42,0.725,0.03,246.28,0.042,1.98,18827.2,0.731,0.03,246.28,0.042
36,0,14500,14500.0,266786.2056897128,23.267366409301758,0.5667769151092956,1.48,7690.8,0.713,0.05,302.68,0.043,2.13,22377.8,0.745,0.05,302.68,0.043,262746.66839336173,29.24519920349121,0.5743704424010289,1.08,5209.92,0.724,0.04,242.52,0.041,2.34,19040.4,0.731,0.04,242.52,0.041
36,0,15000,15000.0,257725.55023865507,21.657594680786133,0.5603968592759258,0.85,4504.86,0.709,0.05,300.8,0.043,2.12,22041.6,0.74,0.05,300.8,0.043,272363.6828740543,30.594146728515625,0.5820304507023256,1.08,5333.04,0.729,0.05,240.64,0.041,2.67,19934.2,0.741,0.05,240.64,0.041
36,0,15500,15500.0,248561.72819323465,19.695087432861328,0.5538655424968322,1.05,5250.12,0.712,0.06,291.4,0.042,2.08,21705.4,0.736,0.06,291.4,0.042,281332.8199468039,31.110563278198242,0.5882624286342545,0.74,3599.4,0.735,0.07,259.44,0.042,2.94,20959.2,0.751,0.07,259.44,0.042
36,0,16000,16000.0,238658.2951671901,17.25478172302246,0.5452430173373649,1.03,5137.56,0.707,0.06,289.52,0.042,1.98,21164.2,0.73,0.06,289.52,0.042,288868.55611646787,30.034360885620117,0.5930331346641524,0.72,3645.6,0.736,0.07,265.08,0.043,3.02,21935.0,0.76,0.07,265.08,0.043
36,0,16500,16500.0,229620.23757199605,15.4671630859375,0.5374194896780999,0.93,4872.24,0.695,0.07,278.24,0.042,1.83,20516.4,0.722,0.07,278.24,0.042,294724.86510707246,28.199392318725586,0.5951874038937716,0.62,3847.2,0.743,0.07,287.64,0.044,3.0,22837.0,0.768,0.07,287.64,0.044
36,0,17000,17000.0,221073.97247005883,13.795998573303223,0.5280903005586902,1.66,9877.68,0.692,0.07,276.36,0.041,1.54,19516.0,0.712,0.07,276.36,0.041,299503.8937994138,27.01432991027832,0.5977562014626804,1.25,8262.1,0.75,0.07,293.28,0.044,2.77,23419.2,0.771,0.07,293.28,0.044
36,0,17500,17500.0,214483.96519892846,15.215109825134277,0.5214067128491805,2.49,21822.21,0.68,0.07,253.80000000000004,0.04,1.31,18491.0,0.7,0.07,253.80000000000004,0.04,303453.7550924425,27.99347686767578,0.5994075427950809,0.97,6253.2,0.751,0.06,310.2,0.045,2.48,23870.2,0.773,0.06,310.2,0.045
36,0,18000,18000.0,209274.30859261614,16.43010139465332,0.5124171569368325,0.79,5602.8,0.646,0.06,250.04,0.04,1.17,17548.0,0.689,0.06,250.04,0.04,306304.15871816524,28.325822830200195,0.6008886986745869,1.31,8511.5,0.759,0.06,313.96,0.045,2.43,24190.0,0.773,0.06,313.96,0.045
36,0,18500,18500.0,206625.75726425427,17.110301971435547,0.5068856996408919,0.8,5579.6,0.645,0.04,223.72,0.038,1.22,16777.2,0.68,0.04,223.72,0.038,308485.9563334202,27.7788143157959,0.6013649524095885,0.65,4121.6,0.749,0.06,323.36,0.045,2.55,24370.4,0.772,0.06,323.36,0.045
36,0,19000,19000.0,205512.5794623196,17.201641082763672,0.49695477211863337,0.94,5518.7,0.634,0.04,216.19999999999996,0.038,1.35,16432.8,0.676,0.04,216.19999999999996,0.038,310518.3958475646,26.89986228942871,0.602568935640145,0.94,5861.16,0.753,0.06,327.12,0.045,2.6,24468.8,0.77,0.06,327.12,0.045
36,0,19500,19500.0,206991.08382588354,16.66568374633789,0.48956362166762885,0.95,5515.8,0.634,0.04,204.92000000000002,0.037,1.47,16301.6,0.674,0.04,204.92000000000002,0.037,312261.72074628575,25.73735809326172,0.603307328403243,0.94,5919.45,0.757,0.06,330.88,0.045,2.62,24468.8,0.767,0.06,330.88,0.045
36,0,20000,20000.0,212747.0351454761,15.446714401245117,0.4852971418723591,0.61,3833.07,0.64,0.04,203.04,0.036,1.52,16367.2,0.673,0.04,203.04,0.036,313583.90509390266,24.053695678710938,0.6035425548996113,0.92,5933.52,0.758,0.06,330.88,0.045,2.54,24403.2,0.763,0.06,330.88,0.045
37,0,-20000,20000.0,15242.503462638706,1.1672948598861694,0.27399602411248114,0.09,317.52,0.366,0.07,389.62,0.05,0.11,1271.0,0.394,0.01,11.28,0.015,139177.80116153415,29.247360229492188,0.5164934217839967,0.77,2193.8,0.689,0.07,188.0,0.04,3.1,13530.0,0.727,0.07,188.0,0.04
37,0,-19500,19500.0,15704.204778978601,1.2453619241714478,0.2773715339527427,0.1,336.96,0.372,0.08,407.33,0.05,0.12,1312.0,0.399,0.01,11.28,0.016,130786.26317554596,27.55388069152832,0.5055904444768258,1.11,3021.03,0.681,0.74,3294.06,0.104,3.12,12505.0,0.712,0.08,167.32,0.039
37,0,-19000,19000.0,16232.731891830917,1.3233500719070435,0.28046418855006433,0.11,341.28,0.374,0.08,407.33,0.051,0.14,1369.4,0.405,0.01,11.28,0.016,123297.84534595598,25.191120147705078,0.49303821741989057,1.06,2890.38,0.671,0.61,3205.51,0.103,2.93,11521.0,0.695,0.08,161.68,0.038
37,0,-18500,18500.0,16770.472499965657,1.3993902206420898,0.28309879737692,0.12,356.4,0.379,0.08,425.04,0.051,0.16,1426.8,0.411,0.01,13.160000000000002,0.016,117622.76849801856,24.16020965576172,0.48498705698930905,0.91,2590.89,0.647,0.59,3134.67,0.102,2.67,10635.4,0.679,0.07,139.12,0.036
37,0,-18000,18000.0,17314.14641676023,1.4794548749923706,0.28564778249658845,0.12,362.88,0.381,0.07,425.04,0.052,0.17,1476.0,0.416,0.01,13.160000000000002,0.016,113078.2325988268,23.169300079345703,0.4755007164866884,1.76,5287.68,0.646,0.65,3187.8,0.103,2.28,9922.0,0.665,0.07,133.48,0.035
37,0,-17500,17500.0,17805.62292243569,1.5576797723770142,0.28730522478298803,0.13,380.16,0.386,0.06,442.75,0.052,0.19,1517.0,0.421,0.01,13.160000000000002,0.016,110412.8782539592,21.97554588317871,0.4714805656715427,3.13,11473.15,0.629,0.05,114.68,0.033,1.9,9364.4,0.653,0.05,114.68,0.033
37,0,-17000,17000.0,18290.72273996925,1.6608068943023682,0.28908364451552854,0.13,386.64,0.387,0.06,460.46,0.052,0.2,1574.4,0.426,0.01,13.160000000000002,0.016,108953.23867684056,20.809223175048828,0.46776948907825244,1.13,4557.36,0.613,0.05,109.03999999999999,0.032,1.83,9020.0,0.645,0.05,109.03999999999999,0.032
37,0,-16500,16500.0,18766.77192903259,1.7729629278182983,0.29040749949739064,0.11,406.08,0.391,0.06,460.46,0.052,0.2,1631.8,0.43,0.01,13.160000000000002,0.016,108771.39863947424,20.6741886138916,0.4678147480879627,0.91,3809.1999999999994,0.599,0.03,99.64,0.03,1.83,8831.4,0.64,0.03,99.64,0.03
37,0,-16000,16000.0,19276.514992409495,1.923311710357666,0.29157847726839314,0.07,257.6,0.388,0.07,478.1700000000001,0.052,0.19,1689.2,0.433,0.01,13.160000000000002,0.016,109420.98448248327,21.450883865356445,0.4684272525311671,0.95,3969.4,0.609,0.03,95.88,0.03,1.82,8839.6,0.64,0.03,95.88,0.03
37,0,-15500,15500.0,19856.865360144635,2.103705883026123,0.29281501519596026,0.13,646.3599999999999,0.381,0.08,495.88000000000005,0.053,0.19,1738.4,0.435,0.01,15.04,0.016,110915.92076981303,22.1893310546875,0.4718539384111978,0.79,3060.2,0.599,0.03,95.88,0.03,1.85,8921.6,0.643,0.03,95.88,0.03
37,0,-15000,15000.0,20556.16096124358,2.324998378753662,0.29385014875782567,0.44,2452.41,0.436,0.09,513.5899999999999,0.053,0.2,1779.4,0.434,0.01,15.04,0.016,112308.86102152226,22.843341827392578,0.4742193063727156,0.82,3320.5,0.621,0.03,95.88,0.03,1.92,9052.8,0.646,0.03,95.88,0.03
37,0,-14500,14500.0,21408.38437866474,2.5998873710632324,0.29566091550728946,0.18,757.9,0.397,0.0,15.04,0.016,0.22,1804.0000000000002,0.433,0.0,15.04,0.016,113347.1575618816,23.280052185058594,0.4756762373080229,0.91,3550.41,0.664,0.03,97.76,0.03,1.99,9159.4,0.648,0.03,97.76,0.03
37,0,-14000,14000.0,22503.995063405404,2.9546568393707275,0.2977669700075979,0.6,2883.12,0.458,0.0,15.04,0.016,0.24,1828.6,0.432,0.0,15.04,0.016,113714.07316880788,23.566020965576172,0.4763719439358887,0.96,3599.85,0.667,0.03,99.64,0.03,2.08,9274.2,0.651,0.03,99.64,0.03
37,0,-13500,13500.0,23859.87569667853,3.382575273513794,0.30123951201641347,0.25,906.62,0.415,0.0,15.04,0.016,0.26,1869.5999999999997,0.432,0.0,15.04,0.016,113398.9829002716,23.543691635131836,0.47597920783596187,1.03,3664.74,0.671,0.04,101.52,0.031,2.17,9389.0,0.654,0.04,101.52,0.031
37,0,-13000,13000.0,25608.283325433185,3.896307945251465,0.3053436917568392,0.26,932.3599999999999,0.418,0.0,15.04,0.016,0.3,1951.6,0.436,0.0,15.04,0.016,111670.86365447202,23.415817260742188,0.47359138039986454,1.12,3738.9,0.675,0.04,101.52,0.031,2.27,9528.4,0.657,0.04,101.52,0.031
37,0,-12500,12500.0,27583.835881378167,4.451704025268555,0.30959026661916933,0.3,1086.8,0.429,0.0,16.92,0.016,0.34,2058.2,0.44,0.0,16.92,0.016,109220.15409330808,22.990591049194336,0.47018626026870336,1.13,3726.54,0.674,0.04,103.40000000000002,0.031,2.37,9692.4,0.66,0.04,103.40000000000002,0.031
37,0,-12000,12000.0,30110.50895890399,5.003045082092285,0.31571051079289164,0.3,1112.54,0.431,0.0,16.92,0.016,0.39,2222.2,0.449,0.0,16.92,0.016,105210.19676583704,22.432077407836914,0.46436213261127807,1.14,3720.3599999999997,0.673,0.04,105.28000000000002,0.031,2.44,9749.8,0.661,0.04,105.28000000000002,0.031
37,0,-11500,11500.0,32626.5232035637,5.785632133483887,0.3195240406740001,0.31,1266.98,0.437,0.0,18.8,0.017,0.46,2410.8,0.458,0.0,18.8,0.017,100294.16691929872,21.605419158935547,0.45587624905532476,1.1,3544.23,0.661,0.04,107.15999999999998,0.031,2.5,9733.4,0.66,0.04,107.15999999999998,0.031
37,0,-11000,11000.0,35512.41404037682,6.565578460693359,0.324447091254462,0.34,1183.47,0.503,0.0,18.8,0.017,0.55,2648.6,0.47,0.0,18.8,0.017,94230.35833214103,20.671600341796875,0.4448827217021596,1.09,3355.74,0.648,0.04,107.15999999999998,0.031,2.48,9446.4,0.653,0.04,107.15999999999998,0.031
37,0,-10500,10500.0,38408.51290325956,7.262618541717529,0.32857887308264055,0.37,1294.7100000000003,0.511,0.01,20.68,0.017,0.64,2902.8,0.481,0.01,20.68,0.017,88138.03487357104,19.69367027282715,0.4336014992550756,1.04,3068.37,0.627,0.03,103.40000000000002,0.031,2.41,9011.8,0.642,0.03,103.40000000000002,0.031
37,0,-10000,10000.0,41359.58940760532,7.820890426635742,0.3334328784737312,0.41,1418.31,0.52,0.01,22.56,0.017,0.74,3198.0,0.491,0.01,22.56,0.017,81647.1843679866,18.515214920043945,0.42002019837344906,1.32,4402.32,0.603,0.03,103.40000000000002,0.031,2.27,8339.4,0.623,0.03,103.40000000000002,0.031
37,0,-9500,9500.0,44030.07337170892,8.203547477722168,0.33670410528841566,0.42,1532.64,0.524,0.01,26.320000000000004,0.017,0.82,3501.3999999999996,0.5,0.01,26.320000000000004,0.017,75772.78233383146,17.48631477355957,0.4077917452167391,0.62,1839.15,0.565,0.03,90.24,0.029,2.1,7585.0,0.601,0.03,90.24,0.029
37,0,-9000,9000.0,46539.73562563928,8.413501739501953,0.34214052962918884,0.43,1659.33,0.529,0.01,26.320000000000004,0.018,0.88,3829.4,0.506,0.01,26.320000000000004,0.018,70277.8500481523,16.471332550048828,0.39395101663221194,1.23,3757.6800000000003,0.564,0.03,86.48,0.028,1.91,6822.4,0.576,0.03,86.48,0.028
37,0,-8500,8500.0,48252.445157926166,8.465347290039062,0.34368646492757043,0.41,1745.85,0.532,0.01,30.08,0.018,0.92,4141.0,0.512,0.01,30.08,0.018,65970.14263591719,15.730268478393555,0.3839693786047192,0.54,1443.18,0.504,0.02,67.68,0.024,1.74,6182.8,0.554,0.02,67.68,0.024
37,0,-8000,8000.0,49531.93252584197,8.382065773010254,0.3471824232081851,0.4,1838.55,0.534,0.01,31.960000000000004,0.018,0.92,4419.8,0.516,0.01,31.960000000000004,0.018,62630.07955838663,15.146263122558594,0.3744638038140869,1.05,2949.84,0.503,0.02,62.04,0.023,1.62,5813.8,0.549,0.02,62.04,0.023
37,0,-7500,7500.0,50046.26999024739,8.192383766174316,0.3474413192771521,0.37,1860.1799999999998,0.535,0.01,35.72,0.018,0.91,4657.6,0.519,0.01,35.72,0.018,60685.52024526788,14.8211030960083,0.3708529933393429,0.76,2095.02,0.559,0.02,47.0,0.019,1.55,5576.0,0.547,0.02,47.0,0.019
37,0,-7000,7000.0,49980.35790433448,7.935689449310303,0.3475890425062761,0.32,1487.7,0.449,0.01,35.72,0.018,0.87,4805.2,0.521,0.01,35.72,0.018,59560.63600064727,14.566838264465332,0.36789599604576695,0.74,2085.75,0.56,0.02,45.12,0.019,1.52,5444.8,0.547,0.02,45.12,0.019
37,0,-6500,6500.0,49232.162788842164,7.6831746101379395,0.34432350393248945,0.25,1097.28,0.452,0.01,37.6,0.018,0.82,4879.0,0.522,0.01,37.6,0.018,59095.32367038896,14.441951751708984,0.3674910400452546,0.7,1698.84,0.468,0.02,43.24,0.019,1.52,5395.6,0.547,0.02,43.24,0.019
37,0,-6000,6000.0,48037.87988613667,7.400878429412842,0.3406000881855045,0.24,1073.52,0.449,0.01,39.48,0.018,0.77,4813.4,0.521,0.01,39.48,0.018,59045.44589882364,14.317756652832031,0.3672337078925696,0.64,1470.66,0.469,0.02,43.24,0.019,1.52,5420.2,0.547,0.02,43.24,0.019
37,0,-5500,5500.0,46803.59352532748,7.2178215980529785,0.33734827652780547,0.23,1009.0199999999999,0.45,0.01,37.6,0.018,0.71,4690.4,0.518,0.01,37.6,0.018,59274.17586631488,14.876056671142578,0.36817879683944243,0.71,1490.98,0.47,0.02,41.36,0.019,1.54,5494.0,0.549,0.02,41.36,0.019
37,0,-5000,5000.0,45285.022520673585,7.204541206359863,0.3340472766845625,0.22,984.9000000000001,0.446,0.01,37.6,0.018,0.7,4485.4,0.513,0.01,37.6,0.018,59432.928412518675,15.390252113342285,0.3684191364739512,0.78,1508.76,0.471,0.02,41.36,0.019,1.54,5576.0,0.55,0.02,41.36,0.019
37,0,-4500,4500.0,43802.749671702724,7.234068393707275,0.3313636624090602,0.2,932.6399999999999,0.438,0.01,35.72,0.018,0.68,4272.2,0.505,0.01,35.72,0.018,59759.82163622246,15.594558715820312,0.36994239249267,0.7,1289.52,0.475,0.02,43.24,0.019,1.53,5658.0,0.551,0.02,43.24,0.019
37,0,-4000,4000.0,42554.39133968136,7.3280158042907715,0.3300738114660811,0.39,1880.8800000000003,0.434,0.01,35.72,0.018,0.67,4083.6000000000004,0.493,0.01,35.72,0.018,59820.90693160202,15.638553619384766,0.37102899293313774,1.02,1670.4,0.471,0.02,43.24,0.019,1.6,5707.2,0.551,0.02,43.24,0.019
37,0,-3500,3500.0,41726.403833979915,7.451524257659912,0.33137328333196187,0.29,1078.22,0.423,0.01,33.84,0.018,0.67,3944.1999999999994,0.484,0.01,33.84,0.018,59769.47818388846,15.344881057739258,0.3719991973808824,0.78,1296.0,0.476,0.03,45.12,0.019,1.74,5731.8,0.552,0.03,45.12,0.019
37,0,-3000,3000.0,40808.713601143354,7.605968475341797,0.3302055389985486,0.3,1081.08,0.425,0.01,33.84,0.018,0.67,3854.0,0.478,0.01,33.84,0.018,59315.44135518989,14.869536399841309,0.3721177054009233,0.72,1171.83,0.474,0.03,45.12,0.019,1.83,5723.6,0.552,0.03,45.12,0.019
37,0,-2500,2500.0,40193.93947103394,7.752975940704346,0.33054283593006306,0.32,1135.42,0.431,0.01,31.960000000000004,0.017,0.68,3780.2000000000003,0.476,0.01,31.960000000000004,0.017,58826.83604642401,14.185120582580566,0.3727195385354434,0.75,1177.86,0.474,0.03,45.12,0.019,1.86,5674.4,0.552,0.03,45.12,0.019
37,0,-2000,2000.0,39746.00170049793,7.8862128257751465,0.3304081542347427,0.33,1061.4,0.426,0.01,31.960000000000004,0.017,0.7,3665.4,0.476,0.01,31.960000000000004,0.017,57961.89617763837,13.290491104125977,0.37247306020998344,0.75,1171.83,0.474,0.03,45.12,0.019,1.82,5592.4,0.551,0.03,45.12,0.019
37,0,-1500,1500.0,39749.431004928636,7.961554527282715,0.33272462328719926,0.38,1390.5,0.504,0.01,30.08,0.017,0.72,3575.2000000000003,0.48,0.01,30.08,0.017,56953.478367978016,12.256669998168945,0.37195123790298873,0.72,1149.72,0.474,0.03,45.12,0.019,1.75,5502.2,0.551,0.03,45.12,0.019
37,0,-1000,1000.0,39960.2632477071,7.981643199920654,0.3336105264407429,0.4,1393.59,0.512,0.01,30.08,0.017,0.75,3542.4000000000005,0.486,0.01,30.08,0.017,55851.164976007756,11.09036922454834,0.37171385339247615,0.68,1133.64,0.474,0.03,45.12,0.019,1.61,5403.8,0.55,0.03,45.12,0.019
37,0,-500,500.0,40572.7549675597,7.924853801727295,0.3365088783458678,0.42,1430.67,0.516,0.01,28.2,0.017,0.79,3558.8,0.494,0.01,28.2,0.017,54547.43417341727,9.937826156616211,0.37074673998675617,0.61,1095.45,0.473,0.03,43.24,0.019,1.47,5330.0,0.549,0.03,43.24,0.019
37,0,0,0.0,41461.35667791732,7.779495716094971,0.33967473415125043,0.44,1467.75,0.521,0.01,28.2,0.017,0.82,3624.4,0.499,0.01,28.2,0.017,53077.769156988055,8.711763381958008,0.36913401494136927,0.57,1077.36,0.473,0.27,1133.44,0.063,1.29,5248.0,0.548,0.03,43.24,0.019
37,0,500,500.0,42171.80783090178,7.578821659088135,0.3415676804495733,0.43,1517.19,0.525,0.01,28.2,0.017,0.84,3714.6,0.504,0.01,28.2,0.017,51575.504429420864,7.618964672088623,0.368044379039207,0.47,1041.18,0.472,0.26,1115.73,0.063,1.13,5190.6,0.547,0.03,41.36,0.019
37,0,1000,1000.0,42654.13101840764,7.281981945037842,0.3436839625797028,0.43,1572.81,0.53,0.01,28.2,0.017,0.84,3837.5999999999995,0.509,0.01,28.2,0.017,49818.89565604621,6.917343616485596,0.36574699595248594,0.44,1025.1,0.471,0.02,41.36,0.019,0.96,5100.4,0.547,0.02,41.36,0.019
37,0,1500,1500.0,42885.04088835397,6.996129989624023,0.34543703366513223,0.41,1609.89,0.531,0.01,30.08,0.018,0.84,3960.6,0.514,0.01,30.08,0.018,48051.4511475434,6.583200454711914,0.3642864927022289,0.36,992.9400000000002,0.47,0.02,39.48,0.019,0.83,5010.2,0.546,0.02,39.48,0.019
37,0,2000,2000.0,42611.10818759439,6.690526485443115,0.34744394217850644,0.38,1650.06,0.533,0.01,30.08,0.018,0.8,4083.6000000000004,0.516,0.01,30.08,0.018,46109.19855766776,6.525195121765137,0.36212117894023055,0.34,982.8899999999999,0.47,0.02,39.48,0.019,0.76,4870.8,0.544,0.02,39.48,0.019
37,0,2500,2500.0,41930.93728363069,6.316801071166992,0.3479346834419694,0.35,1643.88,0.532,0.01,31.960000000000004,0.018,0.77,4181.999999999999,0.517,0.01,31.960000000000004,0.018,44206.936976766265,6.34584379196167,0.36107161765453133,0.31,956.76,0.47,0.02,37.6,0.019,0.76,4723.2,0.543,0.02,37.6,0.019
37,0,3000,3000.0,40843.28338094227,5.920589923858643,0.3482497850516924,0.32,1637.7,0.531,0.01,31.960000000000004,0.018,0.72,4214.8,0.517,0.01,31.960000000000004,0.018,42057.967489741866,6.05004358291626,0.3583145297467366,0.31,948.72,0.47,0.02,37.6,0.019,0.74,4518.2,0.54,0.02,37.6,0.019
37,0,3500,3500.0,39434.167506790924,5.542567253112793,0.34638890449473597,0.29,1557.36,0.528,0.01,31.960000000000004,0.018,0.67,4198.4,0.516,0.01,31.960000000000004,0.018,39942.24270102725,5.799838066101074,0.3561517373241425,0.3,916.5599999999998,0.469,0.02,35.72,0.019,0.7,4272.2,0.537,0.02,35.72,0.019
37,0,4000,4000.0,37864.69053636173,5.225056171417236,0.3431018669913938,0.28,1473.9299999999998,0.524,0.01,33.84,0.018,0.61,4050.8000000000006,0.513,0.01,33.84,0.018,37820.206044123326,5.5517683029174805,0.3531417208911906,0.3,902.49,0.469,0.02,35.72,0.019,0.64,3993.4,0.534,0.02,35.72,0.019
37,0,4500,4500.0,36491.608513293984,4.949373245239258,0.34069150723106534,0.28,1381.23,0.52,0.01,31.960000000000004,0.018,0.56,3854.0,0.51,0.01,31.960000000000004,0.018,35918.953237437825,5.34761381149292,0.3513270884414078,0.29,854.25,0.467,0.02,33.84,0.019,0.57,3698.2,0.531,0.02,33.84,0.019
37,0,5000,5000.0,35270.42353222081,4.790816783905029,0.3367432457504852,0.19,768.96,0.436,0.01,31.960000000000004,0.018,0.53,3591.6,0.505,0.01,31.960000000000004,0.018,34190.40191269202,5.213449001312256,0.3472865276605591,0.29,832.1399999999999,0.467,0.02,31.960000000000004,0.019,0.52,3403.0000000000005,0.526,0.02,31.960000000000004,0.019
37,0,5500,5500.0,34387.79983878925,4.6514573097229,0.33436216788747847,0.19,708.48,0.432,0.01,28.2,0.018,0.52,3345.6,0.499,0.01,28.2,0.018,32949.149931721564,5.225988388061523,0.34524151539613296,0.28,773.85,0.465,0.01,30.08,0.019,0.5,3116.0,0.521,0.01,30.08,0.019
37,0,6000,6000.0,34038.222245256984,4.5187087059021,0.33326905043919636,0.19,712.8,0.433,0.01,28.2,0.017,0.5,3189.8,0.496,0.01,28.2,0.017,32319.557957853496,5.564124584197998,0.34133392226231646,0.27,747.72,0.464,0.01,28.2,0.019,0.5,2870.0,0.516,0.01,28.2,0.019
37,0,6500,6500.0,33972.66177845872,4.388624668121338,0.333647448972613,0.19,714.96,0.435,0.01,24.44,0.017,0.49,3099.6,0.494,0.01,24.44,0.017,32438.00602093052,6.268849849700928,0.34099141148827844,0.53,1041.04,0.451,0.01,26.320000000000004,0.019,0.5,2648.6,0.51,0.01,26.320000000000004,0.019
37,0,7000,7000.0,34210.56251486418,4.2478437423706055,0.33513713653042565,0.19,723.6,0.436,0.01,24.44,0.017,0.48,3116.0,0.495,0.01,24.44,0.017,33146.11785786589,7.246982574462891,0.33734910564588183,0.56,1075.36,0.452,0.01,24.44,0.019,0.53,2517.4,0.505,0.01,24.44,0.019
37,0,7500,7500.0,34458.37565500453,4.101950168609619,0.33676869284220246,0.18,753.84,0.441,0.01,24.44,0.017,0.46,3181.6,0.498,0.01,24.44,0.017,34524.3636782149,8.458398818969727,0.33720621303998793,0.74,1244.1,0.459,0.01,22.56,0.018,0.57,2443.6,0.502,0.01,22.56,0.018
37,0,8000,8000.0,34576.009043220685,3.9386751651763916,0.33850639972562135,0.17,756.0,0.44,0.01,24.44,0.017,0.45,3263.6,0.501,0.01,24.44,0.017,36534.86348428774,9.800031661987305,0.33774265245386015,0.77,1269.84,0.46,0.01,22.56,0.018,0.66,2501.0,0.502,0.01,22.56,0.018
37,0,8500,8500.0,34441.78290980571,3.7646734714508057,0.3389919984803308,0.15,768.96,0.441,0.01,26.320000000000004,0.018,0.43,3321.0,0.503,0.01,26.320000000000004,0.018,38869.21461236841,10.982598304748535,0.3403056305412428,0.83,1304.16,0.462,0.01,20.68,0.018,0.77,2656.8,0.506,0.01,20.68,0.018
37,0,9000,9000.0,34014.03225033537,3.5733792781829834,0.33927890473548367,0.14,764.64,0.441,0.01,26.320000000000004,0.018,0.41,3353.8,0.503,0.01,26.320000000000004,0.018,41565.61866400054,12.09824275970459,0.3462526722633341,0.77,1155.7,0.465,0.01,22.56,0.018,0.97,2976.6,0.514,0.01,22.56,0.018
37,0,9500,9500.0,33363.26885114981,3.519855499267578,0.3382809520602336,0.14,751.68,0.44,0.01,26.320000000000004,0.018,0.39,3361.9999999999995,0.503,0.01,26.320000000000004,0.018,44087.80155316656,12.846894264221191,0.35173956811557644,0.85,1224.28,0.467,0.02,24.44,0.018,1.2,3345.6,0.522,0.02,24.44,0.018
37,0,10000,10000.0,32545.017369171434,3.7095258235931396,0.33635806533259327,0.59,3173.19,0.484,0.01,26.320000000000004,0.018,0.39,3312.8,0.501,0.01,26.320000000000004,0.018,46031.032190080616,13.495965957641602,0.35758325489589315,1.1,1519.6,0.471,0.02,26.320000000000004,0.018,1.49,3755.6,0.53,0.02,26.320000000000004,0.018
37,0,10500,10500.0,31775.08141468255,3.894839286804199,0.3343744046819289,0.22,858.0,0.417,0.01,26.320000000000004,0.018,0.4,3255.4,0.499,0.01,26.320000000000004,0.018,47278.76807620445,15.306653022766113,0.36054012885097664,0.85,1043.28,0.473,0.02,30.08,0.019,1.77,4124.6,0.535,0.02,30.08,0.019
37,0,11000,11000.0,31128.76990138487,4.094505310058594,0.3311704235252525,0.72,3261.09,0.486,0.01,26.320000000000004,0.018,0.39,3140.6,0.496,0.01,26.320000000000004,0.018,47745.37722499711,16.146013259887695,0.3644680548859547,1.23,1727.31,0.559,0.03,31.960000000000004,0.019,1.98,4354.2,0.539,0.03,31.960000000000004,0.019
37,0,11500,11500.0,30718.485418430064,4.302579879760742,0.32887883079366825,0.28,929.5,0.422,0.01,24.44,0.018,0.39,3017.6,0.492,0.01,24.44,0.018,47258.72149915114,16.325485229492188,0.36359020713763884,0.82,1041.18,0.474,0.03,35.72,0.019,2.11,4469.0,0.54,0.03,35.72,0.019
37,0,12000,12000.0,30619.42540705407,4.547886848449707,0.3263052254486601,0.29,940.94,0.422,0.01,24.44,0.018,0.42,2894.6,0.487,0.01,24.44,0.018,46380.215880350144,16.046648025512695,0.3647938867613327,0.82,1037.16,0.474,0.03,35.72,0.019,2.12,4428.0,0.54,0.03,35.72,0.019
37,0,12500,12500.0,30760.42052417797,4.807458400726318,0.32520981128689397,0.31,978.12,0.424,0.01,22.56,0.017,0.44,2779.8,0.483,0.01,22.56,0.017,44942.30181112277,15.283113479614258,0.3628307221004461,0.81,1011.03,0.473,0.03,35.72,0.019,2.06,4313.2,0.539,0.03,35.72,0.019
37,0,13000,13000.0,31139.058925424142,5.079009056091309,0.32472447852785524,0.31,983.84,0.425,0.01,22.56,0.017,0.5,2738.8,0.481,0.01,22.56,0.017,43172.67584836689,14.306385040283203,0.35966089766952997,0.77,980.88,0.472,0.03,35.72,0.019,1.93,4132.8,0.537,0.03,35.72,0.019
37,0,13500,13500.0,31692.970186629882,5.352495193481445,0.3261741915860682,0.34,1152.57,0.507,0.01,22.56,0.017,0.56,2747.0,0.481,0.01,22.56,0.017,41478.04974419843,13.161693572998047,0.35705392290900473,0.69,914.55,0.47,0.03,33.84,0.019,1.8,3952.4000000000005,0.534,0.03,33.84,0.019
37,0,14000,14000.0,32136.876942623036,5.615399360656738,0.32744987100288614,0.39,1208.19,0.51,0.01,22.56,0.017,0.63,2853.6,0.484,0.01,22.56,0.017,39753.03588660241,12.162370681762695,0.3532427625032445,0.65,880.38,0.468,0.03,33.84,0.019,1.65,3796.6,0.531,0.03,33.84,0.019
37,0,14500,14500.0,32446.197805494732,5.807234287261963,0.32857962694895176,0.41,1242.1799999999998,0.512,0.01,22.56,0.017,0.71,2984.8,0.487,0.01,22.56,0.017,38246.6384165179,11.163860321044922,0.3510419985461881,0.55,816.0599999999998,0.464,0.03,31.960000000000004,0.019,1.53,3681.8,0.529,0.03,31.960000000000004,0.019
37,0,15000,15000.0,32517.168658067065,5.934728622436523,0.3308684805376064,0.43,1282.35,0.514,0.01,22.56,0.017,0.77,3107.8,0.49,0.01,22.56,0.017,36621.59994440708,10.154631614685059,0.3470631142353172,0.51,793.95,0.462,0.03,30.08,0.019,1.42,3583.4,0.525,0.03,30.08,0.019
37,0,15500,15500.0,32119.169115864188,5.9628167152404785,0.3302721944791211,0.43,1263.81,0.513,0.01,24.44,0.018,0.81,3206.2,0.493,0.01,24.44,0.018,35048.3697928864,9.208706855773926,0.34378229164834395,0.69,1347.24,0.541,0.02,30.08,0.019,1.34,3526.0,0.523,0.02,30.08,0.019
37,0,16000,16000.0,31332.627601368542,5.889245986938477,0.32963520479814284,0.43,1248.36,0.511,0.01,26.320000000000004,0.018,0.82,3214.4,0.493,0.01,26.320000000000004,0.018,33521.30920558248,8.288159370422363,0.342024896856594,0.63,1316.34,0.538,0.02,28.2,0.019,1.25,3444.0,0.519,0.02,28.2,0.019
37,0,16500,16500.0,30368.573842687532,5.718803882598877,0.32848388804337075,0.3,695.52,0.43,0.01,26.320000000000004,0.018,0.81,3181.6,0.491,0.01,26.320000000000004,0.018,31797.78895585258,7.368528842926025,0.3393415056814149,0.58,1251.45,0.535,0.02,28.2,0.018,1.16,3370.2000000000003,0.516,0.02,28.2,0.018
37,0,17000,17000.0,29008.12337686608,5.449033737182617,0.3243995067302988,0.3,678.24,0.428,0.01,26.320000000000004,0.018,0.78,3066.8,0.488,0.01,26.320000000000004,0.018,29845.93869876505,6.521235942840576,0.3365117052503835,0.52,1183.47,0.532,0.02,28.2,0.018,1.07,3239.0,0.512,0.02,28.2,0.018
37,0,17500,17500.0,27776.817533745543,5.135837554931641,0.321726980678769,0.27,613.05,0.426,0.01,24.44,0.018,0.75,2927.4,0.483,0.01,24.44,0.018,27794.17604395096,5.740294933319092,0.33385531424526316,0.48,1087.68,0.527,0.01,26.320000000000004,0.018,0.98,3083.2,0.508,0.01,26.320000000000004,0.018
37,0,18000,18000.0,26542.864358328996,4.758445739746094,0.31768696364736565,0.27,590.94,0.423,0.01,24.44,0.018,0.7,2755.2,0.477,0.01,24.44,0.018,25394.27242337053,5.1364827156066895,0.32894375149428373,0.43,985.71,0.521,0.01,26.320000000000004,0.018,0.89,2878.2,0.503,0.01,26.320000000000004,0.018
37,0,18500,18500.0,25347.573866362793,4.368782043457031,0.3136902954007568,0.25,542.7,0.417,0.01,22.56,0.017,0.64,2591.2,0.471,0.01,22.56,0.017,22937.543041129567,4.607820510864258,0.323601584946623,0.26,623.1,0.44,0.01,24.44,0.018,0.8,2640.4,0.497,0.01,24.44,0.018
37,0,19000,19000.0,24202.12607397614,3.9821600914001465,0.3094022677461966,0.24,522.6,0.415,0.01,22.56,0.017,0.57,2435.4,0.465,0.01,22.56,0.017,20274.084349335397,4.038041591644287,0.31465010828187073,0.25,594.96,0.438,0.01,24.44,0.018,0.71,2369.8,0.49,0.01,24.44,0.018
37,0,19500,19500.0,23182.68271043911,3.6148624420166016,0.30686721207975504,0.2,486.42,0.41,0.01,20.68,0.017,0.5,2312.4,0.459,0.01,20.68,0.017,17746.477642217167,3.474518299102783,0.30591248014107325,0.23,524.61,0.435,0.07,283.36,0.048,0.62,2090.9999999999995,0.48,0.01,20.68,0.018
37,0,20000,20000.0,22167.197920198036,3.2752528190612793,0.30460267407075026,0.19,480.39,0.409,0.01,20.68,0.017,0.45,2230.4,0.456,0.01,20.68,0.017,15235.616692709867,2.8912839889526367,0.2929097933303929,0.21,488.43000000000006,0.43,0.05,247.94000000000003,0.046,0.51,1787.6000000000001,0.465,0.01,20.68,0.018
38,0,-20000,20000.0,387421.8665782423,23.212543487548828,0.6443378772661852,1.57,10805.08,0.791,0.07,319.6,0.045,1.77,26527.0,0.781,0.07,319.6,0.045,209455.77530227965,34.000553131103516,0.5598875907990257,2.72,6936.800000000001,0.759,0.07,189.88,0.04,3.44,16867.4,0.742,0.07,189.88,0.04
38,0,-19500,19500.0,384966.7757365488,23.897682189941406,0.6417667613091298,1.49,8959.68,0.813,0.06,391.04,0.048,2.05,29364.200000000004,0.798,0.06,391.04,0.048,210434.9903982071,34.51023483276367,0.5605387128134299,2.78,6948.4,0.76,0.09,201.16,0.04,3.82,17064.2,0.745,0.09,201.16,0.04
38,0,-19000,19000.0,375226.5297985595,23.69797706604004,0.6367608520688839,1.45,8674.56,0.808,0.07,411.72,0.048,2.65,32094.8,0.812,0.07,411.72,0.048,209276.17074222158,34.660030364990234,0.5659178269039167,1.71,4261.26,0.765,0.09,203.04,0.041,3.89,17023.2,0.745,0.09,203.04,0.041
38,0,-18500,18500.0,362837.08083579247,21.587656021118164,0.6269007145698092,1.91,12869.85,0.829,0.09,462.48,0.05,3.54,34759.8,0.824,0.09,462.48,0.05,204212.7077155077,34.296669006347656,0.5700704921376701,2.04,4910.43,0.766,0.1,216.19999999999996,0.042,3.84,16465.6,0.74,0.1,216.19999999999996,0.042
38,0,-18000,18000.0,349177.34680085815,21.069326400756836,0.6186674900248528,1.83,12032.46,0.82,0.1,477.52,0.05,3.51,33029.6,0.816,0.1,477.52,0.05,195565.71511680857,33.91584777832031,0.5703942669415809,1.32,3451.0,0.767,0.11,219.96,0.042,3.68,18228.6,0.761,0.11,219.96,0.042
38,0,-17500,17500.0,339356.1273527775,20.998872756958008,0.6157591714730141,2.03,8705.84,0.753,0.09,428.63999999999993,0.049,3.35,30979.6,0.806,0.09,428.63999999999993,0.049,183410.83488792865,34.05425262451172,0.5621717594999704,2.56,8105.07,0.807,0.12,266.96,0.045,4.07,20163.8,0.78,0.12,266.96,0.045
38,0,-17000,17000.0,330856.396863149,25.538671493530273,0.6095024956152162,2.35,8618.4,0.762,0.09,413.6000000000001,0.048,2.41,28519.6,0.793,0.09,413.6000000000001,0.048,164914.2356031824,32.71390914916992,0.5333219208512016,3.1,8457.33,0.817,0.13,278.24,0.046,4.52,20573.8,0.786,0.13,278.24,0.046
38,0,-16500,16500.0,323400.0942500221,28.954395294189453,0.6042461293709079,2.89,8448.44,0.747,0.05,362.84,0.046,2.03,26051.4,0.778,0.05,362.84,0.046,150069.25764118624,31.63138771057129,0.507142212014242,2.3,7017.39,0.785,0.11,272.6,0.046,5.18,21008.4,0.792,0.11,272.6,0.046
38,0,-16000,16000.0,320236.60727142927,32.099098205566406,0.5988606114724889,2.64,7848.6,0.758,0.05,349.68,0.046,1.99,26280.999999999996,0.78,0.05,349.68,0.046,138620.5088126391,31.211002349853516,0.48234871401082746,1.72,3828.0,0.644,0.11,272.6,0.046,3.71,17187.2,0.757,0.11,272.6,0.046
38,0,-15500,15500.0,319130.12630667293,33.51911544799805,0.5954142716261092,2.72,7678.42,0.753,0.06,364.72,0.047,2.49,26584.4,0.783,0.06,364.72,0.047,133624.61068030342,31.452667236328125,0.47317477206193476,2.11,5168.02,0.694,0.06,169.2,0.038,3.01,13464.400000000001,0.71,0.06,169.2,0.038
38,0,-15000,15000.0,322949.14896067657,32.01469802856445,0.5949252530183203,2.43,6810.48,0.767,0.07,370.36,0.047,3.66,26428.599999999995,0.782,0.07,370.36,0.047,135894.55145511273,33.22938919067383,0.47387766004752513,2.19,5265.26,0.698,0.04,139.12,0.035,2.97,11767.0,0.68,0.04,139.12,0.035
38,0,-14500,14500.0,331794.912598165,29.105506896972656,0.6001255292296905,2.74,6542.64,0.759,0.12,366.6,0.047,4.78,26190.8,0.78,0.12,366.6,0.047,139199.4598967827,35.268619537353516,0.4792085100803753,2.09,4201.16,0.692,0.04,114.68,0.032,2.98,10200.8,0.649,0.04,114.68,0.032
38,0,-14000,14000.0,342807.76006427035,24.082847595214844,0.6032370385298131,3.61,9579.0,0.783,0.14,366.6,0.047,5.38,25600.4,0.775,0.14,366.6,0.047,143777.14876620186,37.732601165771484,0.48645044676284976,1.46,2726.58,0.685,0.04,107.15999999999998,0.031,3.44,11160.2,0.669,0.04,107.15999999999998,0.031
38,0,-13500,13500.0,356499.5793460503,26.1634521484375,0.6062774260649482,2.79,9612.99,0.783,0.16,349.68,0.046,5.79,25100.2,0.771,0.16,349.68,0.046,145809.80458115967,39.47715377807617,0.4865163377739091,2.01,3734.64,0.702,0.08,139.12,0.036,4.12,12496.8,0.698,0.08,139.12,0.036
38,0,-13000,13000.0,368121.8179753998,27.230112075805664,0.6092287701482896,2.05,11558.7,0.813,0.17,344.04,0.046,3.96,24731.2,0.767,0.17,344.04,0.046,146073.4524569878,40.98503875732422,0.4917790353612702,2.92,4216.6,0.675,0.1,146.64,0.037,4.83,13874.400000000001,0.719,0.1,146.64,0.037
38,0,-12500,12500.0,380754.72697708575,27.79899787902832,0.6175227043522061,2.36,11526.3,0.812,0.17,1209.83,0.089,2.51,24862.4,0.768,0.09,327.12,0.045,144760.69174927022,41.75410461425781,0.49568341930623616,2.98,4254.3,0.677,1.21,4091.01,0.116,5.5,15129.0,0.734,0.13,172.96,0.039
38,0,-12000,12000.0,386803.4535144936,32.77605056762695,0.6280291746958171,3.23,11445.3,0.812,0.07,323.36,0.045,2.62,26814.000000000004,0.781,0.07,323.36,0.045,140250.12734458118,40.96213150024414,0.5042276145732304,1.85,2623.92,0.684,0.76,2957.57,0.097,5.52,14391.0,0.724,0.14,184.24,0.04
38,0,-11500,11500.0,382182.9862197646,36.39146423339844,0.6310876349642452,3.35,10840.72,0.816,0.07,374.12,0.047,2.82,28888.599999999995,0.795,0.07,374.12,0.047,135428.99280692238,39.6471061706543,0.5176633079771081,2.51,3432.24,0.695,0.45,1788.71,0.071,5.51,13628.4,0.713,0.15,165.44,0.039
38,0,-11000,11000.0,370039.17801292776,42.10237503051758,0.6339048844277028,3.61,11853.92,0.816,0.08,389.15999999999997,0.047,3.57,32988.6,0.817,0.08,389.15999999999997,0.047,125052.75918530482,33.68962097167969,0.5111080691426617,3.34,5407.5,0.741,0.45,1399.09,0.063,5.85,13735.0,0.717,0.15,161.68,0.039
38,0,-10500,10500.0,351074.0054091398,43.10958480834961,0.6267312768963889,1.97,5999.0,0.82,0.92,8394.54,0.142,4.97,36949.2,0.835,0.11,483.15999999999997,0.05,112875.57521499382,26.858707427978516,0.4974636468675816,2.58,5092.32,0.726,0.44,1221.99,0.062,6.03,13808.8,0.723,0.18,172.96,0.041
38,0,-10000,10000.0,327853.8761214203,40.07564163208008,0.6132917834474461,1.79,5644.8,0.809,0.83,8713.32,0.144,5.89,36736.0,0.834,0.13,511.36000000000007,0.051,97147.0303379243,18.531278610229492,0.46487599767786464,3.09,6258.72,0.681,0.46,1204.28,0.061,4.91,13316.799999999997,0.715,0.19,176.72,0.041
38,0,-9500,9500.0,304802.92201980593,34.34540557861328,0.5954014067519233,8.02,36277.45,0.795,1.08,9262.33,0.147,6.29,35637.2,0.829,0.17,501.96,0.051,82773.99797017824,15.300577163696289,0.43158670465681626,4.9,13470.5,0.661,0.46,1168.86,0.061,3.86,12521.4,0.703,0.06,156.04,0.037
38,0,-9000,9000.0,289448.4984032046,26.27859878540039,0.5763996123821733,3.29,12354.24,0.757,0.18,500.08,0.051,4.63,30085.799999999996,0.803,0.18,500.08,0.051,69321.85789101051,14.115227699279785,0.396210573327946,2.26,10069.6,0.653,0.41,1080.31,0.06,2.26,10069.6,0.653,0.06,156.04,0.037
38,0,-8500,8500.0,285353.2121652652,20.319259643554688,0.5722073472177264,5.59,27126.8,0.742,0.11,368.48,0.047,3.05,24427.8,0.767,0.11,368.48,0.047,60109.73015378531,13.569543838500977,0.3784807960536239,0.73,1438.4,0.458,0.03,94.0,0.029,1.57,7691.600000000001,0.588,0.03,94.0,0.029
38,0,-8000,8000.0,295074.83067524957,20.03793716430664,0.5708805564391224,1.74,8207.0,0.742,0.09,332.76,0.045,1.98,22107.2,0.748,0.09,332.76,0.045,53439.561337778294,12.870891571044922,0.3608039456731926,0.46,908.28,0.458,0.03,77.08,0.026,1.37,6125.4,0.534,0.03,77.08,0.026
38,0,-7500,7500.0,310764.59151785274,23.14453887939453,0.5734293852844985,2.09,10765.04,0.789,0.05,282.0,0.043,1.86,20614.8,0.734,0.05,282.0,0.043,50093.42388139412,12.121915817260742,0.3609236983362291,0.62,1229.04,0.462,0.02,43.24,0.019,1.31,5387.4,0.525,0.02,43.24,0.019
38,0,-7000,7000.0,334836.7008028351,27.135717391967773,0.5800310802240918,2.69,11022.9,0.795,0.05,268.84,0.042,1.64,20926.4,0.736,0.05,268.84,0.042,47472.4541100979,11.309788703918457,0.3536155185011349,0.58,1166.4,0.46,0.02,41.36,0.018,1.37,5412.0,0.525,0.02,41.36,0.018
38,0,-6500,6500.0,356415.6729579611,33.001644134521484,0.5810295142107553,2.75,11225.9,0.798,0.03,278.24,0.043,1.41,21525.0,0.742,0.03,278.24,0.043,45025.92552586159,10.606201171875,0.34618233753658395,0.68,1986.87,0.539,0.02,41.36,0.018,1.42,5494.0,0.528,0.02,41.36,0.018
38,0,-6000,6000.0,382004.02168020816,38.468570709228516,0.5911309172594662,1.65,6745.980000000001,0.799,0.04,282.0,0.043,2.27,23468.4,0.758,0.04,282.0,0.043,42776.77172702134,9.867717742919922,0.33900286820168984,0.42,959.0400000000001,0.449,0.03,43.24,0.019,1.27,4985.6,0.52,0.03,43.24,0.019
38,0,-5500,5500.0,404438.6244065296,41.28036880493164,0.5981592200595272,3.16,23433.85,0.657,0.07,330.88,0.045,3.46,25461.0,0.772,0.07,330.88,0.045,41256.48599274492,9.383163452148438,0.3359040231625805,0.48,1603.7100000000003,0.524,0.02,35.72,0.018,1.11,4419.8,0.511,0.02,35.72,0.018
38,0,-5000,5000.0,424691.31186654547,43.16175079345703,0.6108554312487744,3.52,23017.11,0.651,0.09,345.92,0.046,4.25,28913.2,0.794,0.09,345.92,0.046,40734.46321476442,9.25122356414795,0.3336636242973418,0.35,829.44,0.439,0.02,35.72,0.018,0.95,4009.7999999999997,0.502,0.02,35.72,0.018
38,0,-4500,4500.0,434846.9195375711,41.721065521240234,0.6130095377975368,3.77,22112.1,0.644,0.12,426.76,0.049,4.86,32217.8,0.812,0.12,426.76,0.049,41365.50173068964,9.433046340942383,0.3370240211170158,0.52,1278.42,0.445,0.02,30.08,0.018,0.82,3681.8,0.497,0.02,30.08,0.018
38,0,-4000,4000.0,438022.5944969591,38.66065216064453,0.6139333620080103,4.39,21148.0,0.638,0.13,451.2,0.049,4.45,34423.6,0.822,0.13,451.2,0.049,43019.48334502737,9.797089576721191,0.3406571243319018,0.55,1318.46,0.448,0.02,30.08,0.018,0.79,3624.4,0.498,0.02,30.08,0.018
38,0,-3500,3500.0,435599.42663423537,39.771175384521484,0.6100259729666129,4.85,20557.1,0.633,0.11,500.08,0.051,4.65,36235.8,0.831,0.11,500.08,0.051,45188.51195810812,10.742241859436035,0.3452654463607226,0.72,1633.06,0.461,0.02,30.08,0.018,0.82,3575.2000000000003,0.5,0.02,30.08,0.018
38,0,-3000,3000.0,425735.56299958297,42.087127685546875,0.5982872942923171,5.54,21250.63,0.642,0.11,515.12,0.051,4.55,37400.2,0.836,0.11,515.12,0.051,47509.74467109941,11.755281448364258,0.3508005653790299,0.75,1670.24,0.462,0.02,30.08,0.018,0.83,3599.7999999999997,0.502,0.02,30.08,0.018
38,0,-2500,2500.0,410474.7984259273,43.712867736816406,0.5793291851564075,6.1,22245.83,0.651,0.09,539.56,0.051,4.4,38269.4,0.84,0.09,539.56,0.051,49404.02614575796,12.438758850097656,0.3554245862237175,0.78,1587.3,0.462,0.02,30.08,0.018,0.84,3632.5999999999995,0.504,0.02,30.08,0.018
38,0,-2000,2000.0,391938.54777821054,45.48629379272461,0.5570104290780132,6.47,23241.03,0.658,0.08,547.08,0.052,3.92,37121.4,0.835,0.08,547.08,0.052,50692.52494175489,12.748021125793457,0.35977618520479415,0.91,1441.3,0.469,0.02,30.08,0.018,0.9,3870.4,0.51,0.02,30.08,0.018
38,0,-1500,1500.0,375886.78382082214,46.17258834838867,0.5368714124888473,6.5,23915.9,0.663,0.09,518.88,0.051,4.15,35883.2,0.829,0.09,518.88,0.051,51213.41792921384,12.609254837036133,0.3612392089223175,0.75,1157.76,0.47,0.02,31.960000000000004,0.018,1.05,4231.2,0.521,0.02,31.960000000000004,0.018
38,0,-1000,1000.0,366683.4698758292,49.51309585571289,0.5275854209767213,5.43,22892.71,0.651,0.09,509.48,0.051,4.68,34415.4,0.822,0.09,509.48,0.051,51200.76464169289,11.927580833435059,0.3633643332288995,0.77,1146.96,0.47,0.02,33.84,0.018,1.28,4723.2,0.53,0.02,33.84,0.018
38,0,-500,500.0,358376.12813104206,50.49686813354492,0.5188380369236697,4.7,14221.6,0.839,0.1,481.28,0.05,5.18,33111.600000000006,0.817,0.1,481.28,0.05,50452.78863671872,11.10703182220459,0.3607278571980298,0.85,1151.28,0.472,0.03,37.6,0.019,1.5,5248.0,0.539,0.03,37.6,0.019
38,0,0,0.0,359211.0151486406,54.0523681640625,0.5249692602760923,2.64,8160.6,0.833,0.1,470.0,0.05,5.8,33144.4,0.817,0.1,470.0,0.05,49422.29974444236,10.220218658447266,0.3592350484853267,1.16,2033.22,0.559,0.03,39.48,0.019,1.61,5248.0,0.54,0.03,39.48,0.019
38,0,500,500.0,358825.737670176,55.31425857543945,0.5297400867502376,3.13,9559.56,0.836,0.12,477.52,0.05,6.29,33210.0,0.818,0.12,477.52,0.05,48098.97033035031,9.432024955749512,0.3559815102270115,1.03,1863.27,0.551,0.03,39.48,0.019,1.66,5125.0,0.54,0.03,39.48,0.019
38,0,1000,1000.0,360504.31332293595,56.27259063720703,0.5384708226295251,2.68,8024.88,0.837,0.13,479.3999999999999,0.05,6.75,34202.2,0.824,0.13,479.3999999999999,0.05,46819.88146197799,9.357505798339844,0.3512431239116187,0.9,1680.9600000000003,0.542,0.37,1027.1799999999998,0.06,1.46,4756.0,0.532,0.04,39.48,0.019
38,0,1500,1500.0,360623.88064487965,54.84819793701172,0.5469246042400732,2.2,6402.2,0.837,0.17,507.6000000000001,0.051,7.6,35186.2,0.832,0.17,507.6000000000001,0.051,45941.233189681814,9.559812545776367,0.3485113320260732,0.76,1650.06,0.536,0.03,35.72,0.019,1.25,4346.0,0.522,0.03,35.72,0.019
38,0,2000,2000.0,356086.0140563789,47.85227584838867,0.5499905981465175,2.11,6295.8,0.835,0.17,513.24,0.051,8.01,35875.0,0.837,0.17,513.24,0.051,45478.45480437571,9.869986534118652,0.3431067129418503,0.63,1631.52,0.535,0.03,35.72,0.019,1.04,4239.4,0.516,0.03,35.72,0.019
38,0,2500,2500.0,356145.6888188296,47.87627029418945,0.5605952876685707,4.48,15932.529999999999,0.597,0.19,522.64,0.051,8.33,36580.2,0.843,0.19,522.64,0.051,45564.76042456436,11.029084205627441,0.34006463382059354,0.6,1609.89,0.533,0.02,35.72,0.019,0.96,4190.200000000001,0.515,0.02,35.72,0.019
38,0,3000,3000.0,350688.2132623528,49.39664840698242,0.5627620829171098,3.99,16666.49,0.601,0.2,526.4,0.052,7.46,36006.2,0.841,0.2,526.4,0.052,45891.71286481069,12.08442497253418,0.3362030495785024,0.7,1591.35,0.534,0.02,35.72,0.019,1.07,4100.0,0.514,0.02,35.72,0.019
38,0,3500,3500.0,348084.29943916335,50.12225341796875,0.5674439877481868,3.39,10959.1,0.809,0.17,496.32,0.051,7.06,35719.2,0.841,0.17,496.32,0.051,46846.600137111105,12.69076156616211,0.33626383561279566,0.73,1594.44,0.529,0.02,33.84,0.018,1.19,4059.0,0.515,0.02,33.84,0.018
38,0,4000,4000.0,349412.21803167684,51.54249572753906,0.5765323916798732,1.99,6488.46,0.807,0.16,488.8,0.051,5.99,33267.4,0.831,0.16,488.8,0.051,47943.5990207381,12.729801177978516,0.3406601175937437,0.75,1499.3,0.448,0.02,31.960000000000004,0.018,1.31,4059.0,0.511,0.02,31.960000000000004,0.018
38,0,4500,4500.0,354028.2169992182,52.279117584228516,0.591752236879923,2.55,7957.4400000000005,0.806,0.11,421.12000000000006,0.049,6.09,31258.399999999998,0.823,0.11,421.12000000000006,0.049,48263.41183496888,12.10277271270752,0.34300892985463766,0.76,1513.8,0.448,0.02,31.960000000000004,0.018,1.4,4091.8,0.51,0.02,31.960000000000004,0.018
38,0,5000,5000.0,357760.1753317148,48.78033447265625,0.6057736268796895,2.45,7974.72,0.806,0.1,400.44,0.049,6.46,31192.8,0.822,0.1,400.44,0.049,47876.700885822065,10.987220764160156,0.3485887078022989,0.48,952.74,0.447,0.02,31.960000000000004,0.018,1.34,4206.6,0.508,0.02,31.960000000000004,0.018
38,0,5500,5500.0,359372.56244531163,45.283058166503906,0.6200169189427248,3.05,11701.83,0.827,0.14,419.24,0.049,6.67,30725.4,0.82,0.14,419.24,0.049,46427.04446451571,9.650639533996582,0.3510760948197199,0.52,1047.21,0.45,0.14,850.08,0.058,1.26,4362.4,0.507,0.02,33.84,0.018
38,0,6000,6000.0,350468.8054140686,36.93768310546875,0.6234231172294578,2.8,11772.9,0.828,0.15,424.87999999999994,0.049,5.95,30799.200000000004,0.819,0.15,424.87999999999994,0.049,43944.430680749974,7.956221580505371,0.34745800835739493,0.5,1049.22,0.45,0.17,832.37,0.058,1.2,4583.8,0.508,0.02,35.72,0.018
38,0,6500,6500.0,341227.46488963166,34.81150436401367,0.628025991478168,1.78,7368.659999999999,0.802,0.13,428.63999999999993,0.049,5.28,30922.2,0.82,0.13,428.63999999999993,0.049,41149.44337171182,6.386560916900635,0.34063703491036323,0.43,1047.21,0.452,0.02,37.6,0.018,1.13,4747.8,0.509,0.02,37.6,0.018
38,0,7000,7000.0,327100.6671947631,30.550323486328125,0.6246791205833323,1.68,7131.479999999999,0.797,0.12,430.52,0.05,4.21,30331.8,0.816,0.12,430.52,0.05,38527.0457826713,4.839622497558594,0.3283581807838749,0.78,2113.44,0.446,0.02,39.48,0.018,0.97,4518.2,0.505,0.02,39.48,0.018
38,0,7500,7500.0,310896.17251599487,26.12320899963379,0.6167428425539911,1.46,6586.770000000001,0.785,0.99,8872.71,0.148,3.67,29552.8,0.812,0.11,417.36000000000007,0.049,36578.76099510585,4.101062297821045,0.3171992254766644,1.16,4505.65,0.431,0.02,37.6,0.018,0.81,4181.999999999999,0.503,0.02,37.6,0.018
38,0,8000,8000.0,294655.2014172623,21.1998348236084,0.6047275260181294,1.34,6253.11,0.776,0.82,8890.42,0.148,3.39,27789.8,0.802,0.11,413.6000000000001,0.049,36332.8337470954,4.719078540802002,0.30898827159416486,0.51,1986.48,0.454,0.02,37.6,0.018,0.57,3444.0,0.489,0.02,37.6,0.018
38,0,8500,8500.0,282450.8676908925,18.041555404663086,0.5972312015681676,1.07,5515.44,0.754,0.68,8943.55,0.149,3.04,25977.6,0.791,0.1,372.24,0.048,38206.764202860584,5.453001976013184,0.31296231691324833,0.62,2221.44,0.46,0.01,28.2,0.018,0.37,2738.8,0.473,0.01,28.2,0.018
38,0,9000,9000.0,274437.70306316257,16.141897201538086,0.5901665004481941,0.99,5350.62,0.748,0.7,9067.52,0.149,2.38,24099.8,0.779,0.1,360.96,0.047,42069.17405462445,6.197778701782227,0.32280551263607943,0.69,2705.6,0.506,0.01,24.44,0.018,0.42,2533.8,0.474,0.01,24.44,0.018
38,0,9500,9500.0,271069.22282021935,14.597283363342285,0.589575179023909,0.78,4998.87,0.736,0.08,315.84,0.046,1.91,22500.8,0.767,0.08,315.84,0.046,46541.774133489045,6.948122978210449,0.3341956449667422,0.73,3036.68,0.535,0.01,22.56,0.017,0.48,2443.6,0.48,0.01,22.56,0.017
38,0,10000,10000.0,271590.01335686515,15.73752212524414,0.5899512958037921,0.71,4982.79,0.735,0.08,302.68,0.045,1.61,21615.2,0.761,0.08,302.68,0.045,51402.00867650194,7.651463508605957,0.3469225764282764,0.51,1432.56,0.463,0.01,20.68,0.017,0.55,2796.2,0.492,0.01,20.68,0.017
38,0,10500,10500.0,273489.42254882766,17.930675506591797,0.5923856783680979,2.9,25455.84,0.779,0.06,282.0,0.044,1.33,20959.2,0.756,0.06,282.0,0.044,55772.695595219615,8.00576400756836,0.35671687697506405,0.57,1521.46,0.466,0.01,26.320000000000004,0.018,0.61,3173.4,0.502,0.01,26.320000000000004,0.018
38,0,11000,11000.0,275918.54755085765,19.8593692779541,0.5943175694571402,2.84,25139.4,0.776,0.06,278.24,0.044,1.45,21147.8,0.758,0.06,278.24,0.044,59771.373568334195,8.336527824401855,0.3632060904285872,0.39,1120.56,0.473,0.01,26.320000000000004,0.018,0.64,3829.4,0.516,0.01,26.320000000000004,0.018
38,0,11500,11500.0,278633.06874892337,21.35496711730957,0.5963939344965501,0.96,7953.66,0.751,0.05,280.12,0.044,1.67,21484.0,0.761,0.05,280.12,0.044,63850.32396050752,8.943442344665527,0.3679963994826686,0.59,1278.72,0.47,0.01,35.72,0.018,0.86,4485.4,0.527,0.01,35.72,0.018
38,0,12000,12000.0,280257.41127495916,21.588605880737305,0.6002003014198866,1.06,8750.88,0.784,0.04,282.0,0.044,1.96,22000.6,0.766,0.04,282.0,0.044,68792.71519426949,10.131221771240234,0.3756112452495558,0.81,2079.57,0.556,0.02,37.6,0.018,1.06,4985.6,0.535,0.02,37.6,0.018
38,0,12500,12500.0,279927.1969035476,20.98503875732422,0.6022697023462673,0.76,5786.64,0.751,0.03,291.4,0.044,2.3,22566.4,0.771,0.03,291.4,0.044,74957.9378963486,11.862771034240723,0.38660382300607926,1.02,3003.0,0.598,0.02,43.24,0.019,1.22,5420.2,0.541,0.02,43.24,0.019
38,0,13000,13000.0,275955.3679001841,19.882003784179688,0.6029574219207331,1.11,8757.06,0.784,0.04,295.16,0.045,2.43,22722.2,0.772,0.04,295.16,0.045,82588.94040585744,14.097400665283203,0.4073636031472228,1.09,3163.16,0.611,0.02,45.12,0.019,1.0,5387.4,0.542,0.02,45.12,0.019
38,0,13500,13500.0,269359.9842532896,18.890777587890625,0.6010963769673188,0.79,6045.84,0.759,0.05,297.04,0.045,2.47,22787.8,0.773,0.05,297.04,0.045,91592.98847226767,16.85554313659668,0.43188007565200187,1.37,3826.68,0.657,0.02,43.24,0.019,0.94,5371.0,0.543,0.02,43.24,0.019
38,0,14000,14000.0,259594.2669304744,17.237445831298828,0.5937150863994058,1.13,9053.7,0.789,0.05,298.92,0.045,2.25,23214.2,0.776,0.05,298.92,0.045,101050.24106517232,19.505107879638672,0.4590750488128235,1.38,3895.32,0.661,0.02,43.24,0.019,1.24,5781.0,0.548,0.02,43.24,0.019
38,0,14500,14500.0,248108.34494691694,17.448991775512695,0.5823695812930816,0.73,5159.67,0.742,0.05,312.08,0.045,2.16,23558.6,0.778,0.05,312.08,0.045,108393.42331511964,21.74147605895996,0.4779459087457958,1.25,3200.4,0.647,0.02,48.88,0.019,1.62,6453.4,0.566,0.02,48.88,0.019
38,0,15000,15000.0,237658.68196261613,17.65323829650879,0.5695096288344321,0.71,4914.45,0.732,0.05,313.96,0.045,1.93,22861.6,0.772,0.05,313.96,0.045,113336.60471458419,21.560232162475586,0.48776903571837754,1.08,2438.64,0.624,0.02,52.64000000000001,0.021,2.09,7970.400000000001,0.616,0.02,52.64000000000001,0.021
38,0,15500,15500.0,229677.1515141728,16.95749855041504,0.5595399459745494,0.71,4650.48,0.705,0.05,297.04,0.045,1.66,22033.4,0.766,0.05,297.04,0.045,115576.66881188905,22.512605667114258,0.48723084318493,1.37,2846.88,0.664,0.05,90.24,0.029,2.55,9495.6,0.657,0.05,90.24,0.029
38,0,16000,16000.0,227022.204182764,15.701913833618164,0.5517078232733645,0.68,4542.48,0.7,0.05,291.4,0.044,1.54,20221.2,0.75,0.05,291.4,0.044,118324.5413919414,22.933917999267578,0.48612105507473574,1.96,4601.01,0.726,0.06,99.64,0.031,2.86,10594.4,0.682,0.06,99.64,0.031
38,0,16500,16500.0,229528.55988984584,14.395947456359863,0.551865977642232,0.59,4220.64,0.684,0.05,246.28,0.042,1.57,18482.8,0.732,0.05,246.28,0.042,121469.66765585793,22.93060874938965,0.4835098259381431,0.98,2317.68,0.611,0.08,129.72,0.036,3.09,11504.6,0.7,0.08,129.72,0.036
38,0,17000,17000.0,239366.00580072874,15.100846290588379,0.5563294257985302,0.9,7090.5,0.73,0.05,235.0,0.041,1.46,17564.4,0.722,0.05,235.0,0.041,127802.07929836676,20.80367088317871,0.48319153251854285,3.32,13675.46,0.725,0.1,137.24,0.037,2.69,10742.0,0.685,0.1,137.24,0.037
38,0,17500,17500.0,252577.02567139483,16.119142532348633,0.5650439084952008,0.92,7171.7,0.732,0.04,216.19999999999996,0.04,1.39,16842.8,0.714,0.04,216.19999999999996,0.04,137087.38120671705,19.77814483642578,0.48787818068046496,2.21,6400.88,0.719,0.06,109.03999999999999,0.032,2.8,10020.4,0.669,0.06,109.03999999999999,0.032
38,0,18000,18000.0,270347.9604195858,18.004371643066406,0.5764777210474415,1.21,14458.39,0.579,0.04,210.56000000000003,0.039,1.54,17113.4,0.717,0.04,210.56000000000003,0.039,144561.28210160477,22.458141326904297,0.4798586249520071,2.85,7675.36,0.755,0.06,101.52,0.031,2.84,9987.6,0.668,0.06,101.52,0.031
38,0,18500,18500.0,289013.63125134446,19.693870544433594,0.5876702377592443,1.39,15783.25,0.595,0.03,218.07999999999998,0.04,1.7,17498.8,0.722,0.03,218.07999999999998,0.04,150552.5082107517,26.578495025634766,0.46711721621168073,3.27,8494.16,0.774,0.08,103.40000000000002,0.031,2.8,10036.8,0.669,0.08,103.40000000000002,0.031
38,0,19000,19000.0,309238.6506869494,21.79180335998535,0.6006969345802236,1.54,16806.44,0.604,0.03,221.84,0.04,1.85,18778.0,0.735,0.03,221.84,0.04,159767.01188848962,32.17050552368164,0.47606587101566783,2.81,6971.6,0.783,0.08,103.40000000000002,0.031,2.12,10848.6,0.686,0.08,103.40000000000002,0.031
38,0,19500,19500.0,329114.8177606228,23.76853370666504,0.6116680863888876,1.59,17316.48,0.609,0.03,255.68000000000004,0.042,1.95,20049.0,0.747,0.03,255.68000000000004,0.042,167078.9203906709,37.64981460571289,0.4854942653488215,2.88,7090.5,0.786,0.05,125.96000000000001,0.035,2.45,11799.8,0.704,0.05,125.96000000000001,0.035
38,0,20000,20000.0,347208.462697496,25.209001541137695,0.624300735211544,1.5,17170.31,0.605,0.03,265.08,0.043,1.84,21615.2,0.761,0.03,265.08,0.043,173596.549418623,44.77183532714844,0.5104164475352241,3.17,6307.5,0.764,0.05,131.6,0.035,3.21,14227.000000000002,0.743,0.05,131.6,0.035
39,0,-20000,20000.0,756.825382584384,0.06981382519006729,0.06474022341717683,0.02,27.84,0.157,0.0,3.59,0.012,0.0,8.2,0.017,0.0,0.0,0.006,2305.362385299702,0.4161055088043213,0.21528220353402833,0.19,271.92,0.467,0.0,10.44,0.136,0.2,549.4,0.383,0.01,5.64,0.017
39,0,-19500,19500.0,979.0860703779423,0.09462916851043701,0.0799359148573885,0.02,27.84,0.157,0.0,3.59,0.012,0.0,8.2,0.011,0.0,0.0,0.005,1699.6811001065055,0.2869689166545868,0.18938945030497686,0.15,213.20999999999998,0.442,0.0,10.44,0.136,0.19,492.0,0.372,0.0,3.76,0.016
39,0,-19000,19000.0,1149.9594958748887,0.10286751389503479,0.09047458870867339,0.02,43.5,0.206,0.0,3.59,0.012,0.0,8.2,0.017,0.0,0.0,0.005,1197.1888294661824,0.19141224026679993,0.15832724860893754,0.1,148.32,0.401,0.0,4.56,0.066,0.14,360.8,0.331,0.0,3.76,0.016
39,0,-18500,18500.0,1281.6460416249356,0.10696235299110413,0.0980258068635249,0.02,32.2,0.202,0.0,6.08,0.045,0.01,16.4,0.031,0.0,1.88,0.007,820.7397812771887,0.12698879837989807,0.13146210037588443,0.06,89.61,0.336,0.0,3.59,0.017,0.09,229.60000000000002,0.272,0.0,1.88,0.014
39,0,-18000,18000.0,1312.1099692920666,0.09768696874380112,0.10023912477427181,0.02,40.02,0.197,0.0,4.56,0.033,0.01,32.8,0.06,0.0,1.88,0.008,602.3699035456502,0.08917699009180069,0.11274871532770236,0.03,43.5,0.25,0.0,3.59,0.017,0.05,123.0,0.2,0.0,1.88,0.013
39,0,-17500,17500.0,1276.5632801159597,0.09686926752328873,0.09827105428180372,0.02,40.02,0.197,0.0,12.44,0.042,0.02,65.6,0.09,0.0,1.88,0.011,472.5186791523356,0.06581535935401917,0.10391305212415163,0.03,43.5,0.248,0.0,3.59,0.022,0.02,41.0,0.103,0.0,0.0,0.009
39,0,-17000,17000.0,1155.4232862449396,0.09219036251306534,0.09221820611343054,0.02,44.22,0.197,0.0,9.33,0.034,0.02,82.0,0.102,0.0,1.88,0.012,406.2127529671898,0.05125894024968147,0.10136968890643362,0.02,24.12,0.239,0.0,3.59,0.022,0.01,16.4,0.052,0.0,0.0,0.008
39,0,-16500,16500.0,1025.980161630327,0.08632256090641022,0.08521686451575396,0.02,36.18,0.186,0.0,6.22,0.025,0.03,98.4,0.118,0.0,1.88,0.012,354.9490107328438,0.04042523354291916,0.10089390717056253,0.02,24.12,0.236,0.0,3.59,0.025,0.0,0.0,0.017,0.0,0.0,0.008
39,0,-16000,16000.0,862.998452081095,0.07631906121969223,0.07566731679138453,0.03,65.28,0.169,0.0,3.11,0.017,0.02,82.0,0.103,0.0,1.88,0.012,285.38680445144564,0.029452377930283546,0.09295947259913215,0.03,44.88,0.212,0.0,3.59,0.025,0.0,0.0,0.021,0.0,0.0,0.008
39,0,-15500,15500.0,727.9022896275719,0.06918632239103317,0.0674083125718217,0.01,18.2,0.157,0.0,3.11,0.013,0.02,73.8,0.094,0.0,1.88,0.011,223.09271018489198,0.020211076363921165,0.08465407863058579,0.01,8.4,0.177,0.0,3.59,0.025,0.0,8.2,0.028,0.0,0.0,0.01
39,0,-15000,15000.0,594.895196450426,0.060347333550453186,0.057910941919728134,0.01,18.2,0.153,0.0,3.11,0.011,0.01,57.400000000000006,0.075,0.0,1.88,0.01,150.3558874409464,0.011928349733352661,0.06914375971621178,0.01,7.0,0.171,0.0,3.59,0.025,0.0,8.2,0.039,0.0,0.0,0.01
39,0,-14500,14500.0,503.79461938841246,0.05267700180411339,0.051623779081534094,0.01,16.8,0.141,0.0,3.59,0.017,0.01,49.2,0.068,0.0,1.88,0.008,97.86920124716261,0.007423677947372198,0.05661864804113136,0.01,8.16,0.089,0.0,3.59,0.024,0.01,8.2,0.05,0.0,0.0,0.011
39,0,-14000,14000.0,407.26437115272915,0.0426834300160408,0.0434322205422061,0.01,15.4,0.131,0.0,3.59,0.017,0.01,41.0,0.063,0.0,1.88,0.008,53.60930631666179,0.0029073329642415047,0.04070585107189628,0.01,8.16,0.089,0.0,3.59,0.024,0.0,8.2,0.046,0.0,0.0,0.012
39,0,-13500,13500.0,329.3959272909433,0.03242725878953934,0.036567391034353816,0.01,12.6,0.111,0.0,3.59,0.015,0.01,41.0,0.065,0.0,1.88,0.008,27.31978938904831,0.0016754515236243606,0.029200105538376177,0.01,9.29,0.049,0.0,0.0,0.019,0.0,8.2,0.046,0.0,0.0,0.011
39,0,-13000,13000.0,244.7347367762859,0.02149047888815403,0.027532910470455908,0.01,11.2,0.103,0.0,3.59,0.015,0.01,32.8,0.054,0.0,1.88,0.008,10.57205897473068,0.0003098442975897342,0.016121707314085822,0.0,0.0,0.019,0.0,0.0,0.019,0.0,0.0,0.03,0.0,0.0,0.011
39,0,-12500,12500.0,196.2687927562456,0.013160396367311478,0.022159081110587262,0.01,6.08,0.042,0.0,3.59,0.013,0.01,32.8,0.052,0.0,1.88,0.008,3.400730802172802,7.207461021607742e-05,0.008345130072464088,0.0,0.0,0.005,0.0,0.0,0.005,0.0,0.0,0.02,0.0,0.0,0.007
39,0,-12000,12000.0,183.69214892973105,0.006481368560343981,0.01963033806269454,0.01,15.2,0.062,0.0,3.59,0.013,0.01,24.6,0.043,0.0,1.88,0.008,0.8014634095502515,1.2535769201349467e-05,0.002960438474958104,0.0,0.0,0.005,0.0,0.0,0.005,0.0,0.0,0.008,0.0,0.0,0.006
39,0,-11500,11500.0,225.68606012716828,0.0097047733142972,0.02259561001952978,0.03,74.76,0.157,0.0,3.59,0.008,0.01,24.6,0.037,0.0,0.0,0.006,0.19972143903288497,1.1410101024011965e-06,0.0012846727177554737,0.0,0.0,0.001,0.0,0.0,0.001,0.0,0.0,0.003,0.0,0.0,0.001
39,0,-11000,11000.0,334.9188827438411,0.020801126956939697,0.029985018252475824,0.05,149.52,0.223,0.0,3.59,0.008,0.01,8.2,0.022,0.0,0.0,0.006,0.13352055024284937,8.150429948727833e-07,0.0011480727596770693,0.0,0.0,0.001,0.0,0.0,0.001,0.0,0.0,0.002,0.0,0.0,0.001
39,0,-10500,10500.0,479.21448172916143,0.0364375039935112,0.038656431661526464,0.07,195.80000000000004,0.252,0.0,0.0,0.005,0.0,8.2,0.014,0.0,0.0,0.004,0.01769056816556258,4.212754447507905e-06,0.00020236714186997888,0.0,0.0,0.0,0.0,0.0,0.0,0.0,0.0,0.001,0.0,0.0,0.001
39,0,-10000,10000.0,698.2299402297031,0.06643372774124146,0.05044470761209443,0.07,238.52,0.271,0.0,0.0,0.005,0.0,8.2,0.013,0.0,0.0,0.003,0.04802698704224895,4.2144179133174475e-06,0.0005147802959046064,0.0,0.0,0.0,0.0,0.0,0.0,0.0,0.0,0.001,0.0,0.0,0.0
39,0,-9500,9500.0,944.7557251081207,0.10448524355888367,0.061865737300705125,0.08,267.0,0.283,0.0,0.0,0.007,0.0,8.2,0.014,0.0,0.0,0.004,0.02780343447739142,4.21442427978036e-06,0.0002711514875120329,0.0,0.0,0.0,0.0,0.0,0.0,0.0,0.0,0.0,0.0,0.0,0.0
39,0,-9000,9000.0,1234.6425865243418,0.15128441154956818,0.07428981053611253,0.06,147.9,0.256,0.0,0.0,0.007,0.0,8.2,0.016,0.0,0.0,0.004,0.07332304912779364,4.218833510094555e-06,0.0006025247475349783,0.0,0.0,0.0,0.0,0.0,0.0,0.0,0.0,0.0,0.0,0.0,0.0
39,0,-8500,8500.0,1527.913514034283,0.1996924728155136,0.08529277357293817,0.06,150.8,0.26,0.0,3.59,0.012,0.0,16.4,0.021,0.0,0.0,0.005,0.06574925582754076,4.217476998746861e-06,0.0004652553729557637,0.0,0.0,0.0,0.0,0.0,0.0,0.0,0.0,0.0,0.0,0.0,0.0
39,0,-8000,8000.0,1806.7753903743196,0.23076792061328888,0.09358506084590476,0.03,62.64,0.218,0.0,3.59,0.012,0.0,16.4,0.025,0.0,0.0,0.005,0.08604443891044866,4.216700290271547e-06,0.0005344816705137183,0.0,0.0,0.0,0.0,0.0,0.0,0.0,0.0,0.0,0.0,0.0,0.0
39,0,-7500,7500.0,2070.9709878570025,0.2519479990005493,0.10030542184263955,0.04,84.42,0.239,0.0,23.68,0.027,0.01,24.6,0.032,0.0,1.88,0.006,0.10622748368405155,4.220170467306161e-06,0.0005887499408834929,0.0,0.0,0.0,0.0,0.0,0.0,0.0,0.0,0.0,0.0,0.0,0.0
39,0,-7000,7000.0,2276.274732784168,0.24249519407749176,0.10405000642945879,0.04,84.42,0.238,0.0,29.6,0.029,0.01,41.0,0.048,0.0,1.88,0.007,0.189665957896068,4.222287316224538e-06,0.000974752211752195,0.0,0.0,0.0,0.0,0.0,0.0,0.0,0.0,0.0,0.0,0.0,0.0
39,0,-6500,6500.0,2388.641685284678,0.2150736302137375,0.10315444166546857,0.03,25.840000000000003,0.069,0.0,1.88,0.008,0.01,57.400000000000006,0.063,0.0,1.88,0.008,0.14163775858833105,4.222827556077391e-06,0.000679436852888009,0.0,0.0,0.0,0.0,0.0,0.0,0.0,0.0,0.0,0.0,0.0,0.0
39,0,-6000,6000.0,2602.4563696963924,0.1667742133140564,0.10843767625957305,0.09,203.0,0.261,0.0,1.88,0.009,0.01,65.6,0.072,0.0,1.88,0.009,0.1289872219786048,4.220102709950879e-06,0.0006040929547189177,0.0,0.0,0.0,0.0,0.0,0.0,0.0,0.0,0.0,0.0,0.0,0.0
39,0,-5500,5500.0,2947.8206136343942,0.19594494998455048,0.11784807141642178,0.1,208.8,0.266,0.0,1.88,0.009,0.01,82.0,0.083,0.0,1.88,0.009,0.1694634217528801,4.2253004721715115e-06,0.000776281808775016,0.0,0.0,0.001,0.0,0.0,0.001,0.0,0.0,0.0,0.0,0.0,0.0
39,0,-5000,5000.0,3386.723438356585,0.353527694940567,0.1327233406591082,0.11,207.9,0.275,0.0,10.640000000000002,0.05,0.01,82.0,0.082,0.0,1.88,0.01,0.12647057219510316,4.222141797072254e-06,0.0005943032460696043,0.0,0.0,0.001,0.0,0.0,0.001,0.0,0.0,0.0,0.0,0.0,0.0
39,0,-4500,4500.0,3884.0131964314246,0.5173620581626892,0.1500962276067322,0.13,210.82,0.294,0.0,10.77,0.02,0.01,90.2,0.084,0.0,1.88,0.009,0.3493721751283374,3.4010911349469097e-06,0.0016903763251895937,0.0,0.0,0.001,0.0,0.0,0.001,0.0,0.0,0.0,0.0,0.0,0.0
39,0,-4000,4000.0,4129.481236275751,0.5744786262512207,0.16035960297130405,0.09,135.72,0.29,0.0,10.77,0.02,0.02,114.80000000000001,0.093,0.0,1.88,0.009,0.09317386043719011,7.108257591426081e-07,0.00048630382420211416,0.0,0.0,0.001,0.0,0.0,0.001,0.0,0.0,0.0,0.0,0.0,0.0
39,0,-3500,3500.0,4150.679029042039,0.5939435362815857,0.164787610501569,0.09,121.8,0.309,0.0,27.99,0.053,0.04,172.2,0.122,0.0,3.76,0.011,0.37133592380200753,3.6571391319739632e-06,0.0021181238893973,0.0,0.0,0.001,0.0,0.0,0.001,0.0,0.0,0.0,0.0,0.0,0.0
39,0,-3000,3000.0,3867.157521511035,0.5149691700935364,0.1623021406210226,0.13,164.16,0.304,0.0,27.99,0.055,0.08,295.2,0.181,0.0,3.76,0.012,0.09650529826998877,7.727410888946906e-07,0.0006294974627777695,0.0,0.0,0.001,0.0,0.0,0.001,0.0,0.0,0.0,0.0,0.0,0.0
39,0,-2500,2500.0,3432.9784840512893,0.39201751351356506,0.15387764730915035,0.06,88.2,0.284,0.0,31.1,0.058,0.13,434.6,0.232,0.01,5.64,0.014,0.2708552059630165,4.2309115997341e-06,0.002073903274590082,0.0,0.0,0.001,0.0,0.0,0.001,0.0,0.0,0.001,0.0,0.0,0.0
39,0,-2000,2000.0,2834.7691730377846,0.24748729169368744,0.13857353324796062,0.08,120.96000000000001,0.278,0.0,31.1,0.062,0.12,401.8,0.229,0.01,7.52,0.014,0.4919802430663367,4.708477263193345e-06,0.004591843116881699,0.0,0.0,0.001,0.0,0.0,0.001,0.0,0.0,0.001,0.0,0.0,0.0
39,0,-1500,1500.0,2405.93135379628,0.1823781132698059,0.12850712255617283,0.06,148.32,0.27,0.0,34.21,0.063,0.11,385.4,0.229,0.01,5.64,0.014,0.25311730460089166,4.227641511533875e-06,0.0030075444097808126,0.0,0.0,0.001,0.0,0.0,0.001,0.0,0.0,0.001,0.0,0.0,0.0
39,0,-1000,1000.0,2063.1567550004206,0.19141580164432526,0.11777956501141862,0.03,108.15,0.23,0.0,34.21,0.063,0.07,278.8,0.192,0.01,5.64,0.014,0.1593844093804364,4.223936230118852e-06,0.002455308537497369,0.0,0.0,0.001,0.0,0.0,0.001,0.0,0.0,0.001,0.0,0.0,0.0
39,0,-500,500.0,1897.9739048127542,0.20047037303447723,0.11506727234178173,0.01,29.4,0.18,0.0,10.77,0.02,0.04,196.8,0.156,0.0,3.76,0.012,0.15937588641463662,4.223415544402087e-06,0.00340340200359927,0.0,0.0,0.0,0.0,0.0,0.0,0.0,0.0,0.001,0.0,0.0,0.0
39,0,0,0.0,1844.4550021384202,0.21114075183868408,0.11459606817622897,0.01,29.4,0.183,0.0,10.77,0.02,0.02,139.4,0.13,0.0,3.76,0.011,0.9662359187274205,1.1772634024964646e-05,0.027740852366201434,0.0,0.0,0.0,0.0,0.0,0.0,0.0,0.0,0.001,0.0,0.0,0.0
39,0,500,500.0,1842.2536399807072,0.2203550934791565,0.11631924752401453,0.01,30.8,0.203,0.0,7.18,0.018,0.02,114.80000000000001,0.12,0.0,1.88,0.01,0.13405750069068745,4.22100583818974e-06,0.005575775138837982,0.0,0.0,0.0,0.0,0.0,0.0,0.0,0.0,0.0,0.0,0.0,0.0
39,0,1000,1000.0,1845.0988444264738,0.2257690280675888,0.11615141837597143,0.01,30.8,0.199,0.0,7.18,0.018,0.02,114.80000000000001,0.125,0.0,1.88,0.009,0.060675372787954984,4.217336936562788e-06,0.003315796954383165,0.0,0.0,0.0,0.0,0.0,0.0,0.0,0.0,0.0,0.0,0.0,0.0
39,0,1500,1500.0,1855.310213632042,0.23023244738578796,0.11604894770932739,0.01,28.0,0.186,0.0,7.18,0.019,0.02,114.80000000000001,0.138,0.0,1.88,0.009,0.09354758421977749,4.2171736822638195e-06,0.006982753405364387,0.0,0.0,0.0,0.0,0.0,0.0,0.0,0.0,0.0,0.0,0.0,0.0
39,0,2000,2000.0,1849.9204425498333,0.22890755534172058,0.11481920326278981,0.01,28.0,0.182,0.0,7.18,0.019,0.02,114.80000000000001,0.138,0.0,1.88,0.009,0.07839043810236035,4.218990397930611e-06,0.0068528012223099235,0.0,0.0,0.0,0.0,0.0,0.0,0.0,0.0,0.0,0.0,0.0,0.0
39,0,2500,2500.0,1864.2766990182338,0.22871142625808716,0.11461459613821544,0.02,47.52,0.189,0.0,7.18,0.018,0.03,123.0,0.142,0.0,1.88,0.009,0.11126880062874989,4.218934009259101e-06,0.010587300293343092,0.0,0.0,0.0,0.0,0.0,0.0,0.0,0.0,0.0,0.0,0.0,0.0
39,0,3000,3000.0,1879.4760857909466,0.22747384011745453,0.11487551067917287,0.01,26.6,0.169,0.0,7.18,0.018,0.03,131.2,0.148,0.0,1.88,0.009,0.1923286885357811,4.224718395562377e-06,0.01709107533112922,0.0,0.0,0.0,0.0,0.0,0.0,0.0,0.0,0.0,0.0,0.0,0.0
39,0,3500,3500.0,1903.6735197615371,0.22532987594604492,0.11549909188323416,0.01,28.0,0.163,0.0,7.18,0.017,0.03,139.4,0.154,0.0,1.88,0.009,0.9938397546932265,1.1987320249318145e-05,0.07727667829659896,0.0,0.0,0.0,0.0,0.0,0.0,0.0,0.0,0.0,0.0,0.0,0.0
39,0,4000,4000.0,1914.4391177282387,0.22665110230445862,0.11546858443265692,0.01,28.0,0.162,0.0,7.18,0.017,0.03,147.6,0.15,0.0,1.88,0.009,0.3872906027453382,4.226115834171651e-06,0.02572667547667857,0.0,0.0,0.0,0.0,0.0,0.0,0.0,0.0,0.0,0.0,0.0,0.0
39,0,4500,4500.0,1931.5702345409136,0.2250734269618988,0.11577314119979239,0.01,29.4,0.169,0.0,7.18,0.016,0.03,164.0,0.157,0.0,1.88,0.009,0.373598138590836,4.221884410071652e-06,0.021283644648609542,0.0,0.0,0.0,0.0,0.0,0.0,0.0,0.0,0.0,0.0,0.0,0.0
39,0,5000,5000.0,1947.5906700502946,0.22919876873493195,0.11552168753836464,0.01,29.4,0.171,0.0,7.18,0.016,0.03,172.2,0.163,0.0,1.88,0.009,0.022751617507310584,4.214889031572966e-06,0.0011420321213834973,0.0,0.0,0.0,0.0,0.0,0.0,0.0,0.0,0.0,0.0,0.0,0.0
39,0,5500,5500.0,1961.1638304995267,0.2272835373878479,0.11519628933158714,0.01,30.8,0.181,0.0,7.18,0.016,0.03,188.6,0.169,0.0,1.88,0.009,0.15179235761024756,4.2239344111294486e-06,0.006868407864135012,0.0,0.0,0.0,0.0,0.0,0.0,0.0,0.0,0.0,0.0,0.0,0.0
39,0,6000,6000.0,1989.9755510240084,0.2315218597650528,0.11412174708774847,0.01,30.8,0.184,0.0,7.18,0.016,0.03,188.6,0.173,0.0,1.88,0.009,0.015165455170063069,4.213963165966561e-06,0.000641618579998791,0.0,0.0,0.0,0.0,0.0,0.0,0.0,0.0,0.0,0.0,0.0,0.0
39,0,6500,6500.0,2032.8236170420723,0.2296638935804367,0.11373262373670617,0.01,33.6,0.198,0.0,7.18,0.017,0.03,196.8,0.175,0.0,1.88,0.009,0.1568770067024161,4.225290922477143e-06,0.006155665640377208,0.0,0.0,0.0,0.0,0.0,0.0,0.0,0.0,0.0,0.0,0.0,0.0
39,0,7000,7000.0,2103.945174065825,0.22948741912841797,0.11333938070195179,0.01,33.6,0.199,0.0,7.18,0.017,0.03,196.8,0.175,0.0,1.88,0.01,0.17456802997912746,4.2243550524290185e-06,0.006531365811914668,0.0,0.0,0.0,0.0,0.0,0.0,0.0,0.0,0.0,0.0,0.0,0.0
39,0,7500,7500.0,2198.795629732922,0.22885958850383759,0.11339086704318294,0.03,131.72,0.189,0.0,7.18,0.019,0.03,188.6,0.172,0.0,1.88,0.01,0.1897327121696435,4.2243150346621405e-06,0.006583199109491562,0.0,0.0,0.0,0.0,0.0,0.0,0.0,0.0,0.0,0.0,0.0,0.0
39,0,8000,8000.0,2378.8259591916812,0.22844867408275604,0.11647919426202093,0.03,118.9,0.22,0.0,7.18,0.019,0.03,180.4,0.169,0.0,1.88,0.01,0.4538422085396121,4.8788951971801e-06,0.014772565781112438,0.0,0.0,0.0,0.0,0.0,0.0,0.0,0.0,0.0,0.0,0.0,0.0
39,0,8500,8500.0,2654.9757604788283,0.23046886920928955,0.12234062019982951,0.04,121.8,0.223,0.0,7.18,0.019,0.02,172.2,0.163,0.0,1.88,0.01,0.4272273808581417,4.560744400805561e-06,0.013052200466302772,0.0,0.0,0.0,0.0,0.0,0.0,0.0,0.0,0.0,0.0,0.0,0.0
39,0,9000,9000.0,3060.6909904901586,0.23662197589874268,0.13253381067175568,0.05,136.3,0.234,0.0,7.18,0.019,0.02,164.0,0.157,0.0,1.88,0.01,0.16950684284893214,4.223588348395424e-06,0.004979952512211379,0.0,0.0,0.0,0.0,0.0,0.0,0.0,0.0,0.0,0.0,0.0,0.0
39,0,9500,9500.0,3579.8622591535604,0.250202476978302,0.14535229504225486,0.05,139.2,0.235,0.0,10.77,0.019,0.02,164.0,0.156,0.0,1.88,0.009,0.20242114223947283,4.223916221235413e-06,0.0059724883478726315,0.0,0.0,0.0,0.0,0.0,0.0,0.0,0.0,0.0,0.0,0.0,0.0
39,0,10000,10000.0,4092.976200267549,0.27125710248947144,0.15668813662943465,0.03,88.74,0.245,0.0,10.77,0.019,0.02,180.4,0.157,0.0,1.88,0.009,1.0204926535017478,1.2531295396911446e-05,0.031898841852336074,0.0,0.0,0.0,0.0,0.0,0.0,0.0,0.0,0.001,0.0,0.0,0.0
39,0,10500,10500.0,4557.543832689771,0.2980894446372986,0.16603855590970532,0.04,104.52,0.25,0.0,40.43,0.061,0.03,213.2,0.168,0.0,3.76,0.01,0.172004353680677,4.222827556077391e-06,0.006028458920989958,0.0,0.0,0.0,0.0,0.0,0.0,0.0,0.0,0.001,0.0,0.0,0.0
39,0,11000,11000.0,4908.947385643296,0.3287084996700287,0.1722768826705143,0.03,100.5,0.244,0.0,43.540000000000006,0.066,0.03,287.0,0.191,0.0,3.76,0.01,1.1177184115297223,1.3981111806060653e-05,0.04769563761631218,0.0,0.0,0.0,0.0,0.0,0.0,0.0,0.0,0.001,0.0,0.0,0.0
39,0,11500,11500.0,5180.183470636439,0.36184775829315186,0.17634632064888361,0.04,144.72,0.278,0.0,49.76,0.069,0.04,377.2,0.219,0.0,3.76,0.012,0.9639978156464224,1.1770802302635275e-05,0.05382807066697944,0.0,0.0,0.0,0.0,0.0,0.0,0.0,0.0,0.001,0.0,0.0,0.0
39,0,12000,12000.0,5372.0208739683585,0.3957597017288208,0.1794081622298104,0.05,259.56,0.321,0.0,25.840000000000003,0.067,0.04,442.80000000000007,0.236,0.0,5.64,0.012,0.0,0.0,0.0,0.0,0.0,0.0,0.0,0.0,0.0,0.0,0.0,0.0,0.0,0.0,0.0
39,0,12500,12500.0,5593.691213616694,0.43139517307281494,0.1831095869803214,0.04,256.47,0.32,0.0,25.840000000000003,0.067,0.05,524.8,0.253,0.0,5.64,0.012,0.0,0.0,0.0,0.0,0.0,0.0,0.0,0.0,0.0,0.0,0.0,0.0,0.0,0.0,0.0
39,0,13000,13000.0,5833.069049237383,0.4686666429042816,0.18744517733643928,0.03,253.37999999999997,0.32,0.0,5.64,0.013,0.05,524.8,0.255,0.0,5.64,0.013,0.0,0.0,0.0,0.0,0.0,0.0,0.0,0.0,0.0,0.0,0.0,0.0,0.0,0.0,0.0
39,0,13500,13500.0,6108.017970415858,0.5019045472145081,0.19226155595452407,0.02,112.56000000000002,0.27,0.0,14.36,0.022,0.05,524.8,0.26,0.0,5.64,0.012,0.0,0.0,0.0,0.0,0.0,0.0,0.0,0.0,0.0,0.0,0.0,0.0,0.0,0.0,0.0
39,0,14000,14000.0,6410.642162176373,0.5320943593978882,0.19763257986063035,0.03,205.9,0.279,0.0,14.36,0.022,0.06,533.0,0.268,0.0,5.64,0.012,0.0,0.0,0.0,0.0,0.0,0.0,0.0,0.0,0.0,0.0,0.0,0.0,0.0,0.0,0.0
39,0,14500,14500.0,6667.672413046057,0.5512490272521973,0.2014226523876859,0.03,214.06,0.28,0.0,5.64,0.012,0.06,549.4,0.283,0.0,5.64,0.012,0.06574015415026224,4.216592515149387e-06,0.004548427742824515,0.0,0.0,0.0,0.0,0.0,0.0,0.0,0.0,0.0,0.0,0.0,0.0
39,0,15000,15000.0,6839.162716007559,0.5627061128616333,0.20482931896560264,0.03,203.2,0.285,0.0,5.64,0.012,0.06,582.2,0.293,0.0,5.64,0.012,0.0631951957984711,4.2164047044934705e-06,0.002766587175994532,0.0,0.0,0.0,0.0,0.0,0.0,0.0,0.0,0.0,0.0,0.0,0.0
39,0,15500,15500.0,6897.9498899235805,0.5593494176864624,0.20621530861879614,0.03,208.28,0.286,0.0,5.64,0.012,0.06,615.0,0.302,0.0,5.64,0.012,0.06826590097261942,4.217119112581713e-06,0.002195611413580546,0.0,0.0,0.0,0.0,0.0,0.0,0.0,0.0,0.0,0.0,0.0,0.0
39,0,16000,16000.0,6775.738915733757,0.5474259853363037,0.20663685494653866,0.02,114.8,0.294,0.0,5.64,0.013,0.06,639.6,0.298,0.0,5.64,0.013,0.08851027923810761,4.2174060581601225e-06,0.002117824926551586,0.0,0.0,0.0,0.0,0.0,0.0,0.0,0.0,0.0,0.0,0.0,0.0
39,0,16500,16500.0,6482.963401459392,0.5311464071273804,0.20449824902428815,0.02,119.0,0.297,0.0,25.130000000000003,0.025,0.07,664.2,0.295,0.0,5.64,0.013,1.1080767287900528,1.4281842595664784e-05,0.02155409311017015,0.0,0.0,0.0,0.0,0.0,0.0,0.0,0.0,0.0,0.0,0.0,0.0
39,0,17000,17000.0,6005.839642210185,0.5047237277030945,0.20076443555165827,0.02,114.8,0.294,0.0,25.130000000000003,0.025,0.06,672.4,0.289,0.0,7.52,0.013,0.04297430323276785,4.2171895984211005e-06,0.0007035248998937225,0.0,0.0,0.0,0.0,0.0,0.0,0.0,0.0,0.0,0.0,0.0,0.0
39,0,17500,17500.0,5421.321594583128,0.4733453392982483,0.19478895859976664,0.02,98.0,0.282,0.0,25.130000000000003,0.026,0.06,680.6,0.285,0.0,7.52,0.013,0.08092019061223255,4.21835375163937e-06,0.0011685803173192893,0.0,0.0,0.0,0.0,0.0,0.0,0.0,0.0,0.0,0.0,0.0,0.0
39,0,18000,18000.0,4737.857200440794,0.4347906708717346,0.18573839781012583,0.02,92.4,0.277,0.0,25.130000000000003,0.026,0.06,631.4,0.276,0.0,7.52,0.013,0.1644451681386272,4.222485131322173e-06,0.0021767721956534305,0.0,0.0,0.0,0.0,0.0,0.0,0.0,0.0,0.0,0.0,0.0,0.0
39,0,18500,18500.0,4124.581081383613,0.4022027850151062,0.17765025559048703,0.02,88.74,0.265,0.0,21.54,0.025,0.05,582.2,0.266,0.0,5.64,0.013,0.06321071978163673,4.216864454065217e-06,0.0007896632320505097,0.0,0.0,0.0,0.0,0.0,0.0,0.0,0.0,0.0,0.0,0.0,0.0
39,0,19000,19000.0,3577.83917277892,0.3749995231628418,0.16752908685518864,0.02,66.12,0.252,0.0,21.54,0.025,0.05,483.8,0.247,0.0,5.64,0.013,0.12392206463118782,4.2199171730317175e-06,0.0015315338375057864,0.0,0.0,0.0,0.0,0.0,0.0,0.0,0.0,0.0,0.0,0.0,0.0
39,0,19500,19500.0,3192.241212373825,0.3552505671977997,0.16187227570947962,0.02,66.12,0.252,0.0,14.36,0.023,0.04,385.4,0.229,0.0,3.76,0.012,0.08091219833659125,4.21736876887735e-06,0.0010043660931003853,0.0,0.0,0.001,0.0,0.0,0.001,0.0,0.0,0.0,0.0,0.0,0.0
39,0,20000,20000.0,2950.8677710679144,0.34612149000167847,0.15630286031795226,0.02,57.42,0.242,0.0,14.36,0.023,0.04,311.6,0.212,0.0,3.76,0.012,0.10883161575350186,4.2204701458103955e-06,0.0014318096218383953,0.0,0.0,0.001,0.0,0.0,0.001,0.0,0.0,0.0,0.0,0.0,0.0
40,0,-20000,20000.0,71729.0390998242,13.088191032409668,0.31947902789520266,0.76,1756.74,0.445,0.03,82.72,0.022,1.16,8101.600000000001,0.49,0.03,82.72,0.022,21778.869369004722,6.5806989669799805,0.29361420887609985,0.56,726.44,0.427,0.01,15.04,0.018,0.26,1279.2,0.361,0.01,15.04,0.018
40,0,-19500,19500.0,66672.75617600606,12.591621398925781,0.3085896331069583,0.75,1501.47,0.421,0.23,1523.06,0.053,1.38,7732.6,0.478,0.03,77.08,0.02,23621.327222498076,7.545904159545898,0.31072123145445496,0.62,767.08,0.436,0.01,13.160000000000002,0.017,0.26,1279.2,0.374,0.01,13.160000000000002,0.017
40,0,-19000,19000.0,62624.11705597217,11.164019584655762,0.2993374994422309,1.4,3002.88,0.413,0.18,1469.93,0.053,1.59,6765.0,0.457,0.03,75.2,0.02,24978.452166825136,8.126596450805664,0.32492870278999614,0.64,721.36,0.434,0.01,13.160000000000002,0.017,0.59,1705.6,0.409,0.01,13.160000000000002,0.017
40,0,-18500,18500.0,60724.73119531878,9.431219100952148,0.29780726636438354,0.96,2079.57,0.465,0.02,56.4,0.017,1.78,5928.6,0.443,0.02,56.4,0.017,25585.23892223602,8.169390678405762,0.3328771329404796,0.63,663.12,0.445,0.01,20.68,0.018,0.96,2140.2,0.435,0.01,20.68,0.018
40,0,-18000,18000.0,60297.459265917685,7.235657215118408,0.2947261204524717,0.88,1829.28,0.463,0.02,54.519999999999996,0.017,1.63,5207.0,0.432,0.02,54.519999999999996,0.017,24893.60372525698,7.498175144195557,0.33010781845918236,0.65,654.48,0.445,0.11,407.33,0.05,1.17,2345.2,0.444,0.02,22.56,0.018
40,0,-17500,17500.0,60754.65891809701,5.084216117858887,0.2950995709091907,0.67,1928.16,0.464,0.02,45.12,0.017,1.46,4649.4,0.427,0.02,45.12,0.017,23940.59810054585,6.518625259399414,0.32479822932937136,0.69,615.6,0.446,0.13,425.04,0.05,1.38,2591.2,0.463,0.02,24.44,0.019
40,0,-17000,17000.0,62062.9817236925,4.30779504776001,0.2927912493657465,0.3,433.2,0.134,0.02,43.24,0.017,1.1,4928.2,0.432,0.02,43.24,0.017,22404.392637078086,5.201133728027344,0.31239878154520406,0.98,1035.15,0.514,0.17,442.75,0.051,1.41,2550.2,0.468,0.02,24.44,0.019
40,0,-16500,16500.0,64177.51031834305,3.95578670501709,0.29217034237695705,0.85,3392.68,0.456,0.02,48.88,0.017,0.75,5239.8,0.439,0.02,48.88,0.017,21156.565676442544,3.9458584785461426,0.302500081624311,0.82,936.2699999999999,0.499,0.2,478.1700000000001,0.052,1.4,2501.0,0.474,0.03,22.56,0.019
40,0,-16000,16000.0,66927.41866139376,4.829374313354492,0.2977257107410608,1.04,2815.9000000000005,0.472,0.01,48.88,0.017,0.6,5264.4,0.437,0.01,48.88,0.017,20263.927288679075,2.8683454990386963,0.29938184634421017,0.65,840.4800000000001,0.49,0.15,442.75,0.052,1.1,2263.2,0.463,0.03,22.56,0.019
40,0,-15500,15500.0,70902.62452049146,6.00660514831543,0.30810156427499946,1.11,2929.0,0.483,0.01,48.88,0.017,0.75,5338.2,0.436,0.01,48.88,0.017,19978.006031272205,2.170391798019409,0.3040719116306785,0.48,626.4,0.409,0.14,389.62,0.052,0.84,2058.2,0.457,0.02,18.8,0.018
40,0,-15000,15000.0,74447.10161903065,8.166515350341797,0.31945200469045315,1.15,3074.0,0.496,0.01,48.88,0.017,0.53,5026.6,0.424,0.01,48.88,0.017,19842.060240957493,2.556817054748535,0.31324343077266326,0.35,582.8999999999999,0.418,0.11,301.07,0.049,0.62,1951.6,0.451,0.02,16.92,0.018
40,0,-14500,14500.0,77736.07130221395,8.91271686553955,0.3317481361410698,0.8,1947.69,0.477,0.01,47.0,0.017,0.42,4805.2,0.418,0.01,47.0,0.017,19570.002935930494,2.8757903575897217,0.32411771533948486,0.29,438.18000000000006,0.407,0.07,212.52,0.044,0.53,1902.3999999999999,0.45,0.01,16.92,0.017
40,0,-14000,14000.0,78629.56818459184,8.229290962219238,0.33552916918563175,0.81,1973.82,0.478,0.01,47.0,0.017,0.66,5723.6,0.439,0.01,47.0,0.017,18530.212872860455,2.750737428665161,0.32457564751745993,0.26,428.13,0.406,0.05,177.1,0.041,0.37,1910.6,0.432,0.01,15.04,0.017
40,0,-13500,13500.0,77467.71349659584,6.8271989822387695,0.3323343624867196,0.82,2120.55,0.498,0.26,1469.93,0.053,1.13,6609.2,0.458,0.03,60.16,0.018,16921.66326588466,2.4165101051330566,0.3188424459361903,0.21,424.11,0.419,0.04,141.68,0.038,0.31,2033.6,0.441,0.01,16.92,0.017
40,0,-13000,13000.0,73686.49075737275,6.131744384765625,0.3276677577684302,1.46,4218.72,0.488,0.28,1328.25,0.052,1.21,7084.800000000001,0.466,0.03,67.68,0.019,14706.891489271562,1.887384057044983,0.301618591551608,0.21,470.88000000000005,0.413,0.04,159.39,0.039,0.4,2090.9999999999995,0.447,0.01,18.8,0.018
40,0,-12500,12500.0,68973.8179878464,6.108569622039795,0.3207133880236625,0.51,1576.8,0.43,0.28,1168.86,0.05,1.19,7543.999999999999,0.477,0.05,82.72,0.022,12669.695787994224,1.484864592552185,0.2841680937791385,0.28,772.5,0.47,0.01,74.64,0.079,0.47,2140.2,0.451,0.01,18.8,0.018
40,0,-12000,12000.0,62686.12787927776,5.470601558685303,0.31026732394097833,0.7,1771.9,0.399,0.23,1009.4699999999999,0.047,0.9,6814.2,0.462,0.06,88.36,0.023,10706.759287068246,1.3967417478561401,0.2614152118520603,0.27,661.26,0.47,0.07,212.52,0.043,0.39,1787.6000000000001,0.433,0.01,18.8,0.018
40,0,-11500,11500.0,57966.116452753115,5.090261936187744,0.30725273232157996,0.73,1766.1,0.399,0.16,885.5,0.046,1.05,6215.6,0.451,0.02,60.16,0.018,9383.266740125637,1.3938186168670654,0.2480901380460459,0.19,546.93,0.456,0.08,230.23,0.044,0.32,1451.4,0.41,0.01,13.160000000000002,0.017
40,0,-11000,11000.0,53324.63732578602,5.216003894805908,0.29229661069794405,0.8,2425.65,0.483,0.14,1027.1799999999998,0.047,1.06,6010.6,0.445,0.02,58.28,0.018,8677.404557083872,1.4276028871536255,0.23679249071399303,0.16,251.68,0.347,0.08,230.23,0.043,0.22,1139.8,0.384,0.01,13.160000000000002,0.017
40,0,-10500,10500.0,49786.00480300996,4.855129718780518,0.2788190510491609,0.45,1216.05,0.404,0.02,56.4,0.018,1.06,5879.4,0.441,0.02,56.4,0.018,8458.181089720054,1.4688479900360107,0.23565702879553369,0.18,386.25,0.433,0.09,230.23,0.042,0.2,885.6000000000001,0.365,0.01,9.4,0.017
40,0,-10000,10000.0,48302.71017509497,4.0977349281311035,0.2616074876789876,0.64,687.0399999999998,0.171,0.02,54.519999999999996,0.018,0.84,5428.4,0.431,0.02,54.519999999999996,0.018,8552.550302685939,1.527841329574585,0.22978177808862066,0.22,364.62,0.445,0.01,7.52,0.016,0.22,811.8,0.359,0.01,7.52,0.016
40,0,-9500,9500.0,51120.5639987562,3.24212646484375,0.2620784969689718,0.64,687.0399999999998,0.171,0.02,48.88,0.017,0.66,4944.6,0.419,0.02,48.88,0.017,8746.922745876338,1.5776342153549194,0.2252353934671004,0.23,342.99000000000007,0.433,0.0,7.52,0.016,0.25,779.0,0.372,0.0,7.52,0.016
40,0,-9000,9000.0,57831.06043268231,4.3784942626953125,0.2731211829499126,0.42,548.72,0.148,0.02,47.0,0.017,0.42,4001.6,0.391,0.02,47.0,0.017,9161.059978031313,1.6253652572631836,0.2142908119762775,0.27,594.52,0.337,0.01,7.52,0.016,0.27,754.4,0.36,0.01,7.52,0.016
40,0,-8500,8500.0,68391.57265236133,8.098233222961426,0.29491719267477257,1.59,4567.48,0.516,0.01,35.72,0.016,0.37,3206.2,0.364,0.01,35.72,0.016,9708.26476999673,1.68853759765625,0.20611580461242812,0.34,712.0,0.357,0.01,7.52,0.016,0.27,721.6,0.35,0.01,7.52,0.016
40,0,-8000,8000.0,80606.05990029688,12.63502025604248,0.32063427410820494,2.3,4245.6,0.56,0.01,31.960000000000004,0.016,0.32,3247.2,0.361,0.01,31.960000000000004,0.016,10861.64986552301,1.8793301582336426,0.2011279340058545,0.45,911.36,0.377,0.01,7.52,0.016,0.25,697.0,0.331,0.01,7.52,0.016
40,0,-7500,7500.0,94285.13347071607,15.051152229309082,0.350234782330066,2.49,4425.4,0.57,0.01,33.84,0.016,0.3,3526.0,0.372,0.01,33.84,0.016,12775.020219837077,2.1283559799194336,0.20496322667204384,0.52,1068.0,0.392,0.01,7.52,0.016,0.22,656.0,0.311,0.01,7.52,0.016
40,0,-7000,7000.0,106251.45840893769,16.07265853881836,0.3825721438884818,1.58,2665.68,0.572,0.01,33.84,0.016,0.54,4977.4,0.416,0.01,33.84,0.016,16017.039401231485,2.6187565326690674,0.22038173497997007,0.59,933.8,0.421,0.01,7.52,0.016,0.2,598.6,0.285,0.01,7.52,0.016
40,0,-6500,6500.0,111341.05822906712,21.99456024169922,0.39800564692962287,1.92,3099.42,0.576,0.02,54.519999999999996,0.017,1.04,6445.2,0.447,0.02,54.519999999999996,0.017,20866.66780705742,3.137974739074707,0.24487244478196576,0.61,965.7,0.423,0.01,7.52,0.016,0.18,565.8,0.264,0.01,7.52,0.016
40,0,-6000,6000.0,106819.49652802499,21.143918991088867,0.3947295508595571,1.27,2128.0,0.57,0.02,60.16,0.018,1.82,8856.0,0.502,0.02,60.16,0.018,26991.06390299825,3.7246179580688477,0.2782682159613362,0.51,1261.5,0.44,0.01,7.52,0.015,0.19,631.4,0.263,0.01,7.52,0.015
40,0,-5500,5500.0,97548.91024879456,18.254344940185547,0.37865501094173765,1.61,3054.24,0.55,0.14,1080.31,0.047,3.08,11603.0,0.567,0.13,133.48,0.029,33154.62563527741,4.622420310974121,0.3059481169477156,0.41,641.19,0.427,0.01,9.4,0.016,0.2,729.8,0.274,0.01,9.4,0.016
40,0,-5000,5000.0,82832.53681877672,13.004864692687988,0.3465619976040533,2.35,5377.44,0.525,0.11,1151.15,0.048,2.96,11676.8,0.565,0.16,152.28,0.031,38508.53815638628,5.492198944091797,0.33201402958806414,0.39,717.57,0.432,0.01,11.28,0.017,0.28,1279.2,0.339,0.01,11.28,0.017
40,0,-4500,4500.0,70038.15336451985,8.441957473754883,0.3170688459279878,3.31,11370.96,0.496,0.14,1257.41,0.05,2.68,11512.8,0.558,0.13,142.88,0.029,41730.44966687011,5.991528511047363,0.34570762859764853,0.48,1090.8,0.451,0.01,18.8,0.018,0.34,1885.9999999999998,0.389,0.01,18.8,0.018
40,0,-4000,4000.0,57989.946632960346,4.92772102355957,0.28115015276881833,0.78,2706.84,0.475,0.17,1328.25,0.05,1.67,8716.6,0.484,0.13,141.0,0.029,42500.10841900796,6.486591339111328,0.35056470023914427,0.49,1125.36,0.452,0.02,22.56,0.018,0.52,3058.6,0.445,0.02,22.56,0.018
40,0,-3500,3500.0,52335.85908020628,3.408012866973877,0.2685028666643398,0.49,2240.25,0.453,0.21,1399.09,0.05,1.15,6773.2,0.442,0.03,67.68,0.018,41014.74044579219,6.368220806121826,0.3447548609584347,0.54,1175.04,0.457,0.02,35.72,0.019,0.83,4288.6,0.482,0.02,35.72,0.019
40,0,-3000,3000.0,50454.018354558895,3.924666404724121,0.25995124708170786,0.36,2342.48,0.371,0.24,1469.93,0.051,0.71,5305.4,0.411,0.03,62.04,0.018,37199.19255912295,5.591054916381836,0.3262110091147454,0.5,1086.48,0.454,0.02,39.48,0.019,0.91,4682.2,0.492,0.02,39.48,0.019
40,0,-2500,2500.0,51480.10102192984,4.888554573059082,0.26342992049663166,0.42,2438.6,0.374,0.01,43.24,0.017,0.45,4173.8,0.383,0.01,43.24,0.017,33230.79691566237,4.643497943878174,0.30522829819544134,0.4,615.06,0.426,0.02,41.36,0.019,0.95,5059.4,0.502,0.02,41.36,0.019
40,0,-2000,2000.0,54281.006958296624,5.704697132110596,0.26456765412892613,0.59,2958.36,0.388,0.01,39.48,0.016,0.36,3968.8,0.377,0.01,39.48,0.016,29569.280086489835,3.8500664234161377,0.28258550109178626,0.37,584.91,0.421,0.02,41.36,0.019,0.79,4362.4,0.492,0.02,41.36,0.019
40,0,-1500,1500.0,57401.58717797567,6.446084499359131,0.26605238720942515,0.69,3307.2399999999993,0.398,0.01,39.48,0.016,0.37,3936.0,0.385,0.01,39.48,0.016,27920.75355136474,3.6165075302124023,0.27260098425837437,0.57,1915.28,0.428,0.02,31.960000000000004,0.019,0.61,3632.5999999999995,0.477,0.02,31.960000000000004,0.019
40,0,-1000,1000.0,62598.082656808765,7.448949813842773,0.2731734334527659,0.67,3851.92,0.429,0.01,39.48,0.016,0.47,4288.6,0.393,0.01,39.48,0.016,28426.064839875766,3.8338122367858887,0.27798566706217864,0.67,1586.3,0.447,0.02,28.2,0.018,0.45,2706.0,0.446,0.02,28.2,0.018
40,0,-500,500.0,68088.1781340111,8.2459135055542,0.2794865595867706,0.66,4275.56,0.455,0.01,45.12,0.017,0.55,4633.0,0.4,0.01,45.12,0.017,30249.096795546357,4.286048412322998,0.2925392580506033,0.69,1615.3,0.448,0.01,18.8,0.018,0.31,1787.6000000000001,0.396,0.01,18.8,0.018
40,0,0,0.0,75383.56355142678,8.857844352722168,0.2896875998569214,0.6,4919.92,0.491,0.01,47.0,0.017,0.6,4633.0,0.396,0.01,47.0,0.017,32913.81054368203,4.586857795715332,0.3157060348470604,0.37,864.78,0.444,0.01,16.92,0.017,0.3,1615.4,0.379,0.01,16.92,0.017
40,0,500,500.0,83120.69119762964,9.270426750183105,0.2994425654950747,0.48,2926.1,0.421,0.01,47.0,0.017,0.63,4682.2,0.397,0.01,47.0,0.017,34126.48573057245,4.711740970611572,0.3309893974912296,0.47,1041.18,0.449,0.06,389.62,0.043,0.29,1418.6,0.36,0.01,16.92,0.017
40,0,1000,1000.0,91093.88350938716,9.481901168823242,0.3103811791793096,0.55,3839.6,0.489,0.01,47.0,0.017,0.68,5125.0,0.405,0.01,47.0,0.017,33259.00635386717,4.264541149139404,0.3396287745290516,0.42,984.9000000000001,0.444,0.03,247.94000000000003,0.035,0.36,2164.8,0.417,0.01,18.8,0.017
40,0,1500,1500.0,98625.84669246258,9.490403175354004,0.3200266126240256,0.75,6422.24,0.56,0.01,52.64000000000001,0.017,0.71,5559.6,0.415,0.01,52.64000000000001,0.017,30228.165627263363,3.5463156700134277,0.3339712151624581,0.34,922.59,0.438,0.01,141.68,0.027,0.5,2870.0,0.451,0.01,28.2,0.018
40,0,2000,2000.0,104566.66967579613,9.492640495300293,0.33489848336810046,0.8,4947.4,0.556,0.01,56.4,0.017,0.73,6117.2,0.424,0.01,56.4,0.017,24940.2233180421,2.6553900241851807,0.31694727149616403,0.58,1823.76,0.427,0.01,88.55,0.023,0.58,3329.1999999999994,0.466,0.02,31.960000000000004,0.018
40,0,2500,2500.0,108593.70784357417,9.081001281738281,0.3481087330571362,0.87,5031.5,0.56,0.01,63.92000000000001,0.017,0.75,6699.4,0.434,0.01,63.92000000000001,0.017,19462.592534821175,1.8018006086349487,0.2929420557276956,0.33,1300.89,0.491,0.0,35.52,0.031,0.66,3804.7999999999997,0.478,0.02,35.72,0.018
40,0,3000,3000.0,107787.84312241574,8.99309253692627,0.3550730158182522,0.39,2832.72,0.544,0.01,65.8,0.017,0.77,7429.2,0.445,0.01,65.8,0.017,13402.882138126486,1.0902695655822754,0.24775890506109646,0.26,1075.32,0.469,0.01,29.6,0.027,0.5,3124.2,0.452,0.02,35.72,0.018
40,0,3500,3500.0,104122.3844233784,8.511850357055664,0.35608106482236845,0.54,3011.04,0.509,0.01,75.2,0.018,0.79,8101.600000000001,0.453,0.01,75.2,0.018,9105.7745328681,0.5712284445762634,0.21244336373003223,0.16,763.2300000000001,0.426,0.01,191.75,0.109,0.36,2525.6,0.425,0.01,26.320000000000004,0.017
40,0,4000,4000.0,95678.69794776832,7.644047737121582,0.34602867723364633,0.79,3899.5799999999995,0.514,0.01,78.96,0.018,0.81,9159.4,0.468,0.01,78.96,0.018,5915.69466566898,0.35635852813720703,0.16301343855228914,0.08,168.2,0.265,0.01,115.05,0.08,0.21,1656.4,0.365,0.01,22.56,0.017
40,0,4500,4500.0,85263.1233119515,6.5787200927734375,0.3279746950383208,0.55,3334.1099999999997,0.484,0.13,1345.96,0.049,1.19,10414.0,0.499,0.02,124.08,0.025,4359.80307804748,0.3366457521915436,0.1397785454424517,0.09,174.0,0.275,0.0,11.28,0.015,0.09,885.6000000000001,0.276,0.0,11.28,0.015
40,0,5000,5000.0,73139.43897981859,4.996937274932861,0.3036821361452095,0.64,4447.2,0.445,0.1,1310.54,0.049,0.85,8659.2,0.458,0.02,137.24,0.026,4095.5252883890353,0.43472370505332947,0.1335710967063699,0.11,237.8,0.331,0.0,9.4,0.014,0.04,442.80000000000007,0.184,0.0,9.4,0.014
40,0,5500,5500.0,65405.99605365747,3.451172113418579,0.2924555401325505,1.19,8806.92,0.401,0.01,78.96,0.018,0.61,7478.399999999999,0.443,0.01,78.96,0.018,4517.183170475346,0.5555711388587952,0.14561703249536226,0.12,243.6,0.336,0.0,17.95,0.023,0.02,180.4,0.111,0.0,5.64,0.012
40,0,6000,6000.0,60600.67939751344,2.516775131225586,0.2811459246585055,0.22,487.92,0.152,0.01,73.32,0.018,0.51,6273.0,0.423,0.01,73.32,0.018,5287.720026667921,0.6294307708740234,0.15955038778382694,0.07,130.5,0.324,0.0,17.95,0.023,0.02,131.2,0.094,0.0,3.76,0.012
40,0,6500,6500.0,58978.45226002596,2.605015993118286,0.28173502576212833,0.22,487.92,0.152,0.01,58.28,0.017,0.46,5371.0,0.408,0.01,58.28,0.017,5978.701903847832,0.6447871923446655,0.16860362735116466,0.09,158.79,0.334,0.0,3.76,0.011,0.03,106.6,0.093,0.0,3.76,0.011
40,0,7000,7000.0,60784.81624430453,3.1231911182403564,0.2849833318151085,0.35,726.56,0.189,0.01,52.64000000000001,0.017,0.39,5043.0,0.4,0.01,52.64000000000001,0.017,6823.797111656768,0.6932815313339233,0.18257881481755867,0.23,455.3,0.359,0.0,3.76,0.011,0.06,213.2,0.162,0.0,3.76,0.011
40,0,7500,7500.0,65379.09368027758,4.494482517242432,0.2960170215657662,0.35,726.56,0.189,0.01,48.88,0.017,0.33,4854.4,0.396,0.01,48.88,0.017,7730.745164549921,0.6982207298278809,0.1964505894988972,0.25,466.9,0.361,0.0,5.64,0.014,0.1,336.2,0.228,0.0,5.64,0.014
40,0,8000,8000.0,73250.82102467204,7.462356090545654,0.3150317802483013,0.83,3120.4,0.519,0.01,48.88,0.017,0.33,4616.6,0.389,0.01,48.88,0.017,8472.67321227351,0.9900974631309509,0.2130759865346718,0.14,243.59999999999997,0.351,0.04,194.81,0.037,0.09,377.2,0.226,0.01,5.64,0.014
40,0,8500,8500.0,85106.27042009713,10.772531509399414,0.3440416227185488,1.31,3898.18,0.595,0.01,45.12,0.017,0.43,4526.4,0.389,0.01,45.12,0.017,9108.548069504468,1.2292693853378296,0.22970054355498787,0.18,299.49,0.362,0.0,5.64,0.014,0.09,442.80000000000007,0.233,0.0,5.64,0.014
40,0,9000,9000.0,100476.68727175932,13.544169425964355,0.38222410241025906,1.52,4328.1,0.627,0.01,43.24,0.017,0.28,4362.4,0.39,0.01,43.24,0.017,9137.567512707892,1.2371975183486938,0.24066512480875352,0.16,281.4,0.351,0.0,4.56,0.047,0.08,492.0,0.23,0.0,7.52,0.014
40,0,9500,9500.0,115349.533184327,15.780458450317383,0.4177478471848878,1.65,4104.64,0.632,0.01,41.36,0.017,0.37,4272.2,0.399,0.01,41.36,0.017,8617.271440881248,1.1164664030075073,0.24357740155655014,0.13,201.6,0.356,0.0,4.56,0.047,0.12,582.2,0.249,0.01,9.4,0.015
40,0,10000,10000.0,124170.95087895455,18.836088180541992,0.43336742083259794,1.12,2782.26,0.627,0.01,41.36,0.017,0.71,5608.8,0.446,0.01,41.36,0.017,7491.869144024991,0.8776254057884216,0.23915880971641257,0.11,184.8,0.346,0.0,13.48,0.026,0.17,762.6,0.291,0.01,9.4,0.016
40,0,10500,10500.0,128141.94659948422,18.878324508666992,0.4347458671037215,1.6,3438.72,0.636,0.02,65.8,0.02,1.15,7470.199999999999,0.515,0.02,65.8,0.02,6218.186407462452,0.6217143535614014,0.22993055701397733,0.18,376.98,0.373,0.0,10.68,0.049,0.27,967.6,0.331,0.01,11.28,0.016
40,0,11000,11000.0,127442.47460559168,16.75957489013672,0.4329599265279317,1.49,3276.72,0.62,0.24,2833.6,0.075,2.09,10299.2,0.598,0.05,88.36,0.025,4609.875337519114,0.502715528011322,0.2014304403657376,0.18,352.25999999999993,0.377,0.0,6.22,0.026,0.23,836.4,0.32,0.01,13.160000000000002,0.017
40,0,11500,11500.0,123590.008885713,12.978474617004395,0.4226128585358075,1.54,4585.56,0.644,0.2,2196.04,0.062,2.94,12915.0,0.654,0.1,150.4,0.034,3459.537649157801,0.43212199211120605,0.18133794067983544,0.11,265.74,0.349,0.0,3.11,0.017,0.2,762.6,0.319,0.01,9.4,0.016
40,0,12000,12000.0,115459.26552901382,8.714327812194824,0.40615563985396974,1.23,4171.5,0.616,0.2,1859.55,0.056,2.47,12013.0,0.629,0.11,171.08,0.036,2514.2843214212917,0.33082109689712524,0.14347094823598439,0.05,45.6,0.092,0.0,18.66,0.045,0.11,549.4,0.278,0.0,7.52,0.015
40,0,12500,12500.0,108140.4227208253,6.451012134552002,0.3936243680963722,0.75,3945.93,0.586,0.19,1771.0,0.056,1.9,10988.0,0.601,0.08,137.24,0.032,1947.397672764694,0.23000721633434296,0.11837771624310439,0.14,277.68,0.29,0.0,5.4,0.038,0.08,360.8,0.233,0.0,5.64,0.014
40,0,13000,13000.0,101737.24874757646,5.2224531173706055,0.37480618818583167,0.39,764.56,0.184,0.32,1983.5200000000002,0.058,1.15,10364.8,0.573,0.08,129.72,0.03,1734.737115581531,0.13820944726467133,0.10210812226277607,0.23,398.7200000000001,0.325,0.0,6.96,0.064,0.06,237.79999999999998,0.2,0.0,5.64,0.014
40,0,13500,13500.0,97378.62278847069,4.974303245544434,0.3618869607980238,0.39,764.56,0.184,0.04,118.44,0.028,0.7,10135.2,0.564,0.04,118.44,0.028,1833.727017841344,0.1780930608510971,0.10205166204044669,0.29,484.1600000000001,0.344,0.0,10.05,0.078,0.05,172.2,0.197,0.0,3.76,0.013
40,0,14000,14000.0,94970.16466237578,5.6667375564575195,0.34829516083971596,1.2,5325.76,0.57,0.03,118.44,0.028,0.56,9733.4,0.547,0.03,118.44,0.028,2287.520473777334,0.2989290654659271,0.11670640379275769,0.23,307.4,0.353,0.0,7.18,0.022,0.03,90.2,0.137,0.0,1.88,0.013
40,0,14500,14500.0,96649.17980121534,7.364803791046143,0.3453482065702304,1.59,6372.399999999999,0.614,0.02,105.28000000000002,0.026,0.66,9446.4,0.535,0.02,105.28000000000002,0.026,2933.351146866721,0.44326359033584595,0.13688277107815255,0.24,319.0,0.357,0.0,3.59,0.013,0.01,32.8,0.067,0.0,1.88,0.009
40,0,15000,15000.0,103513.44283294026,10.906621932983398,0.3568148235978172,1.48,4570.4,0.594,0.02,101.52,0.025,0.54,7675.199999999999,0.48,0.02,101.52,0.025,3565.058507147114,0.5702267289161682,0.15395082369824467,0.2,304.5,0.343,0.0,3.59,0.012,0.0,16.4,0.03,0.0,0.0,0.007
40,0,15500,15500.0,115569.47554969745,13.924808502197266,0.38268537829895827,1.96,6952.68,0.632,0.01,60.16,0.018,0.53,6633.8,0.46,0.01,60.16,0.018,4236.6276564688715,0.6625133156776428,0.17043635781051172,0.2,301.6,0.343,0.0,1.88,0.009,0.01,24.6,0.042,0.0,1.88,0.009
40,0,16000,16000.0,128114.94347086971,16.93584442138672,0.40770797131355657,1.94,5553.5,0.64,0.01,56.4,0.018,0.53,6478.0,0.461,0.01,56.4,0.018,4751.783791635492,0.6432370543479919,0.18508940431643442,0.12,176.88,0.342,0.0,1.88,0.01,0.02,82.0,0.104,0.0,1.88,0.01
40,0,16500,16500.0,141136.14543474076,19.4536075592041,0.43260578101642966,1.97,5614.4,0.642,0.01,56.4,0.018,0.98,6486.2,0.467,0.01,56.4,0.018,4770.479326795779,0.5597074031829834,0.18537016210287907,0.11,180.9,0.336,0.0,3.76,0.014,0.03,155.8,0.153,0.0,3.76,0.014
40,0,17000,17000.0,152206.42120121268,21.46817970275879,0.4545150202783594,1.07,3161.5800000000004,0.629,0.01,56.4,0.018,1.98,8208.2,0.506,0.01,56.4,0.018,4257.620697009583,0.43381577730178833,0.1693464545731648,0.19,354.96,0.318,0.0,24.88,0.045,0.03,188.6,0.16,0.0,3.76,0.015
40,0,17500,17500.0,157516.84909472015,22.25356101989746,0.46209028668205687,1.36,3742.62,0.637,0.07,107.15999999999998,0.026,3.05,10389.4,0.564,0.07,107.15999999999998,0.026,3782.689682920136,0.29755884408950806,0.15336700144298418,0.07,159.84,0.316,0.0,5.64,0.015,0.04,229.60000000000002,0.173,0.0,5.64,0.015
40,0,18000,18000.0,155518.72242579772,21.41653823852539,0.4579691088982002,1.26,3630.0599999999995,0.628,0.51,3205.51,0.08,2.79,11849.0,0.592,0.08,125.96000000000001,0.028,3343.21948776751,0.19415098428726196,0.13603845955034133,0.06,133.92,0.296,0.0,5.64,0.015,0.05,319.8,0.203,0.0,5.64,0.015
40,0,18500,18500.0,150031.40125128525,19.287893295288086,0.44539583275425615,1.05,3505.4400000000005,0.616,0.53,3081.54,0.078,2.44,13111.8,0.615,0.09,159.8,0.032,3167.7704773989262,0.24952390789985657,0.126885498842916,0.12,270.56,0.271,0.0,5.64,0.015,0.08,418.2,0.234,0.0,5.64,0.015
40,0,19000,19000.0,141556.39211944936,16.093727111816406,0.4303277851154802,1.58,5694.87,0.656,0.55,2798.18,0.073,2.48,13776.0,0.622,0.09,169.2,0.033,3288.2886449202942,0.4475805163383484,0.13067913919432972,0.13,211.7,0.294,0.0,7.52,0.015,0.06,270.6,0.186,0.0,7.52,0.015
40,0,19500,19500.0,132297.69171568938,12.523358345031738,0.41395767294896885,1.46,5361.15,0.638,0.55,2497.11,0.068,2.7,14440.2,0.629,0.08,178.6,0.034,3801.223257828792,0.6714191436767578,0.14926137329158748,0.13,220.4,0.3,0.0,3.76,0.013,0.03,147.6,0.132,0.0,3.76,0.013
40,0,20000,20000.0,121438.52751290955,10.357415199279785,0.395088806461534,1.32,4993.44,0.617,0.49,2302.3,0.064,2.38,13226.6,0.605,0.07,182.36,0.034,4420.22373596642,0.9129158854484558,0.1687793369718111,0.15,237.8,0.314,0.0,3.76,0.012,0.02,106.6,0.099,0.0,3.76,0.012
41,0,-20000,20000.0,882328.3064583289,38.4561882019043,0.649722773340862,3.4,48195.67,0.714,0.08,996.4,0.053,3.24,68109.2,0.826,0.08,996.4,0.053,716773.0187506881,47.33934020996094,0.6126408495705663,2.21,12213.06,0.804,0.11,759.52,0.05,5.33,52734.2,0.788,0.11,759.52,0.05
41,0,-19500,19500.0,877968.5857000418,39.26750564575195,0.6508806737465659,3.3,47063.630000000005,0.711,0.08,1007.6800000000001,0.052,3.24,68543.8,0.826,0.08,1007.6800000000001,0.052,729657.1533272654,49.064910888671875,0.6100788621717691,2.69,14128.290000000003,0.806,0.15,770.7999999999998,0.05,5.73,53726.4,0.792,0.15,770.7999999999998,0.05
41,0,-19000,19000.0,873989.128639312,39.73337936401367,0.6539036168647446,2.87,45141.65,0.704,0.08,1011.44,0.053,3.76,68429.0,0.826,0.08,1011.44,0.053,745703.3571944281,51.005455017089844,0.6033114030107352,4.76,39282.41,0.687,0.16,776.44,0.05,5.6,55907.600000000006,0.799,0.16,776.44,0.05
41,0,-18500,18500.0,868313.4187333181,38.99457931518555,0.655815673736842,2.51,43900.76,0.7,0.09,1011.44,0.052,4.22,68043.6,0.826,0.09,1011.44,0.052,759121.9974934735,50.29629898071289,0.5920295402208761,5.25,42355.09,0.699,0.17,829.08,0.051,5.31,58031.4,0.806,0.17,829.08,0.051
41,0,-18000,18000.0,861093.8267069765,39.02423095703125,0.6561713449046306,1.57,17609.61,0.834,0.1,1011.44,0.052,4.18,67281.0,0.824,0.1,1011.44,0.052,774837.1471283172,48.81039810180664,0.5812007895787846,5.33,46948.56,0.715,0.17,844.12,0.051,5.28,59081.0,0.809,0.17,844.12,0.051
41,0,-17500,17500.0,855197.5076054977,38.31108474731445,0.6568594892795329,1.46,16942.29,0.828,0.09,994.52,0.052,4.01,66362.6,0.822,0.09,994.52,0.052,789775.9877744014,50.6735725402832,0.5697240840431897,5.92,50478.41,0.727,0.16,874.2000000000002,0.052,5.64,59712.399999999994,0.81,0.16,874.2000000000002,0.052
41,0,-17000,17000.0,846291.9468326274,36.2979621887207,0.6549981424705493,2.78,34361.76,0.824,0.09,990.7599999999999,0.052,3.53,64747.19999999999,0.818,0.09,990.7599999999999,0.052,810020.4295027448,55.76729965209961,0.5669541637014117,6.8,53137.46000000001,0.734,0.16,883.6,0.052,6.53,61073.6,0.812,0.16,883.6,0.052
41,0,-16500,16500.0,838133.6777624661,34.97422790527344,0.6536016834557028,2.01,41804.619999999995,0.693,0.08,951.2799999999999,0.052,3.07,63304.0,0.814,0.08,951.2799999999999,0.052,827335.3332480881,58.199073791503906,0.5647104327058741,7.1,53759.46000000001,0.736,0.13,911.7999999999998,0.052,7.42,62910.4,0.815,0.13,911.7999999999998,0.052
41,0,-16000,16000.0,826717.201051675,34.194908142089844,0.6494111194606492,2.25,41415.869999999995,0.69,0.08,940.0,0.052,2.91,62639.8,0.813,0.08,940.0,0.052,852554.5350701476,60.21108627319336,0.5733399352516273,6.79,52565.22,0.731,0.12,919.3199999999999,0.052,8.35,67723.8,0.825,0.12,919.3199999999999,0.052
41,0,-15500,15500.0,817522.1573814646,33.95186233520508,0.6463781811732808,2.39,40837.41,0.688,0.07,923.08,0.051,2.81,62303.6,0.812,0.07,923.08,0.051,869047.1000965656,60.96870803833008,0.5797185750232249,6.21,50621.47,0.727,0.15,1030.24,0.053,9.18,72865.2,0.835,0.15,1030.24,0.053
41,0,-15000,15000.0,811559.3396610809,33.829315185546875,0.6426492986192552,2.64,39117.58,0.68,0.07,919.3199999999999,0.051,2.79,62631.59999999999,0.812,0.07,919.3199999999999,0.051,886736.052083387,59.668148040771484,0.5925390957983682,5.49,49221.97,0.725,0.16,1064.08,0.053,10.16,78703.6,0.846,0.16,1064.08,0.053
41,0,-14500,14500.0,807057.204545744,34.21296310424805,0.6376370814186654,2.8,37889.13,0.674,0.07,923.08,0.051,2.88,63205.6,0.814,0.07,923.08,0.051,895576.6571407648,63.00895309448242,0.601012951236091,5.1,49075.8,0.724,0.19,1195.68,0.054,11.09,83812.2,0.854,0.19,1195.68,0.054
41,0,-14000,14000.0,805921.1674428699,35.8403434753418,0.6313527011809976,3.17,37711.86,0.675,0.07,923.08,0.051,3.16,62910.4,0.812,0.07,923.08,0.051,893340.6786071567,62.38749313354492,0.6092205119424223,5.03,31681.77,0.87,0.2,1233.28,0.055,11.08,83549.8,0.855,0.2,1233.28,0.055
41,0,-13500,13500.0,807040.2776283054,36.95168685913086,0.625957278571154,3.45,38570.22,0.678,0.07,917.44,0.051,3.4,62467.600000000006,0.81,0.07,917.44,0.051,896193.4389719998,62.8221435546875,0.6212412631148672,4.81,47778.93,0.72,0.2,1218.24,0.055,11.6,82746.2,0.857,0.2,1218.24,0.055
41,0,-13000,13000.0,811526.4450153501,38.46863555908203,0.6230887323032599,3.89,41195.06,0.691,0.07,915.56,0.051,3.66,61565.6,0.807,0.07,915.56,0.051,890236.9586213662,62.00456237792969,0.6316307692163439,4.43,44656.49,0.707,0.2,1216.36,0.055,11.04,78293.6,0.852,0.2,1216.36,0.055
41,0,-12500,12500.0,816566.1058183308,40.82258987426758,0.6209925152854637,4.16,43356.51,0.699,0.08,891.12,0.051,3.94,60909.6,0.804,0.08,891.12,0.051,885042.4830715863,60.237632751464844,0.6443949435763863,3.89,24061.18,0.834,0.18,1111.08,0.054,10.41,74046.0,0.846,0.18,1111.08,0.054
41,0,-12000,12000.0,819467.0025459947,43.98009490966797,0.6190128347196915,4.43,44519.65,0.702,0.08,883.6,0.051,4.3,62598.8,0.809,0.08,883.6,0.051,874997.9661580664,57.715572357177734,0.6529129612254353,3.87,23649.34,0.831,0.17,1081.0,0.054,8.96,73611.4,0.846,0.17,1081.0,0.054
41,0,-11500,11500.0,822998.5719157389,45.803558349609375,0.6180444770465163,4.57,44242.86,0.701,0.08,915.56,0.051,4.65,64927.600000000006,0.814,0.08,915.56,0.051,859495.4934876004,54.54836654663086,0.6593915985697628,3.21,20571.84,0.862,0.16,1088.52,0.054,8.17,73603.2,0.846,0.16,1088.52,0.054
41,0,-11000,11000.0,826719.6819684514,48.24961471557617,0.6201682585078218,4.74,42476.380000000005,0.694,0.08,924.96,0.051,4.94,67117.0,0.82,0.08,924.96,0.051,829883.1016015023,50.94514846801758,0.6553318987790285,4.24,29299.379999999997,0.867,0.17,1092.28,0.054,8.47,75169.4,0.849,0.17,1092.28,0.054
41,0,-10500,10500.0,826081.3250573805,48.96109390258789,0.621112712877928,4.79,40946.26,0.689,0.09,981.36,0.052,5.17,68904.6,0.824,0.09,981.36,0.052,798504.581706233,48.62990951538086,0.6499299049841579,4.33,27856.35,0.86,0.2,1137.4,0.055,8.82,76407.6,0.852,0.2,1137.4,0.055
41,0,-10000,10000.0,819286.7643947366,50.05226516723633,0.6229432317683516,4.72,39385.04,0.685,0.09,998.2799999999999,0.052,5.32,69601.6,0.825,0.09,998.2799999999999,0.052,763179.409766944,43.285125732421875,0.6440138025235598,4.41,26265.0,0.852,0.21,1150.56,0.055,8.6,72283.0,0.844,0.21,1150.56,0.055
41,0,-9500,9500.0,805640.8249733064,50.465721130371094,0.622216823071724,4.55,38803.47,0.683,0.12,1020.84,0.052,5.43,69765.6,0.826,0.12,1020.84,0.052,736266.4822842745,39.413330078125,0.6448124019259495,3.97,24618.03,0.842,0.17,1026.48,0.054,8.36,68215.8,0.836,0.17,1026.48,0.054
41,0,-9000,9000.0,787595.5828137795,50.597957611083984,0.6245844519728901,3.94,37652.77,0.678,0.13,1026.48,0.053,5.46,69019.4,0.825,0.13,1026.48,0.053,708283.8805529473,36.128944396972656,0.6426832380446357,3.46,22794.93,0.831,0.17,996.4,0.054,7.22,63230.2,0.824,0.17,996.4,0.054
41,0,-8500,8500.0,769193.2304963344,49.9481086730957,0.6286625126888885,3.4,36517.62,0.673,0.14,1003.92,0.052,5.46,68461.8,0.825,0.14,1003.92,0.052,685541.182620689,33.766334533691406,0.643777637267663,2.84,22022.43,0.825,0.15,866.6800000000001,0.052,6.02,58925.2,0.813,0.15,866.6800000000001,0.052
41,0,-8000,8000.0,747657.224717965,45.952423095703125,0.6310064181278648,3.39,21172.9,0.812,0.14,1000.16,0.052,5.12,67084.2,0.822,0.14,1000.16,0.052,664326.1012591043,28.804887771606445,0.640421943633043,2.64,17765.4,0.785,0.15,832.84,0.051,4.7,57006.4,0.806,0.15,832.84,0.051
41,0,-7500,7500.0,727018.6588122428,41.191043853759766,0.6331218493061571,3.44,21071.4,0.812,0.14,971.96,0.052,5.53,65665.6,0.819,0.14,971.96,0.052,644060.3156615784,27.5306453704834,0.6365874191750078,2.4,15229.84,0.779,0.11,808.4,0.051,4.13,55186.0,0.801,0.11,808.4,0.051
41,0,-7000,7000.0,709844.9486584354,38.11099624633789,0.6291049384759253,2.26,15286.05,0.818,0.15,966.3199999999999,0.052,5.72,63599.2,0.815,0.15,966.3199999999999,0.052,623695.6398362324,29.815715789794922,0.6280210114419815,1.71,10521.78,0.784,0.1,800.88,0.051,3.05,53546.0,0.795,0.1,800.88,0.051
41,0,-6500,6500.0,701164.5662574396,38.06589126586914,0.6277946650194212,2.31,14301.150000000001,0.809,0.16,928.7200000000001,0.052,5.61,61213.00000000001,0.81,0.16,928.7200000000001,0.052,603407.3624116973,30.275516510009766,0.6188678245694106,1.44,8454.6,0.785,0.08,782.08,0.051,2.9,51520.6,0.789,0.08,782.08,0.051
41,0,-6000,6000.0,704934.3247329147,38.107398986816406,0.6242483451095482,2.17,13668.0,0.802,0.16,919.3199999999999,0.052,5.21,57260.6,0.799,0.16,919.3199999999999,0.052,585094.3186832686,28.371763229370117,0.607907840239315,1.37,8265.6,0.78,0.07,778.3199999999999,0.051,2.84,49552.6,0.782,0.07,778.3199999999999,0.051
41,0,-5500,5500.0,722731.0914993426,37.87602233886719,0.6271147417801682,3.72,25119.36,0.806,0.14,825.3199999999999,0.051,4.65,53300.0,0.788,0.14,825.3199999999999,0.051,572552.4238738139,30.448665618896484,0.6003656081424047,1.8,11869.2,0.771,0.12,723.8,0.05,3.84,47970.0,0.776,0.12,723.8,0.05
41,0,-5000,5000.0,751289.5521298074,37.37396240234375,0.6292830333945478,3.61,39528.1,0.697,0.13,799.0,0.05,4.23,50479.2,0.781,0.13,799.0,0.05,565762.9086199716,32.759090423583984,0.5933330441233292,2.08,15084.9,0.765,0.14,710.64,0.049,3.92,46346.4,0.77,0.14,710.64,0.049
41,0,-4500,4500.0,788880.6100611996,36.18880844116211,0.6365955929386123,3.58,43493.35,0.711,0.11,720.04,0.049,3.92,49068.8,0.782,0.11,720.04,0.049,566000.2111472037,34.94942092895508,0.5906677413313487,3.0,19547.96,0.755,0.12,654.24,0.048,4.12,45624.8,0.768,0.12,654.24,0.048
41,0,-4000,4000.0,834290.5431849473,34.384857177734375,0.6476891766621472,3.07,47430.61,0.721,0.11,699.36,0.049,3.94,51742.0,0.793,0.11,699.36,0.049,574289.5302151688,37.78206253051758,0.5897619651938353,2.69,16477.8,0.773,0.11,639.2,0.048,3.51,45075.4,0.767,0.11,639.2,0.048
41,0,-3500,3500.0,873313.6844655988,32.962867736816406,0.6543964910561927,1.23,11264.4,0.833,0.12,757.64,0.05,3.99,55341.799999999996,0.805,0.12,757.64,0.05,582702.6585164628,39.68703842163086,0.588444529068751,2.73,16532.9,0.774,0.09,624.16,0.048,4.11,44796.6,0.767,0.09,624.16,0.048
41,0,-3000,3000.0,906549.1808593,34.84188461303711,0.6593666343151416,1.16,11565.4,0.836,0.12,774.56,0.05,3.62,61680.4,0.822,0.12,774.56,0.05,595526.1348886029,42.23140335083008,0.5913156197709571,2.68,15443.2,0.785,0.09,620.4,0.048,4.54,45985.6,0.772,0.09,620.4,0.048
41,0,-2500,2500.0,927565.9018511502,37.08828353881836,0.6568230327200486,1.73,18391.5,0.851,0.12,928.7200000000001,0.053,3.12,67756.6,0.835,0.12,928.7200000000001,0.053,602503.4562455274,43.185333251953125,0.5908610870101565,3.01,15679.42,0.788,0.1,661.76,0.049,4.77,46912.2,0.777,0.1,661.76,0.049
41,0,-2000,2000.0,938219.2962851808,40.55150604248047,0.6514256131204523,3.26,26941.0,0.849,0.11,973.84,0.053,3.29,71618.8,0.841,0.11,973.84,0.053,610451.7914922627,43.794559478759766,0.5975996457525498,3.89,18739.8,0.798,0.11,674.92,0.049,4.49,48101.2,0.781,0.11,674.92,0.049
41,0,-1500,1500.0,944220.9525212678,42.84200668334961,0.6437445819711675,3.34,26906.2,0.849,0.12,1075.36,0.054,3.37,74251.0,0.845,0.12,1075.36,0.054,612476.8144807447,46.28232192993164,0.6004553262917119,2.99,13575.6,0.8,0.15,705.0,0.05,4.93,49323.0,0.786,0.15,705.0,0.05
41,0,-1000,1000.0,951273.3778435121,46.46055603027344,0.640262548010344,3.77,27912.5,0.854,0.13,1103.56,0.054,3.84,74087.0,0.842,0.13,1103.56,0.054,608488.3745976877,49.73767852783203,0.6049853845777613,2.99,13474.08,0.798,0.16,714.4,0.05,5.41,50249.6,0.788,0.16,714.4,0.05
41,0,-500,500.0,958899.3257461556,47.01487350463867,0.6377478251166138,3.8,27987.9,0.854,0.13,1094.16,0.054,4.39,73660.6,0.839,0.13,1094.16,0.054,600888.2427621445,50.47129440307617,0.6088768621298004,2.92,13044.900000000001,0.803,0.2,731.32,0.05,5.59,51102.4,0.791,0.2,731.32,0.05
41,0,0,0.0,968847.4587369902,43.31510925292969,0.637894539064112,2.58,18817.62,0.851,0.14,1092.28,0.054,4.71,73947.6,0.839,0.14,1092.28,0.054,586030.1854409027,48.90949630737305,0.6121862825290811,2.82,13010.73,0.803,0.21,742.6,0.05,5.54,50684.2,0.789,0.21,742.6,0.05
41,0,500,500.0,981439.0567370851,41.633270263671875,0.6403988662685136,2.63,19555.29,0.856,0.16,1090.4,0.054,4.75,74792.2,0.84,0.16,1090.4,0.054,565693.6078879745,46.845947265625,0.6125302702617459,2.58,12880.08,0.803,0.2,752.0,0.051,5.46,49560.8,0.785,0.2,752.0,0.051
41,0,1000,1000.0,994856.2831095281,42.41111373901367,0.6466324389010746,4.85,39457.68,0.852,0.17,1092.28,0.054,4.64,77547.4,0.844,0.17,1092.28,0.054,536736.2269978425,40.86345672607422,0.6042548378386847,2.5,12431.85,0.796,0.2,752.0,0.051,5.06,48503.0,0.781,0.2,752.0,0.051
41,0,1500,1500.0,1007420.3147743407,43.29300308227539,0.6545805025606777,3.46,53193.44,0.733,0.16,1158.08,0.054,4.67,80286.2,0.849,0.16,1158.08,0.054,508307.8209545901,37.71745300292969,0.5949155926149804,2.3,11438.91,0.781,0.18,725.68,0.05,4.7,47346.8,0.777,0.18,725.68,0.05
41,0,2000,2000.0,1011058.15544484,43.52003479003906,0.6621210747009711,3.3,51560.69,0.727,0.15,1175.0,0.054,4.85,81737.6,0.851,0.15,1175.0,0.054,480258.7265780265,35.64390563964844,0.5804034482130411,2.16,10697.22,0.767,0.17,720.04,0.05,4.19,44731.0,0.767,0.17,720.04,0.05
41,0,2500,2500.0,1008450.1129369274,43.17669677734375,0.6677338199449666,3.16,49912.39,0.723,0.12,1210.72,0.055,5.02,82828.2,0.853,0.12,1210.72,0.055,461669.99603003723,34.31303024291992,0.5730160129695452,1.67,9087.21,0.734,0.16,659.88,0.049,3.47,42115.2,0.755,0.16,659.88,0.049
41,0,3000,3000.0,994370.6508955162,42.389801025390625,0.6686168299952184,3.05,48724.369999999995,0.721,0.12,1220.12,0.055,4.89,83107.0,0.855,0.12,1220.12,0.055,451289.11990653345,32.44687271118164,0.5664064235217099,2.24,11631.9,0.71,0.16,642.96,0.049,3.04,38310.4,0.736,0.16,642.96,0.049
41,0,3500,3500.0,977235.3963598751,41.81330871582031,0.6683040474383644,2.97,48279.64,0.719,0.12,1227.64,0.055,4.78,83139.8,0.857,0.12,1227.64,0.055,451479.801472881,30.753374099731445,0.5693245134335668,2.25,11655.1,0.711,0.13,543.32,0.046,2.65,35071.4,0.718,0.13,543.32,0.046
41,0,4000,4000.0,954784.6418126371,40.802886962890625,0.6647105184910637,2.79,47968.64,0.719,0.12,1231.4,0.055,4.71,81196.4,0.854,0.12,1231.4,0.055,458226.3272032742,27.865419387817383,0.572437461300238,1.53,8072.159999999999,0.71,0.09,513.24,0.045,2.7,33792.2,0.71,0.09,513.24,0.045
41,0,4500,4500.0,936123.2313971022,39.80269241333008,0.6631983177782352,2.6,47719.84,0.718,0.1,1190.04,0.055,4.58,78834.8,0.851,0.1,1190.04,0.055,465717.75835221837,24.718679428100586,0.5753303960261721,1.54,8257.08,0.718,0.1,475.63999999999993,0.044,2.95,33259.200000000004,0.709,0.1,475.63999999999993,0.044
41,0,5000,5000.0,915865.6606806266,38.63129806518555,0.6598897618680503,2.65,47069.85,0.716,0.11,1182.52,0.055,4.05,75858.2,0.846,0.11,1182.52,0.055,473911.55651953816,25.882770538330078,0.5797315934240075,2.42,21987.7,0.589,0.1,466.24,0.044,2.93,34177.6,0.716,0.1,466.24,0.044
41,0,5500,5500.0,899407.6905079654,36.88761901855469,0.658959024741687,2.66,46454.07,0.714,0.1,1116.72,0.054,3.8,72947.2,0.841,0.1,1116.72,0.054,483044.1658138723,28.63115882873535,0.5863120312351671,2.29,14088.2,0.753,0.1,485.04,0.044,2.75,35415.8,0.725,0.1,485.04,0.044
41,0,6000,6000.0,880075.208814228,36.36986541748047,0.6572771407969095,2.33,25441.7,0.838,0.09,1097.92,0.054,3.69,70716.8,0.837,0.09,1097.92,0.054,487305.1997179551,31.295129776000977,0.5926391146832923,2.2,14210.0,0.756,0.09,490.68,0.045,2.73,36809.8,0.734,0.09,490.68,0.045
41,0,6500,6500.0,860141.4897020163,36.22032928466797,0.6568045649385222,2.39,25386.6,0.838,0.09,1050.92,0.053,3.73,68699.6,0.833,0.09,1050.92,0.053,485511.34025972104,33.0999755859375,0.5941043057694256,2.26,12626.9,0.728,0.08,522.64,0.045,3.96,38171.0,0.742,0.08,522.64,0.045
41,0,7000,7000.0,834039.5799102494,36.47390365600586,0.6548716071053438,2.44,23579.9,0.827,0.1,1037.76,0.053,3.67,67904.2,0.831,0.1,1037.76,0.053,478021.391431792,30.920616149902344,0.5932934290801394,2.3,12449.58,0.725,0.08,532.04,0.046,3.91,38958.2,0.747,0.08,532.04,0.046
41,0,7500,7500.0,806380.4171385695,37.755096435546875,0.6530244074456465,2.44,23446.5,0.827,0.09,1017.08,0.053,3.57,67469.6,0.83,0.09,1017.08,0.053,465164.4553443295,33.602657318115234,0.5878623395311776,2.21,11402.82,0.708,0.08,554.6,0.047,3.46,39466.6,0.751,0.08,554.6,0.047
41,0,8000,8000.0,774244.4987151423,37.87439727783203,0.6492482363467096,1.69,16867.92,0.834,0.08,1011.44,0.053,3.6,66797.2,0.828,0.08,1011.44,0.053,446680.6467340939,36.19318389892578,0.578477055136643,1.75,10359.36,0.757,0.09,560.24,0.047,2.76,39729.0,0.753,0.09,560.24,0.047
41,0,8500,8500.0,743020.9644235482,37.878482818603516,0.6462124179275895,1.66,15885.03,0.825,0.1,992.64,0.053,4.17,66198.6,0.827,0.1,992.64,0.053,427402.51331655245,37.34363555908203,0.5686748309669029,2.03,9510.48,0.741,0.1,569.64,0.047,3.3,39745.4,0.754,0.1,569.64,0.047
41,0,9000,9000.0,710263.8891346782,36.044517517089844,0.6390886061243525,3.11,32203.440000000002,0.822,0.1,987.0,0.053,4.27,63509.0,0.821,0.1,987.0,0.053,408407.09003559226,38.0814208984375,0.5592128269131788,2.02,9249.12,0.735,0.11,575.28,0.047,3.8,37875.8,0.745,0.11,575.28,0.047
41,0,9500,9500.0,684763.4015177363,35.209617614746094,0.6358600984033903,1.21,13748.400000000001,0.802,0.1,917.44,0.052,4.26,60819.4,0.815,0.1,917.44,0.052,394632.64804477897,37.73539352416992,0.5545043851115814,2.05,8486.64,0.718,0.12,520.76,0.046,4.24,36129.2,0.736,0.12,520.76,0.046
41,0,10000,10000.0,664293.7900610487,32.076725006103516,0.6283970287496925,1.18,13233.84,0.795,0.1,898.64,0.052,3.83,57457.399999999994,0.806,0.1,898.64,0.052,386589.7066368983,36.7309455871582,0.5499995311271599,1.93,8337.6,0.714,0.13,507.6000000000001,0.046,4.35,34210.4,0.726,0.13,507.6000000000001,0.046
41,0,10500,10500.0,652337.1602217201,28.146121978759766,0.6245120168355172,1.72,16759.1,0.769,0.08,810.2799999999999,0.05,3.82,54448.00000000001,0.797,0.08,810.2799999999999,0.05,383542.14674670296,35.46632766723633,0.5496104218449682,2.37,12288.930000000002,0.736,0.13,458.72,0.044,4.3,32513.0,0.716,0.13,458.72,0.044
41,0,11000,11000.0,648835.1530695014,26.38315773010254,0.6199619193713318,2.15,17640.7,0.779,0.08,785.84,0.05,3.38,51799.4,0.788,0.08,785.84,0.05,385104.96881996567,33.90090560913086,0.550214798979747,1.54,7933.679999999999,0.704,0.13,447.44,0.044,3.84,31438.800000000003,0.71,0.13,447.44,0.044
41,0,11500,11500.0,653971.7229893883,29.14894676208496,0.6205928211433227,2.47,30673.93,0.645,0.09,733.2,0.049,2.85,49388.6,0.78,0.09,733.2,0.049,388122.1550593417,32.61188507080078,0.5521215940209812,1.27,7631.28,0.697,0.11,428.63999999999993,0.043,3.34,30331.8,0.704,0.11,428.63999999999993,0.043
41,0,12000,12000.0,669620.8000024969,32.36029815673828,0.6256235174230091,2.32,18977.6,0.792,0.1,718.16,0.049,2.58,48322.6,0.776,0.1,718.16,0.049,392772.8408065445,31.683490753173828,0.555192103518361,1.24,7782.48,0.701,0.1,424.87999999999994,0.043,2.96,29643.0,0.7,0.1,424.87999999999994,0.043
41,0,12500,12500.0,688644.193746357,34.15476989746094,0.6321847476179107,2.39,19076.2,0.793,0.11,693.72,0.049,2.58,47625.6,0.773,0.11,693.72,0.049,398375.0795220471,30.979368209838867,0.5597338546140374,1.16,8201.52,0.713,0.08,402.32,0.042,2.64,29298.599999999995,0.698,0.08,402.32,0.042
41,0,13000,13000.0,712420.8212344169,34.58458709716797,0.6394603756194226,1.42,11579.7,0.796,0.11,688.08,0.048,2.98,49118.0,0.779,0.11,688.08,0.048,404551.4574465354,30.917232513427734,0.5642264496820966,1.15,8307.36,0.716,0.08,398.56,0.042,2.56,30307.2,0.705,0.08,398.56,0.042
41,0,13500,13500.0,735171.0931513759,34.18984603881836,0.645142507458096,1.7,13380.569999999998,0.798,0.12,723.8,0.049,3.68,50971.2,0.785,0.12,723.8,0.049,409276.5840703028,31.148075103759766,0.566742550599367,1.12,8722.08,0.726,0.07,423.0,0.043,2.49,31479.8,0.713,0.07,423.0,0.043
41,0,14000,14000.0,756821.5267257735,30.985063552856445,0.6483863792762742,3.22,26940.24,0.792,0.12,736.96,0.05,3.71,53242.600000000006,0.793,0.12,736.96,0.05,412178.73255667207,31.907733917236328,0.5685519445343873,1.14,8627.04,0.723,0.07,430.52,0.043,2.46,32414.6,0.719,0.07,430.52,0.043
41,0,14500,14500.0,776953.8215436072,27.707530975341797,0.6491587966998972,2.52,25788.64,0.8,0.11,789.6,0.051,3.46,55464.8,0.799,0.11,789.6,0.051,413536.8792081919,32.649253845214844,0.5685362121379486,1.79,16299.509999999998,0.534,0.07,451.2,0.044,2.42,33103.399999999994,0.723,0.07,451.2,0.044
41,0,15000,15000.0,796780.6757074693,30.080852508544922,0.6497177949432038,2.64,21958.8,0.814,0.11,804.64,0.051,2.54,56965.4,0.803,0.11,804.64,0.051,413053.97415071906,32.310855865478516,0.5689510276570683,2.02,11530.4,0.725,0.07,458.72,0.044,2.42,32619.6,0.721,0.07,458.72,0.044
41,0,15500,15500.0,815408.509826324,34.26122283935547,0.64937355029904,2.72,22098.0,0.815,0.09,830.96,0.051,2.2,58515.2,0.807,0.09,830.96,0.051,412442.5702385518,32.704898834228516,0.5707476985464841,2.7,13218.28,0.706,0.07,449.32,0.044,2.44,32111.199999999997,0.72,0.07,449.32,0.044
41,0,16000,16000.0,834596.6300272758,38.511287689208984,0.6543443679425073,1.67,13511.100000000002,0.819,0.09,836.6,0.051,2.26,59745.2,0.81,0.09,836.6,0.051,409789.75666636147,32.887027740478516,0.5736782910623796,2.75,11353.5,0.727,0.08,451.2,0.044,2.56,32439.200000000004,0.724,0.08,451.2,0.044
41,0,16500,16500.0,848310.1863161188,40.13058853149414,0.6582377180348203,2.18,17275.68,0.826,0.08,864.7999999999998,0.051,2.86,60893.200000000004,0.813,0.08,864.7999999999998,0.051,403159.9230758498,32.5462532043457,0.5737697207949379,2.8,11347.7,0.728,0.11,458.72,0.044,2.71,32767.2,0.728,0.11,458.72,0.044
41,0,17000,17000.0,856823.748391052,38.80080032348633,0.6648414359927398,1.96,15961.41,0.824,0.09,872.3199999999999,0.051,3.62,63377.80000000001,0.819,0.09,872.3199999999999,0.051,391961.09817698685,30.743921279907227,0.5715950573549597,2.78,11005.5,0.726,0.11,462.48,0.044,2.87,33234.6,0.733,0.11,462.48,0.044
41,0,17500,17500.0,858872.7781057954,36.41634750366211,0.6694651988321215,1.84,16902.09,0.832,0.13,928.7200000000001,0.052,4.28,65928.00000000001,0.825,0.13,928.7200000000001,0.052,379587.78392333805,28.77405548095703,0.5677754692247223,2.78,10982.3,0.725,0.12,473.76,0.045,2.98,33751.2,0.738,0.12,473.76,0.045
41,0,18000,18000.0,848694.8456014856,32.60365676879883,0.6689299664143175,3.46,34031.28,0.827,0.14,947.52,0.052,3.97,68478.2,0.83,0.14,947.52,0.052,365454.7365151267,27.660432815551758,0.5585033523391542,1.81,7857.090000000001,0.732,0.12,475.63999999999993,0.045,2.8,33242.8,0.737,0.12,475.63999999999993,0.045
41,0,18500,18500.0,833422.0541171631,32.80640411376953,0.6649901260977596,1.19,11820.200000000003,0.833,0.12,1009.56,0.053,3.49,70528.2,0.834,0.12,1009.56,0.053,354727.3351988364,27.62071418762207,0.5520831257574464,1.73,7473.18,0.724,0.11,460.6000000000001,0.045,2.6,32537.6,0.736,0.11,460.6000000000001,0.045
41,0,19000,19000.0,816349.2602645978,33.08057403564453,0.6598773938306401,1.66,16656.87,0.83,0.12,1028.36,0.053,3.43,68945.6,0.831,0.12,1028.36,0.053,344319.2023813669,27.29051399230957,0.5407688754846484,1.56,7113.39,0.713,0.11,456.84000000000003,0.045,2.52,30602.4,0.725,0.11,456.84000000000003,0.045
41,0,19500,19500.0,799177.2102767706,33.25334930419922,0.6540451828727996,1.44,15591.569999999998,0.821,0.12,998.2799999999999,0.053,3.46,66403.6,0.826,0.12,998.2799999999999,0.053,336899.85965531605,27.563343048095703,0.5317639933476573,2.65,10313.16,0.705,0.1,413.6000000000001,0.043,2.42,28527.8,0.712,0.1,413.6000000000001,0.043
41,0,20000,20000.0,785422.1270746557,33.629974365234375,0.6487642923917889,1.94,20938.0,0.808,0.12,990.7599999999999,0.053,2.76,63025.2,0.818,0.12,990.7599999999999,0.053,333786.4881459272,27.725305557250977,0.5248461481958632,2.69,10439.0,0.708,0.1,402.32,0.043,2.27,26576.199999999997,0.695,0.1,402.32,0.043
