event_num,x,y,d,historical,historical,historical,historical,historical,historical,historical,historical,historical,historical,historical,historical,historical,historical,historical,future,future,future,future,future,future,future,future,future,future,future,future,future,future,future
,,,,basin discharge,basin discharge,basin discharge,Max_Specific_Discharge,Max_Specific_Discharge,Max_Specific_Discharge,Min_Specific_Discharge,Min_Specific_Discharge,Min_Specific_Discharge,Most_Urban_S27,Most_Urban_S27,Most_Urban_S27,Least_Urban_S28,Least_Urban_S28,Least_Urban_S28,basin discharge,basin discharge,basin discharge,Max_Specific_Discharge,Max_Specific_Discharge,Max_Specific_Discharge,Min_Specific_Discharge,Min_Specific_Discharge,Min_Specific_Discharge,Most_Urban_S27,Most_Urban_S27,Most_Urban_S27,Least_Urban_S28,Least_Urban_S28,Least_Urban_S28
,,,,total_discharge,max_discharge,runoff_coefficient,max_discharge,total_discharge,runoff_coefficient,max_discharge,total_discharge,runoff_coefficient,max_discharge,total_discharge,runoff_coefficient,max_discharge,total_discharge,runoff_coefficient,total_discharge,max_discharge,runoff_coefficient,max_discharge,total_discharge,runoff_coefficient,max_discharge,total_discharge,runoff_coefficient,max_discharge,total_discharge,runoff_coefficient,max_discharge,total_discharge,runoff_coefficient
01,0,-21000,21000.0,63884.92579211625,4.987756729125977,0.1375971589292258,0.59,2655.76,0.192,0.01,39.48,0.007,0.8,6461.6,0.246,0.01,39.48,0.007,114735.24135792046,26.785018920898438,0.18058005966989754,2.07,4870.08,0.25,0.02,67.68,0.009,2.76,11668.6,0.323,0.02,67.68,0.009
01,0,-20500,20500.0,65889.03164270142,4.784280776977539,0.13958831725551515,0.64,2769.68,0.195,0.01,39.48,0.007,0.86,6601.000000000001,0.249,0.01,39.48,0.007,117308.14848098441,27.280492782592773,0.1814316553520565,2.38,5033.84,0.252,0.03,77.08,0.009,3.19,12259.0,0.328,0.03,77.08,0.009
01,0,-20000,20000.0,67559.47103857639,4.913539886474609,0.14117392925174166,0.57,2731.56,0.259,0.01,39.48,0.007,0.91,6879.800000000001,0.252,0.01,39.48,0.007,119387.4516696293,26.997940063476562,0.18435443133821292,2.31,4007.8,0.254,0.03,78.96,0.009,3.54,12455.8,0.33,0.03,78.96,0.009
01,0,-19500,19500.0,68710.20123534455,4.666576862335205,0.1422561479001816,0.52,2241.7,0.198,0.01,43.24,0.007,0.99,7175.0,0.256,0.01,43.24,0.007,120365.15852426575,25.70145034790039,0.1862057846548767,2.36,4028.1,0.254,0.04,84.6,0.01,3.81,12570.6,0.333,0.04,84.6,0.01
01,0,-19000,19000.0,68796.33857900016,3.8813111782073975,0.14307017203621025,0.32,1449.21,0.193,0.01,45.12,0.007,0.89,7396.4,0.258,0.01,45.12,0.007,121042.31137592683,29.287195205688477,0.1904496116135157,2.75,3706.2,0.249,0.04,88.36,0.01,3.94,12816.6,0.335,0.04,88.36,0.01
01,0,-18500,18500.0,67764.37657155389,3.6702141761779785,0.14260175308613526,0.33,1521.57,0.197,0.01,48.88,0.007,0.85,7543.999999999999,0.26,0.01,48.88,0.007,118979.79376546435,32.05205154418945,0.19187496723377534,2.78,3683.0,0.249,0.06,92.12,0.01,3.98,13062.6,0.338,0.06,92.12,0.01
01,0,-18000,18000.0,65282.39482668287,3.3948984146118164,0.14150467914499257,0.58,2815.2,0.179,0.01,50.76,0.007,0.79,7617.799999999999,0.261,0.01,50.76,0.007,114370.83060103934,33.4417724609375,0.19118957077515206,1.51,2100.18,0.238,0.06,92.12,0.01,3.89,13546.4,0.34,0.06,92.12,0.01
01,0,-17500,17500.0,61719.574808847436,3.076087236404419,0.13886638867579318,0.21,1575.84,0.199,0.01,50.76,0.007,0.72,7626.000000000001,0.261,0.01,50.76,0.007,108285.82119486526,33.21159362792969,0.18852744059964655,1.89,2544.66,0.249,0.07,95.88,0.01,4.31,13972.8,0.342,0.07,95.88,0.01
01,0,-17000,17000.0,56743.684093370575,2.732452869415283,0.13438834180204823,0.19,1545.69,0.197,0.07,850.08,0.017,0.62,7470.199999999999,0.259,0.01,50.76,0.007,100745.2199885471,31.655061721801758,0.1835255871066383,1.79,2353.71,0.245,0.07,97.76,0.01,4.5,13890.800000000001,0.341,0.07,97.76,0.01
01,0,-16500,16500.0,51347.095350592055,2.3769116401672363,0.12877736977086252,0.17,1461.27,0.193,0.02,290.08,0.022,0.53,7207.799999999999,0.255,0.01,50.76,0.007,94351.93792175225,30.82566261291504,0.17966370780987384,1.56,1945.68,0.235,0.07,94.0,0.01,4.52,13792.4,0.34,0.07,94.0,0.01
01,0,-16000,16000.0,45096.50122054754,2.0467512607574463,0.12049566857011278,0.15,1368.81,0.188,0.05,513.5899999999999,0.012,0.43,6584.599999999999,0.246,0.01,50.76,0.007,88415.8776284997,30.122488021850586,0.1742472386831834,1.46,1829.1,0.231,0.07,94.0,0.01,4.13,12554.2,0.333,0.07,94.0,0.01
01,0,-15500,15500.0,39220.71934872029,1.7290043830871582,0.11186024746003492,0.11,1153.74,0.176,0.04,425.04,0.011,0.36,5879.4,0.235,0.01,43.24,0.007,84488.83222241569,30.8411922454834,0.17148517150745024,1.7,2024.38,0.231,0.07,80.84,0.01,3.82,11365.2,0.325,0.07,80.84,0.01
01,0,-15000,15000.0,33811.27958248368,1.4559859037399292,0.10220558258734157,0.21,2162.4,0.16,0.03,407.33,0.01,0.31,4952.8,0.217,0.01,41.36,0.007,82185.32271332951,32.553977966308594,0.16804459417771878,2.81,3118.56,0.226,0.06,75.2,0.01,3.83,10463.2,0.32,0.06,75.2,0.01
01,0,-14500,14500.0,29676.936381780164,1.2734299898147583,0.09464198664005143,0.08,767.82,0.143,0.0,31.960000000000004,0.006,0.26,4091.8,0.196,0.0,31.960000000000004,0.006,80649.89163873554,34.09563446044922,0.1653597845830234,3.09,3314.36,0.23,0.06,65.8,0.009,4.02,9749.8,0.316,0.06,65.8,0.009
01,0,-14000,14000.0,26685.643373203653,1.1775935888290405,0.08795960387674956,0.07,691.44,0.135,0.0,28.2,0.005,0.21,3312.8,0.173,0.0,28.2,0.005,80579.51975347701,36.20624542236328,0.16323271198283706,3.39,3527.96,0.233,0.06,62.04,0.009,4.41,9421.8,0.314,0.06,62.04,0.009
01,0,-13500,13500.0,25187.006160268807,1.1700186729431152,0.08501465923347477,0.11,1022.79,0.163,0.0,18.8,0.004,0.19,2820.8,0.159,0.0,18.8,0.004,80169.30818644242,37.34428787231445,0.16020105254541442,3.57,3663.2399999999993,0.235,0.07,58.28,0.009,4.87,9208.6,0.314,0.07,58.28,0.009
01,0,-13000,13000.0,24867.102898495086,1.2751656770706177,0.08406450466454107,0.13,1004.25,0.163,0.0,15.04,0.004,0.21,2665.0,0.156,0.0,15.04,0.004,81199.60014704976,38.93340301513672,0.15968684918227535,3.65,3780.7199999999993,0.235,0.07,56.4,0.009,5.28,9257.8,0.315,0.07,56.4,0.009
01,0,-12500,12500.0,25426.11459080801,1.387831211090088,0.08552889448853068,0.13,1022.79,0.164,0.0,13.160000000000002,0.003,0.24,2607.6,0.156,0.0,13.160000000000002,0.003,82149.25751523225,39.76057434082031,0.15924341560540775,3.7,3862.6,0.236,0.07,58.28,0.009,5.61,9257.8,0.315,0.07,58.28,0.009
01,0,-12000,12000.0,26677.59794874851,1.501116394996643,0.08834612710704362,0.12,1059.87,0.168,0.0,13.160000000000002,0.003,0.25,2632.2,0.158,0.0,13.160000000000002,0.003,83597.58705599394,40.53215408325195,0.1604746612280343,3.09,2995.7,0.236,0.07,56.4,0.008,5.86,9323.4,0.314,0.07,56.4,0.008
01,0,-11500,11500.0,28295.494734928492,1.6202934980392456,0.09201937023902504,0.13,1109.31,0.171,0.0,50.260000000000005,0.006,0.26,2706.0,0.16,0.0,13.160000000000002,0.003,84996.30754929135,40.88965606689453,0.16210023591934086,3.1,3007.3,0.236,0.07,58.28,0.008,6.03,9331.6,0.312,0.07,58.28,0.008
01,0,-11000,11000.0,30184.45003333378,1.76312255859375,0.09597699046229552,0.38,3269.88,0.161,0.0,50.260000000000005,0.006,0.28,2861.8,0.165,0.0,13.160000000000002,0.003,86000.24582760697,40.174232482910156,0.16419526953516234,2.06,1943.67,0.232,0.07,60.16,0.009,6.23,9503.8,0.312,0.07,60.16,0.009
01,0,-10500,10500.0,32217.692764753174,1.913440227508545,0.09999140430145954,0.14,646.3599999999999,0.09,0.0,13.160000000000002,0.003,0.29,3042.2,0.17,0.0,13.160000000000002,0.003,86777.7651093565,38.5831184387207,0.16635171008076563,2.09,1999.9499999999998,0.233,0.08,63.92000000000001,0.009,6.35,9635.0,0.311,0.08,63.92000000000001,0.009
01,0,-10000,10000.0,34388.46892509092,2.0890538692474365,0.10404421607407588,0.16,974.7,0.144,0.0,15.04,0.003,0.3,3288.2,0.179,0.0,15.04,0.003,85288.86307774126,34.19825744628906,0.16633510563695927,1.98,1967.7899999999997,0.231,0.08,65.8,0.009,6.16,9708.8,0.311,0.08,65.8,0.009
01,0,-9500,9500.0,36460.262210369256,2.2398743629455566,0.10746146766112555,0.17,932.18,0.147,0.0,16.92,0.004,0.31,3509.6,0.186,0.0,16.92,0.004,83719.54383436166,30.54151153564453,0.16686465862928185,1.73,1903.4700000000003,0.227,0.6,1682.45,0.027,5.83,9733.4,0.31,0.08,63.92000000000001,0.009
01,0,-9000,9000.0,38607.72992622266,2.359222888946533,0.11080825636911971,0.24,1421.4,0.197,0.0,18.8,0.004,0.33,3649.0,0.191,0.0,18.8,0.004,80261.29708784012,25.52358627319336,0.16578872187232468,1.58,1883.3699999999997,0.227,0.04,150.48,0.036,5.05,9438.2,0.306,0.08,63.92000000000001,0.009
01,0,-8500,8500.0,40835.24527879544,2.4212191104888916,0.11400967921385231,0.28,1517.19,0.203,0.0,20.68,0.004,0.4,3763.8,0.194,0.0,20.68,0.004,76613.13708012865,20.881546020507812,0.16478932126434528,1.25,1859.25,0.227,0.34,1239.7,0.023,4.31,9151.2,0.303,0.07,63.92000000000001,0.009
01,0,-8000,8000.0,43470.83653704427,2.6083390712738037,0.11754219976061245,0.32,1634.61,0.211,0.0,20.68,0.005,0.47,3976.9999999999995,0.2,0.0,20.68,0.005,71658.25033051246,16.19950294494629,0.16116618782275885,2.23,3447.5999999999995,0.206,0.02,129.2,0.032,3.53,8995.4,0.3,0.07,63.92000000000001,0.009
01,0,-7500,7500.0,46409.28121292616,2.729001998901367,0.12129947571475268,0.33,1773.66,0.219,0.0,22.56,0.005,0.53,4247.6,0.207,0.0,22.56,0.005,66588.52230312151,13.668840408325195,0.1568289089338235,3.06,8831.4,0.298,0.2,956.3400000000001,0.02,3.06,8831.4,0.298,0.06,65.8,0.009
01,0,-7000,7000.0,49947.225854384196,2.7228620052337646,0.12543495314079997,0.34,1934.34,0.227,0.0,22.56,0.005,0.57,4592.0,0.215,0.0,22.56,0.005,61186.406745952976,11.324374198913574,0.15036607761482343,2.57,8437.8,0.293,0.17,938.63,0.02,2.57,8437.8,0.293,0.05,65.8,0.009
01,0,-6500,6500.0,53846.065080875545,2.8869593143463135,0.12978202589462304,0.31,2070.3,0.234,0.01,26.320000000000004,0.005,0.59,4977.4,0.223,0.01,26.320000000000004,0.005,56524.22656765692,9.201495170593262,0.14457299916267444,2.08,8052.4,0.288,0.18,956.3400000000001,0.02,2.08,8052.4,0.288,0.02,56.4,0.008
01,0,-6000,6000.0,58240.0329124467,3.3172073364257812,0.1347225643331848,0.83,6741.93,0.228,0.01,26.320000000000004,0.005,0.57,5371.0,0.23,0.01,26.320000000000004,0.005,52395.594205047484,7.544832229614258,0.13821629429270652,1.71,7183.2,0.276,0.18,991.7600000000001,0.021,1.71,7183.2,0.276,0.02,54.519999999999996,0.008
01,0,-5500,5500.0,62463.65753546647,3.7346062660217285,0.13904614401184806,0.35,2385.48,0.249,0.0,30.08,0.006,0.56,5764.6,0.238,0.0,30.08,0.006,49664.79536281945,6.2268757820129395,0.13464501770145365,0.57,2274.24,0.259,0.02,43.24,0.007,1.43,6453.4,0.265,0.02,43.24,0.007
01,0,-5000,5000.0,66612.80756478029,4.1294097900390625,0.14441233179877824,0.48,2218.5,0.202,0.0,31.960000000000004,0.006,0.68,6248.4,0.247,0.0,31.960000000000004,0.006,47986.475614492796,5.276564598083496,0.1322775968138189,0.55,2129.01,0.252,0.02,41.36,0.007,1.32,5936.8,0.256,0.02,41.36,0.007
01,0,-4500,4500.0,69603.60412048046,4.43580436706543,0.14802643747498914,0.5,2253.3,0.204,0.01,37.6,0.006,0.81,6723.999999999999,0.255,0.01,37.6,0.006,47138.66117858877,4.811095237731934,0.13193538794089024,0.55,2095.02,0.25,0.01,33.84,0.006,1.23,5567.8,0.249,0.01,33.84,0.006
01,0,-4000,4000.0,71422.70874907712,4.660924434661865,0.1517868741344737,0.61,2427.3,0.209,0.01,39.48,0.007,0.92,7355.400000000001,0.266,0.01,39.48,0.007,46615.48985505626,4.583940029144287,0.13198508975230547,0.55,2079.57,0.251,0.01,31.960000000000004,0.006,1.18,5428.4,0.245,0.01,31.960000000000004,0.006
01,0,-3500,3500.0,71710.51482018054,4.7968430519104,0.153490430355146,0.62,2441.8,0.21,0.01,47.0,0.007,1.01,7921.2,0.275,0.01,47.0,0.007,46344.03822410484,4.337802886962891,0.13262111048376912,0.53,2054.85,0.249,0.01,30.08,0.006,1.12,5387.4,0.245,0.01,30.08,0.006
01,0,-3000,3000.0,69917.99428380089,4.816603183746338,0.15312615949162015,0.34,1353.72,0.199,0.01,48.88,0.007,1.07,8396.8,0.281,0.01,48.88,0.007,45993.57722897503,4.098913669586182,0.1329487365379418,0.52,2039.4,0.248,0.01,30.08,0.006,1.07,5420.2,0.246,0.01,30.08,0.006
01,0,-2500,2500.0,66961.63460190446,4.674278259277344,0.1507886251245423,0.43,1656.24,0.209,0.01,56.4,0.008,1.09,8692.0,0.285,0.01,56.4,0.008,45152.088724777044,3.8824093341827393,0.13208930567859634,0.5,1955.97,0.244,0.01,31.960000000000004,0.006,1.01,5395.6,0.246,0.01,31.960000000000004,0.006
01,0,-2000,2000.0,62580.13553708447,4.332488536834717,0.14656324258814693,0.37,1579.86,0.205,0.01,58.28,0.008,1.09,8429.6,0.282,0.01,58.28,0.008,44010.403012705756,3.7198472023010254,0.12994308372768443,0.47,1887.99,0.242,0.01,31.960000000000004,0.006,0.95,5248.0,0.244,0.01,31.960000000000004,0.006
01,0,-1500,1500.0,57638.05748230693,3.9024057388305664,0.14104524986322034,0.51,2583.24,0.261,0.16,832.37,0.018,1.06,7995.0,0.277,0.02,56.4,0.008,43057.90476144695,3.6048190593719482,0.12809079221109881,0.46,1878.72,0.242,0.01,30.08,0.006,0.89,5084.0,0.242,0.01,30.08,0.006
01,0,-1000,1000.0,52245.47864454303,3.3079638481140137,0.13431535648790704,0.49,2292.78,0.249,0.16,743.82,0.017,1.03,7175.0,0.266,0.02,56.4,0.008,42396.21141712334,3.5727550983428955,0.1255975320925977,0.44,1875.63,0.243,0.01,30.08,0.006,0.85,5002.0,0.241,0.01,30.08,0.006
01,0,-500,500.0,47436.7542479191,2.7201344966888428,0.1284227056507204,0.45,2190.81,0.244,0.01,45.12,0.007,0.99,6437.0,0.255,0.01,45.12,0.007,42400.810683297765,3.5517935752868652,0.12442415904727504,0.56,1847.6400000000003,0.18,0.01,30.08,0.006,0.81,4969.2,0.241,0.01,30.08,0.006
01,0,0,0.0,43054.267769601414,2.684424638748169,0.12192712036797457,0.4,2079.57,0.238,0.01,41.36,0.007,0.88,5928.6,0.246,0.01,41.36,0.007,43464.40065298643,3.8337314128875732,0.1253762439398033,0.78,2029.2,0.187,0.01,30.08,0.006,0.79,4772.4,0.237,0.01,30.08,0.006
01,0,500,500.0,39592.87385803184,2.8696703910827637,0.11695852683477936,0.77,5600.6,0.24,0.01,35.72,0.006,0.77,5600.6,0.24,0.01,35.72,0.006,45155.12487525694,5.543931007385254,0.12769612963516302,0.92,2150.24,0.192,0.01,26.320000000000004,0.006,0.77,4600.2,0.233,0.01,26.320000000000004,0.006
01,0,1000,1000.0,36668.59575981073,2.916015863418579,0.11173833559980656,0.28,1866.36,0.226,0.09,549.01,0.013,0.54,5264.4,0.233,0.01,33.84,0.006,47853.94662597605,7.086354732513428,0.13200361850699327,0.92,2185.84,0.195,0.01,26.320000000000004,0.006,0.79,4501.8,0.23,0.01,26.320000000000004,0.006
01,0,1500,1500.0,34417.688029929195,2.8228979110717773,0.10768996435623901,0.28,1687.14,0.217,0.08,531.3,0.013,0.48,4961.0,0.226,0.01,28.2,0.006,51384.16107333946,8.05850887298584,0.1379933644213914,0.68,1447.8,0.197,0.01,24.44,0.005,0.79,4460.8,0.228,0.01,24.44,0.005
01,0,2000,2000.0,32909.01701459893,2.6024372577667236,0.10401153073475196,0.27,1495.56,0.205,0.09,584.43,0.014,0.52,4501.8,0.216,0.01,28.2,0.005,55286.52416904374,9.319684028625488,0.14423520076418625,0.73,1534.16,0.204,0.01,24.44,0.005,0.75,4846.2,0.237,0.01,24.44,0.005
01,0,2500,2500.0,32443.355645081465,2.258883476257324,0.10264481299663608,0.21,1409.0399999999997,0.199,0.01,22.56,0.005,0.49,4042.5999999999995,0.205,0.01,22.56,0.005,58857.12931058856,11.250104904174805,0.14905961349321814,0.75,1590.04,0.208,0.01,30.08,0.006,0.94,5248.0,0.245,0.01,30.08,0.006
01,0,3000,3000.0,33477.35092230755,2.0886950492858887,0.10314047777316208,0.19,1322.52,0.194,0.01,20.68,0.005,0.39,3747.4000000000005,0.198,0.01,20.68,0.005,62353.04837956487,11.660452842712402,0.15467464779207146,1.05,2295.87,0.268,0.01,31.960000000000004,0.006,1.41,5658.0,0.255,0.01,31.960000000000004,0.006
01,0,3500,3500.0,35840.86609623282,2.2002875804901123,0.10635337544715692,0.2,995.28,0.113,0.01,18.8,0.004,0.35,3526.0,0.192,0.01,18.8,0.004,65343.82007832383,11.275303840637207,0.15924900033260378,1.18,2447.28,0.276,0.02,35.72,0.007,1.89,6092.6,0.265,0.02,35.72,0.007
01,0,4000,4000.0,39900.658551958535,2.2959558963775635,0.11208155466928592,0.75,5898.09,0.216,0.01,16.92,0.004,0.35,3485.0,0.191,0.01,16.92,0.004,67229.87092112699,9.876104354858398,0.16224921669332798,1.31,2623.41,0.286,0.02,37.6,0.007,2.13,6469.8,0.274,0.02,37.6,0.007
01,0,4500,4500.0,44702.30110562124,2.4206390380859375,0.1186135735239194,1.12,6610.08,0.226,0.0,16.92,0.004,0.34,3517.8,0.191,0.0,16.92,0.004,68871.8590773064,8.221856117248535,0.16517990046262282,1.26,2858.25,0.294,0.02,41.36,0.008,2.33,6896.2,0.283,0.02,41.36,0.008
01,0,5000,5000.0,50381.3041039165,2.83860182762146,0.12728956579456505,1.31,7128.689999999999,0.232,0.0,16.92,0.004,0.37,3845.8000000000006,0.199,0.0,16.92,0.004,69279.10162439698,6.446095943450928,0.16616428199968572,1.2,3123.99,0.304,0.03,43.24,0.008,2.18,7462.0,0.292,0.03,43.24,0.008
01,0,5500,5500.0,55261.748777256886,3.9648773670196533,0.13413630814768443,0.45,1765.3,0.199,0.01,20.68,0.005,0.44,4305.0,0.211,0.01,20.68,0.005,69048.5127807945,6.790226936340332,0.1660861268520208,1.05,3182.7,0.306,0.02,48.88,0.008,2.04,8077.0,0.3,0.02,48.88,0.008
01,0,6000,6000.0,59180.88790714,4.034483909606934,0.14046017532313512,0.47,1929.32,0.199,0.01,20.68,0.005,0.43,5223.4,0.231,0.01,20.68,0.005,68340.75095474946,6.934125900268555,0.16616694752549202,0.88,3250.68,0.31,0.02,48.88,0.008,1.69,8257.4,0.304,0.02,48.88,0.008
01,0,6500,6500.0,61590.86880413233,3.949618339538574,0.14417021716995584,0.28,1023.4,0.209,0.0,30.08,0.006,0.59,6199.2,0.249,0.0,30.08,0.006,67087.62056269961,6.980377197265625,0.16519529326883772,0.74,3136.35,0.307,0.02,50.76,0.008,1.38,8388.6,0.307,0.02,50.76,0.008
01,0,7000,7000.0,61762.43910540333,3.923068046569824,0.1445396859169654,0.73,3083.82,0.277,0.01,33.84,0.006,0.99,7191.4,0.264,0.01,33.84,0.006,65735.10669982812,7.077266693115234,0.16343336361794988,0.63,3015.84,0.305,0.02,50.76,0.008,1.2,8134.4,0.305,0.02,50.76,0.008
01,0,7500,7500.0,60643.744560133564,3.7018678188323975,0.14250716509966593,0.62,2957.13,0.272,0.02,47.0,0.007,1.33,8003.2,0.275,0.02,47.0,0.007,64262.19387841097,7.207176685333252,0.16145276443380654,0.68,2938.59,0.303,0.01,47.0,0.008,1.11,7847.4,0.302,0.01,47.0,0.008
01,0,8000,8000.0,58351.005337266404,3.9916014671325684,0.13922508833566086,0.46,2824.26,0.268,0.02,50.76,0.008,1.15,7913.0,0.273,0.02,50.76,0.008,62879.43532410227,7.515513896942139,0.15794925022910253,0.73,2855.16,0.301,0.01,47.0,0.008,1.18,7691.600000000001,0.301,0.01,47.0,0.008
01,0,8500,8500.0,55730.82229574721,4.119873046875,0.1352273854974396,0.81,7576.8,0.269,0.01,48.88,0.007,0.81,7576.8,0.269,0.01,48.88,0.007,61645.8707685641,7.899874210357666,0.1543401394288096,0.68,2743.9200000000005,0.298,0.01,45.12,0.008,1.24,7486.600000000001,0.299,0.01,45.12,0.008
01,0,9000,9000.0,53490.81370667064,4.054769992828369,0.13159290619633543,0.25,2243.34,0.245,0.01,48.88,0.007,0.52,6789.599999999999,0.257,0.01,48.88,0.007,61374.88223594478,8.491442680358887,0.1522405566033465,0.73,1969.1,0.208,0.02,45.12,0.008,1.13,7207.799999999999,0.295,0.02,45.12,0.008
01,0,9500,9500.0,52441.8541973918,3.875927686691284,0.13031230303652497,0.18,1055.25,0.173,0.01,39.48,0.007,0.56,6051.6,0.245,0.01,39.48,0.007,61830.52308413289,9.076904296875,0.1514701610962,0.74,1989.4,0.208,0.02,45.12,0.008,1.01,6912.6,0.291,0.02,45.12,0.008
01,0,10000,10000.0,52421.535997167535,4.462853908538818,0.13021861677536128,0.25,1534.1,0.171,0.01,37.6,0.006,0.56,5854.8,0.241,0.01,37.6,0.006,63305.979523751055,9.617301940917969,0.15332208555636298,0.84,2238.8,0.218,0.02,43.24,0.008,0.89,6510.8,0.283,0.02,43.24,0.008
01,0,10500,10500.0,52716.02511225551,5.197295188903809,0.1307492044625956,0.24,1361.44,0.177,0.01,35.72,0.006,0.54,5748.2,0.239,0.01,35.72,0.006,65210.93525729694,10.018326759338379,0.1564100625852425,0.85,2259.1,0.219,0.02,39.48,0.008,0.93,6141.8,0.275,0.02,39.48,0.008
01,0,11000,11000.0,53036.79728690381,5.959230422973633,0.13202003803115508,0.26,1417.32,0.18,0.01,33.84,0.006,0.5,5707.2,0.238,0.01,33.84,0.006,66871.44741216105,10.236466407775879,0.15965448435969193,0.89,2264.9,0.221,0.02,39.48,0.008,1.04,6338.6,0.275,0.02,39.48,0.008
01,0,11500,11500.0,53023.43718552661,6.64798641204834,0.13297542460907993,0.15,788.2,0.186,0.01,33.84,0.006,0.51,5699.0,0.238,0.01,33.84,0.006,68043.42767405331,10.271039962768555,0.16264628643722137,0.89,2267.8,0.221,0.02,41.36,0.007,1.16,6568.2,0.277,0.02,41.36,0.007
01,0,12000,12000.0,52374.20454199796,6.83049201965332,0.13344899307066999,0.24,1142.64,0.174,0.01,33.84,0.006,0.64,5863.0,0.241,0.01,33.84,0.006,67636.50599222467,10.283384323120117,0.1629162194153413,0.6,1531.62,0.221,0.02,41.36,0.007,1.27,7068.399999999999,0.285,0.02,41.36,0.007
01,0,12500,12500.0,51249.23550078242,6.513896942138672,0.13313715118215813,0.36,2339.13,0.25,0.01,35.72,0.006,0.77,6059.8,0.245,0.01,35.72,0.006,66317.08879165558,10.277437210083008,0.1610594944854244,0.61,1537.65,0.222,0.02,50.76,0.008,1.36,7543.999999999999,0.294,0.02,50.76,0.008
01,0,13000,13000.0,49393.81383793229,6.125887393951416,0.13113605117425564,0.39,2391.66,0.253,0.01,35.72,0.006,0.81,6223.8,0.249,0.01,35.72,0.006,64950.45319020424,10.387852668762207,0.15899945970286222,0.6,1465.29,0.219,0.02,52.64000000000001,0.009,1.4,7617.799999999999,0.295,0.02,52.64000000000001,0.009
01,0,13500,13500.0,47467.505899879325,5.742722034454346,0.12870744917430488,0.39,2271.15,0.248,0.01,37.6,0.006,0.84,6322.2,0.251,0.01,37.6,0.006,63837.771531746104,10.64368724822998,0.1570809375339586,0.57,1298.46,0.211,0.02,52.64000000000001,0.009,1.43,7617.799999999999,0.296,0.02,52.64000000000001,0.009
01,0,14000,14000.0,45575.69028650596,5.038936614990234,0.12573273769948232,0.39,2141.37,0.243,0.01,37.6,0.007,0.87,6051.6,0.247,0.01,37.6,0.007,63614.450495485056,10.860467910766602,0.1560359899487887,0.56,1282.38,0.21,0.02,54.519999999999996,0.009,1.41,7035.6,0.289,0.02,54.519999999999996,0.009
01,0,14500,14500.0,44088.780666023464,4.2474799156188965,0.12328478323268759,0.86,5715.4,0.242,0.01,35.72,0.006,0.86,5715.4,0.242,0.01,35.72,0.006,64673.45424151981,11.176986694335938,0.15718814572072745,0.85,2422.56,0.283,0.02,45.12,0.008,1.42,6543.6,0.283,0.02,45.12,0.008
01,0,15000,15000.0,43513.3761341779,3.4651548862457275,0.12224988060522884,0.66,5223.4,0.233,0.01,33.84,0.006,0.66,5223.4,0.233,0.01,33.84,0.006,66962.65137857902,11.634143829345703,0.15862480093307735,0.89,2422.56,0.284,0.02,43.24,0.008,1.45,6437.0,0.282,0.02,43.24,0.008
01,0,15500,15500.0,43775.69249724111,2.8213768005371094,0.12308553532292536,0.13,793.95,0.155,0.01,28.2,0.006,0.46,4805.2,0.225,0.01,28.2,0.006,70153.46277530261,12.055516242980957,0.1614679529392432,0.93,2521.44,0.288,0.02,43.24,0.008,1.5,6445.2,0.283,0.02,43.24,0.008
01,0,16000,16000.0,44712.091926239555,2.3992180824279785,0.12502685917676581,0.21,1334.0,0.168,0.01,26.320000000000004,0.005,0.36,4698.6,0.223,0.01,26.320000000000004,0.005,73617.55199552115,12.498926162719727,0.1637772358598338,0.97,2645.04,0.293,0.02,41.36,0.008,1.57,6732.200000000001,0.288,0.02,41.36,0.008
01,0,16500,16500.0,45694.841827738084,2.160672664642334,0.12717487071402853,0.2,1262.38,0.178,0.01,26.320000000000004,0.005,0.33,4698.6,0.224,0.01,26.320000000000004,0.005,77279.75506765662,13.60406494140625,0.16639524600489852,1.01,2805.72,0.298,0.02,45.12,0.008,1.65,7052.0,0.292,0.02,45.12,0.008
01,0,17000,17000.0,46362.38220713026,2.498927354812622,0.12904351363216798,0.27,1270.0,0.178,0.01,26.320000000000004,0.005,0.32,4969.2,0.231,0.01,26.320000000000004,0.005,80624.69774063928,15.533812522888184,0.16908746710497316,1.06,2991.12,0.304,0.02,45.12,0.008,1.75,7494.800000000001,0.298,0.02,45.12,0.008
01,0,17500,17500.0,46458.82453500554,2.8581502437591553,0.1298465093817456,0.31,1275.08,0.178,0.0,28.2,0.006,0.34,5256.2,0.237,0.0,28.2,0.006,83634.70775258938,17.20358657836914,0.17105177787088863,1.13,3123.99,0.306,0.02,48.88,0.008,1.85,7953.999999999999,0.304,0.02,48.88,0.008
01,0,18000,18000.0,45587.01780692765,2.927403688430786,0.12912867638159334,0.33,1390.0,0.178,0.0,30.08,0.006,0.36,5461.2,0.241,0.0,30.08,0.006,86204.54620526568,18.438091278076172,0.17364949798354937,1.19,3278.49,0.31,0.02,50.76,0.008,2.01,8339.4,0.307,0.02,50.76,0.008
01,0,18500,18500.0,44126.70079841828,3.097276210784912,0.12722250408908262,0.19,737.7999999999998,0.187,0.01,31.960000000000004,0.006,0.46,5625.2,0.245,0.01,31.960000000000004,0.006,88060.31060196263,18.956809997558594,0.17521560541381073,1.21,3365.01,0.311,0.02,54.519999999999996,0.009,2.17,8724.8,0.31,0.02,54.519999999999996,0.009
01,0,19000,19000.0,41848.61478994228,2.9080276489257812,0.12388884087193185,0.18,719.6,0.185,0.01,33.84,0.006,0.54,5584.2,0.244,0.01,33.84,0.006,88790.68189013362,18.86902618408203,0.17647185627014467,1.23,3479.34,0.314,0.02,56.4,0.009,2.29,9085.6,0.313,0.02,56.4,0.009
01,0,19500,19500.0,39137.57120176533,2.5401811599731445,0.11950365967464288,0.21,886.41,0.165,0.01,31.960000000000004,0.006,0.58,5461.2,0.241,0.01,31.960000000000004,0.006,88558.34640190659,18.536588668823242,0.17684778543968904,1.36,3068.7199999999993,0.226,0.02,62.04,0.009,2.38,9380.8,0.315,0.02,62.04,0.009
01,0,20000,20000.0,36109.459808459054,2.0699656009674072,0.11437430023111049,0.13,625.8,0.173,0.01,31.960000000000004,0.006,0.48,5108.6,0.234,0.01,31.960000000000004,0.006,86790.00685980952,17.83810806274414,0.17661091620271938,0.99,2404.0999999999995,0.226,0.02,63.92000000000001,0.009,2.32,9782.6,0.318,0.02,63.92000000000001,0.009
01,0,20500,20500.0,33363.657258572195,1.6286289691925049,0.10991729696896328,0.2,1017.8999999999999,0.147,0.01,28.2,0.006,0.38,4756.0,0.226,0.01,28.2,0.006,84284.24775542185,17.16118049621582,0.17580000533607548,0.89,2136.14,0.234,0.02,67.68,0.009,2.23,10151.6,0.321,0.02,67.68,0.009
02,0,-21000,21000.0,443444.1145387507,8.984267234802246,0.25338194938901504,1.07,20421.81,0.486,0.03,295.16,0.011,1.98,58293.8,0.508,0.03,295.16,0.011,349060.6137282995,11.524871826171875,0.232873183167168,0.47,5517.399999999999,0.341,0.02,246.28,0.011,2.16,45370.6,0.481,0.02,246.28,0.011
02,0,-20500,20500.0,433000.6766098886,8.424599647521973,0.24895656182349624,0.86,19701.84,0.479,0.02,280.12,0.011,2.07,55768.200000000004,0.5,0.02,280.12,0.011,338484.7719634135,10.684274673461914,0.22860040200296197,0.88,16000.02,0.458,0.02,236.88,0.011,2.09,44370.2,0.475,0.02,236.88,0.011
02,0,-20000,20000.0,428612.87919728056,8.741289138793945,0.2468281790589262,1.95,53660.8,0.493,0.02,276.36,0.011,1.95,53660.8,0.493,0.02,276.36,0.011,329963.4479262421,9.95358657836914,0.22421957785150137,1.03,15950.58,0.456,0.02,235.0,0.011,1.72,43730.6,0.471,0.02,235.0,0.011
02,0,-19500,19500.0,427317.33974131057,10.22170352935791,0.24625945338515642,1.58,51783.0,0.486,0.02,265.08,0.011,1.58,51783.0,0.486,0.02,265.08,0.011,325086.77647118346,9.628216743469238,0.221361993868504,0.78,15542.7,0.45,0.01,229.36,0.011,1.86,43484.6,0.469,0.01,229.36,0.011
02,0,-19000,19000.0,427824.69462984736,11.902419090270996,0.24626694198797444,0.78,14054.879999999997,0.302,0.02,261.32,0.011,1.15,50922.0,0.482,0.02,261.32,0.011,327039.61872537725,9.775238037109375,0.22098317378210122,0.69,15128.64,0.444,0.01,227.48,0.011,1.48,42525.2,0.463,0.01,227.48,0.011
02,0,-18500,18500.0,430557.91235680226,13.46348762512207,0.2472736194152546,0.88,14101.16,0.303,0.01,255.68000000000004,0.011,0.94,50512.0,0.48,0.01,255.68000000000004,0.011,333515.6428368584,11.223702430725098,0.22266884502381587,0.66,14733.12,0.437,0.01,221.84,0.011,1.37,41483.8,0.457,0.01,221.84,0.011
02,0,-18000,18000.0,433207.6220523042,14.791915893554688,0.2481277086086127,0.87,11788.5,0.309,0.01,253.80000000000004,0.011,1.16,51766.6,0.484,0.01,253.80000000000004,0.011,349159.66699222155,12.934602737426758,0.22808485952518937,0.74,10060.85,0.211,0.01,221.84,0.011,1.4,40253.8,0.45,0.01,221.84,0.011
02,0,-17500,17500.0,434175.3157182655,15.86876106262207,0.248304044812155,0.89,11768.2,0.309,0.01,261.32,0.011,1.39,53127.80000000001,0.489,0.01,261.32,0.011,369098.35993779264,14.692337989807129,0.23512917786613238,0.85,11709.15,0.233,0.01,214.31999999999996,0.01,1.49,39278.0,0.444,0.01,214.31999999999996,0.01
02,0,-17000,17000.0,431120.6053313901,16.470064163208008,0.24756622397354514,1.06,11295.5,0.303,0.01,263.2,0.011,1.56,53242.600000000006,0.487,0.01,263.2,0.011,397034.430288648,17.272066116333008,0.24563719023801484,0.92,11582.6,0.324,0.01,212.43999999999997,0.01,1.7,40442.4,0.45,0.01,212.43999999999997,0.01
02,0,-16500,16500.0,425453.75605535373,16.848297119140625,0.2460801564622501,0.97,10713.72,0.324,0.01,265.08,0.011,1.7,52832.600000000006,0.483,0.01,265.08,0.011,424522.8964397302,19.797761917114258,0.2553657449232665,0.91,12671.1,0.36,0.01,218.07999999999998,0.011,1.93,42057.8,0.458,0.01,218.07999999999998,0.011
02,0,-16000,16000.0,416039.27352918545,16.800363540649414,0.2437818003541561,1.04,11712.14,0.323,0.01,266.96,0.011,1.81,52594.8,0.48,0.01,266.96,0.011,450259.2260666082,22.44631004333496,0.26454291511840433,1.13,13802.4,0.375,0.01,219.96,0.011,2.2,44739.2,0.47,0.01,219.96,0.011
02,0,-15500,15500.0,406010.86044352414,15.93486213684082,0.24133190313091157,0.59,6279.0,0.344,0.01,265.08,0.011,2.0,52832.600000000006,0.48,0.01,265.08,0.011,472182.9448135733,25.365686416625977,0.27169500296695437,1.45,18712.87,0.311,0.01,235.0,0.011,2.46,47650.2,0.483,0.01,235.0,0.011
02,0,-15000,15000.0,393166.6401872979,13.987574577331543,0.2368540217470862,0.59,6234.2,0.343,0.02,265.08,0.011,2.27,52439.0,0.479,0.02,265.08,0.011,489490.1553277884,27.905540466308594,0.27608468786083423,1.48,14294.1,0.36,0.01,238.76,0.011,2.77,51479.6,0.499,0.01,238.76,0.011
02,0,-14500,14500.0,382375.4058155137,11.71335506439209,0.23308149963274036,0.57,6056.4,0.339,0.02,259.44,0.01,2.53,52234.0,0.479,0.02,259.44,0.01,505714.3930291025,29.292564392089844,0.27937440124236657,1.32,12694.92,0.371,0.02,261.32,0.011,3.05,55030.2,0.512,0.02,261.32,0.011
02,0,-14000,14000.0,373634.89411795815,9.146248817443848,0.229094632487173,1.17,18076.5,0.458,0.02,257.56,0.01,2.45,50987.6,0.475,0.02,257.56,0.01,523217.7556213673,29.87112045288086,0.2830767798826036,1.57,14062.1,0.355,0.02,268.84,0.011,3.33,57219.6,0.52,0.02,268.84,0.011
02,0,-13500,13500.0,368075.2965105334,6.740455627441406,0.22637322170150787,2.31,49380.4,0.471,0.02,251.92000000000002,0.01,2.31,49380.4,0.471,0.02,251.92000000000002,0.01,540332.5593897816,29.85723114013672,0.2863151045971674,0.8,7382.2,0.392,0.02,280.12,0.011,3.57,58695.6,0.525,0.02,280.12,0.011
02,0,-13000,13000.0,369684.7937844388,6.159483909606934,0.22659072731536506,1.73,47207.4,0.463,0.02,250.04,0.01,1.73,47207.4,0.463,0.02,250.04,0.01,559549.2316158069,29.095537185668945,0.29131328874286644,0.8,7456.4,0.393,0.02,285.76,0.011,3.7,58236.4,0.523,0.02,285.76,0.011
02,0,-12500,12500.0,374415.8501885191,6.684655666351318,0.22815332255692258,1.17,45223.0,0.455,0.01,238.76,0.01,1.17,45223.0,0.455,0.01,238.76,0.01,579162.2169659192,27.89535140991211,0.2966530570700758,1.12,9915.33,0.359,0.02,282.0,0.011,3.75,57744.4,0.522,0.02,282.0,0.011
02,0,-12000,12000.0,385554.5520911721,7.965206623077393,0.23245233269293986,0.42,11048.4,0.319,0.01,235.0,0.01,0.93,44903.2,0.455,0.01,235.0,0.01,598248.654671438,25.83647918701172,0.30209516408558035,1.11,10385.67,0.367,0.02,280.12,0.011,3.55,59745.2,0.528,0.02,280.12,0.011
02,0,-11500,11500.0,398120.28628230037,9.119881629943848,0.2372153798646104,0.45,10464.8,0.321,0.01,231.24,0.01,1.03,45173.8,0.456,0.01,231.24,0.01,615804.9921832617,23.99508285522461,0.30697028752087635,1.07,11561.52,0.385,0.03,291.4,0.011,3.31,62451.2,0.536,0.03,291.4,0.011
02,0,-11000,11000.0,411752.1468988125,9.9647216796875,0.24222019125095295,0.54,10888.98,0.328,0.01,231.24,0.01,1.06,46633.4,0.462,0.01,231.24,0.01,628841.7524453814,22.302892684936523,0.3107294551949505,1.04,11846.94,0.389,0.03,293.28,0.011,3.04,66329.8,0.547,0.03,293.28,0.011
02,0,-10500,10500.0,425147.9830254597,10.763057708740234,0.24694516645763923,2.12,49443.75,0.406,0.01,238.76,0.01,1.08,48298.0,0.468,0.01,238.76,0.01,635889.293011289,20.974258422851562,0.31206854768102527,1.51,25931.28,0.544,0.02,317.72,0.011,3.0,69700.0,0.555,0.02,317.72,0.011
02,0,-10000,10000.0,435997.76555870776,11.45437240600586,0.2507254497323452,2.39,50656.77,0.411,0.01,240.64,0.01,1.14,50077.4,0.475,0.01,240.64,0.01,637344.6223030826,20.84391975402832,0.31285391121421463,1.55,26020.889999999996,0.545,0.03,323.36,0.011,3.12,70610.2,0.557,0.03,323.36,0.011
02,0,-9500,9500.0,445128.3073445942,11.97927474975586,0.25369883831696516,2.49,51658.83,0.415,0.01,251.92000000000002,0.01,1.23,51635.4,0.481,0.01,251.92000000000002,0.01,634740.0112698692,20.9414005279541,0.3122912560742265,1.6,25761.33,0.543,0.03,330.88,0.011,3.22,70856.2,0.558,0.03,330.88,0.011
02,0,-9000,9000.0,452740.37026998267,12.533428192138672,0.2568489957617081,0.82,19942.860000000004,0.478,0.01,255.68000000000004,0.011,1.35,52799.8,0.485,0.01,255.68000000000004,0.011,628047.466919544,21.2260684967041,0.31088664016011486,1.64,25504.860000000004,0.541,0.03,332.76,0.011,3.31,70224.8,0.556,0.03,332.76,0.011
02,0,-8500,8500.0,457174.621522284,12.861873626708984,0.25862276955147895,0.98,20313.66,0.482,0.01,263.2,0.011,1.6,53783.8,0.489,0.01,263.2,0.011,620854.350781014,22.578868865966797,0.30950690720905083,1.53,25551.21,0.542,0.03,329.0,0.011,3.39,69585.2,0.554,0.03,329.0,0.011
02,0,-8000,8000.0,459357.2940523736,12.951664924621582,0.25971860779581246,1.16,20730.81,0.487,0.01,265.08,0.011,1.87,54653.00000000001,0.493,0.01,265.08,0.011,611879.8776390308,23.988126754760742,0.30683166402987894,1.39,25628.46,0.543,0.02,329.0,0.011,3.28,69363.8,0.554,0.02,329.0,0.011
02,0,-7500,7500.0,460867.7959787412,12.852088928222656,0.26039680818079336,1.17,21002.73,0.49,0.02,268.84,0.011,2.15,55620.6,0.497,0.02,268.84,0.011,604409.9044177823,25.249052047729492,0.304625711512776,1.18,25507.95,0.542,0.02,327.12,0.011,3.07,69462.2,0.555,0.02,327.12,0.011
02,0,-7000,7000.0,462952.0598420582,12.301300048828125,0.2603048404082238,1.19,21308.639999999996,0.493,0.02,270.72,0.011,2.21,56358.6,0.5,0.02,270.72,0.011,599096.5875674514,26.1881046295166,0.3023496078231382,1.32,25384.35,0.542,0.02,327.12,0.011,2.46,69101.4,0.554,0.02,327.12,0.011
02,0,-6500,6500.0,467935.3807898435,12.002618789672852,0.2610590849865725,0.95,21144.870000000003,0.492,0.02,274.48,0.011,2.21,57031.0,0.503,0.02,274.48,0.011,597055.2748741761,27.227365493774414,0.3010648030111705,1.39,24889.95,0.538,0.02,323.36,0.011,2.52,68748.8,0.554,0.02,323.36,0.011
02,0,-6000,6000.0,479016.07748058013,11.377362251281738,0.26293962815988275,0.33,6788.6,0.363,0.02,274.48,0.011,1.84,56793.200000000004,0.503,0.02,274.48,0.011,602442.7496158424,28.304580688476562,0.3016887888877381,1.5,24058.96,0.354,0.02,323.36,0.011,2.62,67576.2,0.55,0.02,323.36,0.011
02,0,-5500,5500.0,497379.0325250706,10.549552917480469,0.26744545764832667,0.62,20801.879999999997,0.49,0.02,274.48,0.011,1.5,56383.200000000004,0.502,0.02,274.48,0.011,615131.8218787535,29.206357955932617,0.3048879570866294,1.57,24998.18,0.361,0.02,315.84,0.011,2.73,66346.2,0.547,0.02,315.84,0.011
02,0,-5000,5000.0,528924.8527171359,9.960733413696289,0.2759167721604698,1.91,65432.76,0.462,0.02,274.48,0.011,1.31,55833.8,0.501,0.02,274.48,0.011,638440.0720289258,30.115629196166992,0.3107156483223442,1.72,26945.04,0.376,0.02,313.96,0.011,2.83,65723.00000000001,0.545,0.02,313.96,0.011
02,0,-4500,4500.0,570816.890938158,11.539222717285156,0.28797019123117873,2.76,70601.28,0.477,0.01,270.72,0.011,1.12,55481.2,0.5,0.01,270.72,0.011,665184.4188099704,30.941614151000977,0.31728458416961947,1.86,28612.0,0.388,0.02,312.08,0.011,2.87,65345.8,0.543,0.02,312.08,0.011
02,0,-4000,4000.0,625314.4702715977,13.270675659179688,0.3036349911824592,3.69,75761.01,0.49,0.01,268.84,0.011,1.16,57408.200000000004,0.507,0.01,268.84,0.011,693961.0796570287,32.076515197753906,0.3240000926523309,2.02,31532.29,0.408,0.02,310.2,0.011,2.97,66641.4,0.547,0.02,310.2,0.011
02,0,-3500,3500.0,679152.8223571477,16.004547119140625,0.31755890991680313,4.29,80024.16,0.501,0.01,280.12,0.011,1.25,59835.4,0.515,0.01,280.12,0.011,719858.2574406855,32.772891998291016,0.3294850985217352,2.15,33808.81,0.421,0.02,319.6,0.011,3.07,68084.6,0.551,0.02,319.6,0.011
02,0,-3000,3000.0,731496.3693571633,19.633098602294922,0.3302714355969655,4.38,83285.25,0.508,0.01,282.0,0.011,1.46,64370.0,0.529,0.01,282.0,0.011,739870.0724129207,34.17891311645508,0.3344806874281378,1.98,22228.5,0.436,0.02,321.48,0.011,3.34,70561.0,0.557,0.02,321.48,0.011
02,0,-2500,2500.0,778432.8436864208,23.296621322631836,0.3402358829095901,1.36,20614.64,0.45,0.02,308.32,0.011,1.71,69134.2,0.542,0.02,308.32,0.011,753850.972823982,34.873382568359375,0.337813839248194,1.99,22411.2,0.438,0.03,332.76,0.011,3.63,73381.8,0.564,0.03,332.76,0.011
02,0,-2000,2000.0,817421.4874919439,26.451374053955078,0.34869570022169066,1.83,30374.7,0.563,0.02,315.84,0.011,2.48,74890.6,0.557,0.02,315.84,0.011,757947.7672002016,34.467594146728516,0.34002936650987375,0.96,10768.8,0.458,0.03,336.52,0.011,3.94,76801.2,0.572,0.03,336.52,0.011
02,0,-1500,1500.0,847148.1402241293,28.573179244995117,0.354225116964396,1.96,31678.68,0.57,0.02,406.08,0.013,3.52,80532.2,0.571,0.02,406.08,0.013,756009.4124033115,32.495914459228516,0.3410009952019136,1.01,11453.4,0.469,0.03,680.56,0.022,4.19,80089.4,0.58,0.03,680.56,0.022
02,0,-1000,1000.0,865483.4316719554,30.3692626953125,0.3585942147398304,2.1,33177.33,0.579,0.04,706.88,0.022,4.22,84976.6,0.581,0.04,706.88,0.022,738828.596248551,28.39288902282715,0.3383590067865223,2.16,30822.75,0.575,0.03,891.12,0.028,4.24,82172.2,0.584,0.03,891.12,0.028
02,0,-500,500.0,875715.3879557502,30.040693283081055,0.3609811167813232,1.99,33906.57,0.582,0.07,1791.6399999999999,0.053,4.68,88658.4,0.588,0.07,1791.6399999999999,0.053,714928.6714587534,24.072668075561523,0.3337425360129705,1.82,30155.31,0.571,0.05,1363.0,0.042,4.19,83508.8,0.587,0.05,1363.0,0.042
02,0,0,0.0,871035.8577985351,26.292322158813477,0.3598976407011149,2.12,34747.05,0.587,0.08,2088.68,0.061,4.55,90962.6,0.593,0.08,2088.68,0.061,680575.0481200684,23.397417068481445,0.32620755505417565,0.82,10893.4,0.459,0.06,1500.24,0.046,3.61,82147.6,0.584,0.06,1500.24,0.046
02,0,500,500.0,863855.8734088317,21.922149658203125,0.35843431381485885,1.79,34509.12,0.585,0.9,25272.17,0.081,4.38,92955.2,0.596,0.14,2579.36,0.074,645140.3305977101,22.251062393188477,0.3179906207510424,0.86,10056.2,0.445,0.05,1182.52,0.037,3.61,80343.6,0.58,0.05,1182.52,0.037
02,0,1000,1000.0,851023.2940577765,18.863996505737305,0.35561904725888405,3.92,92971.6,0.596,0.84,24634.61,0.079,3.92,92971.6,0.596,0.16,2720.36,0.077,608982.6675990366,20.484214782714844,0.30860174330718987,1.89,26790.3,0.549,0.06,1086.64,0.034,3.83,76899.6,0.572,0.06,1086.64,0.034
02,0,1500,1500.0,836667.9921371681,16.914865493774414,0.3523575171569933,3.43,92389.4,0.595,0.74,24085.6,0.078,3.43,92389.4,0.595,0.18,2750.44,0.078,577273.959337783,18.170780181884766,0.30028627135816705,1.85,25384.35,0.539,0.03,398.56,0.013,3.96,73447.4,0.564,0.03,398.56,0.013
02,0,2000,2000.0,823200.8836359722,16.272008895874023,0.34926735939556014,2.91,90224.6,0.59,0.61,23961.63,0.077,2.91,90224.6,0.59,0.19,2756.08,0.078,551660.9812094887,15.443585395812988,0.29254201074614755,1.8,23842.44,0.528,0.03,345.92,0.011,3.87,69388.4,0.553,0.03,345.92,0.011
02,0,2500,2500.0,812947.110830338,15.669435501098633,0.34708460812811703,0.58,15101.13,0.425,0.59,24121.02,0.078,2.32,87936.8,0.585,0.14,2265.4,0.065,532865.3030237906,12.57111644744873,0.28741072674936496,1.58,23023.59,0.521,0.03,321.48,0.011,3.76,65632.8,0.543,0.03,321.48,0.011
02,0,3000,3000.0,810266.8349243497,16.358240127563477,0.34648940444246407,0.55,3392.64,0.125,0.84,25272.17,0.081,1.77,86132.8,0.581,0.12,2126.28,0.062,521130.66110192577,10.356082916259766,0.28389608234706454,1.35,22127.49,0.513,0.03,313.96,0.011,3.3,63025.2,0.535,0.03,313.96,0.011
02,0,3500,3500.0,811217.4643095091,19.066539764404297,0.3467248931852845,1.09,14974.96,0.289,0.09,1720.2,0.051,1.73,84648.6,0.578,0.09,1720.2,0.051,513073.7734877502,10.709268569946289,0.28186073177308263,2.8,60786.59999999999,0.528,0.03,300.8,0.011,2.8,60786.59999999999,0.528,0.03,300.8,0.011
02,0,4000,4000.0,817804.9669267253,22.168350219726562,0.3479869252584138,3.79,79681.35,0.499,0.09,1605.5199999999998,0.048,1.87,83779.4,0.577,0.09,1605.5199999999998,0.048,508684.2337815137,12.662043571472168,0.2803652299294204,0.81,21487.860000000004,0.508,0.03,297.04,0.011,1.99,59351.59999999999,0.523,0.03,297.04,0.011
02,0,4500,4500.0,825020.4139937498,24.96666717529297,0.3492122178163281,1.19,20010.12,0.443,0.09,1502.12,0.045,1.97,82877.4,0.575,0.09,1502.12,0.045,509750.3510870008,14.378852844238281,0.2811519092880626,0.81,21515.67,0.508,0.02,287.64,0.011,1.68,58490.6,0.521,0.02,287.64,0.011
02,0,5000,5000.0,835323.3506441832,27.847122192382812,0.35133181824626925,1.3,20599.4,0.449,0.09,1458.88,0.044,1.91,82754.4,0.575,0.09,1458.88,0.044,514661.3193320057,15.089250564575195,0.2823378014576012,0.97,21558.93,0.509,0.02,283.88,0.011,1.61,58482.399999999994,0.521,0.02,283.88,0.011
02,0,5500,5500.0,847501.1911816963,29.949661254882812,0.3540545865706839,1.17,16668.72,0.431,0.07,1393.08,0.042,2.32,82959.4,0.575,0.07,1393.08,0.042,521904.8232970572,15.283282279968262,0.2842468542885408,0.97,21441.51,0.508,0.02,285.76,0.011,1.79,58564.4,0.522,0.02,285.76,0.011
02,0,6000,6000.0,862518.5598826245,31.06127166748047,0.3575321716098401,1.95,31947.51,0.571,0.07,1376.16,0.042,3.06,84197.6,0.578,0.07,1376.16,0.042,533808.0679573437,14.992061614990234,0.2872509578881551,0.98,21333.360000000004,0.507,0.02,285.76,0.011,1.95,58449.6,0.521,0.02,285.76,0.011
02,0,6500,6500.0,878681.6838599739,31.44412612915039,0.36123502911595967,1.9,32491.35,0.574,0.05,1594.24,0.048,3.81,85845.8,0.581,0.05,1594.24,0.048,547135.6671077922,15.537884712219238,0.29055885138506493,0.48,7751.8,0.401,0.02,285.76,0.011,2.06,58252.80000000001,0.521,0.02,285.76,0.011
02,0,7000,7000.0,897216.8652262738,28.805997848510742,0.3649924690599413,1.85,33124.8,0.577,0.05,1660.04,0.049,4.01,87526.8,0.585,0.05,1660.04,0.049,564963.5230175696,17.06294059753418,0.2950027657885862,0.94,15684.3,0.397,0.02,285.76,0.011,1.93,58892.399999999994,0.523,0.02,285.76,0.011
02,0,7500,7500.0,917674.4343129649,26.089397430419922,0.36887277640595306,3.99,89027.4,0.588,0.13,2021.0,0.059,3.99,89027.4,0.588,0.13,2021.0,0.059,586674.1971806762,18.72396469116211,0.30080005695594186,0.93,14823.44,0.399,0.02,289.52,0.011,1.76,59769.8,0.527,0.02,289.52,0.011
02,0,8000,8000.0,944001.9473776448,26.409263610839844,0.37374798383858854,1.2,22517.1,0.465,0.17,2124.4,0.062,3.27,89896.6,0.589,0.17,2124.4,0.062,609632.8841240888,19.89108657836914,0.3071991065664504,0.96,15895.32,0.411,0.02,289.52,0.011,1.96,61122.80000000001,0.531,0.02,289.52,0.011
02,0,8500,8500.0,974332.7016726614,27.999767303466797,0.3792722914533241,1.54,33993.09,0.581,0.21,2267.28,0.065,3.02,90708.4,0.591,0.21,2267.28,0.065,631857.0174202458,20.487510681152344,0.31307474930558893,0.55,8570.8,0.418,0.02,297.04,0.011,2.2,62606.99999999999,0.536,0.02,297.04,0.011
02,0,9000,9000.0,1012276.3626818082,28.97774887084961,0.3862590258329015,1.71,34280.46,0.582,0.22,2318.04,0.066,3.46,91372.6,0.592,0.22,2318.04,0.066,652142.5251691395,19.95172691345215,0.31858242919298235,1.3,24315.21,0.533,0.02,298.92,0.011,2.51,64238.8,0.54,0.02,298.92,0.011
02,0,9500,9500.0,1050695.319075033,29.443817138671875,0.3927970578205987,1.7,35250.72,0.587,0.22,2451.52,0.07,3.82,92176.2,0.593,0.22,2451.52,0.07,670639.9956164514,18.576833724975586,0.3232987657984375,1.32,25384.35,0.541,0.03,306.44,0.011,2.81,65936.2,0.546,0.03,306.44,0.011
02,0,10000,10000.0,1090100.8740822426,30.281965255737305,0.39899036029246177,1.68,36350.76,0.592,0.22,2491.0,0.071,3.91,94701.8,0.598,0.22,2491.0,0.071,686892.0304236294,16.388195037841797,0.32746622243166196,1.34,26614.17,0.55,0.03,310.2,0.011,2.91,69003.0,0.554,0.03,310.2,0.011
02,0,10500,10500.0,1128913.19714417,30.537517547607422,0.4049417979877154,1.83,50652.57,0.495,0.23,3068.16,0.085,3.91,97473.4,0.603,0.23,3068.16,0.085,698396.7999016239,16.094614028930664,0.32984582647850325,1.12,27207.45,0.554,0.03,327.12,0.011,2.96,71971.4,0.562,0.03,327.12,0.011
02,0,11000,11000.0,1163576.4379892838,30.552318572998047,0.4099335008101173,2.2,53650.61,0.507,0.24,3239.24,0.089,3.67,101548.8,0.61,0.24,3239.24,0.089,705225.0800460591,18.242382049560547,0.33171796427014466,1.15,18778.5,0.43,0.03,332.76,0.011,2.6,73783.6,0.567,0.03,332.76,0.011
02,0,11500,11500.0,1195202.027274293,32.755313873291016,0.414315194861048,2.39,55625.46000000001,0.513,0.27,4224.36,0.111,3.4,105599.6,0.617,0.27,4224.36,0.111,709618.5115979459,19.409231185913086,0.332975567044395,1.2,17749.52,0.432,0.02,441.8,0.015,2.21,75366.2,0.571,0.02,441.8,0.015
02,0,12000,12000.0,1219882.2713146068,35.26607894897461,0.41798665972483345,2.61,57762.03,0.52,0.28,4513.88,0.117,3.16,109297.8,0.624,0.28,4513.88,0.117,707576.6233976451,19.62665367126465,0.33291494013814493,1.28,19409.959999999995,0.432,0.02,524.52,0.017,2.04,75833.6,0.572,0.02,524.52,0.017
02,0,12500,12500.0,1240996.393171922,37.8017463684082,0.42106848295698257,2.67,58779.0,0.523,0.38,5423.8,0.135,3.52,112602.4,0.629,0.38,5423.8,0.135,703200.1433913468,18.876758575439453,0.3323033939623417,0.73,10214.4,0.451,0.03,524.52,0.017,2.37,76497.8,0.573,0.03,524.52,0.017
02,0,13000,13000.0,1254762.51266189,40.115379333496094,0.4232695513065614,2.6,58713.69,0.521,0.4,5685.12,0.14,3.93,114308.0,0.632,0.4,5685.12,0.14,695807.0271785739,16.060705184936523,0.33101763091875075,1.56,28703.01,0.564,0.03,526.4,0.017,2.78,76989.8,0.575,0.03,526.4,0.017
02,0,13500,13500.0,1265270.7885447026,41.78238296508789,0.42490434358566176,2.47,58101.02,0.518,3.72,77994.84,0.194,4.27,115513.4,0.634,0.5,6130.68,0.148,686916.9977275773,13.074027061462402,0.3293661935137814,1.29,28465.08,0.563,0.03,680.56,0.022,3.02,77334.2,0.576,0.03,680.56,0.022
02,0,14000,14000.0,1272342.882599601,42.43362045288086,0.426132539123698,2.26,57370.17,0.515,3.49,77835.45,0.194,4.42,116423.59999999999,0.635,0.52,6258.52,0.151,675727.3944211656,14.601333618164062,0.3267951796963875,1.54,28236.42,0.562,0.04,723.8,0.024,2.56,77268.6,0.576,0.04,723.8,0.024
02,0,14500,14500.0,1277035.7837242223,42.333072662353516,0.42674899827030444,2.09,56959.65,0.512,3.27,77906.29,0.194,4.5,116850.0,0.636,0.57,6600.68,0.157,664748.6753882093,15.784907341003418,0.32419686248359697,1.2,27392.85,0.556,0.04,814.04,0.027,2.95,76743.8,0.575,0.04,814.04,0.027
02,0,15000,15000.0,1281674.0382996423,41.19428634643555,0.4273474303604331,1.27,23074.8,0.505,3.1,79216.83,0.196,4.36,116956.6,0.636,0.58,6698.4400000000005,0.159,655653.0137475253,15.860625267028809,0.32140512430850793,0.44,9843.4,0.446,0.05,838.48,0.027,2.56,74841.4,0.571,0.05,838.48,0.027
02,0,15500,15500.0,1288184.390842775,39.75439453125,0.42820560951659903,1.78,57357.73,0.513,3.01,80952.41,0.199,4.2,116973.0,0.637,0.56,6752.96,0.16,651070.0333989993,15.651620864868164,0.3199230399563055,0.44,9262.4,0.435,0.03,490.68,0.016,1.96,72668.4,0.566,0.03,490.68,0.016
02,0,16000,16000.0,1300140.4330421456,38.538856506347656,0.42995576118154233,1.7,58163.22,0.517,2.99,83892.27,0.204,3.9,116628.59999999999,0.635,0.56,6769.88,0.16,658181.7285002641,14.741059303283691,0.32114401742456666,0.98,25158.78,0.541,0.02,404.2,0.014,1.95,70569.2,0.56,0.02,404.2,0.014
02,0,16500,16500.0,1312548.2685905087,35.809261322021484,0.4314652919958877,1.65,58968.71000000001,0.52,3.03,87239.46,0.209,3.62,116407.2,0.635,0.5,6653.32,0.157,672555.6791505583,14.175152778625488,0.3244920289515894,2.69,69221.25,0.485,0.02,327.12,0.011,2.01,68855.4,0.556,0.02,327.12,0.011
02,0,17000,17000.0,1329452.3097941587,33.90549850463867,0.43378390928055444,1.6,60803.61,0.527,3.06,90444.97,0.215,3.31,116358.0,0.633,0.48,6623.239999999999,0.157,696386.834075178,14.056503295898438,0.32994643394972734,2.67,72869.1,0.493,0.02,323.36,0.011,1.93,68379.8,0.555,0.02,323.36,0.011
02,0,17500,17500.0,1346534.0027533306,32.18768310546875,0.4361500295021758,1.63,62492.34,0.532,3.07,93756.74,0.22,2.99,116456.40000000001,0.632,0.43,6580.0,0.155,722471.3220109405,14.539117813110352,0.3358305731914497,0.96,25841.67,0.547,0.02,319.6,0.011,1.83,68420.8,0.556,0.02,319.6,0.011
02,0,18000,18000.0,1365862.659950245,32.01884078979492,0.4392600445428245,1.66,64432.98,0.538,2.99,95403.77,0.223,2.62,117637.2,0.633,0.41,6568.72,0.155,748811.2035478107,16.662309646606445,0.34184769832092343,1.01,26626.53,0.552,0.01,319.6,0.011,1.93,69855.8,0.56,0.01,319.6,0.011
02,0,18500,18500.0,1385510.5453530252,32.43825912475586,0.44241966026439905,1.63,65462.39,0.542,3.0,96891.41,0.226,2.59,119137.8,0.635,0.36,6799.96,0.159,772630.0822465355,19.554630279541016,0.3470016606452284,1.14,33982.97,0.421,0.02,325.24,0.011,2.07,71791.0,0.564,0.02,325.24,0.011
02,0,19000,19000.0,1402001.3613966317,32.959571838378906,0.44524474945284304,1.58,66224.34,0.544,2.96,96785.15,0.226,2.75,120900.8,0.637,0.35,6867.64,0.16,787130.2057306947,22.45279312133789,0.3503604666116761,1.36,34576.98,0.424,0.02,327.12,0.011,2.1,75366.2,0.572,0.02,327.12,0.011
02,0,19500,19500.0,1414752.9428633936,33.21779251098633,0.44725129394973684,1.29,32519.62,0.532,2.91,95917.36,0.224,2.87,122655.60000000002,0.64,0.36,7311.32,0.168,792734.2288593883,24.93042755126953,0.35117508899513866,1.5,34505.45,0.424,0.02,731.32,0.024,2.24,79113.6,0.58,0.02,731.32,0.024
02,0,20000,20000.0,1416382.6436543476,32.86180114746094,0.4480218539484446,1.69,37172.2,0.525,2.82,91808.64,0.218,2.83,123943.0,0.643,0.37,7437.28,0.17,784268.3178306662,27.433149337768555,0.3496413451513843,1.56,32785.62,0.413,0.07,2179.13,0.038,2.37,82287.0,0.586,0.04,934.36,0.03
02,0,20500,20500.0,1410386.5675768324,31.9311466217041,0.44786855587949825,1.71,37192.5,0.525,2.73,86619.61,0.21,2.74,124705.60000000002,0.644,0.38,7879.079999999999,0.177,769006.1480197299,28.826431274414062,0.34651849662478146,1.55,30770.34,0.402,0.65,12857.46,0.047,2.72,84706.0,0.59,0.12,1648.76,0.051
03,0,-21000,21000.0,90054.68097572884,13.79152774810791,0.1735031719741442,0.72,1656.24,0.226,0.03,69.56,0.009,1.86,10619.0,0.321,0.03,69.56,0.009,57397.013288124625,7.506424427032471,0.1677969895218683,1.17,3238.32,0.319,0.03,69.56,0.01,2.38,9389.0,0.329,0.03,69.56,0.01
03,0,-20500,20500.0,92483.15282385884,13.4013671875,0.17344957564285945,0.64,1620.06,0.226,0.03,63.92000000000001,0.009,1.95,10233.6,0.32,0.03,63.92000000000001,0.009,51547.244652838024,5.784525394439697,0.16113125467226447,0.96,2950.95,0.312,0.02,54.519999999999996,0.009,2.34,8503.4,0.321,0.02,54.519999999999996,0.009
03,0,-20000,20000.0,97551.12761848177,12.729331970214844,0.1747198862899461,0.58,1662.27,0.227,0.03,62.04,0.009,1.82,9758.0,0.318,0.03,62.04,0.009,47240.317990072785,4.198291778564453,0.15384073635908768,0.82,2635.77,0.303,0.01,50.76,0.009,1.88,7626.000000000001,0.312,0.01,50.76,0.009
03,0,-19500,19500.0,103707.55215622303,12.094669342041016,0.17675187858157498,0.74,3565.8599999999997,0.315,0.02,58.28,0.009,1.69,9307.0,0.317,0.02,58.28,0.009,44298.7557836358,3.6709444522857666,0.14912644982701878,1.65,6830.6,0.302,0.01,41.36,0.008,1.65,6830.6,0.302,0.01,41.36,0.008
03,0,-19000,19000.0,111981.17310122543,11.55423641204834,0.18114372786140023,0.76,3729.63,0.32,0.02,58.28,0.009,1.7,9626.8,0.32,0.02,58.28,0.009,42786.91814080339,4.821880340576172,0.14554324151494527,0.51,1044.0,0.175,0.01,37.6,0.008,1.17,6059.8,0.291,0.01,37.6,0.008
03,0,-18500,18500.0,119840.06005327938,11.680660247802734,0.18477939957794523,0.8,4143.69,0.326,0.02,62.04,0.009,1.71,10069.6,0.325,0.02,62.04,0.009,41810.72252551421,5.470739841461182,0.14339523761045794,0.27,571.2,0.196,0.01,30.08,0.007,0.66,5297.2,0.278,0.01,30.08,0.007
03,0,-18000,18000.0,127150.94686955817,11.849167823791504,0.1892020448010189,0.85,4604.1,0.333,0.02,63.92000000000001,0.009,1.74,11160.2,0.331,0.02,63.92000000000001,0.009,41641.13796038109,5.55217981338501,0.1418779339001546,0.27,575.4,0.196,0.01,28.2,0.007,0.63,4977.4,0.272,0.01,28.2,0.007
03,0,-17500,17500.0,133000.1353793472,11.82481861114502,0.1923836387847044,0.84,5039.79,0.337,0.02,75.2,0.009,1.76,12300.0,0.337,0.02,75.2,0.009,42017.53159518566,5.469954967498779,0.14178220124602273,0.42,896.4000000000001,0.188,0.01,26.320000000000004,0.007,0.92,4756.0,0.266,0.01,26.320000000000004,0.007
03,0,-17000,17000.0,136386.3894346403,11.637824058532715,0.19399890050158167,0.82,5524.92,0.342,0.02,78.96,0.009,1.68,13603.8,0.342,0.02,78.96,0.009,42846.95790545565,5.259066581726074,0.14236355081419846,0.62,1946.7,0.275,0.02,24.44,0.006,0.97,4846.2,0.267,0.02,24.44,0.006
03,0,-16500,16500.0,138395.56662789546,11.96324634552002,0.19430988136031954,0.81,5660.88,0.342,0.02,94.0,0.01,1.59,14784.600000000002,0.347,0.02,94.0,0.01,44026.427543469166,5.545217037200928,0.1436905344310791,0.58,1906.53,0.272,0.02,26.320000000000004,0.006,0.99,5010.2,0.271,0.02,26.320000000000004,0.006
03,0,-16000,16000.0,138893.1089691763,13.673616409301758,0.19331070881946005,0.81,5827.74,0.343,0.02,97.76,0.01,1.56,15366.799999999997,0.348,0.02,97.76,0.01,45570.15491482598,6.302042007446289,0.1465905077552201,0.54,1866.36,0.27,0.02,26.320000000000004,0.006,0.93,4977.4,0.27,0.02,26.320000000000004,0.006
03,0,-15500,15500.0,139410.06060231704,15.880614280700684,0.191892402486649,0.93,5140.64,0.253,0.02,105.28000000000002,0.01,1.8,15768.6,0.35,0.02,105.28000000000002,0.01,46919.943308734764,7.309434413909912,0.14911101230496224,0.7,1666.08,0.195,0.02,26.320000000000004,0.006,0.87,4911.8,0.269,0.02,26.320000000000004,0.006
03,0,-15000,15000.0,140835.54838699693,18.324766159057617,0.19215853520813514,0.98,5222.52,0.253,0.02,107.15999999999998,0.01,1.53,15465.2,0.349,0.02,107.15999999999998,0.01,47946.580650658376,8.678915977478027,0.1511319654626841,0.63,1374.6,0.198,0.01,28.2,0.007,0.94,4993.8,0.27,0.01,28.2,0.007
03,0,-14500,14500.0,143198.84930027474,20.36272621154785,0.19327767479371474,1.05,5300.84,0.254,0.02,101.52,0.01,1.5,15079.8,0.347,0.02,101.52,0.01,48873.68655852847,10.112931251525879,0.15271788705773093,0.66,1021.02,0.133,0.01,28.2,0.007,1.04,5067.6,0.27,0.01,28.2,0.007
03,0,-14000,14000.0,146707.53236938472,21.94007110595703,0.19666949851417667,0.97,4436.1,0.269,0.02,101.52,0.01,1.78,14702.6,0.345,0.02,101.52,0.01,49935.34944383482,11.607948303222656,0.15577970802555563,0.81,1351.4,0.199,0.01,30.08,0.007,1.15,5371.0,0.275,0.01,30.08,0.007
03,0,-13500,13500.0,150022.80486006566,22.613548278808594,0.20010849035716194,0.97,4196.08,0.27,0.02,95.88,0.01,2.07,14464.8,0.344,0.02,95.88,0.01,50678.19320929985,12.744865417480469,0.15802706016694357,2.76,6557.34,0.26,0.01,33.84,0.007,1.26,5682.6,0.28,0.01,33.84,0.007
03,0,-13000,13000.0,151851.87485258322,22.14372444152832,0.20278071100920528,1.05,4587.0,0.27,0.02,95.88,0.01,2.38,15342.2,0.349,0.02,95.88,0.01,50774.13527029257,13.303215026855469,0.15971732670487707,3.0,6768.3,0.264,0.02,35.72,0.008,1.49,5666.2,0.281,0.02,35.72,0.008
03,0,-12500,12500.0,152201.32228585644,21.246328353881836,0.20456850654905048,0.58,2415.0,0.282,0.02,105.28000000000002,0.01,2.65,16334.400000000001,0.354,0.02,105.28000000000002,0.01,51019.83232266111,13.35302448272705,0.16194955548831577,0.79,1136.16,0.207,0.21,779.24,0.021,1.75,5690.8,0.283,0.03,33.84,0.008
03,0,-12000,12000.0,149608.25551396556,19.67633056640625,0.2048818002908787,1.47,6964.86,0.364,0.02,109.03999999999999,0.01,2.82,17638.2,0.365,0.02,109.03999999999999,0.01,50606.24310618191,12.742749214172363,0.16292026124006095,1.37,2453.46,0.298,0.19,708.4,0.02,2.07,5977.8,0.29,0.03,33.84,0.008
03,0,-11500,11500.0,145678.1158761336,18.070951461791992,0.20405015780462513,1.25,6816.54,0.361,0.03,118.44,0.01,3.03,19089.6,0.38,0.03,118.44,0.01,49512.621587707516,11.618021965026855,0.16232128551807778,1.45,2490.54,0.301,0.21,637.56,0.019,2.42,6330.4,0.297,0.03,35.72,0.007
03,0,-11000,11000.0,139232.60443877606,16.692428588867188,0.20080924214760829,2.74,18646.8,0.376,0.03,120.32,0.01,2.74,18646.8,0.376,0.03,120.32,0.01,47657.94563778177,9.98745059967041,0.16074321063665406,1.53,2539.98,0.304,0.22,549.01,0.017,2.5,6371.4,0.299,0.03,35.72,0.007
03,0,-10500,10500.0,133033.41004728246,15.925464630126953,0.1977137854382633,2.52,18163.0,0.371,0.02,116.56,0.01,2.52,18163.0,0.371,0.02,116.56,0.01,45288.944428826435,8.231474876403809,0.15787754502127865,1.42,2539.98,0.303,0.18,495.88000000000005,0.016,2.58,6445.2,0.301,0.03,35.72,0.008
03,0,-10000,10000.0,127424.09457851772,16.666536331176758,0.19288783275232793,2.19,16711.6,0.356,0.02,114.68,0.01,2.19,16711.6,0.356,0.02,114.68,0.01,42530.65835184756,6.559414863586426,0.15232021633923523,1.29,2543.07,0.303,0.24,495.88000000000005,0.016,2.33,6387.8,0.299,0.03,35.72,0.008
03,0,-9500,9500.0,124274.79197843513,18.133066177368164,0.1900037706938352,2.4,13070.73,0.292,0.02,103.40000000000002,0.01,1.86,15826.0,0.353,0.02,103.40000000000002,0.01,39975.33584410694,5.130099773406982,0.14684800821286367,0.99,2400.93,0.297,0.03,33.84,0.007,2.08,6363.2,0.298,0.03,33.84,0.007
03,0,-9000,9000.0,124338.93162001422,20.69402503967285,0.18834980550689365,2.95,13984.89,0.296,0.02,101.52,0.01,1.99,15022.4,0.348,0.02,101.52,0.01,37648.910884612356,4.598258018493652,0.13917497690960862,0.66,2252.61,0.29,0.03,33.84,0.007,1.54,6051.6,0.293,0.03,33.84,0.007
03,0,-8500,8500.0,126273.37760931841,22.662872314453125,0.18790799384676,3.54,15153.959999999997,0.301,0.02,92.12,0.01,2.12,14309.0,0.344,0.02,92.12,0.01,36258.627728932974,4.76500129699707,0.13364409889682333,0.51,2030.13,0.28,0.02,89.75,0.012,1.01,5690.8,0.287,0.02,31.960000000000004,0.007
03,0,-8000,8000.0,130035.11744798216,24.797090530395508,0.18869796892639823,1.31,4009.5,0.263,0.02,90.24,0.01,1.91,13694.0,0.341,0.02,90.24,0.01,36568.893871041015,5.957444190979004,0.13144747241361898,0.59,1789.11,0.268,0.01,30.08,0.007,0.86,5116.8,0.276,0.01,30.08,0.007
03,0,-7500,7500.0,134415.24501136568,26.896886825561523,0.19006831497580845,4.88,17852.49,0.31,0.02,84.6,0.01,2.17,13144.600000000002,0.339,0.02,84.6,0.01,37848.055202334035,6.653623580932617,0.13173239409390294,0.46,965.7,0.165,0.01,22.56,0.006,0.99,4551.0,0.264,0.01,22.56,0.006
03,0,-7000,7000.0,139834.4975905156,28.98447036743164,0.19288048244806572,5.49,18511.74,0.312,0.02,82.72,0.009,2.8,13726.799999999997,0.342,0.02,82.72,0.009,40800.330666841364,7.103335380554199,0.1355288338711985,0.26,591.6,0.163,0.01,20.68,0.006,0.86,4239.4,0.256,0.01,20.68,0.006
03,0,-6500,6500.0,144557.07959659162,30.356761932373047,0.19499424565438833,5.86,18898.5,0.313,0.03,88.36,0.01,3.44,14530.399999999998,0.345,0.03,88.36,0.01,44485.85225874722,7.481504440307617,0.14073839495157414,0.23,567.0,0.188,0.01,18.8,0.006,0.71,4001.6,0.249,0.01,18.8,0.006
03,0,-6000,6000.0,148916.89175161897,31.583744049072266,0.19674882860512177,2.17,6903.06,0.363,0.03,90.24,0.01,4.19,16055.599999999999,0.352,0.03,90.24,0.01,49016.16845881044,7.880016326904297,0.1481468297666383,0.22,592.2000000000002,0.191,0.01,18.8,0.005,0.82,4387.0,0.255,0.01,18.8,0.005
03,0,-5500,5500.0,153457.68201306422,32.28599548339844,0.19923524575716967,2.46,7344.93,0.376,0.04,105.28000000000002,0.01,4.95,18318.8,0.373,0.04,105.28000000000002,0.01,52959.0432760353,8.064728736877441,0.15374535223368832,1.37,6908.94,0.259,0.01,22.56,0.006,0.92,4797.0,0.261,0.01,22.56,0.006
03,0,-5000,5000.0,157199.97335302545,31.705183029174805,0.20011216884255564,2.78,7833.15,0.389,0.04,110.92,0.01,5.62,19704.6,0.388,0.04,110.92,0.01,56330.79882985176,8.071768760681152,0.15965088673017316,1.5,7225.380000000001,0.262,0.01,24.44,0.006,1.01,5305.4,0.27,0.01,24.44,0.006
03,0,-4500,4500.0,161784.3698002427,30.887331008911133,0.2011222079706288,2.78,7743.54,0.387,0.05,118.44,0.01,6.24,20688.6,0.397,0.05,118.44,0.01,58838.26186359529,7.867824554443359,0.1635142033436132,1.47,7453.92,0.264,0.01,31.960000000000004,0.007,1.07,5830.2,0.279,0.01,31.960000000000004,0.007
03,0,-4000,4000.0,167164.4159038471,28.898971557617188,0.20280128106358714,2.78,7650.840000000001,0.386,0.05,120.32,0.011,6.29,20475.4,0.396,0.05,120.32,0.011,60491.39626160268,7.743518352508545,0.1658678981716146,0.7,1541.48,0.189,0.01,33.84,0.007,1.07,6428.8,0.289,0.01,33.84,0.007
03,0,-3500,3500.0,172701.9265872066,25.616811752319336,0.2041722399383192,6.2,20213.0,0.395,0.05,118.44,0.01,6.2,20213.0,0.395,0.05,118.44,0.01,61412.66838127431,7.963760852813721,0.16630696525217767,0.79,1530.8,0.19,0.01,39.48,0.008,1.07,7019.2,0.298,0.01,39.48,0.008
03,0,-3000,3000.0,178854.47474516986,22.52469825744629,0.20822874078036077,4.87,19319.2,0.386,0.05,116.56,0.01,4.87,19319.2,0.386,0.05,116.56,0.01,61919.356395901836,9.776915550231934,0.16487282455759675,0.77,1365.9,0.197,0.01,41.36,0.008,1.14,7232.4,0.302,0.01,41.36,0.008
03,0,-2500,2500.0,185675.2191325495,22.511987686157227,0.21415804087937387,4.26,22924.32,0.34,0.04,112.8,0.01,3.52,18564.8,0.379,0.04,112.8,0.01,62909.55473516397,11.495232582092285,0.163987727687052,0.79,1363.0,0.197,0.01,43.24,0.008,1.21,7404.599999999999,0.305,0.01,43.24,0.008
03,0,-2000,2000.0,191007.9440465899,22.100841522216797,0.2212050378112814,1.51,8602.56,0.407,0.03,110.92,0.01,3.51,20869.0,0.401,0.03,110.92,0.01,65273.95409230812,13.60027027130127,0.1640953679164703,1.15,2175.16,0.214,0.01,43.24,0.008,1.04,7338.999999999999,0.304,0.01,43.24,0.008
03,0,-1500,1500.0,191671.61037468287,21.446420669555664,0.22513137983148337,1.58,9467.76,0.425,0.03,127.84000000000002,0.011,3.53,23263.4,0.422,0.03,127.84000000000002,0.011,68848.32093313872,16.188554763793945,0.16597213366037766,1.4,2385.2,0.22,0.01,43.24,0.008,0.98,7306.2,0.303,0.01,43.24,0.008
03,0,-1000,1000.0,186178.701978338,20.06624412536621,0.22648753517300357,1.86,10456.560000000001,0.444,0.03,131.6,0.011,3.61,25985.8,0.443,0.03,131.6,0.011,74092.01790655879,19.72303009033203,0.16831922654987688,1.82,2890.7199999999993,0.231,0.02,41.36,0.008,1.23,7248.8,0.301,0.02,41.36,0.008
03,0,-500,500.0,176983.83467658825,20.952919006347656,0.22492556962563687,1.86,9965.25,0.435,0.03,150.4,0.011,3.7,28208.0,0.458,0.03,150.4,0.011,80483.45297675824,23.171287536621094,0.17145050101542403,2.09,3221.8000000000006,0.238,0.02,41.36,0.008,1.55,7306.2,0.302,0.02,41.36,0.008
03,0,0,0.0,163516.56618782945,20.817726135253906,0.2204534989164013,1.69,9443.04,0.426,0.03,156.04,0.011,3.66,26986.199999999997,0.45,0.03,156.04,0.011,87878.75096547438,25.747310638427734,0.17444049381347923,2.51,3716.64,0.246,0.02,39.48,0.008,2.0,7872.0,0.309,0.02,39.48,0.008
03,0,500,500.0,150765.11318425328,20.075899124145508,0.21608854918477147,1.44,8237.94,0.401,0.04,144.76,0.011,3.49,25510.2,0.441,0.04,144.76,0.011,94015.0678815874,27.815324783325195,0.17462312431750227,2.79,4029.92,0.25,0.02,47.0,0.008,2.44,8495.2,0.316,0.02,47.0,0.008
03,0,1000,1000.0,138439.49844946474,18.618303298950195,0.20788248629629458,1.26,6906.15,0.369,0.04,142.88,0.011,2.98,22041.6,0.414,0.04,142.88,0.011,100648.08656046199,30.281368255615234,0.17734180906906086,2.42,3361.1,0.252,0.02,48.88,0.008,2.99,9274.2,0.324,0.02,48.88,0.008
03,0,1500,1500.0,129529.81483854637,17.312667846679688,0.20230621449866415,1.14,6226.35,0.354,0.03,120.32,0.011,2.99,18802.6,0.385,0.03,120.32,0.011,106337.14959041134,32.673770904541016,0.17901781981083376,2.32,3472.2,0.265,0.03,58.28,0.009,3.52,10004.0,0.33,0.03,58.28,0.009
03,0,2000,2000.0,124709.10106414049,17.06125831604004,0.19606741143976608,2.81,16522.999999999996,0.362,0.03,112.8,0.01,2.81,16522.999999999996,0.362,0.03,112.8,0.01,111222.74351066866,35.458343505859375,0.18305331823349777,2.7,3625.0,0.257,0.03,60.16,0.009,4.3,11225.8,0.338,0.03,60.16,0.009
03,0,2500,2500.0,123417.17697560298,16.87388038635254,0.19347477948986652,2.62,15227.4,0.357,0.02,99.64,0.01,2.62,15227.4,0.357,0.02,99.64,0.01,114615.91051597425,37.78481674194336,0.18626296382565588,2.41,3469.64,0.27,0.05,73.32,0.01,5.08,12447.6,0.346,0.05,73.32,0.01
03,0,3000,3000.0,125260.01776197026,16.681486129760742,0.1928882211602483,2.26,14358.200000000003,0.354,0.02,95.88,0.01,2.26,14358.200000000003,0.354,0.02,95.88,0.01,115927.32851245871,38.57326889038086,0.1918201920282247,2.97,5382.780000000001,0.351,0.05,78.96,0.01,5.95,13456.2,0.352,0.05,78.96,0.01
03,0,3500,3500.0,128495.84823247096,18.409162521362305,0.19377717221459165,1.08,4930.6,0.256,0.02,86.48,0.01,1.93,13652.999999999998,0.351,0.02,86.48,0.01,115666.33704666598,38.26698303222656,0.19766164769792172,3.11,5552.73,0.354,0.06,88.36,0.01,6.71,14382.8,0.358,0.06,88.36,0.01
03,0,4000,4000.0,133446.4226465698,19.799345016479492,0.19731315590462578,0.96,4155.7,0.259,0.01,84.6,0.01,1.57,13562.8,0.351,0.01,84.6,0.01,111314.63343424967,34.63947296142578,0.20188175609272754,3.25,5753.58,0.357,0.07,92.12,0.01,7.0,14940.399999999998,0.361,0.07,92.12,0.01
03,0,4500,4500.0,138164.65668119126,20.360986709594727,0.201094001620179,0.99,4202.1,0.259,0.02,84.6,0.01,1.65,13612.000000000002,0.351,0.02,84.6,0.01,104086.17293533386,29.250926971435547,0.2028340149333665,2.89,5552.73,0.355,0.07,97.76,0.01,7.11,15358.6,0.363,0.07,97.76,0.01
03,0,5000,5000.0,141478.414631122,19.81224250793457,0.2035941873918666,0.88,4281.2,0.27,0.02,84.6,0.01,1.98,14555.0,0.355,0.02,84.6,0.01,92616.55794278794,21.972997665405273,0.1964953244868535,2.48,5333.340000000001,0.353,0.07,99.64,0.01,6.09,14817.4,0.362,0.07,99.64,0.01
03,0,5500,5500.0,143119.12384286005,18.339622497558594,0.20452103383279774,0.48,2252.6,0.282,0.02,97.76,0.01,2.31,15457.000000000002,0.358,0.02,97.76,0.01,82065.64439858164,15.756948471069336,0.1904809013168783,5.11,14194.199999999999,0.359,0.06,94.0,0.01,5.11,14194.199999999999,0.359,0.06,94.0,0.01
03,0,6000,6000.0,143022.4309581965,15.801554679870605,0.20368428528185148,1.15,6315.96,0.355,0.02,99.64,0.01,2.53,16359.0,0.361,0.02,99.64,0.01,71937.98502679594,11.136075019836426,0.18104706870407034,3.46,12546.0,0.352,0.05,92.12,0.01,3.46,12546.0,0.352,0.05,92.12,0.01
03,0,6500,6500.0,142620.60482932464,19.964174270629883,0.202141182384246,1.35,4371.68,0.251,0.02,109.03999999999999,0.01,2.7,17408.6,0.371,0.02,109.03999999999999,0.01,63681.07653836486,11.009511947631836,0.173436146960981,0.49,936.6,0.236,0.03,73.32,0.01,2.57,10832.2,0.342,0.03,73.32,0.01
03,0,7000,7000.0,141901.2961198945,23.369155883789062,0.19950398699908187,1.27,3755.7,0.265,0.03,112.8,0.01,2.36,16727.999999999996,0.365,0.03,112.8,0.01,57679.79104916516,10.164082527160645,0.16513716634569572,1.12,2743.9200000000005,0.308,0.02,69.56,0.01,1.94,9052.8,0.328,0.02,69.56,0.01
03,0,7500,7500.0,141912.53049307052,25.843339920043945,0.19683372739320343,1.24,3548.38,0.266,0.03,107.15999999999998,0.01,2.4,16104.8,0.361,0.03,107.15999999999998,0.01,54080.642139222895,10.404499053955078,0.16107383572507059,1.17,2530.71,0.301,0.02,48.88,0.009,2.25,7429.2,0.313,0.02,48.88,0.009
03,0,8000,8000.0,144619.28464856464,27.734970092773438,0.19610833141974118,1.29,3860.8,0.27,0.03,105.28000000000002,0.01,2.58,15514.400000000001,0.359,0.03,105.28000000000002,0.01,52812.08026957265,10.905017852783203,0.15808676266227065,1.22,2302.05,0.294,0.03,43.24,0.008,2.24,6658.399999999999,0.303,0.03,43.24,0.008
03,0,8500,8500.0,148536.01437929238,28.631288528442383,0.19648990396987243,1.62,5803.02,0.352,0.03,97.76,0.01,3.13,15063.4,0.357,0.03,97.76,0.01,53046.84525856674,11.711505889892578,0.15821493545464518,1.14,2261.88,0.293,0.03,39.48,0.008,2.23,6084.4,0.295,0.03,39.48,0.008
03,0,9000,9000.0,154744.1570815885,29.07267189025879,0.19940084615212625,1.91,6034.77,0.354,0.03,95.88,0.01,3.71,15522.6,0.359,0.03,95.88,0.01,54415.76487535931,12.623087882995605,0.16060127174172528,1.04,2221.71,0.291,0.03,37.6,0.008,2.03,5961.4,0.294,0.03,37.6,0.008
03,0,9500,9500.0,160278.77154987463,29.146038055419922,0.20206268953768444,2.0,6433.38,0.359,0.04,101.52,0.01,4.26,16129.400000000001,0.361,0.04,101.52,0.01,55933.806745130554,13.371232986450195,0.16351980792095955,0.93,2261.88,0.293,0.03,35.72,0.008,1.81,5887.6,0.293,0.03,35.72,0.008
03,0,10000,10000.0,165807.65400179697,28.646442413330078,0.20602934110089274,2.09,7150.26,0.378,0.04,103.40000000000002,0.01,4.51,17679.2,0.375,0.04,103.40000000000002,0.01,57379.79571236938,13.308606147766113,0.16718981253433937,0.54,1053.24,0.209,0.03,35.72,0.008,1.57,6018.8,0.295,0.03,35.72,0.008
03,0,10500,10500.0,169784.0775141849,27.882892608642578,0.20860759820858404,1.96,7598.31,0.389,0.04,114.68,0.011,4.69,19475.0,0.393,0.04,114.68,0.011,57897.82441732386,12.640356063842773,0.16939376085295862,0.83,2459.64,0.301,0.03,35.72,0.008,1.79,6174.6,0.299,0.03,35.72,0.008
03,0,11000,11000.0,172019.99870429325,26.18231773376465,0.21013376219142962,1.82,8111.25,0.402,0.04,118.44,0.011,4.47,20967.4,0.407,0.04,118.44,0.011,56810.63930581177,11.120450973510742,0.16651004965107088,0.89,2626.5,0.306,0.02,35.72,0.008,1.92,6584.599999999999,0.304,0.02,35.72,0.008
03,0,11500,11500.0,173232.89744929608,23.70306396484375,0.21060524397337838,1.67,7823.88,0.395,0.04,129.72,0.011,4.19,22164.6,0.418,0.04,129.72,0.011,55355.51166386875,9.538320541381836,0.16281480303652604,0.88,2663.5799999999995,0.307,0.02,41.36,0.008,2.01,6986.4,0.309,0.02,41.36,0.008
03,0,12000,12000.0,172933.21057688227,24.615373611450195,0.2091632258599082,1.5,7521.06,0.389,0.04,131.6,0.011,3.75,21697.2,0.415,0.04,131.6,0.011,53682.999882314216,9.175921440124512,0.15694556108489868,1.35,2203.64,0.216,0.02,41.36,0.008,1.91,7109.4,0.311,0.02,41.36,0.008
03,0,12500,12500.0,173139.40470210632,25.557435989379883,0.20804148253199625,1.74,5909.600000000001,0.263,0.03,127.84000000000002,0.011,3.5,20992.0,0.409,0.03,127.84000000000002,0.011,53246.3652182122,9.914596557617188,0.15312486949987072,1.6,2452.84,0.224,0.02,45.12,0.009,1.82,7166.8,0.312,0.02,45.12,0.009
03,0,13000,13000.0,175047.6129688157,26.548921585083008,0.20718728043564485,2.01,6251.36,0.266,0.03,125.96000000000001,0.011,3.68,20532.8,0.405,0.03,125.96000000000001,0.011,54815.7097446566,10.94743824005127,0.15252359481208463,1.7,2762.56,0.232,0.02,45.12,0.008,1.64,6404.2,0.302,0.02,45.12,0.008
03,0,13500,13500.0,177853.67212986102,27.06690216064453,0.20666411954641858,2.19,6482.76,0.268,0.03,124.08,0.011,3.82,20139.2,0.401,0.03,124.08,0.011,58683.570464092736,11.892822265625,0.15684211093083814,1.76,2961.92,0.237,0.02,33.84,0.008,1.47,5649.8,0.29,0.02,33.84,0.008
03,0,14000,14000.0,182737.23611001996,28.06399154663086,0.20638038413037874,1.95,5405.6,0.27,0.03,124.08,0.011,3.84,20122.8,0.4,0.03,124.08,0.011,64818.111144874914,13.136194229125977,0.16254306421075293,1.51,2331.5999999999995,0.237,0.02,31.960000000000004,0.007,1.57,5379.2,0.285,0.02,31.960000000000004,0.007
03,0,14500,14500.0,188899.74942261106,28.906166076660156,0.20661898286225436,1.98,5443.3,0.271,0.03,124.08,0.011,3.8,20229.4,0.4,0.03,124.08,0.011,71850.51411207078,15.635876655578613,0.16875652238784203,1.52,2360.6,0.238,0.02,30.08,0.007,1.6,5174.2,0.281,0.02,30.08,0.007
03,0,15000,15000.0,198306.13591345935,30.400285720825195,0.209195646463644,2.18,5913.1,0.274,0.04,124.08,0.011,3.93,20803.4,0.405,0.04,124.08,0.011,79808.23665209072,17.014917373657227,0.17371460244240022,1.44,2630.3,0.245,0.02,30.08,0.007,2.11,6018.8,0.295,0.02,30.08,0.007
03,0,15500,15500.0,208213.61319262942,31.452688217163086,0.21173826582454658,2.2,5950.8,0.274,0.04,127.84000000000002,0.011,3.99,21393.8,0.409,0.04,127.84000000000002,0.011,87324.26428173139,17.295106887817383,0.17633765798289078,0.73,1174.6,0.255,0.03,41.36,0.008,2.62,6920.8,0.308,0.03,41.36,0.008
03,0,16000,16000.0,218167.39284757094,31.805437088012695,0.2141299664165385,2.14,6675.8,0.279,0.04,129.72,0.011,4.16,22861.6,0.422,0.04,129.72,0.011,95976.52965951947,16.893278121948242,0.18186549657035728,1.62,3170.34,0.322,0.04,43.24,0.008,2.84,7773.6,0.318,0.04,43.24,0.008
03,0,16500,16500.0,227121.92288485603,31.68666648864746,0.21541081513839755,1.04,3137.4,0.298,0.05,139.12,0.011,4.27,24304.8,0.434,0.05,139.12,0.011,104962.58171356285,16.177499771118164,0.18700058976753847,1.63,3448.44,0.328,0.04,52.64000000000001,0.009,3.01,8577.2,0.327,0.04,52.64000000000001,0.009
03,0,17000,17000.0,235846.7559405006,29.797521591186523,0.2167293498540117,1.04,3236.8,0.301,0.05,142.88,0.011,4.47,26404.000000000004,0.45,0.05,142.88,0.011,114616.407938664,18.723005294799805,0.19527959780463083,1.53,3788.1,0.271,0.04,56.4,0.009,2.98,9348.0,0.333,0.04,56.4,0.009
03,0,17500,17500.0,245026.67652110104,32.46413040161133,0.21846523729516074,1.03,3879.4,0.331,0.05,156.04,0.011,4.62,28544.200000000004,0.465,0.05,156.04,0.011,121564.00842982388,22.823843002319336,0.1993884127185515,1.51,3589.02,0.272,0.04,65.8,0.01,2.95,10151.6,0.339,0.04,65.8,0.01
03,0,18000,18000.0,256443.1265918818,34.86669921875,0.22328927539083876,2.27,12196.23,0.476,0.05,159.8,0.011,4.6,31168.2,0.481,0.05,159.8,0.011,125421.83417668202,25.6343936920166,0.20049992140384737,1.73,3628.8,0.268,0.04,67.68,0.01,2.85,11463.6,0.346,0.04,67.68,0.01
03,0,18500,18500.0,268127.42828875396,37.40510940551758,0.22834806318167977,2.38,12635.01,0.482,0.05,172.96,0.011,5.33,33579.0,0.494,0.05,172.96,0.011,127279.26866311922,27.010717391967773,0.199819159193282,1.69,3436.62,0.27,0.04,80.84,0.01,2.74,12783.8,0.353,0.04,80.84,0.01
03,0,19000,19000.0,278061.29153640795,39.953975677490234,0.23515218004731547,2.78,13141.77,0.488,0.05,178.6,0.011,5.71,34800.8,0.5,0.05,178.6,0.011,127580.25831768724,27.087949752807617,0.19843759544516182,2.2,5864.82,0.359,0.04,84.6,0.01,3.58,14235.2,0.359,0.04,84.6,0.01
03,0,19500,19500.0,284929.2478505798,41.59901809692383,0.24055810621061255,2.86,13608.36,0.493,0.04,184.24,0.011,6.45,36030.8,0.506,0.04,184.24,0.011,127591.84403124107,26.7454891204834,0.19691663180216293,2.49,5877.18,0.359,0.04,97.76,0.01,4.76,15596.4,0.364,0.04,97.76,0.01
03,0,20000,20000.0,286037.2822877127,41.21004104614258,0.24538397787044447,2.89,14149.11,0.5,0.04,186.12,0.011,6.63,37318.2,0.511,0.04,186.12,0.011,127375.75790374674,25.193552017211914,0.19691934551175277,2.82,5895.719999999999,0.36,0.05,103.40000000000002,0.01,5.39,15621.0,0.364,0.05,103.40000000000002,0.01
03,0,20500,20500.0,281949.94644496986,39.60469436645508,0.24787074982574647,2.59,14745.48,0.505,0.04,193.64,0.011,6.68,38622.0,0.516,0.04,193.64,0.011,127782.16773739629,23.166179656982422,0.19768872551985586,2.6,5599.08,0.356,0.05,99.64,0.01,5.97,15580.0,0.365,0.05,99.64,0.01
04,0,-21000,21000.0,758625.8833179818,18.647789001464844,0.31994383555717454,1.16,32297.35,0.397,0.02,351.56,0.011,2.09,76940.6,0.556,0.02,351.56,0.011,982057.3722220614,37.81529998779297,0.38189605568122453,1.31,18039.75,0.454,0.17,3602.08,0.097,5.1,96432.0,0.6,0.17,3602.08,0.097
04,0,-20500,20500.0,807143.823296178,20.756181716918945,0.33183840527933134,1.02,21196.3,0.448,0.01,345.92,0.011,2.24,76506.0,0.555,0.01,345.92,0.011,988474.9905601414,34.06174850463867,0.3845072302022071,1.73,34963.35,0.585,0.19,3197.8800000000006,0.086,4.52,95259.4,0.597,0.19,3197.8800000000006,0.086
04,0,-20000,20000.0,861775.5726327858,23.854326248168945,0.3444254478088482,1.37,25056.0,0.467,0.01,344.04,0.011,2.24,79474.4,0.562,0.01,344.04,0.011,1000007.3297358167,30.35330581665039,0.3877795160268524,1.02,17358.36,0.452,0.2,3085.08,0.084,4.04,94505.0,0.596,0.2,3085.08,0.084
04,0,-19500,19500.0,914205.202225921,27.594280242919922,0.35595587732272727,1.42,23708.36,0.469,0.02,360.96,0.011,2.19,82844.6,0.57,0.02,360.96,0.011,1013464.9096141336,26.691144943237305,0.3911539687929869,1.0,17273.94,0.458,0.22,2848.2,0.078,3.6,94431.2,0.597,0.22,2848.2,0.078
04,0,-19000,19000.0,946531.7478657353,30.804750442504883,0.3606442559618068,1.71,23687.200000000004,0.423,0.02,366.6,0.011,2.57,88560.0,0.582,0.02,366.6,0.011,1028305.2544834777,25.75682258605957,0.39378203749143725,1.65,27541.3,0.479,0.22,2786.16,0.077,3.05,95243.0,0.603,0.22,2786.16,0.077
04,0,-18500,18500.0,971579.2544086627,32.76016616821289,0.3632929248669348,0.87,13573.0,0.487,0.02,409.84000000000003,0.012,3.08,94373.8,0.593,0.02,409.84000000000003,0.012,1044938.7355684383,27.858924865722656,0.3965623219590888,1.69,27677.6,0.48,0.22,2964.76,0.083,2.61,96530.4,0.61,0.22,2964.76,0.083
04,0,-18000,18000.0,982758.8440655512,33.21244812011719,0.36354230126142206,0.88,13686.4,0.488,0.03,584.68,0.016,3.51,99334.8,0.602,0.03,584.68,0.016,1060748.6124986773,30.22553253173828,0.3982555413384821,1.94,28124.2,0.476,0.22,3028.68,0.084,2.59,98482.0,0.616,0.22,3028.68,0.084
04,0,-17500,17500.0,994828.3891041537,32.167545318603516,0.3648139155498764,0.89,13682.2,0.477,1.3,41264.3,0.113,3.84,104066.2,0.61,0.17,1535.96,0.041,1077975.1233524962,32.10519027709961,0.4001319856090332,1.96,28170.6,0.476,0.26,3581.4,0.098,3.12,100269.6,0.622,0.26,3581.4,0.098
04,0,-17000,17000.0,1005826.8942546303,30.88690757751465,0.3683121554106785,1.24,17677.95,0.437,1.23,39581.85,0.11,3.93,105533.99999999999,0.613,0.17,1823.5999999999997,0.048,1093216.2424022006,32.58818817138672,0.40127064819248714,1.27,19348.26,0.479,2.49,55963.6,0.151,3.29,101696.4,0.623,0.28,3739.32,0.102
04,0,-16500,16500.0,1008354.4250997009,31.16817855834961,0.36966444849476265,1.12,18536.22,0.444,1.13,37279.55,0.106,3.94,106272.0,0.615,0.25,2748.56,0.071,1108376.433236632,32.40514373779297,0.40231533838418304,1.37,19583.43,0.476,2.45,57256.43,0.154,3.32,102688.6,0.623,0.32,4132.24,0.11
04,0,-16000,16000.0,997311.6414506,31.849456787109375,0.3684547313686637,1.76,39500.11,0.425,0.86,33099.990000000005,0.096,3.8,106977.2,0.616,0.27,3011.76,0.078,1123592.697614977,30.47783851623535,0.40377934643638513,1.23,19611.57,0.474,2.91,59417.049999999996,0.159,3.05,103451.2,0.62,0.35,4246.92,0.113
04,0,-15500,15500.0,979653.0068618391,32.055023193359375,0.36611604568315215,2.13,29726.0,0.433,0.61,28530.81,0.085,3.63,107001.80000000002,0.616,0.25,3306.92,0.084,1140276.522844817,28.51852798461914,0.4058380172005376,1.89,47794.48,0.477,3.34,62286.07,0.165,3.06,104254.8,0.619,0.36,4190.52,0.109
04,0,-15000,15000.0,951221.5196295175,31.668907165527344,0.36120291007243366,1.59,24432.5,0.435,0.58,24740.87,0.076,3.58,106608.19999999998,0.615,0.24,3387.76,0.085,1160972.517390854,29.059770584106445,0.40922055092960286,2.25,48904.75,0.482,3.33,66766.70000000001,0.175,2.65,105591.40000000001,0.618,0.37,4177.36,0.108
04,0,-14500,14500.0,926359.1645028088,30.62385368347168,0.35748574490093843,0.8,13668.2,0.477,0.74,21411.39,0.066,3.81,106050.60000000002,0.614,0.17,3220.44,0.081,1184969.8486632453,30.660953521728516,0.41340408646831445,2.4,50207.84,0.49,0.3,4365.36,0.111,2.26,107124.79999999999,0.618,0.3,4365.36,0.111
04,0,-14000,14000.0,903046.4058792538,27.87752342224121,0.3533745202360179,1.76,38019.36,0.597,0.9,21375.97,0.066,3.96,104246.6,0.61,0.18,3169.68,0.08,1214105.461909613,32.54220962524414,0.4186015119760087,2.36,51781.5,0.498,0.28,4419.88,0.111,2.38,108641.80000000002,0.619,0.28,4419.88,0.111
04,0,-13500,13500.0,881778.2496476783,24.071876525878906,0.3492947788082926,4.04,102426.2,0.607,1.05,21623.91,0.067,4.04,102426.2,0.607,0.16,2936.56,0.076,1246743.8085561597,33.64408874511719,0.42430326375099936,2.04,53062.82,0.503,2.39,81501.42,0.201,2.66,110437.6,0.621,0.26,4735.72,0.118
04,0,-13000,13000.0,864968.0132756353,19.868316650390625,0.34534469081580565,1.84,31407.84,0.4,1.11,22580.25,0.069,3.39,98121.2,0.6,0.16,2868.88,0.074,1282190.4833859156,31.80379867553711,0.4301996228592748,1.2,20634.66,0.483,2.5,85025.71,0.206,2.95,111716.80000000002,0.624,0.28,4827.84,0.12
04,0,-12500,12500.0,851727.6285038926,20.0252742767334,0.3420977548673303,1.03,20398.74,0.434,0.09,2192.08,0.06,2.59,91643.2,0.578,0.09,2192.08,0.06,1317449.809060327,31.415321350097656,0.4357928913414453,1.15,21531.12,0.496,2.59,88532.29,0.211,3.13,113299.39999999998,0.629,0.37,5194.44,0.128
04,0,-12000,12000.0,848888.8018033034,22.395835876464844,0.34106081789684334,1.18,22342.5,0.437,0.09,2004.08,0.055,2.26,89150.4,0.573,0.09,2004.08,0.055,1347532.995323758,29.08866310119629,0.4399437930427812,1.67,44860.62,0.635,2.68,89860.54,0.213,3.33,116317.0,0.636,0.39,5303.48,0.131
04,0,-11500,11500.0,849280.8885838711,24.35016632080078,0.34097147290024615,1.16,21115.02,0.439,0.08,1332.92,0.038,2.67,87641.6,0.57,0.08,1332.92,0.038,1374947.3331673036,30.2152042388916,0.44355259711932654,1.64,46081.17,0.64,2.79,91082.53,0.215,3.64,119465.8,0.644,0.38,6143.84,0.148
04,0,-11000,11000.0,856534.2954706155,24.956832885742188,0.3423904161468258,1.58,34450.41,0.581,0.07,1148.68,0.033,3.08,90667.4,0.586,0.07,1148.68,0.033,1395268.7940239506,30.705997467041016,0.4460876176004454,1.66,34857.0,0.534,2.74,91489.86,0.216,3.74,123188.59999999999,0.65,0.37,6392.0,0.153
04,0,-10500,10500.0,861713.3125539357,24.373613357543945,0.34299236521011295,1.56,34839.75,0.583,0.08,1257.72,0.036,3.42,91930.2,0.59,0.08,1257.72,0.036,1412857.3279115255,30.835458755493164,0.4480589756141949,1.69,32870.14,0.535,0.28,7328.239999999999,0.17,3.7,126690.0,0.656,0.28,7328.239999999999,0.17
04,0,-10000,10000.0,867196.1027104657,26.968461990356445,0.3435276475627729,1.37,21414.74,0.44,0.08,1289.68,0.037,3.49,93266.8,0.593,0.08,1289.68,0.037,1425969.6683329549,33.265281677246094,0.4497189004475433,1.93,35536.6,0.516,2.44,93473.38,0.221,3.35,128920.4,0.657,0.26,7598.96,0.174
04,0,-9500,9500.0,871430.803127092,30.24420738220215,0.3434042927596654,1.51,21460.46,0.44,0.07,1504.0,0.042,3.45,94382.0,0.595,0.07,1504.0,0.042,1438222.8554156236,34.673011779785156,0.4515662513026039,1.02,18656.4,0.551,2.36,95208.96,0.225,3.94,130568.59999999999,0.658,0.28,8140.399999999999,0.182
04,0,-9000,9000.0,871996.9272803571,33.36717987060547,0.34164372388410974,2.06,39938.619999999995,0.439,0.07,1566.04,0.044,3.14,94226.2,0.595,0.07,1566.04,0.044,1454150.4978131435,34.869712829589844,0.45482707942304923,2.43,48636.6,0.646,2.41,97936.3,0.229,4.6,130970.4,0.658,0.29,8292.68,0.184
04,0,-8500,8500.0,880258.9853302434,35.67482376098633,0.34261965687225043,2.16,40405.119999999995,0.441,0.11,1596.12,0.044,3.68,93635.8,0.594,0.11,1596.12,0.044,1471646.6769017517,33.97827911376953,0.4584031575963667,2.43,48871.44,0.647,2.45,101496.01,0.235,5.1,130962.2,0.657,0.3,8407.36,0.185
04,0,-8000,8000.0,892831.1670914337,37.66202163696289,0.34507049681989305,2.19,41117.31,0.445,1.06,23058.42,0.066,4.01,93266.8,0.593,0.12,1599.88,0.045,1494355.1619688193,29.954856872558594,0.4621951735719749,2.45,49152.63,0.649,2.41,106454.81,0.242,5.3,131306.6,0.658,0.31,8439.32,0.185
04,0,-7500,7500.0,907345.2125179674,38.680999755859375,0.3481280517785693,1.8,23507.7,0.468,0.11,1524.68,0.042,4.27,92651.8,0.592,0.11,1524.68,0.042,1520505.3903394537,30.31982421875,0.465940773711198,2.08,49263.87,0.651,2.33,112033.46,0.249,5.25,131938.0,0.66,0.3,8512.64,0.187
04,0,-7000,7000.0,923752.6492451136,38.56211471557617,0.3511771256187885,2.27,26108.7,0.454,0.1,1502.12,0.042,4.69,93275.0,0.593,0.1,1502.12,0.042,1555179.8633209292,29.763837814331055,0.4701188797875406,1.82,38619.3,0.539,2.35,117541.27000000002,0.256,4.56,132446.40000000002,0.662,0.3,8537.08,0.188
04,0,-6500,6500.0,945608.9896980473,38.143096923828125,0.35561940316853025,2.06,23825.2,0.47,0.11,1423.16,0.039,5.01,94193.4,0.595,0.11,1423.16,0.039,1594032.4083868437,29.704574584960938,0.47448794072146966,0.98,19241.6,0.565,0.27,8762.68,0.193,3.84,132856.40000000002,0.665,0.27,8762.68,0.193
04,0,-6000,6000.0,962709.5819486859,39.57197952270508,0.35730549022555336,2.65,25783.9,0.451,0.11,1400.6,0.039,5.19,95972.8,0.598,0.11,1400.6,0.039,1636947.4501988199,30.541297912597656,0.4786589449238614,2.19,50274.3,0.659,0.27,8826.6,0.194,3.7,133856.80000000002,0.667,0.27,8826.6,0.194
04,0,-5500,5500.0,987470.3467070106,41.03581237792969,0.36126482720884007,2.41,24731.98,0.477,0.13,1346.08,0.036,5.33,97908.0,0.601,0.13,1346.08,0.036,1678686.3970529768,30.736196517944336,0.48198451820331134,0.92,20349.0,0.575,0.28,9102.96,0.199,4.22,135111.4,0.67,0.28,9102.96,0.199
04,0,-5000,5000.0,1017102.5000762437,43.520137786865234,0.3673616292114215,3.11,27254.2,0.461,0.13,1332.92,0.036,5.56,99187.2,0.603,0.13,1332.92,0.036,1718021.7952638697,30.68328857421875,0.48478207748296165,0.89,20595.400000000005,0.576,0.28,9183.8,0.2,4.03,138932.6,0.674,0.28,9183.8,0.2
04,0,-4500,4500.0,1040889.7085656307,45.5997200012207,0.37152721855013315,3.14,27376.0,0.462,0.12,1248.32,0.033,5.8,100696.0,0.606,0.12,1248.32,0.033,1752789.317063899,30.48361587524414,0.4868481339678111,1.63,43076.6,0.549,0.26,10074.92,0.212,3.82,143057.2,0.677,0.26,10074.92,0.212
04,0,-4000,4000.0,1066817.3958344725,48.04597854614258,0.37699710386965407,1.49,14390.6,0.498,0.12,1229.52,0.033,6.04,103311.8,0.61,0.12,1229.52,0.033,1775529.9251504634,31.177152633666992,0.4878159461418444,1.93,57118.65,0.677,0.25,10338.12,0.216,3.89,147632.8,0.682,0.25,10338.12,0.216
04,0,-3500,3500.0,1084040.5920379192,48.634422302246094,0.37959277143510206,2.26,19716.09,0.469,0.15,1404.36,0.036,6.2,106558.99999999999,0.616,0.15,1404.36,0.036,1792568.0532173086,32.37657165527344,0.4882273463179738,1.99,58499.88,0.679,0.36,11439.8,0.23,3.8,152175.6,0.686,0.36,11439.8,0.23
04,0,-3000,3000.0,1104459.4605554827,44.567325592041016,0.3838877615619201,2.2,20053.77,0.473,0.16,1464.52,0.038,6.33,110839.39999999998,0.622,0.16,1464.52,0.038,1797035.4650757473,33.08499526977539,0.4881810315816561,2.07,60106.68,0.681,3.4,135251.27,0.277,3.99,156292.0,0.687,0.41,11757.52,0.234
04,0,-2500,2500.0,1120239.385429879,42.82605743408203,0.38680742373282784,2.0,20713.05,0.479,0.19,1742.76,0.043,6.53,114660.60000000002,0.627,0.19,1742.76,0.043,1797813.1742050871,33.85806655883789,0.4884668081845363,1.77,41800.78,0.579,3.1,131514.46000000002,0.272,4.14,160047.6,0.688,0.49,12763.32,0.244
04,0,-2000,2000.0,1126974.7324926108,41.16461181640625,0.38871964616432747,3.53,38951.76,0.445,0.37,3511.02,0.046,6.11,116046.40000000001,0.63,0.2,1825.4800000000002,0.044,1788769.6228353465,34.43621063232422,0.4888577888498087,2.27,60384.77999999999,0.68,2.68,126183.75,0.265,4.45,161162.8,0.689,0.51,13058.479999999998,0.247
04,0,-1500,1500.0,1128820.3193007489,41.15965270996094,0.389795434652569,2.35,28463.24,0.504,0.21,1906.32,0.046,5.56,116505.60000000002,0.631,0.21,1906.32,0.046,1777716.9026271063,35.54496765136719,0.48918853203163076,2.5,59726.61,0.678,2.22,120835.33,0.257,4.96,161663.0,0.688,0.43,13372.44,0.251
04,0,-1000,1000.0,1126514.1393821947,42.08720779418945,0.3903101840532029,2.81,30110.7,0.481,1.91,32391.59,0.086,5.77,115587.2,0.629,0.21,1928.88,0.046,1763557.2574673488,34.20027542114258,0.48873084433804165,2.76,59096.25,0.677,2.19,118975.78000000001,0.255,4.82,160949.6,0.688,0.45,13460.799999999997,0.252
04,0,-500,500.0,1123587.493784592,42.921775817871094,0.3905006355921879,1.42,16212.0,0.521,1.82,31488.380000000005,0.084,5.94,114775.4,0.629,0.27,2231.56,0.054,1751083.6551139958,33.0241584777832,0.48826601373939116,2.75,57872.61,0.675,2.31,117948.59999999999,0.253,5.27,159473.6,0.687,0.47,13442.0,0.252
04,0,0,0.0,1128994.627185358,41.69441604614258,0.39161106779182075,1.42,16132.2,0.52,2.22,35136.64,0.092,6.23,115644.6,0.63,0.29,2318.04,0.056,1742675.2017161998,31.018983840942383,0.487613104884422,2.75,56574.81,0.673,2.31,120569.68,0.256,5.34,156456.0,0.686,0.49,13442.0,0.252
04,0,500,500.0,1139051.2859472274,38.90386199951172,0.3933049008314301,1.43,15811.6,0.516,2.64,39794.37,0.103,6.41,116276.00000000001,0.631,0.34,2746.68,0.066,1736770.488019878,29.111265182495117,0.4871385589187924,2.5,55802.31,0.67,2.68,123279.31,0.26,5.34,153299.0,0.684,0.45,12752.04,0.245
04,0,1000,1000.0,1149201.8832612787,32.022029876708984,0.3939302496680645,1.29,15621.2,0.514,3.38,46595.01,0.118,5.95,114701.6,0.629,0.36,2867.0,0.068,1733880.9854317978,27.595338821411133,0.4865534339811076,2.23,54998.91,0.668,2.95,124412.75,0.262,5.02,150470.0,0.681,0.43,12550.880000000001,0.243
04,0,1500,1500.0,1156644.4204562323,30.259662628173828,0.39340479192786615,5.23,112782.8,0.626,0.32,2688.4,0.065,5.23,112782.8,0.626,0.32,2688.4,0.065,1731754.2235406265,27.480958938598633,0.48611280820317343,2.16,55508.759999999995,0.669,3.17,125563.90000000001,0.263,4.56,148354.4,0.679,0.35,11710.52,0.232
04,0,2000,2000.0,1166582.5301365673,31.58835792541504,0.39355296112381954,2.28,50758.31,0.484,0.3,2635.76,0.064,3.73,110814.79999999999,0.622,0.3,2635.76,0.064,1732812.3392914736,28.057886123657227,0.4856003000528652,2.08,56188.56,0.673,3.08,125156.57,0.262,4.33,148338.0,0.678,0.33,11477.4,0.229
04,0,2500,2500.0,1182658.989716326,33.24470138549805,0.3958617036107888,2.69,52552.78,0.491,0.27,2257.88,0.056,2.85,109921.00000000001,0.621,0.27,2257.88,0.056,1736648.8043128918,28.932416915893555,0.4855602715426675,2.02,57090.84,0.675,0.28,11206.68,0.225,4.14,149846.8,0.681,0.28,11206.68,0.225
04,0,3000,3000.0,1194578.0698326374,35.866424560546875,0.39723157523130975,3.05,54885.28,0.5,0.26,2158.24,0.054,3.19,114021.00000000001,0.627,0.26,2158.24,0.054,1742337.731514303,30.20380973815918,0.48542801875968494,1.97,58144.52999999999,0.679,0.26,11152.16,0.224,4.08,152454.4,0.684,0.26,11152.16,0.224
04,0,3500,3500.0,1210501.16246891,40.116024017333984,0.40061329220252173,3.11,55706.32,0.503,0.7,5578.86,0.072,3.9,118908.19999999998,0.634,0.37,2925.28,0.07,1748602.4747678267,31.966379165649414,0.48518438276129744,1.78,57622.32,0.677,2.67,125351.38,0.259,3.98,154889.8,0.686,0.31,11844.0,0.233
04,0,4000,4000.0,1207477.4605152688,43.894622802734375,0.4000017575761183,2.67,52285.32,0.487,3.23,55184.36,0.141,4.64,122221.00000000001,0.638,0.4,3152.76,0.075,1750363.762901199,32.46704864501953,0.48448991219818566,1.85,57217.52999999999,0.677,2.88,125138.86,0.259,3.68,154463.4,0.686,0.33,12039.520000000002,0.235
04,0,4500,4500.0,1199489.3442323531,46.210662841796875,0.39861372701563846,1.31,17522.4,0.534,2.61,52970.61,0.137,5.31,124336.6,0.641,0.57,4342.8,0.1,1749718.4209972336,32.17889404296875,0.48354527261305225,0.79,22036.0,0.583,3.17,124572.14,0.258,3.75,153553.2,0.686,0.4,12124.119999999999,0.237
04,0,5000,5000.0,1184659.075457233,43.63737106323242,0.39589197526634456,3.0,45382.83,0.627,2.31,53590.46,0.139,5.93,123836.40000000001,0.64,0.63,4683.08,0.106,1742693.9217387629,30.17207145690918,0.48191151561731876,2.1,56738.58,0.674,3.51,122694.88,0.256,3.69,152733.2,0.684,0.42,12148.56,0.238
04,0,5500,5500.0,1178951.5765367143,39.497432708740234,0.3960087048443429,2.75,44811.18,0.625,2.08,54989.55,0.142,6.3,122516.2,0.638,0.71,5094.8,0.116,1732814.3525901535,30.0643310546875,0.4802860164604387,2.27,57260.79,0.672,3.85,120268.61,0.254,4.32,152265.8,0.683,0.41,11945.52,0.234
04,0,6000,6000.0,1180513.6056384,35.77268600463867,0.39715576161008875,2.46,44193.18,0.623,2.09,59062.85,0.15,5.76,120695.8,0.636,0.74,5209.48,0.118,1716091.2519390767,31.257320404052734,0.47854988065224935,2.45,57888.06,0.671,0.4,11904.16,0.234,4.78,153454.8,0.68,0.4,11904.16,0.234
04,0,6500,6500.0,1189170.8444602017,32.72800064086914,0.39969919260086,5.06,119055.8,0.633,2.13,63986.23000000001,0.16,5.06,119055.8,0.633,0.64,4968.84,0.115,1695806.2517472997,32.00739669799805,0.47656881444584526,2.31,57786.09,0.67,0.36,12161.72,0.235,5.14,154881.6,0.679,0.36,12161.72,0.235
04,0,7000,7000.0,1208474.9413047342,29.697208404541016,0.4034223728348271,1.07,20204.52,0.461,2.16,69936.79,0.171,3.97,116325.20000000001,0.629,0.61,4901.16,0.114,1670949.769237956,33.76570510864258,0.4744072204841044,2.53,57761.37,0.67,3.38,109111.31,0.241,5.11,155004.6,0.679,0.36,12238.799999999997,0.235
04,0,7500,7500.0,1235961.1938598594,27.549449920654297,0.4086787688261551,0.96,20116.08,0.461,2.15,76330.1,0.183,3.06,114160.4,0.626,0.41,4461.24,0.107,1647561.06051886,35.805076599121094,0.4726436558317135,2.21,41095.9,0.54,3.22,107145.5,0.239,5.07,154996.4,0.679,0.44,12272.64,0.235
04,0,8000,8000.0,1273994.0571446554,26.307435989379883,0.41504884648670326,1.53,31862.3,0.484,2.02,81501.42,0.192,2.58,114513.0,0.627,0.35,4340.92,0.105,1628354.166018982,37.564388275146484,0.4709261973887937,1.3,23994.6,0.525,3.11,108225.81,0.241,4.75,152995.6,0.677,0.46,12283.92,0.236
04,0,8500,8500.0,1314362.7200076473,26.080589294433594,0.42151693815381697,1.54,32027.6,0.485,2.05,86548.77,0.2,2.23,115546.2,0.629,0.25,4406.72,0.106,1612090.611878633,36.93544387817383,0.46923210475297333,1.6,28507.830000000005,0.54,3.45,109731.16,0.243,4.27,150388.0,0.675,0.49,11868.44,0.23
04,0,9000,9000.0,1354329.8912540223,25.842775344848633,0.42788154645077375,1.02,21585.39,0.478,1.93,88744.81,0.204,2.44,118408.0,0.633,0.23,4436.8,0.107,1602208.5317903457,34.2552490234375,0.46730848611391135,1.51,28069.65,0.538,3.72,111413.61,0.243,4.2,146476.6,0.671,0.51,11748.12,0.229
04,0,9500,9500.0,1390562.0175925097,25.31319236755371,0.43342353756946234,1.1,22787.37,0.49,1.98,90498.1,0.207,2.65,121655.20000000001,0.638,0.24,5211.36,0.122,1595896.1475520893,33.573585510253906,0.4654983880427701,2.43,51983.07,0.655,3.99,112954.38,0.244,4.47,142647.2,0.667,0.53,10766.76,0.216
04,0,10000,10000.0,1414860.6409007509,24.75400161743164,0.4371964105519366,1.07,23318.01,0.494,2.0,89895.96,0.207,2.77,123082.0,0.631,0.24,5442.6,0.127,1602310.4618274083,32.85396957397461,0.4650944753559626,2.79,51321.81,0.655,4.12,114512.86,0.244,5.24,140203.6,0.666,0.53,10481.0,0.213
04,0,10500,10500.0,1436030.7410252993,23.785480499267578,0.44096672440787194,0.99,24550.14,0.504,2.0,89099.01,0.206,2.89,127157.4,0.637,0.26,6563.079999999999,0.147,1615112.7057727873,34.31607437133789,0.46569657060338515,2.94,52032.509999999995,0.657,4.26,116514.09000000001,0.245,5.96,138588.2,0.666,0.48,9858.72,0.205
04,0,11000,11000.0,1445573.49953374,22.198945999145508,0.4427792613203441,0.67,18796.4,0.541,2.04,88532.29,0.206,2.93,130847.4,0.643,0.27,6884.5599999999995,0.153,1635944.122024765,36.29148483276367,0.4668793392111105,3.11,52845.18,0.66,4.37,119684.18,0.249,6.53,139728.0,0.668,0.47,9693.28,0.204
04,0,11500,11500.0,1453093.8233001102,22.024551391601562,0.444276523206085,0.64,19210.8,0.545,2.16,88550.0,0.206,2.94,134037.2,0.647,0.3,7849.0,0.169,1657579.8034323142,38.063968658447266,0.4679754376096074,6.9,141646.8,0.67,0.41,10001.6,0.209,6.9,141646.8,0.67,0.41,10001.6,0.209
04,0,12000,12000.0,1458484.7366785784,23.254087448120117,0.44516678008859745,1.38,60197.16,0.515,2.19,90993.98,0.209,2.79,135218.0,0.649,0.31,8127.239999999999,0.173,1676121.2487573288,39.544918060302734,0.4688365650390731,6.2,144229.8,0.672,0.43,10097.48,0.21,6.2,144229.8,0.672,0.43,10097.48,0.21
04,0,12500,12500.0,1465513.9035874377,24.153648376464844,0.4461690234701805,1.43,60648.11,0.516,2.2,93739.03,0.213,2.6,135710.0,0.65,0.28,8490.08,0.179,1692382.4301644256,40.65406799316406,0.4695250393475751,2.39,75106.5,0.555,4.29,127795.36,0.263,5.12,146952.2,0.674,0.48,10663.36,0.217
04,0,13000,13000.0,1474022.3186842934,24.699682235717773,0.44724403408579283,1.45,61817.47,0.52,2.28,96466.37,0.217,2.38,134250.4,0.65,0.27,8591.6,0.181,1703444.3881329717,41.23414993286133,0.47030394922950364,2.36,76356.72,0.561,4.1,127830.78000000001,0.264,4.28,148649.6,0.673,0.5,10828.8,0.219
04,0,13500,13500.0,1483876.4276366937,24.711565017700195,0.44850925621971544,1.43,63008.6,0.523,0.25,8403.6,0.179,2.46,132430.0,0.65,0.25,8403.6,0.179,1712267.6140746379,41.256378173828125,0.471173544508444,2.44,76761.02,0.564,3.96,127742.22999999998,0.265,4.39,150461.8,0.673,0.55,11073.2,0.219
04,0,14000,14000.0,1496323.8076013033,24.162214279174805,0.45003125370179115,1.38,64342.78999999999,0.526,0.25,8347.2,0.179,2.47,131552.6,0.65,0.25,8347.2,0.179,1716404.5397826086,40.71808624267578,0.4720747501655372,2.89,77355.03,0.568,3.92,126839.02000000002,0.264,4.36,152585.6,0.673,0.56,11146.52,0.22
04,0,14500,14500.0,1508717.4773052335,24.133384704589844,0.451553056727249,1.38,65098.52,0.529,0.25,8131.0,0.177,2.51,131372.2,0.65,0.25,8131.0,0.177,1715224.9490133445,40.33979034423828,0.4721897967433629,3.07,77585.17,0.569,3.87,126166.03999999998,0.263,4.44,154578.2,0.674,0.56,11753.76,0.226
04,0,15000,15000.0,1520442.5482743564,25.208227157592773,0.4526092805483464,1.37,66087.5,0.532,0.25,8074.600000000001,0.176,2.6,133742.0,0.653,0.25,8074.600000000001,0.176,1711484.9684266686,43.93376159667969,0.47194438292991703,2.9,43326.0,0.552,3.74,126945.28000000001,0.263,5.32,155332.6,0.676,0.57,11953.04,0.228
04,0,15500,15500.0,1530212.9233120664,26.206562042236328,0.4533251928153191,1.33,66544.67,0.533,0.24,8582.2,0.183,2.63,136464.4,0.655,0.24,8582.2,0.183,1710158.3116819356,46.19296646118164,0.47187460122473335,1.42,22493.8,0.583,4.04,128450.63,0.264,6.1,155931.2,0.679,0.53,12297.08,0.234
04,0,16000,16000.0,1535137.4757544808,26.619712829589844,0.45329391869443303,1.29,66927.2,0.534,0.24,8732.6,0.185,2.6,138325.8,0.656,0.24,8732.6,0.185,1715005.5701974058,47.39876174926758,0.4715157469375882,1.39,22409.8,0.583,4.32,133037.52000000002,0.269,6.48,155012.8,0.679,0.55,12398.6,0.236
04,0,16500,16500.0,1538805.7433491761,26.72552490234375,0.4529469681615701,1.27,66924.09,0.532,0.26,9196.96,0.191,2.64,139555.8,0.657,0.26,9196.96,0.191,1724571.6970209242,47.11264419555664,0.4711073107053722,1.98,30103.770000000004,0.554,4.6,138828.69,0.276,6.55,154053.4,0.681,0.57,12312.119999999999,0.237
04,0,17000,17000.0,1545121.9473455115,26.19769859313965,0.45292069752733194,1.46,66725.05,0.529,0.27,9326.68,0.193,2.55,139342.6,0.657,0.27,9326.68,0.193,1741014.6635544896,45.35816955566406,0.4703437618211458,1.89,30069.6,0.553,4.7,146284.6,0.285,5.97,152216.6,0.68,0.57,12285.799999999997,0.237
04,0,17500,17500.0,1555780.8633552354,25.936561584472656,0.45345524133995635,1.61,66544.67,0.527,0.29,9330.44,0.193,2.45,138817.8,0.656,0.29,9330.44,0.193,1758119.5142745322,43.57988357543945,0.4694238732774166,2.77,83139.63,0.578,0.42,11915.44,0.234,5.26,150338.8,0.679,0.42,11915.44,0.234
04,0,18000,18000.0,1576253.298941166,27.04940414428711,0.45515262153477537,1.75,67415.47,0.529,0.3,9330.44,0.193,2.49,138211.0,0.655,0.3,9330.44,0.193,1782541.766847259,42.09666442871094,0.46995295744874266,2.91,87369.23,0.59,0.44,11808.28,0.232,4.68,150765.2,0.679,0.44,11808.28,0.232
04,0,18500,18500.0,1601436.1750957381,28.7553653717041,0.45764131967530713,1.81,68926.93,0.534,0.3,9181.92,0.19,2.54,137505.8,0.653,0.3,9181.92,0.19,1815153.9465928962,40.994956970214844,0.4730783571397149,3.32,90650.28,0.599,0.51,11862.8,0.233,4.79,151864.0,0.679,0.51,11862.8,0.233
04,0,19000,19000.0,1632070.6509918529,29.56717300415039,0.4611227897138704,1.73,71875.21,0.543,2.55,122039.61,0.25,2.56,137350.0,0.652,0.3,9136.8,0.19,1852676.421185414,41.73970413208008,0.4789020163651748,3.68,94086.82999999999,0.608,4.81,164366.51,0.31,5.28,156103.4,0.681,0.53,11881.6,0.233
04,0,19500,19500.0,1663331.0435433174,29.80384635925293,0.464846358152101,1.55,74279.24,0.55,2.38,126661.92,0.257,2.74,137579.6,0.651,0.3,8931.88,0.185,1890495.8593046428,41.37113571166992,0.48569201987452437,3.78,95526.76000000001,0.612,4.54,163410.17,0.31,5.73,161007.0,0.683,0.57,12690.0,0.239
04,0,20000,20000.0,1694667.1147744565,28.71494483947754,0.4689174845834683,1.43,77249.29,0.559,2.16,128432.92,0.259,2.83,140056.0,0.653,0.32,8879.24,0.184,1922386.6303380197,46.36957550048828,0.4929105055283733,3.41,95616.95,0.612,4.22,161851.69,0.309,5.77,165189.0,0.688,0.58,12930.64,0.241
04,0,20500,20500.0,1726249.051576493,26.41010856628418,0.4733714836169928,1.42,78835.39,0.563,1.93,130221.63,0.262,2.98,146206.0,0.669,0.38,9317.28,0.19,1949530.6379514136,49.45701599121094,0.49947139649541245,2.9,51506.90000000001,0.588,3.89,160948.48,0.309,6.19,168764.2,0.692,0.59,14192.119999999999,0.257
05,0,-21000,21000.0,0.04755728359384648,4.213355623505777e-06,0.00013162000814702704,0.0,0.0,0.0,0.0,0.0,0.0,0.0,0.0,0.0,0.0,0.0,0.0,0.9141756332880391,1.021225853037322e-05,0.0027365589906225333,0.0,0.0,0.001,0.0,0.0,0.001,0.0,0.0,0.0,0.0,0.0,0.0
05,0,-20500,20500.0,0.04004567460995645,3.4207670296382275e-07,0.00010913828264640419,0.0,0.0,0.0,0.0,0.0,0.0,0.0,0.0,0.0,0.0,0.0,0.0,0.3288456772871484,4.227933004585793e-06,0.0010721419707363537,0.0,0.0,0.0,0.0,0.0,0.0,0.0,0.0,0.0,0.0,0.0,0.0
05,0,-20000,20000.0,0.11344193602624841,4.2290093915653415e-06,0.000308560424210404,0.0,0.0,0.0,0.0,0.0,0.0,0.0,0.0,0.0,0.0,0.0,0.0,1.6797581035049802,2.259545544802677e-05,0.00594586713308246,0.0,0.0,0.0,0.0,0.0,0.0,0.0,0.0,0.0,0.0,0.0,0.0
05,0,-19500,19500.0,0.0913331597701017,8.266352438113245e-07,0.00025022823187124103,0.0,0.0,0.0,0.0,0.0,0.0,0.0,0.0,0.0,0.0,0.0,0.0,0.7851700816964069,9.869988389255013e-06,0.0030058635089198196,0.0,0.0,0.0,0.0,0.0,0.0,0.0,0.0,0.0,0.0,0.0,0.0
05,0,-19000,19000.0,0.10880893157363403,4.215597527945647e-06,0.0003036053375146393,0.0,0.0,0.0,0.0,0.0,0.0,0.0,0.0,0.0,0.0,0.0,0.0,0.19473627412693872,4.225165412208298e-06,0.0007951645939819222,0.0,0.0,0.0,0.0,0.0,0.0,0.0,0.0,0.0,0.0,0.0,0.0
05,0,-18500,18500.0,0.11718062265373419,9.177296647067124e-07,0.0003343813516998465,0.0,0.0,0.001,0.0,0.0,0.001,0.0,0.0,0.0,0.0,0.0,0.0,0.06575633569809725,4.2224805838486645e-06,0.00028435721409465395,0.0,0.0,0.0,0.0,0.0,0.0,0.0,0.0,0.0,0.0,0.0,0.0
05,0,-18000,18000.0,0.06158805461566885,4.1941112272070313e-07,0.00018111688478863276,0.0,0.0,0.001,0.0,0.0,0.001,0.0,0.0,0.0,0.0,0.0,0.0,0.03792448487729416,4.215594799461542e-06,0.00016886190114446395,0.0,0.0,0.0,0.0,0.0,0.0,0.0,0.0,0.0,0.0,0.0,0.0
05,0,-17500,17500.0,0.09419564072956632,8.122946155708632e-07,0.00028472280197086233,0.0,0.0,0.001,0.0,0.0,0.001,0.0,0.0,0.001,0.0,0.0,0.0,0.022750499101675814,4.215228273096727e-06,0.00010328704112088112,0.0,0.0,0.0,0.0,0.0,0.0,0.0,0.0,0.0,0.0,0.0,0.0
05,0,-17000,17000.0,0.09525918202939465,7.898722174104478e-07,0.0002965909214198842,0.0,0.0,0.001,0.0,0.0,0.001,0.0,0.0,0.001,0.0,0.0,0.0,0.03286699566160678,4.216285560687538e-06,0.00014844882946827849,0.0,0.0,0.0,0.0,0.0,0.0,0.0,0.0,0.0,0.0,0.0,0.0
05,0,-16500,16500.0,0.37501571308169446,4.223271844239207e-06,0.0012062666641239211,0.0,0.0,0.001,0.0,0.0,0.001,0.0,0.0,0.001,0.0,0.0,0.0,0.05309680218488211,4.217135028738994e-06,0.00023711013691180444,0.0,0.0,0.0,0.0,0.0,0.0,0.0,0.0,0.0,0.0,0.0,0.0
05,0,-16000,16000.0,0.41539728389210495,4.472646196518326e-06,0.0013800705757382368,0.0,0.0,0.001,0.0,0.0,0.001,0.0,0.0,0.0,0.0,0.0,0.0,1.1182443831032174,1.4202694728737697e-05,0.004888438176229068,0.0,0.0,0.0,0.0,0.0,0.0,0.0,0.0,0.0,0.0,0.0,0.0
05,0,-15500,15500.0,0.47071852186348906,5.068478003522614e-06,0.0016228058095944155,0.0,0.0,0.001,0.0,0.0,0.001,0.0,0.0,0.0,0.0,0.0,0.0,0.17717011405693484,4.23020401285612e-06,0.000751141675241554,0.0,0.0,0.0,0.0,0.0,0.0,0.0,0.0,0.0,0.0,0.0,0.0
05,0,-15000,15000.0,0.08038455115411125,7.51267407395062e-07,0.00028693769415853157,0.0,0.0,0.001,0.0,0.0,0.001,0.0,0.0,0.0,0.0,0.0,0.0,0.18156492547305447,4.231497769069392e-06,0.000748973956306506,0.0,0.0,0.0,0.0,0.0,0.0,0.0,0.0,0.0,0.0,0.0,0.0
05,0,-14500,14500.0,1.06961508260639,1.2457610864657909e-05,0.003948941271350606,0.0,0.0,0.001,0.0,0.0,0.001,0.0,0.0,0.0,0.0,0.0,0.0,0.39746732380265826,4.387145054352004e-06,0.001593013132854727,0.0,0.0,0.0,0.0,0.0,0.0,0.0,0.0,0.0,0.0,0.0,0.0
05,0,-14000,14000.0,0.07030150879998587,4.215313310851343e-06,0.00026817088774511074,0.0,0.0,0.001,0.0,0.0,0.001,0.0,0.0,0.001,0.0,0.0,0.0,0.32163857832046006,4.231435923429672e-06,0.0012518722091599667,0.0,0.0,0.0,0.0,0.0,0.0,0.0,0.0,0.0,0.0,0.0,0.0
05,0,-13500,13500.0,0.06714690728983896,6.255381208575272e-07,0.0002656635973512048,0.0,0.0,0.001,0.0,0.0,0.001,0.0,0.0,0.001,0.0,0.0,0.0,0.37920126056576464,4.226872533763526e-06,0.0014409394213628379,0.0,0.0,0.0,0.0,0.0,0.0,0.0,0.0,0.0,0.0,0.0,0.0
05,0,-13000,13000.0,0.08398155326361234,4.214363798382692e-06,0.00034389641097066245,0.0,0.0,0.001,0.0,0.0,0.001,0.0,0.0,0.001,0.0,0.0,0.0,1.0001037423620573,1.2191429050290026e-05,0.0037136439843901644,0.0,0.0,0.0,0.0,0.0,0.0,0.0,0.0,0.0,0.0,0.0,0.0
05,0,-12500,12500.0,0.0836213523598417,7.748725465717143e-07,0.0003558242577168659,0.0,0.0,0.001,0.0,0.0,0.001,0.0,0.0,0.001,0.0,0.0,0.0,1.0041320492980788,1.2161764061602298e-05,0.0036790659131724474,0.0,0.0,0.0,0.0,0.0,0.0,0.0,0.0,0.0,0.0,0.0,0.0
05,0,-12000,12000.0,0.9805047555978774,1.1705230463121552e-05,0.004307642375032925,0.0,0.0,0.001,0.0,0.0,0.001,0.0,0.0,0.001,0.0,0.0,0.0,0.16698048457328696,4.222551069688052e-06,0.0005953706844700939,0.0,0.0,0.0,0.0,0.0,0.0,0.0,0.0,0.0,0.0,0.0,0.0
05,0,-11500,11500.0,0.9864126773379667,1.1852934221678879e-05,0.004467310797287687,0.0,0.0,0.001,0.0,0.0,0.001,0.0,0.0,0.001,0.0,0.0,0.0,0.9769151898332495,1.1990596249233931e-05,0.003397630673908453,0.0,0.0,0.0,0.0,0.0,0.0,0.0,0.0,0.0,0.0,0.0,0.0
05,0,-11000,11000.0,0.8275714112244259,1.0430921975057572e-05,0.00381098514531951,0.0,0.0,0.001,0.0,0.0,0.001,0.0,0.0,0.001,0.0,0.0,0.0,0.8369425340291059,1.0650323019945063e-05,0.002763009804194633,0.0,0.0,0.0,0.0,0.0,0.0,0.0,0.0,0.0,0.0,0.0,0.0
05,0,-10500,10500.0,1.0292738743231666,1.2873517334810458e-05,0.004827825737936783,0.0,0.0,0.001,0.0,0.0,0.001,0.0,0.0,0.001,0.0,0.0,0.001,0.8309131556373472,9.746131581778172e-06,0.0026103985781598736,0.0,0.0,0.0,0.0,0.0,0.0,0.0,0.0,0.0,0.0,0.0,0.0
05,0,-10000,10000.0,1.550632728274337,2.2662665287498385e-05,0.007401039519551094,0.0,0.0,0.001,0.0,0.0,0.001,0.0,0.0,0.0,0.0,0.0,0.001,0.8369139998769981,1.0213245332124643e-05,0.0024999125602750446,0.0,0.0,0.0,0.0,0.0,0.0,0.0,0.0,0.0,0.0,0.0,0.0
05,0,-9500,9500.0,0.0873772360407088,7.808320674485003e-07,0.0004268919573850209,0.0,0.0,0.001,0.0,0.0,0.001,0.0,0.0,0.0,0.0,0.0,0.0,1.4994985694279706,2.1385869331425056e-05,0.004292954870213593,0.0,0.0,0.0,0.0,0.0,0.0,0.0,0.0,0.0,0.0,0.0,0.0
05,0,-9000,9000.0,0.08907317071873422,4.213658939988818e-06,0.00045547814581077187,0.0,0.0,0.001,0.0,0.0,0.001,0.0,0.0,0.0,0.0,0.0,0.0,0.2126890894594169,4.225915745337261e-06,0.0005970462114652111,0.0,0.0,0.0,0.0,0.0,0.0,0.0,0.0,0.0,0.0,0.0,0.0
05,0,-8500,8500.0,0.38829928027084293,4.3488926166901365e-06,0.002098270403432449,0.0,0.0,0.001,0.0,0.0,0.001,0.0,0.0,0.0,0.0,0.0,0.0,0.23252638557877958,4.219252787152072e-06,0.0006441747150934702,0.0,0.0,0.0,0.0,0.0,0.0,0.0,0.0,0.0,0.0,0.0,0.0
05,0,-8000,8000.0,1.019494747767169,1.2758170669258106e-05,0.005929007474844865,0.0,0.0,0.001,0.0,0.0,0.001,0.0,0.0,0.0,0.0,0.0,0.0,0.21837317346182772,4.226204509905074e-06,0.0006108545137459031,0.0,0.0,0.0,0.0,0.0,0.0,0.0,0.0,0.0,0.0,0.0,0.0
05,0,-7500,7500.0,1.052814912647193,1.326945948676439e-05,0.006646264235811683,0.0,0.0,0.0,0.0,0.0,0.0,0.0,0.0,0.0,0.0,0.0,0.0,0.21877942961907593,4.2296742321923375e-06,0.0006223131664559707,0.0,0.0,0.0,0.0,0.0,0.0,0.0,0.0,0.0,0.0,0.0,0.0
05,0,-7000,7000.0,0.08672503764088901,4.215234184812289e-06,0.000599304697205224,0.0,0.0,0.0,0.0,0.0,0.0,0.0,0.0,0.0,0.0,0.0,0.0,0.2467617557691426,4.226405508234166e-06,0.0007222905111405548,0.0,0.0,0.0,0.0,0.0,0.0,0.0,0.0,0.0,0.0,0.0,0.0
05,0,-6500,6500.0,0.4262524353407571,4.640333372663008e-06,0.0032433825707629768,0.0,0.0,0.0,0.0,0.0,0.0,0.0,0.0,0.0,0.0,0.0,0.0,0.06644985616901522,4.218520189169794e-06,0.00020054355429045468,0.0,0.0,0.001,0.0,0.0,0.001,0.0,0.0,0.0,0.0,0.0,0.0
05,0,-6000,6000.0,0.42941813769488135,4.734277354145888e-06,0.0035529361832818836,0.0,0.0,0.0,0.0,0.0,0.0,0.0,0.0,0.0,0.0,0.0,0.0,0.25952960189883356,4.2248921090504155e-06,0.000807261198143585,0.0,0.0,0.001,0.0,0.0,0.001,0.0,0.0,0.0,0.0,0.0,0.0
05,0,-5500,5500.0,1.0378771785767071,1.30753487610491e-05,0.009194809713492891,0.0,0.0,0.0,0.0,0.0,0.0,0.0,0.0,0.0,0.0,0.0,0.0,0.2681047990336083,4.222280040266924e-06,0.0008445785746054001,0.0,0.0,0.001,0.0,0.0,0.001,0.0,0.0,0.0,0.0,0.0,0.0
05,0,-5000,5000.0,0.09372928541679926,4.214901764498791e-06,0.0008474049780759268,0.0,0.0,0.0,0.0,0.0,0.0,0.0,0.0,0.0,0.0,0.0,0.0,0.030172371613446103,4.213931333651999e-06,9.374980009182351e-05,0.0,0.0,0.001,0.0,0.0,0.001,0.0,0.0,0.0,0.0,0.0,0.0
05,0,-4500,4500.0,0.08875049596781537,4.217869445710676e-06,0.0007991929534322132,0.0,0.0,0.0,0.0,0.0,0.0,0.0,0.0,0.0,0.0,0.0,0.0,0.028863812415380607,4.213293777866056e-06,8.649938404960146e-05,0.0,0.0,0.0,0.0,0.0,0.0,0.0,0.0,0.0,0.0,0.0,0.0
05,0,-4000,4000.0,0.09102029096936803,4.222628376737703e-06,0.00079759408358759,0.0,0.0,0.0,0.0,0.0,0.0,0.0,0.0,0.0,0.0,0.0,0.0,0.19018389250433643,4.22640778197092e-06,0.0005359471223644361,0.0,0.0,0.0,0.0,0.0,0.0,0.0,0.0,0.0,0.0,0.0,0.0
05,0,-3500,3500.0,0.19488175075821346,4.22618722950574e-06,0.0016659035342135495,0.0,0.0,0.0,0.0,0.0,0.0,0.0,0.0,0.0,0.0,0.0,0.0,0.1238949706475978,4.228351372148609e-06,0.00032505408905847443,0.0,0.0,0.0,0.0,0.0,0.0,0.0,0.0,0.0,0.0,0.0,0.0
05,0,-3000,3000.0,0.10367544246037141,4.224192252877401e-06,0.0008639359073064715,0.0,0.0,0.0,0.0,0.0,0.0,0.0,0.0,0.0,0.0,0.0,0.0,0.10442396941598986,4.226060809742194e-06,0.00025316728091581036,0.0,0.0,0.0,0.0,0.0,0.0,0.0,0.0,0.0,0.0,0.0,0.0
05,0,-2500,2500.0,1.667830815624427,2.419691372779198e-05,0.013548617238753096,0.0,0.0,0.0,0.0,0.0,0.0,0.0,0.0,0.0,0.0,0.0,0.0,0.47871293447059315,5.238051926426124e-06,0.0010741837809464091,0.0,0.0,0.0,0.0,0.0,0.0,0.0,0.0,0.0,0.0,0.0,0.0
05,0,-2000,2000.0,1.089707368039683,1.3467698408931028e-05,0.008496146492247562,0.0,0.0,0.0,0.0,0.0,0.0,0.0,0.0,0.0,0.0,0.0,0.0,0.18981040684593609,4.227825229463633e-06,0.0003915586827942777,0.0,0.0,0.0,0.0,0.0,0.0,0.0,0.0,0.0,0.0,0.0,0.0
05,0,-1500,1500.0,1.636621085355472,2.3584569134982303e-05,0.012089621286842987,0.0,0.0,0.0,0.0,0.0,0.0,0.0,0.0,0.0,0.0,0.0,0.0,0.4745012090509704,5.2575992413039785e-06,0.0008980435502236406,0.0,0.0,0.001,0.0,0.0,0.001,0.0,0.0,0.0,0.0,0.0,0.0
05,0,-1000,1000.0,1.137928176420644,1.444620738766389e-05,0.007729954495143853,0.0,0.0,0.0,0.0,0.0,0.0,0.0,0.0,0.0,0.0,0.0,0.0,0.6022833255016735,6.884937647555489e-06,0.001034112102111383,0.0,0.0,0.001,0.0,0.0,0.001,0.0,0.0,0.0,0.0,0.0,0.0
05,0,-500,500.0,0.18979664655489614,4.2264700823579915e-06,0.001172101823344584,0.0,0.0,0.0,0.0,0.0,0.0,0.0,0.0,0.0,0.0,0.0,0.0,0.44148805861468077,4.8788924686959945e-06,0.0006877388265468987,0.0,0.0,0.001,0.0,0.0,0.001,0.0,0.0,0.0,0.0,0.0,0.0
05,0,0,0.0,0.444731798911846,4.936804543831386e-06,0.0024519789580547866,0.0,0.0,0.0,0.0,0.0,0.0,0.0,0.0,0.0,0.0,0.0,0.0,0.6549970713606967,7.711434591328725e-06,0.0009295057077097306,0.0,0.0,0.001,0.0,0.0,0.001,0.0,0.0,0.0,0.0,0.0,0.0
05,0,500,500.0,0.4895988556867792,5.392616913013626e-06,0.002423104176440741,0.0,0.0,0.0,0.0,0.0,0.0,0.0,0.0,0.0,0.0,0.0,0.0,0.7486841804009714,8.29543023428414e-06,0.0009780072818496846,0.0,0.0,0.001,0.0,0.0,0.001,0.0,0.0,0.0,0.0,0.0,0.0
05,0,1000,1000.0,0.1568814571328403,4.224397343932651e-06,0.0007033983770705626,0.0,0.0,0.0,0.0,0.0,0.0,0.0,0.0,0.0,0.0,0.0,0.0,1.2692936073804617,1.5528848962276243e-05,0.0015735259329301482,0.0,0.0,0.001,0.0,0.0,0.001,0.0,0.0,0.0,0.0,0.0,0.0
05,0,1500,1500.0,0.167015692932182,4.22600760430214e-06,0.0006899046412244415,0.0,0.0,0.0,0.0,0.0,0.0,0.0,0.0,0.0,0.0,0.0,0.0,0.5597094700931393,5.800257440569112e-06,0.0006697404421042762,0.0,0.0,0.001,0.0,0.0,0.001,0.0,0.0,0.0,0.0,0.0,0.0
05,0,2000,2000.0,1.9882894796474204,2.783333729894366e-05,0.007834323612891738,0.0,0.0,0.0,0.0,0.0,0.0,0.0,0.0,0.0,0.0,0.0,0.0,0.5115831797525061,5.369965947465971e-06,0.0006109201105763057,0.0,0.0,0.001,0.0,0.0,0.001,0.0,0.0,0.0,0.0,0.0,0.0
05,0,2500,2500.0,0.0,0.0,0.0,0.0,0.0,0.0,0.0,0.0,0.0,0.0,0.0,0.0,0.0,0.0,0.0,3.4912493746375617,5.5523854825878516e-05,0.004204534069642753,0.0,0.0,0.001,0.0,0.0,0.001,0.0,0.0,0.001,0.0,0.0,0.0
05,0,3000,3000.0,0.00505595880895271,4.2138531171076465e-06,1.8914013331795048e-05,0.0,0.0,0.0,0.0,0.0,0.0,0.0,0.0,0.0,0.0,0.0,0.0,0.5802065043965854,5.410719040810363e-06,0.0007223237740580527,0.0,0.0,0.001,0.0,0.0,0.001,0.0,0.0,0.001,0.0,0.0,0.0
05,0,3500,3500.0,0.26730801986829533,2.9409254693746334e-06,0.0009928041669484485,0.0,0.0,0.001,0.0,0.0,0.001,0.0,0.0,0.001,0.0,0.0,0.0,0.29847155929303426,2.581906983323279e-06,0.00039113825086998605,0.0,0.0,0.001,0.0,0.0,0.001,0.0,0.0,0.002,0.0,0.0,0.001
05,0,4000,4000.0,0.5282702912850823,5.867946129001211e-06,0.0019713534302549444,0.0,0.0,0.001,0.0,0.0,0.001,0.0,0.0,0.001,0.0,0.0,0.0,0.49207663977028915,4.534075287665473e-06,0.0006991513359013594,0.0,0.0,0.001,0.0,0.0,0.001,0.0,0.0,0.002,0.0,0.0,0.001
05,0,4500,4500.0,0.27846337343930827,2.852883881132584e-06,0.0010514003040649027,0.0,0.0,0.001,0.0,0.0,0.001,0.0,0.0,0.001,0.0,0.0,0.001,0.22199659695161245,1.7684455997368786e-06,0.0003472251686312357,0.0,0.0,0.001,0.0,0.0,0.001,0.0,0.0,0.002,0.0,0.0,0.001
05,0,5000,5000.0,0.21141887405988768,2.0292593490012223e-06,0.0008066295617618409,0.0,0.0,0.001,0.0,0.0,0.001,0.0,0.0,0.001,0.0,0.0,0.001,0.15753790733583628,1.1559503718672204e-06,0.00026707105710822843,0.0,0.0,0.001,0.0,0.0,0.001,0.0,0.0,0.002,0.0,0.0,0.001
05,0,5500,5500.0,0.04342129285248575,2.619389078972745e-07,0.00016806391238186402,0.0,0.0,0.001,0.0,0.0,0.001,0.0,0.0,0.001,0.0,0.0,0.001,0.11916702542293933,8.176609185284178e-07,0.00021796050701115464,0.0,0.0,0.001,0.0,0.0,0.001,0.0,0.0,0.002,0.0,0.0,0.001
05,0,6000,6000.0,0.03914079017590666,2.426178866699047e-07,0.00015407362182912287,0.0,0.0,0.001,0.0,0.0,0.001,0.0,0.0,0.001,0.0,0.0,0.001,0.15981797160975475,1.2952941688126884e-06,0.00029616430356222556,0.0,0.0,0.001,0.0,0.0,0.001,0.0,0.0,0.001,0.0,0.0,0.001
05,0,6500,6500.0,0.038058653029082734,2.5765410782696563e-07,0.00015279085361231555,0.0,0.0,0.001,0.0,0.0,0.001,0.0,0.0,0.001,0.0,0.0,0.001,0.10034031616896755,6.929172400305106e-07,0.00018487647609743477,0.0,0.0,0.001,0.0,0.0,0.001,0.0,0.0,0.001,0.0,0.0,0.001
05,0,7000,7000.0,0.04814721173431735,3.1127163424571336e-07,0.00019753151959393423,0.0,0.0,0.001,0.0,0.0,0.001,0.0,0.0,0.0,0.0,0.0,0.001,0.05824294511853623,3.7875682323829096e-07,0.00010278549212143311,0.0,0.0,0.001,0.0,0.0,0.001,0.0,0.0,0.001,0.0,0.0,0.001
05,0,7500,7500.0,0.2242060591690631,2.1985631519783055e-06,0.0009432712379051224,0.0,0.0,0.001,0.0,0.0,0.001,0.0,0.0,0.0,0.0,0.0,0.0,0.05807242184090455,3.7879101455473574e-07,9.819684687953631e-05,0.0,0.0,0.001,0.0,0.0,0.001,0.0,0.0,0.0,0.0,0.0,0.001
05,0,8000,8000.0,0.26337436976930917,2.7111095732834656e-06,0.0011391832863755817,0.0,0.0,0.001,0.0,0.0,0.001,0.0,0.0,0.0,0.0,0.0,0.0,0.07222266400930266,5.83471660320356e-07,0.00011701661081798837,0.0,0.0,0.001,0.0,0.0,0.001,0.0,0.0,0.0,0.0,0.0,0.0
05,0,8500,8500.0,0.059662809837135455,4.294478458177764e-06,0.00026568113658053684,0.0,0.0,0.001,0.0,0.0,0.001,0.0,0.0,0.0,0.0,0.0,0.0,0.09692321337197995,7.714800176472636e-07,0.0001521215238605796,0.0,0.0,0.001,0.0,0.0,0.001,0.0,0.0,0.0,0.0,0.0,0.0
05,0,9000,9000.0,0.0564211083826649,4.2563856368360575e-06,0.000260024275139614,0.0,0.0,0.001,0.0,0.0,0.001,0.0,0.0,0.0,0.0,0.0,0.0,0.0640759483509612,6.703173198729928e-07,9.929285231650765e-05,0.0,0.0,0.001,0.0,0.0,0.001,0.0,0.0,0.0,0.0,0.0,0.0
05,0,9500,9500.0,0.05214187932622849,3.5422152677710983e-07,0.00024899941063390667,0.0,0.0,0.001,0.0,0.0,0.001,0.0,0.0,0.0,0.0,0.0,0.0,0.465550266356729,4.72778901894344e-06,0.0007225618112413963,0.0,0.0,0.001,0.0,0.0,0.001,0.0,0.0,0.0,0.0,0.0,0.0
05,0,10000,10000.0,0.051336318690431426,3.4945955462717393e-07,0.0002556825200411991,0.0,0.0,0.001,0.0,0.0,0.001,0.0,0.0,0.0,0.0,0.0,0.0,0.5202385138787236,5.229332600720227e-06,0.0008337603471387658,0.0,0.0,0.001,0.0,0.0,0.001,0.0,0.0,0.0,0.0,0.0,0.0
05,0,10500,10500.0,0.06573586006197729,4.217529294692213e-06,0.00034111408838431224,0.0,0.0,0.001,0.0,0.0,0.001,0.0,0.0,0.0,0.0,0.0,0.0,0.8205127942630952,9.150387086265255e-06,0.0013785835260470664,0.0,0.0,0.001,0.0,0.0,0.001,0.0,0.0,0.0,0.0,0.0,0.0
05,0,11000,11000.0,0.03792051411437569,4.215637545712525e-06,0.00020457979066122321,0.0,0.0,0.001,0.0,0.0,0.001,0.0,0.0,0.0,0.0,0.0,0.0,0.9619508058761994,1.074375268217409e-05,0.00174154338354508,0.0,0.0,0.001,0.0,0.0,0.001,0.0,0.0,0.0,0.0,0.0,0.0
05,0,11500,11500.0,0.0458568999839315,3.143869946597988e-07,0.0002571883658174804,0.0,0.0,0.001,0.0,0.0,0.001,0.0,0.0,0.0,0.0,0.0,0.0,0.21046907326081055,1.984251412068261e-06,0.0004106562996093833,0.0,0.0,0.001,0.0,0.0,0.001,0.0,0.0,0.0,0.0,0.0,0.0
05,0,12000,12000.0,0.04569902408704252,3.342790932947537e-07,0.0002679472409304294,0.0,0.0,0.001,0.0,0.0,0.001,0.0,0.0,0.0,0.0,0.0,0.0,0.19887812777312774,1.874882286756474e-06,0.00041271892426569286,0.0,0.0,0.001,0.0,0.0,0.001,0.0,0.0,0.0,0.0,0.0,0.0
05,0,12500,12500.0,0.028447863676461793,4.216098204778973e-06,0.0001753323849475862,0.0,0.0,0.001,0.0,0.0,0.001,0.0,0.0,0.0,0.0,0.0,0.0,0.09260503437360512,7.729732374173182e-07,0.00020286920306821792,0.0,0.0,0.001,0.0,0.0,0.001,0.0,0.0,0.0,0.0,0.0,0.0
05,0,13000,13000.0,0.03986236138615595,2.7350228037903435e-07,0.00025937449919973167,0.0,0.0,0.001,0.0,0.0,0.001,0.0,0.0,0.0,0.0,0.0,0.0,0.08230588855582255,7.102846666384721e-07,0.00018872014442226787,0.0,0.0,0.001,0.0,0.0,0.001,0.0,0.0,0.0,0.0,0.0,0.0
05,0,13500,13500.0,0.0,0.0,0.0,0.0,0.0,0.001,0.0,0.0,0.001,0.0,0.0,0.0,0.0,0.0,0.0,0.08014037205796853,8.454834983240289e-07,0.00018960816747629817,0.0,0.0,0.001,0.0,0.0,0.001,0.0,0.0,0.0,0.0,0.0,0.0
05,0,14000,14000.0,0.02527588058001129,4.2145989027631e-06,0.00017960224569955785,0.0,0.0,0.001,0.0,0.0,0.001,0.0,0.0,0.0,0.0,0.0,0.0,0.3834508289131122,4.1086295823333785e-06,0.000918927812176755,0.0,0.0,0.001,0.0,0.0,0.001,0.0,0.0,0.0,0.0,0.0,0.0
05,0,14500,14500.0,0.1430768494103063,4.223697487759637e-06,0.0010424561135581804,0.0,0.0,0.001,0.0,0.0,0.001,0.0,0.0,0.0,0.0,0.0,0.0,0.11595852005328311,4.228707439324353e-06,0.0002765636273010661,0.0,0.0,0.0,0.0,0.0,0.0,0.0,0.0,0.0,0.0,0.0,0.0
05,0,15000,15000.0,0.015166685716394568,4.220078608341282e-06,0.00011030846805986038,0.0,0.0,0.001,0.0,0.0,0.001,0.0,0.0,0.0,0.0,0.0,0.0,0.5180765022252842,5.833938303112518e-06,0.0012091564269574363,0.0,0.0,0.0,0.0,0.0,0.0,0.0,0.0,0.0,0.0,0.0,0.0
05,0,15500,15500.0,0.01263758367713308,4.214175987726776e-06,9.088517712185848e-05,0.0,0.0,0.0,0.0,0.0,0.0,0.0,0.0,0.0,0.0,0.0,0.0,0.11323749817719886,4.2254928303009365e-06,0.0002574484640123845,0.0,0.0,0.0,0.0,0.0,0.0,0.0,0.0,0.0,0.0,0.0,0.0
05,0,16000,16000.0,0.1779674120349739,1.864251771621639e-06,0.0012401494172998905,0.0,0.0,0.0,0.0,0.0,0.0,0.0,0.0,0.0,0.0,0.0,0.0,0.06321892788037076,4.2248120735166594e-06,0.00014032564148869567,0.0,0.0,0.0,0.0,0.0,0.0,0.0,0.0,0.0,0.0,0.0,0.0
05,0,16500,16500.0,0.22560339305286448,4.228698344377335e-06,0.001518859439606501,0.0,0.0,0.0,0.0,0.0,0.0,0.0,0.0,0.0,0.0,0.0,0.0,2.314377906792231,3.606539758038707e-05,0.005003840299849721,0.0,0.0,0.001,0.0,0.0,0.001,0.0,0.0,0.0,0.0,0.0,0.0
05,0,17000,17000.0,0.24082449552409457,4.229124897392467e-06,0.0015455558368879542,0.0,0.0,0.0,0.0,0.0,0.0,0.0,0.0,0.0,0.0,0.0,0.0,0.09222075487684833,6.578961233572045e-07,0.00019420277773905614,0.0,0.0,0.001,0.0,0.0,0.001,0.0,0.0,0.001,0.0,0.0,0.0
05,0,17500,17500.0,0.17150727390387033,4.2258088797098026e-06,0.0010526081516912386,0.0,0.0,0.001,0.0,0.0,0.001,0.0,0.0,0.0,0.0,0.0,0.0,0.09031362547631261,6.560877636729856e-07,0.00018677371962399467,0.0,0.0,0.001,0.0,0.0,0.001,0.0,0.0,0.001,0.0,0.0,0.0
05,0,18000,18000.0,0.007585813091282034,4.216498382447753e-06,4.4606222395708673e-05,0.0,0.0,0.001,0.0,0.0,0.001,0.0,0.0,0.0,0.0,0.0,0.0,0.1694501343763477,1.3753835901297862e-06,0.00035248016300388764,0.0,0.0,0.001,0.0,0.0,0.001,0.0,0.0,0.001,0.0,0.0,0.0
05,0,18500,18500.0,0.2382486937527517,4.226496912451694e-06,0.0013522736108772739,0.0,0.0,0.001,0.0,0.0,0.001,0.0,0.0,0.0,0.0,0.0,0.0,0.3354010323874945,3.453879571679863e-06,0.0007090615535371113,0.0,0.0,0.001,0.0,0.0,0.001,0.0,0.0,0.001,0.0,0.0,0.001
05,0,19000,19000.0,0.0632340611446125,4.219574293529149e-06,0.0003510139696249028,0.0,0.0,0.001,0.0,0.0,0.001,0.0,0.0,0.0,0.0,0.0,0.0,1.1097704263562491,1.3679884432349354e-05,0.0024458998808736788,0.0,0.0,0.001,0.0,0.0,0.001,0.0,0.0,0.001,0.0,0.0,0.001
05,0,19500,19500.0,0.0075834313975065015,4.213892680127174e-06,4.1517562352970243e-05,0.0,0.0,0.001,0.0,0.0,0.001,0.0,0.0,0.0,0.0,0.0,0.0,0.14420996814408227,9.625707662053173e-07,0.0003347348228689727,0.0,0.0,0.001,0.0,0.0,0.001,0.0,0.0,0.001,0.0,0.0,0.001
05,0,20000,20000.0,0.0,0.0,0.0,0.0,0.0,0.001,0.0,0.0,0.001,0.0,0.0,0.0,0.0,0.0,0.0,0.12252192134667439,8.56303529417346e-07,0.00030539782303909337,0.0,0.0,0.001,0.0,0.0,0.001,0.0,0.0,0.001,0.0,0.0,0.001
05,0,20500,20500.0,0.02891413759513739,4.2157316784141585e-06,0.00015514520288007806,0.0,0.0,0.001,0.0,0.0,0.001,0.0,0.0,0.0,0.0,0.0,0.0,0.16601070194894874,1.2127364925618167e-06,0.0004483416536461763,0.0,0.0,0.001,0.0,0.0,0.001,0.0,0.0,0.001,0.0,0.0,0.001
06,0,-21000,21000.0,0.0,0.0,0.0,0.0,0.0,0.0,0.0,0.0,0.0,0.0,0.0,0.0,0.0,0.0,0.0,0.05434005804687558,4.228495072311489e-06,0.0004665282538973964,0.0,0.0,0.0,0.0,0.0,0.0,0.0,0.0,0.0,0.0,0.0,0.0
06,0,-20500,20500.0,0.0,0.0,0.0,0.0,0.0,0.0,0.0,0.0,0.0,0.0,0.0,0.0,0.0,0.0,0.0,0.058464806762259514,4.2285851122869644e-06,0.00044328275413905993,0.0,0.0,0.0,0.0,0.0,0.0,0.0,0.0,0.0,0.0,0.0,0.0
06,0,-20000,20000.0,0.0,0.0,0.0,0.0,0.0,0.0,0.0,0.0,0.0,0.0,0.0,0.0,0.0,0.0,0.0,0.0461238244376716,4.2307356125093065e-06,0.0003231361445700822,0.0,0.0,0.0,0.0,0.0,0.0,0.0,0.0,0.0,0.0,0.0,0.0
06,0,-19500,19500.0,0.0,0.0,0.0,0.0,0.0,0.0,0.0,0.0,0.0,0.0,0.0,0.0,0.0,0.0,0.0,0.06583811831717412,4.228738362144213e-06,0.0004361920308377863,0.0,0.0,0.0,0.0,0.0,0.0,0.0,0.0,0.0,0.0,0.0,0.0
06,0,-19000,19000.0,0.0,0.0,0.0,0.0,0.0,0.0,0.0,0.0,0.0,0.0,0.0,0.0,0.0,0.0,0.0,0.06903054275610998,4.2307920011808164e-06,0.000449496346110047,0.0,0.0,0.0,0.0,0.0,0.0,0.0,0.0,0.0,0.0,0.0,0.0
06,0,-18500,18500.0,0.0,0.0,0.0,0.0,0.0,0.0,0.0,0.0,0.0,0.0,0.0,0.0,0.0,0.0,0.0,0.0671411417897616,4.2271030906704254e-06,0.0004259329938363219,0.0,0.0,0.0,0.0,0.0,0.0,0.0,0.0,0.0,0.0,0.0,0.0
06,0,-18000,18000.0,0.5171555154419138,1.3983668395667337e-05,0.06358261628411353,0.0,0.0,0.0,0.0,0.0,0.0,0.0,0.0,0.0,0.0,0.0,0.0,0.05312027751642745,4.2236865738232154e-06,0.00033191058529073736,0.0,0.0,0.0,0.0,0.0,0.0,0.0,0.0,0.0,0.0,0.0,0.0
06,0,-17500,17500.0,0.5382680845194443,1.4200214536685962e-05,0.06863112317324793,0.0,0.0,0.0,0.0,0.0,0.0,0.0,0.0,0.0,0.0,0.0,0.0,0.05307233832354541,4.221290510031395e-06,0.00032225243721353613,0.0,0.0,0.0,0.0,0.0,0.0,0.0,0.0,0.0,0.0,0.0,0.0
06,0,-17000,17000.0,0.23728217429948018,8.076376616372727e-06,0.03318145105018615,0.0,0.0,0.0,0.0,0.0,0.0,0.0,0.0,0.0,0.0,0.0,0.0,0.015169495782174636,4.215245553496061e-06,9.064398056172362e-05,0.0,0.0,0.0,0.0,0.0,0.0,0.0,0.0,0.0,0.0,0.0,0.0
06,0,-16500,16500.0,0.523466067610201,1.4076113984629046e-05,0.08485705017295384,0.0,0.0,0.0,0.0,0.0,0.0,0.0,0.0,0.0,0.0,0.0,0.0,0.04806745455425698,4.223859832563903e-06,0.00028907648218110763,0.0,0.0,0.0,0.0,0.0,0.0,0.0,0.0,0.0,0.0,0.0,0.0
06,0,-16000,16000.0,0.0,0.0,0.0,0.0,0.0,0.0,0.0,0.0,0.0,0.0,0.0,0.0,0.0,0.0,0.0,0.05805656746815657,4.229203113936819e-06,0.0003611458398577546,0.0,0.0,0.0,0.0,0.0,0.0,0.0,0.0,0.0,0.0,0.0,0.0
06,0,-15500,15500.0,0.0,0.0,0.0,0.0,0.0,0.0,0.0,0.0,0.0,0.0,0.0,0.0,0.0,0.0,0.0,0.06328866111289244,4.227825684210984e-06,0.0004231408925289091,0.0,0.0,0.0,0.0,0.0,0.0,0.0,0.0,0.001,0.0,0.0,0.0
06,0,-15000,15000.0,0.0,0.0,0.0,0.0,0.0,0.0,0.0,0.0,0.0,0.0,0.0,0.0,0.0,0.0,0.0,0.13162560389901046,4.230093963997206e-06,0.0009748840253422551,0.0,0.0,0.0,0.0,0.0,0.0,0.0,0.0,0.001,0.0,0.0,0.0
06,0,-14500,14500.0,0.0,0.0,0.0,0.0,0.0,0.0,0.0,0.0,0.0,0.0,0.0,0.0,0.0,0.0,0.0,0.6626744249508931,1.2780447832483333e-05,0.005521875234216962,0.0,0.0,0.001,0.0,0.0,0.001,0.0,0.0,0.001,0.0,0.0,0.001
06,0,-14000,14000.0,0.0,0.0,0.0,0.0,0.0,0.0,0.0,0.0,0.0,0.0,0.0,0.0,0.0,0.0,0.0,0.6776485567712598,1.3108921848470345e-05,0.006385380795510261,0.0,0.0,0.001,0.0,0.0,0.001,0.0,0.0,0.001,0.0,0.0,0.001
06,0,-13500,13500.0,0.0,0.0,0.0,0.0,0.0,0.0,0.0,0.0,0.0,0.0,0.0,0.0,0.0,0.0,0.0,0.05321409061025406,4.220866230753018e-06,0.000553413857031958,0.0,0.0,0.0,0.0,0.0,0.0,0.0,0.0,0.001,0.0,0.0,0.001
06,0,-13000,13000.0,0.0,0.0,0.0,0.0,0.0,0.0,0.0,0.0,0.0,0.0,0.0,0.0,0.0,0.0,0.0,0.7117977945767962,1.3686855709238444e-05,0.007849656630709393,0.0,0.0,0.0,0.0,0.0,0.0,0.0,0.0,0.0,0.0,0.0,0.0
06,0,-12500,12500.0,0.0,0.0,0.0,0.0,0.0,0.0,0.0,0.0,0.0,0.0,0.0,0.0,0.0,0.0,0.0,0.6215537151931017,1.2366240298433695e-05,0.007221878067375436,0.0,0.0,0.0,0.0,0.0,0.0,0.0,0.0,0.0,0.0,0.0,0.0
06,0,-12000,12000.0,0.0,0.0,0.0,0.0,0.0,0.0,0.0,0.0,0.0,0.0,0.0,0.0,0.0,0.0,0.0,0.03794103695327067,4.223039013595553e-06,0.0004464727320165749,0.0,0.0,0.0,0.0,0.0,0.0,0.0,0.0,0.0,0.0,0.0,0.0
06,0,-11500,11500.0,0.0,0.0,0.0,0.0,0.0,0.0,0.0,0.0,0.0,0.0,0.0,0.0,0.0,0.0,0.0,0.02782603205560008,4.220612936478574e-06,0.0003430373193989947,0.0,0.0,0.0,0.0,0.0,0.0,0.0,0.0,0.0,0.0,0.0,0.0
06,0,-11000,11000.0,0.0,0.0,0.0,0.0,0.0,0.0,0.0,0.0,0.0,0.0,0.0,0.0,0.0,0.0,0.0,0.03286482979092398,4.2184356061625294e-06,0.00041945783003584873,0.0,0.0,0.0,0.0,0.0,0.0,0.0,0.0,0.0,0.0,0.0,0.0
06,0,-10500,10500.0,0.04839452408305078,4.2310598473704886e-06,0.002917975753297954,0.0,0.0,0.0,0.0,0.0,0.0,0.0,0.0,0.0,0.0,0.0,0.0,0.5933379948942274,1.1565197382878978e-05,0.007844090684029331,0.0,0.0,0.001,0.0,0.0,0.001,0.0,0.0,0.0,0.0,0.0,0.0
06,0,-10000,10000.0,0.0,0.0,0.0,0.0,0.0,0.0,0.0,0.0,0.0,0.0,0.0,0.0,0.0,0.0,0.0,0.035412650595390005,4.221152721584076e-06,0.00047054298095628236,0.0,0.0,0.001,0.0,0.0,0.001,0.0,0.0,0.0,0.0,0.0,0.0
06,0,-9500,9500.0,0.12737364093808878,4.223908035783097e-06,0.0016141307613364907,0.0,0.0,0.0,0.0,0.0,0.0,0.0,0.0,0.0,0.0,0.0,0.0,0.07192604598742491,4.227530098432908e-06,0.0009110397258195127,0.0,0.0,0.001,0.0,0.0,0.001,0.0,0.0,0.0,0.0,0.0,0.0
06,0,-9000,9000.0,0.14726007681531428,4.225816155667417e-06,0.001145362998375801,0.0,0.0,0.0,0.0,0.0,0.0,0.0,0.0,0.0,0.0,0.0,0.0,0.07009546529985755,4.22634639107855e-06,0.0007462390539026158,0.0,0.0,0.001,0.0,0.0,0.001,0.0,0.0,0.0,0.0,0.0,0.0
06,0,-8500,8500.0,0.13117954283998756,4.2249839680152945e-06,0.00070480558413518,0.0,0.0,0.0,0.0,0.0,0.0,0.0,0.0,0.0,0.0,0.0,0.0,0.06150092951813235,4.226053079037229e-06,0.0005202015905269269,0.0,0.0,0.0,0.0,0.0,0.0,0.0,0.0,0.0,0.0,0.0,0.0
06,0,-8000,8000.0,0.1266272761313303,4.2286646930733696e-06,0.0005341264302690072,0.0,0.0,0.0,0.0,0.0,0.0,0.0,0.0,0.0,0.0,0.0,0.0,0.06969734631780966,4.2262176975782495e-06,0.00045097290076790797,0.0,0.0,0.0,0.0,0.0,0.0,0.0,0.0,0.0,0.0,0.0,0.0
06,0,-7500,7500.0,0.16781584652250103,4.22769517172128e-06,0.0006008480129976717,0.0,0.0,0.0,0.0,0.0,0.0,0.0,0.0,0.0,0.0,0.0,0.0,0.073685742344054,4.231023012835067e-06,0.00036713284595863446,0.0,0.0,0.0,0.0,0.0,0.0,0.0,0.0,0.0,0.0,0.0,0.0
06,0,-7000,7000.0,0.06320878283077036,4.216974957671482e-06,0.00020900140038700879,0.0,0.0,0.0,0.0,0.0,0.0,0.0,0.0,0.0,0.0,0.0,0.0,0.07449978299973736,4.221969902573619e-06,0.000303354207952266,0.0,0.0,0.0,0.0,0.0,0.0,0.0,0.0,0.0,0.0,0.0,0.0
06,0,-6500,6500.0,0.2600079493745966,4.224233634886332e-06,0.0008341813330462715,0.0,0.0,0.001,0.0,0.0,0.001,0.0,0.0,0.001,0.0,0.0,0.0,0.06870082603072092,4.228892066748813e-06,0.00023977317193292326,0.0,0.0,0.0,0.0,0.0,0.0,0.0,0.0,0.0,0.0,0.0,0.0
06,0,-6000,6000.0,1.096024203263113,1.2825193152821157e-05,0.0036343737069198336,0.0,0.0,0.001,0.0,0.0,0.001,0.0,0.0,0.001,0.0,0.0,0.001,0.053001757182613574,4.229112164466642e-06,0.0001702436176177726,0.0,0.0,0.0,0.0,0.0,0.0,0.0,0.0,0.0,0.0,0.0,0.0
06,0,-5500,5500.0,0.09168203301186395,4.216313755023293e-06,0.00031988373879751305,0.0,0.0,0.001,0.0,0.0,0.001,0.0,0.0,0.001,0.0,0.0,0.001,0.07271341711998502,4.2300625864299946e-06,0.00022494676843755416,0.0,0.0,0.001,0.0,0.0,0.001,0.0,0.0,0.001,0.0,0.0,0.0
06,0,-5000,5000.0,0.04616383877618091,4.214563887217082e-06,0.00016846040863064616,0.0,0.0,0.001,0.0,0.0,0.001,0.0,0.0,0.001,0.0,0.0,0.001,0.05328476958013084,4.230037120578345e-06,0.0001700981508660353,0.0,0.0,0.001,0.0,0.0,0.001,0.0,0.0,0.001,0.0,0.0,0.0
06,0,-4500,4500.0,0.04744312245463789,4.2159158510912675e-06,0.00017433361548538056,0.0,0.0,0.001,0.0,0.0,0.001,0.0,0.0,0.001,0.0,0.0,0.001,0.034280858109525525,8.38248581658263e-07,0.00011505266698441932,0.0,0.0,0.001,0.0,0.0,0.001,0.0,0.0,0.001,0.0,0.0,0.001
06,0,-4000,4000.0,0.2755590558848553,4.221838480589213e-06,0.0009908230330512866,0.0,0.0,0.001,0.0,0.0,0.001,0.0,0.0,0.001,0.0,0.0,0.001,0.03154908980036453,7.242568358378776e-07,0.00011567427494134593,0.0,0.0,0.001,0.0,0.0,0.001,0.0,0.0,0.001,0.0,0.0,0.001
06,0,-3500,3500.0,0.057676973302989154,4.2136007323279046e-06,0.00020245935561393673,0.0,0.0,0.001,0.0,0.0,0.001,0.0,0.0,0.0,0.0,0.0,0.0,0.03423702803928563,8.199122021324001e-07,0.00013877956911046346,0.0,0.0,0.001,0.0,0.0,0.001,0.0,0.0,0.001,0.0,0.0,0.0
06,0,-3000,3000.0,0.04500404830665161,4.213772172079189e-06,0.00015766875082332698,0.0,0.0,0.001,0.0,0.0,0.001,0.0,0.0,0.0,0.0,0.0,0.0,0.019838269625438443,4.2965274360540207e-07,8.668384753284935e-05,0.0,0.0,0.001,0.0,0.0,0.001,0.0,0.0,0.001,0.0,0.0,0.0
06,0,-2500,2500.0,0.08459396951465692,4.2258370740455575e-06,0.0003051131091416468,0.0,0.0,0.0,0.0,0.0,0.0,0.0,0.0,0.0,0.0,0.0,0.0,0.08602468287790543,4.225391421641689e-06,0.00040115748836197463,0.0,0.0,0.0,0.0,0.0,0.0,0.0,0.0,0.0,0.0,0.0,0.0
06,0,-2000,2000.0,0.0737747714310899,4.2251404011039995e-06,0.0002811291277594277,0.0,0.0,0.0,0.0,0.0,0.0,0.0,0.0,0.001,0.0,0.0,0.0,0.0252781528615742,4.21525555793778e-06,0.00011632707884124007,0.0,0.0,0.0,0.0,0.0,0.0,0.0,0.0,0.0,0.0,0.0,0.0
06,0,-1500,1500.0,0.22562340400043013,8.288861863547936e-06,0.0009392250314123535,0.0,0.0,0.001,0.0,0.0,0.001,0.0,0.0,0.001,0.0,0.0,0.001,0.08860126708896132,4.228008947393391e-06,0.00038994219715756604,0.0,0.0,0.0,0.0,0.0,0.0,0.0,0.0,0.0,0.0,0.0,0.0
06,0,-1000,1000.0,0.03129135131274552,7.701015078964701e-07,0.00015526844882947027,0.0,0.0,0.001,0.0,0.0,0.001,0.0,0.0,0.001,0.0,0.0,0.001,0.030429339142301615,4.216233264742186e-06,0.00012065799281221535,0.0,0.0,0.0,0.0,0.0,0.0,0.0,0.0,0.0,0.0,0.0,0.0
06,0,-500,500.0,0.6007482880136195,1.5185410120466258e-05,0.003638485520683943,0.0,0.0,0.001,0.0,0.0,0.001,0.0,0.0,0.001,0.0,0.0,0.001,0.04551982938210131,4.217416062601842e-06,0.0001612128678666957,0.0,0.0,0.0,0.0,0.0,0.0,0.0,0.0,0.0,0.0,0.0,0.0
06,0,0,0.0,0.026242727713565728,5.37455264293385e-07,0.0002026399342727181,0.0,0.0,0.001,0.0,0.0,0.001,0.0,0.0,0.001,0.0,0.0,0.001,0.03792336374317529,4.216497472953051e-06,0.00011691082298182554,0.0,0.0,0.0,0.0,0.0,0.0,0.0,0.0,0.0,0.0,0.0,0.0
06,0,500,500.0,0.014991060113800359,3.8947618463680556e-07,0.00015223405501111137,0.0,0.0,0.001,0.0,0.0,0.001,0.0,0.0,0.001,0.0,0.0,0.001,0.007580849160149228,4.2117662815144286e-06,2.0463598766619772e-05,0.0,0.0,0.0,0.0,0.0,0.0,0.0,0.0,0.0,0.0,0.0,0.0
06,0,1000,1000.0,0.01087193191580127,3.0743811407774047e-07,0.0001326046887373599,0.0,0.0,0.001,0.0,0.0,0.001,0.0,0.0,0.0,0.0,0.0,0.001,0.022750159951101523,4.214625732856803e-06,5.324503478470587e-05,0.0,0.0,0.0,0.0,0.0,0.0,0.0,0.0,0.0,0.0,0.0,0.0
06,0,1500,1500.0,0.020228220182616496,4.217570676701143e-06,0.00030337816151986246,0.0,0.0,0.0,0.0,0.0,0.0,0.0,0.0,0.0,0.0,0.0,0.0,0.03034983074030606,4.218781214149203e-06,6.194230079448383e-05,0.0,0.0,0.0,0.0,0.0,0.0,0.0,0.0,0.0,0.0,0.0,0.0
06,0,2000,2000.0,0.01517251921541174,4.21996992372442e-06,0.00025415041480896455,0.0,0.0,0.0,0.0,0.0,0.0,0.0,0.0,0.0,0.0,0.0,0.0,0.08769977957712172,4.2294382183172274e-06,0.00015567354635941975,0.0,0.0,0.0,0.0,0.0,0.0,0.0,0.0,0.001,0.0,0.0,0.0
06,0,2500,2500.0,0.4295204169530109,1.2635961866180878e-05,0.008174722784929762,0.0,0.0,0.0,0.0,0.0,0.0,0.0,0.0,0.0,0.0,0.0,0.0,0.049788341187451124,9.782700089999707e-07,7.775526470354752e-05,0.0,0.0,0.001,0.0,0.0,0.001,0.0,0.0,0.001,0.0,0.0,0.0
06,0,3000,3000.0,0.3678718655862667,1.0524944627832156e-05,0.0068015101785959264,0.0,0.0,0.0,0.0,0.0,0.0,0.0,0.0,0.0,0.0,0.0,0.0,0.06882466969670986,2.0844904611294623e-06,9.473585482022876e-05,0.0,0.0,0.001,0.0,0.0,0.001,0.0,0.0,0.001,0.0,0.0,0.001
06,0,3500,3500.0,0.027914452709865145,4.21823597207549e-06,0.0004456480339579865,0.0,0.0,0.0,0.0,0.0,0.0,0.0,0.0,0.0,0.0,0.0,0.0,0.09776491716877445,2.1776004359708168e-06,0.00012020043053104923,0.0,0.0,0.001,0.0,0.0,0.001,0.0,0.0,0.001,0.0,0.0,0.001
06,0,4000,4000.0,0.020226696324243676,4.2173737710982095e-06,0.00021789312913918015,0.0,0.0,0.0,0.0,0.0,0.0,0.0,0.0,0.0,0.0,0.0,0.0,0.15522184802989614,4.069672286277637e-06,0.00017082444396455883,0.0,0.0,0.001,0.0,0.0,0.001,0.0,0.0,0.001,0.0,0.0,0.001
06,0,4500,4500.0,0.025286532309110044,4.2177907744189724e-06,0.0001830985950504342,0.0,0.0,0.0,0.0,0.0,0.0,0.0,0.0,0.0,0.0,0.0,0.0,0.2166157401120472,5.553551090997644e-06,0.0002158634841848123,0.0,0.0,0.001,0.0,0.0,0.001,0.0,0.0,0.001,0.0,0.0,0.001
06,0,5000,5000.0,0.032889415615500184,4.221337803755887e-06,0.00017473797548957936,0.0,0.0,0.0,0.0,0.0,0.0,0.0,0.0,0.0,0.0,0.0,0.0,0.1375647215297704,4.166008693573531e-06,0.00012419928922345117,0.0,0.0,0.001,0.0,0.0,0.001,0.0,0.0,0.001,0.0,0.0,0.001
06,0,5500,5500.0,0.04055504171844859,4.22464290750213e-06,0.00017280615848237456,0.0,0.0,0.0,0.0,0.0,0.0,0.0,0.0,0.0,0.0,0.0,0.0,0.3362774097155352,7.725607247266453e-06,0.00027770137084569236,0.0,0.0,0.001,0.0,0.0,0.001,0.0,0.0,0.001,0.0,0.0,0.001
06,0,6000,6000.0,0.04317490370340238,4.2258811845385935e-06,0.00016481663740396127,0.0,0.0,0.0,0.0,0.0,0.0,0.0,0.0,0.0,0.0,0.0,0.0,0.5661126068616795,1.2505092854553368e-05,0.0004237117640626303,0.0,0.0,0.001,0.0,0.0,0.001,0.0,0.0,0.001,0.0,0.0,0.001
06,0,6500,6500.0,0.5137023624932624,1.4716795703861862e-05,0.0018614809945696634,0.0,0.0,0.0,0.0,0.0,0.0,0.0,0.0,0.0,0.0,0.0,0.0,1.412888468314577,2.6665748009691015e-05,0.0009681914589244948,0.0,0.0,0.001,0.0,0.0,0.001,0.0,0.0,0.001,0.0,0.0,0.001
06,0,7000,7000.0,0.04308904146341774,4.2208744162053335e-06,0.0001584680601663947,0.0,0.0,0.0,0.0,0.0,0.0,0.0,0.0,0.001,0.0,0.0,0.0,2.417203815565472,4.501586954575032e-05,0.0014923175694608608,0.0,0.0,0.001,0.0,0.0,0.001,0.0,0.0,0.001,0.0,0.0,0.001
06,0,7500,7500.0,0.08088168899433867,1.5492147440454573e-06,0.00031357163501503465,0.0,0.0,0.001,0.0,0.0,0.001,0.0,0.0,0.001,0.0,0.0,0.001,4.359142374903513,8.588426135247573e-05,0.0024483019904060752,0.0,0.0,0.002,0.0,0.0,0.002,0.0,0.0,0.002,0.0,0.0,0.001
06,0,8000,8000.0,0.01351353242426967,3.5909403095502057e-07,6.157239858755352e-05,0.0,0.0,0.001,0.0,0.0,0.001,0.0,0.0,0.001,0.0,0.0,0.001,8.160385583471452,0.00018884745077230036,0.004087699226626929,0.0,0.0,0.002,0.0,0.0,0.002,0.0,0.0,0.002,0.0,0.0,0.001
06,0,8500,8500.0,0.08375811372900444,1.361378622277698e-06,0.000473405563629003,0.0,0.0,0.001,0.0,0.0,0.001,0.0,0.0,0.001,0.0,0.0,0.001,13.253205311400507,0.0003618766786530614,0.0059774734117511935,0.0,0.0,0.002,0.0,0.0,0.002,0.0,0.0,0.002,0.0,0.0,0.001
06,0,9000,9000.0,0.0849070595933199,1.3195867722970434e-06,0.0006474971077223407,0.0,0.0,0.001,0.0,0.0,0.001,0.0,0.0,0.001,0.0,0.0,0.001,21.601358949016003,0.0007278572302311659,0.008709077422376381,0.0,0.0,0.002,0.0,0.0,0.002,0.0,0.0,0.001,0.0,0.0,0.001
06,0,9500,9500.0,0.00743263784599435,2.0144544521372154e-07,8.394201494792402e-05,0.0,0.0,0.001,0.0,0.0,0.001,0.0,0.0,0.001,0.0,0.0,0.001,30.99556399320136,0.0012230167631059885,0.011303630966716398,0.0,0.0,0.002,0.0,0.0,0.002,0.0,0.0,0.001,0.0,0.0,0.001
06,0,10000,10000.0,0.01973553619620816,5.306043817654427e-07,0.0003001915647253722,0.0,0.0,0.001,0.0,0.0,0.001,0.0,0.0,0.0,0.0,0.0,0.001,44.19044320707144,0.00205847411416471,0.01481607957041049,0.01,8.7,0.074,0.0,0.0,0.002,0.0,0.0,0.002,0.0,0.0,0.001
06,0,10500,10500.0,0.05051468215242494,4.21878485212801e-06,0.0010317297218619282,0.0,0.0,0.0,0.0,0.0,0.0,0.0,0.0,0.0,0.0,0.0,0.0,57.67776928023807,0.003078685374930501,0.017994012316475436,0.01,8.7,0.076,0.0,0.0,0.003,0.0,0.0,0.002,0.0,0.0,0.001
06,0,11000,11000.0,0.03541721889632754,4.221903054713039e-06,0.0007283705592981735,0.0,0.0,0.0,0.0,0.0,0.0,0.0,0.0,0.0,0.0,0.0,0.0,71.66270427428714,0.00417835870757699,0.02148600758009529,0.01,11.6,0.082,0.0,0.0,0.003,0.0,0.0,0.002,0.0,0.0,0.001
06,0,11500,11500.0,0.020235276861058082,4.221278686600272e-06,0.00039405060397714587,0.0,0.0,0.0,0.0,0.0,0.0,0.0,0.0,0.0,0.0,0.0,0.0,83.34574711625464,0.005215359851717949,0.024242438060126343,0.01,11.6,0.082,0.0,0.0,0.004,0.0,0.0,0.002,0.0,0.0,0.001
06,0,12000,12000.0,0.050592243678693194,4.221009930915898e-06,0.0008468934353357358,0.0,0.0,0.0,0.0,0.0,0.0,0.0,0.0,0.0,0.0,0.0,0.0,86.82218459821343,0.0052101220935583115,0.02531177335281458,0.01,8.7,0.066,0.0,0.0,0.004,0.0,0.0,0.004,0.0,0.0,0.001
06,0,12500,12500.0,0.1296098784543176,4.229120804666309e-06,0.0018835678934387972,0.0,0.0,0.0,0.0,0.0,0.0,0.0,0.0,0.0,0.0,0.0,0.0,85.08223057906434,0.004864358343183994,0.025009624129192613,0.01,6.03,0.076,0.0,0.0,0.005,0.0,0.0,0.005,0.0,0.0,0.002
06,0,13000,13000.0,0.12601484423200304,4.2285728341084905e-06,0.0015599985874844538,0.0,0.0,0.0,0.0,0.0,0.0,0.0,0.0,0.0,0.0,0.0,0.0,74.67126879164425,0.0036942744627594948,0.022637684603501587,0.01,12.24,0.066,0.0,0.0,0.005,0.0,0.0,0.007,0.0,0.0,0.002
06,0,13500,13500.0,0.13489829869044456,4.228226316627115e-06,0.0014391490997183556,0.0,0.0,0.0,0.0,0.0,0.0,0.0,0.0,0.0,0.0,0.0,0.0,62.86890562951157,0.0026032475288957357,0.01962059916515657,0.01,8.16,0.049,0.0,0.0,0.005,0.0,0.0,0.009,0.0,0.0,0.002
06,0,14000,14000.0,0.1295504365970146,4.228258603689028e-06,0.001179399427124207,0.0,0.0,0.0,0.0,0.0,0.0,0.0,0.0,0.0,0.0,0.0,0.0,50.48603642862872,0.001898195710964501,0.016248641587146756,0.01,8.16,0.049,0.0,0.0,0.005,0.0,0.0,0.009,0.0,0.0,0.002
06,0,14500,14500.0,0.7334896655919465,8.478069503325969e-06,0.005780618272050182,0.0,0.0,0.0,0.0,0.0,0.0,0.0,0.0,0.0,0.0,0.0,0.0,43.480194791104054,0.0014382674125954509,0.0142588723857275,0.0,0.0,0.005,0.0,0.0,0.005,0.0,0.0,0.011,0.0,0.0,0.002
06,0,15000,15000.0,0.7661748130935564,8.993164556159172e-06,0.005110087315701373,0.0,0.0,0.0,0.0,0.0,0.0,0.0,0.0,0.0,0.0,0.0,0.0,40.43056790347919,0.0014211199013516307,0.013202954662853527,0.0,0.0,0.005,0.0,0.0,0.005,0.0,0.0,0.016,0.0,0.0,0.002
06,0,15500,15500.0,0.7411509492868618,8.607176823716145e-06,0.0042605225054777466,0.0,0.0,0.0,0.0,0.0,0.0,0.0,0.0,0.0,0.0,0.0,0.0,43.90233850849654,0.0016340933507308364,0.014031080070867789,0.0,0.0,0.003,0.0,0.0,0.003,0.0,0.0,0.019,0.0,0.0,0.002
06,0,16000,16000.0,0.6844671953359693,8.367072950932197e-06,0.003275007182266038,0.0,0.0,0.0,0.0,0.0,0.0,0.0,0.0,0.0,0.0,0.0,0.0,49.62097648086683,0.0020709412638098,0.015013683628160034,0.0,0.0,0.003,0.0,0.0,0.003,0.0,0.0,0.022,0.0,0.0,0.002
06,0,16500,16500.0,0.714889256263973,8.372695447178558e-06,0.002868155652279509,0.0,0.0,0.0,0.0,0.0,0.0,0.0,0.0,0.0,0.0,0.0,0.0,60.86453349121825,0.002814449369907379,0.01720849503962793,0.0,0.0,0.003,0.0,0.0,0.003,0.0,8.2,0.024,0.0,0.0,0.002
06,0,17000,17000.0,0.012636914925678866,4.212981821183348e-06,4.149492198331323e-05,0.0,0.0,0.0,0.0,0.0,0.0,0.0,0.0,0.0,0.0,0.0,0.0,70.94716135567012,0.00352493510581553,0.0182541741759305,0.0,0.0,0.003,0.0,0.0,0.003,0.0,8.2,0.024,0.0,0.0,0.002
06,0,17500,17500.0,0.04311754771890719,4.225327757012565e-06,0.00011752481089675668,0.0,0.0,0.001,0.0,0.0,0.001,0.0,0.0,0.0,0.0,0.0,0.0,84.60258435885066,0.00447055185213685,0.019775249789693302,0.0,0.0,0.004,0.0,0.0,0.004,0.0,8.2,0.027,0.0,0.0,0.002
06,0,18000,18000.0,0.0,0.0,0.0,0.0,0.0,0.001,0.0,0.0,0.001,0.0,0.0,0.0,0.0,0.0,0.0,105.26797947693467,0.005778003018349409,0.022073241776664514,0.0,0.0,0.004,0.0,0.0,0.004,0.0,8.2,0.031,0.0,0.0,0.002
06,0,18500,18500.0,0.04554214265226619,4.223961241223151e-06,8.903156601249039e-05,0.0,0.0,0.001,0.0,0.0,0.001,0.0,0.0,0.0,0.0,0.0,0.0,129.59546951128686,0.0073459697887301445,0.024675436385804685,0.01,17.58,0.034,0.0,0.0,0.004,0.0,8.2,0.034,0.0,0.0,0.002
06,0,19000,19000.0,0.06417907140772172,4.2296142055420205e-06,0.00010998749473136663,0.0,0.0,0.001,0.0,0.0,0.001,0.0,0.0,0.0,0.0,0.0,0.0,154.5185638681687,0.008869628421962261,0.026806426228441135,0.01,7.62,0.066,0.0,0.0,0.004,0.01,8.2,0.036,0.0,0.0,0.003
06,0,19500,19500.0,0.03247855543548894,8.740796033634979e-07,4.977531810317076e-05,0.0,0.0,0.001,0.0,0.0,0.001,0.0,0.0,0.0,0.0,0.0,0.0,175.06855698866275,0.010596755892038345,0.02814545352175332,0.01,6.48,0.064,0.0,0.0,0.005,0.01,8.2,0.037,0.0,0.0,0.003
06,0,20000,20000.0,0.03382058837360091,7.714697289884498e-07,4.7009606752639536e-05,0.0,0.0,0.001,0.0,0.0,0.001,0.0,0.0,0.0,0.0,0.0,0.0,191.9151832242278,0.012608426623046398,0.02899290785198891,0.01,6.48,0.065,0.0,0.0,0.005,0.01,8.2,0.036,0.0,0.0,0.003
06,0,20500,20500.0,0.06193333626640651,1.7355574755129055e-06,7.873019349857208e-05,0.0,0.0,0.001,0.0,0.0,0.001,0.0,0.0,0.001,0.0,0.0,0.001,207.22890342186133,0.014641299843788147,0.02977876623982756,0.01,6.03,0.064,0.0,0.0,0.005,0.01,16.4,0.038,0.0,0.0,0.003
07,0,-21000,21000.0,12887.878486375746,1.3678044080734253,0.0869902415370562,0.15,690.64,0.13,0.0,21.54,0.007,0.18,1238.2,0.168,0.0,5.64,0.003,67607.39392476989,8.92937183380127,0.15552606661855756,0.76,2709.93,0.282,0.02,43.24,0.008,1.57,6961.8,0.281,0.02,43.24,0.008
07,0,-20500,20500.0,14245.702520225572,1.6340150833129883,0.08956026878449753,0.18,815.24,0.142,0.0,21.54,0.007,0.18,1230.0,0.169,0.0,5.64,0.003,68764.00281990661,7.709877967834473,0.15644847826339525,0.68,2737.74,0.281,0.02,45.12,0.008,1.48,7191.4,0.282,0.02,45.12,0.008
07,0,-20000,20000.0,15876.372459814984,1.9546500444412231,0.09371959577787194,0.19,911.36,0.15,0.0,21.54,0.007,0.2,1287.4,0.176,0.0,5.64,0.003,69221.61230083619,7.237762451171875,0.1574855576967564,0.59,2796.45,0.282,0.02,45.12,0.008,1.35,7380.0,0.282,0.02,45.12,0.008
07,0,-19500,19500.0,17431.982878967367,2.24362850189209,0.09705369511376674,0.21,975.4400000000002,0.156,0.0,21.54,0.007,0.21,1377.6,0.185,0.0,5.64,0.003,69008.92072587048,6.793753623962402,0.15794392580720165,0.49,2876.79,0.284,0.01,47.0,0.008,1.23,7527.6,0.284,0.01,47.0,0.008
07,0,-19000,19000.0,19175.067743173273,2.450809955596924,0.10213093631463763,0.18,756.9,0.154,0.0,21.54,0.007,0.26,1582.6,0.191,0.0,5.64,0.003,67715.87627074732,6.4061689376831055,0.157617180160698,0.52,2972.5799999999995,0.287,0.01,48.88,0.008,1.16,7658.8,0.285,0.01,48.88,0.008
07,0,-18500,18500.0,21045.253899067575,2.6059978008270264,0.10747948766579152,0.18,768.5,0.155,0.0,7.52,0.003,0.31,1804.0000000000002,0.197,0.0,7.52,0.003,66408.48652077856,6.035443305969238,0.157737276142526,0.53,2997.3,0.288,0.01,48.88,0.008,1.14,7863.8,0.287,0.01,48.88,0.008
07,0,-18000,18000.0,22559.70865332621,2.653153419494629,0.10984139228642988,0.73,3331.41,0.197,0.0,7.52,0.003,0.36,2115.6,0.201,0.0,7.52,0.003,64029.89820588104,5.6258111000061035,0.15510655447116467,0.54,3034.38,0.29,0.01,48.88,0.008,1.13,7962.200000000001,0.288,0.01,48.88,0.008
07,0,-17500,17500.0,24195.930886122558,2.497626304626465,0.11199245295156986,1.2,3726.96,0.206,0.0,9.4,0.003,0.41,2410.8,0.204,0.0,9.4,0.003,61423.72509198017,5.201504707336426,0.15206878747518068,0.52,2861.34,0.285,0.01,50.76,0.008,1.1,8036.000000000001,0.29,0.01,50.76,0.008
07,0,-17000,17000.0,25763.615062592915,3.4852852821350098,0.11312553354509246,1.67,4148.88,0.211,0.0,9.4,0.004,0.43,2607.6,0.206,0.0,9.4,0.004,58457.95566155619,4.896665096282959,0.14750416798071733,0.49,2700.66,0.281,0.01,50.76,0.008,1.04,7699.800000000001,0.286,0.01,50.76,0.008
07,0,-16500,16500.0,27527.42903691544,4.60076904296875,0.11474507093103752,1.89,4535.64,0.217,0.0,11.28,0.004,0.5,2829.0,0.212,0.0,11.28,0.004,55966.309128975365,4.8528313636779785,0.14363991299060316,0.43,2478.18,0.274,0.01,47.0,0.008,0.96,7289.800000000001,0.282,0.01,47.0,0.008
07,0,-16000,16000.0,29681.36245810483,6.408607006072998,0.11869623792282696,0.55,974.7,0.174,0.0,13.160000000000002,0.004,0.45,2845.4,0.213,0.0,13.160000000000002,0.004,54406.26477646384,4.749350070953369,0.14130974039946148,0.48,2534.72,0.205,0.01,47.0,0.008,0.83,6666.600000000001,0.275,0.01,47.0,0.008
07,0,-15500,15500.0,32028.956360950928,6.921186447143555,0.12357280975779666,0.57,932.18,0.176,0.0,11.28,0.004,0.41,3009.4,0.221,0.0,11.28,0.004,53632.625480434435,4.641382217407227,0.14062320446294646,0.58,2545.4,0.206,0.01,39.48,0.007,0.71,6109.0,0.268,0.01,39.48,0.007
07,0,-15000,15000.0,34094.99978893723,7.170628070831299,0.1276264574785603,0.82,1554.27,0.245,0.0,11.28,0.004,0.8,3271.8,0.225,0.0,11.28,0.004,53766.608936309414,4.527397632598877,0.1417973072137622,0.57,2310.44,0.2,0.01,37.6,0.007,0.68,5715.4,0.261,0.01,37.6,0.007
07,0,-14500,14500.0,36066.926915696495,8.179399490356445,0.13137903404851908,0.99,1724.22,0.252,0.01,35.9,0.007,1.28,3657.2,0.233,0.01,11.28,0.004,54220.523418424134,4.616401195526123,0.14363600579417124,0.58,2242.8,0.202,0.0,33.84,0.006,0.67,5395.6,0.255,0.0,33.84,0.006
07,0,-14000,14000.0,37508.172612867,7.1668243408203125,0.13694263987024355,1.17,1940.52,0.262,0.0,30.4,0.019,1.69,4288.6,0.246,0.01,13.160000000000002,0.004,54901.80508523954,5.453306674957275,0.14674893320265864,0.6,1873.4,0.205,0.0,31.960000000000004,0.006,0.66,5469.4,0.255,0.0,31.960000000000004,0.006
07,0,-13500,13500.0,37747.18054130601,5.436432838439941,0.13994074580535557,0.76,1801.47,0.254,0.0,30.4,0.019,1.99,4813.4,0.256,0.02,22.56,0.006,55209.10784062562,6.094359874725342,0.1491013677753657,0.62,1873.4,0.206,0.01,33.84,0.007,0.64,5559.6,0.257,0.01,33.84,0.007
07,0,-13000,13000.0,36588.825455680315,5.517146587371826,0.14307124683147118,1.39,4649.4,0.252,0.09,265.65,0.012,1.39,4649.4,0.252,0.02,24.44,0.006,54792.4732267435,6.372879505157471,0.15077652974431438,0.32,1030.08,0.194,0.01,33.84,0.007,0.64,5649.8,0.258,0.01,33.84,0.007
07,0,-12500,12500.0,34114.27221539338,6.049269676208496,0.1435956166670746,0.34,901.7,0.176,0.04,212.52,0.011,0.68,4387.0,0.246,0.01,22.56,0.006,53891.757061061144,6.32142972946167,0.15180933926778725,0.4,1262.28,0.204,0.01,35.72,0.007,0.65,5772.8,0.261,0.01,35.72,0.007
07,0,-12000,12000.0,29896.972934861944,5.377377986907959,0.1377601519794837,0.43,1850.91,0.262,0.03,177.1,0.011,0.65,4624.8,0.253,0.01,22.56,0.006,51607.23500139096,5.688486099243164,0.15005272603369998,0.26,886.2,0.216,0.01,37.6,0.007,0.67,5961.4,0.267,0.01,37.6,0.007
07,0,-11500,11500.0,25496.802309908606,4.423949241638184,0.13073592315100357,0.53,1730.4,0.258,0.03,177.1,0.011,0.9,4854.4,0.261,0.01,26.320000000000004,0.006,49071.60293841078,4.789262294769287,0.1477433759322815,0.27,833.0,0.214,0.01,39.48,0.007,0.7,6223.8,0.275,0.01,39.48,0.007
07,0,-11000,11000.0,20562.0422322362,3.1340150833129883,0.11905811971229917,0.65,1609.89,0.255,0.03,177.1,0.011,1.08,4542.8,0.257,0.01,28.2,0.006,46130.59462915025,4.040130615234375,0.1439390292719393,0.25,800.8,0.211,0.01,39.48,0.007,0.78,6182.8,0.276,0.01,39.48,0.007
07,0,-10500,10500.0,16693.321054805114,2.0847365856170654,0.10909369552806944,0.51,1171.11,0.223,0.04,177.1,0.011,1.24,4181.999999999999,0.252,0.01,24.44,0.006,43622.90545122535,3.571639060974121,0.14082260572538685,0.48,2169.18,0.273,0.01,37.6,0.007,0.89,6166.4,0.278,0.01,37.6,0.007
07,0,-10000,10000.0,13474.178636479148,1.181244969367981,0.09770468873195493,0.35,818.85,0.201,0.03,159.39,0.011,0.89,2911.0,0.216,0.01,22.56,0.006,41263.14390099743,3.6053004264831543,0.13616337255663083,0.45,2011.59,0.267,0.01,37.6,0.007,0.74,5699.0,0.271,0.01,37.6,0.007
07,0,-9500,9500.0,11834.144649041904,1.1968401670455933,0.09471383252919928,0.56,2107.4,0.198,0.0,9.4,0.004,0.56,2107.4,0.198,0.0,9.4,0.004,39775.99183042886,3.6513993740081787,0.1334661660453068,0.29,1850.91,0.259,0.01,30.08,0.007,0.7,5280.8,0.265,0.01,30.08,0.007
07,0,-9000,9000.0,10954.783461897481,1.1824121475219727,0.0916064899626762,0.08,328.04,0.124,0.0,7.52,0.003,0.23,1672.8,0.188,0.0,7.52,0.003,39190.381721844664,3.693040370941162,0.1318332061176442,0.24,1206.4,0.182,0.01,30.08,0.007,0.57,4862.6,0.257,0.01,30.08,0.007
07,0,-8500,8500.0,10392.365295204447,1.0899529457092285,0.0904554196130883,0.05,176.4,0.132,0.0,21.54,0.007,0.15,1271.0,0.175,0.0,5.64,0.003,39157.8909108523,3.7367730140686035,0.13159728117578975,0.32,1780.0,0.192,0.01,26.320000000000004,0.006,0.57,4477.2,0.249,0.01,26.320000000000004,0.006
07,0,-8000,8000.0,10105.862807064525,0.9079693555831909,0.09034238668172169,0.13,550.02,0.185,0.0,21.54,0.007,0.19,1320.2,0.176,0.0,5.64,0.003,39946.251991936515,3.7572436332702637,0.1340364333911952,0.3,1383.2999999999997,0.192,0.0,24.44,0.006,0.59,4280.4,0.245,0.0,24.44,0.006
07,0,-7500,7500.0,9771.246594846134,0.7284741401672363,0.08979899835081279,0.12,522.21,0.181,0.0,21.54,0.007,0.24,1410.4,0.18,0.0,5.64,0.003,40747.37951072476,3.7259342670440674,0.13665982858844006,0.31,1394.9,0.192,0.0,22.56,0.006,0.59,4108.2,0.241,0.0,22.56,0.006
07,0,-7000,7000.0,9321.651480162574,0.6837849617004395,0.08957201263696775,0.11,266.8,0.115,0.0,21.54,0.007,0.22,1344.8,0.175,0.0,5.64,0.003,41242.68277376433,3.581521987915039,0.13845853145851214,0.31,1267.3,0.185,0.0,22.56,0.006,0.61,4223.0,0.245,0.0,22.56,0.006
07,0,-6500,6500.0,8828.947750995721,0.7181731462478638,0.08920146706179594,0.11,266.8,0.116,0.0,21.54,0.007,0.19,1279.2,0.172,0.0,5.64,0.003,41359.29145565966,3.3946359157562256,0.13927394729992865,0.21,944.7,0.191,0.01,24.44,0.006,0.62,4362.4,0.249,0.01,24.44,0.006
07,0,-6000,6000.0,8126.592386270388,0.7165729999542236,0.08518457301996002,0.07,151.38,0.11,0.0,21.54,0.007,0.13,1164.4,0.166,0.0,5.64,0.003,40989.36922975097,3.155243158340454,0.13820700744010836,0.31,1857.09,0.262,0.01,24.44,0.006,0.63,4674.0,0.256,0.01,24.44,0.006
07,0,-5500,5500.0,7599.934941311344,0.6812557578086853,0.0821031974672002,0.06,135.8,0.124,0.0,5.64,0.003,0.14,1082.4,0.163,0.0,5.64,0.003,40541.315044789284,3.1219451427459717,0.13653097942163545,0.2,860.28,0.184,0.01,28.2,0.007,0.63,4952.8,0.262,0.01,28.2,0.007
07,0,-5000,5000.0,7238.669840138889,0.5858074426651001,0.07812736361204842,0.05,126.0,0.121,0.0,5.64,0.003,0.17,1057.8,0.162,0.0,5.64,0.003,40353.7435744869,3.4863500595092773,0.13467045795802704,0.27,1770.5700000000002,0.258,0.01,30.08,0.007,0.58,4846.2,0.26,0.01,30.08,0.007
07,0,-4500,4500.0,7023.4642120324515,0.47012269496917725,0.07497047551629074,0.09,361.53,0.162,0.0,5.64,0.003,0.19,1041.4,0.164,0.0,5.64,0.003,40793.56194466662,3.9588394165039062,0.13427505272953938,0.26,1708.77,0.254,0.01,28.2,0.006,0.54,4715.0,0.257,0.01,28.2,0.006
07,0,-4000,4000.0,6963.122053966721,0.5882880091667175,0.07296424999201095,0.08,221.4,0.107,0.0,5.64,0.003,0.14,885.6000000000001,0.153,0.0,5.64,0.003,42034.472127660665,4.576158046722412,0.134879043379648,0.3,1865.44,0.196,0.01,26.320000000000004,0.006,0.49,4501.8,0.252,0.01,26.320000000000004,0.006
07,0,-3500,3500.0,7128.1968521127965,0.6956609487533569,0.07317115711407926,0.09,218.44,0.111,0.0,3.76,0.003,0.1,770.8,0.145,0.0,3.76,0.003,43893.69608301467,5.176563739776611,0.13684918225868464,0.31,912.34,0.125,0.01,24.44,0.006,0.45,4337.8,0.249,0.01,24.44,0.006
07,0,-3000,3000.0,7484.44007448161,0.7861929535865784,0.07376638367587489,0.09,226.06,0.109,0.0,3.76,0.003,0.07,762.6,0.142,0.0,3.76,0.003,46833.12851020155,5.72245454788208,0.1414374050705633,0.39,1503.9,0.206,0.0,22.56,0.006,0.44,4460.8,0.251,0.0,22.56,0.006
07,0,-2500,2500.0,8084.553512348576,0.7987456917762756,0.07581620715363178,0.06,128.8,0.12,0.0,14.36,0.006,0.11,787.2,0.143,0.0,3.76,0.003,49822.287000612414,6.477077007293701,0.14577838418956565,0.41,1424.94,0.208,0.01,24.44,0.006,0.51,4641.2,0.256,0.01,24.44,0.006
07,0,-2000,2000.0,8787.485139802355,0.7731950283050537,0.07729904686610001,0.16,417.15,0.166,0.0,14.36,0.006,0.17,885.6000000000001,0.146,0.0,3.76,0.003,52959.98413414967,7.05846643447876,0.15022047077156175,0.46,1496.06,0.211,0.01,24.44,0.006,0.58,4920.0,0.262,0.01,24.44,0.006
07,0,-1500,1500.0,9485.96964260392,0.6749498248100281,0.07829917564099384,0.14,395.52,0.159,0.0,3.76,0.003,0.23,992.2,0.152,0.0,3.76,0.003,55933.64211409797,7.139632225036621,0.15395680434105666,0.47,1539.24,0.214,0.01,28.2,0.006,0.69,5198.8,0.267,0.01,28.2,0.006
07,0,-1000,1000.0,10175.917107325602,0.5464557409286499,0.07965831635182023,0.12,395.52,0.159,0.0,5.64,0.003,0.22,975.8,0.147,0.0,5.64,0.003,58444.482618062066,6.69307279586792,0.15636833615129145,0.61,2261.88,0.282,0.01,30.08,0.007,0.85,5666.2,0.275,0.01,30.08,0.007
07,0,-500,500.0,10855.458289662016,0.518505871295929,0.08117996388245292,0.1,330.2,0.12,0.0,5.64,0.003,0.19,959.3999999999999,0.143,0.0,5.64,0.003,60512.796902060836,6.018556118011475,0.1575037441172439,0.29,889.0,0.224,0.01,35.72,0.007,0.98,6059.8,0.282,0.01,35.72,0.007
07,0,0,0.0,11567.842224425896,0.6211546063423157,0.08308565873298371,0.13,394.2,0.122,0.0,5.64,0.003,0.12,1016.8,0.143,0.0,5.64,0.003,62510.87388219294,5.440459728240967,0.15871799726428695,0.61,2462.73,0.29,0.02,35.72,0.007,1.04,6330.4,0.286,0.02,35.72,0.007
07,0,500,500.0,12389.844655009863,0.731839120388031,0.08561130690921603,0.14,383.54,0.126,0.0,21.54,0.007,0.09,1148.0,0.149,0.0,5.64,0.003,64507.672699901814,6.196278095245361,0.15994206521699053,1.51,7278.119999999999,0.258,0.02,39.48,0.008,1.01,6576.4,0.29,0.02,39.48,0.008
07,0,1000,1000.0,13194.196886734524,0.7654635906219482,0.08707988572042057,0.19,670.53,0.184,0.0,21.54,0.007,0.15,1361.2,0.159,0.0,5.64,0.003,66240.63250782767,6.468742847442627,0.15919247783521753,1.42,7128.689999999999,0.255,0.02,39.48,0.008,0.81,6699.4,0.291,0.02,39.48,0.008
07,0,1500,1500.0,14015.517716832124,0.8493855595588684,0.08837625501694699,0.21,682.89,0.186,0.0,7.52,0.003,0.25,1599.0,0.17,0.0,7.52,0.003,68277.66957563451,6.317672252655029,0.15892955065545564,0.52,2777.91,0.299,0.01,41.36,0.008,0.67,6888.0,0.294,0.01,41.36,0.008
07,0,2000,2000.0,14794.108190252591,1.1165637969970703,0.08982307845754241,0.24,704.5199999999999,0.19,0.0,7.52,0.004,0.31,1697.3999999999999,0.175,0.0,7.52,0.004,71001.46512302359,5.686028003692627,0.15816522266286404,0.7,2966.4,0.303,0.01,41.36,0.008,0.98,7322.6,0.298,0.01,41.36,0.008
07,0,2500,2500.0,15442.554705764858,1.3887860774993896,0.09066564260207713,0.24,697.76,0.126,0.0,7.52,0.004,0.35,1754.8,0.178,0.0,7.52,0.004,74848.23701580818,5.058394432067871,0.1587723278965212,0.71,2929.32,0.299,0.01,45.12,0.008,1.32,7757.200000000001,0.303,0.01,45.12,0.008
07,0,3000,3000.0,16118.504409844529,1.7091196775436401,0.09319253533896081,0.22,582.8999999999999,0.132,0.0,7.52,0.004,0.3,1722.0,0.177,0.0,7.52,0.004,79966.7013716929,5.006372928619385,0.16233495657514943,0.71,2901.51,0.296,0.01,47.0,0.008,1.33,7716.2,0.299,0.01,47.0,0.008
07,0,3500,3500.0,16661.85871365987,1.9206340312957764,0.09555575350379666,0.23,594.5,0.132,0.0,7.52,0.004,0.24,1697.3999999999999,0.177,0.0,7.52,0.004,85131.64733523494,5.151639461517334,0.16614871933038855,0.64,2524.76,0.239,0.01,45.12,0.008,1.28,7658.8,0.296,0.01,45.12,0.008
07,0,4000,4000.0,16996.880247139758,2.0400428771972656,0.09801711441431213,0.26,556.8,0.129,0.0,7.52,0.004,0.22,1828.6,0.183,0.0,7.52,0.004,89718.30364446231,6.090875625610352,0.1720057106955175,0.68,2757.76,0.239,0.01,45.12,0.008,0.9,7814.599999999999,0.294,0.01,45.12,0.008
07,0,4500,4500.0,17128.32696776991,2.0565779209136963,0.09986775557434306,0.26,553.9,0.129,0.0,9.4,0.004,0.31,1976.2000000000003,0.19,0.0,9.4,0.004,92189.14429763559,7.169423580169678,0.17613765421747388,0.39,1456.0,0.251,0.01,48.88,0.008,0.75,7995.0,0.296,0.01,48.88,0.008
07,0,5000,5000.0,16803.008537497768,1.9297834634780884,0.10075969431984835,0.15,306.24,0.124,0.0,9.4,0.004,0.39,2115.6,0.194,0.0,9.4,0.004,91058.49524524885,7.361963272094727,0.17838792467455977,0.37,1485.4,0.251,0.01,50.76,0.008,0.81,9151.2,0.307,0.01,50.76,0.008
07,0,5500,5500.0,16084.891516670461,1.750876545906067,0.10007481559779996,0.18,375.87,0.13,0.0,9.4,0.004,0.47,2222.2,0.197,0.0,9.4,0.004,87702.46139386726,7.321608543395996,0.1775449597824642,0.66,2865.2,0.231,0.02,65.8,0.009,1.04,10282.8,0.317,0.02,65.8,0.009
07,0,6000,6000.0,15041.074917142567,1.551271677017212,0.09906361876620097,0.27,769.4100000000001,0.196,0.0,9.4,0.004,0.49,2140.2,0.195,0.0,9.4,0.004,81576.06644606992,6.7666826248168945,0.17470911634407024,0.74,2111.2,0.213,0.02,69.56,0.009,0.92,10906.0,0.321,0.02,69.56,0.009
07,0,6500,6500.0,13992.451290823883,1.33976411819458,0.09833728326809821,0.24,735.42,0.195,0.0,9.4,0.004,0.49,2058.2,0.193,0.0,9.4,0.004,74168.13672292422,6.437709808349609,0.16944233791452043,0.77,2053.2,0.211,0.02,77.08,0.009,1.23,11332.4,0.323,0.02,77.08,0.009
07,0,7000,7000.0,12730.897826623706,1.1676031351089478,0.09672347744914324,0.1,218.4,0.135,0.0,13.68,0.017,0.42,1927.0,0.192,0.0,9.4,0.004,65141.33869581663,6.804292678833008,0.16075935869656247,0.38,1113.6,0.197,0.02,78.96,0.009,1.06,10069.6,0.311,0.02,78.96,0.009
07,0,7500,7500.0,11571.470940449328,1.0404620170593262,0.09581805337366307,0.19,655.08,0.191,0.0,13.68,0.017,0.34,1836.8000000000002,0.191,0.0,7.52,0.004,57197.40031897393,6.7870378494262695,0.15282129234072245,0.48,1366.8,0.207,0.01,62.04,0.008,1.01,8716.6,0.297,0.01,62.04,0.008
07,0,8000,8000.0,10373.20772235299,0.8358036875724792,0.09441211397177175,0.17,611.82,0.191,0.0,7.52,0.004,0.33,1697.3999999999999,0.188,0.0,7.52,0.004,50677.27705589548,6.3824663162231445,0.1450825021008969,0.89,2541.84,0.189,0.01,58.28,0.008,0.97,7691.600000000001,0.284,0.01,58.28,0.008
07,0,8500,8500.0,9247.007845347993,0.6376619338989258,0.09359846084151863,0.13,546.93,0.186,0.0,7.52,0.004,0.31,1582.6,0.186,0.0,7.52,0.004,45524.676913886884,5.754153251647949,0.13922140886164666,0.49,2342.22,0.265,0.09,513.5899999999999,0.015,0.93,6928.999999999999,0.274,0.01,45.12,0.007
07,0,9000,9000.0,8006.6674837350565,0.4612765312194824,0.08922014912249011,0.1,244.64,0.117,0.0,7.52,0.004,0.24,1402.2,0.18,0.0,7.52,0.004,41499.15244172889,4.844946384429932,0.134193949891779,0.65,2091.93,0.256,0.12,407.33,0.012,1.11,6084.4,0.262,0.02,41.36,0.007
07,0,9500,9500.0,7004.6131100837465,0.3814419209957123,0.08571459603304908,0.06,131.6,0.125,0.0,5.64,0.003,0.17,1238.2,0.175,0.0,5.64,0.003,38183.327235651144,3.8043248653411865,0.1308856207221473,1.27,5469.4,0.254,0.01,33.84,0.007,1.27,5469.4,0.254,0.01,33.84,0.007
07,0,10000,10000.0,6204.057686490969,0.4193419814109802,0.08074403111122264,0.05,120.4,0.122,0.0,5.64,0.003,0.15,1107.0,0.171,0.0,5.64,0.003,34811.22448895622,2.791872978210449,0.12400592444758714,0.48,1977.6,0.257,0.01,30.08,0.006,0.86,5174.2,0.25,0.01,30.08,0.006
07,0,10500,10500.0,5535.413559430494,0.46931177377700806,0.07606729645466546,0.08,195.80000000000004,0.097,0.0,5.64,0.003,0.16,959.3999999999999,0.164,0.0,5.64,0.003,31957.734891636843,2.223037004470825,0.11813332936951765,0.37,1946.7,0.255,0.01,26.320000000000004,0.006,0.74,5034.8,0.25,0.01,26.320000000000004,0.006
07,0,11000,11000.0,5111.628841630312,0.5412828326225281,0.0711385356447586,0.08,159.5,0.102,0.0,3.76,0.003,0.07,729.8,0.15,0.0,3.76,0.003,29826.46176924954,1.9710067510604858,0.11080019097855463,0.34,1921.98,0.254,0.01,26.320000000000004,0.006,0.57,4952.8,0.249,0.01,26.320000000000004,0.006
07,0,11500,11500.0,5202.964785979748,0.6796126365661621,0.07131604556800204,0.08,128.7,0.073,0.0,10.77,0.006,0.07,549.4,0.138,0.0,3.76,0.003,29445.663294385828,1.6907727718353271,0.10749649439025968,0.3,675.7,0.128,0.01,24.44,0.006,0.58,4829.8,0.246,0.01,24.44,0.006
07,0,12000,12000.0,5842.853558121171,0.843245267868042,0.07317673015066946,0.31,764.73,0.144,0.0,10.77,0.006,0.09,524.8,0.139,0.0,3.76,0.003,31487.723908976048,3.1516735553741455,0.10929095296812909,1.25,4236.78,0.205,0.01,24.44,0.006,0.42,3944.1999999999994,0.225,0.01,24.44,0.006
07,0,12500,12500.0,6835.296087506806,1.1232556104660034,0.07707193628085081,0.42,984.4800000000001,0.156,0.0,10.77,0.006,0.12,541.2,0.144,0.0,1.88,0.003,35030.31742249578,6.025404453277588,0.11460988404960368,0.81,1152.58,0.129,0.0,13.160000000000002,0.004,0.3,3083.2,0.199,0.0,13.160000000000002,0.004
07,0,13000,13000.0,8167.030669373293,1.3934648036956787,0.08176551189348226,0.55,1274.55,0.167,0.0,10.77,0.006,0.15,557.6,0.142,0.0,1.88,0.003,40720.646643878164,8.316929817199707,0.12581908065219846,3.24,6636.45,0.244,0.0,11.28,0.004,0.27,2861.8,0.195,0.0,11.28,0.004
07,0,13500,13500.0,9550.355213227785,1.5718728303909302,0.08581662894240555,0.63,1503.09,0.174,0.0,3.76,0.003,0.17,574.0,0.143,0.0,3.76,0.003,45852.92088423644,10.914149284362793,0.13568516267044634,3.47,6961.68,0.248,0.0,11.28,0.003,0.28,2697.8,0.192,0.0,11.28,0.003
07,0,14000,14000.0,11098.243616503323,1.7581958770751953,0.09129301117809778,0.64,1652.52,0.176,0.0,3.76,0.003,0.22,705.2,0.156,0.0,3.76,0.003,49177.73507350031,13.191152572631836,0.14257751871702284,0.99,1723.6,0.205,0.0,11.28,0.003,0.77,3427.5999999999995,0.209,0.0,11.28,0.003
07,0,14500,14500.0,12514.002284455673,1.853393793106079,0.09549073422814963,0.24,460.41,0.192,0.0,14.36,0.007,0.28,877.4,0.17,0.0,3.76,0.003,51139.5300232451,13.6085844039917,0.14692896653668083,0.92,1343.52,0.202,0.01,18.8,0.005,1.56,4583.8,0.24,0.01,18.8,0.005
07,0,15000,15000.0,13774.832144501903,1.741645097732544,0.09788234626174737,0.3,590.19,0.204,0.0,14.36,0.007,0.39,1180.8,0.187,0.0,3.76,0.003,50915.61670586234,11.898123741149902,0.1481730457280233,1.8,2870.6099999999997,0.291,0.01,22.56,0.005,2.36,6018.8,0.269,0.01,22.56,0.005
07,0,15500,15500.0,14893.361525425707,1.6315206289291382,0.09888134890869893,0.32,661.26,0.207,0.0,5.64,0.004,0.51,1492.4,0.199,0.0,5.64,0.004,48963.52508446326,9.736004829406738,0.14544052508554361,3.39,7330.8,0.288,0.11,619.85,0.016,3.39,7330.8,0.288,0.03,39.48,0.007
07,0,16000,16000.0,15838.014758757286,1.9796854257583618,0.0975358985279966,0.35,741.6,0.211,0.0,5.64,0.004,0.57,1738.4,0.205,0.0,5.64,0.004,44836.30447393451,7.351379871368408,0.1387033360404067,2.61,7068.399999999999,0.285,0.15,602.14,0.016,2.61,7068.399999999999,0.285,0.04,45.12,0.008
07,0,16500,16500.0,16939.998077983433,2.4403953552246094,0.09661811971446196,0.27,716.88,0.207,0.0,7.52,0.004,0.6,1943.4,0.21,0.0,7.52,0.004,40203.60682233772,5.473177433013916,0.1304923720086639,1.71,6535.4,0.278,0.17,619.85,0.016,1.71,6535.4,0.278,0.02,41.36,0.007
07,0,17000,17000.0,18316.692141800286,2.855853796005249,0.0970246625072839,0.19,701.43,0.206,0.0,7.52,0.004,0.46,1927.0,0.208,0.0,7.52,0.004,35796.04540777245,4.096139907836914,0.12176547699145829,0.53,1477.4000000000003,0.169,0.06,319.68,0.028,1.18,5641.6,0.263,0.02,39.48,0.007
07,0,17500,17500.0,19881.766125527072,3.1109042167663574,0.09796106973441886,0.17,541.02,0.136,0.0,7.52,0.004,0.31,1885.9999999999998,0.206,0.0,7.52,0.004,32679.296727280413,3.252704381942749,0.11587909255803372,0.63,1530.8,0.172,0.01,28.2,0.006,0.8,4805.2,0.248,0.01,28.2,0.006
07,0,18000,18000.0,22126.31767086409,3.383115768432617,0.10219821215311338,0.18,685.8,0.15,0.0,7.52,0.004,0.32,1910.6,0.204,0.0,7.52,0.004,31127.516920600676,2.6706769466400146,0.11234709246013691,0.39,1058.5,0.162,0.0,26.320000000000004,0.006,0.69,4264.0,0.235,0.0,26.320000000000004,0.006
07,0,18500,18500.0,24562.85549782839,3.5541863441467285,0.10694025813116886,0.11,313.6000000000001,0.143,0.0,7.52,0.004,0.36,1968.0,0.203,0.0,7.52,0.004,30663.338791191367,2.2003555297851562,0.11153532149498314,0.4,1064.3,0.163,0.0,20.68,0.005,0.61,3870.4,0.225,0.0,20.68,0.005
07,0,19000,19000.0,26906.908005702193,3.5379488468170166,0.11149797096200738,0.25,1004.25,0.208,0.0,7.52,0.004,0.41,2296.0,0.205,0.0,7.52,0.004,31036.651777417268,2.1425728797912598,0.11111044102466404,0.58,2169.05,0.158,0.0,18.8,0.005,0.52,3468.6000000000004,0.213,0.0,18.8,0.005
07,0,19500,19500.0,28799.217726871575,3.480530261993408,0.11461689029583517,0.27,1149.48,0.216,0.0,9.4,0.004,0.47,2640.4,0.207,0.0,9.4,0.004,31801.294782828158,2.0473098754882812,0.11161800662764775,0.14,445.2,0.158,0.0,15.04,0.004,0.44,3083.2,0.202,0.0,15.04,0.004
07,0,20000,20000.0,30094.271222439238,3.4141335487365723,0.1160052034247903,0.28,1331.7899999999997,0.227,0.0,11.28,0.004,0.51,3058.6,0.215,0.0,11.28,0.004,33437.19578657456,1.69390070438385,0.11361504013183087,0.31,1096.2,0.164,0.0,15.04,0.004,0.35,3116.0,0.202,0.0,15.04,0.004
07,0,20500,20500.0,30933.77272301568,3.365807056427002,0.1159110733567254,0.25,1368.87,0.228,0.0,15.04,0.005,0.53,3476.8,0.224,0.0,15.04,0.005,36028.48814369526,1.8940051794052124,0.11757519473937074,0.33,1110.7,0.165,0.01,16.92,0.004,0.51,3198.0,0.205,0.01,16.92,0.004
08,0,-21000,21000.0,163309.7308776584,34.233341217041016,0.1908152022006909,5.09,10521.45,0.409,0.11,169.2,0.011,13.46,29913.599999999995,0.426,0.11,169.2,0.011,24564.14074029846,4.2534260749816895,0.09641100402719675,0.95,2406.56,0.205,0.0,7.52,0.004,0.31,1451.4,0.163,0.0,7.52,0.004
08,0,-20500,20500.0,152133.40057907737,33.18588638305664,0.18506727569830403,11.65,27166.600000000002,0.411,0.1,150.4,0.01,11.65,27166.600000000002,0.411,0.1,150.4,0.01,31643.737774341535,5.855435848236084,0.10740363858614155,1.25,2912.08,0.218,0.0,7.52,0.003,0.25,1353.0,0.156,0.0,7.52,0.003
08,0,-20000,20000.0,142019.3771591925,36.295230865478516,0.17833059575992602,8.98,23812.8,0.386,0.09,144.76,0.01,8.98,23812.8,0.386,0.09,144.76,0.01,41005.477711023326,7.444503307342529,0.12033311795195337,1.18,3406.92,0.227,0.0,7.52,0.003,0.23,1607.2,0.165,0.0,7.52,0.003
08,0,-19500,19500.0,135867.1568674467,38.17457962036133,0.17480186052612792,2.15,3632.2,0.245,0.07,129.72,0.01,5.96,20434.4,0.358,0.07,129.72,0.01,51396.33022348424,10.832449913024902,0.13253434714544174,0.92,2053.2,0.21,0.0,7.52,0.004,0.32,1927.0,0.175,0.0,7.52,0.004
08,0,-19000,19000.0,133256.0718323049,37.56018829345703,0.17613713170538783,2.77,5914.26,0.324,0.04,114.0,0.027,6.15,17523.4,0.333,0.06,127.84000000000002,0.01,62172.82585757529,13.094736099243164,0.14386736899672017,1.82,4382.56,0.21,0.0,9.4,0.004,0.63,2853.6,0.195,0.0,9.4,0.004
08,0,-18500,18500.0,132241.52470607014,36.288944244384766,0.180565882981669,3.0,5901.9,0.324,0.04,114.0,0.027,6.26,15744.0,0.326,0.05,107.15999999999998,0.01,72233.24741743691,13.960012435913086,0.1521168432900818,0.62,1340.67,0.207,0.01,16.92,0.005,0.95,4116.4,0.228,0.01,16.92,0.005
08,0,-18000,18000.0,130751.96222496775,32.722557067871094,0.18622268219941637,3.27,5932.8,0.325,0.02,83.6,0.022,6.68,15694.8,0.326,0.06,99.64,0.009,81980.37689786863,13.233721733093262,0.161399288088428,0.96,2905.2,0.241,0.01,22.56,0.005,1.4,5346.4,0.256,0.01,22.56,0.005
08,0,-17500,17500.0,126764.51868495945,29.337095260620117,0.1916273725459723,3.31,6544.62,0.331,0.19,903.21,0.018,7.1,15842.4,0.327,0.06,101.52,0.009,91222.66971555546,14.49958610534668,0.16883485467854595,1.05,2951.1,0.241,0.02,35.72,0.007,1.93,6494.4,0.277,0.02,35.72,0.007
08,0,-17000,17000.0,115464.45277610597,23.757822036743164,0.18904140391476093,3.28,7295.49,0.34,0.14,743.82,0.016,7.33,17375.8,0.334,0.07,101.52,0.009,99721.589463357,20.231077194213867,0.17390159405468034,1.3,3072.6,0.243,0.02,39.48,0.007,1.95,7732.6,0.293,0.02,39.48,0.007
08,0,-16500,16500.0,99500.34417576107,16.358713150024414,0.1790722276729804,2.79,6893.79,0.336,0.17,655.27,0.014,7.15,19155.2,0.344,0.06,122.2,0.01,106195.03352166452,24.04750633239746,0.17442858972919834,1.36,3172.5,0.245,0.02,54.519999999999996,0.008,1.89,8880.6,0.305,0.02,54.519999999999996,0.008
08,0,-16000,16000.0,81078.20000379188,10.912424087524414,0.16357977378696137,2.23,6455.01,0.332,0.01,60.8,0.019,5.72,17580.8,0.335,0.06,129.72,0.01,111891.12499651621,26.85881233215332,0.17364635819563787,1.51,3450.6,0.25,0.02,58.28,0.008,2.18,10077.8,0.314,0.02,58.28,0.008
08,0,-15500,15500.0,66532.06755157401,6.142336845397949,0.15032210147228742,4.39,16252.4,0.33,0.01,60.8,0.019,4.39,16252.4,0.33,0.04,107.15999999999998,0.01,117699.14276551225,28.272348403930664,0.1727523134262862,1.45,3271.52,0.251,0.03,71.44,0.009,3.0,11168.4,0.322,0.03,71.44,0.009
08,0,-15000,15000.0,55745.8567152453,5.585665225982666,0.13681534884968566,2.63,12775.6,0.31,0.12,602.14,0.014,2.63,12775.6,0.31,0.04,101.52,0.01,124495.03195635317,29.130056381225586,0.17658847719929585,5.28,14986.95,0.296,0.03,75.2,0.009,3.54,11824.4,0.325,0.03,75.2,0.009
08,0,-14500,14500.0,48781.20098053838,5.898566246032715,0.12872479777310836,1.83,5871.72,0.208,0.13,602.14,0.014,1.12,9462.8,0.283,0.02,58.28,0.008,131701.2258925808,31.51941680908203,0.18178659551129328,5.7,15734.099999999999,0.3,0.04,80.84,0.009,3.98,12570.6,0.329,0.04,80.84,0.009
08,0,-14000,14000.0,46592.47550332821,6.1680779457092285,0.12364994153725836,1.97,6443.07,0.217,0.01,47.0,0.007,0.91,7494.800000000001,0.26,0.01,47.0,0.007,137529.455478065,33.274505615234375,0.19008047934198516,5.88,15567.09,0.301,0.04,82.72,0.009,4.45,13636.6,0.335,0.04,82.72,0.009
08,0,-13500,13500.0,45992.03232628564,6.084280967712402,0.1216281657948834,1.7,6847.41,0.222,0.01,30.08,0.006,0.79,5551.4,0.229,0.01,30.08,0.006,140576.63984292882,32.74617385864258,0.19736343296862643,2.12,6229.44,0.345,0.04,90.24,0.01,4.77,14899.400000000001,0.342,0.04,90.24,0.01
08,0,-13000,13000.0,47774.81023544939,5.152482986450195,0.12163965786154304,0.95,2400.93,0.246,0.01,26.320000000000004,0.005,1.18,5690.8,0.232,0.01,26.320000000000004,0.005,138727.72908727324,30.299482345581055,0.20356824594023687,2.54,7227.51,0.367,0.04,94.0,0.01,5.34,16883.8,0.351,0.04,94.0,0.01
08,0,-12500,12500.0,50587.788574134334,4.092676162719727,0.12314336189201407,0.77,2391.66,0.246,0.01,30.08,0.006,1.74,5994.2,0.237,0.01,30.08,0.006,132890.8317715785,30.063322067260742,0.20735674101462212,2.72,7184.25,0.367,0.04,118.44,0.01,6.12,19778.4,0.38,0.04,118.44,0.01
08,0,-12000,12000.0,54855.13080381606,4.51969575881958,0.12700598115165948,0.57,2394.75,0.247,0.03,96.93,0.01,1.42,5838.4,0.235,0.02,33.84,0.006,118882.50477875903,26.48005485534668,0.2018796653716806,2.91,7190.43,0.369,0.05,125.96000000000001,0.01,6.42,20090.0,0.384,0.05,125.96000000000001,0.01
08,0,-11500,11500.0,60124.240428985504,4.779956817626953,0.13244812149763133,0.48,2462.73,0.249,0.01,30.08,0.006,1.1,5813.8,0.235,0.01,30.08,0.006,103540.59826710343,22.354167938232422,0.1921567867471214,6.57,19835.8,0.384,0.44,1221.99,0.024,6.57,19835.8,0.384,0.05,124.08,0.01
08,0,-11000,11000.0,66585.24651731274,4.57533073425293,0.13868307519130943,0.81,2947.68,0.198,0.01,28.2,0.005,0.77,6027.0,0.238,0.01,28.2,0.005,87918.11102594962,18.054218292236328,0.1770896001525012,5.39,16203.200000000003,0.352,0.05,125.96000000000001,0.01,5.39,16203.200000000003,0.352,0.05,125.96000000000001,0.01
08,0,-10500,10500.0,73534.24219064848,4.180103778839111,0.14479218055822501,0.96,3090.08,0.202,0.01,31.960000000000004,0.006,0.9,6305.8,0.242,0.01,31.960000000000004,0.006,77369.3266030051,14.80660343170166,0.1678476842792713,4.14,13759.600000000002,0.341,0.05,97.76,0.01,4.14,13759.600000000002,0.341,0.05,97.76,0.01
08,0,-10000,10000.0,81349.07886245572,4.962961673736572,0.15071896291944809,0.8,2511.4,0.205,0.01,31.960000000000004,0.006,1.07,7175.0,0.255,0.01,31.960000000000004,0.006,71412.60607440106,11.772903442382812,0.16155935192477322,1.77,2627.52,0.194,0.05,90.24,0.01,2.67,10824.0,0.323,0.05,90.24,0.01
08,0,-9500,9500.0,88382.88492516593,5.8263959884643555,0.15461169293009644,0.82,2528.8,0.205,0.01,45.12,0.007,1.17,7970.400000000001,0.266,0.01,45.12,0.007,69226.6532473863,13.312162399291992,0.16199337146785378,3.71,9000.96,0.264,0.04,62.04,0.009,2.16,8273.8,0.3,0.04,62.04,0.009
08,0,-9000,9000.0,95452.21011499863,8.623160362243652,0.15912422030262988,2.83,11708.28,0.262,0.01,48.88,0.007,0.98,8618.2,0.273,0.01,48.88,0.007,68476.45199303357,16.46725082397461,0.1617815105173719,3.59,8948.22,0.264,0.03,52.64000000000001,0.008,1.62,7675.199999999999,0.294,0.03,52.64000000000001,0.008
08,0,-8500,8500.0,102058.14435818007,11.732182502746582,0.16248787217802513,3.67,12824.61,0.269,0.01,56.4,0.008,0.86,9126.6,0.279,0.01,56.4,0.008,67949.59133895759,17.769868850708008,0.16205944571411834,1.55,3207.4200000000005,0.302,0.02,43.24,0.008,2.1,7543.999999999999,0.293,0.02,43.24,0.008
08,0,-8000,8000.0,108881.42986643557,13.92706298828125,0.16724295082173246,4.4,14116.739999999998,0.275,0.01,58.28,0.008,1.02,9782.6,0.286,0.01,58.28,0.008,67892.11331089155,17.6182918548584,0.1647893890450098,1.85,3504.06,0.307,0.02,41.36,0.007,2.83,8200.0,0.299,0.02,41.36,0.007
08,0,-7500,7500.0,115419.68886973737,15.333070755004883,0.17158401897084177,4.53,15074.849999999999,0.279,0.02,65.8,0.008,1.17,10504.2,0.293,0.02,65.8,0.008,66215.35549106346,15.732337951660156,0.16494458990402486,1.79,3448.44,0.304,0.03,48.88,0.008,3.49,8905.2,0.305,0.03,48.88,0.008
08,0,-7000,7000.0,120594.71864529041,16.025117874145508,0.17576255197021592,1.43,4740.06,0.308,0.02,67.68,0.008,1.82,11365.2,0.3,0.02,67.68,0.008,61818.79600791438,12.707245826721191,0.16131170467784084,1.71,3423.72,0.303,0.03,48.88,0.008,3.6,8954.4,0.304,0.03,48.88,0.008
08,0,-6500,6500.0,123537.0419326981,15.716475486755371,0.17825807686921236,1.57,5070.69,0.312,0.03,77.08,0.009,2.6,12300.0,0.307,0.03,77.08,0.009,56802.459723456544,11.100072860717773,0.15654415512307804,1.34,3250.68,0.298,0.23,460.46,0.013,3.54,8897.0,0.303,0.03,50.76,0.008
08,0,-6000,6000.0,122923.88941478568,13.5982027053833,0.17755339158303177,1.73,5466.21,0.318,0.03,78.96,0.009,2.93,13300.399999999998,0.313,0.03,78.96,0.009,51076.42445127021,8.523635864257812,0.15116275686746816,2.91,8511.6,0.299,0.01,38.0,0.019,2.91,8511.6,0.299,0.03,50.76,0.008
08,0,-5500,5500.0,121524.13927311938,10.991992950439453,0.17560515953440634,1.39,5629.98,0.32,0.03,90.24,0.009,3.37,14218.8,0.318,0.03,90.24,0.009,44984.82359165454,5.966042995452881,0.14427685091671677,2.19,8036.000000000001,0.293,0.01,38.0,0.019,2.19,8036.000000000001,0.293,0.02,48.88,0.008
08,0,-5000,5000.0,120945.96394085347,9.02472972869873,0.17339086536432513,1.38,5806.11,0.321,0.03,90.24,0.009,3.12,14628.8,0.319,0.03,90.24,0.009,38729.723403267075,4.929731369018555,0.13530051655523578,0.49,981.34,0.161,0.1,283.36,0.011,1.3,6994.599999999999,0.28,0.02,48.88,0.008
08,0,-4500,4500.0,123264.40649868528,9.103753089904785,0.17258814558592017,2.77,14981.4,0.321,0.03,94.0,0.009,2.77,14981.4,0.321,0.03,94.0,0.009,33338.84672790885,4.764011859893799,0.1280534664366883,0.51,851.04,0.169,0.07,265.65,0.011,0.86,6035.2,0.265,0.01,33.84,0.006
08,0,-4000,4000.0,129109.11695700743,9.69809627532959,0.17367525697067815,3.6,18256.83,0.29,0.03,95.88,0.009,1.91,13931.799999999997,0.314,0.03,95.88,0.009,28545.725602644823,4.2400617599487305,0.11791656565841895,0.89,2085.75,0.262,0.06,265.65,0.011,1.13,5477.6,0.256,0.01,30.08,0.006
08,0,-3500,3500.0,136771.4111211404,10.279012680053711,0.17600032690082107,5.6,21016.89,0.298,0.02,82.72,0.009,1.45,12767.4,0.306,0.02,82.72,0.009,24696.739641937012,3.561624526977539,0.10958605117459366,0.86,1891.08,0.254,0.08,283.36,0.011,1.49,5084.0,0.251,0.02,24.44,0.005
08,0,-3000,3000.0,143218.64452316804,12.237741470336914,0.17715308379510616,6.5,22379.34,0.302,0.02,78.96,0.008,1.43,12710.0,0.305,0.02,78.96,0.008,21519.01144545024,2.842583656311035,0.10092187455131292,0.76,1677.87,0.244,0.1,301.07,0.011,1.35,4469.0,0.239,0.02,24.44,0.006
08,0,-2500,2500.0,148807.3860146149,16.163806915283203,0.178513664511443,6.55,22194.75,0.3,0.02,80.84,0.009,1.55,12857.6,0.306,0.02,80.84,0.009,19320.141644266663,2.341034412384033,0.09531759693759088,0.49,979.0,0.134,0.02,46.67,0.007,1.12,3886.8,0.225,0.02,16.92,0.005
08,0,-2000,2000.0,155167.78017452307,19.549560546875,0.18324979632099955,5.32,16083.99,0.251,0.02,78.96,0.008,1.44,14981.4,0.319,0.02,78.96,0.008,17792.228244482947,2.108525276184082,0.0907758164976889,0.53,900.6799999999998,0.129,0.01,13.160000000000002,0.004,0.66,2870.0,0.195,0.01,13.160000000000002,0.004
08,0,-1500,1500.0,162465.53500084556,22.364355087280273,0.19063207763402276,2.45,8667.45,0.368,0.02,99.64,0.009,2.69,17720.2,0.333,0.02,99.64,0.009,17222.090843022444,2.1705145835876465,0.09046358382161136,0.55,879.3200000000002,0.129,0.0,9.4,0.004,0.45,2181.2,0.181,0.0,9.4,0.004
08,0,-1000,1000.0,166741.76152600048,23.395183563232422,0.1982574237986746,3.1,10747.02,0.408,0.02,105.28000000000002,0.009,5.39,22230.2,0.368,0.02,105.28000000000002,0.009,17293.560007190947,2.3487517833709717,0.09152026537936366,0.31,585.8,0.128,0.0,9.4,0.004,0.41,2017.2,0.175,0.0,9.4,0.004
08,0,-500,500.0,163103.84399975956,20.980871200561523,0.19838096488675427,2.77,9776.76,0.39,0.05,142.88,0.01,7.34,27035.4,0.406,0.05,142.88,0.01,17256.433037471063,2.429464340209961,0.09221528608921511,0.32,582.8999999999999,0.129,0.0,9.4,0.003,0.39,1877.8,0.169,0.0,9.4,0.003
08,0,0,0.0,151594.50660215516,16.043668746948242,0.19273283347052583,6.85,25502.0,0.394,0.06,150.4,0.01,6.85,25502.0,0.394,0.06,150.4,0.01,17091.500278303756,2.570561408996582,0.09298865676075432,0.83,1881.06,0.156,0.0,9.4,0.004,0.37,1877.8,0.169,0.0,9.4,0.004
08,0,500,500.0,139385.9933251439,12.582208633422852,0.18616058452531983,5.92,23017.4,0.375,0.05,141.0,0.01,5.92,23017.4,0.375,0.05,141.0,0.01,16827.80475174507,2.697934865951538,0.09350497467326364,0.55,1185.34,0.124,0.0,9.4,0.003,0.34,1902.3999999999999,0.172,0.0,9.4,0.003
08,0,1000,1000.0,127866.65892232928,11.516919136047363,0.1788708357427483,3.94,19442.2,0.342,0.05,137.24,0.01,3.94,19442.2,0.342,0.05,137.24,0.01,16409.12555086826,2.557968854904175,0.09372951412829049,0.31,794.13,0.19,0.0,9.4,0.003,0.42,1935.2,0.176,0.0,9.4,0.003
08,0,1500,1500.0,118486.2193072297,10.023157119750977,0.1738146395559892,2.24,17039.6,0.328,0.02,116.56,0.01,2.24,17039.6,0.328,0.02,116.56,0.01,16011.563463989303,2.3820765018463135,0.09402188022769402,0.31,775.5899999999999,0.188,0.0,9.4,0.003,0.57,2000.8,0.182,0.0,9.4,0.003
08,0,2000,2000.0,111659.36301740527,8.13708782196045,0.1691652706310746,0.73,2931.9,0.213,0.02,110.92,0.01,1.76,15252.000000000002,0.319,0.02,110.92,0.01,15542.556807543895,2.18729567527771,0.09336316803116541,0.31,769.4100000000001,0.19,0.0,9.4,0.004,0.6,1968.0,0.181,0.0,9.4,0.004
08,0,2500,2500.0,107638.01061564291,7.856935024261475,0.16698365756774172,0.37,1498.0,0.228,0.02,90.24,0.009,1.41,13579.199999999999,0.309,0.02,90.24,0.009,15197.961158187994,2.1916303634643555,0.09316205875431233,0.28,735.42,0.189,0.0,9.4,0.003,0.61,1943.4,0.182,0.0,9.4,0.003
08,0,3000,3000.0,106217.74704716881,7.431714057922363,0.16600179071836466,0.9,4557.75,0.299,0.02,86.48,0.009,1.47,12644.4,0.302,0.02,86.48,0.009,14906.736631798045,2.2742981910705566,0.09226618680609254,0.28,446.6,0.127,0.0,9.4,0.004,0.57,1869.5999999999997,0.18,0.0,9.4,0.004
08,0,3500,3500.0,105239.97286689628,7.875999450683594,0.16547359920904564,0.8,4369.26,0.295,0.02,77.08,0.008,1.65,11914.6,0.297,0.02,77.08,0.008,14765.161076523656,2.356062889099121,0.09179109367716012,0.28,446.6,0.127,0.0,7.52,0.003,0.49,1787.6000000000001,0.178,0.0,7.52,0.003
08,0,4000,4000.0,104809.91789226646,9.725555419921875,0.16584231108721717,1.15,3567.12,0.212,0.02,75.2,0.008,1.54,11406.2,0.294,0.02,75.2,0.008,14841.822640926177,2.415214776992798,0.0921773771142689,0.79,1863.48,0.164,0.0,7.52,0.004,0.46,1713.7999999999997,0.178,0.0,7.52,0.004
08,0,4500,4500.0,104354.9147219961,11.397319793701172,0.1668881277932715,1.34,3602.7199999999993,0.213,0.02,69.56,0.008,1.34,10979.8,0.291,0.02,69.56,0.008,14927.965637542799,2.38143253326416,0.09262771940555051,0.19,301.5,0.128,0.0,7.52,0.004,0.42,1648.1999999999998,0.177,0.0,7.52,0.004
08,0,5000,5000.0,102676.6242982656,12.612344741821289,0.1668036771697895,1.25,2885.5,0.215,0.02,67.68,0.008,1.03,11594.8,0.296,0.02,67.68,0.008,14896.392284069028,2.174912691116333,0.09225913391688234,0.19,309.54,0.127,0.0,7.52,0.004,0.42,1582.6,0.176,0.0,7.52,0.004
08,0,5500,5500.0,100987.709520504,13.271684646606445,0.16696830297536358,1.28,2888.4000000000005,0.215,0.01,73.32,0.008,1.69,12414.8,0.302,0.01,73.32,0.008,14885.742185424071,1.9140812158584595,0.09224247256228563,0.32,630.36,0.187,0.0,7.52,0.004,0.44,1541.6,0.176,0.0,7.52,0.004
08,0,6000,6000.0,97882.97930965018,14.272489547729492,0.16625746240346337,1.16,2732.74,0.218,0.02,77.08,0.009,1.45,12619.8,0.304,0.02,77.08,0.009,14786.11344075112,1.5466548204421997,0.0916224919223617,0.37,682.89,0.192,0.0,7.52,0.004,0.49,1631.8,0.179,0.0,7.52,0.004
08,0,6500,6500.0,93647.3215951406,15.276934623718262,0.1639407715637564,0.63,1446.2,0.229,0.02,78.96,0.009,1.81,12644.4,0.304,0.02,78.96,0.009,14709.573309756559,1.1884126663208008,0.09092527294917667,0.34,679.8,0.19,0.0,7.52,0.004,0.55,1754.8,0.184,0.0,7.52,0.004
08,0,7000,7000.0,88755.68921507843,14.459980010986328,0.16088067335703787,0.62,1421.0,0.228,0.02,80.84,0.009,2.21,11758.8,0.297,0.02,80.84,0.009,14724.316883106298,1.107271671295166,0.09006455818732806,0.3,685.9800000000001,0.189,0.0,7.52,0.004,0.5,1754.8,0.182,0.0,7.52,0.004
08,0,7500,7500.0,83141.44212247932,12.573190689086914,0.15681316984440674,0.58,1317.4,0.222,0.03,71.44,0.008,2.55,10758.4,0.29,0.03,71.44,0.008,15011.572953780205,1.3969779014587402,0.08996051589721824,0.21,648.9,0.185,0.0,7.52,0.004,0.43,1754.8,0.181,0.0,7.52,0.004
08,0,8000,8000.0,77181.50411567005,10.073278427124023,0.15102502362314948,1.23,3636.93,0.281,0.03,69.56,0.008,2.48,10176.2,0.285,0.03,69.56,0.008,15566.754452107125,1.6353404521942139,0.08853076713210906,0.18,440.8,0.124,0.0,7.52,0.004,0.29,1672.8,0.177,0.0,7.52,0.004
08,0,8500,8500.0,71535.3288616855,7.6284894943237305,0.1452141084727799,1.02,3488.6099999999997,0.277,0.26,1363.67,0.022,2.35,9667.8,0.281,0.03,63.92000000000001,0.008,16440.953371847467,1.912879228591919,0.08810662155803663,0.59,2135.97,0.161,0.0,7.52,0.004,0.21,1599.0,0.174,0.0,7.52,0.004
08,0,9000,9000.0,66833.76953178935,5.7867631912231445,0.14037707096451257,0.78,3337.2,0.274,0.03,62.04,0.008,1.87,9134.8,0.275,0.03,62.04,0.008,17735.21533273895,2.026061773300171,0.08783494631335616,0.23,682.89,0.187,0.0,7.52,0.004,0.31,1631.8,0.174,0.0,7.52,0.004
08,0,9500,9500.0,63214.61008580718,4.426759243011475,0.13681777888172678,0.58,2972.5799999999995,0.262,0.02,56.4,0.008,1.42,8700.2,0.271,0.02,56.4,0.008,19130.82300097103,2.0015008449554443,0.08813402156807905,0.28,753.96,0.191,0.0,7.52,0.004,0.42,1705.6,0.176,0.0,7.52,0.004
08,0,10000,10000.0,60308.86155159614,3.196974754333496,0.13414291209708454,0.31,1292.43,0.183,0.02,54.519999999999996,0.007,1.02,7773.6,0.259,0.02,54.519999999999996,0.007,20841.025921400706,1.7564747333526611,0.0903927041932601,0.34,831.21,0.195,0.0,7.52,0.004,0.51,1804.0000000000002,0.178,0.0,7.52,0.004
08,0,10500,10500.0,57227.91458998231,2.85756778717041,0.13145835841944126,0.37,1777.7,0.178,0.02,47.0,0.007,0.69,6855.199999999999,0.245,0.02,47.0,0.007,22593.468996536598,1.9356184005737305,0.09275265110867519,0.34,905.37,0.196,0.0,7.52,0.004,0.6,1976.2000000000003,0.181,0.0,7.52,0.004
08,0,11000,11000.0,53530.7339914194,2.921511173248291,0.12659977511390458,0.4,1490.6,0.163,0.01,43.24,0.007,0.47,6519.0,0.239,0.01,43.24,0.007,24333.02332079582,2.065554618835449,0.09696462276629886,0.34,1001.1600000000001,0.2,0.0,7.52,0.004,0.59,2181.2,0.184,0.0,7.52,0.004
08,0,11500,11500.0,49482.270197182515,2.7714896202087402,0.12100676350894965,0.4,1470.3,0.162,0.01,41.36,0.006,0.35,6191.0,0.232,0.01,41.36,0.006,25703.774064594683,2.237265110015869,0.10039787745020584,0.28,1032.06,0.2,0.0,9.4,0.004,0.57,2419.0,0.188,0.0,9.4,0.004
08,0,12000,12000.0,45170.93704638729,2.387385129928589,0.11320744894755783,0.19,814.8,0.179,0.01,39.48,0.006,0.39,6117.2,0.229,0.01,39.48,0.006,26288.18477669399,2.3876535892486572,0.10363397078317105,0.23,896.1,0.136,0.0,9.4,0.004,0.44,2665.0,0.191,0.0,9.4,0.004
08,0,12500,12500.0,41906.82261193738,1.9526574611663818,0.10696382882724156,0.29,970.83,0.158,0.01,37.6,0.006,0.57,6141.8,0.227,0.01,37.6,0.006,25935.95990407149,2.449899196624756,0.10468093648586366,0.23,887.4,0.136,0.0,11.28,0.004,0.39,2820.8,0.194,0.0,11.28,0.004
08,0,13000,13000.0,39876.55351306346,2.1103975772857666,0.10178176065294338,0.39,1374.6,0.152,0.01,37.6,0.006,0.61,5494.0,0.215,0.01,37.6,0.006,24555.42907742979,2.386263132095337,0.10438982665048045,0.45,1845.22,0.132,0.0,13.160000000000002,0.004,0.41,3025.8,0.196,0.0,13.160000000000002,0.004
08,0,13500,13500.0,39552.83775643338,2.2679057121276855,0.0999238498554969,0.4,1389.1,0.152,0.01,30.08,0.005,0.61,4846.2,0.201,0.01,30.08,0.005,22653.706053391717,2.2467470169067383,0.10268691079897171,0.15,590.94,0.136,0.0,15.04,0.004,0.39,3198.0,0.199,0.0,15.04,0.004
08,0,14000,14000.0,41446.575323665544,2.560248851776123,0.10129572484937277,0.44,1766.1,0.169,0.01,28.2,0.005,0.31,4001.6,0.181,0.01,28.2,0.005,20163.243877454443,2.0385518074035645,0.09897694828579803,0.14,530.64,0.134,0.0,15.04,0.004,0.37,3124.2,0.198,0.0,15.04,0.004
08,0,14500,14500.0,45384.58113892775,3.4376609325408936,0.10667016125705726,0.44,1798.0,0.171,0.01,78.98,0.008,0.31,3345.6,0.167,0.01,18.8,0.004,18091.294499454125,1.7866970300674438,0.09573431543554901,0.11,408.0299999999999,0.128,0.0,13.160000000000002,0.004,0.35,3066.8,0.198,0.0,13.160000000000002,0.004
08,0,15000,15000.0,50918.443097503856,4.634271621704102,0.11362151704030045,0.58,3026.0,0.189,0.0,16.92,0.003,0.34,3444.0,0.169,0.0,16.92,0.003,16326.568729997485,1.531489372253418,0.09072800732035739,0.2,750.72,0.116,0.0,13.160000000000002,0.004,0.29,2648.6,0.192,0.0,13.160000000000002,0.004
08,0,15500,15500.0,56739.46973372514,5.680513381958008,0.12034430086682538,0.64,3232.48,0.194,0.0,18.8,0.004,0.43,3616.2,0.174,0.0,18.8,0.004,15502.943346603797,1.287086844444275,0.08855464251236063,0.13,343.2,0.079,0.0,11.28,0.004,0.26,2287.8,0.186,0.0,11.28,0.004
08,0,16000,16000.0,63072.59320766215,6.943203449249268,0.12726586250449728,0.72,3303.68,0.196,0.0,20.68,0.004,0.5,4321.4,0.191,0.0,20.68,0.004,15537.742314279376,1.0585662126541138,0.08706712307050142,0.14,360.36,0.08,0.0,9.4,0.004,0.21,1951.6,0.178,0.0,9.4,0.004
08,0,16500,16500.0,69358.3696374293,8.12195110321045,0.13327374522129434,0.77,3364.1999999999994,0.198,0.01,30.08,0.005,0.56,5125.0,0.209,0.01,30.08,0.005,16142.84878972203,0.8781741857528687,0.08746977649232068,0.62,2285.4,0.16,0.0,7.52,0.003,0.17,1656.4,0.17,0.0,7.52,0.003
08,0,17000,17000.0,75552.2917636784,8.739870071411133,0.13890094478479365,0.94,3567.12,0.203,0.01,33.84,0.006,0.79,5904.0,0.225,0.01,33.84,0.006,17433.576927534672,1.1125926971435547,0.09032342506604632,0.82,2680.95,0.165,0.0,7.52,0.003,0.14,1631.8,0.169,0.0,7.52,0.003
08,0,17500,17500.0,81324.52404653432,9.35604190826416,0.14328472901222097,1.04,3716.64,0.207,0.01,39.48,0.006,1.0,6691.2,0.239,0.01,39.48,0.006,18932.68911248618,1.388258934020996,0.09380483889385098,0.9,2979.81,0.168,0.0,7.52,0.003,0.15,1697.3999999999999,0.171,0.0,7.52,0.003
08,0,18000,18000.0,87375.37753189281,9.825932502746582,0.14776226843965617,0.74,2651.4,0.213,0.01,43.24,0.006,1.21,7281.600000000001,0.248,0.01,43.24,0.006,20319.102419585804,1.9848048686981201,0.09771557229817007,0.31,939.36,0.195,0.0,7.52,0.003,0.26,1951.6,0.177,0.0,7.52,0.003
08,0,18500,18500.0,93937.30809659103,10.218010902404785,0.15215786091464528,0.76,2522.22,0.215,0.01,48.88,0.007,1.41,7880.199999999999,0.256,0.01,48.88,0.007,21247.43213921096,2.2687389850616455,0.10070105471109717,0.39,1072.23,0.198,0.0,9.4,0.003,0.46,2279.6,0.185,0.0,9.4,0.003
08,0,19000,19000.0,101382.87477023732,11.26501178741455,0.15682519040090737,0.78,2801.62,0.222,0.01,48.88,0.007,1.56,8667.4,0.266,0.01,48.88,0.007,21171.895546349824,2.080655574798584,0.10103072101310577,0.47,1239.09,0.204,0.0,9.4,0.004,0.55,2624.0,0.189,0.0,9.4,0.004
08,0,19500,19500.0,108615.30231796633,13.290764808654785,0.16062294665081317,0.45,1460.2,0.226,0.02,60.16,0.008,1.7,9495.6,0.275,0.02,60.16,0.008,20638.996873642714,1.9746874570846558,0.1002637998869586,0.42,1273.08,0.204,0.0,11.28,0.004,0.65,3001.2,0.195,0.0,11.28,0.004
08,0,20000,20000.0,115662.96180175325,15.272990226745605,0.16347117241855294,1.74,4880.76,0.226,0.02,60.16,0.008,1.81,10110.6,0.281,0.02,60.16,0.008,19433.050312263378,1.5254226922988892,0.09770315948219821,0.37,1322.52,0.205,0.0,11.28,0.004,0.57,3124.2,0.195,0.0,11.28,0.004
08,0,20500,20500.0,123052.63928966352,18.150909423828125,0.16615265790667488,2.26,5290.16,0.232,0.03,69.56,0.008,2.08,10742.0,0.287,0.03,69.56,0.008,18192.36516769304,1.5479894876480103,0.09474400907160943,0.26,1149.48,0.199,0.0,13.160000000000002,0.004,0.68,3214.4,0.196,0.0,13.160000000000002,0.004
09,0,-21000,21000.0,307460.1503253557,12.376579284667969,0.22104401161068016,0.56,6944.549999999999,0.3,0.03,250.04,0.011,1.95,44960.6,0.482,0.03,250.04,0.011,240822.7452892207,29.360719680786133,0.21168086532181427,1.74,7098.3,0.288,0.02,150.4,0.011,2.89,26035.0,0.42,0.02,150.4,0.011
09,0,-20500,20500.0,292455.18008395925,11.23526668548584,0.21474440706022951,1.44,19063.2,0.284,0.02,231.24,0.011,1.79,40967.2,0.466,0.02,231.24,0.011,245826.8038732266,31.26766014099121,0.21342004538242715,1.72,6738.62,0.29,0.03,159.8,0.011,3.37,28306.400000000005,0.435,0.03,159.8,0.011
09,0,-20000,20000.0,282755.9482268584,11.001775741577148,0.21104810151333417,0.66,12026.28,0.415,0.02,223.72,0.011,1.52,37506.8,0.452,0.02,223.72,0.011,247589.96957302332,32.68141555786133,0.21430213102082996,2.25,11615.310000000001,0.437,0.03,163.56,0.011,4.0,30159.6,0.444,0.03,163.56,0.011
09,0,-19500,19500.0,276325.5611359252,10.499028205871582,0.2093447080147161,0.54,6865.62,0.27,0.02,201.16,0.01,1.25,34563.0,0.438,0.02,201.16,0.01,247061.14935315208,32.6582145690918,0.21414270872928162,2.27,11837.79,0.44,0.04,172.96,0.011,4.47,31996.400000000005,0.453,0.04,172.96,0.011
09,0,-19000,19000.0,272677.76308104076,9.969827651977539,0.20853630559011155,0.58,7500.44,0.27,0.02,195.52,0.01,1.22,33710.2,0.432,0.02,195.52,0.01,243473.82690030942,31.402376174926758,0.21410117439141121,2.29,12112.8,0.444,0.05,178.6,0.011,4.7,33013.2,0.458,0.05,178.6,0.011
09,0,-18500,18500.0,270636.65460315254,9.514093399047852,0.20874126510275806,0.33,4109.0,0.293,0.01,189.88,0.01,1.12,33587.2,0.43,0.01,189.88,0.01,237601.40781584778,29.434154510498047,0.21331531431671663,1.01,3767.4,0.303,0.05,186.12,0.011,4.77,33636.4,0.461,0.05,186.12,0.011
09,0,-18000,18000.0,268849.0260998363,9.251002311706543,0.20858397737655512,0.85,9345.0,0.26,0.01,189.88,0.01,1.04,34054.6,0.432,0.01,189.88,0.01,227845.6277340534,26.779775619506836,0.21190340946125066,0.98,3708.6,0.3,0.05,188.0,0.011,4.59,32562.2,0.454,0.05,188.0,0.011
09,0,-17500,17500.0,266991.06225123873,10.100229263305664,0.20822132516213496,1.08,9291.6,0.261,0.02,195.52,0.011,1.16,34464.6,0.434,0.02,195.52,0.011,217073.56496235298,24.610624313354492,0.21044197862293004,0.86,3470.6,0.286,0.05,180.48,0.011,4.27,31397.8,0.448,0.05,180.48,0.011
09,0,-17000,17000.0,265605.3593234436,12.12861442565918,0.20843948168284146,1.04,7226.800000000001,0.257,0.02,195.52,0.01,1.12,33939.8,0.431,0.02,195.52,0.01,204422.3776749306,22.029945373535156,0.20836887625479125,0.83,3390.8,0.284,0.05,178.6,0.011,3.77,29807.0,0.436,0.05,178.6,0.011
09,0,-16500,16500.0,264904.84802882,13.8817138671875,0.20925574726171448,1.07,7226.800000000001,0.257,0.02,191.76,0.011,1.13,33406.8,0.428,0.02,191.76,0.011,191771.22747320446,20.185789108276367,0.2064377221537266,1.01,4468.23,0.264,0.05,171.08,0.011,3.25,27986.600000000002,0.423,0.05,171.08,0.011
09,0,-16000,16000.0,263613.0911209939,15.036481857299805,0.2101593541441743,1.03,7505.2,0.264,0.02,191.76,0.011,1.12,32693.399999999998,0.427,0.02,191.76,0.011,177009.64667056134,18.563385009765625,0.20201066447629037,0.69,3035.2,0.28,0.04,169.2,0.011,2.9,25387.2,0.404,0.04,169.2,0.011
09,0,-15500,15500.0,262844.2628358706,15.643474578857422,0.2116703919561558,1.03,7537.1,0.264,0.02,182.36,0.01,1.46,32398.2,0.429,0.02,182.36,0.01,162990.8442862266,17.372596740722656,0.1977637615517863,1.41,4828.5,0.252,0.04,156.04,0.011,2.71,22689.4,0.383,0.04,156.04,0.011
09,0,-15000,15000.0,260551.18586383882,15.55890941619873,0.21251697937245098,1.07,12360.0,0.431,0.02,180.48,0.01,1.93,33087.0,0.437,0.02,180.48,0.01,148833.33692858892,16.058155059814453,0.19074905961270092,0.68,2535.4,0.274,0.04,152.28,0.01,2.75,19598.0,0.359,0.04,152.28,0.01
09,0,-14500,14500.0,257258.79284910136,15.084786415100098,0.21287375691148128,1.05,12316.74,0.431,0.02,184.24,0.011,2.37,33931.6,0.445,0.02,184.24,0.011,137723.27784245712,14.798310279846191,0.18577305038513198,0.67,2132.2,0.264,0.04,131.6,0.01,2.87,17252.8,0.342,0.04,131.6,0.01
09,0,-14000,14000.0,250594.7311680291,13.731234550476074,0.210855201490989,1.02,12307.47,0.432,0.02,186.12,0.011,2.44,34202.2,0.448,0.02,186.12,0.011,129484.49880299563,12.942831039428711,0.18104142135786072,0.94,2960.73,0.246,0.04,127.84000000000002,0.01,2.76,15752.2,0.336,0.04,127.84000000000002,0.01
09,0,-13500,13500.0,244129.1391979648,12.166040420532227,0.2089568614253132,2.41,34169.4,0.449,0.02,188.0,0.011,2.41,34169.4,0.449,0.02,188.0,0.011,123752.4573729857,13.294189453125,0.1780010656857099,0.87,2550.69,0.237,0.04,109.03999999999999,0.01,2.55,14530.399999999998,0.329,0.04,109.03999999999999,0.01
09,0,-13000,13000.0,237615.92880748323,10.41012954711914,0.20682938403931747,0.87,6159.6,0.253,0.02,188.0,0.011,2.2,33357.6,0.445,0.02,188.0,0.011,120939.06884674309,13.240656852722168,0.17602190762617123,0.79,2480.34,0.234,0.04,103.40000000000002,0.01,2.11,13423.4,0.324,0.04,103.40000000000002,0.01
09,0,-12500,12500.0,231621.1801623335,10.191184997558594,0.20478946952689436,0.87,6124.8,0.253,0.02,186.12,0.011,1.91,32398.2,0.439,0.02,186.12,0.011,120708.04934237224,12.646892547607422,0.17632590245283017,0.6,2373.81,0.23,0.03,88.36,0.009,1.87,12652.6,0.321,0.03,88.36,0.009
09,0,-12000,12000.0,225972.0046502848,9.967816352844238,0.2020304005597747,0.53,4434.06,0.256,0.02,186.12,0.011,1.66,30569.6,0.427,0.02,186.12,0.011,122702.21016863317,11.536405563354492,0.17705974521494422,0.82,3215.64,0.242,0.03,84.6,0.009,1.94,12554.2,0.319,0.03,84.6,0.009
09,0,-11500,11500.0,222742.8510217303,9.933196067810059,0.20078484412020756,0.86,10098.12,0.39,0.02,172.96,0.011,1.57,29069.000000000004,0.418,0.02,172.96,0.011,125976.48323332248,10.870073318481445,0.17889028880372052,0.91,3289.3,0.244,0.02,82.72,0.009,1.93,12619.8,0.318,0.02,82.72,0.009
09,0,-11000,11000.0,220576.9072380106,9.762014389038086,0.19896544848564965,0.96,9955.98,0.388,0.02,169.2,0.011,1.71,27830.799999999996,0.405,0.02,169.2,0.011,130131.70924696075,12.355774879455566,0.180483412978493,1.22,3561.2,0.238,0.02,82.72,0.009,1.66,12849.4,0.316,0.02,82.72,0.009
09,0,-10500,10500.0,220467.56543719574,9.721471786499023,0.19870314729437066,1.01,9943.62,0.387,0.02,163.56,0.01,1.86,27445.4,0.402,0.02,163.56,0.01,135503.05441896318,13.904767036437988,0.1826974439233123,1.25,3572.8,0.239,0.01,86.48,0.009,1.79,13226.6,0.318,0.01,86.48,0.009
09,0,-10000,10000.0,221062.1805347366,9.398279190063477,0.19871198267781862,1.07,10122.84,0.394,0.02,161.68,0.01,1.96,27445.4,0.402,0.02,161.68,0.01,141754.05480388977,15.078438758850098,0.1844301538407298,1.35,3909.2,0.243,0.03,90.24,0.009,1.93,13817.000000000002,0.321,0.03,90.24,0.009
09,0,-9500,9500.0,221321.3701897101,8.684575080871582,0.1985761933861739,1.01,9903.45,0.384,0.02,163.56,0.01,2.03,27461.8,0.402,0.02,163.56,0.01,149267.6659472275,15.964183807373047,0.18667427610279516,1.35,3935.3,0.243,0.04,97.76,0.01,2.03,14497.6,0.324,0.04,97.76,0.01
09,0,-9000,9000.0,221236.1175642553,9.110021591186523,0.19894770734658124,0.94,9869.46,0.382,0.02,163.56,0.01,1.94,27510.999999999996,0.401,0.02,163.56,0.01,157191.14279768371,16.703882217407227,0.18815612515519922,0.93,2655.21,0.243,0.04,97.76,0.01,2.18,15096.2,0.329,0.04,97.76,0.01
09,0,-8500,8500.0,220281.59475856271,9.564437866210938,0.1989088978676044,2.97,20612.55,0.293,0.03,165.44,0.01,1.79,27445.4,0.398,0.03,165.44,0.01,165777.79965956032,17.890945434570312,0.18986796362749486,0.93,2846.16,0.246,0.05,105.28000000000002,0.01,2.48,15842.4,0.337,0.05,105.28000000000002,0.01
09,0,-8000,8000.0,219637.98182610117,10.266772270202637,0.20000229655008,3.29,20647.71,0.294,0.03,165.44,0.01,1.62,27683.2,0.401,0.03,165.44,0.01,174349.91901430316,18.9500675201416,0.19093904499753764,4.37,20981.73,0.303,0.05,109.03999999999999,0.01,2.45,16875.6,0.34,0.05,109.03999999999999,0.01
09,0,-7500,7500.0,217488.29165004392,12.568597793579102,0.1999283825596233,3.39,20691.66,0.295,0.02,163.56,0.01,1.65,27412.6,0.398,0.02,163.56,0.01,183635.6054058432,20.78496742248535,0.19291359369078503,4.86,21561.87,0.307,0.04,116.56,0.01,2.37,18302.4,0.35,0.04,116.56,0.01
09,0,-7000,7000.0,214779.9960770153,14.528107643127441,0.19919065473645398,1.15,9535.74,0.377,0.02,163.56,0.01,1.79,27035.4,0.395,0.02,163.56,0.01,192512.4039455271,23.418819427490234,0.1951203992138564,1.7,5832.0,0.268,0.04,120.32,0.01,2.68,20172.0,0.363,0.04,120.32,0.01
09,0,-6500,6500.0,211751.7936666367,15.367470741271973,0.19806966212496424,1.2,9412.14,0.377,0.02,159.8,0.01,1.97,26666.400000000005,0.394,0.02,159.8,0.01,200700.2012413204,26.588985443115234,0.19735900606238305,2.07,9217.47,0.388,0.03,131.6,0.01,3.24,22402.4,0.38,0.03,131.6,0.01
09,0,-6000,6000.0,208794.21477640432,15.221234321594238,0.19646323125198734,1.24,9291.63,0.377,0.02,159.8,0.01,2.14,26125.2,0.392,0.02,159.8,0.01,207972.68440237036,29.80756950378418,0.20093405034635148,2.5,10067.22,0.406,0.03,135.36,0.01,3.93,24657.4,0.397,0.03,135.36,0.01
09,0,-5500,5500.0,206786.74710508186,14.583601951599121,0.1955356217890117,1.14,9004.26,0.367,0.02,156.04,0.01,2.32,25731.6,0.391,0.02,156.04,0.01,211981.84580059926,31.439294815063477,0.20264555858450295,2.77,10329.87,0.411,0.04,146.64,0.01,4.7,26699.200000000004,0.413,0.04,146.64,0.01
09,0,-5000,5000.0,205950.6574886719,15.569290161132812,0.19498904732873812,1.09,9035.16,0.37,0.02,156.04,0.01,2.31,25198.6,0.388,0.02,156.04,0.01,213843.85971934287,32.167640686035156,0.20459299139730086,3.08,10679.04,0.419,0.04,150.4,0.01,5.52,28044.000000000004,0.423,0.04,150.4,0.01
09,0,-4500,4500.0,206338.56719990633,16.6630859375,0.19521428894304066,1.27,9106.23,0.372,0.02,150.4,0.01,2.24,24485.2,0.38,0.02,150.4,0.01,212734.9469565847,31.224130630493164,0.20459630883637603,2.86,10373.13,0.413,0.05,157.92,0.011,6.2,28970.6,0.431,0.05,157.92,0.011
09,0,-4000,4000.0,208233.33007829078,17.8135929107666,0.19612451904288675,1.47,9205.11,0.375,0.02,148.52,0.01,2.1,24690.2,0.383,0.02,148.52,0.01,208903.88935908978,28.865262985229492,0.20363325168366844,2.63,10098.12,0.409,0.06,159.8,0.011,6.15,29036.199999999997,0.431,0.06,159.8,0.011
09,0,-3500,3500.0,210564.06933778053,18.916095733642578,0.19722252098437182,1.39,9192.75,0.375,0.02,148.52,0.01,2.44,24944.4,0.385,0.02,148.52,0.01,203195.61188237657,26.47711753845215,0.2019664954006527,5.69,28503.2,0.429,0.06,165.44,0.011,5.69,28503.2,0.429,0.06,165.44,0.011
09,0,-3000,3000.0,213075.16174665833,19.629932403564453,0.19860532248846266,1.31,9205.11,0.375,0.03,148.52,0.01,2.4,25305.2,0.388,0.03,148.52,0.01,194583.4302050678,24.22971534729004,0.19998847744205386,0.82,3168.2,0.283,0.06,167.32,0.011,4.64,26846.8,0.418,0.06,167.32,0.011
09,0,-2500,2500.0,214815.99090724188,20.0610294342041,0.19956302348631397,1.2,9263.82,0.377,0.03,152.28,0.01,2.31,25395.4,0.389,0.03,152.28,0.01,183739.55736176317,22.164182662963867,0.19690007145249558,2.16,7283.76,0.254,0.05,161.68,0.011,3.54,24780.4,0.403,0.05,161.68,0.011
09,0,-2000,2000.0,215901.88908010736,20.27497100830078,0.2008418657544506,0.54,3155.6,0.275,0.03,152.28,0.01,2.41,25707.0,0.392,0.03,152.28,0.01,171223.25435871643,20.23459815979004,0.1940052801838703,2.0,6803.16,0.251,0.04,159.8,0.011,2.97,22878.0,0.386,0.04,159.8,0.011
09,0,-1500,1500.0,216167.59987409142,20.269466400146484,0.20174811015120295,0.99,5643.88,0.267,0.03,156.04,0.01,2.47,25944.8,0.394,0.03,156.04,0.01,158700.58413530092,18.466676712036133,0.19148589022004403,1.62,5576.7,0.253,0.04,146.64,0.01,2.64,21303.6,0.371,0.04,146.64,0.01
09,0,-1000,1000.0,215953.41811351082,20.235788345336914,0.2031563424025046,1.1,5537.2,0.266,0.03,157.92,0.01,2.53,26445.0,0.399,0.03,157.92,0.01,144963.8384706136,16.122732162475586,0.18723131452882014,1.05,3847.14,0.253,0.03,142.88,0.01,2.49,19557.0,0.354,0.03,142.88,0.01
09,0,-500,500.0,215107.46563446996,19.79643440246582,0.20440619305255228,1.16,5481.32,0.266,0.03,161.68,0.01,2.59,27470.0,0.412,0.03,161.68,0.01,131626.4597186565,13.630727767944336,0.18274574065073595,2.94,11144.639999999998,0.248,0.03,133.48,0.01,2.24,17785.8,0.338,0.03,133.48,0.01
09,0,0,0.0,212128.75866421367,19.096437454223633,0.2040089001367457,1.25,5993.68,0.266,0.03,161.68,0.01,2.69,27527.4,0.413,0.03,161.68,0.01,118462.76913115913,10.593111038208008,0.17652095414151217,1.79,6687.12,0.228,0.03,131.6,0.01,1.88,15940.800000000001,0.33,0.03,131.6,0.01
09,0,500,500.0,208336.75105666224,19.850337982177734,0.20279575044369272,0.69,3154.2,0.278,0.03,163.56,0.01,2.76,27010.799999999996,0.407,0.03,163.56,0.01,106639.73363525607,7.702694892883301,0.17067491216217184,2.04,9085.57,0.24,0.03,110.92,0.01,1.55,13964.600000000002,0.32,0.03,110.92,0.01
09,0,1000,1000.0,205038.19926983913,19.60467529296875,0.2014537417623579,1.59,9433.77,0.389,0.03,163.56,0.011,2.89,26650.0,0.406,0.03,163.56,0.011,96777.64252274609,6.198245048522949,0.1646454603726016,1.19,5295.84,0.219,0.02,105.28000000000002,0.009,1.12,11849.0,0.308,0.02,105.28000000000002,0.009
09,0,1500,1500.0,201984.6837906819,18.093408584594727,0.20014624214516524,1.63,9044.43,0.383,0.04,159.8,0.01,3.1,26346.600000000002,0.406,0.04,159.8,0.01,89427.00961324852,5.254700183868408,0.16117972159715516,1.72,9336.45,0.179,0.02,82.72,0.009,0.76,10151.6,0.296,0.02,82.72,0.009
09,0,2000,2000.0,198808.4451839851,15.95383358001709,0.19925580462013368,1.62,8695.26,0.378,0.04,157.92,0.01,3.15,25436.4,0.401,0.04,157.92,0.01,84324.79253290012,4.823705196380615,0.15830212118488027,0.45,2876.8,0.222,0.01,75.2,0.009,0.61,9143.0,0.29,0.01,75.2,0.009
09,0,2500,2500.0,195261.6611307851,13.353602409362793,0.19861030252213666,1.56,8398.62,0.372,0.04,152.28,0.01,3.06,24583.6,0.397,0.04,152.28,0.01,81162.21934931958,4.671384811401367,0.1579099884362712,0.46,2876.8,0.222,0.01,62.04,0.008,0.56,8569.0,0.286,0.01,62.04,0.008
09,0,3000,3000.0,191291.0154071375,12.221686363220215,0.19871275505965313,1.48,8049.45,0.365,0.04,150.4,0.01,2.83,23689.8,0.391,0.04,150.4,0.01,78721.09611710762,4.517511367797852,0.15724761913924098,0.41,2784.0,0.222,0.01,58.28,0.008,0.54,8413.2,0.286,0.01,58.28,0.008
09,0,3500,3500.0,187228.58935333893,12.476564407348633,0.19929700216183208,1.3,8154.51,0.367,0.03,146.64,0.01,2.65,22869.8,0.385,0.03,146.64,0.01,76402.6494671396,4.296994209289551,0.15675070191297139,0.41,2775.3,0.222,0.01,56.4,0.008,0.52,8339.4,0.287,0.01,56.4,0.008
09,0,4000,4000.0,181973.3630671826,12.97778606414795,0.1989264452357116,1.06,5196.800000000001,0.251,0.03,144.76,0.01,2.17,22960.0,0.385,0.03,144.76,0.01,73663.52547498135,3.997945785522461,0.15549424026229466,0.26,1825.08,0.218,0.01,56.4,0.008,0.47,8134.4,0.285,0.01,56.4,0.008
09,0,4500,4500.0,175844.17943542724,13.458410263061523,0.19776069169528063,1.06,5153.3,0.251,0.02,144.76,0.01,1.78,23189.6,0.386,0.02,144.76,0.01,70954.27679974832,3.6854233741760254,0.15432508876202689,0.24,1764.7799999999997,0.217,0.01,54.519999999999996,0.008,0.46,7872.0,0.282,0.01,54.519999999999996,0.008
09,0,5000,5000.0,168006.76346264317,13.715434074401855,0.19465094969566438,0.68,3770.7600000000007,0.253,0.02,144.76,0.01,1.79,22271.2,0.38,0.02,144.76,0.01,67911.68295665664,3.5660765171051025,0.15228973504101156,0.43,3179.08,0.218,0.01,54.519999999999996,0.008,0.43,7494.800000000001,0.277,0.01,54.519999999999996,0.008
09,0,5500,5500.0,160191.15190127507,13.776745796203613,0.19111644580203072,0.67,3445.14,0.25,0.02,141.0,0.01,1.87,20934.6,0.369,0.02,141.0,0.01,65170.49738967254,3.4215950965881348,0.15053913720586798,0.42,3061.6,0.216,0.01,50.76,0.008,0.41,7166.8,0.273,0.01,50.76,0.008
09,0,6000,6000.0,153610.6666242914,13.138707160949707,0.1871064325569219,0.64,3330.57,0.248,0.02,139.12,0.01,1.78,18679.6,0.349,0.02,139.12,0.01,62667.123189071935,3.2024588584899902,0.14847721820017876,0.42,2951.2399999999993,0.213,0.01,50.76,0.008,0.36,6773.2,0.27,0.01,50.76,0.008
09,0,6500,6500.0,149754.43559696386,11.989383697509766,0.1851237236156394,0.57,3083.34,0.244,0.02,124.08,0.01,1.96,17105.2,0.339,0.02,124.08,0.01,60797.68881707458,3.0956344604492188,0.1472061413768345,0.41,2890.7199999999993,0.212,0.01,47.0,0.008,0.36,6420.6,0.267,0.01,47.0,0.008
09,0,7000,7000.0,148818.52552951546,10.267532348632812,0.18395044496398108,0.82,5660.88,0.325,0.02,120.32,0.01,1.92,16293.4,0.335,0.02,120.32,0.01,59670.028829223724,3.080472469329834,0.14624006862849548,0.35,2762.56,0.209,0.01,45.12,0.007,0.37,6109.0,0.264,0.01,45.12,0.007
09,0,7500,7500.0,149287.07543981404,9.617280006408691,0.1837017463600369,0.94,5870.439999999999,0.244,0.02,110.92,0.01,1.78,15637.4,0.332,0.02,110.92,0.01,59412.979429140796,3.0653531551361084,0.14650322635734342,0.3,2694.92,0.208,0.0,41.36,0.007,0.38,5887.6,0.263,0.0,41.36,0.007
09,0,8000,8000.0,151619.6591668919,11.232954025268555,0.1845763435281694,1.14,6126.76,0.248,0.02,109.03999999999999,0.01,1.36,15276.6,0.33,0.02,109.03999999999999,0.01,59928.97506551433,3.0478248596191406,0.1470068167351264,0.2,1928.5,0.203,0.0,39.48,0.007,0.4,5764.6,0.261,0.0,39.48,0.007
09,0,8500,8500.0,155052.25844589822,12.688377380371094,0.18644881104770605,1.26,6286.96,0.25,0.01,103.40000000000002,0.01,1.13,15129.0,0.329,0.01,103.40000000000002,0.01,61100.82446897957,3.097569704055786,0.1482631025104251,0.22,2070.3,0.258,0.0,37.6,0.007,0.42,5699.0,0.261,0.0,37.6,0.007
09,0,9000,9000.0,159202.91046386192,13.712631225585938,0.18870312369856823,0.91,4895.2,0.25,0.01,101.52,0.01,1.16,15563.6,0.331,0.01,101.52,0.01,63126.95184045916,3.16280460357666,0.14971367076448813,0.25,2132.1,0.261,0.0,37.6,0.007,0.46,5764.6,0.263,0.0,37.6,0.007
09,0,9500,9500.0,163585.71706735552,14.067089080810547,0.19100153483107726,0.92,4912.6,0.251,0.01,107.15999999999998,0.01,1.18,16137.6,0.334,0.01,107.15999999999998,0.01,65843.61262493274,3.2903759479522705,0.15178378085596342,0.25,1375.66,0.135,0.0,37.6,0.007,0.5,5912.2,0.266,0.0,37.6,0.007
09,0,10000,10000.0,167623.63024434584,13.765007972717285,0.1926101441524949,1.74,10119.62,0.249,0.01,107.15999999999998,0.01,1.35,16867.4,0.338,0.01,107.15999999999998,0.01,69345.22651976458,3.496220111846924,0.15357787948221985,0.3,2025.0,0.216,0.0,37.6,0.007,0.55,6191.0,0.27,0.0,37.6,0.007
09,0,10500,10500.0,171243.83356015204,12.983522415161133,0.193550521198293,0.6,3352.68,0.251,0.02,116.56,0.01,1.49,17531.6,0.341,0.02,116.56,0.01,73338.28257470037,3.7260501384735107,0.1555777804010437,0.32,1922.78,0.217,0.0,39.48,0.007,0.58,6551.8,0.275,0.0,39.48,0.007
09,0,11000,11000.0,174365.7291586398,11.701349258422852,0.1936400897538013,0.56,3346.6499999999996,0.251,0.02,118.44,0.01,1.57,17999.0,0.345,0.02,118.44,0.01,77840.1697999579,4.840583801269531,0.1575446997622075,0.32,2138.68,0.221,0.01,41.36,0.007,0.6,7002.799999999999,0.282,0.01,41.36,0.007
09,0,11500,11500.0,177674.13783203097,12.402251243591309,0.19367101269931009,2.37,18502.95,0.297,0.02,122.2,0.01,1.62,18597.6,0.352,0.02,122.2,0.01,82715.5694611156,5.443840026855469,0.15983175354536922,0.56,3414.04,0.217,0.01,45.12,0.008,0.61,7511.2,0.288,0.01,45.12,0.008
09,0,12000,12000.0,181821.41238422156,14.065473556518555,0.1942421624801721,0.72,5208.3,0.263,0.02,124.08,0.01,1.47,19138.8,0.357,0.02,124.08,0.01,88016.05200021437,5.657736778259277,0.16295219207287215,0.61,2868.1,0.221,0.01,45.12,0.008,0.67,8101.600000000001,0.294,0.01,45.12,0.008
09,0,12500,12500.0,186868.9294132465,15.635894775390625,0.19536326659912426,0.72,4925.06,0.264,0.02,127.84000000000002,0.01,1.43,19786.6,0.363,0.02,127.84000000000002,0.01,92876.87755463304,6.662094593048096,0.1652383215708574,0.8,4015.68,0.226,0.01,52.64000000000001,0.008,0.79,8724.8,0.299,0.01,52.64000000000001,0.008
09,0,13000,13000.0,192623.42364915556,17.215103149414062,0.1971130008403053,1.11,6885.04,0.254,0.02,127.84000000000002,0.01,1.61,20557.4,0.37,0.02,127.84000000000002,0.01,97419.65147564412,7.295327186584473,0.16720370729727813,0.78,3201.5999999999995,0.228,0.01,54.519999999999996,0.008,0.86,9389.0,0.302,0.01,54.519999999999996,0.008
09,0,13500,13500.0,198491.8377733408,18.489599227905273,0.1989558972773918,1.21,6984.72,0.254,0.02,131.6,0.01,1.97,21402.0,0.376,0.02,131.6,0.01,101590.03591583931,7.341984748840332,0.16869133632735844,0.8,3224.8,0.229,0.01,60.16,0.008,0.88,9971.2,0.305,0.01,60.16,0.008
09,0,14000,14000.0,203926.7736435844,19.52530860900879,0.2017700063027484,1.18,8602.56,0.378,0.02,133.48,0.01,2.36,22615.6,0.385,0.02,133.48,0.01,105432.42385923948,7.026526927947998,0.1701695925032202,0.41,1788.72,0.217,0.01,62.04,0.008,0.87,10512.4,0.307,0.01,62.04,0.008
09,0,14500,14500.0,207315.17096109712,19.76262855529785,0.20355291809787535,1.37,8973.36,0.385,0.02,142.88,0.01,2.72,23681.6,0.393,0.02,142.88,0.01,108546.4279600271,6.716899871826172,0.17080098153763917,0.52,2186.88,0.228,0.01,69.56,0.009,0.86,10996.2,0.31,0.01,69.56,0.009
09,0,15000,15000.0,208506.9407903662,18.956588745117188,0.20592858118017757,1.6,9405.96,0.394,0.02,144.76,0.01,3.15,24895.2,0.402,0.02,144.76,0.01,111648.70631569198,6.997997283935547,0.1721815125148039,0.5,2180.85,0.226,0.02,71.44,0.009,0.87,11258.6,0.311,0.02,71.44,0.009
09,0,15500,15500.0,207444.98002824403,17.225515365600586,0.20717169472531566,1.7,9684.06,0.399,0.02,152.28,0.011,3.51,25969.4,0.409,0.02,152.28,0.011,114333.01835523707,9.058808326721191,0.1732168479718042,1.89,10416.15,0.273,0.02,75.2,0.009,1.02,11496.4,0.312,0.02,75.2,0.009
09,0,16000,16000.0,204207.44185889343,14.786892890930176,0.20779398609979757,1.8,10008.51,0.404,0.02,154.16,0.011,3.77,26822.2,0.415,0.02,154.16,0.011,116970.31728187883,11.526347160339355,0.1745196689591012,2.03,10293.09,0.273,0.02,77.08,0.009,1.12,11717.8,0.314,0.02,77.08,0.009
09,0,16500,16500.0,199749.98497589986,11.931682586669922,0.20741466353055127,3.85,27527.4,0.42,0.02,157.92,0.011,3.85,27527.4,0.42,0.02,157.92,0.011,119455.45251463761,13.579411506652832,0.1759154495946139,0.97,5172.68,0.242,0.02,77.08,0.009,1.13,12013.0,0.316,0.02,77.08,0.009
09,0,17000,17000.0,193253.0321573373,10.657258033752441,0.20475447634087085,3.13,26871.400000000005,0.416,0.03,159.8,0.011,3.13,26871.400000000005,0.416,0.03,159.8,0.011,121595.12457077092,15.307024002075195,0.17754997906792114,1.29,5439.68,0.243,0.02,77.08,0.009,1.26,12455.8,0.32,0.02,77.08,0.009
09,0,17500,17500.0,186755.61886788535,10.05575180053711,0.2016535484198723,2.36,25936.6,0.41,0.02,156.04,0.011,2.36,25936.6,0.41,0.02,156.04,0.011,122547.99848737486,16.350427627563477,0.17816629868200412,1.49,5649.72,0.246,0.01,84.6,0.009,1.57,12808.4,0.323,0.01,84.6,0.009
09,0,18000,18000.0,180876.98999245898,9.383892059326172,0.19863017501407623,0.72,4811.1,0.249,0.02,156.04,0.011,1.47,23927.6,0.396,0.02,156.04,0.011,122395.53559431282,16.826475143432617,0.17938965101689355,1.69,5752.96,0.247,0.01,86.48,0.009,1.92,12988.8,0.325,0.01,86.48,0.009
09,0,18500,18500.0,176322.5977177724,8.761512756347656,0.19676890935832653,0.36,2510.2,0.271,0.01,142.88,0.011,1.43,22000.6,0.382,0.01,142.88,0.011,120339.8735291595,16.623384475708008,0.17883447056972174,1.79,5795.68,0.247,0.01,90.24,0.009,2.24,13054.4,0.327,0.01,90.24,0.009
09,0,19000,19000.0,172951.52804748708,9.153337478637695,0.19576417264486784,0.36,2508.8000000000006,0.27,0.02,139.12,0.01,1.49,20508.2,0.368,0.02,139.12,0.01,116657.97316566126,15.609599113464355,0.17829432061535266,1.43,4103.5,0.242,0.02,90.24,0.009,2.45,12988.8,0.328,0.02,90.24,0.009
09,0,19500,19500.0,170722.43619372137,9.393410682678223,0.19615540263455308,0.36,2532.6,0.27,0.02,129.72,0.01,1.54,19376.6,0.356,0.02,129.72,0.01,111553.78658174729,14.219184875488281,0.17641263370538127,1.43,4094.8,0.242,0.02,90.24,0.009,2.56,12824.8,0.328,0.02,90.24,0.009
09,0,20000,20000.0,168377.31555689036,9.180584907531738,0.19589136785433878,0.35,2541.0,0.27,0.02,125.96000000000001,0.01,1.44,19319.2,0.353,0.02,125.96000000000001,0.01,104676.90715165234,12.614519119262695,0.17350288571785433,0.88,2707.47,0.24,0.02,90.24,0.009,2.49,12464.0,0.326,0.02,90.24,0.009
09,0,20500,20500.0,165933.82664322839,8.897183418273926,0.1955537142782992,0.42,3437.1000000000004,0.252,0.02,127.84000000000002,0.01,1.31,19425.8,0.353,0.02,127.84000000000002,0.01,96926.68769000111,10.803255081176758,0.1695754754310768,0.85,2582.85,0.237,0.09,929.44,0.049,2.33,12021.2,0.323,0.03,90.24,0.01
10,0,-21000,21000.0,606659.7353033758,31.312528610229492,0.3021436454867583,6.05,66909.48000000001,0.474,0.04,297.04,0.011,4.09,65050.6,0.542,0.04,297.04,0.011,259806.00488980708,20.3026123046875,0.20519501862767517,1.07,6141.72,0.261,0.02,197.4,0.011,2.21,34677.8,0.439,0.02,197.4,0.011
10,0,-20500,20500.0,609949.0555670193,32.9879264831543,0.30216463281534656,6.59,65925.0,0.472,0.03,310.2,0.011,3.64,66657.8,0.546,0.03,310.2,0.011,263672.8978179166,20.395410537719727,0.2054753848238286,1.42,11769.810000000001,0.411,0.02,189.88,0.011,2.74,33447.8,0.433,0.02,189.88,0.011
10,0,-20000,20000.0,605023.6005482429,35.10177230834961,0.29991244088836294,6.82,62760.600000000006,0.464,0.03,313.96,0.011,4.0,68568.4,0.55,0.03,313.96,0.011,273867.3939891211,19.347064971923828,0.2078224410305909,1.66,11417.55,0.405,0.02,188.0,0.01,3.24,32258.800000000003,0.425,0.02,188.0,0.01
10,0,-19500,19500.0,597918.0662063562,36.986080169677734,0.2971407392546768,6.9,59930.22000000001,0.457,0.03,323.36,0.011,4.37,70602.0,0.556,0.03,323.36,0.011,289015.1289492693,17.603063583374023,0.2125163163288436,1.5,11853.24,0.41,0.03,178.6,0.01,3.63,31447.0,0.42,0.03,178.6,0.01
10,0,-19000,19000.0,589976.6100274399,39.323551177978516,0.29433981254533254,2.75,22345.35,0.34,0.02,327.12,0.011,4.95,71930.4,0.559,0.02,327.12,0.011,312577.10793422686,14.991278648376465,0.22099984480872892,1.33,12390.9,0.417,0.03,176.72,0.01,3.43,32373.599999999995,0.424,0.03,176.72,0.01
10,0,-18500,18500.0,580580.1100387936,41.72817611694336,0.291016274567966,2.88,22821.18,0.343,0.02,332.76,0.011,5.58,73045.6,0.563,0.02,332.76,0.011,337971.15126712515,19.604434967041016,0.22975156591506687,1.06,9189.72,0.318,0.03,182.36,0.01,3.02,33751.2,0.431,0.03,182.36,0.01
10,0,-18000,18000.0,572695.7709846264,44.02848434448242,0.28876331226614,3.08,24198.91,0.355,0.02,336.52,0.011,6.31,71799.2,0.561,0.02,336.52,0.011,367183.2736817339,21.1092472076416,0.24038687924152438,1.15,10044.14,0.318,0.03,184.24,0.01,2.38,36440.8,0.445,0.03,184.24,0.01
10,0,-17500,17500.0,566297.2589317241,45.03275680541992,0.28733872119823256,3.15,25393.15,0.364,0.03,329.0,0.011,6.94,70134.6,0.558,0.03,329.0,0.011,394131.4006359328,20.779338836669922,0.2492024216175864,0.62,5409.6,0.34,0.02,201.16,0.011,2.45,39261.6,0.459,0.02,201.16,0.011
10,0,-17000,17000.0,564127.2269329231,46.09892272949219,0.28838698418238456,3.16,24154.53,0.534,0.03,327.12,0.011,7.38,68183.0,0.553,0.03,327.12,0.011,418577.8303597645,19.057064056396484,0.25610044719086394,1.35,17319.45,0.478,0.03,204.92000000000002,0.011,2.67,42918.8,0.475,0.03,204.92000000000002,0.011
10,0,-16500,16500.0,562219.9570715696,45.408935546875,0.2899767664771807,3.12,23718.84,0.53,0.03,315.84,0.011,7.66,66346.2,0.549,0.03,315.84,0.011,441751.79669569666,18.666120529174805,0.2620621186186257,1.14,18329.88,0.488,0.03,227.48,0.011,2.93,46551.4,0.489,0.03,227.48,0.011
10,0,-16000,16000.0,558777.2326246755,43.52324676513672,0.29166665508527556,3.09,23286.24,0.527,0.04,313.96,0.011,7.69,65370.4,0.546,0.04,313.96,0.011,463230.42603748996,19.799585342407227,0.2673873583923604,1.3,18628.9,0.311,0.03,235.0,0.011,2.65,49749.4,0.501,0.03,235.0,0.011
10,0,-15500,15500.0,552550.0392423142,41.246543884277344,0.29227315835791956,2.97,23116.29,0.525,0.03,310.2,0.011,7.6,64394.6,0.544,0.03,310.2,0.011,484106.1026122899,20.813085556030273,0.272178360267976,1.46,20678.39,0.329,0.02,253.80000000000004,0.011,2.51,52529.2,0.511,0.02,253.80000000000004,0.011
10,0,-15000,15000.0,539560.2277835598,35.7168083190918,0.29021506949811127,2.83,22949.43,0.524,0.03,310.2,0.011,7.27,64148.6,0.542,0.03,310.2,0.011,506180.11651689315,22.304628372192383,0.2790747727121626,1.51,22357.79,0.342,0.02,259.44,0.011,2.56,53480.4,0.514,0.02,259.44,0.011
10,0,-14500,14500.0,524958.694391264,30.72941780090332,0.28725311291496497,6.87,63689.4,0.541,0.04,312.08,0.011,6.87,63689.4,0.541,0.04,312.08,0.011,526702.6091269375,24.02962303161621,0.2854311530800724,1.55,23129.07,0.348,0.02,265.08,0.011,2.58,54120.0,0.516,0.02,265.08,0.011
10,0,-14000,14000.0,504443.7684947319,23.76082420349121,0.2816000696757379,6.08,61836.2,0.535,0.04,312.08,0.011,6.08,61836.2,0.535,0.04,312.08,0.011,544412.1537348431,25.803539276123047,0.29210118001231367,1.56,23119.74,0.347,0.02,266.96,0.011,2.58,55620.6,0.52,0.02,266.96,0.011
10,0,-13500,13500.0,484897.4888969329,21.062158584594727,0.27618723473467,5.17,59868.200000000004,0.528,0.03,300.8,0.011,5.17,59868.200000000004,0.528,0.03,300.8,0.011,556006.1471169239,27.034143447875977,0.29664218916664414,1.58,22584.82,0.343,0.02,278.24,0.011,2.59,57178.6,0.525,0.02,278.24,0.011
10,0,-13000,13000.0,464283.98852183745,18.463029861450195,0.26928707494385123,3.93,57842.80000000001,0.521,0.03,298.92,0.011,3.93,57842.80000000001,0.521,0.03,298.92,0.011,559625.5042130284,27.609880447387695,0.2991160181723711,1.61,21471.440000000002,0.334,0.02,280.12,0.011,2.68,60442.19999999999,0.535,0.02,280.12,0.011
10,0,-12500,12500.0,448084.48202984943,16.742401123046875,0.2643640752833962,1.35,20285.85,0.499,0.02,285.76,0.011,3.1,56309.4,0.516,0.02,285.76,0.011,555694.5054305157,28.038352966308594,0.2984474823679811,1.64,20519.78,0.327,0.02,302.68,0.011,2.78,63443.40000000001,0.544,0.02,302.68,0.011
10,0,-12000,12000.0,433850.52064759657,17.725839614868164,0.2588323070350841,1.3,20224.05,0.498,0.02,282.0,0.011,2.95,55128.6,0.512,0.02,282.0,0.011,544830.0489917047,28.66062355041504,0.2956926272203756,1.59,15094.5,0.373,0.02,308.32,0.011,2.85,64624.2,0.547,0.02,308.32,0.011
10,0,-11500,11500.0,426348.31588247546,18.691978454589844,0.25632512707173893,3.52,48582.33,0.418,0.02,270.72,0.011,2.83,54694.0,0.51,0.02,270.72,0.011,532101.2555612553,28.61532211303711,0.2921781630475702,1.61,15022.0,0.372,0.02,313.96,0.011,3.11,65304.8,0.55,0.02,313.96,0.011
10,0,-11000,11000.0,423510.4157141861,19.66612434387207,0.2548734938883944,1.29,19806.9,0.493,0.02,268.84,0.011,2.52,53652.600000000006,0.506,0.02,268.84,0.011,517569.91199192626,27.845792770385742,0.2880867855962543,1.53,14427.5,0.367,0.02,315.84,0.011,3.33,63066.2,0.544,0.02,315.84,0.011
10,0,-10500,10500.0,425161.82264850975,20.16802215576172,0.2555155137204663,1.47,19624.59,0.494,0.02,261.32,0.011,2.64,52906.4,0.502,0.02,261.32,0.011,504739.7725697331,26.81594467163086,0.2847380644079454,1.06,10240.95,0.37,0.02,302.68,0.011,3.5,60614.4,0.538,0.02,302.68,0.011
10,0,-10000,10000.0,431108.41880756814,20.62299156188965,0.25815561757047034,1.68,19405.2,0.494,0.02,259.44,0.011,3.0,52455.4,0.504,0.02,259.44,0.011,493790.3344692979,24.8291072845459,0.2820913320559942,1.04,10090.2,0.368,0.02,298.92,0.011,3.51,58630.0,0.533,0.02,298.92,0.011
10,0,-9500,9500.0,435825.8166727384,20.40540885925293,0.2603773889676751,1.66,19618.41,0.496,0.03,253.80000000000004,0.011,3.32,51955.2,0.504,0.03,253.80000000000004,0.011,486213.7239129427,25.11004638671875,0.28111358989314866,1.33,12527.28,0.375,0.02,285.76,0.011,3.46,57006.4,0.529,0.02,285.76,0.011
10,0,-9000,9000.0,438130.1333804571,20.33353042602539,0.26228048778430413,1.66,19908.870000000003,0.499,0.03,251.92000000000002,0.011,3.44,52660.4,0.506,0.03,251.92000000000002,0.011,478032.7362492033,24.427940368652344,0.2789063220122751,2.04,19742.01,0.507,0.02,283.88,0.011,3.2,55817.399999999994,0.526,0.02,283.88,0.011
10,0,-8500,8500.0,435877.990829185,21.601839065551758,0.26274831325481784,1.84,20279.67,0.502,0.02,257.56,0.011,3.4,53455.8,0.51,0.02,257.56,0.011,471765.4753365769,22.70636749267578,0.2773360916927943,1.9,19531.89,0.504,0.03,274.48,0.011,4.3,54866.2,0.524,0.03,274.48,0.011
10,0,-8000,8000.0,425643.5189406662,20.808795928955078,0.26041024309864813,2.1,20749.35,0.506,0.02,261.32,0.011,3.91,54735.0,0.514,0.02,261.32,0.011,464722.50396991154,21.34371566772461,0.2740064133672488,1.75,19355.76,0.502,0.04,272.6,0.011,4.36,54390.6,0.522,0.04,272.6,0.011
10,0,-7500,7500.0,411106.74580774957,19.586355209350586,0.2561781370216018,2.05,20326.02,0.502,0.02,268.84,0.011,4.42,55841.99999999999,0.517,0.02,268.84,0.011,457650.14169156004,21.359695434570312,0.27039933120955395,1.6,19139.46,0.499,0.04,272.6,0.011,4.09,53865.8,0.519,0.04,272.6,0.011
10,0,-7000,7000.0,390252.6671335952,17.15350341796875,0.24837820677150896,2.0,19908.870000000003,0.498,0.02,270.72,0.011,4.51,55309.0,0.515,0.02,270.72,0.011,453474.9238693176,20.69805145263672,0.26791644863640224,1.55,18981.87,0.497,0.04,272.6,0.011,3.37,52857.19999999999,0.515,0.04,272.6,0.011
10,0,-6500,6500.0,370076.01648880227,14.44305419921875,0.2402764344943944,4.38,54243.00000000001,0.511,0.02,268.84,0.011,4.38,54243.00000000001,0.511,0.02,268.84,0.011,452742.80980651337,19.369972229003906,0.2669908241981844,1.37,12310.5,0.338,0.03,265.08,0.011,3.49,52340.6,0.513,0.03,265.08,0.011
10,0,-6000,6000.0,352136.5935689538,11.875880241394043,0.23207525966946235,3.66,50782.6,0.498,0.02,270.72,0.011,3.66,50782.6,0.498,0.02,270.72,0.011,455894.0914980038,17.07253646850586,0.2675463801668243,0.64,6501.6,0.372,0.03,263.2,0.011,3.28,52135.6,0.512,0.03,263.2,0.011
10,0,-5500,5500.0,338969.2973215689,9.686487197875977,0.22596255328775602,2.85,46838.4,0.483,0.02,251.92000000000002,0.011,2.85,46838.4,0.483,0.02,251.92000000000002,0.011,463485.20269513037,17.04744529724121,0.270130794298789,0.88,8632.95,0.34,0.03,259.44,0.011,2.85,52447.2,0.512,0.03,259.44,0.011
10,0,-5000,5000.0,334056.82277111965,11.184693336486816,0.2235895397741921,3.38,37673.94,0.373,0.02,248.16,0.011,2.09,43050.0,0.468,0.02,248.16,0.011,472181.6208481038,16.69698143005371,0.27346855064498454,0.8,8831.94,0.343,0.03,259.44,0.011,2.39,53103.200000000004,0.513,0.03,259.44,0.011
10,0,-4500,4500.0,333690.4104762386,13.696061134338379,0.2237949040725093,3.98,39220.98,0.38,0.02,225.6,0.011,1.52,39761.8,0.453,0.02,225.6,0.011,478257.7691682535,16.211376190185547,0.27571590236282817,1.19,19853.25,0.502,0.03,265.08,0.011,2.64,53751.0,0.515,0.03,265.08,0.011
10,0,-4000,4000.0,337996.9084853036,15.66197395324707,0.22649865069350833,4.12,39229.77,0.38,0.02,219.96,0.011,1.4,39122.2,0.449,0.02,219.96,0.011,481122.23109227675,15.301963806152344,0.2770408029576991,1.33,20125.17,0.505,0.03,266.96,0.011,2.8,54562.80000000001,0.517,0.03,266.96,0.011
10,0,-3500,3500.0,342701.62061745883,16.87063217163086,0.22975895209059924,3.82,38183.76,0.375,0.02,214.31999999999996,0.011,1.51,39524.0,0.451,0.02,214.31999999999996,0.011,482474.87419584487,16.680233001708984,0.27788662851911383,1.14,12405.36,0.369,0.02,272.6,0.011,2.9,55243.40000000001,0.52,0.02,272.6,0.011
10,0,-3000,3000.0,342777.0551798906,19.34519386291504,0.2312671996938334,1.85,16478.97,0.463,0.02,214.31999999999996,0.011,1.88,41664.2,0.461,0.02,214.31999999999996,0.011,482279.5728588834,19.505210876464844,0.2772908763338695,1.62,12588.899999999998,0.34,0.03,274.48,0.011,2.8,56383.200000000004,0.523,0.03,274.48,0.011
10,0,-2500,2500.0,338390.8047862934,22.82035255432129,0.2306663711318467,2.22,16766.34,0.466,0.02,225.6,0.011,2.85,44239.0,0.473,0.02,225.6,0.011,485107.4710391734,23.288063049316406,0.27772589325658426,1.52,11579.86,0.359,0.03,282.0,0.011,2.67,57547.600000000006,0.527,0.03,282.0,0.011
10,0,-2000,2000.0,325440.7211074044,23.092771530151367,0.22619094933519193,2.64,17112.42,0.47,0.02,227.48,0.011,3.83,45477.2,0.479,0.02,227.48,0.011,491495.05648895074,26.712404251098633,0.279189614395629,1.76,12230.1,0.371,0.03,283.88,0.011,2.52,57178.6,0.526,0.03,283.88,0.011
10,0,-1500,1500.0,311405.86910733255,21.555423736572266,0.22138287761501738,2.38,16506.78,0.462,0.03,235.0,0.011,4.64,46289.0,0.482,0.03,235.0,0.011,502281.2108283831,29.10502052307129,0.28229185858822026,1.9,12641.58,0.379,0.03,280.12,0.011,2.98,56670.2,0.524,0.03,280.12,0.011
10,0,-1000,1000.0,295129.8676473074,18.493549346923828,0.21564808457892173,2.12,15898.05,0.455,0.04,236.88,0.011,4.64,45305.0,0.477,0.04,236.88,0.011,517915.9471964711,31.544466018676758,0.2874950180219642,2.03,13896.34,0.397,0.03,280.12,0.011,3.62,55218.8,0.52,0.03,280.12,0.011
10,0,-500,500.0,280905.66807291034,14.889266014099121,0.21113435875890862,1.65,14628.060000000001,0.439,0.04,233.12,0.011,4.24,43788.0,0.471,0.04,233.12,0.011,535866.3913306323,33.15621566772461,0.2936910234226761,1.21,7359.8,0.4,0.04,268.84,0.011,4.27,54382.399999999994,0.519,0.04,268.84,0.011
10,0,0,0.0,268530.5775027904,11.646703720092773,0.20743998860795196,3.35,40672.0,0.456,0.04,231.24,0.011,3.35,40672.0,0.456,0.04,231.24,0.011,553507.449783993,34.316707611083984,0.2995933554782172,3.06,22062.6,0.529,0.04,266.96,0.011,4.95,56530.8,0.528,0.04,266.96,0.011
10,0,500,500.0,258039.45835478842,11.089025497436523,0.20462362249908156,2.47,37400.2,0.44,0.03,214.31999999999996,0.011,2.47,37400.2,0.44,0.03,214.31999999999996,0.011,567916.0453299799,34.82326889038086,0.3042957841475641,3.19,23453.1,0.541,0.05,276.36,0.011,5.66,59245.0,0.539,0.05,276.36,0.011
10,0,1000,1000.0,249968.8242335618,11.548986434936523,0.20154827924087082,1.85,34620.4,0.427,0.02,208.68000000000004,0.011,1.85,34620.4,0.427,0.02,208.68000000000004,0.011,576053.8997798022,33.409400939941406,0.30809063470357995,3.33,25035.18,0.554,0.05,280.12,0.011,5.95,63049.8,0.552,0.05,280.12,0.011
10,0,1500,1500.0,244990.9681236688,12.040802001953125,0.20000162987207587,1.7,32381.8,0.416,0.02,191.76,0.01,1.7,32381.8,0.416,0.02,191.76,0.01,575530.2205642138,31.75750160217285,0.30864741694020764,3.14,25430.7,0.556,0.05,302.68,0.011,6.18,66739.8,0.563,0.05,302.68,0.011
10,0,2000,2000.0,243069.5827862678,12.37893295288086,0.19790324759809105,0.62,11111.64,0.392,0.02,188.0,0.01,1.55,31348.599999999995,0.411,0.02,188.0,0.01,563925.7514803992,28.480424880981445,0.30705001553894695,2.93,25922.01,0.56,0.05,308.32,0.011,5.94,68248.6,0.566,0.05,308.32,0.011
10,0,2500,2500.0,244827.0618959059,12.661721229553223,0.19764212326263342,0.57,11015.85,0.39,0.01,178.6,0.01,1.45,30774.6,0.409,0.01,178.6,0.01,546639.0344128947,29.111034393310547,0.30344425427599897,2.42,25300.92,0.554,0.05,315.84,0.011,5.55,69363.8,0.569,0.05,315.84,0.011
10,0,3000,3000.0,252331.97058487532,13.061769485473633,0.1995777214446813,1.71,29323.44,0.33,0.01,176.72,0.01,1.44,30208.800000000003,0.405,0.01,176.72,0.01,521924.1667703507,29.55854606628418,0.2971717743154829,1.9,24679.83,0.549,0.05,317.72,0.012,4.63,68363.4,0.566,0.05,317.72,0.012
10,0,3500,3500.0,262705.3271869336,13.516500473022461,0.20284499616312424,0.74,11071.47,0.39,0.01,171.08,0.01,1.56,29979.200000000004,0.404,0.01,171.08,0.01,497588.50899577735,29.49250602722168,0.2909800832578255,1.93,23567.43,0.54,0.04,313.96,0.011,4.06,66895.6,0.561,0.04,313.96,0.011
10,0,4000,4000.0,279311.8362890901,14.574419021606445,0.2088411800282028,0.86,11238.33,0.392,0.01,171.08,0.01,1.78,30135.0,0.403,0.01,171.08,0.01,469809.54654208326,27.903696060180664,0.2821920785189265,1.95,22414.860000000004,0.531,0.03,312.08,0.011,4.09,64402.80000000001,0.554,0.03,312.08,0.011
10,0,4500,4500.0,299353.79546112753,16.021995544433594,0.21631897355549778,1.0,12044.819999999998,0.405,0.01,171.08,0.01,1.98,30618.800000000003,0.406,0.01,171.08,0.01,444479.27973797196,26.155574798583984,0.2741369574334042,1.97,20993.46,0.519,0.02,300.8,0.011,4.08,61581.99999999999,0.546,0.02,300.8,0.011
10,0,5000,5000.0,324686.54054674023,17.824052810668945,0.22623186177294888,1.15,13021.26,0.422,0.01,171.08,0.01,2.2,32865.6,0.42,0.01,171.08,0.01,421606.3577600482,25.561307907104492,0.26564825555259913,2.0,19448.46,0.505,0.02,297.04,0.011,4.11,57498.40000000001,0.534,0.02,297.04,0.011
10,0,5500,5500.0,350170.5770099131,19.56597137451172,0.23575595789562254,1.28,13892.64,0.435,0.01,186.12,0.01,2.4,35292.8,0.434,0.01,186.12,0.01,406043.15839943365,25.53128433227539,0.26066265781828485,2.13,18821.19,0.499,0.02,272.6,0.011,4.15,53701.799999999996,0.522,0.02,272.6,0.011
10,0,6000,6000.0,374069.58966255223,21.828792572021484,0.24530155412393467,1.42,14915.430000000002,0.45,0.02,189.88,0.01,2.61,38048.0,0.45,0.02,189.88,0.01,395207.87974912813,26.269319534301758,0.2554708840229803,2.26,18166.11,0.495,0.02,266.96,0.011,4.4,51274.6,0.514,0.02,266.96,0.011
10,0,6500,6500.0,394216.6932455966,24.169878005981445,0.25292513794291777,1.49,15935.13,0.463,0.02,206.80000000000004,0.011,2.79,40672.0,0.464,0.02,206.80000000000004,0.011,392247.224263841,26.932443618774414,0.2539917891706124,2.36,18125.94,0.494,0.03,251.92000000000002,0.011,4.67,49585.4,0.509,0.03,251.92000000000002,0.011
10,0,7000,7000.0,407224.7460219356,26.17667579650879,0.25829760764816845,1.58,17134.05,0.478,0.02,212.43999999999997,0.011,2.97,43640.4,0.478,0.02,212.43999999999997,0.011,398269.45680686244,27.70926856994629,0.25601378495076693,2.46,18101.22,0.495,0.03,248.16,0.011,4.95,49003.2,0.507,0.03,248.16,0.011
10,0,7500,7500.0,415687.08993421856,28.037425994873047,0.26174234350410935,0.75,6407.8,0.373,0.02,231.24,0.011,3.16,46551.4,0.492,0.02,231.24,0.011,407535.37943874655,28.140602111816406,0.2596107064541313,2.29,18020.88,0.493,0.03,242.52,0.011,5.16,48822.8,0.507,0.03,242.52,0.011
10,0,8000,8000.0,416383.55235953495,28.807186126708984,0.26325598983882514,1.68,18543.09,0.494,0.02,235.0,0.011,3.51,48913.0,0.501,0.02,235.0,0.011,421093.0426997689,28.8382568359375,0.26419139586368207,2.11,17955.99,0.493,0.03,240.64,0.011,4.96,48462.0,0.505,0.03,240.64,0.011
10,0,8500,8500.0,410662.9348752502,28.944089889526367,0.26189395462213616,1.84,18351.51,0.491,0.03,250.04,0.011,3.87,50815.4,0.509,0.03,250.04,0.011,435770.51569417224,29.97525978088379,0.26882233984886006,2.07,18716.13,0.5,0.03,238.76,0.011,4.69,48437.4,0.506,0.03,238.76,0.011
10,0,9000,9000.0,397073.7162634999,28.35919189453125,0.25798395169688704,2.02,18184.65,0.49,0.03,253.80000000000004,0.011,4.25,50774.4,0.509,0.03,253.80000000000004,0.011,452130.1755949109,31.52735710144043,0.2721561535645243,2.02,19621.5,0.51,0.03,238.76,0.011,4.62,50594.0,0.514,0.03,238.76,0.011
10,0,9500,9500.0,379792.0139110916,26.942079544067383,0.25225151370923155,2.07,17733.51,0.485,0.03,253.80000000000004,0.011,4.55,50348.0,0.508,0.03,253.80000000000004,0.011,469413.05951700575,32.83845901489258,0.2752736137095049,2.23,19825.44,0.511,0.03,251.92000000000002,0.011,4.63,52734.2,0.522,0.03,251.92000000000002,0.011
10,0,10000,10000.0,356659.6879303361,25.30054473876953,0.2430797807111083,2.11,17260.74,0.48,0.03,255.68000000000004,0.011,4.67,49142.6,0.503,0.03,255.68000000000004,0.011,489988.7864685087,34.405574798583984,0.2802652175085075,2.51,20432.7,0.336,0.04,255.68000000000004,0.011,5.12,53611.59999999999,0.525,0.04,255.68000000000004,0.011
10,0,10500,10500.0,334336.5010635429,23.377838134765625,0.23401179821819487,2.0,16460.43,0.47,0.02,246.28,0.011,4.7,47920.8,0.498,0.02,246.28,0.011,510094.6093685308,36.05264663696289,0.2851068871482665,2.83,22379.559999999998,0.352,0.03,259.44,0.011,5.63,54292.19999999999,0.527,0.03,259.44,0.011
10,0,11000,11000.0,311523.0216819191,21.14133644104004,0.22378501746224302,1.87,15616.86,0.459,0.03,244.4,0.011,4.46,45805.2,0.489,0.03,244.4,0.011,530932.0314946299,38.457889556884766,0.2916398354510435,2.89,24205.13,0.365,0.03,261.32,0.011,6.13,55030.2,0.53,0.03,261.32,0.011
10,0,11500,11500.0,292497.4398666142,19.075519561767578,0.2157074109406324,1.71,14492.1,0.443,0.03,233.12,0.011,4.16,43624.0,0.479,0.03,233.12,0.011,547825.8064305565,39.60081100463867,0.2968046520078418,2.76,24963.97,0.371,0.03,265.08,0.011,6.51,56038.8,0.533,0.03,265.08,0.011
10,0,12000,12000.0,277608.06307503325,16.703699111938477,0.20899690580997063,1.52,13410.6,0.428,0.03,229.36,0.011,3.74,40376.8,0.462,0.03,229.36,0.011,562986.9992700282,39.279762268066406,0.3029649181093561,1.19,8157.8,0.42,0.04,266.96,0.011,6.52,59482.80000000001,0.543,0.04,266.96,0.011
10,0,12500,12500.0,266955.08238948294,14.361205101013184,0.20477005413766078,1.28,12845.13,0.417,0.03,210.56000000000003,0.011,3.34,37597.0,0.447,0.03,210.56000000000003,0.011,571774.1613784921,38.148536682128906,0.3064590521471962,1.63,11589.66,0.397,0.04,289.52,0.011,6.33,62828.40000000001,0.551,0.04,289.52,0.011
10,0,13000,13000.0,260125.3618456927,12.13064956665039,0.20164897835485887,2.87,35858.6,0.436,0.02,206.80000000000004,0.011,2.87,35858.6,0.436,0.02,206.80000000000004,0.011,569950.2310433123,34.35487747192383,0.30662748268008,1.55,11625.84,0.396,0.04,295.16,0.011,5.77,64681.59999999999,0.555,0.04,295.16,0.011
10,0,13500,13500.0,255734.23397980237,12.055238723754883,0.19988552770831544,2.42,34571.2,0.429,0.02,197.4,0.01,2.42,34571.2,0.429,0.02,197.4,0.01,562860.3024214006,31.3010196685791,0.30465383390461276,1.36,11668.05,0.397,0.03,308.32,0.011,5.18,65796.79999999999,0.557,0.03,308.32,0.011
10,0,14000,14000.0,252487.9229771148,12.297609329223633,0.1990353706064137,1.96,32832.8,0.418,0.02,195.52,0.01,1.96,32832.8,0.418,0.02,195.52,0.01,549443.6153733472,26.891712188720703,0.3007749979800099,1.28,11390.67,0.392,0.03,312.08,0.011,4.67,64681.59999999999,0.553,0.03,312.08,0.011
10,0,14500,14500.0,249689.8858061912,12.575605392456055,0.19869853520585157,0.69,10793.37,0.383,0.02,186.12,0.01,1.55,31242.0,0.409,0.02,186.12,0.01,535051.7483967274,23.17749786376953,0.29675136302164845,1.63,22603.35,0.529,0.03,306.44,0.011,4.21,63312.19999999999,0.549,0.03,306.44,0.011
10,0,15000,15000.0,246687.10241616477,12.781906127929688,0.19872388908360078,0.3,3530.8,0.268,0.02,182.36,0.01,1.54,30463.0,0.404,0.02,182.36,0.01,519475.2050983569,20.99947738647461,0.2926901012020622,1.66,22210.92,0.526,0.03,304.56,0.011,3.86,61852.600000000006,0.544,0.03,304.56,0.011
10,0,15500,15500.0,243180.09265989604,12.886452674865723,0.19876747527805452,0.31,3672.2,0.271,0.02,178.6,0.01,1.56,29889.000000000004,0.4,0.02,178.6,0.01,506133.72499935946,23.033418655395508,0.2897344376600284,1.66,21923.55,0.522,0.03,295.16,0.011,3.57,60778.40000000001,0.541,0.03,295.16,0.011
10,0,16000,16000.0,238431.62469186925,12.916114807128906,0.1983139979332782,0.65,6585.9,0.246,0.02,178.6,0.01,1.62,30610.6,0.404,0.02,178.6,0.01,493391.0585294914,24.145559310913086,0.28649806218987317,1.65,21620.73,0.519,0.03,293.28,0.011,3.62,59646.799999999996,0.536,0.03,293.28,0.011
10,0,16500,16500.0,232970.5727459917,12.803064346313477,0.19743335889161043,0.65,6536.6,0.246,0.02,184.24,0.01,1.66,31274.8,0.408,0.02,184.24,0.01,483869.63542444864,24.564210891723633,0.28471304168650946,1.56,21141.78,0.515,0.02,285.76,0.011,3.67,58835.0,0.533,0.02,285.76,0.011
10,0,17000,17000.0,225594.99130394976,12.479985237121582,0.19528720843359812,0.65,5979.8,0.241,0.02,186.12,0.01,1.6,30512.2,0.403,0.02,186.12,0.01,474193.7233897763,24.412151336669922,0.281913220860405,1.81,20696.82,0.512,0.02,283.88,0.011,3.57,57875.6,0.53,0.02,283.88,0.011
10,0,17500,17500.0,218344.78802348545,12.042854309082031,0.1928638635652688,0.65,5942.1,0.241,0.02,182.36,0.01,1.6,29552.8,0.396,0.02,182.36,0.01,465212.60377190955,26.32808494567871,0.2793813696099398,1.9,20149.889999999996,0.508,0.02,278.24,0.011,4.06,56752.19999999999,0.527,0.02,278.24,0.011
10,0,18000,18000.0,211606.76207482175,11.523550033569336,0.1897290811716725,0.44,4307.43,0.244,0.02,180.48,0.01,1.34,27453.599999999995,0.382,0.02,180.48,0.01,456313.2168675842,27.722915649414062,0.2765219221801928,1.98,19606.05,0.506,0.02,276.36,0.011,4.4,55333.6,0.524,0.02,276.36,0.011
10,0,18500,18500.0,207216.10075710452,11.063239097595215,0.1878839373007604,0.43,4058.1900000000005,0.241,0.02,167.32,0.01,1.23,25559.4,0.369,0.02,167.32,0.01,448605.3431179513,27.99846076965332,0.2744108605774059,1.96,19457.73,0.505,0.02,268.84,0.011,4.6,53972.399999999994,0.522,0.02,268.84,0.011
10,0,19000,19000.0,205133.19518592325,10.726997375488281,0.1860574760695315,0.42,3995.88,0.24,0.02,163.56,0.01,1.16,24280.2,0.359,0.02,163.56,0.01,440973.07639998937,27.55059242248535,0.27290943782697297,1.92,19303.23,0.504,0.02,266.96,0.011,4.61,53160.6,0.52,0.02,266.96,0.011
10,0,19500,19500.0,205217.18302551264,10.41589069366455,0.18562845628672864,0.39,3885.3299999999995,0.238,0.02,154.16,0.01,1.11,23411.0,0.352,0.02,154.16,0.01,433025.8528025317,27.390235900878906,0.2718304843030181,1.96,19136.37,0.503,0.03,261.32,0.011,4.53,52734.2,0.519,0.03,261.32,0.011
10,0,20000,20000.0,206869.74141534284,10.327668190002441,0.18556621141705312,0.55,5860.9,0.239,0.02,152.28,0.01,1.1,23140.4,0.349,0.02,152.28,0.01,420099.09113782377,28.461822509765625,0.2693857267880849,2.01,18981.87,0.501,0.03,259.44,0.011,4.6,52373.4,0.518,0.03,259.44,0.011
10,0,20500,20500.0,209264.79838202771,10.50999641418457,0.18611353110901918,0.38,3919.5,0.239,0.01,150.4,0.01,1.15,23156.8,0.349,0.01,150.4,0.01,404253.7841454906,29.074575424194336,0.2659636569640181,2.07,18697.59,0.499,0.03,257.56,0.011,4.68,52029.0,0.517,0.03,257.56,0.011
11,0,-21000,21000.0,50786.71551403256,3.1602532863616943,0.12770911109672015,0.43,2655.76,0.198,0.01,41.36,0.007,0.46,6068.0,0.258,0.01,41.36,0.007,7639.727090033366,0.9444852471351624,0.09044510081203393,0.09,327.54,0.186,0.0,3.76,0.003,0.15,795.4,0.176,0.0,3.76,0.003
11,0,-20500,20500.0,52416.486462539324,3.3094210624694824,0.12946460620238817,0.48,2776.8,0.202,0.0,31.960000000000004,0.006,0.4,5567.8,0.249,0.0,31.960000000000004,0.006,7749.522339307896,0.8490660786628723,0.08810847843847261,0.1,383.16,0.189,0.0,3.76,0.003,0.15,861.0,0.179,0.0,3.76,0.003
11,0,-20000,20000.0,55937.859747955066,4.1703715324401855,0.13385640129814005,0.47,2769.68,0.203,0.0,30.08,0.006,0.43,5100.4,0.239,0.0,30.08,0.006,7999.283090224617,0.7091475129127502,0.08581724487842059,0.12,444.96,0.194,0.0,3.76,0.003,0.16,967.6,0.181,0.0,3.76,0.003
11,0,-19500,19500.0,60253.16927856498,5.178394317626953,0.13945581401263316,0.37,2166.3,0.2,0.0,24.44,0.005,0.46,4813.4,0.233,0.0,24.44,0.005,8485.97954209472,0.599359929561615,0.08500596958938707,0.13,414.06,0.186,0.0,3.76,0.003,0.23,1082.4,0.183,0.0,3.76,0.003
11,0,-19000,19000.0,64750.45023887055,6.3793721199035645,0.1450456170497831,0.57,2751.88,0.205,0.0,24.44,0.005,0.57,5231.6,0.239,0.0,24.44,0.005,9291.659406202234,0.8031728863716125,0.08812927498329304,0.14,389.34,0.182,0.0,3.76,0.003,0.25,975.8,0.172,0.0,3.76,0.003
11,0,-18500,18500.0,68541.18180819716,8.069466590881348,0.14910103352150655,0.68,2755.44,0.206,0.0,30.08,0.006,0.66,5699.0,0.247,0.0,30.08,0.006,10186.48038793791,1.0356719493865967,0.0924817398020808,0.1,365.76,0.137,0.0,10.77,0.006,0.23,910.2000000000002,0.166,0.0,3.76,0.003
11,0,-18000,18000.0,71681.0562997671,9.918949127197266,0.15405423802243184,0.73,2484.88,0.199,0.01,33.84,0.006,0.77,6428.8,0.259,0.01,33.84,0.006,11037.424969298865,1.1868678331375122,0.09658984293316708,0.14,512.94,0.194,0.0,10.77,0.006,0.14,1016.8,0.17,0.0,3.76,0.003
11,0,-17500,17500.0,73896.82219944037,11.452738761901855,0.1576088495142599,0.76,2328.24,0.195,0.01,41.36,0.007,0.84,7133.999999999999,0.27,0.01,41.36,0.007,11733.732928142945,1.2199268341064453,0.1001927239836288,0.18,624.18,0.202,0.0,14.36,0.006,0.21,1197.2,0.18,0.0,3.76,0.003
11,0,-17000,17000.0,74398.63973301688,12.521815299987793,0.1591388541257623,0.72,1971.0,0.207,0.01,43.24,0.007,0.84,7576.8,0.277,0.01,43.24,0.007,12057.266779842666,1.1904842853546143,0.09961050623934488,0.23,753.96,0.211,0.0,14.36,0.006,0.31,1541.6,0.193,0.0,3.76,0.003
11,0,-16500,16500.0,74394.410747435,13.855710983276367,0.1601472604362315,0.69,1866.9,0.209,0.01,47.0,0.007,1.04,8150.8,0.287,0.01,47.0,0.007,12098.21809850364,1.0825366973876953,0.0968099228629109,0.23,713.79,0.21,0.0,7.52,0.004,0.4,1861.4,0.203,0.0,7.52,0.004
11,0,-16000,16000.0,72677.86571332527,14.26203727722168,0.15873193844755223,0.76,2040.52,0.208,0.01,48.88,0.007,1.27,8651.0,0.292,0.01,48.88,0.007,11882.93633694193,1.2054665088653564,0.09289372940364117,0.22,670.53,0.21,0.0,7.52,0.004,0.41,1845.0,0.203,0.0,7.52,0.004
11,0,-15500,15500.0,69676.66805927825,13.29967975616455,0.15550169327026048,0.4,1076.6,0.218,0.01,54.519999999999996,0.008,1.55,9061.0,0.297,0.01,54.519999999999996,0.008,11699.290486325845,1.495395541191101,0.08895978986493429,0.18,568.56,0.205,0.0,7.52,0.004,0.39,1738.4,0.202,0.0,7.52,0.004
11,0,-15000,15000.0,65667.30757359647,11.145513534545898,0.1518222879826847,0.94,3235.23,0.29,0.01,56.4,0.008,1.81,8790.4,0.293,0.01,56.4,0.008,12122.626774439777,1.9370086193084717,0.09046268726220254,0.16,469.8,0.137,0.0,7.52,0.004,0.31,1451.4,0.195,0.0,7.52,0.004
11,0,-14500,14500.0,62081.60807193449,8.825526237487793,0.14877196224560738,0.9,3071.46,0.285,0.02,50.76,0.007,2.16,8544.4,0.291,0.02,50.76,0.007,12972.838074277388,2.2926156520843506,0.09471533709095989,0.16,452.12,0.14,0.0,5.64,0.004,0.22,1197.2,0.187,0.0,5.64,0.004
11,0,-14000,14000.0,58754.49891703685,6.409152984619141,0.14630977086887803,0.84,2898.4200000000005,0.28,0.02,48.88,0.007,1.95,8027.799999999999,0.285,0.02,48.88,0.007,13999.471682133299,2.480114698410034,0.099754636659189,0.17,469.9,0.142,0.0,5.64,0.004,0.18,1148.0,0.178,0.0,5.64,0.004
11,0,-13500,13500.0,55375.51918630227,4.410006999969482,0.1438153892047273,1.78,7576.8,0.28,0.02,43.24,0.007,1.78,7576.8,0.28,0.02,43.24,0.007,14731.424848490133,2.7360031604766846,0.10399260177475429,0.19,525.42,0.142,0.0,21.54,0.007,0.22,1156.2,0.175,0.0,5.64,0.004
11,0,-13000,13000.0,51168.58576984214,3.720635175704956,0.1384271433344525,1.18,6888.0,0.27,0.01,41.36,0.007,1.18,6888.0,0.27,0.01,41.36,0.007,14793.17464166561,2.7220256328582764,0.10631794226384186,0.3,685.9800000000001,0.205,0.0,21.54,0.007,0.38,1484.2,0.185,0.0,5.64,0.004
11,0,-12500,12500.0,46688.88655250048,3.7077348232269287,0.13219503808009858,0.26,1097.28,0.178,0.08,602.14,0.014,0.79,6125.4,0.259,0.01,35.72,0.006,14288.840602475648,2.5698914527893066,0.1062649613537192,0.34,738.51,0.209,0.0,7.52,0.004,0.56,1812.2,0.197,0.0,7.52,0.004
11,0,-12000,12000.0,42220.89998761512,3.630211353302002,0.12562491721407695,0.41,2175.36,0.253,0.07,513.5899999999999,0.013,0.7,5961.4,0.256,0.01,33.84,0.006,13284.584403534427,2.2948994636535645,0.10735230139419741,0.38,800.31,0.214,0.0,10.640000000000002,0.017,0.63,1959.8,0.202,0.0,7.52,0.004
11,0,-11500,11500.0,38214.84596733017,3.634864330291748,0.11965999466111385,0.31,1918.89,0.24,0.04,442.75,0.012,0.65,5846.6,0.254,0.01,33.84,0.006,12139.715447532619,1.9604274034500122,0.10773779493173374,0.31,695.25,0.211,0.0,10.640000000000002,0.017,0.7,2074.6,0.206,0.0,9.4,0.004
11,0,-11000,11000.0,34319.7083058244,3.2357702255249023,0.11264171140198997,0.27,1650.06,0.225,0.04,425.04,0.012,0.62,5141.4,0.241,0.01,33.84,0.006,10603.8506683495,1.6170791387557983,0.10403119336404823,0.23,596.37,0.213,0.0,7.6,0.016,0.57,1787.6000000000001,0.204,0.0,9.4,0.004
11,0,-10500,10500.0,31433.828118514793,2.7005984783172607,0.10758339633038506,0.11,511.0,0.156,0.04,425.04,0.012,0.51,4477.2,0.226,0.01,24.44,0.005,9548.033592285668,1.2868337631225586,0.10217637592585226,0.12,257.28,0.137,0.0,7.6,0.016,0.44,1566.2,0.207,0.0,7.52,0.004
11,0,-10000,10000.0,29512.267735880596,1.9762780666351318,0.10170205485144346,0.3,1356.51,0.204,0.01,22.56,0.005,0.44,4050.8000000000006,0.214,0.01,22.56,0.005,8908.897618668547,0.988205075263977,0.09836808192261073,0.21,477.36,0.124,0.0,6.08,0.015,0.33,1418.6,0.205,0.0,5.64,0.004
11,0,-9500,9500.0,29029.215306716265,1.407561182975769,0.09928723556046047,0.26,1279.26,0.201,0.0,18.8,0.004,0.58,3665.4,0.202,0.0,18.8,0.004,9070.572114311242,0.9039980173110962,0.09785497194346109,0.31,431.86,0.094,0.0,6.08,0.015,0.22,1246.4,0.201,0.0,5.64,0.004
11,0,-9000,9000.0,30094.596875331074,1.2707724571228027,0.09898673600721045,0.21,1202.01,0.199,0.0,16.92,0.004,0.5,3378.4,0.196,0.0,16.92,0.004,10298.300759668859,1.9978513717651367,0.10590262734484476,1.42,2443.62,0.186,0.0,15.55,0.016,0.2,1025.0,0.187,0.0,5.64,0.004
11,0,-8500,8500.0,32341.439905170817,1.6367790699005127,0.10171509349156786,0.45,4178.8,0.182,0.0,13.160000000000002,0.003,0.41,3173.4,0.193,0.0,13.160000000000002,0.003,11775.271365364755,3.629795551300049,0.11633372660976711,2.14,3559.95,0.217,0.0,15.55,0.016,0.18,861.0,0.176,0.0,3.76,0.003
11,0,-8000,8000.0,35893.23672754488,2.057258367538452,0.10642222682769298,0.42,2388.76,0.193,0.0,13.160000000000002,0.003,0.22,3017.6,0.19,0.0,13.160000000000002,0.003,12914.85249115688,4.288750648498535,0.1255199696818376,2.42,3929.13,0.226,0.0,12.44,0.015,0.18,951.1999999999999,0.174,0.0,3.76,0.003
11,0,-7500,7500.0,40107.32157459945,2.716480016708374,0.11233479054845559,0.54,2801.72,0.205,0.0,13.160000000000002,0.003,0.19,2960.2,0.189,0.0,13.160000000000002,0.003,13183.84341745802,4.235516548156738,0.13077830874332533,2.21,3656.64,0.219,0.0,14.36,0.007,0.39,1164.4,0.182,0.0,3.76,0.003
11,0,-7000,7000.0,45324.1390533158,4.031689643859863,0.11981892679901,0.39,1636.2,0.191,0.0,13.160000000000002,0.003,0.26,3321.0,0.193,0.0,13.160000000000002,0.003,11866.652797854722,3.5748045444488525,0.12374852436472442,0.81,1186.56,0.235,0.0,14.36,0.007,0.79,1754.8,0.202,0.0,5.64,0.004
11,0,-6500,6500.0,50957.89216552871,5.105084419250488,0.12741733649919246,0.39,1544.32,0.192,0.01,15.04,0.004,0.33,3870.4,0.205,0.01,15.04,0.004,11025.787402744361,3.1341350078582764,0.12204807835737123,0.84,1180.38,0.235,0.02,53.13,0.009,1.26,2501.0,0.218,0.01,7.52,0.004
11,0,-6000,6000.0,56481.25768251408,5.717313289642334,0.1344916107927622,0.5,2247.5,0.205,0.01,16.92,0.004,0.38,4436.2,0.22,0.01,16.92,0.004,9446.142638292076,2.3825063705444336,0.11090235029288002,0.86,1189.65,0.239,0.01,96.32,0.064,1.28,2492.8,0.219,0.01,7.52,0.004
11,0,-5500,5500.0,61523.10255361968,5.953470706939697,0.13999339580771378,0.51,2256.2,0.206,0.01,24.44,0.005,0.51,4928.2,0.231,0.01,24.44,0.005,8157.112726756168,1.6364083290100098,0.10078848034211065,0.55,852.8399999999999,0.217,0.01,97.76,0.064,1.28,2451.8,0.22,0.01,7.52,0.004
11,0,-5000,5000.0,66131.58053790696,6.149696350097656,0.14428331226215974,0.24,907.2000000000002,0.203,0.01,26.320000000000004,0.005,0.75,5526.8,0.244,0.01,26.320000000000004,0.005,7154.164239774155,0.9029624462127686,0.0884823070414278,0.96,1853.1999999999998,0.208,0.01,14.36,0.007,0.96,1853.1999999999998,0.208,0.01,5.64,0.004
11,0,-4500,4500.0,70109.10168695568,6.086764812469482,0.14696955117660834,0.25,977.2000000000002,0.208,0.01,33.84,0.006,0.95,5969.6,0.253,0.01,33.84,0.006,6649.654553909568,0.4535258412361145,0.08081975498805452,0.22,420.24000000000007,0.184,0.0,7.18,0.006,0.56,1180.8,0.186,0.0,3.76,0.003
11,0,-4000,4000.0,73996.17463620222,5.502510070800781,0.14970083463665396,0.24,996.8,0.21,0.01,37.6,0.006,0.95,6387.8,0.26,0.01,37.6,0.006,7092.030783840499,0.6401267647743225,0.08155844536018336,0.2,316.1,0.128,0.0,7.18,0.006,0.32,852.8,0.161,0.0,3.76,0.003
11,0,-3500,3500.0,78182.12319196781,4.730438232421875,0.15251074811568593,0.2,1087.8,0.216,0.01,41.36,0.007,0.9,6838.8,0.268,0.01,41.36,0.007,7748.6261366783965,0.8150221705436707,0.08432606586673348,0.22,327.69999999999993,0.129,0.0,7.18,0.006,0.1,557.6,0.132,0.0,1.88,0.003
11,0,-3000,3000.0,82563.56782094578,4.954984664916992,0.15654272946517897,0.43,2745.9,0.227,0.01,41.36,0.007,0.78,7314.4,0.274,0.01,41.36,0.007,8759.833151562123,0.9371325969696045,0.09088687476206644,0.64,1801.9499999999998,0.163,0.0,7.18,0.006,0.1,590.4,0.133,0.0,1.88,0.003
11,0,-2500,2500.0,86539.49165407065,5.6389946937561035,0.16000904302081073,0.46,2598.42,0.228,0.01,47.0,0.007,0.68,7806.4,0.279,0.01,47.0,0.007,9612.280052551247,0.9653047919273376,0.09618486432720455,0.75,1854.69,0.166,0.0,10.77,0.006,0.18,639.6,0.136,0.0,1.88,0.003
11,0,-2000,2000.0,89614.60026202715,6.676891326904297,0.16428677151317914,0.52,2677.16,0.23,0.01,47.0,0.007,0.57,8396.8,0.286,0.01,47.0,0.007,9971.37000840925,0.8673731684684753,0.0978599840279727,0.74,1784.3699999999997,0.167,0.0,10.77,0.006,0.22,820.0,0.146,0.0,3.76,0.003
11,0,-1500,1500.0,91815.9939187015,7.227822303771973,0.16764054773308987,0.55,2730.5,0.232,0.01,52.64000000000001,0.008,0.68,9077.4,0.293,0.01,52.64000000000001,0.008,10045.895509137807,0.9404910802841187,0.09754977255701917,0.69,1775.58,0.17,0.0,3.76,0.003,0.23,1033.2,0.16,0.0,3.76,0.003
11,0,-1000,1000.0,92011.18361077164,7.104076385498047,0.17044836708148667,0.63,2679.6,0.216,0.01,54.519999999999996,0.008,0.84,9995.8,0.302,0.01,54.519999999999996,0.008,9945.6930254668,0.8922637701034546,0.09787942890744708,0.27,587.1,0.192,0.0,5.64,0.003,0.18,1164.4,0.166,0.0,5.64,0.003
11,0,-500,500.0,90085.26113852454,6.636315822601318,0.17106877911106566,0.34,1572.2,0.242,0.01,67.68,0.008,1.0,10774.8,0.308,0.01,67.68,0.008,9866.080183825794,0.78042072057724,0.09826124852678178,0.23,550.02,0.188,0.0,5.64,0.003,0.28,1312.0,0.174,0.0,5.64,0.003
11,0,0,0.0,84801.94513827316,5.85355281829834,0.16783348376970691,0.33,1534.4000000000003,0.24,0.18,1186.57,0.022,1.08,11012.6,0.31,0.02,69.56,0.008,9721.877243306906,1.034651756286621,0.09985741115165529,0.2,522.21,0.189,0.0,10.640000000000002,0.018,0.29,1205.4,0.17,0.0,5.64,0.004
11,0,500,500.0,78464.75089745391,4.928352355957031,0.16305564321335267,0.43,1835.1300000000003,0.216,0.02,73.32,0.009,1.12,11094.6,0.311,0.02,73.32,0.009,9785.676494334928,1.2221499681472778,0.10362550614949342,0.15,259.08,0.133,0.0,14.36,0.007,0.29,1148.0,0.171,0.0,3.76,0.003
11,0,1000,1000.0,70953.24954532545,3.8766255378723145,0.1551684683385717,0.38,1688.4,0.21,0.02,75.2,0.009,0.95,10660.0,0.307,0.02,75.2,0.009,9770.109985722269,1.232863426208496,0.10580871274981161,0.16,283.56,0.132,0.0,14.36,0.007,0.24,1164.4,0.175,0.0,3.76,0.003
11,0,1500,1500.0,64541.57020121123,2.939114570617676,0.1480521596524448,0.38,3374.28,0.29,0.02,65.8,0.008,0.85,10299.2,0.304,0.02,65.8,0.008,9609.71841566452,1.1604969501495361,0.10747274246607923,0.1,151.2,0.141,0.0,12.16,0.019,0.2,1197.2,0.182,0.0,3.76,0.003
11,0,2000,2000.0,59658.77627736655,3.821040391921997,0.14137436019697708,0.37,1571.8,0.178,0.02,63.92000000000001,0.008,0.74,8970.8,0.292,0.02,63.92000000000001,0.008,9157.23964490021,0.9892011880874634,0.10589117486788982,0.25,593.28,0.202,0.0,3.76,0.003,0.3,1303.8,0.187,0.0,3.76,0.003
11,0,2500,2500.0,56716.6798481963,4.5209269523620605,0.13794975109337446,0.39,1574.7,0.178,0.01,48.88,0.007,0.59,7716.2,0.278,0.01,48.88,0.007,8596.443310319533,0.8203434348106384,0.10325733327795512,0.23,580.92,0.201,0.0,5.64,0.003,0.42,1410.4,0.192,0.0,5.64,0.003
11,0,3000,3000.0,55773.155506460134,5.443976879119873,0.13590244260057913,0.35,1515.1,0.183,0.01,43.24,0.007,0.38,6814.2,0.267,0.01,43.24,0.007,7989.8322608625895,0.5903496146202087,0.10050220881064582,0.22,568.56,0.201,0.0,5.64,0.004,0.39,1369.4,0.191,0.0,5.64,0.004
11,0,3500,3500.0,56008.93741364869,6.085098743438721,0.135926137659585,0.53,2570.32,0.198,0.01,33.84,0.006,0.54,5977.8,0.254,0.01,33.84,0.006,7449.3837642694125,0.6029239296913147,0.0985738587841163,0.15,506.75999999999993,0.198,0.0,5.64,0.004,0.35,1336.6,0.192,0.0,5.64,0.004
11,0,4000,4000.0,57725.916606372666,6.16095495223999,0.13812029629718667,0.54,1928.5,0.193,0.01,31.960000000000004,0.006,0.78,6002.4,0.254,0.01,31.960000000000004,0.006,6965.656439701398,0.6370187997817993,0.09641050542647686,0.11,441.87,0.196,0.0,5.64,0.004,0.22,1172.6,0.188,0.0,5.64,0.004
11,0,4500,4500.0,59619.75035901122,7.299233436584473,0.1404618136343766,0.54,1738.8,0.195,0.01,31.960000000000004,0.006,1.01,6100.8,0.257,0.01,31.960000000000004,0.006,6636.813799345396,0.657881498336792,0.09609791484237346,0.1,410.97,0.194,0.0,10.77,0.007,0.14,1016.8,0.184,0.0,3.76,0.003
11,0,5000,5000.0,61295.26321867642,9.129791259765625,0.1443419753171803,0.68,1887.3,0.202,0.01,33.84,0.006,0.96,6232.0,0.259,0.01,33.84,0.006,6443.213047997492,0.6681905388832092,0.0957971596638986,0.08,380.07,0.194,0.0,10.77,0.007,0.14,951.1999999999999,0.182,0.0,3.76,0.003
11,0,5500,5500.0,61771.10157115691,10.1218900680542,0.14651882727914853,0.69,1785.62,0.203,0.01,33.84,0.006,0.89,6363.2,0.261,0.01,33.84,0.006,6189.659377053635,0.6652305722236633,0.0950876104527977,0.09,339.9,0.191,0.0,10.77,0.007,0.14,885.6000000000001,0.182,0.0,3.76,0.003
11,0,6000,6000.0,61011.899574365045,9.987558364868164,0.1474862875801245,0.75,1951.5599999999997,0.203,0.01,35.72,0.006,0.91,6601.000000000001,0.265,0.01,35.72,0.006,5855.213329589468,0.6653230786323547,0.09343480162616884,0.11,302.82,0.191,0.0,10.77,0.007,0.13,828.2,0.181,0.0,3.76,0.003
11,0,6500,6500.0,59142.1770174623,9.378912925720215,0.14656034393111012,0.42,1029.0,0.212,0.08,779.24,0.017,1.36,6855.199999999999,0.268,0.02,37.6,0.006,5507.767018725249,0.649750292301178,0.09140159597328498,0.08,281.19,0.187,0.0,10.640000000000002,0.018,0.15,746.2,0.179,0.0,3.76,0.003
11,0,7000,7000.0,55773.12480423252,7.9244890213012695,0.14160948252703068,0.84,2848.98,0.276,0.08,814.66,0.017,1.67,7273.399999999999,0.274,0.02,39.48,0.007,5251.868790181411,0.6047300100326538,0.0901217422723719,0.04,120.6,0.123,0.0,3.76,0.003,0.11,688.8,0.176,0.0,3.76,0.003
11,0,7500,7500.0,52263.02081663058,6.139469623565674,0.13556269897682205,1.87,7667.0,0.279,0.09,903.21,0.018,1.87,7667.0,0.279,0.02,45.12,0.007,5020.922637132788,0.5436477661132812,0.08892158984793459,0.06,162.40000000000003,0.12,0.0,10.77,0.007,0.11,631.4,0.172,0.0,3.76,0.003
11,0,8000,8000.0,49290.09812309837,4.290949821472168,0.1298569012229383,1.54,7117.6,0.271,0.11,1027.1799999999998,0.02,1.54,7117.6,0.271,0.02,45.12,0.007,4810.411266769461,0.4955172836780548,0.08603147609635252,0.11,313.04,0.115,0.0,10.77,0.007,0.11,574.0,0.168,0.0,3.76,0.003
11,0,8500,8500.0,47366.027532299544,3.0311107635498047,0.1259166431373915,1.11,6478.0,0.262,0.01,39.48,0.006,1.11,6478.0,0.262,0.01,39.48,0.006,4768.415823386317,0.48745986819267273,0.08502781810218833,0.03,74.2,0.129,0.0,10.77,0.007,0.11,533.0,0.168,0.0,1.88,0.003
11,0,9000,9000.0,47187.19667935927,3.443709135055542,0.12541721345377202,0.21,1409.4,0.178,0.01,37.6,0.006,0.55,5494.0,0.245,0.01,37.6,0.006,4866.7216658332,0.43886643648147583,0.08702416725827221,0.11,159.3,0.128,0.0,10.77,0.007,0.1,533.0,0.168,0.0,1.88,0.003
11,0,9500,9500.0,48417.323266137406,3.9075982570648193,0.12798725902662159,0.24,1506.6,0.183,0.01,89.75,0.01,0.35,4674.0,0.228,0.01,24.44,0.005,4937.991612652303,0.4877704977989197,0.08847012778911434,0.13,154.94,0.131,0.0,10.77,0.007,0.1,533.0,0.168,0.0,1.88,0.003
11,0,10000,10000.0,50846.43331212216,4.313178539276123,0.13291447350870628,0.33,1763.1,0.196,0.0,22.56,0.005,0.38,4665.8,0.228,0.0,22.56,0.005,5089.054164812609,0.6850582361221313,0.09302750122981145,0.21,191.4,0.131,0.0,10.77,0.007,0.09,500.2,0.162,0.0,1.88,0.003
11,0,10500,10500.0,52644.39413818881,4.34302282333374,0.1368733315191561,0.33,1673.86,0.197,0.0,22.56,0.005,0.5,4846.2,0.231,0.0,22.56,0.005,5202.962670225959,0.8293570280075073,0.09812063811634571,0.19,180.34,0.135,0.0,7.18,0.007,0.09,492.0,0.161,0.0,1.88,0.003
11,0,11000,11000.0,53058.92418866574,4.305582523345947,0.13887823708341662,0.36,1829.24,0.197,0.0,22.56,0.005,0.55,5518.6,0.244,0.0,22.56,0.005,4925.68953019263,0.8001586198806763,0.09482067803920909,0.21,194.6,0.134,0.0,7.18,0.007,0.11,582.2,0.171,0.0,1.88,0.003
11,0,11500,11500.0,52138.06956729335,4.094315528869629,0.13842477317923327,0.2,964.6,0.206,0.0,30.08,0.006,0.69,6150.0,0.255,0.0,30.08,0.006,4732.72360011805,0.7287054657936096,0.09074805792746718,0.12,105.0,0.143,0.0,6.08,0.017,0.19,672.4,0.181,0.0,3.76,0.003
11,0,12000,12000.0,49501.85997650031,3.5572545528411865,0.13515616097952932,0.46,2543.07,0.264,0.0,31.960000000000004,0.006,0.73,6658.399999999999,0.264,0.0,31.960000000000004,0.006,4706.063336280255,0.517774760723114,0.08912852402990135,0.1,93.8,0.138,0.0,4.56,0.017,0.24,705.2,0.179,0.0,3.76,0.004
11,0,12500,12500.0,45950.6333781283,3.7384161949157715,0.12976595752563316,0.21,872.2000000000002,0.199,0.03,325.6,0.026,0.75,6970.0,0.269,0.01,39.48,0.007,4889.840269159686,0.6461784243583679,0.08883122132222256,0.19,231.66000000000003,0.087,0.0,4.56,0.017,0.26,705.2,0.177,0.0,3.76,0.004
11,0,13000,13000.0,41761.63945275927,3.4162862300872803,0.12312496290130312,0.2,817.6,0.194,0.03,313.76,0.026,0.85,6543.6,0.263,0.01,41.36,0.007,5323.271475290676,0.9936344027519226,0.09278005548930555,0.2,243.1,0.087,0.0,3.04,0.015,0.12,524.8,0.155,0.0,3.76,0.004
11,0,13500,13500.0,37910.9388881317,2.8358051776885986,0.11703983688760994,0.37,1552.16,0.161,0.08,584.43,0.014,0.83,5986.0,0.255,0.01,37.6,0.006,6012.332106665417,1.4150086641311646,0.10038814779362253,0.26,257.4,0.088,0.0,7.18,0.006,0.09,410.0,0.138,0.0,1.88,0.003
11,0,14000,14000.0,34482.66951934792,2.1746108531951904,0.11079236507902951,0.26,1133.9,0.154,0.03,307.84,0.026,0.61,5084.0,0.238,0.01,37.6,0.006,6725.127173479996,1.756809115409851,0.10748603817358293,0.26,257.4,0.088,0.0,7.18,0.006,0.22,582.2,0.156,0.0,1.88,0.003
11,0,14500,14500.0,32075.011457534092,1.832846999168396,0.10677678736843765,0.26,1131.0,0.154,0.09,584.43,0.014,0.44,4313.2,0.221,0.01,24.44,0.005,7179.926672898,1.9307353496551514,0.11249585925675498,0.35,494.4,0.205,0.0,4.56,0.015,0.37,811.8,0.175,0.0,3.76,0.003
11,0,15000,15000.0,30596.756589767065,2.059277296066284,0.10390106582228477,0.19,1055.6,0.148,0.09,602.14,0.014,0.31,3739.1999999999994,0.206,0.01,22.56,0.005,7130.28058270138,1.844079613685608,0.11356318708304235,0.47,630.36,0.214,0.0,7.6,0.018,0.49,1041.4,0.188,0.0,3.76,0.004
11,0,15500,15500.0,29827.333418167065,2.3900997638702393,0.10284981685717662,0.19,1052.7,0.148,0.0,15.04,0.004,0.24,3435.8000000000006,0.202,0.0,15.04,0.004,6914.685690218175,1.6510752439498901,0.11365453155799597,0.55,645.81,0.216,0.0,9.33,0.014,0.66,1336.6,0.2,0.0,3.76,0.004
11,0,16000,16000.0,29490.847799759944,2.6203560829162598,0.10310980994900067,0.19,1029.5,0.147,0.0,15.04,0.004,0.21,3271.8,0.199,0.0,15.04,0.004,6306.805165990954,1.3599480390548706,0.10811822729325517,0.64,667.44,0.218,0.0,9.33,0.016,0.77,1385.8,0.202,0.0,3.76,0.004
11,0,16500,16500.0,29308.298177279157,2.927598714828491,0.10399347392864793,0.19,1029.5,0.147,0.0,13.160000000000002,0.003,0.19,3116.0,0.196,0.0,13.160000000000002,0.003,5655.0087169365725,1.0650668144226074,0.10186578809523353,0.55,577.83,0.213,0.0,3.76,0.004,0.87,1418.6,0.205,0.0,3.76,0.004
11,0,17000,17000.0,29175.05590709087,3.096574544906616,0.1054358374448297,0.21,945.3999999999999,0.146,0.0,13.160000000000002,0.003,0.23,3165.2,0.196,0.0,13.160000000000002,0.003,4987.259586914661,0.7823212146759033,0.09347238319452689,0.46,497.49000000000007,0.211,0.0,3.76,0.004,0.75,1230.0,0.199,0.0,3.76,0.004
11,0,17500,17500.0,29073.04556059437,3.0619988441467285,0.10715204835104324,0.22,942.5,0.146,0.0,13.160000000000002,0.004,0.3,3239.0,0.197,0.0,13.160000000000002,0.004,4548.618029164936,0.5183864831924438,0.08814807964871853,0.3,404.79,0.199,0.0,3.76,0.003,0.59,1049.6,0.197,0.0,3.76,0.003
11,0,18000,18000.0,28349.19623280677,2.814532518386841,0.10679660715836965,0.12,555.06,0.142,0.0,15.04,0.004,0.36,3337.4000000000005,0.198,0.0,15.04,0.004,4377.956722636372,0.372698038816452,0.085258788503521,0.14,312.09,0.186,0.0,1.88,0.003,0.37,844.6,0.181,0.0,1.88,0.003
11,0,18500,18500.0,27462.702863988445,2.474987030029297,0.10586172411555604,0.11,515.2,0.163,0.0,16.92,0.004,0.39,3452.2,0.2,0.0,16.92,0.004,4335.594480467136,0.4462985098361969,0.08464088913996377,0.09,118.9,0.118,0.0,3.59,0.006,0.2,631.4,0.16,0.0,1.88,0.003
11,0,19000,19000.0,26176.932446789615,2.073225736618042,0.10381312100727035,0.1,495.6,0.161,0.0,16.92,0.004,0.39,3427.5999999999995,0.202,0.0,16.92,0.004,4449.017521069113,0.48632189631462097,0.08577514490914731,0.05,81.78,0.114,0.0,3.59,0.006,0.11,565.8,0.147,0.0,1.88,0.003
11,0,19500,19500.0,24999.769149431853,2.057136297225952,0.10196888824887747,0.07,411.6,0.149,0.0,16.92,0.004,0.39,3386.6,0.204,0.0,16.92,0.004,4444.128166658811,0.5030680894851685,0.08608158087716741,0.06,96.48,0.119,0.0,1.88,0.003,0.08,500.2,0.138,0.0,1.88,0.003
11,0,20000,20000.0,23916.89000501725,2.0309693813323975,0.10055164845197521,0.14,1155.66,0.205,0.0,16.92,0.004,0.36,3222.6,0.204,0.0,16.92,0.004,4395.167872378443,0.48927223682403564,0.08406578800975545,0.06,94.47,0.119,0.0,1.88,0.003,0.1,565.8,0.147,0.0,1.88,0.003
11,0,20500,20500.0,23294.493502627553,2.058157205581665,0.10080967253442445,0.13,1127.85,0.203,0.0,15.04,0.004,0.34,3116.0,0.204,0.0,15.04,0.004,4373.860396213736,0.4673081636428833,0.08225755832751964,0.09,234.96,0.116,0.0,3.76,0.003,0.13,631.4,0.16,0.0,3.76,0.003
12,0,-21000,21000.0,249082.94184369032,8.924078941345215,0.19763495074030796,0.83,12369.27,0.405,0.01,197.4,0.01,1.92,35046.8,0.424,0.01,197.4,0.01,631527.5294832806,44.37857437133789,0.32091995190045586,3.33,29921.309999999998,0.408,0.03,310.2,0.012,5.85,68322.4,0.574,0.03,310.2,0.012
12,0,-20500,20500.0,244192.57926304004,8.601694107055664,0.19607019596604325,1.81,34153.0,0.42,0.01,191.76,0.01,1.81,34153.0,0.42,0.01,191.76,0.01,631852.6184954457,43.95116424560547,0.32256055525775973,3.13,29815.57,0.408,0.03,319.6,0.012,5.57,69601.6,0.578,0.03,319.6,0.012
12,0,-20000,20000.0,240724.98775828397,8.650005340576172,0.19506878116844462,1.48,32234.200000000004,0.409,0.01,189.88,0.01,1.48,32234.200000000004,0.409,0.01,189.88,0.01,622391.5776032903,41.77381896972656,0.3211093390386026,2.77,29022.519999999997,0.402,0.03,334.64,0.012,5.06,70339.6,0.578,0.03,334.64,0.012
12,0,-19500,19500.0,238661.34124083014,8.581859588623047,0.19483406350056606,0.52,10839.72,0.381,0.01,178.6,0.01,1.17,30512.2,0.4,0.01,178.6,0.01,612711.5594691226,38.69752502441406,0.3203627467608238,2.51,28114.4,0.398,0.03,485.04,0.017,4.51,70536.4,0.577,0.03,485.04,0.017
12,0,-19000,19000.0,237688.8577145245,8.392939567565918,0.19467070736642866,0.5,10666.680000000002,0.377,0.01,174.84,0.01,1.0,29807.0,0.395,0.01,174.84,0.01,595339.3119652483,33.98761749267578,0.31726249524909506,1.44,13151.430000000002,0.424,0.03,533.92,0.019,3.86,69478.6,0.574,0.03,533.92,0.019
12,0,-18500,18500.0,237075.24730180608,8.13209056854248,0.1948682029074491,0.51,11037.48,0.382,0.01,171.08,0.01,1.07,29397.0,0.391,0.01,171.08,0.01,575886.0834114582,29.91093635559082,0.3137377187871031,1.21,12679.08,0.418,0.03,391.04,0.014,3.29,68019.0,0.57,0.03,391.04,0.014
12,0,-18000,18000.0,236394.36006826838,7.896308422088623,0.19473070864275757,0.57,11454.63,0.387,0.01,171.08,0.01,1.18,30053.0,0.394,0.01,171.08,0.01,551288.0353191883,25.226747512817383,0.3086337689813615,2.27,23615.04,0.382,0.03,355.32,0.013,2.83,65345.8,0.564,0.03,355.32,0.013
12,0,-17500,17500.0,235883.15241037053,7.63131856918335,0.19468119578265936,0.59,11494.8,0.388,0.01,174.84,0.01,1.29,30946.8,0.398,0.01,174.84,0.01,526605.4186897844,24.836496353149414,0.30360353690669284,1.45,22821.18,0.361,0.03,310.2,0.011,2.48,62730.0,0.559,0.03,310.2,0.011
12,0,-17000,17000.0,234783.08299870044,7.593127250671387,0.19397335653667264,0.62,11544.24,0.389,0.01,174.84,0.01,1.34,30922.2,0.398,0.01,174.84,0.01,499182.6350413809,24.280845642089844,0.296570856920695,1.38,20846.33,0.344,0.03,306.44,0.011,2.51,60409.4,0.555,0.03,306.44,0.011
12,0,-16500,16500.0,234439.17754677765,8.600173950195312,0.19373327822268008,0.61,11263.05,0.386,0.01,172.96,0.01,1.38,30995.999999999996,0.398,0.01,172.96,0.01,473027.949663807,23.456676483154297,0.2895746438141789,1.32,19185.59,0.328,0.03,293.28,0.011,2.5,58408.6,0.551,0.03,293.28,0.011
12,0,-16000,16000.0,234652.20077771085,9.73156452178955,0.19317724690030078,0.64,10972.59,0.383,0.01,172.96,0.01,1.38,30504.000000000004,0.397,0.01,172.96,0.01,444038.17134688346,22.268836975097656,0.2794682137112516,1.22,16566.97,0.3,0.03,289.52,0.011,2.43,56071.59999999999,0.544,0.03,289.52,0.011
12,0,-15500,15500.0,235997.93829674917,10.843767166137695,0.1932572142797882,0.62,10938.6,0.383,0.01,169.2,0.01,1.35,29889.000000000004,0.396,0.01,169.2,0.01,418879.5096414,20.85425567626953,0.27080954229188053,1.14,14878.240000000002,0.28,0.02,276.36,0.011,2.35,53718.200000000004,0.537,0.02,276.36,0.011
12,0,-15000,15000.0,239411.01729457773,11.947165489196777,0.19414594005191596,0.68,10926.24,0.384,0.01,169.2,0.01,1.3,29839.8,0.396,0.01,169.2,0.01,393243.9657078562,19.118627548217773,0.2607715318212319,0.72,9177.66,0.364,0.02,274.48,0.011,2.21,50536.6,0.526,0.02,274.48,0.011
12,0,-14500,14500.0,243874.72683167167,12.855542182922363,0.19544480983667756,0.76,10941.689999999999,0.385,0.01,169.2,0.01,1.44,29856.199999999997,0.398,0.01,169.2,0.01,371653.36555059237,17.605058670043945,0.25276158284141226,0.67,8166.630000000001,0.342,0.02,255.68000000000004,0.011,2.07,47387.8,0.513,0.02,255.68000000000004,0.011
12,0,-14000,14000.0,249582.73967417097,13.607710838317871,0.1971374064188666,0.85,10984.95,0.386,0.01,169.2,0.01,1.64,30036.600000000002,0.399,0.01,169.2,0.01,350550.41604566475,15.670215606689453,0.24335592756790186,0.65,7784.729999999999,0.332,0.02,250.04,0.011,1.94,44575.2,0.497,0.02,250.04,0.011
12,0,-13500,13500.0,255666.7847253196,13.866019248962402,0.1987988205470607,0.91,11201.25,0.39,0.01,169.2,0.01,1.84,30192.4,0.401,0.01,169.2,0.01,336325.69783949637,14.506049156188965,0.23760677551934006,0.6,7117.409999999999,0.314,0.02,231.24,0.011,1.84,42607.2,0.486,0.02,231.24,0.011
12,0,-13000,13000.0,262158.21445482544,13.999486923217773,0.20064861707162404,0.98,11473.17,0.395,0.01,171.08,0.01,2.02,30807.4,0.404,0.01,171.08,0.01,325263.0675523096,13.177130699157715,0.23256746677715814,0.58,6884.25,0.309,0.02,227.48,0.011,1.81,41705.2,0.479,0.02,227.48,0.011
12,0,-12500,12500.0,268589.7335679931,13.740443229675293,0.2024476915305427,0.97,12023.189999999999,0.403,0.02,174.84,0.01,2.16,31479.8,0.409,0.02,174.84,0.01,318849.735786981,12.00356388092041,0.23002812458746813,0.81,8772.5,0.288,0.02,221.84,0.011,1.79,41393.6,0.477,0.02,221.84,0.011
12,0,-12000,12000.0,272021.70004952676,13.09883975982666,0.2026448271963947,0.96,12653.55,0.412,0.02,174.84,0.01,2.2,32726.199999999997,0.415,0.02,174.84,0.01,315849.5589536619,11.679952621459961,0.2297526749304145,0.95,8669.7,0.306,0.02,221.84,0.011,1.77,40065.2,0.471,0.02,221.84,0.011
12,0,-11500,11500.0,276477.8385069147,13.950152397155762,0.20403851597114714,0.9,13351.89,0.422,0.02,182.36,0.01,2.18,34185.8,0.423,0.02,182.36,0.01,314474.48902616807,11.74284839630127,0.23075236021421408,0.99,8216.9,0.308,0.02,212.43999999999997,0.011,1.75,38777.8,0.465,0.02,212.43999999999997,0.011
12,0,-11000,11000.0,278220.82032484835,14.46963882446289,0.20474975848911597,0.93,14139.84,0.432,0.02,184.24,0.01,2.24,35825.8,0.431,0.02,184.24,0.01,311576.7581853389,11.669830322265625,0.23019910028732474,1.06,8979.4,0.308,0.02,208.68000000000004,0.011,1.74,38474.4,0.464,0.02,208.68000000000004,0.011
12,0,-10500,10500.0,279329.3196752437,14.563782691955566,0.20561755832561143,0.89,14560.08,0.437,0.01,191.76,0.01,2.25,37638.0,0.44,0.01,191.76,0.01,308563.9039620393,12.475761413574219,0.22962928459105456,1.01,6670.08,0.293,0.02,206.80000000000004,0.011,1.76,38712.2,0.467,0.02,206.80000000000004,0.011
12,0,-10000,10000.0,277796.47446212237,14.441844940185547,0.20567527096788674,0.91,15073.02,0.444,0.01,195.52,0.01,2.11,38966.4,0.446,0.01,195.52,0.01,303575.99399962457,13.723149299621582,0.22739687656612378,1.83,15382.02,0.471,0.02,206.80000000000004,0.011,2.29,40065.2,0.474,0.02,206.80000000000004,0.011
12,0,-9500,9500.0,275657.68944863306,13.973869323730469,0.20564801724547632,0.88,14881.439999999999,0.442,0.02,203.04,0.01,2.19,40180.0,0.452,0.02,203.04,0.01,298583.3508935588,14.792935371398926,0.22526993528411826,1.37,15042.12,0.467,0.02,212.43999999999997,0.011,3.08,41598.6,0.482,0.02,212.43999999999997,0.011
12,0,-9000,9000.0,271911.75707657984,13.126338958740234,0.20504867111215408,0.84,14708.4,0.441,0.02,204.92000000000002,0.01,2.21,40368.6,0.453,0.02,204.92000000000002,0.01,292723.2808534626,15.46816635131836,0.22332663381755194,0.88,14686.77,0.464,0.03,216.19999999999996,0.011,2.27,40827.8,0.48,0.03,216.19999999999996,0.011
12,0,-8500,8500.0,266411.89698612795,12.366366386413574,0.20334545498024334,2.14,39999.6,0.452,0.02,206.80000000000004,0.01,2.14,39999.6,0.452,0.02,206.80000000000004,0.01,286805.9251144732,17.322521209716797,0.22162678100827177,0.79,7713.9,0.29,0.02,208.68000000000004,0.011,1.91,39958.6,0.477,0.02,208.68000000000004,0.011
12,0,-8000,8000.0,260503.5544609583,12.489843368530273,0.2017415685958578,0.84,12622.65,0.407,0.02,208.68000000000004,0.01,1.87,38458.0,0.447,0.02,208.68000000000004,0.01,279380.84052195825,19.04524040222168,0.21897704663382034,0.96,7371.0,0.282,0.02,206.80000000000004,0.011,2.0,38941.8,0.473,0.02,206.80000000000004,0.011
12,0,-7500,7500.0,252685.53767954296,11.912647247314453,0.19878964263020457,0.79,12060.27,0.398,0.01,201.16,0.01,1.76,35268.2,0.423,0.01,201.16,0.01,272447.73720821564,20.362592697143555,0.21717411122679986,0.93,6972.3,0.284,0.01,203.04,0.011,2.09,37875.8,0.468,0.01,203.04,0.011
12,0,-7000,7000.0,246109.06272308176,10.73108959197998,0.1969396536122632,0.73,11448.45,0.389,0.01,199.28,0.01,1.81,33652.8,0.415,0.01,199.28,0.01,264717.65134064126,20.670175552368164,0.21466600562867236,1.16,13027.439999999999,0.442,0.02,201.16,0.011,2.09,37252.6,0.464,0.02,201.16,0.011
12,0,-6500,6500.0,240007.94974255847,11.100217819213867,0.19566504352323766,1.75,32176.8,0.407,0.01,188.0,0.01,1.75,32176.8,0.407,0.01,188.0,0.01,256559.90950956856,20.184114456176758,0.21182517692321937,1.21,12427.98,0.432,0.02,199.28,0.011,2.42,36449.0,0.46,0.02,199.28,0.011
12,0,-6000,6000.0,233557.21493716133,11.70984935760498,0.19437109130201444,0.63,10929.33,0.381,0.01,186.12,0.01,1.5,31209.200000000004,0.402,0.01,186.12,0.01,249168.3196895861,18.589969635009766,0.2085371687384317,1.26,11809.98,0.423,0.02,199.28,0.011,2.67,35145.2,0.453,0.02,199.28,0.011
12,0,-5500,5500.0,227243.6284176621,12.238178253173828,0.19344226879263635,0.65,10700.67,0.377,0.01,178.6,0.01,1.45,30512.2,0.398,0.01,178.6,0.01,243051.17449469317,16.61660385131836,0.20549117477616707,0.55,3628.8000000000006,0.286,0.03,193.64,0.011,2.81,33661.0,0.446,0.03,193.64,0.011
12,0,-5000,5000.0,219602.98551706952,12.244243621826172,0.19162629104005102,0.8,10459.65,0.373,0.01,176.72,0.01,1.57,29782.4,0.394,0.01,176.72,0.01,238924.34484651074,14.28066635131836,0.202577316317527,0.52,3508.4,0.28,0.03,191.76,0.011,2.66,31299.4,0.432,0.03,191.76,0.011
12,0,-4500,4500.0,211702.26717748414,11.775884628295898,0.18964902461777425,0.73,10014.689999999999,0.364,0.01,172.96,0.01,1.85,29126.400000000005,0.389,0.01,172.96,0.01,237578.90880780242,13.163146018981934,0.20103766419025706,0.68,4645.11,0.258,0.03,180.48,0.011,2.31,28782.0,0.417,0.03,180.48,0.011
12,0,-4000,4000.0,202930.7117909707,10.641718864440918,0.1867616242565302,1.83,27880.0,0.381,0.01,169.2,0.01,1.83,27880.0,0.381,0.01,169.2,0.01,239622.70932776443,15.347400665283203,0.20160220619528216,1.07,7189.1,0.261,0.03,176.72,0.011,1.68,26937.0,0.404,0.03,176.72,0.011
12,0,-3500,3500.0,194684.05084977992,9.144574165344238,0.18408658643704467,1.67,26633.599999999995,0.371,0.01,161.68,0.01,1.67,26633.599999999995,0.371,0.01,161.68,0.01,243746.13436450588,17.081588745117188,0.20384568880204765,1.09,7221.0,0.261,0.02,163.56,0.01,1.42,25641.4,0.395,0.02,163.56,0.01
12,0,-3000,3000.0,186487.40650369355,7.7432637214660645,0.1807596930208218,0.68,8200.86,0.327,0.01,159.8,0.01,1.31,24846.0,0.358,0.01,159.8,0.01,247285.44830559543,17.935914993286133,0.20652328992921343,0.55,4099.44,0.249,0.02,161.68,0.01,1.66,26510.6,0.4,0.02,161.68,0.01
12,0,-2500,2500.0,179475.93321892642,8.471597671508789,0.17809318439314928,0.63,7638.48,0.314,0.01,150.4,0.01,1.27,23107.6,0.344,0.01,150.4,0.01,249453.64737475122,17.846769332885742,0.20908015783140402,0.7,4968.72,0.261,0.02,165.44,0.01,1.94,27986.600000000002,0.41,0.02,165.44,0.01
12,0,-2000,2000.0,173403.513267274,9.237460136413574,0.17542525811824447,0.7,7264.590000000001,0.31,0.01,146.64,0.009,1.22,21443.0,0.329,0.01,146.64,0.009,246952.97171054655,16.49209976196289,0.21014805567576997,1.47,12298.2,0.429,0.02,165.44,0.01,2.31,30955.0,0.429,0.02,165.44,0.01
12,0,-1500,1500.0,168461.98033798084,9.90500545501709,0.17361492961345845,0.68,7032.840000000001,0.307,0.01,139.12,0.009,1.4,19901.4,0.316,0.01,139.12,0.009,242549.13637170114,14.5963773727417,0.2104367575716928,1.32,12449.61,0.432,0.02,182.36,0.011,2.73,33751.2,0.444,0.02,182.36,0.011
12,0,-1000,1000.0,164492.74709732478,10.36350154876709,0.17221910053192138,0.67,6791.82,0.305,0.01,135.36,0.009,1.5,19147.0,0.312,0.01,135.36,0.009,234254.06475173935,12.160584449768066,0.2089779899379248,1.14,12641.189999999999,0.435,0.02,188.0,0.011,2.64,34472.8,0.448,0.02,188.0,0.011
12,0,-500,500.0,161144.66718853317,10.520721435546875,0.1714148810390124,0.67,5432.56,0.217,0.01,127.84000000000002,0.009,1.53,18532.0,0.309,0.01,127.84000000000002,0.009,225178.2666291739,10.145646095275879,0.20655437804364396,0.9,6052.3,0.253,0.02,189.88,0.011,2.54,34751.6,0.45,0.02,189.88,0.011
12,0,0,0.0,158082.34971599124,10.285104751586914,0.17046310811307172,0.63,4410.9,0.219,0.01,125.96000000000001,0.009,1.38,18138.4,0.307,0.01,125.96000000000001,0.009,214634.96046886678,10.23283576965332,0.20231948968361435,0.99,5350.5,0.246,0.02,191.76,0.011,2.09,32217.8,0.436,0.02,191.76,0.011
12,0,500,500.0,155438.1589664621,9.78421688079834,0.16975819595367686,0.64,4402.2,0.219,0.01,122.2,0.009,1.29,17892.4,0.306,0.01,122.2,0.009,204963.7398372876,10.090004920959473,0.19824882307112626,1.0,5298.3,0.245,0.02,176.72,0.011,1.61,29347.8,0.418,0.02,176.72,0.011
12,0,1000,1000.0,153224.37830262486,9.093573570251465,0.16876888346463,0.66,4300.7,0.218,0.01,120.32,0.009,1.37,17613.6,0.305,0.01,120.32,0.009,197529.565105772,9.646984100341797,0.1945487830892189,1.1,5217.1,0.244,0.02,171.08,0.01,1.36,26272.8,0.395,0.02,171.08,0.01
12,0,1500,1500.0,151892.3557207543,8.277315139770508,0.16837179046876702,0.66,4294.9,0.218,0.01,116.56,0.009,1.39,17392.2,0.304,0.01,116.56,0.009,192944.12173366814,9.059038162231445,0.19290081636375755,1.1,5211.3,0.244,0.02,152.28,0.01,1.18,23624.2,0.373,0.02,152.28,0.01
12,0,2000,2000.0,151159.539298326,7.305333614349365,0.16770961522050923,0.42,3004.95,0.219,0.01,114.68,0.009,1.29,16998.6,0.303,0.01,114.68,0.009,191043.64628508294,8.038997650146484,0.19205832247006277,0.69,3628.05,0.244,0.02,148.52,0.01,1.12,22509.0,0.362,0.02,148.52,0.01
12,0,2500,2500.0,151111.84942411512,6.960089206695557,0.1674265433299729,0.42,2946.66,0.218,0.01,110.92,0.009,1.13,16637.8,0.302,0.01,110.92,0.009,190477.52137221274,7.23275899887085,0.19245657604320052,0.72,3630.0599999999995,0.244,0.03,141.0,0.01,1.16,22164.6,0.357,0.03,141.0,0.01
12,0,3000,3000.0,152198.88641146012,7.323971748352051,0.16752632770926454,0.39,2932.59,0.217,0.01,110.92,0.009,0.93,16391.8,0.301,0.01,110.92,0.009,189684.733617021,6.463197708129883,0.1927549369331698,0.69,3609.96,0.244,0.03,137.24,0.01,1.23,22509.0,0.361,0.03,137.24,0.01
12,0,3500,3500.0,153789.4981956155,7.570708751678467,0.16790980244330683,0.33,2922.54,0.217,0.01,107.15999999999998,0.009,0.74,16219.600000000002,0.3,0.01,107.15999999999998,0.009,188845.81181764475,6.649123191833496,0.19316101545278855,0.54,3575.79,0.245,0.03,139.12,0.01,1.64,22910.8,0.366,0.03,139.12,0.01
12,0,4000,4000.0,156392.16263129085,7.710825443267822,0.1687676418372631,0.38,4104.64,0.229,0.01,107.15999999999998,0.009,0.78,16367.2,0.301,0.01,107.15999999999998,0.009,187455.35241699792,6.44806432723999,0.1936488083674898,0.97,6613.68,0.223,0.03,141.0,0.01,1.43,22861.6,0.368,0.03,141.0,0.01
12,0,4500,4500.0,159267.75300935312,7.924746990203857,0.1697554446900581,0.5,6380.85,0.302,0.01,107.15999999999998,0.009,0.85,16629.600000000002,0.303,0.01,107.15999999999998,0.009,185769.51982643665,6.300959587097168,0.19407543612997225,0.3,2765.0,0.266,0.01,141.0,0.01,1.27,22976.4,0.371,0.01,141.0,0.01
12,0,5000,5000.0,162446.95838629222,7.974832534790039,0.17049563796574818,0.56,6544.62,0.304,0.01,107.15999999999998,0.009,0.96,17006.8,0.304,0.01,107.15999999999998,0.009,183438.474927045,6.019005298614502,0.19348987621089325,0.75,8021.64,0.347,0.01,141.0,0.01,1.31,22787.8,0.368,0.01,141.0,0.01
12,0,5500,5500.0,165790.10737295082,8.396441459655762,0.17127583973381036,0.25,2419.2,0.241,0.01,112.8,0.009,1.04,17392.2,0.305,0.01,112.8,0.009,180944.50457917235,5.297249794006348,0.19249161779022497,0.78,7786.8,0.342,0.02,141.0,0.01,1.39,22271.2,0.363,0.02,141.0,0.01
12,0,6000,6000.0,169762.04732609197,9.787725448608398,0.17210724677675426,0.25,2431.8,0.241,0.01,112.8,0.009,1.03,17736.6,0.307,0.01,112.8,0.009,178760.55486549626,5.708698749542236,0.19105855932688026,0.82,7558.14,0.338,0.02,141.0,0.01,1.41,21787.4,0.36,0.02,141.0,0.01
12,0,6500,6500.0,173914.79224981618,11.289143562316895,0.17272644480921734,1.64,17632.74,0.268,0.01,118.44,0.009,0.97,18040.0,0.308,0.01,118.44,0.009,177163.84626082375,6.050571441650391,0.18980827673208733,0.32,2517.2,0.262,0.02,139.12,0.01,1.42,21188.8,0.355,0.02,139.12,0.01
12,0,7000,7000.0,179297.4293624785,12.813922882080078,0.1741096642410202,0.7,5143.5,0.239,0.01,120.32,0.009,0.93,18253.2,0.309,0.01,120.32,0.009,176694.71663121498,5.973610877990723,0.18924732749334988,0.32,2506.0,0.261,0.02,137.24,0.01,0.91,20057.2,0.347,0.02,137.24,0.01
12,0,7500,7500.0,184915.58455179768,14.732600212097168,0.17545629070499869,0.76,5265.0,0.24,0.01,122.2,0.009,0.95,18474.6,0.31,0.01,122.2,0.009,177143.74603526632,6.239413261413574,0.18935031043896886,0.34,2471.0,0.262,0.02,129.72,0.01,1.02,19155.2,0.34,0.02,129.72,0.01
12,0,8000,8000.0,191300.1476504646,18.09319305419922,0.17780365528313904,0.92,5599.8,0.244,0.01,124.08,0.009,1.09,18933.8,0.315,0.01,124.08,0.009,178985.8705081997,7.247090816497803,0.19019652588332114,0.32,2500.4,0.263,0.02,127.84000000000002,0.01,1.11,19138.8,0.341,0.02,127.84000000000002,0.01
12,0,8500,8500.0,197322.06894771382,20.36005210876465,0.18012322261158162,0.89,5293.36,0.245,0.01,127.84000000000002,0.009,1.42,19573.4,0.322,0.01,127.84000000000002,0.009,181651.9825258089,8.035025596618652,0.19159762963564117,0.63,4759.96,0.256,0.02,125.96000000000001,0.01,1.18,19598.0,0.347,0.02,125.96000000000001,0.01
12,0,9000,9000.0,202580.94538755633,21.284488677978516,0.1831586816571682,0.97,5787.96,0.245,0.01,127.84000000000002,0.009,1.91,20959.2,0.334,0.01,127.84000000000002,0.009,184984.16556602542,8.628850936889648,0.19315218205850043,0.67,4724.4,0.254,0.02,125.96000000000001,0.01,1.18,20737.8,0.358,0.02,125.96000000000001,0.01
12,0,9500,9500.0,205781.90789441197,21.202150344848633,0.1852616507569332,0.51,3047.8,0.256,0.02,137.24,0.009,2.37,22468.0,0.347,0.02,137.24,0.009,188032.2783715295,8.999356269836426,0.19400114328870496,0.87,8142.15,0.357,0.02,135.36,0.01,1.49,21861.2,0.368,0.02,135.36,0.01
12,0,10000,10000.0,206124.06381192023,19.909818649291992,0.1871925589760303,1.16,9560.46,0.363,0.02,139.12,0.009,2.73,24247.4,0.36,0.02,139.12,0.009,190940.36342644034,9.821635246276855,0.1942353693553629,1.0,8275.02,0.358,0.02,137.24,0.01,1.76,22361.4,0.371,0.02,137.24,0.01
12,0,10500,10500.0,203936.875283494,18.02277183532715,0.18776124208226574,2.97,26026.8,0.374,0.03,150.4,0.01,2.97,26026.8,0.374,0.03,150.4,0.01,193902.50388542993,10.792909622192383,0.19436403195363794,0.43,2716.0,0.266,0.03,141.0,0.01,1.96,22648.4,0.372,0.03,141.0,0.01
12,0,11000,11000.0,198667.94219350338,16.16877555847168,0.18728014664535722,2.83,26682.8,0.378,0.03,154.16,0.01,2.83,26682.8,0.378,0.03,154.16,0.01,196965.70537654916,11.58256721496582,0.19415437269672953,0.41,2713.2,0.265,0.03,141.0,0.01,1.89,22533.6,0.369,0.03,141.0,0.01
12,0,11500,11500.0,191685.74078363483,14.174135208129883,0.185525347129707,2.58,26904.200000000004,0.38,0.02,157.92,0.01,2.58,26904.200000000004,0.38,0.02,157.92,0.01,200794.86636785758,11.809782981872559,0.19457590824733365,0.63,5502.6,0.258,0.03,141.0,0.01,1.69,22484.4,0.367,0.03,141.0,0.01
12,0,12000,12000.0,182540.43611326677,12.17934799194336,0.1820589892765772,0.41,2962.4,0.255,0.02,159.8,0.01,2.04,25379.0,0.368,0.02,159.8,0.01,205436.95265022304,11.504870414733887,0.19570782958703498,0.8,5969.7,0.263,0.03,141.0,0.01,1.38,23017.4,0.371,0.03,141.0,0.01
12,0,12500,12500.0,173123.784106305,11.379773139953613,0.17808302200696285,0.49,3724.53,0.232,0.02,152.28,0.01,1.88,23452.0,0.353,0.02,152.28,0.01,209765.77243625774,10.760293006896973,0.1971063838100517,1.02,9569.73,0.38,0.03,142.88,0.01,1.58,23976.8,0.378,0.03,142.88,0.01
12,0,13000,13000.0,164309.12571348806,11.525106430053711,0.1739628048512576,0.71,6850.530000000001,0.308,0.02,150.4,0.01,1.56,20975.6,0.332,0.02,150.4,0.01,213725.29636008834,9.97872257232666,0.1994401415323844,1.25,10298.97,0.397,0.02,142.88,0.01,1.95,25452.8,0.389,0.02,142.88,0.01
12,0,13500,13500.0,156866.54785318548,11.487351417541504,0.17093192173088553,0.76,6594.06,0.305,0.02,133.48,0.009,1.63,18786.2,0.312,0.02,133.48,0.009,216262.556921716,10.42687702178955,0.20133787333471007,1.2,10672.86,0.405,0.02,150.4,0.01,2.31,27273.2,0.405,0.02,150.4,0.01
12,0,14000,14000.0,151242.2018508441,11.393836975097656,0.1690523498535502,0.8,6312.87,0.302,0.02,129.72,0.009,1.67,17810.4,0.308,0.02,129.72,0.009,216741.89078816675,10.42319107055664,0.20242585359886037,1.13,11124.0,0.415,0.02,152.28,0.01,2.33,28970.6,0.418,0.02,152.28,0.01
12,0,14500,14500.0,146308.76849324466,11.177933692932129,0.16771581952473336,0.34,2235.8,0.237,0.02,118.44,0.009,1.66,17088.8,0.304,0.02,118.44,0.009,215176.10450373904,9.909199714660645,0.2020388635572411,0.39,3376.8,0.279,0.03,163.56,0.01,2.13,30135.0,0.427,0.03,163.56,0.01
12,0,15000,15000.0,141937.86907206973,10.775042533874512,0.16643018204456972,0.34,2224.6,0.236,0.02,114.68,0.009,1.56,16662.4,0.303,0.02,114.68,0.009,210910.0267366079,9.888294219970703,0.19944505627924877,0.85,10023.96,0.397,0.03,167.32,0.01,1.56,29749.6,0.426,0.03,167.32,0.01
12,0,15500,15500.0,137700.38670493005,10.218475341796875,0.16519784713216523,0.44,2960.73,0.218,0.02,110.92,0.009,1.48,16342.6,0.302,0.02,110.92,0.009,206080.48422155672,10.033485412597656,0.1962952255787386,0.71,8967.18,0.375,0.02,169.2,0.011,1.61,28527.8,0.419,0.02,169.2,0.011
12,0,16000,16000.0,133280.61629030004,9.360444068908691,0.16340142216341894,0.42,2920.53,0.218,0.02,109.03999999999999,0.009,1.53,15998.200000000003,0.3,0.02,109.03999999999999,0.009,200985.0734179001,9.83315372467041,0.1931201138173041,0.28,3043.6,0.271,0.02,171.08,0.011,1.43,26100.6,0.401,0.02,171.08,0.011
12,0,16500,16500.0,128865.66040920661,8.355464935302734,0.16143095881511912,1.46,15571.799999999997,0.298,0.02,105.28000000000002,0.009,1.46,15571.799999999997,0.298,0.02,105.28000000000002,0.009,196434.5280837953,9.327778816223145,0.19049188456673546,0.64,7629.08,0.248,0.02,157.92,0.01,1.19,23427.4,0.38,0.02,157.92,0.01
12,0,17000,17000.0,124581.48444853522,7.076813697814941,0.15892565361886535,0.52,5191.2,0.286,0.02,105.28000000000002,0.009,1.27,14924.0,0.294,0.02,105.28000000000002,0.009,193859.40402043657,8.46561336517334,0.18960972435454537,0.49,5415.44,0.253,0.02,152.28,0.01,1.18,21697.2,0.363,0.02,152.28,0.01
12,0,17500,17500.0,121019.56662625242,5.752413272857666,0.15692489585899888,1.18,14267.999999999998,0.29,0.01,99.64,0.008,1.18,14267.999999999998,0.29,0.01,99.64,0.008,192608.23155941442,7.450357913970947,0.19002831196937048,0.28,2854.6,0.265,0.01,142.88,0.01,1.16,20606.6,0.352,0.01,142.88,0.01
12,0,18000,18000.0,118061.23160798848,5.507256984710693,0.1545401185575357,0.18,1831.2,0.223,0.01,97.76,0.008,0.98,13636.6,0.286,0.01,97.76,0.008,191748.8337558665,6.2968950271606445,0.19057861624718445,0.62,7635.39,0.34,0.01,139.12,0.01,1.04,21049.4,0.355,0.01,139.12,0.01
12,0,18500,18500.0,116122.10595102362,5.501546859741211,0.15299271165289088,0.9,8927.69,0.158,0.01,90.24,0.008,0.76,13087.2,0.282,0.01,90.24,0.008,190918.3920308632,5.679362773895264,0.19116469563708324,0.58,7762.08,0.342,0.01,141.0,0.01,1.15,21779.2,0.36,0.01,141.0,0.01
12,0,19000,19000.0,115128.64114547746,5.4790425300598145,0.1517483177173228,0.27,4554.66,0.274,0.01,88.36,0.008,0.64,12660.8,0.279,0.01,88.36,0.008,189142.3752573459,6.328044891357422,0.19137690742488883,0.64,7845.51,0.343,0.02,142.88,0.01,1.16,22156.4,0.363,0.02,142.88,0.01
12,0,19500,19500.0,114871.85978681062,5.441030025482178,0.1512080869816555,0.26,4548.48,0.273,0.01,82.72,0.008,0.65,12357.4,0.276,0.01,82.72,0.008,186795.33068495383,7.1662163734436035,0.19101997740360457,0.52,7657.02,0.34,0.02,144.76,0.01,1.07,22279.4,0.362,0.02,144.76,0.01
12,0,20000,20000.0,115155.54299007585,5.645766258239746,0.1510373293865013,0.25,3451.0,0.198,0.01,80.84,0.008,0.66,12242.6,0.275,0.01,80.84,0.008,184198.9081475609,7.869692802429199,0.1904727017273236,0.43,4827.6,0.251,0.02,146.64,0.01,0.94,21549.6,0.357,0.02,146.64,0.01
12,0,20500,20500.0,115678.53780990902,5.860381126403809,0.15117126296532332,0.27,4613.37,0.272,0.01,78.96,0.008,0.66,12218.0,0.274,0.01,78.96,0.008,182712.89989877027,8.043052673339844,0.1906560205515729,0.43,4556.76,0.252,0.01,139.12,0.01,0.81,21049.4,0.355,0.01,139.12,0.01
13,0,-21000,21000.0,5230.57283821181,0.8429485559463501,0.09485861454661942,0.16,293.55,0.209,0.0,5.64,0.004,0.25,918.4000000000001,0.202,0.0,5.64,0.004,158.33561285215154,0.012376566417515278,0.03886682712890581,0.01,8.58,0.047,0.0,0.0,0.006,0.0,0.0,0.005,0.0,0.0,0.002
13,0,-20500,20500.0,4670.104656719923,0.776439905166626,0.09094201625559112,0.13,244.11,0.201,0.0,3.76,0.004,0.27,770.8,0.196,0.0,3.76,0.004,202.02092862957883,0.01703331246972084,0.044249284290170506,0.05,123.06000000000002,0.108,0.0,0.0,0.006,0.0,0.0,0.004,0.0,0.0,0.002
13,0,-20000,20000.0,4364.261927554253,0.6946655511856079,0.08767420676525238,0.13,139.2,0.126,0.0,3.76,0.004,0.25,615.0,0.187,0.0,3.76,0.004,242.40717508777507,0.02031378261744976,0.047780656598464664,0.05,158.22,0.116,0.0,0.0,0.006,0.0,0.0,0.004,0.0,0.0,0.002
13,0,-19500,19500.0,4290.688081186818,0.6010479927062988,0.08806080154324515,0.13,139.2,0.126,0.0,1.88,0.004,0.21,492.0,0.176,0.0,1.88,0.004,298.8987005254728,0.02198072336614132,0.05248817226926839,0.05,193.38,0.122,0.0,0.0,0.005,0.0,0.0,0.006,0.0,0.0,0.002
13,0,-19000,19000.0,4324.7253180785265,0.48156553506851196,0.08899153582422502,0.07,88.44,0.125,0.0,1.88,0.004,0.17,451.00000000000006,0.169,0.0,1.88,0.004,365.4367233976593,0.019673865288496017,0.05637499286960372,0.08,228.54,0.13,0.0,0.0,0.005,0.0,0.0,0.016,0.0,0.0,0.002
13,0,-18500,18500.0,4328.963818542616,0.4565591812133789,0.09047469137711335,0.08,98.49,0.129,0.0,1.88,0.004,0.13,426.4,0.165,0.0,1.88,0.004,504.52345715238425,0.045990925282239914,0.06542880926364385,0.05,40.040000000000006,0.078,0.0,0.0,0.003,0.01,8.2,0.036,0.0,0.0,0.002
13,0,-18000,18000.0,4205.1658491379385,0.5036933422088623,0.09323603268983975,0.13,238.52,0.13,0.0,4.56,0.019,0.09,459.20000000000005,0.168,0.0,1.88,0.004,727.5062520748975,0.09439222514629364,0.07748743489307458,0.28,439.5,0.164,0.0,0.0,0.003,0.01,16.4,0.051,0.0,0.0,0.002
13,0,-17500,17500.0,3943.042083064529,0.5831934213638306,0.09524100562471047,0.14,252.76,0.135,0.0,4.56,0.019,0.1,500.2,0.173,0.0,1.88,0.004,981.0130153072648,0.16007570922374725,0.08679780094787368,0.4,571.35,0.177,0.0,0.0,0.004,0.02,32.8,0.067,0.0,0.0,0.003
13,0,-17000,17000.0,3502.466040387503,0.6091340780258179,0.09703579383595397,0.06,88.74,0.127,0.0,0.0,0.012,0.11,508.4,0.175,0.0,1.88,0.004,1224.2421796819465,0.2287541627883911,0.09237747910524875,0.5,676.83,0.183,0.0,0.0,0.004,0.01,32.8,0.064,0.0,0.0,0.003
13,0,-16500,16500.0,3039.735816235625,0.6107941269874573,0.09927645719220611,0.05,68.6,0.141,0.0,0.0,0.012,0.1,508.4,0.176,0.0,1.88,0.004,1402.9812845057222,0.2751224637031555,0.09453802768635163,0.52,703.2,0.184,0.0,0.0,0.004,0.01,49.2,0.072,0.0,0.0,0.003
13,0,-16000,16000.0,2447.3683641243083,0.5021249055862427,0.09780821418916164,0.07,104.52,0.133,0.0,6.74,0.015,0.11,442.80000000000007,0.175,0.0,1.88,0.004,1467.4956362783278,0.2767966091632843,0.09008445374212722,0.42,606.51,0.179,0.0,0.0,0.004,0.03,82.0,0.099,0.0,0.0,0.003
13,0,-15500,15500.0,1822.2582022231747,0.3469068706035614,0.09254644887997573,0.16,287.17,0.131,0.0,0.0,0.001,0.11,369.0,0.171,0.0,1.88,0.004,1548.9753226986224,0.2783558964729309,0.08751190186066657,0.33,501.0299999999999,0.173,0.0,0.0,0.004,0.07,139.4,0.135,0.0,0.0,0.003
13,0,-15000,15000.0,1203.0473745233905,0.1862579733133316,0.07800640033964132,0.1,159.12,0.121,0.0,5.8,0.05,0.06,221.40000000000003,0.147,0.0,1.88,0.004,1620.954749951341,0.2627122104167938,0.08455274457785768,0.12,142.14,0.198,0.0,0.0,0.004,0.09,188.6,0.151,0.0,0.0,0.003
13,0,-14500,14500.0,734.2453759069485,0.08091945946216583,0.061380484363489037,0.13,250.83000000000004,0.097,0.0,7.18,0.007,0.03,90.2,0.099,0.0,1.88,0.003,1747.0654659839056,0.268989622592926,0.08357919086631703,0.11,132.87,0.195,0.0,0.0,0.005,0.13,246.0,0.165,0.0,0.0,0.003
13,0,-14000,14000.0,464.121981043877,0.024222712963819504,0.041871993023991916,0.03,44.88,0.098,0.0,7.18,0.007,0.01,24.6,0.046,0.0,0.0,0.003,1927.6840088106837,0.3092539310455322,0.08720256539880819,0.1,126.68999999999998,0.192,0.0,0.0,0.005,0.12,246.0,0.162,0.0,0.0,0.003
13,0,-13500,13500.0,462.83227873293526,0.02039666846394539,0.04020874083483923,0.01,4.56,0.019,0.0,3.59,0.006,0.01,16.4,0.032,0.0,0.0,0.003,2043.4424533610581,0.33891355991363525,0.08989596157473555,0.1,126.68999999999998,0.191,0.0,0.0,0.006,0.11,237.79999999999998,0.158,0.0,0.0,0.003
13,0,-13000,13000.0,618.3359697893593,0.04243766516447067,0.042294124547781205,0.01,9.12,0.02,0.0,3.59,0.006,0.01,16.4,0.04,0.0,0.0,0.002,2093.1900499406765,0.3484160602092743,0.09469102528099167,0.11,129.78,0.191,0.0,0.0,0.006,0.12,254.2,0.16,0.0,0.0,0.004
13,0,-12500,12500.0,928.0273643692453,0.07993082702159882,0.04985741568146182,0.03,53.4,0.103,0.0,0.0,0.002,0.01,24.6,0.045,0.0,0.0,0.002,2034.9142711318564,0.34234485030174255,0.09814890690593395,0.13,148.32,0.197,0.0,3.59,0.007,0.13,262.4,0.161,0.0,1.88,0.004
13,0,-12000,12000.0,1362.8792239609538,0.14423808455467224,0.05775245553124366,0.08,106.8,0.118,0.0,0.0,0.002,0.01,24.6,0.045,0.0,0.0,0.002,1849.261742728413,0.31396815180778503,0.100695585703383,0.15,169.95,0.202,0.0,3.59,0.007,0.16,319.8,0.171,0.0,1.88,0.004
13,0,-11500,11500.0,1841.740328038759,0.22134356200695038,0.0644028356213514,0.11,138.84,0.123,0.0,0.0,0.003,0.01,41.0,0.053,0.0,0.0,0.002,1578.4791663878646,0.26725491881370544,0.10071981678568666,0.12,148.32,0.198,0.0,3.59,0.008,0.19,377.2,0.179,0.0,1.88,0.004
13,0,-11000,11000.0,2349.011055964911,0.3122137188911438,0.07184695815257039,0.14,167.32,0.124,0.0,0.0,0.003,0.01,73.8,0.069,0.0,0.0,0.002,1201.5034266794828,0.19855840504169464,0.0963422561894509,0.09,126.68999999999998,0.194,0.0,3.59,0.008,0.17,344.4,0.176,0.0,1.88,0.004
13,0,-10500,10500.0,2797.2456483939195,0.4004124701023102,0.07754838466527451,0.16,181.56,0.125,0.0,0.0,0.005,0.02,131.2,0.092,0.0,0.0,0.003,817.7287117298242,0.12734179198741913,0.08797250719932183,0.05,83.43,0.178,0.0,7.18,0.008,0.13,295.2,0.17,0.0,1.88,0.004
13,0,-10000,10000.0,3110.0394414472817,0.45538610219955444,0.08266215751957884,0.11,127.6,0.125,0.0,0.0,0.005,0.04,229.60000000000002,0.119,0.0,0.0,0.003,462.00379333595976,0.0648617222905159,0.07055421008750143,0.08,188.6,0.152,0.0,7.18,0.008,0.08,188.6,0.152,0.0,1.88,0.004
13,0,-9500,9500.0,3278.7186729829045,0.46890461444854736,0.0852736603663052,0.11,127.6,0.125,0.0,3.59,0.007,0.06,328.0,0.138,0.0,1.88,0.003,208.87525548388126,0.025253551080822945,0.05073933207695735,0.04,65.03,0.066,0.0,3.59,0.007,0.03,90.2,0.116,0.0,0.0,0.004
13,0,-9000,9000.0,3253.088808870598,0.4180150628089905,0.08582401696161093,0.06,80.4,0.123,0.0,3.59,0.007,0.06,401.8,0.15,0.0,1.88,0.003,72.11324146428524,0.006428456865251064,0.024618321793272665,0.01,32.8,0.075,0.0,3.59,0.007,0.01,32.8,0.075,0.0,0.0,0.004
13,0,-8500,8500.0,3124.5139241225843,0.34467369318008423,0.08398475064190102,0.06,84.42,0.124,0.0,4.56,0.017,0.06,459.20000000000005,0.157,0.0,1.88,0.004,26.788777068486525,0.0008917376981116831,0.012472781626971227,0.0,0.0,0.005,0.0,0.0,0.005,0.0,0.0,0.022,0.0,0.0,0.003
13,0,-8000,8000.0,2941.3062226376496,0.2779795527458191,0.0814112722973097,0.11,155.04,0.111,0.0,12.44,0.017,0.05,442.80000000000007,0.155,0.0,1.88,0.004,35.69918463472277,0.0013326553162187338,0.014285612823281732,0.01,17.58,0.053,0.0,0.0,0.005,0.0,0.0,0.007,0.0,0.0,0.003
13,0,-7500,7500.0,2753.822339810722,0.2595115005970001,0.07838151837972827,0.05,62.92,0.075,0.0,9.33,0.017,0.05,401.8,0.15,0.0,1.88,0.004,74.13388804184251,0.004169585183262825,0.023485683403544268,0.01,13.48,0.042,0.0,0.0,0.002,0.0,0.0,0.001,0.0,0.0,0.001
13,0,-7000,7000.0,2628.6065315889573,0.25035589933395386,0.0755892437510216,0.05,81.28,0.112,0.0,9.33,0.016,0.05,344.4,0.14,0.0,1.88,0.004,147.5838501692806,0.011492193676531315,0.0319557888832692,0.01,4.56,0.021,0.0,0.0,0.002,0.0,0.0,0.001,0.0,0.0,0.001
13,0,-6500,6500.0,2593.625387614884,0.24017396569252014,0.07494846133343921,0.05,66.96,0.115,0.0,7.18,0.007,0.06,287.0,0.13,0.0,1.88,0.004,262.68908844022076,0.026124440133571625,0.04120980346498371,0.01,4.56,0.021,0.0,0.0,0.001,0.0,0.0,0.002,0.0,0.0,0.001
13,0,-6000,6000.0,2644.266345475262,0.21453240513801575,0.07406049230658304,0.09,151.41,0.17,0.0,7.18,0.007,0.08,287.0,0.129,0.0,1.88,0.004,453.6344754923874,0.05627100169658661,0.050261985819089784,0.01,7.6,0.021,0.0,0.0,0.001,0.0,0.0,0.011,0.0,0.0,0.001
13,0,-5500,5500.0,2785.197567502837,0.24713942408561707,0.07515205981350925,0.1,157.59,0.172,0.0,7.18,0.007,0.11,311.6,0.135,0.0,1.88,0.003,710.5009194749982,0.10423962026834488,0.058936192629947454,0.03,53.4,0.116,0.0,0.0,0.002,0.0,8.2,0.028,0.0,0.0,0.002
13,0,-5000,5000.0,2971.3100579559978,0.35221540927886963,0.07779575184321563,0.11,116.0,0.122,0.0,7.18,0.007,0.12,344.4,0.143,0.0,1.88,0.003,1087.3350622155797,0.18831172585487366,0.06571883838225993,0.06,96.12,0.128,0.0,0.0,0.002,0.01,16.4,0.061,0.0,0.0,0.002
13,0,-4500,4500.0,3113.939056228335,0.4546658396720886,0.07998015055683841,0.11,118.9,0.124,0.0,7.18,0.007,0.12,360.8,0.148,0.0,1.88,0.004,1588.825677530167,0.3171752989292145,0.07290680647299133,0.08,121.04000000000002,0.133,0.0,0.0,0.006,0.01,32.8,0.089,0.0,0.0,0.003
13,0,-4000,4000.0,3203.9254512146385,0.5762600302696228,0.08549053514089068,0.19,165.3,0.135,0.0,7.18,0.007,0.08,344.4,0.145,0.0,1.88,0.004,2290.589079124584,0.5286771655082703,0.07870049581511727,0.12,167.32,0.138,0.0,0.0,0.006,0.02,73.8,0.12,0.0,0.0,0.003
13,0,-3500,3500.0,3188.970190290081,0.6821213960647583,0.0908842331678633,0.2,171.1,0.135,0.0,7.18,0.007,0.07,319.8,0.143,0.0,1.88,0.004,3154.2545171778365,0.8117536902427673,0.08419700513328653,0.12,134.42,0.094,0.0,3.59,0.007,0.04,106.6,0.14,0.0,0.0,0.004
13,0,-3000,3000.0,3030.2060369197306,0.6703070402145386,0.0949621531535057,0.11,90.48,0.129,0.0,7.18,0.007,0.11,352.6,0.151,0.0,1.88,0.004,4273.425509171993,1.2810726165771484,0.09142967589141036,0.14,191.7,0.149,0.0,3.59,0.007,0.06,155.8,0.159,0.0,0.0,0.004
13,0,-2500,2500.0,2810.307356339763,0.6174541711807251,0.09804318458494286,0.14,112.56000000000002,0.136,0.0,13.48,0.024,0.15,385.4,0.164,0.0,1.88,0.004,5439.507711347678,1.7795454263687134,0.09652803484620065,0.17,221.4,0.15,0.0,3.59,0.007,0.08,213.2,0.173,0.0,0.0,0.004
13,0,-2000,2000.0,2421.333634557095,0.4809722900390625,0.09287188860433998,0.12,100.5,0.134,0.0,3.11,0.014,0.16,418.2,0.173,0.0,1.88,0.004,6753.789205441708,2.4926705360412598,0.10477899942836644,0.24,299.7,0.153,0.0,3.59,0.007,0.14,328.0,0.192,0.0,1.88,0.004
13,0,-1500,1500.0,2010.718701935184,0.3099397122859955,0.08299633583169025,0.08,72.36,0.127,0.0,3.11,0.013,0.16,418.2,0.178,0.0,1.88,0.004,7902.104391276844,2.931786060333252,0.11051829180381803,0.25,287.02,0.154,0.0,7.18,0.008,0.21,467.3999999999999,0.205,0.0,1.88,0.004
13,0,-1000,1000.0,1747.4252245312528,0.19255805015563965,0.07229006164216145,0.14,134.64,0.114,0.0,8.7,0.059,0.1,287.0,0.161,0.0,1.88,0.004,8806.882955393205,3.1502201557159424,0.11518982103225314,0.27,289.56,0.154,0.0,7.18,0.008,0.34,713.4,0.219,0.0,1.88,0.004
13,0,-500,500.0,1804.6678570830409,0.274867981672287,0.07049509514370085,0.08,105.82,0.089,0.0,12.06,0.067,0.05,155.8,0.131,0.0,1.88,0.003,9344.132554637816,3.7216830253601074,0.11685515899452834,0.37,460.41,0.235,0.0,3.76,0.004,0.48,959.3999999999999,0.227,0.0,3.76,0.004
13,0,0,0.0,2259.873869306739,0.45999810099601746,0.0752499730511561,0.1,108.0,0.133,0.0,12.06,0.068,0.02,73.8,0.095,0.0,1.88,0.003,9453.075832546217,3.834585189819336,0.11587040842163185,0.46,543.84,0.237,0.0,3.76,0.004,0.61,1205.4,0.232,0.0,3.76,0.004
13,0,500,500.0,2984.619327150176,0.7097772359848022,0.08444306682958147,0.15,137.28,0.094,0.0,0.0,0.005,0.01,49.2,0.074,0.0,0.0,0.003,9301.703295072895,3.768494129180908,0.11272440306806993,0.46,522.21,0.236,0.0,5.64,0.004,0.76,1410.4,0.235,0.0,5.64,0.004
13,0,1000,1000.0,3905.1512295143766,1.0546598434448242,0.0950412919937079,0.24,210.6,0.15,0.0,0.0,0.005,0.04,131.2,0.127,0.0,0.0,0.002,9071.978208060891,3.605564832687378,0.11085490649034917,0.45,497.49000000000007,0.236,0.01,5.64,0.004,0.8,1402.2,0.235,0.01,5.64,0.004
13,0,1500,1500.0,4703.4641183448,1.2926018238067627,0.10224288562909942,0.26,203.2,0.152,0.0,3.59,0.006,0.08,254.2,0.16,0.0,0.0,0.003,8838.961845822025,3.4370925426483154,0.10851464743954886,0.53,445.0,0.148,0.01,5.64,0.004,0.79,1336.6,0.234,0.01,5.64,0.004
13,0,2000,2000.0,5358.525753489721,1.6184523105621338,0.1108145751405761,0.25,208.28,0.153,0.0,3.59,0.006,0.17,459.20000000000005,0.191,0.0,0.0,0.003,8836.306957753066,3.343501567840576,0.10792011743861639,0.44,348.0,0.151,0.01,5.64,0.004,0.72,1164.4,0.231,0.01,5.64,0.004
13,0,2500,2500.0,5774.6687601988015,1.724892258644104,0.11640405230875012,0.16,119.0,0.16,0.0,1.88,0.004,0.29,672.4,0.208,0.0,1.88,0.004,9100.366625862029,3.3399953842163086,0.10907352408756274,0.45,353.8,0.151,0.01,3.76,0.004,0.64,975.8,0.227,0.01,3.76,0.004
13,0,3000,3000.0,5826.875258908785,1.603600263595581,0.12103183874467899,0.39,392.43,0.233,0.0,4.56,0.019,0.47,861.0,0.22,0.0,1.88,0.004,9609.435354208023,3.5245440006256104,0.11060465787206648,0.41,327.69999999999993,0.149,0.0,3.76,0.004,0.59,918.4000000000001,0.225,0.0,3.76,0.004
13,0,3500,3500.0,5577.833751342791,1.5101759433746338,0.12192695387664862,0.15,121.8,0.161,0.0,4.56,0.019,0.62,1000.4,0.227,0.0,3.76,0.004,10174.397063976721,3.9066529273986816,0.11148072156587532,0.41,324.80000000000007,0.149,0.0,3.76,0.004,0.54,869.2,0.223,0.0,3.76,0.004
13,0,4000,4000.0,4973.586591902131,1.2142388820648193,0.12051832532640991,0.14,113.40000000000002,0.159,0.0,3.04,0.018,0.59,942.9999999999999,0.227,0.01,3.76,0.004,10939.528253064418,4.502684116363525,0.11576758542840586,1.52,1775.58,0.205,0.0,3.76,0.004,0.52,902.0000000000001,0.222,0.0,3.76,0.004
13,0,4500,4500.0,4232.286478770289,0.8643580079078674,0.11662473959043114,0.49,828.2,0.223,0.0,3.04,0.018,0.49,828.2,0.223,0.01,3.76,0.004,11561.276969636992,5.056276321411133,0.11913911076431603,1.73,1881.06,0.206,0.0,3.76,0.004,0.52,959.3999999999999,0.223,0.0,3.76,0.004
13,0,5000,5000.0,3465.718821489286,0.6054502725601196,0.11027122561217927,0.06,68.6,0.152,0.0,3.04,0.019,0.32,647.8,0.216,0.01,3.76,0.004,11873.191185091446,5.377922534942627,0.12309796571503778,1.74,1845.9,0.206,0.0,3.76,0.004,0.68,1115.2,0.227,0.0,3.76,0.004
13,0,5500,5500.0,2848.193865959456,0.45102956891059875,0.10572718887153412,0.09,160.68,0.21,0.0,9.33,0.021,0.18,500.2,0.206,0.0,1.88,0.004,12077.101901095051,5.486529350280762,0.12737793881526582,0.74,655.08,0.239,0.0,3.76,0.004,0.91,1328.4,0.232,0.0,3.76,0.004
13,0,6000,6000.0,2408.3933983981296,0.3872568607330322,0.09657782549125536,0.08,139.05,0.205,0.0,6.22,0.02,0.14,393.6,0.197,0.0,1.88,0.004,11938.37669939585,5.244215965270996,0.13307261961879263,0.97,794.13,0.243,0.0,5.64,0.004,1.26,1607.2,0.236,0.0,5.64,0.004
13,0,6500,6500.0,2231.646421194122,0.3905104398727417,0.09240379868397551,0.07,132.87,0.203,0.0,7.18,0.007,0.12,336.2,0.189,0.0,1.88,0.004,11457.81816562852,4.812568187713623,0.13834387201595433,1.0,794.13,0.243,0.05,53.13,0.013,1.66,1918.7999999999997,0.24,0.01,5.64,0.004
13,0,7000,7000.0,2321.9018691678684,0.47373679280281067,0.08731567183260784,0.19,386.76,0.171,0.0,7.18,0.007,0.09,295.2,0.184,0.0,1.88,0.004,10153.396066287338,4.022602081298828,0.13974713408319897,1.03,800.31,0.244,0.0,3.04,0.019,1.79,1992.6000000000001,0.242,0.01,5.64,0.004
13,0,7500,7500.0,2650.7879302174842,0.6051326990127563,0.08723125380992577,0.26,465.87,0.177,0.0,3.59,0.007,0.07,270.6,0.179,0.0,1.88,0.004,8637.823201605235,3.2310500144958496,0.14086578136610867,0.94,735.42,0.243,0.0,3.04,0.019,1.83,1992.6000000000001,0.242,0.01,7.52,0.004
13,0,8000,8000.0,3290.0776795093407,0.899943470954895,0.09053127890183975,0.12,153.9,0.147,0.0,3.59,0.007,0.07,246.0,0.174,0.0,1.88,0.003,6856.816356663132,2.4601807594299316,0.13840519809508892,0.85,667.44,0.242,0.0,1.52,0.017,1.66,1836.8000000000002,0.241,0.01,7.52,0.004
13,0,8500,8500.0,4131.344048983874,1.288398027420044,0.09536363662867298,0.17,183.6,0.15,0.0,3.59,0.007,0.07,229.60000000000002,0.173,0.0,0.0,0.003,5182.833703599797,1.7340329885482788,0.13629702791780915,0.66,531.48,0.24,0.0,1.52,0.017,1.46,1656.4,0.239,0.01,5.64,0.004
13,0,9000,9000.0,5252.927724200163,1.7229548692703247,0.10445885575064429,0.31,264.6,0.155,0.0,3.59,0.007,0.12,303.4,0.186,0.0,0.0,0.003,3658.429926486084,1.1497557163238525,0.1277206109364188,0.45,380.07,0.234,0.0,13.48,0.031,1.07,1303.8,0.235,0.01,5.64,0.004
13,0,9500,9500.0,6339.299297740981,2.4617276191711426,0.11079731940234851,0.32,254.0,0.158,0.0,3.59,0.007,0.17,385.4,0.197,0.0,1.88,0.004,2423.171005596248,0.658162534236908,0.12082556467038519,0.29,265.74,0.227,0.0,3.11,0.018,0.7,942.9999999999999,0.227,0.0,3.76,0.004
13,0,10000,10000.0,7438.9061111830915,2.9128785133361816,0.1213984213535609,0.38,281.94,0.159,0.0,3.59,0.007,0.28,574.0,0.212,0.0,1.88,0.004,1554.251029289253,0.34452584385871887,0.10549754555746668,0.42,639.6,0.216,0.0,3.11,0.016,0.42,639.6,0.216,0.0,3.76,0.004
13,0,10500,10500.0,8108.398898868443,3.0106990337371826,0.1277697713197206,0.42,299.72,0.16,0.0,1.88,0.004,0.38,762.6,0.221,0.0,1.88,0.004,924.4328526585178,0.15746673941612244,0.09127934431288813,0.19,352.6,0.194,0.0,3.59,0.008,0.19,352.6,0.194,0.0,1.88,0.004
13,0,11000,11000.0,8166.967039037054,3.1927154064178467,0.13378669795746537,0.45,328.04,0.16,0.0,1.52,0.018,0.51,1000.4,0.23,0.0,3.76,0.004,588.7074986247101,0.07754290103912354,0.07329930157424486,0.1,205.0,0.17,0.0,3.59,0.008,0.1,205.0,0.17,0.0,1.88,0.004
13,0,11500,11500.0,7735.5272121388725,2.9755806922912598,0.13755682354443355,0.59,522.21,0.241,0.0,1.52,0.018,0.79,1221.8,0.235,0.01,3.76,0.004,393.2669788166166,0.036711547523736954,0.05990495233424626,0.02,24.72,0.132,0.0,3.59,0.007,0.04,90.2,0.127,0.0,0.0,0.004
13,0,12000,12000.0,6680.94110064446,2.4395906925201416,0.13837527945963088,0.72,580.92,0.244,0.0,1.52,0.016,1.01,1353.0,0.237,0.01,3.76,0.004,339.2026173321632,0.030685441568493843,0.04973257386338524,0.05,123.06000000000002,0.123,0.0,3.59,0.007,0.02,49.2,0.094,0.0,0.0,0.003
13,0,12500,12500.0,5455.878349639629,1.8673880100250244,0.13690157589408086,0.63,516.03,0.242,0.0,1.52,0.016,1.21,1467.8,0.239,0.01,5.64,0.004,363.546352165811,0.03693939372897148,0.04803909269968292,0.07,149.43,0.124,0.0,0.0,0.006,0.01,16.4,0.06,0.0,0.0,0.003
13,0,13000,13000.0,4068.2742252541293,1.2971751689910889,0.1307547232440908,0.53,441.87,0.24,0.0,3.11,0.019,1.04,1303.8,0.237,0.01,5.64,0.004,465.81018019710996,0.05529157444834709,0.04960808411663188,0.07,158.22,0.119,0.0,0.0,0.006,0.01,16.4,0.045,0.0,0.0,0.003
13,0,13500,13500.0,2840.3032686459474,0.7772253155708313,0.12391938814728605,0.84,1115.2,0.234,0.0,3.11,0.018,0.84,1115.2,0.234,0.01,3.76,0.004,622.9834541429767,0.08388455212116241,0.05436186186945209,0.02,27.0,0.106,0.0,0.0,0.005,0.01,8.2,0.038,0.0,0.0,0.002
13,0,14000,14000.0,1800.275565171933,0.3847315311431885,0.1059318908511357,0.46,746.2,0.224,0.0,3.11,0.016,0.46,746.2,0.224,0.01,3.76,0.004,839.448307596976,0.1281176507472992,0.0617258093923502,0.03,48.6,0.125,0.0,0.0,0.005,0.01,16.4,0.05,0.0,0.0,0.002
13,0,14500,14500.0,1076.4315238075988,0.16400346159934998,0.09082348321693975,0.16,377.2,0.2,0.0,3.11,0.015,0.16,377.2,0.2,0.0,1.88,0.004,1039.19477818186,0.17691975831985474,0.06728109337206421,0.05,56.96,0.118,0.0,0.0,0.004,0.01,32.8,0.067,0.0,0.0,0.002
13,0,15000,15000.0,735.7838471727661,0.09192849695682526,0.07223174472927284,0.09,213.2,0.175,0.0,3.11,0.013,0.09,213.2,0.175,0.0,1.88,0.004,1223.7657043213183,0.23124949634075165,0.07565768856378484,0.09,78.3,0.137,0.0,0.0,0.004,0.03,65.6,0.098,0.0,0.0,0.003
13,0,15500,15500.0,601.0128791581018,0.07355520129203796,0.06393489274821916,0.01,11.2,0.109,0.0,3.59,0.007,0.04,90.2,0.132,0.0,0.0,0.004,1359.6540053749038,0.27661922574043274,0.08284334987433287,0.1,81.20000000000002,0.138,0.0,0.0,0.006,0.05,106.6,0.119,0.0,0.0,0.003
13,0,16000,16000.0,657.5591942580786,0.08685833215713501,0.06215279323426519,0.01,9.800000000000002,0.107,0.0,3.59,0.007,0.03,65.6,0.115,0.0,0.0,0.003,1410.498050289749,0.3066929876804352,0.09105608531936787,0.09,75.4,0.132,0.0,0.0,0.006,0.07,155.8,0.138,0.0,0.0,0.003
13,0,16500,16500.0,777.494693725464,0.10999627411365509,0.06377157946369327,0.01,7.0,0.096,0.0,0.0,0.006,0.02,57.400000000000006,0.103,0.0,0.0,0.003,1364.0579794170458,0.29695597290992737,0.09630338600062253,0.07,54.27,0.139,0.0,3.59,0.007,0.08,196.8,0.147,0.0,0.0,0.004
13,0,17000,17000.0,956.1828814215119,0.14604854583740234,0.06681421539252552,0.02,30.48,0.108,0.0,0.0,0.006,0.02,49.2,0.096,0.0,0.0,0.003,1160.2931453959216,0.23511622846126556,0.09522958334456,0.07,52.26,0.137,0.0,3.59,0.007,0.08,196.8,0.149,0.0,1.88,0.004
13,0,17500,17500.0,1145.2254990065512,0.17682479321956635,0.06995721530637322,0.03,38.1,0.112,0.0,0.0,0.006,0.02,49.2,0.096,0.0,0.0,0.003,873.8140341368734,0.16032569110393524,0.08646633269814334,0.06,44.22,0.132,0.0,3.11,0.014,0.07,172.2,0.145,0.0,1.88,0.004
13,0,18000,18000.0,1332.1128304782633,0.20424941182136536,0.07249752592835862,0.04,52.2,0.115,0.0,0.0,0.006,0.03,73.8,0.114,0.0,0.0,0.003,574.0690314233063,0.08988992124795914,0.07025459641933124,0.1,81.6,0.118,0.0,0.0,0.018,0.05,123.0,0.131,0.0,1.88,0.004
13,0,18500,18500.0,1507.7884472803817,0.21963059902191162,0.07456704219426856,0.02,22.4,0.121,0.0,0.0,0.006,0.04,114.80000000000001,0.133,0.0,0.0,0.003,345.9080803850668,0.04657333344221115,0.052283077434069666,0.12,130.06,0.09,0.0,0.0,0.007,0.03,82.0,0.114,0.0,0.0,0.004
13,0,19000,19000.0,1675.3920348703105,0.21777679026126862,0.0753572190239791,0.02,23.8,0.121,0.0,0.0,0.006,0.06,164.0,0.146,0.0,0.0,0.003,217.52314319089692,0.012693563476204872,0.03614676925989348,0.01,6.03,0.064,0.0,0.0,0.013,0.01,24.6,0.06,0.0,0.0,0.004
13,0,19500,19500.0,1860.4507796084406,0.20277218520641327,0.0761469027233657,0.03,38.19,0.118,0.0,3.59,0.007,0.07,213.2,0.156,0.0,0.0,0.003,257.49620271437834,0.024142082780599594,0.042295909616390855,0.03,31.46,0.081,0.0,0.0,0.006,0.0,0.0,0.015,0.0,0.0,0.003
13,0,20000,20000.0,2090.4535426004004,0.2149350643157959,0.07549185198737182,0.02,30.8,0.125,0.0,3.59,0.007,0.07,221.40000000000003,0.155,0.0,1.88,0.004,403.5545739185636,0.05105912312865257,0.05686032335222303,0.04,31.46,0.083,0.0,0.0,0.006,0.0,0.0,0.012,0.0,0.0,0.003
13,0,20500,20500.0,2381.8251732712915,0.3288241922855377,0.07576101709564478,0.05,65.78,0.08,0.0,3.59,0.007,0.06,221.40000000000003,0.15,0.0,1.88,0.004,578.6628366103486,0.0854920744895935,0.07017144518454173,0.04,37.18,0.084,0.0,0.0,0.003,0.0,8.2,0.022,0.0,0.0,0.002
14,0,-21000,21000.0,120822.38979790063,10.588584899902344,0.17052653845006627,1.14,5682.51,0.312,0.02,109.03999999999999,0.009,1.85,15580.0,0.318,0.02,109.03999999999999,0.009,43336.066492817554,5.002999305725098,0.12025952234036862,0.87,2595.6,0.254,0.09,442.75,0.011,1.23,6527.2,0.243,0.01,41.36,0.007
14,0,-20500,20500.0,117590.70636815146,9.58409309387207,0.16741725267731267,1.13,5410.590000000001,0.308,0.02,99.64,0.009,2.2,15006.0,0.315,0.02,99.64,0.009,39225.906351022786,4.191093444824219,0.11334769090407673,0.91,2509.0799999999995,0.25,0.07,460.46,0.011,1.52,6420.6,0.242,0.02,37.6,0.006
14,0,-20000,20000.0,117204.67441255075,8.078125953674316,0.16505167763042958,1.12,5120.13,0.303,0.02,95.88,0.009,2.25,14227.000000000002,0.309,0.02,95.88,0.009,36511.47883669392,3.3984336853027344,0.10706532569411616,0.96,2434.92,0.248,0.09,619.85,0.014,1.59,6141.8,0.238,0.02,37.6,0.006
14,0,-19500,19500.0,119244.62200754882,6.344236850738525,0.16469241205177537,0.89,4817.31,0.297,0.02,88.36,0.009,2.2,13489.0,0.304,0.02,88.36,0.009,35449.46232615285,2.6009743213653564,0.10406275415229717,0.69,1977.6,0.226,0.01,31.960000000000004,0.006,1.67,5920.4,0.235,0.01,31.960000000000004,0.006
14,0,-19000,19000.0,124663.6930985609,4.968075275421143,0.16655228619843065,1.75,12677.2,0.299,0.02,86.48,0.009,1.75,12677.2,0.299,0.02,86.48,0.009,36103.69716870359,1.9098881483078003,0.10419184376491535,0.61,1511.01,0.2,0.01,30.08,0.006,1.35,4862.6,0.214,0.01,30.08,0.006
14,0,-18500,18500.0,131745.18482382045,5.3637847900390625,0.1696521132440548,0.97,4845.16,0.226,0.02,77.08,0.008,1.27,11963.8,0.293,0.02,77.08,0.008,37718.689146692916,2.2350151538848877,0.10686189934706408,0.47,1480.11,0.198,0.01,18.8,0.004,1.03,3771.9999999999995,0.188,0.01,18.8,0.004
14,0,-18000,18000.0,141100.42852391253,7.0401692390441895,0.17463340777180744,0.81,4525.2,0.246,0.01,75.2,0.008,0.89,12488.6,0.297,0.01,75.2,0.008,40199.47397060334,2.642085313796997,0.11140120791118562,0.57,1348.5,0.16,0.01,15.04,0.004,0.77,3591.6,0.184,0.01,15.04,0.004
14,0,-17500,17500.0,149921.55230801908,8.762825012207031,0.1787210246946426,0.81,4295.14,0.248,0.01,82.72,0.009,1.16,13193.8,0.302,0.01,82.72,0.009,42606.324774373825,3.209599018096924,0.11602144240676521,0.6,1377.5,0.162,0.0,15.04,0.004,0.5,3616.2,0.186,0.0,15.04,0.004
14,0,-17000,17000.0,158184.91031437574,10.608390808105469,0.18306144182120448,0.88,4692.64,0.248,0.01,86.48,0.009,1.11,14694.400000000001,0.311,0.01,86.48,0.009,44286.10977402667,3.4050703048706055,0.11904681137883363,0.33,821.28,0.158,0.0,15.04,0.004,0.33,4436.2,0.207,0.0,15.04,0.004
14,0,-16500,16500.0,164852.15332434204,12.026253700256348,0.18574910485785742,0.48,2478.0,0.26,0.01,103.40000000000002,0.009,1.25,16145.800000000001,0.319,0.01,103.40000000000002,0.009,45891.17307108835,3.3434205055236816,0.12154099262818673,0.42,988.92,0.165,0.01,24.44,0.005,0.55,5330.0,0.226,0.01,24.44,0.005
14,0,-16000,16000.0,169710.90546522665,12.874170303344727,0.186775877827186,1.18,6930.87,0.328,0.02,109.03999999999999,0.009,1.78,17351.2,0.325,0.02,109.03999999999999,0.009,46868.73602014361,3.0040650367736816,0.12356035079686685,0.37,990.93,0.165,0.01,26.320000000000004,0.005,0.69,5764.6,0.234,0.01,26.320000000000004,0.005
14,0,-15500,15500.0,174280.9661205975,13.220632553100586,0.18716984236632772,1.1,7153.35,0.33,0.02,122.2,0.01,2.3,18425.4,0.33,0.02,122.2,0.01,47059.79363855082,3.367804527282715,0.12375681773271503,1.41,5977.2,0.21,0.01,69.92,0.019,0.7,6035.2,0.239,0.02,31.960000000000004,0.006
14,0,-15000,15000.0,178839.60764481733,12.607526779174805,0.1872829924440717,1.0,7416.0,0.332,0.03,125.96000000000001,0.01,2.05,19040.4,0.332,0.03,125.96000000000001,0.01,46648.6006362452,3.564275026321411,0.1228670348574781,1.57,6478.23,0.217,0.12,655.27,0.014,0.75,5633.4,0.231,0.02,33.84,0.006
14,0,-14500,14500.0,184017.5066840875,11.536968231201172,0.18760468412119322,1.0,6098.28,0.24,0.02,131.6,0.01,1.84,19729.2,0.336,0.02,131.6,0.01,46238.70849058003,3.509277105331421,0.12228196007364206,1.36,6654.03,0.22,0.01,30.08,0.005,0.54,5149.6,0.221,0.01,30.08,0.005
14,0,-14000,14000.0,190374.68090729782,10.369588851928711,0.18958032898049723,0.91,5344.7,0.247,0.02,131.6,0.01,1.88,19868.6,0.337,0.02,131.6,0.01,45749.938051174104,3.316602945327759,0.12035959225940182,0.47,2280.42,0.242,0.01,28.2,0.005,0.61,5297.2,0.224,0.01,28.2,0.005
14,0,-13500,13500.0,197814.3897245858,10.50694751739502,0.1927446505529293,0.88,5394.96,0.261,0.02,131.6,0.01,1.89,20188.4,0.34,0.02,131.6,0.01,45915.016028469836,3.6116526126861572,0.11964324390648276,0.51,2370.03,0.246,0.01,30.08,0.005,0.71,5666.2,0.231,0.01,30.08,0.005
14,0,-13000,13000.0,205114.29984501132,10.786055564880371,0.19630529468787425,0.95,5896.38,0.261,0.02,131.6,0.01,1.77,21451.2,0.351,0.02,131.6,0.01,46477.91413246814,4.0121612548828125,0.12009685734357262,0.56,2472.0,0.25,0.01,30.08,0.005,0.83,5830.2,0.234,0.01,30.08,0.005
14,0,-12500,12500.0,211302.22826076346,11.453429222106934,0.19946461104119023,0.53,3115.0,0.274,0.02,139.12,0.01,1.64,23009.2,0.365,0.02,139.12,0.01,47468.45119432983,4.421262741088867,0.12153840355862963,0.61,2339.13,0.244,0.01,30.08,0.005,1.0,6043.4,0.238,0.01,30.08,0.005
14,0,-12000,12000.0,214972.4231831461,11.5244140625,0.20154606677221906,1.24,10771.74,0.4,0.02,141.0,0.01,1.6,25698.8,0.386,0.02,141.0,0.01,48439.1336335766,4.786890029907227,0.12489819156214163,0.66,2203.17,0.239,0.01,30.08,0.005,1.03,5740.0,0.232,0.01,30.08,0.005
14,0,-11500,11500.0,215961.64418977284,11.646154403686523,0.20204986981237222,1.18,10886.069999999998,0.402,0.03,161.68,0.011,2.04,28290.0,0.405,0.03,161.68,0.011,48523.12741619841,4.793900012969971,0.12748709674412742,0.7,2277.33,0.242,0.01,28.2,0.005,1.05,5444.8,0.227,0.01,28.2,0.005
14,0,-11000,11000.0,213582.46769239323,11.38351058959961,0.20140985601454187,1.41,11043.66,0.405,0.03,165.44,0.011,2.07,29011.600000000002,0.41,0.03,165.44,0.011,46995.65880532749,4.533843040466309,0.12817414504466476,0.73,2385.48,0.247,0.09,425.04,0.011,1.14,5707.2,0.232,0.01,26.320000000000004,0.005
14,0,-10500,10500.0,210418.08485927177,11.464378356933594,0.20023863904515218,1.46,10465.83,0.394,0.03,169.2,0.011,2.81,29339.6,0.412,0.03,169.2,0.011,43737.34732531447,4.15158224105835,0.12568465668931011,0.73,2499.81,0.25,0.07,371.91,0.011,1.23,5994.2,0.237,0.01,30.08,0.005
14,0,-10000,10000.0,206258.05917484977,12.004344940185547,0.19906114461893357,1.53,9869.46,0.383,0.03,169.2,0.011,3.1,28232.6,0.404,0.03,169.2,0.011,39016.615513563534,3.551614284515381,0.11842560509232218,0.77,2651.22,0.256,0.06,371.91,0.011,1.3,6322.2,0.242,0.01,31.960000000000004,0.006
14,0,-9500,9500.0,202176.61616280384,12.524704933166504,0.19803925819665422,3.05,26863.2,0.394,0.03,161.68,0.01,3.05,26863.2,0.394,0.03,161.68,0.01,34730.4106260025,2.9960477352142334,0.1104411143702602,0.6,2280.42,0.241,0.06,407.33,0.011,1.34,6617.4,0.247,0.01,35.72,0.006
14,0,-9000,9000.0,197611.80914787983,12.530060768127441,0.19732964150837093,1.01,5582.239999999999,0.257,0.03,159.8,0.01,2.24,25559.4,0.384,0.03,159.8,0.01,30722.832132023814,2.129295825958252,0.09934340296468085,0.46,1897.26,0.223,0.08,478.1700000000001,0.011,1.16,5781.0,0.233,0.01,37.6,0.006
14,0,-8500,8500.0,192639.49946764042,12.266717910766602,0.19681347750694525,0.56,2947.0,0.269,0.02,156.04,0.01,1.67,24124.4,0.373,0.02,156.04,0.01,29232.635883513303,1.2570008039474487,0.09425174750919536,0.91,4805.2,0.214,0.01,28.2,0.005,0.91,4805.2,0.214,0.01,28.2,0.005
14,0,-8000,8000.0,186148.9907894429,11.270017623901367,0.19585680611565007,0.53,2909.2,0.268,0.03,154.16,0.01,1.9,23558.6,0.368,0.03,154.16,0.01,30492.472652062952,1.4012846946716309,0.09406004007494267,0.37,1253.12,0.132,0.01,24.44,0.005,0.46,3468.6000000000004,0.183,0.01,24.44,0.005
14,0,-7500,7500.0,178525.8989149821,10.08010196685791,0.19435496336158392,1.0,8281.2,0.347,0.03,150.4,0.01,2.13,23124.0,0.364,0.03,150.4,0.01,33917.26861909147,2.051828145980835,0.09919386117593411,0.68,1619.8,0.152,0.0,13.160000000000002,0.004,0.24,2607.6,0.168,0.0,13.160000000000002,0.004
14,0,-7000,7000.0,169373.96038851875,8.45118522644043,0.1917203123781005,0.87,8265.75,0.347,0.03,148.52,0.01,1.83,22574.6,0.359,0.03,148.52,0.01,39166.15033678977,2.8342838287353516,0.10587162135193545,0.63,1418.1,0.16,0.0,13.160000000000002,0.004,0.22,2640.4,0.167,0.0,13.160000000000002,0.004
14,0,-6500,6500.0,160049.60223322397,6.665637493133545,0.18869322443010422,0.34,2493.4,0.258,0.02,142.88,0.01,1.68,22353.2,0.357,0.02,142.88,0.01,45998.23714634291,3.6854867935180664,0.1146186544232376,0.66,1473.2,0.163,0.0,13.160000000000002,0.004,0.22,2911.0,0.173,0.0,13.160000000000002,0.004
14,0,-6000,6000.0,150202.67179323657,6.149860858917236,0.18387087816720005,0.79,7419.090000000001,0.33,0.02,142.88,0.01,1.42,20910.0,0.345,0.02,142.88,0.01,54153.58048247618,5.263810634613037,0.1251232857571241,0.82,1989.4,0.187,0.0,13.160000000000002,0.004,0.32,3591.6,0.181,0.0,13.160000000000002,0.004
14,0,-5500,5500.0,142115.61166054467,7.3748016357421875,0.18019537407018332,0.29,2189.6,0.25,0.02,133.48,0.01,1.34,19622.6,0.333,0.02,133.48,0.01,62340.61311867179,6.677172660827637,0.13442339969303815,0.83,2032.9,0.189,0.01,18.8,0.004,0.39,4772.4,0.209,0.01,18.8,0.004
14,0,-5000,5000.0,136121.5795715442,8.40992259979248,0.17643354773652445,0.61,3342.6,0.226,0.02,129.72,0.01,0.98,18253.2,0.328,0.02,129.72,0.01,69263.30071133067,7.122198104858398,0.1421932940186485,0.44,1214.52,0.184,0.01,22.56,0.005,0.73,5576.0,0.224,0.01,22.56,0.005
14,0,-4500,4500.0,132521.29060536134,9.754887580871582,0.17446188295715778,0.62,3169.92,0.228,0.02,116.56,0.01,0.99,16826.4,0.322,0.02,116.56,0.01,74619.22776745632,6.984617233276367,0.14736816260566135,0.56,1459.26,0.192,0.01,31.960000000000004,0.006,1.14,6305.8,0.237,0.01,31.960000000000004,0.006
14,0,-4000,4000.0,131553.1366834066,11.182238578796387,0.17302207301106876,0.81,5534.19,0.309,0.02,112.8,0.009,1.19,15744.0,0.316,0.02,112.8,0.009,78257.94598878283,6.174563884735107,0.15061857320041153,0.81,3346.47,0.276,0.01,35.72,0.006,1.31,7486.600000000001,0.255,0.01,35.72,0.006
14,0,-3500,3500.0,132335.61348557984,11.56378173828125,0.17306842190814503,0.83,5441.49,0.308,0.01,99.64,0.009,1.52,14776.4,0.311,0.01,99.64,0.009,80983.18591673978,6.097437381744385,0.15223374203022452,0.72,3584.4,0.282,0.02,48.88,0.007,1.37,8618.2,0.271,0.02,48.88,0.007
14,0,-3000,3000.0,135034.13871659557,10.793922424316406,0.17448777051259756,0.86,5354.969999999999,0.307,0.02,97.76,0.009,1.69,14407.4,0.31,0.02,97.76,0.009,83116.7552044024,6.66871976852417,0.15273841058162477,0.65,3859.41,0.288,0.02,52.64000000000001,0.007,1.2,9208.6,0.277,0.02,52.64000000000001,0.007
14,0,-2500,2500.0,137822.47708696523,9.577383041381836,0.1760462065470521,0.76,3796.1,0.226,0.02,94.0,0.009,1.77,14202.4,0.309,0.02,94.0,0.009,85821.08280455186,7.127895355224609,0.15353992186162338,0.52,2044.5,0.188,0.02,58.28,0.008,1.18,9790.8,0.282,0.02,58.28,0.008
14,0,-2000,2000.0,141282.17926670623,8.687499046325684,0.1779263642659325,0.69,4050.46,0.239,0.02,92.12,0.009,1.43,14604.199999999999,0.311,0.02,92.12,0.009,89706.79558801274,7.359367847442627,0.15430495170556116,0.49,2260.14,0.203,0.02,58.28,0.008,0.93,9676.0,0.28,0.02,58.28,0.008
14,0,-1500,1500.0,144779.6256873936,7.551793098449707,0.17965079233579467,0.38,2140.6,0.25,0.01,95.88,0.009,1.06,15153.6,0.315,0.01,95.88,0.009,94559.88671781751,7.817198276519775,0.15584379089580838,0.27,1197.0,0.213,0.02,58.28,0.008,0.93,9569.4,0.279,0.02,58.28,0.008
14,0,-1000,1000.0,147916.8040328034,6.093526840209961,0.18043524818759366,0.35,2140.6,0.25,0.02,97.76,0.009,1.17,15957.2,0.319,0.02,97.76,0.009,101430.22078358132,7.976625442504883,0.1579824009391341,0.27,1230.5999999999997,0.215,0.01,56.4,0.007,1.06,9725.2,0.281,0.01,56.4,0.007
14,0,-500,500.0,150294.3239845668,6.013095378875732,0.18036523118421982,0.34,2799.93,0.231,0.02,107.15999999999998,0.009,1.27,16703.4,0.323,0.02,107.15999999999998,0.009,109815.48840800917,7.8357367515563965,0.1612910188718063,0.72,4613.76,0.225,0.01,58.28,0.008,1.14,10004.0,0.285,0.01,58.28,0.008
14,0,0,0.0,152579.14615725982,7.340854167938232,0.18061172424877195,0.8,5233.2,0.23,0.02,109.03999999999999,0.009,1.12,16727.999999999996,0.323,0.02,109.03999999999999,0.009,120031.18074452892,8.699882507324219,0.16672470301385223,0.67,3874.4,0.23,0.01,58.28,0.008,1.15,10758.4,0.291,0.01,58.28,0.008
14,0,500,500.0,154715.20539475133,9.13973331451416,0.18085742156347143,1.09,5432.56,0.233,0.02,109.03999999999999,0.009,1.12,16670.6,0.323,0.02,109.03999999999999,0.009,129678.99635787764,9.586997985839844,0.17131509093758468,0.62,3698.24,0.241,0.01,67.68,0.008,1.14,11619.4,0.297,0.01,67.68,0.008
14,0,1000,1000.0,156701.87387515133,10.995244979858398,0.1813967699197526,1.53,5745.84,0.237,0.02,109.03999999999999,0.009,0.92,16719.8,0.323,0.02,109.03999999999999,0.009,138604.28965245496,10.534967422485352,0.17713818146646407,0.73,4395.6,0.247,0.02,71.44,0.008,1.07,12562.4,0.303,0.02,71.44,0.008
14,0,1500,1500.0,158886.8238315208,12.437978744506836,0.18251703049485218,1.79,5941.64,0.239,0.01,109.03999999999999,0.009,0.88,16892.0,0.324,0.01,109.03999999999999,0.009,145436.16878459204,11.633919715881348,0.18131911845567159,0.78,4290.3,0.245,0.01,82.72,0.009,1.3,13456.2,0.309,0.01,82.72,0.009
14,0,2000,2000.0,160511.48186620668,13.934466361999512,0.1847454215455505,1.51,4953.199999999999,0.244,0.01,110.92,0.01,1.07,17375.8,0.327,0.01,110.92,0.01,148973.57901095826,13.100493431091309,0.18424179622683848,0.93,4031.1,0.242,0.01,84.6,0.009,1.55,14924.0,0.317,0.01,84.6,0.009
14,0,2500,2500.0,160444.96096042678,14.869004249572754,0.1860720078304244,1.53,4976.4,0.244,0.02,116.56,0.01,1.23,17785.8,0.328,0.02,116.56,0.01,150172.62941471097,14.8870267868042,0.18522411466462985,0.94,3820.16,0.244,0.02,101.52,0.009,1.78,16285.2,0.324,0.02,101.52,0.009
14,0,3000,3000.0,157790.43739755836,15.16146183013916,0.18691686312419187,1.33,4706.7,0.242,0.02,118.44,0.01,1.41,18048.2,0.33,0.02,118.44,0.01,148651.52531374348,16.654016494750977,0.18608645689080086,1.04,3693.16,0.242,0.02,107.15999999999998,0.009,1.96,17129.8,0.328,0.02,107.15999999999998,0.009
14,0,3500,3500.0,153616.63796344365,14.872547149658203,0.18673475333885636,0.96,3408.96,0.244,0.03,122.2,0.01,1.77,18146.6,0.33,0.03,122.2,0.01,145909.76258164755,18.24702262878418,0.18602213202996123,1.1,3627.12,0.241,0.02,116.56,0.01,2.14,17720.2,0.33,0.02,116.56,0.01
14,0,4000,4000.0,147300.449042879,13.254754066467285,0.1847966949456658,0.91,3340.62,0.243,0.03,124.08,0.01,2.19,18105.6,0.331,0.03,124.08,0.01,140708.46750094387,20.644054412841797,0.18568913523773634,1.12,3522.98,0.239,0.02,120.32,0.01,2.34,17072.4,0.327,0.02,120.32,0.01
14,0,4500,4500.0,140548.01820748294,11.795268058776855,0.18208654058616783,0.81,3181.83,0.241,0.03,125.96000000000001,0.01,2.53,17925.2,0.331,0.03,125.96000000000001,0.01,134810.28023808167,22.52730941772461,0.18521484515876632,1.44,6062.58,0.322,0.03,110.92,0.009,2.51,16416.4,0.325,0.03,110.92,0.009
14,0,5000,5000.0,133613.81958728773,12.003698348999023,0.17844294704809238,1.46,5891.52,0.219,0.03,125.96000000000001,0.01,2.47,17138.0,0.328,0.03,125.96000000000001,0.01,127477.90877670486,23.31267738342285,0.18339916917768243,1.56,6031.68,0.323,0.03,109.03999999999999,0.009,2.76,16129.400000000001,0.324,0.03,109.03999999999999,0.009
14,0,5500,5500.0,128306.13270659806,12.416386604309082,0.1757893888451091,3.08,12877.35,0.265,0.03,114.68,0.009,2.31,16326.2,0.325,0.03,114.68,0.009,119034.17251639157,22.330669403076172,0.18047322238868763,1.68,6050.219999999999,0.323,0.03,105.28000000000002,0.009,2.99,16014.600000000002,0.325,0.03,105.28000000000002,0.009
14,0,6000,6000.0,124750.75726312883,12.369439125061035,0.17379264570117853,1.21,5277.719999999999,0.311,0.02,110.92,0.009,1.96,15227.4,0.319,0.02,110.92,0.009,108930.59498982894,18.71030044555664,0.17416267349471176,1.79,6090.39,0.325,0.3,1593.9,0.024,3.28,15916.2,0.325,0.04,103.40000000000002,0.009
14,0,6500,6500.0,123486.95267085638,12.815019607543945,0.17418304631232867,1.4,5194.29,0.31,0.02,99.64,0.009,2.23,14284.400000000001,0.314,0.02,99.64,0.009,99883.60879711661,14.861278533935547,0.16831336821873488,1.75,5663.969999999999,0.319,0.37,1558.48,0.023,3.57,15899.8,0.326,0.04,103.40000000000002,0.009
14,0,7000,7000.0,122972.25017899378,13.483524322509766,0.17431563865546196,1.61,5110.86,0.309,0.02,95.88,0.009,2.51,13759.600000000002,0.311,0.02,95.88,0.009,91636.6185766076,10.876784324645996,0.16162525335655056,1.7,5209.74,0.312,0.36,1540.77,0.023,3.54,14866.6,0.32,0.04,103.40000000000002,0.009
14,0,7500,7500.0,122963.3931826,14.84692668914795,0.17539501940773905,1.72,5388.96,0.312,0.02,88.36,0.009,2.8,13530.0,0.309,0.02,88.36,0.009,85396.65390839541,7.306519508361816,0.1569679251317983,3.42,13677.6,0.312,0.03,92.12,0.009,3.42,13677.6,0.312,0.03,92.12,0.009
14,0,8000,8000.0,122365.41658060065,16.0301513671875,0.17507697073655576,1.84,5707.23,0.317,0.03,86.48,0.009,2.96,14136.799999999997,0.312,0.03,86.48,0.009,80785.67476644789,6.205105781555176,0.15197947209190774,2.42,11676.8,0.298,0.28,1593.9,0.024,2.42,11676.8,0.298,0.03,88.36,0.009
14,0,8500,8500.0,121515.0799775915,16.637231826782227,0.1743801677135472,1.83,5759.76,0.317,0.03,92.12,0.009,3.16,14858.4,0.316,0.03,92.12,0.009,78449.42020858299,6.2071075439453125,0.15016473643263173,0.41,1624.32,0.194,0.02,65.8,0.008,1.43,9790.8,0.281,0.02,65.8,0.008
14,0,9000,9000.0,119913.93854885247,15.884135246276855,0.17239955280524985,1.83,5830.83,0.318,0.03,94.0,0.009,3.37,15071.6,0.317,0.03,94.0,0.009,78615.96977179748,6.100696563720703,0.14932112348496296,0.67,3346.47,0.274,0.02,60.16,0.008,1.04,9167.6,0.275,0.02,60.16,0.008
14,0,9500,9500.0,119028.38196448857,14.442546844482422,0.17114625127311112,1.58,5500.2,0.313,0.04,95.88,0.009,3.42,15202.8,0.318,0.04,95.88,0.009,79702.48034309364,5.960736274719238,0.1496957690720926,0.67,3439.1700000000005,0.276,0.01,54.519999999999996,0.007,1.06,8741.2,0.271,0.01,54.519999999999996,0.007
14,0,10000,10000.0,118732.65342208816,12.541448593139648,0.16885503559125165,1.31,5154.12,0.308,0.04,97.76,0.009,3.09,14538.6,0.314,0.04,97.76,0.009,82063.16304911653,5.878768444061279,0.15046627880129052,0.67,3550.41,0.28,0.02,52.64000000000001,0.007,1.12,8823.2,0.272,0.02,52.64000000000001,0.007
14,0,10500,10500.0,120112.83886257352,10.668913841247559,0.16805996832067674,1.08,5039.79,0.306,0.03,92.12,0.009,2.65,13735.0,0.31,0.03,92.12,0.009,85752.64952353537,5.850738525390625,0.15275960842617528,0.45,2313.94,0.213,0.02,52.64000000000001,0.007,1.12,9061.0,0.275,0.02,52.64000000000001,0.007
14,0,11000,11000.0,124282.3002666606,9.257314682006836,0.168611848625907,0.88,3523.5,0.223,0.03,90.24,0.009,2.18,13366.0,0.307,0.03,90.24,0.009,91107.26267649207,5.8738837242126465,0.1555503926286895,0.57,2797.2,0.222,0.02,52.64000000000001,0.007,0.96,9348.0,0.278,0.02,52.64000000000001,0.007
14,0,11500,11500.0,129639.37325376646,8.826133728027344,0.16995183807743516,0.88,3552.5,0.223,0.02,86.48,0.009,1.74,13087.2,0.306,0.02,86.48,0.009,97616.1650122136,6.593727111816406,0.15900742614323216,0.59,2659.38,0.224,0.01,54.519999999999996,0.007,0.99,9700.6,0.282,0.01,54.519999999999996,0.007
14,0,12000,12000.0,137049.2047272608,8.783926963806152,0.1729081881267254,0.57,2303.46,0.219,0.02,84.6,0.009,1.49,13062.6,0.305,0.02,84.6,0.009,105824.07754964843,6.95643949508667,0.16317444483525312,2.04,12033.51,0.267,0.01,56.4,0.007,0.95,10053.2,0.286,0.01,56.4,0.007
14,0,12500,12500.0,144557.46092176012,8.649480819702148,0.17601150574450847,0.59,2520.54,0.226,0.02,82.72,0.009,1.28,13177.4,0.306,0.02,82.72,0.009,115103.69351751485,9.3021240234375,0.16766631184562622,2.59,13633.29,0.276,0.02,62.04,0.008,0.99,10282.8,0.289,0.02,62.04,0.008
14,0,13000,13000.0,151864.1039774313,8.839284896850586,0.17915862982711253,0.89,5806.11,0.317,0.02,82.72,0.009,1.22,14145.0,0.312,0.02,82.72,0.009,125445.45071296168,12.33166217803955,0.17328092803264794,3.27,15663.78,0.285,0.02,65.8,0.008,1.29,10889.6,0.295,0.02,65.8,0.008
14,0,13500,13500.0,159089.68033141864,9.565921783447266,0.18220906952846705,1.08,6210.9,0.322,0.02,94.0,0.009,1.38,15235.599999999999,0.317,0.02,94.0,0.009,135075.9345617928,14.606021881103516,0.17763943645893412,4.39,17193.24,0.291,0.02,71.44,0.008,1.4,11529.2,0.302,0.02,71.44,0.008
14,0,14000,14000.0,164968.8094248339,9.816072463989258,0.18531163432004738,1.29,6683.67,0.327,0.02,97.76,0.009,1.75,16514.8,0.324,0.02,97.76,0.009,143594.5893780652,19.209253311157227,0.1819596694388138,5.56,17975.55,0.294,0.02,73.32,0.008,1.59,12587.0,0.31,0.02,73.32,0.008
14,0,14500,14500.0,169082.22779156858,9.743121147155762,0.18690707053285158,0.97,6726.93,0.328,0.02,112.8,0.009,2.09,17671.0,0.329,0.02,112.8,0.009,149548.21470976347,24.629209518432617,0.18366631554531024,6.49,18344.73,0.295,0.02,88.36,0.009,1.8,13767.8,0.319,0.02,88.36,0.009
14,0,15000,15000.0,171527.20258985547,9.371993064880371,0.18895938236060425,0.46,2895.36,0.234,0.03,116.56,0.01,1.64,18138.4,0.331,0.03,116.56,0.01,151228.1359581945,28.641178131103516,0.18184917348482263,2.24,4468.5,0.254,0.02,90.24,0.009,2.32,15497.999999999998,0.328,0.02,90.24,0.009
14,0,15500,15500.0,171507.08604247868,9.821271896362305,0.1894180743526185,0.4,2618.0,0.265,0.02,124.08,0.01,1.45,18376.2,0.333,0.02,124.08,0.01,150974.67272549862,31.359012603759766,0.17853796245141715,2.32,4446.9,0.254,0.03,109.03999999999999,0.01,3.23,17293.8,0.337,0.03,109.03999999999999,0.01
14,0,16000,16000.0,169373.78535887558,9.24509048461914,0.18842266710715008,0.82,4506.6,0.237,0.03,127.84000000000002,0.01,1.61,18794.4,0.334,0.03,127.84000000000002,0.01,150986.14270086784,34.44612503051758,0.17650926361765745,2.52,4401.0,0.256,0.03,114.68,0.01,4.52,18384.4,0.342,0.03,114.68,0.01
14,0,16500,16500.0,166849.4072022988,9.66319751739502,0.18705959732647448,0.91,7221.33,0.332,0.03,129.72,0.01,1.71,19204.4,0.336,0.03,129.72,0.01,151062.28622521937,36.192684173583984,0.1745514910002188,3.22,7323.3,0.344,0.05,124.08,0.01,5.81,19368.4,0.346,0.05,124.08,0.01
14,0,17000,17000.0,164266.42040657593,10.07473087310791,0.1854030646778976,0.98,7326.39,0.333,0.03,131.6,0.01,1.8,19343.8,0.336,0.03,131.6,0.01,151703.77759198006,38.53883361816406,0.1729880896316436,3.65,7465.44,0.353,0.05,125.96000000000001,0.01,7.03,19606.2,0.351,0.05,125.96000000000001,0.01
14,0,17500,17500.0,161969.82106893134,10.976176261901855,0.18376367799469445,1.13,5852.64,0.238,0.02,131.6,0.01,1.9,19532.4,0.337,0.02,131.6,0.01,153033.8255111266,39.63384246826172,0.17215827128057656,3.67,7270.77,0.349,0.06,124.08,0.01,8.04,19934.2,0.36,0.06,124.08,0.01
14,0,18000,18000.0,160646.10835308998,11.840288162231445,0.18240763871638768,1.24,6012.84,0.24,0.02,131.6,0.01,1.48,18638.6,0.333,0.02,131.6,0.01,154572.80673385764,40.94131088256836,0.17176519848358493,3.71,7085.37,0.346,0.07,124.08,0.01,8.34,19622.6,0.359,0.07,124.08,0.01
14,0,18500,18500.0,160994.76826145977,12.786062240600586,0.18255937184385068,1.29,6119.64,0.241,0.02,120.32,0.01,1.77,17753.0,0.33,0.02,120.32,0.01,156638.60055663495,41.82895278930664,0.17240769107219842,3.72,7236.780000000001,0.349,0.07,122.2,0.01,8.43,19253.6,0.357,0.07,122.2,0.01
14,0,19000,19000.0,162854.68623363524,13.933234214782715,0.18283064165702045,3.69,16393.35,0.282,0.02,116.56,0.01,1.88,17425.0,0.328,0.02,116.56,0.01,159538.53722714356,42.32253646850586,0.1753093932929829,3.73,7456.17,0.355,0.07,120.32,0.01,8.52,19819.4,0.363,0.07,120.32,0.01
14,0,19500,19500.0,165710.74802610674,15.612174987792969,0.18383604975574658,4.06,16446.09,0.283,0.02,112.8,0.009,1.88,17236.4,0.328,0.02,112.8,0.009,160619.9860366878,42.54356384277344,0.1771583752465433,3.75,7709.55,0.362,0.08,125.96000000000001,0.01,8.56,20467.2,0.37,0.08,125.96000000000001,0.01
14,0,20000,20000.0,168230.40414356,18.0076904296875,0.18512143969349376,1.59,4922.1,0.254,0.02,112.8,0.009,1.72,17425.0,0.329,0.02,112.8,0.009,161264.39731654373,42.644466400146484,0.18042525106664314,3.79,8049.45,0.372,0.08,125.96000000000001,0.01,8.74,21648.0,0.38,0.08,125.96000000000001,0.01
14,0,20500,20500.0,170388.7460770995,21.112043380737305,0.18661698535075844,2.26,6586.0,0.246,0.02,116.56,0.01,1.96,17654.6,0.33,0.02,116.56,0.01,160603.700130174,42.258644104003906,0.1832969940394799,3.72,7762.08,0.365,0.08,135.36,0.01,8.83,22484.4,0.388,0.08,135.36,0.01
15,0,-21000,21000.0,65967.73854078638,3.4050304889678955,0.15222810924833058,0.26,2035.7999999999997,0.204,0.01,35.72,0.007,0.54,6691.2,0.267,0.01,35.72,0.007,67554.07453020121,7.050704479217529,0.16574281390644532,0.57,4038.63,0.31,0.01,77.08,0.009,1.26,11340.6,0.316,0.01,77.08,0.009
15,0,-20500,20500.0,68319.56990799081,3.4726405143737793,0.15434713201433747,0.26,2044.5,0.204,0.0,43.24,0.007,0.58,7240.6,0.276,0.0,43.24,0.007,57888.05086293469,5.920656681060791,0.15542212053341245,0.54,3457.71,0.298,0.07,425.04,0.012,1.32,10750.2,0.313,0.01,71.44,0.009
15,0,-20000,20000.0,70372.63599117869,3.5292441844940186,0.15554607577925372,0.27,2842.8,0.281,0.01,45.12,0.007,0.56,7478.399999999999,0.28,0.01,45.12,0.007,48548.50829239431,4.516645431518555,0.14181283184635382,0.51,2830.44,0.282,0.07,407.33,0.012,1.2,9184.0,0.3,0.01,69.56,0.009
15,0,-19500,19500.0,72487.53854320003,3.5197908878326416,0.15644429745314367,0.27,1441.44,0.137,0.01,47.0,0.008,0.53,7609.599999999999,0.282,0.01,47.0,0.008,41053.16848321054,3.866549015045166,0.13024289538130654,1.35,4562.01,0.203,0.08,407.33,0.012,1.07,7626.000000000001,0.284,0.01,50.76,0.008
15,0,-19000,19000.0,75190.56163024597,4.186086654663086,0.15819115573193854,0.36,2211.3,0.222,0.01,48.88,0.008,0.54,7650.6,0.283,0.01,48.88,0.008,35562.79225877806,3.23075795173645,0.11893464906587091,0.36,1921.98,0.245,0.07,442.75,0.012,0.85,6174.6,0.263,0.01,47.0,0.008
15,0,-18500,18500.0,78134.27196623707,5.204923629760742,0.1599208029932212,0.36,2095.5,0.223,0.01,48.88,0.008,0.52,7667.0,0.283,0.01,48.88,0.008,32310.717897996074,2.6202051639556885,0.11286211484784803,0.5,1804.56,0.238,0.07,478.1700000000001,0.013,0.77,4993.8,0.242,0.01,30.08,0.006
15,0,-18000,18000.0,81716.78467437018,6.74267578125,0.164366104891819,1.38,9326.19,0.261,0.01,48.88,0.008,0.48,7798.2,0.286,0.01,48.88,0.008,30614.92448856152,2.057241439819336,0.10833015109876105,0.62,1690.23,0.232,0.01,26.320000000000004,0.006,0.9,4501.8,0.23,0.01,26.320000000000004,0.006
15,0,-17500,17500.0,84546.35972480683,7.836042404174805,0.16802011553218268,0.33,1732.32,0.216,0.01,50.76,0.008,0.48,8019.599999999999,0.29,0.01,50.76,0.008,29860.85505693045,1.5741908550262451,0.10633721684529482,0.51,1628.4299999999998,0.227,0.01,20.68,0.005,0.95,4181.999999999999,0.222,0.01,20.68,0.005
15,0,-17000,17000.0,85873.09787246078,7.845516681671143,0.17142371885753233,0.6,3463.8900000000003,0.301,0.01,50.76,0.008,0.82,8610.0,0.296,0.01,50.76,0.008,29925.609314785106,1.8038402795791626,0.10708575409509738,0.39,1569.72,0.223,0.01,20.68,0.005,0.77,4026.2,0.217,0.01,20.68,0.005
15,0,-16500,16500.0,85674.90897694697,7.6836771965026855,0.17320596229925384,0.62,3708.0,0.304,0.01,56.4,0.008,1.17,9225.0,0.303,0.01,56.4,0.008,29928.100698877824,2.1832869052886963,0.10810778397217817,0.64,3753.3299999999995,0.184,0.01,53.85,0.008,0.56,3878.6000000000004,0.212,0.01,18.8,0.005
15,0,-16000,16000.0,82871.27214272972,6.902261734008789,0.17247390988193312,0.64,3998.46,0.309,0.01,58.28,0.008,1.27,9954.8,0.307,0.01,58.28,0.008,29397.73844088195,2.77958607673645,0.10869621467486465,0.21,799.2,0.14,0.01,53.85,0.008,0.3,3722.8,0.206,0.01,18.8,0.005
15,0,-15500,15500.0,78498.70808065271,5.754549980163574,0.16935844313986356,1.34,10602.6,0.311,0.01,67.68,0.009,1.34,10602.6,0.311,0.01,67.68,0.009,28483.8931808481,3.075655460357666,0.10873956316464349,0.22,772.16,0.144,0.0,16.92,0.004,0.3,3591.6,0.201,0.0,16.92,0.004
15,0,-15000,15000.0,72288.95565796256,4.40620231628418,0.163683549619816,0.57,3791.43,0.303,0.01,69.56,0.009,1.01,10356.6,0.308,0.01,69.56,0.009,26862.83868770697,3.2407400608062744,0.10678399557247056,0.33,1603.7100000000003,0.223,0.0,16.92,0.004,0.43,3821.2,0.207,0.0,16.92,0.004
15,0,-14500,14500.0,66172.73562644374,3.28139328956604,0.157767325850929,0.46,3479.34,0.296,0.01,65.8,0.009,1.11,10053.2,0.305,0.01,65.8,0.009,25027.96513797948,3.289771795272827,0.10423237439526575,0.34,1498.65,0.216,0.08,265.65,0.01,0.66,4034.4,0.214,0.01,20.68,0.005
15,0,-14000,14000.0,60398.745693451354,2.8218612670898438,0.1501997045218916,0.83,9118.4,0.297,0.01,65.8,0.009,0.83,9118.4,0.297,0.01,65.8,0.009,22526.395252678776,2.899134397506714,0.09895143590071621,0.39,1415.22,0.212,0.07,265.65,0.01,0.72,3821.2,0.209,0.01,22.56,0.005
15,0,-13500,13500.0,56476.635010886996,2.8220224380493164,0.1453126817283178,0.25,2886.06,0.281,0.01,54.519999999999996,0.008,0.56,8241.000000000002,0.288,0.01,54.519999999999996,0.008,20483.880196663085,2.461608648300171,0.09473504720103723,0.37,1192.74,0.194,0.05,247.94000000000003,0.01,0.77,3599.7999999999997,0.204,0.01,20.68,0.005
15,0,-13000,13000.0,54661.990513125565,3.0349464416503906,0.1411365542641722,0.25,2629.59,0.274,0.01,50.76,0.008,0.4,7494.800000000001,0.279,0.01,50.76,0.008,18771.160963887814,1.9401836395263672,0.09002383197067874,0.39,1028.97,0.186,0.04,247.94000000000003,0.01,0.64,3025.8,0.188,0.01,18.8,0.005
15,0,-12500,12500.0,54763.57308695625,3.238353729248047,0.14019335252626777,0.2,2425.65,0.266,0.01,43.24,0.007,0.43,6863.399999999999,0.272,0.01,43.24,0.007,17880.48064496834,1.530909776687622,0.0880822489026453,0.31,923.9100000000001,0.18,0.0,11.28,0.003,0.63,2640.4,0.18,0.0,11.28,0.003
15,0,-12000,12000.0,56939.08183186129,3.426966905593872,0.14207194698145814,0.6,7251.75,0.242,0.01,41.36,0.007,0.36,6338.6,0.264,0.01,41.36,0.007,17430.48192698043,1.1998084783554077,0.08559539934667082,0.22,825.03,0.177,0.03,283.36,0.01,0.47,2312.4,0.173,0.01,11.28,0.004
15,0,-11500,11500.0,59929.78128892227,3.8223538398742676,0.14537650577712447,0.19,1635.76,0.202,0.01,35.72,0.007,0.34,5838.4,0.256,0.01,35.72,0.007,17527.4726518197,0.9769181609153748,0.08487480791868308,0.21,837.39,0.177,0.0,9.4,0.003,0.34,2041.8000000000002,0.166,0.0,9.4,0.003
15,0,-11000,11000.0,63723.244571654664,4.250010967254639,0.15079768961813392,0.29,2070.9,0.215,0.0,33.84,0.007,0.39,5813.8,0.255,0.0,33.84,0.007,18400.1103321556,0.8598645925521851,0.08646683684357218,0.19,862.11,0.179,0.0,9.4,0.003,0.31,2066.4,0.167,0.0,9.4,0.003
15,0,-10500,10500.0,67054.6483330403,4.613812446594238,0.1557157334259069,0.31,1968.5,0.217,0.0,33.84,0.007,0.45,5969.6,0.258,0.0,33.84,0.007,19261.22245696024,0.7056703567504883,0.08799993505147581,0.14,877.56,0.176,0.0,9.4,0.003,0.29,2132.0,0.17,0.0,9.4,0.003
15,0,-10000,10000.0,69200.03761854408,4.817808628082275,0.15948695770436055,0.33,2151.72,0.217,0.0,33.84,0.007,0.54,6781.4,0.27,0.0,33.84,0.007,19950.710064021405,0.6277428269386292,0.08824779672763752,0.08,564.3,0.118,0.0,9.4,0.003,0.22,2148.4,0.168,0.0,9.4,0.003
15,0,-9500,9500.0,70288.53522752343,5.189247131347656,0.16150976771402184,0.19,1136.8,0.227,0.01,43.24,0.007,0.64,7658.8,0.282,0.01,43.24,0.007,20973.14831543772,0.7542040944099426,0.08955913029117155,0.08,546.1,0.121,0.0,32.31,0.007,0.16,2214.0,0.168,0.0,9.4,0.003
15,0,-9000,9000.0,69778.25066996725,5.782252788543701,0.1615292299146253,0.41,3420.63,0.298,0.01,47.0,0.008,0.7,8355.8,0.291,0.01,47.0,0.008,22433.16443512158,0.9528961181640625,0.0912763085931156,0.36,3375.36,0.176,0.0,32.31,0.007,0.15,2427.2,0.17,0.0,9.4,0.003
15,0,-8500,8500.0,68317.55413231572,6.065221786499023,0.1595722367488834,0.21,1382.88,0.205,0.01,54.519999999999996,0.008,0.73,8929.8,0.298,0.01,54.519999999999996,0.008,24402.609525392472,1.2027829885482788,0.09422980744186885,0.14,703.56,0.102,0.0,11.28,0.003,0.19,2665.0,0.174,0.0,11.28,0.003
15,0,-8000,8000.0,65968.72096582223,6.0112810134887695,0.15694918798462482,0.3,1496.4,0.182,0.01,56.4,0.008,0.71,8692.0,0.296,0.01,56.4,0.008,27144.553341255232,1.4611895084381104,0.09994039893931148,0.19,777.2,0.131,0.0,11.28,0.003,0.22,2697.8,0.175,0.0,11.28,0.003
15,0,-7500,7500.0,63673.620028799305,5.693445205688477,0.15464059154756804,0.15,917.0,0.211,0.01,52.64000000000001,0.008,0.69,8355.8,0.293,0.01,52.64000000000001,0.008,29970.065893849824,1.7298591136932373,0.10550935662777453,0.2,803.3,0.133,0.0,11.28,0.003,0.25,2714.2,0.176,0.0,11.28,0.003
15,0,-7000,7000.0,61256.1745099819,5.089323997497559,0.15254577824143153,0.35,2845.8900000000003,0.281,0.01,52.64000000000001,0.008,0.64,7863.8,0.287,0.01,52.64000000000001,0.008,32882.87707033596,1.793328881263733,0.11123056197531676,0.11,501.12,0.134,0.0,11.28,0.004,0.23,2722.4,0.176,0.0,11.28,0.004
15,0,-6500,6500.0,59024.73233483361,4.375101089477539,0.15130677994772113,0.35,2836.62,0.279,0.01,45.12,0.008,0.71,7470.199999999999,0.282,0.01,45.12,0.008,35958.08764690737,1.7777575254440308,0.11729198365810754,0.14,596.97,0.14,0.0,11.28,0.003,0.31,2812.6,0.178,0.0,11.28,0.003
15,0,-6000,6000.0,56296.487662421874,3.5588371753692627,0.14732779846605706,0.35,2855.16,0.28,0.01,45.12,0.008,0.74,7363.6,0.279,0.01,45.12,0.008,38733.734941497096,1.6521499156951904,0.12197540429574585,0.27,1748.94,0.234,0.0,11.28,0.003,0.38,3526.0,0.201,0.0,11.28,0.003
15,0,-5500,5500.0,54349.24553377284,2.7945902347564697,0.14444397276140203,0.2,1101.48,0.187,0.01,43.24,0.007,0.73,7371.8,0.279,0.01,43.24,0.007,41068.1916657305,1.643913984298706,0.12524084484060372,0.2,1097.28,0.172,0.01,18.8,0.005,0.44,4296.8,0.223,0.01,18.8,0.005
15,0,-5000,5000.0,53133.19426333244,2.0606377124786377,0.1411043444199037,0.18,1041.18,0.182,0.01,43.24,0.007,0.6,7322.6,0.277,0.01,43.24,0.007,42734.14866071554,1.7159383296966553,0.12728351185326306,0.3,2048.67,0.25,0.01,22.56,0.005,0.4,4747.8,0.233,0.01,22.56,0.005
15,0,-4500,4500.0,52609.42859289149,1.625789761543274,0.13870308970550332,0.21,1170.94,0.176,0.01,43.24,0.007,0.47,7207.799999999999,0.275,0.01,43.24,0.007,44394.19629206184,1.7757779359817505,0.12898941718696905,0.32,2033.22,0.249,0.01,26.320000000000004,0.006,0.42,5133.2,0.242,0.01,26.320000000000004,0.006
15,0,-4000,4000.0,53286.908694024816,1.799221396446228,0.13849279488874514,0.22,1276.02,0.175,0.01,43.24,0.007,0.34,6494.4,0.264,0.01,43.24,0.007,46322.6642288962,1.7606667280197144,0.13206847354139226,0.34,2036.31,0.249,0.01,28.2,0.006,0.48,5207.0,0.243,0.01,28.2,0.006
15,0,-3500,3500.0,54865.14162369066,1.9398387670516968,0.1403100562647695,0.23,1028.16,0.176,0.01,35.72,0.007,0.37,5772.8,0.252,0.01,35.72,0.007,47868.47596611423,1.7200596332550049,0.1344598161735033,0.13,666.4,0.185,0.01,30.08,0.006,0.5,5239.8,0.244,0.01,30.08,0.006
15,0,-3000,3000.0,57560.59223761717,2.0520429611206055,0.1438101253426259,0.33,2255.7,0.258,0.01,33.84,0.007,0.39,5674.4,0.25,0.01,33.84,0.007,48942.807774588255,1.679164171218872,0.13508658573244536,0.12,686.0,0.187,0.01,30.08,0.006,0.41,5272.6,0.244,0.01,30.08,0.006
15,0,-2500,2500.0,60664.37035605968,2.1517646312713623,0.14802548414685973,0.28,2490.54,0.267,0.01,31.960000000000004,0.006,0.45,5772.8,0.253,0.01,31.960000000000004,0.006,50182.125308545365,1.953403353691101,0.13591048720679683,0.18,1157.76,0.186,0.01,30.08,0.006,0.39,5321.8,0.245,0.01,30.08,0.006
15,0,-2000,2000.0,63705.99806229723,2.4077422618865967,0.15175277695455283,0.26,2774.82,0.278,0.01,31.960000000000004,0.006,0.43,6428.8,0.263,0.01,31.960000000000004,0.006,51743.500007522125,2.130187749862671,0.13620189835571866,0.27,2434.92,0.264,0.01,30.08,0.006,0.3,5756.4,0.252,0.01,30.08,0.006
15,0,-1500,1500.0,65995.68923479918,2.5347023010253906,0.1538896098520706,0.25,2839.71,0.28,0.01,39.48,0.007,0.44,7101.2,0.274,0.01,39.48,0.007,54136.01881507663,2.26352596282959,0.13734389305017877,0.44,1381.38,0.132,0.01,35.72,0.007,0.36,6215.6,0.259,0.01,35.72,0.007
15,0,-1000,1000.0,67372.52012515694,2.7284295558929443,0.1548535924343459,0.26,2923.1400000000003,0.283,0.01,41.36,0.007,0.45,7421.000000000001,0.278,0.01,41.36,0.007,58032.664210222036,3.052600860595703,0.14209922633521882,0.46,1873.8,0.204,0.01,37.6,0.007,0.38,6051.6,0.255,0.01,37.6,0.007
15,0,-500,500.0,68298.88941821428,2.7826058864593506,0.15499227991417455,0.27,2938.59,0.283,0.01,45.12,0.008,0.47,7626.000000000001,0.281,0.01,45.12,0.008,62077.81550584921,4.239840507507324,0.14712454397596025,0.5,1793.24,0.207,0.01,35.72,0.007,0.37,5863.0,0.251,0.01,35.72,0.007
15,0,0,0.0,69186.57321630252,2.9921562671661377,0.15514081703060673,0.3,1867.6,0.198,0.01,47.0,0.008,0.49,7691.600000000001,0.282,0.01,47.0,0.008,65840.83792490809,4.52398157119751,0.15148396945693238,0.53,1957.12,0.207,0.01,35.72,0.007,0.34,5871.2,0.251,0.01,35.72,0.007
15,0,500,500.0,70370.56805814797,3.2180898189544678,0.15564094501360123,0.3,1876.3,0.198,0.01,48.88,0.008,0.51,7773.6,0.283,0.01,48.88,0.008,69616.80286810733,4.3427815437316895,0.15609735085005422,0.52,1570.32,0.207,0.01,35.72,0.007,0.37,5986.0,0.253,0.01,35.72,0.007
15,0,1000,1000.0,72201.59260541416,3.7816309928894043,0.15694320696486622,0.33,2041.6,0.204,0.01,48.88,0.008,0.54,7847.4,0.284,0.01,48.88,0.008,72779.30458009068,4.678829669952393,0.15889384132223383,0.96,3318.66,0.291,0.01,35.72,0.007,0.91,7166.8,0.271,0.01,35.72,0.007
15,0,1500,1500.0,74345.82795671864,4.2337446212768555,0.15859809941310204,0.34,2056.1,0.204,0.0,48.88,0.008,0.56,7953.999999999999,0.285,0.0,48.88,0.008,75459.01034410635,4.876843452453613,0.16053988878780415,0.71,3383.55,0.292,0.02,50.76,0.008,1.54,8437.8,0.287,0.02,50.76,0.008
15,0,2000,2000.0,76714.50837100527,5.037942409515381,0.16026628194438666,0.23,1374.84,0.203,0.01,48.88,0.008,0.53,8044.2,0.286,0.01,48.88,0.008,77106.9074263447,4.838872909545898,0.16095093794078694,0.45,3476.25,0.295,0.02,54.519999999999996,0.008,1.15,8765.8,0.291,0.02,54.519999999999996,0.008
15,0,2500,2500.0,79170.26375414743,5.818366050720215,0.16203515912403837,0.23,1453.23,0.206,0.01,50.76,0.008,0.58,8109.800000000001,0.286,0.01,50.76,0.008,79071.16403124528,4.727972984313965,0.1617740486585664,0.23,1366.8,0.203,0.01,56.4,0.008,0.74,8987.2,0.294,0.01,56.4,0.008
15,0,3000,3000.0,81689.46458885637,6.471672534942627,0.1640664746780259,0.36,3321.75,0.293,0.01,50.76,0.008,0.67,8396.8,0.289,0.01,50.76,0.008,81415.40932530115,4.643817901611328,0.1646915508096624,0.37,3346.47,0.293,0.01,56.4,0.008,0.71,8905.2,0.294,0.01,56.4,0.008
15,0,3500,3500.0,83935.22500767306,6.9279375076293945,0.1656480126813942,0.44,2844.44,0.211,0.01,54.519999999999996,0.008,0.76,8733.0,0.293,0.01,54.519999999999996,0.008,82947.10003212185,4.513577461242676,0.16701820710789939,0.35,3405.18,0.294,0.01,54.519999999999996,0.008,0.75,8798.6,0.295,0.01,54.519999999999996,0.008
15,0,4000,4000.0,86158.55695325838,7.627241134643555,0.1675301333377913,0.59,2869.36,0.212,0.01,54.519999999999996,0.008,0.76,9069.2,0.297,0.01,54.519999999999996,0.008,83507.90500379942,4.374905109405518,0.1693972391672897,0.32,3500.97,0.298,0.01,54.519999999999996,0.008,0.7,8979.0,0.297,0.01,54.519999999999996,0.008
15,0,4500,4500.0,88061.70681476244,9.038321495056152,0.1688254810104661,0.69,2887.16,0.212,0.01,58.28,0.008,0.76,9397.2,0.3,0.01,58.28,0.008,83061.86264980934,4.154786586761475,0.17089719559872507,0.16,1351.0,0.24,0.01,58.28,0.008,0.64,9200.4,0.299,0.01,58.28,0.008
15,0,5000,5000.0,89389.95540619317,10.207585334777832,0.16991772294385818,0.91,2997.52,0.214,0.01,60.16,0.008,0.74,9692.4,0.303,0.01,60.16,0.008,80634.82122527057,3.7010185718536377,0.16888718891675156,0.37,4001.55,0.309,0.01,58.28,0.009,0.65,9856.4,0.304,0.01,58.28,0.009
15,0,5500,5500.0,90122.1749630441,11.160807609558105,0.17018627215113447,1.05,3072.2800000000007,0.216,0.01,62.04,0.009,0.82,9954.8,0.306,0.01,62.04,0.009,77606.11234361568,3.2037081718444824,0.16548101498866172,0.35,3831.6,0.305,0.01,67.68,0.009,0.66,10471.4,0.31,0.01,67.68,0.009
15,0,6000,6000.0,90512.32513071758,11.95007610321045,0.1719951990389011,0.97,2612.9,0.221,0.01,63.92000000000001,0.009,0.99,10110.6,0.308,0.01,63.92000000000001,0.009,74452.20774927875,2.6864168643951416,0.1613291036839057,0.38,3661.65,0.302,0.01,69.56,0.009,0.65,10225.4,0.307,0.01,69.56,0.009
15,0,6500,6500.0,90103.10723813108,12.37218952178955,0.17323652484320826,0.99,2624.5,0.221,0.01,65.8,0.009,1.17,10217.2,0.308,0.01,65.8,0.009,71857.96852267667,2.232232093811035,0.1576920473823942,0.31,3238.32,0.291,0.01,67.68,0.009,0.64,9774.4,0.304,0.01,67.68,0.009
15,0,7000,7000.0,88315.50093667026,12.413832664489746,0.1735687146746218,0.54,1531.2000000000003,0.213,0.01,65.8,0.009,1.25,10258.2,0.309,0.01,65.8,0.009,70379.26301157859,2.40787935256958,0.15442487328932225,0.44,2509.8,0.203,0.01,65.8,0.009,0.55,8659.2,0.293,0.01,65.8,0.009
15,0,7500,7500.0,85470.83707491399,12.071938514709473,0.17269984414407008,0.67,1845.18,0.223,0.02,65.8,0.009,1.31,10348.4,0.309,0.02,65.8,0.009,70812.35556940228,2.8802669048309326,0.15414429738073634,0.53,2705.6,0.208,0.01,52.64000000000001,0.008,0.43,7601.4,0.282,0.01,52.64000000000001,0.008
15,0,8000,8000.0,81276.28891096961,11.243444442749023,0.1688690501688807,0.46,1377.6,0.24,0.02,65.8,0.009,1.48,10569.8,0.311,0.02,65.8,0.009,73537.59032705784,3.40767502784729,0.15705617390999457,0.53,2282.3,0.213,0.01,48.88,0.008,0.33,7453.8,0.28,0.01,48.88,0.008
15,0,8500,8500.0,76811.88960293666,10.615737915039062,0.16407325849503943,0.43,1233.4,0.232,0.02,69.56,0.009,1.7,10725.6,0.312,0.02,69.56,0.009,76730.06745219682,3.8273584842681885,0.16049168319295712,0.54,2311.3,0.214,0.01,48.88,0.008,0.44,7453.8,0.28,0.01,48.88,0.008
15,0,9000,9000.0,72631.92883037527,10.194025039672852,0.15884444233316658,0.89,3609.12,0.3,0.02,69.56,0.009,1.7,10159.8,0.307,0.02,69.56,0.009,80058.58354606353,4.567890167236328,0.16506984805911937,0.58,2467.9,0.218,0.01,48.88,0.008,0.47,7658.8,0.283,0.01,48.88,0.008
15,0,9500,9500.0,69780.55307672553,10.09961986541748,0.15547490387949808,0.71,3256.8599999999997,0.291,0.02,62.04,0.008,1.68,9569.4,0.302,0.02,62.04,0.008,82998.86928538226,4.973110198974609,0.16928790339612507,0.58,2485.3,0.219,0.01,48.88,0.008,0.48,7929.4,0.286,0.01,48.88,0.008
15,0,10000,10000.0,68572.34722279273,10.280168533325195,0.1540041049711592,0.61,1983.6,0.203,0.02,60.16,0.008,1.32,8577.2,0.292,0.02,60.16,0.008,84501.55486263384,4.839848518371582,0.17101224617176428,0.39,1656.24,0.217,0.01,50.76,0.008,0.6,8651.0,0.294,0.01,50.76,0.008
15,0,10500,10500.0,68631.1075628248,10.561891555786133,0.15482420576416758,0.61,2001.0,0.204,0.02,48.88,0.008,1.06,7683.399999999999,0.282,0.02,48.88,0.008,84760.85090959969,4.476418495178223,0.1708769478798501,0.4,1758.75,0.221,0.01,60.16,0.009,0.69,9372.6,0.301,0.01,60.16,0.009
15,0,11000,11000.0,70005.80058321988,11.029767990112305,0.15673015709641597,0.65,2114.1,0.208,0.01,47.0,0.008,1.04,7470.199999999999,0.281,0.01,47.0,0.008,83576.03340052847,3.8858532905578613,0.1681398771148929,0.36,1670.31,0.218,0.01,62.04,0.009,0.72,9889.2,0.305,0.01,62.04,0.009
15,0,11500,11500.0,71731.95493488494,11.587489128112793,0.15902606089486032,0.66,2122.8,0.208,0.01,45.12,0.007,1.03,7363.6,0.28,0.01,45.12,0.007,82533.02096309635,3.960872173309326,0.16542962061583152,0.44,1915.16,0.214,0.01,65.8,0.009,0.78,10348.4,0.31,0.01,65.8,0.009
15,0,12000,12000.0,73867.82200304967,12.260022163391113,0.16078784706512347,0.3,1064.0,0.223,0.01,45.12,0.007,1.11,7716.2,0.286,0.01,45.12,0.007,81900.86891427451,5.611827373504639,0.16303088836890012,0.51,2057.4,0.219,0.02,69.56,0.009,0.73,10036.8,0.307,0.02,69.56,0.009
15,0,12500,12500.0,76305.85721912724,13.011918067932129,0.1621875259416465,0.32,1096.2,0.226,0.02,48.88,0.008,1.2,8077.0,0.291,0.02,48.88,0.008,82737.43356134978,6.307170867919922,0.16284605835698476,0.55,2146.3,0.222,0.01,62.04,0.009,0.79,9758.0,0.305,0.01,62.04,0.009
15,0,13000,13000.0,79630.72985942886,13.567712783813477,0.1640511682418941,1.98,9783.27,0.269,0.02,50.76,0.008,1.33,8232.8,0.293,0.02,50.76,0.008,85047.49786823516,6.301090717315674,0.16433695307661686,0.59,2343.54,0.222,0.01,62.04,0.009,0.73,9364.4,0.301,0.01,62.04,0.009
15,0,13500,13500.0,83524.6096658263,13.847970008850098,0.16620777287334465,2.01,10758.96,0.275,0.02,50.76,0.008,1.47,8363.999999999998,0.296,0.02,50.76,0.008,87919.82532737964,6.453251838684082,0.16677104557113695,0.33,1240.4,0.233,0.01,56.4,0.008,1.05,9036.4,0.297,0.01,56.4,0.008
15,0,14000,14000.0,87823.57152920282,14.32050609588623,0.16895698560911157,0.78,3207.4200000000005,0.296,0.02,52.64000000000001,0.008,1.66,8413.2,0.297,0.02,52.64000000000001,0.008,90955.90623065154,6.326469898223877,0.16972211917595825,0.69,3559.68,0.298,0.02,54.519999999999996,0.008,1.2,9290.6,0.299,0.02,54.519999999999996,0.008
15,0,14500,14500.0,92341.10509849248,14.405630111694336,0.17200364651393177,0.81,3516.4200000000005,0.303,0.02,50.76,0.008,1.82,8560.8,0.3,0.02,50.76,0.008,93089.85904753927,5.776207447052002,0.1716126685334683,0.58,3698.73,0.301,0.02,60.16,0.008,1.28,9520.2,0.301,0.02,60.16,0.008
15,0,15000,15000.0,96932.21263810404,13.932466506958008,0.1765404134544305,0.84,3865.59,0.311,0.02,50.76,0.008,1.94,9233.2,0.306,0.02,50.76,0.008,94175.38560499594,5.164059638977051,0.17350318834263226,0.22,1393.0,0.24,0.02,62.04,0.009,1.11,9979.4,0.305,0.02,62.04,0.009
15,0,15500,15500.0,100972.96542230701,13.238929748535156,0.18058008310141388,0.81,4196.22,0.316,0.02,58.28,0.008,2.03,10069.6,0.313,0.02,58.28,0.008,94015.29270527717,4.574520111083984,0.1740343210816573,0.41,3939.75,0.306,0.01,67.68,0.009,0.94,10397.6,0.308,0.01,67.68,0.009
15,0,16000,16000.0,103137.14301442624,12.288297653198242,0.18358376247352312,0.77,4582.47,0.322,0.02,60.16,0.009,1.87,10988.0,0.318,0.02,60.16,0.009,92349.71886067324,4.069656848907471,0.1733403220417037,0.41,4041.72,0.308,0.01,69.56,0.009,0.83,10619.0,0.31,0.01,69.56,0.009
15,0,16500,16500.0,104035.92050504839,11.53905963897705,0.18531271390022983,0.67,4727.7,0.324,0.02,69.56,0.009,1.7,11914.6,0.324,0.02,69.56,0.009,90434.74635605453,3.544611930847168,0.17248745242043773,0.25,1879.35,0.224,0.01,71.44,0.009,0.77,10832.2,0.312,0.01,71.44,0.009
15,0,17000,17000.0,102997.47997526635,10.85673999786377,0.1844450874441411,0.75,4906.92,0.327,0.02,73.32,0.009,1.56,12488.6,0.328,0.02,73.32,0.009,87843.44130786048,3.380617141723633,0.16921406184896778,0.45,3945.93,0.308,0.01,73.32,0.009,0.74,10709.2,0.311,0.01,73.32,0.009
15,0,17500,17500.0,101083.15713432187,10.126489639282227,0.18205652835790848,0.78,4820.4,0.325,0.02,80.84,0.009,1.62,12906.8,0.33,0.02,80.84,0.009,86259.3922242555,3.88120174407959,0.1668653882582789,0.55,2844.44,0.212,0.01,69.56,0.009,0.71,10569.8,0.311,0.01,69.56,0.009
15,0,18000,18000.0,99382.04853173989,9.242600440979004,0.17825367050839885,0.82,4736.97,0.324,0.01,82.72,0.009,1.71,12710.0,0.329,0.01,82.72,0.009,86188.47086276818,3.560086488723755,0.16488986149802257,0.52,3636.93,0.302,0.01,69.56,0.009,0.79,10192.6,0.308,0.01,69.56,0.009
15,0,18500,18500.0,99335.28088151253,8.5294189453125,0.1757929832610694,0.69,4492.86,0.32,0.01,78.96,0.009,1.74,12455.8,0.328,0.01,78.96,0.009,87679.99083147987,3.3746328353881836,0.16466828290737334,0.54,3454.62,0.297,0.01,65.8,0.009,0.85,9790.8,0.305,0.01,65.8,0.009
15,0,19000,19000.0,102046.8742982898,8.488205909729004,0.17524503045824746,0.59,4248.75,0.317,0.01,78.96,0.009,1.45,11742.4,0.323,0.01,78.96,0.009,91270.972702426,5.247951984405518,0.16665181692227402,0.55,3259.95,0.293,0.01,65.8,0.009,0.94,9282.4,0.301,0.01,65.8,0.009
15,0,19500,19500.0,106513.76586531458,9.670207023620605,0.1764251290995618,0.57,4227.12,0.316,0.01,69.56,0.009,1.2,11152.0,0.321,0.01,69.56,0.009,95604.26833692624,7.219500541687012,0.1695777976469679,0.71,3805.64,0.229,0.01,60.16,0.009,0.94,8839.6,0.296,0.01,60.16,0.009
15,0,20000,20000.0,113283.70694926241,11.149699211120605,0.18066031191333085,1.23,7993.64,0.232,0.01,67.68,0.009,1.09,11053.6,0.32,0.01,67.68,0.009,100516.66508709855,8.71524429321289,0.1726856175800472,0.72,3032.1,0.24,0.01,58.28,0.008,0.66,9110.2,0.299,0.01,58.28,0.008
15,0,20500,20500.0,119849.80757413487,12.35411262512207,0.18501730128921764,0.58,3699.0,0.251,0.01,65.8,0.009,1.07,11111.0,0.321,0.01,65.8,0.009,105639.70651400741,9.629105567932129,0.17594150121533955,0.73,2870.2,0.242,0.01,60.16,0.009,0.6,9528.4,0.304,0.01,60.16,0.009
16,0,-21000,21000.0,126500.42977168178,18.14301300048828,0.19303707313483162,1.32,5979.15,0.34,0.03,105.28000000000002,0.01,3.04,15940.800000000001,0.345,0.03,105.28000000000002,0.01,64926.89904385687,7.970199108123779,0.15788182477275217,1.38,3278.49,0.306,0.02,60.16,0.009,2.28,8831.4,0.306,0.02,60.16,0.009
16,0,-20500,20500.0,119209.80192677634,16.252513885498047,0.18970128920461296,2.96,16088.4,0.345,0.03,109.03999999999999,0.01,2.96,16088.4,0.345,0.03,109.03999999999999,0.01,61708.57629104507,6.672549247741699,0.15268772121088886,1.49,2545.4,0.212,0.02,54.519999999999996,0.008,2.42,8577.2,0.304,0.02,54.519999999999996,0.008
16,0,-20000,20000.0,111071.8923266355,13.3433198928833,0.18540914941916647,1.0,5568.18,0.336,0.03,110.92,0.01,2.32,15481.6,0.342,0.03,110.92,0.01,60872.31767207977,7.522407531738281,0.1507018478480992,1.54,2730.52,0.217,0.02,52.64000000000001,0.008,1.93,7847.4,0.296,0.02,52.64000000000001,0.008
16,0,-19500,19500.0,103994.41989873776,10.813173294067383,0.18193001581190604,0.8,5095.409999999999,0.329,0.03,101.52,0.01,1.97,14891.2,0.34,0.03,101.52,0.01,61211.01389707955,8.792394638061523,0.150563425783284,1.55,2862.2399999999993,0.22,0.02,45.12,0.008,1.33,7043.8,0.287,0.02,45.12,0.008
16,0,-19000,19000.0,97244.05558241079,9.546709060668945,0.17617349801482393,0.71,4591.74,0.323,0.03,99.64,0.01,1.69,13636.6,0.334,0.03,99.64,0.01,63540.359764334105,10.899097442626953,0.15415665419124833,0.97,2025.0,0.221,0.02,43.24,0.008,0.95,6084.4,0.272,0.02,43.24,0.008
16,0,-18500,18500.0,91938.80114402823,8.784317970275879,0.17167787701086562,0.7,4162.23,0.315,0.03,88.36,0.01,1.44,12382.0,0.327,0.03,88.36,0.01,66505.57067679317,13.442648887634277,0.15924748333678304,0.97,1920.24,0.223,0.01,31.960000000000004,0.007,0.9,5223.4,0.257,0.01,31.960000000000004,0.007
16,0,-18000,18000.0,88965.46116871154,7.502874851226807,0.16891159363323568,0.68,3692.55,0.305,0.02,82.72,0.01,1.34,11160.2,0.318,0.02,82.72,0.01,69597.61109535024,15.035907745361328,0.16349689752869837,1.07,1823.72,0.221,0.01,30.08,0.006,1.22,5895.8,0.269,0.01,30.08,0.006
16,0,-17500,17500.0,87528.02256692515,6.661478042602539,0.16809785555415707,0.72,3568.95,0.302,0.01,67.68,0.009,1.26,10028.6,0.309,0.01,67.68,0.009,71513.60286708992,15.979382514953613,0.1652299878293596,1.1,1765.3,0.219,0.02,39.48,0.007,1.72,6732.200000000001,0.283,0.02,39.48,0.007
16,0,-17000,17000.0,87987.16954846395,6.392119884490967,0.16960156184228584,0.76,3451.53,0.299,0.01,63.92000000000001,0.009,1.3,9553.0,0.304,0.01,63.92000000000001,0.009,72397.6422670398,15.738165855407715,0.16647624642815012,1.7,3170.34,0.304,0.02,41.36,0.007,2.45,7576.8,0.294,0.02,41.36,0.007
16,0,-16500,16500.0,88523.3982753275,6.159852981567383,0.1713886723023113,0.76,3531.87,0.301,0.01,60.16,0.008,1.36,9266.0,0.302,0.01,60.16,0.008,72300.2677992034,14.892085075378418,0.1660958585395586,1.73,3093.09,0.302,0.03,50.76,0.008,3.19,8347.6,0.304,0.03,50.76,0.008
16,0,-16000,16000.0,88356.35365620922,6.380960941314697,0.17174826998365952,0.76,3633.84,0.305,0.01,58.28,0.008,1.38,9454.6,0.303,0.01,58.28,0.008,71347.47027579935,13.075465202331543,0.16565545664665732,1.72,3034.38,0.302,0.03,52.64000000000001,0.008,3.28,8158.999999999999,0.302,0.03,52.64000000000001,0.008
16,0,-15500,15500.0,87550.77854866142,6.686078071594238,0.17120572659390929,0.73,3779.07,0.307,0.01,62.04,0.009,1.37,9700.6,0.306,0.01,62.04,0.009,70372.47036231877,11.139450073242188,0.16521402253990994,1.51,3022.02,0.301,0.34,1523.06,0.027,3.24,7962.200000000001,0.3,0.04,52.64000000000001,0.009
16,0,-15000,15000.0,85815.16325976043,7.061249256134033,0.16952875765617492,0.69,3942.84,0.311,0.02,63.92000000000001,0.009,1.31,10086.0,0.308,0.02,63.92000000000001,0.009,69518.33183771725,9.190058708190918,0.16384988967257644,1.31,3006.57,0.3,0.34,1540.77,0.027,2.92,7913.0,0.3,0.04,47.0,0.008
16,0,-14500,14500.0,83682.95457241335,7.276324272155762,0.16711982991433294,0.73,3775.98,0.306,0.02,67.68,0.009,1.25,10446.8,0.311,0.02,67.68,0.009,69168.01036399751,7.467887878417969,0.1630015132419706,1.21,2957.13,0.299,0.04,52.64000000000001,0.009,2.61,7880.199999999999,0.299,0.04,52.64000000000001,0.009
16,0,-14000,14000.0,81364.72384359411,7.254542827606201,0.163695645606423,0.77,3602.94,0.302,0.02,69.56,0.009,1.32,10036.8,0.307,0.02,69.56,0.009,69549.78030154896,6.87552547454834,0.16143981787920358,1.13,2920.05,0.299,0.04,52.64000000000001,0.009,2.36,7839.2,0.299,0.04,52.64000000000001,0.009
16,0,-13500,13500.0,79862.39823129274,6.986389636993408,0.16163933283216242,0.85,3500.97,0.298,0.01,63.92000000000001,0.009,1.4,9618.6,0.303,0.01,63.92000000000001,0.009,70908.48860374578,7.220822334289551,0.16101520200683472,1.06,2845.8900000000003,0.296,0.01,47.0,0.008,2.17,7765.400000000001,0.299,0.01,47.0,0.008
16,0,-13000,13000.0,79305.45148287743,6.184689521789551,0.15791419508234367,0.95,3395.91,0.295,0.01,63.92000000000001,0.009,1.55,9307.0,0.299,0.01,63.92000000000001,0.009,73886.44915061642,9.079906463623047,0.16122946078038783,0.98,2777.91,0.294,0.01,47.0,0.008,1.98,7626.000000000001,0.297,0.01,47.0,0.008
16,0,-12500,12500.0,80155.93187143153,5.296932697296143,0.1558823958130478,0.87,3263.04,0.288,0.01,60.16,0.009,1.72,9028.2,0.296,0.01,60.16,0.009,77932.63757262308,11.012491226196289,0.16253047456245348,1.12,3211.12,0.227,0.01,47.0,0.008,1.8,7470.199999999999,0.295,0.01,47.0,0.008
16,0,-12000,12000.0,83439.5837805986,4.2936859130859375,0.15597118497361678,0.78,3164.16,0.284,0.01,58.28,0.008,1.61,8634.6,0.289,0.01,58.28,0.008,84197.30570737929,12.590609550476074,0.16414745188268967,0.92,2557.8,0.228,0.01,47.0,0.008,1.55,7462.0,0.294,0.01,47.0,0.008
16,0,-11500,11500.0,88694.83258003245,5.3315324783325195,0.15811889813615335,1.93,9396.51,0.259,0.01,54.519999999999996,0.008,1.42,8347.6,0.284,0.01,54.519999999999996,0.008,92032.07677271593,13.68474006652832,0.16719931646987277,0.93,2592.6,0.229,0.01,47.0,0.008,1.3,7552.200000000001,0.294,0.01,47.0,0.008
16,0,-11000,11000.0,96584.8899873304,6.707757949829102,0.16464193416741646,0.64,3534.3,0.249,0.01,54.519999999999996,0.008,0.96,8036.000000000001,0.28,0.01,54.519999999999996,0.008,101875.69240759886,13.698938369750977,0.17158362680300843,1.58,5129.96,0.249,0.02,47.0,0.008,1.54,8257.4,0.301,0.02,47.0,0.008
16,0,-10500,10500.0,105590.39055565372,7.21710205078125,0.17220160685724528,0.68,3357.88,0.251,0.01,50.76,0.008,0.77,7814.599999999999,0.279,0.01,50.76,0.008,111356.6324363157,14.796854019165039,0.17496446032456398,2.18,5760.08,0.254,0.02,52.64000000000001,0.008,1.93,9085.6,0.308,0.02,52.64000000000001,0.008
16,0,-10000,10000.0,114843.51214656052,6.929868221282959,0.18109758031886394,0.83,3586.48,0.255,0.01,50.76,0.008,0.85,8733.0,0.289,0.01,50.76,0.008,121688.90348249879,19.173181533813477,0.18116222582575833,2.29,5831.28,0.255,0.02,54.519999999999996,0.008,1.99,9946.6,0.315,0.02,54.519999999999996,0.008
16,0,-9500,9500.0,122391.1737344242,8.064811706542969,0.18754111537582727,0.92,3723.64,0.257,0.01,62.04,0.009,1.48,9823.6,0.301,0.01,62.04,0.009,130119.6556034629,21.273765563964844,0.18446422296012344,2.38,5906.04,0.256,0.02,65.8,0.009,1.95,10799.4,0.322,0.02,65.8,0.009
16,0,-9000,9000.0,127488.23544408652,8.131486892700195,0.19259044162169073,1.2,5154.12,0.328,0.01,65.8,0.009,1.85,11890.0,0.318,0.01,65.8,0.009,138190.6591130525,25.218690872192383,0.19014191675193265,1.97,4802.4,0.257,0.02,67.68,0.009,1.63,12218.0,0.331,0.02,67.68,0.009
16,0,-8500,8500.0,129389.46194984918,7.618049144744873,0.19416761148638934,0.55,2150.4,0.269,0.02,90.24,0.01,2.1,13808.8,0.33,0.02,90.24,0.01,143600.29651800916,27.24563980102539,0.19321119663103062,1.98,4822.7,0.257,0.02,84.6,0.01,2.27,13546.4,0.339,0.02,84.6,0.01
16,0,-8000,8000.0,127158.05028737646,7.722353458404541,0.1923886937810618,1.34,5904.99,0.338,0.02,95.88,0.01,1.95,14842.000000000002,0.336,0.02,95.88,0.01,146779.5709024077,26.7966251373291,0.19759966844889948,3.84,9940.97,0.255,0.02,90.24,0.01,3.2,14719.0,0.344,0.02,90.24,0.01
16,0,-7500,7500.0,124077.13976204494,8.555155754089355,0.18959812458411177,1.24,5932.8,0.338,0.03,105.28000000000002,0.01,2.29,15711.2,0.34,0.03,105.28000000000002,0.01,147380.76321730914,25.11042594909668,0.20016923705439005,3.77,9898.2,0.255,0.03,105.28000000000002,0.01,4.01,15604.600000000002,0.348,0.03,105.28000000000002,0.01
16,0,-7000,7000.0,120753.56219110897,9.796372413635254,0.18724886886348177,1.12,5954.43,0.338,0.03,107.15999999999998,0.01,1.91,15440.599999999999,0.339,0.03,107.15999999999998,0.01,143531.7914834217,21.407291412353516,0.20135257360573866,1.89,6130.56,0.347,0.04,109.03999999999999,0.01,4.35,16227.8,0.351,0.04,109.03999999999999,0.01
16,0,-6500,6500.0,118845.1224932134,10.559904098510742,0.1865921680724723,0.74,2926.08,0.246,0.02,99.64,0.01,1.67,15358.6,0.339,0.02,99.64,0.01,138460.07368045175,19.23271369934082,0.2020162536035686,1.79,6105.840000000001,0.347,0.04,114.68,0.01,4.6,16769.0,0.353,0.04,114.68,0.01
16,0,-6000,6000.0,117904.14634066648,10.588064193725586,0.1864744544703934,0.79,3199.78,0.246,0.02,97.76,0.01,1.18,14456.6,0.335,0.02,97.76,0.01,129496.10322539738,19.79600715637207,0.1992937397053383,1.67,6081.12,0.347,0.04,116.56,0.01,4.18,16572.2,0.352,0.04,116.56,0.01
16,0,-5500,5500.0,117794.93443551374,10.046536445617676,0.18780292790422096,0.45,1689.8,0.258,0.01,86.48,0.01,1.23,13726.799999999997,0.332,0.01,86.48,0.01,121242.33177847214,19.872146606445312,0.19761347349752642,1.45,5926.62,0.346,0.03,114.68,0.01,3.71,16432.8,0.353,0.03,114.68,0.01
16,0,-5000,5000.0,117649.93718541894,8.82669448852539,0.1876866241699453,1.16,5290.08,0.331,0.02,82.72,0.01,1.32,13776.0,0.332,0.02,82.72,0.01,112501.68843273813,18.93830108642578,0.1952680930135189,1.54,5759.76,0.345,0.03,112.8,0.01,3.01,15817.8,0.35,0.03,112.8,0.01
16,0,-4500,4500.0,117629.20950911785,8.976160049438477,0.18714084515202564,1.14,5302.44,0.33,0.02,84.6,0.01,1.91,13784.199999999999,0.333,0.02,84.6,0.01,103457.50318056016,17.398359298706055,0.1926337913154232,1.71,5395.14,0.341,0.28,1416.8,0.027,3.65,15317.6,0.349,0.03,103.40000000000002,0.01
16,0,-4000,4000.0,118414.6801600313,10.290288925170898,0.18778986173545775,1.01,3364.2,0.25,0.03,86.48,0.01,1.93,13997.4,0.334,0.03,86.48,0.01,93119.91338323132,14.705101013183594,0.18655826283498225,1.89,4999.62,0.337,0.27,1275.12,0.025,3.78,14235.2,0.344,0.03,101.52,0.01
16,0,-3500,3500.0,118936.21561725797,11.501667022705078,0.1882286609584062,1.03,3195.32,0.252,0.03,90.24,0.01,1.84,14194.199999999999,0.336,0.03,90.24,0.01,83721.32053213863,11.673962593078613,0.1816826627128417,1.89,4693.71,0.334,0.03,88.36,0.01,3.91,13218.4,0.34,0.03,88.36,0.01
16,0,-3000,3000.0,118807.11911008786,12.031129837036133,0.1881364108686704,1.12,3065.78,0.248,0.02,92.12,0.01,1.77,13685.800000000001,0.334,0.02,92.12,0.01,74536.45535034884,8.810586929321289,0.17357987320178228,1.88,4363.08,0.33,0.03,82.72,0.01,3.7,12209.8,0.335,0.03,82.72,0.01
16,0,-2500,2500.0,118220.6777312279,14.121323585510254,0.1879712077395483,1.18,2999.74,0.247,0.02,86.48,0.01,1.9,13152.8,0.332,0.02,86.48,0.01,66758.81960087718,6.121654033660889,0.16663698494571247,1.56,3843.96,0.321,0.03,71.44,0.009,3.49,11332.4,0.33,0.03,71.44,0.009
16,0,-2000,2000.0,117166.74899461285,14.680663108825684,0.18646400479111094,1.84,5422.95,0.335,0.02,84.6,0.01,2.53,13661.2,0.335,0.02,84.6,0.01,60139.964191542276,5.908202171325684,0.1573675705225646,1.19,3272.31,0.31,0.03,67.68,0.009,2.72,9995.8,0.321,0.03,67.68,0.009
16,0,-1500,1500.0,115648.66832950476,14.029738426208496,0.18437149150378274,1.95,5370.42,0.333,0.03,92.12,0.01,3.25,14284.400000000001,0.338,0.03,92.12,0.01,55198.901032702925,6.950523376464844,0.15025932692460495,0.87,1829.84,0.19,0.02,54.519999999999996,0.009,1.94,8610.0,0.31,0.02,54.519999999999996,0.009
16,0,-1000,1000.0,114234.47613272868,12.428054809570312,0.18174774949131448,2.08,5330.25,0.331,0.04,92.12,0.01,3.56,14087.6,0.336,0.04,92.12,0.01,52882.211209757384,8.092445373535156,0.14520203420953146,1.01,2118.2,0.202,0.02,52.64000000000001,0.008,1.12,7363.6,0.295,0.02,52.64000000000001,0.008
16,0,-500,500.0,114239.87820651292,10.28860092163086,0.18058678809635204,1.67,5042.88,0.325,0.04,88.36,0.01,3.75,13940.0,0.334,0.04,88.36,0.01,51907.56023068736,9.004928588867188,0.14284938496313804,1.1,2303.32,0.209,0.01,39.48,0.008,0.73,6141.8,0.278,0.01,39.48,0.008
16,0,0,0.0,116228.83118127057,8.304015159606934,0.18004372657693749,1.22,4770.96,0.321,0.04,88.36,0.01,3.05,13357.8,0.329,0.04,88.36,0.01,53281.819922968505,9.851603507995605,0.14182482492319817,0.97,1821.2,0.209,0.01,35.72,0.007,0.78,5576.0,0.266,0.01,35.72,0.007
16,0,500,500.0,119316.83573610449,6.463346004486084,0.1803888059054824,0.91,4576.29,0.317,0.03,82.72,0.009,2.25,12685.4,0.324,0.03,82.72,0.009,56284.70997383537,10.411635398864746,0.14377263993246833,0.99,1844.4,0.21,0.01,30.08,0.006,0.88,5141.4,0.257,0.01,30.08,0.006
16,0,1000,1000.0,124375.39555935402,5.108391284942627,0.1817442597362636,0.29,1638.0,0.254,0.03,82.72,0.009,1.64,12316.4,0.322,0.03,82.72,0.009,61153.89367613639,10.88257884979248,0.14593129907855132,1.39,4001.44,0.242,0.01,30.08,0.006,1.03,5321.8,0.26,0.01,30.08,0.006
16,0,1500,1500.0,130172.98071739728,5.073367118835449,0.1838859654028032,0.73,5436.12,0.251,0.02,80.84,0.009,1.11,11996.6,0.322,0.02,80.84,0.009,68184.03318350019,11.449956893920898,0.15068049351359603,1.79,4535.44,0.248,0.02,31.960000000000004,0.007,1.17,5625.2,0.267,0.02,31.960000000000004,0.007
16,0,2000,2000.0,137006.9494525759,6.306188583374023,0.1862782511406221,0.67,4364.5,0.252,0.02,78.96,0.009,0.89,12529.6,0.327,0.02,78.96,0.009,78074.91209041778,12.786857604980469,0.15979179494818363,1.67,4724.12,0.25,0.02,33.84,0.007,1.25,5789.2,0.271,0.02,33.84,0.007
16,0,2500,2500.0,143858.63631160464,7.638914108276367,0.18835411762118104,0.69,4402.2,0.253,0.01,86.48,0.01,0.83,13169.199999999999,0.332,0.01,86.48,0.01,88137.82734708393,15.994762420654297,0.16750547900225543,4.48,11321.52,0.288,0.02,35.72,0.007,1.29,5887.6,0.273,0.02,35.72,0.007
16,0,3000,3000.0,150800.2089251284,8.947879791259766,0.19048191102146975,0.69,4460.4,0.263,0.01,88.36,0.01,0.83,14177.8,0.339,0.01,88.36,0.01,98341.78837820367,17.268953323364258,0.17536102419826438,4.93,12982.83,0.295,0.02,35.72,0.007,1.37,6215.6,0.279,0.02,35.72,0.007
16,0,3500,3500.0,157119.9686555884,11.038281440734863,0.1916638439428405,0.69,4213.86,0.264,0.01,99.64,0.01,0.95,15170.0,0.344,0.01,99.64,0.01,108420.27535989697,18.174243927001953,0.18289357655619748,4.86,14028.84,0.298,0.02,41.36,0.008,1.45,6756.8,0.291,0.02,41.36,0.008
16,0,4000,4000.0,164207.99490003908,12.402043342590332,0.19425278113939043,1.16,6621.600000000001,0.259,0.01,103.40000000000002,0.01,1.13,15850.599999999999,0.347,0.01,103.40000000000002,0.01,116953.99134083846,18.30712890625,0.1890522537794116,1.53,4072.62,0.328,0.02,41.36,0.008,2.03,8774.0,0.314,0.02,41.36,0.008
16,0,4500,4500.0,170964.2294182202,12.907980918884277,0.19642658536743313,1.31,6703.479999999999,0.26,0.02,110.92,0.01,1.44,16416.4,0.349,0.02,110.92,0.01,122595.90610584558,17.17017364501953,0.19139849612467572,1.62,4610.28,0.335,0.02,65.8,0.009,3.15,10865.0,0.33,0.02,65.8,0.009
16,0,5000,5000.0,177407.41050290782,16.484176635742188,0.198467355055134,1.64,6742.64,0.26,0.02,112.8,0.01,1.8,17015.0,0.351,0.02,112.8,0.01,125411.21852359016,14.38720417022705,0.19293568442892356,1.72,5206.65,0.342,0.02,71.44,0.009,3.44,12341.0,0.339,0.02,71.44,0.009
16,0,5500,5500.0,183701.9439020891,20.45075225830078,0.1999744685092153,1.84,6792.479999999999,0.261,0.02,120.32,0.01,2.13,17867.8,0.358,0.02,120.32,0.01,126523.91606287265,15.037315368652344,0.19266726033348522,1.48,5320.98,0.343,0.03,86.48,0.01,3.65,13718.6,0.345,0.03,86.48,0.01
16,0,6000,6000.0,189867.25030392496,23.719112396240234,0.20276093513262075,2.02,6731.96,0.26,0.02,122.2,0.01,2.23,19261.8,0.373,0.02,122.2,0.01,126227.98705695511,14.864880561828613,0.19181851174989045,1.22,5460.030000000001,0.344,0.03,90.24,0.01,3.17,14046.6,0.346,0.03,90.24,0.01
16,0,6500,6500.0,193757.8619174757,25.526512145996094,0.20355403867433303,2.13,6714.16,0.26,0.02,131.6,0.011,2.29,20655.8,0.387,0.02,131.6,0.011,125900.91500727336,14.451956748962402,0.1908833160408799,1.07,5435.31,0.344,0.03,94.0,0.01,2.61,14374.600000000002,0.347,0.03,94.0,0.01
16,0,7000,7000.0,196598.67429067395,27.397541046142578,0.20624810290863385,1.84,5750.699999999999,0.264,0.03,133.48,0.011,2.66,21623.4,0.395,0.03,133.48,0.011,126069.79737236441,13.741987228393555,0.19078455779254305,1.21,5419.86,0.344,0.03,94.0,0.01,2.47,14415.599999999999,0.347,0.03,94.0,0.01
16,0,7500,7500.0,198273.0971098693,28.34258270263672,0.2089986646593432,1.85,5759.4,0.264,0.03,139.12,0.011,3.03,22705.8,0.405,0.03,139.12,0.011,125887.04800632324,12.755462646484375,0.19030917745437773,1.18,5265.36,0.342,0.02,92.12,0.01,2.71,14374.600000000002,0.347,0.02,92.12,0.01
16,0,8000,8000.0,198537.50537274627,27.742279052734375,0.2128825999267238,1.65,5982.56,0.276,0.03,141.0,0.011,3.5,24673.8,0.42,0.03,141.0,0.011,125430.82374312694,11.599739074707031,0.19006136842479565,1.1,5098.5,0.341,0.02,92.12,0.01,2.58,14079.400000000001,0.346,0.02,92.12,0.01
16,0,8500,8500.0,196457.5301685884,26.12883949279785,0.2156618173462878,0.89,3150.0,0.289,0.04,150.4,0.011,3.9,26690.999999999996,0.434,0.04,150.4,0.011,125377.26126253273,12.53369426727295,0.19090464660235257,0.98,5070.69,0.339,0.02,94.0,0.01,2.35,13718.6,0.344,0.02,94.0,0.01
16,0,9000,9000.0,188559.4063313615,21.414134979248047,0.21471423585911142,1.92,10286.61,0.428,0.04,154.16,0.011,4.08,27609.4,0.44,0.04,154.16,0.011,124537.32688377895,13.984203338623047,0.19177692238912306,1.24,4571.04,0.249,0.03,92.12,0.01,2.12,13751.4,0.343,0.03,92.12,0.01
16,0,9500,9500.0,179519.63327291564,16.26407241821289,0.21264490566580682,4.36,28208.0,0.444,0.05,159.8,0.011,4.36,28208.0,0.444,0.05,159.8,0.011,122653.89008832259,15.365273475646973,0.19175157560767747,1.37,4535.44,0.25,0.03,95.88,0.01,1.89,13726.799999999997,0.342,0.03,95.88,0.01
16,0,10000,10000.0,168320.9638058554,10.905921936035156,0.20871800208794503,3.69,26051.4,0.428,0.05,161.68,0.011,3.69,26051.4,0.428,0.05,161.68,0.011,119474.4110815431,16.354963302612305,0.19165312714198054,1.33,3578.6,0.25,0.02,95.88,0.01,1.79,13751.4,0.342,0.02,95.88,0.01
16,0,10500,10500.0,157701.10326326298,8.475303649902344,0.20515795052545738,2.89,23706.2,0.41,0.04,146.64,0.011,2.89,23706.2,0.41,0.04,146.64,0.011,116198.95089435957,17.104007720947266,0.191745146118656,1.35,3569.9,0.25,0.02,94.0,0.01,2.07,13710.399999999998,0.342,0.02,94.0,0.01
16,0,11000,11000.0,147424.32574603122,7.2376580238342285,0.19928319557602384,0.78,6501.36,0.346,0.03,142.88,0.011,1.87,20795.2,0.385,0.03,142.88,0.011,111877.33564530987,17.25838851928711,0.19134189622733996,1.25,3123.3,0.244,0.02,94.0,0.01,2.22,13390.599999999999,0.34,0.02,94.0,0.01
16,0,11500,11500.0,139170.38743513374,6.406192779541016,0.19503472377653505,0.73,6297.42,0.344,0.02,125.96000000000001,0.011,1.69,18089.2,0.359,0.02,125.96000000000001,0.011,107168.64850023121,17.081375122070312,0.19074034623786199,0.9,2387.88,0.249,0.02,90.24,0.01,2.27,13054.4,0.339,0.02,90.24,0.01
16,0,12000,12000.0,133672.85731689108,6.003558158874512,0.19069778295400636,0.7,6078.030000000001,0.342,0.02,122.2,0.01,1.49,17015.0,0.35,0.02,122.2,0.01,101290.14121524815,15.963022232055664,0.18826171425559823,0.62,1652.0,0.263,0.03,90.24,0.01,2.35,12464.0,0.336,0.03,90.24,0.01
16,0,12500,12500.0,129966.83113842341,6.8021464347839355,0.18761727936286376,0.33,1894.2,0.263,0.02,114.68,0.01,1.28,16408.2,0.348,0.02,114.68,0.01,95557.86705011815,14.388798713684082,0.1858976676919467,0.6,1521.8,0.262,0.03,82.72,0.01,2.38,11931.0,0.333,0.03,82.72,0.01
16,0,13000,13000.0,128546.7720170223,7.4841766357421875,0.18550497117415984,0.67,5305.530000000001,0.333,0.02,112.8,0.01,1.23,15317.6,0.343,0.02,112.8,0.01,89682.20855526072,12.62346363067627,0.18251841787562242,0.57,1477.0,0.26,0.03,80.84,0.01,2.4,11439.0,0.33,0.03,80.84,0.01
16,0,13500,13500.0,129506.4426165198,7.913357734680176,0.18550142318536167,0.52,5129.4,0.329,0.02,99.64,0.01,1.24,14325.399999999998,0.338,0.02,99.64,0.01,84356.02942815998,10.86064338684082,0.1799424822692387,1.13,3961.38,0.326,0.03,75.2,0.01,2.47,11176.6,0.332,0.03,75.2,0.01
16,0,14000,14000.0,133151.51103673992,8.180477142333984,0.18779475128396242,0.52,4950.18,0.326,0.02,95.88,0.01,0.9,13776.0,0.334,0.02,95.88,0.01,78993.06674727038,9.972672462463379,0.17651830844946922,1.0,3757.44,0.324,0.03,73.32,0.009,2.18,10520.6,0.328,0.03,73.32,0.009
16,0,14500,14500.0,137212.0915802925,8.19829273223877,0.19066054188851228,0.57,5113.95,0.329,0.02,90.24,0.01,0.95,13374.199999999999,0.332,0.02,90.24,0.01,74408.27125344017,9.661901473999023,0.1741927246636212,0.99,3559.68,0.321,0.03,65.8,0.009,1.94,10004.0,0.327,0.03,65.8,0.009
16,0,15000,15000.0,141363.27597496874,8.138513565063477,0.1932424036783194,0.62,5308.62,0.332,0.02,88.36,0.01,1.05,13784.199999999999,0.334,0.02,88.36,0.01,70364.64792518497,9.122701644897461,0.17106107491991507,0.98,3349.56,0.317,0.03,62.04,0.009,1.84,9462.8,0.323,0.03,62.04,0.009
16,0,15500,15500.0,144626.86693818908,8.198325157165527,0.1950459045959852,0.69,5735.04,0.337,0.01,94.0,0.01,1.14,14300.800000000001,0.337,0.01,94.0,0.01,66714.24165026334,8.468462944030762,0.1681843982161977,0.99,3111.63,0.312,0.02,58.28,0.009,1.81,8946.2,0.32,0.02,58.28,0.009
16,0,16000,16000.0,146377.63223120355,8.198134422302246,0.1939604380627545,0.83,6223.26,0.344,0.01,95.88,0.01,1.29,15416.0,0.343,0.01,95.88,0.01,63570.15173153968,8.928118705749512,0.1631969540563686,0.99,2855.16,0.305,0.02,56.4,0.009,1.81,8396.8,0.315,0.02,56.4,0.009
16,0,16500,16500.0,148004.4175281698,8.104393005371094,0.1923346351434543,0.85,6285.06,0.345,0.01,107.15999999999998,0.01,1.46,16547.6,0.349,0.01,107.15999999999998,0.01,61335.710027292,9.302242279052734,0.1590295862140334,0.83,2688.3,0.301,0.02,50.76,0.008,1.74,7790.0,0.309,0.02,50.76,0.008
16,0,17000,17000.0,150081.05287483725,8.122307777404785,0.19135125075530268,0.88,6356.13,0.346,0.02,112.8,0.01,1.5,16801.8,0.35,0.02,112.8,0.01,61021.105700113025,8.991251945495605,0.15572391363228105,0.72,2509.0799999999995,0.295,0.02,48.88,0.008,1.47,7330.8,0.304,0.02,48.88,0.008
16,0,17500,17500.0,153071.93310907568,8.794288635253906,0.1909249528302252,0.85,6208.64,0.256,0.03,114.68,0.011,1.51,16916.6,0.35,0.03,114.68,0.011,61822.58850853323,8.40420150756836,0.15419957113035476,0.79,2373.12,0.29,0.02,47.0,0.008,1.68,6896.2,0.299,0.02,47.0,0.008
16,0,18000,18000.0,157731.8378206405,9.788369178771973,0.19332836500277648,1.06,6141.0,0.256,0.03,116.56,0.011,1.26,16252.4,0.348,0.03,116.56,0.011,64117.33080600198,9.998973846435547,0.1540762482549892,0.87,2230.98,0.284,0.02,47.0,0.009,1.81,6445.2,0.293,0.02,47.0,0.009
16,0,18500,18500.0,162782.62737307244,10.88093090057373,0.1965477440323459,1.2,6108.96,0.256,0.02,105.28000000000002,0.01,1.13,15637.4,0.345,0.02,105.28000000000002,0.01,67210.50173241847,12.588964462280273,0.15545184955186458,0.86,2363.85,0.287,0.01,39.48,0.008,1.92,6109.0,0.287,0.01,39.48,0.008
16,0,19000,19000.0,167256.16445930325,11.963958740234375,0.2004470377136284,1.55,5653.28,0.252,0.02,103.40000000000002,0.01,1.29,16293.4,0.348,0.02,103.40000000000002,0.01,71338.58065059362,14.602130889892578,0.1588815526072033,0.84,2305.8,0.231,0.01,37.6,0.008,1.87,6338.6,0.289,0.01,37.6,0.008
16,0,19500,19500.0,169325.51100112783,13.152647972106934,0.20274746110239553,1.78,5368.48,0.25,0.02,110.92,0.01,1.44,17039.6,0.35,0.02,110.92,0.01,75591.01630194954,15.792520523071289,0.16247171941202276,0.82,2184.4,0.233,0.01,39.48,0.008,1.78,6715.8,0.293,0.01,39.48,0.008
16,0,20000,20000.0,169670.56835867494,14.293073654174805,0.2052964902770558,1.57,4500.8,0.254,0.02,114.68,0.01,1.58,19171.6,0.369,0.02,114.68,0.01,79053.57589386788,15.624463081359863,0.16676251768047384,1.03,2907.69,0.3,0.01,39.48,0.008,1.78,7248.8,0.296,0.01,39.48,0.008
16,0,20500,20500.0,167174.6022654971,15.553221702575684,0.20543117066775088,1.6,4463.1,0.253,0.02,129.72,0.011,1.78,21410.2,0.39,0.02,129.72,0.011,81533.13204361475,14.667384147644043,0.16973480844614666,1.13,3018.93,0.301,0.02,47.0,0.008,2.29,7765.400000000001,0.3,0.02,47.0,0.008
17,0,-21000,21000.0,198943.35473575527,14.485713005065918,0.20972289263487193,1.01,9585.18,0.402,0.03,167.32,0.011,2.61,28035.799999999996,0.427,0.03,167.32,0.011,28911.967530636517,1.897172212600708,0.11720519718821233,0.35,1915.8,0.247,0.0,18.8,0.005,0.56,4206.6,0.223,0.0,18.8,0.005
17,0,-20500,20500.0,189877.0688154547,11.627518653869629,0.2074871249054946,1.15,9650.07,0.404,0.02,159.8,0.011,2.4,26863.2,0.42,0.02,159.8,0.011,25928.306652621344,1.5011827945709229,0.11298729722211896,0.3,1810.74,0.241,0.06,212.52,0.01,0.65,4706.8,0.235,0.01,24.44,0.005
17,0,-20000,20000.0,181566.41079010107,9.056426048278809,0.20492208114488392,1.31,9730.41,0.407,0.02,157.92,0.011,2.41,26633.599999999995,0.419,0.02,157.92,0.011,22175.073682042123,1.0678046941757202,0.10653360541366334,0.25,1708.77,0.236,0.06,177.1,0.01,0.54,4378.8,0.227,0.01,24.44,0.005
17,0,-19500,19500.0,172925.5186862062,8.558503150939941,0.20148654982743097,2.63,26551.600000000002,0.42,0.02,154.16,0.011,2.63,26551.600000000002,0.42,0.02,154.16,0.011,19031.240204353697,1.026652455329895,0.10190700431505852,0.19,1371.9600000000003,0.213,0.0,18.8,0.005,0.41,4091.8,0.221,0.0,18.8,0.005
17,0,-19000,19000.0,163883.0201116759,8.724102973937988,0.19741970716254498,0.57,3992.88,0.256,0.03,154.16,0.011,1.54,23460.2,0.398,0.03,154.16,0.011,15908.22909658782,1.0275232791900635,0.09476037371240749,0.14,1087.68,0.196,0.0,16.92,0.004,0.31,3255.4,0.197,0.0,16.92,0.004
17,0,-18500,18500.0,156529.52713761,9.682456016540527,0.19515048952440908,0.52,3294.0,0.248,0.01,133.48,0.01,1.47,20418.0,0.373,0.01,133.48,0.01,13561.688886510627,1.0015196800231934,0.09049849779263415,0.11,321.9,0.112,0.0,11.28,0.004,0.2,2665.0,0.185,0.0,11.28,0.004
17,0,-18000,18000.0,150591.87288866122,9.930331230163574,0.19274119442537527,0.79,6470.46,0.339,0.02,127.84000000000002,0.01,1.51,18843.6,0.359,0.02,127.84000000000002,0.01,11688.934497343245,0.9302152991294861,0.08515855531380578,0.05,208.6,0.123,0.0,11.28,0.004,0.18,2197.6,0.172,0.0,11.28,0.004
17,0,-17500,17500.0,145669.88120970794,9.278670310974121,0.1913476997448297,0.38,2312.8,0.269,0.02,118.44,0.01,1.47,17712.0,0.349,0.02,118.44,0.01,10258.842523011526,0.8393442034721375,0.08149722829547221,0.05,158.19999999999996,0.117,0.0,9.4,0.003,0.18,1771.2000000000003,0.161,0.0,9.4,0.003
17,0,-17000,17000.0,141051.59565060018,7.623045921325684,0.1896498382361695,0.78,6297.42,0.337,0.02,116.56,0.01,1.33,17408.6,0.346,0.02,116.56,0.01,9158.58376701401,0.716472864151001,0.0762876314487492,0.07,211.05,0.111,0.0,7.52,0.003,0.16,1459.6,0.151,0.0,7.52,0.003
17,0,-16500,16500.0,136405.29453469173,8.526579856872559,0.18752075816984706,0.69,3784.5,0.238,0.02,116.56,0.01,1.57,17080.6,0.343,0.02,116.56,0.01,8352.236525562375,0.5850830078125,0.07228893282194533,0.07,184.92,0.109,0.0,5.64,0.003,0.15,1213.6,0.144,0.0,5.64,0.003
17,0,-16000,16000.0,132540.9268080946,9.860703468322754,0.18603263346922272,0.8,3628.8,0.246,0.02,118.44,0.01,1.46,16170.399999999998,0.338,0.02,118.44,0.01,7895.126518816278,0.45752623677253723,0.06760549058514671,0.06,170.85,0.107,0.0,5.64,0.003,0.12,1033.2,0.136,0.0,5.64,0.003
17,0,-15500,15500.0,129654.84351970558,11.081119537353516,0.18560485337713412,0.79,3436.62,0.248,0.01,107.15999999999998,0.01,1.29,15292.999999999998,0.334,0.01,107.15999999999998,0.01,7982.954194022591,0.3668675720691681,0.0660830512567124,0.13,388.04,0.104,0.0,5.64,0.003,0.1,885.6000000000001,0.129,0.0,5.64,0.003
17,0,-15000,15000.0,126930.88634312511,11.219242095947266,0.18301690553966649,0.86,3758.56,0.247,0.01,103.40000000000002,0.01,1.12,14801.0,0.331,0.01,103.40000000000002,0.01,8764.97330411279,0.5340147018432617,0.06783954723043757,0.18,337.5,0.111,0.0,5.64,0.003,0.08,770.8,0.121,0.0,5.64,0.003
17,0,-14500,14500.0,125665.06884822654,10.784895896911621,0.18190949605403114,0.46,1981.0,0.259,0.01,99.64,0.01,1.5,14374.600000000002,0.329,0.01,99.64,0.01,9939.83193873649,0.8573505282402039,0.07124481528374259,0.2,330.2,0.116,0.0,3.76,0.003,0.06,688.8,0.114,0.0,3.76,0.003
17,0,-14000,14000.0,125615.71229373125,9.489694595336914,0.1797288562909061,1.07,5283.9,0.325,0.01,99.64,0.01,1.89,14309.0,0.329,0.01,99.64,0.01,11557.777477969192,1.051866054534912,0.07652053742141764,0.22,458.2,0.121,0.0,3.76,0.003,0.05,680.6,0.11,0.0,3.76,0.003
17,0,-13500,13500.0,127377.75953872819,8.395435333251953,0.17874617636784992,0.98,5154.12,0.323,0.02,97.76,0.01,2.24,14341.799999999997,0.329,0.02,97.76,0.01,13224.775741338657,1.1454880237579346,0.08157258451340896,0.12,196.0,0.124,0.0,3.76,0.003,0.08,729.8,0.114,0.0,3.76,0.003
17,0,-13000,13000.0,132039.3265122146,8.948725700378418,0.17954912456632513,0.91,4065.8,0.244,0.02,97.76,0.01,1.96,13882.6,0.327,0.02,97.76,0.01,14754.854676971641,1.3609267473220825,0.08634133215692566,0.26,475.6,0.121,0.0,5.64,0.003,0.22,1025.0,0.133,0.0,5.64,0.003
17,0,-12500,12500.0,138850.3726245267,14.099584579467773,0.1818910525175423,2.9,14828.73,0.289,0.02,90.24,0.009,1.68,13554.600000000002,0.326,0.02,90.24,0.009,15909.69564585482,1.6761139631271362,0.08938065443579825,0.27,478.5,0.121,0.0,7.52,0.003,0.39,1336.6,0.149,0.0,7.52,0.003
17,0,-12000,12000.0,147164.60559907256,17.553911209106445,0.18475800485550792,1.0,4752.0,0.263,0.02,90.24,0.009,1.5,13480.800000000001,0.326,0.02,90.24,0.009,16538.345149363115,1.863204002380371,0.0906360555334426,0.15,288.84,0.117,0.0,7.52,0.003,0.39,1656.4,0.16,0.0,7.52,0.003
17,0,-11500,11500.0,156668.26313964988,18.68663215637207,0.1887480930813974,1.13,4846.5,0.264,0.01,90.24,0.009,1.22,13489.0,0.327,0.01,90.24,0.009,16882.315097190072,1.9467747211456299,0.0908460499077288,0.19,347.73,0.123,0.0,9.4,0.003,0.38,1976.2000000000003,0.171,0.0,9.4,0.003
17,0,-11000,11000.0,166629.43959638278,18.935678482055664,0.19381635962868773,1.5,5113.8,0.266,0.02,92.12,0.01,1.96,14653.4,0.333,0.02,92.12,0.01,16867.03309004972,1.8981627225875854,0.08925574588593216,0.26,899.19,0.188,0.0,9.4,0.004,0.36,2090.9999999999995,0.174,0.0,9.4,0.004
17,0,-10500,10500.0,174911.7965815802,23.30841064453125,0.19769822036528698,1.48,4833.62,0.268,0.02,103.40000000000002,0.01,2.75,15899.8,0.34,0.02,103.40000000000002,0.01,16879.345308761003,1.8952959775924683,0.08757112129918802,0.32,846.6600000000001,0.185,0.0,9.4,0.004,0.51,2197.6,0.177,0.0,9.4,0.004
17,0,-10000,10000.0,179480.5844364303,23.09695816040039,0.20042718678807128,1.61,5287.56,0.267,0.02,109.03999999999999,0.01,3.06,17867.8,0.351,0.02,109.03999999999999,0.01,17099.879011706355,1.8737313747406006,0.08587900354957514,0.37,806.49,0.185,0.0,9.4,0.004,0.57,2099.2,0.176,0.0,9.4,0.004
17,0,-9500,9500.0,182043.1485111197,20.05581283569336,0.20231968319572993,0.87,2781.8,0.279,0.03,125.96000000000001,0.01,3.2,20795.2,0.379,0.03,125.96000000000001,0.01,17818.908254821217,1.8870881795883179,0.08576241759125332,0.33,763.2300000000001,0.182,0.0,9.4,0.003,0.6,2009.0000000000002,0.176,0.0,9.4,0.003
17,0,-9000,9000.0,179721.98470951227,21.29104232788086,0.2030811845671103,2.04,8843.58,0.393,0.03,131.6,0.01,3.91,22459.8,0.393,0.03,131.6,0.01,19201.795843827378,1.9662452936172485,0.08709002465146205,0.29,726.15,0.182,0.0,9.4,0.003,0.53,1910.6,0.175,0.0,9.4,0.003
17,0,-8500,8500.0,176321.87508203345,23.364547729492188,0.20418222319061852,1.8,8633.46,0.388,0.04,139.12,0.011,4.42,24009.6,0.406,0.04,139.12,0.011,20885.227870995037,2.0926849842071533,0.0891714932645463,0.3,879.3200000000002,0.123,0.0,7.52,0.003,0.44,1828.6,0.174,0.0,7.52,0.003
17,0,-8000,8000.0,168969.8891304419,23.52724838256836,0.20251518827405182,1.42,8432.61,0.383,0.05,142.88,0.011,3.74,23665.2,0.403,0.05,142.88,0.011,22875.10354985697,2.3060004711151123,0.0914882212122289,0.27,748.2,0.128,0.0,7.52,0.003,0.38,1902.3999999999999,0.172,0.0,7.52,0.003
17,0,-7500,7500.0,160580.03846435898,24.170894622802734,0.19978467182263251,0.59,2597.0,0.273,0.04,141.0,0.011,3.0,23107.6,0.398,0.04,141.0,0.011,25152.75103152822,2.637932062149048,0.09435417337453432,0.28,754.0,0.128,0.0,9.4,0.003,0.33,2017.2,0.173,0.0,9.4,0.003
17,0,-7000,7000.0,150948.66393952235,24.00702476501465,0.19387703396122086,1.38,7252.23,0.353,0.04,142.88,0.011,3.35,21918.6,0.387,0.04,142.88,0.011,27935.96979201767,3.109222888946533,0.09989804868749597,0.33,942.5,0.143,0.0,9.4,0.003,0.38,2394.4,0.179,0.0,9.4,0.003
17,0,-6500,6500.0,142186.30119448513,23.686363220214844,0.18814443133796632,1.37,6387.030000000001,0.336,0.03,131.6,0.01,3.58,20459.0,0.373,0.03,131.6,0.01,30363.198824950054,3.422271966934204,0.1042508902705548,0.3,1031.2399999999998,0.161,0.0,11.28,0.004,0.42,2796.2,0.185,0.0,11.28,0.004
17,0,-6000,6000.0,134447.48032011365,23.31279182434082,0.18189157548032245,1.39,5701.05,0.328,0.03,129.72,0.01,3.56,17621.8,0.345,0.03,129.72,0.01,32129.269506288198,3.486194133758545,0.10882220384355286,0.32,1123.12,0.161,0.0,13.160000000000002,0.004,0.48,3050.4,0.188,0.0,13.160000000000002,0.004
17,0,-5500,5500.0,129968.40104652387,22.363643646240234,0.17907241055033787,3.4,15785.0,0.335,0.03,112.8,0.01,3.4,15785.0,0.335,0.03,112.8,0.01,33059.272122580005,3.3490254878997803,0.11163465361716797,0.18,600.6,0.171,0.0,13.160000000000002,0.004,0.54,3304.6,0.191,0.0,13.160000000000002,0.004
17,0,-5000,5000.0,128261.00365583881,20.513566970825195,0.1773773596023393,0.52,1842.4,0.252,0.03,109.03999999999999,0.01,3.0,14317.2,0.327,0.03,109.03999999999999,0.01,32638.846940549043,2.895275115966797,0.11126418364795376,0.42,1745.85,0.228,0.0,15.04,0.004,0.69,3927.8,0.208,0.0,15.04,0.004
17,0,-4500,4500.0,128785.21436600201,18.65061378479004,0.1779042918526753,0.71,2590.89,0.236,0.03,94.0,0.009,2.62,13095.4,0.319,0.03,94.0,0.009,31525.10233062296,2.467447280883789,0.10897431058682966,0.4,1758.2100000000003,0.228,0.08,389.62,0.011,0.84,4501.8,0.222,0.01,22.56,0.005
17,0,-4000,4000.0,131116.5320351114,16.195512771606445,0.17922727214421982,1.06,4888.38,0.315,0.03,88.36,0.009,2.65,13177.4,0.319,0.03,88.36,0.009,29623.02668495763,1.8906224966049194,0.10350443771411487,0.4,1782.9299999999998,0.229,0.09,425.04,0.011,0.83,4583.8,0.223,0.01,24.44,0.005
17,0,-3500,3500.0,133668.0565858995,13.59972858428955,0.1804437489484095,1.25,5144.2,0.239,0.03,92.12,0.009,2.68,13390.599999999999,0.32,0.03,92.12,0.009,28660.282566514295,1.3929550647735596,0.10007800396221095,0.34,1538.8200000000002,0.213,0.01,26.320000000000004,0.005,0.82,4583.8,0.222,0.01,26.320000000000004,0.005
17,0,-3000,3000.0,135655.1997623988,11.077277183532715,0.18310825033284997,0.94,4265.9,0.243,0.02,92.12,0.009,2.33,13628.4,0.321,0.02,92.12,0.009,29166.240384081357,1.4434202909469604,0.09942659705414948,0.27,1282.35,0.195,0.01,26.320000000000004,0.005,0.63,3911.3999999999996,0.205,0.01,26.320000000000004,0.005
17,0,-2500,2500.0,136781.17613557787,10.12557315826416,0.1854369389040919,0.95,4283.3,0.243,0.02,95.88,0.009,2.13,13948.200000000003,0.323,0.02,95.88,0.009,31404.38631010893,1.3845911026000977,0.10309401638845775,0.29,1183.47,0.191,0.01,53.85,0.007,0.43,3280.0,0.187,0.01,16.92,0.004
17,0,-2000,2000.0,136191.9679694553,10.614439010620117,0.18803812376020415,0.83,3932.4,0.239,0.02,95.88,0.01,1.74,14235.2,0.325,0.02,95.88,0.01,35843.0484938508,2.2542824745178223,0.11024409143108746,0.31,1035.3,0.151,0.01,53.85,0.007,0.42,2943.8,0.181,0.01,15.04,0.004
17,0,-1500,1500.0,134133.08974928447,10.832569122314453,0.18978207685481496,0.58,2962.74,0.244,0.01,99.64,0.01,1.43,14555.0,0.326,0.01,99.64,0.01,41033.7677176728,3.2756941318511963,0.118449302642375,1.11,6794.67,0.227,0.0,13.160000000000002,0.004,0.45,2714.2,0.177,0.0,13.160000000000002,0.004
17,0,-1000,1000.0,128839.83422222662,10.38790225982666,0.18735772961751107,0.56,2884.35,0.242,0.02,99.64,0.01,1.3,15301.2,0.33,0.02,99.64,0.01,46632.057352050106,4.046654224395752,0.1254736875608025,0.41,1606.8,0.218,0.0,11.28,0.004,0.42,3099.6,0.183,0.0,11.28,0.004
17,0,-500,500.0,122507.13229066753,10.481846809387207,0.18344089074545705,0.52,2745.66,0.24,0.02,109.03999999999999,0.01,1.39,16039.199999999999,0.333,0.02,109.03999999999999,0.01,52741.65980763512,4.687460422515869,0.1324948256146365,1.09,6908.94,0.228,0.0,15.04,0.004,0.52,3837.5999999999995,0.203,0.0,15.04,0.004
17,0,0,0.0,115594.59644396404,10.426408767700195,0.17803658151461635,0.33,1997.8,0.257,0.02,112.8,0.01,1.38,15793.200000000003,0.332,0.02,112.8,0.01,59616.18557651379,5.0655975341796875,0.1423286907963148,0.51,2070.6,0.205,0.01,53.85,0.007,0.4,4977.4,0.231,0.01,16.92,0.004
17,0,500,500.0,110051.6997293694,10.438581466674805,0.1732235386369426,0.34,1568.0,0.241,0.02,107.15999999999998,0.01,1.54,15440.599999999999,0.331,0.02,107.15999999999998,0.01,65747.67474936883,5.955822944641113,0.14996676023124358,0.53,2117.0,0.206,0.01,28.2,0.006,0.77,6125.4,0.252,0.01,28.2,0.006
17,0,1000,1000.0,107525.21489677296,10.511970520019531,0.17037019943741816,0.77,4622.64,0.311,0.02,105.28000000000002,0.01,1.5,13800.599999999999,0.322,0.02,105.28000000000002,0.01,70214.8767033223,6.4018120765686035,0.15778642955031058,0.57,2654.31,0.267,0.01,31.960000000000004,0.006,0.96,6568.2,0.259,0.01,31.960000000000004,0.006
17,0,1500,1500.0,108080.92364723199,10.555057525634766,0.1707986825844855,0.65,2963.8,0.221,0.02,84.6,0.009,1.45,12341.0,0.314,0.02,84.6,0.009,72605.22604723365,6.294272422790527,0.16293465380741365,0.37,1505.49,0.209,0.01,39.48,0.007,1.08,6888.0,0.265,0.01,39.48,0.007
17,0,2000,2000.0,111269.26255113681,10.3138427734375,0.1723050220686536,0.3,1440.5999999999997,0.235,0.02,78.96,0.009,1.29,11619.4,0.309,0.02,78.96,0.009,71822.94283242873,5.4665350914001465,0.16556569639226643,0.53,3309.3900000000003,0.29,0.01,47.12,0.019,1.1,7839.2,0.279,0.02,41.36,0.007
17,0,2500,2500.0,115288.25057980302,9.89376163482666,0.17449646371351257,0.45,2094.42,0.223,0.02,71.44,0.009,1.27,11070.0,0.305,0.02,71.44,0.009,68700.74832143562,5.175492763519287,0.1650353339560346,0.6,3525.69,0.296,0.11,566.72,0.015,1.08,8708.4,0.29,0.02,54.519999999999996,0.008
17,0,3000,3000.0,120380.45387421231,8.97816276550293,0.17948838981081527,0.69,4715.34,0.312,0.02,69.56,0.008,1.39,11726.0,0.309,0.02,69.56,0.008,62413.88176381116,4.8248982429504395,0.16065484804450028,0.68,3788.34,0.303,0.09,389.62,0.011,1.2,9257.8,0.296,0.02,56.4,0.008
17,0,3500,3500.0,123937.84756779775,8.738282203674316,0.18355435650406096,0.74,4965.63,0.315,0.02,78.96,0.009,1.5,12455.8,0.314,0.02,78.96,0.009,54981.72275450019,4.169332981109619,0.15351058796328923,0.59,3454.62,0.295,0.07,336.49,0.011,1.31,9790.8,0.302,0.01,60.16,0.008
17,0,4000,4000.0,123726.13583934077,9.401888847351074,0.18526973494599222,0.79,5249.909999999999,0.319,0.02,80.84,0.009,1.56,13087.2,0.317,0.02,80.84,0.009,45868.09749531975,3.2947843074798584,0.1392967722319538,0.53,3102.3599999999997,0.286,0.08,336.49,0.011,1.11,8897.0,0.293,0.02,60.16,0.008
17,0,4500,4500.0,121553.73364003768,8.845796585083008,0.18588976505182653,0.76,5633.07,0.324,0.01,86.48,0.009,1.6,13792.4,0.321,0.01,86.48,0.009,38077.545287074725,2.507301092147827,0.12592037100813316,0.46,2666.6700000000005,0.273,0.09,371.91,0.011,1.04,7945.8,0.282,0.01,48.88,0.008
17,0,5000,5000.0,115613.56613588963,7.931319236755371,0.18274496849598645,0.85,6087.3,0.33,0.01,88.36,0.009,1.6,14866.6,0.326,0.01,88.36,0.009,32271.907308039103,1.800513505935669,0.11157905863819137,0.37,2206.26,0.256,0.09,513.5899999999999,0.014,0.87,6756.8,0.268,0.01,45.12,0.007
17,0,5500,5500.0,108381.84606935733,7.662880897521973,0.17787155525885268,0.8,5731.95,0.326,0.02,99.64,0.009,1.82,15858.8,0.331,0.02,99.64,0.009,28821.570555419632,1.2576442956924438,0.10229471027421992,0.31,1755.12,0.232,0.01,33.84,0.006,0.67,5608.8,0.251,0.01,33.84,0.006
17,0,6000,6000.0,100240.4384806923,7.712822437286377,0.17305932565711113,0.74,5354.969999999999,0.322,0.02,103.40000000000002,0.01,1.61,15047.000000000002,0.328,0.02,103.40000000000002,0.01,27764.198350483675,1.7137324810028076,0.09685427428771969,0.49,1658.96,0.173,0.01,30.08,0.006,0.46,4337.8,0.224,0.01,30.08,0.006
17,0,6500,6500.0,93286.09675525106,7.8833417892456055,0.1694340617124644,0.53,4665.9,0.311,0.02,92.12,0.009,1.37,14054.8,0.323,0.02,92.12,0.009,29230.70204077712,2.3117589950561523,0.09857312016384283,0.67,1897.48,0.183,0.0,15.04,0.004,0.39,3181.6,0.191,0.0,15.04,0.004
17,0,7000,7000.0,87558.05811322745,8.057585716247559,0.16608587477464912,0.52,2375.1,0.21,0.02,90.24,0.009,1.14,12324.6,0.313,0.02,90.24,0.009,33554.336398609346,3.5045385360717773,0.1075726357064095,0.49,1461.6,0.179,0.0,13.160000000000002,0.004,0.26,2796.2,0.181,0.0,13.160000000000002,0.004
17,0,7500,7500.0,82679.45792645529,8.141284942626953,0.16421566686750913,0.47,2054.86,0.214,0.01,73.32,0.009,1.09,10569.8,0.3,0.01,73.32,0.009,38290.96018049386,4.684000492095947,0.11688458708407284,0.52,1502.2,0.181,0.0,11.28,0.003,0.23,2509.2,0.174,0.0,11.28,0.003
17,0,8000,8000.0,78077.222335252,8.175948143005371,0.15994310214867627,0.59,1919.8,0.194,0.01,67.68,0.008,1.06,9922.0,0.294,0.01,67.68,0.008,43124.678604440785,6.236539840698242,0.12553439385757892,0.48,1444.2000000000003,0.176,0.0,11.28,0.003,0.27,2878.2,0.18,0.0,11.28,0.003
17,0,8500,8500.0,73764.33824644386,8.08696174621582,0.15558971254050058,0.59,1890.7999999999997,0.193,0.01,63.92000000000001,0.008,0.99,9380.8,0.291,0.01,63.92000000000001,0.008,46625.02589205029,6.88836669921875,0.13117863324665172,0.42,1379.22,0.185,0.0,13.160000000000002,0.003,0.31,3321.0,0.189,0.0,13.160000000000002,0.003
17,0,9000,9000.0,70361.43594513519,7.794923305511475,0.151493928600986,0.28,1141.0,0.221,0.01,62.04,0.008,0.98,9093.8,0.289,0.01,62.04,0.008,47873.03023698824,6.079607963562012,0.1310856018258563,0.33,1011.03,0.177,0.0,15.04,0.004,0.62,4485.4,0.22,0.0,15.04,0.004
17,0,9500,9500.0,68223.0889940496,7.328005313873291,0.1488067448778315,0.29,942.2000000000002,0.206,0.01,58.28,0.008,0.95,8921.6,0.289,0.01,58.28,0.008,48179.585365215964,5.036595344543457,0.12841348904542074,0.39,1172.88,0.182,0.01,28.2,0.006,1.04,5584.2,0.243,0.01,28.2,0.006
17,0,10000,10000.0,67828.86850788307,6.551893711090088,0.1487294982620779,0.29,936.6,0.205,0.01,58.28,0.008,0.95,8077.0,0.279,0.01,58.28,0.008,49080.1643059816,4.163455486297607,0.12733684801679548,0.63,2462.73,0.26,0.01,31.960000000000004,0.006,1.19,6002.4,0.251,0.01,31.960000000000004,0.006
17,0,10500,10500.0,68519.97035426936,5.836240291595459,0.1505122461358389,0.39,1286.4,0.193,0.02,47.0,0.007,0.97,7273.399999999999,0.27,0.02,47.0,0.007,51193.28673116812,4.305538654327393,0.1280807568162296,0.49,1531.2,0.179,0.01,35.72,0.006,1.29,6330.4,0.256,0.01,35.72,0.006
17,0,11000,11000.0,70010.482830959,5.766861438751221,0.15302206216712066,0.36,1324.59,0.195,0.02,45.12,0.007,0.96,7019.2,0.265,0.02,45.12,0.007,55094.058745862494,4.296571254730225,0.13136661541414785,0.58,1779.84,0.228,0.02,35.72,0.007,0.94,5518.6,0.242,0.02,35.72,0.007
17,0,11500,11500.0,71423.76665419202,5.938239574432373,0.15566382412388582,0.47,2793.3599999999997,0.271,0.01,43.24,0.007,0.95,6871.600000000001,0.263,0.01,43.24,0.007,60613.524995904445,4.183468341827393,0.1372176558646542,0.26,760.2,0.19,0.01,26.320000000000004,0.006,1.01,4723.2,0.227,0.01,26.320000000000004,0.006
17,0,12000,12000.0,72306.6535665192,5.8500471115112305,0.1564417939424594,0.48,3059.1,0.28,0.01,43.24,0.007,0.91,7437.4,0.271,0.01,43.24,0.007,67752.63250146544,5.171463489532471,0.14391893503690484,0.56,2253.3,0.203,0.01,24.44,0.005,1.01,5133.2,0.235,0.01,24.44,0.005
17,0,12500,12500.0,73083.24624962245,5.524738311767578,0.1567499396303078,0.48,3161.07,0.284,0.01,48.88,0.008,0.86,8060.6,0.28,0.01,48.88,0.008,74499.15731122618,6.805350303649902,0.14918729586804275,0.72,3004.64,0.205,0.01,31.960000000000004,0.006,0.99,5592.4,0.244,0.01,31.960000000000004,0.006
17,0,13000,13000.0,73671.16334647305,4.906201362609863,0.15545898359214094,0.51,3287.76,0.289,0.01,50.76,0.008,0.9,8372.2,0.285,0.01,50.76,0.008,80856.30316226733,8.720288276672363,0.15444650010410266,0.62,2586.8,0.211,0.02,33.84,0.006,0.93,6658.399999999999,0.259,0.02,33.84,0.006
17,0,13500,13500.0,74513.38750991758,4.272778034210205,0.1541481807557869,0.49,3167.25,0.286,0.01,52.64000000000001,0.008,1.01,8642.8,0.289,0.01,52.64000000000001,0.008,86186.74061655007,10.946101188659668,0.15802732741282768,0.62,2589.3,0.22,0.01,47.0,0.007,0.87,7773.6,0.273,0.01,47.0,0.007
17,0,14000,14000.0,76197.57885843248,4.0164713859558105,0.1543876997936607,0.46,3043.65,0.283,0.01,54.519999999999996,0.008,0.95,8355.8,0.286,0.01,54.519999999999996,0.008,90429.6407099733,13.335344314575195,0.1612800213691169,0.8,2754.0,0.224,0.02,48.88,0.008,0.85,8593.6,0.281,0.02,48.88,0.008
17,0,14500,14500.0,78989.8724868692,4.164377689361572,0.15608035962157962,0.51,3471.0,0.222,0.01,50.76,0.008,0.88,8044.2,0.283,0.01,50.76,0.008,93770.84517102865,15.121886253356934,0.163331111149976,0.78,2618.74,0.227,0.02,56.4,0.008,1.24,9380.8,0.287,0.02,56.4,0.008
17,0,15000,15000.0,83279.58439271551,5.659181594848633,0.16196821193628982,0.56,2813.4,0.232,0.01,50.76,0.008,0.64,7937.6,0.281,0.01,50.76,0.008,95880.30107774906,15.621925354003906,0.16361299691262737,0.85,2860.6199999999994,0.226,0.02,60.16,0.008,1.4,9905.6,0.292,0.02,60.16,0.008
17,0,15500,15500.0,87281.99826942284,6.625992298126221,0.16805907959565572,0.56,2667.0,0.234,0.01,48.88,0.008,0.46,7945.8,0.281,0.01,48.88,0.008,97347.09230029734,15.079124450683594,0.16302188138651022,0.45,1514.8,0.238,0.02,65.8,0.008,1.76,10381.2,0.296,0.02,65.8,0.008
17,0,16000,16000.0,89271.70613317957,7.381679058074951,0.17252015496209125,0.61,2916.22,0.234,0.01,48.88,0.008,0.61,8552.6,0.287,0.01,48.88,0.008,98851.78984183018,13.699197769165039,0.16313569124096133,1.14,4069.53,0.3,0.02,67.68,0.008,2.16,10692.8,0.299,0.02,67.68,0.008
17,0,16500,16500.0,88852.612114903,7.939210414886475,0.17445456374722637,0.33,1540.0,0.245,0.01,56.4,0.008,0.82,9159.4,0.292,0.01,56.4,0.008,100416.44678944176,11.984554290771484,0.16317186361266678,1.22,4097.56,0.225,0.02,73.32,0.009,2.51,10897.8,0.301,0.02,73.32,0.009
17,0,17000,17000.0,84489.25159472945,6.878387451171875,0.17070738738467386,0.83,4295.1,0.31,0.01,58.28,0.008,1.22,10291.0,0.302,0.01,58.28,0.008,102834.60063006397,10.284831047058105,0.16600673050788584,1.29,3540.9000000000005,0.232,0.02,73.32,0.009,2.17,10692.8,0.298,0.02,73.32,0.009
17,0,17500,17500.0,79083.8768212744,5.377238750457764,0.16487020864806043,0.76,4162.23,0.308,0.02,73.32,0.009,1.75,11357.0,0.312,0.02,73.32,0.009,105222.07143303267,8.770628929138184,0.16871412117525364,1.34,3575.7,0.233,0.03,73.32,0.009,1.86,10528.8,0.296,0.03,73.32,0.009
17,0,18000,18000.0,73246.57635915051,4.995416164398193,0.15852620339406318,0.68,4020.09,0.306,0.02,75.2,0.009,1.6,11029.0,0.309,0.02,75.2,0.009,107294.38535049182,7.681783676147461,0.1716305304045382,0.72,2011.44,0.223,0.02,69.56,0.008,1.45,10602.6,0.296,0.02,69.56,0.008
17,0,18500,18500.0,68746.78053889694,5.114641189575195,0.15367724570999322,1.37,10578.0,0.306,0.02,69.56,0.009,1.37,10578.0,0.306,0.02,69.56,0.009,108393.15501860036,7.5434184074401855,0.1742077777371528,0.92,2450.19,0.234,0.02,73.32,0.009,1.06,10733.8,0.296,0.02,73.32,0.009
17,0,19000,19000.0,65819.83731226953,5.228525161743164,0.14996802795163358,0.74,8954.4,0.292,0.02,69.56,0.009,0.74,8954.4,0.292,0.02,69.56,0.009,106442.26020456632,6.310008525848389,0.17262941172369595,0.82,2391.9,0.232,0.02,73.32,0.009,1.06,11480.0,0.301,0.02,73.32,0.009
17,0,19500,19500.0,64820.430539202425,5.305528163909912,0.1498283449278719,0.2,1681.48,0.204,0.01,48.88,0.008,0.56,7421.000000000001,0.275,0.01,48.88,0.008,103366.86391121257,6.822887897491455,0.1695152807204293,0.46,1720.5999999999997,0.247,0.03,86.48,0.009,1.52,12177.0,0.306,0.03,86.48,0.009
17,0,20000,20000.0,65352.85051280331,5.328364372253418,0.15079593681404962,0.3,2626.5,0.271,0.01,45.12,0.007,0.57,7133.999999999999,0.272,0.01,45.12,0.007,99990.09450658305,6.849318027496338,0.16521980655030802,0.9,4730.79,0.308,0.04,88.36,0.009,1.56,12291.8,0.306,0.04,88.36,0.009
17,0,20500,20500.0,65999.2337460461,5.222249507904053,0.15195932149409228,0.33,2740.8299999999995,0.275,0.01,43.24,0.007,0.58,6978.2,0.27,0.01,43.24,0.007,98316.4309613262,6.623676776885986,0.16241747314527855,0.56,1847.19,0.214,0.04,88.36,0.009,1.58,12464.0,0.308,0.04,88.36,0.009
18,0,-21000,21000.0,15428.468674482428,6.05800724029541,0.10918493520063617,0.85,726.24,0.149,0.01,5.64,0.004,0.91,1615.4,0.217,0.01,5.64,0.004,2804.369950218461,0.5722061991691589,0.08251718539704213,0.09,130.5,0.136,0.0,7.18,0.007,0.12,319.8,0.176,0.0,1.88,0.004
18,0,-20500,20500.0,15891.748460924282,6.4155402183532715,0.11008886247255868,0.86,740.48,0.151,0.01,5.64,0.004,1.0,1672.8,0.223,0.01,5.64,0.004,3018.509973199798,0.6728240251541138,0.08495171301954726,0.12,256.32,0.137,0.0,3.59,0.007,0.1,229.60000000000002,0.162,0.0,1.88,0.004
18,0,-20000,20000.0,16444.168301970785,6.745509624481201,0.11151654218486258,0.83,708.44,0.147,0.01,7.52,0.004,1.08,1746.6,0.227,0.01,7.52,0.004,3309.8265222262853,0.7724624276161194,0.0912425177551709,0.1,171.1,0.138,0.0,3.59,0.007,0.08,213.2,0.156,0.0,1.88,0.004
18,0,-19500,19500.0,16927.39708770532,6.914129257202148,0.11253811866815824,0.67,530.7,0.149,0.01,7.52,0.004,1.14,1795.8,0.228,0.01,7.52,0.004,3534.869117501603,0.8769239187240601,0.09732205547205926,0.05,63.0,0.145,0.0,3.59,0.007,0.07,205.0,0.154,0.0,1.88,0.003
18,0,-19000,19000.0,17144.377676193835,6.961368083953857,0.11228973515698908,0.65,516.2,0.149,0.01,7.52,0.004,1.2,1845.0,0.229,0.01,7.52,0.004,3623.4915807309335,0.8694723844528198,0.09622261361725118,0.05,64.4,0.145,0.0,3.59,0.007,0.11,328.0,0.174,0.0,1.88,0.003
18,0,-18500,18500.0,17408.74185765133,6.945948123931885,0.11239984095262907,0.75,735.42,0.231,0.01,7.52,0.004,1.28,1894.2,0.23,0.01,7.52,0.004,3659.595868996621,0.8496499061584473,0.09280518412919302,0.05,74.2,0.146,0.0,1.88,0.004,0.15,451.00000000000006,0.187,0.0,1.88,0.004
18,0,-18000,18000.0,17598.26565645053,6.865207672119141,0.11212753507155365,0.81,778.68,0.232,0.01,7.52,0.004,1.36,1968.0,0.23,0.01,7.52,0.004,3702.235407565604,0.8374350070953369,0.08415631013883168,0.22,539.2,0.132,0.0,1.88,0.004,0.16,483.8,0.187,0.0,1.88,0.004
18,0,-17500,17500.0,17902.904026267788,6.7809834480285645,0.11244279003407677,0.84,809.58,0.233,0.01,7.52,0.004,1.46,2058.2,0.231,0.01,7.52,0.004,3956.7428179259878,0.9110528230667114,0.07868975981440525,0.19,238.52,0.14,0.0,1.88,0.004,0.16,492.0,0.186,0.0,1.88,0.004
18,0,-17000,17000.0,18115.543974177854,6.698727130889893,0.11189251630154419,0.87,843.57,0.233,0.01,7.52,0.004,1.49,2107.4,0.231,0.01,7.52,0.004,4670.7048673328245,1.1760715246200562,0.08220094347704612,0.32,327.52,0.144,0.0,1.88,0.004,0.11,352.6,0.169,0.0,1.88,0.004
18,0,-16500,16500.0,18424.619748227997,6.652268886566162,0.11155993842710468,0.87,859.0199999999999,0.233,0.01,7.52,0.004,1.53,2181.2,0.231,0.01,7.52,0.004,5679.621959949145,1.4435746669769287,0.08827865538003177,0.41,391.6000000000001,0.146,0.0,7.18,0.007,0.07,221.40000000000003,0.143,0.0,1.88,0.004
18,0,-16000,16000.0,18859.60168167003,6.666959285736084,0.1111809278967995,0.87,877.56,0.233,0.01,7.52,0.004,1.54,2230.4,0.231,0.01,7.52,0.004,7219.898026883311,2.0019314289093018,0.10178286096786332,0.48,385.7,0.151,0.0,7.18,0.007,0.06,205.0,0.143,0.0,1.88,0.004
18,0,-15500,15500.0,19467.85554227972,6.730224132537842,0.11144485572641016,0.83,877.56,0.231,0.01,7.52,0.004,1.54,2279.6,0.231,0.01,7.52,0.004,8666.862449513428,2.5811500549316406,0.11412890209620197,0.5,397.30000000000007,0.152,0.0,7.18,0.007,0.07,246.0,0.158,0.0,1.88,0.004
18,0,-15000,15000.0,20172.912318396993,6.855099678039551,0.11154601627596895,0.79,883.74,0.23,0.01,7.52,0.004,1.5,2312.4,0.23,0.01,7.52,0.004,9283.646356537793,2.573737859725952,0.1183239473491188,0.27,236.64000000000004,0.145,0.0,7.18,0.007,0.22,590.4,0.203,0.0,1.88,0.004
18,0,-14500,14500.0,21106.86979378297,6.991168022155762,0.11274950011076931,0.78,905.37,0.228,0.01,9.4,0.004,1.44,2328.8,0.229,0.01,9.4,0.004,9400.885929351352,2.44480299949646,0.11793496587255907,0.34,283.41,0.152,0.0,3.76,0.004,0.41,934.7999999999998,0.22,0.0,3.76,0.004
18,0,-14000,14000.0,22132.785581353528,7.1077728271484375,0.11441017706991308,0.77,930.0899999999999,0.227,0.01,9.4,0.004,1.41,2394.4,0.228,0.01,9.4,0.004,9271.752801235016,2.335887908935547,0.12277430560458072,0.61,522.24,0.138,0.0,6.08,0.018,0.6,1312.0,0.229,0.0,3.76,0.004
18,0,-13500,13500.0,23282.5856085954,7.201326847076416,0.11682267151989675,0.79,970.26,0.227,0.01,9.4,0.004,1.39,2460.0,0.227,0.01,9.4,0.004,8567.154875089182,2.2167160511016846,0.12343961443541215,0.27,233.68,0.15,0.0,6.08,0.018,0.75,1623.6,0.233,0.01,5.64,0.004
18,0,-13000,13000.0,24535.728331082646,7.205321788787842,0.12058566506075707,0.81,1041.33,0.232,0.01,9.4,0.004,1.42,2574.8,0.227,0.01,9.4,0.004,7069.698250424699,1.8031048774719238,0.11869789534803875,0.28,255.76,0.149,0.0,4.56,0.018,0.6,1312.0,0.226,0.01,7.52,0.004
18,0,-12500,12500.0,25438.833248467563,7.067679405212402,0.1230326022179786,0.82,1103.13,0.238,0.01,9.4,0.004,1.47,2730.6,0.231,0.01,9.4,0.004,5864.529409947863,1.420007586479187,0.1177516889139456,0.16,135.8,0.158,0.0,4.56,0.018,0.44,1033.2,0.218,0.0,3.76,0.004
18,0,-12000,12000.0,26061.352462676587,6.728131294250488,0.12527826012916082,0.84,1177.29,0.245,0.01,11.28,0.004,1.53,2960.2,0.24,0.01,11.28,0.004,4884.495472179697,1.0520628690719604,0.11334575710912524,0.34,407.88,0.225,0.0,3.04,0.017,0.5,1041.4,0.218,0.0,3.76,0.004
18,0,-11500,11500.0,26393.9829365896,6.359973907470703,0.1266230145217142,0.81,1174.2,0.245,0.01,13.160000000000002,0.005,1.57,3157.0,0.247,0.01,13.160000000000002,0.005,3918.8401860563317,0.6792940497398376,0.10603224672915848,0.23,315.18,0.218,0.0,3.04,0.017,0.55,1049.6,0.219,0.01,3.76,0.004
18,0,-11000,11000.0,25987.985548598226,5.8504958152771,0.12568264616841818,0.77,1174.2,0.245,0.01,15.04,0.005,1.55,3239.0,0.249,0.01,15.04,0.005,2997.302362913615,0.40195366740226746,0.09433202060511209,0.13,210.12000000000003,0.206,0.01,35.42,0.01,0.34,770.8,0.208,0.01,3.76,0.004
18,0,-10500,10500.0,25306.871021118423,5.310739040374756,0.12391385408692474,0.7,1121.67,0.24,0.01,16.92,0.005,1.48,3247.2,0.249,0.01,16.92,0.005,2466.695317907579,0.2898315191268921,0.0885941424711182,0.08,160.68,0.195,0.0,9.33,0.018,0.18,524.8,0.194,0.0,1.88,0.004
18,0,-10000,10000.0,24245.823546525207,4.7622294425964355,0.12139375553158249,0.42,576.87,0.172,0.01,16.92,0.005,1.34,3132.4,0.245,0.01,16.92,0.005,2276.028595180105,0.20702695846557617,0.08060900298457643,0.05,60.06,0.078,0.0,6.22,0.016,0.1,385.4,0.179,0.0,1.88,0.004
18,0,-9500,9500.0,23225.772937573493,4.245138645172119,0.11926584803674918,0.57,1025.88,0.231,0.01,15.04,0.005,1.19,2993.0,0.241,0.01,15.04,0.005,2314.690323465038,0.22559919953346252,0.0776661982474185,0.09,94.38,0.085,0.0,3.59,0.007,0.06,262.4,0.156,0.0,1.88,0.004
18,0,-9000,9000.0,22155.26056091985,3.903010606765747,0.1170174181455115,0.51,982.62,0.226,0.01,15.04,0.005,1.02,2820.8,0.234,0.01,15.04,0.005,2648.5945692355017,0.375429630279541,0.07945567632616721,0.1,100.1,0.086,0.0,3.59,0.007,0.04,221.40000000000003,0.143,0.0,1.88,0.003
18,0,-8500,8500.0,21319.52328999396,3.6615169048309326,0.11571786920829343,0.47,957.9,0.225,0.01,13.160000000000002,0.005,0.89,2697.8,0.229,0.01,13.160000000000002,0.005,3124.310473033256,0.5926073789596558,0.08352087977250892,0.15,117.26,0.09,0.0,3.59,0.007,0.03,196.8,0.133,0.0,1.88,0.003
18,0,-8000,8000.0,20609.773126777145,3.6342315673828125,0.11394975970767293,0.28,464.31,0.154,0.01,11.28,0.004,0.81,2599.4,0.226,0.01,11.28,0.004,3820.3223570504633,0.9146724343299866,0.08912927861228712,0.52,738.36,0.176,0.0,3.59,0.007,0.05,213.2,0.136,0.0,1.88,0.003
18,0,-7500,7500.0,20013.045141880866,3.6933138370513916,0.11218212782712242,0.42,908.46,0.224,0.01,11.28,0.004,0.73,2533.8,0.224,0.01,11.28,0.004,4640.928320300009,1.2216517925262451,0.09478253618986411,0.67,852.63,0.182,0.0,3.59,0.007,0.09,270.6,0.149,0.0,1.88,0.003
18,0,-7000,7000.0,19664.422190255573,3.810192584991455,0.11004908044871838,0.42,880.65,0.224,0.01,11.28,0.004,0.71,2451.8,0.224,0.01,11.28,0.004,5575.702847100911,1.7171831130981445,0.09789001404610298,0.81,984.4800000000001,0.185,0.0,3.59,0.007,0.17,418.2,0.171,0.0,1.88,0.004
18,0,-6500,6500.0,19717.921808541723,3.96290922164917,0.10943258890263997,0.43,868.29,0.224,0.01,9.4,0.004,0.7,2386.2,0.224,0.01,9.4,0.004,6460.400544013828,2.142021894454956,0.09917820185542557,0.87,1054.8,0.186,0.0,1.88,0.004,0.27,565.8,0.186,0.0,1.88,0.004
18,0,-6000,6000.0,20144.374531194626,4.155364513397217,0.10906520601522973,0.45,855.93,0.224,0.01,9.4,0.004,0.71,2320.6,0.223,0.01,9.4,0.004,7267.5223483209265,2.4037961959838867,0.09937831224470926,0.34,309.0,0.218,0.0,1.88,0.004,0.38,664.2,0.195,0.0,1.88,0.004
18,0,-5500,5500.0,20912.73033488542,4.445639133453369,0.11006236084033305,0.48,871.38,0.223,0.01,9.4,0.004,0.74,2279.6,0.223,0.01,9.4,0.004,8061.279785464285,2.5303614139556885,0.09939440362909019,0.4,342.99000000000007,0.22,0.0,3.76,0.004,0.49,738.0,0.203,0.0,3.76,0.004
18,0,-5000,5000.0,22007.376636058325,4.967381000518799,0.11165696648725926,0.66,1096.48,0.172,0.01,9.4,0.004,0.78,2296.0,0.223,0.01,9.4,0.004,8994.681898149429,2.5823416709899902,0.10259462554186613,0.47,383.16,0.224,0.0,3.76,0.004,0.6,828.2,0.209,0.0,3.76,0.004
18,0,-4500,4500.0,23304.62286063921,5.47222375869751,0.11416389507384368,0.74,1228.2,0.18,0.01,9.4,0.004,0.84,2345.2,0.223,0.01,9.4,0.004,9898.40673575818,2.791400671005249,0.10536131226646259,0.5,429.50999999999993,0.224,0.01,3.76,0.004,0.71,934.7999999999998,0.214,0.01,3.76,0.004
18,0,-4000,4000.0,24558.21120255132,5.938288688659668,0.11668565832864027,0.88,1406.2,0.191,0.01,9.4,0.004,0.94,2468.2,0.223,0.01,9.4,0.004,10769.821817308548,2.772817850112915,0.10931395775704783,0.54,482.04,0.226,0.01,3.76,0.004,0.81,1066.0,0.215,0.01,3.76,0.004
18,0,-3500,3500.0,25809.932072242373,6.325516700744629,0.11965000850863541,0.97,1509.44,0.196,0.01,9.4,0.004,1.02,2591.2,0.223,0.01,9.4,0.004,11511.434149902198,2.6156160831451416,0.11205497017662536,0.48,516.03,0.226,0.01,3.76,0.004,0.88,1205.4,0.217,0.01,3.76,0.004
18,0,-3000,3000.0,26541.615162928792,6.653454780578613,0.12179986101233864,1.03,1505.8800000000003,0.196,0.01,9.4,0.004,1.08,2730.6,0.225,0.01,9.4,0.004,12010.385836428031,2.2952234745025635,0.1145274307145258,0.2,205.8,0.16,0.01,3.76,0.004,0.84,1377.6,0.218,0.01,3.76,0.004
18,0,-2500,2500.0,26890.477268923132,6.831137657165527,0.12290659113989913,1.07,1509.44,0.198,0.01,13.160000000000002,0.004,1.12,2861.8,0.23,0.01,13.160000000000002,0.004,12246.886130745406,1.9037339687347412,0.11491430900317684,0.26,269.34,0.148,0.09,141.68,0.013,0.74,1492.4,0.22,0.01,5.64,0.004
18,0,-2000,2000.0,26876.533922725503,6.900150299072266,0.1240503388068338,0.8,1032.4,0.186,0.01,13.160000000000002,0.004,1.14,2935.6,0.231,0.01,13.160000000000002,0.004,12235.619598766789,1.9404281377792358,0.11582754425085477,0.24,255.27,0.147,0.09,141.68,0.013,0.6,1533.4,0.22,0.01,5.64,0.004
18,0,-1500,1500.0,26450.928286740964,6.821732521057129,0.12363100683597894,0.8,1029.5,0.187,0.01,15.04,0.005,1.15,2960.2,0.232,0.01,15.04,0.005,12021.349263220327,1.9634215831756592,0.11594461676397164,0.36,618.0,0.226,0.09,141.68,0.012,0.54,1566.2,0.22,0.01,7.52,0.004
18,0,-1000,1000.0,25623.207182329497,6.496960639953613,0.12218469389614085,1.5,2107.95,0.182,0.01,15.04,0.005,1.21,2902.8,0.23,0.01,15.04,0.005,11594.521171180531,1.9585992097854614,0.11594963723841202,0.38,648.9,0.226,0.01,7.52,0.004,0.58,1582.6,0.22,0.01,7.52,0.004
18,0,-500,500.0,24836.51008287634,6.156069755554199,0.1208506257920549,0.5,631.14,0.178,0.01,15.04,0.005,1.25,2820.8,0.228,0.01,15.04,0.005,11142.699682383682,1.8966785669326782,0.11648345908997045,0.31,676.71,0.226,0.0,5.64,0.004,0.61,1640.0,0.22,0.0,5.64,0.004
18,0,0,0.0,23826.393567727064,5.5943074226379395,0.11820503677798166,0.48,600.99,0.174,0.01,13.160000000000002,0.005,1.25,2714.2,0.225,0.01,13.160000000000002,0.005,10509.123117016861,1.683815360069275,0.11465105487453418,0.36,704.5199999999999,0.226,0.0,5.64,0.004,0.57,1656.4,0.22,0.0,5.64,0.004
18,0,500,500.0,22872.876319286297,5.036376953125,0.11545683661577258,0.43,548.73,0.167,0.01,13.160000000000002,0.004,1.22,2632.2,0.224,0.01,13.160000000000002,0.004,10040.50159440958,1.4635798931121826,0.11381456431096566,0.34,676.71,0.225,0.0,5.64,0.004,0.63,1713.7999999999997,0.221,0.0,5.64,0.004
18,0,1000,1000.0,22008.50691543601,4.433403491973877,0.11251638615740155,0.39,512.55,0.16,0.01,13.160000000000002,0.004,1.11,2591.2,0.223,0.01,13.160000000000002,0.004,9655.058899096912,1.2163065671920776,0.1127651970178661,0.3,645.81,0.225,0.0,5.64,0.004,0.57,1664.5999999999997,0.22,0.0,5.64,0.004
18,0,1500,1500.0,21363.21607179707,3.9885191917419434,0.11046526469381047,0.52,964.08,0.223,0.01,11.28,0.004,1.01,2574.8,0.223,0.01,11.28,0.004,9224.171188412583,1.2823543548583984,0.11148179031323473,0.22,565.47,0.223,0.0,5.64,0.004,0.58,1582.6,0.218,0.0,5.64,0.004
18,0,2000,2000.0,20797.51709997654,3.9981911182403564,0.10836677785432737,0.48,976.44,0.223,0.01,11.28,0.004,0.89,2550.2,0.22,0.01,11.28,0.004,8769.837425017613,1.4374353885650635,0.10860796752574708,0.22,226.2,0.141,0.0,5.64,0.004,0.45,1402.2,0.216,0.0,5.64,0.004
18,0,2500,2500.0,20638.987455834285,4.068268775939941,0.10772168954332412,0.47,970.26,0.221,0.01,9.4,0.004,0.81,2566.6,0.22,0.01,9.4,0.004,8450.240303983446,1.5655555725097656,0.10712460584416067,0.24,469.68,0.222,0.0,5.64,0.004,0.32,1205.4,0.213,0.0,5.64,0.004
18,0,3000,3000.0,20734.405544775655,4.174557209014893,0.10659125116254685,0.45,973.35,0.22,0.01,9.4,0.004,0.76,2533.8,0.217,0.01,9.4,0.004,8301.931979050278,1.6576095819473267,0.104945065781215,0.26,229.1,0.14,0.0,3.76,0.004,0.36,1172.6,0.212,0.0,3.76,0.004
18,0,3500,3500.0,21527.524427397293,4.280388832092285,0.10766754633616266,0.46,954.81,0.219,0.01,9.4,0.004,0.73,2525.6,0.216,0.01,9.4,0.004,8159.451213831198,1.7121065855026245,0.1027471742481088,0.26,229.1,0.14,0.0,3.76,0.004,0.39,1164.4,0.212,0.0,3.76,0.004
18,0,4000,4000.0,22939.661605475703,4.360039710998535,0.11021168882282509,0.48,939.36,0.219,0.01,9.4,0.004,0.76,2501.0,0.214,0.01,9.4,0.004,8041.202029504348,1.713906168937683,0.10217467430584583,0.29,398.61,0.216,0.0,3.76,0.004,0.42,1090.6,0.209,0.0,3.76,0.004
18,0,4500,4500.0,24501.7066921253,4.426383972167969,0.11348669454325785,0.5,954.81,0.219,0.01,9.4,0.004,0.78,2468.2,0.215,0.01,9.4,0.004,7861.325153827784,1.6791577339172363,0.10167854920247626,0.13,117.6,0.151,0.0,3.76,0.004,0.45,1008.6,0.205,0.0,3.76,0.004
18,0,5000,5000.0,25886.342667101417,4.470422744750977,0.11750232858346059,0.53,976.44,0.219,0.01,9.4,0.004,0.83,2492.8,0.215,0.01,9.4,0.004,7665.479817477171,1.5898971557617188,0.10301596040214032,0.13,120.4,0.151,0.0,3.76,0.004,0.45,942.9999999999999,0.201,0.0,3.76,0.004
18,0,5500,5500.0,26641.539395588916,4.531002044677734,0.11996793662881029,0.53,1112.4,0.222,0.01,9.4,0.004,0.88,2542.0,0.215,0.01,9.4,0.004,7448.590698820772,1.4768015146255493,0.10492588834532539,0.18,190.95,0.143,0.0,3.76,0.004,0.43,885.6000000000001,0.199,0.0,3.76,0.004
18,0,6000,6000.0,27207.242566123023,4.622580528259277,0.12313145935957537,0.59,919.3,0.176,0.01,9.4,0.004,0.9,2804.4,0.217,0.01,9.4,0.004,7100.510009232676,1.3162354230880737,0.10643037382898798,0.12,134.4,0.152,0.0,3.76,0.004,0.4,918.4000000000001,0.2,0.0,3.76,0.004
18,0,6500,6500.0,27727.190829534084,4.718554496765137,0.126401002061639,0.62,930.9,0.177,0.01,11.28,0.004,0.92,3247.2,0.226,0.01,11.28,0.004,6577.162595215486,1.1439250707626343,0.1061770891886963,0.16,196.98,0.145,0.0,3.76,0.004,0.37,942.9999999999999,0.201,0.0,3.76,0.004
18,0,7000,7000.0,27568.517414614325,4.8668389320373535,0.12709149605414594,0.33,509.82,0.166,0.01,13.160000000000002,0.004,0.88,3640.8000000000006,0.239,0.01,13.160000000000002,0.004,5835.050875169691,0.9279220104217529,0.10389175323670792,0.15,182.91,0.144,0.0,3.76,0.004,0.32,902.0000000000001,0.198,0.0,3.76,0.004
18,0,7500,7500.0,26999.422841220803,4.989877700805664,0.12607642040067432,0.42,627.12,0.176,0.01,18.8,0.005,0.85,3919.6,0.247,0.01,18.8,0.005,5050.023731161491,0.6923536062240601,0.1003917418058172,0.12,146.73,0.14,0.0,3.76,0.004,0.26,828.2,0.196,0.0,3.76,0.004
18,0,8000,8000.0,26028.163216346,5.1193647384643555,0.12390115094400488,0.74,1158.72,0.159,0.02,18.8,0.006,0.85,3583.4,0.243,0.02,18.8,0.006,4227.035434101708,0.46278709173202515,0.09481510597241492,0.11,128.64,0.137,0.0,3.76,0.004,0.19,697.0,0.187,0.0,3.76,0.004
18,0,8500,8500.0,25003.740853274212,5.3465399742126465,0.1215677128232335,0.53,1062.96,0.232,0.02,16.92,0.005,0.85,3181.6,0.24,0.02,16.92,0.005,3561.9691661268007,0.41052475571632385,0.0905816439742152,0.07,90.45,0.128,0.0,3.76,0.004,0.12,574.0,0.176,0.0,3.76,0.004
18,0,9000,9000.0,24355.52243623024,5.521239280700684,0.12024026039628576,0.55,976.44,0.228,0.02,16.92,0.005,0.89,2861.8,0.232,0.02,16.92,0.005,3053.473374765599,0.43219849467277527,0.08605785734852497,0.12,167.28,0.115,0.0,3.76,0.004,0.08,467.3999999999999,0.164,0.0,3.76,0.004
18,0,9500,9500.0,24237.037840318226,5.67501974105835,0.12121554124470744,0.56,1007.3399999999999,0.231,0.01,13.160000000000002,0.005,0.92,2648.6,0.228,0.01,13.160000000000002,0.005,2734.223241341533,0.45044824481010437,0.08480606983041168,0.09,86.18,0.122,0.0,1.88,0.004,0.09,393.6,0.155,0.0,1.88,0.004
18,0,10000,10000.0,24223.225718258618,5.730682849884033,0.12146484561253759,0.57,1047.51,0.236,0.01,11.28,0.004,0.96,2689.6,0.23,0.01,11.28,0.004,2508.856122713769,0.44280290603637695,0.08168570954503007,0.09,86.18,0.123,0.0,1.88,0.004,0.11,352.6,0.15,0.0,1.88,0.004
18,0,10500,10500.0,24365.07852098148,5.7641143798828125,0.12221425795933907,0.57,1047.51,0.237,0.01,11.28,0.004,0.99,2779.8,0.234,0.01,11.28,0.004,2406.3734203227796,0.4080069959163666,0.08074352342398293,0.08,64.8,0.123,0.0,1.88,0.004,0.13,328.0,0.151,0.0,1.88,0.004
18,0,11000,11000.0,24298.656675763777,5.818869590759277,0.12153591938085577,0.57,1050.6,0.238,0.01,11.28,0.004,0.99,2837.2,0.237,0.01,11.28,0.004,2370.1022668828955,0.3360981047153473,0.07965583992131746,0.05,43.4,0.13,0.0,1.88,0.004,0.14,319.8,0.154,0.0,1.88,0.004
18,0,11500,11500.0,24139.622232489637,5.886492729187012,0.1202982189051881,0.58,1013.5199999999999,0.234,0.01,13.160000000000002,0.005,0.99,2845.4,0.238,0.01,13.160000000000002,0.005,2347.281467434368,0.24796931445598602,0.07874890519130603,0.07,105.06000000000002,0.162,0.0,1.88,0.004,0.14,303.4,0.157,0.0,1.88,0.004
18,0,12000,12000.0,23891.339106619125,5.988012790679932,0.11874288793420855,0.58,982.62,0.233,0.01,13.160000000000002,0.005,1.0,2779.8,0.236,0.01,13.160000000000002,0.005,2331.325572739297,0.26982447504997253,0.07999520856644615,0.05,75.4,0.121,0.0,3.04,0.017,0.1,246.0,0.142,0.0,1.88,0.004
18,0,12500,12500.0,23725.714404671453,6.0861029624938965,0.11764765082899285,0.6,982.62,0.232,0.01,13.160000000000002,0.005,1.01,2697.8,0.233,0.01,13.160000000000002,0.005,2299.5732992905687,0.332653671503067,0.08215224829122995,0.05,78.3,0.123,0.0,3.04,0.017,0.07,213.2,0.129,0.0,1.88,0.003
18,0,13000,13000.0,23529.915395422722,6.167142868041992,0.11684922424013028,0.61,982.62,0.231,0.01,13.160000000000002,0.005,1.03,2681.4,0.232,0.01,13.160000000000002,0.005,2214.4908437179765,0.37163829803466797,0.08359858832990412,0.07,72.5,0.12,0.0,1.52,0.015,0.04,221.40000000000003,0.129,0.0,1.88,0.003
18,0,13500,13500.0,23323.772537117475,6.28602409362793,0.11637259139884945,0.62,982.62,0.227,0.01,13.160000000000002,0.005,1.07,2681.4,0.232,0.01,13.160000000000002,0.005,2132.377793435444,0.3776893615722656,0.08532884734099763,0.07,72.5,0.12,0.0,3.59,0.007,0.08,270.6,0.142,0.0,1.88,0.003
18,0,14000,14000.0,22891.881981136976,6.329782485961914,0.11510775352733954,0.62,991.89,0.226,0.01,13.160000000000002,0.005,1.08,2673.2,0.228,0.01,13.160000000000002,0.005,1965.4289143101778,0.33220013976097107,0.0810497097452316,0.09,157.59,0.178,0.0,3.59,0.007,0.11,328.0,0.152,0.0,1.88,0.003
18,0,14500,14500.0,22612.351500222576,6.376520156860352,0.11450577309420323,0.6,985.71,0.224,0.01,13.160000000000002,0.004,1.09,2673.2,0.225,0.01,13.160000000000002,0.004,1812.2184053980163,0.2659466862678528,0.07505233484828237,0.08,123.6,0.166,0.0,7.18,0.007,0.14,360.8,0.158,0.0,1.88,0.004
18,0,15000,15000.0,22125.786414541653,6.420616626739502,0.11218893149935374,0.58,982.62,0.224,0.01,13.160000000000002,0.005,1.05,2640.4,0.222,0.01,13.160000000000002,0.005,1716.073022315686,0.1787191927433014,0.06811906432925682,0.06,89.61,0.15,0.0,7.18,0.007,0.12,295.2,0.148,0.0,1.88,0.004
18,0,15500,15500.0,21814.79859254323,6.49661111831665,0.11032489595613926,0.57,948.63,0.223,0.01,11.28,0.004,1.02,2632.2,0.221,0.01,11.28,0.004,1715.019748477789,0.16521117091178894,0.06421427997347268,0.19,360.39,0.127,0.0,3.59,0.007,0.09,221.40000000000003,0.132,0.0,1.88,0.003
18,0,16000,16000.0,21822.973234177334,6.627902030944824,0.10930082975250795,0.56,911.55,0.223,0.01,11.28,0.004,0.98,2542.0,0.221,0.01,11.28,0.004,1848.2885402478132,0.26934629678726196,0.06503226691159143,0.21,404.34,0.13,0.0,3.59,0.007,0.05,139.4,0.101,0.0,1.88,0.003
18,0,16500,16500.0,22209.591929469025,6.855165958404541,0.10981853699743313,0.57,905.37,0.222,0.01,9.4,0.004,0.96,2460.0,0.22,0.01,9.4,0.004,2056.78920119135,0.3685186207294464,0.06917861875296646,0.1,113.92,0.11,0.0,3.59,0.006,0.02,82.0,0.073,0.0,0.0,0.003
18,0,17000,17000.0,23040.485291401274,7.107290267944336,0.11154259330323313,0.58,899.19,0.222,0.01,9.4,0.004,0.97,2394.4,0.219,0.01,9.4,0.004,2274.2375780708244,0.4419764280319214,0.07532690274620538,0.12,104.4,0.121,0.0,3.59,0.006,0.03,123.0,0.088,0.0,0.0,0.003
18,0,17500,17500.0,24294.829214026686,7.407867908477783,0.11481859238983941,0.61,957.9,0.223,0.01,9.4,0.004,0.98,2378.0,0.218,0.01,9.4,0.004,2443.956452369639,0.5012282133102417,0.08177006486184338,0.13,107.3,0.122,0.0,3.59,0.006,0.07,196.8,0.119,0.0,1.88,0.003
18,0,18000,18000.0,25724.63212913135,7.697861671447754,0.11835521512381565,0.65,1028.97,0.227,0.01,9.4,0.004,1.04,2492.8,0.219,0.01,9.4,0.004,2409.699788405851,0.5210751891136169,0.0848571874581424,0.07,60.89999999999999,0.116,0.0,3.59,0.006,0.12,303.4,0.139,0.0,1.88,0.003
18,0,18500,18500.0,27225.991823591175,7.904076099395752,0.1221341253148993,0.8,1317.2,0.191,0.01,9.4,0.004,1.1,2665.0,0.222,0.01,9.4,0.004,2266.6920497365936,0.4991229772567749,0.08501705076848608,0.09,74.37,0.123,0.0,3.04,0.017,0.17,393.6,0.151,0.0,1.88,0.003
18,0,19000,19000.0,28595.211443526205,8.018268585205078,0.1268603187270547,0.82,1061.4,0.193,0.01,11.28,0.004,1.19,2820.8,0.224,0.01,11.28,0.004,2005.264677287414,0.426313191652298,0.08160418951467519,0.08,68.34,0.123,0.0,1.88,0.003,0.16,377.2,0.15,0.0,1.88,0.003
18,0,19500,19500.0,29509.53425305488,7.9981913566589355,0.13016704740203525,0.84,1075.9,0.195,0.01,11.28,0.004,1.28,2993.0,0.228,0.01,11.28,0.004,1753.5389048167417,0.34685251116752625,0.0765362514706526,0.06,52.26,0.121,0.0,1.88,0.004,0.13,344.4,0.148,0.0,1.88,0.004
18,0,20000,20000.0,29836.99816488661,7.923297882080078,0.13382840430235468,0.83,1288.53,0.248,0.01,13.160000000000002,0.004,1.4,3198.0,0.237,0.01,13.160000000000002,0.004,1590.9230832821777,0.2823253273963928,0.07254505868117238,0.11,97.92,0.108,0.0,6.22,0.016,0.09,237.79999999999998,0.133,0.0,1.88,0.004
18,0,20500,20500.0,29459.266593813663,7.761516094207764,0.1359810958623468,0.58,719.58,0.192,0.02,16.92,0.005,1.5,3403.0000000000005,0.246,0.02,16.92,0.005,1537.7990775772105,0.22359377145767212,0.07191285325249389,0.19,342.81,0.148,0.0,1.88,0.003,0.05,139.4,0.112,0.0,1.88,0.003
19,0,-21000,21000.0,4260.726412099757,0.9391891360282898,0.0766120558641543,0.2,189.0,0.134,0.0,3.59,0.006,0.04,147.6,0.1,0.0,0.0,0.003,45135.32074854593,27.900981903076172,0.1509215039841728,2.59,1463.28,0.236,0.55,619.85,0.019,6.93,6814.2,0.317,0.1,48.88,0.008
19,0,-20500,20500.0,5377.539547334891,1.3332736492156982,0.08204118950221033,0.25,224.1,0.139,0.0,3.59,0.006,0.06,188.6,0.114,0.0,1.88,0.003,39860.2764741343,23.500856399536133,0.14745582985313543,2.27,1286.4,0.233,0.43,478.1700000000001,0.016,5.9,6076.2,0.308,0.09,43.24,0.008
19,0,-20000,20000.0,6723.886700591538,2.180936098098755,0.0890769639056525,0.39,324.0,0.146,0.0,3.59,0.006,0.13,303.4,0.141,0.0,1.88,0.003,33753.79420097452,17.456296920776367,0.13767700705997296,2.04,1191.93,0.23,0.03,36.48,0.021,4.84,5305.4,0.294,0.09,43.24,0.008
19,0,-19500,19500.0,8089.222972642165,2.7121784687042236,0.09499913580968627,0.41,309.88,0.149,0.0,1.88,0.003,0.22,442.80000000000007,0.162,0.0,1.88,0.003,29566.631755256094,13.187406539916992,0.1331490704852532,6.47,4301.27,0.173,0.28,318.78,0.013,3.76,4469.0,0.276,0.08,37.6,0.008
19,0,-19000,19000.0,9397.540133874281,3.4230222702026367,0.10117024277779393,0.48,353.06,0.151,0.0,1.88,0.003,0.38,647.8,0.183,0.0,1.88,0.003,25080.98664766294,8.970013618469238,0.12388788536095911,2.52,1725.8400000000001,0.194,0.21,283.36,0.013,2.67,3435.8000000000006,0.246,0.08,37.6,0.008
19,0,-18500,18500.0,10421.067259908887,4.2948455810546875,0.10491546634922791,0.52,378.46,0.152,0.0,3.76,0.004,0.55,861.0,0.197,0.0,3.76,0.004,22013.823203224456,5.817783832550049,0.1188076270527705,3.51,2917.06,0.151,0.14,247.94000000000003,0.013,1.97,2714.2,0.225,0.04,24.44,0.007
19,0,-18000,18000.0,11118.126129542361,4.679107189178467,0.10693774491128424,0.56,414.22,0.152,0.0,3.76,0.004,0.8,1123.4,0.209,0.0,3.76,0.004,19796.106984716607,4.045581340789795,0.11343359857931516,1.13,1183.2,0.16,0.11,247.94000000000003,0.012,1.38,2369.8,0.219,0.02,15.04,0.005
19,0,-17500,17500.0,11551.228907058248,4.826972007751465,0.10754120753067932,0.31,221.2,0.161,0.01,5.64,0.004,1.02,1336.6,0.216,0.01,5.64,0.004,18154.827376868343,3.000504970550537,0.10963919232651037,0.46,478.38,0.148,0.09,230.23,0.012,0.93,2123.8,0.214,0.01,9.4,0.004
19,0,-17000,17000.0,11398.73797443579,4.6957807540893555,0.10775133120641504,0.3,214.2,0.16,0.01,5.64,0.004,1.16,1459.6,0.219,0.01,5.64,0.004,17169.15041906177,2.100553274154663,0.10659384097057716,0.85,897.6000000000001,0.135,0.07,247.94000000000003,0.012,0.74,2090.9999999999995,0.212,0.01,9.4,0.004
19,0,-16500,16500.0,10849.286137480522,4.425776481628418,0.10596664316711166,0.74,562.48,0.144,0.01,5.64,0.004,1.23,1517.0,0.22,0.01,5.64,0.004,16618.859272490954,1.33696448802948,0.10509945042307185,1.28,1570.01,0.109,0.07,247.94000000000003,0.013,0.58,2082.8,0.211,0.01,9.4,0.004
19,0,-16000,16000.0,10247.225634384085,4.225982189178467,0.10811679645121205,0.66,443.7,0.148,0.01,7.52,0.004,1.13,1394.0,0.218,0.01,7.52,0.004,16323.812119674403,1.1796931028366089,0.10286412014250719,0.37,583.44,0.127,0.09,283.36,0.013,0.38,1951.6,0.207,0.01,9.4,0.004
19,0,-15500,15500.0,9707.870579883456,4.053889274597168,0.11145288917298156,0.67,449.5,0.148,0.01,5.64,0.004,1.04,1279.2,0.215,0.01,5.64,0.004,16625.196889025392,1.3010189533233643,0.1029189559368046,0.64,2469.99,0.186,0.0,7.52,0.004,0.35,1894.2,0.206,0.0,7.52,0.004
19,0,-15000,15000.0,8962.930015294114,3.5758652687072754,0.11210142330404414,0.39,257.28,0.147,0.08,70.84,0.011,0.97,1197.2,0.212,0.01,5.64,0.004,17300.815743010025,1.52678382396698,0.10229715322729496,0.65,2619.42,0.187,0.0,7.52,0.004,0.34,1869.5999999999997,0.205,0.0,7.52,0.004
19,0,-14500,14500.0,7970.691400565556,2.8853490352630615,0.11065968124086811,0.41,275.37,0.148,0.06,53.13,0.01,0.9,1123.4,0.21,0.01,5.64,0.004,18159.339466231177,1.8796710968017578,0.10234668419242576,0.19,454.66,0.142,0.0,7.52,0.004,0.31,1869.5999999999997,0.205,0.0,7.52,0.004
19,0,-14000,14000.0,6636.74013056152,2.0709102153778076,0.10266594837024469,0.76,518.16,0.134,0.06,53.13,0.01,0.82,1049.6,0.205,0.01,5.64,0.004,19287.0834948204,2.115511417388916,0.10362183965898047,0.31,787.95,0.214,0.0,7.52,0.004,0.27,1894.2,0.205,0.0,7.52,0.004
19,0,-13500,13500.0,5388.4041777433595,1.3664507865905762,0.09296109939812161,1.14,873.26,0.108,0.07,70.84,0.01,0.72,959.3999999999999,0.2,0.01,5.64,0.004,20391.51635863236,2.491366147994995,0.10491327453294444,0.38,855.93,0.216,0.0,7.52,0.004,0.41,1959.8,0.207,0.0,7.52,0.004
19,0,-13000,13000.0,4468.093122859136,0.9179106950759888,0.0838310287534472,0.29,278.1,0.195,0.09,70.84,0.011,0.55,787.2,0.19,0.01,5.64,0.004,21430.754777323455,2.7578070163726807,0.10701137632977357,0.47,939.36,0.219,0.0,7.52,0.004,0.58,2164.8,0.211,0.0,7.52,0.004
19,0,-12500,12500.0,4075.9835641714744,0.7726203203201294,0.08030367702537307,0.21,213.20999999999998,0.182,0.01,3.76,0.004,0.45,688.8,0.181,0.01,3.76,0.004,22300.87558433879,2.9075264930725098,0.10850289148095611,0.43,994.9800000000001,0.219,0.0,9.4,0.004,0.72,2369.8,0.214,0.0,9.4,0.004
19,0,-12000,12000.0,4094.724498409778,0.8748458027839661,0.07667831782879517,0.13,124.7,0.116,0.0,3.76,0.004,0.29,500.2,0.164,0.0,3.76,0.004,22905.04343546927,2.990032196044922,0.11024206738447204,0.39,1059.87,0.221,0.0,9.4,0.004,0.74,2574.8,0.216,0.0,9.4,0.004
19,0,-11500,11500.0,4546.412249741843,1.0861866474151611,0.07855016306241862,0.18,148.72,0.083,0.0,1.88,0.003,0.17,344.4,0.141,0.0,1.88,0.003,23270.774106524186,3.0096476078033447,0.11096181509001686,0.35,742.4,0.146,0.0,11.28,0.004,0.69,2747.0,0.218,0.0,11.28,0.004
19,0,-11000,11000.0,5474.8477541143075,1.491394281387329,0.08152495691165486,0.3,277.68,0.125,0.0,1.88,0.003,0.18,344.4,0.14,0.0,1.88,0.003,23448.7023138965,2.9693658351898193,0.1112971437218195,0.23,488.43000000000006,0.143,0.0,11.28,0.004,0.55,2829.0,0.219,0.0,11.28,0.004
19,0,-10500,10500.0,6650.615625473438,2.1789896488189697,0.08534986178108721,0.38,334.64,0.131,0.0,1.88,0.003,0.19,360.8,0.142,0.0,1.88,0.003,23747.384286444867,2.9532597064971924,0.11168673464052532,0.23,486.42,0.143,0.01,11.28,0.004,0.55,2878.2,0.219,0.01,11.28,0.004
19,0,-10000,10000.0,8245.787983809714,2.8623673915863037,0.09076333485217951,0.55,448.56,0.138,0.0,1.88,0.003,0.25,442.80000000000007,0.152,0.0,1.88,0.003,24350.156210671412,2.9291093349456787,0.11182339771000113,0.21,464.31,0.142,0.01,11.28,0.004,0.52,2878.2,0.219,0.01,11.28,0.004
19,0,-9500,9500.0,9966.47568809276,3.5438311100006104,0.09529116935209167,0.66,523.32,0.141,0.0,1.88,0.003,0.32,541.2,0.162,0.0,1.88,0.003,25502.995609195204,2.9936106204986572,0.11374935086107672,0.36,689.26,0.112,0.0,11.28,0.004,0.56,2894.6,0.22,0.0,11.28,0.004
19,0,-9000,9000.0,11892.394619848346,5.0508131980896,0.10141111598456705,0.76,587.4,0.144,0.0,1.88,0.003,0.48,729.8,0.177,0.0,1.88,0.003,27347.451262897812,3.137817859649658,0.11785274564896582,0.4,1115.1,0.187,0.0,11.28,0.004,0.58,2984.8,0.221,0.0,11.28,0.004
19,0,-8500,8500.0,13559.10207850684,6.00665807723999,0.10494606079846497,0.82,626.56,0.145,0.0,3.76,0.004,0.66,934.7999999999998,0.19,0.0,3.76,0.004,29053.661355382064,3.467780590057373,0.12146991347301832,0.42,1074.42,0.189,0.0,11.28,0.004,0.61,3116.0,0.222,0.0,11.28,0.004
19,0,-8000,8000.0,14996.701967006084,6.425792217254639,0.10881051676376607,0.72,495.9,0.148,0.01,3.76,0.004,0.94,1230.0,0.204,0.01,3.76,0.004,30113.827805727487,4.240244388580322,0.12391601679739242,0.45,1107.44,0.192,0.0,11.28,0.004,0.65,3361.9999999999995,0.23,0.0,11.28,0.004
19,0,-7500,7500.0,16274.026133379084,6.482720375061035,0.11211292053011057,0.84,735.42,0.226,0.01,5.64,0.004,1.23,1533.4,0.215,0.01,5.64,0.004,31074.097258012625,4.546690940856934,0.12629207798932315,0.41,881.28,0.183,0.0,13.160000000000002,0.004,0.82,3739.1999999999994,0.241,0.0,13.160000000000002,0.004
19,0,-7000,7000.0,17042.247843465884,6.138940811157227,0.11366161010404127,0.96,865.2,0.23,0.01,5.64,0.004,1.51,1853.1999999999998,0.221,0.01,5.64,0.004,31766.97932535899,4.541780471801758,0.1294756702621076,0.73,1832.37,0.268,0.01,39.49,0.007,0.99,4395.2,0.257,0.01,13.160000000000002,0.004
19,0,-6500,6500.0,17493.75375166128,5.774200916290283,0.11355632123012782,0.92,899.19,0.229,0.01,7.52,0.004,1.74,2156.6,0.225,0.01,7.52,0.004,32024.034801725065,4.465671539306641,0.13225958551748723,0.69,1680.9600000000003,0.259,0.01,22.56,0.006,1.16,4870.8,0.268,0.01,22.56,0.006
19,0,-6000,6000.0,17616.34777120489,5.384263515472412,0.11188427011414787,0.88,939.36,0.229,0.01,7.52,0.004,1.73,2296.0,0.226,0.01,7.52,0.004,30417.657669434266,4.629918098449707,0.1293759818545253,0.62,1514.1,0.249,0.02,26.320000000000004,0.006,1.21,4723.2,0.266,0.02,26.320000000000004,0.006
19,0,-5500,5500.0,17767.61810920725,5.055959701538086,0.11037145952950361,0.76,923.9100000000001,0.228,0.01,9.4,0.004,1.65,2386.2,0.226,0.01,9.4,0.004,28143.358549687946,4.77191162109375,0.12426160887588204,0.52,1424.49,0.243,0.02,26.320000000000004,0.006,1.11,4378.8,0.258,0.02,26.320000000000004,0.006
19,0,-5000,5000.0,17950.004103040555,4.9135284423828125,0.10808299868973825,0.62,905.37,0.226,0.01,9.4,0.004,1.39,2345.2,0.224,0.01,9.4,0.004,25712.803875104146,4.854830741882324,0.11821502312036092,0.21,555.8,0.188,0.02,26.320000000000004,0.006,0.95,4141.0,0.253,0.02,26.320000000000004,0.006
19,0,-4500,4500.0,18417.527816374786,4.966973781585693,0.1069458669662156,0.59,905.37,0.225,0.01,9.4,0.004,1.15,2304.2,0.223,0.01,9.4,0.004,23243.400776650742,4.901209831237793,0.11174217779297338,0.46,1112.4,0.22,0.01,22.56,0.006,0.85,3862.2,0.245,0.01,22.56,0.006
19,0,-4000,4000.0,19221.229014446726,5.3408379554748535,0.10635848825395328,0.75,722.6799999999998,0.141,0.01,7.52,0.004,1.04,2312.4,0.222,0.01,7.52,0.004,20825.009793874415,4.8034210205078125,0.10510296259425544,0.49,951.72,0.215,0.01,22.56,0.006,0.9,3058.6,0.221,0.01,22.56,0.006
19,0,-3500,3500.0,20274.879490360036,5.788837432861328,0.10717534305647455,0.81,793.88,0.142,0.01,9.4,0.004,0.97,2320.6,0.221,0.01,9.4,0.004,19691.260164554114,4.602113723754883,0.10421430234254671,0.49,908.46,0.213,0.01,11.28,0.004,0.94,2640.4,0.215,0.01,11.28,0.004
19,0,-3000,3000.0,21440.063993012882,6.244266510009766,0.10841657083787365,0.88,879.3200000000002,0.144,0.01,9.4,0.004,1.04,2394.4,0.221,0.01,9.4,0.004,18898.5036019556,4.243333339691162,0.10299162466646516,0.49,865.2,0.211,0.01,11.28,0.004,0.96,2451.8,0.212,0.01,11.28,0.004
19,0,-2500,2500.0,22400.62606842548,6.655290603637695,0.10890434127815908,0.91,975.4400000000002,0.152,0.01,9.4,0.004,1.12,2443.6,0.221,0.01,9.4,0.004,18273.387064533017,3.834045648574829,0.10222923266178874,0.56,754.72,0.136,0.09,283.36,0.012,0.96,2328.8,0.21,0.01,9.4,0.004
19,0,-2000,2000.0,23529.74315007159,6.906084060668945,0.11072862237646361,0.95,1075.12,0.159,0.01,9.4,0.004,1.27,2591.2,0.223,0.01,9.4,0.004,17817.909036880155,3.3055593967437744,0.1018580044473652,0.19,282.8,0.145,0.07,265.65,0.012,0.89,2279.6,0.208,0.01,9.4,0.004
19,0,-1500,1500.0,24232.148718854296,7.096804141998291,0.11102303010231283,0.96,1135.64,0.164,0.01,11.28,0.004,1.4,2706.0,0.224,0.01,11.28,0.004,17429.12244103354,2.7804033756256104,0.10137877216705024,0.15,271.6,0.144,0.07,265.65,0.012,0.8,2222.2,0.206,0.01,9.4,0.004
19,0,-1000,1000.0,24994.706124201184,7.26039981842041,0.11332187875010152,0.85,1022.79,0.227,0.01,11.28,0.004,1.5,2771.6,0.224,0.01,11.28,0.004,17257.85538469936,2.1780309677124023,0.10118063344199127,0.14,267.4,0.143,0.06,265.65,0.012,0.66,2132.0,0.203,0.01,9.4,0.004
19,0,-500,500.0,25130.820577946724,7.324537754058838,0.1135734443223378,0.87,1016.61,0.228,0.01,11.28,0.004,1.59,2788.0,0.224,0.01,11.28,0.004,17383.98097789177,1.5775492191314697,0.10154295519820528,0.48,1148.68,0.132,0.0,9.4,0.004,0.51,2025.4000000000003,0.201,0.0,9.4,0.004
19,0,0,0.0,25136.077578220284,7.273163795471191,0.11500307302629963,0.89,1013.5199999999999,0.228,0.01,11.28,0.004,1.64,2788.0,0.225,0.01,11.28,0.004,17843.871109675092,1.4080309867858887,0.10173495121442466,0.28,689.52,0.122,0.0,9.4,0.004,0.35,1943.4,0.198,0.0,9.4,0.004
19,0,500,500.0,24881.856475336826,7.1790056228637695,0.11581636634215584,0.9,1025.88,0.229,0.01,11.28,0.004,1.69,2779.8,0.225,0.01,11.28,0.004,18603.269681298116,1.5994874238967896,0.10250893578842898,0.42,2795.22,0.185,0.0,9.4,0.004,0.22,1885.9999999999998,0.196,0.0,9.4,0.004
19,0,1000,1000.0,24244.190246070502,7.025240898132324,0.11565247413647058,0.91,1038.24,0.229,0.01,11.28,0.004,1.71,2804.4,0.226,0.01,11.28,0.004,19849.143458515755,1.8387999534606934,0.10426703920423402,0.51,3278.67,0.198,0.0,9.4,0.004,0.22,1943.4,0.197,0.0,9.4,0.004
19,0,1500,1500.0,23363.12859833124,6.952979564666748,0.11465555186373505,0.89,1019.7,0.229,0.01,11.28,0.004,1.72,2837.2,0.226,0.01,11.28,0.004,21163.306982445647,2.1613876819610596,0.10635547313191239,0.16,535.94,0.14,0.0,9.4,0.004,0.24,2050.0,0.2,0.0,9.4,0.004
19,0,2000,2000.0,22185.96518811537,6.762383937835693,0.11248607797445057,0.86,998.07,0.23,0.01,11.28,0.004,1.68,2779.8,0.226,0.01,11.28,0.004,22348.055160077638,2.5129101276397705,0.10842106417786185,0.23,1044.42,0.214,0.0,9.4,0.004,0.26,2271.4,0.204,0.0,9.4,0.004
19,0,2500,2500.0,21102.50169847277,6.704415798187256,0.11050401806432232,0.85,964.08,0.229,0.01,11.28,0.004,1.64,2714.2,0.226,0.01,11.28,0.004,23358.92382217571,2.853311538696289,0.11038121785646211,0.27,1158.75,0.218,0.0,9.4,0.004,0.36,2583.0,0.21,0.0,9.4,0.004
19,0,3000,3000.0,20328.379401253187,6.617617607116699,0.10941371751032568,0.83,923.9100000000001,0.229,0.01,11.28,0.004,1.58,2599.4,0.225,0.01,11.28,0.004,23781.20400660555,3.043872356414795,0.11180147358858614,0.3,1356.51,0.234,0.0,9.4,0.004,0.43,2853.6,0.213,0.0,9.4,0.004
19,0,3500,3500.0,19801.960642560152,6.699160575866699,0.10869502203208663,0.82,868.29,0.227,0.01,11.28,0.004,1.54,2492.8,0.225,0.01,11.28,0.004,23813.027922661422,3.1435792446136475,0.11275651303163019,0.21,609.12,0.155,0.0,11.28,0.004,0.49,3189.8,0.22,0.0,11.28,0.004
19,0,4000,4000.0,19712.88051061565,6.8039703369140625,0.10761865491324828,0.82,809.58,0.226,0.01,9.4,0.004,1.51,2345.2,0.223,0.01,9.4,0.004,23159.338254185423,3.1808698177337646,0.1130326463563394,0.34,1353.42,0.237,0.0,11.28,0.004,0.58,3427.5999999999995,0.228,0.0,11.28,0.004
19,0,4500,4500.0,20127.727065217914,7.177542209625244,0.1076713949590069,0.83,800.31,0.226,0.01,9.4,0.004,1.49,2197.6,0.221,0.01,9.4,0.004,22159.72688137408,3.025646209716797,0.11244634841422403,0.31,809.1,0.152,0.08,283.36,0.012,0.7,3493.2,0.232,0.01,15.04,0.005
19,0,5000,5000.0,21120.85899488884,7.616406440734863,0.10734081849144274,0.84,791.04,0.225,0.01,9.4,0.004,1.49,2156.6,0.22,0.01,9.4,0.004,20527.9505320068,2.5855796337127686,0.11043742087057325,0.2,530.64,0.148,0.06,247.94000000000003,0.012,0.62,3189.8,0.223,0.01,15.04,0.005
19,0,5500,5500.0,22895.414683051058,8.434908866882324,0.1097966433351005,0.89,831.21,0.227,0.01,9.4,0.004,1.51,2123.8,0.22,0.01,9.4,0.004,18815.32447723439,2.0963282585144043,0.10826151431437636,0.19,494.46,0.143,0.04,212.52,0.012,0.53,2812.6,0.215,0.01,15.04,0.004
19,0,6000,6000.0,25230.80750980298,9.413435935974121,0.11294433030014103,1.28,1085.8,0.162,0.01,9.4,0.004,1.59,2164.8,0.22,0.01,9.4,0.004,17049.778613972012,1.5330257415771484,0.1059057103579298,0.18,460.29,0.141,0.04,194.81,0.012,0.4,2451.8,0.211,0.01,13.160000000000002,0.004
19,0,6500,6500.0,28417.346839606762,10.35801887512207,0.11866164771928527,1.52,1249.56,0.174,0.01,9.4,0.004,1.69,2263.2,0.221,0.01,9.4,0.004,15385.085323615931,1.0678294897079468,0.1039707856871698,0.14,391.95,0.138,0.0,11.28,0.004,0.3,2074.6,0.205,0.0,11.28,0.004
19,0,7000,7000.0,32299.856113645365,11.3363037109375,0.1259785823101086,1.56,1133.9,0.188,0.01,9.4,0.004,1.9,2550.2,0.225,0.01,9.4,0.004,14006.14316316205,1.1555390357971191,0.10184658994329254,0.25,726.24,0.125,0.0,9.4,0.004,0.2,1861.4,0.201,0.0,9.4,0.004
19,0,7500,7500.0,36785.157925786916,12.724224090576172,0.13460005401605496,1.62,1165.7999999999997,0.19,0.01,9.4,0.004,2.12,2911.0,0.229,0.01,9.4,0.004,13009.847252868349,1.2068854570388794,0.1013699701841035,0.15,621.0899999999999,0.202,0.0,9.4,0.004,0.24,1763.0,0.199,0.0,9.4,0.004
19,0,8000,8000.0,41174.317001283634,16.199634552001953,0.14308998111026403,1.85,1418.1,0.206,0.01,11.28,0.004,2.5,3370.2000000000003,0.235,0.01,11.28,0.004,12070.70218065055,1.2017312049865723,0.09922027635024193,0.45,1722.84,0.173,0.0,7.52,0.004,0.23,1607.2,0.195,0.0,7.52,0.004
19,0,8500,8500.0,44814.50337753631,18.526365280151367,0.1491245983392568,1.86,1438.4,0.207,0.02,15.04,0.005,2.85,4034.4,0.253,0.02,15.04,0.005,11316.589912382187,1.2762452363967896,0.0979967611214897,0.46,1705.26,0.173,0.0,7.52,0.004,0.2,1500.6,0.193,0.0,7.52,0.004
19,0,9000,9000.0,46896.513263101224,19.242691040039062,0.15237551307393396,1.23,904.5,0.201,0.02,18.8,0.006,3.34,4657.6,0.269,0.02,18.8,0.006,10560.329278057907,1.4686466455459595,0.09674187764284807,0.42,1538.25,0.169,0.0,5.64,0.004,0.16,1320.2,0.189,0.0,5.64,0.004
19,0,9500,9500.0,48033.604326011846,19.138927459716797,0.15362012453280405,1.29,1009.0199999999999,0.21,0.06,31.960000000000004,0.008,3.78,5157.8,0.28,0.06,31.960000000000004,0.008,9950.166078930488,1.5880402326583862,0.09687930126348081,0.38,1380.03,0.166,0.0,5.64,0.004,0.16,1164.4,0.184,0.0,5.64,0.004
19,0,10000,10000.0,48242.301574582234,18.35175323486328,0.15471442341425978,1.24,1021.08,0.21,0.06,33.84,0.008,3.78,5436.6,0.285,0.06,33.84,0.008,9415.53200322669,1.6661955118179321,0.09808454898575507,0.13,463.5,0.196,0.0,10.640000000000002,0.018,0.19,1098.8,0.182,0.0,5.64,0.004
19,0,10500,10500.0,47549.40567458107,17.593650817871094,0.1539067687596289,1.66,1493.5,0.209,0.06,37.6,0.008,3.7,5649.8,0.288,0.06,37.6,0.008,8913.467045797734,1.7112928628921509,0.10024155193443589,0.14,359.56,0.122,0.0,17.95,0.007,0.24,1098.8,0.184,0.0,3.76,0.004
19,0,11000,11000.0,46180.73205877736,17.12068748474121,0.15245933780224688,1.11,1027.1100000000001,0.209,0.06,37.6,0.008,3.47,5666.2,0.288,0.06,37.6,0.008,8178.878235333832,1.571606159210205,0.09952587384096746,0.13,454.23,0.194,0.0,17.95,0.007,0.24,1115.2,0.184,0.0,3.76,0.004
19,0,11500,11500.0,44466.5668326983,16.565563201904297,0.15038871239476245,1.13,1013.04,0.208,0.5,708.4,0.019,3.29,5649.8,0.287,0.06,37.6,0.008,7335.741766740102,1.3626781702041626,0.09702674350433359,0.11,410.97,0.19,0.0,21.54,0.007,0.25,1115.2,0.184,0.0,3.76,0.004
19,0,12000,12000.0,41870.921545580495,15.453551292419434,0.1457940620665198,1.7,2030.13,0.285,0.46,672.98,0.019,3.34,5518.6,0.285,0.06,37.6,0.008,6397.609649371589,1.1105564832687378,0.09124771056230059,0.12,367.71,0.187,0.0,21.54,0.007,0.25,1041.4,0.182,0.0,3.76,0.004
19,0,12500,12500.0,39327.96785541577,13.867055892944336,0.14112916983517143,1.64,1894.17,0.278,0.42,619.85,0.018,3.41,5362.8,0.282,0.06,37.6,0.008,5615.256420293008,0.8568861484527588,0.08513115719731904,0.1,305.91,0.18,0.0,17.95,0.007,0.24,934.7999999999998,0.178,0.0,3.76,0.004
19,0,13000,13000.0,36873.773942454136,11.898882865905762,0.1362474266972129,1.58,1745.85,0.269,0.38,584.43,0.017,3.31,5010.2,0.275,0.06,37.6,0.008,5152.451323176501,0.6451799273490906,0.07902354712111126,0.08,244.11,0.173,0.0,17.95,0.007,0.19,729.8,0.167,0.0,3.76,0.004
19,0,13500,13500.0,34962.89996644773,9.863296508789062,0.1326447436820676,1.4,1606.8,0.26,0.34,549.01,0.017,3.18,4649.4,0.268,0.05,31.960000000000004,0.008,5246.898970709299,0.4959523379802704,0.07810734921726657,0.07,200.2,0.08,0.0,10.77,0.007,0.15,574.0,0.157,0.0,3.76,0.003
19,0,14000,14000.0,33695.42901934474,8.059969902038574,0.12958392557640766,1.25,1458.48,0.25,0.3,584.43,0.017,2.8,4280.4,0.259,0.05,30.08,0.008,5941.100691631436,0.4458340108394623,0.07914887016457624,0.31,1423.98,0.163,0.0,10.77,0.007,0.11,483.8,0.145,0.0,1.88,0.003
19,0,14500,14500.0,32911.8976424681,6.589217662811279,0.12766346918358248,1.12,1399.77,0.246,0.02,18.8,0.005,2.48,3936.0,0.25,0.02,18.8,0.005,7059.737165327897,0.734798014163971,0.08268812081023615,0.19,308.88,0.086,0.0,7.18,0.006,0.08,410.0,0.132,0.0,1.88,0.003
19,0,15000,15000.0,32639.397379933507,5.896633625030518,0.1270322426054613,0.97,1337.97,0.24,0.01,18.8,0.005,2.16,3747.4000000000005,0.244,0.01,18.8,0.005,8645.15132353281,1.2338402271270752,0.08651322749919756,0.82,1951.3800000000003,0.175,0.0,7.18,0.006,0.07,467.3999999999999,0.133,0.0,1.88,0.003
19,0,15500,15500.0,32025.981322009466,5.279149532318115,0.1257125004102964,0.85,1359.6,0.242,0.01,16.92,0.005,1.86,3591.6,0.24,0.01,16.92,0.005,10370.257209615738,2.078334331512451,0.09008341409212321,1.05,2092.02,0.177,0.0,7.18,0.006,0.08,565.8,0.14,0.0,1.88,0.003
19,0,16000,16000.0,31173.990283356397,5.1577534675598145,0.12612177441574446,0.72,1381.23,0.244,0.01,16.92,0.005,1.58,3534.1999999999994,0.238,0.01,16.92,0.005,12287.457899701621,2.6723556518554688,0.09450487718212765,1.17,2065.65,0.177,0.0,7.18,0.006,0.11,820.0,0.16,0.0,1.88,0.003
19,0,16500,16500.0,30301.572487014346,5.6636271476745605,0.12752435410594629,0.62,1020.8,0.175,0.01,15.04,0.005,1.33,3575.2000000000003,0.239,0.01,15.04,0.005,13950.314237748535,3.900540590286255,0.09737487380469974,1.13,1933.8000000000002,0.177,0.0,10.77,0.007,0.22,1123.4,0.176,0.0,3.76,0.003
19,0,17000,17000.0,29053.839068239904,5.981661319732666,0.1288457161517529,0.78,1616.0700000000002,0.26,0.01,15.04,0.004,1.13,3829.4,0.246,0.01,15.04,0.004,15307.778359369331,4.531510353088379,0.10149146598689734,0.46,825.03,0.211,0.0,10.77,0.007,0.44,1508.8,0.19,0.0,3.76,0.003
19,0,17500,17500.0,27713.858525751857,5.724062919616699,0.13032170871780294,0.69,1492.47,0.252,0.01,18.8,0.005,1.38,4124.6,0.254,0.01,18.8,0.005,16204.778459736553,4.593245983123779,0.10437737937238242,0.57,899.19,0.214,0.0,5.64,0.004,0.72,1902.3999999999999,0.201,0.0,5.64,0.004
19,0,18000,18000.0,25209.837542002788,4.4770026206970215,0.12711785479260035,0.59,1368.87,0.243,0.01,18.8,0.005,1.41,4083.6000000000004,0.253,0.01,18.8,0.005,16459.8970182793,5.139954090118408,0.10756703752224783,0.69,994.9800000000001,0.218,0.0,7.52,0.004,1.01,2222.2,0.207,0.0,7.52,0.004
19,0,18500,18500.0,22294.406083918875,3.041128635406494,0.12159910601987772,1.25,3796.6,0.245,0.01,20.68,0.005,1.25,3796.6,0.245,0.01,20.68,0.005,16084.622378795757,5.415557384490967,0.1083404103813842,0.63,939.36,0.217,0.01,9.4,0.004,1.26,2468.2,0.212,0.01,9.4,0.004
19,0,19000,19000.0,19321.841441417928,2.4676759243011475,0.11405523235351572,0.46,914.64,0.225,0.01,20.68,0.005,0.84,3116.0,0.228,0.01,20.68,0.005,15145.111835118587,4.816249847412109,0.10793069040182779,0.57,893.01,0.216,0.03,106.56,0.026,1.28,2517.4,0.213,0.01,9.4,0.004
19,0,19500,19500.0,17200.21478064882,2.2686328887939453,0.1094081145077777,0.42,818.85,0.222,0.01,11.28,0.004,0.74,2607.6,0.223,0.01,11.28,0.004,13824.108567151416,3.9313857555389404,0.10552791934310811,0.33,395.97,0.141,0.05,159.39,0.012,1.2,2427.2,0.213,0.01,9.4,0.004
19,0,20000,20000.0,15964.470731266192,2.33583402633667,0.10483581731377717,0.38,710.7,0.218,0.01,11.28,0.004,0.68,2197.6,0.219,0.01,11.28,0.004,12230.619912963812,2.841979742050171,0.10133495971782006,0.61,730.32,0.128,0.06,159.39,0.012,0.91,2099.2,0.209,0.01,11.28,0.004
19,0,20500,20500.0,15693.904170021415,2.5391619205474854,0.10387422154107258,0.34,661.26,0.216,0.01,9.4,0.004,0.61,1918.7999999999997,0.215,0.01,9.4,0.004,10659.709981378546,1.816818356513977,0.09652139399618775,0.23,293.46,0.138,0.06,159.39,0.012,0.59,1697.3999999999999,0.202,0.01,9.4,0.004
20,0,-21000,21000.0,0.0,0.0,0.0,0.0,0.0,0.0,0.0,0.0,0.0,0.0,0.0,0.0,0.0,0.0,0.0,0.0,0.0,,0.0,0.0,0.0,0.0,0.0,0.0,0.0,0.0,0.0,0.0,0.0,0.0
20,0,-20500,20500.0,0.0,0.0,0.0,0.0,0.0,0.0,0.0,0.0,0.0,0.0,0.0,0.0,0.0,0.0,0.0,0.0,0.0,,0.0,0.0,0.0,0.0,0.0,0.0,0.0,0.0,0.0,0.0,0.0,0.0
20,0,-20000,20000.0,0.0,0.0,0.0,0.0,0.0,0.0,0.0,0.0,0.0,0.0,0.0,0.0,0.0,0.0,0.0,0.0,0.0,,0.0,0.0,0.0,0.0,0.0,0.0,0.0,0.0,0.0,0.0,0.0,0.0
20,0,-19500,19500.0,0.005519282332500097,4.2277720240235794e-06,0.0012407670654211809,0.0,0.0,0.0,0.0,0.0,0.0,0.0,0.0,0.0,0.0,0.0,0.0,0.0,0.0,,0.0,0.0,0.0,0.0,0.0,0.0,0.0,0.0,0.0,0.0,0.0,0.0
20,0,-19000,19000.0,0.0005356560485836326,2.1347391054860054e-07,0.00013601777738501668,0.0,0.0,0.0,0.0,0.0,0.0,0.0,0.0,0.0,0.0,0.0,0.0,0.0,0.0,,0.0,0.0,0.0,0.0,0.0,0.0,0.0,0.0,0.0,0.0,0.0,0.0
20,0,-18500,18500.0,0.004201615034560291,4.225683824188309e-06,0.0012145914031045128,0.0,0.0,0.0,0.0,0.0,0.0,0.0,0.0,0.0,0.0,0.0,0.0,0.0,0.0,,0.0,0.0,0.0,0.0,0.0,0.0,0.0,0.0,0.0,0.0,0.0,0.0
20,0,-18000,18000.0,0.0,0.0,0.0,0.0,0.0,0.0,0.0,0.0,0.0,0.0,0.0,0.0,0.0,0.0,0.0,0.0,0.0,,0.0,0.0,0.0,0.0,0.0,0.0,0.0,0.0,0.0,0.0,0.0,0.0
20,0,-17500,17500.0,0.0,0.0,0.0,0.0,0.0,0.0,0.0,0.0,0.0,0.0,0.0,0.0,0.0,0.0,0.0,0.0,0.0,,0.0,0.0,0.0,0.0,0.0,0.0,0.0,0.0,0.0,0.0,0.0,0.0
20,0,-17000,17000.0,0.0,0.0,0.0,0.0,0.0,0.0,0.0,0.0,0.0,0.0,0.0,0.0,0.0,0.0,0.0,0.0,0.0,,0.0,0.0,0.0,0.0,0.0,0.0,0.0,0.0,0.0,0.0,0.0,0.0
20,0,-16500,16500.0,0.0,0.0,0.0,0.0,0.0,0.0,0.0,0.0,0.0,0.0,0.0,0.0,0.0,0.0,0.0,0.0,0.0,,0.0,0.0,0.0,0.0,0.0,0.0,0.0,0.0,0.0,0.0,0.0,0.0
20,0,-16000,16000.0,0.0,0.0,,0.0,0.0,0.0,0.0,0.0,0.0,0.0,0.0,0.0,0.0,0.0,0.0,0.0,0.0,,0.0,0.0,0.0,0.0,0.0,0.0,0.0,0.0,0.0,0.0,0.0,0.0
20,0,-15500,15500.0,0.0,0.0,,0.0,0.0,0.0,0.0,0.0,0.0,0.0,0.0,0.0,0.0,0.0,0.0,0.0,0.0,,0.0,0.0,0.0,0.0,0.0,0.0,0.0,0.0,0.0,0.0,0.0,0.0
20,0,-15000,15000.0,0.0,0.0,,0.0,0.0,0.0,0.0,0.0,0.0,0.0,0.0,0.0,0.0,0.0,0.0,0.0,0.0,,0.0,0.0,0.0,0.0,0.0,0.0,0.0,0.0,0.0,0.0,0.0,0.0
20,0,-14500,14500.0,0.0,0.0,,0.0,0.0,0.0,0.0,0.0,0.0,0.0,0.0,0.0,0.0,0.0,0.0,0.0,0.0,,0.0,0.0,0.0,0.0,0.0,0.0,0.0,0.0,0.0,0.0,0.0,0.0
20,0,-14000,14000.0,0.0,0.0,,0.0,0.0,0.0,0.0,0.0,0.0,0.0,0.0,0.0,0.0,0.0,0.0,0.0,0.0,,0.0,0.0,0.0,0.0,0.0,0.0,0.0,0.0,0.0,0.0,0.0,0.0
20,0,-13500,13500.0,0.0,0.0,,0.0,0.0,0.0,0.0,0.0,0.0,0.0,0.0,0.0,0.0,0.0,0.0,0.0,0.0,,0.0,0.0,0.0,0.0,0.0,0.0,0.0,0.0,0.0,0.0,0.0,0.0
20,0,-13000,13000.0,0.0,0.0,,0.0,0.0,0.0,0.0,0.0,0.0,0.0,0.0,0.0,0.0,0.0,0.0,0.0,0.0,,0.0,0.0,0.0,0.0,0.0,0.0,0.0,0.0,0.0,0.0,0.0,0.0
20,0,-12500,12500.0,0.0,0.0,0.0,0.0,0.0,0.0,0.0,0.0,0.0,0.0,0.0,0.0,0.0,0.0,0.0,0.0,0.0,,0.0,0.0,0.0,0.0,0.0,0.0,0.0,0.0,0.0,0.0,0.0,0.0
20,0,-12000,12000.0,0.0,0.0,0.0,0.0,0.0,0.0,0.0,0.0,0.0,0.0,0.0,0.0,0.0,0.0,0.0,0.0,0.0,,0.0,0.0,0.0,0.0,0.0,0.0,0.0,0.0,0.0,0.0,0.0,0.0
20,0,-11500,11500.0,0.0,0.0,0.0,0.0,0.0,0.0,0.0,0.0,0.0,0.0,0.0,0.0,0.0,0.0,0.0,0.0,0.0,,0.0,0.0,0.0,0.0,0.0,0.0,0.0,0.0,0.0,0.0,0.0,0.0
20,0,-11000,11000.0,0.0,0.0,0.0,0.0,0.0,0.0,0.0,0.0,0.0,0.0,0.0,0.0,0.0,0.0,0.0,0.0,0.0,,0.0,0.0,0.0,0.0,0.0,0.0,0.0,0.0,0.0,0.0,0.0,0.0
20,0,-10500,10500.0,0.0,0.0,0.0,0.0,0.0,0.0,0.0,0.0,0.0,0.0,0.0,0.0,0.0,0.0,0.0,0.0,0.0,,0.0,0.0,0.0,0.0,0.0,0.0,0.0,0.0,0.0,0.0,0.0,0.0
20,0,-10000,10000.0,0.0,0.0,0.0,0.0,0.0,0.0,0.0,0.0,0.0,0.0,0.0,0.0,0.0,0.0,0.0,0.0,0.0,,0.0,0.0,0.0,0.0,0.0,0.0,0.0,0.0,0.0,0.0,0.0,0.0
20,0,-9500,9500.0,0.0,0.0,0.0,0.0,0.0,0.0,0.0,0.0,0.0,0.0,0.0,0.0,0.0,0.0,0.0,0.0,0.0,,0.0,0.0,0.0,0.0,0.0,0.0,0.0,0.0,0.0,0.0,0.0,0.0
20,0,-9000,9000.0,0.002789565357375068,8.46495822770521e-07,0.0007104700063556659,0.0,0.0,0.0,0.0,0.0,0.0,0.0,0.0,0.0,0.0,0.0,0.0,0.0,0.0,0.0,0.0,0.0,0.0,0.0,0.0,0.0,0.0,0.0,0.0,0.0,0.0,0.0
20,0,-8500,8500.0,0.0027905755295876133,8.469646104458661e-07,0.0006915011528053869,0.0,0.0,0.0,0.0,0.0,0.0,0.0,0.0,0.0,0.0,0.0,0.0,0.0,0.0,0.0,0.0,0.0,0.0,0.0,0.0,0.0,0.0,0.0,0.0,0.0,0.0,0.0
20,0,-8000,8000.0,0.0,0.0,0.0,0.0,0.0,0.0,0.0,0.0,0.0,0.0,0.0,0.0,0.0,0.0,0.0,0.0,0.0,0.0,0.0,0.0,0.0,0.0,0.0,0.0,0.0,0.0,0.0,0.0,0.0,0.0
20,0,-7500,7500.0,0.0,0.0,0.0,0.0,0.0,0.0,0.0,0.0,0.0,0.0,0.0,0.0,0.0,0.0,0.0,0.0,0.0,0.0,0.0,0.0,0.0,0.0,0.0,0.0,0.0,0.0,0.0,0.0,0.0,0.0
20,0,-7000,7000.0,0.0,0.0,0.0,0.0,0.0,0.0,0.0,0.0,0.0,0.0,0.0,0.0,0.0,0.0,0.0,0.0,0.0,,0.0,0.0,0.0,0.0,0.0,0.0,0.0,0.0,0.0,0.0,0.0,0.0
20,0,-6500,6500.0,0.0,0.0,0.0,0.0,0.0,0.0,0.0,0.0,0.0,0.0,0.0,0.0,0.0,0.0,0.0,0.0,0.0,,0.0,0.0,0.0,0.0,0.0,0.0,0.0,0.0,0.0,0.0,0.0,0.0
20,0,-6000,6000.0,0.0,0.0,0.0,0.0,0.0,0.0,0.0,0.0,0.0,0.0,0.0,0.0,0.0,0.0,0.0,0.0,0.0,,0.0,0.0,0.0,0.0,0.0,0.0,0.0,0.0,0.0,0.0,0.0,0.0
20,0,-5500,5500.0,0.0,0.0,0.0,0.0,0.0,0.0,0.0,0.0,0.0,0.0,0.0,0.0,0.0,0.0,0.0,0.0,0.0,,0.0,0.0,0.0,0.0,0.0,0.0,0.0,0.0,0.0,0.0,0.0,0.0
20,0,-5000,5000.0,0.0,0.0,0.0,0.0,0.0,0.0,0.0,0.0,0.0,0.0,0.0,0.0,0.0,0.0,0.0,0.0,0.0,,0.0,0.0,0.0,0.0,0.0,0.0,0.0,0.0,0.0,0.0,0.0,0.0
20,0,-4500,4500.0,0.0,0.0,0.0,0.0,0.0,0.0,0.0,0.0,0.0,0.0,0.0,0.0,0.0,0.0,0.0,0.0,0.0,,0.0,0.0,0.0,0.0,0.0,0.0,0.0,0.0,0.0,0.0,0.0,0.0
20,0,-4000,4000.0,0.0,0.0,0.0,0.0,0.0,0.0,0.0,0.0,0.0,0.0,0.0,0.0,0.0,0.0,0.0,0.0,0.0,,0.0,0.0,0.0,0.0,0.0,0.0,0.0,0.0,0.0,0.0,0.0,0.0
20,0,-3500,3500.0,0.0,0.0,0.0,0.0,0.0,0.0,0.0,0.0,0.0,0.0,0.0,0.0,0.0,0.0,0.0,0.0,0.0,,0.0,0.0,0.0,0.0,0.0,0.0,0.0,0.0,0.0,0.0,0.0,0.0
20,0,-3000,3000.0,0.0,0.0,0.0,0.0,0.0,0.0,0.0,0.0,0.0,0.0,0.0,0.0,0.0,0.0,0.0,0.0,0.0,,0.0,0.0,0.0,0.0,0.0,0.0,0.0,0.0,0.0,0.0,0.0,0.0
20,0,-2500,2500.0,0.0,0.0,0.0,0.0,0.0,0.0,0.0,0.0,0.0,0.0,0.0,0.0,0.0,0.0,0.0,0.0,0.0,,0.0,0.0,0.0,0.0,0.0,0.0,0.0,0.0,0.0,0.0,0.0,0.0
20,0,-2000,2000.0,0.0,0.0,0.0,0.0,0.0,0.0,0.0,0.0,0.0,0.0,0.0,0.0,0.0,0.0,0.0,0.0,0.0,,0.0,0.0,0.0,0.0,0.0,0.0,0.0,0.0,0.0,0.0,0.0,0.0
20,0,-1500,1500.0,0.0,0.0,0.0,0.0,0.0,0.0,0.0,0.0,0.0,0.0,0.0,0.0,0.0,0.0,0.0,0.0,0.0,,0.0,0.0,0.0,0.0,0.0,0.0,0.0,0.0,0.0,0.0,0.0,0.0
20,0,-1000,1000.0,0.0,0.0,,0.0,0.0,0.0,0.0,0.0,0.0,0.0,0.0,0.0,0.0,0.0,0.0,0.0,0.0,,0.0,0.0,0.0,0.0,0.0,0.0,0.0,0.0,0.0,0.0,0.0,0.0
20,0,-500,500.0,0.0,0.0,,0.0,0.0,0.0,0.0,0.0,0.0,0.0,0.0,0.0,0.0,0.0,0.0,0.0,0.0,,0.0,0.0,0.0,0.0,0.0,0.0,0.0,0.0,0.0,0.0,0.0,0.0
20,0,0,0.0,0.0,0.0,,0.0,0.0,0.0,0.0,0.0,0.0,0.0,0.0,0.0,0.0,0.0,0.0,0.0,0.0,,0.0,0.0,0.0,0.0,0.0,0.0,0.0,0.0,0.0,0.0,0.0,0.0
20,0,500,500.0,0.0,0.0,,0.0,0.0,0.0,0.0,0.0,0.0,0.0,0.0,0.0,0.0,0.0,0.0,0.0,0.0,,0.0,0.0,0.0,0.0,0.0,0.0,0.0,0.0,0.0,0.0,0.0,0.0
20,0,1000,1000.0,0.0,0.0,,0.0,0.0,0.0,0.0,0.0,0.0,0.0,0.0,0.0,0.0,0.0,0.0,0.0,0.0,,0.0,0.0,0.0,0.0,0.0,0.0,0.0,0.0,0.0,0.0,0.0,0.0
20,0,1500,1500.0,0.0,0.0,,0.0,0.0,0.0,0.0,0.0,0.0,0.0,0.0,0.0,0.0,0.0,0.0,0.0,0.0,,0.0,0.0,0.0,0.0,0.0,0.0,0.0,0.0,0.0,0.0,0.0,0.0
20,0,2000,2000.0,0.0,0.0,,0.0,0.0,0.0,0.0,0.0,0.0,0.0,0.0,0.0,0.0,0.0,0.0,0.0,0.0,,0.0,0.0,0.0,0.0,0.0,0.0,0.0,0.0,0.0,0.0,0.0,0.0
20,0,2500,2500.0,0.0,0.0,,0.0,0.0,0.0,0.0,0.0,0.0,0.0,0.0,0.0,0.0,0.0,0.0,0.0,0.0,,0.0,0.0,0.0,0.0,0.0,0.0,0.0,0.0,0.0,0.0,0.0,0.0
20,0,3000,3000.0,0.0,0.0,,0.0,0.0,0.0,0.0,0.0,0.0,0.0,0.0,0.0,0.0,0.0,0.0,0.0,0.0,,0.0,0.0,0.0,0.0,0.0,0.0,0.0,0.0,0.0,0.0,0.0,0.0
20,0,3500,3500.0,0.0,0.0,,0.0,0.0,0.0,0.0,0.0,0.0,0.0,0.0,0.0,0.0,0.0,0.0,0.0,0.0,,0.0,0.0,0.0,0.0,0.0,0.0,0.0,0.0,0.0,0.0,0.0,0.0
20,0,4000,4000.0,0.0,0.0,,0.0,0.0,0.0,0.0,0.0,0.0,0.0,0.0,0.0,0.0,0.0,0.0,0.0,0.0,,0.0,0.0,0.0,0.0,0.0,0.0,0.0,0.0,0.0,0.0,0.0,0.0
20,0,4500,4500.0,0.0,0.0,,0.0,0.0,0.0,0.0,0.0,0.0,0.0,0.0,0.0,0.0,0.0,0.0,0.0,0.0,,0.0,0.0,0.0,0.0,0.0,0.0,0.0,0.0,0.0,0.0,0.0,0.0
20,0,5000,5000.0,0.0,0.0,,0.0,0.0,0.0,0.0,0.0,0.0,0.0,0.0,0.0,0.0,0.0,0.0,0.0,0.0,,0.0,0.0,0.0,0.0,0.0,0.0,0.0,0.0,0.0,0.0,0.0,0.0
20,0,5500,5500.0,0.0,0.0,,0.0,0.0,0.0,0.0,0.0,0.0,0.0,0.0,0.0,0.0,0.0,0.0,0.0,0.0,,0.0,0.0,0.0,0.0,0.0,0.0,0.0,0.0,0.0,0.0,0.0,0.0
20,0,6000,6000.0,0.0,0.0,,0.0,0.0,0.0,0.0,0.0,0.0,0.0,0.0,0.0,0.0,0.0,0.0,0.0,0.0,,0.0,0.0,0.0,0.0,0.0,0.0,0.0,0.0,0.0,0.0,0.0,0.0
20,0,6500,6500.0,0.0,0.0,,0.0,0.0,0.0,0.0,0.0,0.0,0.0,0.0,0.0,0.0,0.0,0.0,0.0,0.0,,0.0,0.0,0.0,0.0,0.0,0.0,0.0,0.0,0.0,0.0,0.0,0.0
20,0,7000,7000.0,0.0,0.0,,0.0,0.0,0.0,0.0,0.0,0.0,0.0,0.0,0.0,0.0,0.0,0.0,0.0,0.0,,0.0,0.0,0.0,0.0,0.0,0.0,0.0,0.0,0.0,0.0,0.0,0.0
20,0,7500,7500.0,0.0,0.0,,0.0,0.0,0.0,0.0,0.0,0.0,0.0,0.0,0.0,0.0,0.0,0.0,0.0,0.0,,0.0,0.0,0.0,0.0,0.0,0.0,0.0,0.0,0.0,0.0,0.0,0.0
20,0,8000,8000.0,0.0,0.0,0.0,0.0,0.0,0.0,0.0,0.0,0.0,0.0,0.0,0.0,0.0,0.0,0.0,0.0,0.0,,0.0,0.0,0.0,0.0,0.0,0.0,0.0,0.0,0.0,0.0,0.0,0.0
20,0,8500,8500.0,0.0,0.0,0.0,0.0,0.0,0.0,0.0,0.0,0.0,0.0,0.0,0.0,0.0,0.0,0.0,0.0,0.0,,0.0,0.0,0.0,0.0,0.0,0.0,0.0,0.0,0.0,0.0,0.0,0.0
20,0,9000,9000.0,0.0,0.0,0.0,0.0,0.0,0.0,0.0,0.0,0.0,0.0,0.0,0.0,0.0,0.0,0.0,0.0,0.0,,0.0,0.0,0.0,0.0,0.0,0.0,0.0,0.0,0.0,0.0,0.0,0.0
20,0,9500,9500.0,0.0,0.0,0.0,0.0,0.0,0.0,0.0,0.0,0.0,0.0,0.0,0.0,0.0,0.0,0.0,0.0,0.0,,0.0,0.0,0.0,0.0,0.0,0.0,0.0,0.0,0.0,0.0,0.0,0.0
20,0,10000,10000.0,0.0,0.0,0.0,0.0,0.0,0.0,0.0,0.0,0.0,0.0,0.0,0.0,0.0,0.0,0.0,0.0,0.0,,0.0,0.0,0.0,0.0,0.0,0.0,0.0,0.0,0.0,0.0,0.0,0.0
20,0,10500,10500.0,0.0,0.0,0.0,0.0,0.0,0.0,0.0,0.0,0.0,0.0,0.0,0.0,0.0,0.0,0.0,0.0,0.0,,0.0,0.0,0.0,0.0,0.0,0.0,0.0,0.0,0.0,0.0,0.0,0.0
20,0,11000,11000.0,0.0,0.0,0.0,0.0,0.0,0.0,0.0,0.0,0.0,0.0,0.0,0.0,0.0,0.0,0.0,0.0,0.0,,0.0,0.0,0.0,0.0,0.0,0.0,0.0,0.0,0.0,0.0,0.0,0.0
20,0,11500,11500.0,0.0,0.0,0.0,0.0,0.0,0.0,0.0,0.0,0.0,0.0,0.0,0.0,0.0,0.0,0.0,0.0,0.0,,0.0,0.0,0.0,0.0,0.0,0.0,0.0,0.0,0.0,0.0,0.0,0.0
20,0,12000,12000.0,0.0,0.0,0.0,0.0,0.0,0.0,0.0,0.0,0.0,0.0,0.0,0.0,0.0,0.0,0.0,0.0,0.0,,0.0,0.0,0.0,0.0,0.0,0.0,0.0,0.0,0.0,0.0,0.0,0.0
20,0,12500,12500.0,0.0,0.0,0.0,0.0,0.0,0.0,0.0,0.0,0.0,0.0,0.0,0.0,0.0,0.0,0.0,0.0,0.0,,0.0,0.0,0.0,0.0,0.0,0.0,0.0,0.0,0.0,0.0,0.0,0.0
20,0,13000,13000.0,0.0,0.0,0.0,0.0,0.0,0.0,0.0,0.0,0.0,0.0,0.0,0.0,0.0,0.0,0.0,0.0,0.0,,0.0,0.0,0.0,0.0,0.0,0.0,0.0,0.0,0.0,0.0,0.0,0.0
20,0,13500,13500.0,0.0,0.0,0.0,0.0,0.0,0.0,0.0,0.0,0.0,0.0,0.0,0.0,0.0,0.0,0.0,0.0,0.0,,0.0,0.0,0.0,0.0,0.0,0.0,0.0,0.0,0.0,0.0,0.0,0.0
20,0,14000,14000.0,0.050575012755871285,4.217170044285012e-06,0.0022820826739651167,0.0,0.0,0.0,0.0,0.0,0.0,0.0,0.0,0.0,0.0,0.0,0.0,0.0,0.0,,0.0,0.0,0.0,0.0,0.0,0.0,0.0,0.0,0.0,0.0,0.0,0.0
20,0,14500,14500.0,0.11663147796241446,4.2299466258555185e-06,0.003164318371946013,0.0,0.0,0.0,0.0,0.0,0.0,0.0,0.0,0.0,0.0,0.0,0.0,0.0,0.0,,0.0,0.0,0.0,0.0,0.0,0.0,0.0,0.0,0.0,0.0,0.0,0.0
20,0,15000,15000.0,0.1255229602456609,4.2306837713113055e-06,0.0019376237508773122,0.0,0.0,0.0,0.0,0.0,0.0,0.0,0.0,0.0,0.0,0.0,0.0,0.0,0.0,,0.0,0.0,0.0,0.0,0.0,0.0,0.0,0.0,0.0,0.0,0.0,0.0
20,0,15500,15500.0,0.09869189871096751,4.225089924148051e-06,0.0010400912738666207,0.0,0.0,0.0,0.0,0.0,0.0,0.0,0.0,0.0,0.0,0.0,0.0,0.0,0.0,,0.0,0.0,0.0,0.0,0.0,0.0,0.0,0.0,0.0,0.0,0.0,0.0
20,0,16000,16000.0,0.13754841319482125,4.228366833558539e-06,0.0010572460056140112,0.0,0.0,0.0,0.0,0.0,0.0,0.0,0.0,0.0,0.0,0.0,0.0,0.0,0.0,,0.0,0.0,0.0,0.0,0.0,0.0,0.0,0.0,0.0,0.0,0.0,0.0
20,0,16500,16500.0,0.18731000136540388,4.2291458157706074e-06,0.0011533984092211398,0.0,0.0,0.0,0.0,0.0,0.0,0.0,0.0,0.0,0.0,0.0,0.0,0.0,0.0,,0.0,0.0,0.0,0.0,0.0,0.0,0.0,0.0,0.0,0.0,0.0,0.0
20,0,17000,17000.0,0.3319961558489126,4.2217275222355966e-06,0.001894220920672134,0.0,0.0,0.0,0.0,0.0,0.0,0.0,0.0,0.0,0.0,0.0,0.0,0.0,0.0,,0.0,0.0,0.0,0.0,0.0,0.0,0.0,0.0,0.0,0.0,0.0,0.0
20,0,17500,17500.0,1.7076629318900416,2.4999144443427213e-05,0.009304569786009608,0.0,0.0,0.0,0.0,0.0,0.0,0.0,0.0,0.0,0.0,0.0,0.0,0.0,0.0,,0.0,0.0,0.0,0.0,0.0,0.0,0.0,0.0,0.0,0.0,0.0,0.0
20,0,18000,18000.0,0.10121257109858561,4.223685209581163e-06,0.0005685014908514292,0.0,0.0,0.0,0.0,0.0,0.0,0.0,0.0,0.0,0.0,0.0,0.0,0.0,0.0,,0.0,0.0,0.0,0.0,0.0,0.0,0.0,0.0,0.0,0.0,0.0,0.0
20,0,18500,18500.0,0.6497075307343891,1.2152121598774102e-05,0.0038762105794801355,0.0,0.0,0.0,0.0,0.0,0.0,0.0,0.0,0.0,0.0,0.0,0.0,0.0,0.0,,0.0,0.0,0.0,0.0,0.0,0.0,0.0,0.0,0.0,0.0,0.0,0.0
20,0,19000,19000.0,0.7538740871495975,1.4021811693964992e-05,0.005075049611139289,0.0,0.0,0.0,0.0,0.0,0.0,0.0,0.0,0.0,0.0,0.0,0.0,0.0,0.0,,0.0,0.0,0.0,0.0,0.0,0.0,0.0,0.0,0.0,0.0,0.0,0.0
20,0,19500,19500.0,0.6139371558610662,1.132118995883502e-05,0.004924817906246666,0.0,0.0,0.001,0.0,0.0,0.001,0.0,0.0,0.0,0.0,0.0,0.0,0.0,0.0,,0.0,0.0,0.0,0.0,0.0,0.0,0.0,0.0,0.0,0.0,0.0,0.0
20,0,20000,20000.0,0.6066670111508188,1.1146939868922345e-05,0.006444025058714124,0.0,0.0,0.001,0.0,0.0,0.001,0.0,0.0,0.0,0.0,0.0,0.0,0.0,0.0,,0.0,0.0,0.0,0.0,0.0,0.0,0.0,0.0,0.0,0.0,0.0,0.0
20,0,20500,20500.0,0.5769082924530267,1.0629206371959299e-05,0.008736436286080443,0.0,0.0,0.001,0.0,0.0,0.001,0.0,0.0,0.0,0.0,0.0,0.0,0.0,0.0,,0.0,0.0,0.0,0.0,0.0,0.0,0.0,0.0,0.0,0.0,0.0,0.0
21,0,-21000,21000.0,0.5123854378119574,2.4475899408571422e-05,0.0007253332430656505,0.0,0.0,0.0,0.0,0.0,0.0,0.0,0.0,0.0,0.0,0.0,0.0,55.851415548386285,0.00267597334459424,0.02609140442437172,0.01,17.58,0.055,0.0,0.0,0.004,0.0,8.2,0.03,0.0,0.0,0.003
21,0,-20500,20500.0,2.5854910731816005,6.873902748338878e-05,0.002994480611025239,0.0,0.0,0.0,0.0,0.0,0.0,0.0,0.0,0.0,0.0,0.0,0.0,64.62410162089327,0.0036981867160648108,0.030992753813155593,0.01,7.67,0.041,0.0,0.0,0.003,0.0,0.0,0.023,0.0,0.0,0.002
21,0,-20000,20000.0,5.07975773552829,0.00012762355618178844,0.005212454881984466,0.0,0.0,0.0,0.0,0.0,0.0,0.0,0.0,0.0,0.0,0.0,0.0,64.2482775173903,0.0036869756877422333,0.03241455181597749,0.01,6.03,0.044,0.0,0.0,0.003,0.0,8.2,0.027,0.0,0.0,0.002
21,0,-19500,19500.0,7.563316399280495,0.0001980049564735964,0.00728181403639795,0.0,0.0,0.001,0.0,0.0,0.001,0.0,0.0,0.001,0.0,0.0,0.0,60.43406202534243,0.003489244496449828,0.03343513843336869,0.01,6.18,0.087,0.0,0.0,0.004,0.0,8.2,0.033,0.0,0.0,0.003
21,0,-19000,19000.0,7.3452798082648485,0.00017342013597954065,0.007160479865011872,0.0,0.0,0.001,0.0,0.0,0.001,0.0,0.0,0.003,0.0,0.0,0.0,49.59498492180501,0.002571484539657831,0.030595447498736883,0.01,9.27,0.102,0.0,0.0,0.004,0.01,8.2,0.045,0.0,0.0,0.003
21,0,-18500,18500.0,6.887238501440152,0.00014346459647640586,0.007091825870925367,0.0,0.0,0.004,0.0,0.0,0.004,0.0,0.0,0.007,0.0,0.0,0.002,36.82822631853924,0.0019020707113668323,0.02557270808753967,0.01,6.18,0.086,0.0,0.0,0.006,0.01,16.4,0.055,0.0,0.0,0.003
21,0,-18000,18000.0,5.317661034769117,9.904476610245183e-05,0.006459201791906694,0.0,0.0,0.004,0.0,0.0,0.004,0.0,0.0,0.011,0.0,0.0,0.002,21.198076658765785,0.0009558633319102228,0.017050527479931236,0.01,8.2,0.045,0.0,0.0,0.006,0.01,8.2,0.045,0.0,0.0,0.003
21,0,-17500,17500.0,3.3913956357537245,7.750447548460215e-05,0.005044504673543918,0.0,0.0,0.004,0.0,0.0,0.004,0.0,0.0,0.014,0.0,0.0,0.002,9.843963166531466,0.00039006987935863435,0.009141635657855682,0.0,0.0,0.005,0.0,0.0,0.005,0.0,8.2,0.032,0.0,0.0,0.003
21,0,-17000,17000.0,1.2281169312700513,2.1882822693441994e-05,0.0024004950685326937,0.0,0.0,0.004,0.0,0.0,0.004,0.0,0.0,0.009,0.0,0.0,0.003,5.101249444851419,7.302803714992478e-05,0.00516866863678957,0.0,0.0,0.005,0.0,0.0,0.005,0.0,0.0,0.018,0.0,0.0,0.003
21,0,-16500,16500.0,0.2905289591581095,5.389248144638259e-06,0.000798058971130575,0.0,0.0,0.002,0.0,0.0,0.002,0.0,0.0,0.005,0.0,0.0,0.002,5.4763292367169925,0.00013109869905747473,0.005890498434937247,0.0,0.0,0.003,0.0,0.0,0.003,0.0,0.0,0.006,0.0,0.0,0.002
21,0,-16000,16000.0,0.07772483289727461,1.7355464478896465e-06,0.00028593913075115266,0.0,0.0,0.002,0.0,0.0,0.002,0.0,0.0,0.002,0.0,0.0,0.002,7.643305785040866,0.00019672256894409657,0.008109111672097807,0.0,0.0,0.003,0.0,0.0,0.003,0.0,0.0,0.004,0.0,0.0,0.002
21,0,-15500,15500.0,0.03590860604276713,7.106050361471716e-07,0.00017693029311827775,0.0,0.0,0.001,0.0,0.0,0.001,0.0,0.0,0.001,0.0,0.0,0.001,9.500021137966996,0.000256935425568372,0.010197481580310875,0.0,0.0,0.002,0.0,0.0,0.002,0.0,0.0,0.003,0.0,0.0,0.001
21,0,-15000,15000.0,0.02809064326854127,7.026050639069581e-07,0.00015613117891333402,0.0,0.0,0.001,0.0,0.0,0.001,0.0,0.0,0.001,0.0,0.0,0.001,8.177547960326592,0.00018286950944457203,0.008804306745312827,0.0,0.0,0.002,0.0,0.0,0.002,0.0,0.0,0.005,0.0,0.0,0.001
21,0,-14500,14500.0,0.020278031981035838,6.892306601002929e-07,0.00012432418424780528,0.0,0.0,0.001,0.0,0.0,0.001,0.0,0.0,0.001,0.0,0.0,0.001,6.4798256119502184,0.00011492452176753432,0.007214848242069364,0.0,0.0,0.005,0.0,0.0,0.005,0.0,0.0,0.008,0.0,0.0,0.002
21,0,-14000,14000.0,0.09100200895559851,4.359416379884351e-06,0.0005800092386592005,0.0,0.0,0.001,0.0,0.0,0.001,0.0,0.0,0.0,0.0,0.0,0.001,4.0694206453736115,6.952203693799675e-05,0.00500581528756169,0.0,0.0,0.005,0.0,0.0,0.005,0.0,0.0,0.01,0.0,0.0,0.002
21,0,-13500,13500.0,0.030476677616775305,4.217480181978317e-06,0.00020323854751157116,0.0,0.0,0.001,0.0,0.0,0.001,0.0,0.0,0.0,0.0,0.0,0.0,2.2889514048983983,5.56682025489863e-05,0.003075687044969114,0.0,0.0,0.005,0.0,0.0,0.005,0.0,0.0,0.012,0.0,0.0,0.003
21,0,-13000,13000.0,0.027824418702948606,4.219896709400928e-06,0.00010159760806590173,0.0,0.0,0.001,0.0,0.0,0.001,0.0,0.0,0.001,0.0,0.0,0.0,0.7892653769886238,1.144568705058191e-05,0.0011817220866075025,0.0,0.0,0.005,0.0,0.0,0.005,0.0,0.0,0.007,0.0,0.0,0.003
21,0,-12500,12500.0,0.11776207782574488,7.881956662458833e-06,0.0002669486327278724,0.0,0.0,0.001,0.0,0.0,0.001,0.0,0.0,0.001,0.0,0.0,0.001,0.49395884202567686,1.6579921066295356e-05,0.0008212725039272853,0.0,0.0,0.002,0.0,0.0,0.002,0.0,0.0,0.003,0.0,0.0,0.002
21,0,-12000,12000.0,3.0929617881952254,8.484999125357717e-05,0.003790196774093207,0.0,0.0,0.001,0.0,0.0,0.001,0.0,0.0,0.001,0.0,0.0,0.001,0.782261606582324,1.978388536372222e-05,0.001349567898654904,0.0,0.0,0.002,0.0,0.0,0.002,0.0,0.0,0.002,0.0,0.0,0.001
21,0,-11500,11500.0,12.050431968525288,0.0003556963929440826,0.009110421149101714,0.01,0.0,0.008,0.0,0.0,0.001,0.0,0.0,0.001,0.0,0.0,0.001,1.6633464669496334,3.979034227086231e-05,0.00303820619784895,0.0,0.0,0.002,0.0,0.0,0.002,0.0,0.0,0.001,0.0,0.0,0.001
21,0,-11000,11000.0,36.45090355699807,0.0015958243748173118,0.020007892875851082,0.01,0.0,0.008,0.0,0.0,0.001,0.0,0.0,0.001,0.0,0.0,0.001,3.013012043868457,6.399075937224552e-05,0.005699981553401412,0.0,0.0,0.002,0.0,0.0,0.002,0.0,0.0,0.001,0.0,0.0,0.001
21,0,-10500,10500.0,76.08315379529813,0.004645478446036577,0.031868403238563804,0.01,5.08,0.076,0.0,0.0,0.001,0.0,0.0,0.001,0.0,0.0,0.001,2.6495947123294172,5.394975232775323e-05,0.005128779427775532,0.0,0.0,0.003,0.0,0.0,0.003,0.0,0.0,0.002,0.0,0.0,0.001
21,0,-10000,10000.0,130.91932049058244,0.010557027533650398,0.0474412645348476,0.01,7.62,0.089,0.0,0.0,0.001,0.0,0.0,0.001,0.0,0.0,0.001,2.1218375658691,4.175528374616988e-05,0.004099049764000663,0.0,0.0,0.003,0.0,0.0,0.003,0.0,0.0,0.002,0.0,0.0,0.001
21,0,-9500,9500.0,170.34361901738606,0.01602935418486595,0.05868342401872594,0.01,6.48,0.089,0.0,0.0,0.001,0.0,0.0,0.001,0.0,0.0,0.001,0.46375178590096766,9.322036930825561e-06,0.0008016630841997907,0.0,0.0,0.003,0.0,0.0,0.003,0.0,0.0,0.002,0.0,0.0,0.001
21,0,-9000,9000.0,164.15736423518297,0.015063347294926643,0.058251395007164725,0.01,6.96,0.09,0.0,0.0,0.001,0.0,0.0,0.026,0.0,0.0,0.0,1.6183545224521367,3.938331428798847e-05,0.002457172851215442,0.0,0.0,0.003,0.0,0.0,0.003,0.0,0.0,0.001,0.0,0.0,0.001
21,0,-8500,8500.0,149.714153054083,0.013382195495069027,0.05757513641111985,0.01,7.0,0.107,0.0,0.0,0.007,0.01,16.4,0.059,0.0,0.0,0.003,5.147892353778616,0.00012395120575092733,0.006891678364762664,0.0,0.0,0.002,0.0,0.0,0.002,0.0,0.0,0.001,0.0,0.0,0.001
21,0,-8000,8000.0,118.17723898784607,0.010609418153762817,0.05625747213291978,0.01,5.6,0.1,0.0,0.0,0.007,0.01,24.6,0.08,0.0,0.0,0.004,7.39220216669878,0.00019278581021353602,0.008902351910459778,0.0,0.0,0.002,0.0,0.0,0.002,0.0,0.0,0.001,0.0,0.0,0.001
21,0,-7500,7500.0,80.41767656613956,0.00805328693240881,0.05044261496706074,0.01,12.36,0.116,0.0,0.0,0.007,0.02,41.0,0.097,0.0,0.0,0.004,8.950271728963344,0.00025582770467735827,0.010486789074177015,0.0,0.0,0.002,0.0,0.0,0.002,0.0,0.0,0.002,0.0,0.0,0.001
21,0,-7000,7000.0,31.5762030564656,0.002346231834962964,0.03101091492386744,0.01,16.4,0.071,0.0,0.0,0.007,0.01,16.4,0.071,0.0,0.0,0.004,7.805842740481239,0.00020276357827242464,0.009553855693297206,0.0,0.0,0.002,0.0,0.0,0.002,0.0,0.0,0.007,0.0,0.0,0.001
21,0,-6500,6500.0,9.18040305004979,0.0004620645195245743,0.018400740946798562,0.0,0.0,0.006,0.0,0.0,0.006,0.0,8.2,0.035,0.0,0.0,0.003,6.933054082810486,0.0001590876345289871,0.009022857336357737,0.0,0.0,0.004,0.0,0.0,0.004,0.0,0.0,0.016,0.0,0.0,0.002
21,0,-6000,6000.0,1.6203109418711392,3.842980004264973e-05,0.005766175238698115,0.0,0.0,0.006,0.0,0.0,0.006,0.0,0.0,0.015,0.0,0.0,0.003,4.537840910961677,9.594514267519116e-05,0.006564349720152031,0.0,0.0,0.004,0.0,0.0,0.004,0.0,0.0,0.017,0.0,0.0,0.003
21,0,-5500,5500.0,0.07298685184764508,1.039488324749982e-06,0.0006495830499964918,0.0,0.0,0.002,0.0,0.0,0.002,0.0,0.0,0.002,0.0,0.0,0.002,4.6007251605260535,7.67041856306605e-05,0.006325251532527155,0.0,0.0,0.003,0.0,0.0,0.003,0.0,0.0,0.017,0.0,0.0,0.003
21,0,-5000,5000.0,0.025311910937375615,5.721841489503277e-07,0.0003528697657817288,0.0,0.0,0.001,0.0,0.0,0.001,0.0,0.0,0.001,0.0,0.0,0.001,12.285990631153254,0.00036095496034249663,0.014290821666250526,0.01,8.79,0.043,0.0,0.0,0.003,0.0,0.0,0.011,0.0,0.0,0.002
21,0,-4500,4500.0,0.01884198292856354,4.90733555125189e-07,0.00040785801199158495,0.0,0.0,0.001,0.0,0.0,0.001,0.0,0.0,0.001,0.0,0.0,0.001,24.43521665458661,0.0010292441584169865,0.02529857131168708,0.01,17.58,0.065,0.0,0.0,0.002,0.0,0.0,0.005,0.0,0.0,0.002
21,0,-4000,4000.0,0.011622582642445423,3.007788791364874e-07,0.0002711897723639838,0.0,0.0,0.001,0.0,0.0,0.001,0.0,0.0,0.001,0.0,0.0,0.001,33.463230424280255,0.0016641671536490321,0.03177628204635124,0.01,26.37,0.075,0.0,0.0,0.002,0.0,0.0,0.003,0.0,0.0,0.001
21,0,-3500,3500.0,0.005054189659858821,4.212244675727561e-06,0.0001111714334587799,0.0,0.0,0.001,0.0,0.0,0.001,0.0,0.0,0.0,0.0,0.0,0.001,31.930543328064687,0.0016197655349969864,0.03113234935183685,0.01,26.37,0.072,0.0,0.0,0.002,0.0,0.0,0.002,0.0,0.0,0.001
21,0,-3000,3000.0,0.01263865597138647,4.21365484726266e-06,0.0001747595135200846,0.0,0.0,0.001,0.0,0.0,0.001,0.0,0.0,0.0,0.0,0.0,0.0,16.94503493160937,0.0006233343738131225,0.019064093587729692,0.01,8.79,0.041,0.0,0.0,0.002,0.0,0.0,0.01,0.0,0.0,0.001
21,0,-2500,2500.0,0.01019390639953599,4.215770786686335e-06,9.870974470457284e-05,0.0,0.0,0.0,0.0,0.0,0.0,0.0,0.0,0.0,0.0,0.0,0.0,10.467290103588311,0.0002919878752436489,0.013367240631341197,0.0,0.0,0.003,0.0,0.0,0.003,0.0,0.0,0.023,0.0,0.0,0.002
21,0,-2000,2000.0,0.0,0.0,0.0,0.0,0.0,0.0,0.0,0.0,0.0,0.0,0.0,0.0,0.0,0.0,0.0,6.626467514888645,0.00016261478594969958,0.009055348749591218,0.0,0.0,0.003,0.0,0.0,0.003,0.0,0.0,0.022,0.0,0.0,0.003
21,0,-1500,1500.0,0.0050550543164717965,4.213202828395879e-06,2.6965412057603723e-05,0.0,0.0,0.0,0.0,0.0,0.0,0.0,0.0,0.0,0.0,0.0,0.0,3.684246114562484,8.274590072687715e-05,0.0052024698056264175,0.0,0.0,0.002,0.0,0.0,0.002,0.0,0.0,0.02,0.0,0.0,0.002
21,0,-1000,1000.0,0.0,0.0,0.0,0.0,0.0,0.0,0.0,0.0,0.0,0.0,0.0,0.0,0.0,0.0,0.0,1.4951951809962338,2.231478356407024e-05,0.0019013001507780342,0.0,0.0,0.002,0.0,0.0,0.002,0.0,0.0,0.013,0.0,0.0,0.002
21,0,-500,500.0,0.010118741556652822,4.225728389428696e-06,3.5727592684604356e-05,0.0,0.0,0.0,0.0,0.0,0.0,0.0,0.0,0.0,0.0,0.0,0.0,1.2463623638439003,3.654676038422622e-05,0.0014285420327166153,0.0,0.0,0.002,0.0,0.0,0.002,0.0,0.0,0.004,0.0,0.0,0.001
21,0,0,0.0,0.24113362865705312,9.1394322225824e-06,0.0006731300771294453,0.0,0.0,0.0,0.0,0.0,0.0,0.0,0.0,0.0,0.0,0.0,0.0,6.395876283659163,0.0001702463487163186,0.005364976478991738,0.0,0.0,0.001,0.0,0.0,0.001,0.0,0.0,0.004,0.0,0.0,0.001
21,0,500,500.0,1.1372390700955748,2.9287570214364678e-05,0.0023801565242553106,0.0,0.0,0.001,0.0,0.0,0.001,0.0,0.0,0.001,0.0,0.0,0.001,17.22813620177135,0.000589839939493686,0.010938368562572548,0.0,0.0,0.002,0.0,0.0,0.002,0.0,0.0,0.003,0.0,0.0,0.001
21,0,1000,1000.0,5.785597487495409,0.00014981218555476516,0.009197986428751203,0.0,0.0,0.001,0.0,0.0,0.001,0.0,0.0,0.001,0.0,0.0,0.001,38.254172948842324,0.0017551438650116324,0.01647379363170407,0.01,14.24,0.079,0.0,0.0,0.002,0.0,0.0,0.003,0.0,0.0,0.001
21,0,1500,1500.0,14.979300116920058,0.0005252338014543056,0.019350162391016567,0.01,8.79,0.05,0.0,0.0,0.002,0.0,0.0,0.001,0.0,0.0,0.001,67.33283697629986,0.0037873596884310246,0.02140313454839522,0.01,21.36,0.092,0.0,0.0,0.003,0.0,0.0,0.004,0.0,0.0,0.001
21,0,2000,2000.0,19.595269194917364,0.000776605331338942,0.022376574389631514,0.01,17.58,0.062,0.0,0.0,0.002,0.0,0.0,0.002,0.0,0.0,0.001,111.77942146018722,0.0078073348850011826,0.02846992291111494,0.02,24.920000000000005,0.098,0.0,0.0,0.003,0.0,0.0,0.005,0.0,0.0,0.002
21,0,2500,2500.0,20.41850515859096,0.0008433222537860274,0.02247815767288711,0.01,17.58,0.063,0.0,0.0,0.002,0.0,0.0,0.002,0.0,0.0,0.001,163.2758128759633,0.013705429621040821,0.034403490861125735,0.02,14.5,0.104,0.0,0.0,0.005,0.0,0.0,0.006,0.0,0.0,0.002
21,0,3000,3000.0,12.025942756326913,0.00039046083111315966,0.014337894705733172,0.01,8.79,0.044,0.0,0.0,0.002,0.0,0.0,0.005,0.0,0.0,0.001,256.9516234474577,0.027726421132683754,0.0492782841760432,0.04,34.8,0.124,0.0,0.0,0.005,0.0,0.0,0.009,0.0,0.0,0.002
21,0,3500,3500.0,7.216187733649804,0.0001830155961215496,0.0094863902772104,0.0,0.0,0.002,0.0,0.0,0.002,0.0,0.0,0.01,0.0,0.0,0.002,353.21029562910553,0.04500925913453102,0.06329668201478272,0.04,34.8,0.125,0.0,0.0,0.006,0.0,0.0,0.012,0.0,0.0,0.003
21,0,4000,4000.0,4.506000610444971,9.590135596226901e-05,0.006728216266622669,0.0,0.0,0.002,0.0,0.0,0.002,0.0,0.0,0.012,0.0,0.0,0.002,404.79854893055744,0.05333082005381584,0.07176636010072439,0.02,17.4,0.119,0.0,0.0,0.006,0.0,8.2,0.033,0.0,0.0,0.003
21,0,4500,4500.0,2.9376372350270685,5.5268097639782354e-05,0.005059900610062113,0.0,0.0,0.002,0.0,0.0,0.002,0.0,0.0,0.013,0.0,0.0,0.002,418.33616876683664,0.05586504191160202,0.0763891053532278,0.03,22.11,0.127,0.0,0.0,0.007,0.01,8.2,0.054,0.0,0.0,0.004
21,0,5000,5000.0,1.7286568474901287,2.982640580739826e-05,0.003225244108076557,0.0,0.0,0.002,0.0,0.0,0.002,0.0,0.0,0.012,0.0,0.0,0.002,374.0331035121926,0.04648919031023979,0.07513645532052346,0.02,14.0,0.129,0.0,0.0,0.007,0.02,32.8,0.09,0.0,0.0,0.004
21,0,5500,5500.0,0.8517814485912822,1.351922401227057e-05,0.0016793472339183472,0.0,0.0,0.003,0.0,0.0,0.003,0.0,0.0,0.009,0.0,0.0,0.002,293.2423485755862,0.034296441823244095,0.0674135328319314,0.02,12.96,0.114,0.0,3.59,0.008,0.03,49.2,0.111,0.0,0.0,0.004
21,0,6000,6000.0,0.30792179165928246,4.629575869330438e-06,0.0004470364318515747,0.0,0.0,0.003,0.0,0.0,0.003,0.0,0.0,0.007,0.0,0.0,0.002,188.41182192481938,0.02037295699119568,0.05519030560525903,0.01,8.4,0.114,0.0,3.59,0.008,0.02,49.2,0.104,0.0,0.0,0.004
21,0,6500,6500.0,2.447781205444244,6.548067176481709e-05,0.0026041581525739084,0.0,0.0,0.002,0.0,0.0,0.002,0.0,0.0,0.004,0.0,0.0,0.002,109.89040954154916,0.011439220979809761,0.04266437631800199,0.01,12.36,0.111,0.0,0.0,0.008,0.02,41.0,0.097,0.0,0.0,0.004
21,0,7000,7000.0,16.20017526200286,0.0005286989617161453,0.009537994827962812,0.01,0.0,0.009,0.0,0.0,0.002,0.0,0.0,0.002,0.0,0.0,0.001,49.332763510756195,0.0032914066687226295,0.024777396249266583,0.01,16.4,0.07,0.0,0.0,0.008,0.01,16.4,0.07,0.0,0.0,0.004
21,0,7500,7500.0,53.50216346361236,0.0026184823364019394,0.01876178620774729,0.01,11.44,0.066,0.0,0.0,0.001,0.0,0.0,0.001,0.0,0.0,0.001,24.027567954544793,0.0009827071335166693,0.01566313646090419,0.0,0.0,0.006,0.0,0.0,0.006,0.0,8.2,0.042,0.0,0.0,0.004
21,0,8000,8000.0,166.3927207385001,0.014179572463035583,0.036458701028807994,0.01,7.62,0.078,0.0,0.0,0.001,0.0,0.0,0.001,0.0,0.0,0.001,16.969328615959967,0.0003950926475226879,0.012158867767080557,0.0,0.0,0.006,0.0,0.0,0.006,0.0,0.0,0.023,0.0,0.0,0.003
21,0,8500,8500.0,410.4884758631954,0.053176525980234146,0.05853230580848659,0.07,54.34,0.09,0.0,0.0,0.001,0.0,0.0,0.001,0.0,0.0,0.001,17.98540603631409,0.000545037561096251,0.013628884027154701,0.0,0.0,0.004,0.0,0.0,0.004,0.0,0.0,0.01,0.0,0.0,0.003
21,0,9000,9000.0,824.8520571056446,0.14428886771202087,0.08928262265030262,0.08,60.06,0.091,0.0,0.0,0.001,0.0,0.0,0.001,0.0,0.0,0.001,20.51042544521806,0.0006641789223067462,0.01512165767896035,0.0,0.0,0.004,0.0,0.0,0.004,0.0,0.0,0.01,0.0,0.0,0.002
21,0,9500,9500.0,1131.9670090317345,0.2204458862543106,0.10588308915162227,0.27,413.13,0.179,0.0,0.0,0.002,0.0,0.0,0.003,0.0,0.0,0.001,22.4013978642688,0.0007740588625892997,0.01629781384066597,0.0,0.0,0.005,0.0,0.0,0.005,0.0,0.0,0.01,0.0,0.0,0.002
21,0,10000,10000.0,1203.0907158119135,0.23904798924922943,0.10970601340296715,0.2,325.23,0.171,0.0,0.0,0.002,0.01,16.4,0.057,0.0,0.0,0.001,21.560318744377582,0.0007040303898975253,0.01583404864395678,0.0,0.0,0.005,0.0,0.0,0.005,0.0,0.0,0.015,0.0,0.0,0.003
21,0,10500,10500.0,1195.6882605532883,0.22866642475128174,0.11300286041638671,0.07,54.0,0.143,0.0,0.0,0.007,0.03,49.2,0.108,0.0,0.0,0.004,18.40404405756999,0.0005422060494311154,0.014054223956477187,0.0,0.0,0.006,0.0,0.0,0.006,0.0,0.0,0.02,0.0,0.0,0.003
21,0,11000,11000.0,1070.4984022813733,0.19861403107643127,0.11243652151614972,0.15,148.32,0.219,0.0,0.0,0.007,0.09,164.0,0.167,0.0,0.0,0.004,13.542772992695973,0.0003626462130341679,0.011275547548333128,0.0,0.0,0.006,0.0,0.0,0.006,0.0,0.0,0.021,0.0,0.0,0.003
21,0,11500,11500.0,889.7104624673375,0.1619650274515152,0.10666008397726959,0.12,123.6,0.213,0.0,0.0,0.03,0.18,303.4,0.194,0.0,1.88,0.004,9.684476240909135,0.00022351932420860976,0.008764566612780843,0.0,0.0,0.005,0.0,0.0,0.005,0.0,0.0,0.024,0.0,0.0,0.003
21,0,12000,12000.0,608.7016631732695,0.10247908532619476,0.09288387882834237,0.09,95.79,0.205,0.0,1.74,0.06,0.15,262.4,0.188,0.0,1.88,0.004,6.530778037358687,0.00011038641241611913,0.0061540632223537435,0.0,0.0,0.005,0.0,0.0,0.005,0.0,0.0,0.018,0.0,0.0,0.003
21,0,12500,12500.0,362.2753101903072,0.05489768832921982,0.0752267491405583,0.05,55.62,0.184,0.0,3.59,0.008,0.1,196.8,0.175,0.0,0.0,0.004,5.442898723276812,9.919027797877789e-05,0.005174562486333821,0.0,0.0,0.003,0.0,0.0,0.003,0.0,0.0,0.014,0.0,0.0,0.002
21,0,13000,13000.0,183.95319666014984,0.020540880039334297,0.05030201601969829,0.05,106.6,0.146,0.0,3.59,0.008,0.05,106.6,0.146,0.0,0.0,0.004,6.127093015606988,0.00012909158249385655,0.005212734734694686,0.0,0.0,0.003,0.0,0.0,0.003,0.0,0.0,0.01,0.0,0.0,0.002
21,0,13500,13500.0,82.14804456947604,0.0040248241275548935,0.0307835167562925,0.01,8.7,0.083,0.0,0.0,0.006,0.01,24.6,0.083,0.0,0.0,0.004,7.900307551017249,0.00019370797963347286,0.006152165357454998,0.0,0.0,0.003,0.0,0.0,0.003,0.0,0.0,0.006,0.0,0.0,0.002
21,0,14000,14000.0,69.48727112830966,0.0036690954584628344,0.029874300319807166,0.01,11.6,0.092,0.0,0.0,0.006,0.01,8.2,0.047,0.0,0.0,0.004,9.999624931379003,0.00025306822499260306,0.007113055715604066,0.0,0.0,0.003,0.0,0.0,0.003,0.0,0.0,0.006,0.0,0.0,0.002
21,0,14500,14500.0,73.31167387128517,0.004610320553183556,0.03536540892022568,0.01,11.6,0.093,0.0,0.0,0.005,0.0,0.0,0.014,0.0,0.0,0.003,11.162238799170154,0.00028785172617062926,0.007378307696967517,0.01,7.12,0.058,0.0,0.0,0.004,0.0,0.0,0.007,0.0,0.0,0.002
21,0,15000,15000.0,73.78450667138168,0.004399785306304693,0.037574041167482364,0.01,8.16,0.065,0.0,0.0,0.005,0.0,0.0,0.012,0.0,0.0,0.002,15.306154972950026,0.00045142514863982797,0.009410442417544356,0.0,0.0,0.004,0.0,0.0,0.004,0.0,0.0,0.009,0.0,0.0,0.002
21,0,15500,15500.0,68.69044919112639,0.003782333340495825,0.03708722854624566,0.01,6.03,0.09,0.0,0.0,0.006,0.0,0.0,0.01,0.0,0.0,0.003,20.314620392491634,0.0006697066710330546,0.011515498430382114,0.01,6.02,0.047,0.0,0.0,0.004,0.0,0.0,0.011,0.0,0.0,0.002
21,0,16000,16000.0,53.88282710118801,0.0023178192786872387,0.031696762237695936,0.01,12.24,0.077,0.0,0.0,0.006,0.0,0.0,0.015,0.0,0.0,0.003,24.553715382080554,0.00085206248331815,0.012675032199596014,0.01,6.02,0.046,0.0,0.0,0.004,0.0,0.0,0.008,0.0,0.0,0.003
21,0,16500,16500.0,40.10753611946711,0.0017406371189281344,0.025330193655224986,0.01,9.29,0.047,0.0,0.0,0.007,0.0,0.0,0.018,0.0,0.0,0.003,28.266278652972687,0.0009709017467685044,0.013598292561711585,0.01,10.68,0.058,0.0,0.0,0.004,0.0,0.0,0.007,0.0,0.0,0.002
21,0,17000,17000.0,31.658607338613365,0.0010662141721695662,0.0214257472121248,0.01,8.79,0.045,0.0,0.0,0.007,0.0,0.0,0.018,0.0,0.0,0.003,28.993972714670235,0.0006808963953517377,0.013167471525673786,0.01,10.68,0.063,0.0,0.0,0.004,0.0,0.0,0.007,0.0,0.0,0.002
21,0,17500,17500.0,34.98628665693104,0.0014204045291990042,0.024325088481511225,0.01,17.58,0.067,0.0,0.0,0.006,0.0,0.0,0.019,0.0,0.0,0.003,29.23187959349889,0.0006477573188021779,0.0126494110829705,0.01,10.68,0.067,0.0,0.0,0.006,0.0,0.0,0.006,0.0,0.0,0.002
21,0,18000,18000.0,53.174054746341426,0.0031262317206710577,0.03467317128942432,0.02,43.95,0.093,0.0,0.0,0.006,0.0,0.0,0.016,0.0,0.0,0.003,31.586776294170704,0.0011063506826758385,0.013026424910960122,0.01,5.8,0.067,0.0,0.0,0.006,0.0,0.0,0.007,0.0,0.0,0.002
21,0,18500,18500.0,67.08609870242981,0.00441402941942215,0.042113944347095776,0.03,61.53000000000001,0.104,0.0,0.0,0.004,0.0,0.0,0.016,0.0,0.0,0.003,42.00820090409252,0.001970044570043683,0.01566743147319462,0.01,5.8,0.069,0.0,0.0,0.005,0.0,0.0,0.008,0.0,0.0,0.003
21,0,19000,19000.0,64.27093545744356,0.004016435705125332,0.03826082083147717,0.03,52.74,0.102,0.0,0.0,0.004,0.0,0.0,0.015,0.0,0.0,0.003,69.46561420263606,0.004348215647041798,0.0229824290241734,0.01,10.68,0.049,0.0,0.0,0.005,0.0,0.0,0.005,0.0,0.0,0.003
21,0,19500,19500.0,54.36506350582704,0.003016594098880887,0.03158503073650853,0.02,43.95,0.092,0.0,0.0,0.002,0.0,0.0,0.016,0.0,0.0,0.002,146.50614045262955,0.012473659589886665,0.038949566851615915,0.02,25.74,0.079,0.0,0.0,0.005,0.0,0.0,0.004,0.0,0.0,0.002
21,0,20000,20000.0,32.96007073325882,0.0013736364198848605,0.018424206501329365,0.01,17.58,0.061,0.0,0.0,0.002,0.0,0.0,0.015,0.0,0.0,0.002,286.32015196103566,0.03244049474596977,0.062162416041707545,0.02,28.6,0.08,0.0,0.0,0.005,0.0,0.0,0.003,0.0,0.0,0.002
21,0,20500,20500.0,25.041040402788894,0.000913937808945775,0.01339846850993517,0.01,10.68,0.072,0.0,0.0,0.003,0.0,0.0,0.013,0.0,0.0,0.002,428.2208626551011,0.05675620958209038,0.07910487592405772,0.09,184.59,0.149,0.0,0.0,0.006,0.0,0.0,0.004,0.0,0.0,0.002
22,0,-21000,21000.0,10936.897785107922,3.051077365875244,0.09921221772009228,0.26,375.3,0.139,0.0,3.76,0.003,0.44,984.0,0.192,0.0,3.76,0.003,34.182151135270544,0.0010781923774629831,0.011764464632316939,0.01,14.24,0.061,0.0,0.0,0.003,0.0,0.0,0.002,0.0,0.0,0.001
22,0,-20500,20500.0,11657.382802392145,3.0582029819488525,0.10153064174712287,0.15,200.2,0.148,0.0,3.76,0.004,0.56,1197.2,0.199,0.0,3.76,0.004,31.274980142376307,0.0007198461098596454,0.010668612023918424,0.01,17.8,0.069,0.0,0.0,0.005,0.0,0.0,0.003,0.0,0.0,0.002
22,0,-20000,20000.0,12099.188008503263,3.0008909702301025,0.10348222878009573,0.14,198.8,0.148,0.0,5.64,0.004,0.6,1344.8,0.2,0.0,5.64,0.004,28.033448733451394,0.0005815783515572548,0.009813249021420355,0.01,10.68,0.049,0.0,0.0,0.005,0.0,0.0,0.002,0.0,0.0,0.002
22,0,-19500,19500.0,12284.528088466925,2.9233102798461914,0.1039260800373081,0.17,277.38,0.138,0.0,5.64,0.004,0.6,1451.4,0.203,0.0,5.64,0.004,28.373825499871685,0.0006041718297637999,0.01008106900228145,0.01,6.02,0.03,0.0,0.0,0.004,0.0,0.0,0.002,0.0,0.0,0.002
22,0,-19000,19000.0,12315.60648766061,2.8456456661224365,0.10384585258331464,0.11,196.0,0.149,0.0,5.64,0.004,0.53,1443.2,0.203,0.0,5.64,0.004,26.71603161195435,0.0007043137447908521,0.00897023751771468,0.0,0.0,0.004,0.0,0.0,0.004,0.0,0.0,0.001,0.0,0.0,0.002
22,0,-18500,18500.0,12339.907580142135,2.8305771350860596,0.10367581482777041,0.2,537.66,0.211,0.0,5.64,0.004,0.44,1426.8,0.203,0.0,5.64,0.004,30.01034690877873,0.0009425707394257188,0.009272681361941532,0.0,0.0,0.003,0.0,0.0,0.003,0.0,0.0,0.001,0.0,0.0,0.001
22,0,-18000,18000.0,12388.170615992003,3.0177805423736572,0.10208074334416707,0.26,516.2,0.138,0.0,5.64,0.004,0.43,1410.4,0.203,0.0,5.64,0.004,47.76496786512041,0.002005873480811715,0.011973023246894383,0.01,14.24,0.066,0.0,0.0,0.003,0.0,0.0,0.001,0.0,0.0,0.001
22,0,-17500,17500.0,12664.6146318377,3.324453115463257,0.10151861101425386,0.3,566.04,0.139,0.0,5.64,0.004,0.47,1410.4,0.205,0.0,5.64,0.004,86.68241813102213,0.004891479387879372,0.01743261902961781,0.01,21.36,0.084,0.0,0.0,0.003,0.0,0.0,0.001,0.0,0.0,0.001
22,0,-17000,17000.0,13224.486707030746,3.757380485534668,0.10307073493212657,0.38,637.24,0.142,0.0,5.64,0.004,0.51,1418.6,0.208,0.0,5.64,0.004,186.98850751615268,0.01516595296561718,0.02659318534112415,0.03,46.28,0.11,0.0,0.0,0.003,0.0,0.0,0.001,0.0,0.0,0.001
22,0,-16500,16500.0,13738.31415844144,4.116840839385986,0.10475082319205925,0.42,683.52,0.143,0.0,5.64,0.004,0.55,1451.4,0.212,0.0,5.64,0.004,357.16831750217966,0.03846590593457222,0.036812446175715205,0.04,60.52000000000001,0.118,0.0,0.0,0.002,0.0,0.0,0.001,0.0,0.0,0.001
22,0,-16000,16000.0,14053.365660603828,4.324840068817139,0.10786432425144536,0.33,533.6,0.145,0.0,5.64,0.004,0.57,1443.2,0.213,0.0,5.64,0.004,672.451902861954,0.09189194440841675,0.04899535254277378,0.05,81.88,0.125,0.0,0.0,0.002,0.0,0.0,0.003,0.0,0.0,0.001
22,0,-15500,15500.0,14342.658712460154,4.440395355224609,0.1118120226675359,0.33,539.4,0.146,0.0,5.64,0.004,0.59,1451.4,0.214,0.0,5.64,0.004,1139.107153973515,0.18424561619758606,0.06136338502951637,0.05,71.5,0.083,0.0,0.0,0.003,0.0,0.0,0.007,0.0,0.0,0.001
22,0,-15000,15000.0,14374.522943222646,4.510976791381836,0.11729185149740876,0.62,1077.58,0.143,0.0,5.64,0.004,0.67,1631.8,0.219,0.0,5.64,0.004,1783.197758752101,0.341184139251709,0.07896298608577447,0.09,89.9,0.137,0.0,0.0,0.003,0.0,8.2,0.028,0.0,0.0,0.002
22,0,-14500,14500.0,13888.259561992345,4.370391845703125,0.12132164614476372,0.21,353.76,0.146,0.0,7.52,0.004,0.73,1812.2,0.223,0.0,7.52,0.004,2322.214612270707,0.48118430376052856,0.08979902582660096,0.09,93.98,0.141,0.0,0.0,0.006,0.01,16.4,0.053,0.0,0.0,0.003
22,0,-14000,14000.0,12451.757594889279,3.7622241973876953,0.12106217618806764,0.19,339.69,0.146,0.0,7.6,0.019,0.73,1845.0,0.225,0.0,7.52,0.004,2718.293819320857,0.6111922860145569,0.10261644417287727,0.15,124.7,0.142,0.0,0.0,0.006,0.03,65.6,0.103,0.0,0.0,0.003
22,0,-13500,13500.0,10785.322957283313,3.0174245834350586,0.11899980827633015,0.28,639.63,0.225,0.0,7.6,0.019,0.71,1836.8000000000002,0.226,0.0,7.52,0.004,2883.5168331212963,0.6799691319465637,0.11328693819971423,0.15,127.6,0.142,0.0,3.59,0.007,0.05,131.2,0.135,0.0,0.0,0.003
22,0,-13000,13000.0,9059.031843400393,2.447261333465576,0.11602580041293849,0.29,611.82,0.226,0.0,7.6,0.018,0.69,1754.8,0.226,0.0,7.52,0.004,2612.9217687210203,0.6359906196594238,0.11576654970676695,0.06,56.0,0.15,0.0,3.59,0.007,0.12,287.0,0.17,0.0,0.0,0.003
22,0,-12500,12500.0,7510.858416772759,1.9231237173080444,0.11258746813905463,0.68,1664.5999999999997,0.226,0.0,7.6,0.018,0.68,1664.5999999999997,0.226,0.0,7.52,0.004,2220.3193430559622,0.5418641567230225,0.11452150369210537,0.1,86.43,0.142,0.0,3.11,0.018,0.2,442.80000000000007,0.187,0.0,1.88,0.004
22,0,-12000,12000.0,6080.769258713521,1.5894443988800049,0.10502677901159775,0.47,1221.8,0.218,0.0,7.52,0.004,0.47,1221.8,0.218,0.0,7.52,0.004,1688.4335334504954,0.38682225346565247,0.11111064716101765,0.14,200.85,0.201,0.0,2.9,0.037,0.23,475.59999999999997,0.188,0.0,1.88,0.004
22,0,-11500,11500.0,5155.838114130301,1.373144507408142,0.10198973734684316,0.38,694.41,0.172,0.0,3.76,0.004,0.29,828.2,0.206,0.0,3.76,0.004,1095.1914871911185,0.22731761634349823,0.09981244798737403,0.22,475.59999999999997,0.186,0.0,0.0,0.014,0.22,475.59999999999997,0.186,0.0,1.88,0.004
22,0,-11000,11000.0,4654.538379915717,1.2377763986587524,0.09641632086773119,0.36,641.67,0.169,0.0,3.76,0.004,0.23,672.4,0.198,0.0,3.76,0.004,491.68921455420787,0.08762259036302567,0.0713521087940854,0.11,262.4,0.157,0.0,0.0,0.011,0.11,262.4,0.157,0.0,1.88,0.004
22,0,-10500,10500.0,4372.8934195616675,1.1648149490356445,0.09339208489573556,0.14,231.75,0.201,0.0,1.88,0.004,0.19,565.8,0.19,0.0,1.88,0.004,147.94619508668347,0.02151425927877426,0.04319747717393764,0.03,65.6,0.094,0.0,3.59,0.007,0.03,65.6,0.094,0.0,0.0,0.003
22,0,-10000,10000.0,4288.642362360841,1.168086290359497,0.09168847408030191,0.18,234.84,0.201,0.0,1.88,0.004,0.22,541.2,0.187,0.0,1.88,0.004,34.227683126857755,0.00271207676269114,0.014702833502806652,0.01,16.4,0.041,0.0,3.59,0.007,0.01,16.4,0.041,0.0,0.0,0.003
22,0,-9500,9500.0,4305.07140493174,1.1906131505966187,0.09193473446003685,0.19,237.93,0.201,0.0,7.18,0.007,0.26,549.4,0.187,0.0,1.88,0.003,33.35613177056729,0.0012812796048820019,0.018178442146947978,0.01,8.58,0.055,0.0,0.0,0.002,0.0,0.0,0.004,0.0,0.0,0.002
22,0,-9000,9000.0,4353.388897489066,1.2122280597686768,0.09233686805829702,0.21,244.11,0.201,0.0,7.18,0.007,0.29,557.6,0.188,0.0,1.88,0.003,77.98992682178039,0.004924915265291929,0.0316340142566434,0.01,8.58,0.058,0.0,0.0,0.002,0.0,0.0,0.001,0.0,0.0,0.001
22,0,-8500,8500.0,4416.213790461215,1.2118815183639526,0.09327549539317287,0.25,231.4,0.134,0.0,7.18,0.007,0.31,574.0,0.189,0.0,1.88,0.003,170.68057834150068,0.014963461086153984,0.04707989842814969,0.02,31.46,0.08,0.0,0.0,0.001,0.0,0.0,0.001,0.0,0.0,0.001
22,0,-8000,8000.0,4484.3290366652545,1.2636542320251465,0.09489152234864001,0.23,179.8,0.137,0.0,7.18,0.007,0.33,598.6,0.19,0.0,1.88,0.003,316.4210942552927,0.03537387773394585,0.058505931626155465,0.03,34.32,0.081,0.0,0.0,0.001,0.0,0.0,0.001,0.0,0.0,0.001
22,0,-7500,7500.0,4464.687443884457,1.2533403635025024,0.09536741327172515,0.23,182.7,0.138,0.0,1.88,0.004,0.32,590.4,0.189,0.0,1.88,0.004,504.9960542235169,0.06961143016815186,0.0681869647298302,0.04,51.48,0.086,0.0,0.0,0.001,0.0,0.0,0.003,0.0,0.0,0.001
22,0,-7000,7000.0,4360.587661654161,1.1654951572418213,0.09581041316880298,0.2,165.3,0.139,0.0,1.88,0.004,0.28,549.4,0.187,0.0,1.88,0.004,713.716566253629,0.11383640766143799,0.08004113751191934,0.04,51.48,0.087,0.0,0.0,0.001,0.0,0.0,0.018,0.0,0.0,0.001
22,0,-6500,6500.0,4177.220889864437,1.0515408515930176,0.09524034808350448,0.14,112.56000000000002,0.137,0.0,1.88,0.004,0.23,483.8,0.182,0.0,1.88,0.004,868.3170830736572,0.15062940120697021,0.0879966676332301,0.1,184.08,0.12,0.0,0.0,0.001,0.01,16.4,0.053,0.0,0.0,0.001
22,0,-6000,6000.0,3957.1150154743727,0.9168576598167419,0.09473986695991268,0.13,108.54,0.137,0.0,7.6,0.019,0.2,442.80000000000007,0.181,0.0,1.88,0.004,940.8137853221092,0.16734474897384644,0.09481666525184419,0.05,86.52000000000001,0.192,0.0,0.0,0.001,0.02,65.6,0.111,0.0,0.0,0.002
22,0,-5500,5500.0,3707.9121258056193,0.8027575016021729,0.09369123556682799,0.12,100.5,0.137,0.0,7.6,0.019,0.18,418.2,0.181,0.0,1.88,0.004,957.3582025994256,0.17692598700523376,0.10086944845934687,0.08,114.33,0.203,0.0,0.0,0.005,0.05,139.4,0.152,0.0,0.0,0.003
22,0,-5000,5000.0,3436.8132663660717,0.6865865588188171,0.09096877967396587,0.11,96.48,0.136,0.0,1.88,0.004,0.17,401.8,0.181,0.0,1.88,0.004,867.804332646665,0.16204506158828735,0.0984665132218388,0.1,145.23,0.211,0.0,0.0,0.005,0.09,229.60000000000002,0.175,0.0,0.0,0.003
22,0,-4500,4500.0,3216.2113402719533,0.566978394985199,0.08869257978043169,0.08,88.44,0.133,0.0,1.88,0.004,0.17,393.6,0.181,0.0,1.88,0.004,737.8993867881945,0.1383090317249298,0.09139563544799569,0.07,111.24,0.203,0.0,3.59,0.007,0.13,295.2,0.188,0.0,0.0,0.004
22,0,-4000,4000.0,3012.1853820860424,0.4960823059082031,0.08448178156357844,0.15,163.2,0.12,0.0,1.88,0.004,0.15,385.4,0.178,0.0,1.88,0.004,537.7761674011708,0.08697153627872467,0.07449929599026762,0.05,77.25,0.191,0.0,3.59,0.007,0.11,254.2,0.18,0.0,1.88,0.004
22,0,-3500,3500.0,2860.7580559989833,0.48105013370513916,0.08101122518216834,0.11,160.2,0.121,0.0,1.88,0.004,0.13,369.0,0.174,0.0,1.88,0.004,334.4940463073726,0.042287226766347885,0.05191677458456361,0.07,172.2,0.164,0.0,3.59,0.007,0.07,172.2,0.164,0.0,0.0,0.004
22,0,-3000,3000.0,2767.0047859139722,0.5121882557868958,0.0777221922967976,0.14,188.68,0.125,0.0,1.88,0.004,0.09,319.8,0.165,0.0,1.88,0.004,223.6073080151982,0.011509078554809093,0.03587788065205032,0.04,46.28,0.113,0.0,3.59,0.007,0.03,73.8,0.121,0.0,0.0,0.004
22,0,-2500,2500.0,2766.031089326648,0.5572283267974854,0.07632909115979518,0.16,206.48,0.127,0.0,1.88,0.003,0.09,278.8,0.154,0.0,1.88,0.003,250.13130872830516,0.014570815488696098,0.038627657664328505,0.04,49.84000000000001,0.115,0.0,0.0,0.004,0.0,8.2,0.028,0.0,0.0,0.003
22,0,-2000,2000.0,2935.112003499166,0.652186393737793,0.07676774212096497,0.13,136.3,0.128,0.0,1.88,0.003,0.09,246.0,0.145,0.0,1.88,0.003,410.5524136024542,0.02576148882508278,0.0540462328096916,0.04,37.7,0.124,0.0,0.0,0.004,0.0,0.0,0.005,0.0,0.0,0.003
22,0,-1500,1500.0,3258.351228499123,0.7813774347305298,0.07944136240451602,0.13,139.2,0.128,0.0,7.18,0.007,0.09,229.60000000000002,0.14,0.0,1.88,0.003,610.2255686761296,0.038570333272218704,0.06730429123704537,0.04,40.040000000000006,0.079,0.0,0.0,0.004,0.0,0.0,0.001,0.0,0.0,0.001
22,0,-1000,1000.0,3751.202757779538,0.9513055086135864,0.08216224589846308,0.16,206.48,0.129,0.0,7.18,0.007,0.1,246.0,0.143,0.0,1.88,0.003,792.9040782324591,0.05965638533234596,0.07715888729106227,0.04,42.9,0.08,0.0,0.0,0.004,0.0,0.0,0.012,0.0,0.0,0.001
22,0,-500,500.0,4338.890188406276,1.146684169769287,0.08504110826912023,0.16,217.16,0.131,0.0,1.88,0.003,0.11,254.2,0.145,0.0,1.88,0.003,908.9602018300866,0.07980124652385712,0.08231489429368863,0.03,22.11,0.121,0.0,0.0,0.007,0.0,8.2,0.024,0.0,0.0,0.003
22,0,0,0.0,5085.198719137134,1.4883815050125122,0.08987573596145582,0.19,259.88,0.134,0.0,1.88,0.003,0.13,295.2,0.155,0.0,1.88,0.003,892.8348610414218,0.08172625303268433,0.08294818840060324,0.04,34.32,0.074,0.0,0.0,0.007,0.01,16.4,0.045,0.0,0.0,0.003
22,0,500,500.0,5806.435102565025,1.8001519441604614,0.09358508901324646,0.2,284.8,0.136,0.0,1.88,0.003,0.16,336.2,0.164,0.0,1.88,0.003,802.3388077907612,0.07849126309156418,0.0812701336059597,0.05,67.98,0.164,0.0,3.59,0.007,0.01,49.2,0.077,0.0,0.0,0.003
22,0,1000,1000.0,6566.931826344218,2.0818426609039307,0.09909996035385152,0.16,252.3,0.14,0.0,1.88,0.003,0.19,426.4,0.177,0.0,1.88,0.003,637.7084596416807,0.0649038776755333,0.07582255530999506,0.09,105.06000000000002,0.185,0.0,3.59,0.007,0.03,98.4,0.109,0.0,0.0,0.003
22,0,1500,1500.0,7283.28744994157,2.3081390857696533,0.10373995825520994,0.15,245.7,0.144,0.0,1.88,0.003,0.24,533.0,0.189,0.0,1.88,0.003,514.5487934943915,0.059603914618492126,0.07343004347451111,0.08,95.79,0.179,0.0,3.59,0.007,0.07,172.2,0.138,0.0,0.0,0.004
22,0,2000,2000.0,7858.570615420284,2.445188045501709,0.10814530253542243,0.19,234.9,0.144,0.0,1.88,0.004,0.3,713.4,0.202,0.0,1.88,0.004,363.3463524149448,0.04324762150645256,0.06463612976385402,0.08,86.52000000000001,0.173,0.0,3.59,0.007,0.07,164.0,0.137,0.0,0.0,0.004
22,0,2500,2500.0,8207.72043553854,2.543128728866577,0.11041016951485152,0.19,223.52,0.146,0.0,3.76,0.004,0.37,893.8000000000001,0.212,0.0,3.76,0.004,221.39727642939988,0.026112210005521774,0.051317905690372666,0.03,40.17,0.135,0.0,0.0,0.006,0.07,147.6,0.13,0.0,0.0,0.003
22,0,3000,3000.0,8255.90959482324,2.526543140411377,0.11230269599280752,0.26,407.88,0.222,0.0,3.76,0.004,0.46,1000.4,0.216,0.0,3.76,0.004,96.64607758811599,0.009105486795306206,0.027560750916049644,0.03,73.8,0.094,0.0,0.0,0.006,0.03,73.8,0.094,0.0,0.0,0.003
22,0,3500,3500.0,8067.376130562107,2.458935260772705,0.11245458747263586,0.31,410.97,0.221,0.0,3.76,0.004,0.55,1082.4,0.219,0.0,3.76,0.004,33.17529083813042,0.001162249594926834,0.011843975694936438,0.01,10.68,0.075,0.0,0.0,0.003,0.0,8.2,0.017,0.0,0.0,0.002
22,0,4000,4000.0,7645.056843675346,2.261287212371826,0.11137063795316343,0.37,410.97,0.222,0.0,3.76,0.004,0.62,1074.2,0.218,0.0,3.76,0.004,43.186753701309044,0.0021369336172938347,0.01510461385484995,0.01,5.8,0.076,0.0,0.0,0.003,0.0,0.0,0.006,0.0,0.0,0.002
22,0,4500,4500.0,7236.584196176938,2.023568630218506,0.11051350383434988,0.37,398.61,0.221,0.0,3.76,0.004,0.68,1074.2,0.218,0.0,3.76,0.004,59.45870499406496,0.003331121988594532,0.01961484633865048,0.01,8.7,0.078,0.0,0.0,0.003,0.0,0.0,0.002,0.0,0.0,0.001
22,0,5000,5000.0,6806.844704992025,1.7256711721420288,0.10899977165101271,0.37,389.34,0.221,0.0,3.76,0.004,0.68,1041.4,0.218,0.0,3.76,0.004,82.8526664022803,0.005491766147315502,0.02478752451601935,0.01,17.4,0.099,0.0,0.0,0.003,0.0,0.0,0.002,0.0,0.0,0.001
22,0,5500,5500.0,6383.883153149569,1.5423542261123657,0.1074482628510856,0.3,346.08000000000004,0.219,0.0,3.76,0.004,0.65,1008.6,0.217,0.0,3.76,0.004,109.6659513872396,0.00839356891810894,0.029682684292274393,0.01,17.4,0.1,0.0,0.0,0.005,0.0,0.0,0.001,0.0,0.0,0.001
22,0,6000,6000.0,5950.411693851605,1.379419207572937,0.10564085305792935,0.1,96.59999999999998,0.15,0.0,3.76,0.004,0.51,902.0000000000001,0.214,0.0,3.76,0.004,140.99893094780782,0.012078903615474701,0.03507751471288209,0.02,20.300000000000004,0.104,0.0,0.0,0.005,0.0,0.0,0.001,0.0,0.0,0.001
22,0,6500,6500.0,5596.2490999865,1.3488694429397583,0.1049153194151286,0.17,284.28,0.214,0.0,3.76,0.004,0.37,795.4,0.21,0.0,3.76,0.004,170.0322435573355,0.015926294028759003,0.03851248169203303,0.02,20.300000000000004,0.104,0.0,0.0,0.006,0.0,0.0,0.001,0.0,0.0,0.002
22,0,7000,7000.0,5315.175261698807,1.3102786540985107,0.10509370256788914,0.14,265.74,0.212,0.0,3.76,0.004,0.3,746.2,0.208,0.0,3.76,0.004,192.85037710003508,0.017548615112900734,0.03872316984680755,0.01,8.7,0.09,0.0,0.0,0.006,0.0,0.0,0.003,0.0,0.0,0.002
22,0,7500,7500.0,5028.60228989988,1.2501009702682495,0.10549249388578275,0.13,253.37999999999997,0.21,0.0,3.76,0.004,0.27,697.0,0.206,0.0,3.76,0.004,230.3151752142128,0.018755868077278137,0.03992298640646176,0.01,8.7,0.09,0.0,0.0,0.006,0.0,0.0,0.005,0.0,0.0,0.002
22,0,8000,8000.0,4685.510452637269,1.161185383796692,0.10496593127813383,0.12,237.93,0.208,0.0,6.08,0.018,0.26,664.2,0.204,0.0,3.76,0.004,305.5490499795354,0.01739739440381527,0.043229240158931204,0.01,3.04,0.02,0.0,0.0,0.006,0.0,0.0,0.012,0.0,0.0,0.002
22,0,8500,8500.0,4315.027052188547,1.0654222965240479,0.10409992122837279,0.12,231.75,0.206,0.0,6.08,0.018,0.26,631.4,0.202,0.0,1.88,0.004,377.2085141211292,0.015221871435642242,0.04448238387025379,0.01,5.6,0.085,0.0,0.0,0.006,0.0,0.0,0.018,0.0,0.0,0.003
22,0,9000,9000.0,3899.9251600277516,0.9276055097579956,0.10068916575108501,0.12,222.48,0.204,0.0,7.6,0.019,0.26,598.6,0.2,0.0,1.88,0.004,428.3493645033417,0.0171087384223938,0.042985493916459845,0.01,5.6,0.082,0.0,0.0,0.006,0.0,8.2,0.024,0.0,0.0,0.003
22,0,9500,9500.0,3534.1642042398184,0.7811331748962402,0.09728915651516079,0.11,200.85,0.201,0.0,7.6,0.019,0.25,574.0,0.197,0.0,1.88,0.004,486.97771903659657,0.020328199490904808,0.0420987105306484,0.01,5.6,0.077,0.0,0.0,0.006,0.01,8.2,0.03,0.0,0.0,0.003
22,0,10000,10000.0,3232.4606991780465,0.638793408870697,0.09180491307674463,0.1,179.22,0.197,0.0,1.88,0.004,0.22,516.6,0.193,0.0,1.88,0.004,586.0589607473628,0.02730409801006317,0.04491150105915807,0.04,37.7,0.115,0.0,0.0,0.006,0.01,8.2,0.029,0.0,0.0,0.003
22,0,10500,10500.0,3057.0499236090927,0.5411825776100159,0.08822519590052055,0.08,157.59,0.192,0.0,1.88,0.004,0.19,459.20000000000005,0.187,0.0,1.88,0.004,752.4256118545132,0.04985931143164635,0.05141434516970126,0.04,40.60000000000001,0.117,0.0,0.0,0.006,0.01,16.4,0.032,0.0,0.0,0.003
22,0,11000,11000.0,2996.2384315840377,0.5098809003829956,0.08563649960270625,0.04,56.28000000000001,0.123,0.0,9.12,0.019,0.15,385.4,0.18,0.0,1.88,0.003,953.455750088289,0.07307951897382736,0.06091957961062073,0.04,37.7,0.108,0.0,0.0,0.006,0.01,16.4,0.033,0.0,0.0,0.003
22,0,11500,11500.0,3024.20536525476,0.5532072186470032,0.08516787143165695,0.09,181.56,0.126,0.0,7.18,0.007,0.11,328.0,0.171,0.0,1.88,0.003,1111.370280971832,0.09032856673002243,0.06880521507816752,0.03,28.140000000000004,0.108,0.0,0.0,0.006,0.01,41.0,0.05,0.0,0.0,0.003
22,0,12000,12000.0,3174.5021483313385,0.6407051086425781,0.0893565895576584,0.07,136.3,0.129,0.0,7.18,0.007,0.1,311.6,0.169,0.0,1.88,0.003,1180.244704050773,0.09433623403310776,0.07615106266669176,0.03,28.140000000000004,0.108,0.0,0.0,0.006,0.01,82.0,0.076,0.0,0.0,0.003
22,0,12500,12500.0,3288.5832438693697,0.7167052030563354,0.09372175126354625,0.07,139.2,0.13,0.0,3.59,0.007,0.09,303.4,0.169,0.0,1.88,0.003,1172.0109803692026,0.11848609149456024,0.08208975627673183,0.04,58.42,0.125,0.0,3.59,0.007,0.02,123.0,0.1,0.0,0.0,0.003
22,0,13000,13000.0,3304.854783114038,0.7320573925971985,0.09683885087902426,0.04,74.82,0.124,0.0,3.59,0.007,0.1,344.4,0.174,0.0,1.88,0.003,1052.1575982132958,0.12405156344175339,0.08609969192335748,0.04,63.94,0.123,0.0,3.59,0.007,0.03,180.4,0.122,0.0,0.0,0.003
22,0,13500,13500.0,3233.8617553132426,0.7147353291511536,0.0985557047713235,0.05,92.46,0.13,0.0,7.18,0.007,0.11,377.2,0.179,0.0,1.88,0.003,881.9540157208394,0.11655362695455551,0.08782923646217493,0.03,35.0,0.134,0.0,3.59,0.007,0.05,221.40000000000003,0.137,0.0,1.88,0.004
22,0,14000,14000.0,3019.896874612243,0.6371762156486511,0.09354772462980702,0.08,182.31,0.199,0.0,7.18,0.007,0.14,434.6,0.185,0.0,1.88,0.003,618.6682448056672,0.08758093416690826,0.08170765600446343,0.02,29.4,0.131,0.0,3.59,0.007,0.05,188.6,0.132,0.0,1.88,0.004
22,0,14500,14500.0,2794.2446654227033,0.5455529093742371,0.08678223464988306,0.07,157.59,0.194,0.0,7.18,0.007,0.17,467.3999999999999,0.189,0.0,1.88,0.004,377.31271175034635,0.05129346251487732,0.07301225381178908,0.01,9.800000000000002,0.111,0.0,3.59,0.007,0.04,131.2,0.124,0.0,1.88,0.004
22,0,15000,15000.0,2652.8455999929633,0.5040753483772278,0.08114405338018969,0.06,132.87,0.187,0.0,7.18,0.007,0.15,410.0,0.183,0.0,1.88,0.004,171.9254961457409,0.02110496163368225,0.05138574228445742,0.01,10.05,0.095,0.0,3.59,0.007,0.02,57.400000000000006,0.091,0.0,1.88,0.004
22,0,15500,15500.0,2716.110854300159,0.5690168142318726,0.0793955444038297,0.08,94.38,0.087,0.0,7.18,0.007,0.12,344.4,0.175,0.0,1.88,0.003,57.692015053669365,0.00770222395658493,0.0332344754557074,0.02,37.16,0.065,0.0,0.0,0.007,0.01,16.4,0.053,0.0,0.0,0.003
22,0,16000,16000.0,3116.5024689873258,0.7899795770645142,0.08717192262538026,0.13,153.9,0.141,0.0,7.18,0.007,0.08,246.0,0.16,0.0,1.88,0.003,7.341338166877165,0.00036411956534720957,0.007058869379174017,0.0,0.0,0.007,0.0,0.0,0.007,0.0,0.0,0.014,0.0,0.0,0.003
22,0,16500,16500.0,3611.2826105176596,0.985430896282196,0.09700485663673716,0.13,147.32,0.143,0.0,3.59,0.006,0.05,172.2,0.143,0.0,1.88,0.003,0.28471489902131,6.234385182324331e-06,0.0005007630505304188,0.0,0.0,0.002,0.0,0.0,0.002,0.0,0.0,0.001,0.0,0.0,0.002
22,0,17000,17000.0,4067.4368915976656,1.2109655141830444,0.10622432702436012,0.14,161.24,0.142,0.0,3.59,0.006,0.08,221.40000000000003,0.158,0.0,0.0,0.003,0.09092711585481084,2.9292145882209297e-06,0.00016455359711752037,0.0,0.0,0.002,0.0,0.0,0.002,0.0,0.0,0.001,0.0,0.0,0.001
22,0,17500,17500.0,4285.814031250851,1.2751643657684326,0.11248149534017247,0.08,85.4,0.15,0.0,3.59,0.007,0.12,295.2,0.173,0.0,1.88,0.003,0.05089055685232324,8.092490588751389e-07,8.808793363690158e-05,0.0,0.0,0.001,0.0,0.0,0.001,0.0,0.0,0.0,0.0,0.0,0.001
22,0,18000,18000.0,4114.600333952486,1.1311540603637695,0.11256932070688092,0.22,268.83,0.217,0.0,3.59,0.007,0.24,483.8,0.197,0.0,1.88,0.003,0.06909233594427633,9.557638804835733e-07,0.00010853470283126668,0.0,0.0,0.001,0.0,0.0,0.001,0.0,0.0,0.0,0.0,0.0,0.0
22,0,18500,18500.0,3754.3275152692204,0.9522449374198914,0.10835582997219326,0.22,268.83,0.218,0.0,1.88,0.004,0.37,672.4,0.209,0.0,1.88,0.004,0.040615116916598026,4.2122992454096675e-06,5.860182318209199e-05,0.0,0.0,0.0,0.0,0.0,0.0,0.0,0.0,0.0,0.0,0.0,0.0
22,0,19000,19000.0,3247.321381397924,0.7669267058372498,0.1042448846539085,0.23,268.83,0.218,0.0,4.56,0.019,0.38,672.4,0.21,0.0,1.88,0.004,0.07207065352190511,4.2156239032919984e-06,9.325251914912452e-05,0.0,0.0,0.0,0.0,0.0,0.0,0.0,0.0,0.0,0.0,0.0,0.0
22,0,19500,19500.0,2767.398586776264,0.5843972563743591,0.09957924540974522,0.16,194.67,0.209,0.0,4.56,0.019,0.38,656.0,0.209,0.0,1.88,0.004,0.9705081622676914,1.2127657100791112e-05,0.0011388293494991155,0.0,0.0,0.001,0.0,0.0,0.001,0.0,0.0,0.0,0.0,0.0,0.0
22,0,20000,20000.0,2321.107170158699,0.47652342915534973,0.09248359078945104,0.24,467.3999999999999,0.196,0.0,4.56,0.02,0.24,467.3999999999999,0.196,0.0,1.88,0.004,1.0410077258114825,1.1923410056624562e-05,0.0009916628317545324,0.0,0.0,0.001,0.0,0.0,0.001,0.0,0.0,0.0,0.0,0.0,0.0
22,0,20500,20500.0,2068.1868895911043,0.41985374689102173,0.09057730867753555,0.08,108.15,0.188,0.0,3.59,0.007,0.13,287.0,0.173,0.0,1.88,0.004,1.7646348333393291,4.899182022199966e-05,0.001358437564847003,0.0,0.0,0.001,0.0,0.0,0.001,0.0,0.0,0.001,0.0,0.0,0.001
23,0,-21000,21000.0,22996.4583370951,1.451005458831787,0.09834433006867477,0.18,571.3,0.125,0.09,318.78,0.011,0.3,3649.0,0.202,0.01,28.2,0.006,16952.88822753928,2.1518940925598145,0.09552662884531556,0.21,905.37,0.205,0.0,9.4,0.004,0.43,2337.0,0.2,0.0,9.4,0.004
23,0,-20500,20500.0,21253.483982550097,1.5137559175491333,0.09581620730432988,0.18,568.4,0.126,0.0,15.04,0.004,0.25,2935.6,0.191,0.0,15.04,0.004,15846.36417989085,1.758858323097229,0.09146064636078985,0.2,722.6799999999998,0.126,0.0,11.28,0.004,0.4,2386.2,0.199,0.0,11.28,0.004
23,0,-20000,20000.0,20685.051525456947,1.5021418333053589,0.09416290970037997,0.17,571.3,0.124,0.0,13.160000000000002,0.004,0.25,2591.2,0.187,0.0,13.160000000000002,0.004,15004.010821872129,1.3335018157958984,0.08733108743755039,0.26,783.2000000000002,0.127,0.0,11.28,0.004,0.38,2140.2,0.191,0.0,11.28,0.004
23,0,-19500,19500.0,20732.497977869207,1.4450677633285522,0.0941549965765683,0.12,393.96,0.127,0.0,11.28,0.004,0.28,2353.4,0.186,0.0,11.28,0.004,14663.273425791158,1.0210341215133667,0.08500659086343583,0.3,840.16,0.129,0.0,9.4,0.004,0.37,1918.7999999999997,0.184,0.0,9.4,0.004
23,0,-19000,19000.0,21426.440350322082,1.3007060289382935,0.09338336647127841,0.12,395.97,0.126,0.0,11.28,0.004,0.29,2328.8,0.186,0.0,11.28,0.004,15084.536507359098,1.2036439180374146,0.08523380293929081,0.2,649.6000000000001,0.132,0.0,9.4,0.003,0.26,1582.6,0.174,0.0,9.4,0.003
23,0,-18500,18500.0,22895.863365076002,1.3294450044631958,0.09500545016140147,0.12,404.00999999999993,0.126,0.0,9.4,0.004,0.3,2369.8,0.188,0.0,9.4,0.004,16118.761465953321,1.6037211418151855,0.0876637474810191,0.21,661.2,0.132,0.0,25.130000000000003,0.007,0.18,1295.6,0.164,0.0,7.52,0.003
23,0,-18000,18000.0,25004.789656414505,1.7020063400268555,0.096826543677171,0.34,1495.2,0.164,0.0,9.4,0.004,0.28,2451.8,0.189,0.0,9.4,0.004,17868.547664875405,1.994148850440979,0.09149037233919309,0.22,739.5,0.139,0.0,25.130000000000003,0.007,0.13,1328.4,0.167,0.0,5.64,0.003
23,0,-17500,17500.0,27889.955113625183,2.162757635116577,0.10048274944386604,0.35,1790.68,0.178,0.0,11.28,0.004,0.26,2542.0,0.191,0.0,11.28,0.004,19850.33670711564,2.3499765396118164,0.09550508695797526,0.22,748.2,0.14,0.0,28.72,0.007,0.17,1418.6,0.174,0.0,5.64,0.003
23,0,-17000,17000.0,32040.729397986433,3.251298427581787,0.10775002842725247,0.3,1169.1,0.172,0.0,11.28,0.004,0.21,2583.0,0.19,0.0,11.28,0.004,21760.484605936563,2.5350141525268555,0.09882274937184472,0.2,706.12,0.142,0.0,28.72,0.007,0.2,1738.4,0.185,0.0,7.52,0.003
23,0,-16500,16500.0,36716.639174177,4.224975109100342,0.11566487762474012,0.3,1115.06,0.174,0.0,11.28,0.004,0.24,2665.0,0.191,0.0,11.28,0.004,23153.242194341008,2.573657512664795,0.10008767726378656,0.11,375.2,0.15,0.0,9.4,0.003,0.3,2041.8000000000002,0.194,0.0,9.4,0.003
23,0,-16000,16000.0,41475.5115319218,4.735487937927246,0.12516033194589712,0.32,1214.86,0.174,0.0,11.28,0.004,0.32,2935.6,0.195,0.0,11.28,0.004,24383.14784523584,2.433858633041382,0.10069626438920017,0.77,3120.45,0.185,0.0,9.4,0.004,0.43,2386.2,0.2,0.0,9.4,0.004
23,0,-15500,15500.0,44996.462257918756,4.854229927062988,0.13199917564849198,0.17,646.8,0.183,0.0,13.160000000000002,0.004,0.4,3214.4,0.199,0.0,13.160000000000002,0.004,25928.135832399537,2.1066744327545166,0.10216289380441755,0.8,3472.05,0.189,0.0,11.28,0.004,0.56,2722.4,0.206,0.0,11.28,0.004
23,0,-15000,15000.0,46330.73207760499,4.776345252990723,0.1369407316187724,0.45,1894.17,0.247,0.0,13.160000000000002,0.004,0.65,4059.0,0.222,0.0,13.160000000000002,0.004,27511.615130438553,1.8628689050674438,0.10331317334157673,0.3,1263.81,0.222,0.0,11.28,0.004,0.53,2878.2,0.206,0.0,11.28,0.004
23,0,-14500,14500.0,45756.251228296605,4.606222152709961,0.1385296039592431,0.43,2141.37,0.26,0.01,24.44,0.005,0.89,4952.8,0.243,0.01,24.44,0.005,29589.30917150992,1.9527108669281006,0.10564263584187017,0.42,1509.44,0.164,0.0,13.160000000000002,0.004,0.55,3140.6,0.211,0.0,13.160000000000002,0.004
23,0,-14000,14000.0,42329.25209686946,3.786003589630127,0.13535980304738168,0.42,2416.38,0.272,0.01,28.2,0.006,0.87,5690.8,0.258,0.01,28.2,0.006,32146.913039314768,2.3906712532043457,0.11008933332693452,0.35,1145.5,0.162,0.0,13.160000000000002,0.004,0.45,2960.2,0.202,0.0,13.160000000000002,0.004
23,0,-13500,13500.0,38116.78738878618,2.9052658081054688,0.1295864458203677,0.37,2230.98,0.263,0.09,336.49,0.012,0.83,6322.2,0.269,0.01,33.84,0.006,34968.39761264673,2.8865773677825928,0.11525840562718383,0.36,1177.4,0.164,0.0,11.28,0.004,0.39,2861.8,0.199,0.0,11.28,0.004
23,0,-13000,13000.0,33132.594349009014,2.128629446029663,0.12155173663688643,0.33,2033.22,0.253,0.08,318.78,0.012,0.69,5928.6,0.261,0.01,35.72,0.007,37799.123801105816,3.5864779949188232,0.12166728895939732,0.4,1342.7,0.175,0.0,11.28,0.004,0.42,3083.2,0.202,0.0,11.28,0.004
23,0,-12500,12500.0,28590.904593904997,1.8722532987594604,0.11359785577959075,0.27,1609.89,0.228,0.08,301.07,0.012,0.58,5395.6,0.251,0.01,31.960000000000004,0.006,40081.33425892702,4.025835037231445,0.12683320515987445,0.41,1354.3,0.175,0.0,13.160000000000002,0.004,0.57,3361.9999999999995,0.206,0.0,13.160000000000002,0.004
23,0,-12000,12000.0,24663.9315556572,1.7521461248397827,0.10519720630793658,0.25,1214.37,0.204,0.07,301.07,0.012,0.45,4198.4,0.223,0.01,30.08,0.006,41136.09636836882,4.739833354949951,0.13137058484382672,0.52,1968.33,0.252,0.0,13.160000000000002,0.004,0.61,4149.2,0.225,0.0,13.160000000000002,0.004
23,0,-11500,11500.0,22277.23049952591,1.6225306987762451,0.10130906752868503,0.22,1146.39,0.202,0.0,16.92,0.004,0.42,3214.4,0.198,0.0,16.92,0.004,41288.86050211376,5.10123348236084,0.13413698983600578,0.2,715.4,0.191,0.08,371.91,0.012,0.83,4985.6,0.244,0.01,22.56,0.005
23,0,-11000,11000.0,21317.91051406067,1.4809715747833252,0.09882579314372177,0.19,1078.41,0.202,0.0,13.160000000000002,0.004,0.36,2902.8,0.194,0.0,13.160000000000002,0.004,39215.82217512514,5.065073013305664,0.13342158381732216,0.46,2122.83,0.258,0.08,318.78,0.012,0.92,5313.6,0.25,0.01,26.320000000000004,0.006
23,0,-10500,10500.0,21212.930539550005,1.3242487907409668,0.09857729464444649,0.19,1062.96,0.202,0.0,11.28,0.004,0.31,2747.0,0.194,0.0,11.28,0.004,35766.81714046377,4.688640117645264,0.1296553500755208,0.39,2036.31,0.252,0.01,30.08,0.006,0.96,5518.6,0.253,0.01,30.08,0.006
23,0,-10000,10000.0,21688.599962380657,1.1871283054351807,0.09782343326027737,0.18,1050.6,0.203,0.0,11.28,0.004,0.28,2689.6,0.196,0.0,11.28,0.004,30860.712341553357,3.7361721992492676,0.12298002128141933,0.43,1965.24,0.249,0.01,30.08,0.006,0.76,5338.2,0.248,0.01,30.08,0.006
23,0,-9500,9500.0,22534.678940718546,1.1905161142349243,0.0982626436179485,0.57,2935.86,0.175,0.0,11.28,0.004,0.28,2665.0,0.198,0.0,11.28,0.004,26460.54620233408,2.819664478302002,0.11758699172181378,0.38,1804.56,0.238,0.09,194.81,0.011,0.88,5116.8,0.244,0.01,28.2,0.006
23,0,-9000,9000.0,23619.550043410214,1.4729427099227905,0.09994110038181213,0.3,872.2000000000002,0.13,0.0,11.28,0.004,0.27,2599.4,0.196,0.0,11.28,0.004,22133.413230772567,1.9460896253585815,0.11176141435018289,0.36,1634.61,0.227,0.0,12.16,0.017,0.71,4485.4,0.228,0.01,28.2,0.006
23,0,-8500,8500.0,24718.48196222967,1.8484044075012207,0.10205241034753426,0.37,961.2000000000002,0.134,0.0,11.28,0.004,0.27,2599.4,0.196,0.0,11.28,0.004,18938.158072167425,1.4119627475738525,0.1099843270100183,0.33,1300.89,0.207,0.0,12.16,0.017,0.65,4001.6,0.215,0.0,18.8,0.004
23,0,-8000,8000.0,25785.794402530177,2.1404550075531006,0.10421575660668925,0.33,896.1,0.147,0.0,11.28,0.004,0.29,2812.6,0.2,0.0,11.28,0.004,15879.084690092714,0.9853015542030334,0.10512796244447882,0.29,1056.78,0.201,0.0,16.92,0.004,0.53,3148.8,0.197,0.0,16.92,0.004
23,0,-7500,7500.0,26902.418041595334,2.3886590003967285,0.10643689967961562,0.34,910.6,0.148,0.0,11.28,0.004,0.4,3058.6,0.204,0.0,11.28,0.004,13363.631986200926,0.8803501129150391,0.10263342706203114,0.13,239.4,0.137,0.0,11.28,0.004,0.45,2558.4,0.189,0.0,11.28,0.004
23,0,-7000,7000.0,27692.626763208624,2.190279483795166,0.10585419365545655,0.43,1402.86,0.221,0.0,11.28,0.004,0.6,3337.4000000000005,0.207,0.0,11.28,0.004,11085.024305479601,0.679741382598877,0.09288398506575861,0.32,812.67,0.196,0.0,9.4,0.004,0.33,2246.8,0.184,0.0,9.4,0.004
23,0,-6500,6500.0,29119.542477135197,2.5083529949188232,0.10701270667947663,0.34,1300.89,0.214,0.0,15.04,0.004,0.76,3624.4,0.215,0.0,15.04,0.004,9504.712350545742,0.48368528485298157,0.08478126296920387,0.23,726.15,0.193,0.0,9.4,0.004,0.47,1984.4,0.183,0.0,9.4,0.004
23,0,-6000,6000.0,31069.034790966158,3.7963294982910156,0.10892307916770126,0.85,2952.12,0.164,0.0,16.92,0.004,0.65,3476.8,0.21,0.0,16.92,0.004,8923.823755186459,0.34452885389328003,0.07671411703172065,0.21,633.45,0.191,0.0,9.4,0.004,0.31,1680.9999999999998,0.179,0.0,9.4,0.004
23,0,-5500,5500.0,33167.19217599048,5.4869465827941895,0.11109836414506426,1.15,3444.14,0.175,0.0,15.04,0.004,0.48,3280.0,0.207,0.0,15.04,0.004,9430.350723306288,0.49978503584861755,0.07529675293900973,0.19,308.88,0.084,0.0,5.64,0.004,0.26,1459.6,0.175,0.0,5.64,0.004
23,0,-5000,5000.0,35895.815259993105,7.222980976104736,0.11600678944876867,0.63,1379.7,0.189,0.0,15.04,0.004,0.33,3124.2,0.204,0.0,15.04,0.004,10886.971171501864,0.915706217288971,0.07769800396186878,0.22,448.2,0.131,0.0,5.64,0.003,0.18,1049.6,0.157,0.0,5.64,0.003
23,0,-4500,4500.0,38493.68208456435,8.310582160949707,0.12104194680889242,0.64,1315.72,0.191,0.0,13.160000000000002,0.004,0.43,3083.2,0.203,0.0,13.160000000000002,0.004,12504.316141530944,1.3092613220214844,0.08107691254896623,0.36,993.24,0.136,0.0,10.77,0.006,0.1,688.8,0.132,0.0,3.76,0.003
23,0,-4000,4000.0,40515.67195199423,10.366090774536133,0.12628497316981596,0.88,1684.9,0.193,0.0,13.160000000000002,0.004,0.74,3435.8000000000006,0.207,0.0,13.160000000000002,0.004,14557.099638535146,1.940922737121582,0.088493051886477,0.4,771.4,0.14,0.0,10.77,0.006,0.09,746.2,0.132,0.0,3.76,0.003
23,0,-3500,3500.0,42095.080269941536,12.212634086608887,0.13115970032049584,0.9,1713.9,0.194,0.0,15.04,0.004,1.09,4214.8,0.23,0.0,15.04,0.004,16507.32870528591,2.1798205375671387,0.095603389461595,0.36,627.38,0.143,0.0,3.76,0.003,0.2,951.1999999999999,0.149,0.0,3.76,0.003
23,0,-3000,3000.0,41820.76019598171,12.339479446411133,0.1327906287421948,0.5,906.54,0.181,0.0,18.8,0.004,1.5,5051.2,0.249,0.0,18.8,0.004,17929.72099595354,2.251237630844116,0.10234095688792604,0.47,855.93,0.207,0.0,3.76,0.003,0.45,1508.8,0.176,0.0,3.76,0.003
23,0,-2500,2500.0,40292.59191725578,11.551834106445312,0.1308946781078128,0.62,1125.6,0.192,0.09,425.04,0.012,1.92,5666.2,0.262,0.02,31.960000000000004,0.007,18642.04465499497,2.245762348175049,0.10627573514179627,0.22,365.4,0.152,0.0,7.52,0.004,0.72,2066.4,0.193,0.0,7.52,0.004
23,0,-2000,2000.0,37247.63738035108,9.446798324584961,0.12551952300616956,1.13,2093.04,0.174,0.09,407.33,0.012,1.88,5395.6,0.256,0.03,33.84,0.007,18098.66447793902,1.7955186367034912,0.10673831159202783,0.49,920.82,0.208,0.05,194.81,0.011,0.83,2345.2,0.198,0.01,9.4,0.004
23,0,-1500,1500.0,33868.55053335603,7.341175556182861,0.11869224412358519,1.71,4887.2,0.246,0.11,407.33,0.012,1.71,4887.2,0.246,0.03,31.960000000000004,0.006,16539.839452668093,1.2128276824951172,0.1030291456801555,0.85,2451.8,0.199,0.05,177.1,0.011,0.85,2451.8,0.199,0.01,11.28,0.004
23,0,-1000,1000.0,30638.759309853776,5.646009922027588,0.1117464331821467,1.4,4173.8,0.229,0.13,407.33,0.012,1.4,4173.8,0.229,0.03,30.08,0.006,14355.037456718856,1.0404967069625854,0.09667827516957493,0.26,766.32,0.199,0.05,194.81,0.011,0.53,2214.0,0.193,0.01,11.28,0.004
23,0,-500,500.0,28360.271070078306,4.4367475509643555,0.1076716737968997,1.15,3591.6,0.214,0.01,22.56,0.005,1.15,3591.6,0.214,0.01,22.56,0.005,12768.36568361905,1.0305910110473633,0.09217179045858527,0.19,707.61,0.195,0.0,9.4,0.004,0.38,2000.8,0.188,0.0,9.4,0.004
23,0,0,0.0,26805.63132903262,3.6980550289154053,0.10503918595695307,0.89,3353.8,0.207,0.01,18.8,0.005,0.89,3353.8,0.207,0.01,18.8,0.005,11834.745280112838,1.0909788608551025,0.0884235898207661,0.15,648.9,0.192,0.0,9.4,0.004,0.28,1722.0,0.181,0.0,9.4,0.004
23,0,500,500.0,26096.43889979325,3.217148780822754,0.10533858941274181,0.23,683.26,0.141,0.0,13.160000000000002,0.004,0.7,3361.9999999999995,0.206,0.0,13.160000000000002,0.004,11596.576293990074,1.1246378421783447,0.08809799818829414,0.11,304.8,0.127,0.0,7.52,0.004,0.26,1574.4,0.179,0.0,7.52,0.004
23,0,1000,1000.0,25396.341396128286,3.0841755867004395,0.10412189639069619,0.29,722.1000000000001,0.136,0.0,13.160000000000002,0.004,0.59,3419.4,0.207,0.0,13.160000000000002,0.004,11654.441626342305,1.0741997957229614,0.08832026822906246,0.26,541.12,0.123,0.0,7.52,0.004,0.26,1369.4,0.173,0.0,7.52,0.004
23,0,1500,1500.0,24841.707390643915,3.3222358226776123,0.1030609131657246,0.3,725.0,0.136,0.0,13.160000000000002,0.004,0.5,3501.3999999999996,0.208,0.0,13.160000000000002,0.004,11821.778115205234,0.9659641981124878,0.08955883734333007,0.38,580.28,0.126,0.0,5.64,0.004,0.24,1164.4,0.167,0.0,5.64,0.004
23,0,2000,2000.0,24376.552546998028,3.5047945976257324,0.10080518419526374,0.35,1260.72,0.213,0.0,13.160000000000002,0.004,0.54,3403.0000000000005,0.208,0.0,13.160000000000002,0.004,12196.06736856731,0.8031091690063477,0.09399828806404506,0.31,464.0,0.131,0.0,5.64,0.004,0.28,1213.6,0.169,0.0,5.64,0.004
23,0,2500,2500.0,24220.556251251877,3.4345779418945312,0.0992846426155255,0.34,1152.57,0.21,0.0,13.160000000000002,0.004,0.62,3255.4,0.207,0.0,13.160000000000002,0.004,12250.348011551978,0.9782261848449707,0.09777166137441981,0.33,469.80000000000007,0.132,0.0,5.64,0.004,0.34,1303.8,0.174,0.0,5.64,0.004
23,0,3000,3000.0,24376.1316272165,3.1303422451019287,0.09884036730969098,0.31,1044.42,0.207,0.0,13.160000000000002,0.004,0.63,3009.4,0.204,0.0,13.160000000000002,0.004,11505.82004474927,1.1890217065811157,0.09711005284156685,0.52,872.9,0.124,0.0,5.64,0.004,0.28,1377.6,0.173,0.0,5.64,0.004
23,0,3500,3500.0,24566.584649466637,2.8544392585754395,0.098605140808453,0.25,1004.25,0.204,0.0,11.28,0.004,0.62,2755.2,0.201,0.0,11.28,0.004,10548.601059733483,1.2880423069000244,0.0952563970714991,0.2,313.56,0.132,0.0,7.52,0.004,0.23,1484.2,0.176,0.0,7.52,0.004
23,0,4000,4000.0,25155.309125800817,2.5694797039031982,0.10125305396719693,0.26,1121.4,0.144,0.0,11.28,0.004,0.53,2615.8,0.196,0.0,11.28,0.004,9333.887917540414,1.1379504203796387,0.09083508678623935,0.36,579.36,0.119,0.0,7.52,0.004,0.17,1558.0,0.18,0.0,7.52,0.004
23,0,4500,4500.0,25594.31722927653,2.2141268253326416,0.10433954749405168,0.28,1039.52,0.14,0.0,11.28,0.004,0.45,2533.8,0.193,0.0,11.28,0.004,8094.198003713245,0.8891557455062866,0.08491772818406498,0.13,192.96,0.124,0.0,7.52,0.004,0.24,1607.2,0.183,0.0,7.52,0.004
23,0,5000,5000.0,25267.431449636115,1.7119263410568237,0.10616898516531843,0.23,768.5,0.136,0.0,11.28,0.004,0.39,2747.0,0.195,0.0,11.28,0.004,7007.562859824247,0.5921743512153625,0.07864324330763096,0.22,350.88,0.111,0.0,7.52,0.004,0.22,1262.8,0.172,0.0,7.52,0.004
23,0,5500,5500.0,24380.294803316065,1.648979902267456,0.10673464542213386,0.24,756.9,0.136,0.0,13.160000000000002,0.004,0.42,3001.2,0.199,0.0,13.160000000000002,0.004,6512.204461031251,0.35762345790863037,0.07668620806824185,0.3,603.85,0.086,0.0,5.64,0.004,0.19,918.4000000000001,0.157,0.0,5.64,0.004
23,0,6000,6000.0,22678.89739267739,1.548722267150879,0.10559761727255391,0.13,412.38,0.13,0.0,13.160000000000002,0.004,0.36,3189.8,0.201,0.0,13.160000000000002,0.004,6521.04770291653,0.398323655128479,0.07673258845698536,0.09,137.28,0.075,0.0,5.64,0.003,0.11,688.8,0.14,0.0,5.64,0.003
23,0,6500,6500.0,20691.701442257545,1.3924270868301392,0.1033032199039654,0.16,508.5299999999999,0.137,0.0,15.04,0.004,0.38,3329.1999999999994,0.203,0.0,15.04,0.004,6818.9571991002595,0.6463899612426758,0.07925431655454038,0.16,174.46,0.079,0.0,14.36,0.007,0.05,533.0,0.127,0.0,3.76,0.003
23,0,7000,7000.0,18397.34517079669,1.3978041410446167,0.09951818815026957,0.1,337.4,0.144,0.0,15.04,0.004,0.38,2984.8,0.199,0.0,15.04,0.004,7366.364681409323,1.00738525390625,0.0838896348867699,0.2,259.2,0.125,0.0,14.36,0.007,0.07,549.4,0.13,0.0,3.76,0.003
23,0,7500,7500.0,16558.91501280712,1.4473782777786255,0.09702653341610218,0.1,375.87,0.131,0.0,13.160000000000002,0.004,0.35,2624.0,0.194,0.0,13.160000000000002,0.004,7748.159462017065,1.334987998008728,0.0876586966184985,0.21,251.46,0.13,0.0,14.36,0.007,0.09,606.8,0.139,0.0,3.76,0.003
23,0,8000,8000.0,15168.05665283755,1.500696063041687,0.09414588602283826,0.09,353.76,0.129,0.0,11.28,0.004,0.24,2230.4,0.186,0.0,11.28,0.004,7682.435127916688,1.419487714767456,0.08720880249142242,0.22,275.22,0.129,0.0,14.36,0.007,0.13,697.0,0.148,0.0,3.76,0.003
23,0,8500,8500.0,14318.06504183187,1.5687227249145508,0.0933007194021282,0.12,667.44,0.188,0.0,9.4,0.004,0.24,1894.2,0.18,0.0,9.4,0.004,7644.406781028374,1.4342035055160522,0.08687866328809479,0.2,216.0,0.129,0.0,17.95,0.007,0.26,828.2,0.158,0.0,3.76,0.003
23,0,9000,9000.0,13929.834983106412,1.6486345529556274,0.09219149934500345,0.39,1423.98,0.158,0.0,9.4,0.004,0.26,1689.2,0.177,0.0,9.4,0.004,7606.78797380242,1.3996869325637817,0.08656241464020502,0.39,466.59,0.192,0.0,17.95,0.007,0.43,959.3999999999999,0.166,0.0,3.76,0.003
23,0,9500,9500.0,13915.887276059948,1.7348600625991821,0.09251885207639039,0.43,1494.3,0.16,0.0,7.52,0.004,0.27,1566.2,0.178,0.0,7.52,0.004,7493.141262770951,1.3520208597183228,0.08512375536321717,0.29,392.43,0.184,0.0,5.64,0.004,0.61,1098.8,0.175,0.0,5.64,0.004
23,0,10000,10000.0,14228.206017143384,1.8116487264633179,0.09261618989060501,0.16,596.37,0.192,0.0,7.52,0.004,0.28,1541.6,0.181,0.0,7.52,0.004,7303.465814534866,1.4248526096343994,0.08271979754927646,0.18,232.0,0.115,0.0,5.64,0.004,0.45,934.7999999999998,0.167,0.0,5.64,0.004
23,0,10500,10500.0,14744.132539581915,1.8676799535751343,0.09315388727101051,0.18,608.73,0.194,0.0,7.52,0.004,0.3,1541.6,0.184,0.0,7.52,0.004,7378.482280610115,1.4567363262176514,0.0823106224028412,0.18,234.90000000000003,0.115,0.0,3.76,0.004,0.28,762.6,0.156,0.0,3.76,0.004
23,0,11000,11000.0,15538.89709982177,1.882503867149353,0.09383567196345222,0.21,627.2699999999999,0.196,0.0,7.52,0.004,0.32,1558.0,0.185,0.0,7.52,0.004,7704.667590672034,1.4158885478973389,0.08161729959292079,0.2,324.45,0.176,0.0,3.76,0.003,0.28,746.2,0.155,0.0,3.76,0.003
23,0,11500,11500.0,16520.78238089016,1.8667577505111694,0.09493063525702024,0.22,670.53,0.198,0.0,7.52,0.004,0.35,1599.0,0.187,0.0,7.52,0.004,8258.246190151112,1.3036600351333618,0.0821519705761846,0.2,339.9,0.175,0.0,3.76,0.003,0.34,770.8,0.159,0.0,3.76,0.003
23,0,12000,12000.0,17683.411174970388,1.8273900747299194,0.09646930722344182,0.23,719.97,0.201,0.0,7.52,0.004,0.38,1697.3999999999999,0.189,0.0,7.52,0.004,9025.029139119033,1.0824995040893555,0.08414148546872206,0.2,364.62,0.177,0.0,3.76,0.003,0.36,820.0,0.16,0.0,3.76,0.003
23,0,12500,12500.0,18822.062698099762,1.788316249847412,0.09782496418580076,0.21,787.95,0.203,0.0,7.52,0.004,0.4,1820.4000000000003,0.191,0.0,7.52,0.004,9654.566678010724,0.9148201942443848,0.08548072839122407,0.47,1511.88,0.156,0.0,3.76,0.003,0.36,869.2,0.16,0.0,3.76,0.003
23,0,13000,13000.0,19897.836799541255,1.7733311653137207,0.10013752279312108,0.2,586.74,0.14,0.0,7.52,0.004,0.39,1992.6000000000001,0.194,0.0,7.52,0.004,10124.158753845313,1.1536600589752197,0.08493735477238032,0.43,1327.29,0.151,0.0,3.76,0.003,0.26,910.2000000000002,0.156,0.0,3.76,0.003
23,0,13500,13500.0,20733.799902547617,1.8019587993621826,0.1018999874303049,0.23,617.22,0.141,0.0,9.4,0.004,0.37,2181.2,0.198,0.0,9.4,0.004,10753.583585535489,1.301764726638794,0.08591115492345339,0.21,540.75,0.185,0.0,3.76,0.003,0.18,1025.0,0.16,0.0,3.76,0.003
23,0,14000,14000.0,21239.371561881853,1.8998700380325317,0.10390530889534028,0.33,1047.51,0.212,0.0,9.4,0.004,0.34,2410.8,0.201,0.0,9.4,0.004,11345.668622603444,1.2584964036941528,0.08580394109138612,0.31,661.26,0.193,0.0,3.76,0.003,0.29,1271.0,0.17,0.0,3.76,0.003
23,0,14500,14500.0,21431.54696484853,2.0201575756073,0.10517455237577257,0.32,1081.5,0.212,0.0,9.4,0.004,0.45,2640.4,0.205,0.0,9.4,0.004,11896.639458986465,1.2357509136199951,0.08522348429979995,0.31,611.82,0.189,0.0,5.64,0.003,0.45,1541.6,0.18,0.0,5.64,0.003
23,0,15000,15000.0,21088.909308810253,2.1647987365722656,0.10545753770788038,0.31,1121.67,0.213,0.0,11.28,0.004,0.51,2796.2,0.206,0.0,11.28,0.004,12586.073729639247,1.0848195552825928,0.08793894735403733,0.32,571.65,0.188,0.0,5.64,0.004,0.49,1500.6,0.178,0.0,5.64,0.004
23,0,15500,15500.0,20396.39304982993,2.2785587310791016,0.10458778765074284,0.14,454.25999999999993,0.136,0.0,11.28,0.004,0.49,2894.6,0.207,0.0,11.28,0.004,13254.681376023655,1.3478435277938843,0.0907284518795423,0.24,522.21,0.185,0.0,5.64,0.004,0.49,1410.4,0.176,0.0,5.64,0.004
23,0,16000,16000.0,19357.074653245218,2.326383113861084,0.10237283853128214,0.24,976.44,0.208,0.0,11.28,0.004,0.36,2763.4,0.205,0.0,11.28,0.004,13992.558582482161,1.44477379322052,0.09608441410492516,0.27,597.4,0.138,0.0,5.64,0.004,0.38,1320.2,0.173,0.0,5.64,0.004
23,0,16500,16500.0,18376.27746258513,2.311340570449829,0.10026552486152503,0.25,920.82,0.206,0.0,11.28,0.004,0.41,2591.2,0.203,0.0,11.28,0.004,14500.281734767486,1.472266435623169,0.1009125873987894,0.28,600.3,0.138,0.0,5.64,0.004,0.26,1221.8,0.17,0.0,5.64,0.004
23,0,17000,17000.0,17618.89126005408,2.1872920989990234,0.09764337483294572,0.27,862.11,0.204,0.0,11.28,0.004,0.45,2386.2,0.2,0.0,11.28,0.004,14446.620227683161,1.3368897438049316,0.10240784343664631,0.14,321.9,0.131,0.0,5.64,0.004,0.31,1377.6,0.174,0.0,5.64,0.004
23,0,17500,17500.0,17226.08670944319,2.0092051029205322,0.09618329416204595,0.25,812.67,0.202,0.0,9.4,0.004,0.46,2255.0,0.2,0.0,9.4,0.004,14189.359642416093,1.2234349250793457,0.1024539377456165,0.18,397.98,0.138,0.0,7.52,0.004,0.38,1566.2,0.182,0.0,7.52,0.004
23,0,18000,18000.0,17230.015296392958,1.7633233070373535,0.0944116608761992,0.23,769.4100000000001,0.202,0.0,9.4,0.004,0.43,2132.0,0.198,0.0,9.4,0.004,13732.298813020316,1.2233692407608032,0.10187871953343558,0.32,734.4,0.125,0.0,7.52,0.004,0.33,1730.2,0.188,0.0,7.52,0.004
23,0,18500,18500.0,17559.28474030843,1.5153230428695679,0.09343500338140437,0.2,757.05,0.202,0.0,9.4,0.004,0.39,2017.2,0.197,0.0,9.4,0.004,12919.077655043866,1.0747435092926025,0.09972257711431638,0.13,253.26,0.131,0.0,9.4,0.004,0.35,1877.8,0.194,0.0,9.4,0.004
23,0,19000,19000.0,18354.235873646394,1.5064975023269653,0.09267578509023525,0.16,744.69,0.204,0.0,9.4,0.004,0.32,1968.0,0.197,0.0,9.4,0.004,11604.369463475174,0.8607249855995178,0.09509833771282628,0.28,412.96,0.122,0.0,9.4,0.004,0.27,1648.1999999999998,0.186,0.0,9.4,0.004
23,0,19500,19500.0,19591.434199684772,1.6285486221313477,0.09301587780642458,0.13,772.5,0.202,0.0,7.52,0.004,0.29,1943.4,0.198,0.0,7.52,0.004,10642.833854520177,1.0445219278335571,0.09291508725253592,0.34,477.04,0.127,0.0,7.52,0.004,0.32,1484.2,0.182,0.0,7.52,0.004
23,0,20000,20000.0,21393.544513961388,1.7834577560424805,0.09505905958222344,0.39,2768.85,0.171,0.0,7.52,0.004,0.26,2009.0000000000002,0.196,0.0,7.52,0.004,9945.52993047937,1.270223617553711,0.09130244303975987,0.29,377.0,0.131,0.0,7.52,0.004,0.28,1443.2,0.181,0.0,7.52,0.004
23,0,20500,20500.0,23441.431728346834,1.9934484958648682,0.09766991691821608,0.47,3129.24,0.174,0.0,9.4,0.004,0.24,2090.9999999999995,0.195,0.0,9.4,0.004,9702.317150010413,1.4816079139709473,0.09237238088324258,0.3,382.8,0.132,0.0,5.64,0.004,0.25,1484.2,0.184,0.0,5.64,0.004
24,0,-21000,21000.0,298852.96845477674,25.01270294189453,0.21246549872181197,1.91,16534.59,0.447,0.03,203.04,0.01,3.95,41721.6,0.445,0.03,203.04,0.01,310737.26202997786,15.766267776489258,0.21161657962379105,0.92,15326.4,0.435,0.02,216.19999999999996,0.01,1.93,40663.8,0.442,0.02,216.19999999999996,0.01
24,0,-20500,20500.0,287765.01112172246,23.055192947387695,0.20950775520425124,1.72,16271.939999999999,0.444,0.37,5206.74,0.033,4.54,44362.0,0.457,0.04,223.72,0.01,305101.8330845018,14.950349807739258,0.21085556348403878,1.04,15589.05,0.438,0.02,219.96,0.01,2.05,41475.6,0.446,0.02,219.96,0.01
24,0,-20000,20000.0,272653.81439034885,19.905303955078125,0.2056048921419953,4.08,44042.2,0.456,0.04,229.36,0.01,4.08,44042.2,0.456,0.04,229.36,0.01,295515.1828660435,13.692876815795898,0.20847865369098403,1.2,15941.310000000001,0.443,0.02,221.84,0.01,2.17,42418.6,0.45,0.02,221.84,0.01
24,0,-19500,19500.0,257901.02975015002,16.38245964050293,0.2020225848394734,3.46,43173.0,0.452,0.04,227.48,0.01,3.46,43173.0,0.452,0.04,227.48,0.01,286762.76926175324,12.229626655578613,0.20669001214699978,1.05,15162.63,0.433,0.02,225.6,0.01,2.42,43164.8,0.454,0.02,225.6,0.01
24,0,-19000,19000.0,241111.57812608787,12.975549697875977,0.19682793615276512,1.28,12965.64,0.399,0.03,227.48,0.01,3.17,39196.0,0.432,0.03,227.48,0.01,276607.5393636622,11.297688484191895,0.20414228666191683,1.08,14365.41,0.422,0.02,227.48,0.01,2.08,41467.4,0.446,0.02,227.48,0.01
24,0,-18500,18500.0,226002.07028379544,9.514986038208008,0.19257723677545452,3.1,35301.0,0.411,0.02,203.04,0.01,3.1,35301.0,0.411,0.02,203.04,0.01,267442.25979496114,10.173463821411133,0.2019440715386626,1.15,13395.15,0.408,0.02,218.07999999999998,0.01,2.05,39507.6,0.437,0.02,218.07999999999998,0.01
24,0,-18000,18000.0,213391.1179678477,8.994250297546387,0.1885565799533848,2.28,31488.0,0.388,0.02,195.52,0.01,2.28,31488.0,0.388,0.02,195.52,0.01,259098.48614076764,10.450140953063965,0.19868765807752337,1.23,12378.54,0.393,0.02,216.19999999999996,0.01,2.17,36891.8,0.423,0.02,216.19999999999996,0.01
24,0,-17500,17500.0,201574.38581461943,13.085320472717285,0.1844649052097926,0.98,6062.68,0.221,0.01,174.84,0.01,1.49,28109.6,0.366,0.01,174.84,0.01,253216.36534165445,11.297942161560059,0.19667966290837924,1.04,12165.33,0.389,0.02,203.04,0.01,2.23,34423.6,0.409,0.02,203.04,0.01
24,0,-17000,17000.0,191116.40531249804,14.006614685058594,0.17934055434642926,1.01,5048.9,0.225,0.02,167.32,0.01,1.33,26215.4,0.352,0.02,167.32,0.01,250192.22839054128,12.107730865478516,0.19461316502650752,1.1,11970.66,0.386,0.03,199.28,0.01,1.92,33308.399999999994,0.402,0.03,199.28,0.01
24,0,-16500,16500.0,184933.75267836783,13.526093482971191,0.17743506725074445,1.03,5019.9,0.225,0.02,159.8,0.01,1.54,24436.0,0.339,0.02,159.8,0.01,249796.58931880404,12.36794662475586,0.19369098145295555,1.19,11695.65,0.381,0.02,191.76,0.01,2.1,32603.2,0.398,0.02,191.76,0.01
24,0,-16000,16000.0,180223.8598173928,16.7945499420166,0.17556308200037385,0.93,4887.239999999999,0.231,0.02,157.92,0.01,1.52,22033.4,0.32,0.02,157.92,0.01,252165.15428362763,12.099712371826172,0.19329713743914925,1.3,11405.189999999999,0.377,0.02,189.88,0.01,2.31,31266.600000000002,0.389,0.02,189.88,0.01
24,0,-15500,15500.0,175258.66315672247,18.797605514526367,0.17293228895328244,0.51,2581.6,0.242,0.02,146.64,0.009,1.42,20508.2,0.313,0.02,146.64,0.009,257000.3023891375,13.41883373260498,0.19421144148481487,1.16,11368.11,0.376,0.03,178.6,0.01,2.46,30471.199999999997,0.384,0.03,178.6,0.01
24,0,-15000,15000.0,172764.79718810224,18.04815673828125,0.17136629352939434,0.5,2564.8,0.241,0.02,142.88,0.009,1.88,19614.4,0.309,0.02,142.88,0.009,264730.31596131914,14.876656532287598,0.19606907850176342,3.17,31696.740000000005,0.327,0.03,174.84,0.01,2.26,30495.799999999996,0.385,0.03,174.84,0.01
24,0,-14500,14500.0,173060.52347712975,16.42298698425293,0.17220507582274394,0.98,7079.19,0.304,0.03,131.6,0.009,2.22,18917.4,0.305,0.03,131.6,0.009,273317.1947500945,16.220611572265625,0.19832838673615824,3.46,32980.08,0.334,0.02,174.84,0.01,2.0,30635.2,0.386,0.02,174.84,0.01
24,0,-14000,14000.0,174247.4685440502,14.2659912109375,0.1731131923371326,1.16,6136.32,0.202,0.03,129.72,0.009,2.2,18802.6,0.305,0.03,129.72,0.009,282808.47469867294,17.31477165222168,0.20181420310612347,3.46,34087.62,0.34,0.03,176.72,0.01,1.73,32299.8,0.396,0.03,176.72,0.01
24,0,-13500,13500.0,175115.12514567585,15.577077865600586,0.1734771429333393,2.08,18933.8,0.306,0.02,127.84000000000002,0.009,2.08,18933.8,0.306,0.02,127.84000000000002,0.009,290072.8185131564,18.08026123046875,0.20449383574374527,1.08,7832.9,0.251,0.02,188.0,0.01,1.79,34046.4,0.407,0.02,188.0,0.01
24,0,-13000,13000.0,176375.2561588095,14.457242012023926,0.17357683419786862,0.75,7351.11,0.309,0.02,125.96000000000001,0.009,1.78,19179.8,0.307,0.02,125.96000000000001,0.009,292926.6553966154,18.27490234375,0.20573245593039657,1.35,14050.23,0.419,0.02,191.76,0.01,2.12,35883.2,0.417,0.02,191.76,0.01
24,0,-12500,12500.0,178750.15928358116,12.719330787658691,0.1744231557230272,0.68,4918.4,0.224,0.02,127.84000000000002,0.009,1.62,19475.0,0.31,0.02,127.84000000000002,0.009,293592.45312547137,18.91317367553711,0.2058304481927786,1.35,14516.819999999998,0.425,0.02,201.16,0.01,2.67,37679.0,0.427,0.02,201.16,0.01
24,0,-12000,12000.0,181800.86517008313,10.715276718139648,0.17517659142349193,0.44,3423.03,0.225,0.02,129.72,0.009,1.55,19671.8,0.311,0.02,129.72,0.009,292792.32892018044,18.817768096923828,0.20594652022974963,1.55,15082.29,0.432,0.03,204.92000000000002,0.01,3.03,39163.2,0.434,0.03,204.92000000000002,0.01
24,0,-11500,11500.0,184993.703253712,9.971382141113281,0.17570672340684382,0.44,3449.16,0.225,0.02,131.6,0.009,1.41,19844.0,0.312,0.02,131.6,0.009,290860.5106963223,17.251617431640625,0.20559541123256267,1.65,14526.09,0.425,0.03,216.19999999999996,0.01,3.26,40442.4,0.441,0.03,216.19999999999996,0.01
24,0,-11000,11000.0,188671.37243394682,9.572778701782227,0.1768093148855981,1.93,21060.84,0.276,0.02,133.48,0.009,1.16,19926.0,0.313,0.02,133.48,0.009,286415.5719621325,15.57040023803711,0.20395221938028602,1.76,13991.52,0.418,0.03,218.07999999999998,0.01,3.38,39647.0,0.437,0.03,218.07999999999998,0.01
24,0,-10500,10500.0,192037.98359801475,9.610101699829102,0.1778711754302625,2.02,21403.65,0.277,0.02,133.48,0.009,1.12,20016.2,0.314,0.02,133.48,0.009,282112.4920007089,13.922158241271973,0.20249349910399334,1.54,13806.12,0.416,0.03,212.43999999999997,0.01,3.63,38425.2,0.431,0.03,212.43999999999997,0.01
24,0,-10000,10000.0,194748.8164603723,9.621173858642578,0.17956221319829027,0.61,5212.08,0.242,0.01,133.48,0.009,1.27,20377.0,0.315,0.01,133.48,0.009,278725.5076711328,14.57680892944336,0.20086856554047353,1.29,13645.439999999999,0.414,0.03,210.56000000000003,0.01,3.14,37687.2,0.428,0.03,210.56000000000003,0.01
24,0,-9500,9500.0,196446.55942949074,9.597125053405762,0.18116080454593117,0.81,8197.77,0.318,0.01,137.24,0.009,1.45,20877.2,0.317,0.01,137.24,0.009,278385.1798076037,14.629695892333984,0.20046940058094972,1.03,13398.24,0.411,0.03,206.80000000000004,0.01,2.56,37244.4,0.426,0.03,206.80000000000004,0.01
24,0,-9000,9000.0,196238.39010365232,9.269160270690918,0.1824135555365752,0.98,8825.04,0.331,0.01,139.12,0.009,1.68,22197.4,0.327,0.01,139.12,0.009,281847.01226937905,17.57100486755371,0.20204629784671435,1.25,13157.22,0.408,0.03,204.92000000000002,0.01,2.35,36531.0,0.423,0.03,204.92000000000002,0.01
24,0,-8500,8500.0,194413.41399460367,8.719090461730957,0.18278765150356796,1.0,8862.12,0.332,0.02,148.52,0.009,1.92,23771.8,0.34,0.02,148.52,0.009,285933.11139651487,19.698299407958984,0.20349049516967957,3.29,35177.58,0.347,0.02,201.16,0.01,2.67,35891.4,0.419,0.02,201.16,0.01
24,0,-8000,8000.0,189998.19736089656,7.785858154296875,0.18100577070379528,1.01,8945.55,0.334,0.02,150.4,0.01,1.96,24280.2,0.344,0.02,150.4,0.01,292246.6510365208,20.557710647583008,0.20694929970598938,3.76,38544.15,0.364,0.02,199.28,0.01,2.31,35014.0,0.414,0.02,199.28,0.01
24,0,-7500,7500.0,185333.6360662026,7.265247821807861,0.17868417981228288,0.84,8191.590000000001,0.318,0.02,154.16,0.01,1.92,24436.0,0.345,0.02,154.16,0.01,296255.94663669326,20.255958557128906,0.2095731066111009,4.62,39458.31,0.368,0.02,195.52,0.01,2.3,34407.2,0.411,0.02,195.52,0.01
24,0,-7000,7000.0,180543.0539987592,7.020791530609131,0.17593216117451282,0.65,7725.0,0.313,0.02,156.04,0.01,1.59,22705.8,0.331,0.02,156.04,0.01,295317.2583798703,22.02151870727539,0.2093417257085835,5.26,36794.94,0.355,0.02,193.64,0.01,2.84,36604.8,0.423,0.02,193.64,0.01
24,0,-6500,6500.0,176483.2196444957,8.179054260253906,0.17357186290036425,0.59,7295.49,0.309,0.02,146.64,0.01,1.25,20877.2,0.317,0.02,146.64,0.01,293148.34281589865,23.164691925048828,0.20918716871007004,5.11,33234.990000000005,0.337,0.03,206.80000000000004,0.01,3.35,39286.2,0.437,0.03,206.80000000000004,0.01
24,0,-6000,6000.0,174999.63604766526,8.895468711853027,0.17311730216788745,0.5,4905.9,0.233,0.02,144.76,0.009,1.07,19622.6,0.312,0.02,144.76,0.009,286848.89511817455,23.42781639099121,0.20675115921539966,1.86,16880.67,0.456,0.03,210.56000000000003,0.01,3.29,41910.2,0.45,0.03,210.56000000000003,0.01
24,0,-5500,5500.0,174727.80797592422,9.134012222290039,0.17369785687569944,0.5,4645.66,0.235,0.01,127.84000000000002,0.009,0.96,18507.4,0.308,0.01,127.84000000000002,0.009,280018.1187035414,22.325143814086914,0.2036782046560165,2.06,16000.02,0.445,0.03,219.96,0.01,4.22,44468.6,0.462,0.03,219.96,0.01
24,0,-5000,5000.0,175323.16121809636,9.056209564208984,0.17374382485915313,0.81,5984.36,0.22,0.01,124.08,0.009,1.04,18581.2,0.308,0.01,124.08,0.009,273828.14418092166,18.399431228637695,0.20154766820735928,2.29,15073.02,0.434,0.03,225.6,0.01,4.76,42541.6,0.453,0.03,225.6,0.01
24,0,-4500,4500.0,176610.97805282843,9.376161575317383,0.17422444122357802,0.99,5998.600000000001,0.221,0.01,125.96000000000001,0.009,1.12,18925.6,0.31,0.01,125.96000000000001,0.009,268425.3042323816,14.142313003540039,0.19944674111549698,5.18,40163.6,0.442,0.04,214.31999999999996,0.01,5.18,40163.6,0.442,0.04,214.31999999999996,0.01
24,0,-4000,4000.0,177358.2917507425,11.028943061828613,0.1736243167691166,1.22,6290.520000000001,0.224,0.01,125.96000000000001,0.009,1.14,19532.4,0.312,0.01,125.96000000000001,0.009,265499.4731168039,10.708889961242676,0.19841884236404247,4.17,36219.4,0.421,0.04,208.68000000000004,0.01,4.17,36219.4,0.421,0.04,208.68000000000004,0.01
24,0,-3500,3500.0,177665.2826549644,12.294474601745605,0.17243129348654823,1.36,6486.32,0.226,0.02,131.6,0.009,1.35,20024.4,0.314,0.02,131.6,0.009,264938.1416580687,12.123955726623535,0.19906488224094782,1.42,7935.24,0.237,0.03,189.88,0.01,2.99,32299.8,0.398,0.03,189.88,0.01
24,0,-3000,3000.0,179127.1586065268,12.87660026550293,0.17249378560818587,1.1,5295.4,0.228,0.02,133.48,0.009,1.1,19671.8,0.312,0.02,133.48,0.009,266124.53118789615,16.233028411865234,0.20009556698581665,1.28,6815.0,0.243,0.03,184.24,0.01,1.76,32422.8,0.399,0.03,184.24,0.01
24,0,-2500,2500.0,181818.5481987149,12.84505558013916,0.17351301487749665,1.12,5324.4,0.229,0.01,129.72,0.009,1.18,19319.2,0.31,0.01,129.72,0.009,266052.63701264776,18.955347061157227,0.20040112276023545,1.3,6762.8,0.242,0.03,189.88,0.01,2.18,32816.4,0.401,0.03,189.88,0.01
24,0,-2000,2000.0,185689.97444601366,12.340899467468262,0.1749345364865075,0.97,5521.6,0.231,0.01,127.84000000000002,0.009,1.31,19327.4,0.31,0.01,127.84000000000002,0.009,265064.57701274706,18.517955780029297,0.20052990821890723,1.19,7072.32,0.255,0.03,189.88,0.01,2.08,34185.8,0.409,0.03,189.88,0.01
24,0,-1500,1500.0,189764.87576049552,11.531756401062012,0.17626323119970844,0.73,3698.3999999999996,0.23,0.02,129.72,0.009,1.42,19417.6,0.311,0.02,129.72,0.009,263180.58221746614,16.371976852416992,0.19998279718967496,0.64,3728.2,0.266,0.02,197.4,0.01,2.42,35620.8,0.417,0.02,197.4,0.01
24,0,-1000,1000.0,193979.40939800002,12.218055725097656,0.1779115463826694,0.7,3736.59,0.23,0.02,129.72,0.009,1.52,19975.2,0.313,0.02,129.72,0.009,260925.64619280165,13.076287269592285,0.19802397777137912,1.49,12872.939999999999,0.401,0.03,199.28,0.01,2.94,34973.0,0.413,0.03,199.28,0.01
24,0,-500,500.0,197517.0768998173,14.199665069580078,0.17911389506748018,0.63,3829.05,0.232,0.02,135.36,0.009,1.6,20491.8,0.315,0.02,135.36,0.009,261571.67222364515,10.502602577209473,0.19731195266813947,3.33,34587.6,0.41,0.03,191.76,0.01,3.33,34587.6,0.41,0.03,191.76,0.01
24,0,0,0.0,199794.26932977285,14.970179557800293,0.18116966234167145,1.14,7082.88,0.211,0.02,137.24,0.009,1.45,20860.8,0.317,0.02,137.24,0.009,264846.915801421,11.320034980773926,0.19581501281295152,2.38,33898.8,0.406,0.03,189.88,0.01,2.38,33898.8,0.406,0.03,189.88,0.01
24,0,500,500.0,200580.8989436529,14.512163162231445,0.18272020954419396,0.83,8129.79,0.317,0.02,141.0,0.009,1.58,21238.0,0.319,0.02,141.0,0.009,272717.7469952758,13.48477840423584,0.19650567302412908,2.82,34193.1,0.341,0.02,186.12,0.01,1.52,33431.4,0.404,0.02,186.12,0.01
24,0,1000,1000.0,199044.5883586457,13.008343696594238,0.18449399111316647,0.92,8482.05,0.323,0.02,142.88,0.009,1.79,22058.0,0.325,0.02,142.88,0.009,289164.89421998116,16.417863845825195,0.2031908892611749,3.73,38930.91,0.366,0.02,184.24,0.01,1.48,32939.4,0.4,0.02,184.24,0.01
24,0,1500,1500.0,196012.07454407506,11.77346134185791,0.1860089870332008,0.77,8843.58,0.331,0.02,148.52,0.009,2.03,23255.2,0.335,0.02,148.52,0.009,303568.12683821254,17.61966896057129,0.20846154754143023,4.51,42104.1,0.38,0.02,182.36,0.01,1.54,32595.0,0.398,0.02,182.36,0.01
24,0,2000,2000.0,189458.29009415006,10.462427139282227,0.18548227185151964,0.84,9291.63,0.341,0.02,150.4,0.01,1.83,24354.0,0.345,0.02,150.4,0.01,317938.7638042448,18.747182846069336,0.21581345089523146,4.68,43114.95,0.385,0.02,180.48,0.01,1.85,33718.4,0.404,0.02,180.48,0.01
24,0,2500,2500.0,181137.50568750256,10.496536254882812,0.18348022577269701,0.83,8818.86,0.332,0.01,156.04,0.01,1.76,25313.4,0.353,0.01,156.04,0.01,330015.5469451487,21.285930633544922,0.222967225961652,1.44,9297.4,0.271,0.02,186.12,0.01,2.21,35530.6,0.416,0.02,186.12,0.01
24,0,3000,3000.0,170209.42315384673,10.05600357055664,0.17866923408726845,0.8,8321.37,0.323,0.02,156.04,0.01,1.69,24239.2,0.346,0.02,156.04,0.01,329614.87011965585,23.70812225341797,0.22527519014958225,1.64,17347.26,0.459,0.02,189.88,0.01,2.63,40795.0,0.443,0.02,189.88,0.01
24,0,3500,3500.0,160126.88964007393,9.355403900146484,0.17395934269678423,0.66,7579.77,0.315,0.02,150.4,0.01,1.58,22878.0,0.336,0.02,150.4,0.01,319436.1966947017,25.086483001708984,0.22328425499813803,1.74,17748.96,0.463,0.02,221.84,0.01,3.54,45920.0,0.466,0.02,221.84,0.01
24,0,4000,4000.0,151579.63994137826,8.254579544067383,0.16946896628704552,0.59,6825.81,0.307,0.02,146.64,0.009,1.4,20229.4,0.318,0.02,146.64,0.009,295715.14937964984,23.30622100830078,0.21617101336641423,1.88,18258.81,0.468,0.03,231.24,0.01,3.99,47756.8,0.473,0.03,231.24,0.01
24,0,4500,4500.0,146083.16009841583,7.009628772735596,0.16760893585001718,0.56,6430.29,0.302,0.01,125.96000000000001,0.009,1.35,18384.4,0.311,0.01,125.96000000000001,0.009,272672.7461616271,22.34561538696289,0.21008396473191998,1.88,16917.75,0.454,0.03,242.52,0.011,4.26,48724.4,0.476,0.03,242.52,0.011
24,0,5000,5000.0,142735.9000354234,6.787177085876465,0.1659955951376649,0.58,3868.6,0.21,0.01,120.32,0.009,1.26,17097.0,0.305,0.01,120.32,0.009,249434.35131567746,19.43920135498047,0.20278676337564622,2.37,15483.99,0.439,0.04,246.28,0.011,3.85,45083.6,0.461,0.04,246.28,0.011
24,0,5500,5500.0,140811.70902810845,8.193527221679688,0.16552753406527945,0.58,3865.7,0.21,0.01,105.28000000000002,0.008,1.17,16055.599999999999,0.3,0.01,105.28000000000002,0.008,230018.04458611776,15.729873657226562,0.19640397850628408,2.08,13280.819999999998,0.409,0.04,221.84,0.01,4.8,41377.2,0.446,0.04,221.84,0.01
24,0,6000,6000.0,140271.33581224724,9.077319145202637,0.16505090556232568,0.32,2251.56,0.203,0.01,101.52,0.008,1.11,15965.399999999998,0.299,0.01,101.52,0.008,214144.32241203057,11.254582405090332,0.18798965319894212,1.7,10950.96,0.373,0.04,216.19999999999996,0.01,4.43,35842.2,0.418,0.04,216.19999999999996,0.01
24,0,6500,6500.0,140242.29581852013,9.677721977233887,0.16477278518135488,0.4,2713.5,0.212,0.01,99.64,0.008,1.07,16014.600000000002,0.299,0.01,99.64,0.008,202818.65162170972,10.257076263427734,0.18169883322195496,3.64,30184.200000000004,0.386,0.04,189.88,0.01,3.64,30184.200000000004,0.386,0.04,189.88,0.01
24,0,7000,7000.0,140995.18912000058,9.907052993774414,0.16484463894027745,0.26,2060.8,0.23,0.01,101.52,0.008,1.06,15981.799999999997,0.299,0.01,101.52,0.008,197534.61881028605,10.484827041625977,0.17794683422715094,1.94,24682.0,0.347,0.04,180.48,0.01,1.94,24682.0,0.347,0.04,180.48,0.01
24,0,7500,7500.0,142253.04250915578,9.912820816040039,0.1651774922976482,0.74,4773.96,0.208,0.01,101.52,0.008,1.24,15940.800000000001,0.299,0.01,101.52,0.008,196484.71611307247,10.414210319519043,0.17746456062778745,0.62,5369.56,0.245,0.01,146.64,0.009,1.09,20327.8,0.315,0.01,146.64,0.009
24,0,8000,8000.0,144236.75193246163,9.677459716796875,0.1657354314627219,0.63,5827.74,0.295,0.01,101.52,0.008,1.23,15744.0,0.298,0.01,101.52,0.008,200328.2147215574,9.97721004486084,0.17985529547343398,0.67,5868.58,0.245,0.01,137.24,0.009,1.26,20032.6,0.314,0.01,137.24,0.009
24,0,8500,8500.0,146835.5879717259,9.675670623779297,0.16667504351715523,0.67,5938.98,0.297,0.01,99.64,0.008,1.21,15555.399999999998,0.297,0.01,99.64,0.008,204658.09400213882,9.4884033203125,0.18250645934247522,0.37,3096.8,0.257,0.02,135.36,0.009,1.44,20344.2,0.316,0.02,135.36,0.009
24,0,9000,9000.0,150463.2108453341,9.777006149291992,0.16792767887775042,0.71,6071.85,0.299,0.01,99.64,0.008,1.3,15768.6,0.298,0.01,99.64,0.008,208865.01053804165,8.966296195983887,0.18443054439307816,1.01,9174.21,0.34,0.02,133.48,0.009,1.56,22254.8,0.328,0.02,133.48,0.009
24,0,9500,9500.0,154440.29638904321,9.7774019241333,0.16922468193015597,0.4,2807.97,0.214,0.01,101.52,0.008,1.37,16096.6,0.301,0.01,101.52,0.008,211763.37926095014,8.607837677001953,0.18527030332964997,0.8,9189.66,0.339,0.02,152.28,0.01,1.92,24821.4,0.349,0.02,152.28,0.01
24,0,10000,10000.0,159014.06582349446,9.278787612915039,0.17098347261344662,0.39,2842.14,0.215,0.01,101.52,0.008,1.32,16555.800000000003,0.303,0.01,101.52,0.008,212760.12477447602,8.517412185668945,0.18427517908756963,0.68,9270.0,0.34,0.02,157.92,0.01,1.6,25510.2,0.353,0.02,157.92,0.01
24,0,10500,10500.0,163105.8030952785,8.262422561645508,0.1723104344099912,0.57,6646.590000000001,0.306,0.01,105.28000000000002,0.008,1.41,17064.2,0.306,0.01,105.28000000000002,0.008,213488.1729266017,9.155000686645508,0.18278620392856204,1.4,15414.38,0.235,0.02,163.56,0.01,1.41,25690.6,0.354,0.02,163.56,0.01
24,0,11000,11000.0,166603.0427020184,6.802395343780518,0.17423640700222967,0.53,6862.89,0.309,0.01,107.15999999999998,0.009,1.34,17597.2,0.309,0.01,107.15999999999998,0.009,215867.61836385776,10.762229919433594,0.1807607526865933,1.61,16957.84,0.24,0.02,163.56,0.01,1.14,24813.2,0.347,0.02,163.56,0.01
24,0,11500,11500.0,168789.46624694945,6.950817108154297,0.17560851167235722,0.44,4526.28,0.236,0.01,112.8,0.009,1.25,18130.2,0.311,0.01,112.8,0.009,223392.18672764444,14.270713806152344,0.18193026193592582,0.96,8675.72,0.243,0.01,157.92,0.01,1.23,24083.4,0.341,0.01,157.92,0.01
24,0,12000,12000.0,169458.11528135376,7.786067485809326,0.1764597530626562,0.48,4948.4,0.236,0.01,114.68,0.009,0.99,18786.2,0.314,0.01,114.68,0.009,238708.98650045256,18.1323299407959,0.18691558854482057,1.35,10192.28,0.263,0.01,156.04,0.01,1.43,23944.0,0.34,0.01,156.04,0.01
24,0,12500,12500.0,169300.416170674,8.373940467834473,0.17672656860525227,0.27,2608.2,0.247,0.01,120.32,0.009,1.06,19417.6,0.317,0.01,120.32,0.009,257918.29271196315,20.561845779418945,0.1934042114027993,1.6,11758.68,0.288,0.02,154.16,0.01,1.59,24165.4,0.341,0.02,154.16,0.01
24,0,13000,13000.0,168045.94550411202,8.460206985473633,0.17547428010188473,0.69,7536.51,0.317,0.01,122.2,0.009,1.26,19819.4,0.319,0.01,122.2,0.009,285948.56072992436,23.765544891357422,0.20572532599809817,1.75,12723.44,0.302,0.02,154.16,0.01,1.53,25149.4,0.349,0.02,154.16,0.01
24,0,13500,13500.0,167066.75406178547,8.43979549407959,0.1740613024570059,0.62,7233.69,0.313,0.01,127.84000000000002,0.009,1.43,20081.8,0.32,0.01,127.84000000000002,0.009,312329.5867226178,26.913345336914062,0.21658299960679436,1.85,13360.68,0.312,0.02,157.92,0.01,2.06,26494.200000000004,0.361,0.02,157.92,0.01
24,0,14000,14000.0,167106.02292943295,8.874696731567383,0.17358157695006632,0.52,4654.5,0.224,0.02,129.72,0.009,1.36,19524.2,0.318,0.02,129.72,0.009,336961.7990083474,29.668563842773438,0.22723260664490524,1.78,12737.68,0.304,0.02,159.8,0.01,2.69,30192.4,0.389,0.02,159.8,0.01
24,0,14500,14500.0,167612.2878886199,9.423049926757812,0.1735045657147189,0.53,4674.8,0.224,0.01,124.08,0.009,1.24,18753.4,0.315,0.01,124.08,0.009,359443.2331643923,31.083829879760742,0.23704929289827423,1.74,12346.08,0.298,0.02,182.36,0.01,3.31,34226.8,0.418,0.02,182.36,0.01
24,0,15000,15000.0,169235.79498041508,9.506234169006348,0.17477797576171558,0.46,4905.9,0.237,0.01,122.2,0.009,1.02,17941.6,0.312,0.01,122.2,0.009,369907.5451137189,31.81812858581543,0.24121348582446345,2.09,16995.0,0.469,0.03,188.0,0.01,3.81,40204.6,0.452,0.03,188.0,0.01
24,0,15500,15500.0,171189.00980936232,9.16102409362793,0.17672947228805033,0.57,6742.38,0.309,0.01,112.8,0.009,1.03,17351.2,0.309,0.01,112.8,0.009,374470.724625643,31.947065353393555,0.24226440225878673,2.13,17378.16,0.474,0.03,223.72,0.01,4.74,45961.0,0.481,0.03,223.72,0.01
24,0,16000,16000.0,172346.57221971138,8.122949600219727,0.17804636837079965,0.66,7147.17,0.314,0.01,110.92,0.009,1.2,18138.4,0.313,0.01,110.92,0.009,371135.7726905098,30.806005477905273,0.24171558241540167,2.13,17829.3,0.481,0.03,233.12,0.011,4.91,47658.4,0.49,0.03,233.12,0.011
24,0,16500,16500.0,172261.50618762622,8.350040435791016,0.1785040149776145,0.69,7354.2,0.317,0.01,120.32,0.009,1.38,19106.0,0.318,0.01,120.32,0.009,365118.467226262,30.22525405883789,0.2401618518985889,2.22,17223.66,0.474,0.04,238.76,0.011,4.97,48626.0,0.495,0.04,238.76,0.011
24,0,17000,17000.0,170637.9901822511,9.59444522857666,0.1787302163747606,0.73,7589.04,0.319,0.01,122.2,0.009,1.46,19893.2,0.323,0.01,122.2,0.009,354368.39819810126,29.99075698852539,0.23586760080522706,2.35,16608.75,0.468,0.04,242.52,0.011,5.12,47092.6,0.489,0.04,242.52,0.011
24,0,17500,17500.0,168231.4243518102,10.476276397705078,0.17843808593850388,0.68,5421.88,0.221,0.01,129.72,0.009,1.48,20819.8,0.332,0.01,129.72,0.009,346467.5831142623,29.324308395385742,0.23290536746824683,2.27,16716.9,0.469,0.04,233.12,0.011,5.25,45682.2,0.484,0.04,233.12,0.011
24,0,18000,18000.0,164043.7323472721,10.748734474182129,0.17695468761617825,0.7,5243.88,0.219,0.01,131.6,0.009,1.15,19827.6,0.323,0.01,131.6,0.009,339819.57141131215,27.12997055053711,0.22803025246005723,2.13,16886.85,0.471,0.03,229.36,0.011,4.99,45887.2,0.484,0.03,229.36,0.011
24,0,18500,18500.0,160448.5007964197,10.64039421081543,0.17595899059294787,0.58,4428.3,0.223,0.01,125.96000000000001,0.009,1.29,19097.8,0.32,0.01,125.96000000000001,0.009,336725.6271118851,24.406400680541992,0.22466487173262883,4.69,46149.6,0.485,0.03,233.12,0.011,4.69,46149.6,0.485,0.03,233.12,0.011
24,0,19000,19000.0,157550.0197041381,10.069790840148926,0.17511295233716476,0.65,4234.0,0.221,0.01,124.08,0.009,1.42,18646.8,0.319,0.01,124.08,0.009,342051.2287243102,22.539438247680664,0.2252096969728721,3.74,44403.0,0.476,0.03,235.0,0.011,3.74,44403.0,0.476,0.03,235.0,0.011
24,0,19500,19500.0,155078.50438433175,9.413060188293457,0.17454645791827392,0.59,3876.04,0.23,0.01,118.44,0.009,1.54,18195.8,0.318,0.01,118.44,0.009,352788.8012459,22.673566818237305,0.2283450893647179,1.66,13428.32,0.309,0.03,225.6,0.011,2.85,42672.8,0.467,0.03,225.6,0.011
24,0,20000,20000.0,152702.1434753182,8.934022903442383,0.17373310489687382,0.6,3817.62,0.229,0.01,118.44,0.009,1.57,17761.2,0.316,0.01,118.44,0.009,372512.1605451852,23.109806060791016,0.23572879087246124,1.52,11127.3,0.313,0.03,221.84,0.011,2.48,41615.0,0.461,0.03,221.84,0.011
24,0,20500,20500.0,150815.03938613413,8.640571594238281,0.1734485363770065,0.35,2231.6,0.24,0.02,112.8,0.009,1.59,17416.8,0.315,0.02,112.8,0.009,393556.8078229611,23.775375366210938,0.24342816455918154,1.6,11312.9,0.316,0.03,216.19999999999996,0.011,2.27,41246.0,0.459,0.03,216.19999999999996,0.011
25,0,-21000,21000.0,167797.60608825454,7.262892246246338,0.1925975885565218,0.76,7774.44,0.357,0.02,152.28,0.011,1.27,23501.2,0.389,0.02,152.28,0.011,48322.4783038444,3.2033679485321045,0.13084059134329493,0.26,1122.68,0.166,0.01,47.0,0.007,0.51,6928.999999999999,0.259,0.01,47.0,0.007
25,0,-20500,20500.0,163389.6258771872,7.510372638702393,0.1886689141227656,0.73,7014.3,0.338,0.02,135.36,0.01,1.36,21320.0,0.371,0.02,135.36,0.01,45847.303716611896,2.919576406478882,0.12787061985535267,0.28,1061.72,0.162,0.01,39.48,0.007,0.47,6305.8,0.251,0.01,39.48,0.007
25,0,-20000,20000.0,162292.36693920736,7.414331912994385,0.18578621078807472,0.86,6586.0,0.248,0.02,131.6,0.01,1.33,19097.8,0.35,0.02,131.6,0.01,44594.78968255535,2.6710104942321777,0.12624351399079473,0.37,2122.83,0.242,0.01,35.72,0.006,0.47,5912.2,0.244,0.01,35.72,0.006
25,0,-19500,19500.0,164061.23810935838,7.756130218505859,0.18522268666514868,1.0,6853.0,0.25,0.01,118.44,0.01,1.29,17539.8,0.338,0.01,118.44,0.01,43745.2620513369,2.4534904956817627,0.1252378570150435,0.4,2027.0399999999997,0.236,0.09,566.72,0.013,0.64,5543.2,0.238,0.01,31.960000000000004,0.006
25,0,-19000,19000.0,169288.73873629957,9.276871681213379,0.1864011021616519,0.89,5463.6,0.252,0.01,114.68,0.01,1.14,17220.0,0.337,0.01,114.68,0.01,43253.619350994304,2.277559995651245,0.12353283118252274,0.43,1962.15,0.234,0.09,637.56,0.015,0.69,5190.6,0.23,0.01,31.960000000000004,0.006
25,0,-18500,18500.0,175609.13622494173,10.20580005645752,0.1881978042870846,0.91,5504.2,0.252,0.01,110.92,0.01,0.98,17023.2,0.336,0.01,110.92,0.01,43247.4885815032,2.2468109130859375,0.12317025676758743,0.38,2095.02,0.241,0.01,28.2,0.006,0.72,5010.2,0.228,0.01,28.2,0.006
25,0,-18000,18000.0,183089.8722117512,10.865347862243652,0.19066773707402945,0.49,3055.44,0.241,0.01,110.92,0.01,0.93,17498.8,0.338,0.01,110.92,0.01,43300.244676567585,2.4758684635162354,0.12106773396570504,0.32,2255.7,0.249,0.01,26.320000000000004,0.005,0.6,5223.4,0.232,0.01,26.320000000000004,0.005
25,0,-17500,17500.0,189914.07952082407,11.586190223693848,0.19238944058464633,0.61,3728.55,0.252,0.02,118.44,0.01,1.31,17900.6,0.34,0.02,118.44,0.01,44384.83145314205,2.7547006607055664,0.12094718143002124,0.21,2274.24,0.249,0.01,28.2,0.006,0.49,5559.6,0.239,0.01,28.2,0.006
25,0,-17000,17000.0,197138.87682173736,12.295685768127441,0.19563496849998496,0.59,3798.8999999999996,0.252,0.02,120.32,0.01,1.52,19343.8,0.353,0.02,120.32,0.01,46715.162621043084,3.1857964992523193,0.12305395694851765,0.31,1879.68,0.17,0.01,28.2,0.006,0.33,5485.8,0.236,0.01,28.2,0.006
25,0,-16500,16500.0,202773.54197459517,12.307870864868164,0.19780616659363728,0.53,4001.91,0.255,0.02,131.6,0.01,1.67,20877.2,0.367,0.02,131.6,0.01,49675.670670778505,3.6846203804016113,0.1265055856082908,0.42,2118.2,0.179,0.01,71.8,0.009,0.36,5535.0,0.237,0.01,26.320000000000004,0.005
25,0,-16000,16000.0,206607.24923634087,12.175732612609863,0.20009344118388278,0.97,6867.24,0.25,0.02,135.36,0.01,1.6,22599.2,0.382,0.02,135.36,0.01,53129.970530230654,4.140436172485352,0.1303668479400953,0.51,2321.12,0.186,0.01,71.8,0.009,0.41,5346.4,0.232,0.01,26.320000000000004,0.005
25,0,-15500,15500.0,209014.06430346915,11.913871765136719,0.20153630400855418,1.21,6902.84,0.251,0.02,144.76,0.01,1.52,24231.0,0.395,0.02,144.76,0.01,56594.92096873291,4.401142597198486,0.13418833668328367,0.6,2463.52,0.191,0.01,75.39,0.009,0.45,5174.2,0.23,0.01,26.320000000000004,0.005
25,0,-15000,15000.0,209488.73676138965,11.773962020874023,0.2030228413070632,1.05,5811.6,0.254,0.02,148.52,0.01,1.46,25551.2,0.404,0.02,148.52,0.01,60578.24194632348,4.534083843231201,0.13808180897262703,0.46,1986.5,0.193,0.01,75.39,0.009,0.48,5797.4,0.241,0.01,24.44,0.005
25,0,-14500,14500.0,208589.58129289962,11.471427917480469,0.20383500700896381,1.07,5800.0,0.254,0.01,156.04,0.01,1.46,26838.599999999995,0.413,0.01,156.04,0.01,64514.31051629373,4.561934947967529,0.14111716472314745,0.47,2003.9,0.194,0.01,31.960000000000004,0.006,0.51,6445.2,0.252,0.01,31.960000000000004,0.006
25,0,-14000,14000.0,205076.73742292944,11.136002540588379,0.20339513352691316,0.45,3126.1999999999994,0.276,0.02,157.92,0.01,1.52,26838.599999999995,0.412,0.02,157.92,0.01,69067.11829918521,4.582985877990723,0.1444134183618243,0.38,2148.9,0.199,0.01,35.72,0.006,0.51,6789.599999999999,0.257,0.01,35.72,0.006
25,0,-13500,13500.0,200490.02696449606,10.483505249023438,0.20233840641942866,0.67,4030.05,0.254,0.02,157.92,0.01,1.6,26535.2,0.409,0.02,157.92,0.01,73862.4307957899,4.602947235107422,0.1474008074494457,0.28,1358.76,0.193,0.01,39.48,0.007,0.53,6994.599999999999,0.26,0.01,39.48,0.007
25,0,-13000,13000.0,195035.61150329842,9.410346031188965,0.20004886994327095,1.24,7458.24,0.232,0.02,157.92,0.01,1.46,25928.4,0.404,0.02,157.92,0.01,79639.85449046742,4.687028884887695,0.15115829957931942,0.27,1396.95,0.195,0.01,41.36,0.007,0.53,7101.2,0.261,0.01,41.36,0.007
25,0,-12500,12500.0,190095.47649258966,8.288771629333496,0.1978286647300789,0.34,2826.6,0.271,0.02,154.16,0.01,1.42,25362.6,0.4,0.02,154.16,0.01,85629.27509844331,4.810340404510498,0.15463241794094088,0.62,3684.6,0.221,0.01,43.24,0.007,0.63,7158.6,0.261,0.01,43.24,0.007
25,0,-12000,12000.0,186042.5227036103,7.176991939544678,0.19546858915113002,0.8,8197.77,0.362,0.02,152.28,0.01,1.58,24149.0,0.39,0.02,152.28,0.01,92905.15775725758,5.045989990234375,0.16044056312939736,0.59,3074.0,0.224,0.01,45.12,0.007,0.61,7790.0,0.269,0.01,45.12,0.007
25,0,-11500,11500.0,183276.45663127623,7.0293192863464355,0.19378272332719956,0.66,7638.48,0.348,0.02,144.76,0.01,1.65,23050.2,0.382,0.02,144.76,0.01,99979.31521998711,5.809223651885986,0.16546097671130797,0.61,3120.4,0.225,0.01,52.64000000000001,0.008,0.58,8503.4,0.278,0.01,52.64000000000001,0.008
25,0,-11000,11000.0,182001.38894747797,6.730025291442871,0.1927071500525823,0.53,7057.56,0.335,0.02,142.88,0.01,1.31,21492.2,0.368,0.02,142.88,0.01,107025.40951064709,6.821826934814453,0.17104366619946787,0.32,1797.42,0.216,0.01,54.519999999999996,0.008,0.57,9389.0,0.287,0.01,54.519999999999996,0.008
25,0,-10500,10500.0,182055.02467965125,6.402205944061279,0.19273679091368806,0.5,7054.469999999999,0.334,0.02,133.48,0.01,1.06,20106.4,0.357,0.02,133.48,0.01,113122.21352001515,7.263590335845947,0.1752832219052198,0.41,2174.82,0.227,0.01,63.92000000000001,0.008,0.66,10323.8,0.296,0.01,63.92000000000001,0.008
25,0,-10000,10000.0,183499.07817571366,6.341306686401367,0.19339613864902877,0.46,7060.65,0.335,0.01,129.72,0.01,0.99,20049.0,0.356,0.01,129.72,0.01,117324.80557461813,6.39790153503418,0.1771506235735945,0.66,3236.4,0.229,0.01,65.8,0.008,0.99,11348.8,0.305,0.01,65.8,0.008
25,0,-9500,9500.0,184974.96887556044,6.235448360443115,0.19410481066639124,0.41,7394.37,0.342,0.01,131.6,0.01,0.92,20139.2,0.357,0.01,131.6,0.01,120534.21803909425,7.059971809387207,0.17800410328392538,0.67,3221.9,0.229,0.02,77.08,0.009,1.28,12308.2,0.313,0.02,77.08,0.009
25,0,-9000,9000.0,186617.81478251796,5.978022575378418,0.19520577028945074,0.38,7792.98,0.352,0.01,131.6,0.01,0.93,20975.6,0.364,0.01,131.6,0.01,123017.27906778977,8.703777313232422,0.17885842746156794,0.39,1912.26,0.221,0.02,80.84,0.009,1.27,13095.4,0.318,0.02,80.84,0.009
25,0,-8500,8500.0,187665.2430347982,6.304968357086182,0.19572191445654427,0.4,7842.42,0.352,0.01,135.36,0.01,0.93,21853.0,0.372,0.01,135.36,0.01,124800.21637678886,9.738614082336426,0.1788705590066488,0.34,1787.8,0.252,0.01,90.24,0.009,1.2,13751.4,0.323,0.01,90.24,0.009
25,0,-8000,8000.0,187815.24348704552,6.604166507720947,0.1960208092836849,0.44,7907.31,0.354,0.01,137.24,0.01,0.93,21910.4,0.372,0.01,137.24,0.01,126014.66949838157,10.237476348876953,0.1791914401555589,0.91,3693.6,0.247,0.01,92.12,0.009,1.22,13652.999999999998,0.323,0.01,92.12,0.009
25,0,-7500,7500.0,187432.2883126937,6.7837371826171875,0.19616038777604072,0.48,7925.85,0.354,0.01,137.24,0.01,0.93,22033.4,0.373,0.01,137.24,0.01,127733.0376928423,11.988000869750977,0.1802317037191472,1.05,3753.0,0.248,0.02,90.24,0.009,1.52,13595.599999999999,0.323,0.02,90.24,0.009
25,0,-7000,7000.0,186444.3937445496,6.795037746429443,0.19572981808668297,0.51,7959.840000000001,0.354,0.01,137.24,0.01,0.92,22156.4,0.373,0.01,137.24,0.01,130177.85730523537,13.676641464233398,0.1826544054032046,1.43,3923.1,0.252,0.02,88.36,0.009,1.44,13759.600000000002,0.324,0.02,88.36,0.009
25,0,-6500,6500.0,185282.52254857798,6.692787170410156,0.19520218637719627,0.45,8074.17,0.356,0.01,137.24,0.01,0.91,22230.2,0.373,0.01,137.24,0.01,132196.7513236572,14.991957664489746,0.18507392988043928,1.44,3718.56,0.253,0.02,92.12,0.009,1.31,13890.800000000001,0.325,0.02,92.12,0.009
25,0,-6000,6000.0,184267.98161442275,6.622453212738037,0.19458018645463176,0.4,8213.22,0.36,0.01,139.12,0.01,0.84,22443.4,0.375,0.01,139.12,0.01,132335.69119137028,18.585763931274414,0.18622057665338662,1.56,4064.36,0.253,0.02,92.12,0.009,1.68,14186.0,0.327,0.02,92.12,0.009
25,0,-5500,5500.0,183478.31973893917,6.590903282165527,0.1938514243380918,0.32,7842.42,0.351,0.01,139.12,0.01,0.8,22689.4,0.377,0.01,139.12,0.01,130701.35432187704,19.76264762878418,0.18547632664553698,0.85,2146.2,0.265,0.03,97.76,0.01,2.12,14407.4,0.329,0.03,97.76,0.01
25,0,-5000,5000.0,182887.14294431848,6.429553031921387,0.19328270732677033,0.38,5070.6,0.258,0.01,141.0,0.01,0.75,21853.0,0.37,0.01,141.0,0.01,127662.13960482004,18.750476837158203,0.1849905097601306,0.84,2115.4,0.265,0.03,97.76,0.01,2.82,14743.6,0.331,0.03,97.76,0.01
25,0,-4500,4500.0,182977.22673661192,6.20346736907959,0.19325844288339458,0.42,4787.9,0.259,0.01,135.36,0.01,0.78,20926.4,0.362,0.01,135.36,0.01,123679.85609195905,16.577939987182617,0.18346700349449277,0.8,1988.0,0.261,0.04,103.40000000000002,0.01,3.45,14981.4,0.333,0.04,103.40000000000002,0.01
25,0,-4000,4000.0,183762.1622239065,5.9139084815979,0.19402124127797934,0.45,4836.16,0.26,0.01,133.48,0.01,0.78,20442.6,0.358,0.01,133.48,0.01,119172.59123801239,14.224430084228516,0.18378446771601156,1.8,5228.280000000001,0.325,0.03,155.04,0.035,3.51,14579.600000000002,0.331,0.04,103.40000000000002,0.01
25,0,-3500,3500.0,184275.41926672347,5.650837421417236,0.1947267453720706,0.27,2756.6,0.271,0.01,131.6,0.01,0.78,19958.8,0.354,0.01,131.6,0.01,114744.65365427817,13.324281692504883,0.18450707270607003,1.47,5049.06,0.321,0.03,155.04,0.035,3.54,14186.0,0.329,0.04,97.76,0.01
25,0,-3000,3000.0,184678.19948704418,5.4496073722839355,0.19596411606546205,0.42,3918.24,0.25,0.01,131.6,0.01,0.75,20762.4,0.362,0.01,131.6,0.01,108876.72249224839,12.195903778076172,0.18393423761870056,1.1,4857.48,0.318,0.03,130.72,0.032,2.73,13595.599999999999,0.324,0.04,95.88,0.01
25,0,-2500,2500.0,184211.9177151182,5.322493076324463,0.19672123542474385,0.47,3985.2,0.251,0.02,137.24,0.01,0.94,21648.0,0.37,0.02,137.24,0.01,101835.02023063003,10.911681175231934,0.1824988502255896,0.89,4826.58,0.317,0.15,1115.73,0.021,2.16,13120.0,0.321,0.03,90.24,0.009
25,0,-2000,2000.0,181669.49270257336,5.145750045776367,0.19625117814122237,0.73,8139.06,0.361,0.02,139.12,0.01,1.1,22156.4,0.374,0.02,139.12,0.01,92394.60791471336,8.992526054382324,0.1760898305980825,0.79,4814.22,0.317,0.15,1044.89,0.021,1.94,13005.2,0.32,0.03,88.36,0.009
25,0,-1500,1500.0,178426.03766327963,5.004200458526611,0.1954445354656244,0.53,7990.74,0.356,0.02,142.88,0.01,1.21,22664.8,0.378,0.02,142.88,0.01,82615.52681377652,7.058988094329834,0.16842689012123294,0.49,1746.69,0.215,0.14,1044.89,0.021,1.67,12906.8,0.319,0.02,86.48,0.009
25,0,-1000,1000.0,173642.66855435254,4.788739204406738,0.1933131678988741,0.42,7860.96,0.353,0.21,3860.7800000000007,0.034,0.94,22156.4,0.373,0.03,142.88,0.01,72837.8230554259,5.326717853546143,0.1574568247084965,0.32,1351.0,0.234,0.13,1186.57,0.022,1.48,12168.8,0.314,0.02,86.48,0.009
25,0,-500,500.0,169117.59657468466,4.520811557769775,0.19136216749814494,0.33,7456.17,0.342,0.01,137.24,0.01,0.75,21730.0,0.369,0.01,137.24,0.01,65659.35093535754,3.858452081680298,0.14898031456904448,0.5,3862.5,0.299,0.02,75.2,0.009,1.29,11578.4,0.311,0.02,75.2,0.009
25,0,0,0.0,164798.1892389604,4.432910919189453,0.18867744547483248,0.33,7063.74,0.333,0.01,135.36,0.01,0.75,20549.2,0.358,0.01,135.36,0.01,61434.467718214546,2.8543143272399902,0.14155341964171872,0.43,3179.6099999999997,0.283,0.02,71.44,0.009,1.05,9766.2,0.296,0.02,71.44,0.009
25,0,500,500.0,161887.28484979217,4.489565372467041,0.18709969269048854,0.3,6798.0,0.33,0.01,127.84000000000002,0.01,0.75,19425.8,0.347,0.01,127.84000000000002,0.01,60669.527157844415,3.031607151031494,0.13966914687549592,0.36,1415.7,0.131,0.01,50.76,0.008,0.79,8085.199999999999,0.278,0.01,50.76,0.008
25,0,1000,1000.0,160267.79902519513,4.524163722991943,0.18537025976374183,0.28,4547.2,0.24,0.01,125.96000000000001,0.01,0.67,18302.4,0.336,0.01,125.96000000000001,0.01,64117.98214069877,4.244932651519775,0.14267697669219198,0.6,2097.9,0.209,0.01,45.12,0.007,0.5,6945.400000000001,0.264,0.01,45.12,0.007
25,0,1500,1500.0,159872.5172466858,4.5670270919799805,0.18467011757106644,0.37,5941.64,0.241,0.01,120.32,0.01,0.58,17613.6,0.333,0.01,120.32,0.01,68571.61204328798,5.914248466491699,0.14711647824069468,0.63,1996.44,0.212,0.0,33.84,0.006,0.4,5879.4,0.247,0.0,33.84,0.006
25,0,2000,2000.0,160944.10657423653,4.68878173828125,0.1842430011635993,0.33,4764.7,0.242,0.01,118.44,0.01,0.48,17310.2,0.332,0.01,118.44,0.01,74357.7299815297,6.755079746246338,0.15281934614609555,0.76,2375.1,0.209,0.0,31.960000000000004,0.006,0.51,6215.6,0.253,0.0,31.960000000000004,0.006
25,0,2500,2500.0,162960.45861360145,5.401534080505371,0.18445801318838054,0.34,4782.1,0.243,0.01,116.56,0.01,0.49,17015.0,0.331,0.01,116.56,0.01,79362.97948951833,6.889617919921875,0.15714495426446987,0.39,1155.0,0.222,0.01,37.6,0.007,0.63,6674.800000000001,0.261,0.01,37.6,0.007
25,0,3000,3000.0,166136.90169352014,6.220495223999023,0.1852543462564639,0.4,4743.9,0.253,0.01,114.68,0.01,0.5,17105.2,0.332,0.01,114.68,0.01,83372.14268585667,6.407502174377441,0.1598640030142978,0.39,1177.4,0.223,0.01,39.48,0.007,1.03,7822.799999999999,0.277,0.01,39.48,0.007
25,0,3500,3500.0,169608.59214004045,6.655965805053711,0.18610296463229367,0.4,4480.56,0.254,0.01,116.56,0.01,0.51,17228.2,0.333,0.01,116.56,0.01,86733.79150306864,5.7066731452941895,0.1611239709306927,0.4,1276.8,0.229,0.02,52.64000000000001,0.008,1.42,8970.8,0.29,0.02,52.64000000000001,0.008
25,0,4000,4000.0,174042.51065565238,6.609533786773682,0.1876267590731112,0.44,4898.36,0.254,0.01,116.56,0.01,0.54,17507.0,0.334,0.01,116.56,0.01,89872.49869717634,4.978103160858154,0.16186538567171654,0.37,1269.8,0.229,0.02,54.519999999999996,0.008,1.42,9512.0,0.295,0.02,54.519999999999996,0.008
25,0,4500,4500.0,178225.97098591636,6.384463787078857,0.18878468420774908,0.24,2580.2,0.265,0.01,120.32,0.01,0.72,17802.2,0.335,0.01,120.32,0.01,93629.69674100341,5.329826831817627,0.16290414708745368,0.66,3695.6400000000003,0.296,0.02,60.16,0.008,1.31,9954.8,0.299,0.02,60.16,0.008
25,0,5000,5000.0,182412.82143045217,6.150219440460205,0.1896875689757438,0.56,6899.969999999999,0.332,0.01,122.2,0.01,0.93,18343.4,0.337,0.01,122.2,0.01,98555.95497709292,6.056940078735352,0.16481094160628543,0.78,3599.85,0.293,0.02,62.04,0.008,1.08,9790.8,0.297,0.02,62.04,0.008
25,0,5500,5500.0,186449.79913236655,6.532259941101074,0.19036678458339043,0.45,7066.83,0.334,0.01,127.84000000000002,0.01,1.14,19114.2,0.344,0.01,127.84000000000002,0.01,103987.2322768395,6.704068183898926,0.1672016371042907,0.74,3769.8,0.296,0.02,62.04,0.008,1.23,9602.2,0.294,0.02,62.04,0.008
25,0,6000,6000.0,190654.7263886839,7.151830673217773,0.19191139213310995,0.45,7308.68,0.251,0.01,129.72,0.01,0.92,20024.4,0.353,0.01,129.72,0.01,110384.45604599838,7.680654048919678,0.1705553547395878,0.68,3973.74,0.301,0.01,62.04,0.008,1.17,10077.8,0.298,0.01,62.04,0.008
25,0,6500,6500.0,194112.44765880785,7.749083042144775,0.19289160562449686,0.49,7461.76,0.251,0.01,135.36,0.01,0.76,20869.0,0.36,0.01,135.36,0.01,116176.11577236821,8.144072532653809,0.17310155633307137,0.8,4717.0,0.235,0.01,65.8,0.008,1.09,10610.8,0.302,0.01,65.8,0.008
25,0,7000,7000.0,197281.1962593248,8.546164512634277,0.19468874823095836,0.54,7201.88,0.249,0.01,137.24,0.01,0.76,21369.2,0.365,0.01,137.24,0.01,121840.19456103706,8.004700660705566,0.17605711441233618,0.69,3941.1,0.24,0.01,67.68,0.008,1.11,11660.4,0.309,0.01,67.68,0.008
25,0,7500,7500.0,199778.82308664906,9.489241600036621,0.1962387125407206,0.56,7045.24,0.248,0.01,139.12,0.01,0.81,21910.4,0.369,0.01,139.12,0.01,127205.14850092768,7.447661876678467,0.1785792086300547,0.72,3981.7,0.241,0.01,80.84,0.009,1.3,12751.0,0.317,0.01,80.84,0.009
25,0,8000,8000.0,201029.4071304234,10.715258598327637,0.1969965455868044,0.59,6877.92,0.247,0.01,139.12,0.01,0.87,22796.0,0.377,0.01,139.12,0.01,131306.15633604184,6.640921115875244,0.1801489755708126,0.75,4074.5,0.241,0.02,82.72,0.009,1.27,13374.199999999999,0.32,0.02,82.72,0.009
25,0,8500,8500.0,201827.76765009676,12.264979362487793,0.1973540850264807,0.56,3429.14,0.159,0.01,144.76,0.01,0.93,23698.0,0.384,0.01,144.76,0.01,135194.07858436566,6.3017706871032715,0.18124475119328926,0.75,4083.2,0.242,0.01,90.24,0.009,1.23,13923.6,0.323,0.01,90.24,0.009
25,0,9000,9000.0,201851.5938680149,13.885724067687988,0.19783835276296957,0.74,5367.6,0.258,0.01,146.64,0.01,1.04,24436.0,0.389,0.01,146.64,0.01,139074.62073696638,6.710631847381592,0.1834646614790937,0.7,4028.22,0.25,0.01,92.12,0.009,1.02,14194.199999999999,0.324,0.01,92.12,0.009
25,0,9500,9500.0,200825.7030580714,14.91514778137207,0.19756264854921649,0.73,5067.3,0.259,0.01,150.4,0.01,1.14,24985.4,0.393,0.01,150.4,0.01,142354.19270561982,6.830262184143066,0.18514840133336258,0.38,2125.2,0.262,0.01,97.76,0.01,0.94,14350.0,0.326,0.01,97.76,0.01
25,0,10000,10000.0,198720.4185777216,15.483583450317383,0.19702553677647547,0.82,5049.52,0.259,0.01,152.28,0.01,1.23,24206.4,0.387,0.01,152.28,0.01,144578.46714079997,7.576436519622803,0.187030368777043,0.83,5500.2,0.325,0.01,99.64,0.01,1.3,14702.6,0.328,0.01,99.64,0.01
25,0,10500,10500.0,197376.9942664518,15.462510108947754,0.19727625747757296,0.87,5041.9,0.259,0.01,146.64,0.01,1.32,23435.6,0.38,0.01,146.64,0.01,146025.4938237953,9.3045015335083,0.18865219974316777,0.66,3896.36,0.252,0.01,103.40000000000002,0.01,1.63,15030.599999999999,0.33,0.01,103.40000000000002,0.01
25,0,11000,11000.0,196171.088725663,14.86105728149414,0.19683548600326667,1.26,8602.56,0.367,0.01,144.76,0.01,1.8,23689.8,0.382,0.01,144.76,0.01,145540.177387915,11.120622634887695,0.18975885837297146,0.94,6170.73,0.331,0.01,105.28000000000002,0.01,1.5,15678.4,0.332,0.01,105.28000000000002,0.01
25,0,11500,11500.0,195322.85507086155,14.44636344909668,0.19642102410113263,1.21,8565.48,0.366,0.02,146.64,0.01,2.46,24075.2,0.385,0.02,146.64,0.01,143580.17847267364,13.016363143920898,0.18982949322960746,0.95,6300.51,0.332,0.01,110.92,0.01,1.96,16490.2,0.335,0.01,110.92,0.01
25,0,12000,12000.0,194603.93859054614,14.286347389221191,0.19590743730685567,1.16,8543.85,0.365,0.02,148.52,0.01,2.49,24042.4,0.385,0.02,148.52,0.01,139466.91266241786,14.963791847229004,0.1892074368767252,0.9,3439.8,0.24,0.02,114.68,0.01,1.93,16793.6,0.336,0.02,114.68,0.01
25,0,12500,12500.0,194124.95016371645,14.37887954711914,0.19553299761487156,0.8,4851.4,0.257,0.03,146.64,0.01,2.32,23927.6,0.385,0.03,146.64,0.01,134179.2181767918,16.351398468017578,0.18774765412957362,0.88,3261.36,0.242,0.02,112.8,0.01,1.85,17105.2,0.337,0.02,112.8,0.01
25,0,13000,13000.0,193573.63977455316,14.02907657623291,0.19511563794085482,0.96,5460.699999999999,0.249,0.03,146.64,0.01,2.0,23033.8,0.377,0.03,146.64,0.01,127264.76250597094,15.993610382080078,0.1848384665527408,0.96,3563.96,0.242,0.02,114.68,0.01,1.66,16629.600000000002,0.335,0.02,114.68,0.01
25,0,13500,13500.0,194017.20269920485,13.563450813293457,0.19569672155238513,0.48,2793.0,0.269,0.02,141.0,0.01,2.06,22271.2,0.371,0.02,141.0,0.01,120807.76706218603,14.783279418945312,0.18225466344544022,1.22,5815.38,0.328,0.02,107.15999999999998,0.01,2.29,16154.0,0.334,0.02,107.15999999999998,0.01
25,0,14000,14000.0,195001.75041428703,12.376238822937012,0.1965602305941549,1.05,8244.12,0.358,0.02,139.12,0.01,2.14,22558.2,0.373,0.02,139.12,0.01,114924.22313436982,12.318317413330078,0.17963968515906706,1.46,5512.56,0.325,0.02,105.28000000000002,0.01,2.71,15383.200000000003,0.33,0.02,105.28000000000002,0.01
25,0,14500,14500.0,195804.4187866431,10.985122680664062,0.19739466290656502,0.65,3794.88,0.25,0.02,141.0,0.01,2.16,22992.8,0.377,0.02,141.0,0.01,109266.68107429286,9.560513496398926,0.17705680434346371,1.24,5120.13,0.319,0.03,97.76,0.009,3.04,14612.4,0.327,0.03,97.76,0.009
25,0,15000,15000.0,195783.54048418519,10.597411155700684,0.19748621772009958,0.44,2849.0,0.27,0.03,141.0,0.01,1.99,23386.4,0.38,0.03,141.0,0.01,104195.41781584849,8.757438659667969,0.17423086462392007,0.99,4709.16,0.314,0.03,95.88,0.009,2.51,13571.0,0.322,0.03,95.88,0.009
25,0,15500,15500.0,195432.2509256621,10.78310489654541,0.19735037349155166,0.56,3794.88,0.25,0.02,144.76,0.01,1.77,23739.0,0.383,0.02,144.76,0.01,99879.61639397254,9.633851051330566,0.17212027146434578,0.77,4557.75,0.312,0.02,82.72,0.009,1.93,12578.8,0.316,0.02,82.72,0.009
25,0,16000,16000.0,194467.50712497078,10.862499237060547,0.19645569588584438,1.02,7029.84,0.228,0.02,144.76,0.01,1.47,23607.8,0.383,0.02,144.76,0.01,96839.3702228117,10.34703254699707,0.1700041080383406,1.56,9783.27,0.257,0.02,80.84,0.009,1.36,12045.8,0.313,0.02,80.84,0.009
25,0,16500,16500.0,193683.6698028573,11.29967212677002,0.1955505889469932,0.57,5391.1,0.249,0.02,144.76,0.01,1.25,23361.8,0.381,0.02,144.76,0.01,94729.9193123763,10.910226821899414,0.16869809185067888,1.64,9677.79,0.258,0.02,77.08,0.009,1.18,11611.2,0.31,0.02,77.08,0.009
25,0,17000,17000.0,193580.1390665627,12.86340618133545,0.1950233187858393,0.49,4841.24,0.258,0.02,144.76,0.01,1.19,22869.8,0.377,0.02,144.76,0.01,93288.99155223771,11.326626777648926,0.1659353052645403,1.77,9660.21,0.258,0.01,75.2,0.009,1.26,11119.2,0.306,0.01,75.2,0.009
25,0,17500,17500.0,194254.193460198,13.718061447143555,0.19491810073267718,0.28,2718.8000000000006,0.268,0.01,141.0,0.01,1.13,22410.6,0.374,0.01,141.0,0.01,93195.36872118042,11.664088249206543,0.1645819184454483,1.92,9800.85,0.258,0.01,69.56,0.008,1.32,10676.4,0.302,0.01,69.56,0.008
25,0,18000,18000.0,195945.2728156629,13.926259994506836,0.19555944692881574,0.72,6856.560000000001,0.248,0.01,139.12,0.01,1.23,22164.6,0.372,0.01,139.12,0.01,94334.68288551376,11.737322807312012,0.16331852341409475,2.11,10187.61,0.258,0.01,67.68,0.008,1.49,10561.6,0.303,0.01,67.68,0.008
25,0,18500,18500.0,198222.01855748158,13.66585922241211,0.19668634918841907,0.65,8046.36,0.356,0.01,137.24,0.01,1.43,22074.4,0.372,0.01,137.24,0.01,96894.5391844287,11.772110939025879,0.16357168671901945,2.31,10917.18,0.263,0.01,67.68,0.009,1.64,10471.4,0.305,0.01,67.68,0.009
25,0,19000,19000.0,200867.10586601592,13.021839141845703,0.19791823262403802,0.7,8284.29,0.363,0.01,137.24,0.01,1.58,22705.8,0.378,0.01,137.24,0.01,101026.091044675,11.67362117767334,0.16595504816187676,2.61,12068.67,0.27,0.01,67.68,0.009,1.75,10315.6,0.302,0.01,67.68,0.009
25,0,19500,19500.0,202721.28867796826,12.253613471984863,0.19863736983292615,0.69,8627.28,0.369,0.01,141.0,0.01,1.71,23329.0,0.383,0.01,141.0,0.01,105650.44972261594,11.32025146484375,0.16917508413367996,0.93,4023.18,0.299,0.01,65.8,0.008,1.88,10274.6,0.301,0.01,65.8,0.008
25,0,20000,20000.0,204038.6559345986,11.41250228881836,0.1991654899463909,0.68,9047.52,0.378,0.01,142.88,0.01,1.67,24255.6,0.39,0.01,142.88,0.01,109799.00050929264,10.584484100341797,0.1720957069485371,1.02,4248.75,0.303,0.01,63.92000000000001,0.008,1.96,10602.6,0.299,0.01,63.92000000000001,0.008
25,0,20500,20500.0,204762.77689644776,10.582756996154785,0.19924095428724944,0.65,9121.68,0.379,0.01,150.4,0.01,1.63,25182.2,0.396,0.01,150.4,0.01,113337.71232592319,9.859504699707031,0.17458844671665713,1.03,4610.28,0.309,0.02,67.68,0.008,2.05,11176.6,0.303,0.02,67.68,0.008
26,0,-21000,21000.0,84815.58333552968,5.7948431968688965,0.15636448769109848,1.26,4715.34,0.302,0.19,1186.57,0.02,1.79,12480.4,0.302,0.03,78.96,0.008,13936.914856620297,1.861467957496643,0.09225562291126503,0.15,357.78,0.133,0.0,9.4,0.004,0.4,2000.8,0.201,0.0,9.4,0.004
26,0,-20500,20500.0,76345.55620637993,3.782677173614502,0.14801042227143876,0.87,4251.84,0.292,0.21,1151.15,0.019,2.24,12603.4,0.304,0.03,80.84,0.008,13224.337965756786,1.8007875680923462,0.08808958593775511,0.12,289.44,0.128,0.0,7.52,0.004,0.37,1853.1999999999998,0.199,0.0,7.52,0.004
26,0,-20000,20000.0,68414.44738701914,2.3497302532196045,0.1404437961403963,1.43,11160.2,0.293,0.17,991.7600000000001,0.017,1.43,11160.2,0.293,0.03,82.72,0.009,13077.663622456384,1.819641351699829,0.08495737931329016,0.11,275.37,0.126,0.0,7.52,0.004,0.33,1590.8,0.192,0.0,7.52,0.004
26,0,-19500,19500.0,62084.85574527456,2.1636147499084473,0.13511744907415404,0.47,3266.13,0.268,0.15,867.79,0.016,0.97,9856.4,0.282,0.02,62.04,0.007,13502.968552790804,1.8648362159729004,0.08452603556455301,0.16,469.80000000000007,0.126,0.0,7.52,0.003,0.3,1353.0,0.183,0.0,7.52,0.003
26,0,-19000,19000.0,56662.81273672737,2.127591609954834,0.1279417125871744,0.41,2805.72,0.255,0.01,56.4,0.007,0.75,8536.2,0.267,0.01,56.4,0.007,14537.185235279867,1.922963261604309,0.08488878632280004,0.17,577.1,0.129,0.0,5.64,0.003,0.28,1254.6,0.174,0.0,5.64,0.003
26,0,-18500,18500.0,52951.767679388286,2.2123258113861084,0.1233735098251221,0.41,2722.29,0.251,0.0,41.36,0.006,0.66,7429.2,0.255,0.0,41.36,0.006,15994.781187699573,1.9368757009506226,0.08677622595066412,0.17,585.8,0.129,0.0,5.64,0.003,0.27,1238.2,0.171,0.0,5.64,0.003
26,0,-18000,18000.0,50512.00123102535,2.3863980770111084,0.11885373713220382,0.4,2657.4,0.249,0.01,39.48,0.006,0.65,7232.4,0.251,0.01,39.48,0.006,17942.9512268327,1.8734198808670044,0.08881518351537582,0.17,687.3,0.133,0.0,5.64,0.003,0.28,1426.8,0.176,0.0,5.64,0.003
26,0,-17500,17500.0,47933.82105487108,2.506863594055176,0.11398844057681194,0.45,2143.12,0.167,0.01,39.48,0.006,0.64,7027.4,0.247,0.01,39.48,0.006,20127.852923196187,1.7935632467269897,0.09106897445005477,0.21,1153.44,0.142,0.0,7.52,0.003,0.28,1623.6,0.181,0.0,7.52,0.003
26,0,-17000,17000.0,45513.58711676803,2.528201103210449,0.10995709416618499,0.45,1600.7999999999997,0.163,0.01,39.48,0.006,0.57,6100.8,0.229,0.01,39.48,0.006,22581.07987041444,1.8226921558380127,0.09405291800959868,0.19,843.9,0.137,0.0,7.52,0.003,0.28,1804.0000000000002,0.184,0.0,7.52,0.003
26,0,-16500,16500.0,43970.25397871157,2.465460777282715,0.10804313280362515,0.46,1624.0,0.165,0.01,30.08,0.005,0.46,5166.0,0.21,0.01,30.08,0.005,24998.41844887877,1.953538179397583,0.09640268348704902,0.19,858.4,0.138,0.0,9.4,0.004,0.28,1976.2000000000003,0.187,0.0,9.4,0.004
26,0,-16000,16000.0,43692.45895265558,2.25656795501709,0.10766040278314587,0.57,2086.16,0.165,0.01,28.2,0.005,0.44,4780.6,0.201,0.01,28.2,0.005,27620.380424428604,2.182690143585205,0.10108610982602993,0.17,972.0,0.15,0.0,9.4,0.004,0.27,2189.4,0.191,0.0,9.4,0.004
26,0,-15500,15500.0,44516.67464278904,2.9180972576141357,0.10944057251942413,0.66,1943.76,0.16,0.01,22.56,0.004,0.44,4649.4,0.198,0.01,22.56,0.004,29819.6404673175,2.469557046890259,0.10482629482482207,0.17,922.02,0.151,0.0,9.4,0.004,0.29,2419.0,0.196,0.0,9.4,0.004
26,0,-15000,15000.0,45892.26816070371,3.336446762084961,0.11002887199209103,0.74,2125.32,0.167,0.01,22.56,0.004,0.44,4764.2,0.201,0.01,22.56,0.004,31385.593809477206,2.745737314224243,0.10903240747391484,0.22,955.8,0.146,0.0,11.28,0.004,0.34,2820.8,0.203,0.0,11.28,0.004
26,0,-14500,14500.0,47446.178982064564,4.230262279510498,0.11028421292267158,0.79,2278.4,0.172,0.01,26.320000000000004,0.005,0.43,4780.6,0.203,0.01,26.320000000000004,0.005,32143.59886926934,2.9408140182495117,0.11201366007002438,0.27,1356.51,0.215,0.0,13.160000000000002,0.004,0.41,3239.0,0.21,0.0,13.160000000000002,0.004
26,0,-14000,14000.0,49707.979114312504,5.455760955810547,0.11239239769827603,0.84,2759.0,0.187,0.01,26.320000000000004,0.005,0.38,4551.0,0.197,0.01,26.320000000000004,0.005,31697.672452032206,2.871819019317627,0.11189680962597699,0.34,1529.55,0.219,0.0,13.160000000000002,0.004,0.52,3681.8,0.215,0.0,13.160000000000002,0.004
26,0,-13500,13500.0,52761.5295497154,6.904320240020752,0.11584444970149575,1.05,3075.84,0.195,0.01,24.44,0.004,0.36,4329.6,0.194,0.01,24.44,0.004,30966.243598822854,2.698909282684326,0.11078596481458403,0.35,1504.83,0.218,0.0,16.92,0.004,0.63,4091.8,0.219,0.0,16.92,0.004
26,0,-13000,13000.0,57364.64807337898,9.041913986206055,0.12395799055811307,0.93,2691.2,0.202,0.01,24.44,0.004,0.53,4280.4,0.195,0.01,24.44,0.004,30040.452042764264,2.4109036922454834,0.10789645198160261,0.39,1489.38,0.217,0.0,18.8,0.004,0.67,4083.6000000000004,0.217,0.0,18.8,0.004
26,0,-12500,12500.0,62089.90658104021,11.049854278564453,0.13234535216188661,0.96,2740.5,0.204,0.01,22.56,0.004,0.69,4354.2,0.199,0.01,22.56,0.004,29688.739792936485,2.5498034954071045,0.10607651099004424,0.45,1908.16,0.194,0.0,16.92,0.004,0.68,4009.7999999999997,0.217,0.0,16.92,0.004
26,0,-12000,12000.0,64834.00893711787,11.781453132629395,0.13694618344390516,0.88,2371.34,0.201,0.01,22.56,0.004,0.8,5051.2,0.211,0.01,22.56,0.004,30825.657322858297,3.290848731994629,0.10813055881645682,0.35,1351.4,0.186,0.0,16.92,0.004,0.59,3452.2,0.212,0.0,16.92,0.004
26,0,-11500,11500.0,66235.82168118157,11.531209945678711,0.13907300937284228,0.47,1255.8,0.211,0.01,33.84,0.005,0.93,5904.0,0.228,0.01,33.84,0.005,33298.782098916214,4.420965671539307,0.11320177900352454,0.37,1389.1,0.188,0.0,13.160000000000002,0.004,0.47,2886.4,0.206,0.0,13.160000000000002,0.004
26,0,-11000,11000.0,65615.14596034965,10.039762496948242,0.13985334077537248,0.45,1198.4,0.208,0.01,35.72,0.006,1.45,7175.0,0.248,0.01,35.72,0.006,37595.852371371526,5.716935157775879,0.1212060476580997,0.4,1696.5,0.2,0.0,13.160000000000002,0.004,0.29,2697.8,0.203,0.0,13.160000000000002,0.004
26,0,-10500,10500.0,62567.08571567206,7.638888359069824,0.13699113641875188,2.01,8298.4,0.263,0.15,708.4,0.014,2.01,8298.4,0.263,0.02,50.76,0.007,42567.80575151577,6.92173433303833,0.1297816413082178,0.53,1876.1199999999997,0.188,0.0,11.28,0.004,0.33,2615.8,0.203,0.0,11.28,0.004
26,0,-10000,10000.0,56793.98339884484,5.268564224243164,0.13117433300080522,1.57,7790.0,0.257,0.14,655.27,0.014,1.57,7790.0,0.257,0.02,54.519999999999996,0.007,47237.59102260545,8.42518424987793,0.13466686834534192,0.58,1979.3599999999997,0.185,0.0,11.28,0.004,0.43,3083.2,0.211,0.0,11.28,0.004
26,0,-9500,9500.0,51934.16421826532,5.912843704223633,0.12708148355446286,0.37,1393.2,0.177,0.13,637.56,0.014,1.13,7462.0,0.253,0.02,47.0,0.007,51040.406113451354,9.372783660888672,0.1369666051387626,0.61,2036.32,0.183,0.01,18.8,0.005,0.54,3829.4,0.233,0.01,18.8,0.005
26,0,-9000,9000.0,47664.547524345246,6.133026599884033,0.12197276553869471,0.72,3111.63,0.264,0.12,655.27,0.015,0.98,7601.4,0.254,0.02,41.36,0.006,53814.47969533929,9.870203018188477,0.13681667245043042,0.64,2392.32,0.187,0.01,20.68,0.005,0.71,4764.2,0.253,0.01,20.68,0.005
26,0,-8500,8500.0,44287.73301515415,6.375290393829346,0.11797446283371806,0.54,2731.56,0.25,0.01,41.36,0.006,1.21,7872.0,0.258,0.01,41.36,0.006,55966.49308061904,9.937430381774902,0.1351898384032471,0.73,2655.76,0.192,0.01,30.08,0.006,0.97,5649.8,0.267,0.01,30.08,0.006
26,0,-8000,8000.0,41445.08936588889,6.266497611999512,0.1133063714052951,0.48,2326.77,0.234,0.14,796.95,0.017,1.12,7052.0,0.246,0.02,41.36,0.006,58348.0868221623,10.126991271972656,0.13569089398103307,0.77,2865.8000000000006,0.197,0.01,33.84,0.007,1.06,5969.6,0.269,0.01,33.84,0.007
26,0,-7500,7500.0,39945.688265692224,5.9836344718933105,0.11110858998820648,1.09,6059.8,0.23,0.01,31.960000000000004,0.005,1.09,6059.8,0.23,0.01,31.960000000000004,0.005,61206.207081759145,11.001666069030762,0.13709309255086483,0.78,3004.64,0.201,0.01,33.84,0.006,1.16,6297.6,0.272,0.01,33.84,0.006
26,0,-7000,7000.0,40698.66729468206,5.641394138336182,0.11229070925949738,0.97,5116.8,0.216,0.01,30.08,0.005,0.97,5116.8,0.216,0.01,30.08,0.005,64528.21531115456,11.521357536315918,0.14095539278800143,0.66,2349.0,0.199,0.01,33.84,0.006,1.08,6248.4,0.266,0.01,33.84,0.006
26,0,-6500,6500.0,42881.875635916185,5.275693416595459,0.11607583775138353,1.26,5836.56,0.213,0.0,22.56,0.004,0.85,4288.6,0.203,0.0,22.56,0.004,67576.58826079643,11.5211763381958,0.14482644906278822,0.66,2372.2,0.2,0.01,31.960000000000004,0.006,1.01,6232.0,0.261,0.01,31.960000000000004,0.006
26,0,-6000,6000.0,46806.78595271065,5.254153728485107,0.12134042525298544,1.38,6618.87,0.221,0.0,20.68,0.004,0.77,4149.2,0.201,0.0,20.68,0.004,69612.06654865715,10.996004104614258,0.14826145896781048,1.24,4857.45,0.196,0.01,31.960000000000004,0.006,1.06,6765.0,0.264,0.01,31.960000000000004,0.006
26,0,-5500,5500.0,51162.3570574745,6.1805620193481445,0.12668566430367514,1.32,7137.479999999999,0.226,0.0,20.68,0.004,0.7,4190.200000000001,0.205,0.0,20.68,0.004,70087.81023923524,10.006538391113281,0.14971785021805806,0.42,1597.95,0.198,0.01,37.6,0.006,1.13,7232.4,0.267,0.01,37.6,0.006
26,0,-5000,5000.0,55512.9637164321,6.849242210388184,0.13071752134887712,0.53,2169.18,0.243,0.0,20.68,0.004,0.65,4756.0,0.219,0.0,20.68,0.004,68365.62325680869,8.614388465881348,0.14837147594808212,0.39,1557.75,0.196,0.01,37.6,0.006,1.22,7913.0,0.275,0.01,37.6,0.006
26,0,-4500,4500.0,59806.860372455856,7.73419713973999,0.1344093954472034,0.63,2456.55,0.253,0.01,26.320000000000004,0.005,0.84,5485.8,0.236,0.01,26.320000000000004,0.005,65828.26264368226,7.235301971435547,0.14565637076623875,0.57,3096.18,0.28,0.01,45.12,0.006,1.26,8528.0,0.283,0.01,45.12,0.006
26,0,-4000,4000.0,63383.997694424244,7.763788223266602,0.1385365771274165,0.74,2802.63,0.264,0.01,28.2,0.006,1.17,6305.8,0.248,0.01,28.2,0.006,62294.865801084736,5.958512306213379,0.14160176648036352,0.61,3068.37,0.281,0.01,47.0,0.007,1.2,8462.4,0.284,0.01,47.0,0.007
26,0,-3500,3500.0,65202.12006964952,7.731726169586182,0.14026517660974425,0.63,2926.23,0.265,0.01,35.72,0.006,1.42,7133.999999999999,0.259,0.01,35.72,0.006,59077.77629862961,5.188690185546875,0.13796180275723566,0.56,2781.0,0.272,0.01,47.0,0.007,1.24,8331.2,0.285,0.01,47.0,0.007
26,0,-3000,3000.0,64811.75920064517,7.832509994506836,0.14107614854098757,0.62,2105.4,0.189,0.01,37.6,0.006,1.34,7601.4,0.263,0.01,37.6,0.006,57020.91622688736,5.233234882354736,0.13645229472349746,0.5,2468.91,0.261,0.01,47.0,0.007,1.12,7535.8,0.275,0.01,47.0,0.007
26,0,-2500,2500.0,63423.72125731731,7.552149772644043,0.14107592528848475,0.63,2119.9,0.189,0.01,43.24,0.006,1.19,8036.000000000001,0.267,0.01,43.24,0.006,56666.82418425028,5.384380340576172,0.13800308355051016,0.43,1974.9,0.196,0.01,37.6,0.006,0.96,6756.8,0.264,0.01,37.6,0.006
26,0,-2000,2000.0,60093.71625870513,7.030684947967529,0.13933128778523063,0.67,3306.3,0.275,0.01,43.24,0.007,1.16,8437.8,0.27,0.01,43.24,0.007,57862.309072028555,5.5869879722595215,0.14176962666796739,0.42,2150.64,0.246,0.01,33.84,0.006,0.94,6256.6,0.255,0.01,33.84,0.006
26,0,-1500,1500.0,55672.199992214155,6.327595233917236,0.1356583440572194,0.65,2963.31,0.264,0.01,47.0,0.006,1.3,8757.6,0.275,0.01,47.0,0.006,59913.60132868922,5.812334060668945,0.14682960136120118,0.49,2054.12,0.192,0.01,30.08,0.005,0.89,5936.8,0.251,0.01,30.08,0.005
26,0,-1000,1000.0,49852.15934994476,5.23583984375,0.12907525876524253,0.64,2607.96,0.253,0.08,478.1700000000001,0.012,1.3,8109.800000000001,0.268,0.01,48.88,0.007,62859.88135477464,7.41050386428833,0.15347389987081672,1.64,7620.93,0.258,0.01,30.08,0.005,0.69,6043.4,0.255,0.01,30.08,0.005
26,0,-500,500.0,44132.4934266599,4.01278018951416,0.12169095522903323,0.57,2261.88,0.239,0.01,41.36,0.006,1.25,7248.8,0.257,0.01,41.36,0.006,64784.608702983714,9.023011207580566,0.1584265987819326,2.06,8209.86,0.265,0.01,33.84,0.006,0.66,6133.6,0.259,0.01,33.84,0.006
26,0,0,0.0,38929.254539302114,2.727639675140381,0.11301600914125369,0.5,1937.4299999999998,0.228,0.01,41.36,0.006,1.1,6166.4,0.241,0.01,41.36,0.006,64841.242205648414,10.09517765045166,0.1600544342926091,2.18,7937.369999999999,0.263,0.01,35.72,0.006,0.71,6445.2,0.268,0.01,35.72,0.006
26,0,500,500.0,35056.334544062476,2.2491464614868164,0.10697757945471764,0.36,1727.31,0.216,0.01,30.08,0.005,0.94,5346.4,0.23,0.01,30.08,0.005,63827.21567980822,10.753472328186035,0.15988301363477767,1.02,2235.68,0.208,0.01,39.48,0.007,0.83,6888.0,0.279,0.01,39.48,0.007
26,0,1000,1000.0,31985.126889078994,2.001885175704956,0.1017663367065894,0.66,4608.4,0.215,0.01,26.320000000000004,0.005,0.66,4608.4,0.215,0.01,26.320000000000004,0.005,61838.567960784094,11.971871376037598,0.15976740870554937,0.93,1734.2000000000003,0.206,0.01,41.36,0.007,1.22,7527.6,0.291,0.01,41.36,0.007
26,0,1500,1500.0,30167.525405459804,1.9293718338012695,0.09969961289190495,0.3,1523.37,0.207,0.0,18.8,0.004,0.53,4173.8,0.209,0.0,18.8,0.004,59122.26979179879,12.52371597290039,0.15814730217566922,0.96,1748.7,0.207,0.01,48.88,0.008,1.64,8257.4,0.303,0.01,48.88,0.008
26,0,2000,2000.0,29191.523526649744,1.9390928745269775,0.10047224997483281,0.39,1492.47,0.205,0.0,16.92,0.004,0.51,3903.2,0.203,0.0,16.92,0.004,54922.05311941246,12.424888610839844,0.15598314491603646,1.08,1676.2,0.201,0.01,38.0,0.02,1.56,7806.4,0.3,0.02,50.76,0.008
26,0,2500,2500.0,28427.525835771634,1.8774151802062988,0.10230392184373238,0.25,951.2,0.132,0.0,15.04,0.004,0.56,3771.9999999999995,0.2,0.0,15.04,0.004,50888.01798524872,11.531118392944336,0.1553460512912354,1.09,1673.2999999999997,0.201,0.01,41.36,0.008,1.49,7363.6,0.297,0.01,41.36,0.008
26,0,3000,3000.0,27168.38915728382,1.8136060237884521,0.1024166350492488,0.12,439.6,0.141,0.0,15.04,0.004,0.46,3673.6000000000004,0.197,0.0,15.04,0.004,45577.003709891615,9.484601020812988,0.15109781696765626,1.03,2388.57,0.281,0.07,318.78,0.012,1.74,6945.400000000001,0.29,0.01,39.48,0.007
26,0,3500,3500.0,25730.51629735155,1.6124035120010376,0.10226226451332303,0.13,485.8,0.144,0.0,15.04,0.004,0.43,3575.2000000000003,0.194,0.0,15.04,0.004,39862.81794395228,7.4066009521484375,0.14525320037519238,0.73,1139.67,0.201,0.05,247.94000000000003,0.012,1.96,6412.4,0.281,0.02,39.48,0.007
26,0,4000,4000.0,23845.46490405346,1.317338466644287,0.09978230087206243,0.27,1405.95,0.201,0.0,15.04,0.004,0.41,3649.0,0.195,0.0,15.04,0.004,33951.886925383435,5.118146896362305,0.136200139125187,1.29,2105.28,0.182,0.05,247.94000000000003,0.012,1.82,6092.6,0.275,0.02,39.48,0.008
26,0,4500,4500.0,21755.724221416836,1.379030466079712,0.09599340959351484,0.25,1248.36,0.195,0.0,15.04,0.004,0.42,3649.0,0.194,0.0,15.04,0.004,28232.497287481616,3.196916103363037,0.12545832915694982,1.63,5707.2,0.267,0.06,247.94000000000003,0.012,1.63,5707.2,0.267,0.03,37.6,0.007
26,0,5000,5000.0,19760.6050617909,1.4357893466949463,0.09100242587327688,0.22,1093.86,0.191,0.0,16.92,0.004,0.38,3181.6,0.187,0.0,16.92,0.004,23030.113990884038,2.2363479137420654,0.11218427744182306,0.36,1371.9600000000003,0.226,0.08,265.65,0.012,0.89,4665.8,0.247,0.03,37.6,0.007
26,0,5500,5500.0,18690.12054988006,1.4679200649261475,0.08862321664172139,0.18,458.2,0.119,0.0,13.160000000000002,0.004,0.34,2771.6,0.181,0.0,13.160000000000002,0.004,19541.586818589534,1.5596598386764526,0.1035969469125493,0.65,3673.6000000000004,0.223,0.09,283.36,0.012,0.65,3673.6000000000004,0.223,0.01,22.56,0.005
26,0,6000,6000.0,18458.902868237008,1.4342076778411865,0.08632499506359977,0.12,333.66,0.12,0.0,13.160000000000002,0.004,0.27,2353.4,0.172,0.0,13.160000000000002,0.004,17521.14441375396,1.8182393312454224,0.09695608042887942,0.21,899.19,0.203,0.08,301.07,0.012,0.4,2779.8,0.202,0.01,20.68,0.005
26,0,6500,6500.0,19255.75715725586,1.3992952108383179,0.08757305070270474,0.2,451.88,0.082,0.0,9.4,0.004,0.28,2066.4,0.167,0.0,9.4,0.004,17035.35395290987,2.0865659713745117,0.0966497136442405,0.18,490.1,0.131,0.0,9.4,0.004,0.37,2271.4,0.195,0.0,9.4,0.004
26,0,7000,7000.0,20785.821409618213,1.7449171543121338,0.09046616078993626,0.26,761.4,0.14,0.0,9.4,0.004,0.27,2009.0000000000002,0.166,0.0,9.4,0.004,17517.605639015594,2.3396801948547363,0.09836159136254133,0.34,1011.36,0.128,0.0,9.4,0.004,0.26,2025.4000000000003,0.191,0.0,9.4,0.004
26,0,7500,7500.0,22365.991886918255,2.1360437870025635,0.09340760564722878,0.26,734.06,0.143,0.0,9.4,0.003,0.25,2041.8000000000002,0.17,0.0,9.4,0.003,18315.521040283318,2.5781090259552,0.10136460834725836,0.15,535.94,0.141,0.0,7.52,0.004,0.21,1845.0,0.188,0.0,7.52,0.004
26,0,8000,8000.0,24041.37863994756,2.297366142272949,0.09803601014538907,0.3,792.48,0.147,0.0,9.4,0.004,0.29,2230.4,0.175,0.0,9.4,0.004,19240.88108400866,2.6397790908813477,0.1052644300153068,0.16,583.8,0.141,0.0,7.52,0.004,0.28,1935.2,0.192,0.0,7.52,0.004
26,0,8500,8500.0,25287.939373183428,2.5901200771331787,0.10181431607592806,0.39,1096.95,0.197,0.0,11.28,0.004,0.46,2443.6,0.181,0.0,11.28,0.004,19812.80433492799,2.5028531551361084,0.10822942068668918,0.09,309.4,0.149,0.0,7.52,0.004,0.34,2050.0,0.198,0.0,7.52,0.004
26,0,9000,9000.0,25406.41996395844,2.4566965103149414,0.10273257247775844,0.5,1254.5399999999997,0.206,0.0,11.28,0.004,0.68,2796.2,0.187,0.0,11.28,0.004,19833.920289912676,2.1503963470458984,0.11024399791633754,0.22,970.26,0.214,0.0,9.4,0.004,0.4,2304.2,0.205,0.0,9.4,0.004
26,0,9500,9500.0,25109.504694184718,2.1163783073425293,0.10260705536277605,0.5,1294.7100000000003,0.207,0.0,13.160000000000002,0.004,0.87,3181.6,0.196,0.0,13.160000000000002,0.004,19469.385413213855,1.7480688095092773,0.11110392924740306,0.2,1001.1600000000001,0.215,0.0,9.4,0.004,0.46,2558.4,0.213,0.0,9.4,0.004
26,0,10000,10000.0,23961.689217323965,1.6445698738098145,0.09919004176806548,0.49,1350.33,0.211,0.04,336.49,0.011,0.88,3378.4,0.201,0.01,15.04,0.004,18580.23094485377,1.3007570505142212,0.1107189971196117,0.17,1041.33,0.218,0.0,9.4,0.004,0.4,2656.8,0.215,0.0,9.4,0.004
26,0,10500,10500.0,22772.141324059885,1.1569771766662598,0.09508772306373567,0.37,1189.65,0.199,0.05,354.2,0.011,0.83,3476.8,0.203,0.01,16.92,0.004,17491.240737593354,1.3145971298217773,0.10955303248821598,0.2,519.76,0.131,0.0,11.28,0.004,0.34,2730.6,0.217,0.0,11.28,0.004
26,0,11000,11000.0,21745.817434100172,0.9276374578475952,0.09033523469490891,0.25,1072.23,0.194,0.01,121.29,0.021,0.58,3017.6,0.189,0.01,18.8,0.005,16169.528491883924,1.5135905742645264,0.10688129320829731,0.19,411.8,0.134,0.0,11.28,0.004,0.22,2517.4,0.215,0.0,11.28,0.004
26,0,11500,11500.0,21846.1809204975,0.8922853469848633,0.08907141464973783,0.18,1001.1600000000001,0.19,0.0,13.160000000000002,0.004,0.38,2722.4,0.184,0.0,13.160000000000002,0.004,15101.32884142987,1.6618891954421997,0.10521421036684371,0.24,541.12,0.131,0.0,9.4,0.004,0.21,2296.0,0.213,0.0,9.4,0.004
26,0,12000,12000.0,23347.770808443784,0.9186100959777832,0.09140684131471229,0.11,739.8,0.129,0.0,13.160000000000002,0.004,0.25,2468.2,0.178,0.0,13.160000000000002,0.004,14290.732693434253,1.7273792028427124,0.10328566716709489,0.23,408.9,0.133,0.0,9.4,0.004,0.26,2090.9999999999995,0.21,0.0,9.4,0.004
26,0,12500,12500.0,25632.447497160683,0.9754841923713684,0.09591631316523451,0.12,713.74,0.132,0.0,11.28,0.004,0.15,2304.2,0.174,0.0,11.28,0.004,13664.042649648112,1.7414661645889282,0.10223725430237854,0.23,408.9,0.133,0.0,7.52,0.004,0.31,1910.6,0.209,0.0,7.52,0.004
26,0,13000,13000.0,28397.41784502803,1.2450947761535645,0.10153643870857862,0.5,4017.0300000000007,0.185,0.0,11.28,0.004,0.16,2386.2,0.174,0.0,11.28,0.004,13170.089294148673,1.6519497632980347,0.1015162559580915,0.13,220.98,0.127,0.0,7.52,0.004,0.36,1771.2000000000003,0.208,0.0,7.52,0.004
26,0,13500,13500.0,31121.71380875159,1.6053466796875,0.10702900098362958,0.62,4236.78,0.191,0.0,11.28,0.004,0.19,2574.8,0.179,0.0,11.28,0.004,12771.51076475062,1.5043967962265015,0.10131974042629516,0.16,273.36,0.133,0.0,7.52,0.004,0.39,1640.0,0.207,0.0,7.52,0.004
26,0,14000,14000.0,33125.10608059857,1.9113515615463257,0.1123232061915675,0.26,1038.2,0.155,0.0,11.28,0.004,0.25,3017.6,0.186,0.0,11.28,0.004,12495.5382240732,1.2523376941680908,0.10291625899114401,0.11,189.0,0.143,0.0,5.64,0.004,0.39,1582.6,0.207,0.0,5.64,0.004
26,0,14500,14500.0,34001.24362733833,2.1291868686676025,0.11563693637427859,0.25,1046.48,0.168,0.0,13.160000000000002,0.004,0.3,3526.0,0.195,0.0,13.160000000000002,0.004,12130.91856775562,1.2274975776672363,0.10430763024219453,0.14,275.37,0.134,0.0,5.64,0.004,0.37,1533.4,0.206,0.0,5.64,0.004
26,0,15000,15000.0,33006.890922406456,2.2156736850738525,0.11594909814469045,0.32,1847.8200000000002,0.235,0.0,15.04,0.004,0.36,4059.0,0.209,0.0,15.04,0.004,11509.881277514294,1.1319206953048706,0.10352410172605388,0.12,271.35,0.134,0.0,5.64,0.004,0.32,1484.2,0.203,0.0,5.64,0.004
26,0,15500,15500.0,31517.073245085234,2.029944658279419,0.11535566844552574,0.15,607.6,0.177,0.08,336.49,0.011,0.53,4616.6,0.224,0.01,20.68,0.005,10914.472009778361,0.9971408247947693,0.10254212092573456,0.11,273.36,0.134,0.0,5.64,0.004,0.27,1443.2,0.201,0.0,5.64,0.004
26,0,16000,16000.0,28840.362190899352,1.7959940433502197,0.11074534583681186,0.15,571.2,0.171,0.08,336.49,0.011,0.56,4723.2,0.229,0.01,22.56,0.005,10277.887067314568,0.8601633906364441,0.0989749818473499,0.19,505.92,0.122,0.0,5.64,0.004,0.27,1467.8,0.201,0.0,5.64,0.004
26,0,16500,16500.0,26028.24588503442,1.883117914199829,0.10485975919934508,0.24,1541.91,0.222,0.09,354.2,0.011,0.56,4723.2,0.232,0.01,24.44,0.005,9726.905938837306,0.7553089261054993,0.09518886676164305,0.14,512.94,0.199,0.0,5.64,0.004,0.27,1492.4,0.201,0.0,5.64,0.004
26,0,17000,17000.0,23525.262570433435,1.8945287466049194,0.09830132622088263,0.3,1254.5399999999997,0.206,0.09,354.2,0.012,0.41,3952.4000000000005,0.213,0.01,26.320000000000004,0.006,9267.983760080268,0.6606348156929016,0.09087697904973693,0.15,460.41,0.195,0.0,5.64,0.004,0.24,1336.6,0.195,0.0,5.64,0.004
26,0,17500,17500.0,22038.668964398494,2.1153995990753174,0.09504591350170351,0.32,1081.5,0.199,0.01,16.92,0.004,0.45,3239.0,0.197,0.01,16.92,0.004,9134.555176042864,0.6674350500106812,0.08875915857253786,0.17,384.48,0.124,0.0,5.64,0.004,0.26,1197.2,0.189,0.0,5.64,0.004
26,0,18000,18000.0,21759.501915841836,2.287231683731079,0.09339927318473253,0.34,908.46,0.193,0.0,13.160000000000002,0.004,0.49,2747.0,0.19,0.0,13.160000000000002,0.004,9461.675504211235,0.81719571352005,0.0885933637598939,0.15,377.36,0.12,0.0,5.64,0.003,0.21,1090.6,0.18,0.0,5.64,0.003
26,0,18500,18500.0,22500.153395251116,2.212791681289673,0.09469077582894478,0.32,905.37,0.191,0.0,11.28,0.004,0.53,2345.2,0.183,0.0,11.28,0.004,10136.174666614286,0.933641254901886,0.09067570070492965,0.13,327.69999999999993,0.128,0.0,3.76,0.003,0.16,1025.0,0.174,0.0,3.76,0.003
26,0,19000,19000.0,24695.826016305786,2.0909175872802734,0.09868248679624507,0.3,914.64,0.191,0.0,11.28,0.004,0.54,2337.0,0.183,0.0,11.28,0.004,10928.282237876227,1.0304735898971558,0.09225524370588038,0.06,135.8,0.13,0.0,3.76,0.003,0.13,1057.8,0.174,0.0,3.76,0.003
26,0,19500,19500.0,27879.93316110278,1.9494378566741943,0.10468939037615163,0.3,1509.44,0.176,0.0,11.28,0.004,0.52,2378.0,0.184,0.0,11.28,0.004,11682.313289113903,1.0432212352752686,0.09353443101079445,0.06,169.4,0.137,0.0,3.76,0.003,0.18,1115.2,0.178,0.0,3.76,0.003
26,0,20000,20000.0,32664.66391430895,2.931586742401123,0.11662515003381037,0.38,1417.5,0.198,0.0,11.28,0.004,0.45,2410.8,0.186,0.0,11.28,0.004,12425.034516668824,1.0962278842926025,0.09645964889821206,0.14,546.93,0.193,0.0,3.76,0.003,0.21,1262.8,0.184,0.0,3.76,0.003
26,0,20500,20500.0,37700.46107449752,4.43586540222168,0.12834407791944097,0.39,1353.82,0.201,0.0,11.28,0.004,0.38,2443.6,0.188,0.0,11.28,0.004,12823.274261979965,1.0405280590057373,0.09798269577897761,0.08,233.15999999999997,0.127,0.0,5.64,0.003,0.26,1394.0,0.189,0.0,5.64,0.003
27,0,-21000,21000.0,4309.620334608473,0.6568216681480408,0.09187326909260314,0.11,112.56000000000002,0.131,0.0,3.76,0.004,0.16,606.8,0.177,0.0,3.76,0.004,86.98426673527138,0.0023142558056861162,0.026876380627655124,0.01,26.37,0.065,0.0,0.0,0.005,0.0,8.2,0.027,0.0,0.0,0.003
27,0,-20500,20500.0,4002.1697621444196,0.6329620480537415,0.09057987140543865,0.09,106.53,0.13,0.0,3.76,0.004,0.15,590.4,0.176,0.0,3.76,0.004,89.44080098535778,0.0022287792526185513,0.027417367218008252,0.01,26.37,0.069,0.0,0.0,0.005,0.0,8.2,0.026,0.0,0.0,0.003
27,0,-20000,20000.0,3663.126853136373,0.6156778335571289,0.0882338463105381,0.08,102.51,0.129,0.0,3.76,0.004,0.14,541.2,0.173,0.0,3.76,0.004,81.75988381417483,0.0019286690512672067,0.02592437830136745,0.01,26.37,0.062,0.0,0.0,0.005,0.0,8.2,0.022,0.0,0.0,0.003
27,0,-19500,19500.0,3342.4425310692527,0.6007148623466492,0.08598437396247643,0.13,138.84,0.12,0.0,1.88,0.004,0.14,492.0,0.168,0.0,1.88,0.004,70.74233752355212,0.0015505463816225529,0.023745063982251582,0.01,17.58,0.051,0.0,0.0,0.006,0.0,0.0,0.019,0.0,0.0,0.003
27,0,-19000,19000.0,3052.41376532193,0.6009930372238159,0.0834138296150211,0.13,110.2,0.125,0.0,1.88,0.004,0.13,418.2,0.161,0.0,1.88,0.004,55.36416577579075,0.0010850122198462486,0.020532065373800906,0.0,0.0,0.006,0.0,0.0,0.006,0.0,0.0,0.017,0.0,0.0,0.003
27,0,-18500,18500.0,2811.3864413291226,0.609580934047699,0.08177873991382413,0.13,110.2,0.126,0.0,1.88,0.004,0.13,352.6,0.153,0.0,1.88,0.004,42.55396162488978,0.0007628317107446492,0.017805900216257272,0.0,0.0,0.005,0.0,0.0,0.005,0.0,0.0,0.018,0.0,0.0,0.003
27,0,-18000,18000.0,2620.37562742878,0.6030729413032532,0.08067370541923292,0.14,113.1,0.129,0.0,1.88,0.004,0.12,303.4,0.146,0.0,1.88,0.004,31.026231061787257,0.0005908299353905022,0.014991663276618435,0.0,0.0,0.005,0.0,0.0,0.005,0.0,0.0,0.018,0.0,0.0,0.003
27,0,-17500,17500.0,2471.5378835261563,0.5870366096496582,0.08082526877573626,0.15,113.1,0.13,0.0,1.88,0.004,0.12,270.6,0.145,0.0,1.88,0.004,21.66507119236485,0.00045039382530376315,0.012279444914049543,0.0,0.0,0.005,0.0,0.0,0.005,0.0,0.0,0.019,0.0,0.0,0.002
27,0,-17000,17000.0,2323.0850854299165,0.5502133965492249,0.08109879784414126,0.14,110.2,0.13,0.0,1.88,0.004,0.11,254.2,0.148,0.0,1.88,0.004,13.207633348838499,0.00027919327840209007,0.00869143541569053,0.0,0.0,0.005,0.0,0.0,0.005,0.0,0.0,0.017,0.0,0.0,0.002
27,0,-16500,16500.0,2161.3102094052947,0.5064697265625,0.08122767700065624,0.14,107.3,0.13,0.0,1.88,0.004,0.11,246.0,0.151,0.0,1.88,0.004,8.430305659091175,0.00015696859918534756,0.0064200053158590216,0.0,0.0,0.004,0.0,0.0,0.004,0.0,0.0,0.013,0.0,0.0,0.002
27,0,-16000,16000.0,1944.9348591699477,0.442062646150589,0.0802124217161247,0.09,70.35,0.13,0.0,3.04,0.017,0.1,229.60000000000002,0.15,0.0,1.88,0.004,5.863879340205358,0.00010590976307867095,0.004853911659662257,0.0,0.0,0.004,0.0,0.0,0.004,0.0,0.0,0.008,0.0,0.0,0.002
27,0,-15500,15500.0,1709.2365555214174,0.37095388770103455,0.07829807642502326,0.09,66.33,0.129,0.0,3.04,0.017,0.08,213.2,0.147,0.0,1.88,0.003,6.336440859759307,0.00011071197513956577,0.005518921284848193,0.0,0.0,0.002,0.0,0.0,0.002,0.0,0.0,0.004,0.0,0.0,0.001
27,0,-15000,15000.0,1427.469492886388,0.28739914298057556,0.07391333239752827,0.08,62.31,0.127,0.0,1.52,0.013,0.07,180.4,0.138,0.0,1.88,0.004,7.292381949915239,0.0001322130556218326,0.00621628869409189,0.0,0.0,0.002,0.0,0.0,0.002,0.0,0.0,0.002,0.0,0.0,0.001
27,0,-14500,14500.0,1158.8168006407045,0.21251335740089417,0.06852975687882876,0.06,52.26,0.123,0.0,1.52,0.013,0.06,147.6,0.126,0.0,1.88,0.003,8.88137496946797,0.00017139075498562306,0.00724431003666858,0.0,0.0,0.001,0.0,0.0,0.001,0.0,0.0,0.004,0.0,0.0,0.001
27,0,-14000,14000.0,887.594322730186,0.14413700997829437,0.05988482827068844,0.06,46.23,0.119,0.0,6.74,0.016,0.04,106.6,0.108,0.0,1.88,0.003,10.343578154078159,0.00021272056619636714,0.007904403710391996,0.0,0.0,0.001,0.0,0.0,0.001,0.0,0.0,0.007,0.0,0.0,0.001
27,0,-13500,13500.0,660.4090070082435,0.0865921676158905,0.05078483067140449,0.03,30.15,0.107,0.0,6.74,0.012,0.03,73.8,0.086,0.0,0.0,0.003,12.12510538287006,0.0002672604750841856,0.008729249186416651,0.0,0.0,0.002,0.0,0.0,0.002,0.0,0.0,0.01,0.0,0.0,0.002
27,0,-13000,13000.0,471.5862348312754,0.05041888356208801,0.04001994604998605,0.03,24.12,0.099,0.0,3.11,0.012,0.01,41.0,0.06,0.0,0.0,0.003,15.894364405403394,0.0003997689054813236,0.010942011297772473,0.0,0.0,0.002,0.0,0.0,0.002,0.0,0.0,0.013,0.0,0.0,0.002
27,0,-12500,12500.0,355.5661156875964,0.028354724869132042,0.032576951390087296,0.06,83.61,0.068,0.0,3.59,0.006,0.01,24.6,0.041,0.0,0.0,0.003,14.495891942578965,0.00033625311334617436,0.009690233599573923,0.0,0.0,0.003,0.0,0.0,0.003,0.0,0.0,0.016,0.0,0.0,0.002
27,0,-12000,12000.0,291.61113661722453,0.01955772563815117,0.027176878005247467,0.01,10.05,0.066,0.0,3.59,0.006,0.0,16.4,0.03,0.0,0.0,0.003,14.06124016530157,0.0003141792840324342,0.009395417550920191,0.0,0.0,0.003,0.0,0.0,0.003,0.0,0.0,0.015,0.0,0.0,0.002
27,0,-11500,11500.0,287.33484608972617,0.017622292041778564,0.026401285465550407,0.01,12.24,0.04,0.0,0.0,0.005,0.0,16.4,0.027,0.0,0.0,0.003,12.344510923458074,0.0002544130547903478,0.00839113549659853,0.0,0.0,0.004,0.0,0.0,0.004,0.0,0.0,0.014,0.0,0.0,0.002
27,0,-11000,11000.0,322.679003583886,0.020252510905265808,0.027812082738395413,0.01,12.24,0.04,0.0,0.0,0.005,0.0,16.4,0.027,0.0,0.0,0.002,11.490861282072728,0.00023021885135676712,0.008187870324621673,0.0,0.0,0.004,0.0,0.0,0.004,0.0,0.0,0.015,0.0,0.0,0.002
27,0,-10500,10500.0,397.8285034378075,0.027015136554837227,0.03162087075124658,0.01,20.020000000000003,0.048,0.0,0.0,0.005,0.0,16.4,0.029,0.0,0.0,0.002,9.703979994316114,0.00017939673853106797,0.007387154888994598,0.0,0.0,0.003,0.0,0.0,0.003,0.0,0.0,0.015,0.0,0.0,0.002
27,0,-10000,10000.0,502.95396592885595,0.03704577684402466,0.03594592179623574,0.01,17.78,0.062,0.0,0.0,0.005,0.01,24.6,0.033,0.0,0.0,0.002,7.913800739629551,0.00013550263247452676,0.006609377021467581,0.0,0.0,0.003,0.0,0.0,0.003,0.0,0.0,0.014,0.0,0.0,0.002
27,0,-9500,9500.0,636.1847133217083,0.05371624231338501,0.04071627582035385,0.01,15.120000000000001,0.068,0.0,0.0,0.005,0.01,24.6,0.037,0.0,0.0,0.003,6.262679151291195,9.672696614870802e-05,0.005868478727417594,0.0,0.0,0.003,0.0,0.0,0.003,0.0,0.0,0.012,0.0,0.0,0.002
27,0,-9000,9000.0,811.0017945501085,0.07844122499227524,0.04596458237464515,0.02,23.2,0.072,0.0,0.0,0.005,0.01,32.8,0.043,0.0,0.0,0.003,4.5515303891761505,6.231772567844018e-05,0.004899005287675035,0.0,0.0,0.003,0.0,0.0,0.003,0.0,0.0,0.01,0.0,0.0,0.002
27,0,-8500,8500.0,1019.6463330248804,0.10637275874614716,0.051293852627871235,0.07,254.90999999999997,0.121,0.0,0.0,0.005,0.01,41.0,0.048,0.0,0.0,0.003,2.806614260839524,3.2739422749727964e-05,0.003569148733326403,0.0,0.0,0.003,0.0,0.0,0.003,0.0,0.0,0.008,0.0,0.0,0.002
27,0,-8000,8000.0,1277.9851185580071,0.13698260486125946,0.05690377859830239,0.1,307.65,0.129,0.0,0.0,0.005,0.01,57.400000000000006,0.056,0.0,0.0,0.003,1.553805570779332,1.4948082025512122e-05,0.0023847850523994827,0.0,0.0,0.003,0.0,0.0,0.003,0.0,0.0,0.005,0.0,0.0,0.002
27,0,-7500,7500.0,1563.472966028561,0.1645529419183731,0.06202304193568304,0.04,60.06,0.072,0.0,3.59,0.006,0.02,73.8,0.064,0.0,0.0,0.003,0.6794284203579082,7.513038781326031e-06,0.001307388562666241,0.0,0.0,0.003,0.0,0.0,0.003,0.0,0.0,0.003,0.0,0.0,0.002
27,0,-7000,7000.0,1898.8372790330054,0.19229325652122498,0.06744209219257834,0.14,404.34,0.143,0.0,3.59,0.006,0.03,106.6,0.085,0.0,0.0,0.003,0.26786280159285525,3.963041308452375e-06,0.000655189398873138,0.0,0.0,0.003,0.0,0.0,0.003,0.0,0.0,0.002,0.0,0.0,0.002
27,0,-6500,6500.0,2248.672968128295,0.23299425840377808,0.07210011061561823,0.06,74.36,0.075,0.0,3.59,0.006,0.04,147.6,0.103,0.0,0.0,0.003,0.16330211842614517,1.2672891216425342e-06,0.0005323026221117898,0.0,0.0,0.002,0.0,0.0,0.002,0.0,0.0,0.001,0.0,0.0,0.001
27,0,-6000,6000.0,2630.0117293845633,0.3304569721221924,0.07691707003399248,0.07,74.36,0.076,0.0,3.59,0.006,0.04,205.0,0.121,0.0,1.88,0.003,0.11675251133453912,1.1379526085875113e-06,0.0005023562947484364,0.0,0.0,0.002,0.0,0.0,0.002,0.0,0.0,0.001,0.0,0.0,0.001
27,0,-5500,5500.0,3008.1869471528253,0.43706226348876953,0.08082072625201102,0.26,553.77,0.157,0.0,3.59,0.007,0.05,254.2,0.134,0.0,1.88,0.003,0.07869545002847644,5.847866191288631e-07,0.000464666550903126,0.0,0.0,0.001,0.0,0.0,0.001,0.0,0.0,0.0,0.0,0.0,0.001
27,0,-5000,5000.0,3394.956388720368,0.5477266311645508,0.08485168337038285,0.3,624.09,0.161,0.0,3.59,0.007,0.07,311.6,0.146,0.0,1.88,0.003,0.10339471554132729,1.0299592076989939e-06,0.0007912566279553079,0.0,0.0,0.001,0.0,0.0,0.001,0.0,0.0,0.0,0.0,0.0,0.001
27,0,-4500,4500.0,3759.1680718678563,0.6702293157577515,0.08781193035607358,0.32,685.62,0.164,0.0,7.18,0.007,0.09,360.8,0.155,0.0,1.88,0.004,0.0895542452376219,9.810134997678688e-07,0.0008821998327162787,0.0,0.0,0.001,0.0,0.0,0.001,0.0,0.0,0.0,0.0,0.0,0.0
27,0,-4000,4000.0,4116.348749336123,0.7914420962333679,0.09085232897856307,0.13,185.4,0.181,0.0,7.18,0.007,0.12,401.8,0.161,0.0,1.88,0.004,0.07676409951216101,8.714237083040643e-07,0.0008773972586748671,0.0,0.0,0.001,0.0,0.0,0.001,0.0,0.0,0.0,0.0,0.0,0.0
27,0,-3500,3500.0,4449.738595457131,0.869019627571106,0.09300937103034809,0.15,200.85,0.185,0.0,1.88,0.004,0.17,442.80000000000007,0.168,0.0,1.88,0.004,1.312172551662627,1.4128607290331274e-05,0.016713448914535925,0.0,0.0,0.0,0.0,0.0,0.0,0.0,0.0,0.0,0.0,0.0,0.0
27,0,-3000,3000.0,4771.557472705626,0.953299343585968,0.09504992511597445,0.17,216.3,0.189,0.0,1.88,0.004,0.21,483.8,0.173,0.0,1.88,0.004,0.11084856963208267,4.2295623643440194e-06,0.0014693134093050513,0.0,0.0,0.0,0.0,0.0,0.0,0.0,0.0,0.0,0.0,0.0,0.0
27,0,-2500,2500.0,5077.597428157146,1.0452516078948975,0.09644393665665224,0.16,231.75,0.192,0.0,1.88,0.004,0.24,524.8,0.178,0.0,1.88,0.004,0.7364855109130986,9.218018931278493e-06,0.010007855074405743,0.0,0.0,0.0,0.0,0.0,0.0,0.0,0.0,0.0,0.0,0.0,0.0
27,0,-2000,2000.0,5379.4298743881645,1.0876013040542603,0.09756326711233661,0.16,253.37999999999997,0.195,0.0,1.88,0.004,0.26,565.8,0.181,0.0,1.88,0.004,0.09471437663606252,4.228871148370672e-06,0.001316848772231058,0.0,0.0,0.0,0.0,0.0,0.0,0.0,0.0,0.001,0.0,0.0,0.0
27,0,-1500,1500.0,5674.796034063995,1.0945439338684082,0.09837007581472508,0.14,275.01,0.198,0.0,1.88,0.004,0.26,606.8,0.185,0.0,1.88,0.004,0.1341207665973343,4.22613584305509e-06,0.0019279982565120115,0.0,0.0,0.0,0.0,0.0,0.0,0.0,0.0,0.001,0.0,0.0,0.0
27,0,-1000,1000.0,5975.031934546865,1.0764292478561401,0.09900851919082283,0.14,299.73,0.201,0.0,1.88,0.004,0.26,656.0,0.188,0.0,1.88,0.004,2.2681169403085732,3.3834960049716756e-05,0.03472666916442487,0.0,0.0,0.0,0.0,0.0,0.0,0.0,0.0,0.001,0.0,0.0,0.0
27,0,-500,500.0,6260.404620338524,1.041668176651001,0.09953768910296917,0.17,327.54,0.204,0.0,1.88,0.004,0.24,713.4,0.191,0.0,1.88,0.004,1.0554585584806375,1.3976782611280214e-05,0.017537841916423623,0.0,0.0,0.001,0.0,0.0,0.001,0.0,0.0,0.001,0.0,0.0,0.001
27,0,0,0.0,6536.624436203032,1.0029919147491455,0.10026159189102977,0.2,355.35,0.208,0.0,1.88,0.004,0.23,770.8,0.194,0.0,1.88,0.004,0.13728682815639104,4.229727437632391e-06,0.0025541381042137874,0.0,0.0,0.001,0.0,0.0,0.001,0.0,0.0,0.001,0.0,0.0,0.001
27,0,500,500.0,6762.32945208166,0.9600550532341003,0.10070646601534576,0.2,373.89,0.209,0.0,3.76,0.004,0.25,836.4,0.198,0.0,3.76,0.004,0.16457385463581886,4.23079382017022e-06,0.0035328984944527435,0.0,0.0,0.001,0.0,0.0,0.001,0.0,0.0,0.001,0.0,0.0,0.001
27,0,1000,1000.0,6928.121852764611,0.920207679271698,0.10148599546019309,0.21,392.43,0.211,0.0,3.76,0.004,0.27,893.8000000000001,0.2,0.0,3.76,0.004,0.11145400734164923,4.224762051308062e-06,0.0028242117099175163,0.0,0.0,0.001,0.0,0.0,0.001,0.0,0.0,0.001,0.0,0.0,0.001
27,0,1500,1500.0,7001.418083105823,0.995201051235199,0.1016699523020792,0.2,389.34,0.211,0.0,3.76,0.004,0.28,951.1999999999999,0.202,0.0,3.76,0.004,0.13917661817686167,4.226482815283816e-06,0.004299073649890842,0.0,0.0,0.001,0.0,0.0,0.001,0.0,0.0,0.0,0.0,0.0,0.0
27,0,2000,2000.0,6971.752523896589,1.009285569190979,0.1020062829461835,0.19,386.25,0.211,0.0,3.76,0.004,0.28,975.8,0.203,0.0,3.76,0.004,0.12397475738907815,4.223539690428879e-06,0.004701505793267952,0.0,0.0,0.001,0.0,0.0,0.001,0.0,0.0,0.0,0.0,0.0,0.0
27,0,2500,2500.0,6846.244796051093,0.9799834489822388,0.10166477643109703,0.19,364.62,0.209,0.0,3.76,0.004,0.27,975.8,0.203,0.0,3.76,0.004,0.904462294787578,1.1754693332477473e-05,0.04355538615165525,0.0,0.0,0.001,0.0,0.0,0.001,0.0,0.0,0.0,0.0,0.0,0.0
27,0,3000,3000.0,6620.8473874368565,0.9095652103424072,0.10105769356937475,0.18,342.99000000000007,0.207,0.0,3.76,0.004,0.26,951.1999999999999,0.201,0.0,3.76,0.004,0.12912443394839102,4.224116764817154e-06,0.007757117173966135,0.0,0.0,0.001,0.0,0.0,0.001,0.0,0.0,0.0,0.0,0.0,0.0
27,0,3500,3500.0,6337.588082199744,0.8423665761947632,0.09988502145513516,0.17,315.18,0.203,0.0,3.76,0.004,0.25,893.8000000000001,0.199,0.0,3.76,0.004,0.007582749822176993,4.2136007323279046e-06,0.0005851497360545644,0.0,0.0,0.0,0.0,0.0,0.0,0.0,0.0,0.0,0.0,0.0,0.0
27,0,4000,4000.0,6024.726070657996,0.766226589679718,0.09824060368303086,0.15,287.37,0.2,0.0,3.76,0.004,0.24,828.2,0.195,0.0,3.76,0.004,0.0,0.0,0.0,0.0,0.0,0.0,0.0,0.0,0.0,0.0,0.0,0.0,0.0,0.0,0.0
27,0,4500,4500.0,5739.593626266844,0.6887342929840088,0.09668635291730254,0.14,268.83,0.197,0.0,3.76,0.004,0.22,762.6,0.191,0.0,3.76,0.004,0.0,0.0,0.0,0.0,0.0,0.0,0.0,0.0,0.0,0.0,0.0,0.0,0.0,0.0,0.0
27,0,5000,5000.0,5516.8919123584255,0.6333532929420471,0.09484194002531118,0.13,250.29000000000002,0.194,0.0,3.76,0.004,0.21,697.0,0.187,0.0,3.76,0.004,0.649202606529542,8.615734259365126e-06,0.09524453922791036,0.0,0.0,0.0,0.0,0.0,0.0,0.0,0.0,0.0,0.0,0.0,0.0
27,0,5500,5500.0,5385.538358826008,0.6017568707466125,0.09362322218588574,0.12,244.11,0.194,0.0,3.76,0.004,0.19,647.8,0.184,0.0,3.76,0.004,0.0,0.0,0.0,0.0,0.0,0.0,0.0,0.0,0.0,0.0,0.0,0.0,0.0,0.0,0.0
27,0,6000,6000.0,5356.42637711058,0.6053764224052429,0.09210637728315886,0.1,241.02,0.193,0.0,3.76,0.004,0.17,615.0,0.181,0.0,3.76,0.004,0.0,0.0,0.0,0.0,0.0,0.0,0.0,0.0,0.0,0.0,0.0,0.0,0.0,0.0,0.0
27,0,6500,6500.0,5445.754459601022,0.670985221862793,0.09150244110416282,0.09,247.2,0.192,0.0,3.76,0.004,0.15,598.6,0.18,0.0,3.76,0.004,0.0,0.0,0.0,0.0,0.0,0.0,0.0,0.0,0.0,0.0,0.0,0.0,0.0,0.0,0.0
27,0,7000,7000.0,5668.290810480689,0.7544413208961487,0.09122045913120777,0.08,149.86,0.128,0.0,1.88,0.004,0.13,598.6,0.179,0.0,1.88,0.004,0.0,0.0,0.0,0.0,0.0,0.0,0.0,0.0,0.0,0.0,0.0,0.0,0.0,0.0,0.0
27,0,7500,7500.0,5991.844631165409,0.8499444723129272,0.0917156995729513,0.09,157.48,0.128,0.0,10.77,0.007,0.13,615.0,0.179,0.0,1.88,0.004,0.0,0.0,0.0,0.0,0.0,0.0,0.0,0.0,0.0,0.0,0.0,0.0,0.0,0.0,0.0
27,0,8000,8000.0,6392.5641331429015,0.9576825499534607,0.09243204002478364,0.11,172.72,0.129,0.0,10.77,0.007,0.16,639.6,0.177,0.0,1.88,0.004,0.0,0.0,0.0,0.0,0.0,0.0,0.0,0.0,0.0,0.0,0.0,0.0,0.0,0.0,0.0
27,0,8500,8500.0,6815.800535942935,1.0963159799575806,0.09331693362662033,0.15,312.09,0.192,0.0,3.76,0.004,0.2,680.6,0.177,0.0,3.76,0.004,0.0,0.0,0.0,0.0,0.0,0.0,0.0,0.0,0.0,0.0,0.0,0.0,0.0,0.0,0.0
27,0,9000,9000.0,7220.769247148223,1.206949234008789,0.09446382747199732,0.18,346.08000000000004,0.195,0.0,3.76,0.004,0.24,738.0,0.177,0.0,3.76,0.004,0.0,0.0,0.0,0.0,0.0,0.0,0.0,0.0,0.0,0.0,0.0,0.0,0.0,0.0,0.0
27,0,9500,9500.0,7549.218701255768,1.2811378240585327,0.09525044651789635,0.2,383.16,0.199,0.0,3.76,0.004,0.28,803.6,0.179,0.0,3.76,0.004,0.0,0.0,0.0,0.0,0.0,0.0,0.0,0.0,0.0,0.0,0.0,0.0,0.0,0.0,0.0
27,0,10000,10000.0,7740.7510628229375,1.2994517087936401,0.09614914797945409,0.23,420.24000000000007,0.202,0.0,3.76,0.004,0.32,885.6000000000001,0.182,0.0,3.76,0.004,0.0,0.0,0.0,0.0,0.0,0.0,0.0,0.0,0.0,0.0,0.0,0.0,0.0,0.0,0.0
27,0,10500,10500.0,7791.871486641367,1.273255467414856,0.09642875797874514,0.24,441.87,0.204,0.0,3.76,0.004,0.35,975.8,0.186,0.0,3.76,0.004,0.0,0.0,0.0,0.0,0.0,0.0,0.0,0.0,0.0,0.0,0.0,0.0,0.0,0.0,0.0
27,0,11000,11000.0,7645.874149806787,1.1953052282333374,0.0966775279751403,0.25,463.5,0.205,0.0,3.76,0.004,0.38,1041.4,0.188,0.0,3.76,0.004,0.0,0.0,0.0,0.0,0.0,0.0,0.0,0.0,0.0,0.0,0.0,0.0,0.0,0.0,0.0
27,0,11500,11500.0,7345.136732827326,1.0884497165679932,0.09611869363750927,0.23,444.96,0.203,0.0,3.76,0.004,0.39,1090.6,0.19,0.0,3.76,0.004,0.0,0.0,0.0,0.0,0.0,0.0,0.0,0.0,0.0,0.0,0.0,0.0,0.0,0.0,0.0
27,0,12000,12000.0,6838.181681262062,0.9495252966880798,0.09495336662331702,0.21,426.41999999999996,0.201,0.0,10.640000000000002,0.019,0.38,1082.4,0.189,0.0,3.76,0.004,0.0,0.0,0.0,0.0,0.0,0.0,0.0,0.0,0.0,0.0,0.0,0.0,0.0,0.0,0.0
27,0,12500,12500.0,6234.3187849588185,0.797605574131012,0.09307680925150291,0.17,380.07,0.196,0.0,10.640000000000002,0.019,0.34,1041.4,0.187,0.0,3.76,0.004,0.0,0.0,0.0,0.0,0.0,0.0,0.0,0.0,0.0,0.0,0.0,0.0,0.0,0.0,0.0
27,0,13000,13000.0,5529.864556426869,0.6375309824943542,0.09040925494316761,0.09,154.77,0.128,0.0,7.6,0.017,0.29,942.9999999999999,0.182,0.0,3.76,0.004,0.0,0.0,0.0,0.0,0.0,0.0,0.0,0.0,0.0,0.0,0.0,0.0,0.0,0.0,0.0
27,0,13500,13500.0,4819.46303141359,0.48044538497924805,0.0872858504006992,0.06,138.69,0.125,0.0,7.6,0.017,0.22,828.2,0.175,0.0,3.76,0.004,0.0,0.0,0.0,0.0,0.0,0.0,0.0,0.0,0.0,0.0,0.0,0.0,0.0,0.0,0.0
27,0,14000,14000.0,4126.324658784284,0.3416159749031067,0.083108134121207,0.04,86.8,0.129,0.0,6.08,0.017,0.16,688.8,0.166,0.0,3.76,0.004,0.0,0.0,0.0,0.0,0.0,0.0,0.0,0.0,0.0,0.0,0.0,0.0,0.0,0.0,0.0
27,0,14500,14500.0,3521.4800018927517,0.3197428584098816,0.07931790831382421,0.15,436.63,0.088,0.0,6.08,0.017,0.11,557.6,0.155,0.0,3.76,0.004,0.0,0.0,0.0,0.0,0.0,0.0,0.0,0.0,0.0,0.0,0.0,0.0,0.0,0.0,0.0
27,0,15000,15000.0,3022.7544826955636,0.3279152810573578,0.07502483867167976,0.04,142.14,0.151,0.0,18.66,0.018,0.06,442.80000000000007,0.143,0.0,3.76,0.004,0.0,0.0,0.0,0.0,0.0,0.0,0.0,0.0,0.0,0.0,0.0,0.0,0.0,0.0,0.0
27,0,15500,15500.0,2652.305765558674,0.33460602164268494,0.07224047250633031,0.03,60.480000000000004,0.104,0.0,10.77,0.007,0.06,352.6,0.132,0.0,1.88,0.003,0.0,0.0,0.0,0.0,0.0,0.0,0.0,0.0,0.0,0.0,0.0,0.0,0.0,0.0,0.0
27,0,16000,16000.0,2396.2609081804317,0.3405161499977112,0.06963362728696963,0.03,58.32000000000001,0.104,0.0,10.77,0.007,0.06,295.2,0.125,0.0,1.88,0.003,0.0,0.0,0.0,0.0,0.0,0.0,0.0,0.0,0.0,0.0,0.0,0.0,0.0,0.0,0.0
27,0,16500,16500.0,2270.4002664563177,0.3439444303512573,0.06957974456444461,0.02,36.4,0.107,0.0,7.18,0.007,0.06,262.4,0.125,0.0,1.88,0.003,0.0,0.0,0.0,0.0,0.0,0.0,0.0,0.0,0.0,0.0,0.0,0.0,0.0,0.0,0.0
27,0,17000,17000.0,2201.539276672156,0.3441060483455658,0.06923271284120724,0.02,35.0,0.107,0.0,7.18,0.007,0.06,254.2,0.127,0.0,1.88,0.003,0.0,0.0,0.0,0.0,0.0,0.0,0.0,0.0,0.0,0.0,0.0,0.0,0.0,0.0,0.0
27,0,17500,17500.0,2193.0583825715757,0.34193360805511475,0.07007523432459564,0.02,35.0,0.109,0.0,7.18,0.006,0.07,246.0,0.129,0.0,1.88,0.003,0.0,0.0,0.0,0.0,0.0,0.0,0.0,0.0,0.0,0.0,0.0,0.0,0.0,0.0,0.0
27,0,18000,18000.0,2194.7762988716363,0.3362436592578888,0.07010407983941674,0.02,35.0,0.109,0.0,7.18,0.006,0.07,246.0,0.13,0.0,1.88,0.003,0.0,0.0,0.0,0.0,0.0,0.0,0.0,0.0,0.0,0.0,0.0,0.0,0.0,0.0,0.0
27,0,18500,18500.0,2211.5983604517905,0.32821983098983765,0.07042383846524986,0.04,108.15,0.148,0.0,3.59,0.006,0.07,246.0,0.13,0.0,1.88,0.003,0.0,0.0,0.0,0.0,0.0,0.0,0.0,0.0,0.0,0.0,0.0,0.0,0.0,0.0,0.0
27,0,19000,19000.0,2224.5180228640093,0.3169439733028412,0.07029730158889544,0.04,114.33,0.15,0.0,3.59,0.006,0.06,246.0,0.128,0.0,1.88,0.003,0.0,0.0,0.0,0.0,0.0,0.0,0.0,0.0,0.0,0.0,0.0,0.0,0.0,0.0,0.0
27,0,19500,19500.0,2235.691853207182,0.30408090353012085,0.07028498819023925,0.04,120.51,0.152,0.0,3.59,0.006,0.06,254.2,0.127,0.0,1.88,0.003,0.0,0.0,0.0,0.0,0.0,0.0,0.0,0.0,0.0,0.0,0.0,0.0,0.0,0.0,0.0
27,0,20000,20000.0,2237.2458757058853,0.28870123624801636,0.07023834801944527,0.04,129.78,0.157,0.0,3.59,0.006,0.06,254.2,0.127,0.0,1.88,0.003,0.0,0.0,0.0,0.0,0.0,0.0,0.0,0.0,0.0,0.0,0.0,0.0,0.0,0.0,0.0
27,0,20500,20500.0,2228.0323673126645,0.27274999022483826,0.07020333218701574,0.02,48.24,0.102,0.0,3.59,0.006,0.06,270.6,0.127,0.0,1.88,0.003,0.0,0.0,0.0,0.0,0.0,0.0,0.0,0.0,0.0,0.0,0.0,0.0,0.0,0.0,0.0
28,0,-21000,21000.0,91686.00732494378,9.759970664978027,0.1777406861292684,0.9,5027.43,0.327,0.01,86.48,0.01,1.37,13144.600000000002,0.329,0.01,86.48,0.01,46105.7422807331,2.690570831298828,0.1393102063402869,0.48,2821.1700000000005,0.287,0.01,47.0,0.008,0.67,7388.2,0.281,0.01,47.0,0.008
28,0,-20500,20500.0,81874.35052963556,7.523435592651367,0.16856230533668062,0.59,1819.0500000000002,0.222,0.02,88.36,0.01,1.89,13341.4,0.33,0.02,88.36,0.01,43162.62432281155,2.813483953475952,0.13315582203101115,0.39,2379.3,0.273,0.01,43.24,0.007,0.79,7281.600000000001,0.284,0.01,43.24,0.007
28,0,-20000,20000.0,73278.20256099512,5.165953636169434,0.15895922972548462,1.05,3349.6800000000003,0.202,0.02,88.36,0.01,1.81,12168.8,0.323,0.02,88.36,0.01,42534.62021082151,3.223048210144043,0.1313064782436878,0.33,1946.7,0.26,0.01,43.24,0.007,0.61,6133.6,0.27,0.01,43.24,0.007
28,0,-19500,19500.0,67404.78867788916,6.002600193023682,0.15248455827175023,1.65,11012.6,0.316,0.02,71.44,0.009,1.65,11012.6,0.316,0.02,71.44,0.009,43785.178767292935,3.4965219497680664,0.1342058030324385,0.27,1103.96,0.125,0.01,28.2,0.006,0.51,5092.2,0.257,0.01,28.2,0.006
28,0,-19000,19000.0,64724.87859365065,7.565441608428955,0.14920131199113237,0.57,1879.2,0.206,0.02,67.68,0.009,0.99,8954.4,0.298,0.02,67.68,0.009,46448.19338116566,3.7927157878875732,0.13817909971774375,0.49,1705.24,0.189,0.01,24.44,0.006,0.49,4436.2,0.241,0.01,24.44,0.006
28,0,-18500,18500.0,64128.029603968025,8.498526573181152,0.14998411186117153,0.58,1790.7,0.209,0.01,47.0,0.007,0.55,6970.0,0.274,0.01,47.0,0.007,49523.85746161384,5.035888195037842,0.14344627276941446,0.64,1833.4000000000003,0.196,0.0,20.68,0.005,0.57,3960.6,0.227,0.0,20.68,0.005
28,0,-18000,18000.0,64967.44354828843,8.462756156921387,0.1511096761508278,0.63,1957.12,0.208,0.01,39.48,0.007,0.77,6699.4,0.27,0.01,39.48,0.007,52589.00697516368,6.211197853088379,0.14700537775260689,0.75,2096.84,0.204,0.0,18.8,0.005,0.75,4797.0,0.244,0.0,18.8,0.005
28,0,-17500,17500.0,65525.24316868003,7.847357273101807,0.1519684248195458,0.54,1503.36,0.205,0.01,39.48,0.007,1.09,6650.199999999999,0.269,0.01,39.48,0.007,55142.536182913274,8.459914207458496,0.14898417275444711,0.81,2271.28,0.209,0.01,28.2,0.006,0.91,5756.4,0.26,0.01,28.2,0.006
28,0,-17000,17000.0,65283.42330042942,6.6767802238464355,0.15150757133113935,0.95,3022.02,0.287,0.01,39.48,0.007,1.45,7265.199999999999,0.278,0.01,39.48,0.007,57490.41459524549,10.212247848510742,0.14941151551603443,0.72,1731.3,0.206,0.01,31.960000000000004,0.006,0.8,6248.4,0.269,0.01,31.960000000000004,0.006
28,0,-16500,16500.0,64676.86693845171,5.64145040512085,0.15021748142597058,0.88,2960.22,0.285,0.02,48.88,0.008,1.8,7913.0,0.286,0.02,48.88,0.008,60634.42434887188,11.301521301269531,0.15092097553515912,0.73,1754.5,0.207,0.01,35.72,0.007,0.99,6723.999999999999,0.278,0.01,35.72,0.007
28,0,-16000,16000.0,63852.332014229614,5.281882286071777,0.14837697628342467,0.79,2898.4200000000005,0.283,0.02,50.76,0.008,1.63,7847.4,0.284,0.02,50.76,0.008,64335.3364290465,11.477188110351562,0.15112038877517997,0.77,2496.72,0.287,0.01,37.6,0.007,1.25,6584.599999999999,0.279,0.01,37.6,0.007
28,0,-15500,15500.0,63331.13518723694,5.816564083099365,0.14684445088187564,0.52,2719.2,0.276,0.02,48.88,0.008,1.37,7691.600000000001,0.283,0.02,48.88,0.008,69516.42278924264,11.1801118850708,0.15306369596502745,0.83,2490.54,0.285,0.01,37.6,0.007,1.59,6527.2,0.286,0.01,37.6,0.007
28,0,-15000,15000.0,63764.17348905816,6.405036449432373,0.14483649112203706,0.58,2539.98,0.27,0.02,48.88,0.008,0.9,7322.6,0.278,0.02,48.88,0.008,77180.6062708619,10.075879096984863,0.1593418788626664,0.83,2767.5,0.237,0.01,37.6,0.007,1.71,6633.8,0.287,0.01,37.6,0.007
28,0,-14500,14500.0,65627.95687638572,6.935620307922363,0.14481226077393955,0.61,2512.1700000000005,0.268,0.01,43.24,0.007,1.04,6920.8,0.272,0.01,43.24,0.007,85324.78595309297,9.058253288269043,0.16565216991394727,0.84,2623.82,0.239,0.02,41.36,0.008,1.8,6732.200000000001,0.289,0.02,41.36,0.008
28,0,-14000,14000.0,69458.39683441882,7.840921878814697,0.14649416533674947,0.64,2493.63,0.267,0.01,43.24,0.007,1.11,6806.000000000001,0.27,0.01,43.24,0.007,93608.62249698705,10.875080108642578,0.17487660131287966,0.91,2866.18,0.239,0.02,41.36,0.008,1.52,7166.8,0.289,0.02,41.36,0.008
28,0,-13500,13500.0,74844.28830552497,8.865185737609863,0.15023564009314708,0.62,2509.0799999999995,0.265,0.01,41.36,0.007,1.16,6748.6,0.268,0.01,41.36,0.007,99543.76426676536,13.018402099609375,0.18163988137071393,0.51,1514.8,0.25,0.02,45.12,0.008,1.24,7781.8,0.295,0.02,45.12,0.008
28,0,-13000,13000.0,81948.50556507299,9.931955337524414,0.1566193028960273,0.58,2589.4200000000005,0.269,0.01,41.36,0.007,1.09,6773.2,0.266,0.01,41.36,0.007,100972.29156563044,12.712958335876465,0.18576032321489017,1.4,4208.58,0.319,0.02,47.0,0.008,1.68,9462.8,0.309,0.02,47.0,0.008
28,0,-12500,12500.0,89561.46082137711,11.123831748962402,0.16332070019705763,0.6,2929.32,0.28,0.01,41.36,0.007,1.04,6994.599999999999,0.27,0.01,41.36,0.007,99385.95491492575,11.431563377380371,0.1869378520886008,1.25,4628.82,0.326,0.03,69.56,0.009,2.55,11168.4,0.321,0.03,69.56,0.009
28,0,-12000,12000.0,96998.57819885365,12.367365837097168,0.17062864405064643,0.63,3340.29,0.293,0.01,41.36,0.007,1.17,7872.0,0.281,0.01,41.36,0.007,93887.5024298036,9.45230484008789,0.1864751160398273,1.07,5107.77,0.333,0.27,1221.99,0.025,2.42,12365.6,0.328,0.04,77.08,0.009
28,0,-11500,11500.0,102791.82853612202,13.513334274291992,0.17594186330472056,1.54,6800.66,0.225,0.01,52.64000000000001,0.008,1.33,8888.8,0.293,0.01,52.64000000000001,0.008,86589.60893629119,9.404038429260254,0.18383464537343988,0.78,2146.0,0.219,0.02,84.6,0.01,2.14,13407.000000000002,0.335,0.02,84.6,0.01
28,0,-11000,11000.0,105774.54311819428,14.781136512756348,0.17933564045561093,1.85,6510.84,0.222,0.01,56.4,0.008,1.49,10077.8,0.303,0.01,56.4,0.008,76385.90666949749,9.744712829589844,0.17490383693824088,0.46,1247.58,0.21,0.02,88.36,0.01,1.59,12373.8,0.328,0.02,88.36,0.01
28,0,-10500,10500.0,106942.52465220488,16.281925201416016,0.18085850051563213,1.12,3556.44,0.229,0.01,69.56,0.009,1.64,11217.6,0.311,0.01,69.56,0.009,67272.77586782584,9.56261920928955,0.16654465394588114,0.41,1143.8,0.237,0.01,75.2,0.009,1.56,11225.8,0.322,0.01,75.2,0.009
28,0,-10000,10000.0,105360.24052833891,18.474044799804688,0.18058150885207014,1.03,2689.2,0.236,0.02,73.32,0.009,1.73,11906.4,0.316,0.02,73.32,0.009,59651.465780474246,8.494370460510254,0.1555981044398634,0.91,3309.3900000000003,0.307,0.01,69.56,0.009,1.72,9979.4,0.315,0.01,69.56,0.009
28,0,-9500,9500.0,103354.45435302553,21.063180923461914,0.17979797024834074,1.13,2675.7,0.235,0.02,82.72,0.009,1.82,12521.4,0.322,0.02,82.72,0.009,54669.7410748573,7.052528381347656,0.14860369145307115,1.8,8798.6,0.308,0.02,60.16,0.009,1.8,8798.6,0.308,0.02,60.16,0.009
28,0,-9000,9000.0,100153.28743289365,23.036108016967773,0.1787025952427078,1.41,2648.7,0.234,0.02,84.6,0.009,1.99,12218.0,0.321,0.02,84.6,0.009,52584.16693039471,5.513827800750732,0.14427620374820335,0.78,2524.04,0.215,0.03,54.519999999999996,0.008,1.31,7224.2,0.293,0.03,54.519999999999996,0.008
28,0,-8500,8500.0,96167.74828767615,23.81575584411621,0.1761999734090072,1.36,2512.06,0.236,0.02,80.84,0.009,2.16,11865.4,0.321,0.02,80.84,0.009,53172.32806578395,6.299136638641357,0.14507103806483795,0.92,2680.68,0.22,0.01,37.6,0.007,1.03,5805.6,0.274,0.01,37.6,0.007
28,0,-8000,8000.0,92273.39464341803,24.108076095581055,0.17476922368125958,1.48,2746.64,0.236,0.02,78.96,0.009,2.69,11258.6,0.317,0.02,78.96,0.009,56693.154483815306,7.667159080505371,0.15026680151485378,0.71,1906.2,0.222,0.01,31.960000000000004,0.007,0.82,5289.0,0.266,0.01,31.960000000000004,0.007
28,0,-7500,7500.0,87602.5634281742,23.67432975769043,0.1732926355077824,0.79,1450.4,0.247,0.03,73.32,0.009,3.22,10799.4,0.316,0.03,73.32,0.009,60772.79945520277,9.497632026672363,0.1563966347161447,0.75,1938.6,0.223,0.01,28.2,0.006,0.83,4895.4,0.26,0.01,28.2,0.006
28,0,-7000,7000.0,80305.86798991034,19.69213104248047,0.16729400909476067,2.01,4109.7,0.318,0.03,71.44,0.009,3.91,10791.2,0.316,0.03,71.44,0.009,64985.45777727122,11.617361068725586,0.16329122518887507,0.8,1882.14,0.227,0.01,28.2,0.006,0.8,5330.0,0.268,0.01,28.2,0.006
28,0,-6500,6500.0,72627.3725020702,15.007309913635254,0.15982798510205565,1.85,4044.81,0.313,0.37,974.0500000000001,0.019,4.53,10906.0,0.318,0.04,71.44,0.009,67435.39301672041,12.795958518981934,0.16746035154505884,1.36,2399.44,0.217,0.01,33.84,0.007,0.88,5789.2,0.276,0.01,33.84,0.007
28,0,-6000,6000.0,65189.8243361833,11.157824516296387,0.1520703605465106,1.67,3983.01,0.31,0.33,885.5,0.019,4.16,10610.8,0.313,0.04,71.44,0.009,66893.68999303531,11.826611518859863,0.16711757982797246,1.69,2488.44,0.218,0.01,35.72,0.007,1.46,6592.799999999999,0.287,0.01,35.72,0.007
28,0,-5500,5500.0,58659.35267225577,7.6913371086120605,0.1450942503448684,3.72,10332.0,0.307,0.28,832.37,0.018,3.72,10332.0,0.307,0.04,65.8,0.009,64992.11435509121,10.114150047302246,0.16437946822408891,1.92,2566.76,0.221,0.02,47.0,0.008,2.07,7494.800000000001,0.299,0.02,47.0,0.008
28,0,-5000,5000.0,52378.52681250151,5.195324897766113,0.13643867118278435,2.44,8577.2,0.284,0.26,832.37,0.019,2.44,8577.2,0.284,0.03,65.8,0.009,61837.437522129636,12.122499465942383,0.16153806130424175,1.53,1951.7000000000003,0.219,0.02,50.76,0.008,2.34,7945.8,0.305,0.02,50.76,0.008
28,0,-4500,4500.0,47463.80933318578,4.060238838195801,0.13009863925207749,0.52,2302.05,0.249,0.02,47.0,0.007,1.19,6871.600000000001,0.26,0.02,47.0,0.007,59260.404292958905,13.461007118225098,0.1598110731814883,1.57,1963.2999999999997,0.22,0.03,52.64000000000001,0.009,2.54,8347.6,0.311,0.03,52.64000000000001,0.009
28,0,-4000,4000.0,44490.069526521256,3.440512180328369,0.12537742428658644,0.46,2061.03,0.239,0.02,41.36,0.007,0.87,6027.0,0.244,0.02,41.36,0.007,56556.83954349348,14.589742660522461,0.1573033429521583,1.57,1841.5,0.215,0.03,54.519999999999996,0.009,1.72,7478.399999999999,0.302,0.03,54.519999999999996,0.009
28,0,-3500,3500.0,42609.26187529485,3.012489080429077,0.12283612053154337,0.4,1940.52,0.232,0.01,33.84,0.006,0.78,5436.6,0.234,0.01,33.84,0.006,55297.0130924308,15.514347076416016,0.157436462502389,1.57,1832.8,0.215,0.02,43.24,0.008,1.44,6568.2,0.292,0.02,43.24,0.008
28,0,-3000,3000.0,41946.65271748052,2.962736129760742,0.12189612793729186,0.33,1816.92,0.226,0.01,33.84,0.006,0.65,4993.8,0.226,0.01,33.84,0.006,54193.476870780716,15.475196838378906,0.1529280966562254,1.02,1248.21,0.214,0.02,41.36,0.008,1.87,6150.0,0.285,0.02,41.36,0.008
28,0,-2500,2500.0,42247.70876593685,2.9936208724975586,0.12311702333305169,0.29,1724.22,0.22,0.01,28.2,0.005,0.54,4682.2,0.219,0.01,28.2,0.005,53600.900602199246,14.512015342712402,0.14917798709161115,1.05,1238.16,0.214,0.03,37.6,0.007,2.1,5846.6,0.284,0.03,37.6,0.007
28,0,-2000,2000.0,43034.41691949633,3.0345945358276367,0.12437969978728995,0.13,603.4,0.176,0.01,26.320000000000004,0.005,0.46,4469.0,0.216,0.01,26.320000000000004,0.005,53531.5526315945,12.497747421264648,0.14463746339613137,1.9,2288.88,0.194,0.03,37.6,0.008,2.18,5895.8,0.283,0.03,37.6,0.008
28,0,-1500,1500.0,44115.12338040551,3.0633649826049805,0.12616511323115315,0.35,1922.4000000000003,0.181,0.01,24.44,0.005,0.4,4419.8,0.22,0.01,24.44,0.005,54571.42407269177,10.01230525970459,0.14244214015827733,1.08,2240.25,0.279,0.04,41.36,0.008,2.43,5977.8,0.283,0.04,41.36,0.008
28,0,-1000,1000.0,45308.24403945595,3.0037455558776855,0.12811059373169234,0.43,1865.44,0.178,0.01,26.320000000000004,0.006,0.4,4600.2,0.227,0.01,26.320000000000004,0.006,56809.48393701094,7.561019420623779,0.14340024070281027,1.12,2308.23,0.279,0.04,43.24,0.008,2.38,5854.8,0.277,0.04,43.24,0.008
28,0,-500,500.0,46213.48195092499,2.995332717895508,0.12943656724924021,0.48,1847.6400000000003,0.178,0.01,28.2,0.006,0.45,4805.2,0.235,0.01,28.2,0.006,60047.676257396146,8.885719299316406,0.14603517001319188,0.81,1689.1,0.206,0.03,37.6,0.008,2.39,5945.0,0.275,0.03,37.6,0.008
28,0,0,0.0,46742.70105000778,3.3749022483825684,0.1305480444065175,0.46,1525.4,0.181,0.01,28.2,0.006,0.5,4928.2,0.237,0.01,28.2,0.006,65027.34273656215,9.840204238891602,0.15301355060954233,0.89,1915.16,0.216,0.03,35.72,0.007,1.92,5986.0,0.269,0.03,35.72,0.007
28,0,500,500.0,47030.759004848296,3.871985673904419,0.1311576832798962,0.47,1528.2999999999997,0.181,0.01,30.08,0.006,0.58,5051.2,0.239,0.01,30.08,0.006,69714.19853833504,10.730050086975098,0.1599466890319881,0.94,2054.86,0.222,0.01,33.84,0.007,1.34,6174.6,0.269,0.01,33.84,0.007
28,0,1000,1000.0,47017.542744538514,4.136046409606934,0.13022997141059778,0.26,850.86,0.171,0.01,30.08,0.006,0.56,5166.0,0.239,0.01,30.08,0.006,71994.6120642293,11.738977432250977,0.16337980900343446,1.15,2845.8900000000003,0.283,0.01,33.84,0.007,1.49,6855.199999999999,0.275,0.01,33.84,0.007
28,0,1500,1500.0,47320.67859777498,4.097796440124512,0.12970786872452758,0.32,1041.18,0.18,0.01,31.960000000000004,0.006,0.54,5280.8,0.24,0.01,31.960000000000004,0.006,71967.27590850787,11.009478569030762,0.1635909131777949,1.25,3099.27,0.291,0.02,43.24,0.007,2.13,7478.399999999999,0.282,0.02,43.24,0.007
28,0,2000,2000.0,47761.062992158535,3.657708168029785,0.12781794798073182,0.22,735.0,0.188,0.01,31.960000000000004,0.006,0.53,5297.2,0.239,0.01,31.960000000000004,0.006,69374.77356165145,8.993969917297363,0.1605425823398549,1.35,3399.0,0.3,0.03,47.0,0.008,2.39,8224.599999999999,0.29,0.03,47.0,0.008
28,0,2500,2500.0,49127.91013959132,3.085844039916992,0.12745530542343395,0.21,686.0,0.183,0.01,31.960000000000004,0.006,0.62,5354.6,0.241,0.01,31.960000000000004,0.006,66066.58751946343,6.683831691741943,0.1562062638016591,1.12,3297.03,0.298,0.03,54.519999999999996,0.008,2.55,8905.2,0.298,0.03,54.519999999999996,0.008
28,0,3000,3000.0,51815.901951464686,2.8763656616210938,0.12951228997346262,0.19,681.8,0.182,0.01,33.84,0.006,0.6,5182.4,0.238,0.01,33.84,0.006,62278.72996505157,5.227289199829102,0.15044478169952624,0.87,3207.4200000000005,0.298,0.03,58.28,0.008,2.05,8692.0,0.297,0.03,58.28,0.008
28,0,3500,3500.0,55666.016067928285,3.195356845855713,0.13346121026872662,0.45,2381.64,0.191,0.01,30.08,0.006,0.57,5092.2,0.236,0.01,30.08,0.006,59248.48833634337,5.44135856628418,0.14552931176554618,0.61,2781.0,0.285,0.02,54.519999999999996,0.008,1.54,8429.6,0.296,0.02,54.519999999999996,0.008
28,0,4000,4000.0,60640.6604559299,3.4330050945281982,0.14012527218889376,0.5,2067.7,0.198,0.01,30.08,0.006,0.45,5133.2,0.235,0.01,30.08,0.006,57654.35117203763,5.932969093322754,0.14108410687818976,0.89,2762.56,0.206,0.02,54.519999999999996,0.008,1.0,7429.2,0.285,0.02,54.519999999999996,0.008
28,0,4500,4500.0,65442.82120670396,3.981005907058716,0.14670170209957106,0.51,2099.6,0.199,0.01,30.08,0.006,0.56,5346.4,0.237,0.01,30.08,0.006,57667.73834844453,6.695134162902832,0.13931981439678728,1.0,2933.44,0.211,0.01,43.24,0.008,0.73,6346.8,0.269,0.01,43.24,0.008
28,0,5000,5000.0,68775.64928044594,4.156531810760498,0.1508593355073722,0.3,1242.36,0.193,0.01,31.960000000000004,0.006,0.65,6141.8,0.249,0.01,31.960000000000004,0.006,59846.97392425773,7.868185997009277,0.14074236559076883,0.95,2218.5,0.21,0.01,39.48,0.007,0.71,5822.0,0.259,0.01,39.48,0.007
28,0,5500,5500.0,70626.87137812609,4.1172194480896,0.15308114130605185,0.27,1156.4,0.22,0.01,41.36,0.007,0.73,6970.0,0.26,0.01,41.36,0.007,62576.03676814462,9.075963973999023,0.1429851901313851,1.22,3122.12,0.213,0.01,37.6,0.007,0.73,5379.2,0.25,0.01,37.6,0.007
28,0,6000,6000.0,69763.94361552084,3.872704267501831,0.1517928698448613,0.25,1138.2,0.218,0.01,43.24,0.007,0.71,7904.800000000001,0.272,0.01,43.24,0.007,66237.82875342458,10.459689140319824,0.14841563761502252,1.18,2523.0,0.217,0.01,35.72,0.007,0.84,5403.8,0.249,0.01,35.72,0.007
28,0,6500,6500.0,67633.82628535037,3.7176706790924072,0.14847501175629202,0.44,3263.04,0.28,0.02,52.64000000000001,0.008,0.81,8790.4,0.282,0.02,52.64000000000001,0.008,69413.87741971739,11.67510986328125,0.15331442505491932,1.19,2543.3,0.217,0.02,37.6,0.007,0.99,5584.2,0.252,0.02,37.6,0.007
28,0,7000,7000.0,64866.92275938112,3.40641450881958,0.14530766726855046,0.17,1034.6,0.211,0.02,58.28,0.008,0.7,8577.2,0.28,0.02,58.28,0.008,70991.01659312837,12.39952278137207,0.15763321775586536,0.71,1567.8,0.212,0.02,37.6,0.007,1.22,6371.4,0.264,0.02,37.6,0.007
28,0,7500,7500.0,62749.04132320953,3.0009541511535645,0.14328148173991204,0.29,2442.16,0.192,0.01,52.64000000000001,0.008,0.57,8298.4,0.278,0.01,52.64000000000001,0.008,70473.3575997292,12.734617233276367,0.15875236559437644,0.79,1726.59,0.218,0.03,48.88,0.008,1.43,7257.0,0.277,0.03,48.88,0.008
28,0,8000,8000.0,61183.16850067349,2.650136947631836,0.14102023718612627,0.29,1896.6,0.192,0.01,50.76,0.008,0.48,7527.6,0.269,0.01,50.76,0.008,67108.4496510186,11.921252250671387,0.1570113816944342,0.71,1664.2799999999997,0.215,0.21,938.63,0.02,1.72,7863.8,0.282,0.03,50.76,0.008
28,0,8500,8500.0,60599.753807232264,2.4108831882476807,0.14033864051879963,0.3,1890.7999999999997,0.191,0.01,45.12,0.007,0.39,6806.000000000001,0.26,0.01,45.12,0.007,62236.17216513958,10.569786071777344,0.15279039333644379,1.09,3052.9200000000005,0.284,0.14,761.53,0.018,2.18,8421.4,0.287,0.03,58.28,0.009
28,0,9000,9000.0,60991.17785241051,2.5036160945892334,0.14052827676457408,0.16,1024.86,0.179,0.01,41.36,0.007,0.31,6609.2,0.257,0.01,41.36,0.007,55672.88309595315,8.634018898010254,0.14561959387351403,1.15,2981.85,0.281,0.13,672.98,0.017,2.29,8175.400000000001,0.282,0.03,60.16,0.009
28,0,9500,9500.0,61719.85350471659,2.848951816558838,0.14106328220800596,0.21,1262.28,0.19,0.01,41.36,0.007,0.3,6437.0,0.255,0.01,41.36,0.007,49451.635909752804,6.588232517242432,0.13814753336629534,2.3,7929.4,0.278,0.12,619.85,0.015,2.3,7929.4,0.278,0.02,54.519999999999996,0.008
28,0,10000,10000.0,63268.92056084034,3.2891900539398193,0.1441413706034145,0.31,2059.0,0.2,0.01,41.36,0.007,0.37,6305.8,0.252,0.01,41.36,0.007,43754.63291952037,4.814452648162842,0.12906936566888222,1.66,7101.2,0.268,0.1,619.85,0.016,1.66,7101.2,0.268,0.02,52.64000000000001,0.008
28,0,10500,10500.0,64922.500067568035,3.6691012382507324,0.14749414102034325,0.32,2073.5,0.201,0.01,39.48,0.007,0.45,6240.2,0.25,0.01,39.48,0.007,39780.03672568593,3.4946913719177246,0.12274068948256733,0.42,2036.31,0.245,0.09,672.98,0.016,1.08,6322.2,0.257,0.01,43.24,0.007
28,0,11000,11000.0,65907.75315618521,3.929171562194824,0.14887034754161102,0.19,1205.82,0.193,0.01,39.48,0.007,0.43,6428.8,0.253,0.01,39.48,0.007,37363.301441501244,2.611166477203369,0.11713542639996949,0.39,1674.78,0.229,0.08,761.53,0.018,0.74,5264.4,0.239,0.01,39.48,0.007
28,0,11500,11500.0,67188.298568147,4.016835689544678,0.1504829459138381,0.17,1108.8,0.219,0.01,43.24,0.007,0.41,6765.0,0.258,0.01,43.24,0.007,36353.23419453052,2.034907579421997,0.11488442944002786,0.35,1563.5399999999997,0.223,0.01,28.2,0.006,0.67,4411.6,0.224,0.01,28.2,0.006
28,0,12000,12000.0,68328.24300121574,3.8645527362823486,0.15124319290963506,0.15,1082.2,0.217,0.01,43.24,0.007,0.44,7412.799999999999,0.268,0.01,43.24,0.007,36698.66287601326,1.7109220027923584,0.11498627785788691,0.31,1461.5700000000002,0.218,0.01,24.44,0.006,0.6,4059.0,0.217,0.01,24.44,0.006
28,0,12500,12500.0,69000.46498085721,3.958597183227539,0.15098590572657367,0.19,1244.19,0.19,0.01,50.76,0.008,0.47,8077.0,0.278,0.01,50.76,0.008,37506.70351492627,1.8808447122573853,0.11644039251491174,0.25,1538.8200000000002,0.221,0.01,20.68,0.005,0.53,3821.2,0.212,0.01,20.68,0.005
28,0,13000,13000.0,69485.22272882983,5.270686149597168,0.15091577469750847,0.43,2417.24,0.195,0.01,52.64000000000001,0.008,0.53,7880.199999999999,0.275,0.01,52.64000000000001,0.008,38512.439849508155,1.8317707777023315,0.11811278501150946,0.31,1668.6,0.231,0.01,20.68,0.005,0.41,3886.8,0.212,0.01,20.68,0.005
28,0,13500,13500.0,70232.73386124638,6.677654266357422,0.15184700477027827,0.51,2595.24,0.2,0.01,48.88,0.008,0.61,7740.8,0.274,0.01,48.88,0.008,39717.66845511884,1.701056718826294,0.12044461263268372,0.28,1739.67,0.233,0.0,20.68,0.005,0.44,4190.200000000001,0.22,0.0,20.68,0.005
28,0,14000,14000.0,70735.34434403409,7.976676940917969,0.15121975310424784,0.76,2872.92,0.208,0.01,47.0,0.007,0.62,7781.8,0.273,0.01,47.0,0.007,40218.55111975456,2.032423734664917,0.12003368494967695,0.24,1841.64,0.238,0.01,22.56,0.005,0.43,4460.8,0.225,0.01,22.56,0.005
28,0,14500,14500.0,71776.77965522125,9.04574203491211,0.15156760299027133,0.92,3054.48,0.212,0.01,47.0,0.007,0.64,8044.2,0.277,0.01,47.0,0.007,40502.78494069353,2.463761329650879,0.11913849175501207,0.2,918.0,0.165,0.01,26.320000000000004,0.006,0.38,4706.8,0.229,0.01,26.320000000000004,0.006
28,0,15000,15000.0,73195.10773872944,10.076613426208496,0.15234843547336344,0.83,2360.6,0.211,0.01,48.88,0.008,0.67,8306.6,0.28,0.01,48.88,0.008,40890.53545325878,2.7704379558563232,0.11842298352165201,0.29,1752.03,0.229,0.01,26.320000000000004,0.006,0.31,4690.4,0.226,0.01,26.320000000000004,0.006
28,0,15500,15500.0,74910.25258011077,11.323877334594727,0.15308035250499036,0.85,2386.7,0.212,0.01,50.76,0.008,0.87,8528.0,0.283,0.01,50.76,0.008,41644.41356124007,2.990457057952881,0.11849525625346859,0.25,1043.94,0.167,0.01,28.2,0.006,0.42,4608.4,0.224,0.01,28.2,0.006
28,0,16000,16000.0,77552.24245092258,12.445596694946289,0.15615422072178922,0.82,2378.7,0.219,0.01,50.76,0.008,1.01,8183.6,0.28,0.01,50.76,0.008,43257.5571873982,2.997206687927246,0.12096736880949331,0.41,1655.9,0.187,0.01,28.2,0.006,0.56,4272.2,0.214,0.01,28.2,0.006
28,0,16500,16500.0,80159.50402245362,13.521880149841309,0.1594393041141569,0.8,2255.52,0.221,0.02,50.76,0.008,1.16,7757.200000000001,0.276,0.02,50.76,0.008,45907.477557548555,2.9197497367858887,0.1255629101622122,0.42,1679.1,0.189,0.01,24.44,0.005,0.7,4034.4,0.208,0.01,24.44,0.005
28,0,17000,17000.0,81749.01505596499,13.551652908325195,0.16206592538766845,0.8,2219.96,0.219,0.02,48.88,0.008,1.35,7929.4,0.279,0.02,48.88,0.008,48966.6349029023,2.743009328842163,0.13136321219757335,0.24,916.9799999999999,0.178,0.0,22.56,0.005,0.75,4108.2,0.211,0.0,22.56,0.005
28,0,17500,17500.0,81969.71703752351,13.745708465576172,0.162965413498501,0.47,1303.4,0.232,0.02,52.64000000000001,0.008,1.52,8077.0,0.282,0.02,52.64000000000001,0.008,51565.60619765951,2.5356292724609375,0.13627174135714018,0.3,1129.62,0.187,0.01,26.320000000000004,0.006,0.78,4313.2,0.219,0.01,26.320000000000004,0.006
28,0,18000,18000.0,81173.22254910541,14.017960548400879,0.16323752158740182,1.27,3593.6700000000005,0.295,0.02,54.519999999999996,0.008,2.01,8798.6,0.289,0.02,54.519999999999996,0.008,52967.03990328624,2.6852543354034424,0.14020329512445776,0.47,1638.5,0.186,0.01,26.320000000000004,0.006,0.7,4862.6,0.232,0.01,26.320000000000004,0.006
28,0,18500,18500.0,79150.55479489965,14.083192825317383,0.1614194538912773,1.19,3646.2,0.295,0.02,60.16,0.008,2.51,9577.6,0.297,0.02,60.16,0.008,52827.697197653986,2.8317325115203857,0.1416417468015994,0.48,1632.7,0.186,0.01,33.84,0.007,0.62,5428.4,0.245,0.01,33.84,0.007
28,0,19000,19000.0,75658.09292711201,13.188353538513184,0.15654123653076704,1.1,3745.0799999999995,0.298,0.03,63.92000000000001,0.009,2.34,9667.8,0.296,0.03,63.92000000000001,0.009,50568.5691656762,2.8379015922546387,0.1399521577160193,0.27,944.82,0.178,0.09,761.53,0.019,0.56,5928.6,0.252,0.01,35.72,0.007
28,0,19500,19500.0,72545.10562627693,11.988079071044922,0.1517373695104748,0.45,1155.0,0.22,0.27,1611.61,0.025,2.07,9840.0,0.298,0.03,62.04,0.008,47748.9336487203,2.6770596504211426,0.1371904897439596,0.23,865.2,0.202,0.01,41.36,0.007,0.52,6453.4,0.26,0.01,41.36,0.007
28,0,20000,20000.0,70404.99545407947,10.128975868225098,0.1485832042263652,1.22,3327.93,0.285,0.2,1647.03,0.025,2.24,9356.2,0.292,0.03,62.04,0.008,43929.01321843754,2.1741039752960205,0.1316956837985173,0.22,816.2,0.197,0.01,43.24,0.007,0.66,6363.2,0.257,0.01,43.24,0.007
28,0,20500,20500.0,69160.24917056202,8.005305290222168,0.14689612462550092,1.16,3062.19,0.275,0.02,56.4,0.008,2.53,8815.0,0.285,0.02,56.4,0.008,40747.20484723593,1.8405988216400146,0.12704702261537407,0.33,2064.12,0.245,0.01,41.36,0.007,0.76,6232.0,0.254,0.01,41.36,0.007
29,0,-21000,21000.0,50968.05297869588,7.236961841583252,0.16063322577889153,0.74,2867.52,0.308,0.02,41.36,0.008,1.57,7388.2,0.308,0.02,41.36,0.008,3256.915064811267,0.7381084561347961,0.08060442854353922,0.07,94.47,0.127,0.0,3.76,0.003,0.15,442.80000000000007,0.175,0.0,3.76,0.003
29,0,-20500,20500.0,47492.75258739858,5.6279120445251465,0.15461630874134577,0.64,2607.96,0.3,0.02,45.12,0.008,1.54,7576.8,0.31,0.02,45.12,0.008,3051.3626694199165,0.6466837525367737,0.07863347735334333,0.11,185.12,0.123,0.0,1.88,0.003,0.12,360.8,0.167,0.0,1.88,0.003
29,0,-20000,20000.0,44493.03467117414,4.984190464019775,0.1476380299663363,0.54,2320.59,0.291,0.02,45.12,0.008,1.32,6879.800000000001,0.302,0.02,45.12,0.008,3044.8969404733884,0.5922473669052124,0.07693714107086201,0.1,181.56,0.122,0.0,1.88,0.003,0.1,287.0,0.156,0.0,1.88,0.003
29,0,-19500,19500.0,42838.32184015057,4.891092777252197,0.14366316750624505,0.5,2091.93,0.282,0.01,35.72,0.007,1.1,6150.0,0.293,0.01,35.72,0.007,3214.7330714426034,0.577195942401886,0.07764497797713943,0.1,181.56,0.122,0.0,1.88,0.003,0.08,229.60000000000002,0.143,0.0,1.88,0.003
29,0,-19000,19000.0,42987.72205554404,5.682837009429932,0.14183946201641168,0.41,1155.7,0.198,0.01,33.84,0.007,0.91,5403.8,0.281,0.01,33.84,0.007,3635.56372106072,0.5982564687728882,0.07972143039339614,0.26,580.14,0.155,0.0,1.88,0.003,0.06,213.2,0.136,0.0,1.88,0.003
29,0,-18500,18500.0,44864.24813944052,6.481396198272705,0.144200067686735,0.45,1285.24,0.206,0.01,24.44,0.006,0.73,4797.0,0.27,0.01,24.44,0.006,4256.0414276263855,0.657754123210907,0.08331781808193733,0.4,799.89,0.167,0.0,7.18,0.007,0.06,205.0,0.132,0.0,1.88,0.003
29,0,-18000,18000.0,49056.80001545415,7.444855213165283,0.14893525329209142,0.57,1962.15,0.278,0.01,22.56,0.006,0.81,4854.4,0.271,0.01,22.56,0.006,5131.088659638048,0.8110015392303467,0.08638944489822971,0.55,1037.22,0.177,0.0,7.18,0.007,0.06,229.60000000000002,0.136,0.0,1.88,0.003
29,0,-17500,17500.0,54356.051666717045,9.568265914916992,0.1545692949255646,0.27,739.2,0.216,0.01,24.44,0.006,0.94,5043.0,0.276,0.01,24.44,0.006,6085.476500446179,1.0648503303527832,0.08918953763627242,0.62,1186.65,0.181,0.0,7.18,0.007,0.06,270.6,0.142,0.0,1.88,0.003
29,0,-17000,17000.0,60861.68853914601,12.404803276062012,0.15970829126917857,0.73,1976.4,0.233,0.01,24.44,0.006,1.03,5559.6,0.286,0.01,24.44,0.006,7188.9503938366115,1.4695196151733398,0.09040644501009147,0.25,348.88,0.135,0.0,7.18,0.007,0.08,369.0,0.156,0.0,1.88,0.003
29,0,-16500,16500.0,68161.35566415056,14.810194969177246,0.16509219064094602,0.84,2141.1,0.238,0.01,30.08,0.007,1.07,5961.4,0.293,0.01,30.08,0.007,8282.286741895483,1.8845294713974,0.09148512553584358,0.33,423.64,0.138,0.0,7.18,0.007,0.11,492.0,0.17,0.0,1.88,0.003
29,0,-16000,16000.0,76823.63824550253,17.156042098999023,0.1724467647040455,1.19,2581.2,0.249,0.02,33.84,0.007,1.34,6338.6,0.299,0.02,33.84,0.007,9711.680519562853,2.607020616531372,0.0932735911870133,0.54,587.4,0.143,0.0,7.18,0.007,0.18,680.6,0.186,0.0,1.88,0.003
29,0,-15500,15500.0,84634.59486540651,18.855453491210938,0.17699971167212455,1.23,2448.56,0.251,0.01,37.6,0.008,1.61,6707.6,0.304,0.01,37.6,0.008,11436.47492945397,3.4532251358032227,0.09653561412232213,0.67,697.76,0.145,0.0,3.76,0.003,0.28,902.0000000000001,0.199,0.0,3.76,0.003
29,0,-15000,15000.0,92537.53895337487,20.838577270507812,0.18263107118008218,1.32,2677.14,0.25,0.01,39.48,0.008,2.01,7658.8,0.316,0.01,39.48,0.008,13729.30939010432,4.253835201263428,0.10192278686079387,0.84,954.08,0.169,0.0,3.76,0.003,0.31,1074.2,0.207,0.0,3.76,0.003
29,0,-14500,14500.0,99338.55382887842,22.7404727935791,0.18677008244511314,0.75,1409.8,0.262,0.02,48.88,0.009,2.53,8724.8,0.326,0.02,48.88,0.009,15865.73899674705,4.878506660461426,0.1046130099162637,1.03,1142.76,0.184,0.0,3.76,0.004,0.39,1213.6,0.212,0.0,3.76,0.004
29,0,-14000,14000.0,104554.08346593204,22.3122615814209,0.1908378277183349,0.74,1454.6,0.263,0.02,52.64000000000001,0.009,2.82,10028.6,0.335,0.02,52.64000000000001,0.009,18450.66519943997,6.409351348876953,0.11057068747981048,1.03,1148.4,0.202,0.0,3.76,0.004,0.49,1271.0,0.214,0.0,3.76,0.004
29,0,-13500,13500.0,108034.5275915181,20.358381271362305,0.1929274900736816,1.65,4616.46,0.342,0.05,67.68,0.01,3.37,11340.6,0.343,0.05,67.68,0.01,20941.807305354327,7.281006813049316,0.11527832156206153,1.08,1183.2,0.205,0.0,5.64,0.004,0.55,1246.4,0.215,0.0,5.64,0.004
29,0,-13000,13000.0,108992.67423648534,19.896108627319336,0.19359054435453416,1.69,4962.54,0.346,0.05,71.44,0.01,3.47,12324.6,0.348,0.05,71.44,0.01,23734.99304298195,7.748267650604248,0.12401584439918414,0.94,1334.0,0.213,0.0,5.64,0.004,0.6,1451.4,0.22,0.0,5.64,0.004
29,0,-12500,12500.0,109054.47194965783,20.678686141967773,0.1935244676834242,3.49,13152.8,0.351,0.04,78.96,0.01,3.49,13152.8,0.351,0.04,78.96,0.01,26221.055039159306,8.942925453186035,0.1313065635406378,0.93,1345.6,0.214,0.0,7.52,0.004,0.64,1623.6,0.223,0.0,7.52,0.004
29,0,-12000,12000.0,107403.64145276413,21.24429702758789,0.1927395144309955,1.07,4808.04,0.343,0.04,84.6,0.01,2.8,13193.8,0.351,0.04,84.6,0.01,27866.809224038192,10.33167552947998,0.13946287402101668,0.92,1023.7,0.194,0.01,7.52,0.004,0.76,1992.6000000000001,0.229,0.01,7.52,0.004
29,0,-11500,11500.0,105244.74435423689,21.644519805908203,0.1916609307438677,1.08,4607.19,0.339,0.03,82.72,0.01,2.78,13029.8,0.35,0.03,82.72,0.01,28463.72150554096,11.148369789123535,0.14443075660355537,0.45,569.8,0.216,0.01,9.4,0.004,0.95,2320.6,0.233,0.01,9.4,0.004
29,0,-11000,11000.0,102549.20781351649,21.758132934570312,0.19049034986814337,1.08,4397.07,0.336,0.03,84.6,0.01,2.85,12554.2,0.348,0.03,84.6,0.01,27196.521954867254,10.968216896057129,0.14733377787626287,0.46,568.4,0.215,0.0,6.08,0.017,1.16,2697.8,0.239,0.01,13.160000000000002,0.005
29,0,-10500,10500.0,99845.98756448296,21.661611557006836,0.18958103107441684,0.5,1523.2,0.263,0.02,78.96,0.01,2.84,12045.8,0.345,0.02,78.96,0.01,24942.806788337806,10.21476936340332,0.14755226237898775,0.49,561.4,0.214,0.0,6.08,0.017,1.36,3157.0,0.255,0.02,20.68,0.006
29,0,-10000,10000.0,96792.80445438395,21.329341888427734,0.18792434147572082,0.5,1507.8,0.262,0.02,78.96,0.01,2.83,11758.8,0.343,0.02,78.96,0.01,21221.31233772436,8.544167518615723,0.1440018393375104,0.46,520.8,0.207,0.0,3.04,0.015,1.48,3329.1999999999994,0.26,0.02,22.56,0.007
29,0,-9500,9500.0,93643.98587327331,20.924556732177734,0.1861433313468699,1.12,4162.23,0.333,0.03,75.2,0.01,2.79,11545.6,0.342,0.03,75.2,0.01,17724.073801481478,6.656851768493652,0.1426546946936675,1.87,2378.24,0.144,0.0,3.04,0.015,1.58,3501.3999999999996,0.265,0.03,22.56,0.007
29,0,-9000,9000.0,90534.94144131348,20.417722702026367,0.18490157211378105,0.93,2242.82,0.24,0.03,73.32,0.009,2.73,11258.6,0.34,0.03,73.32,0.009,13562.98278780446,4.83263635635376,0.13464498125889138,0.57,1062.96,0.242,0.0,3.04,0.015,1.45,3107.8,0.252,0.03,22.56,0.007
29,0,-8500,8500.0,87122.85816891774,19.98737144470215,0.18342055061440296,1.18,3936.66,0.328,0.03,71.44,0.009,2.66,11004.4,0.338,0.03,71.44,0.009,10201.60445117583,3.4852724075317383,0.13095339929919367,0.54,865.2,0.23,0.0,3.04,0.015,1.42,2812.6,0.242,0.02,16.92,0.006
29,0,-8000,8000.0,83327.2988776744,19.35674476623535,0.18187948680674168,0.54,1310.4,0.252,0.03,67.68,0.009,2.62,10594.4,0.335,0.03,67.68,0.009,7138.511646074904,2.373361349105835,0.12027839551085337,0.49,689.07,0.226,0.0,6.22,0.015,1.2,2214.0,0.231,0.02,13.160000000000002,0.005
29,0,-7500,7500.0,79235.86614134001,18.510766983032227,0.18006302366150342,0.57,1276.8,0.25,0.03,63.92000000000001,0.009,2.59,10233.6,0.331,0.03,63.92000000000001,0.009,4848.759199842795,1.449499487876892,0.11331283306881554,1.01,1746.6,0.225,0.0,6.22,0.016,1.01,1746.6,0.225,0.01,7.52,0.004
29,0,-7000,7000.0,74680.74529184477,17.214139938354492,0.17706765982356953,0.57,1258.6,0.249,0.03,63.92000000000001,0.009,2.63,9963.0,0.329,0.03,63.92000000000001,0.009,3186.24128763422,0.892601490020752,0.09748549370099739,0.67,1238.2,0.215,0.0,3.04,0.016,0.67,1238.2,0.215,0.01,5.64,0.004
29,0,-6500,6500.0,70212.25540061138,15.589165687561035,0.17428218365989145,0.53,1188.6,0.248,0.03,63.92000000000001,0.009,2.66,9684.2,0.327,0.03,63.92000000000001,0.009,2070.4810868286904,0.48433855175971985,0.08524570752824329,0.39,762.6,0.198,0.0,7.18,0.007,0.39,762.6,0.198,0.0,3.76,0.004
29,0,-6000,6000.0,65279.02319574899,13.852206230163574,0.16986247902403076,1.13,3111.63,0.314,0.03,62.04,0.009,2.52,9192.2,0.325,0.03,62.04,0.009,1487.3818865883393,0.29108309745788574,0.07216520689798656,0.21,483.8,0.177,0.0,7.18,0.007,0.21,483.8,0.177,0.0,1.88,0.003
29,0,-5500,5500.0,60557.06867258203,12.597115516662598,0.16544951549311684,1.04,2824.26,0.307,0.03,54.519999999999996,0.009,2.37,8610.0,0.321,0.03,54.519999999999996,0.009,1112.1537573158234,0.1866338551044464,0.06346108861116342,0.03,34.8,0.092,0.0,3.59,0.005,0.07,229.60000000000002,0.136,0.0,1.88,0.003
29,0,-5000,5000.0,55978.88908520687,11.085619926452637,0.15969266048398267,0.93,2515.26,0.299,0.03,54.519999999999996,0.009,2.2,7822.799999999999,0.314,0.03,54.519999999999996,0.009,977.9458921120352,0.1577623188495636,0.061271007809143296,0.02,20.88,0.089,0.0,3.59,0.005,0.04,155.8,0.118,0.0,0.0,0.003
29,0,-4500,4500.0,52494.131826412864,9.588990211486816,0.15587542148133443,0.83,2286.6,0.29,0.03,48.88,0.008,1.99,7052.0,0.306,0.03,48.88,0.008,885.3567680396282,0.13974551856517792,0.061079857459601185,0.02,20.88,0.089,0.0,3.59,0.005,0.03,106.6,0.098,0.0,0.0,0.003
29,0,-4000,4000.0,50170.272197569095,8.26613998413086,0.15251136355154077,0.32,760.2,0.216,0.03,47.0,0.008,1.73,6314.0,0.297,0.03,47.0,0.008,815.2283836941734,0.12281648814678192,0.061863874700471104,0.02,19.14,0.088,0.0,3.59,0.005,0.03,106.6,0.1,0.0,0.0,0.003
29,0,-3500,3500.0,48938.29309034752,7.969430923461914,0.15118832582796723,0.29,687.4,0.208,0.02,35.72,0.007,1.46,5690.8,0.287,0.02,35.72,0.007,720.672873854582,0.10265729576349258,0.06094956986651699,0.02,18.2,0.1,0.0,3.59,0.006,0.03,114.80000000000001,0.103,0.0,0.0,0.003
29,0,-3000,3000.0,48915.63906926122,8.528010368347168,0.15059661404837085,0.55,1209.04,0.203,0.02,33.84,0.007,1.22,5330.0,0.279,0.02,33.84,0.007,579.9932053745266,0.07694447040557861,0.05555110202799927,0.02,20.1,0.089,0.0,3.59,0.006,0.03,106.6,0.101,0.0,0.0,0.003
29,0,-2500,2500.0,49747.52505500714,9.188151359558105,0.15159544333041267,0.58,1257.3,0.207,0.02,30.08,0.007,1.01,5067.6,0.274,0.02,30.08,0.007,433.9650361858645,0.052745163440704346,0.047779399920302355,0.01,12.6,0.091,0.0,3.59,0.006,0.03,98.4,0.098,0.0,0.0,0.003
29,0,-2000,2000.0,51391.901363544275,9.872194290161133,0.15374481971478635,0.76,1510.9,0.206,0.02,30.08,0.007,0.96,5018.4,0.274,0.02,30.08,0.007,290.9267932522681,0.033294301480054855,0.0362929447754253,0.01,11.2,0.087,0.0,3.59,0.006,0.02,73.8,0.09,0.0,0.0,0.003
29,0,-1500,1500.0,53123.51520726633,10.219167709350586,0.1562285933069305,0.77,1519.6,0.207,0.02,28.2,0.007,0.95,5084.0,0.277,0.02,28.2,0.007,183.51875963209778,0.01878385990858078,0.025627375371292196,0.01,21.630000000000003,0.096,0.0,0.0,0.005,0.02,57.400000000000006,0.083,0.0,0.0,0.003
29,0,-1000,1000.0,54376.28114922063,10.021254539489746,0.15888695650189893,0.37,746.2,0.219,0.02,28.2,0.007,1.05,5420.2,0.284,0.02,28.2,0.007,103.99212846572681,0.008262746036052704,0.015105232952327595,0.01,15.45,0.079,0.0,0.0,0.005,0.01,41.0,0.066,0.0,0.0,0.003
29,0,-500,500.0,55043.69507637412,9.60118579864502,0.16094543849513115,0.41,845.6,0.228,0.02,31.960000000000004,0.007,1.3,5822.0,0.293,0.02,31.960000000000004,0.007,63.43521642066463,0.0035447950940579176,0.009290811724420544,0.01,24.6,0.05,0.0,0.0,0.003,0.01,24.6,0.05,0.0,0.0,0.002
29,0,0,0.0,54481.83734637359,8.603487014770508,0.16231024624130463,0.39,858.2,0.229,0.15,1009.4699999999999,0.024,1.5,6256.6,0.298,0.02,33.84,0.007,46.016158752783554,0.0014560833806172013,0.0063167577781624165,0.0,0.0,0.003,0.0,0.0,0.003,0.0,8.2,0.028,0.0,0.0,0.002
29,0,500,500.0,52937.629110538,7.471375465393066,0.16204197419300825,0.5,1206.0,0.215,0.11,832.37,0.022,1.68,6699.4,0.304,0.02,37.6,0.008,49.0124183941532,0.0022434000857174397,0.006257894090057745,0.0,0.0,0.002,0.0,0.0,0.002,0.0,0.0,0.01,0.0,0.0,0.001
29,0,1000,1000.0,49914.46404050067,6.024085521697998,0.15798339504909323,0.91,2227.68,0.196,0.1,796.95,0.021,1.56,6797.799999999999,0.305,0.02,39.48,0.008,62.57704756093787,0.0031811187509447336,0.007257209559926499,0.0,0.0,0.002,0.0,0.0,0.002,0.0,0.0,0.007,0.0,0.0,0.001
29,0,1500,1500.0,46608.721562404186,4.450362682342529,0.15249260325554545,1.33,6715.8,0.304,0.09,779.24,0.021,1.33,6715.8,0.304,0.02,41.36,0.008,85.10693794360691,0.004348223563283682,0.009055190403839862,0.0,0.0,0.002,0.0,0.0,0.002,0.0,8.2,0.011,0.0,0.0,0.001
29,0,2000,2000.0,43329.67513843447,3.2668001651763916,0.14631033380701378,0.46,2239.92,0.196,0.11,796.95,0.021,0.91,6264.8,0.297,0.02,41.36,0.008,104.85310423206045,0.005553767085075378,0.010587834257997072,0.0,0.0,0.002,0.0,0.0,0.002,0.0,8.2,0.012,0.0,0.0,0.002
29,0,2500,2500.0,40162.238015243194,3.1856460571289062,0.14001607135684982,0.31,1644.72,0.194,0.01,37.6,0.008,0.63,5674.4,0.288,0.01,37.6,0.008,118.4890965681987,0.006633049808442593,0.011522457386013736,0.01,7.62,0.035,0.0,0.0,0.003,0.0,8.2,0.012,0.0,0.0,0.002
29,0,3000,3000.0,37729.01384181278,3.4737119674682617,0.13535732776325635,0.29,1669.6400000000003,0.195,0.01,37.6,0.008,0.39,4690.4,0.269,0.01,37.6,0.008,136.21691320316245,0.008357550948858261,0.013190357778140371,0.01,7.62,0.035,0.0,0.0,0.003,0.0,8.2,0.01,0.0,0.0,0.002
29,0,3500,3500.0,36564.53209614021,3.730731248855591,0.134403905726781,0.28,1683.8800000000003,0.195,0.0,24.44,0.006,0.41,3854.0,0.25,0.0,24.44,0.006,163.30876003609092,0.011020555160939693,0.015779743301064585,0.01,8.64,0.039,0.0,0.0,0.003,0.0,8.2,0.01,0.0,0.0,0.002
29,0,4000,4000.0,36408.33976482564,3.9826979637145996,0.13500603556515306,0.25,1232.5,0.189,0.0,20.68,0.006,0.45,3804.7999999999997,0.249,0.0,20.68,0.006,182.1082294281382,0.011904162354767323,0.01737713136305977,0.01,6.48,0.037,0.0,0.0,0.003,0.0,8.2,0.015,0.0,0.0,0.002
29,0,4500,4500.0,36640.101866618585,4.2643327713012695,0.1366956939640279,0.25,1232.5,0.189,0.0,20.68,0.006,0.47,3919.6,0.252,0.0,20.68,0.006,213.52599866116933,0.013159275986254215,0.019694349457597526,0.01,10.05,0.051,0.0,0.0,0.004,0.01,16.4,0.02,0.0,0.0,0.002
29,0,5000,5000.0,36549.71555190955,4.497071266174316,0.13760079809983095,0.24,924.56,0.183,0.01,86.16,0.012,0.51,4059.0,0.256,0.01,20.68,0.005,258.5506827764135,0.014468304812908173,0.02222796758354935,0.01,20.020000000000003,0.049,0.0,0.0,0.004,0.01,16.4,0.018,0.0,0.0,0.002
29,0,5500,5500.0,36091.953012301135,4.672225475311279,0.13746891836431407,0.25,919.48,0.183,0.01,22.56,0.006,0.53,4132.8,0.258,0.01,22.56,0.006,345.84407936009427,0.017386548221111298,0.02710333493877209,0.03,34.32,0.061,0.0,0.0,0.004,0.0,8.2,0.014,0.0,0.0,0.002
29,0,6000,6000.0,35135.15022206376,4.761083126068115,0.1362897909083618,0.27,861.06,0.178,0.01,22.56,0.006,0.58,4083.6000000000004,0.257,0.01,22.56,0.006,490.8884612487185,0.032543860375881195,0.03424343330041079,0.03,37.18,0.063,0.0,0.0,0.004,0.0,8.2,0.01,0.0,0.0,0.002
29,0,6500,6500.0,33949.858947521396,4.815158843994141,0.13433647050584027,0.35,1483.2,0.254,0.0,22.56,0.006,0.67,4050.8000000000006,0.258,0.0,22.56,0.006,689.9367600956566,0.05354440212249756,0.042697543626280324,0.03,48.62,0.068,0.0,0.0,0.003,0.0,8.2,0.017,0.0,0.0,0.002
29,0,7000,7000.0,32679.10917634955,4.851188659667969,0.13182671375900962,0.42,1498.65,0.257,0.0,20.68,0.006,0.77,4042.5999999999995,0.258,0.0,20.68,0.006,922.5616131785728,0.08051887899637222,0.051093012851931074,0.04,48.62,0.069,0.0,0.0,0.003,0.01,24.6,0.035,0.0,0.0,0.002
29,0,7500,7500.0,31292.75352062275,4.860993385314941,0.1285614093697783,0.47,1461.5700000000002,0.255,0.0,20.68,0.006,0.89,4059.0,0.259,0.0,20.68,0.006,1151.717271592156,0.10659129172563553,0.05803415207138693,0.04,64.89,0.125,0.0,0.0,0.004,0.02,57.400000000000006,0.06,0.0,0.0,0.002
29,0,8000,8000.0,30117.53736564638,4.851620674133301,0.12471333526798763,0.52,1421.4,0.252,0.01,20.68,0.006,0.97,3927.8,0.256,0.01,20.68,0.006,1346.4056310854517,0.12614001333713531,0.06402822385665863,0.06,89.61,0.145,0.0,0.0,0.004,0.04,106.6,0.087,0.0,0.0,0.003
29,0,8500,8500.0,29497.33315162152,4.88095235824585,0.12227144114492956,0.53,1375.05,0.248,0.01,18.8,0.006,1.05,3821.2,0.254,0.01,18.8,0.006,1479.9581377521931,0.13384473323822021,0.06784847027079849,0.06,108.15,0.154,0.0,3.59,0.005,0.06,164.0,0.109,0.0,0.0,0.003
29,0,9000,9000.0,29592.6617211836,4.964592933654785,0.12058950726470426,0.53,1319.4299999999998,0.244,0.01,18.8,0.005,1.07,3665.4,0.249,0.01,18.8,0.005,1512.4757908301945,0.12692533433437347,0.06952093671345222,0.07,126.68999999999998,0.162,0.0,3.59,0.005,0.07,213.2,0.123,0.0,0.0,0.003
29,0,9500,9500.0,30252.698891947748,5.0204176902771,0.12055841096495606,0.5,1248.36,0.235,0.01,16.92,0.005,1.08,3526.0,0.245,0.01,16.92,0.005,1478.793480078275,0.1100829616189003,0.06926233364225723,0.07,126.68999999999998,0.162,0.0,3.59,0.006,0.09,254.2,0.133,0.0,1.88,0.003
29,0,10000,10000.0,31716.263265304624,5.004824161529541,0.12205828976548512,0.47,1198.92,0.23,0.01,16.92,0.005,1.03,3361.9999999999995,0.236,0.01,16.92,0.005,1370.0866884155403,0.11124205589294434,0.06693505426625422,0.06,123.6,0.163,0.0,3.59,0.006,0.08,262.4,0.134,0.0,1.88,0.003
29,0,10500,10500.0,33898.530812656376,5.011054992675781,0.1256448780142229,0.42,1239.09,0.232,0.01,15.04,0.005,0.98,3255.4,0.232,0.01,15.04,0.005,1249.4854248632691,0.11350662261247635,0.06396623142149757,0.04,105.06000000000002,0.155,0.0,3.59,0.006,0.07,254.2,0.133,0.0,1.88,0.003
29,0,11000,11000.0,36503.42260872653,5.243743896484375,0.1304214321859451,0.37,1291.62,0.235,0.0,15.04,0.005,0.9,3361.9999999999995,0.234,0.0,15.04,0.005,1127.1187198957705,0.11369705200195312,0.06007429542420296,0.04,86.52000000000001,0.145,0.0,3.59,0.006,0.05,213.2,0.122,0.0,1.88,0.003
29,0,11500,11500.0,38984.78729113146,5.498754978179932,0.13462546392288055,0.35,1384.3200000000002,0.241,0.01,16.92,0.005,0.83,3509.6,0.238,0.01,16.92,0.005,1039.3553768193271,0.11164869368076324,0.05736746173517582,0.04,71.07,0.134,0.0,3.59,0.006,0.04,172.2,0.109,0.0,1.88,0.003
29,0,12000,12000.0,41226.02363601646,5.807514190673828,0.139600240168331,0.32,1502.2,0.2,0.01,18.8,0.005,0.78,3821.2,0.246,0.01,18.8,0.005,1003.2304254731387,0.10805001854896545,0.05566072678282561,0.03,58.71,0.129,0.0,3.59,0.006,0.04,131.2,0.097,0.0,1.88,0.003
29,0,12500,12500.0,42698.6555608458,6.09915018081665,0.14292513309085947,0.33,1516.7000000000003,0.2,0.01,20.68,0.006,0.73,4108.2,0.253,0.01,20.68,0.006,1013.7883226680884,0.10343299806118011,0.05624096153438042,0.03,58.71,0.13,0.0,3.59,0.006,0.04,114.80000000000001,0.093,0.0,0.0,0.003
29,0,13000,13000.0,42727.846653380555,6.2700724601745605,0.14379659333593464,0.33,1702.59,0.259,0.01,22.56,0.006,0.73,4411.6,0.259,0.01,22.56,0.006,1057.0505879327102,0.09911750257015228,0.05759257674465784,0.03,58.71,0.132,0.0,3.59,0.006,0.04,114.80000000000001,0.096,0.0,0.0,0.003
29,0,13500,13500.0,42028.10878621952,6.285739421844482,0.14307033739084804,0.35,1792.2,0.263,0.01,26.320000000000004,0.006,0.76,4698.6,0.265,0.01,26.320000000000004,0.006,1098.7856856527287,0.09461820870637894,0.05889872985602211,0.02,32.4,0.099,0.0,3.59,0.006,0.03,114.80000000000001,0.101,0.0,0.0,0.003
29,0,14000,14000.0,40132.55132583501,6.075069427490234,0.13987786511942774,0.38,1897.26,0.268,0.01,26.320000000000004,0.006,0.79,4977.4,0.27,0.01,26.320000000000004,0.006,1132.0867900353505,0.09614898264408112,0.06014641493984349,0.03,61.8,0.132,0.0,3.59,0.006,0.03,131.2,0.106,0.0,0.0,0.003
29,0,14500,14500.0,37753.48037502907,5.760778427124023,0.1352742573164018,0.39,1789.11,0.261,0.01,30.08,0.007,0.84,5198.8,0.274,0.01,30.08,0.007,1148.4741030726582,0.10635573416948318,0.0609192807212301,0.03,61.8,0.132,0.0,3.59,0.006,0.03,139.4,0.11,0.0,0.0,0.003
29,0,15000,15000.0,34744.97075363336,5.361083984375,0.12898127175701535,0.41,1674.78,0.254,0.01,30.08,0.007,0.87,4911.8,0.267,0.01,30.08,0.007,1140.4040883478956,0.11043056100606918,0.06139352937378631,0.03,64.89,0.134,0.0,3.59,0.006,0.04,147.6,0.114,0.0,1.88,0.003
29,0,15500,15500.0,32113.106937936664,4.9680585861206055,0.12362435751759243,0.41,1551.1799999999998,0.245,0.01,26.320000000000004,0.006,0.9,4608.4,0.26,0.01,26.320000000000004,0.006,1109.479007398113,0.10974995791912079,0.06107251236698512,0.03,61.8,0.132,0.0,3.59,0.006,0.04,147.6,0.116,0.0,1.88,0.003
29,0,16000,16000.0,29710.813935370687,4.5810370445251465,0.1178095163441037,0.41,1418.31,0.234,0.01,26.320000000000004,0.006,0.9,4239.4,0.25,0.01,26.320000000000004,0.006,1055.4630381720926,0.1037120372056961,0.06024316498956176,0.03,58.71,0.131,0.0,3.59,0.006,0.04,147.6,0.117,0.0,1.88,0.003
29,0,16500,16500.0,27755.295148046003,4.267892837524414,0.11312707723030517,0.39,1322.52,0.226,0.0,20.68,0.005,0.89,3895.0,0.24,0.0,20.68,0.005,986.8674730132625,0.09531209617853165,0.05876700949542082,0.02,28.08,0.094,0.0,3.59,0.006,0.04,139.4,0.116,0.0,1.88,0.003
29,0,17000,17000.0,26237.28212907449,4.005061626434326,0.10946120322717431,0.38,1226.73,0.217,0.0,18.8,0.005,0.85,3608.0000000000005,0.23,0.0,18.8,0.005,901.0835077304364,0.08390762656927109,0.05647210555032784,0.01,19.600000000000005,0.099,0.0,3.59,0.006,0.03,131.2,0.113,0.0,1.88,0.003
29,0,17500,17500.0,25040.99951269305,3.8000166416168213,0.10700910543705662,0.36,1115.49,0.207,0.0,16.92,0.005,0.8,3353.8,0.221,0.0,16.92,0.005,811.5099693204684,0.07192949205636978,0.05370542121104918,0.02,24.12,0.09,0.0,3.59,0.006,0.03,114.80000000000001,0.109,0.0,0.0,0.003
29,0,18000,18000.0,24027.155986052494,3.653616428375244,0.10585417896683727,0.34,1047.51,0.205,0.0,15.04,0.004,0.75,3058.6,0.211,0.0,15.04,0.004,717.9382312333473,0.05988304316997528,0.05024074492555418,0.01,15.4,0.091,0.0,3.59,0.006,0.02,98.4,0.102,0.0,0.0,0.003
29,0,18500,18500.0,23168.691434560584,3.5229222774505615,0.10571255475583752,0.34,1041.33,0.205,0.0,13.160000000000002,0.004,0.69,2878.2,0.208,0.0,13.160000000000002,0.004,631.5528835475561,0.049631644040346146,0.04675371838249453,0.01,12.6,0.082,0.0,3.59,0.006,0.02,90.2,0.095,0.0,0.0,0.003
29,0,19000,19000.0,22136.321596920356,3.3791744709014893,0.10543672776091018,0.32,649.6000000000001,0.131,0.0,11.28,0.004,0.66,2845.4,0.208,0.0,11.28,0.004,549.1392150239349,0.04116057977080345,0.042905002461533635,0.01,12.6,0.08,0.0,3.59,0.006,0.02,73.8,0.087,0.0,0.0,0.003
29,0,19500,19500.0,20923.255265739317,3.2191920280456543,0.10465048765568313,0.32,643.8,0.131,0.0,11.28,0.004,0.63,2829.0,0.209,0.0,11.28,0.004,475.449364768464,0.03381362557411194,0.03924059912192297,0.01,9.800000000000002,0.072,0.0,3.59,0.006,0.01,65.6,0.08,0.0,0.0,0.003
29,0,20000,20000.0,19391.543962891956,3.0201575756073,0.10290859242608631,0.34,982.62,0.205,0.0,11.28,0.004,0.62,2771.6,0.208,0.0,11.28,0.004,409.1140755627613,0.027624938637018204,0.03565152000638842,0.01,9.800000000000002,0.071,0.0,3.59,0.006,0.01,57.400000000000006,0.072,0.0,0.0,0.003
29,0,20500,20500.0,17857.35042542551,2.776433229446411,0.10108951005965373,0.22,428.13,0.131,0.01,11.28,0.004,0.61,2697.8,0.207,0.01,11.28,0.004,352.72630283784423,0.023358473554253578,0.032540021820478215,0.01,8.4,0.064,0.0,3.59,0.006,0.01,49.2,0.066,0.0,0.0,0.003
30,0,-21000,21000.0,160213.98719461562,10.642160415649414,0.19183072438059992,1.46,6521.92,0.258,0.02,99.64,0.01,2.04,15694.8,0.338,0.02,99.64,0.01,175362.33127745707,29.335819244384766,0.20781184196707236,3.0,9588.27,0.405,0.54,2939.86,0.033,6.93,26674.6,0.419,0.07,159.8,0.011
30,0,-20500,20500.0,166222.97437675152,10.55333423614502,0.1944209961005315,1.69,6568.2,0.259,0.02,105.28000000000002,0.01,2.01,16088.4,0.341,0.02,105.28000000000002,0.01,163588.15268088115,22.885509490966797,0.20717095467198268,6.9,25928.4,0.416,0.52,2656.5,0.032,6.9,25928.4,0.416,0.07,156.04,0.011
30,0,-20000,20000.0,171824.86535680544,12.900774002075195,0.19737690174453698,1.68,6279.84,0.258,0.02,107.15999999999998,0.01,2.08,16892.0,0.344,0.02,107.15999999999998,0.01,147770.4767686929,18.76792335510254,0.19870480566080748,2.33,7446.9,0.36,0.56,2674.21,0.032,5.49,23320.8,0.396,0.07,150.4,0.011
30,0,-19500,19500.0,176292.71257013595,14.60881233215332,0.1996036697656585,1.67,6108.96,0.258,0.02,116.56,0.01,2.11,17695.6,0.35,0.02,116.56,0.01,133295.03397162026,15.269477844238281,0.19011163442238835,2.16,6451.92,0.343,0.05,137.24,0.011,4.75,20623.0,0.375,0.05,137.24,0.011
30,0,-19000,19000.0,179739.20073207264,15.609559059143066,0.20119118453043783,1.34,4982.2,0.259,0.03,120.32,0.01,1.87,18925.6,0.362,0.03,120.32,0.01,121701.1117105777,11.805197715759277,0.18131739354934479,1.95,5617.62,0.334,0.04,133.48,0.011,4.36,17408.6,0.347,0.04,133.48,0.011
30,0,-18500,18500.0,182384.49286486182,16.819730758666992,0.20170925511912854,1.34,4959.0,0.259,0.02,127.84000000000002,0.01,2.01,20008.0,0.372,0.02,127.84000000000002,0.01,114234.80582871361,12.21901798248291,0.176443344985654,1.63,5018.159999999999,0.326,0.03,110.92,0.01,3.74,15334.0,0.338,0.03,110.92,0.01
30,0,-18000,18000.0,185107.5894304015,18.75253677368164,0.2024666220667321,1.32,7697.19,0.367,0.02,131.6,0.01,2.34,20770.6,0.379,0.02,131.6,0.01,110725.48257780145,13.422719955444336,0.1745930828278373,1.26,4359.99,0.317,0.03,105.28000000000002,0.01,2.98,13431.6,0.329,0.03,105.28000000000002,0.01
30,0,-17500,17500.0,187499.19780821708,18.71231460571289,0.20275670537139262,0.86,3423.03,0.259,0.03,133.48,0.01,2.57,21516.8,0.386,0.03,133.48,0.01,109497.98866926212,13.749777793884277,0.17565473374358576,1.14,4645.8,0.239,0.03,84.6,0.009,2.2,11849.0,0.319,0.03,84.6,0.009
30,0,-17000,17000.0,189842.76759556972,16.783119201660156,0.2040128518560408,1.58,6344.4,0.236,0.03,135.36,0.01,2.15,21115.0,0.385,0.03,135.36,0.01,109217.96194532835,12.468001365661621,0.1763770832419022,1.16,4450.0,0.238,0.02,77.08,0.009,1.57,11365.2,0.315,0.02,77.08,0.009
30,0,-16500,16500.0,192827.5785714204,14.188420295715332,0.20597262681034192,1.04,8015.46,0.38,0.03,131.6,0.01,2.05,20934.6,0.385,0.03,131.6,0.01,108476.05940619041,11.464750289916992,0.1767392254966034,1.15,4346.76,0.239,0.02,75.2,0.009,1.82,11012.6,0.313,0.02,75.2,0.009
30,0,-16000,16000.0,196223.97799830898,14.747526168823242,0.20944944334160553,1.22,8565.48,0.395,0.03,129.72,0.011,1.99,22074.4,0.397,0.03,129.72,0.011,107280.76919989556,13.473271369934082,0.17596663703284093,1.05,4461.96,0.315,0.02,73.32,0.009,2.08,11578.4,0.315,0.02,73.32,0.009
30,0,-15500,15500.0,198862.61688319145,15.430830001831055,0.2125674082538745,1.17,8951.73,0.403,0.02,135.36,0.011,2.24,23419.2,0.41,0.02,135.36,0.011,106048.94100154816,14.60777473449707,0.1745547576938171,1.24,3730.88,0.23,0.02,82.72,0.009,2.34,12127.8,0.317,0.02,82.72,0.009
30,0,-15000,15000.0,199711.488181045,15.610886573791504,0.21596418957562136,0.91,5044.44,0.275,0.02,137.24,0.011,2.17,24772.2,0.421,0.02,137.24,0.011,105884.09946786074,14.160179138183594,0.1733252968161866,1.08,3033.4000000000005,0.234,0.02,84.6,0.009,1.87,11750.6,0.314,0.02,84.6,0.009
30,0,-14500,14500.0,197621.8223277512,15.156789779663086,0.21705545203241758,0.97,4927.6,0.274,0.02,148.52,0.011,2.02,25903.8,0.43,0.02,148.52,0.011,107240.77882127458,12.483662605285645,0.17344519690132956,1.09,3013.1,0.233,0.02,77.08,0.009,1.6,11430.8,0.312,0.02,77.08,0.009
30,0,-14000,14000.0,192657.61957883585,14.22888469696045,0.2159058800905165,1.24,9572.82,0.417,0.02,150.4,0.011,1.95,26289.200000000004,0.433,0.02,150.4,0.011,109325.87843834468,10.596550941467285,0.17183902002105625,1.32,3221.9,0.237,0.02,75.2,0.009,1.78,10922.4,0.309,0.02,75.2,0.009
30,0,-13500,13500.0,186891.2429116699,15.125834465026855,0.2138928482262841,1.39,9328.71,0.411,0.02,154.16,0.011,2.41,26412.2,0.434,0.02,154.16,0.011,114281.35353667718,11.76780891418457,0.1733852440506687,1.33,3242.2,0.238,0.02,71.44,0.009,2.04,10504.2,0.308,0.02,71.44,0.009
30,0,-13000,13000.0,179973.01983982464,15.89465045928955,0.20931563783576593,1.56,9075.33,0.405,0.03,154.16,0.011,2.71,25510.2,0.426,0.03,154.16,0.011,122547.8358445435,12.715479850769043,0.17967010683789325,0.72,1884.42,0.229,0.02,71.44,0.009,1.9,10865.0,0.312,0.02,71.44,0.009
30,0,-12500,12500.0,174562.50663126764,16.641496658325195,0.20521885006657664,1.27,8577.84,0.393,0.03,146.64,0.011,2.94,24706.6,0.419,0.03,146.64,0.011,130614.67859021778,13.714820861816406,0.18572495307988074,0.9,2273.31,0.239,0.02,75.2,0.009,1.77,11471.8,0.318,0.02,75.2,0.009
30,0,-12000,12000.0,172026.31481004265,16.971681594848633,0.20210413961021195,1.12,4361.6,0.254,0.03,144.76,0.011,2.33,22960.0,0.404,0.03,144.76,0.011,136378.2884274509,15.846358299255371,0.1898283341356932,0.58,1836.8,0.262,0.02,77.08,0.009,1.43,12136.0,0.323,0.02,77.08,0.009
30,0,-11500,11500.0,172053.3433912552,16.370471954345703,0.2012168996875344,1.15,4402.2,0.255,0.02,131.6,0.011,2.14,21533.2,0.391,0.02,131.6,0.011,140266.8233557684,16.939281463623047,0.19222310603918635,3.42,13879.41,0.288,0.03,82.72,0.009,1.87,12890.4,0.329,0.03,82.72,0.009
30,0,-11000,11000.0,173627.37064210803,16.73397445678711,0.19985593021399026,1.07,4678.739999999999,0.265,0.02,127.84000000000002,0.01,2.11,20147.4,0.378,0.02,127.84000000000002,0.01,141489.29509825882,17.48268699645996,0.1932515643050949,1.36,6220.17,0.344,0.03,84.6,0.009,2.29,14801.0,0.338,0.03,84.6,0.009
30,0,-10500,10500.0,176740.57143693272,18.182722091674805,0.19948185419352857,1.38,7700.280000000001,0.371,0.02,118.44,0.01,2.08,19171.6,0.368,0.02,118.44,0.01,140629.2092065261,17.671937942504883,0.1927431056819548,1.53,6112.02,0.342,0.03,110.92,0.01,2.84,16555.800000000003,0.345,0.03,110.92,0.01
30,0,-10000,10000.0,182044.25927797443,19.698123931884766,0.2003517789343065,1.64,8287.38,0.385,0.02,116.56,0.01,2.56,20442.6,0.38,0.02,116.56,0.01,136499.32486277798,17.35837173461914,0.1921294646256788,1.71,6013.14,0.341,0.03,116.56,0.01,2.93,16408.2,0.344,0.03,116.56,0.01
30,0,-9500,9500.0,187563.93527598283,20.759824752807617,0.20143038467910002,1.32,8361.54,0.384,0.03,124.08,0.01,2.99,21844.8,0.393,0.03,124.08,0.01,131826.90574000822,16.213003158569336,0.191424293799077,1.53,5787.57,0.339,0.03,112.8,0.01,3.02,16121.2,0.343,0.03,112.8,0.01
30,0,-9000,9000.0,193015.31921622407,21.406917572021484,0.20422668171691713,1.31,8482.05,0.385,0.03,127.84000000000002,0.01,2.82,22394.2,0.395,0.03,127.84000000000002,0.01,126173.08002131333,14.244743347167969,0.18975644755726645,1.32,5565.090000000001,0.338,0.03,109.03999999999999,0.01,2.61,15432.4,0.341,0.03,109.03999999999999,0.01
30,0,-8500,8500.0,196879.36844082602,21.700214385986328,0.20635690893300626,1.37,8862.12,0.389,0.02,131.6,0.01,3.17,22804.2,0.397,0.02,131.6,0.01,120988.82417278073,14.073118209838867,0.18887261958302468,1.23,3419.0999999999995,0.241,0.03,99.64,0.01,2.68,14866.6,0.339,0.03,99.64,0.01
30,0,-8000,8000.0,197929.5693468032,19.13161849975586,0.20790020603762904,1.45,9347.25,0.397,0.02,133.48,0.01,3.47,24042.4,0.403,0.02,133.48,0.01,115567.07319287234,13.673954010009766,0.18593535016261908,1.33,5302.44,0.336,0.03,99.64,0.01,2.65,14538.6,0.338,0.03,99.64,0.01
30,0,-7500,7500.0,197224.79770352895,15.919108390808105,0.20874894388039417,3.7,25215.0,0.409,0.03,141.0,0.01,3.7,25215.0,0.409,0.03,141.0,0.01,109813.80807306082,13.364737510681152,0.18240435458745796,0.62,1772.4,0.262,0.03,97.76,0.01,2.7,14194.199999999999,0.336,0.03,97.76,0.01
30,0,-7000,7000.0,194110.7294353522,16.4045467376709,0.20948766549225364,3.53,26117.0,0.414,0.03,144.76,0.01,3.53,26117.0,0.414,0.03,144.76,0.01,103344.51619659223,13.674059867858887,0.17612718643289513,0.59,1720.5999999999997,0.259,0.03,97.76,0.01,2.67,13464.400000000001,0.332,0.03,97.76,0.01
30,0,-6500,6500.0,189803.35063135237,17.602489471435547,0.20988237984489533,1.15,4845.9,0.254,0.03,148.52,0.01,3.23,27100.999999999996,0.42,0.03,148.52,0.01,98651.94244952974,14.324228286743164,0.1717019111848126,1.36,4001.44,0.233,0.03,90.24,0.01,2.44,12742.8,0.328,0.03,90.24,0.01
30,0,-6000,6000.0,182804.94072905352,17.872032165527344,0.20848185806424083,0.63,2864.04,0.244,0.03,152.28,0.011,2.55,26469.6,0.417,0.03,152.28,0.011,96075.1107042304,15.433952331542969,0.170074009093463,1.26,2821.5,0.238,0.03,88.36,0.01,2.18,11816.2,0.321,0.03,88.36,0.01
30,0,-5500,5500.0,175639.26043691143,18.091360092163086,0.20701409730610315,0.77,3435.09,0.255,0.02,146.64,0.01,2.46,25682.4,0.413,0.02,146.64,0.01,94936.86330888617,17.15239143371582,0.17054418658640863,1.26,2677.16,0.24,0.03,75.2,0.009,2.03,11029.0,0.315,0.03,75.2,0.009
30,0,-5000,5000.0,167956.53871925152,17.910747528076172,0.20535081388832283,1.24,8262.66,0.381,0.02,146.64,0.01,2.64,24214.6,0.404,0.02,146.64,0.01,95013.33503374553,18.767818450927734,0.1719563017725272,1.37,2717.8,0.242,0.03,73.32,0.009,2.31,10135.2,0.308,0.03,73.32,0.009
30,0,-4500,4500.0,160196.4303184956,17.76079559326172,0.20358615144263792,1.14,7530.33,0.366,0.03,137.24,0.01,2.97,22681.2,0.395,0.03,137.24,0.01,95866.3042298091,19.471912384033203,0.17448377936307666,1.44,2748.28,0.244,0.02,65.8,0.009,2.63,9339.8,0.3,0.02,65.8,0.009
30,0,-4000,4000.0,152223.47501479858,17.5659236907959,0.20228483616493995,0.47,2410.8,0.277,0.03,135.36,0.01,2.67,20811.6,0.382,0.03,135.36,0.01,96463.15896934697,19.09189224243164,0.17312875573817504,1.77,3772.8900000000003,0.311,0.02,62.04,0.009,3.1,9848.2,0.306,0.02,62.04,0.009
30,0,-3500,3500.0,143939.56729493462,17.075754165649414,0.2010920424200314,0.92,4089.0,0.25,0.03,125.96000000000001,0.01,2.34,18966.6,0.368,0.03,125.96000000000001,0.01,96724.06395294594,17.639562606811523,0.17050982143597232,0.86,1590.4,0.256,0.04,69.56,0.009,3.45,10323.8,0.311,0.04,69.56,0.009
30,0,-3000,3000.0,134610.72147706817,15.743988037109375,0.19755904919914763,1.01,6220.17,0.345,0.03,124.08,0.01,2.21,17728.4,0.357,0.03,124.08,0.01,97304.78233242159,14.952391624450684,0.16705411655343366,1.96,3850.1400000000003,0.314,0.04,73.32,0.009,3.6,10463.2,0.313,0.04,73.32,0.009
30,0,-2500,2500.0,125549.04703849314,14.166455268859863,0.19382209484915727,1.06,6025.5,0.342,0.03,116.56,0.01,2.36,16818.2,0.35,0.03,116.56,0.01,99530.3337382167,11.906976699829102,0.1652755850774473,1.78,3701.82,0.309,0.05,75.2,0.009,3.71,10512.4,0.314,0.05,75.2,0.009
30,0,-2000,2000.0,116928.3831690269,13.340435028076172,0.18708069424363086,1.11,5824.65,0.34,0.03,114.68,0.01,2.39,16236.0,0.347,0.03,114.68,0.01,104438.42636036933,11.896589279174805,0.16680845308047573,1.58,3547.32,0.304,0.05,77.08,0.009,3.33,9930.2,0.308,0.05,77.08,0.009
30,0,-1500,1500.0,110419.222976044,12.649825096130371,0.18159095292250857,1.13,5302.44,0.332,0.02,109.03999999999999,0.01,2.41,15670.2,0.344,0.02,109.03999999999999,0.01,111334.87545399876,12.791627883911133,0.1703673837999807,1.18,3711.09,0.304,0.04,67.68,0.009,2.9,9553.0,0.303,0.04,67.68,0.009
30,0,-1000,1000.0,106150.83226285287,11.773918151855469,0.17552878237262362,1.15,4730.79,0.324,0.02,109.03999999999999,0.01,2.31,14177.8,0.336,0.02,109.03999999999999,0.01,120116.45260557898,13.320756912231445,0.17637374310016182,1.01,4077.4,0.243,0.04,65.8,0.009,2.05,9913.8,0.303,0.04,65.8,0.009
30,0,-500,500.0,105018.95045488964,11.748709678649902,0.17280255759524346,1.13,4384.71,0.315,0.03,90.24,0.01,2.4,12734.6,0.327,0.03,90.24,0.01,128895.1837131891,16.38534927368164,0.1820682021240023,1.27,4434.15,0.313,0.03,69.56,0.009,2.08,10487.8,0.306,0.03,69.56,0.009
30,0,0,0.0,107737.47545482055,12.457533836364746,0.17313516942383111,1.13,4047.9,0.309,0.03,86.48,0.01,2.24,11545.6,0.317,0.03,86.48,0.01,136759.04502010735,19.26824188232422,0.18911194480136453,1.59,5058.33,0.323,0.02,71.44,0.009,2.46,11939.2,0.314,0.02,71.44,0.009
30,0,500,500.0,111873.26397030847,12.910386085510254,0.1752773368408933,0.92,3190.24,0.248,0.03,71.44,0.009,2.02,10701.0,0.31,0.03,71.44,0.009,141097.63310472164,20.933500289916992,0.19238659067862618,1.45,5466.21,0.328,0.03,86.48,0.009,2.79,13447.999999999998,0.323,0.03,86.48,0.009
30,0,1000,1000.0,117423.81485565747,12.736062049865723,0.17862021440117742,0.96,3340.1,0.25,0.03,69.56,0.009,1.91,11086.4,0.312,0.03,69.56,0.009,142562.28389290257,21.211910247802734,0.19615146152073548,1.21,4372.94,0.258,0.03,92.12,0.009,2.39,14686.2,0.33,0.03,92.12,0.009
30,0,1500,1500.0,123340.78184582526,12.058377265930176,0.18256165840135077,0.92,2693.52,0.242,0.03,75.2,0.009,1.84,11717.8,0.316,0.03,75.2,0.009,140607.0099903585,19.78362464904785,0.1976996196375481,1.46,6251.07,0.338,0.03,105.28000000000002,0.01,2.81,15826.0,0.335,0.03,105.28000000000002,0.01
30,0,2000,2000.0,127884.25207291066,10.751204490661621,0.18700386581092943,1.53,5404.409999999999,0.329,0.03,77.08,0.009,2.22,12972.4,0.323,0.03,77.08,0.009,134097.47820852356,17.34860610961914,0.1947906930861284,1.78,6631.14,0.343,0.02,110.92,0.01,3.38,16646.0,0.34,0.02,110.92,0.01
30,0,2500,2500.0,129290.634587865,11.043822288513184,0.18829667592184038,1.49,5429.13,0.329,0.04,90.24,0.01,2.63,14136.799999999997,0.33,0.04,90.24,0.01,126697.76490528684,15.678123474121094,0.19045495062703066,1.58,6535.35,0.342,0.03,114.68,0.01,3.89,17482.4,0.345,0.03,114.68,0.01
30,0,3000,3000.0,127809.01947533917,12.063315391540527,0.19038724451034045,1.46,5481.659999999999,0.33,0.04,94.0,0.01,2.68,14489.400000000001,0.331,0.04,94.0,0.01,118616.09916450725,13.319226264953613,0.1839325785438518,1.52,6442.65,0.343,0.03,116.56,0.01,3.26,17023.2,0.344,0.03,116.56,0.01
30,0,3500,3500.0,124200.39510101415,12.63266658782959,0.19110298344700122,1.17,5487.840000000001,0.329,0.04,99.64,0.01,2.61,14653.4,0.332,0.04,99.64,0.01,112666.4057205472,11.021682739257812,0.178872217833096,1.41,5660.88,0.334,0.03,107.15999999999998,0.01,3.54,16629.600000000002,0.344,0.03,107.15999999999998,0.01
30,0,4000,4000.0,117541.01256098034,12.102333068847656,0.1888747227421511,1.32,5518.74,0.33,0.04,101.52,0.01,2.13,14694.400000000001,0.332,0.04,101.52,0.01,109642.93374218933,9.118117332458496,0.17686925014434673,1.25,4863.66,0.327,0.03,105.28000000000002,0.01,3.12,14727.2,0.335,0.03,105.28000000000002,0.01
30,0,4500,4500.0,110107.90405568593,11.003520965576172,0.18555946429609355,1.39,5395.14,0.328,0.03,103.40000000000002,0.01,2.56,14751.799999999997,0.332,0.03,103.40000000000002,0.01,108680.4602863653,8.569151878356934,0.17776587913607567,0.94,4542.3,0.321,0.03,86.48,0.009,2.46,12841.2,0.327,0.03,86.48,0.009
30,0,5000,5000.0,101745.18848572088,9.44622802734375,0.17983006594014064,1.45,5308.62,0.328,0.03,103.40000000000002,0.01,2.7,14505.800000000001,0.331,0.03,103.40000000000002,0.01,108987.49790326756,10.889236450195312,0.1797803721437341,0.79,3291.5,0.233,0.02,80.84,0.009,1.74,11996.6,0.321,0.02,80.84,0.009
30,0,5500,5500.0,93846.22763823236,9.649096488952637,0.1737628614178981,1.28,4755.51,0.32,0.03,97.76,0.01,2.69,14194.199999999999,0.33,0.03,97.76,0.01,109182.12557184114,12.013312339782715,0.18265374821182043,0.73,3116.58,0.245,0.02,73.32,0.009,1.08,11316.0,0.316,0.02,73.32,0.009
30,0,6000,6000.0,86880.21764883451,10.599974632263184,0.16836021602376455,1.02,4146.78,0.31,0.03,97.76,0.01,2.27,12628.0,0.322,0.03,97.76,0.01,107554.42978311222,12.72486400604248,0.1835427779473474,0.79,3408.28,0.245,0.02,73.32,0.009,1.26,12062.2,0.319,0.02,73.32,0.009
30,0,6500,6500.0,81895.7291038809,11.440084457397461,0.16566421528853503,0.93,2026.92,0.219,0.03,80.84,0.01,1.82,11111.0,0.312,0.03,80.84,0.01,104106.02403965313,14.343392372131348,0.1824729697742025,0.99,4829.67,0.321,0.01,82.72,0.009,1.73,12824.8,0.323,0.01,82.72,0.009
30,0,7000,7000.0,78641.74363298385,11.94266128540039,0.1638673809666129,1.1,2016.76,0.218,0.03,73.32,0.009,1.77,9987.6,0.303,0.03,73.32,0.009,98134.464422171,14.537711143493652,0.18039913071068692,1.17,4903.83,0.323,0.02,84.6,0.009,1.94,12997.0,0.324,0.02,84.6,0.009
30,0,7500,7500.0,76679.26162105329,11.866711616516113,0.16471313323572162,1.2,2019.3,0.218,0.25,1381.38,0.025,1.8,9110.2,0.295,0.03,63.92000000000001,0.009,92105.72873237834,13.832086563110352,0.17863616909531654,0.96,2491.1,0.226,0.02,86.48,0.009,2.15,13095.4,0.325,0.02,86.48,0.009
30,0,8000,8000.0,74445.65691850484,12.716756820678711,0.161761216289825,1.47,3466.98,0.297,0.2,1469.93,0.025,2.23,9036.4,0.294,0.03,62.04,0.009,85029.2158492317,15.12178897857666,0.1760461223334473,0.54,1433.76,0.217,0.03,88.36,0.009,1.65,11988.4,0.32,0.03,88.36,0.009
30,0,8500,8500.0,72220.42286142112,11.8777494430542,0.15820186275345316,0.74,1173.2,0.23,0.28,1611.61,0.026,2.68,9085.6,0.296,0.04,60.16,0.009,78484.66628254374,15.780318260192871,0.17402861418459145,0.68,1734.6300000000003,0.227,0.02,75.2,0.009,1.56,10930.6,0.315,0.02,75.2,0.009
30,0,9000,9000.0,70463.1339641207,9.5857515335083,0.15283519470279056,1.72,3429.9,0.296,0.04,60.16,0.009,2.98,9028.2,0.295,0.04,60.16,0.009,71830.34103171567,14.48806381225586,0.16925351875483252,0.45,1267.0,0.243,0.02,71.44,0.009,1.72,10225.4,0.313,0.02,71.44,0.009
30,0,9500,9500.0,70018.05143950404,6.824896335601807,0.14906979124678432,1.2,3099.27,0.285,0.05,58.28,0.009,3.14,8954.4,0.294,0.05,58.28,0.009,65748.76202486776,12.154165267944336,0.16498023464334358,0.96,3321.75,0.305,0.03,63.92000000000001,0.009,2.14,9618.6,0.313,0.03,63.92000000000001,0.009
30,0,10000,10000.0,72258.99742837237,6.543080806732178,0.14893591493657668,2.2,8118.0,0.284,0.05,58.28,0.008,2.2,8118.0,0.284,0.05,58.28,0.008,59340.46314890147,8.98134708404541,0.15769212310208267,0.97,3083.82,0.301,0.03,62.04,0.009,2.2,8921.6,0.306,0.03,62.04,0.009
30,0,10500,10500.0,76805.47764298767,8.709493637084961,0.15181253684548887,0.7,3417.6,0.217,0.03,48.88,0.008,1.3,7363.6,0.275,0.03,48.88,0.008,53427.05360071559,6.398415565490723,0.15055162724329924,2.21,8306.6,0.302,0.21,708.4,0.018,2.21,8306.6,0.302,0.03,54.519999999999996,0.008
30,0,11000,11000.0,84374.25120489267,10.685120582580566,0.15830065643511534,0.74,2918.7,0.231,0.03,47.0,0.008,0.76,7175.0,0.273,0.03,47.0,0.008,48479.599444216,6.482848644256592,0.1434855280292381,0.67,2601.78,0.286,0.16,690.69,0.017,1.65,7511.2,0.292,0.02,54.519999999999996,0.008
30,0,11500,11500.0,92142.56319624043,12.75001335144043,0.16448689946040657,0.72,2773.68,0.234,0.01,45.12,0.007,0.88,7109.4,0.272,0.01,45.12,0.007,44313.986666055825,6.010557174682617,0.13732330018810823,0.64,2400.93,0.277,0.01,45.12,0.008,1.3,6871.600000000001,0.285,0.01,45.12,0.008
30,0,12000,12000.0,99461.72408413669,15.033157348632812,0.17038218268772296,0.79,3030.2,0.233,0.01,43.24,0.007,0.93,8101.600000000001,0.284,0.01,43.24,0.007,40870.15565630018,5.09716796875,0.13060296801582963,0.79,2187.72,0.267,0.01,41.36,0.008,1.07,6232.0,0.274,0.01,41.36,0.008
30,0,12500,12500.0,104583.28180256905,16.26752281188965,0.17357440344526914,0.42,1601.6,0.245,0.01,56.4,0.008,1.25,9110.2,0.294,0.01,56.4,0.008,37851.27418834768,4.1240620613098145,0.12456010196627275,0.78,2033.22,0.26,0.01,33.84,0.007,1.32,5707.2,0.265,0.01,33.84,0.007
30,0,13000,13000.0,107332.32878871712,15.989659309387207,0.17588561440519848,1.02,4455.78,0.311,0.01,60.16,0.008,1.77,10414.0,0.303,0.01,60.16,0.008,35460.617567657275,3.1472606658935547,0.12061514468229333,0.77,1872.5399999999997,0.252,0.01,31.960000000000004,0.007,1.3,5305.4,0.257,0.01,31.960000000000004,0.007
30,0,13500,13500.0,108576.4723862804,14.991399765014648,0.17689501946598762,1.03,4631.91,0.313,0.02,73.32,0.009,2.26,11824.4,0.313,0.02,73.32,0.009,33579.103364075956,3.495363235473633,0.11824687233420966,0.64,1721.13,0.24,0.07,389.62,0.012,1.25,4903.6,0.249,0.01,28.2,0.006
30,0,14000,14000.0,107562.46121714849,13.26103401184082,0.1754551463979428,1.03,4845.12,0.316,0.02,78.96,0.009,2.33,12308.2,0.315,0.02,78.96,0.009,31961.645177498413,3.652195930480957,0.11732038927097357,0.46,1572.81,0.23,0.05,336.49,0.011,0.99,4501.8,0.237,0.01,26.320000000000004,0.006
30,0,14500,14500.0,106888.36250757799,11.28946304321289,0.17438058678198973,2.33,12767.4,0.318,0.02,82.72,0.009,2.33,12767.4,0.318,0.02,82.72,0.009,30188.33775378176,3.315776824951172,0.11635261191328855,0.26,755.76,0.162,0.04,283.36,0.011,0.73,4141.0,0.226,0.01,24.44,0.006
30,0,15000,15000.0,106387.56700252832,9.19440746307373,0.17193164262339033,1.96,12521.4,0.316,0.02,84.6,0.009,1.96,12521.4,0.316,0.02,84.6,0.009,27677.522920308515,2.886012315750122,0.11113117339942585,0.47,1391.28,0.147,0.02,213.12,0.024,0.64,3968.8,0.218,0.01,22.56,0.005
30,0,15500,15500.0,106967.41296932423,7.253015995025635,0.17047176199441186,0.87,4524.76,0.236,0.02,82.72,0.009,1.57,12226.2,0.316,0.02,82.72,0.009,25143.755149236844,2.3100509643554688,0.10538067679900465,0.16,505.4,0.162,0.08,301.07,0.011,0.75,3829.4,0.214,0.01,22.56,0.005
30,0,16000,16000.0,109183.1729727762,8.739272117614746,0.17165693793625694,0.92,4848.72,0.239,0.02,80.84,0.009,1.24,11611.2,0.312,0.02,80.84,0.009,22637.83240869621,1.5477615594863892,0.09815554529012283,0.11,439.6,0.15,0.08,336.49,0.011,0.58,3681.8,0.209,0.01,20.68,0.005
30,0,16500,16500.0,111934.6109217604,10.932043075561523,0.17349373478460783,1.06,5065.88,0.241,0.01,75.2,0.009,0.96,10996.2,0.309,0.01,75.2,0.009,20895.979222131427,1.0461612939834595,0.09287367706646865,0.44,3517.8,0.203,0.01,18.8,0.005,0.44,3517.8,0.203,0.01,18.8,0.005
30,0,17000,17000.0,115649.52038670513,13.146239280700684,0.17890747108426963,0.83,3709.8,0.247,0.01,73.32,0.009,0.98,10979.8,0.309,0.01,73.32,0.009,19922.528363144374,0.9163967370986938,0.08953874096247226,0.17,620.6,0.127,0.01,20.68,0.005,0.25,2771.6,0.184,0.01,20.68,0.005
30,0,17500,17500.0,117730.28439788322,14.497414588928223,0.18338528795144343,0.81,3512.82,0.249,0.01,73.32,0.009,1.02,11102.8,0.312,0.01,73.32,0.009,20475.828643058776,0.9894174933433533,0.09172504014233417,0.24,554.84,0.095,0.0,11.28,0.004,0.2,2271.4,0.174,0.0,11.28,0.004
30,0,18000,18000.0,116477.83112896745,14.73159122467041,0.18481601102696515,0.88,3839.18,0.249,0.01,73.32,0.009,1.06,12054.0,0.318,0.01,73.32,0.009,22224.119489308214,1.195307970046997,0.09777231231466041,0.31,847.8,0.153,0.0,9.4,0.004,0.13,2115.6,0.169,0.0,9.4,0.004
30,0,18500,18500.0,112388.78309297143,13.79378604888916,0.18347129193275655,0.47,2028.6,0.261,0.02,84.6,0.009,1.44,12997.0,0.323,0.02,84.6,0.009,23857.915551302904,1.4913842678070068,0.10353677814965496,0.35,815.34,0.157,0.0,9.4,0.003,0.19,2074.6,0.171,0.0,9.4,0.003
30,0,19000,19000.0,104544.97230724519,11.274277687072754,0.17697386000868331,1.35,5290.08,0.324,0.02,90.24,0.009,2.1,13743.200000000003,0.326,0.02,90.24,0.009,24747.697953972875,1.3633742332458496,0.10784576016413829,0.37,889.6,0.156,0.0,9.4,0.004,0.16,2320.6,0.178,0.0,9.4,0.004
30,0,19500,19500.0,96750.75716158912,8.743426322937012,0.16929055455581882,1.21,4789.5,0.316,0.02,99.64,0.01,2.74,14317.2,0.329,0.02,99.64,0.01,24824.317728126014,1.5716147422790527,0.1103632292333149,0.35,695.52,0.156,0.0,11.28,0.004,0.23,2624.0,0.188,0.0,11.28,0.004
30,0,20000,20000.0,90490.58046423897,5.950992107391357,0.16287874529243693,1.05,4251.84,0.308,0.03,101.52,0.01,2.37,12939.6,0.321,0.03,101.52,0.01,23643.621669974207,1.6257442235946655,0.10960263879757448,0.51,1483.2,0.229,0.0,11.28,0.004,0.39,3083.2,0.199,0.0,11.28,0.004
30,0,20500,20500.0,87211.14603318462,3.65749192237854,0.1598003689442271,1.9,11537.4,0.312,0.02,82.72,0.009,1.9,11537.4,0.312,0.02,82.72,0.009,22350.53071265894,1.659435510635376,0.10843655439894846,0.35,1405.95,0.222,0.01,16.92,0.005,0.7,3722.8,0.22,0.01,16.92,0.005
31,0,-21000,21000.0,12188.33737935056,1.5968263149261475,0.09559258438934287,0.13,534.57,0.197,0.0,7.52,0.004,0.29,1467.8,0.193,0.0,7.52,0.004,24643.31123463917,5.9200663566589355,0.1253766666296669,0.86,1538.16,0.168,0.08,230.23,0.012,0.92,3296.3999999999996,0.228,0.02,20.68,0.006
31,0,-20500,20500.0,12411.520838766592,1.6188468933105469,0.09635284614630855,0.12,540.75,0.196,0.0,5.64,0.004,0.24,1369.4,0.189,0.0,5.64,0.004,22170.00157386065,5.5746750831604,0.12175982253661648,0.48,1066.05,0.226,0.06,212.52,0.012,1.09,3247.2,0.229,0.01,20.68,0.005
31,0,-20000,20000.0,12828.343145392137,1.6644552946090698,0.09779430642425288,0.12,546.93,0.197,0.0,5.64,0.004,0.23,1385.8,0.19,0.0,5.64,0.004,19808.417434801624,4.929589748382568,0.11725926625208546,0.53,1016.61,0.227,0.05,194.81,0.012,1.15,2960.2,0.228,0.01,18.8,0.005
31,0,-19500,19500.0,13211.192696644866,1.6994292736053467,0.09919213715505058,0.08,265.32,0.132,0.0,5.64,0.004,0.22,1418.6,0.191,0.0,5.64,0.004,18319.076334335936,4.266113758087158,0.11685518902525478,0.58,1050.6,0.231,0.05,194.81,0.012,1.22,2837.2,0.231,0.01,15.04,0.005
31,0,-19000,19000.0,13502.56506481528,1.722448468208313,0.10113994696712618,0.06,197.4,0.141,0.0,5.64,0.004,0.23,1492.4,0.194,0.0,5.64,0.004,16854.139119443033,3.4584696292877197,0.11287029253761935,0.63,1093.86,0.237,0.06,212.52,0.012,1.18,2730.6,0.229,0.01,13.160000000000002,0.005
31,0,-18500,18500.0,13587.286106916144,1.707016944885254,0.10235383299783464,0.06,211.4,0.144,0.0,5.64,0.004,0.24,1566.2,0.197,0.0,5.64,0.004,15624.028615280595,2.7840073108673096,0.10994745352752688,0.52,954.81,0.224,0.06,212.52,0.012,1.21,2763.4,0.231,0.01,11.28,0.004
31,0,-18000,18000.0,13391.622701197048,1.6435110569000244,0.1035268546930265,0.14,645.81,0.206,0.0,22.8,0.02,0.25,1631.8,0.2,0.0,5.64,0.004,14334.529169027257,2.556523561477661,0.10666040723076149,0.4,849.75,0.22,0.06,212.52,0.012,0.95,2451.8,0.224,0.01,9.4,0.004
31,0,-17500,17500.0,12965.881249745144,1.5463749170303345,0.10380991769518524,0.14,642.72,0.207,0.0,22.8,0.02,0.27,1689.2,0.202,0.0,7.52,0.004,13343.195106387373,2.455073356628418,0.10512260357948203,0.28,747.78,0.215,0.0,7.52,0.004,0.71,2181.2,0.219,0.0,7.52,0.004
31,0,-17000,17000.0,12233.44799069746,1.3896807432174683,0.10332934454620835,0.15,645.81,0.209,0.0,18.24,0.019,0.28,1705.6,0.204,0.0,7.52,0.004,12728.642372307353,2.424304723739624,0.10426281467232683,0.46,1894.2,0.212,0.0,7.52,0.004,0.46,1894.2,0.212,0.0,7.52,0.004
31,0,-16500,16500.0,11398.693500983063,1.2244348526000977,0.1023776342737069,0.13,605.64,0.207,0.0,18.24,0.019,0.28,1705.6,0.205,0.0,7.52,0.004,12375.918893342532,2.4216136932373047,0.10520301349061678,0.14,611.82,0.207,0.0,7.52,0.004,0.35,1648.1999999999998,0.205,0.0,7.52,0.004
31,0,-16000,16000.0,10403.4198177309,1.093292236328125,0.10030929657712931,0.11,562.38,0.206,0.0,7.52,0.004,0.26,1607.2,0.204,0.0,7.52,0.004,12068.81627626126,2.425206184387207,0.10304669980410061,0.21,423.64,0.135,0.0,5.64,0.004,0.34,1599.0,0.202,0.0,5.64,0.004
31,0,-15500,15500.0,9457.898669104907,1.0091848373413086,0.0983746010075471,0.09,500.58000000000004,0.2,0.0,7.52,0.004,0.23,1500.6,0.202,0.0,7.52,0.004,11700.834193460378,2.4511866569519043,0.10003139856885598,0.25,466.36,0.139,0.0,5.64,0.004,0.32,1533.4,0.2,0.0,5.64,0.004
31,0,-15000,15000.0,8531.382103281794,0.9465259313583374,0.0951459653012443,0.07,432.6,0.193,0.0,5.64,0.004,0.18,1320.2,0.194,0.0,5.64,0.004,11540.11623845954,2.5755422115325928,0.09870612306929692,0.21,356.7,0.139,0.0,7.52,0.004,0.31,1459.6,0.198,0.0,7.52,0.004
31,0,-14500,14500.0,7791.871299939521,0.9070871472358704,0.09298122421686453,0.07,389.34,0.188,0.0,21.54,0.007,0.15,1148.0,0.187,0.0,5.64,0.004,11481.108567786487,2.7128710746765137,0.09775088359150186,0.22,362.5,0.14,0.0,5.64,0.004,0.31,1385.8,0.198,0.0,5.64,0.004
31,0,-14000,14000.0,7247.52427869098,0.8970920443534851,0.09054000585103052,0.03,123.2,0.134,0.0,21.54,0.007,0.14,1008.6,0.18,0.0,5.64,0.004,11743.84134432994,2.907888889312744,0.09909574083936366,0.31,475.6,0.144,0.0,5.64,0.004,0.29,1254.6,0.196,0.0,5.64,0.004
31,0,-13500,13500.0,6918.857735647543,0.9042237997055054,0.0896903497625338,0.04,152.76,0.126,0.0,17.95,0.007,0.14,885.6000000000001,0.173,0.0,3.76,0.003,12730.087307694192,3.384658098220825,0.10396886162157418,0.31,484.3,0.144,0.0,5.64,0.004,0.28,1180.8,0.198,0.0,5.64,0.004
31,0,-13000,13000.0,6793.3651078092225,0.9437089562416077,0.08893141268520238,0.08,281.24,0.124,0.0,17.95,0.007,0.13,795.4,0.169,0.0,3.76,0.003,14238.267867687995,4.160987854003906,0.11252372900305606,0.36,558.9,0.152,0.0,5.64,0.004,0.3,1262.8,0.204,0.0,5.64,0.004
31,0,-12500,12500.0,6844.140948005224,1.0140624046325684,0.0895263106823221,0.09,284.8,0.124,0.0,14.36,0.007,0.13,729.8,0.168,0.0,3.76,0.003,15511.452268817728,4.845911502838135,0.11923794938886348,0.37,535.94,0.154,0.0,5.64,0.004,0.36,1361.2,0.21,0.0,5.64,0.004
31,0,-12000,12000.0,7055.307935143901,1.1183631420135498,0.09008466225211334,0.09,234.90000000000003,0.129,0.0,14.36,0.007,0.13,713.4,0.169,0.0,3.76,0.003,16465.595583661736,5.324121952056885,0.1279698190699506,0.4,583.8,0.153,0.0,7.6,0.019,0.45,1533.4,0.215,0.0,5.64,0.004
31,0,-11500,11500.0,7342.234153402296,1.2351490259170532,0.09093761385003288,0.08,203.2,0.133,0.0,14.36,0.007,0.13,705.2,0.17,0.0,3.76,0.003,16375.289026742972,5.394428253173828,0.1335810818637522,0.22,308.0,0.161,0.0,7.6,0.019,0.52,1664.5999999999997,0.219,0.0,7.52,0.004
31,0,-11000,11000.0,7722.1119306582295,1.3535709381103516,0.0914853284370785,0.08,215.9,0.132,0.0,14.36,0.007,0.15,738.0,0.175,0.0,3.76,0.003,14954.626297399836,4.790897846221924,0.13528765337683396,0.54,1019.7,0.239,0.0,6.08,0.019,0.75,2115.6,0.228,0.0,7.52,0.004
31,0,-10500,10500.0,8167.288919102248,1.4682283401489258,0.09206111076959883,0.11,336.81,0.197,0.0,14.36,0.007,0.18,779.0,0.18,0.0,3.76,0.004,13215.19673375241,4.036384105682373,0.13717932021404877,0.5,1084.59,0.246,0.0,6.08,0.019,0.99,2607.6,0.235,0.01,9.4,0.004
31,0,-10000,10000.0,8704.358084375417,1.5754497051239014,0.09276042479375088,0.12,364.62,0.2,0.0,14.36,0.007,0.2,844.6,0.185,0.0,3.76,0.004,10555.62330702667,3.15629243850708,0.13354106967277346,0.54,1152.57,0.254,0.0,6.08,0.018,1.08,2615.8,0.237,0.01,11.28,0.004
31,0,-9500,9500.0,9269.606286249018,1.675055742263794,0.09332684085560529,0.13,383.16,0.2,0.0,3.76,0.004,0.23,918.4000000000001,0.19,0.0,3.76,0.004,8177.393346739209,2.33184552192688,0.1303622024355832,1.17,2665.0,0.241,0.0,6.08,0.018,1.17,2665.0,0.241,0.0,9.4,0.004
31,0,-9000,9000.0,9881.57526722889,1.7600722312927246,0.09476560609416945,0.14,404.79,0.2,0.0,3.76,0.004,0.25,975.8,0.19,0.0,3.76,0.004,5972.459952052326,1.5459662675857544,0.12007915991852172,0.87,2041.8000000000002,0.236,0.0,6.08,0.018,0.87,2041.8000000000002,0.236,0.01,9.4,0.004
31,0,-8500,8500.0,10442.508349816626,1.8183497190475464,0.09594624672537644,0.14,435.69,0.198,0.0,3.76,0.004,0.26,1025.0,0.19,0.0,3.76,0.004,4285.052244618406,0.9455540776252747,0.11272525914762554,0.61,1402.2,0.229,0.0,6.08,0.018,0.61,1402.2,0.229,0.0,5.64,0.004
31,0,-8000,8000.0,10915.623506309612,1.8479124307632446,0.09731572189916932,0.15,478.95,0.2,0.0,3.76,0.004,0.27,1098.8,0.188,0.0,3.76,0.004,3243.776631271183,0.6497868299484253,0.10059299797640157,0.4,951.1999999999999,0.22,0.0,6.08,0.018,0.4,951.1999999999999,0.22,0.0,3.76,0.004
31,0,-7500,7500.0,11316.557605885188,1.8535099029541016,0.09845956802513837,0.15,525.3,0.202,0.0,5.64,0.004,0.29,1189.0,0.189,0.0,5.64,0.004,2522.8699203196534,0.48686954379081726,0.0917889848645122,0.07,151.41,0.201,0.0,7.18,0.007,0.18,500.2,0.199,0.0,1.88,0.004
31,0,-7000,7000.0,11600.150758985616,1.8276201486587524,0.09894257449088487,0.15,577.83,0.205,0.0,5.64,0.004,0.3,1312.0,0.191,0.0,5.64,0.004,2249.79603472965,0.4195382297039032,0.0865658439037265,0.06,111.24,0.19,0.0,7.18,0.007,0.13,369.0,0.187,0.0,1.88,0.004
31,0,-6500,6500.0,11892.732000900412,1.7874714136123657,0.0990600903258169,0.15,580.92,0.204,0.0,5.64,0.004,0.31,1435.0,0.194,0.0,5.64,0.004,2094.5897938386097,0.38278841972351074,0.0838369446661387,0.05,101.97,0.186,0.0,3.59,0.007,0.1,278.8,0.174,0.0,1.88,0.003
31,0,-6000,6000.0,12244.109017791692,1.756498098373413,0.09866929676181557,0.15,590.19,0.204,0.0,5.64,0.004,0.32,1459.6,0.194,0.0,5.64,0.004,2054.874250388029,0.37630850076675415,0.08262716702700498,0.03,44.22,0.116,0.0,3.59,0.007,0.08,246.0,0.168,0.0,1.88,0.003
31,0,-5500,5500.0,12733.061035114224,1.7295043468475342,0.09858626036882209,0.14,565.47,0.202,0.0,5.64,0.004,0.32,1484.2,0.195,0.0,5.64,0.004,2060.2538139412077,0.3781260550022125,0.08243309794085396,0.03,44.22,0.118,0.0,3.59,0.007,0.07,229.60000000000002,0.162,0.0,1.88,0.003
31,0,-5000,5000.0,13440.920259186532,1.7162646055221558,0.09876062117986291,0.14,546.93,0.201,0.0,5.64,0.004,0.31,1435.0,0.193,0.0,5.64,0.004,2122.782405630687,0.39216116070747375,0.08240214262366079,0.03,46.23,0.119,0.0,3.59,0.007,0.07,221.40000000000003,0.161,0.0,1.88,0.003
31,0,-4500,4500.0,14303.174232316087,1.711856722831726,0.09961400546113117,0.13,577.83,0.202,0.0,5.64,0.004,0.29,1402.2,0.194,0.0,5.64,0.004,2215.1029195489086,0.4115694463253021,0.08287424516611931,0.03,48.24,0.12,0.0,3.59,0.007,0.07,213.2,0.16,0.0,1.88,0.003
31,0,-4000,4000.0,15356.736334908055,1.7281614542007446,0.10128939832820848,0.12,621.0899999999999,0.206,0.0,5.64,0.004,0.28,1459.6,0.195,0.0,5.64,0.004,2360.2913198905726,0.44038790464401245,0.08273665177274797,0.03,48.24,0.121,0.0,3.59,0.007,0.07,213.2,0.16,0.0,1.88,0.003
31,0,-3500,3500.0,16383.15111718839,1.74374258518219,0.10297350980221467,0.11,464.82,0.143,0.0,5.64,0.004,0.27,1566.2,0.199,0.0,5.64,0.004,2547.453820688901,0.47435250878334045,0.08323594147290043,0.03,50.25,0.123,0.0,3.59,0.007,0.07,221.40000000000003,0.16,0.0,1.88,0.003
31,0,-3000,3000.0,17309.736289919238,1.752990484237671,0.10494128677389088,0.16,536.5,0.139,0.0,5.64,0.004,0.28,1763.0,0.204,0.0,5.64,0.004,2813.609472919731,0.5191853046417236,0.08409150309569836,0.03,52.26,0.124,0.0,3.59,0.007,0.07,229.60000000000002,0.163,0.0,1.88,0.003
31,0,-2500,2500.0,18055.175726541347,1.7536431550979614,0.10637451095638309,0.15,508.0,0.145,0.0,7.52,0.004,0.28,1976.2000000000003,0.209,0.0,7.52,0.004,3137.531176823643,0.5751809477806091,0.08550509907356896,0.04,88.9,0.133,0.0,3.59,0.007,0.07,246.0,0.165,0.0,1.88,0.003
31,0,-2000,2000.0,18509.327862734062,1.8683788776397705,0.10795137209987835,0.19,565.5,0.139,0.0,7.52,0.004,0.29,2189.4,0.213,0.0,7.52,0.004,3577.9363258475414,0.6534854769706726,0.08880324330109084,0.05,147.9,0.135,0.0,3.59,0.007,0.08,262.4,0.171,0.0,1.88,0.003
31,0,-1500,1500.0,18639.77704260833,2.0147833824157715,0.10842667285287517,0.19,565.5,0.139,0.0,9.4,0.004,0.3,2369.8,0.215,0.0,9.4,0.004,4063.1828561111897,0.7486330270767212,0.09197053501605394,0.05,150.8,0.135,0.0,3.59,0.007,0.08,287.0,0.177,0.0,1.88,0.003
31,0,-1000,1000.0,18441.60578242663,2.0213301181793213,0.10905112652950394,0.19,548.1,0.139,0.0,9.4,0.004,0.36,2419.0,0.216,0.0,9.4,0.004,4629.552693677014,0.8721007108688354,0.09572011282728678,0.06,174.0,0.137,0.0,3.59,0.007,0.09,336.2,0.183,0.0,1.88,0.003
31,0,-500,500.0,18012.492880781792,1.943141222000122,0.10889811578713912,0.19,548.1,0.139,0.0,9.4,0.004,0.41,2419.0,0.216,0.0,9.4,0.004,5178.844978734683,1.0046747922897339,0.09850850808053066,0.03,72.8,0.145,0.0,7.18,0.007,0.1,385.4,0.188,0.0,1.88,0.003
31,0,0,0.0,17399.683854868636,1.7527509927749634,0.1088449364804878,0.13,383.91,0.14,0.0,9.4,0.004,0.41,2345.2,0.215,0.0,9.4,0.004,5705.108859009713,1.1476411819458008,0.09976821895678462,0.07,176.9,0.137,0.0,7.18,0.007,0.11,467.3999999999999,0.195,0.0,1.88,0.003
31,0,500,500.0,16676.280373599002,1.5071555376052856,0.10847987678427523,0.12,367.83,0.139,0.0,9.4,0.004,0.39,2255.0,0.214,0.0,9.4,0.004,6179.0663837627335,1.28139328956604,0.09995423787957237,0.07,176.9,0.137,0.0,10.77,0.007,0.13,549.4,0.201,0.0,1.88,0.004
31,0,1000,1000.0,15831.940011833649,1.375335931777954,0.10765654745957685,0.11,353.76,0.138,0.0,9.4,0.004,0.33,2140.2,0.213,0.0,9.4,0.004,6657.73118483346,1.4129213094711304,0.09967923935839156,0.23,835.05,0.184,0.0,10.77,0.007,0.14,631.4,0.205,0.0,1.88,0.004
31,0,1500,1500.0,15013.715070612307,1.3194787502288818,0.10702880889375897,0.09,321.6,0.137,0.0,9.4,0.004,0.28,2041.8000000000002,0.211,0.0,9.4,0.004,7156.503396823802,1.5442280769348145,0.09935219518500833,0.25,879.0,0.185,0.0,10.77,0.007,0.16,713.4,0.209,0.0,1.88,0.004
31,0,2000,2000.0,14207.772982851748,1.3027411699295044,0.10568782287810488,0.13,719.97,0.212,0.0,7.52,0.004,0.28,1951.6,0.21,0.0,7.52,0.004,7740.114622795022,1.6867643594741821,0.0997082673046013,0.27,940.53,0.186,0.0,10.77,0.007,0.17,746.2,0.21,0.0,3.76,0.004
31,0,2500,2500.0,13601.570909164639,1.2993547916412354,0.10508584096816379,0.12,692.1600000000001,0.211,0.0,7.52,0.004,0.27,1894.2,0.209,0.0,7.52,0.004,8378.066196558757,1.844268798828125,0.10050099050018133,0.27,984.4800000000001,0.187,0.0,10.77,0.007,0.2,795.4,0.212,0.0,3.76,0.004
31,0,3000,3000.0,13157.44040710997,1.301807165145874,0.10436364826290857,0.12,661.26,0.21,0.0,7.52,0.004,0.26,1812.2,0.208,0.0,7.52,0.004,9116.119684633179,2.022280216217041,0.10139757843162917,0.09,294.3,0.146,0.0,10.77,0.007,0.22,852.8,0.214,0.0,3.76,0.004
31,0,3500,3500.0,12854.855678621334,1.3157631158828735,0.10412669451479711,0.11,618.0,0.209,0.0,7.52,0.004,0.24,1730.2,0.208,0.0,7.52,0.004,9863.115057626215,2.201681137084961,0.10220972455603342,0.11,386.25,0.22,0.0,3.76,0.004,0.25,918.4000000000001,0.215,0.0,3.76,0.004
31,0,4000,4000.0,12680.391616569159,1.3482338190078735,0.103722241198137,0.1,574.74,0.208,0.0,7.52,0.004,0.22,1631.8,0.207,0.0,7.52,0.004,10670.149704925847,2.371615171432495,0.10269856697468299,0.13,423.33000000000004,0.221,0.0,3.76,0.004,0.28,1025.0,0.217,0.0,3.76,0.004
31,0,4500,4500.0,12625.800455264492,1.4039026498794556,0.10391715399350976,0.1,577.83,0.209,0.0,5.64,0.004,0.22,1525.2,0.206,0.0,5.64,0.004,11404.154936770601,2.513237953186035,0.10252689736265544,0.17,608.76,0.142,0.0,3.76,0.004,0.31,1123.4,0.219,0.0,3.76,0.004
31,0,5000,5000.0,12663.65887218326,1.4954349994659424,0.10374836377322401,0.11,580.92,0.21,0.0,5.64,0.004,0.23,1508.8,0.206,0.0,5.64,0.004,12177.888387132316,2.6316304206848145,0.1018331439325666,0.22,672.84,0.143,0.0,3.76,0.004,0.33,1221.8,0.222,0.0,3.76,0.004
31,0,5500,5500.0,12746.865435608133,1.5992772579193115,0.10373410221647536,0.12,599.46,0.211,0.0,5.64,0.004,0.24,1517.0,0.207,0.0,5.64,0.004,13026.69358114088,2.7399723529815674,0.1013023570639341,0.25,733.36,0.148,0.0,5.64,0.004,0.35,1295.6,0.225,0.0,5.64,0.004
31,0,6000,6000.0,12870.486019575435,1.7097651958465576,0.10365051505404026,0.13,621.0899999999999,0.212,0.0,5.64,0.004,0.25,1549.8,0.208,0.0,5.64,0.004,14167.978647997525,2.8760225772857666,0.10191338109564835,0.28,793.88,0.153,0.0,5.64,0.004,0.36,1353.0,0.225,0.0,5.64,0.004
31,0,6500,6500.0,13002.603517440042,1.8058089017868042,0.10357135678044119,0.13,630.36,0.212,0.0,5.64,0.004,0.27,1599.0,0.209,0.0,5.64,0.004,15478.63643269352,3.034317970275879,0.10270869497803166,0.3,840.16,0.157,0.0,5.64,0.004,0.36,1402.2,0.225,0.0,5.64,0.004
31,0,7000,7000.0,13148.466860001829,1.8784464597702026,0.10341956139622771,0.14,639.63,0.212,0.0,5.64,0.004,0.29,1623.6,0.209,0.0,5.64,0.004,17112.085430565276,3.3555495738983154,0.10619712397549685,0.28,637.2,0.158,0.0,5.64,0.004,0.36,1467.8,0.224,0.0,5.64,0.004
31,0,7500,7500.0,13326.79318064309,1.9306719303131104,0.10341805398489298,0.14,645.81,0.212,0.0,5.64,0.004,0.3,1648.1999999999998,0.21,0.0,5.64,0.004,18801.212959298635,3.7426323890686035,0.10978257078377601,0.28,604.52,0.159,0.0,5.64,0.004,0.37,1525.2,0.224,0.0,5.64,0.004
31,0,8000,8000.0,13526.787764159288,1.9762531518936157,0.10346756772173055,0.14,648.9,0.212,0.0,5.64,0.004,0.31,1672.8,0.21,0.0,5.64,0.004,20588.750707820218,4.067387580871582,0.11594206981870105,0.33,796.5,0.175,0.0,5.64,0.004,0.39,1713.7999999999997,0.224,0.0,5.64,0.004
31,0,8500,8500.0,13692.191696919326,2.0055735111236572,0.10335982910209196,0.13,645.81,0.211,0.0,5.64,0.004,0.31,1689.2,0.21,0.0,5.64,0.004,21915.595524856646,4.454398155212402,0.12041423714440314,0.33,756.92,0.176,0.0,7.52,0.004,0.41,1910.6,0.225,0.0,7.52,0.004
31,0,9000,9000.0,13850.215655207285,2.059727668762207,0.10357159529699868,0.13,645.81,0.211,0.0,5.64,0.004,0.3,1697.3999999999999,0.21,0.0,5.64,0.004,22309.755817297708,4.299534797668457,0.12271288184153407,0.36,828.44,0.176,0.0,7.52,0.004,0.5,2287.8,0.228,0.0,7.52,0.004
31,0,9500,9500.0,13964.029691593896,2.124131679534912,0.10371217225852625,0.13,651.99,0.211,0.0,5.64,0.004,0.28,1689.2,0.209,0.0,5.64,0.004,22082.63984572509,3.9297163486480713,0.12308840259643648,0.2,436.8,0.185,0.0,9.4,0.004,0.68,2665.0,0.231,0.0,9.4,0.004
31,0,10000,10000.0,14030.42555121574,2.205216407775879,0.1041148833879973,0.14,658.17,0.211,0.0,5.64,0.004,0.27,1713.7999999999997,0.209,0.0,5.64,0.004,21036.779548622828,3.819305896759033,0.12211692622097327,0.49,1214.37,0.249,0.07,230.23,0.013,0.83,2968.4,0.24,0.01,11.28,0.004
31,0,10500,10500.0,14010.830013182567,2.2725327014923096,0.10430520365832294,0.15,664.35,0.211,0.0,7.52,0.004,0.29,1730.2,0.21,0.0,7.52,0.004,19765.155199198216,3.7543468475341797,0.12004612357775213,0.39,1093.86,0.237,0.07,230.23,0.013,0.95,3263.6,0.25,0.01,15.04,0.005
31,0,11000,11000.0,13863.93840161727,2.31982159614563,0.10469249180760619,0.16,667.44,0.212,0.0,7.52,0.004,0.29,1754.8,0.21,0.0,7.52,0.004,18106.128030895707,3.6395769119262695,0.11663631989545181,0.28,985.71,0.23,0.07,212.52,0.013,0.7,2911.0,0.237,0.01,16.92,0.005
31,0,11500,11500.0,13581.298780684301,2.3367278575897217,0.10467723521846868,0.18,664.35,0.211,0.0,7.52,0.004,0.31,1763.0,0.21,0.0,7.52,0.004,16839.24880810996,3.548417568206787,0.11558759815038955,0.59,2640.4,0.23,0.0,11.28,0.004,0.59,2640.4,0.23,0.0,11.28,0.004
31,0,12000,12000.0,13124.804572758148,2.236584186553955,0.10462327849322797,0.2,658.17,0.211,0.0,7.52,0.004,0.33,1754.8,0.21,0.0,7.52,0.004,15697.257227639147,3.442885637283325,0.11437739096426963,0.22,794.13,0.226,0.0,9.4,0.004,0.54,2353.4,0.228,0.0,9.4,0.004
31,0,12500,12500.0,12568.443833708443,2.0609993934631348,0.10428260716246149,0.21,636.54,0.21,0.0,7.52,0.004,0.35,1738.4,0.21,0.0,7.52,0.004,14711.595887736692,3.2986502647399902,0.11436708121761109,0.2,766.32,0.225,0.0,7.52,0.004,0.49,2107.4,0.225,0.0,7.52,0.004
31,0,13000,13000.0,11860.286858440668,1.7780853509902954,0.10330258326004912,0.22,614.91,0.209,0.0,19.76,0.019,0.34,1697.3999999999999,0.209,0.0,7.52,0.004,13819.372532844456,3.1088411808013916,0.11364186553593211,0.19,738.51,0.224,0.0,7.52,0.004,0.47,1992.6000000000001,0.224,0.0,7.52,0.004
31,0,13500,13500.0,11112.577585514373,1.4761428833007812,0.10203857102640514,0.19,574.74,0.207,0.0,19.76,0.019,0.35,1640.0,0.207,0.0,7.52,0.004,13082.96111947633,2.9332170486450195,0.1135598113597395,0.18,698.3399999999999,0.224,0.0,7.52,0.004,0.46,1918.7999999999997,0.223,0.0,7.52,0.004
31,0,14000,14000.0,10307.9371293461,1.1458181142807007,0.09977496920199118,0.16,531.48,0.204,0.0,19.76,0.018,0.32,1541.6,0.205,0.0,7.52,0.004,12455.848383506638,2.839656352996826,0.11197988209524605,0.44,1820.4000000000003,0.223,0.0,7.52,0.004,0.44,1820.4000000000003,0.223,0.0,7.52,0.004
31,0,14500,14500.0,9570.93368230635,0.8665696382522583,0.09759139419761007,0.12,482.04,0.2,0.0,19.76,0.018,0.27,1426.8,0.202,0.0,5.64,0.004,11983.37620334116,2.8246896266937256,0.11074830289207702,0.16,602.55,0.223,0.0,7.52,0.004,0.42,1722.0,0.223,0.0,7.52,0.004
31,0,15000,15000.0,8938.33127432954,0.7135236263275146,0.09464016312066786,0.06,213.06,0.13,0.0,21.280000000000005,0.019,0.22,1287.4,0.197,0.0,5.64,0.004,11726.11161316215,2.863527297973633,0.10885435190335876,0.16,543.84,0.221,0.0,5.64,0.004,0.4,1599.0,0.222,0.0,5.64,0.004
31,0,15500,15500.0,8491.453456018644,0.7541345953941345,0.09261379803775388,0.08,392.43,0.192,0.0,21.280000000000005,0.019,0.18,1156.2,0.192,0.0,5.64,0.003,11702.072268324946,2.9379336833953857,0.10789049838804485,0.15,519.12,0.221,0.0,5.64,0.004,0.39,1467.8,0.221,0.0,5.64,0.004
31,0,16000,16000.0,8277.882992941886,0.8038486838340759,0.0903719566154399,0.07,355.35,0.187,0.0,25.840000000000003,0.019,0.15,1049.6,0.188,0.0,5.64,0.003,12030.225564398279,3.155339241027832,0.10879141089075872,0.14,369.9,0.15,0.0,5.64,0.004,0.37,1377.6,0.22,0.0,5.64,0.004
31,0,16500,16500.0,8300.655113568791,0.8566647171974182,0.08959079684997377,0.03,116.2,0.131,0.0,17.95,0.007,0.12,951.1999999999999,0.183,0.0,3.76,0.003,12490.099181994447,3.3271474838256836,0.11055476332236952,0.14,350.52,0.151,0.0,5.64,0.004,0.36,1312.0,0.22,0.0,5.64,0.004
31,0,17000,17000.0,8620.077306187159,0.9106903672218323,0.0891376354387232,0.07,333.72,0.183,0.0,17.95,0.007,0.12,902.0000000000001,0.179,0.0,3.76,0.003,13031.406268664432,3.412680149078369,0.113213505255873,0.17,394.4,0.146,0.0,5.64,0.004,0.37,1361.2,0.224,0.0,5.64,0.004
31,0,17500,17500.0,9170.75206489535,0.9698525071144104,0.08999992503330975,0.07,349.16999999999996,0.185,0.0,14.36,0.007,0.13,877.4,0.178,0.0,3.76,0.003,13455.99237067363,3.385791063308716,0.1156207372959267,0.22,602.55,0.23,0.0,5.64,0.004,0.39,1435.0,0.228,0.0,5.64,0.004
31,0,18000,18000.0,10006.739688818925,1.0326769351959229,0.09161229985596786,0.07,367.71,0.186,0.0,14.36,0.007,0.14,910.2000000000002,0.179,0.0,3.76,0.003,13619.622009540035,3.246581554412842,0.11745373374028689,0.26,676.71,0.232,0.0,5.64,0.004,0.44,1607.2,0.232,0.0,5.64,0.004
31,0,18500,18500.0,10974.49478123126,1.0888750553131104,0.09363141795057868,0.07,404.79,0.191,0.0,14.36,0.007,0.15,951.1999999999999,0.182,0.0,3.76,0.003,13537.296104929555,3.056159019470215,0.11804054559896734,0.26,692.1600000000001,0.233,0.0,5.64,0.004,0.51,1787.6000000000001,0.234,0.0,5.64,0.004
31,0,19000,19000.0,12095.777596370499,1.1302242279052734,0.09674543220026648,0.08,358.14,0.138,0.0,14.36,0.007,0.16,1057.8,0.187,0.0,3.76,0.003,13168.807724248109,2.8113772869110107,0.11871766404820484,0.26,707.61,0.233,0.0,5.64,0.004,0.53,1853.1999999999998,0.235,0.0,5.64,0.004
31,0,19500,19500.0,13139.080365416248,1.1554008722305298,0.09926950540262303,0.1,414.22,0.139,0.0,17.95,0.007,0.17,1172.6,0.192,0.0,3.76,0.003,12641.169403501408,2.6637825965881348,0.11854918633244303,0.22,658.17,0.232,0.0,7.52,0.004,0.54,1894.2,0.236,0.0,7.52,0.004
31,0,20000,20000.0,14066.283086872907,1.2421132326126099,0.10251953140949321,0.11,406.4,0.141,0.0,17.95,0.007,0.18,1344.8,0.199,0.0,5.64,0.003,11953.781192061797,2.522099018096924,0.1178138177932561,0.18,602.55,0.231,0.0,7.52,0.004,0.46,1779.4,0.235,0.0,7.52,0.004
31,0,20500,20500.0,14732.212338439786,1.3640098571777344,0.10465016060159865,0.12,419.1,0.141,0.0,21.54,0.007,0.19,1517.0,0.205,0.0,5.64,0.004,11325.674295841964,2.3913369178771973,0.117365083505281,0.4,1648.1999999999998,0.233,0.0,5.64,0.004,0.4,1648.1999999999998,0.233,0.0,5.64,0.004
32,0,-21000,21000.0,36775.04314731332,2.383951425552368,0.10658721214250529,0.21,1128.6,0.154,0.0,15.04,0.004,0.39,3361.9999999999995,0.184,0.0,15.04,0.004,31886.3805880105,2.2161920070648193,0.1135488370833441,0.25,1671.69,0.235,0.08,389.62,0.011,0.51,4706.8,0.238,0.01,26.320000000000004,0.006
32,0,-20500,20500.0,39577.14352088638,3.1331775188446045,0.11062021725219147,0.33,915.2,0.105,0.0,16.92,0.004,0.38,3558.8,0.19,0.0,16.92,0.004,29694.052346051925,2.1521570682525635,0.10857671036571788,0.23,1446.12,0.219,0.09,389.62,0.011,0.43,4428.0,0.233,0.01,26.320000000000004,0.006
32,0,-20000,20000.0,42844.72768503592,4.063106536865234,0.11583212335535004,0.43,1387.8,0.17,0.0,16.92,0.004,0.36,3837.5999999999995,0.198,0.0,16.92,0.004,27757.966526361983,2.1182005405426025,0.10306434934347511,0.22,1220.55,0.202,0.01,26.320000000000004,0.006,0.43,3854.0,0.217,0.01,26.320000000000004,0.006
32,0,-19500,19500.0,45834.70225479746,4.662374496459961,0.1202329070088139,0.47,1325.88,0.173,0.0,18.8,0.004,0.38,4132.8,0.205,0.0,18.8,0.004,26787.771707432905,2.1921939849853516,0.1004755270623526,0.25,1155.66,0.194,0.01,20.68,0.005,0.42,3304.6,0.201,0.01,20.68,0.005
32,0,-19000,19000.0,48411.09760737967,5.43944787979126,0.12367218583867154,0.5,1448.38,0.173,0.0,20.68,0.004,0.41,4518.2,0.213,0.0,20.68,0.004,26921.460932828013,2.3309853076934814,0.09949744001840663,0.29,1130.94,0.194,0.01,18.8,0.005,0.45,3034.0,0.191,0.01,18.8,0.005
32,0,-18500,18500.0,51194.75139427486,5.400393962860107,0.12742280122087793,0.46,1114.56,0.17,0.01,24.44,0.005,0.53,4969.2,0.223,0.01,24.44,0.005,28372.52220635903,2.479079484939575,0.10204805647103228,0.31,1130.94,0.194,0.0,13.160000000000002,0.004,0.51,2952.0,0.189,0.0,13.160000000000002,0.004
32,0,-18000,18000.0,53926.206302811624,4.672024726867676,0.1300886812588176,0.7,2305.14,0.244,0.01,26.320000000000004,0.005,0.8,5477.6,0.231,0.01,26.320000000000004,0.005,31349.546155469216,2.5582778453826904,0.10700475808659052,0.34,1149.48,0.197,0.0,13.160000000000002,0.004,0.55,2911.0,0.188,0.0,13.160000000000002,0.004
32,0,-17500,17500.0,56861.28760040765,3.751477003097534,0.13241005381811377,0.6,2326.77,0.244,0.02,33.84,0.006,1.1,5953.2,0.239,0.02,33.84,0.006,35533.37375304554,2.587822914123535,0.11409712646863789,0.33,1186.56,0.197,0.0,13.160000000000002,0.004,0.6,2960.2,0.192,0.0,13.160000000000002,0.004
32,0,-17000,17000.0,60816.128615804424,4.667754650115967,0.13590662734848022,0.42,1854.9,0.196,0.02,35.72,0.006,1.01,6043.4,0.24,0.02,35.72,0.006,40898.45033643805,2.606106996536255,0.12326322631802926,1.17,6082.68,0.231,0.0,13.160000000000002,0.004,0.61,3075.0,0.194,0.0,13.160000000000002,0.004
32,0,-16500,16500.0,65614.0205454918,6.6584086418151855,0.1403814763886028,0.74,2452.84,0.191,0.01,33.84,0.006,0.78,6117.2,0.24,0.01,33.84,0.006,46198.76626092643,3.7278449535369873,0.1316837505079856,1.44,6636.45,0.239,0.0,13.160000000000002,0.004,0.61,3296.3999999999996,0.202,0.0,13.160000000000002,0.004
32,0,-16000,16000.0,70921.52531563753,9.738036155700684,0.1448592944160407,0.89,2206.9,0.201,0.01,33.84,0.006,0.45,6256.6,0.244,0.01,33.84,0.006,50655.73656575917,4.394092559814453,0.13929958779428986,1.45,6557.34,0.238,0.0,15.04,0.004,0.6,3903.2,0.221,0.0,15.04,0.004
32,0,-15500,15500.0,76484.85390792202,11.437393188476562,0.14922407265023827,1.16,3033.12,0.206,0.01,35.72,0.006,0.6,6494.4,0.249,0.01,35.72,0.006,53690.50704750512,4.5260796546936035,0.1443199043535801,0.43,1645.92,0.204,0.0,20.68,0.005,0.57,4575.6,0.238,0.0,20.68,0.005
32,0,-15000,15000.0,83161.62942361516,12.347012519836426,0.15526862339737782,1.13,2618.7,0.212,0.01,35.72,0.006,0.86,7314.4,0.262,0.01,35.72,0.006,54443.409540503766,3.9783103466033936,0.14648405264348377,0.65,2638.8599999999997,0.277,0.0,22.56,0.005,0.71,5617.0,0.256,0.0,22.56,0.005
32,0,-14500,14500.0,89515.6420404537,12.711600303649902,0.16049363457448124,1.14,2647.7,0.213,0.02,45.12,0.007,1.19,8175.400000000001,0.275,0.02,45.12,0.007,53445.04956938672,3.3556246757507324,0.14540112969533353,0.69,2688.3,0.278,0.01,33.84,0.007,1.12,6723.999999999999,0.273,0.01,33.84,0.007
32,0,-14000,14000.0,94632.6954979625,14.662849426269531,0.16506309073143433,1.16,2807.2,0.216,0.02,48.88,0.007,1.66,9093.8,0.285,0.02,48.88,0.007,50246.522093453495,3.1850976943969727,0.1414421616706678,0.73,2756.28,0.281,0.01,37.6,0.007,1.25,7133.999999999999,0.279,0.01,37.6,0.007
32,0,-13500,13500.0,97780.80199365085,15.516918182373047,0.16703348526338227,1.16,2821.7,0.216,0.03,58.28,0.008,2.01,9913.8,0.292,0.03,58.28,0.008,46253.66624817525,3.0223703384399414,0.13543430691337296,0.5,2419.47,0.269,0.14,619.85,0.016,1.28,7273.399999999999,0.281,0.02,43.24,0.007
32,0,-13000,13000.0,99144.6857634226,15.29065227508545,0.16941031376627227,1.21,4131.33,0.3,0.03,62.04,0.008,2.21,10463.2,0.297,0.03,62.04,0.008,41817.54262076447,2.8316218852996826,0.12797266513424405,0.86,6527.2,0.27,0.11,602.14,0.015,0.86,6527.2,0.27,0.02,43.24,0.007
32,0,-12500,12500.0,98689.45963494071,14.250282287597656,0.17004230195895909,0.79,1973.82,0.217,0.03,67.68,0.008,2.38,10914.2,0.3,0.03,67.68,0.008,38102.3343635743,2.66372013092041,0.12150131572184444,0.17,912.54,0.173,0.01,37.6,0.007,0.51,5674.4,0.256,0.01,37.6,0.007
32,0,-12000,12000.0,96072.33418139431,12.739723205566406,0.16981781064889703,1.17,4338.36,0.303,0.02,171.75999999999996,0.036,2.41,11193.0,0.302,0.03,69.56,0.008,35692.5044167212,2.49665904045105,0.11590140114695507,0.16,844.2,0.166,0.01,33.84,0.006,0.43,4879.0,0.24,0.01,33.84,0.006
32,0,-11500,11500.0,92740.03158891297,10.817644119262695,0.16911195289778844,0.67,2001.9600000000003,0.218,0.2,1452.22,0.024,2.39,11455.4,0.304,0.03,71.44,0.008,34649.28428901921,2.248877763748169,0.1133101221670554,0.21,1402.86,0.211,0.01,26.320000000000004,0.006,0.37,4157.400000000001,0.222,0.01,26.320000000000004,0.006
32,0,-11000,11000.0,87480.44250650537,8.78890323638916,0.16628618952101562,1.22,3692.4000000000005,0.198,0.01,144.4,0.032,2.1,11480.0,0.304,0.03,73.32,0.008,35323.99133041427,2.53433895111084,0.11286532697066738,0.65,4131.3,0.197,0.01,22.56,0.005,0.36,3755.6,0.21,0.01,22.56,0.005
32,0,-10500,10500.0,81563.34111418821,6.771643161773682,0.16256558051151593,1.76,11447.2,0.304,0.11,1151.15,0.021,1.76,11447.2,0.304,0.03,71.44,0.008,37374.40092213839,2.9127628803253174,0.11559046394104418,0.32,903.76,0.114,0.0,18.8,0.005,0.36,3493.2,0.202,0.0,18.8,0.005
32,0,-10000,10000.0,74457.12512083417,4.9958391189575195,0.15670713608519965,0.68,3840.87,0.295,0.09,1044.89,0.02,1.21,10824.0,0.3,0.02,73.32,0.008,40794.79192463159,3.41611909866333,0.12010063658905112,0.35,935.22,0.116,0.0,18.8,0.004,0.4,3591.6,0.206,0.0,18.8,0.004
32,0,-9500,9500.0,67540.10416857008,3.6239593029022217,0.15061767588112615,0.72,3565.8599999999997,0.289,0.08,956.3400000000001,0.019,0.99,10168.0,0.295,0.02,65.8,0.008,45207.15152061654,4.264854431152344,0.12625485963245536,0.4,1444.5,0.186,0.0,18.8,0.005,0.45,3780.2000000000003,0.213,0.0,18.8,0.005
32,0,-9000,9000.0,61119.71471244622,2.7221171855926514,0.14354186070355948,0.77,3272.31,0.281,0.1,903.21,0.018,1.02,9315.2,0.287,0.02,63.92000000000001,0.008,50315.28892638626,5.166915416717529,0.13305923259088026,0.62,1713.9,0.191,0.0,18.8,0.005,0.56,4165.6,0.222,0.0,18.8,0.005
32,0,-8500,8500.0,56135.912669960635,2.121583938598633,0.13825767218721471,0.48,2966.4,0.272,0.11,885.5,0.018,1.08,8577.2,0.28,0.02,54.519999999999996,0.008,55505.341409672765,6.600504398345947,0.13928955289865994,0.59,1648.46,0.202,0.0,22.56,0.005,0.68,4624.8,0.233,0.0,22.56,0.005
32,0,-8000,8000.0,52559.56500701236,1.6943327188491821,0.1332793676240361,0.67,7781.8,0.27,0.11,903.21,0.018,0.67,7781.8,0.27,0.02,50.76,0.007,60559.106416613206,7.026186466217041,0.1447354051936331,0.64,1801.4400000000003,0.202,0.0,24.44,0.005,0.87,5248.0,0.246,0.0,24.44,0.005
32,0,-7500,7500.0,50220.97336948637,1.9225608110427856,0.13019721254092984,0.21,2385.48,0.251,0.01,43.24,0.007,0.44,6986.4,0.26,0.01,43.24,0.007,65154.03325252599,6.838091850280762,0.1489224698220937,0.36,954.8,0.213,0.01,31.960000000000004,0.006,1.07,5887.6,0.258,0.01,31.960000000000004,0.006
32,0,-7000,7000.0,49507.026625626495,2.1714327335357666,0.1282817107047547,0.2,1244.1,0.159,0.01,41.36,0.007,0.39,6264.8,0.249,0.01,41.36,0.007,69121.81781285425,7.145829200744629,0.1523017225304467,0.77,2734.65,0.278,0.02,33.84,0.007,1.25,6609.2,0.269,0.02,33.84,0.007
32,0,-6500,6500.0,50246.08584745478,2.283669948577881,0.12889073266591713,0.24,1155.44,0.12,0.01,122.06000000000002,0.012,0.37,5633.4,0.239,0.01,33.84,0.006,72555.60128287843,8.33482837677002,0.15465700987443412,0.68,2845.8900000000003,0.279,0.02,41.36,0.007,1.38,7240.6,0.278,0.02,41.36,0.007
32,0,-6000,6000.0,52898.77800257677,2.310187578201294,0.13144366225707363,0.27,1192.62,0.122,0.01,122.06000000000002,0.012,0.39,5494.0,0.237,0.01,31.960000000000004,0.006,75803.13378021176,9.599738121032715,0.15758317108074216,0.44,1394.94,0.201,0.02,43.24,0.007,1.38,7601.4,0.281,0.02,43.24,0.007
32,0,-5500,5500.0,56628.70042532266,2.7986481189727783,0.1353909265051823,1.07,7770.36,0.242,0.0,30.08,0.006,0.46,5469.4,0.238,0.0,30.08,0.006,78726.13413800663,10.749089241027832,0.16014376516932433,0.88,3090.08,0.217,0.02,48.88,0.008,1.33,7929.4,0.284,0.02,48.88,0.008
32,0,-5000,5000.0,61706.67752217815,3.878175735473633,0.140557363365785,0.37,1960.2,0.202,0.0,28.2,0.006,0.46,5707.2,0.244,0.0,28.2,0.006,81121.01723532115,11.524486541748047,0.16271943453134233,1.24,3278.7600000000007,0.223,0.02,50.76,0.008,1.22,8224.599999999999,0.287,0.02,50.76,0.008
32,0,-4500,4500.0,67369.41247758301,4.773254871368408,0.1459691853744881,0.38,1866.9,0.204,0.01,111.29,0.011,0.46,6018.8,0.25,0.01,31.960000000000004,0.006,82738.81631256739,11.64323616027832,0.16435454993653179,1.49,3399.8000000000006,0.227,0.01,52.64000000000001,0.008,1.46,8519.8,0.29,0.01,52.64000000000001,0.008
32,0,-4000,4000.0,73733.11953958985,5.06533145904541,0.15157201213668164,0.49,2827.35,0.271,0.01,111.29,0.011,0.49,6625.6,0.26,0.01,31.960000000000004,0.006,83149.42076591085,12.791593551635742,0.1669418080710845,1.67,3364.1999999999994,0.227,0.01,52.64000000000001,0.008,1.56,8864.2,0.294,0.01,52.64000000000001,0.008
32,0,-3500,3500.0,80145.89452087965,5.883857250213623,0.1566116456205276,0.56,3123.99,0.28,0.01,37.6,0.006,0.73,7298.0,0.27,0.01,37.6,0.006,82276.70388330935,13.701042175292969,0.1687184293570281,1.79,3342.84,0.227,0.02,56.4,0.008,1.64,9233.2,0.299,0.02,56.4,0.008
32,0,-3000,3000.0,86415.11911134433,6.382097244262695,0.16094736423371497,0.57,3466.98,0.289,0.01,39.48,0.007,1.03,8158.999999999999,0.28,0.01,39.48,0.007,79909.10714185427,13.408331871032715,0.17130211880587165,1.53,2598.4000000000005,0.227,0.02,58.28,0.008,1.7,9471.0,0.304,0.02,58.28,0.008
32,0,-2500,2500.0,91797.55924874917,6.160183429718018,0.16361789431417298,0.22,1271.2,0.226,0.01,48.88,0.007,1.12,9003.6,0.289,0.01,48.88,0.007,75839.83348434971,12.314457893371582,0.17136717024487116,1.55,2592.6,0.227,0.16,991.7600000000001,0.021,1.95,9684.2,0.31,0.03,63.92000000000001,0.009
32,0,-2000,2000.0,96822.5123691227,5.674398422241211,0.1657883544063036,0.22,1302.0,0.228,0.01,50.76,0.007,0.91,9766.2,0.297,0.01,50.76,0.007,69329.8571903705,12.167742729187012,0.16475345090617005,2.85,5376.8,0.224,0.15,956.3400000000001,0.021,1.95,9733.4,0.312,0.03,63.92000000000001,0.009
32,0,-1500,1500.0,101636.30875019735,5.713722229003906,0.16743062554242602,0.33,2715.26,0.229,0.01,60.16,0.008,0.83,10487.8,0.304,0.01,60.16,0.008,62976.92344899322,10.213516235351562,0.15650469677359682,1.01,1710.51,0.224,0.15,956.3400000000001,0.021,1.97,9626.8,0.312,0.03,67.68,0.009
32,0,-1000,1000.0,106454.20750238991,5.940859317779541,0.16943211772574454,0.41,3120.4,0.222,0.01,62.04,0.008,0.77,11094.6,0.309,0.01,62.04,0.008,57639.36852548406,6.86978006362915,0.1467719638913912,1.85,3190.56,0.204,0.03,67.68,0.009,2.1,8815.0,0.303,0.03,67.68,0.009
32,0,-500,500.0,110785.7052186373,6.1925764083862305,0.17083690912187735,0.21,1563.8,0.24,0.01,67.68,0.008,0.87,11635.8,0.313,0.01,67.68,0.008,54041.26256904001,3.9128341674804688,0.13937390394530982,2.91,5704.06,0.166,0.03,56.4,0.008,1.89,7831.000000000001,0.292,0.03,56.4,0.008
32,0,0,0.0,114907.69535677537,7.3770246505737305,0.17255093433367377,0.48,3532.2,0.229,0.01,69.56,0.008,0.95,11931.0,0.313,0.01,69.56,0.008,53572.26785407274,4.612783908843994,0.1368749762416011,0.42,1598.4,0.195,0.03,52.64000000000001,0.008,0.96,6273.0,0.267,0.03,52.64000000000001,0.008
32,0,500,500.0,118641.47032156303,8.262383460998535,0.17393418113178555,0.61,4410.84,0.228,0.01,75.2,0.009,1.0,12144.2,0.314,0.01,75.2,0.009,55695.31304037555,5.820858478546143,0.13987741489669706,0.5,1709.1,0.201,0.01,35.72,0.007,0.63,4944.6,0.24,0.01,35.72,0.007
32,0,1000,1000.0,121852.17139239566,9.016376495361328,0.17504153052676558,0.58,3627.9,0.23,0.01,75.2,0.009,0.94,12595.2,0.315,0.01,75.2,0.009,59630.49926452404,6.949527740478516,0.14469294706423572,0.72,2027.7,0.217,0.01,30.08,0.006,0.59,4870.8,0.236,0.01,30.08,0.006
32,0,1500,1500.0,124328.39713866386,9.56837272644043,0.1756254974866349,0.59,3633.7,0.23,0.01,82.72,0.009,1.03,13070.8,0.317,0.01,82.72,0.009,64154.26390614048,7.4783735275268555,0.1508377131620272,0.75,1925.32,0.219,0.0,28.2,0.006,0.57,5157.8,0.241,0.0,28.2,0.006
32,0,2000,2000.0,125693.70495458409,9.936680793762207,0.17661195364900262,0.65,3793.2,0.233,0.01,84.6,0.009,1.07,13439.8,0.318,0.01,84.6,0.009,68289.72425945576,7.147606372833252,0.15571003727488647,0.81,2104.46,0.218,0.0,28.2,0.006,0.79,6174.6,0.26,0.0,28.2,0.006
32,0,2500,2500.0,125782.85818581749,10.124464988708496,0.17686966901760398,0.66,3807.7,0.234,0.01,88.36,0.009,1.09,13718.6,0.319,0.01,88.36,0.009,71951.01076361534,6.651298522949219,0.1595458549768533,0.45,1113.0,0.229,0.02,39.48,0.007,1.26,7240.6,0.276,0.02,39.48,0.007
32,0,3000,3000.0,124160.59841356981,9.949501037597656,0.17779438338544606,0.68,3909.2,0.234,0.01,90.24,0.009,1.12,13849.8,0.319,0.01,90.24,0.009,74339.11595863137,5.792754650115967,0.16065717436197952,1.04,3216.69,0.296,0.02,43.24,0.007,1.59,7970.400000000001,0.288,0.02,43.24,0.007
32,0,3500,3500.0,121074.14469167689,9.592642784118652,0.1779177220027547,0.68,3917.9,0.234,0.02,92.12,0.009,1.15,13997.4,0.32,0.02,92.12,0.009,76741.15500891235,6.596826076507568,0.1612320589051953,0.78,3056.01,0.292,0.02,50.76,0.008,1.81,8511.6,0.297,0.02,50.76,0.008
32,0,4000,4000.0,115779.42156531863,9.012043952941895,0.17712561404435204,0.46,2629.08,0.233,0.02,92.12,0.009,1.25,14095.800000000001,0.32,0.02,92.12,0.009,80189.11493281262,7.185154914855957,0.16147152205924828,0.89,2880.48,0.197,0.03,52.64000000000001,0.008,1.4,8363.999999999998,0.297,0.03,52.64000000000001,0.008
32,0,4500,4500.0,109329.02009337995,8.375207901000977,0.17531011665654486,0.47,2651.19,0.233,0.02,94.0,0.009,1.35,14120.399999999998,0.321,0.02,94.0,0.009,85397.02244459564,8.70873737335205,0.16324590936062305,0.51,2858.25,0.287,0.02,54.519999999999996,0.008,1.17,8019.599999999999,0.294,0.02,54.519999999999996,0.008
32,0,5000,5000.0,100798.71017837286,7.375925540924072,0.17113623229378008,0.46,2552.7,0.231,0.02,94.0,0.009,1.27,13726.799999999997,0.319,0.02,94.0,0.009,93698.76412754289,10.09460735321045,0.16658629485691803,1.66,11383.05,0.28,0.02,54.519999999999996,0.008,1.03,7880.199999999999,0.293,0.02,54.519999999999996,0.008
32,0,5500,5500.0,91729.85247134784,6.219973087310791,0.1658016398214499,0.4,2287.38,0.225,0.12,1416.8,0.023,1.11,13144.600000000002,0.315,0.02,92.12,0.009,103742.1767127629,12.310218811035156,0.1708568713345549,1.96,13431.12,0.29,0.01,52.64000000000001,0.008,0.88,7831.000000000001,0.292,0.01,52.64000000000001,0.008
32,0,6000,6000.0,82404.27495861804,5.030707359313965,0.15939011972099584,0.72,4267.68,0.205,0.1,1275.12,0.022,0.87,11840.8,0.307,0.02,92.12,0.009,116360.75825030573,14.505885124206543,0.17787604857178302,0.67,3971.7,0.26,0.01,50.76,0.008,0.76,8405.0,0.298,0.01,50.76,0.008
32,0,6500,6500.0,73995.04413887771,4.032572269439697,0.1534785194432752,0.23,1742.67,0.207,0.01,77.08,0.009,0.75,10553.4,0.298,0.01,77.08,0.009,128400.4255608779,15.631892204284668,0.18364316579272638,0.66,3756.66,0.261,0.01,56.4,0.008,0.87,9134.8,0.306,0.01,56.4,0.008
32,0,7000,7000.0,66780.00363167084,3.325143814086914,0.14733147046584283,0.21,1626.09,0.202,0.09,1098.02,0.021,0.63,9282.4,0.288,0.01,71.44,0.008,140045.1652538657,16.14173126220703,0.19099420427111843,0.81,4755.51,0.328,0.01,58.28,0.008,1.3,10709.2,0.319,0.01,58.28,0.008
32,0,7500,7500.0,61264.00761319528,2.82362961769104,0.14347882955072766,0.2,1751.6,0.182,0.08,1062.6,0.021,0.52,8216.4,0.277,0.01,56.4,0.008,149434.86947164606,17.533756256103516,0.19628767228812488,0.92,5565.090000000001,0.338,0.01,73.32,0.009,1.65,12521.4,0.331,0.01,73.32,0.009
32,0,8000,8000.0,57094.02363131958,2.456191301345825,0.1395648974284403,0.19,1528.2999999999997,0.173,0.08,1080.31,0.021,0.45,7470.199999999999,0.269,0.01,52.64000000000001,0.007,154671.72318731752,17.442829132080078,0.19997041254066258,1.05,6467.37,0.348,0.02,78.96,0.009,1.98,14842.000000000002,0.344,0.02,78.96,0.009
32,0,8500,8500.0,54344.64501504408,2.152311325073242,0.1378296999804651,0.14,1165.8,0.18,0.0,43.24,0.007,0.39,6888.0,0.262,0.0,43.24,0.007,156733.2643209749,16.478273391723633,0.2010880237689276,0.98,6804.18,0.354,0.02,103.40000000000002,0.01,2.32,17154.4,0.355,0.02,103.40000000000002,0.01
32,0,9000,9000.0,52942.37156442687,2.0752711296081543,0.13658763535488483,0.13,1119.57,0.177,0.0,41.36,0.007,0.33,6437.0,0.257,0.0,41.36,0.007,155562.77591068172,14.756426811218262,0.20260364259679867,0.92,7295.49,0.367,0.02,110.92,0.01,2.32,19015.8,0.374,0.02,110.92,0.01
32,0,9500,9500.0,52703.46292172826,2.1983747482299805,0.13727788208506864,0.12,1023.09,0.173,0.0,35.72,0.006,0.32,6059.8,0.252,0.0,35.72,0.006,151105.87500732153,12.815101623535156,0.20123933788748527,2.23,20213.0,0.386,0.02,122.2,0.01,2.23,20213.0,0.386,0.02,122.2,0.01
32,0,10000,10000.0,53633.5963161373,2.3121325969696045,0.1390675641751637,0.22,1897.2000000000003,0.157,0.0,33.84,0.006,0.32,5781.0,0.251,0.0,33.84,0.006,143403.85688956996,10.617223739624023,0.19866374815246204,2.01,19319.2,0.376,0.02,125.96000000000001,0.011,2.01,19319.2,0.376,0.02,125.96000000000001,0.011
32,0,10500,10500.0,55234.578643600995,2.401383399963379,0.14201871956965423,0.17,2079.57,0.254,0.0,31.960000000000004,0.006,0.33,5559.6,0.25,0.0,31.960000000000004,0.006,135167.56010841127,8.583508491516113,0.19567071951820655,1.76,18048.2,0.363,0.02,122.2,0.01,1.76,18048.2,0.363,0.02,122.2,0.01
32,0,11000,11000.0,57405.67145270699,2.482081651687622,0.14593878070275781,0.18,2125.92,0.26,0.0,30.08,0.006,0.34,5600.6,0.255,0.0,30.08,0.006,126456.41453625685,7.049289703369141,0.19158108116585645,0.67,5731.95,0.337,0.02,120.32,0.01,1.52,16654.199999999997,0.349,0.02,120.32,0.01
32,0,11500,11500.0,59502.76325239013,2.5417115688323975,0.14977118913607976,0.18,2277.33,0.268,0.0,31.960000000000004,0.006,0.35,5731.8,0.262,0.0,31.960000000000004,0.006,119002.9832901193,6.431572437286377,0.18892347421155475,0.36,2576.82,0.242,0.01,110.92,0.01,1.28,15744.0,0.345,0.01,110.92,0.01
32,0,12000,12000.0,61178.88928027531,2.609287738800049,0.1534027644117539,0.17,1951.7000000000003,0.206,0.0,31.960000000000004,0.006,0.36,6125.4,0.27,0.0,31.960000000000004,0.006,111738.19518400924,6.547601222991943,0.18394138161208726,0.66,4773.6,0.221,0.01,107.15999999999998,0.01,1.07,14891.2,0.34,0.01,107.15999999999998,0.01
32,0,12500,12500.0,62109.18559928959,2.6692349910736084,0.15580840610462882,0.13,1352.16,0.203,0.0,37.6,0.007,0.38,6543.6,0.278,0.0,37.6,0.007,105765.65763766266,6.592052459716797,0.180031054206744,0.5,4835.85,0.324,0.01,97.76,0.01,1.15,14087.6,0.336,0.01,97.76,0.01
32,0,13000,13000.0,61889.87109541138,2.7160561084747314,0.15673376286272767,0.2,2675.94,0.284,0.0,39.48,0.007,0.4,6912.6,0.283,0.0,39.48,0.007,101239.5743652698,6.525814533233643,0.17544801800510476,0.51,4502.13,0.318,0.01,94.0,0.01,1.13,13120.0,0.33,0.01,94.0,0.01
32,0,13500,13500.0,60951.46746738759,2.7235007286071777,0.15635766696097964,0.09,966.0,0.221,0.0,43.24,0.008,0.43,7199.599999999999,0.287,0.0,43.24,0.008,98651.3585941786,6.490420341491699,0.17299122225860292,0.62,3691.7199999999993,0.232,0.01,82.72,0.009,1.08,12250.8,0.325,0.01,82.72,0.009
32,0,14000,14000.0,59223.00545266211,2.6738035678863525,0.15491289041379022,0.19,2617.23,0.283,0.01,45.12,0.008,0.44,7199.599999999999,0.287,0.01,45.12,0.008,98332.43160484708,6.710482120513916,0.17222121361776008,0.59,2992.8,0.232,0.01,80.84,0.009,0.96,11365.2,0.319,0.01,80.84,0.009
32,0,14500,14500.0,57271.675183298736,2.562668561935425,0.15292847919994337,0.19,2487.45,0.278,0.01,45.12,0.008,0.44,7109.4,0.287,0.01,45.12,0.008,99326.9057860758,7.17543363571167,0.17335940739600902,0.6,3021.8,0.232,0.01,69.56,0.009,0.84,10668.2,0.314,0.01,69.56,0.009
32,0,15000,15000.0,55367.283773949544,2.365684747695923,0.1507605708824823,0.21,2000.72,0.197,0.01,45.12,0.008,0.43,6756.8,0.283,0.01,45.12,0.008,101444.86589563094,7.833218574523926,0.17571261525305712,0.93,4364.56,0.242,0.01,67.68,0.009,0.76,10487.8,0.313,0.01,67.68,0.009
32,0,15500,15500.0,54026.03599951934,2.4676830768585205,0.14957101490895203,0.22,1979.3599999999997,0.196,0.0,41.36,0.007,0.4,6412.4,0.279,0.0,41.36,0.007,103402.20749978616,10.013551712036133,0.17824805589589474,1.13,4375.24,0.242,0.02,65.8,0.009,0.71,10356.6,0.312,0.02,65.8,0.009
32,0,16000,16000.0,53346.322905750625,2.5176868438720703,0.14872872316128438,0.19,1534.1,0.195,0.0,39.48,0.007,0.36,6150.0,0.275,0.0,39.48,0.007,103779.9648654589,12.54458999633789,0.18018961170070993,1.27,4133.16,0.24,0.02,65.8,0.009,0.74,10783.0,0.317,0.02,65.8,0.009
32,0,16500,16500.0,53267.73684087454,2.5435874462127686,0.14888411260255913,0.19,1531.2,0.195,0.0,35.72,0.007,0.32,5953.2,0.273,0.0,35.72,0.007,103024.36617305699,14.158108711242676,0.18113449691255992,1.37,3990.7600000000007,0.239,0.02,73.32,0.009,0.79,11160.2,0.32,0.02,73.32,0.009
32,0,17000,17000.0,53785.451763009594,2.5600383281707764,0.14920006718899764,0.13,1051.23,0.194,0.0,35.72,0.007,0.29,5854.8,0.272,0.0,35.72,0.007,101320.27285743778,15.057727813720703,0.18471526302749622,1.34,3195.8,0.241,0.02,75.2,0.009,0.93,11373.4,0.324,0.02,75.2,0.009
32,0,17500,17500.0,54700.4793522519,2.750654697418213,0.15002721579281977,0.12,1043.19,0.194,0.01,33.84,0.007,0.32,5781.0,0.272,0.01,33.84,0.007,98075.21925830557,14.82346248626709,0.1874096548045749,1.37,3181.3,0.241,0.01,77.08,0.009,1.16,11480.0,0.326,0.01,77.08,0.009
32,0,18000,18000.0,56100.41878609582,2.8967676162719727,0.15100025945566475,0.11,1049.22,0.194,0.01,33.84,0.007,0.33,5822.0,0.273,0.01,33.84,0.007,91364.73107740708,15.254332542419434,0.18659644530577357,1.29,2885.64,0.246,0.01,78.96,0.009,1.48,11283.2,0.327,0.01,78.96,0.009
32,0,18500,18500.0,57842.645577123665,3.0739686489105225,0.1523524722252129,0.17,2271.15,0.275,0.01,33.84,0.007,0.34,5904.0,0.275,0.01,33.84,0.007,83627.88455129124,14.938358306884766,0.184252715132289,0.7,1520.4,0.257,0.02,77.08,0.009,1.79,11053.6,0.327,0.02,77.08,0.009
32,0,19000,19000.0,59879.40480833666,3.1587085723876953,0.15424451465829872,0.2,2357.67,0.278,0.0,35.72,0.007,0.39,6092.6,0.278,0.0,35.72,0.007,74087.92095778312,12.694879531860352,0.17719600170087804,0.66,1446.2,0.254,0.02,75.2,0.009,2.32,10832.2,0.327,0.02,75.2,0.009
32,0,19500,19500.0,61707.44529964974,3.1524887084960938,0.15576122854492003,0.22,2450.37,0.28,0.0,35.72,0.007,0.44,6297.6,0.281,0.0,35.72,0.007,64751.09591853579,9.528908729553223,0.16891426339238785,1.18,3414.45,0.312,0.14,779.24,0.02,2.79,10578.0,0.326,0.03,73.32,0.009
32,0,20000,20000.0,63075.775303704395,3.0427067279815674,0.15722145773524,0.24,2555.43,0.283,0.0,37.6,0.007,0.47,6519.0,0.283,0.0,37.6,0.007,55619.534817616295,6.21460485458374,0.15793651641161963,0.41,1057.0,0.235,0.11,743.82,0.02,2.23,9339.8,0.318,0.04,73.32,0.009
32,0,20500,20500.0,63927.72448128664,2.9001784324645996,0.15797205224377173,0.24,2697.57,0.287,0.0,39.48,0.007,0.49,6773.2,0.286,0.0,39.48,0.007,48278.89265554186,3.782454490661621,0.14904297069177092,1.68,8142.6,0.307,0.15,726.11,0.019,1.68,8142.6,0.307,0.03,58.28,0.009
33,0,-21000,21000.0,235138.4974148721,15.2985258102417,0.2179197853171746,1.25,6142.2,0.263,0.02,154.16,0.011,2.23,28847.6,0.438,0.02,154.16,0.011,178200.81148042664,19.735055923461914,0.19991213848621414,1.63,7669.38,0.357,0.03,142.88,0.01,3.1,22648.4,0.388,0.03,142.88,0.01
33,0,-20500,20500.0,235037.69359248545,15.781238555908203,0.21947603980271646,1.28,6121.9,0.263,0.02,167.32,0.011,2.68,31119.000000000004,0.451,0.02,167.32,0.011,173583.36521051388,16.455041885375977,0.19837556392924816,1.32,7286.219999999999,0.347,0.03,139.12,0.01,3.46,21639.8,0.378,0.03,139.12,0.01
33,0,-20000,20000.0,231802.3444217586,15.756936073303223,0.21972411617732512,1.18,6152.14,0.273,0.02,171.08,0.011,2.77,32053.800000000003,0.456,0.02,171.08,0.011,170027.28402133507,13.645721435546875,0.1973105059154683,2.91,20680.4,0.368,0.04,139.12,0.01,2.91,20680.4,0.368,0.04,139.12,0.01
33,0,-19500,19500.0,227582.37710764515,15.220617294311523,0.21912339449521437,0.65,3235.4,0.285,0.02,176.72,0.011,2.78,32808.2,0.46,0.02,176.72,0.011,166277.29762185045,11.325102806091309,0.19596350319893951,2.3,19688.2,0.358,0.03,133.48,0.01,2.3,19688.2,0.358,0.03,133.48,0.01
33,0,-19000,19000.0,221406.777611305,13.117582321166992,0.21647092751463823,0.62,3199.0,0.285,0.03,178.6,0.011,2.54,31586.400000000005,0.454,0.03,178.6,0.011,162334.22650929278,11.208847045898438,0.19496077047008636,0.93,4700.9,0.253,0.02,133.48,0.01,1.7,18532.0,0.349,0.02,133.48,0.01
33,0,-18500,18500.0,216007.45725125307,12.849028587341309,0.2142301455710088,1.23,10682.13,0.425,0.03,167.32,0.011,2.76,30233.399999999998,0.447,0.03,167.32,0.011,158902.52106030966,12.111858367919922,0.19511044260133306,1.24,5699.560000000001,0.251,0.01,124.08,0.01,1.25,17720.2,0.345,0.01,124.08,0.01
33,0,-18000,18000.0,212244.77325411426,13.744673728942871,0.21236362086704505,1.07,10317.51,0.42,0.03,165.44,0.011,2.42,29093.599999999995,0.441,0.03,165.44,0.011,154487.17398176668,12.586027145385742,0.1945942640360406,1.1,4561.7,0.252,0.01,124.08,0.01,1.23,17433.2,0.345,0.01,124.08,0.01
33,0,-17500,17500.0,210202.1082216699,14.003494262695312,0.2116573379546579,0.88,5356.3,0.259,0.03,159.8,0.011,2.08,28134.200000000004,0.436,0.03,159.8,0.011,150417.97077916854,12.649477005004883,0.19488998256279863,1.11,4555.9,0.253,0.02,120.32,0.01,1.32,17466.0,0.348,0.02,120.32,0.01
33,0,-17000,17000.0,209864.01785807975,13.565519332885742,0.21079255906005917,0.91,5437.5,0.26,0.03,157.92,0.011,1.73,27183.0,0.429,0.03,157.92,0.011,145089.390529479,11.95589828491211,0.1933563625441381,0.68,3191.88,0.253,0.02,120.32,0.01,1.5,17466.0,0.349,0.02,120.32,0.01
33,0,-16500,16500.0,211900.30471619975,13.561328887939453,0.2113911784114223,0.44,2931.6,0.282,0.02,150.4,0.011,1.96,26543.399999999998,0.424,0.02,150.4,0.011,139548.83749127403,11.102921485900879,0.1912851404453441,0.73,3081.33,0.252,0.02,120.32,0.01,1.71,17408.6,0.348,0.02,120.32,0.01
33,0,-16000,16000.0,215680.63946410693,13.687544822692871,0.2133711472322586,0.95,9931.26,0.413,0.02,148.52,0.011,2.05,26764.8,0.426,0.02,148.52,0.011,133783.4463330204,9.781109809875488,0.18842856338605826,0.67,2974.8,0.25,0.02,120.32,0.01,1.81,16654.199999999997,0.345,0.02,120.32,0.01
33,0,-15500,15500.0,217630.46976163314,14.40720272064209,0.2142616126913565,1.2,6956.24,0.261,0.02,150.4,0.011,2.04,26961.600000000002,0.428,0.02,150.4,0.011,128628.71147462429,8.368062973022461,0.1858946249685947,0.52,2727.57,0.245,0.02,110.92,0.01,1.85,15809.600000000002,0.342,0.02,110.92,0.01
33,0,-15000,15000.0,216980.60423086717,15.386466026306152,0.2160144659967478,1.24,6717.72,0.259,0.02,150.4,0.011,1.78,27010.799999999996,0.429,0.02,150.4,0.011,124847.21829866248,7.4237380027771,0.18444045088386624,0.93,5071.44,0.224,0.02,109.03999999999999,0.01,1.66,14669.8,0.338,0.02,109.03999999999999,0.01
33,0,-14500,14500.0,214317.8411441564,15.673495292663574,0.21738382813262735,1.02,5916.0,0.264,0.02,152.28,0.011,1.65,27100.999999999996,0.431,0.02,152.28,0.011,122259.23783748221,7.098759651184082,0.18425014005106397,0.61,4774.05,0.324,0.02,97.76,0.01,1.42,13628.4,0.333,0.02,97.76,0.01
33,0,-14000,14000.0,208907.10812482212,15.42926025390625,0.2190680943600423,1.05,11219.79,0.438,0.02,152.28,0.011,1.76,28429.4,0.44,0.02,152.28,0.011,120672.37494332367,6.530681133270264,0.18459255830734236,0.38,2500.44,0.24,0.02,94.0,0.01,1.21,13161.0,0.331,0.02,94.0,0.01
33,0,-13500,13500.0,201892.9529072175,14.760750770568848,0.22047290125976854,0.49,3214.4,0.287,0.03,161.68,0.011,2.11,29979.200000000004,0.45,0.03,161.68,0.011,119253.33216057188,5.940569877624512,0.18508814876734753,0.38,2490.39,0.241,0.01,88.36,0.01,1.02,12865.8,0.329,0.01,88.36,0.01
33,0,-13000,13000.0,190080.33787390415,13.31588363647461,0.21771870079984404,0.69,4026.03,0.263,0.03,163.56,0.011,2.29,30241.600000000002,0.451,0.03,163.56,0.011,117477.065405561,6.340858459472656,0.18532807609464783,0.5,3069.9,0.243,0.01,88.36,0.01,0.89,12898.6,0.33,0.01,88.36,0.01
33,0,-12500,12500.0,176576.2263567787,11.472814559936523,0.21256980782185403,0.63,3676.29,0.259,0.03,165.44,0.011,2.32,29880.799999999996,0.448,0.03,165.44,0.011,115189.29658059933,6.722423553466797,0.1851404704716204,0.51,2903.22,0.244,0.01,88.36,0.01,0.84,12997.0,0.33,0.01,88.36,0.01
33,0,-12000,12000.0,162061.2707484255,9.387858390808105,0.20424995248649178,1.15,6801.360000000001,0.236,0.03,167.32,0.011,1.95,26805.799999999996,0.428,0.03,167.32,0.011,112317.267279511,6.687539577484131,0.18396298894585114,0.55,3171.98,0.244,0.01,88.36,0.01,0.74,12997.0,0.331,0.01,88.36,0.01
33,0,-11500,11500.0,149428.27726861287,9.648674964904785,0.19635985045714938,0.74,7159.530000000001,0.352,0.02,146.64,0.011,1.73,23509.4,0.402,0.02,146.64,0.011,109698.97731197925,7.432599067687988,0.1825676770613379,0.3,1673.0,0.255,0.01,86.48,0.01,0.95,13029.8,0.331,0.01,86.48,0.01
33,0,-11000,11000.0,140488.9911603561,10.499648094177246,0.19035710546250775,0.68,3431.54,0.248,0.02,142.88,0.011,1.49,19532.4,0.367,0.02,142.88,0.011,107634.54339644231,7.147573471069336,0.17977643273406438,0.71,4653.54,0.322,0.01,86.48,0.01,1.21,12792.0,0.33,0.01,86.48,0.01
33,0,-10500,10500.0,135189.0939212608,11.186110496520996,0.1883007796282357,0.74,3561.08,0.25,0.02,116.56,0.01,1.37,16678.8,0.343,0.02,116.56,0.01,106850.4569260178,7.119763374328613,0.17774107453012447,1.84,11084.19,0.276,0.02,84.6,0.009,1.43,12562.4,0.328,0.02,84.6,0.009
33,0,-10000,10000.0,133350.4469407184,11.68489933013916,0.18854735972480166,0.94,5685.6,0.33,0.02,109.03999999999999,0.01,1.46,15686.6,0.338,0.02,109.03999999999999,0.01,108415.78173432645,8.197600364685059,0.17717271185009992,2.15,11998.35,0.28,0.02,82.72,0.009,1.26,12037.6,0.325,0.02,82.72,0.009
33,0,-9500,9500.0,132254.54858831072,11.741991996765137,0.1897674836974699,1.08,5858.64,0.332,0.02,97.76,0.01,1.6,15063.4,0.334,0.02,97.76,0.01,111189.50817630248,9.880274772644043,0.17772851388864971,2.33,12798.24,0.283,0.01,77.08,0.009,1.02,11496.4,0.322,0.01,77.08,0.009
33,0,-9000,9000.0,131340.69328167534,11.222280502319336,0.18949778142974377,1.23,6065.67,0.334,0.02,94.0,0.01,1.84,15580.0,0.337,0.02,94.0,0.01,115751.19722907912,12.915445327758789,0.17925507778357871,2.33,13387.17,0.286,0.01,75.2,0.009,1.09,11250.4,0.32,0.01,75.2,0.009
33,0,-8500,8500.0,130157.87982527108,10.683794975280762,0.18847012431391386,1.23,5923.530000000001,0.334,0.02,101.52,0.01,2.07,16063.8,0.339,0.02,101.52,0.01,120955.8383611904,14.859587669372559,0.18127047646816308,0.76,3294.38,0.25,0.01,73.32,0.009,1.26,11193.0,0.32,0.01,73.32,0.009
33,0,-8000,8000.0,129143.61176458478,10.23626708984375,0.18701828589053118,1.22,5775.21,0.334,0.03,103.40000000000002,0.01,2.05,15858.8,0.339,0.03,103.40000000000002,0.01,127538.37128005835,15.865530967712402,0.18381043390295798,0.93,3462.02,0.254,0.01,73.32,0.009,1.52,12013.0,0.324,0.01,73.32,0.009
33,0,-7500,7500.0,128779.18276162382,9.893969535827637,0.1857563251403713,0.97,5435.31,0.33,0.02,103.40000000000002,0.01,2.02,15489.8,0.339,0.02,103.40000000000002,0.01,134260.99520033458,16.061786651611328,0.1860231870855736,1.03,3561.08,0.256,0.02,80.84,0.009,1.78,12947.8,0.329,0.02,80.84,0.009
33,0,-7000,7000.0,130136.84936694335,9.780396461486816,0.18596823997591277,0.69,5067.6,0.327,0.02,101.52,0.01,1.65,14637.000000000002,0.336,0.02,101.52,0.01,141494.82317038346,15.914643287658691,0.18908107410982916,1.36,5500.2,0.333,0.02,84.6,0.01,1.96,13849.8,0.333,0.02,84.6,0.01
33,0,-6500,6500.0,132622.7966468461,9.613289833068848,0.18722595139418388,0.59,5120.13,0.327,0.02,94.0,0.01,1.45,13792.4,0.333,0.02,94.0,0.01,147979.56286164117,15.635648727416992,0.19111636198178208,1.46,5620.71,0.335,0.03,94.0,0.01,2.35,14645.2,0.337,0.03,94.0,0.01
33,0,-6000,6000.0,136808.2311199978,9.550069808959961,0.1891043120465989,0.56,5181.93,0.328,0.02,92.12,0.01,1.36,13751.4,0.333,0.02,92.12,0.01,154038.18368920474,16.04143524169922,0.19385784307041887,1.59,5781.39,0.339,0.04,95.88,0.01,2.66,15137.2,0.341,0.04,95.88,0.01
33,0,-5500,5500.0,141497.92705138534,9.275094032287598,0.19100483353193934,0.56,5531.1,0.332,0.01,90.24,0.01,1.25,13923.6,0.334,0.01,90.24,0.01,159207.455323849,15.69649600982666,0.19603638601381193,1.46,6068.76,0.342,0.04,101.52,0.01,2.9,15571.799999999997,0.344,0.04,101.52,0.01
33,0,-5000,5000.0,146866.75583278266,8.930353164672852,0.19231802420643002,0.56,5926.62,0.336,0.01,90.24,0.01,1.23,14776.4,0.338,0.01,90.24,0.01,162797.3707314406,14.44430160522461,0.19854495335802938,1.31,6390.12,0.346,0.04,103.40000000000002,0.01,2.78,16391.8,0.349,0.04,103.40000000000002,0.01
33,0,-4500,4500.0,152140.1374261979,8.482876777648926,0.1929307785021188,0.58,6136.74,0.338,0.01,99.64,0.01,1.22,15702.999999999998,0.342,0.01,99.64,0.01,164625.4196137801,12.79265308380127,0.19999466232885488,1.1,6615.69,0.347,0.04,116.56,0.011,2.57,17228.2,0.353,0.04,116.56,0.011
33,0,-4000,4000.0,157851.91498192144,7.900810241699219,0.19418390852657486,0.61,6374.67,0.34,0.01,101.52,0.01,1.24,16334.400000000001,0.344,0.01,101.52,0.01,164446.6354387987,10.993308067321777,0.20241153442421284,0.44,2466.8,0.278,0.03,118.44,0.011,2.2,18368.0,0.364,0.03,118.44,0.011
33,0,-3500,3500.0,163232.43890031445,7.848004341125488,0.19506999148047774,0.62,6550.8,0.341,0.01,107.15999999999998,0.01,1.27,16900.2,0.346,0.01,107.15999999999998,0.01,162311.6981128027,10.132997512817383,0.20371570333997585,1.05,7103.909999999999,0.359,0.03,122.2,0.01,1.78,19466.8,0.374,0.03,122.2,0.01
33,0,-3000,3000.0,168490.49034408526,8.266729354858398,0.19596631834861902,0.63,6764.01,0.343,0.01,109.03999999999999,0.01,1.27,17293.8,0.347,0.01,109.03999999999999,0.01,157034.39293686824,9.41379451751709,0.20360561344573708,1.16,7208.969999999999,0.363,0.02,124.08,0.01,1.96,19893.2,0.378,0.02,124.08,0.01
33,0,-2500,2500.0,174504.0374924254,8.886999130249023,0.19777266835139967,0.66,7443.81,0.36,0.01,112.8,0.01,1.26,18122.0,0.355,0.01,112.8,0.01,150505.386599974,8.445549964904785,0.20229722370988615,1.06,6825.81,0.353,0.02,125.96000000000001,0.01,2.14,20106.4,0.381,0.02,125.96000000000001,0.01
33,0,-2000,2000.0,181414.5369179998,9.787408828735352,0.20022610808721678,0.75,8231.76,0.379,0.01,112.8,0.01,1.25,20008.0,0.373,0.01,112.8,0.01,142514.71504101064,7.421208381652832,0.19874526760625716,0.96,6516.81,0.347,0.02,127.84000000000002,0.01,2.0,19220.8,0.373,0.02,127.84000000000002,0.01
33,0,-1500,1500.0,187386.9887176581,10.800881385803223,0.20181070389891828,0.65,4864.1,0.267,0.01,125.96000000000001,0.01,1.44,21902.2,0.39,0.01,125.96000000000001,0.01,134851.58403027453,6.840986251831055,0.1949175820494205,0.84,6130.56,0.343,0.02,122.2,0.01,1.79,18130.2,0.362,0.02,122.2,0.01
33,0,-1000,1000.0,192025.6992370938,12.319964408874512,0.20289163828048973,0.85,8787.96,0.39,0.02,129.72,0.01,1.56,22960.0,0.398,0.02,129.72,0.01,128054.71894870934,6.693174362182617,0.19011975798294756,0.35,1999.2,0.266,0.02,120.32,0.01,1.53,16555.800000000003,0.35,0.02,120.32,0.01
33,0,-500,500.0,195671.5390850266,14.234617233276367,0.20353939031640758,0.39,2801.4,0.279,0.02,135.36,0.011,1.59,23714.4,0.403,0.02,135.36,0.011,123256.82662069194,7.117583751678467,0.18741276249659872,0.3,1748.6,0.258,0.02,107.15999999999998,0.01,1.28,15457.000000000002,0.345,0.02,107.15999999999998,0.01
33,0,0,0.0,198321.91386445484,15.990256309509277,0.2048098350157777,0.78,5589.0,0.271,0.02,139.12,0.011,1.58,24190.0,0.406,0.02,139.12,0.011,120254.11974921371,7.260001182556152,0.18515685062171378,0.64,5126.31,0.331,0.02,101.52,0.01,1.2,14481.2,0.34,0.02,101.52,0.01
33,0,500,500.0,200239.22590251896,17.11921501159668,0.20604418562343582,0.76,5280.66,0.273,0.02,142.88,0.011,1.62,24468.8,0.408,0.02,142.88,0.011,118321.0023806194,7.086406707763672,0.18404947591615542,0.66,5098.5,0.33,0.02,90.24,0.01,1.36,13710.399999999998,0.336,0.02,90.24,0.01
33,0,1000,1000.0,200820.52277340554,17.971935272216797,0.20689847828048646,0.94,5907.3,0.263,0.02,142.88,0.011,1.85,24780.4,0.411,0.02,142.88,0.011,117902.85110519762,6.567477226257324,0.18360386789920746,0.69,5073.780000000001,0.33,0.02,88.36,0.01,1.48,13497.2,0.335,0.02,88.36,0.01
33,0,1500,1500.0,201179.21870659775,18.988862991333008,0.2077836752204146,1.06,8930.1,0.395,0.02,146.64,0.011,2.1,24969.0,0.413,0.02,146.64,0.011,118227.38740737805,7.747067928314209,0.18386855862339396,0.59,5015.07,0.329,0.01,84.6,0.009,1.56,13439.8,0.335,0.01,84.6,0.009
33,0,2000,2000.0,200881.63167566818,19.24915885925293,0.20811909279263568,1.17,8936.28,0.397,0.02,148.52,0.011,2.31,25272.4,0.417,0.02,148.52,0.011,119424.44022305298,8.208226203918457,0.18477654605657418,0.56,4959.45,0.328,0.01,84.6,0.01,1.43,13538.200000000003,0.335,0.01,84.6,0.01
33,0,2500,2500.0,199315.61653472454,18.744115829467773,0.20710598402651503,1.15,8596.38,0.391,0.02,154.16,0.011,2.53,25272.4,0.418,0.02,154.16,0.011,120473.17267414747,8.196881294250488,0.18526925872830124,0.35,2450.19,0.242,0.01,88.36,0.01,1.22,13456.2,0.335,0.01,88.36,0.01
33,0,3000,3000.0,198177.28421776264,17.561094284057617,0.20618693224974272,1.09,8237.94,0.384,0.02,154.16,0.011,2.62,24411.4,0.413,0.02,154.16,0.011,121450.75908985728,7.606544494628906,0.18654104278257264,0.58,3567.0,0.243,0.01,88.36,0.01,1.09,13177.4,0.333,0.01,88.36,0.01
33,0,3500,3500.0,197829.8448227928,16.150236129760742,0.20570304577309223,2.66,23542.2,0.408,0.03,146.64,0.011,2.66,23542.2,0.408,0.03,146.64,0.011,121616.07574751179,7.120408058166504,0.18709546232517393,0.6,3561.2,0.242,0.01,88.36,0.01,1.18,12767.4,0.33,0.01,88.36,0.01
33,0,4000,4000.0,198118.01715079055,16.440731048583984,0.20678197043482463,2.55,23230.6,0.406,0.03,144.76,0.011,2.55,23230.6,0.406,0.03,144.76,0.011,121523.6170305936,6.281850337982178,0.18915205553184278,0.57,3497.4,0.242,0.01,86.48,0.01,1.06,12751.0,0.33,0.01,86.48,0.01
33,0,4500,4500.0,197794.0759606412,17.500654220581055,0.2080016105313876,2.37,23304.4,0.408,0.02,142.88,0.011,2.37,23304.4,0.408,0.02,142.88,0.011,120438.03581505344,5.599979400634766,0.19059398079989107,0.4,2454.21,0.243,0.01,86.48,0.01,0.91,12833.0,0.332,0.01,86.48,0.01
33,0,5000,5000.0,196422.62088090501,18.04926109313965,0.2108067204420177,0.94,8825.04,0.4,0.02,139.12,0.011,2.14,23837.4,0.413,0.02,139.12,0.011,117615.61417186749,5.463169574737549,0.1909792760237387,0.39,2442.15,0.242,0.01,86.48,0.01,0.82,13193.8,0.334,0.01,86.48,0.01
33,0,5500,5500.0,193339.89097959813,18.09410858154297,0.2133444974378208,0.93,9140.22,0.406,0.02,142.88,0.011,2.21,24542.6,0.42,0.02,142.88,0.011,114020.38974444222,5.42268705368042,0.19057555769334086,0.36,2430.09,0.243,0.01,90.24,0.01,0.84,13661.2,0.338,0.01,90.24,0.01
33,0,6000,6000.0,186325.32887870385,17.390766143798828,0.2131432601953187,0.89,9517.2,0.413,0.02,142.88,0.011,2.14,25518.4,0.426,0.02,142.88,0.011,108889.55160142868,4.854167938232422,0.18812282948408457,0.24,1797.6,0.263,0.01,90.24,0.01,0.69,13776.0,0.34,0.01,90.24,0.01
33,0,6500,6500.0,177723.46412469418,16.305923461914062,0.2113633830521922,2.16,26379.4,0.432,0.02,150.4,0.011,2.16,26379.4,0.432,0.02,150.4,0.011,103436.49872915848,4.655028343200684,0.1850905528661482,0.34,2170.8,0.238,0.01,92.12,0.01,0.8,13817.000000000002,0.34,0.01,92.12,0.01
33,0,7000,7000.0,167476.90593744032,14.643637657165527,0.2074979447202844,0.82,8605.65,0.395,0.02,152.28,0.011,2.09,25674.2,0.426,0.02,152.28,0.011,97473.99556034725,5.031841278076172,0.1808383183769778,0.5,4557.75,0.327,0.01,92.12,0.01,0.75,13111.8,0.337,0.01,92.12,0.01
33,0,7500,7500.0,156345.5194871849,12.762443542480469,0.2016380777017902,2.03,24395.0,0.417,0.02,150.4,0.011,2.03,24395.0,0.417,0.02,150.4,0.011,92272.44361580306,5.1757588386535645,0.17739602827512213,0.35,2207.26,0.229,0.02,82.72,0.01,0.74,12365.6,0.333,0.02,82.72,0.01
33,0,8000,8000.0,146321.24778125816,10.802621841430664,0.19446485062363927,1.87,20196.6,0.382,0.02,148.52,0.011,1.87,20196.6,0.382,0.02,148.52,0.011,88092.82517616812,5.088112831115723,0.17452085074440696,0.46,3958.29,0.315,0.02,80.84,0.01,0.77,11496.4,0.328,0.02,80.84,0.01
33,0,8500,8500.0,140517.56875821465,10.489946365356445,0.19096614912868698,1.87,13677.24,0.29,0.02,120.32,0.01,1.69,16539.4,0.348,0.02,120.32,0.01,84757.45607358476,4.8403143882751465,0.17285409695496048,0.21,1272.6,0.24,0.01,71.44,0.009,0.88,10717.4,0.322,0.01,71.44,0.009
33,0,9000,9000.0,139868.7327968906,12.108111381530762,0.18894812955602228,2.26,13958.52,0.291,0.01,112.8,0.01,1.55,15497.999999999998,0.344,0.01,112.8,0.01,82323.74635025917,4.602963924407959,0.17103025720293816,0.47,3578.22,0.307,0.01,67.68,0.009,0.91,10200.8,0.317,0.01,67.68,0.009
33,0,9500,9500.0,141612.70962875916,14.6515531539917,0.1888816191390755,2.6,14292.540000000003,0.294,0.01,101.52,0.01,1.46,14833.8,0.343,0.01,101.52,0.01,80492.12525152252,4.331602096557617,0.1697476216209361,0.41,3479.34,0.305,0.01,63.92000000000001,0.009,0.9,9725.2,0.313,0.01,63.92000000000001,0.009
33,0,10000,10000.0,145928.45455430105,17.10899543762207,0.18962019015376136,1.24,6009.28,0.258,0.01,99.64,0.01,1.34,14776.4,0.342,0.01,99.64,0.01,79686.16660428306,4.612369060516357,0.16817198431513977,0.35,3374.28,0.302,0.01,62.04,0.009,0.81,9471.0,0.311,0.01,62.04,0.009
33,0,10500,10500.0,151231.45610818683,19.067626953125,0.19112386792560976,1.38,6422.24,0.261,0.01,97.76,0.01,1.44,14874.8,0.342,0.01,97.76,0.01,79574.16029114829,6.031180381774902,0.16709068734147858,1.32,8104.380000000001,0.261,0.01,60.16,0.009,0.71,9208.6,0.308,0.01,60.16,0.009
33,0,11000,11000.0,157351.02048545014,21.613954544067383,0.1939674709665014,1.13,5124.300000000001,0.261,0.01,97.76,0.01,1.8,15317.6,0.344,0.01,97.76,0.01,80816.70306427186,7.528528690338135,0.1663348099728592,1.68,8666.94,0.265,0.01,60.16,0.009,0.6,8839.6,0.306,0.01,60.16,0.009
33,0,11500,11500.0,162988.40152473422,24.427858352661133,0.19668614706125823,1.15,5176.5,0.262,0.01,103.40000000000002,0.01,2.15,15850.599999999999,0.347,0.01,103.40000000000002,0.01,83197.30801760161,10.513289451599121,0.1668011409711926,1.95,9291.03,0.27,0.01,56.4,0.008,0.57,8495.2,0.303,0.01,56.4,0.008
33,0,12000,12000.0,166683.43343553424,25.93926429748535,0.19955999049036244,2.23,10697.54,0.26,0.02,105.28000000000002,0.01,2.47,16547.6,0.35,0.02,105.28000000000002,0.01,87299.29481779764,13.407011985778809,0.1681347667347682,0.96,3421.16,0.228,0.01,54.519999999999996,0.008,0.69,8413.2,0.303,0.01,54.519999999999996,0.008
33,0,12500,12500.0,168700.07947041595,26.29084587097168,0.20178045734718547,0.53,2573.2,0.282,0.02,112.8,0.01,2.74,17416.8,0.359,0.02,112.8,0.01,92556.21567476264,15.58337116241455,0.17063014647001457,1.08,3659.68,0.232,0.01,54.519999999999996,0.008,0.98,8462.4,0.304,0.01,54.519999999999996,0.008
33,0,13000,13000.0,168242.11147500738,25.496519088745117,0.2040284248213776,1.15,6930.87,0.36,0.02,116.56,0.01,2.78,18728.8,0.373,0.02,116.56,0.01,99770.80432153234,17.19413185119629,0.1751424450412527,1.19,4019.2399999999993,0.238,0.01,52.64000000000001,0.008,1.38,8921.6,0.308,0.01,52.64000000000001,0.008
33,0,13500,13500.0,165954.5410820042,24.07819938659668,0.20505447114748995,1.16,6974.13,0.362,0.03,125.96000000000001,0.011,2.94,19844.0,0.384,0.03,125.96000000000001,0.011,106661.88842093034,18.39655113220215,0.17864936846752447,1.25,4250.64,0.241,0.01,58.28,0.009,1.8,9479.2,0.312,0.01,58.28,0.009
33,0,14000,14000.0,160680.83574878276,21.922929763793945,0.20526075563690424,1.17,7035.93,0.364,0.03,129.72,0.011,2.96,20213.0,0.388,0.03,129.72,0.011,113333.96776798254,19.406057357788086,0.18268974514679645,1.35,4460.68,0.244,0.01,58.28,0.009,2.13,10340.2,0.319,0.01,58.28,0.009
33,0,14500,14500.0,153352.42860671348,19.518482208251953,0.20385710000901774,2.97,20286.8,0.39,0.03,129.72,0.011,2.97,20286.8,0.39,0.03,129.72,0.011,118706.50511920321,20.176366806030273,0.18527765194128318,1.42,4595.96,0.245,0.02,69.56,0.009,2.4,11184.8,0.324,0.02,69.56,0.009
33,0,15000,15000.0,143587.65755807536,16.63198471069336,0.20130941183665121,2.8,18835.4,0.376,0.03,131.6,0.011,2.8,18835.4,0.376,0.03,131.6,0.011,122935.3808077838,20.954193115234375,0.18878743186861655,1.58,4574.6,0.245,0.02,71.44,0.009,2.56,12127.8,0.331,0.02,71.44,0.009
33,0,15500,15500.0,133777.78372327442,13.928788185119629,0.1987983003258047,2.63,17351.2,0.361,0.02,120.32,0.01,2.63,17351.2,0.361,0.02,120.32,0.01,125334.45904774417,21.488338470458984,0.1905726720894732,1.69,4553.24,0.245,0.02,80.84,0.009,2.67,13013.4,0.336,0.02,80.84,0.009
33,0,16000,16000.0,123951.8740607759,13.2579345703125,0.19584846654165936,0.92,5697.96,0.342,0.02,118.44,0.01,2.41,16277.000000000002,0.353,0.02,118.44,0.01,126012.98833415058,21.71345329284668,0.19196924072467525,1.47,3697.5,0.247,0.02,84.6,0.01,2.76,13726.799999999997,0.341,0.02,84.6,0.01
33,0,16500,16500.0,115043.59972619503,12.820329666137695,0.19372445006153416,2.23,15629.199999999999,0.35,0.02,109.03999999999999,0.01,2.23,15629.199999999999,0.35,0.02,109.03999999999999,0.01,125395.50887736032,21.577953338623047,0.19190758988241205,1.48,3688.8,0.247,0.02,94.0,0.01,2.87,14309.0,0.344,0.02,94.0,0.01
33,0,17000,17000.0,106077.05429975736,11.962244987487793,0.19009309207984448,0.77,4928.55,0.335,0.02,105.28000000000002,0.01,1.9,14587.8,0.346,0.02,105.28000000000002,0.01,123804.08694194202,20.846088409423828,0.190790968475807,1.53,3364.0,0.242,0.02,95.88,0.01,2.93,14432.000000000002,0.344,0.02,95.88,0.01
33,0,17500,17500.0,98047.25607724968,11.108560562133789,0.18722991323265029,0.79,4536.12,0.33,0.01,94.0,0.01,1.92,13571.0,0.342,0.01,94.0,0.01,122096.33763503125,20.940643310546875,0.1892693717319507,1.54,3340.8,0.242,0.03,97.76,0.01,2.98,14374.600000000002,0.344,0.03,97.76,0.01
33,0,18000,18000.0,90615.60291048065,9.978931427001953,0.18270937226118986,0.81,4103.52,0.325,0.01,92.12,0.01,1.95,12414.8,0.337,0.01,92.12,0.01,120043.23512685778,19.81465721130371,0.1874850395995704,1.0,2440.14,0.245,0.03,97.76,0.01,2.91,13866.2,0.342,0.03,97.76,0.01
33,0,18500,18500.0,84530.10131013999,8.641870498657227,0.17954340195942597,0.81,3828.51,0.321,0.02,78.96,0.01,1.93,11316.0,0.332,0.02,78.96,0.01,118747.32355257237,17.867204666137695,0.18685063098851185,1.02,2287.38,0.241,0.03,94.0,0.01,2.8,13349.600000000002,0.339,0.03,94.0,0.01
33,0,19000,19000.0,79605.51263532125,7.29802942276001,0.1747255613165704,0.78,3531.87,0.317,0.02,75.2,0.009,1.82,10405.8,0.327,0.02,75.2,0.009,117546.06050211914,14.987797737121582,0.18704636367266755,0.95,2277.33,0.241,0.04,92.12,0.01,2.55,12923.2,0.337,0.04,92.12,0.01
33,0,19500,19500.0,76408.96653759299,6.339227199554443,0.17181522117360845,0.69,3352.65,0.313,0.02,65.8,0.009,1.62,9651.4,0.322,0.02,65.8,0.009,116817.50933519725,13.158604621887207,0.1885226598292674,0.8,2283.36,0.241,0.04,84.6,0.01,2.49,12660.8,0.335,0.04,84.6,0.01
33,0,20000,20000.0,75448.30914088107,6.441469669342041,0.17006041675580355,0.54,3154.8900000000003,0.308,0.02,63.92000000000001,0.009,1.35,9044.6,0.318,0.02,63.92000000000001,0.009,114705.86387619951,11.293078422546387,0.18890664876853686,0.51,1764.0,0.263,0.04,82.72,0.01,2.19,12906.8,0.336,0.04,82.72,0.01
33,0,20500,20500.0,75793.690980193,6.880457878112793,0.17013038145749282,0.48,3040.56,0.306,0.02,58.28,0.009,1.1,8536.2,0.313,0.02,58.28,0.009,111352.58774468166,9.61385440826416,0.1882646257793864,0.85,4974.9,0.333,0.03,88.36,0.01,1.91,13234.8,0.338,0.03,88.36,0.01
34,0,-21000,21000.0,216317.422675635,8.365182876586914,0.19425655143196874,0.55,9140.22,0.36,0.01,150.4,0.01,0.82,23657.0,0.363,0.01,150.4,0.01,237068.1716360127,18.038576126098633,0.20441305497291914,1.77,7006.4,0.26,0.03,133.48,0.01,2.4,25362.6,0.384,0.03,133.48,0.01
34,0,-20500,20500.0,219217.49445714953,8.751775741577148,0.19624567944846302,0.67,7212.560000000001,0.243,0.01,150.4,0.01,0.83,24649.2,0.371,0.01,150.4,0.01,244495.99412944735,20.083921432495117,0.20750707509651503,0.93,3802.4,0.29,0.03,163.56,0.011,3.04,29355.999999999996,0.413,0.03,163.56,0.011
34,0,-20000,20000.0,220937.41725000547,8.892202377319336,0.1984534256379353,0.84,7294.439999999999,0.244,0.01,150.4,0.01,0.94,27158.399999999998,0.389,0.01,150.4,0.01,246999.01743000338,19.794830322265625,0.20924530545894557,0.93,3795.4,0.29,0.04,171.08,0.011,3.74,31865.2,0.429,0.04,171.08,0.011
34,0,-19500,19500.0,220046.46557885112,9.472508430480957,0.19917149061135025,0.94,7351.399999999999,0.245,0.02,165.44,0.01,1.22,29692.2,0.406,0.02,165.44,0.01,246509.09318994646,19.074739456176758,0.20917584321052762,1.28,4900.38,0.261,0.05,186.12,0.011,4.05,33554.4,0.44,0.05,186.12,0.011
34,0,-19000,19000.0,215710.5365049791,9.340086936950684,0.19914802208149435,0.81,6003.0,0.247,0.02,169.2,0.01,1.18,29765.999999999996,0.406,0.02,169.2,0.01,242222.89541515318,22.1910343170166,0.20780736919494178,1.17,4803.9,0.26,0.05,189.88,0.011,3.58,33374.00000000001,0.44,0.05,189.88,0.011
34,0,-18500,18500.0,210027.14018851286,8.711139678955078,0.1983338347535589,0.82,6003.0,0.247,0.01,171.08,0.01,1.27,29200.2,0.402,0.01,171.08,0.01,236885.7341982043,24.196626663208008,0.20598010865928484,1.65,11544.24,0.416,0.05,189.88,0.011,2.94,32840.99999999999,0.437,0.05,189.88,0.011
34,0,-18000,18000.0,202467.01639832274,8.510196685791016,0.19589194143418276,0.88,9393.6,0.366,0.02,171.08,0.01,1.39,27699.6,0.392,0.02,171.08,0.01,230187.3372640509,24.954998016357422,0.2031489864144526,1.95,11191.98,0.409,0.05,191.76,0.011,3.2,31586.400000000005,0.429,0.05,191.76,0.011
34,0,-17500,17500.0,195310.32248406994,7.836459636688232,0.19347931027101872,0.55,4110.45,0.247,0.02,161.68,0.01,1.65,26133.4,0.382,0.02,161.68,0.01,224935.95234744932,23.580623626708984,0.20136209661853605,1.88,11093.1,0.403,0.03,176.72,0.011,3.96,30635.2,0.422,0.03,176.72,0.011
34,0,-17000,17000.0,188676.10765214675,6.3399152755737305,0.19119311899820793,0.5,3937.59,0.245,0.02,159.8,0.01,1.59,24813.2,0.372,0.02,159.8,0.01,221191.21120995656,20.587806701660156,0.1998664901873215,1.82,11056.02,0.399,0.03,174.84,0.011,4.1,30061.199999999997,0.415,0.03,174.84,0.011
34,0,-16500,16500.0,181841.26039868584,5.598429203033447,0.1887116591397947,0.36,3571.77,0.239,0.02,154.16,0.01,1.41,23337.2,0.36,0.02,154.16,0.01,217779.57113435282,16.912670135498047,0.1982159100390155,1.56,10626.51,0.389,0.03,169.2,0.01,4.11,29782.4,0.41,0.03,169.2,0.01
34,0,-16000,16000.0,175089.02127560545,6.018519401550293,0.1864146991056285,0.65,6613.68,0.218,0.02,152.28,0.01,1.0,21369.2,0.343,0.02,152.28,0.01,214821.54329160432,13.309046745300293,0.19620863256637808,1.36,10280.430000000002,0.383,0.04,169.2,0.01,3.56,28503.2,0.398,0.04,169.2,0.01
34,0,-15500,15500.0,169662.18396399214,6.712576866149902,0.1855302018685673,0.4,4391.66,0.244,0.01,139.12,0.01,0.77,19909.6,0.331,0.01,139.12,0.01,213709.12498059307,10.303454399108887,0.19532732970331482,3.09,27560.2,0.391,0.03,163.56,0.01,3.09,27560.2,0.391,0.03,163.56,0.01
34,0,-15000,15000.0,164430.85235036997,7.9840521812438965,0.18381938020277241,0.44,4801.06,0.244,0.01,135.36,0.01,0.72,19770.2,0.329,0.01,135.36,0.01,214128.41581145523,8.524470329284668,0.1951018277596845,1.03,9736.59,0.372,0.03,161.68,0.01,2.47,26920.6,0.386,0.03,161.68,0.01
34,0,-14500,14500.0,159830.41924783352,8.770997047424316,0.18247648568886607,0.54,7310.94,0.324,0.01,133.48,0.01,0.95,19909.6,0.33,0.01,133.48,0.01,215208.46944168163,9.412498474121094,0.19544467956625775,0.71,9687.15,0.371,0.02,157.92,0.01,1.87,26305.6,0.382,0.02,157.92,0.01
34,0,-14000,14000.0,155186.8509620699,8.729964256286621,0.18038358036310434,0.61,7162.62,0.323,0.01,133.48,0.01,1.16,19483.2,0.327,0.01,133.48,0.01,217118.31100549814,9.96882438659668,0.1965822198445506,0.51,5466.08,0.255,0.02,157.92,0.01,1.15,26223.6,0.381,0.02,157.92,0.01
34,0,-13500,13500.0,151010.13100888295,8.132458686828613,0.17846626687773745,0.5,6717.659999999999,0.318,0.01,129.72,0.01,1.32,19089.6,0.326,0.01,129.72,0.01,219043.95774762088,10.12325668334961,0.19788632413642507,0.66,9980.7,0.375,0.02,159.8,0.01,1.1,26215.4,0.38,0.02,159.8,0.01
34,0,-13000,13000.0,147419.06902011318,7.044086456298828,0.1759052298216565,1.21,17999.0,0.321,0.01,129.72,0.01,1.21,17999.0,0.321,0.01,129.72,0.01,221021.59063262114,10.70399284362793,0.19937264081396738,0.83,10391.67,0.383,0.02,159.8,0.01,1.44,26920.6,0.385,0.02,159.8,0.01
34,0,-12500,12500.0,145329.91582152437,6.47122049331665,0.1745223496203916,1.03,16933.0,0.318,0.01,116.56,0.009,1.03,16933.0,0.318,0.01,116.56,0.009,222623.16570471448,11.234611511230469,0.2005550608998552,0.82,10484.37,0.386,0.02,163.56,0.01,1.75,27863.599999999995,0.391,0.02,163.56,0.01
34,0,-12000,12000.0,144976.30826937148,5.896233081817627,0.17296385716696397,0.32,3611.88,0.23,0.01,114.68,0.009,0.77,16441.0,0.316,0.01,114.68,0.009,222794.43209807505,11.196284294128418,0.20083065386672158,0.88,10663.59,0.392,0.02,165.44,0.01,1.75,28158.800000000003,0.395,0.02,165.44,0.01
34,0,-11500,11500.0,145842.17443263956,5.753467559814453,0.17209638873377076,0.31,2993.76,0.226,0.01,109.03999999999999,0.009,0.76,16063.8,0.315,0.01,109.03999999999999,0.009,222213.4475747327,11.179533004760742,0.200793978010762,0.8,10645.05,0.393,0.02,165.44,0.01,1.65,28552.4,0.401,0.02,165.44,0.01
34,0,-11000,11000.0,148600.63378393772,6.0836334228515625,0.1717001139069177,0.48,5880.27,0.308,0.01,107.15999999999998,0.009,0.7,15834.199999999999,0.312,0.01,107.15999999999998,0.009,220228.79608859948,10.56441593170166,0.19868891806763,0.85,10679.04,0.396,0.02,167.32,0.01,1.69,28437.6,0.401,0.02,167.32,0.01
34,0,-10500,10500.0,153113.65529137047,6.284449100494385,0.17239761306816487,0.5,5914.26,0.307,0.01,105.28000000000002,0.009,0.7,15702.999999999998,0.311,0.01,105.28000000000002,0.009,220631.9281989854,12.206153869628906,0.1980897868981986,0.98,7027.439999999999,0.243,0.02,163.56,0.01,1.87,28527.8,0.404,0.02,163.56,0.01
34,0,-10000,10000.0,159836.09493738192,6.355680465698242,0.17395280961319626,0.52,5979.15,0.306,0.01,105.28000000000002,0.009,0.75,15735.800000000001,0.309,0.01,105.28000000000002,0.009,223347.2639498672,14.024413108825684,0.1980423380031389,1.13,7237.479999999999,0.244,0.02,163.56,0.01,1.94,28970.6,0.408,0.02,163.56,0.01
34,0,-9500,9500.0,167874.8683602353,6.636718273162842,0.17625014635866632,0.48,6235.62,0.308,0.01,105.28000000000002,0.009,0.78,15899.8,0.308,0.01,105.28000000000002,0.009,228301.37131014426,15.553540229797363,0.19896230222470682,1.21,7419.04,0.245,0.02,165.44,0.01,1.88,29446.199999999997,0.411,0.02,165.44,0.01
34,0,-9000,9000.0,177223.96910597422,6.937103748321533,0.17893735096093102,0.45,6541.530000000001,0.311,0.01,105.28000000000002,0.009,0.73,16555.800000000003,0.31,0.01,105.28000000000002,0.009,234531.714513115,15.971879005432129,0.20158333803547807,3.69,28523.550000000003,0.331,0.02,165.44,0.01,1.77,28601.600000000002,0.406,0.02,165.44,0.01
34,0,-8500,8500.0,186369.3213763414,6.950148582458496,0.18136477863839517,1.06,21658.56,0.286,0.01,112.8,0.009,0.74,17310.2,0.313,0.01,112.8,0.009,239497.47259885294,15.586454391479492,0.2038303190676932,4.33,30263.97,0.341,0.02,161.68,0.01,2.02,27461.8,0.399,0.02,161.68,0.01
34,0,-8000,8000.0,195417.95763432747,6.837976932525635,0.1839718406657649,0.5,7401.24,0.244,0.01,114.68,0.009,0.75,18540.2,0.317,0.01,114.68,0.009,242292.03367741298,14.024219512939453,0.20576844457920973,3.95,29235.54,0.334,0.02,161.68,0.01,2.12,27806.199999999997,0.4,0.02,161.68,0.01
34,0,-7500,7500.0,204178.22361732542,7.61570405960083,0.1864192717342229,0.64,7799.96,0.247,0.01,129.72,0.01,0.74,19967.0,0.324,0.01,129.72,0.01,243094.3586598703,12.493260383605957,0.20733084308761388,1.19,11785.26,0.413,0.03,163.56,0.01,2.16,28560.6,0.404,0.03,163.56,0.01
34,0,-7000,7000.0,213028.595480106,8.500514030456543,0.18975745434485358,0.7,7945.92,0.247,0.01,133.48,0.01,0.73,22254.8,0.345,0.01,133.48,0.01,240142.76133336953,11.734686851501465,0.20612226021855207,1.75,13274.64,0.434,0.03,163.56,0.01,2.16,31824.200000000004,0.423,0.03,163.56,0.01
34,0,-6500,6500.0,220772.19192270678,9.100908279418945,0.19237729532229225,0.73,8059.84,0.248,0.01,146.64,0.01,0.94,24559.0,0.365,0.01,146.64,0.01,237233.41176147002,10.571489334106445,0.2045065356576615,1.6,12993.45,0.429,0.02,186.12,0.011,3.14,35178.0,0.441,0.02,186.12,0.011
34,0,-6000,6000.0,226423.29738686004,9.149360656738281,0.19533626022275585,0.69,6358.5,0.258,0.01,152.28,0.01,1.05,25944.8,0.377,0.01,152.28,0.01,233271.176743671,8.861659049987793,0.2021814698361606,1.45,12721.53,0.424,0.03,191.76,0.011,2.99,34899.2,0.438,0.03,191.76,0.011
34,0,-5500,5500.0,229036.52646672985,9.333918571472168,0.19671948761644686,1.09,8398.04,0.251,0.01,159.8,0.01,1.08,27051.8,0.386,0.01,159.8,0.01,230511.53715439283,7.858025074005127,0.20029040986670782,1.05,11083.83,0.396,0.03,188.0,0.011,2.68,34071.0,0.432,0.03,188.0,0.011
34,0,-5000,5000.0,229227.5446216375,9.310159683227539,0.199161334723857,1.11,6841.1,0.253,0.01,161.68,0.01,1.24,27994.8,0.393,0.01,161.68,0.01,228444.33723819407,8.50007152557373,0.19828412042303317,0.93,9337.98,0.363,0.03,188.0,0.011,1.77,29848.0,0.406,0.03,188.0,0.011
34,0,-4500,4500.0,227036.47225185964,8.885037422180176,0.20089222762261086,1.15,6858.5,0.253,0.02,169.2,0.01,1.44,28724.6,0.398,0.02,169.2,0.01,229473.14447816007,9.613226890563965,0.19867140626486454,0.82,9748.95,0.371,0.02,163.56,0.01,1.52,25838.2,0.377,0.02,163.56,0.01
34,0,-4000,4000.0,220987.08152717652,8.257003784179688,0.20101649322206444,0.62,3850.62,0.241,0.02,171.08,0.01,1.45,29405.2,0.402,0.02,171.08,0.01,234052.0853749412,10.390509605407715,0.20087417428883556,0.74,6296.4,0.258,0.02,156.04,0.01,1.35,26248.2,0.381,0.02,156.04,0.01
34,0,-3500,3500.0,213115.49570093735,8.410165786743164,0.1999174283967832,0.78,4685.31,0.253,0.02,174.84,0.01,2.05,29864.4,0.405,0.02,174.84,0.01,237410.57913952405,10.83256721496582,0.20244460388100088,0.76,5963.92,0.26,0.01,159.8,0.01,1.18,27429.000000000004,0.39,0.01,159.8,0.01
34,0,-3000,3000.0,202509.34173833218,7.932772159576416,0.19590873498909547,1.39,8686.32,0.23,0.23,4091.01,0.033,1.89,29249.4,0.401,0.03,176.72,0.01,238567.7997129376,11.549802780151367,0.2030308405841415,0.9,6258.199999999999,0.249,0.01,161.68,0.01,1.21,29470.799999999996,0.404,0.01,161.68,0.01
34,0,-2500,2500.0,192104.42230419719,6.719222545623779,0.1912683229920713,0.74,8902.29,0.354,0.26,4144.139999999999,0.033,1.73,28208.0,0.394,0.03,174.84,0.01,239675.2694170001,12.024815559387207,0.20381810087949162,0.46,3438.4,0.272,0.01,172.96,0.01,1.28,31570.0,0.417,0.01,172.96,0.01
34,0,-2000,2000.0,182630.265601374,6.9929118156433105,0.1857632944747328,1.62,24928.0,0.372,0.28,4232.69,0.033,1.62,24928.0,0.372,0.03,174.84,0.01,238914.5925623242,12.090272903442383,0.2042306443299585,1.13,12316.74,0.416,0.01,174.84,0.01,1.44,32299.8,0.422,0.01,174.84,0.01
34,0,-1500,1500.0,177059.7408517632,7.4040446281433105,0.18283538148682238,0.49,7181.159999999999,0.321,0.02,150.4,0.01,1.07,21992.4,0.351,0.02,150.4,0.01,236244.9047329275,13.096187591552734,0.20338433739193507,1.02,11797.62,0.408,0.02,178.6,0.01,2.0,32783.6,0.425,0.02,178.6,0.01
34,0,-1000,1000.0,175200.71616883134,7.865603446960449,0.18058796967816163,0.49,6748.56,0.317,0.02,144.76,0.01,1.01,19475.0,0.328,0.02,144.76,0.01,232051.71415390423,12.959486961364746,0.20186988336959058,0.97,11315.58,0.401,0.03,180.48,0.01,1.9,31799.6,0.419,0.03,180.48,0.01
34,0,-500,500.0,177177.7104886336,8.202858924865723,0.18131664511019494,1.02,18245.0,0.322,0.01,127.84000000000002,0.01,1.02,18245.0,0.322,0.01,127.84000000000002,0.01,228769.80236195927,12.207367897033691,0.2013862244514164,1.13,11210.52,0.4,0.02,174.84,0.01,2.04,30684.4,0.413,0.02,174.84,0.01
34,0,0,0.0,181562.28423505963,8.381979942321777,0.18250156136080345,0.29,5124.6,0.246,0.01,124.08,0.01,0.81,18425.4,0.322,0.01,124.08,0.01,225416.6429206779,10.887662887573242,0.19998884683781423,1.29,11154.9,0.4,0.02,172.96,0.01,2.39,30389.200000000004,0.411,0.02,172.96,0.01
34,0,500,500.0,186358.76307016204,8.551264762878418,0.18385771068504703,0.36,7267.68,0.322,0.01,125.96000000000001,0.01,0.87,18794.4,0.324,0.01,125.96000000000001,0.01,223062.5298695317,9.823678016662598,0.19885234294995127,1.03,10923.15,0.396,0.02,172.96,0.01,2.7,30266.199999999997,0.412,0.02,172.96,0.01
34,0,1000,1000.0,191435.32717405906,8.493581771850586,0.18596021173554902,1.42,20920.2,0.287,0.01,125.96000000000001,0.01,0.92,19606.2,0.328,0.01,125.96000000000001,0.01,221865.25767032363,11.1093111038208,0.19806063371483545,1.0,5769.9,0.255,0.02,172.96,0.01,2.35,29856.199999999997,0.409,0.02,172.96,0.01
34,0,1500,1500.0,196315.66726047802,8.455657958984375,0.1882782430537158,1.62,21175.11,0.288,0.01,133.48,0.01,0.99,20729.6,0.337,0.01,133.48,0.01,221305.0591916308,11.846785545349121,0.19757876055302337,1.0,5471.16,0.257,0.02,172.96,0.01,1.83,29290.4,0.405,0.02,172.96,0.01
34,0,2000,2000.0,199649.99106678792,8.154086112976074,0.19064292819181683,0.62,5753.6,0.246,0.01,135.36,0.01,1.01,21787.4,0.346,0.01,135.36,0.01,220895.69294288266,12.663739204406738,0.19750079975068774,1.09,5979.78,0.256,0.02,172.96,0.01,1.75,27617.6,0.394,0.02,172.96,0.01
34,0,2500,2500.0,201406.9554727493,8.511781692504883,0.19221970774730923,0.82,6917.08,0.243,0.01,141.0,0.01,0.99,22853.4,0.355,0.01,141.0,0.01,220762.68312258966,13.084527969360352,0.19794988697305368,0.6,3157.0,0.269,0.02,161.68,0.01,2.15,26084.2,0.383,0.02,161.68,0.01
34,0,3000,3000.0,201546.25409071712,8.066778182983398,0.19379605077034884,0.63,5693.44,0.255,0.01,144.76,0.01,0.91,23878.4,0.365,0.01,144.76,0.01,220527.336419129,12.14432144165039,0.19847914394630856,1.42,10067.22,0.379,0.02,159.8,0.01,2.47,26469.6,0.385,0.02,159.8,0.01
34,0,3500,3500.0,199983.38491826446,8.624979019165039,0.1942437908131426,0.35,3001.6,0.267,0.01,148.52,0.01,1.24,24854.2,0.374,0.01,148.52,0.01,220307.78476344625,10.456578254699707,0.19950709099707067,1.18,10441.11,0.385,0.03,159.8,0.01,2.69,27240.4,0.389,0.03,159.8,0.01
34,0,4000,4000.0,196705.51593805908,8.76445484161377,0.19392350300485378,0.79,9239.1,0.368,0.02,150.4,0.01,1.34,25116.6,0.377,0.02,150.4,0.01,218828.4544209822,10.17774772644043,0.200256548586356,0.48,3267.6,0.271,0.03,161.68,0.01,2.32,28191.600000000002,0.395,0.03,161.68,0.01
34,0,4500,4500.0,192679.813834898,8.59016227722168,0.19285856624914408,0.41,3857.1900000000005,0.245,0.02,152.28,0.01,1.4,25215.0,0.38,0.02,152.28,0.01,216865.05432586418,11.532838821411133,0.20071321213989743,0.85,5646.3,0.247,0.03,167.32,0.01,2.07,29208.399999999998,0.402,0.03,167.32,0.01
34,0,5000,5000.0,187802.66482478537,8.70952033996582,0.1910935627054124,0.37,3786.84,0.243,0.02,152.28,0.01,0.98,24173.6,0.372,0.02,152.28,0.01,213050.33708107294,12.712716102600098,0.2003291780696504,0.98,10536.9,0.39,0.03,169.2,0.01,1.61,28954.200000000004,0.401,0.03,169.2,0.01
34,0,5500,5500.0,183289.56901658565,8.464083671569824,0.18941876410927427,0.22,2752.4,0.261,0.01,146.64,0.01,1.0,23066.6,0.364,0.01,146.64,0.01,208749.57471277448,13.451399803161621,0.19989718263256379,0.58,3987.84,0.249,0.02,167.32,0.01,1.77,28519.6,0.4,0.02,167.32,0.01
34,0,6000,6000.0,179262.58163538697,7.712098121643066,0.18850722381772714,0.58,7508.7,0.329,0.01,144.76,0.01,1.02,22058.0,0.355,0.01,144.76,0.01,202853.4350340764,13.29362678527832,0.19872151332567314,0.93,9368.88,0.371,0.02,167.32,0.01,1.7,27191.199999999997,0.393,0.02,167.32,0.01
34,0,6500,6500.0,175254.23689855234,7.50516414642334,0.18810018047193255,0.61,7375.83,0.326,0.01,139.12,0.01,1.1,21041.2,0.345,0.01,139.12,0.01,196705.90148991105,12.510871887207031,0.19767571942920367,0.96,9171.12,0.367,0.02,157.92,0.01,1.96,25846.4,0.385,0.02,157.92,0.01
34,0,7000,7000.0,169631.8582261898,8.12463092803955,0.18678905053580155,0.63,7280.04,0.326,0.01,139.12,0.01,1.04,20221.2,0.337,0.01,139.12,0.01,189856.8546193699,11.247307777404785,0.19629679324677998,1.0,9013.53,0.365,0.02,157.92,0.01,2.1,25157.6,0.381,0.02,157.92,0.01
34,0,7500,7500.0,163808.749648662,9.54985523223877,0.18570421682843447,0.52,4135.120000000001,0.242,0.01,133.48,0.01,1.01,19721.0,0.333,0.01,133.48,0.01,182680.12737930098,10.498780250549316,0.19475283605272556,0.86,8584.02,0.357,0.02,152.28,0.01,2.16,24665.6,0.378,0.02,152.28,0.01
34,0,8000,8000.0,157092.04437483533,9.988229751586914,0.18322294637693046,0.67,3955.6,0.225,0.01,131.6,0.01,0.9,19712.8,0.331,0.01,131.6,0.01,174711.49962066958,10.11834716796875,0.19250424929230064,0.74,8145.24,0.348,0.02,152.28,0.01,1.96,23648.8,0.371,0.02,152.28,0.01
34,0,8500,8500.0,150702.2569689423,9.694496154785156,0.1807166631282089,0.68,3926.5999999999995,0.224,0.02,131.6,0.01,1.05,19868.6,0.331,0.02,131.6,0.01,166633.60003309738,9.288207054138184,0.18998362063326432,0.81,7502.52,0.332,0.02,144.76,0.01,1.77,22566.4,0.364,0.02,144.76,0.01
34,0,9000,9000.0,144601.98000915337,8.391362190246582,0.17719066748494047,0.69,6767.1,0.32,0.02,131.6,0.01,1.28,18901.0,0.326,0.02,131.6,0.01,158430.40563927317,8.588887214660645,0.18641099536119032,0.86,7088.46,0.327,0.02,144.76,0.01,1.89,20836.2,0.348,0.02,144.76,0.01
34,0,9500,9500.0,140120.6651948862,6.956177234649658,0.17474138513852266,0.46,2745.66,0.226,0.02,122.2,0.009,1.47,17999.0,0.322,0.02,122.2,0.009,151609.11735474074,7.5834832191467285,0.1837654701971185,0.48,3081.33,0.236,0.02,133.48,0.01,1.82,19188.0,0.333,0.02,133.48,0.01
34,0,10000,10000.0,137655.53360831505,6.866820335388184,0.17277556084238635,0.82,5067.36,0.205,0.02,120.32,0.01,1.4,16719.8,0.317,0.02,120.32,0.01,146738.04504156142,7.4398112297058105,0.1807430832251737,0.86,5695.68,0.215,0.02,129.72,0.01,1.59,18072.8,0.327,0.02,129.72,0.01
34,0,10500,10500.0,136782.1821451545,6.703168869018555,0.17213088552891143,1.25,15473.4,0.312,0.02,107.15999999999998,0.009,1.25,15473.4,0.312,0.02,107.15999999999998,0.009,144288.66450985952,7.223042011260986,0.17947239107343124,0.6,3639.5,0.225,0.02,120.32,0.01,1.46,17138.0,0.323,0.02,120.32,0.01
34,0,11000,11000.0,137972.91546305842,6.620065689086914,0.1732260040681283,0.36,4100.6,0.228,0.02,103.40000000000002,0.009,0.84,14866.6,0.309,0.02,103.40000000000002,0.009,143864.2011530319,7.39470911026001,0.17777547718097272,1.86,16261.5,0.281,0.02,116.56,0.01,1.26,16408.2,0.319,0.02,116.56,0.01
34,0,11500,11500.0,139932.64836197533,6.546110153198242,0.17512161576498586,0.36,4126.7,0.229,0.01,97.76,0.009,0.79,14456.6,0.307,0.01,97.76,0.009,145896.86728007146,9.212182998657227,0.1779776086898254,2.22,16999.86,0.285,0.01,107.15999999999998,0.009,1.39,15883.4,0.318,0.01,107.15999999999998,0.009
34,0,12000,12000.0,142021.53766468097,6.5251593589782715,0.17766000088631148,0.39,5682.51,0.311,0.01,95.88,0.009,0.77,14719.0,0.309,0.01,95.88,0.009,149829.07363550444,11.921492576599121,0.17932116042537435,0.99,4500.9,0.248,0.01,105.28000000000002,0.009,1.3,15580.0,0.317,0.01,105.28000000000002,0.009
34,0,12500,12500.0,143330.049790186,6.4962687492370605,0.17962780589693705,0.56,2614.04,0.147,0.01,99.64,0.009,0.79,15104.400000000001,0.312,0.01,99.64,0.009,154913.7923463229,14.086482048034668,0.1817143890895225,1.01,4269.74,0.25,0.02,101.52,0.009,1.19,15448.8,0.318,0.02,101.52,0.009
34,0,13000,13000.0,142738.82124433303,8.1950101852417,0.17992119053902353,1.96,15004.53,0.271,0.01,99.64,0.009,0.83,15735.800000000001,0.315,0.01,99.64,0.009,160664.84451300127,14.972967147827148,0.1856519413471042,1.09,4667.62,0.25,0.02,101.52,0.009,1.38,15932.6,0.322,0.02,101.52,0.009
34,0,13500,13500.0,140854.93376387405,9.525727272033691,0.17901564050990426,2.4,14635.349999999999,0.269,0.01,107.15999999999998,0.009,0.85,16326.2,0.318,0.01,107.15999999999998,0.009,165068.97346386488,15.192105293273926,0.18880908650100683,0.6,2462.6,0.262,0.02,103.40000000000002,0.009,1.94,16613.2,0.327,0.02,103.40000000000002,0.009
34,0,14000,14000.0,137689.50830556406,10.153797149658203,0.17710801843205926,2.58,14116.739999999998,0.265,0.01,109.03999999999999,0.009,0.82,16588.6,0.32,0.01,109.03999999999999,0.009,166034.6112509187,13.834725379943848,0.19070284255959866,1.52,7304.76,0.336,0.02,105.28000000000002,0.009,2.48,17917.0,0.332,0.02,105.28000000000002,0.009
34,0,14500,14500.0,134153.04519173407,10.000873565673828,0.17498142357984772,0.76,3263.9,0.228,0.01,110.92,0.009,1.06,16801.8,0.321,0.01,110.92,0.009,163951.03509505,14.42878532409668,0.19096507855063252,1.43,7536.51,0.34,0.03,120.32,0.01,2.88,19540.6,0.344,0.03,120.32,0.01
34,0,15000,15000.0,129750.7212189457,9.056741714477539,0.17217463751298787,1.18,6037.86,0.316,0.01,112.8,0.009,1.52,16285.2,0.318,0.01,112.8,0.009,157838.58464414912,15.654378890991211,0.18991545036881027,1.33,7854.780000000001,0.346,0.03,125.96000000000001,0.01,2.71,20450.8,0.351,0.03,125.96000000000001,0.01
34,0,15500,15500.0,126248.80963599685,8.524374961853027,0.1702726990548549,1.3,5818.469999999999,0.312,0.02,105.28000000000002,0.009,2.03,15875.2,0.317,0.02,105.28000000000002,0.009,149860.99090630494,16.846033096313477,0.1871770724680008,1.16,7354.2,0.332,0.03,131.6,0.01,2.57,21098.6,0.355,0.03,131.6,0.01
34,0,16000,16000.0,123675.11552316335,7.627761363983154,0.1692674423524516,1.44,5611.44,0.308,0.02,103.40000000000002,0.009,2.32,15276.6,0.312,0.02,103.40000000000002,0.009,140312.27000468422,16.75963592529297,0.18295820925412307,1.23,7079.19,0.328,0.03,133.48,0.01,2.81,19827.6,0.341,0.03,133.48,0.01
34,0,16500,16500.0,121721.29194214544,6.416865825653076,0.16903134517823284,1.12,5382.780000000001,0.304,0.03,95.88,0.009,2.54,14751.799999999997,0.309,0.03,95.88,0.009,131760.2680337648,16.09185218811035,0.1791680064482023,1.24,6417.93,0.321,0.03,124.08,0.01,2.76,18687.8,0.33,0.03,124.08,0.01
34,0,17000,17000.0,119359.77657196604,6.784462928771973,0.16860225545951285,0.79,5157.21,0.3,0.03,95.88,0.009,2.03,14267.999999999998,0.305,0.03,95.88,0.009,124372.24533177784,13.865476608276367,0.1758707031357762,1.47,5713.409999999999,0.313,0.03,124.08,0.01,2.95,17039.6,0.324,0.03,124.08,0.01
34,0,17500,17500.0,116385.45566315672,6.949963092803955,0.16787574777763237,0.59,5104.68,0.299,0.02,92.12,0.009,1.45,13767.8,0.301,0.02,92.12,0.009,117977.10689576503,10.858028411865234,0.17359230451462382,1.33,5339.52,0.308,0.02,107.15999999999998,0.009,3.25,15317.6,0.316,0.02,107.15999999999998,0.009
34,0,18000,18000.0,112686.39350434241,6.913963794708252,0.16718261306989787,0.24,1845.2,0.236,0.02,90.24,0.009,1.07,13685.800000000001,0.3,0.02,90.24,0.009,112636.53796039995,10.807697296142578,0.17145321052767945,1.14,4962.54,0.304,0.03,101.52,0.009,2.88,14120.399999999998,0.309,0.03,101.52,0.009
34,0,18500,18500.0,107756.60360145409,6.574766159057617,0.16552944163799513,0.47,4947.090000000001,0.296,0.02,92.12,0.009,0.97,13571.0,0.299,0.02,92.12,0.009,107654.62850195372,10.882667541503906,0.16982827659603497,2.26,13169.199999999999,0.304,0.03,88.36,0.009,2.26,13169.199999999999,0.304,0.03,88.36,0.009
34,0,19000,19000.0,100790.81801968887,5.829170227050781,0.16091512357162377,0.46,4829.67,0.294,0.01,92.12,0.009,0.99,13152.8,0.296,0.01,92.12,0.009,102844.68716751457,10.508557319641113,0.16673781159830034,0.84,5079.96,0.307,0.03,84.6,0.009,1.82,13038.0,0.303,0.03,84.6,0.009
34,0,19500,19500.0,94729.83319730085,4.999295711517334,0.15696056651667872,0.46,4656.63,0.291,0.01,86.48,0.009,1.02,12833.0,0.294,0.01,86.48,0.009,98899.48070093205,10.580263137817383,0.1643426756123171,0.88,4906.92,0.304,0.02,86.48,0.009,1.85,13193.8,0.305,0.02,86.48,0.009
34,0,20000,20000.0,89376.3783469598,4.9204912185668945,0.15263047665999976,0.46,4502.13,0.29,0.01,84.6,0.008,0.97,12341.0,0.291,0.01,84.6,0.008,95120.82556701891,10.32994270324707,0.15999836068517215,0.92,4730.79,0.301,0.02,86.48,0.009,1.71,12800.2,0.303,0.02,86.48,0.009
34,0,20500,20500.0,85003.28216910333,4.893210411071777,0.14905163145102987,0.41,3998.46,0.28,0.01,78.96,0.008,0.92,11898.2,0.29,0.01,78.96,0.008,92812.82844256028,9.741628646850586,0.15684634879765832,0.81,4319.82,0.293,0.02,80.84,0.009,1.83,12332.8,0.3,0.02,80.84,0.009
35,0,-21000,21000.0,105467.70843793129,2.7661285400390625,0.1585333792628223,0.41,5151.030000000001,0.293,0.01,73.32,0.008,0.57,12677.2,0.285,0.01,73.32,0.008,60221.434318798536,1.9453808069229126,0.12123181917397403,0.55,1978.7999999999997,0.143,0.02,39.48,0.006,0.76,6166.4,0.223,0.02,39.48,0.006
35,0,-20500,20500.0,103832.23650996915,3.2952041625976562,0.15714908021103224,0.39,4962.54,0.29,0.01,82.72,0.008,0.68,13308.6,0.291,0.01,82.72,0.008,64016.37691898806,2.453677177429199,0.12470444764087363,0.79,3632.39,0.116,0.01,33.84,0.005,0.51,5748.2,0.216,0.01,33.84,0.005
35,0,-20000,20000.0,101322.79993821685,4.172739028930664,0.15481414768513604,0.36,2496.82,0.203,0.01,84.6,0.008,0.67,12906.8,0.289,0.01,84.6,0.008,69472.99317162178,2.90962290763855,0.12952510777504977,0.23,2386.7,0.186,0.01,31.960000000000004,0.005,0.33,5822.0,0.217,0.01,31.960000000000004,0.005
35,0,-19500,19500.0,99558.85520566699,5.078366756439209,0.15343083733182866,0.41,2491.74,0.203,0.01,80.84,0.008,0.63,12455.8,0.286,0.01,80.84,0.008,75394.1392132276,3.2195377349853516,0.13450162597541152,0.23,2418.6,0.187,0.01,33.84,0.005,0.24,6059.8,0.222,0.01,33.84,0.005
35,0,-19000,19000.0,98552.55896900744,6.0156378746032715,0.15233512447550246,0.49,2514.6,0.204,0.01,78.96,0.008,0.59,11931.0,0.282,0.01,78.96,0.008,81707.01464365414,3.208125352859497,0.13913014046175917,0.2,2265.68,0.196,0.01,33.84,0.006,0.32,6871.600000000001,0.234,0.01,33.84,0.006
35,0,-18500,18500.0,98335.68788483426,6.550782203674316,0.1523185483031466,0.53,2540.0,0.206,0.01,73.32,0.008,0.78,11406.2,0.278,0.01,73.32,0.008,87789.77149458062,3.000394344329834,0.14284127178933975,0.21,1762.56,0.187,0.0,43.24,0.006,0.41,7699.800000000001,0.245,0.0,43.24,0.006
35,0,-18000,18000.0,98866.47082504423,6.688796043395996,0.15342683663067996,0.53,2623.82,0.21,0.01,73.32,0.008,0.91,11152.0,0.276,0.01,73.32,0.008,93761.52849215252,2.6274805068969727,0.14666723543664714,0.34,3500.97,0.262,0.01,47.0,0.006,0.45,8519.8,0.254,0.01,47.0,0.006
35,0,-17500,17500.0,99510.32547197537,6.499815464019775,0.1548101586687043,0.33,1470.0,0.216,0.01,69.56,0.008,1.01,10897.8,0.274,0.01,69.56,0.008,99161.97288640059,2.495325803756714,0.14956318507777752,0.33,3658.56,0.265,0.01,56.4,0.007,0.53,9274.2,0.262,0.01,56.4,0.007
35,0,-17000,17000.0,100152.13055348104,7.476596355438232,0.15694278186032898,0.75,4125.15,0.278,0.02,69.56,0.008,1.17,10897.8,0.275,0.02,69.56,0.008,104224.05351081704,2.9236793518066406,0.153053436268751,0.33,3856.32,0.27,0.01,58.28,0.007,0.52,9758.0,0.266,0.01,58.28,0.007
35,0,-16500,16500.0,100678.8870425833,8.986160278320312,0.15908554163130223,0.73,4177.68,0.28,0.02,69.56,0.008,1.3,10963.4,0.277,0.02,69.56,0.008,108831.23035149257,3.221698522567749,0.15610558901597715,0.39,4229.28,0.211,0.01,63.92000000000001,0.007,0.54,10258.2,0.27,0.01,63.92000000000001,0.007
35,0,-16000,16000.0,100427.41028331438,10.165300369262695,0.16066026888002674,0.7,4251.84,0.283,0.02,71.44,0.008,1.31,11176.6,0.281,0.02,71.44,0.008,112399.08480514042,3.71856689453125,0.15927828093405602,0.51,4261.32,0.212,0.01,65.8,0.007,0.56,10922.4,0.275,0.01,65.8,0.007
35,0,-15500,15500.0,99419.59601986564,10.673406600952148,0.16137988396319358,0.58,4254.93,0.283,0.02,73.32,0.008,1.27,11348.8,0.283,0.02,73.32,0.008,114722.01753481943,4.589948654174805,0.16145473168899538,0.59,4282.68,0.213,0.01,73.32,0.008,0.55,11627.6,0.28,0.01,73.32,0.008
35,0,-15000,15000.0,97457.29823145666,10.123307228088379,0.16070798870325168,0.56,4279.65,0.285,0.02,75.2,0.008,1.11,11348.8,0.284,0.02,75.2,0.008,115052.41550077283,5.255232810974121,0.1635345474726267,0.46,3451.0,0.214,0.01,75.2,0.008,0.51,12283.6,0.285,0.01,75.2,0.008
35,0,-14500,14500.0,95585.991567792,8.924991607666016,0.15993549024988676,0.59,4282.74,0.286,0.01,75.2,0.008,1.37,11381.6,0.285,0.01,75.2,0.008,113417.26159269823,5.569420337677002,0.16404629554715233,0.48,3451.0,0.214,0.01,82.72,0.008,0.53,12841.2,0.288,0.01,82.72,0.008
35,0,-14000,14000.0,93695.69959625842,7.335381031036377,0.15835159343267968,0.67,4295.1,0.289,0.01,75.2,0.008,1.44,11307.8,0.287,0.01,75.2,0.008,109087.69177816436,5.474104404449463,0.16309307498066064,0.53,4999.62,0.293,0.01,86.48,0.008,0.6,13054.4,0.29,0.01,86.48,0.008
35,0,-13500,13500.0,92528.60526877812,7.871480941772461,0.15732038058184417,0.6,4214.76,0.288,0.01,73.32,0.008,1.47,11299.6,0.289,0.01,73.32,0.008,103345.23507921252,5.165071487426758,0.1606645190605661,0.49,4882.2,0.292,0.01,88.36,0.008,0.85,13284.0,0.293,0.01,88.36,0.008
35,0,-13000,13000.0,92270.0117152106,8.42379093170166,0.1567824052456837,0.48,2380.9000000000005,0.196,0.01,73.32,0.008,1.22,11020.8,0.288,0.01,73.32,0.008,95960.87921382042,4.6570000648498535,0.15562281404073436,0.44,4767.87,0.291,0.01,88.36,0.009,0.87,13087.2,0.293,0.01,88.36,0.009
35,0,-12500,12500.0,93129.54510148175,8.759459495544434,0.1577018784444667,0.43,2468.88,0.212,0.01,69.56,0.008,1.1,10848.6,0.289,0.01,69.56,0.008,89255.8801178213,5.0350446701049805,0.15075151796670638,0.44,2484.88,0.173,0.01,86.48,0.008,0.82,12775.6,0.292,0.01,86.48,0.008
35,0,-12000,12000.0,94258.3774998744,8.660472869873047,0.15806016062983114,0.47,2696.6,0.212,0.01,67.68,0.008,0.98,10701.0,0.287,0.01,67.68,0.008,83229.2308850075,5.231453895568848,0.14452557049480522,0.37,2030.0,0.176,0.01,86.48,0.008,0.74,11701.4,0.284,0.01,86.48,0.008
35,0,-11500,11500.0,95696.84632644967,8.196700096130371,0.15881018057258794,0.25,1428.0,0.223,0.01,65.8,0.008,1.0,10619.0,0.286,0.01,65.8,0.008,79540.1967612318,5.230233669281006,0.14072101988374144,0.37,2015.5,0.176,0.01,73.32,0.008,0.63,10619.0,0.275,0.01,73.32,0.008
35,0,-11000,11000.0,97225.20792272463,7.228785991668701,0.15966918192321225,0.59,4295.1,0.289,0.01,65.8,0.008,1.12,10963.4,0.288,0.01,65.8,0.008,78313.29005636752,4.945979595184326,0.1376383844064174,0.41,2067.7,0.177,0.01,71.44,0.008,0.66,9413.6,0.263,0.01,71.44,0.008
35,0,-10500,10500.0,98414.35256680279,6.377389430999756,0.16008477814129665,0.56,4329.09,0.289,0.01,71.44,0.008,1.2,11266.8,0.29,0.01,71.44,0.008,79788.11619505894,4.523708820343018,0.13800207288720354,0.58,2840.88,0.182,0.01,56.4,0.007,0.75,8363.999999999998,0.252,0.01,56.4,0.007
35,0,-10000,10000.0,99243.61700119043,5.98667049407959,0.16100381716677725,0.59,4375.44,0.29,0.01,71.44,0.008,1.25,11373.4,0.29,0.01,71.44,0.008,83722.50475709565,5.072433948516846,0.14054755929803148,0.6,2494.0,0.19,0.01,52.64000000000001,0.007,0.78,8011.4,0.247,0.01,52.64000000000001,0.007
35,0,-9500,9500.0,99810.05836908211,5.491194725036621,0.16181864203099625,0.6,4397.07,0.29,0.01,73.32,0.008,1.29,11480.0,0.291,0.01,73.32,0.008,88733.61541113158,6.1514573097229,0.14452776206933154,0.61,2528.8,0.191,0.01,48.88,0.007,0.79,7995.0,0.248,0.01,48.88,0.007
35,0,-9000,9000.0,99687.83042950468,4.854213714599609,0.16188657183727795,0.61,4437.24,0.291,0.02,75.2,0.008,1.22,11553.8,0.291,0.02,75.2,0.008,93124.25181584158,6.710380554199219,0.14875271708492988,0.66,2995.7,0.203,0.01,50.76,0.007,0.69,8437.8,0.251,0.01,50.76,0.007
35,0,-8500,8500.0,99255.61839774292,4.149190902709961,0.1616871941072075,0.59,4486.68,0.292,0.02,75.2,0.008,1.11,11644.0,0.291,0.02,75.2,0.008,96606.5111400728,6.828039646148682,0.15257559281222752,0.32,1442.0,0.214,0.02,52.64000000000001,0.007,0.76,9069.2,0.257,0.02,52.64000000000001,0.007
35,0,-8000,8000.0,98285.42134793737,3.5001416206359863,0.15994667748669103,0.55,4554.66,0.293,0.02,77.08,0.009,1.01,11799.8,0.292,0.02,77.08,0.009,98633.4150236951,6.773432731628418,0.1565263594342405,0.32,1475.5999999999997,0.216,0.02,54.519999999999996,0.007,0.94,10143.4,0.267,0.02,54.519999999999996,0.007
35,0,-7500,7500.0,97681.60575028908,3.2534804344177246,0.15823324656147672,0.48,4486.68,0.292,0.01,77.08,0.008,0.9,11931.0,0.293,0.01,77.08,0.008,98302.20042938578,8.328973770141602,0.15788425741848666,0.76,4492.86,0.283,0.02,67.68,0.008,1.1,11201.2,0.276,0.02,67.68,0.008
35,0,-7000,7000.0,98070.41954260763,3.275346279144287,0.15624214534269382,0.39,4427.97,0.291,0.01,77.08,0.008,0.75,11717.8,0.291,0.01,77.08,0.008,95339.70179976292,8.169174194335938,0.15681053527395777,0.87,4672.08,0.286,0.02,71.44,0.008,1.37,11808.0,0.281,0.02,71.44,0.008
35,0,-6500,6500.0,99886.5580033646,3.2591164112091064,0.15534365353547777,0.33,4301.28,0.288,0.01,73.32,0.008,0.61,11529.2,0.29,0.01,73.32,0.008,91449.88635008878,7.225406646728516,0.1543715034231566,0.76,4356.9,0.28,0.02,78.96,0.008,1.62,12201.6,0.284,0.02,78.96,0.008
35,0,-6000,6000.0,103677.3753259331,3.235196113586426,0.155337189662021,0.3,2694.0999999999995,0.197,0.01,73.32,0.008,0.5,11135.6,0.286,0.01,73.32,0.008,87332.61965828232,7.0611419677734375,0.15153082597223727,0.47,1985.04,0.198,0.02,80.84,0.008,1.52,11504.6,0.279,0.02,80.84,0.008
35,0,-5500,5500.0,109198.97442995058,3.1550586223602295,0.1567454448841203,0.29,2837.18,0.213,0.01,69.56,0.008,0.48,10840.4,0.284,0.01,69.56,0.008,84271.39535091122,7.246452808380127,0.14972775637790078,0.75,3748.1700000000005,0.271,0.02,73.32,0.008,1.31,10701.0,0.273,0.02,73.32,0.008
35,0,-5000,5000.0,117142.39089966836,3.559312343597412,0.16067763709224644,0.33,3238.5,0.219,0.01,67.68,0.008,0.42,11135.6,0.285,0.01,67.68,0.008,82838.86741817323,7.279207229614258,0.1486165286030724,0.85,3460.8,0.27,0.02,71.44,0.008,1.17,9799.0,0.268,0.02,71.44,0.008
35,0,-4500,4500.0,125273.28373680703,3.9361116886138916,0.1645736189024467,0.35,3497.58,0.223,0.01,71.44,0.008,0.41,11537.4,0.286,0.01,71.44,0.008,83158.27279213245,7.131675720214844,0.1496289253547723,0.88,3429.9,0.271,0.02,60.16,0.008,1.33,9126.6,0.267,0.02,60.16,0.008
35,0,-4000,4000.0,132758.74354531642,4.1872239112854,0.16870766748701815,0.3,2600.64,0.213,0.01,71.44,0.008,0.49,12464.0,0.29,0.01,71.44,0.008,85032.29000107387,6.757066249847412,0.1505267962299735,0.92,3423.72,0.274,0.02,58.28,0.008,1.45,9036.4,0.269,0.02,58.28,0.008
35,0,-3500,3500.0,138346.56950819527,4.299001216888428,0.1713436424610532,0.35,3028.32,0.22,0.01,82.72,0.008,0.58,13521.799999999997,0.294,0.01,82.72,0.008,87609.69942103584,6.298194408416748,0.15181075761389426,0.88,3541.1400000000003,0.276,0.02,60.16,0.008,1.52,9052.8,0.272,0.02,60.16,0.008
35,0,-3000,3000.0,141035.18196911845,4.292593002319336,0.1718169939745179,0.49,6371.58,0.307,0.01,84.6,0.008,0.66,14948.6,0.3,0.01,84.6,0.008,91498.9169260017,5.868621826171875,0.15379758124554319,0.82,3686.37,0.28,0.02,60.16,0.008,1.47,9298.8,0.275,0.02,60.16,0.008
35,0,-2500,2500.0,142876.15752714901,4.321713924407959,0.17140479538432227,0.47,6640.409999999999,0.309,0.01,99.64,0.009,0.74,16416.4,0.306,0.01,99.64,0.009,95789.3773612716,5.309179782867432,0.15573936890873702,0.72,3791.43,0.282,0.02,60.16,0.008,1.39,9651.4,0.279,0.02,60.16,0.008
35,0,-2000,2000.0,144229.78786130753,4.476770401000977,0.17054923169229927,0.65,6952.5,0.313,0.01,103.40000000000002,0.009,0.73,17179.0,0.309,0.01,103.40000000000002,0.009,100947.3039681718,5.00591516494751,0.1583152943625098,0.6,3915.03,0.285,0.02,60.16,0.008,1.23,9979.4,0.282,0.02,60.16,0.008
35,0,-1500,1500.0,146210.8271045381,4.817671298980713,0.16988973549900693,0.46,3168.88,0.147,0.01,112.8,0.009,0.87,17843.2,0.312,0.01,112.8,0.009,106372.29268833547,6.1421427726745605,0.16101119688833077,0.8,3748.68,0.208,0.01,63.92000000000001,0.008,1.06,10307.4,0.285,0.01,63.92000000000001,0.008
35,0,-1000,1000.0,149179.48214401404,5.504448890686035,0.17013308334601804,1.5,18608.43,0.272,0.02,114.68,0.009,0.73,17220.0,0.308,0.02,114.68,0.009,111994.18544964545,8.487221717834473,0.16404547307221465,0.74,3221.9,0.214,0.01,65.8,0.008,0.91,10856.8,0.288,0.01,65.8,0.008
35,0,-500,500.0,152626.46192683978,6.354448318481445,0.17106736225668073,1.64,19144.62,0.274,0.01,105.28000000000002,0.009,0.66,16547.6,0.305,0.01,105.28000000000002,0.009,116865.44421385636,10.286925315856934,0.16608992273347167,0.76,3248.0,0.214,0.01,69.56,0.008,0.78,11439.0,0.292,0.01,69.56,0.008
35,0,0,0.0,157211.7654767113,7.295249938964844,0.17335435505953384,0.56,4338.4,0.222,0.01,103.40000000000002,0.009,0.7,16629.600000000002,0.305,0.01,103.40000000000002,0.009,121557.18665730215,11.10126781463623,0.16866684106836796,0.74,3517.7,0.22,0.01,71.44,0.008,0.91,12177.0,0.297,0.01,71.44,0.008
35,0,500,500.0,161168.41798979312,8.307376861572266,0.17549375202818807,0.66,6887.61,0.31,0.01,105.28000000000002,0.009,0.75,16859.2,0.306,0.01,105.28000000000002,0.009,125647.25886722413,11.514521598815918,0.17066987223383268,0.52,2321.55,0.217,0.01,80.84,0.008,1.23,12939.6,0.301,0.01,80.84,0.008
35,0,1000,1000.0,163499.17409282498,9.111005783081055,0.1771771772293995,1.0,7341.840000000001,0.315,0.01,105.28000000000002,0.009,1.05,17867.8,0.31,0.01,105.28000000000002,0.009,128831.66377382744,11.592108726501465,0.17235849076843363,0.79,5395.14,0.307,0.01,82.72,0.009,1.47,13628.4,0.305,0.01,82.72,0.009
35,0,1500,1500.0,164313.71204771462,9.590264320373535,0.17806171033095752,0.76,7416.0,0.315,0.01,118.44,0.009,1.69,18999.4,0.316,0.01,118.44,0.009,131533.64123301752,11.636929512023926,0.1737140466344967,0.76,5453.85,0.307,0.02,90.24,0.009,1.67,14235.2,0.309,0.02,90.24,0.009
35,0,2000,2000.0,162697.97391434276,9.677410125732422,0.17818506951615537,0.38,3193.89,0.226,0.02,120.32,0.009,1.46,19614.4,0.318,0.02,120.32,0.009,133129.5501025603,11.819416046142578,0.174453107365732,0.73,5537.280000000001,0.308,0.02,92.12,0.009,1.64,14530.399999999998,0.31,0.02,92.12,0.009
35,0,2500,2500.0,159662.7420841853,9.440722465515137,0.17727156494513588,0.39,3211.98,0.228,0.01,129.72,0.009,1.14,19885.0,0.319,0.01,129.72,0.009,134035.6770154509,12.143097877502441,0.17468606436755824,0.85,4645.8,0.224,0.02,95.88,0.009,1.56,14727.2,0.311,0.02,95.88,0.009
35,0,3000,3000.0,155133.15549038307,8.807522773742676,0.17413203510441072,0.25,2448.6,0.247,0.01,131.6,0.009,1.2,19229.0,0.316,0.01,131.6,0.009,134113.2567722384,12.595633506774902,0.17530434441628964,0.76,3842.5,0.227,0.02,97.76,0.009,1.48,14882.999999999998,0.312,0.02,97.76,0.009
35,0,3500,3500.0,152434.15961546637,8.070528030395508,0.17196796095613043,0.25,2374.4,0.247,0.01,125.96000000000001,0.009,1.24,18646.8,0.316,0.01,125.96000000000001,0.009,133723.93414026537,12.855905532836914,0.17580949770020945,0.98,4738.36,0.224,0.02,99.64,0.009,1.4,15006.0,0.313,0.02,99.64,0.009
35,0,4000,4000.0,151834.5633236941,7.395505428314209,0.16960394807180523,0.22,2304.4,0.244,0.01,125.96000000000001,0.009,1.2,18015.4,0.314,0.01,125.96000000000001,0.009,132339.95711129793,12.842130661010742,0.17687603351509218,0.88,3868.6,0.227,0.01,101.52,0.009,1.4,15022.4,0.313,0.01,101.52,0.009
35,0,4500,4500.0,152662.96652320356,7.178811073303223,0.16812918174905242,1.14,17293.8,0.311,0.01,122.2,0.009,1.14,17293.8,0.311,0.01,122.2,0.009,130201.21027801964,12.582283973693848,0.1776705960807592,0.89,3871.5,0.227,0.02,101.52,0.009,1.51,15079.8,0.315,0.02,101.52,0.009
35,0,5000,5000.0,155815.46028080562,7.023751258850098,0.16845574423091123,0.42,4381.9,0.221,0.02,122.2,0.009,1.04,16203.200000000003,0.303,0.02,122.2,0.009,126112.68496068558,11.540543556213379,0.17649323743083326,0.5,2197.62,0.217,0.02,101.52,0.009,1.47,15014.199999999999,0.314,0.02,101.52,0.009
35,0,5500,5500.0,160929.67752442256,7.243107318878174,0.17043121238886808,0.44,4431.2,0.222,0.01,105.28000000000002,0.009,0.93,15375.0,0.296,0.01,105.28000000000002,0.009,121429.9883310122,10.249495506286621,0.1746037242375193,0.44,1978.2,0.245,0.02,101.52,0.009,1.64,14924.0,0.313,0.02,101.52,0.009
35,0,6000,6000.0,167915.64886026157,7.579517841339111,0.17459235548130395,0.51,5019.9,0.229,0.01,101.52,0.009,0.95,16047.4,0.299,0.01,101.52,0.009,116357.2774209512,8.442237854003906,0.17087756521639025,0.91,5422.95,0.309,0.02,103.40000000000002,0.009,1.74,14743.6,0.312,0.02,103.40000000000002,0.009
35,0,6500,6500.0,174339.34265381974,7.9409637451171875,0.17838891185850667,0.51,5066.3,0.23,0.01,107.15999999999998,0.009,1.06,17113.4,0.304,0.01,107.15999999999998,0.009,112086.08177892762,6.696497440338135,0.16736983014723156,0.72,5095.409999999999,0.304,0.02,101.52,0.009,1.77,14514.0,0.311,0.02,101.52,0.009
35,0,7000,7000.0,179003.47529358524,8.172314643859863,0.18183214799242967,0.58,7499.43,0.313,0.01,110.92,0.009,1.18,18474.6,0.31,0.01,110.92,0.009,109378.44275817726,5.022627353668213,0.16397239578995942,0.72,4133.040000000001,0.197,0.02,99.64,0.009,1.43,13562.8,0.306,0.02,99.64,0.009
35,0,7500,7500.0,181755.35976221954,8.249598503112793,0.18402457520300586,0.27,2814.0,0.253,0.01,125.96000000000001,0.009,1.28,19803.0,0.317,0.01,125.96000000000001,0.009,108932.57539326527,4.1543474197387695,0.16275597978093062,1.2,12660.8,0.301,0.02,88.36,0.009,1.2,12660.8,0.301,0.02,88.36,0.009
35,0,8000,8000.0,182203.11019529297,8.159937858581543,0.18468830552271923,0.6,8370.81,0.331,0.01,131.6,0.009,1.32,21295.4,0.329,0.01,131.6,0.009,111385.31673721422,4.990662097930908,0.16266291212648254,0.37,3310.2,0.227,0.02,84.6,0.009,0.9,11922.8,0.295,0.02,84.6,0.009
35,0,8500,8500.0,181824.7218199879,7.964303016662598,0.18442501932404545,0.56,8333.73,0.331,0.01,141.0,0.01,1.33,22517.2,0.339,0.01,141.0,0.01,116022.49934284147,5.644562244415283,0.16471618892480072,0.39,3144.52,0.229,0.01,75.2,0.008,0.61,11414.4,0.292,0.01,75.2,0.008
35,0,9000,9000.0,180999.3640209532,7.835283279418945,0.18345073810564344,0.51,8299.74,0.332,0.02,144.76,0.01,1.24,22386.0,0.339,0.02,144.76,0.01,122540.23640422017,6.34808349609375,0.16749136504984474,0.41,3395.98,0.234,0.01,73.32,0.008,0.66,11791.6,0.295,0.01,73.32,0.008
35,0,9500,9500.0,181162.82687455602,7.797173976898193,0.18290777739029657,0.51,8027.82,0.328,0.01,141.0,0.01,1.15,22189.2,0.339,0.01,141.0,0.01,129317.63609365991,7.97385311126709,0.17019043961236371,0.56,4916.19,0.301,0.01,78.96,0.009,0.83,12308.2,0.299,0.01,78.96,0.009
35,0,10000,10000.0,182996.35418714,7.848787784576416,0.1834677718133166,0.51,7768.26,0.326,0.01,141.0,0.01,1.11,21221.6,0.334,0.01,141.0,0.01,136632.57704391854,9.615456581115723,0.17399525315676945,0.66,5191.2,0.306,0.01,78.96,0.009,1.02,13095.4,0.304,0.01,78.96,0.009
35,0,10500,10500.0,186346.71935463807,7.762672424316406,0.1852915516912762,0.52,8077.26,0.334,0.01,131.6,0.009,1.1,20614.8,0.333,0.01,131.6,0.009,142594.92783268887,10.613424301147461,0.1764879254452288,0.67,5435.31,0.309,0.01,90.24,0.009,1.19,13792.4,0.308,0.01,90.24,0.009
35,0,11000,11000.0,190537.6170209956,7.442571640014648,0.18696149689524597,0.53,8435.7,0.344,0.01,129.72,0.009,1.12,21279.0,0.34,0.01,129.72,0.009,147209.737899684,10.945706367492676,0.1783072915783527,0.68,5728.86,0.313,0.01,92.12,0.009,1.25,14571.4,0.312,0.01,92.12,0.009
35,0,11500,11500.0,195229.52615831557,7.287613391876221,0.18889829987684892,0.38,4212.0,0.242,0.01,133.48,0.01,1.15,22197.4,0.349,0.01,133.48,0.01,150814.1014180906,10.82396411895752,0.17929574825997077,0.64,5972.969999999999,0.315,0.02,101.52,0.009,1.37,15309.400000000001,0.315,0.02,101.52,0.009
35,0,12000,12000.0,199900.2556643012,8.055376052856445,0.19021556651957972,0.63,9622.26,0.369,0.01,133.48,0.01,1.11,23927.6,0.364,0.01,133.48,0.01,153516.79300961117,10.15340805053711,0.1800007523868292,0.64,6251.07,0.318,0.02,105.28000000000002,0.009,1.46,16080.2,0.319,0.02,105.28000000000002,0.009
35,0,12500,12500.0,203659.50296159892,8.702860832214355,0.19059341558156184,0.58,9535.74,0.364,0.01,146.64,0.01,1.06,25461.0,0.376,0.01,146.64,0.01,155119.52144628554,9.554698944091797,0.17972931781103751,0.78,5596.32,0.232,0.01,114.68,0.01,1.51,16744.4,0.322,0.01,114.68,0.01
35,0,13000,13000.0,207090.28648251158,8.824431419372559,0.19072421129901726,0.56,9480.12,0.361,0.02,150.4,0.01,1.11,25690.6,0.375,0.02,150.4,0.01,156218.91940966065,8.592561721801758,0.1798405349514425,0.72,4616.8,0.236,0.01,116.56,0.01,1.43,16752.6,0.321,0.01,116.56,0.01
35,0,13500,13500.0,210790.57479657306,8.86509895324707,0.1909208671610505,1.5,25745.91,0.305,0.01,152.28,0.01,1.17,25567.6,0.372,0.01,152.28,0.01,157009.58812505842,8.674838066101074,0.17989515019178648,0.73,4637.1,0.237,0.02,114.68,0.01,1.33,16727.999999999996,0.321,0.02,114.68,0.01
35,0,14000,14000.0,216031.03788677836,9.805692672729492,0.19228925102067498,1.59,27125.94,0.315,0.01,152.28,0.01,1.11,25280.6,0.368,0.01,152.28,0.01,158011.36794446135,8.850753784179688,0.18047650690264302,0.76,4866.2,0.24,0.02,114.68,0.01,1.15,16777.2,0.321,0.02,114.68,0.01
35,0,14500,14500.0,221919.37377934667,10.155210494995117,0.1941264157410428,0.56,9881.82,0.366,0.01,148.52,0.01,1.02,25247.8,0.366,0.01,148.52,0.01,159102.26850570706,8.68670654296875,0.18110391230955167,0.77,4886.5,0.241,0.01,114.68,0.01,1.02,16883.8,0.321,0.01,114.68,0.01
35,0,15000,15000.0,228366.30996422895,10.042972564697266,0.19613801359968952,0.64,10382.4,0.376,0.01,148.52,0.01,1.21,26272.8,0.374,0.01,148.52,0.01,160375.626974879,8.236454010009766,0.18230112664476283,0.49,3240.12,0.238,0.01,114.68,0.01,1.01,17129.8,0.322,0.01,114.68,0.01
35,0,15500,15500.0,234610.4006387106,9.634979248046875,0.198068352785012,0.64,11012.76,0.389,0.01,154.16,0.01,1.38,27535.6,0.385,0.01,154.16,0.01,161313.91299327128,7.555186748504639,0.1831470227092424,0.52,3332.5799999999995,0.241,0.02,120.32,0.01,0.98,17293.8,0.323,0.02,120.32,0.01
35,0,16000,16000.0,240598.12197292608,8.95166015625,0.20043282936338935,0.73,7554.32,0.243,0.01,156.04,0.01,1.4,29446.199999999997,0.399,0.01,156.04,0.01,161772.96640295102,6.719921588897705,0.1842522921774275,0.5,3328.5599999999995,0.241,0.02,120.32,0.01,0.92,17269.2,0.324,0.02,120.32,0.01
35,0,16500,16500.0,245225.9913382867,8.883203506469727,0.20194718693909883,0.78,7710.96,0.245,0.01,169.2,0.01,1.42,31225.6,0.412,0.01,169.2,0.01,161077.48108210502,6.162133693695068,0.18448740183609844,0.46,3338.61,0.241,0.02,122.2,0.01,1.01,17154.4,0.324,0.02,122.2,0.01
35,0,17000,17000.0,248264.66153940707,9.192907333374023,0.20385456241655675,0.66,6603.3,0.249,0.01,172.96,0.01,1.28,32029.200000000004,0.416,0.01,172.96,0.01,159705.15250227088,6.017392635345459,0.18452782407485072,0.41,3300.4200000000005,0.241,0.02,122.2,0.01,1.0,17244.6,0.324,0.02,122.2,0.01
35,0,17500,17500.0,249317.92107954563,9.164854049682617,0.20492248990288314,0.67,6626.5,0.249,0.01,176.72,0.01,1.26,32595.0,0.419,0.01,176.72,0.01,157786.26657446238,6.170716285705566,0.1841626485233237,0.24,2403.8000000000006,0.258,0.02,122.2,0.01,0.98,17392.2,0.325,0.02,122.2,0.01
35,0,18000,18000.0,247432.35461086594,8.903761863708496,0.20495325434681208,0.42,4562.7,0.249,0.01,178.6,0.01,1.25,33119.8,0.423,0.01,178.6,0.01,155225.06065876773,6.151576519012451,0.18328485806397574,0.53,6606.42,0.323,0.02,122.2,0.01,0.91,17507.0,0.326,0.02,122.2,0.01
35,0,18500,18500.0,244369.88805843185,9.10211181640625,0.20456416454697277,0.44,4689.33,0.25,0.01,182.36,0.01,1.19,33505.2,0.427,0.01,182.36,0.01,152817.93012919687,6.043426036834717,0.18241908109427726,0.62,5261.68,0.232,0.01,122.2,0.01,1.0,17736.6,0.327,0.01,122.2,0.01
35,0,19000,19000.0,239738.81051321662,8.98600959777832,0.20325493165787095,0.43,4602.9,0.249,0.02,184.24,0.01,1.18,34062.8,0.43,0.02,184.24,0.01,150513.5761100513,5.834895610809326,0.1814329455094203,0.51,6337.590000000001,0.321,0.02,124.08,0.01,1.04,17449.6,0.326,0.02,124.08,0.01
35,0,19500,19500.0,234079.41027340735,8.511302947998047,0.20119280480978277,0.53,5570.22,0.253,0.02,188.0,0.01,1.22,34423.6,0.432,0.02,188.0,0.01,148679.42269725702,5.530009746551514,0.18076819222998436,0.47,4236.9,0.234,0.01,120.32,0.01,1.04,17129.8,0.326,0.01,120.32,0.01
35,0,20000,20000.0,227577.58889990553,7.685240268707275,0.19804776392928417,0.57,6090.98,0.253,0.02,189.88,0.01,1.29,32857.4,0.422,0.02,189.88,0.01,147349.97154105065,6.341715335845947,0.17974556699613276,0.5,4135.4,0.232,0.01,118.44,0.01,0.97,16605.0,0.323,0.01,118.44,0.01
35,0,20500,20500.0,222404.41231011302,6.955585479736328,0.19569104936167456,0.32,3210.2,0.265,0.01,180.48,0.01,1.31,31250.2,0.412,0.01,180.48,0.01,146874.07862911644,7.14649772644043,0.17936420301004108,0.51,4129.6,0.232,0.01,112.8,0.01,0.96,16170.399999999998,0.321,0.01,112.8,0.01
36,0,-21000,21000.0,87118.35242592561,4.625479698181152,0.1627639024110278,0.52,3649.29,0.293,0.01,58.28,0.008,0.97,9889.2,0.297,0.01,58.28,0.008,154586.33308380112,18.250507354736328,0.2092637484018802,1.83,7074.72,0.245,0.04,150.4,0.011,2.98,24362.2,0.431,0.04,150.4,0.011
36,0,-20500,20500.0,86120.55300300919,4.589479446411133,0.16221679185304005,0.48,3800.7,0.297,0.01,58.28,0.008,1.06,9889.2,0.298,0.01,58.28,0.008,139647.8118145704,18.115806579589844,0.20271765232222116,2.78,21795.6,0.41,0.04,141.0,0.011,2.78,21795.6,0.41,0.04,141.0,0.011
36,0,-20000,20000.0,84674.98500377731,4.587325572967529,0.16098697196528733,0.45,3976.8299999999995,0.301,0.01,58.28,0.008,1.06,10266.4,0.302,0.01,58.28,0.008,124774.97140469131,17.13509178161621,0.19474495018004062,1.14,4072.64,0.236,0.03,137.24,0.011,2.27,18212.2,0.376,0.03,137.24,0.011
36,0,-19500,19500.0,83048.28031103165,4.594570636749268,0.15940955788211364,1.02,10651.8,0.307,0.01,62.04,0.008,1.02,10651.8,0.307,0.01,62.04,0.008,112481.73804164499,15.857461929321289,0.1892085860385776,1.16,3816.32,0.234,0.02,116.56,0.01,2.33,15629.199999999999,0.356,0.02,116.56,0.01
36,0,-19000,19000.0,81082.87577294037,4.643636703491211,0.15820057728483733,0.87,10258.2,0.304,0.01,62.04,0.008,0.87,10258.2,0.304,0.01,62.04,0.008,102416.81930839695,14.28137493133545,0.1841540031697395,0.91,2844.9,0.23,0.02,110.92,0.01,2.26,13874.400000000001,0.348,0.02,110.92,0.01
36,0,-18500,18500.0,78813.36538874907,4.677761554718018,0.15697334152379444,0.71,9733.4,0.299,0.0,58.28,0.008,0.71,9733.4,0.299,0.0,58.28,0.008,94231.69398936717,12.6309232711792,0.1808517047318421,0.91,2813.0,0.229,0.02,90.24,0.01,2.14,12332.8,0.34,0.02,90.24,0.01
36,0,-18000,18000.0,76357.72426484106,4.685298442840576,0.1552547639789541,0.11,1156.4,0.216,0.0,56.4,0.008,0.57,9274.2,0.294,0.0,56.4,0.008,87667.19351302308,11.104928970336914,0.1773367932629288,0.6,2042.16,0.234,0.02,84.6,0.01,1.87,11160.2,0.333,0.02,84.6,0.01
36,0,-17500,17500.0,74228.48677325051,4.766093730926514,0.1540304276442744,0.23,3225.96,0.283,0.0,52.64000000000001,0.007,0.54,8888.8,0.289,0.0,52.64000000000001,0.007,82628.16776393974,9.77200984954834,0.1755127860747049,0.59,1851.2100000000003,0.228,0.02,71.44,0.009,1.58,10192.6,0.327,0.02,71.44,0.009
36,0,-17000,17000.0,72425.3276762226,4.909895896911621,0.1525266927333955,0.25,3207.4200000000005,0.282,0.0,50.76,0.007,0.57,8823.2,0.288,0.0,50.76,0.007,78558.25869596665,8.728392601013184,0.17297086416271587,0.54,1776.84,0.227,0.02,69.56,0.009,1.34,9528.4,0.322,0.02,69.56,0.009
36,0,-16500,16500.0,70850.75478363104,5.075225830078125,0.15098948635699289,0.25,2991.12,0.276,0.0,50.76,0.007,0.59,8749.4,0.287,0.0,50.76,0.007,75516.36705782847,7.891113758087158,0.171532318781255,0.42,1630.11,0.223,0.02,62.04,0.009,1.15,8946.2,0.317,0.02,62.04,0.009
36,0,-16000,16000.0,69552.18963297256,5.267986297607422,0.14926225294037362,0.26,2802.63,0.273,0.0,50.76,0.007,0.6,8183.6,0.281,0.0,50.76,0.007,73291.39530035999,7.21495246887207,0.16994809866181554,0.75,3035.52,0.204,0.02,60.16,0.009,1.04,8478.8,0.313,0.02,60.16,0.009
36,0,-15500,15500.0,69033.11604923813,5.418809413909912,0.1487039246833091,0.27,2781.0,0.274,0.01,45.12,0.007,0.59,7708.0,0.278,0.01,45.12,0.007,71845.80332581271,7.271916389465332,0.1692995098359715,0.44,2904.6,0.304,0.01,54.519999999999996,0.009,0.96,8101.600000000001,0.309,0.01,54.519999999999996,0.009
36,0,-15000,15000.0,69304.54837623127,5.54862117767334,0.14865084717826943,0.28,2756.28,0.275,0.01,45.12,0.007,0.61,7552.200000000001,0.278,0.01,45.12,0.007,71090.83338902486,7.413680076599121,0.16907156911400414,0.49,2870.6099999999997,0.303,0.01,52.64000000000001,0.008,0.98,7872.0,0.307,0.01,52.64000000000001,0.008
36,0,-14500,14500.0,69874.23893906997,5.613648891448975,0.14902937650628806,0.3,2830.44,0.276,0.01,43.24,0.007,0.64,7503.0,0.28,0.01,43.24,0.007,70924.27442094847,7.3417558670043945,0.16985589612232518,0.58,2923.1400000000003,0.305,0.01,48.88,0.008,1.05,7765.400000000001,0.306,0.01,48.88,0.008
36,0,-14000,14000.0,70740.18648161874,5.651794910430908,0.15003807945701772,0.31,2913.87,0.278,0.01,41.36,0.007,0.67,7683.399999999999,0.281,0.01,41.36,0.007,70897.98822654871,6.970015525817871,0.17044828637682313,0.68,2981.85,0.306,0.01,48.88,0.008,1.16,7814.599999999999,0.307,0.01,48.88,0.008
36,0,-13500,13500.0,71332.65212178986,5.640537738800049,0.1505529394523958,0.33,2963.31,0.277,0.01,43.24,0.007,0.71,7896.600000000001,0.282,0.01,43.24,0.007,71100.5545657433,6.4708991050720215,0.17155831139876368,0.71,3049.8299999999995,0.308,0.01,48.88,0.008,1.3,7937.6,0.309,0.01,48.88,0.008
36,0,-13000,13000.0,71708.31763820347,5.611401557922363,0.15142293251789027,0.34,3031.29,0.277,0.01,43.24,0.007,0.73,8077.0,0.282,0.01,43.24,0.007,70929.47893223335,5.680325984954834,0.1715628763430693,0.74,3133.26,0.31,0.02,48.88,0.008,1.38,8126.2,0.311,0.02,48.88,0.008
36,0,-12500,12500.0,72108.96771894959,5.643213748931885,0.15229747400143584,0.33,3015.84,0.276,0.01,45.12,0.007,0.75,8216.4,0.282,0.01,45.12,0.007,70695.50346651398,5.920398712158203,0.17160114827374534,0.61,3111.63,0.309,0.02,50.76,0.008,1.4,8314.800000000001,0.313,0.02,50.76,0.008
36,0,-12000,12000.0,72372.20866769484,5.771457672119141,0.15307202092703995,0.33,3000.3900000000003,0.276,0.01,47.0,0.007,0.74,8224.599999999999,0.281,0.01,47.0,0.007,69913.2995704618,7.066998481750488,0.17106693711406848,0.46,1860.3,0.225,0.02,50.76,0.008,1.23,8314.800000000001,0.313,0.02,50.76,0.008
36,0,-11500,11500.0,72852.79484707353,5.96552848815918,0.15410318207596405,0.31,3003.48,0.277,0.01,47.0,0.007,0.72,8183.6,0.281,0.01,47.0,0.007,68778.4121300707,7.851715087890625,0.17041913278206433,0.5,1844.1,0.225,0.02,50.76,0.009,0.99,8265.6,0.313,0.02,50.76,0.009
36,0,-11000,11000.0,73628.50824516191,6.298722267150879,0.1553088497503777,0.3,3006.57,0.278,0.01,47.0,0.007,0.69,8142.6,0.281,0.01,47.0,0.007,67040.96130469171,8.338793754577637,0.16909609455430302,0.56,1722.12,0.225,0.02,50.76,0.009,0.69,8101.600000000001,0.312,0.02,50.76,0.009
36,0,-10500,10500.0,74697.77184022314,6.604179382324219,0.15697205757348284,0.28,1979.1,0.209,0.01,45.12,0.007,0.67,8134.4,0.282,0.01,45.12,0.007,65443.72855839603,8.521507263183594,0.16820966048744895,0.6,1699.26,0.225,0.01,48.88,0.008,0.85,7945.8,0.311,0.01,48.88,0.008
36,0,-10000,10000.0,76085.4936277307,6.9284772872924805,0.15917532142793822,0.32,2097.9,0.216,0.01,45.12,0.007,0.69,8232.8,0.284,0.01,45.12,0.007,64008.049792718266,8.454981803894043,0.1669614152127228,0.65,1859.82,0.225,0.01,48.88,0.008,1.15,7863.8,0.311,0.01,48.88,0.008
36,0,-9500,9500.0,77684.82982374808,7.313205718994141,0.16175319769459168,0.34,2157.28,0.216,0.01,45.12,0.007,0.72,8405.0,0.286,0.01,45.12,0.007,62770.1802900529,8.223287582397461,0.16561799654513268,0.36,980.0,0.235,0.01,47.0,0.008,1.37,7773.6,0.311,0.01,47.0,0.008
36,0,-9000,9000.0,79364.11550956947,7.623100280761719,0.16441703657319395,0.39,3408.27,0.292,0.01,45.12,0.007,0.81,8642.8,0.291,0.01,45.12,0.007,61973.20190812944,7.979642868041992,0.16406505651909542,0.34,953.4,0.233,0.02,47.0,0.008,1.33,7412.799999999999,0.307,0.02,47.0,0.008
36,0,-8500,8500.0,81201.18171525977,7.7685112953186035,0.16720613680850985,0.43,3516.4200000000005,0.296,0.01,48.88,0.007,0.9,8954.4,0.296,0.01,48.88,0.007,61510.62480214306,7.815675258636475,0.16267320253924056,0.39,1250.22,0.215,0.02,45.12,0.008,1.13,6904.4,0.302,0.02,45.12,0.008
36,0,-8000,8000.0,82857.50541151737,7.669040679931641,0.1692513744947139,0.47,3640.02,0.301,0.01,48.88,0.007,1.0,9274.2,0.301,0.01,48.88,0.007,62143.477650247914,8.003880500793457,0.162449007588644,0.36,1222.08,0.213,0.02,45.12,0.008,0.86,6461.6,0.296,0.02,45.12,0.008
36,0,-7500,7500.0,84070.76456747006,7.402143955230713,0.17054714426833062,0.49,3655.47,0.304,0.01,52.64000000000001,0.008,1.08,9585.8,0.306,0.01,52.64000000000001,0.008,63304.8732348294,8.470845222473145,0.16296968646983642,0.46,1341.34,0.143,0.01,39.48,0.008,0.67,6125.4,0.291,0.01,39.48,0.008
36,0,-7000,7000.0,84773.64351581098,7.005490779876709,0.17114416335980934,0.5,3677.1,0.307,0.01,54.519999999999996,0.008,1.09,9700.6,0.309,0.01,54.519999999999996,0.008,65455.76251880105,9.113633155822754,0.16467950651614938,1.58,7963.74,0.273,0.01,39.48,0.008,0.64,6207.4,0.293,0.01,39.48,0.008
36,0,-6500,6500.0,84985.36663786366,6.760890483856201,0.1711649881258824,0.48,3704.91,0.309,0.01,56.4,0.008,1.09,9758.0,0.312,0.01,56.4,0.008,67934.94260226996,9.590032577514648,0.16711174840913484,1.62,7893.42,0.272,0.01,37.6,0.008,0.69,6445.2,0.296,0.01,37.6,0.008
36,0,-6000,6000.0,84974.75735865682,6.740350723266602,0.17125868255745086,0.47,3735.81,0.312,0.01,56.4,0.008,1.05,9815.4,0.314,0.01,56.4,0.008,70146.20575225574,9.838008880615234,0.16900087298348404,0.57,2081.7,0.232,0.01,37.6,0.008,0.85,6912.6,0.302,0.01,37.6,0.008
36,0,-5500,5500.0,84753.7923402905,6.687099456787109,0.17125893091696057,0.44,3745.0799999999995,0.313,0.01,58.28,0.008,1.01,9889.2,0.316,0.01,58.28,0.008,72110.53894874605,9.879000663757324,0.17062194596212135,0.78,3012.75,0.311,0.01,41.36,0.008,1.08,7445.6,0.309,0.01,41.36,0.008
36,0,-5000,5000.0,84229.84738435566,6.494940280914307,0.1712112041337783,0.41,2404.0999999999995,0.215,0.01,58.28,0.008,0.96,9946.6,0.317,0.01,58.28,0.008,73341.39182711637,10.727836608886719,0.17170579940622055,0.96,3201.24,0.315,0.01,43.24,0.008,1.36,7953.999999999999,0.314,0.01,43.24,0.008
36,0,-4500,4500.0,83498.02134946443,6.265501499176025,0.17080868818122596,0.42,2407.0,0.215,0.01,58.28,0.008,0.91,9979.4,0.318,0.01,58.28,0.008,73954.20632481344,11.180212020874023,0.17197590488263445,0.98,3188.88,0.315,0.01,48.88,0.008,1.67,8421.4,0.318,0.01,48.88,0.008
36,0,-4000,4000.0,82659.17509957384,5.896738052368164,0.17021431226513525,0.27,1634.1300000000003,0.217,0.01,58.28,0.008,0.87,9864.6,0.318,0.01,58.28,0.008,73699.91819548895,10.94417953491211,0.1719567361453409,1.0,3182.7,0.315,0.02,50.76,0.009,1.82,8601.8,0.32,0.02,50.76,0.009
36,0,-3500,3500.0,82137.13365908981,5.448143005371094,0.1698808100879248,0.26,1624.08,0.215,0.01,58.28,0.008,0.84,9676.0,0.317,0.01,58.28,0.008,72820.16127350653,10.260087013244629,0.17112613494640824,0.83,3052.9200000000005,0.311,0.02,52.64000000000001,0.009,1.86,8618.2,0.32,0.02,52.64000000000001,0.009
36,0,-3000,3000.0,81928.46269300273,5.065319538116455,0.16920595539617317,0.24,1603.98,0.214,0.01,58.28,0.008,0.77,9413.6,0.314,0.01,58.28,0.008,71437.18802318964,9.122438430786133,0.1702435320208179,0.31,1153.6,0.244,0.02,52.64000000000001,0.009,1.69,8462.4,0.318,0.02,52.64000000000001,0.009
36,0,-2500,2500.0,82132.76424471286,4.95015287399292,0.16876668138107614,0.18,1545.69,0.211,0.01,56.4,0.008,0.67,9134.8,0.312,0.01,56.4,0.008,69816.56928608165,7.876494884490967,0.16898904477465942,0.45,1571.82,0.226,0.02,54.519999999999996,0.009,1.42,8167.200000000001,0.314,0.02,54.519999999999996,0.009
36,0,-2000,2000.0,83283.7454633754,5.103166103363037,0.16888402446361736,0.29,3358.8299999999995,0.305,0.01,54.519999999999996,0.008,0.59,8995.4,0.31,0.01,54.519999999999996,0.008,68088.91390008068,6.6984171867370605,0.16747742903267615,0.42,1545.69,0.225,0.02,54.519999999999996,0.009,1.13,7863.8,0.311,0.02,54.519999999999996,0.009
36,0,-1500,1500.0,85058.89392665698,5.2415266036987305,0.1696345652304902,0.3,3494.79,0.308,0.01,52.64000000000001,0.008,0.55,8954.4,0.309,0.01,52.64000000000001,0.008,66571.6204006505,6.327887535095215,0.1661273560555667,0.33,1479.36,0.222,0.01,52.64000000000001,0.009,0.88,7543.999999999999,0.307,0.01,52.64000000000001,0.009
36,0,-1000,1000.0,87668.58258753653,5.379100799560547,0.17097004278545525,0.31,3640.02,0.311,0.01,52.64000000000001,0.008,0.57,9143.0,0.311,0.01,52.64000000000001,0.008,65387.3312118365,6.168447017669678,0.16471246880590606,0.59,2758.08,0.203,0.01,50.76,0.009,0.72,7207.799999999999,0.302,0.01,50.76,0.009
36,0,-500,500.0,90510.43214668543,5.457340717315674,0.17242302310406896,0.33,3834.69,0.314,0.01,52.64000000000001,0.008,0.6,9487.4,0.314,0.01,52.64000000000001,0.008,64846.77335650085,6.2738752365112305,0.16420535654179474,1.1,7075.950000000001,0.263,0.01,47.0,0.008,0.64,6912.6,0.299,0.01,47.0,0.008
36,0,0,0.0,93521.73256927813,5.487425327301025,0.17376323410775002,0.34,4050.99,0.318,0.01,52.64000000000001,0.008,0.63,9987.6,0.318,0.01,52.64000000000001,0.008,64951.03654242412,6.648240566253662,0.16398473532624955,1.16,7330.86,0.265,0.01,45.12,0.008,0.61,6715.8,0.296,0.01,45.12,0.008
36,0,500,500.0,96239.11299691029,5.7625579833984375,0.17466366727443242,0.37,4224.03,0.321,0.01,58.28,0.008,0.66,10520.6,0.321,0.01,58.28,0.008,65575.94340051219,7.3225226402282715,0.16455608206237934,1.19,7480.29,0.266,0.01,43.24,0.008,0.61,6617.4,0.294,0.01,43.24,0.008
36,0,1000,1000.0,98350.72016722603,5.9418487548828125,0.17547570164972248,0.4,4421.79,0.323,0.01,58.28,0.008,0.71,11111.0,0.325,0.01,58.28,0.008,66623.72325552315,8.183972358703613,0.1654982371378301,0.36,1876.5,0.224,0.01,41.36,0.008,0.67,6683.0,0.295,0.01,41.36,0.008
36,0,1500,1500.0,99858.32422885615,6.017975330352783,0.17577603257710006,0.39,4446.51,0.323,0.01,65.8,0.009,0.76,11611.2,0.328,0.01,65.8,0.009,67869.78622445349,8.94990062713623,0.16697013051615878,0.38,1775.46,0.225,0.01,41.36,0.008,0.76,6871.600000000001,0.297,0.01,41.36,0.008
36,0,2000,2000.0,100533.44987587827,6.013232231140137,0.1761315610863239,0.38,4477.41,0.323,0.01,67.68,0.009,0.76,11881.8,0.329,0.01,67.68,0.009,69013.17378173262,9.474949836730957,0.16866386644866704,0.52,2009.7,0.221,0.01,41.36,0.008,0.89,7191.4,0.301,0.01,41.36,0.008
36,0,2500,2500.0,100471.09875694632,5.9579362869262695,0.17588696781757188,0.33,4409.43,0.32,0.01,71.44,0.009,0.75,12004.8,0.329,0.01,71.44,0.009,69765.34778141759,9.668132781982422,0.16979825996282755,0.48,1874.52,0.23,0.01,43.24,0.008,1.03,7593.2,0.306,0.01,43.24,0.008
36,0,3000,3000.0,99874.09885882385,5.887042999267578,0.17548476672148164,0.29,4341.45,0.317,0.01,73.32,0.009,0.7,12013.0,0.328,0.01,73.32,0.009,69911.55203220979,9.551572799682617,0.1704868857522949,0.65,3086.91,0.309,0.01,45.12,0.008,1.14,7921.2,0.31,0.01,45.12,0.008
36,0,3500,3500.0,98828.26078894778,5.807032108306885,0.1746405209321859,0.27,2778.2,0.223,0.01,73.32,0.009,0.7,11873.6,0.325,0.01,73.32,0.009,69658.83265932108,9.28369140625,0.1706191612975239,0.29,1080.8,0.241,0.02,47.0,0.008,1.28,8191.8,0.313,0.02,47.0,0.008
36,0,4000,4000.0,97764.8090047942,5.734927177429199,0.17388832088754871,0.36,2694.6,0.236,0.01,75.2,0.009,0.67,11644.0,0.322,0.01,75.2,0.009,68763.79140105564,8.810976028442383,0.16971658875063503,0.28,1072.4,0.24,0.02,48.88,0.008,1.29,8216.4,0.313,0.02,48.88,0.008
36,0,4500,4500.0,97006.82565788376,5.670726299285889,0.17331949209008254,0.37,2542.54,0.237,0.01,71.44,0.009,0.65,11381.6,0.318,0.01,71.44,0.009,67686.06362334431,8.351449012756348,0.1684529515812188,0.36,1433.13,0.223,0.02,52.64000000000001,0.009,1.2,8093.399999999999,0.312,0.02,52.64000000000001,0.009
36,0,5000,5000.0,96711.4102779045,5.598955154418945,0.1731662186293375,0.37,2545.08,0.235,0.01,71.44,0.008,0.64,11045.4,0.318,0.01,71.44,0.008,66528.93715117188,7.921521186828613,0.16657789953028332,0.65,2660.16,0.203,0.02,52.64000000000001,0.009,1.13,7839.2,0.309,0.02,52.64000000000001,0.009
36,0,5500,5500.0,96751.02583593634,5.782275676727295,0.17339542133983157,0.22,1461.6,0.247,0.01,67.68,0.009,0.64,10725.6,0.318,0.01,67.68,0.009,65613.14275292217,7.581488132476807,0.16503860640837514,0.46,2638.8599999999997,0.297,0.01,48.88,0.009,1.08,7535.8,0.307,0.01,48.88,0.009
36,0,6000,6000.0,96930.67570408215,6.016016960144043,0.1736283881348288,0.22,1461.6,0.246,0.01,67.68,0.009,0.64,10660.0,0.319,0.01,67.68,0.009,65311.35625497077,7.37212610244751,0.1641417013119612,0.45,2543.07,0.294,0.01,48.88,0.008,1.04,7257.0,0.304,0.01,48.88,0.008
36,0,6500,6500.0,97037.47682354171,7.032718658447266,0.17402742510403985,0.22,1465.8,0.244,0.01,67.68,0.009,0.72,10578.0,0.319,0.01,67.68,0.009,65503.8551621309,7.166330814361572,0.1641180669877413,0.45,2539.98,0.294,0.01,45.12,0.008,1.02,7019.2,0.301,0.01,45.12,0.008
36,0,7000,7000.0,96809.26891731765,7.504613399505615,0.17403921562433133,0.52,2734.7,0.22,0.01,67.68,0.009,0.79,10701.0,0.318,0.01,67.68,0.009,66274.02579733497,6.882042407989502,0.1644890510166443,0.45,2536.8900000000003,0.295,0.01,45.12,0.008,1.01,6945.400000000001,0.301,0.01,45.12,0.008
36,0,7500,7500.0,96582.19011457366,7.70444393157959,0.174096719011192,0.52,2731.8,0.22,0.01,69.56,0.009,0.84,10889.6,0.317,0.01,69.56,0.009,67431.55426861157,6.4541521072387695,0.16542357613693282,0.42,2595.6,0.297,0.01,43.24,0.008,1.02,6937.200000000001,0.301,0.01,43.24,0.008
36,0,8000,8000.0,96192.35768261421,7.80942440032959,0.17435459487073596,0.53,2705.7,0.223,0.01,67.68,0.009,0.79,10938.8,0.315,0.01,67.68,0.009,68995.87088226383,5.775999069213867,0.16669228019098392,0.43,2666.6700000000005,0.299,0.01,43.24,0.008,0.98,7084.800000000001,0.303,0.01,43.24,0.008
36,0,8500,8500.0,95815.18499842187,7.740580081939697,0.174935452638492,0.53,2705.7,0.223,0.01,67.68,0.008,0.75,11004.4,0.315,0.01,67.68,0.008,70519.89159814265,5.020821571350098,0.16769888110396916,0.41,2719.2,0.301,0.01,45.12,0.008,0.92,7257.0,0.305,0.01,45.12,0.008
36,0,9000,9000.0,95179.25509846676,7.508035659790039,0.17566629581737236,0.35,1873.32,0.221,0.01,67.68,0.008,0.73,10824.0,0.316,0.01,67.68,0.008,72120.25288906606,4.633913993835449,0.16953755970393475,0.39,2781.0,0.303,0.01,45.12,0.008,0.86,7429.2,0.307,0.01,45.12,0.008
36,0,9500,9500.0,94525.04529983777,7.14357852935791,0.17651327512060383,0.36,1875.33,0.224,0.01,65.8,0.008,0.75,10651.8,0.318,0.01,65.8,0.008,73339.24332729397,4.706759452819824,0.1708072062767491,0.45,2865.8000000000006,0.226,0.01,47.0,0.008,0.81,7576.8,0.309,0.01,47.0,0.008
36,0,10000,10000.0,93944.39786077436,7.238462448120117,0.17725253403743066,0.25,1415.4,0.245,0.01,65.8,0.009,0.86,10668.2,0.32,0.01,65.8,0.009,74082.21376050595,4.865538120269775,0.1723597766457161,0.39,2916.96,0.306,0.01,47.0,0.008,0.65,7740.8,0.31,0.01,47.0,0.008
36,0,10500,10500.0,93003.19343183246,7.477579593658447,0.1772826304314462,0.25,1437.8,0.248,0.01,67.68,0.009,0.97,10709.2,0.322,0.01,67.68,0.009,74531.26407633205,4.9915080070495605,0.17361159380315816,0.46,3006.57,0.309,0.01,48.88,0.008,0.81,7921.2,0.312,0.01,48.88,0.008
36,0,11000,11000.0,91884.78202067604,7.687488079071045,0.17703254706419738,0.52,3843.96,0.316,0.01,67.68,0.009,1.0,10684.6,0.323,0.01,67.68,0.009,74329.75688568986,5.0541839599609375,0.1737454499728275,0.55,3108.54,0.311,0.01,48.88,0.008,0.98,8183.6,0.315,0.01,48.88,0.008
36,0,11500,11500.0,90595.74563183147,7.845926761627197,0.17650311886997994,0.44,3748.1700000000005,0.315,0.01,69.56,0.009,0.99,10578.0,0.323,0.01,69.56,0.009,74090.73492328505,5.133539199829102,0.17350573081813736,0.55,3117.81,0.311,0.01,52.64000000000001,0.009,1.14,8429.6,0.317,0.01,52.64000000000001,0.009
36,0,12000,12000.0,89061.52966704984,7.959232807159424,0.17554507821733514,0.39,2569.4,0.226,0.01,69.56,0.009,0.91,10315.6,0.322,0.01,69.56,0.009,73682.91460088736,5.249613285064697,0.17226944940532563,0.55,3130.1700000000005,0.311,0.01,52.64000000000001,0.009,1.17,8503.4,0.318,0.01,52.64000000000001,0.009
36,0,12500,12500.0,87612.95232371983,8.054306983947754,0.17478796270048927,0.51,3171.96,0.224,0.01,65.8,0.009,0.93,10053.2,0.321,0.01,65.8,0.009,73579.71258077525,6.102567672729492,0.1711970178661467,0.44,3040.56,0.308,0.01,52.64000000000001,0.009,1.15,8511.6,0.318,0.01,52.64000000000001,0.009
36,0,13000,13000.0,86095.94654930267,8.121484756469727,0.17387784880680607,0.46,2462.1,0.223,0.01,65.8,0.009,0.96,9872.8,0.32,0.01,65.8,0.009,74094.54613780353,6.995052814483643,0.1706760715692869,0.4,2008.8,0.229,0.01,54.519999999999996,0.009,0.93,8265.6,0.315,0.01,54.519999999999996,0.009
36,0,13500,13500.0,84465.58054907371,8.03636360168457,0.1729415377589492,0.59,3086.52,0.222,0.01,63.92000000000001,0.009,0.98,9749.8,0.319,0.01,63.92000000000001,0.009,75228.2413237158,7.697445869445801,0.1710677222841372,0.41,1899.92,0.23,0.01,50.76,0.008,0.72,8019.599999999999,0.311,0.01,50.76,0.008
36,0,14000,14000.0,82548.49620216532,7.826109886169434,0.17197385584719768,0.53,2375.1,0.22,0.01,63.92000000000001,0.009,1.0,9618.6,0.318,0.01,63.92000000000001,0.009,77115.9141701173,8.247756004333496,0.17206795110516318,0.54,3031.29,0.306,0.01,50.76,0.008,0.92,7995.0,0.31,0.01,50.76,0.008
36,0,14500,14500.0,80411.37372277932,7.476974964141846,0.1708308352018176,0.54,2369.3,0.22,0.01,62.04,0.009,1.02,9520.2,0.317,0.01,62.04,0.009,79581.23727123742,9.145439147949219,0.1739664702041821,0.59,3191.97,0.31,0.01,48.88,0.008,1.11,8085.199999999999,0.311,0.01,48.88,0.008
36,0,15000,15000.0,77878.0890509243,6.96126127243042,0.16933764025388848,0.53,2233.0,0.216,0.01,60.16,0.009,1.02,9380.8,0.315,0.01,60.16,0.009,82244.50559462587,9.698378562927246,0.1757532654644173,0.65,3368.1,0.315,0.01,48.88,0.008,1.28,8462.4,0.314,0.01,48.88,0.008
36,0,15500,15500.0,75409.94173424244,6.408490180969238,0.16803459081126357,0.26,1185.8,0.236,0.01,58.28,0.009,1.02,9241.4,0.313,0.01,58.28,0.009,84762.97943554807,9.836518287658691,0.17723803483169592,0.63,3500.97,0.318,0.01,52.64000000000001,0.009,1.4,8897.0,0.319,0.01,52.64000000000001,0.009
36,0,16000,16000.0,72546.74986455849,5.681840896606445,0.16574160460863338,0.37,1583.88,0.218,0.01,58.28,0.009,0.98,9011.8,0.311,0.01,58.28,0.009,86962.97223681351,9.538816452026367,0.17853076402166831,0.61,3655.47,0.322,0.01,52.64000000000001,0.009,1.43,9307.0,0.322,0.01,52.64000000000001,0.009
36,0,16500,16500.0,69904.04900417561,4.898558139801025,0.16360839418815507,0.36,1503.48,0.215,0.01,56.4,0.008,0.91,8741.2,0.308,0.01,56.4,0.008,88757.80719974238,8.92759895324707,0.17924354235712867,1.41,9692.4,0.326,0.01,58.28,0.009,1.41,9692.4,0.326,0.01,58.28,0.009
36,0,17000,17000.0,67364.02423638938,4.567614555358887,0.16091576682847983,0.32,1457.25,0.212,0.01,54.519999999999996,0.008,0.77,8323.0,0.303,0.01,54.519999999999996,0.008,90101.21842824826,8.236031532287598,0.17982591608942333,0.5,3788.34,0.324,0.01,58.28,0.009,1.28,9938.4,0.327,0.01,58.28,0.009
36,0,17500,17500.0,65266.113578979726,4.921039581298828,0.15866076380159674,0.2,1350.72,0.207,0.01,50.76,0.008,0.65,7888.399999999999,0.298,0.01,50.76,0.008,91083.04297094326,8.5858154296875,0.17991493616837953,0.52,3809.97,0.323,0.01,62.04,0.009,1.13,10135.2,0.328,0.01,62.04,0.009
36,0,18000,18000.0,63817.577192171564,5.185708522796631,0.1562600860436588,0.31,1728.4,0.199,0.01,50.76,0.008,0.59,7486.600000000001,0.294,0.01,50.76,0.008,91962.62346302395,8.647244453430176,0.18040663035934276,0.54,3837.78,0.323,0.01,63.92000000000001,0.009,1.17,10274.6,0.328,0.01,63.92000000000001,0.009
36,0,18500,18500.0,62953.08968858326,5.287242889404297,0.1544338969828603,0.39,2132.44,0.197,0.01,45.12,0.008,0.61,7158.6,0.29,0.01,45.12,0.008,92591.80699316738,8.489340782165527,0.1804991976548256,0.54,3834.69,0.321,0.01,65.8,0.009,1.22,10348.4,0.328,0.01,65.8,0.009
36,0,19000,19000.0,62814.60917604261,5.214366436004639,0.15189347469858738,0.37,1708.1,0.196,0.01,43.24,0.008,0.68,7019.2,0.289,0.01,43.24,0.008,93162.01575070532,8.17541790008545,0.1807832882807713,0.54,3834.69,0.32,0.01,65.8,0.009,1.24,10397.6,0.327,0.01,65.8,0.009
36,0,19500,19500.0,63281.47331871305,4.975895881652832,0.1496697668795848,0.37,1708.1,0.196,0.01,41.36,0.007,0.74,6961.8,0.288,0.01,41.36,0.007,93768.35225775011,7.7627177238464355,0.1811657668259689,0.52,3825.4200000000005,0.318,0.01,65.8,0.009,1.25,10397.6,0.326,0.01,65.8,0.009
36,0,20000,20000.0,65059.29645526275,4.58754825592041,0.14840672444800881,0.37,2654.31,0.284,0.01,41.36,0.007,0.77,6994.599999999999,0.287,0.01,41.36,0.007,94309.18993253226,7.247525691986084,0.18151317244853066,0.43,2364.74,0.242,0.01,65.8,0.009,1.21,10373.0,0.325,0.01,65.8,0.009
36,0,20500,20500.0,67777.83229336022,4.150938034057617,0.14839610726961164,0.25,1189.92,0.196,0.01,41.36,0.007,0.78,7076.600000000001,0.287,0.01,41.36,0.007,94758.38150511918,7.832889556884766,0.18184265775091982,0.46,2364.74,0.243,0.01,65.8,0.009,1.16,10348.4,0.323,0.01,65.8,0.009
37,0,-21000,21000.0,4748.630106960627,0.35084420442581177,0.08711971258006673,0.04,99.36,0.116,0.0,10.77,0.007,0.06,549.4,0.17,0.0,1.88,0.003,48748.550129840005,10.218897819519043,0.16676449343722982,0.67,2224.8,0.308,0.01,41.36,0.008,1.34,6535.4,0.319,0.01,41.36,0.008
37,0,-20500,20500.0,4811.768555769049,0.3567892014980316,0.08772153205627244,0.04,99.36,0.117,0.0,10.77,0.007,0.06,541.2,0.171,0.0,1.88,0.003,45881.076374288314,10.287527084350586,0.16343695107244002,0.66,2061.03,0.302,0.01,39.48,0.008,1.44,6182.8,0.315,0.01,39.48,0.008
37,0,-20000,20000.0,4924.170653899637,0.368405818939209,0.08851585204011425,0.05,129.54,0.121,0.0,10.77,0.007,0.07,557.6,0.172,0.0,1.88,0.003,42911.234733553,10.028922080993652,0.15924501088205562,0.66,1884.9,0.295,0.01,37.6,0.008,1.49,5764.6,0.31,0.01,37.6,0.008
37,0,-19500,19500.0,5073.152738488352,0.3843516707420349,0.08960327357260763,0.05,108.0,0.119,0.0,10.77,0.007,0.08,574.0,0.175,0.0,1.88,0.003,40354.751562015146,9.49264907836914,0.15600244462681465,0.58,1748.94,0.289,0.02,33.84,0.008,1.49,5330.0,0.304,0.02,33.84,0.008
37,0,-19000,19000.0,5241.639237636264,0.4124433100223541,0.0905634433718241,0.08,241.02,0.184,0.0,10.77,0.007,0.09,598.6,0.177,0.0,1.88,0.003,38048.921505797,8.76508617401123,0.15214842060971004,0.25,621.6,0.218,0.02,31.960000000000004,0.008,1.39,4920.0,0.297,0.02,31.960000000000004,0.008
37,0,-18500,18500.0,5409.624226509186,0.43999049067497253,0.09131872180637353,0.08,247.2,0.185,0.0,10.77,0.007,0.1,623.2,0.179,0.0,1.88,0.003,36180.728267795166,7.882328033447266,0.1491818730879768,1.25,4542.8,0.29,0.01,28.2,0.007,1.25,4542.8,0.29,0.01,28.2,0.007
37,0,-18000,18000.0,5578.126999451751,0.4703035354614258,0.0920276154263855,0.09,256.47,0.187,0.0,10.77,0.007,0.11,639.6,0.182,0.0,1.88,0.003,34752.320577798586,7.2062458992004395,0.14613558201731,0.56,1493.28,0.183,0.01,26.320000000000004,0.007,1.05,4239.4,0.284,0.01,26.320000000000004,0.007
37,0,-17500,17500.0,5732.80201561031,0.5009374618530273,0.09250246278415401,0.09,265.74,0.189,0.0,13.68,0.019,0.12,664.2,0.184,0.0,1.88,0.003,33915.74796906691,7.032864570617676,0.14482564253826746,0.38,1412.13,0.271,0.01,22.56,0.007,0.85,4001.6,0.279,0.01,22.56,0.007
37,0,-17000,17000.0,5884.781387623325,0.5351768136024475,0.09300857461437634,0.09,275.01,0.19,0.0,13.68,0.019,0.12,688.8,0.186,0.0,1.88,0.003,33526.53178269263,6.824679851531982,0.14393962798179294,0.37,1384.3200000000002,0.269,0.01,22.56,0.006,0.81,3862.2,0.276,0.01,22.56,0.006
37,0,-16500,16500.0,6036.266977129463,0.5761551856994629,0.09340856305793047,0.08,284.28,0.191,0.0,13.68,0.019,0.12,705.2,0.187,0.0,3.76,0.003,33383.635853758955,6.70260763168335,0.14357963023855821,0.34,1399.77,0.27,0.01,20.68,0.006,0.81,3780.2000000000003,0.274,0.01,20.68,0.006
37,0,-16000,16000.0,6198.583184255808,0.6222105622291565,0.09376038390748873,0.07,293.55,0.191,0.0,15.2,0.019,0.11,738.0,0.188,0.0,3.76,0.003,33642.70469459108,6.596099853515625,0.14402319447534775,0.33,1415.22,0.271,0.01,18.8,0.006,0.81,3780.2000000000003,0.274,0.01,18.8,0.006
37,0,-15500,15500.0,6379.540531526509,0.673542857170105,0.09407452907605214,0.06,296.64,0.19,0.0,10.77,0.007,0.1,754.4,0.189,0.0,3.76,0.003,34110.893544701794,6.781757354736328,0.14511315733650001,0.35,1430.67,0.272,0.01,18.8,0.006,0.85,3821.2,0.275,0.01,18.8,0.006
37,0,-15000,15000.0,6600.545892926639,0.736747682094574,0.09435474825168963,0.19,914.16,0.162,0.0,10.77,0.007,0.09,770.8,0.189,0.0,3.76,0.003,34529.141254907794,7.068361282348633,0.1457978049693692,0.37,1446.12,0.273,0.01,18.8,0.006,0.88,3870.4,0.276,0.01,18.8,0.006
37,0,-14500,14500.0,6854.364208875733,0.8145672678947449,0.09466233235405855,0.22,984.4800000000001,0.165,0.0,10.77,0.007,0.1,787.2,0.188,0.0,3.76,0.003,34893.7725083801,7.327557563781738,0.1464363003828011,0.4,1464.66,0.274,0.01,20.68,0.006,0.92,3919.6,0.277,0.01,20.68,0.006
37,0,-14000,14000.0,7194.972965838279,0.9187561273574829,0.09520199828021306,0.26,1063.59,0.169,0.0,10.77,0.007,0.11,795.4,0.188,0.0,3.76,0.003,35031.71443146585,7.518861293792725,0.1467551503352702,0.44,1486.2899999999997,0.275,0.01,20.68,0.006,0.97,3968.8,0.278,0.01,20.68,0.006
37,0,-13500,13500.0,7610.790868343343,1.0519018173217773,0.0960889719789228,0.3,1151.49,0.173,0.0,10.77,0.007,0.12,811.8,0.188,0.0,3.76,0.003,34796.05055049262,7.602520942687988,0.14605242616160974,0.48,1511.01,0.277,0.01,20.68,0.006,1.01,4018.0000000000005,0.28,0.01,20.68,0.006
37,0,-13000,13000.0,8155.527435952791,1.2277666330337524,0.09724349047031991,0.34,1256.97,0.178,0.0,10.77,0.007,0.14,844.6,0.189,0.0,3.76,0.003,34402.84179760015,7.596477031707764,0.1459009879874887,0.52,1541.91,0.278,0.01,20.68,0.006,1.06,4075.4,0.281,0.01,20.68,0.006
37,0,-12500,12500.0,8781.613936565145,1.4283502101898193,0.09856142603441208,0.37,1371.24,0.181,0.0,14.36,0.007,0.16,893.8000000000001,0.191,0.0,3.76,0.003,33732.40798179292,7.489306926727295,0.14521600789234873,0.52,1538.8200000000002,0.278,0.01,20.68,0.006,1.11,4141.0,0.282,0.01,20.68,0.006
37,0,-12000,12000.0,9539.998951325226,1.6510095596313477,0.10002746702147305,0.39,1485.51,0.184,0.0,14.36,0.007,0.19,967.6,0.195,0.0,3.76,0.003,32500.23736229149,7.263617515563965,0.1434450271537456,0.53,1535.73,0.278,0.01,20.68,0.006,1.15,4165.6,0.283,0.01,20.68,0.006
37,0,-11500,11500.0,10350.400643579258,1.8655163049697876,0.10136543865237775,0.39,1599.78,0.186,0.0,14.36,0.007,0.22,1041.4,0.198,0.0,3.76,0.003,31036.258992336367,6.993069171905518,0.1410719463428076,0.48,1464.66,0.273,0.01,20.68,0.006,1.17,4165.6,0.282,0.01,20.68,0.006
37,0,-11000,11000.0,11260.356168314254,2.0637869834899902,0.10287641389698195,0.15,491.31,0.209,0.0,14.36,0.007,0.27,1148.0,0.203,0.0,3.76,0.003,29329.593574945535,6.6262688636779785,0.1384716098611006,0.46,1387.41,0.268,0.01,20.68,0.006,1.17,4042.5999999999995,0.279,0.01,20.68,0.006
37,0,-10500,10500.0,12159.791297984795,2.2272958755493164,0.10402512931639349,0.16,537.66,0.212,0.0,14.36,0.007,0.31,1246.4,0.207,0.0,3.76,0.004,27324.250545116432,6.241350173950195,0.13442364603861254,0.45,1266.9,0.259,0.01,20.68,0.006,1.16,3854.0,0.274,0.01,20.68,0.006
37,0,-10000,10000.0,13079.796453133442,2.399319648742676,0.10544674750607722,0.18,587.1,0.215,0.0,14.36,0.007,0.35,1377.6,0.211,0.0,3.76,0.004,25390.50380066986,5.836809158325195,0.13061717346055435,0.43,1137.12,0.249,0.01,20.68,0.006,1.1,3566.9999999999995,0.267,0.01,20.68,0.006
37,0,-9500,9500.0,13903.602406870132,2.5585756301879883,0.10632278463789836,0.18,636.54,0.217,0.0,5.64,0.004,0.39,1500.6,0.215,0.0,5.64,0.004,23517.588089285022,5.460452556610107,0.1265662681880432,0.41,1035.15,0.24,0.01,18.8,0.006,1.03,3247.2,0.257,0.01,18.8,0.006
37,0,-9000,9000.0,14643.913650940263,2.654536008834839,0.10765588383825263,0.19,689.07,0.219,0.0,5.64,0.004,0.42,1640.0,0.217,0.0,5.64,0.004,21823.965886000857,5.170569896697998,0.12233688910298121,0.38,936.2699999999999,0.232,0.01,16.92,0.006,0.95,2927.4,0.247,0.01,16.92,0.006
37,0,-8500,8500.0,15208.768596267573,2.6917173862457275,0.10832710959299502,0.18,723.06,0.22,0.0,5.64,0.004,0.43,1779.4,0.22,0.0,5.64,0.004,20402.658819011565,4.963986873626709,0.1187506334775571,0.36,905.37,0.231,0.0,13.160000000000002,0.005,0.87,2648.6,0.237,0.0,13.160000000000002,0.005
37,0,-8000,8000.0,15587.233845559644,2.6826555728912354,0.10925504703033077,0.17,763.2300000000001,0.221,0.0,5.64,0.004,0.43,1894.2,0.221,0.0,5.64,0.004,19480.583203440125,4.879584312438965,0.11647395849268366,0.35,868.29,0.231,0.0,13.160000000000002,0.005,0.81,2484.6,0.235,0.0,13.160000000000002,0.005
37,0,-7500,7500.0,15759.673124828547,2.639658212661743,0.10940998445906441,0.16,769.4100000000001,0.221,0.0,7.52,0.004,0.42,2000.8,0.222,0.0,7.52,0.004,18914.199833814484,4.853724002838135,0.1155858530443359,0.34,865.2,0.231,0.0,9.4,0.004,0.78,2386.2,0.234,0.0,9.4,0.004
37,0,-7000,7000.0,15717.319789720354,2.573248863220215,0.10930630282661613,0.4,2058.2,0.223,0.0,7.52,0.004,0.4,2058.2,0.223,0.0,7.52,0.004,18665.54309116887,4.885495185852051,0.11529390933948605,0.33,862.11,0.231,0.0,9.4,0.004,0.75,2328.8,0.234,0.0,9.4,0.004
37,0,-6500,6500.0,15520.413708256292,2.4995880126953125,0.1085478054951469,0.15,760.14,0.221,0.0,7.52,0.004,0.38,2090.9999999999995,0.224,0.0,7.52,0.004,18498.638820545075,4.922984600067139,0.11503590465974492,0.31,874.47,0.232,0.0,9.4,0.004,0.74,2312.4,0.234,0.0,9.4,0.004
37,0,-6000,6000.0,15185.731766463043,2.426257610321045,0.1076704798604445,0.17,738.51,0.22,0.0,7.52,0.004,0.35,2066.4,0.223,0.0,7.52,0.004,18499.051605108016,4.956907272338867,0.11505502600625046,0.32,886.83,0.232,0.0,9.4,0.004,0.73,2320.6,0.234,0.0,9.4,0.004
37,0,-5500,5500.0,14779.726366745244,2.3634262084960938,0.10652847018415317,0.15,704.5199999999999,0.217,0.0,7.52,0.004,0.34,2009.0000000000002,0.222,0.0,7.52,0.004,18645.02622378526,4.950687408447266,0.11581271644494132,0.36,899.19,0.232,0.0,7.52,0.004,0.73,2345.2,0.235,0.0,7.52,0.004
37,0,-5000,5000.0,14344.186979667675,2.3178296089172363,0.10581062634173721,0.14,670.53,0.215,0.0,7.52,0.004,0.33,1927.0,0.22,0.0,7.52,0.004,18715.862862526916,5.002538204193115,0.11601787457480674,0.42,914.64,0.233,0.0,7.52,0.004,0.71,2386.2,0.235,0.0,7.52,0.004
37,0,-4500,4500.0,13930.057025114751,2.2906792163848877,0.10537956516439961,0.13,651.99,0.211,0.0,7.52,0.004,0.32,1836.8000000000002,0.217,0.0,7.52,0.004,18722.468924642,5.215229511260986,0.11590119845929227,0.45,914.64,0.233,0.0,9.4,0.004,0.77,2419.0,0.235,0.0,9.4,0.004
37,0,-4000,4000.0,13540.252623656783,2.2835655212402344,0.10502518426427257,0.35,1432.77,0.178,0.0,7.52,0.004,0.31,1754.8,0.212,0.0,7.52,0.004,18825.340163743647,5.289381504058838,0.11676096804355994,0.48,917.7300000000001,0.233,0.0,9.4,0.004,0.86,2443.6,0.236,0.0,9.4,0.004
37,0,-3500,3500.0,13254.178033027903,2.307141065597534,0.10525902280354503,0.37,1441.56,0.18,0.0,7.52,0.004,0.31,1697.3999999999999,0.209,0.0,7.52,0.004,18740.07308175536,5.240464210510254,0.11663632270343736,0.49,908.46,0.233,0.01,9.4,0.004,0.93,2451.8,0.236,0.01,9.4,0.004
37,0,-3000,3000.0,12985.613117412755,2.3762826919555664,0.10507367177929779,0.39,1476.72,0.182,0.0,7.52,0.004,0.31,1664.5999999999997,0.207,0.0,7.52,0.004,18636.710203958934,5.0594868659973145,0.11691811910816001,0.49,899.19,0.233,0.01,9.4,0.004,0.97,2443.6,0.236,0.01,9.4,0.004
37,0,-2500,2500.0,12767.916459209075,2.4429662227630615,0.1049994942244096,0.41,1511.88,0.184,0.0,7.52,0.004,0.32,1640.0,0.206,0.0,7.52,0.004,18450.706915377436,4.802539825439453,0.11690139108833188,0.48,883.74,0.233,0.01,9.4,0.004,0.99,2427.2,0.236,0.01,9.4,0.004
37,0,-2000,2000.0,12609.27378055314,2.5102596282958984,0.10482077939479648,0.16,577.83,0.208,0.0,7.52,0.004,0.32,1582.6,0.206,0.0,7.52,0.004,18243.4052571919,4.423576831817627,0.1172352430288286,0.47,868.29,0.233,0.01,9.4,0.004,0.97,2394.4,0.236,0.01,9.4,0.004
37,0,-1500,1500.0,12571.528366738112,2.567584276199341,0.10523061423064484,0.17,574.74,0.209,0.0,5.64,0.004,0.34,1541.6,0.207,0.0,5.64,0.004,17924.178393797127,4.017343997955322,0.11705905474098853,0.44,859.0199999999999,0.233,0.01,9.4,0.004,0.94,2353.4,0.236,0.01,9.4,0.004
37,0,-1000,1000.0,12657.82542509661,2.597961187362671,0.10567457420100458,0.18,577.83,0.212,0.0,5.64,0.004,0.37,1525.2,0.209,0.0,5.64,0.004,17563.765621754443,3.5483105182647705,0.11689451781622114,0.42,846.6600000000001,0.233,0.01,9.4,0.004,0.88,2312.4,0.235,0.01,9.4,0.004
37,0,-500,500.0,12850.824236251572,2.6098978519439697,0.10658424484653642,0.19,590.19,0.213,0.0,5.64,0.004,0.39,1525.2,0.212,0.0,5.64,0.004,17195.600309709404,3.106764554977417,0.11687465879095121,0.38,840.4800000000001,0.233,0.01,9.4,0.004,0.81,2279.6,0.235,0.01,9.4,0.004
37,0,0,0.0,13093.806779833267,2.5855798721313477,0.10727182353240639,0.2,605.64,0.215,0.0,5.64,0.004,0.41,1558.0,0.214,0.0,5.64,0.004,16750.693791461505,2.805788993835449,0.11649417355894252,0.35,834.3,0.233,0.01,9.4,0.004,0.72,2246.8,0.235,0.01,9.4,0.004
37,0,500,500.0,13326.052043919804,2.539283275604248,0.10793344938977568,0.19,627.2699999999999,0.217,0.0,5.64,0.004,0.42,1590.8,0.216,0.0,5.64,0.004,16287.511291371116,2.533130168914795,0.116228179358479,0.32,821.94,0.233,0.01,7.52,0.004,0.64,2222.2,0.235,0.01,7.52,0.004
37,0,1000,1000.0,13499.526029562207,2.459765672683716,0.10877189355435578,0.19,648.9,0.219,0.0,5.64,0.004,0.42,1648.1999999999998,0.218,0.0,5.64,0.004,15761.315871574901,2.2783050537109375,0.11571219828087734,0.28,809.58,0.232,0.0,7.52,0.004,0.55,2181.2,0.234,0.0,7.52,0.004
37,0,1500,1500.0,13574.619286367451,2.3581907749176025,0.1093429345590219,0.18,664.35,0.22,0.0,5.64,0.004,0.42,1697.3999999999999,0.22,0.0,5.64,0.004,15212.50462496967,2.127505302429199,0.11532867005474307,0.26,784.86,0.232,0.0,7.52,0.004,0.47,2148.4,0.234,0.0,7.52,0.004
37,0,2000,2000.0,13498.463779129406,2.2421112060546875,0.11006424541054098,0.17,682.89,0.22,0.0,5.64,0.004,0.4,1754.8,0.221,0.0,5.64,0.004,14604.27818409945,2.094296932220459,0.1146955184437428,0.23,757.05,0.232,0.0,7.52,0.004,0.41,2090.9999999999995,0.233,0.0,7.52,0.004
37,0,2500,2500.0,13303.498979064021,2.115208148956299,0.11038982206959176,0.15,679.8,0.22,0.0,5.64,0.004,0.38,1795.8,0.222,0.0,5.64,0.004,13983.451906757464,2.0308406352996826,0.11421346842059796,0.21,716.88,0.231,0.0,7.52,0.004,0.36,2025.4000000000003,0.233,0.0,7.52,0.004
37,0,3000,3000.0,12959.167943511526,1.9910346269607544,0.11049619612321565,0.14,676.71,0.22,0.0,5.64,0.004,0.35,1804.0000000000002,0.222,0.0,5.64,0.004,13321.78696564935,1.9463636875152588,0.11349549483453056,0.2,673.62,0.23,0.0,7.52,0.004,0.35,1943.4,0.232,0.0,7.52,0.004
37,0,3500,3500.0,12543.859570826737,1.8714431524276733,0.110185000713562,0.13,645.81,0.218,0.0,7.52,0.004,0.33,1804.0000000000002,0.221,0.0,7.52,0.004,12657.338622095815,1.8491337299346924,0.11286129258944831,0.12,285.42,0.146,0.0,7.52,0.004,0.33,1836.8000000000002,0.231,0.0,7.52,0.004
37,0,4000,4000.0,12053.999826385058,1.7586430311203003,0.10922444595645273,0.13,608.73,0.217,0.0,7.52,0.004,0.3,1738.4,0.22,0.0,7.52,0.004,11987.716478159673,1.76089346408844,0.11193389115104486,0.12,281.4,0.146,0.0,7.52,0.004,0.3,1722.0,0.23,0.0,7.52,0.004
37,0,4500,4500.0,11589.221618534919,1.655317783355713,0.10819883095630367,0.13,571.65,0.215,0.0,5.64,0.004,0.27,1656.4,0.219,0.0,5.64,0.004,11370.40564792182,1.6889209747314453,0.11121514272076445,0.12,265.32,0.146,0.0,7.52,0.004,0.27,1590.8,0.229,0.0,7.52,0.004
37,0,5000,5000.0,11196.790450857476,1.594783067703247,0.10690100035133823,0.13,531.48,0.213,0.0,5.64,0.004,0.25,1541.6,0.217,0.0,5.64,0.004,10831.88668206973,1.6623754501342773,0.11002410335610074,0.12,259.29,0.145,0.0,5.64,0.004,0.25,1467.8,0.227,0.0,5.64,0.004
37,0,5500,5500.0,10922.442334943116,1.5415804386138916,0.10620195286870486,0.13,519.12,0.213,0.0,5.64,0.004,0.25,1443.2,0.215,0.0,5.64,0.004,10434.765639211306,1.6836880445480347,0.10933557647314335,0.12,241.2,0.145,0.0,5.64,0.004,0.24,1344.8,0.225,0.0,5.64,0.004
37,0,6000,6000.0,10799.323966162263,1.4918880462646484,0.10573643998372044,0.13,506.75999999999993,0.213,0.0,5.64,0.004,0.24,1377.6,0.213,0.0,5.64,0.004,10215.216093323495,1.7795971632003784,0.1078851319822575,0.11,233.15999999999997,0.145,0.0,5.64,0.004,0.24,1238.2,0.223,0.0,5.64,0.004
37,0,6500,6500.0,10800.431622548715,1.4422258138656616,0.1060716549726297,0.13,512.94,0.213,0.0,5.64,0.004,0.23,1336.6,0.213,0.0,5.64,0.004,10205.986374852251,1.9453409910202026,0.1072863016717319,0.59,1292.13,0.191,0.0,5.64,0.004,0.25,1148.0,0.221,0.0,5.64,0.004
37,0,7000,7000.0,10879.95809201006,1.3885433673858643,0.10658339800589395,0.13,525.3,0.215,0.0,5.64,0.004,0.22,1344.8,0.213,0.0,5.64,0.004,10440.547441004324,2.195265531539917,0.1062600862272738,0.71,1441.56,0.193,0.0,5.64,0.004,0.27,1090.6,0.219,0.0,5.64,0.004
37,0,7500,7500.0,10978.022158058955,1.3333631753921509,0.10729043670476412,0.12,534.57,0.216,0.0,5.64,0.004,0.21,1369.4,0.215,0.0,5.64,0.004,10874.924651786396,2.470858335494995,0.10621751621849759,0.82,1564.62,0.195,0.0,3.76,0.004,0.29,1057.8,0.218,0.0,3.76,0.004
37,0,8000,8000.0,11022.93785901335,1.2690367698669434,0.10791687971823516,0.12,546.93,0.217,0.0,5.64,0.004,0.21,1402.2,0.216,0.0,5.64,0.004,11536.914616995891,2.8195765018463135,0.10665177784374759,0.9,1634.94,0.196,0.0,3.76,0.004,0.34,1090.6,0.218,0.0,3.76,0.004
37,0,8500,8500.0,10995.27319693409,1.2031152248382568,0.10822057744881503,0.11,546.93,0.216,0.0,5.64,0.004,0.2,1435.0,0.217,0.0,5.64,0.004,12291.02307504443,3.419391393661499,0.10760969572611324,0.94,1670.1,0.196,0.0,3.76,0.004,0.41,1156.2,0.219,0.0,3.76,0.004
37,0,9000,9000.0,10862.523499321105,1.127301573753357,0.10835013762523793,0.09,550.02,0.216,0.0,5.64,0.004,0.19,1443.2,0.217,0.0,5.64,0.004,13145.521412113121,3.9930708408355713,0.10950569397349524,0.38,568.56,0.227,0.0,3.76,0.004,0.51,1287.4,0.222,0.0,3.76,0.004
37,0,9500,9500.0,10666.478207002012,1.0879874229431152,0.10815086552497749,0.09,540.75,0.216,0.0,5.64,0.004,0.19,1443.2,0.217,0.0,5.64,0.004,13919.247047294293,4.481972694396973,0.11104999052867633,0.44,624.18,0.229,0.0,5.64,0.004,0.64,1443.2,0.225,0.0,5.64,0.004
37,0,10000,10000.0,10412.651444838377,1.134000539779663,0.1076164518592677,0.1,531.48,0.215,0.0,5.64,0.004,0.19,1426.8,0.216,0.0,5.64,0.004,14444.183808852951,4.8013739585876465,0.11220687468740319,0.52,685.9800000000001,0.231,0.0,5.64,0.004,0.79,1615.4,0.228,0.0,5.64,0.004
37,0,10500,10500.0,10170.712403489879,1.1924065351486206,0.1070280784091585,0.28,1169.07,0.179,0.0,5.64,0.004,0.18,1402.2,0.215,0.0,5.64,0.004,14880.250691287349,4.953789710998535,0.11347435053562151,0.55,698.3399999999999,0.231,0.0,5.64,0.004,0.94,1771.2000000000003,0.23,0.0,5.64,0.004
37,0,11000,11000.0,9959.909651896887,1.2702932357788086,0.10596074011730226,0.32,1204.23,0.179,0.0,5.64,0.004,0.18,1353.0,0.214,0.0,5.64,0.004,15007.6215756682,4.956409454345703,0.11456184791193899,0.58,716.88,0.232,0.01,5.64,0.004,1.05,1869.5999999999997,0.232,0.01,5.64,0.004
37,0,11500,11500.0,9822.882587579266,1.3554688692092896,0.10516593173204876,0.35,1239.39,0.18,0.0,5.64,0.004,0.19,1303.8,0.212,0.0,5.64,0.004,14837.387817072093,4.846969127655029,0.1141530862168504,0.57,698.3399999999999,0.232,0.01,7.52,0.004,1.12,1918.7999999999997,0.232,0.01,7.52,0.004
37,0,12000,12000.0,9782.010079262614,1.445542812347412,0.10424496742905899,0.38,1283.34,0.181,0.0,5.64,0.004,0.2,1246.4,0.211,0.0,5.64,0.004,14555.954097153593,4.666257858276367,0.1144868123149434,0.55,676.71,0.231,0.01,7.52,0.004,1.12,1902.3999999999999,0.232,0.01,7.52,0.004
37,0,12500,12500.0,9820.288536643313,1.5420423746109009,0.10382348899535943,0.39,1309.71,0.182,0.0,5.64,0.004,0.22,1205.4,0.209,0.0,5.64,0.004,14149.31109294128,4.440074920654297,0.11423101519480187,0.51,651.99,0.231,0.01,7.52,0.004,1.09,1853.1999999999998,0.232,0.01,7.52,0.004
37,0,13000,13000.0,9947.419705421795,1.635848045349121,0.10373372825032495,0.39,1309.71,0.181,0.0,3.76,0.004,0.23,1189.0,0.208,0.0,3.76,0.004,13597.578231367104,4.138547420501709,0.11327806527447726,0.47,621.0899999999999,0.23,0.01,7.52,0.004,1.02,1779.4,0.231,0.01,7.52,0.004
37,0,13500,13500.0,10110.448087403356,1.7241976261138916,0.10405358702772854,0.15,482.04,0.211,0.0,3.76,0.004,0.27,1189.0,0.208,0.0,3.76,0.004,13107.291495960322,3.8704874515533447,0.11283100040158148,0.44,605.64,0.229,0.01,7.52,0.004,0.95,1705.6,0.23,0.01,7.52,0.004
37,0,14000,14000.0,10274.303456880403,1.793231725692749,0.10468718997202586,0.18,503.66999999999996,0.212,0.0,3.76,0.004,0.31,1230.0,0.209,0.0,3.76,0.004,12562.330214328795,3.577725887298584,0.1116280085135089,0.4,590.19,0.228,0.09,177.1,0.013,0.87,1631.8,0.229,0.01,7.52,0.004
37,0,14500,14500.0,10389.223818956089,1.8424007892608643,0.10521070318272087,0.19,516.03,0.213,0.0,17.95,0.007,0.35,1287.4,0.211,0.0,5.64,0.004,12088.50028423335,3.3142638206481934,0.11095279153659507,0.38,580.92,0.227,0.08,177.1,0.013,0.8,1590.8,0.228,0.01,5.64,0.004
37,0,15000,15000.0,10397.359132310288,1.8582215309143066,0.1057951402191917,0.2,531.48,0.213,0.0,17.95,0.007,0.38,1344.8,0.212,0.0,5.64,0.004,11607.506942232128,3.0275120735168457,0.11000441034784425,0.35,571.65,0.226,0.08,177.1,0.012,0.74,1549.8,0.227,0.01,5.64,0.004
37,0,15500,15500.0,10294.399996708644,1.8479530811309814,0.1058543596035779,0.2,525.3,0.213,0.0,5.64,0.004,0.4,1385.8,0.213,0.0,5.64,0.004,11148.784454998313,2.7646358013153076,0.10935614671044326,0.32,559.29,0.225,0.0,5.64,0.004,0.69,1517.0,0.225,0.0,5.64,0.004
37,0,16000,16000.0,10050.990614864122,1.8021997213363647,0.10574154175343516,0.2,519.12,0.212,0.0,5.64,0.004,0.41,1385.8,0.213,0.0,5.64,0.004,10655.746389153679,2.51287579536438,0.10872279890170183,0.29,546.93,0.224,0.0,5.64,0.004,0.64,1484.2,0.224,0.0,5.64,0.004
37,0,16500,16500.0,9721.225283576097,1.7377862930297852,0.1051503404221764,0.2,497.49000000000007,0.211,0.0,5.64,0.004,0.41,1369.4,0.212,0.0,5.64,0.004,10145.938012663744,2.2729969024658203,0.10827601524583125,0.27,519.12,0.222,0.0,5.64,0.004,0.6,1451.4,0.223,0.0,5.64,0.004
37,0,17000,17000.0,9313.527809362267,1.6438207626342773,0.10415371542736626,0.2,472.77,0.209,0.0,5.64,0.004,0.4,1328.4,0.211,0.0,5.64,0.004,9544.030558605007,2.0435495376586914,0.10760854368339341,0.24,491.31,0.221,0.0,5.64,0.004,0.55,1402.2,0.221,0.0,5.64,0.004
37,0,17500,17500.0,8899.717309523794,1.5295640230178833,0.10308161384611907,0.19,444.96,0.207,0.0,5.64,0.004,0.39,1262.8,0.209,0.0,5.64,0.004,8892.39466688917,1.8282166719436646,0.10681278017425885,0.22,454.23,0.219,0.0,5.64,0.004,0.5,1336.6,0.22,0.0,5.64,0.004
37,0,18000,18000.0,8488.729752732786,1.4047715663909912,0.10160014171652522,0.18,417.15,0.205,0.0,5.64,0.004,0.36,1197.2,0.207,0.0,5.64,0.004,8136.412684718852,1.628493309020996,0.10539471529627151,0.2,410.97,0.217,0.0,5.64,0.004,0.45,1246.4,0.218,0.0,5.64,0.004
37,0,18500,18500.0,8112.391206069606,1.2717341184616089,0.10039534384059909,0.16,398.61,0.203,0.0,5.64,0.004,0.34,1123.4,0.204,0.0,5.64,0.004,7347.656694342709,1.4367365837097168,0.10366033309101418,0.18,367.71,0.215,0.0,5.64,0.004,0.41,1139.8,0.216,0.0,5.64,0.004
37,0,19000,19000.0,7761.048515935419,1.15763258934021,0.0992179779404053,0.14,376.98,0.201,0.0,3.76,0.004,0.3,1057.8,0.202,0.0,3.76,0.004,6507.558555719368,1.24930739402771,0.10099612731831392,0.16,318.27,0.211,0.0,9.12,0.018,0.37,1025.0,0.213,0.0,5.64,0.004
37,0,19500,19500.0,7440.009055906445,1.061727523803711,0.09848277118532398,0.08,152.76,0.128,0.0,3.76,0.004,0.26,1000.4,0.199,0.0,3.76,0.004,5702.9069000289155,1.0633376836776733,0.09830629091438811,0.06,103.6,0.145,0.0,9.12,0.018,0.32,910.2000000000002,0.209,0.0,3.76,0.004
37,0,20000,20000.0,7124.031918520235,0.9667371511459351,0.09789235339345292,0.05,113.40000000000002,0.138,0.0,13.68,0.019,0.23,967.6,0.198,0.0,3.76,0.004,4907.569753873662,0.8838265538215637,0.0943496591804809,0.08,152.76,0.134,0.0,7.6,0.017,0.27,779.0,0.204,0.0,3.76,0.004
37,0,20500,20500.0,6826.371117580174,0.8765339255332947,0.09758285816000993,0.07,148.74,0.128,0.0,13.68,0.019,0.21,942.9999999999999,0.198,0.0,3.76,0.003,4201.858867029967,0.7150133848190308,0.09075585311794697,0.06,126.63,0.13,0.0,7.6,0.017,0.21,656.0,0.196,0.0,3.76,0.004
38,0,-21000,21000.0,109878.06762657335,7.553314685821533,0.1873354880638453,0.53,3472.2,0.257,0.02,62.04,0.009,1.14,9881.0,0.32,0.02,62.04,0.009,62121.3541485336,10.623952865600586,0.16996027340213832,0.97,2787.18,0.317,0.02,39.48,0.008,1.72,6961.8,0.315,0.02,39.48,0.008
38,0,-20500,20500.0,114571.38379835516,7.6779327392578125,0.19183785860502306,0.55,3286.76,0.258,0.01,63.92000000000001,0.009,0.98,10069.6,0.323,0.01,63.92000000000001,0.009,64085.48444129947,11.216038703918457,0.17248135041231136,0.86,2796.45,0.318,0.01,39.48,0.008,1.69,7093.0,0.316,0.01,39.48,0.008
38,0,-20000,20000.0,116909.12186805249,8.048321723937988,0.1944365610615361,0.59,3594.54,0.258,0.01,63.92000000000001,0.009,0.84,11283.2,0.332,0.01,63.92000000000001,0.009,66683.00019732941,11.447583198547363,0.17824757648173273,0.88,2149.2,0.245,0.01,37.6,0.008,1.61,7224.2,0.318,0.01,37.6,0.008
38,0,-19500,19500.0,116711.95783608477,7.940293788909912,0.194567063724405,0.52,2760.48,0.25,0.01,78.96,0.01,1.03,12480.4,0.339,0.01,78.96,0.01,68741.1733222747,11.736027717590332,0.18310685280256053,0.89,2034.54,0.247,0.02,41.36,0.008,1.8,7306.2,0.319,0.02,41.36,0.008
38,0,-19000,19000.0,113295.56381899885,8.04043197631836,0.19226300387592496,0.94,5620.71,0.345,0.01,82.72,0.01,1.31,13636.6,0.345,0.01,82.72,0.01,69455.41121274514,12.25013256072998,0.18781906817594804,0.96,2224.0,0.246,0.02,41.36,0.008,1.85,7281.600000000001,0.319,0.02,41.36,0.008
38,0,-18500,18500.0,109465.22373113185,7.46640682220459,0.1891312398928911,0.9,5305.530000000001,0.342,0.02,92.12,0.01,1.75,14760.0,0.35,0.02,92.12,0.01,68057.94986169682,12.76449966430664,0.1899873392090189,0.53,1171.8,0.258,0.02,45.12,0.008,1.84,7043.8,0.317,0.02,45.12,0.008
38,0,-18000,18000.0,105572.12961349833,6.415721893310547,0.1870512077686734,0.85,4962.54,0.338,0.02,95.88,0.01,1.73,14030.2,0.347,0.02,95.88,0.01,63605.34229187887,12.800132751464844,0.1855137162895602,0.5,1156.4,0.257,0.02,43.24,0.008,1.78,7790.0,0.325,0.02,43.24,0.008
38,0,-17500,17500.0,102458.88097380576,6.524845600128174,0.18591087819934254,0.57,2797.2,0.246,0.02,86.48,0.01,1.64,13169.199999999999,0.343,0.02,86.48,0.01,58349.6570932139,12.604412078857422,0.17884728246483172,1.12,3346.47,0.333,0.03,54.519999999999996,0.009,1.94,8610.0,0.333,0.03,54.519999999999996,0.009
38,0,-17000,17000.0,100285.92241493025,7.879786968231201,0.18474637506330777,0.88,2772.9,0.245,0.02,82.72,0.01,1.18,12127.8,0.337,0.02,82.72,0.01,52549.867214268015,12.137436866760254,0.16994285557388336,1.36,3491.7,0.337,0.03,58.28,0.01,2.25,8790.4,0.336,0.03,58.28,0.01
38,0,-16500,16500.0,98819.30556421867,9.483521461486816,0.18463563850459846,0.87,2626.36,0.247,0.01,73.32,0.009,1.07,11086.4,0.331,0.01,73.32,0.009,48061.26329877167,11.701750755310059,0.16241764479048504,1.04,2898.4200000000005,0.324,0.02,54.519999999999996,0.009,2.6,8970.8,0.338,0.02,54.519999999999996,0.009
38,0,-16000,16000.0,98354.51051934906,11.627026557922363,0.1839285108987279,0.95,2524.76,0.244,0.01,69.56,0.009,1.07,11176.6,0.332,0.01,69.56,0.009,44846.652561350056,11.827068328857422,0.15604996241858585,0.78,2237.16,0.304,0.02,54.519999999999996,0.009,1.81,7355.400000000001,0.324,0.02,54.519999999999996,0.009
38,0,-15500,15500.0,98022.51521440885,12.664088249206543,0.18288465954248606,1.0,2471.42,0.243,0.01,73.32,0.009,1.32,11299.6,0.333,0.01,73.32,0.009,44068.09144472179,12.564638137817383,0.15604841816489087,0.79,1937.4299999999998,0.291,0.02,33.84,0.008,1.54,5772.8,0.304,0.02,33.84,0.008
38,0,-15000,15000.0,98002.87024912814,11.958643913269043,0.18053734641234037,1.27,4088.07,0.326,0.01,75.2,0.009,1.93,11234.0,0.332,0.01,75.2,0.009,45848.7082983823,13.844327926635742,0.1598789529969896,0.78,1428.3,0.222,0.01,28.2,0.007,1.51,5043.0,0.291,0.01,28.2,0.007
38,0,-14500,14500.0,98987.97388020362,10.138060569763184,0.17904195621039348,1.47,4023.18,0.324,0.02,73.32,0.009,2.53,11135.6,0.332,0.02,73.32,0.009,47548.45585966535,15.179486274719238,0.16369046766437464,0.79,1353.82,0.223,0.01,24.44,0.007,1.5,4370.6,0.278,0.01,24.44,0.007
38,0,-14000,14000.0,101779.7144717981,7.579626083374023,0.17910123600722033,1.69,3955.2,0.323,0.03,73.32,0.009,2.86,10889.6,0.33,0.03,73.32,0.009,49088.0298193932,16.018754959106445,0.16608267893239234,2.89,6460.65,0.266,0.01,22.56,0.007,1.61,4764.2,0.286,0.01,22.56,0.007
38,0,-13500,13500.0,106255.37203064011,7.99211311340332,0.1807021303600977,1.34,3967.56,0.323,0.03,69.56,0.009,3.11,10676.4,0.328,0.03,69.56,0.009,49727.494554628836,16.472883224487305,0.16592326288952508,0.48,779.8,0.233,0.02,28.2,0.007,1.96,5321.8,0.297,0.02,28.2,0.007
38,0,-13000,13000.0,112774.33718048676,10.05152702331543,0.18663759492067866,0.94,3979.9200000000005,0.323,0.03,69.56,0.009,2.18,10520.6,0.326,0.03,69.56,0.009,49667.63328672975,16.415124893188477,0.16721382548014677,1.16,2487.45,0.311,0.02,30.08,0.007,2.32,5912.2,0.306,0.02,30.08,0.007
38,0,-12500,12500.0,118367.86791070973,12.097943305969238,0.19197357438198034,0.9,3704.4,0.261,0.02,65.8,0.009,1.41,10569.8,0.326,0.02,65.8,0.009,48765.66137800445,16.121620178222656,0.16698130883794401,1.24,2357.67,0.306,0.03,35.72,0.008,2.65,6453.4,0.313,0.03,35.72,0.008
38,0,-12000,12000.0,121722.13129349248,13.213846206665039,0.19763280023456037,1.22,3680.1,0.261,0.01,63.92000000000001,0.009,1.28,11389.8,0.332,0.01,63.92000000000001,0.009,46659.43206265026,15.230120658874512,0.16775010883582525,1.3,2221.71,0.301,0.01,33.44,0.021,2.71,6141.8,0.309,0.03,39.48,0.009
38,0,-11500,11500.0,122089.3191335139,16.05941390991211,0.20160253712094647,1.21,3484.88,0.262,0.01,75.2,0.009,1.46,12275.4,0.338,0.01,75.2,0.009,44265.75203102464,13.962831497192383,0.16920125559187746,1.42,2224.8,0.304,0.01,33.44,0.021,2.75,5822.0,0.304,0.03,33.84,0.008
38,0,-11000,11000.0,116933.2547512431,17.264596939086914,0.20031544156184525,1.31,3811.3800000000006,0.262,0.02,78.96,0.01,1.72,14005.599999999999,0.347,0.02,78.96,0.01,40535.486559808116,11.5332670211792,0.16567418745748438,1.56,2240.25,0.307,0.11,283.36,0.013,2.97,5863.0,0.306,0.04,33.84,0.008
38,0,-10500,10500.0,110063.26637897114,16.850122451782227,0.1964830503377512,0.71,2004.8,0.274,0.02,95.88,0.01,2.44,15686.6,0.354,0.02,95.88,0.01,36129.7457455747,8.731922149658203,0.15923050708497835,1.18,2104.29,0.3,0.13,247.94000000000003,0.013,3.12,5895.8,0.309,0.04,35.72,0.009
38,0,-10000,10000.0,101429.80359800356,14.651601791381836,0.18973716546912459,0.64,1885.8,0.27,0.22,1788.71,0.029,2.89,15596.4,0.354,0.03,103.40000000000002,0.01,31165.788927183803,5.963078022003174,0.14913710867481242,2.54,5682.6,0.305,0.14,247.94000000000003,0.013,2.54,5682.6,0.305,0.05,37.6,0.009
38,0,-9500,9500.0,93675.41043524892,11.63753890991211,0.18298535585425527,3.09,15129.0,0.352,0.03,101.52,0.01,3.09,15129.0,0.352,0.03,101.52,0.01,26380.07006127257,4.692837238311768,0.13754666665324597,2.03,5346.4,0.3,0.15,247.94000000000003,0.013,2.03,5346.4,0.3,0.02,31.960000000000004,0.008
38,0,-9000,9000.0,87815.34493269197,8.68270206451416,0.1748730121581107,2.24,12775.6,0.341,0.04,101.52,0.01,2.24,12775.6,0.341,0.04,101.52,0.01,22171.748193332936,4.503630638122559,0.12672310481312804,1.22,4305.0,0.279,0.01,31.960000000000004,0.008,1.22,4305.0,0.279,0.01,31.960000000000004,0.008
38,0,-8500,8500.0,85251.14205687407,6.240218639373779,0.17095069466186086,1.68,6447.26,0.176,0.02,75.2,0.009,1.42,10381.2,0.326,0.02,75.2,0.009,19311.94503249485,4.327744960784912,0.12159762338880159,0.32,1022.79,0.23,0.01,18.8,0.006,0.73,3296.3999999999996,0.252,0.01,18.8,0.006
38,0,-8000,8000.0,87644.59556011732,6.416945457458496,0.1695657856271319,0.8,3748.68,0.238,0.02,67.68,0.009,0.94,9397.2,0.318,0.02,67.68,0.009,17175.624825897434,4.191561698913574,0.11596339961356189,0.34,880.65,0.224,0.01,15.04,0.005,0.68,2624.0,0.229,0.01,15.04,0.005
38,0,-7500,7500.0,92769.0752187616,9.75805950164795,0.17117945618025743,0.91,4204.36,0.244,0.01,56.4,0.009,0.93,8765.8,0.312,0.01,56.4,0.009,16005.521435661103,4.008193016052246,0.11531996702873061,0.37,896.1,0.225,0.0,9.4,0.004,0.64,2312.4,0.225,0.0,9.4,0.004
38,0,-7000,7000.0,101314.34728992819,12.459256172180176,0.1755048659835507,0.93,3401.7,0.245,0.01,54.519999999999996,0.008,0.82,8897.0,0.313,0.01,54.519999999999996,0.008,15293.169264979588,3.7995316982269287,0.11391662977059065,0.41,917.7300000000001,0.226,0.0,7.52,0.004,0.68,2320.6,0.225,0.0,7.52,0.004
38,0,-6500,6500.0,110738.1481282321,13.981335639953613,0.18052554164511858,0.95,3462.6,0.246,0.01,56.4,0.009,0.7,9159.4,0.316,0.01,56.4,0.009,14502.604679694741,3.5536746978759766,0.11150344006814632,0.34,825.03,0.224,0.0,9.4,0.004,0.7,2361.6,0.227,0.0,9.4,0.004
38,0,-6000,6000.0,120319.41314029257,15.9044828414917,0.18618789598315588,0.89,3455.54,0.256,0.01,56.4,0.009,1.15,9979.4,0.322,0.01,56.4,0.009,13699.952613003825,3.301901340484619,0.10857114837167095,0.27,726.15,0.221,0.01,9.4,0.004,0.59,2148.4,0.224,0.01,9.4,0.004
38,0,-5500,5500.0,128460.39855090601,17.90852165222168,0.18999118078422925,0.49,1818.6,0.267,0.01,67.68,0.009,1.7,10832.2,0.328,0.01,67.68,0.009,13120.924687513661,3.1213462352752686,0.10682856971687102,0.24,667.44,0.218,0.0,7.52,0.004,0.52,1902.3999999999999,0.221,0.0,7.52,0.004
38,0,-5000,5000.0,135268.9248391888,18.117746353149414,0.19456427553000236,0.47,1866.2,0.269,0.02,69.56,0.009,2.01,12283.6,0.337,0.02,69.56,0.009,12915.504066490663,3.0793492794036865,0.10579331495622492,0.22,605.64,0.216,0.0,7.52,0.004,0.45,1730.2,0.217,0.0,7.52,0.004
38,0,-4500,4500.0,139914.16627596426,17.107139587402344,0.1972388777443002,0.97,5351.88,0.342,0.02,86.48,0.01,2.24,13677.6,0.345,0.02,86.48,0.01,13045.863334160322,3.1634891033172607,0.10629072864743537,0.23,590.19,0.215,0.0,5.64,0.004,0.38,1590.8,0.215,0.0,5.64,0.004
38,0,-4000,4000.0,141587.25153109038,15.814638137817383,0.19844898058234658,1.27,4919.92,0.252,0.03,90.24,0.01,2.14,14604.199999999999,0.349,0.03,90.24,0.01,13535.490285693577,3.3687028884887695,0.10718309097684102,0.25,577.83,0.216,0.0,5.64,0.004,0.4,1566.2,0.215,0.0,5.64,0.004
38,0,-3500,3500.0,141757.88526224374,17.059165954589844,0.19852182210377878,1.38,4823.8,0.252,0.02,101.52,0.01,2.24,15366.799999999997,0.352,0.02,101.52,0.01,14175.792782091674,3.5692248344421387,0.10831096688829545,0.8,1916.2200000000003,0.193,0.0,5.64,0.004,0.42,1541.6,0.216,0.0,5.64,0.004
38,0,-3000,3000.0,140111.46390867396,19.36024284362793,0.1968990047498999,1.53,5137.08,0.254,0.02,103.40000000000002,0.01,2.14,15858.8,0.355,0.02,103.40000000000002,0.01,14983.85968010874,3.730144739151001,0.11063722787253111,0.92,2188.71,0.196,0.0,5.64,0.004,0.44,1549.8,0.216,0.0,5.64,0.004
38,0,-2500,2500.0,137774.6723556422,21.69399070739746,0.1944501562021929,1.63,5332.88,0.256,0.02,109.03999999999999,0.01,2.03,16227.8,0.356,0.02,109.03999999999999,0.01,15634.915784449186,3.795978546142578,0.11248138880291784,0.35,636.54,0.22,0.0,5.64,0.004,0.46,1566.2,0.217,0.0,5.64,0.004
38,0,-2000,2000.0,135609.7688516009,24.152956008911133,0.19272423180468742,1.68,5485.96,0.257,0.02,110.92,0.01,1.72,15744.0,0.354,0.02,110.92,0.01,16044.271721398854,3.77687931060791,0.11386978417323647,0.41,701.43,0.225,0.0,5.64,0.004,0.52,1664.5999999999997,0.219,0.0,5.64,0.004
38,0,-1500,1500.0,134178.09766185127,25.98038673400879,0.19164383510520797,1.73,5596.32,0.258,0.02,103.40000000000002,0.01,1.83,15227.4,0.352,0.02,103.40000000000002,0.01,16316.414997857692,3.874385356903076,0.11508954263550805,0.47,791.04,0.228,0.0,5.64,0.004,0.62,1820.4000000000003,0.224,0.0,5.64,0.004
38,0,-1000,1000.0,134188.60585249314,28.213848114013672,0.19307102153511507,1.45,4355.8,0.258,0.02,101.52,0.01,2.07,14620.599999999999,0.349,0.02,101.52,0.01,16261.263636509584,3.716618537902832,0.11540380812844613,0.55,889.92,0.232,0.0,7.52,0.004,0.74,2025.4000000000003,0.228,0.0,7.52,0.004
38,0,-500,500.0,134688.6340902085,28.919429779052734,0.1949950932048177,1.47,4373.2,0.258,0.02,97.76,0.01,2.3,14079.400000000001,0.347,0.02,97.76,0.01,16056.474640233853,3.43296217918396,0.11480074437175368,0.56,868.29,0.232,0.01,7.52,0.004,0.87,2255.0,0.231,0.01,7.52,0.004
38,0,0,0.0,135236.24119204687,29.328153610229492,0.19764112598754952,1.36,3936.6,0.267,0.02,94.0,0.01,2.56,14095.800000000001,0.348,0.02,94.0,0.01,15739.046051756286,3.220308780670166,0.11440214236795539,0.58,843.57,0.232,0.01,7.52,0.004,0.93,2255.0,0.232,0.01,7.52,0.004
38,0,500,500.0,135898.07683021136,29.1734676361084,0.20062847073528126,1.3,3713.48,0.268,0.02,97.76,0.01,2.77,14120.399999999998,0.348,0.02,97.76,0.01,15349.056409001116,3.1384074687957764,0.11359869542962028,0.52,775.5899999999999,0.229,0.01,7.52,0.004,0.95,2197.6,0.232,0.01,7.52,0.004
38,0,1000,1000.0,135552.99368781925,27.4081974029541,0.20247006574811766,1.42,4061.58,0.267,0.03,97.76,0.01,3.2,14530.399999999998,0.35,0.03,97.76,0.01,14910.413334673342,3.128941774368286,0.11185803968207798,0.46,701.43,0.226,0.01,7.52,0.004,0.84,2041.8000000000002,0.229,0.01,7.52,0.004
38,0,1500,1500.0,133814.91612292448,24.872478485107422,0.2029446023127315,0.75,2135.0,0.279,0.03,101.52,0.01,3.65,14940.399999999998,0.353,0.03,101.52,0.01,14567.029505567381,3.2217321395874023,0.11050584636436399,0.4,685.9800000000001,0.223,0.01,7.52,0.004,0.73,1869.5999999999997,0.225,0.01,7.52,0.004
38,0,2000,2000.0,129451.72999212737,21.96924591064453,0.19994392253271423,1.76,5691.780000000001,0.35,0.03,103.40000000000002,0.01,3.91,15235.599999999999,0.356,0.03,103.40000000000002,0.01,14403.622743150774,3.4091715812683105,0.1086663932430142,0.33,679.8,0.223,0.01,7.52,0.004,0.61,1828.6,0.222,0.01,7.52,0.004
38,0,2500,2500.0,124971.6527259239,22.702518463134766,0.19671309188848446,1.74,5707.23,0.351,0.04,105.28000000000002,0.01,4.12,15530.800000000001,0.358,0.04,105.28000000000002,0.01,14394.872541414043,3.5977604389190674,0.10743361786779076,0.28,667.44,0.221,0.0,7.52,0.004,0.51,1804.0000000000002,0.222,0.0,7.52,0.004
38,0,3000,3000.0,120904.93567264624,23.540971755981445,0.1940205312323849,1.71,5716.5,0.352,0.04,105.28000000000002,0.01,3.77,15292.999999999998,0.357,0.04,105.28000000000002,0.01,14529.753606762062,3.6945550441741943,0.10644508926062289,0.32,661.26,0.222,0.0,7.52,0.004,0.55,1763.0,0.221,0.0,7.52,0.004
38,0,3500,3500.0,118987.80201278321,24.487207412719727,0.19397287661728077,1.33,5388.96,0.348,0.03,99.64,0.01,3.46,15178.200000000003,0.357,0.03,99.64,0.01,14791.985887926649,3.7041544914245605,0.10617653995053167,0.33,661.26,0.22,0.0,7.52,0.004,0.62,1746.6,0.222,0.0,7.52,0.004
38,0,4000,4000.0,117124.37291126075,24.054624557495117,0.19325596345464022,1.06,3277.6199999999994,0.258,0.03,97.76,0.01,2.68,14120.399999999998,0.353,0.03,97.76,0.01,15025.922188324512,3.8060524463653564,0.10676571063042124,0.35,667.44,0.219,0.0,7.52,0.004,0.68,1746.6,0.22,0.0,7.52,0.004
38,0,4500,4500.0,116012.12553279719,22.422277450561523,0.19391232532569225,0.56,1724.8,0.269,0.02,84.6,0.01,2.67,13275.800000000001,0.349,0.02,84.6,0.01,15243.67165311089,3.7576119899749756,0.10833704667767843,0.31,685.9800000000001,0.218,0.0,7.52,0.004,0.72,1763.0,0.219,0.0,7.52,0.004
38,0,5000,5000.0,115161.31751463625,19.008211135864258,0.19499568089824912,1.43,4792.59,0.341,0.02,80.84,0.01,2.95,13234.8,0.349,0.02,80.84,0.01,15152.853358642176,3.4536871910095215,0.11032743430679905,0.18,297.48,0.139,0.0,7.52,0.004,0.67,1812.2,0.218,0.0,7.52,0.004
38,0,5500,5500.0,112867.13907572484,15.263470649719238,0.19472698567593136,1.35,4817.31,0.341,0.03,84.6,0.01,3.27,13038.0,0.348,0.03,84.6,0.01,14812.579113612446,3.068955421447754,0.11201105927364897,0.19,327.63,0.14,0.0,7.52,0.004,0.62,1877.8,0.218,0.0,7.52,0.004
38,0,6000,6000.0,109294.54168604716,12.844612121582031,0.19441600171398668,1.25,4848.21,0.341,0.03,84.6,0.01,2.97,13070.8,0.348,0.03,84.6,0.01,14042.983995459963,2.5651509761810303,0.11103448548247341,0.18,327.63,0.14,0.0,7.52,0.004,0.58,1968.0,0.219,0.0,7.52,0.004
38,0,6500,6500.0,105210.18309961146,10.933036804199219,0.19363836840069312,2.67,13120.0,0.348,0.03,86.48,0.01,2.67,13120.0,0.348,0.03,86.48,0.01,13177.392678121123,2.055245876312256,0.10908307869871385,0.16,327.63,0.141,0.0,7.52,0.004,0.53,2041.8000000000002,0.219,0.0,7.52,0.004
38,0,7000,7000.0,99965.20254577626,9.797059059143066,0.19090812425047224,0.41,1650.5999999999997,0.266,0.02,86.48,0.01,1.96,12874.0,0.346,0.02,86.48,0.01,12263.891736160258,1.5441868305206299,0.1045226566950332,0.29,607.92,0.128,0.0,7.52,0.004,0.46,1943.4,0.218,0.0,7.52,0.004
38,0,7500,7500.0,94825.53094016475,8.404168128967285,0.18811092791989853,0.82,4338.36,0.334,0.02,82.72,0.01,1.72,12537.8,0.344,0.02,82.72,0.01,11561.4996895771,1.2191143035888672,0.10025759886654521,0.39,1804.0000000000002,0.217,0.0,7.52,0.004,0.39,1804.0000000000002,0.217,0.0,7.52,0.004
38,0,8000,8000.0,89534.08705865586,7.027028560638428,0.18375282941162016,0.34,1450.4,0.259,0.02,82.72,0.01,1.6,11799.8,0.34,0.02,82.72,0.01,11316.4155113027,1.3962260484695435,0.09623911236371302,0.23,619.44,0.141,0.0,7.52,0.004,0.28,1492.4,0.212,0.0,7.52,0.004
38,0,8500,8500.0,85608.60711949007,6.048784255981445,0.18101601780350574,0.63,3797.6099999999997,0.326,0.02,75.2,0.01,1.49,11045.4,0.336,0.02,75.2,0.01,11693.615891813068,1.6388179063796997,0.09578568609380941,0.28,690.64,0.143,0.0,5.64,0.004,0.18,1189.0,0.205,0.0,5.64,0.004
38,0,9000,9000.0,83150.89798879535,5.198617458343506,0.17881243694813273,0.26,1243.2,0.25,0.02,71.44,0.009,1.21,10250.0,0.331,0.02,71.44,0.009,12861.060897565869,1.9141572713851929,0.09868559222702923,0.31,847.28,0.158,0.0,5.64,0.004,0.2,1098.8,0.206,0.0,5.64,0.004
38,0,9500,9500.0,81960.12404689514,4.4373040199279785,0.17826315472125087,0.31,1545.69,0.228,0.02,63.92000000000001,0.009,0.91,9577.6,0.327,0.02,63.92000000000001,0.009,14169.401454458213,2.1514933109283447,0.10174412871077135,0.33,950.52,0.167,0.0,3.76,0.004,0.23,1057.8,0.208,0.0,3.76,0.004
38,0,10000,10000.0,81924.09111163158,4.976038455963135,0.17795655705995528,0.28,1539.66,0.227,0.02,62.04,0.009,0.75,9208.6,0.324,0.02,62.04,0.009,15746.778796557195,2.3340535163879395,0.10627820217938502,0.22,521.1,0.149,0.0,3.76,0.004,0.27,1205.4,0.213,0.0,3.76,0.004
38,0,10500,10500.0,82402.09789510889,5.626170635223389,0.17848523063751573,1.19,9194.34,0.281,0.01,56.4,0.009,0.66,8929.8,0.322,0.01,56.4,0.009,17191.96696204798,2.455339193344116,0.10995819187706389,0.22,492.76,0.15,0.0,5.64,0.004,0.3,1369.4,0.216,0.0,5.64,0.004
38,0,11000,11000.0,83108.52643030378,6.260018348693848,0.17901245808826421,1.15,9080.07,0.28,0.01,56.4,0.009,0.69,9011.8,0.323,0.01,56.4,0.009,18412.716475796347,2.5966413021087646,0.11188651633876792,0.29,710.7,0.225,0.0,5.64,0.004,0.36,1648.1999999999998,0.222,0.0,5.64,0.004
38,0,11500,11500.0,83997.2969263593,6.812310218811035,0.17979013986357625,1.02,9036.12,0.28,0.01,56.4,0.009,0.75,9151.2,0.324,0.01,56.4,0.009,19669.42371869711,2.8177664279937744,0.11336320098949747,0.34,781.7699999999999,0.227,0.0,7.52,0.004,0.49,1927.0,0.226,0.0,7.52,0.004
38,0,12000,12000.0,84720.31299953478,7.068431377410889,0.1814373335120121,0.47,3606.03,0.323,0.01,56.4,0.009,0.88,9364.4,0.326,0.01,56.4,0.009,21089.42155663641,3.2264842987060547,0.11514916761333024,0.4,862.11,0.23,0.0,7.52,0.004,0.6,2140.2,0.229,0.0,7.52,0.004
38,0,12500,12500.0,84901.30089919825,7.064959526062012,0.18266707124920656,0.47,3602.94,0.323,0.01,58.28,0.009,1.05,9610.4,0.328,0.01,58.28,0.009,22925.589253881262,3.740828514099121,0.11824125234706236,0.34,852.8399999999999,0.23,0.0,9.4,0.004,0.69,2320.6,0.232,0.0,9.4,0.004
38,0,13000,13000.0,83850.33952481934,6.521484375,0.18321145528631513,0.49,3609.12,0.323,0.01,60.16,0.009,1.11,9667.8,0.329,0.01,60.16,0.009,25409.031338177865,4.477165222167969,0.12532809487003338,0.37,888.3,0.191,0.0,9.4,0.004,0.57,2312.4,0.232,0.0,9.4,0.004
38,0,13500,13500.0,82070.15448956241,6.245886325836182,0.1831455130856974,0.47,3661.65,0.324,0.01,60.16,0.009,1.12,9700.6,0.329,0.01,60.16,0.009,28161.101118150185,5.330731391906738,0.1327854750042666,1.39,4131.3,0.248,0.0,9.4,0.004,0.45,2296.0,0.233,0.0,9.4,0.004
38,0,14000,14000.0,79186.235253142,5.796935558319092,0.1811059352768926,0.52,3729.63,0.325,0.01,60.16,0.009,1.05,9881.0,0.33,0.01,60.16,0.009,31206.143846882813,6.236214637756348,0.14177068613352634,0.48,1093.5,0.208,0.0,9.4,0.004,0.63,2476.4,0.235,0.0,9.4,0.004
38,0,14500,14500.0,75885.40939998746,5.475408554077148,0.17812119180424982,0.4,3612.21,0.323,0.01,62.04,0.009,1.01,10020.4,0.331,0.01,62.04,0.009,33954.33852500263,6.972054481506348,0.1497169909932266,0.51,1038.86,0.21,0.0,9.4,0.004,0.84,2771.6,0.243,0.0,9.4,0.004
38,0,15000,15000.0,72512.55193015955,5.391824245452881,0.17376430852241548,0.45,3482.43,0.32,0.01,63.92000000000001,0.009,0.89,9725.2,0.329,0.01,63.92000000000001,0.009,35529.42524493939,7.20360803604126,0.15290870531188777,0.74,1563.5399999999997,0.283,0.0,11.28,0.004,1.09,3419.4,0.264,0.0,11.28,0.004
38,0,15500,15500.0,69725.12442097075,5.157876014709473,0.16986449063119477,0.39,3207.4200000000005,0.314,0.01,60.16,0.009,0.77,9372.6,0.326,0.01,60.16,0.009,36387.659561302,7.15677547454834,0.15339765570190586,0.83,1724.22,0.292,0.01,18.8,0.006,1.34,4067.2,0.282,0.01,18.8,0.006
38,0,16000,16000.0,68332.23779794567,4.82742166519165,0.16606054156954903,0.39,2904.6,0.306,0.01,58.28,0.009,0.79,8601.8,0.319,0.01,58.28,0.009,36784.66726960877,6.794772624969482,0.15112504179875208,0.95,1906.53,0.301,0.01,20.68,0.006,1.51,4534.6,0.292,0.01,20.68,0.006
38,0,16500,16500.0,68632.31225218246,4.562410354614258,0.16501579636571062,0.36,2784.09,0.303,0.01,50.76,0.008,0.8,7863.8,0.312,0.01,50.76,0.008,37472.47018882655,6.546309947967529,0.14915911015582678,0.64,1779.84,0.294,0.03,28.2,0.008,1.64,4928.2,0.3,0.03,28.2,0.008
38,0,17000,17000.0,70934.86631661354,4.806833267211914,0.16486532126817555,0.34,2651.22,0.299,0.01,47.0,0.008,0.74,7478.399999999999,0.308,0.01,47.0,0.008,39129.636325606116,6.182114601135254,0.14794054249244507,0.64,1653.15,0.287,0.03,28.2,0.008,1.24,4600.2,0.293,0.03,28.2,0.008
38,0,17500,17500.0,74500.60138802101,4.964306354522705,0.1666664293065903,0.4,3471.0,0.238,0.01,43.24,0.008,0.69,7166.8,0.304,0.01,43.24,0.008,42097.37172449865,6.597742080688477,0.14981969126251937,0.72,1646.97,0.286,0.01,22.56,0.007,1.35,4288.6,0.286,0.01,22.56,0.007
38,0,18000,18000.0,79469.985063908,5.672727584838867,0.1694581894023304,0.35,2673.8,0.236,0.01,43.24,0.008,0.75,7281.600000000001,0.305,0.01,43.24,0.008,47006.38496151802,9.835104942321777,0.1560336137289166,1.01,2370.96,0.233,0.01,20.68,0.006,1.42,4280.4,0.286,0.01,20.68,0.006
38,0,18500,18500.0,84784.7333265905,6.319340705871582,0.17239831968015445,0.39,2935.5,0.307,0.01,45.12,0.008,0.84,7445.6,0.307,0.01,45.12,0.008,52415.205535046254,13.239931106567383,0.16262794414836165,1.15,2623.72,0.239,0.02,20.68,0.006,1.45,4296.8,0.287,0.02,20.68,0.006
38,0,19000,19000.0,90802.90504357108,7.0324788093566895,0.17638489428628917,0.4,3114.6,0.244,0.01,45.12,0.008,0.91,7986.8,0.313,0.01,45.12,0.008,58292.17450646794,16.466455459594727,0.17369614979835693,1.16,2459.96,0.236,0.02,20.68,0.006,1.06,4641.2,0.293,0.02,20.68,0.006
38,0,19500,19500.0,96692.44485394884,7.8247761726379395,0.17970531717321606,0.37,2623.82,0.25,0.01,50.76,0.008,0.97,8528.0,0.318,0.01,50.76,0.008,62844.777801344935,18.845067977905273,0.18261297809641283,0.96,2189.5,0.243,0.01,26.320000000000004,0.007,1.2,5034.8,0.301,0.01,26.320000000000004,0.007
38,0,20000,20000.0,102424.82693152997,8.167046546936035,0.18416571491513492,0.4,2871.74,0.249,0.01,52.64000000000001,0.009,0.91,9200.4,0.324,0.01,52.64000000000001,0.009,64863.987089608934,20.554183959960938,0.1907160365463873,0.99,1841.4,0.243,0.01,26.320000000000004,0.007,1.47,6068.0,0.317,0.01,26.320000000000004,0.007
38,0,20500,20500.0,107309.82076039945,8.254598617553711,0.18726966288938166,0.22,1510.5999999999997,0.261,0.01,62.04,0.009,0.83,9799.0,0.328,0.01,62.04,0.009,63846.505709504316,22.697803497314453,0.1939546736638889,0.97,1739.9,0.244,0.02,39.48,0.009,2.22,7052.0,0.329,0.02,39.48,0.009
39,0,-21000,21000.0,206.2626936548078,0.010049411095678806,0.018847834496461265,0.02,23.2,0.069,0.0,0.0,0.004,0.0,8.2,0.019,0.0,0.0,0.002,1364.5341902553241,0.23816776275634766,0.09745213090192249,0.09,129.78,0.204,0.0,12.04,0.044,0.1,254.2,0.178,0.0,1.88,0.004
39,0,-20500,20500.0,248.16395800530842,0.01613766700029373,0.022161834874808477,0.02,26.1,0.071,0.0,0.0,0.004,0.0,8.2,0.015,0.0,0.0,0.002,1176.1420972961446,0.19554747641086578,0.09500566304195748,0.1,123.6,0.203,0.0,3.59,0.007,0.13,287.0,0.182,0.0,1.88,0.004
39,0,-20000,20000.0,315.03590987458665,0.02306104451417923,0.026948746248531486,0.02,31.9,0.079,0.0,0.0,0.004,0.0,8.2,0.01,0.0,0.0,0.002,932.0759483600796,0.14625190198421478,0.08704026980900921,0.1,117.42,0.202,0.0,3.59,0.007,0.12,254.2,0.177,0.0,1.88,0.004
39,0,-19500,19500.0,399.8310669916016,0.030629009008407593,0.03264356739958733,0.01,7.0,0.056,0.0,0.0,0.004,0.0,0.0,0.007,0.0,0.0,0.002,715.2045637927785,0.10315781086683273,0.07969271364130444,0.08,92.7,0.193,0.0,0.0,0.006,0.11,229.60000000000002,0.173,0.0,0.0,0.003
39,0,-19000,19000.0,469.3381467898561,0.03379198536276817,0.0369258012551105,0.01,8.4,0.062,0.0,0.0,0.004,0.0,8.2,0.011,0.0,0.0,0.002,516.5771864747597,0.06912291795015335,0.06831691260029844,0.06,64.89,0.179,0.0,0.0,0.006,0.08,172.2,0.156,0.0,0.0,0.003
39,0,-18500,18500.0,518.5318221856392,0.035331904888153076,0.03965954608631014,0.01,12.6,0.082,0.0,3.59,0.005,0.01,8.2,0.019,0.0,0.0,0.002,358.18954395429046,0.044391535222530365,0.0573730564243334,0.03,40.17,0.154,0.0,0.0,0.005,0.05,106.6,0.133,0.0,0.0,0.003
39,0,-18000,18000.0,533.1636875669858,0.033475931733846664,0.04073123644657084,0.01,12.6,0.082,0.0,3.59,0.005,0.01,24.6,0.034,0.0,0.0,0.002,259.24937370016323,0.029084952548146248,0.048525056883074597,0.01,8.04,0.086,0.0,0.0,0.005,0.03,65.6,0.102,0.0,0.0,0.003
39,0,-17500,17500.0,523.0842245104355,0.030500764027237892,0.040267520632546155,0.01,12.6,0.083,0.0,3.59,0.006,0.01,32.8,0.05,0.0,0.0,0.003,195.6097415913291,0.01889551617205143,0.04301714656113853,0.01,10.05,0.092,0.0,0.0,0.006,0.01,24.6,0.057,0.0,0.0,0.003
39,0,-17000,17000.0,477.9838244546724,0.025810861960053444,0.03814949150427842,0.01,12.6,0.08,0.0,3.59,0.006,0.01,41.0,0.056,0.0,0.0,0.003,165.9652610507237,0.013617063872516155,0.04141634342865101,0.01,6.96,0.08,0.0,0.0,0.006,0.01,8.2,0.031,0.0,0.0,0.003
39,0,-16500,16500.0,429.0021121193263,0.024381384253501892,0.035632477344739615,0.01,10.44,0.063,0.0,3.59,0.006,0.02,57.400000000000006,0.064,0.0,0.0,0.003,144.42014521582678,0.01042575016617775,0.04105128422496687,0.01,6.96,0.08,0.0,0.0,0.006,0.0,0.0,0.011,0.0,0.0,0.002
39,0,-16000,16000.0,362.74425587271253,0.021957024931907654,0.03180525348242031,0.01,12.06,0.063,0.0,3.59,0.006,0.01,49.2,0.057,0.0,0.0,0.003,118.80750647933382,0.007576083764433861,0.03869934759024876,0.01,8.04,0.085,0.0,0.0,0.006,0.0,0.0,0.013,0.0,0.0,0.002
39,0,-15500,15500.0,308.0998556890435,0.01985672116279602,0.02853197698587583,0.01,10.05,0.058,0.0,0.0,0.005,0.01,41.0,0.052,0.0,0.0,0.003,96.61497794429579,0.005325306206941605,0.036661224533111644,0.01,6.03,0.081,0.0,0.0,0.006,0.0,0.0,0.017,0.0,0.0,0.003
39,0,-15000,15000.0,254.21353301005283,0.017302999272942543,0.02474678772529113,0.01,7.62,0.042,0.0,0.0,0.005,0.01,32.8,0.042,0.0,0.0,0.003,66.88554473921613,0.003158770501613617,0.03075847652292759,0.01,12.24,0.068,0.0,0.0,0.006,0.0,8.2,0.024,0.0,0.0,0.003
39,0,-14500,14500.0,219.98532532404056,0.015288802795112133,0.022541872022162533,0.01,8.04,0.047,0.0,0.0,0.004,0.01,24.6,0.038,0.0,0.0,0.002,45.66988037783659,0.002268292009830475,0.026420639488648805,0.01,18.58,0.044,0.0,0.0,0.006,0.0,8.2,0.03,0.0,0.0,0.003
39,0,-14000,14000.0,183.10992821609773,0.012677622027695179,0.01952753874157742,0.01,8.64,0.049,0.0,0.0,0.004,0.01,24.6,0.035,0.0,0.0,0.002,26.098622561976015,0.0009554105345159769,0.019816832490131362,0.0,0.0,0.006,0.0,0.0,0.006,0.0,8.2,0.028,0.0,0.0,0.003
39,0,-13500,13500.0,152.8097813405111,0.010043895803391933,0.016963946925843524,0.01,8.64,0.047,0.0,0.0,0.004,0.01,24.6,0.036,0.0,0.0,0.002,14.435244031608363,0.0006185058155097067,0.015428766422487503,0.0,0.0,0.006,0.0,0.0,0.006,0.0,8.2,0.028,0.0,0.0,0.003
39,0,-13000,13000.0,117.51132856016966,0.0068380022421479225,0.013220145742813013,0.01,12.36,0.047,0.0,0.0,0.004,0.01,16.4,0.03,0.0,0.0,0.002,5.466338750250088,0.0001200272236019373,0.008335813640636885,0.0,0.0,0.006,0.0,0.0,0.006,0.0,0.0,0.019,0.0,0.0,0.003
39,0,-12500,12500.0,97.9476197199233,0.004444876220077276,0.011058453152347469,0.01,9.27,0.043,0.0,0.0,0.004,0.01,16.4,0.03,0.0,0.0,0.002,1.7707461176541983,3.017184826603625e-05,0.0043452738651626474,0.0,0.0,0.003,0.0,0.0,0.003,0.0,0.0,0.012,0.0,0.0,0.002
39,0,-12000,12000.0,91.07169948800902,0.00230580847710371,0.009732415126667329,0.01,9.27,0.04,0.0,0.0,0.004,0.01,16.4,0.025,0.0,0.0,0.002,0.39738265661526384,3.5582861528382637e-06,0.0014678485529177859,0.0,0.0,0.003,0.0,0.0,0.003,0.0,0.0,0.005,0.0,0.0,0.002
39,0,-11500,11500.0,104.41910757543837,0.0029130636248737574,0.01045440481362679,0.02,28.48,0.061,0.0,0.0,0.003,0.01,8.2,0.022,0.0,0.0,0.002,0.08100756346038906,4.358021669759182e-06,0.0005210667778749169,0.0,0.0,0.001,0.0,0.0,0.001,0.0,0.0,0.002,0.0,0.0,0.001
39,0,-11000,11000.0,139.33425092592984,0.005615656729787588,0.01247448344202349,0.03,53.4,0.08,0.0,0.0,0.003,0.0,8.2,0.013,0.0,0.0,0.002,0.08318837780763033,4.463890661554615e-07,0.000715292966580473,0.0,0.0,0.001,0.0,0.0,0.001,0.0,0.0,0.001,0.0,0.0,0.001
39,0,-10500,10500.0,190.61068237988366,0.009689981117844582,0.015375847555331754,0.04,67.64,0.088,0.0,0.0,0.002,0.0,8.2,0.008,0.0,0.0,0.001,0.012636877272598213,4.213024567434331e-06,0.00014455661976959852,0.0,0.0,0.0,0.0,0.0,0.0,0.0,0.0,0.001,0.0,0.0,0.0
39,0,-10000,10000.0,269.6590569035948,0.017851976677775383,0.01948193782119958,0.04,81.88,0.093,0.0,0.0,0.002,0.0,0.0,0.008,0.0,0.0,0.001,0.017695018595986767,4.214148248138372e-06,0.0001896651751413518,0.0,0.0,0.0,0.0,0.0,0.0,0.0,0.0,0.001,0.0,0.0,0.0
39,0,-9500,9500.0,355.0127553275729,0.02806556597352028,0.023247412294835894,0.04,92.56,0.096,0.0,0.0,0.003,0.0,8.2,0.009,0.0,0.0,0.001,0.027801118540082825,4.213825832266593e-06,0.00027112890145897814,0.0,0.0,0.0,0.0,0.0,0.0,0.0,0.0,0.0,0.0,0.0,0.0
39,0,-9000,9000.0,461.9159156524404,0.041726868599653244,0.02779399174463692,0.03,49.3,0.088,0.0,0.0,0.003,0.0,8.2,0.01,0.0,0.0,0.001,0.11888395174537436,4.221674316795543e-06,0.000976916861251889,0.0,0.0,0.0,0.0,0.0,0.0,0.0,0.0,0.0,0.0,0.0,0.0
39,0,-8500,8500.0,563.4470236804375,0.05518588423728943,0.03145332439938296,0.03,52.2,0.089,0.0,0.0,0.004,0.0,8.2,0.012,0.0,0.0,0.002,0.065750153225963,4.217749392410042e-06,0.0004652617231331516,0.0,0.0,0.0,0.0,0.0,0.0,0.0,0.0,0.0,0.0,0.0,0.0
39,0,-8000,8000.0,664.8371008460501,0.06465422362089157,0.03443638919744325,0.02,22.11,0.072,0.0,0.0,0.004,0.0,8.2,0.015,0.0,0.0,0.002,0.08597456853749463,4.218195499561261e-06,0.000534047657181436,0.0,0.0,0.0,0.0,0.0,0.0,0.0,0.0,0.0,0.0,0.0,0.0
39,0,-7500,7500.0,758.2273053583663,0.0699412152171135,0.03672398607344964,0.02,28.140000000000004,0.082,0.0,3.59,0.005,0.0,16.4,0.019,0.0,0.0,0.002,0.05814974629174685,4.2168894651695155e-06,0.000322286271916992,0.0,0.0,0.0,0.0,0.0,0.0,0.0,0.0,0.0,0.0,0.0,0.0
39,0,-7000,7000.0,830.6432732748988,0.06648469716310501,0.03796924715635144,0.02,30.15,0.082,0.0,3.59,0.005,0.01,24.6,0.027,0.0,0.0,0.002,0.07079271817929111,4.217279638396576e-06,0.0003638257459940543,0.0,0.0,0.0,0.0,0.0,0.0,0.0,0.0,0.0,0.0,0.0,0.0
39,0,-6500,6500.0,870.7728021503641,0.05821235105395317,0.037604669958102625,0.02,30.15,0.084,0.0,3.59,0.005,0.01,32.8,0.035,0.0,0.0,0.002,0.12395033172651893,4.222229108563624e-06,0.0005945902006785145,0.0,0.0,0.0,0.0,0.0,0.0,0.0,0.0,0.0,0.0,0.0,0.0
39,0,-6000,6000.0,953.5771742635006,0.04454389587044716,0.039733112960263474,0.05,69.6,0.091,0.0,3.59,0.005,0.01,41.0,0.04,0.0,0.0,0.002,0.08344120951733203,4.218388312438037e-06,0.0003907848082115165,0.0,0.0,0.0,0.0,0.0,0.0,0.0,0.0,0.0,0.0,0.0,0.0
39,0,-5500,5500.0,1075.0841813909574,0.05377599969506264,0.04297975148189955,0.05,72.5,0.092,0.0,3.59,0.005,0.01,41.0,0.045,0.0,0.0,0.002,0.14671899352833861,4.222104962536832e-06,0.0006720936264577277,0.0,0.0,0.0,0.0,0.0,0.0,0.0,0.0,0.0,0.0,0.0,0.0
39,0,-5000,5000.0,1240.140128859639,0.10061383992433548,0.04860023080819925,0.06,75.6,0.099,0.0,3.59,0.005,0.01,49.2,0.045,0.0,0.0,0.002,0.0986299318356032,4.218943104206119e-06,0.0004634761085693289,0.0,0.0,0.0,0.0,0.0,0.0,0.0,0.0,0.0,0.0,0.0,0.0
39,0,-4500,4500.0,1415.8447271771806,0.1494777947664261,0.054714786402227364,0.07,73.66,0.104,0.0,3.59,0.005,0.01,49.2,0.046,0.0,0.0,0.002,0.17395040482170998,1.4064036122363177e-06,0.0008416286899772482,0.0,0.0,0.001,0.0,0.0,0.001,0.0,0.0,0.0,0.0,0.0,0.0
39,0,-4000,4000.0,1501.7297907829402,0.17055277526378632,0.05831647590613995,0.07,80.62,0.103,0.0,3.59,0.005,0.01,65.6,0.051,0.0,0.0,0.002,0.38297232184660857,3.84479972126428e-06,0.0019988535819347787,0.0,0.0,0.001,0.0,0.0,0.001,0.0,0.0,0.0,0.0,0.0,0.0
39,0,-3500,3500.0,1516.662584813612,0.17309285700321198,0.06021357024714356,0.04,43.4,0.112,0.0,3.59,0.006,0.02,90.2,0.065,0.0,1.88,0.003,0.35981772491666675,3.54441817762563e-06,0.0020524233453398447,0.0,0.0,0.001,0.0,0.0,0.001,0.0,0.0,0.0,0.0,0.0,0.0
39,0,-3000,3000.0,1424.5394080922779,0.15079611539840698,0.05978701256576714,0.04,42.0,0.111,0.0,3.59,0.006,0.05,147.6,0.091,0.0,1.88,0.003,0.12507804993973082,1.0150727121072123e-06,0.0008158755684685253,0.0,0.0,0.001,0.0,0.0,0.001,0.0,0.0,0.0,0.0,0.0,0.0
39,0,-2500,2500.0,1285.3739852007952,0.11987724900245667,0.05761478718085959,0.03,32.2,0.104,0.0,6.22,0.013,0.08,205.0,0.113,0.0,1.88,0.003,0.4593493577765173,4.519521553447703e-06,0.0035171786116736043,0.0,0.0,0.001,0.0,0.0,0.001,0.0,0.0,0.0,0.0,0.0,0.0
39,0,-2000,2000.0,1079.8793040890814,0.08030875027179718,0.052788315913783336,0.04,41.04,0.095,0.0,17.4,0.067,0.08,196.8,0.112,0.0,1.88,0.003,0.3982227025232987,4.22801849708776e-06,0.0037167674949115373,0.0,0.0,0.001,0.0,0.0,0.001,0.0,0.0,0.0,0.0,0.0,0.0
39,0,-1500,1500.0,922.3966133577264,0.057499755173921585,0.04926762954027195,0.04,67.98,0.124,0.0,3.59,0.006,0.07,188.6,0.112,0.0,1.88,0.003,0.24804676995699992,4.231107595842332e-06,0.0029472962250631294,0.0,0.0,0.0,0.0,0.0,0.0,0.0,0.0,0.0,0.0,0.0,0.0
39,0,-1000,1000.0,788.4274432144252,0.06006501987576485,0.04500900916995084,0.01,15.4,0.077,0.0,3.59,0.006,0.04,139.4,0.096,0.0,1.88,0.003,0.22264862245719996,4.225413704261882e-06,0.0034298904498013746,0.0,0.0,0.0,0.0,0.0,0.0,0.0,0.0,0.0,0.0,0.0,0.0
39,0,-500,500.0,713.3391283987173,0.06285279244184494,0.04324716348911144,0.01,11.44,0.042,0.0,3.59,0.005,0.02,98.4,0.081,0.0,0.0,0.003,0.14671476355943014,4.220731625537155e-06,0.0031330292899936505,0.0,0.0,0.0,0.0,0.0,0.0,0.0,0.0,0.0,0.0,0.0,0.0
39,0,0,0.0,681.3423495768802,0.06610528379678726,0.04233182932245078,0.01,14.3,0.043,0.0,3.59,0.005,0.01,73.8,0.068,0.0,0.0,0.003,0.9656219421650292,1.1775285202020314e-05,0.027723224959847054,0.0,0.0,0.0,0.0,0.0,0.0,0.0,0.0,0.0,0.0,0.0,0.0
39,0,500,500.0,675.3491981681669,0.06966281682252884,0.04264131107793084,0.01,17.78,0.063,0.0,3.59,0.004,0.01,57.400000000000006,0.062,0.0,0.0,0.002,0.9621341471820699,1.1697887202899437e-05,0.04001748227771886,0.0,0.0,0.0,0.0,0.0,0.0,0.0,0.0,0.0,0.0,0.0,0.0
39,0,1000,1000.0,676.5944415262119,0.07205070555210114,0.04259251708165028,0.01,17.78,0.059,0.0,3.59,0.004,0.01,57.400000000000006,0.064,0.0,0.0,0.002,0.08091293420875445,4.2179144656984136e-06,0.00442174227354485,0.0,0.0,0.0,0.0,0.0,0.0,0.0,0.0,0.0,0.0,0.0,0.0
39,0,1500,1500.0,682.1001765923825,0.07392515987157822,0.042665106430331626,0.01,15.120000000000001,0.066,0.0,3.59,0.004,0.01,57.400000000000006,0.07,0.0,0.0,0.002,0.08850250715113361,4.218391950416844e-06,0.006606169345228381,0.0,0.0,0.0,0.0,0.0,0.0,0.0,0.0,0.0,0.0,0.0,0.0
39,0,2000,2000.0,682.7691177824072,0.07448595017194748,0.04237750138495595,0.01,15.120000000000001,0.066,0.0,3.59,0.004,0.01,57.400000000000006,0.07,0.0,0.0,0.002,0.1163232025646721,4.217961759422906e-06,0.010168839516846478,0.0,0.0,0.0,0.0,0.0,0.0,0.0,0.0,0.0,0.0,0.0,0.0
39,0,2500,2500.0,689.956361164559,0.07508141547441483,0.042418096910996794,0.01,15.120000000000001,0.065,0.0,3.59,0.004,0.01,65.6,0.072,0.0,0.0,0.002,0.0758529511585948,4.21790218751994e-06,0.0072174586902559726,0.0,0.0,0.0,0.0,0.0,0.0,0.0,0.0,0.0,0.0,0.0,0.0
39,0,3000,3000.0,696.0987046316234,0.0756104364991188,0.042546268495891305,0.01,15.120000000000001,0.064,0.0,3.59,0.004,0.02,65.6,0.075,0.0,0.0,0.002,0.08850901813275414,4.218624326313147e-06,0.007865255609590222,0.0,0.0,0.0,0.0,0.0,0.0,0.0,0.0,0.0,0.0,0.0,0.0
39,0,3500,3500.0,706.288388298276,0.07544993609189987,0.04285171097318331,0.01,17.28,0.063,0.0,0.0,0.004,0.02,73.8,0.077,0.0,0.0,0.002,0.3098385424003425,4.216473826090805e-06,0.024091704172519338,0.0,0.0,0.0,0.0,0.0,0.0,0.0,0.0,0.0,0.0,0.0,0.0
39,0,4000,4000.0,707.1351996039994,0.07515539973974228,0.042650560022859337,0.01,17.28,0.062,0.0,0.0,0.004,0.02,73.8,0.075,0.0,0.0,0.002,0.36768143054999314,4.2259694055246655e-06,0.024424090787404117,0.0,0.0,0.0,0.0,0.0,0.0,0.0,0.0,0.0,0.0,0.0,0.0
39,0,4500,4500.0,713.234634308219,0.07442578673362732,0.042749371754516284,0.01,17.28,0.063,0.0,0.0,0.004,0.02,82.0,0.077,0.0,0.0,0.002,0.3683365942897865,4.230737886246061e-06,0.020983897868208423,0.0,0.0,0.0,0.0,0.0,0.0,0.0,0.0,0.0,0.0,0.0,0.0
39,0,5000,5000.0,718.9355020041603,0.07448463141918182,0.04264378737274254,0.01,17.28,0.063,0.0,0.0,0.004,0.02,82.0,0.08,0.0,0.0,0.002,0.20897470397329698,4.227943009027513e-06,0.010489620107995729,0.0,0.0,0.0,0.0,0.0,0.0,0.0,0.0,0.0,0.0,0.0,0.0
39,0,5500,5500.0,724.789618795171,0.0748598501086235,0.042573227862351924,0.01,19.44,0.066,0.0,0.0,0.004,0.02,90.2,0.082,0.0,0.0,0.002,0.21376720646628655,4.2272431528544985e-06,0.009672689620890991,0.0,0.0,0.0,0.0,0.0,0.0,0.0,0.0,0.0,0.0,0.0,0.0
39,0,6000,6000.0,735.4311236267449,0.0748266950249672,0.04217573660530741,0.01,17.28,0.066,0.0,0.0,0.004,0.02,90.2,0.083,0.0,0.0,0.002,0.2107208023922169,4.220300525048515e-06,0.008915154902438565,0.0,0.0,0.0,0.0,0.0,0.0,0.0,0.0,0.0,0.0,0.0,0.0
39,0,6500,6500.0,752.0166595923342,0.0752844512462616,0.04207390502162758,0.01,22.86,0.069,0.0,0.0,0.004,0.02,90.2,0.084,0.0,0.0,0.002,0.14167259614623617,4.224093117954908e-06,0.005559062800928564,0.0,0.0,0.0,0.0,0.0,0.0,0.0,0.0,0.0,0.0,0.0,0.0
39,0,7000,7000.0,773.3901678253233,0.07452323287725449,0.04166247473688126,0.01,20.32,0.066,0.0,0.0,0.004,0.02,90.2,0.084,0.0,0.0,0.002,0.002527222932258155,4.212038220430259e-06,9.45546413098163e-05,0.0,0.0,0.0,0.0,0.0,0.0,0.0,0.0,0.0,0.0,0.0,0.0
39,0,7500,7500.0,800.4706658541323,0.073855459690094,0.04127989960342926,0.02,49.84000000000001,0.069,0.0,3.59,0.004,0.01,90.2,0.083,0.0,0.0,0.002,0.18721446431300137,4.223948053549975e-06,0.00649582289029483,0.0,0.0,0.0,0.0,0.0,0.0,0.0,0.0,0.0,0.0,0.0,0.0
39,0,8000,8000.0,861.4332087448844,0.07383217662572861,0.04218007024744524,0.02,43.5,0.079,0.0,3.59,0.004,0.01,90.2,0.081,0.0,0.0,0.002,0.17964834105441696,4.225598331686342e-06,0.00584755425070267,0.0,0.0,0.0,0.0,0.0,0.0,0.0,0.0,0.0,0.0,0.0,0.0
39,0,8500,8500.0,954.0719786931817,0.07458245754241943,0.043963398583929614,0.02,43.5,0.08,0.0,3.59,0.005,0.01,82.0,0.078,0.0,0.0,0.002,0.4407114052362715,4.608220024238108e-06,0.013464150161386343,0.0,0.0,0.0,0.0,0.0,0.0,0.0,0.0,0.0,0.0,0.0,0.0
39,0,9000,9000.0,1100.7463414044835,0.07761099934577942,0.04766443514311336,0.02,49.3,0.083,0.0,3.59,0.005,0.01,82.0,0.076,0.0,0.0,0.002,0.16957872211094127,4.2238425521645695e-06,0.004982064257704376,0.0,0.0,0.0,0.0,0.0,0.0,0.0,0.0,0.0,0.0,0.0,0.0
39,0,9500,9500.0,1280.777498760017,0.08275947719812393,0.05200310386446674,0.03,49.3,0.083,0.0,3.59,0.005,0.01,82.0,0.075,0.0,0.0,0.002,0.10873727815123857,4.218577942083357e-06,0.003208321618743519,0.0,0.0,0.0,0.0,0.0,0.0,0.0,0.0,0.0,0.0,0.0,0.0
39,0,10000,10000.0,1465.1251699002387,0.0901561826467514,0.056088215901559824,0.02,50.04,0.085,0.0,3.59,0.005,0.01,90.2,0.076,0.0,0.0,0.002,1.0476295056207618,1.3036154996370897e-05,0.032747093087799946,0.0,0.0,0.0,0.0,0.0,0.0,0.0,0.0,0.0,0.0,0.0,0.0
39,0,10500,10500.0,1625.052749677161,0.09904883801937103,0.05920325107970459,0.02,36.18,0.086,0.0,3.59,0.005,0.01,106.6,0.081,0.0,0.0,0.002,0.9154909779340414,1.1026686479453929e-05,0.032086395692391696,0.0,0.0,0.0,0.0,0.0,0.0,0.0,0.0,0.0,0.0,0.0,0.0
39,0,11000,11000.0,1742.4919707482331,0.10910479724407196,0.0611518236428537,0.02,34.17,0.084,0.0,3.59,0.005,0.01,139.4,0.093,0.0,0.0,0.003,0.08849555306369439,4.217829427943798e-06,0.003776310550171923,0.0,0.0,0.0,0.0,0.0,0.0,0.0,0.0,0.0,0.0,0.0,0.0
39,0,11500,11500.0,1831.5511655297087,0.11960376054048538,0.06235055398176007,0.02,47.52,0.092,0.0,3.59,0.005,0.02,180.4,0.105,0.0,1.88,0.003,0.7123813589863914,8.625029295217246e-06,0.03977821682888856,0.0,0.0,0.0,0.0,0.0,0.0,0.0,0.0,0.0,0.0,0.0,0.0
39,0,12000,12000.0,1885.522862695143,0.13082323968410492,0.06297037922500433,0.03,114.33,0.141,0.0,3.59,0.005,0.03,213.2,0.112,0.0,1.88,0.003,0.0,0.0,0.0,0.0,0.0,0.0,0.0,0.0,0.0,0.0,0.0,0.0,0.0,0.0,0.0
39,0,12500,12500.0,1944.6448180973675,0.14209376275539398,0.06365798465929257,0.02,111.24,0.14,0.0,3.59,0.005,0.03,246.0,0.12,0.0,1.88,0.003,0.0,0.0,0.0,0.0,0.0,0.0,0.0,0.0,0.0,0.0,0.0,0.0,0.0,0.0,0.0
39,0,13000,13000.0,2003.0126172416203,0.15284515917301178,0.06436663994146752,0.02,111.24,0.14,0.0,3.59,0.005,0.03,246.0,0.12,0.0,1.88,0.003,0.0,0.0,0.0,0.0,0.0,0.0,0.0,0.0,0.0,0.0,0.0,0.0,0.0,0.0,0.0
39,0,13500,13500.0,2077.5578939184925,0.16232331097126007,0.06539511101719603,0.01,29.4,0.097,0.0,3.59,0.005,0.03,246.0,0.121,0.0,1.88,0.003,0.0,0.0,0.0,0.0,0.0,0.0,0.0,0.0,0.0,0.0,0.0,0.0,0.0,0.0,0.0
39,0,14000,14000.0,2168.3080242892174,0.17073453962802887,0.06684639353310927,0.01,30.8,0.097,0.0,3.59,0.005,0.03,246.0,0.123,0.0,1.88,0.003,0.0,0.0,0.0,0.0,0.0,0.0,0.0,0.0,0.0,0.0,0.0,0.0,0.0,0.0,0.0
39,0,14500,14500.0,2253.7428806255775,0.17651312053203583,0.06808295919386402,0.01,33.6,0.1,0.0,3.59,0.005,0.03,246.0,0.129,0.0,1.88,0.003,0.0,0.0,0.0,0.0,0.0,0.0,0.0,0.0,0.0,0.0,0.0,0.0,0.0,0.0,0.0
39,0,15000,15000.0,2319.2921371492503,0.17948365211486816,0.0694615771931625,0.01,35.0,0.1,0.0,3.59,0.005,0.03,262.4,0.132,0.0,1.88,0.003,0.07585540079162456,4.217340119794244e-06,0.003320831218393205,0.0,0.0,0.0,0.0,0.0,0.0,0.0,0.0,0.0,0.0,0.0,0.0
39,0,15500,15500.0,2352.8993535612585,0.17904624342918396,0.07034030024665433,0.01,40.6,0.103,0.0,3.59,0.005,0.03,278.8,0.136,0.0,1.88,0.003,0.07837408384148148,4.216919478494674e-06,0.002520717233048665,0.0,0.0,0.0,0.0,0.0,0.0,0.0,0.0,0.0,0.0,0.0,0.0
39,0,16000,16000.0,2325.6852012568133,0.17419783771038055,0.07092544172082725,0.01,40.6,0.103,0.0,3.59,0.005,0.03,287.0,0.134,0.0,1.88,0.003,1.1108543801917392,1.4275324247137178e-05,0.02657990819134351,0.0,0.0,0.0,0.0,0.0,0.0,0.0,0.0,0.0,0.0,0.0,0.0
39,0,16500,16500.0,2243.2384215147295,0.1672382801771164,0.07076059217618023,0.01,42.0,0.105,0.0,7.18,0.006,0.03,295.2,0.134,0.0,1.88,0.003,1.0791648475297677,1.4097073290031403e-05,0.020991704816577136,0.0,0.0,0.0,0.0,0.0,0.0,0.0,0.0,0.0,0.0,0.0,0.0
39,0,17000,17000.0,2086.8531380288687,0.15741609036922455,0.06975975338918484,0.01,40.6,0.104,0.0,7.18,0.006,0.03,303.4,0.132,0.0,1.88,0.003,1.143497717487918,1.4080772416491527e-05,0.018720003739606264,0.0,0.0,0.0,0.0,0.0,0.0,0.0,0.0,0.0,0.0,0.0,0.0
39,0,17500,17500.0,1892.9913051017593,0.14638827741146088,0.06801548266895216,0.01,35.0,0.099,0.0,7.18,0.006,0.03,311.6,0.131,0.0,1.88,0.003,0.10369015171818319,4.219514266878832e-06,0.0014974046586020114,0.0,0.0,0.0,0.0,0.0,0.0,0.0,0.0,0.0,0.0,0.0,0.0
39,0,18000,18000.0,1655.508521359161,0.13449138402938843,0.06490096415097801,0.01,32.2,0.098,0.0,7.18,0.006,0.03,287.0,0.127,0.0,1.88,0.003,0.10118684040207881,4.220617938699434e-06,0.0013394172856911594,0.0,0.0,0.0,0.0,0.0,0.0,0.0,0.0,0.0,0.0,0.0,0.0
39,0,18500,18500.0,1442.1847250091914,0.12286560982465744,0.062116486487067406,0.01,23.8,0.09,0.0,3.59,0.005,0.03,270.6,0.123,0.0,1.88,0.003,0.08344884490725235,4.218237791064894e-06,0.001042489071600259,0.0,0.0,0.0,0.0,0.0,0.0,0.0,0.0,0.0,0.0,0.0,0.0
39,0,19000,19000.0,1249.7653349039551,0.11326473951339722,0.058519132702409486,0.01,22.4,0.089,0.0,3.59,0.005,0.03,221.40000000000003,0.115,0.0,1.88,0.003,0.09862992228590883,4.218494268570794e-06,0.0012189521197939997,0.0,0.0,0.0,0.0,0.0,0.0,0.0,0.0,0.0,0.0,0.0,0.0
39,0,19500,19500.0,1113.4240105912588,0.10824505984783173,0.056459542507427796,0.01,16.8,0.084,0.0,3.59,0.005,0.02,180.4,0.107,0.0,1.88,0.003,0.09355936144856969,4.219059064780595e-06,0.0011613557938466156,0.0,0.0,0.001,0.0,0.0,0.001,0.0,0.0,0.0,0.0,0.0,0.0
39,0,20000,20000.0,1031.0441729528136,0.10768069326877594,0.05461280065706246,0.01,16.8,0.084,0.0,3.59,0.005,0.02,147.6,0.1,0.0,1.88,0.003,0.13907434504289995,4.2216474867018405e-06,0.001829688772004561,0.0,0.0,0.001,0.0,0.0,0.001,0.0,0.0,0.0,0.0,0.0,0.0
39,0,20500,20500.0,997.1345562823969,0.11160431802272797,0.05452421571547274,0.01,15.4,0.083,0.0,3.59,0.005,0.02,114.80000000000001,0.095,0.0,0.0,0.002,0.10115426830452634,4.220138634991599e-06,0.001416039507404992,0.0,0.0,0.001,0.0,0.0,0.001,0.0,0.0,0.0,0.0,0.0,0.0
40,0,-21000,21000.0,26370.14906739123,3.7033300399780273,0.10863364367038132,0.43,710.5,0.133,0.01,13.160000000000002,0.004,0.73,3370.2000000000003,0.207,0.01,13.160000000000002,0.004,6107.070555422519,0.9585155248641968,0.08719724639572658,0.22,223.3,0.137,0.0,3.76,0.004,0.18,721.6,0.174,0.0,3.76,0.004
40,0,-20500,20500.0,25212.22057714367,3.8450050354003906,0.10775454923616697,0.43,701.8,0.133,0.01,16.92,0.004,0.69,3624.4,0.216,0.01,16.92,0.004,6548.18420453622,1.4964054822921753,0.09106611186383655,0.23,232.0,0.138,0.0,3.76,0.004,0.22,639.6,0.169,0.0,3.76,0.004
40,0,-20000,20000.0,23217.69666689429,3.8467459678649902,0.10341093724651966,0.26,558.78,0.142,0.08,336.49,0.012,0.61,3509.6,0.212,0.01,16.92,0.005,7110.38672704222,1.884440541267395,0.0958594561678584,0.23,264.6,0.142,0.0,3.76,0.004,0.16,574.0,0.161,0.0,3.76,0.004
40,0,-19500,19500.0,21552.066473740528,3.6865479946136475,0.09975205267157997,0.26,474.36,0.133,0.07,336.49,0.012,0.7,3353.8,0.208,0.01,15.04,0.004,7710.253494304214,2.3059334754943848,0.10142272862188724,0.23,254.0,0.145,0.0,3.76,0.004,0.14,565.8,0.166,0.0,3.76,0.004
40,0,-19000,19000.0,20249.59498386496,3.2893407344818115,0.09679119502428221,0.47,994.9800000000001,0.201,0.06,318.78,0.012,0.82,2943.8,0.198,0.01,15.04,0.004,8214.786029939798,2.5825352668762207,0.10686089556625195,0.25,238.76,0.144,0.0,3.76,0.004,0.32,754.4,0.181,0.0,3.76,0.004
40,0,-18500,18500.0,19568.38041754724,2.7318952083587646,0.09596758626372186,0.45,880.65,0.197,0.0,11.28,0.004,0.94,2591.2,0.193,0.0,11.28,0.004,8414.453597222746,2.6714911460876465,0.10947637413969559,0.37,410.97,0.208,0.0,3.76,0.004,0.53,942.9999999999999,0.192,0.0,3.76,0.004
40,0,-18000,18000.0,19348.464517805667,2.1385631561279297,0.0945727722771302,0.42,772.5,0.196,0.0,11.28,0.004,0.87,2287.8,0.19,0.0,11.28,0.004,8175.414125316456,2.454103946685791,0.10841211066481456,0.46,454.23,0.214,0.0,3.76,0.004,0.65,1041.4,0.197,0.0,3.76,0.004
40,0,-17500,17500.0,19427.010070645305,1.5379301309585571,0.0943615261444303,0.32,812.67,0.196,0.0,9.4,0.004,0.78,2058.2,0.189,0.0,9.4,0.004,7863.122856311885,2.1080920696258545,0.10667771832614235,0.48,448.05,0.215,0.0,5.64,0.004,0.78,1148.0,0.204,0.0,5.64,0.004
40,0,-17000,17000.0,19748.537765109857,1.357438087463379,0.09316663306857834,0.23,868.29,0.198,0.0,9.4,0.004,0.6,2164.8,0.19,0.0,9.4,0.004,7390.285897940143,1.6681227684020996,0.10304748480288643,0.5,438.78,0.218,0.0,5.64,0.004,0.8,1123.4,0.206,0.0,5.64,0.004
40,0,-16500,16500.0,20275.13471715747,1.3189626932144165,0.09230325425007495,0.38,1089.36,0.147,0.0,9.4,0.004,0.42,2287.8,0.192,0.0,9.4,0.004,6955.5803455107425,1.2561579942703247,0.09945204029991928,0.42,395.52,0.211,0.02,82.88000000000001,0.026,0.8,1098.8,0.208,0.01,3.76,0.004
40,0,-16000,16000.0,21276.692548386745,1.4096993207931519,0.09464907713288995,0.41,901.9,0.151,0.0,9.4,0.004,0.32,2296.0,0.19,0.0,9.4,0.004,6667.612229436844,0.9615610241889954,0.09850815350444143,0.34,355.35,0.206,0.0,7.6,0.02,0.64,992.2,0.203,0.01,3.76,0.004
40,0,-15500,15500.0,22494.642899085466,2.029526472091675,0.09774863359272022,0.45,936.7,0.154,0.0,9.4,0.004,0.39,2320.6,0.19,0.0,9.4,0.004,6565.567807387777,0.729396641254425,0.09993013071515787,0.2,203.0,0.132,0.0,7.6,0.02,0.49,893.8000000000001,0.199,0.0,3.76,0.004
40,0,-15000,15000.0,23950.13084604998,2.42836594581604,0.10276984791861321,0.44,983.1,0.159,0.0,9.4,0.004,0.27,2189.4,0.185,0.0,9.4,0.004,6565.949794477399,0.7512033581733704,0.1036555990117241,0.18,330.63,0.203,0.0,4.56,0.018,0.33,852.8,0.196,0.0,3.76,0.004
40,0,-14500,14500.0,25207.236874130936,2.535963296890259,0.10757494828557432,0.44,988.9,0.159,0.0,9.4,0.004,0.21,2099.2,0.183,0.0,9.4,0.004,6522.585789021823,0.8618441820144653,0.10802684143506625,0.12,142.71,0.132,0.0,4.56,0.018,0.3,828.2,0.196,0.0,3.76,0.004
40,0,-14000,14000.0,25411.318411588345,2.601268768310547,0.108435525609596,0.29,631.14,0.153,0.0,9.4,0.004,0.39,2501.0,0.192,0.0,9.4,0.004,6193.648921239615,0.8294320702552795,0.10848810118374211,0.11,138.69,0.132,0.0,3.76,0.004,0.19,836.4,0.189,0.0,3.76,0.004
40,0,-13500,13500.0,25158.078543877487,2.2269725799560547,0.10792746573884288,0.32,675.36,0.159,0.01,11.28,0.004,0.66,2886.4,0.2,0.01,11.28,0.004,5708.247198449428,0.7288557887077332,0.10755630047498588,0.09,136.68,0.134,0.0,3.76,0.004,0.17,885.6000000000001,0.192,0.0,3.76,0.004
40,0,-13000,13000.0,24024.90554006315,1.802078366279602,0.10683351653740103,0.54,1244.4,0.144,0.01,15.04,0.004,0.7,3099.6,0.204,0.01,15.04,0.004,5049.5199710574125,0.5854925513267517,0.10355887257297561,0.15,373.89,0.203,0.0,3.76,0.004,0.21,910.2000000000002,0.194,0.0,3.76,0.004
40,0,-12500,12500.0,22608.160560552453,1.8642281293869019,0.10512307397040636,0.32,1161.84,0.211,0.01,16.92,0.005,0.7,3304.6,0.209,0.01,16.92,0.005,4413.665830136168,0.4856453537940979,0.09899393217605215,0.15,327.54,0.199,0.0,3.76,0.004,0.25,926.5999999999999,0.196,0.0,3.76,0.004
40,0,-12000,12000.0,20777.75073053156,1.6960538625717163,0.10284025086203825,0.38,1066.05,0.209,0.07,230.23,0.011,0.52,2993.0,0.203,0.02,18.8,0.005,3774.109589464483,0.4772898256778717,0.09214829916596605,0.14,284.28,0.202,0.0,3.76,0.004,0.22,779.0,0.189,0.0,3.76,0.004
40,0,-11500,11500.0,19357.656833081743,1.56630277633667,0.10260637277909931,0.39,1050.6,0.207,0.0,13.160000000000002,0.004,0.6,2747.0,0.199,0.0,13.160000000000002,0.004,3326.4202498071945,0.4864603579044342,0.08794933383325941,0.11,234.84,0.196,0.0,7.18,0.007,0.19,656.0,0.184,0.0,3.76,0.004
40,0,-11000,11000.0,17832.159832996946,1.5431959629058838,0.09774618529076312,0.41,1035.15,0.206,0.0,11.28,0.004,0.61,2648.6,0.196,0.0,11.28,0.004,3080.9080440321513,0.5072707533836365,0.08407305255942998,0.23,386.76,0.158,0.0,7.18,0.007,0.14,516.6,0.175,0.0,1.88,0.004
40,0,-10500,10500.0,16633.483805420976,1.4606518745422363,0.09315333071250324,0.36,960.99,0.202,0.0,11.28,0.004,0.62,2591.2,0.194,0.0,11.28,0.004,2987.4088660686766,0.5183364152908325,0.08323348598327063,0.09,166.86,0.187,0.0,3.59,0.007,0.11,401.8,0.167,0.0,1.88,0.004
40,0,-10000,10000.0,15902.567179617847,1.2310378551483154,0.086128306929891,0.3,883.74,0.199,0.0,11.28,0.004,0.5,2394.4,0.19,0.0,11.28,0.004,3007.2795925612377,0.5095569491386414,0.08079672466484397,0.12,154.5,0.19,0.0,3.59,0.007,0.13,369.0,0.164,0.0,1.88,0.004
40,0,-9500,9500.0,16414.250555428294,1.0709646940231323,0.08415052139376679,0.13,150.48,0.037,0.0,9.4,0.004,0.39,2189.4,0.186,0.0,9.4,0.004,3071.769972036273,0.515470027923584,0.07909882576911872,0.12,148.32,0.186,0.0,7.18,0.007,0.15,352.6,0.169,0.0,1.88,0.003
40,0,-9000,9000.0,18179.702767713046,1.1646728515625,0.08585804736151005,0.73,2756.66,0.158,0.0,9.4,0.004,0.23,1787.6000000000001,0.175,0.0,9.4,0.004,3179.726293008352,0.5186673998832703,0.0743785250642477,0.13,142.14,0.184,0.0,7.18,0.007,0.16,344.4,0.164,0.0,1.88,0.004
40,0,-8500,8500.0,20803.167292238482,2.2180724143981934,0.0897071299669667,0.7,1448.92,0.164,0.0,7.52,0.003,0.2,1443.2,0.164,0.0,7.52,0.003,3332.555474003354,0.5304892063140869,0.07075336007136777,0.16,242.08000000000004,0.121,0.0,7.18,0.007,0.16,336.2,0.161,0.0,1.88,0.004
40,0,-8000,8000.0,25407.377420291323,3.3314387798309326,0.10106530484463366,0.91,1342.7,0.177,0.0,7.52,0.003,0.18,1459.6,0.162,0.0,7.52,0.003,3676.1484109110543,0.5755826830863953,0.06807217541898207,0.21,306.16,0.126,0.0,7.18,0.007,0.15,319.8,0.154,0.0,1.88,0.004
40,0,-7500,7500.0,30125.228928028806,5.563387393951416,0.1119042059746203,0.88,1272.54,0.187,0.0,7.52,0.003,0.18,1574.4,0.166,0.0,7.52,0.003,4249.211537968271,0.6414692997932434,0.06817461676355467,0.25,352.44,0.13,0.0,7.18,0.007,0.14,311.6,0.147,0.0,1.88,0.004
40,0,-7000,7000.0,33533.25850622175,6.392757415771484,0.12074084243546515,0.59,809.1000000000001,0.174,0.0,7.52,0.003,0.29,2181.2,0.183,0.0,7.52,0.003,5281.706879458515,0.7754231691360474,0.0726720898033888,0.24,304.5,0.137,0.0,7.18,0.007,0.12,287.0,0.135,0.0,1.88,0.004
40,0,-6500,6500.0,35515.67622978848,6.294161319732666,0.12695621829728346,0.54,739.2,0.197,0.0,11.28,0.004,0.57,2804.4,0.194,0.0,11.28,0.004,6737.1248998858755,0.918283998966217,0.07906083809311158,0.25,313.2,0.138,0.0,7.18,0.007,0.11,270.6,0.127,0.0,1.88,0.003
40,0,-6000,6000.0,34370.87279929937,5.4304938316345215,0.1270105142197421,0.52,728.0,0.195,0.0,13.160000000000002,0.004,0.99,3845.8000000000006,0.218,0.0,13.160000000000002,0.004,8717.419992521201,1.09004545211792,0.08987348249118467,0.22,403.1,0.14,0.0,7.18,0.007,0.12,303.4,0.127,0.0,1.88,0.003
40,0,-5500,5500.0,31872.463953587154,5.028972148895264,0.12371914925861324,0.43,687.4,0.189,0.06,247.94000000000003,0.011,1.7,5018.4,0.245,0.03,26.320000000000004,0.006,10661.617218586955,1.3985222578048706,0.09838451344699455,0.16,207.03,0.138,0.0,1.88,0.004,0.12,352.6,0.132,0.0,1.88,0.004
40,0,-5000,5000.0,27353.15704941247,3.6832244396209717,0.11444252599146432,0.84,1915.8,0.247,0.05,265.65,0.011,1.64,5051.2,0.244,0.03,33.84,0.007,12378.97995754138,1.7534523010253906,0.10672944792664357,0.22,419.1,0.146,0.0,1.88,0.004,0.17,598.6,0.158,0.0,1.88,0.004
40,0,-4500,4500.0,23255.54763440619,2.5266382694244385,0.10527989810764862,1.48,4977.4,0.241,0.04,283.36,0.011,1.48,4977.4,0.241,0.03,30.08,0.006,13548.315239664313,2.0772929191589355,0.11223832885549219,0.13,243.6,0.154,0.0,3.76,0.004,0.2,861.0,0.177,0.0,3.76,0.004
40,0,-4000,4000.0,19365.174211519712,1.5860257148742676,0.0938873374452976,0.39,1146.39,0.201,0.05,301.07,0.011,0.91,3788.4,0.21,0.03,28.2,0.006,13878.999977829179,2.0848946571350098,0.11448176599640654,0.29,744.69,0.219,0.0,3.76,0.004,0.27,1353.0,0.196,0.0,3.76,0.004
40,0,-3500,3500.0,17383.450749505286,1.0935097932815552,0.08918371534911544,0.26,954.81,0.193,0.06,318.78,0.011,0.66,2960.2,0.193,0.01,13.160000000000002,0.004,13529.31986481848,1.9621555805206299,0.11372249923225364,0.14,245.0,0.155,0.0,7.52,0.004,0.44,1861.4,0.209,0.0,7.52,0.004
40,0,-3000,3000.0,16715.22422342143,1.2907315492630005,0.08612085863198957,0.16,753.96,0.184,0.06,336.49,0.011,0.4,2337.0,0.181,0.01,13.160000000000002,0.004,12334.450013530546,1.70009446144104,0.10816453554453306,0.34,896.1,0.225,0.0,7.52,0.004,0.49,2025.4000000000003,0.213,0.0,7.52,0.004
40,0,-2500,2500.0,16886.82651315312,1.533460021018982,0.08641193932205644,0.14,704.5199999999999,0.18,0.0,9.4,0.003,0.26,1861.4,0.171,0.0,9.4,0.003,11085.538232593808,1.4401216506958008,0.10182181239596869,0.28,784.86,0.222,0.0,7.52,0.004,0.52,2189.4,0.217,0.0,7.52,0.004
40,0,-2000,2000.0,17541.15955193047,1.8765045404434204,0.08549626643663652,0.22,950.52,0.125,0.0,7.52,0.003,0.21,1763.0,0.168,0.0,7.52,0.003,9827.274263361323,1.197089433670044,0.0939165652310623,0.1,149.8,0.147,0.0,7.52,0.004,0.44,1894.2,0.213,0.0,7.52,0.004
40,0,-1500,1500.0,18380.256150191417,2.1320323944091797,0.0851912162483797,0.25,1060.88,0.128,0.0,7.52,0.003,0.2,1746.6,0.171,0.0,7.52,0.003,9085.903914400962,1.084104299545288,0.08870915125504031,0.23,612.32,0.137,0.0,5.64,0.004,0.36,1582.6,0.208,0.0,5.64,0.004
40,0,-1000,1000.0,19831.16036639385,2.3534088134765625,0.086541726786435,0.24,1231.76,0.137,0.0,7.52,0.003,0.24,1902.3999999999999,0.175,0.0,7.52,0.003,9160.054585517195,1.170737624168396,0.08957848716045125,0.25,501.7,0.142,0.0,5.64,0.004,0.26,1197.2,0.197,0.0,5.64,0.004
40,0,-500,500.0,21484.389482738698,2.530062198638916,0.08818855586845914,0.23,1363.48,0.145,0.0,9.4,0.003,0.28,2050.0,0.177,0.0,9.4,0.003,9689.103216263265,1.3023961782455444,0.0937033950209942,0.25,513.3,0.142,0.0,3.76,0.004,0.17,811.8,0.181,0.0,3.76,0.004
40,0,0,0.0,23565.11557762824,2.7709832191467285,0.09055716459168199,0.27,1559.28,0.156,0.0,9.4,0.004,0.3,2050.0,0.176,0.0,9.4,0.004,10545.59097816099,1.3955355882644653,0.10115227188342724,0.13,262.74,0.135,0.0,9.12,0.018,0.17,738.0,0.173,0.0,3.76,0.004
40,0,500,500.0,25849.863442247806,2.9363341331481934,0.09312421871516828,0.28,1698.1199999999997,0.162,0.0,9.4,0.003,0.31,2082.8,0.176,0.0,9.4,0.003,10981.044380252759,1.4266504049301147,0.10650405939654731,0.17,329.64,0.142,0.0,9.12,0.018,0.16,647.8,0.165,0.0,3.76,0.004
40,0,1000,1000.0,28309.89068683957,3.028831958770752,0.0964593550665028,0.25,1223.8,0.156,0.0,9.4,0.003,0.33,2271.4,0.179,0.0,9.4,0.003,10787.488751357814,1.299479603767395,0.1101578786175488,0.15,311.55,0.141,0.0,6.08,0.017,0.21,959.3999999999999,0.185,0.0,3.76,0.004
40,0,1500,1500.0,30535.09463713708,3.022843360900879,0.09908196715764016,0.36,2029.2,0.177,0.0,11.28,0.004,0.34,2451.8,0.183,0.0,11.28,0.004,9972.386205098885,1.1009643077850342,0.11017836742241399,0.13,293.46,0.139,0.0,6.08,0.017,0.26,1262.8,0.199,0.0,5.64,0.004
40,0,2000,2000.0,32819.637276632195,2.995417356491089,0.10511233438640746,0.33,1566.0,0.176,0.0,11.28,0.004,0.34,2681.4,0.186,0.0,11.28,0.004,8427.316512376974,0.8509701490402222,0.10709667433892632,0.19,633.45,0.214,0.0,18.66,0.017,0.31,1459.6,0.204,0.0,7.52,0.004
40,0,2500,2500.0,34414.97845477096,2.989744186401367,0.1103208904638931,0.37,1592.1,0.177,0.0,13.160000000000002,0.004,0.34,2927.4,0.19,0.0,13.160000000000002,0.004,6780.7638950117735,0.6074226498603821,0.10206096188136306,0.16,550.02,0.207,0.0,15.55,0.016,0.36,1664.5999999999997,0.209,0.0,7.52,0.004
40,0,3000,3000.0,34295.978719774605,2.862077474594116,0.11297727314794465,0.14,859.5600000000002,0.165,0.0,13.160000000000002,0.004,0.35,3230.8,0.193,0.0,13.160000000000002,0.004,4867.830813057654,0.37209224700927734,0.08998426008948089,0.13,457.32,0.2,0.0,12.44,0.016,0.28,1369.4,0.198,0.0,7.52,0.004
40,0,3500,3500.0,33274.18967459228,2.8155887126922607,0.11379213947169267,0.18,1061.28,0.175,0.0,15.04,0.004,0.36,3517.8,0.197,0.0,15.04,0.004,3426.7300445640103,0.21271772682666779,0.07994773587180437,0.08,330.63,0.184,0.0,7.6,0.018,0.2,1115.2,0.188,0.0,5.64,0.004
40,0,4000,4000.0,30731.679754160272,2.5025556087493896,0.11114326096186329,0.39,1643.88,0.217,0.0,16.92,0.004,0.45,3985.2000000000003,0.203,0.0,16.92,0.004,2324.372843762785,0.13873454928398132,0.06405063667978979,0.12,746.2,0.164,0.0,26.1,0.072,0.12,746.2,0.164,0.0,5.64,0.004
40,0,4500,4500.0,27657.552686318737,2.0780677795410156,0.10638804978576454,0.28,1409.0399999999997,0.205,0.0,26.320000000000004,0.005,0.66,4526.4,0.217,0.0,26.320000000000004,0.005,1697.8185392805244,0.11122351139783859,0.05443333141370733,0.04,60.9,0.096,0.0,7.18,0.007,0.05,410.0,0.128,0.0,1.88,0.003
40,0,5000,5000.0,23965.77156646712,1.5293996334075928,0.09950823803394329,0.49,3771.9999999999995,0.2,0.0,28.2,0.005,0.49,3771.9999999999995,0.2,0.0,28.2,0.005,1528.242819915522,0.1380358338356018,0.04984197511085209,0.04,59.4,0.102,0.0,7.18,0.007,0.03,221.40000000000003,0.094,0.0,1.88,0.003
40,0,5500,5500.0,21566.303735797454,1.0388967990875244,0.0964312966435222,0.13,1075.32,0.196,0.0,16.92,0.004,0.31,3271.8,0.194,0.0,16.92,0.004,1594.1714997798044,0.17486198246479034,0.05139010625114592,0.07,138.84,0.105,0.0,3.59,0.006,0.01,98.4,0.061,0.0,1.88,0.003
40,0,6000,6000.0,20004.110134230756,0.7879877090454102,0.09280546186235748,0.14,927.0,0.193,0.0,15.04,0.004,0.24,2763.4,0.187,0.0,15.04,0.004,1816.721312413756,0.1950489729642868,0.05481731037742053,0.05,63.94,0.105,0.0,3.59,0.006,0.02,73.8,0.052,0.0,1.88,0.003
40,0,6500,6500.0,19299.191094636695,0.7819467186927795,0.09219058642406826,0.06,289.8,0.135,0.0,11.28,0.004,0.22,2386.2,0.181,0.0,11.28,0.004,2036.9700352563086,0.2024996429681778,0.05744399742171599,0.03,35.0,0.114,0.0,3.59,0.006,0.02,57.400000000000006,0.051,0.0,0.0,0.003
40,0,7000,7000.0,19421.43709958216,0.9138780832290649,0.09105540158304064,0.24,1003.92,0.142,0.0,11.28,0.004,0.19,2246.8,0.178,0.0,11.28,0.004,2330.339826014824,0.2095191478729248,0.0623510160976403,0.11,150.8,0.119,0.0,3.59,0.006,0.04,106.6,0.082,0.0,0.0,0.003
40,0,7500,7500.0,20351.189160404283,1.2150874137878418,0.09214411001236755,0.3,1249.56,0.162,0.0,9.4,0.004,0.19,2156.6,0.176,0.0,9.4,0.004,2650.9447570480716,0.2105085253715515,0.06736474287617059,0.11,156.6,0.12,0.0,7.18,0.007,0.06,164.0,0.11,0.0,1.88,0.003
40,0,8000,8000.0,22559.67462476401,2.000399351119995,0.09702300069057354,0.32,983.1,0.164,0.0,9.4,0.004,0.19,2058.2,0.173,0.0,9.4,0.004,2920.669201742899,0.2889227569103241,0.0734507818147998,0.09,114.3,0.117,0.0,7.18,0.007,0.06,180.4,0.109,0.0,1.88,0.003
40,0,8500,8500.0,25889.23849066234,2.7662909030914307,0.10465710196568169,0.39,990.9,0.175,0.0,9.4,0.004,0.25,2009.0000000000002,0.173,0.0,9.4,0.004,3127.7657052589802,0.3726377487182617,0.07887640018237543,0.08,98.49,0.12,0.0,7.18,0.007,0.06,213.2,0.112,0.0,1.88,0.003
40,0,9000,9000.0,30827.644405960655,4.50706148147583,0.11727166801012542,0.63,1404.0,0.203,0.0,9.4,0.004,0.17,1927.0,0.172,0.0,9.4,0.004,3128.830903264293,0.380219966173172,0.08240710438443989,0.1,133.44,0.119,0.0,7.18,0.007,0.04,237.79999999999998,0.112,0.0,1.88,0.003
40,0,9500,9500.0,35292.80309800343,5.886791706085205,0.12781579698074,0.64,1333.5,0.206,0.0,9.4,0.004,0.18,1877.8,0.175,0.0,9.4,0.004,2977.682794282481,0.34737780690193176,0.08416773716214764,0.06,72.8,0.129,0.0,1.52,0.013,0.08,278.8,0.12,0.0,1.88,0.003
40,0,10000,10000.0,37922.59184181707,5.7741851806640625,0.13235314460784253,0.69,1456.72,0.205,0.0,9.4,0.004,0.36,2427.2,0.193,0.0,9.4,0.004,2624.728195332361,0.2747802734375,0.08378775162209388,0.05,67.2,0.126,0.0,6.74,0.015,0.1,344.4,0.132,0.0,1.88,0.004
40,0,10500,10500.0,39593.360664470834,5.216139316558838,0.1343279883785926,0.38,771.4,0.216,0.0,13.160000000000002,0.004,0.59,3206.2,0.221,0.0,13.160000000000002,0.004,2236.5640712944837,0.20078860223293304,0.08270167360904977,0.09,163.77,0.164,0.0,6.22,0.015,0.15,426.4,0.147,0.0,1.88,0.004
40,0,11000,11000.0,39705.829466630326,4.542603492736816,0.13489249217582738,0.85,2073.39,0.279,0.09,602.14,0.016,1.13,4403.4,0.255,0.01,16.92,0.005,1712.7579589817685,0.14976707100868225,0.0748396788758475,0.1,154.5,0.165,0.0,3.11,0.01,0.13,369.0,0.141,0.0,1.88,0.004
40,0,11500,11500.0,38900.66179952864,3.733424425125122,0.1330198130921402,0.76,1906.53,0.268,0.08,478.1700000000001,0.014,1.57,5510.4,0.279,0.02,30.08,0.007,1315.941344813109,0.12946434319019318,0.06897745240088808,0.06,117.42,0.155,0.0,7.18,0.007,0.12,336.2,0.141,0.0,1.88,0.003
40,0,12000,12000.0,36658.83499554393,2.7746455669403076,0.12895623851144916,0.63,1739.67,0.257,0.08,407.33,0.012,1.33,5133.2,0.269,0.02,35.72,0.007,972.7753926000332,0.10196105390787125,0.05550884074958734,0.05,67.64,0.091,0.0,7.18,0.007,0.07,254.2,0.129,0.0,1.88,0.003
40,0,12500,12500.0,34463.25322581301,2.0868284702301025,0.12544408401820953,0.39,1643.88,0.244,0.07,389.62,0.012,1.03,4690.4,0.257,0.02,28.2,0.006,748.5233286354003,0.07664547115564346,0.04550096954401159,0.07,99.68000000000002,0.103,0.0,3.59,0.006,0.05,172.2,0.114,0.0,1.88,0.003
40,0,13000,13000.0,32165.803824737115,1.5903353691101074,0.11850077007090438,0.18,749.73,0.167,0.08,425.04,0.013,0.62,4436.2,0.245,0.02,26.320000000000004,0.006,660.2785166642732,0.0501878447830677,0.03886456276370099,0.12,138.84,0.112,0.0,3.59,0.006,0.04,114.80000000000001,0.099,0.0,1.88,0.003
40,0,13500,13500.0,30640.389233381098,1.6294119358062744,0.11386849618343134,0.27,1185.48,0.152,0.01,24.44,0.006,0.37,4337.8,0.242,0.01,24.44,0.006,681.4877206381361,0.04578525945544243,0.03792655824701095,0.15,163.76,0.117,0.0,0.0,0.005,0.03,82.0,0.098,0.0,0.0,0.003
40,0,14000,14000.0,29553.917282659426,1.7625833749771118,0.10838652760055165,0.5,1669.6400000000003,0.179,0.01,24.44,0.006,0.31,4181.999999999999,0.235,0.01,24.44,0.006,841.6353959373417,0.07785525172948837,0.042939174311452305,0.11,104.4,0.12,0.0,0.0,0.005,0.02,49.2,0.072,0.0,0.0,0.003
40,0,14500,14500.0,29606.30420565369,2.1237053871154785,0.1057896619673807,0.67,1997.16,0.193,0.01,75.39,0.01,0.36,4075.4,0.231,0.01,22.56,0.005,1064.387340017106,0.11699601262807846,0.0496688876671556,0.11,107.3,0.121,0.0,0.0,0.004,0.01,16.4,0.038,0.0,0.0,0.002
40,0,15000,15000.0,31719.600201713383,3.01397442817688,0.10933868337114186,0.78,2100.4,0.196,0.0,20.68,0.005,0.3,3329.1999999999994,0.208,0.0,20.68,0.005,1290.116018754918,0.15060333907604218,0.05571140651841868,0.1,104.4,0.117,0.0,0.0,0.004,0.0,8.2,0.018,0.0,0.0,0.002
40,0,15500,15500.0,35164.89016493562,4.59630823135376,0.11644155371997733,0.85,2182.28,0.198,0.0,13.160000000000002,0.004,0.29,2870.0,0.199,0.0,13.160000000000002,0.004,1519.37877659999,0.17905859649181366,0.06112347032028968,0.09,101.5,0.116,0.0,3.59,0.006,0.0,16.4,0.025,0.0,0.0,0.003
40,0,16000,16000.0,39280.77116561276,5.122361660003662,0.12500558552879099,0.74,1740.0,0.201,0.0,11.28,0.004,0.29,2804.4,0.199,0.0,11.28,0.004,1717.0566536808365,0.17049281299114227,0.06688203991242017,0.06,60.3,0.117,0.0,3.59,0.006,0.01,49.2,0.058,0.0,0.0,0.003
40,0,16500,16500.0,43573.41661732047,6.485987186431885,0.13355977569903388,0.75,1760.3,0.201,0.0,11.28,0.004,0.51,2796.2,0.201,0.0,11.28,0.004,1756.2805350445274,0.14898939430713654,0.06824513537888187,0.05,62.31,0.115,0.0,12.44,0.016,0.02,82.0,0.081,0.0,0.0,0.003
40,0,17000,17000.0,47209.48099052913,7.083000659942627,0.14097577513746976,0.89,1656.24,0.243,0.0,11.28,0.004,1.06,3542.4000000000005,0.218,0.0,11.28,0.004,1582.890330000673,0.11234166473150253,0.06295931094849183,0.09,114.24000000000001,0.102,0.0,6.22,0.013,0.02,98.4,0.085,0.0,1.88,0.003
40,0,17500,17500.0,49421.379496492926,7.337587833404541,0.1449822006407988,0.84,1850.91,0.253,0.01,22.56,0.005,1.65,4469.0,0.243,0.01,22.56,0.005,1419.6973324406372,0.07590986043214798,0.057560820760993156,0.02,39.20000000000001,0.115,0.0,6.22,0.013,0.02,123.0,0.09,0.0,1.88,0.003
40,0,18000,18000.0,48894.93268776994,6.813905715942383,0.14398503539237534,0.78,2091.93,0.265,0.16,690.69,0.017,1.53,5100.4,0.255,0.02,24.44,0.006,1277.8016831440254,0.06240370497107506,0.05199484306123872,0.02,33.6,0.109,0.0,9.33,0.015,0.03,164.0,0.104,0.0,1.88,0.003
40,0,18500,18500.0,47401.23139939649,6.002175807952881,0.14071928114135732,0.62,2224.8,0.269,0.17,672.98,0.017,1.36,5649.8,0.265,0.02,31.960000000000004,0.006,1204.9883142480667,0.07292108237743378,0.04826597900451227,0.06,96.12,0.095,0.0,7.18,0.007,0.05,213.2,0.116,0.0,1.88,0.003
40,0,19000,19000.0,44987.18186738541,4.902818202972412,0.13675987386880684,0.72,2376.21,0.274,0.18,602.14,0.016,1.26,5936.8,0.268,0.02,33.84,0.007,1236.9728129230225,0.1345358043909073,0.04915825824757773,0.06,72.5,0.102,0.0,7.18,0.007,0.03,139.4,0.095,0.0,1.88,0.003
40,0,19500,19500.0,42326.69050597686,3.7539732456207275,0.13243963729268526,0.69,2237.16,0.266,0.18,549.01,0.015,1.39,6223.8,0.271,0.02,35.72,0.007,1387.3551195651999,0.21034139394760132,0.054476813473907024,0.06,75.4,0.104,0.0,3.59,0.006,0.02,82.0,0.07,0.0,0.0,0.003
40,0,20000,20000.0,39051.71191441765,3.097571849822998,0.12705106498353055,0.64,2085.75,0.258,0.01,37.6,0.007,1.26,5715.4,0.261,0.01,37.6,0.007,1590.3090162616877,0.2809814512729645,0.0607234650049352,0.07,81.20000000000002,0.108,0.0,3.59,0.006,0.01,57.400000000000006,0.055,0.0,0.0,0.003
40,0,20500,20500.0,36403.20415457328,3.096961498260498,0.12387646805452716,0.5,2011.59,0.249,0.01,28.2,0.006,1.1,5313.6,0.252,0.01,28.2,0.006,1758.5934913034089,0.3311691880226135,0.06631027468256655,0.07,84.1,0.109,0.0,3.59,0.006,0.02,57.400000000000006,0.057,0.0,0.0,0.003
41,0,-21000,21000.0,285086.8333790412,12.474710464477539,0.2086034319484792,1.05,13083.060000000001,0.426,0.02,201.16,0.011,2.41,35776.6,0.439,0.02,201.16,0.011,216707.8965476929,17.235273361206055,0.1911124278398761,1.31,6240.8,0.248,0.02,156.04,0.01,1.79,23976.8,0.363,0.02,156.04,0.01
41,0,-20500,20500.0,285430.5090339325,14.019832611083984,0.20911518084215186,0.96,13172.67,0.427,0.02,201.16,0.011,2.3,36030.8,0.44,0.02,201.16,0.011,220808.7025940491,18.61326789855957,0.1923339290748547,1.33,6261.1,0.248,0.02,154.16,0.01,2.41,24190.0,0.365,0.02,154.16,0.01
41,0,-20000,20000.0,283501.56195304636,15.60283374786377,0.20876290574646647,1.1,10897.16,0.274,0.02,201.16,0.011,2.18,36367.0,0.441,0.02,201.16,0.011,225734.3196540045,19.074682235717773,0.19293983137242685,1.51,9319.44,0.365,0.02,154.16,0.01,2.76,24723.0,0.369,0.02,154.16,0.01
41,0,-19500,19500.0,281548.19111728395,16.338878631591797,0.208725322649703,1.1,10530.48,0.269,0.02,201.16,0.011,2.06,36736.0,0.443,0.02,201.16,0.011,232286.16880830377,19.931764602661133,0.19421845029352913,1.47,9912.72,0.376,0.03,156.04,0.01,3.0,25493.8,0.376,0.03,156.04,0.01
41,0,-19000,19000.0,275813.975687206,15.95765209197998,0.2063592673795603,1.08,12597.930000000002,0.411,0.02,203.04,0.011,2.1,35399.4,0.427,0.02,203.04,0.011,242712.90620399595,21.391799926757812,0.19636690992201947,1.42,10595.61,0.389,0.03,157.92,0.01,2.95,27150.2,0.388,0.03,157.92,0.01
41,0,-18500,18500.0,271494.18208119425,15.163318634033203,0.2050528485405051,0.98,12353.819999999998,0.407,0.02,203.04,0.011,2.39,35219.0,0.427,0.02,203.04,0.011,255924.4669877975,22.81926727294922,0.19959221972534288,1.57,9398.4,0.255,0.03,167.32,0.01,2.82,28782.0,0.4,0.03,167.32,0.01
41,0,-18000,18000.0,266856.0015369811,13.994441986083984,0.2033498046246931,2.35,34694.2,0.425,0.02,203.04,0.011,2.35,34694.2,0.425,0.02,203.04,0.011,274499.0254014054,24.27021598815918,0.2059001054520727,1.27,7751.7,0.258,0.03,169.2,0.01,2.63,29569.200000000004,0.405,0.03,169.2,0.01
41,0,-17500,17500.0,263218.2362796638,12.854111671447754,0.20217247444490555,2.21,34038.2,0.422,0.02,199.28,0.01,2.21,34038.2,0.422,0.02,199.28,0.01,293077.9995855104,25.735313415527344,0.21141893074971668,1.3,7902.5,0.261,0.03,176.72,0.01,2.62,30044.8,0.408,0.03,176.72,0.01
41,0,-17000,17000.0,259902.30243283423,12.039864540100098,0.20115460858921905,0.46,5159.67,0.255,0.02,199.28,0.01,1.79,32767.2,0.414,0.02,199.28,0.01,316802.7396886493,26.933204650878906,0.22173839794232694,1.35,10808.1,0.334,0.03,178.6,0.011,2.89,31069.8,0.413,0.03,178.6,0.011
41,0,-16500,16500.0,257496.01195070328,11.51275634765625,0.2008030835169554,0.78,9092.24,0.252,0.02,191.76,0.01,1.45,31635.6,0.407,0.02,191.76,0.01,337296.0317593039,27.490337371826172,0.23022658454217648,4.77,40750.44,0.392,0.03,186.12,0.011,3.32,32447.4,0.42,0.03,186.12,0.011
41,0,-16000,16000.0,254623.73029502935,11.328802108764648,0.20001456546663252,0.64,7258.7,0.253,0.02,189.88,0.01,1.37,31069.8,0.403,0.02,189.88,0.01,353323.3022462133,27.1095027923584,0.23760868179074013,5.28,40750.44,0.393,0.02,188.0,0.011,3.76,36096.4,0.44,0.02,188.0,0.011
41,0,-15500,15500.0,252774.51465747043,11.337586402893066,0.19985749567276373,0.67,7261.6,0.253,0.01,186.12,0.01,1.32,30774.6,0.401,0.01,186.12,0.01,363252.1771243206,28.804443359375,0.2423160200099578,2.05,16370.819999999998,0.468,0.03,210.56000000000003,0.011,4.15,40081.6,0.459,0.03,210.56000000000003,0.011
41,0,-15000,15000.0,251394.62714790777,12.86220645904541,0.19907180278489722,0.66,11451.54,0.392,0.01,186.12,0.01,1.29,31069.8,0.403,0.01,186.12,0.01,360688.44038912863,31.93077850341797,0.24102099134343064,2.73,18119.76,0.487,0.03,216.19999999999996,0.011,4.64,44681.8,0.48,0.03,216.19999999999996,0.011
41,0,-14500,14500.0,252042.510309746,14.515580177307129,0.19913291122628368,0.72,8205.8,0.246,0.01,186.12,0.01,1.3,31561.8,0.406,0.01,186.12,0.01,354804.827537235,33.87050247192383,0.23810613509263112,2.85,17900.37,0.486,0.04,242.52,0.011,6.01,48765.4,0.497,0.04,242.52,0.011
41,0,-14000,14000.0,254278.1687945627,16.111255645751953,0.19919964284991326,0.54,6205.22,0.259,0.01,186.12,0.01,1.45,31373.2,0.405,0.01,186.12,0.01,343375.7640442791,34.59953689575195,0.23416772992564838,2.97,17733.51,0.487,0.04,250.04,0.011,6.46,48683.4,0.498,0.04,250.04,0.011
41,0,-13500,13500.0,256884.81413312472,17.355623245239258,0.19924522185382906,0.69,11046.75,0.385,0.01,184.24,0.01,1.57,31078.0,0.403,0.01,184.24,0.01,331782.82804013777,34.09397888183594,0.22999184574248793,2.56,16414.08,0.473,0.04,244.4,0.011,6.7,48125.8,0.499,0.04,244.4,0.011
41,0,-13000,13000.0,260343.8587183308,18.31648063659668,0.19989160659906202,0.77,10852.08,0.382,0.01,184.24,0.01,1.7,30380.999999999996,0.398,0.01,184.24,0.01,324169.6931916149,32.2165412902832,0.23000118191490648,5.81,44632.6,0.486,0.04,242.52,0.011,5.81,44632.6,0.486,0.04,242.52,0.011
41,0,-12500,12500.0,264393.36482761335,19.03699493408203,0.20106920857870506,0.85,11522.61,0.393,0.02,178.6,0.01,1.82,29930.0,0.395,0.02,178.6,0.01,317457.14660861506,30.356781005859375,0.23113893851379416,4.91,41311.6,0.472,0.04,223.72,0.011,4.91,41311.6,0.472,0.04,223.72,0.011
41,0,-12000,12000.0,269668.35338362027,20.382186889648438,0.20370334783897176,0.94,12282.75,0.405,0.02,178.6,0.01,1.96,31209.200000000004,0.403,0.02,178.6,0.01,305713.7145891784,28.104780197143555,0.22811989787367107,1.76,14903.069999999998,0.457,0.03,218.07999999999998,0.011,4.08,40950.8,0.471,0.03,218.07999999999998,0.011
41,0,-11500,11500.0,274311.6227158393,21.619352340698242,0.2059988792137903,1.1,9473.16,0.254,0.02,184.24,0.01,2.1,32972.2,0.414,0.02,184.24,0.01,293182.9426691714,26.167829513549805,0.2249254018256246,1.82,15354.21,0.463,0.03,219.96,0.011,3.74,40934.4,0.471,0.03,219.96,0.011
41,0,-11000,11000.0,278307.72899105365,22.26091957092285,0.20877405411068353,1.07,13246.83,0.418,0.02,186.12,0.01,2.2,34571.2,0.422,0.02,186.12,0.01,277141.3664477219,23.994646072387695,0.21884959165201945,1.89,15882.6,0.47,0.03,219.96,0.011,3.95,42164.4,0.476,0.03,219.96,0.011
41,0,-10500,10500.0,277819.7840058509,22.412744522094727,0.20888669735155682,1.37,13172.67,0.416,0.02,197.4,0.01,2.28,35858.6,0.429,0.02,197.4,0.01,261819.2876307111,21.444229125976562,0.21310357965541488,1.9,14760.930000000002,0.456,0.04,231.24,0.011,4.19,43140.2,0.481,0.04,231.24,0.011
41,0,-10000,10000.0,273595.9288185945,22.07320785522461,0.20802817707281163,1.72,13178.85,0.416,0.02,201.16,0.011,2.48,36252.2,0.43,0.02,201.16,0.011,246633.87243618845,17.742225646972656,0.20812356306526242,1.97,13543.47,0.439,0.04,233.12,0.011,4.16,39909.4,0.466,0.04,233.12,0.011
41,0,-9500,9500.0,267861.9752514559,21.347244262695312,0.2068765907787753,1.73,13596.0,0.432,0.02,204.92000000000002,0.011,3.06,36244.0,0.429,0.02,204.92000000000002,0.011,233063.22089680834,14.884971618652344,0.2041136719966084,1.8,12282.75,0.42,0.03,204.92000000000002,0.011,4.11,36744.2,0.45,0.03,204.92000000000002,0.011
41,0,-9000,9000.0,260849.64871359876,19.979877471923828,0.2068607778462182,1.69,13481.67,0.431,0.03,204.92000000000002,0.011,3.1,37105.0,0.444,0.03,204.92000000000002,0.011,221001.8776244558,14.091900825500488,0.20053287421244922,1.6,10901.52,0.397,0.03,199.28,0.011,3.63,32882.0,0.428,0.03,199.28,0.011
41,0,-8500,8500.0,252956.18380793964,18.295656204223633,0.20674138019945756,1.02,6314.44,0.263,0.03,201.16,0.011,2.94,36719.6,0.442,0.03,201.16,0.011,212458.26846596162,12.614988327026367,0.1995151940662825,1.34,10289.7,0.385,0.03,172.96,0.01,3.09,29560.999999999996,0.408,0.03,172.96,0.01
41,0,-8000,8000.0,242837.21603473197,16.401365280151367,0.20494932278093297,1.27,6556.9,0.252,0.03,201.16,0.011,2.42,35686.4,0.437,0.03,201.16,0.011,205431.782971958,10.513617515563965,0.198039820331536,1.05,9677.88,0.374,0.03,167.32,0.01,2.45,28052.2,0.397,0.03,167.32,0.01
41,0,-7500,7500.0,233718.1435010509,16.43516731262207,0.20353268989207862,1.29,6527.9,0.252,0.03,195.52,0.011,2.68,34587.6,0.431,0.03,195.52,0.011,198797.0997564227,8.198762893676758,0.19649049878725072,0.9,4927.6,0.252,0.02,161.68,0.01,2.09,26617.2,0.386,0.02,161.68,0.01
41,0,-7000,7000.0,225535.9478903536,16.299976348876953,0.1998827756537904,0.59,3558.8000000000006,0.274,0.03,195.52,0.011,2.79,32955.799999999996,0.422,0.03,195.52,0.011,192439.79055816864,8.917411804199219,0.19377437357067,0.97,5387.64,0.252,0.02,161.68,0.01,1.56,25362.6,0.377,0.02,161.68,0.01
41,0,-6500,6500.0,218895.2940434905,16.071531295776367,0.1959900776673093,0.83,4430.04,0.251,0.03,188.0,0.011,2.77,31069.8,0.411,0.03,188.0,0.011,185529.27748645586,10.023561477661133,0.19028289594126385,0.53,2843.4,0.264,0.02,157.92,0.01,1.49,23804.6,0.364,0.02,157.92,0.01
41,0,-6000,6000.0,215702.48405114052,15.954471588134766,0.19101342349297587,1.48,7298.0,0.246,0.03,186.12,0.011,2.61,28019.4,0.391,0.03,186.12,0.011,179311.41044748892,11.64630126953125,0.18630297504974808,0.51,2780.4,0.262,0.01,157.92,0.01,1.5,22295.8,0.352,0.01,157.92,0.01
41,0,-5500,5500.0,218623.9543579897,15.654837608337402,0.18970029973353475,1.59,7778.600000000001,0.249,0.03,167.32,0.01,2.39,25026.4,0.37,0.03,167.32,0.01,175656.58079190302,13.47352123260498,0.1841895441431027,1.0,7517.969999999999,0.328,0.02,146.64,0.01,1.94,21090.4,0.341,0.02,146.64,0.01
41,0,-5000,5000.0,231419.53824410774,15.144795417785645,0.19383789991512632,1.63,8850.16,0.255,0.03,161.68,0.01,2.22,23009.2,0.356,0.03,161.68,0.01,174271.67022793472,15.150670051574707,0.18276408549478282,1.11,7428.36,0.328,0.03,144.76,0.01,1.97,19926.0,0.331,0.03,144.76,0.01
41,0,-4500,4500.0,247711.8699065766,14.420039176940918,0.1998937262368207,1.64,10000.04,0.271,0.02,146.64,0.01,2.1,22025.2,0.351,0.02,146.64,0.01,175864.58655050606,16.348230361938477,0.18352915082383728,1.08,6080.479999999999,0.235,0.02,133.48,0.01,2.07,19524.2,0.329,0.02,133.48,0.01
41,0,-4000,4000.0,269165.988971983,13.221677780151367,0.20896305154937989,1.33,11214.0,0.289,0.02,141.0,0.01,2.12,24058.8,0.369,0.02,141.0,0.01,179389.35725295483,16.930402755737305,0.18422244234319005,0.96,7286.219999999999,0.327,0.02,129.72,0.01,1.75,19294.6,0.328,0.02,129.72,0.01
41,0,-3500,3500.0,290112.2177112643,13.430405616760254,0.21738857487267516,0.98,8917.5,0.287,0.02,152.28,0.01,2.15,26797.6,0.39,0.02,152.28,0.01,183507.42237547308,17.191360473632812,0.18531567886660813,1.01,7400.55,0.329,0.02,127.84000000000002,0.01,2.06,19171.6,0.328,0.02,127.84000000000002,0.01
41,0,-3000,3000.0,307924.8161027704,14.520607948303223,0.22396506874931982,0.82,8928.9,0.305,0.02,156.04,0.01,1.96,31652.0,0.422,0.02,156.04,0.01,187698.17322965563,16.86589241027832,0.18637110133534524,1.13,5351.4,0.253,0.02,125.96000000000001,0.01,2.27,19737.4,0.331,0.02,125.96000000000001,0.01
41,0,-2500,2500.0,323726.9986686047,15.448859214782715,0.2292358404017678,0.89,8885.7,0.304,0.02,186.12,0.011,1.66,36350.6,0.448,0.02,186.12,0.011,191231.22981650033,16.264015197753906,0.18753600688660815,1.19,5080.0,0.255,0.02,133.48,0.01,2.39,20409.8,0.338,0.02,133.48,0.01
41,0,-2000,2000.0,332894.10643512564,16.182880401611328,0.23113545867934424,1.09,8796.6,0.302,0.02,195.52,0.011,1.69,39343.6,0.462,0.02,195.52,0.011,193209.10565288083,16.093883514404297,0.18914137808012638,1.47,5829.0,0.248,0.02,135.36,0.01,2.28,21287.2,0.346,0.02,135.36,0.01
41,0,-1500,1500.0,340601.41009386815,16.54242706298828,0.23221292831322618,1.1,8338.82,0.305,0.02,218.07999999999998,0.011,1.83,41377.2,0.471,0.02,218.07999999999998,0.011,194802.09172227565,16.443912506103516,0.1909785820163228,0.73,2931.6,0.267,0.03,141.0,0.01,2.62,22197.4,0.354,0.03,141.0,0.01
41,0,-1000,1000.0,349463.19251267135,16.715290069580078,0.23520914101603263,1.34,9961.5,0.305,0.03,223.72,0.011,2.0,41221.4,0.468,0.03,223.72,0.011,193648.64794189436,17.707120895385742,0.19253383735646418,1.66,8664.36,0.355,0.04,142.88,0.01,2.91,22861.6,0.359,0.04,142.88,0.01
41,0,-500,500.0,357808.3651305351,16.5836124420166,0.23797232988245726,1.35,10016.6,0.306,0.03,219.96,0.011,2.31,40811.4,0.465,0.03,219.96,0.011,190342.20088934584,17.50068473815918,0.1928727403212994,0.74,3021.1999999999994,0.27,0.04,148.52,0.01,3.03,23493.0,0.364,0.04,148.52,0.01
41,0,0,0.0,368419.84347441845,16.6973934173584,0.24256966782113903,0.65,5068.0,0.332,0.03,219.96,0.011,2.5,40975.4,0.465,0.03,219.96,0.011,184325.7946319283,16.347728729248047,0.19255274863536595,0.72,3003.0,0.27,0.04,152.28,0.01,3.03,23140.4,0.36,0.04,152.28,0.01
41,0,500,500.0,377188.4027270309,18.777912139892578,0.24611923055017618,0.9,7026.96,0.308,0.03,218.07999999999998,0.011,2.54,41590.4,0.467,0.03,218.07999999999998,0.011,176061.6501599598,14.450456619262695,0.1906386931926682,0.64,2924.6,0.268,0.04,152.28,0.01,2.97,22263.0,0.352,0.04,152.28,0.01
41,0,1000,1000.0,383277.34516248346,19.66872787475586,0.24912097223057889,1.64,11162.88,0.241,0.03,218.07999999999998,0.011,2.33,43755.2,0.476,0.03,218.07999999999998,0.011,166206.9350808725,13.00135326385498,0.1871148984422121,0.63,2861.6,0.267,0.04,152.28,0.01,2.74,21475.8,0.346,0.04,152.28,0.01
41,0,1500,1500.0,384873.6413253213,19.938066482543945,0.2500751452659743,0.51,5987.8,0.36,0.03,233.12,0.011,2.5,45928.2,0.486,0.03,233.12,0.011,156518.5960987078,11.82149887084961,0.1831869381400803,0.58,2602.6,0.262,0.04,146.64,0.01,2.54,20614.8,0.338,0.04,146.64,0.01
41,0,2000,2000.0,380496.5896044767,19.530948638916016,0.2491793468775548,1.14,17634.63,0.482,0.03,235.0,0.011,2.57,47109.0,0.49,0.03,235.0,0.011,147333.56945314215,10.757164001464844,0.1780559248916557,0.56,2503.2,0.259,0.03,144.76,0.01,2.3,19179.8,0.329,0.03,144.76,0.01
41,0,2500,2500.0,375009.99277891824,19.01004981994629,0.24830861912101634,1.15,17631.54,0.483,0.02,242.52,0.011,2.66,48052.0,0.495,0.02,242.52,0.011,141030.8008333515,10.806289672851562,0.1750447460184769,0.65,2840.13,0.23,0.03,133.48,0.01,1.93,18072.8,0.324,0.03,133.48,0.01
41,0,3000,3000.0,362013.4961749172,18.410051345825195,0.24341860453139277,1.21,17668.62,0.485,0.02,246.28,0.011,2.69,48306.2,0.497,0.02,246.28,0.011,137197.71853928306,10.548192024230957,0.17219486498869724,1.15,5242.8,0.208,0.03,129.72,0.01,1.53,16457.4,0.316,0.03,129.72,0.01
41,0,3500,3500.0,348691.92065822566,17.631282806396484,0.2384606848595291,1.14,16951.74,0.477,0.02,246.28,0.011,2.75,48355.4,0.498,0.02,246.28,0.011,136369.93561629424,9.924100875854492,0.17196505134544113,0.8,3639.5,0.222,0.03,110.92,0.009,1.41,15071.6,0.308,0.03,110.92,0.009
41,0,4000,4000.0,332667.27189528727,16.732704162597656,0.23159927914918968,1.07,16182.33,0.469,0.02,248.16,0.011,2.66,46813.8,0.493,0.02,248.16,0.011,138064.2005681502,8.757305145263672,0.17247616685852016,0.37,1920.8,0.24,0.03,107.15999999999998,0.009,1.45,14522.2,0.305,0.03,107.15999999999998,0.009
41,0,4500,4500.0,319156.96115823596,15.656339645385742,0.22610736775697848,2.54,44952.4,0.485,0.02,238.76,0.011,2.54,44952.4,0.485,0.02,238.76,0.011,141117.6038881966,8.079278945922852,0.17433143889234712,0.53,2574.81,0.224,0.02,97.76,0.009,1.48,14284.400000000001,0.304,0.02,97.76,0.009
41,0,5000,5000.0,308599.1578204322,14.385622024536133,0.22234857524352375,2.37,42607.2,0.475,0.02,236.88,0.011,2.37,42607.2,0.475,0.02,236.88,0.011,144400.14135051516,10.646206855773926,0.17664334807656198,0.79,4361.6,0.234,0.02,95.88,0.009,1.39,14669.8,0.307,0.02,95.88,0.009
41,0,5500,5500.0,299384.20473010855,13.86821460723877,0.21934649398049672,0.93,13738.14,0.438,0.02,225.6,0.011,2.2,40319.4,0.465,0.02,225.6,0.011,147172.05453905635,11.810720443725586,0.17863531400376317,0.82,4393.5,0.235,0.02,99.64,0.009,1.33,15202.8,0.311,0.02,99.64,0.009
41,0,6000,6000.0,290769.15109610563,13.253950119018555,0.21715861820706606,1.11,13083.060000000001,0.429,0.02,219.96,0.011,2.04,38572.8,0.457,0.02,219.96,0.011,148918.7457492031,11.625126838684082,0.18110841766440158,0.96,6251.07,0.319,0.02,99.64,0.009,1.38,15793.200000000003,0.315,0.02,99.64,0.009
41,0,6500,6500.0,281513.9323822772,14.464529991149902,0.21496421007028732,1.0,12981.09,0.427,0.02,210.56000000000003,0.011,2.33,36990.2,0.449,0.02,210.56000000000003,0.011,149117.742403528,11.050223350524902,0.1824704913816444,0.78,4439.9,0.236,0.02,107.15999999999998,0.009,1.96,16367.2,0.318,0.02,107.15999999999998,0.009
41,0,7000,7000.0,270137.40584327426,15.151605606079102,0.2121066210345679,0.85,7287.7,0.256,0.02,208.68000000000004,0.011,2.22,36358.8,0.445,0.02,208.68000000000004,0.011,147128.87635663935,11.7105131149292,0.18260813665447387,0.53,3051.18,0.236,0.02,109.03999999999999,0.009,1.9,16703.4,0.32,0.02,109.03999999999999,0.009
41,0,7500,7500.0,258787.12721026168,15.292428970336914,0.20957144644052292,0.85,7247.1,0.256,0.02,204.92000000000002,0.011,2.02,36014.4,0.443,0.02,204.92000000000002,0.011,143672.11233041945,12.001666069030762,0.18156895504285034,0.95,6411.75,0.322,0.02,110.92,0.009,1.66,16924.8,0.322,0.02,110.92,0.009
41,0,8000,8000.0,246858.78538591205,14.748418807983398,0.20700519190574362,0.56,5223.99,0.258,0.02,203.04,0.011,1.72,35481.4,0.44,0.02,203.04,0.011,139138.2875352423,12.057238578796387,0.18019206208872673,1.12,6439.56,0.323,0.02,112.8,0.009,1.53,17039.6,0.323,0.02,112.8,0.009
41,0,8500,8500.0,235600.98962583288,13.813067436218262,0.20490442728000274,0.88,11908.86,0.411,0.02,199.28,0.011,1.99,35022.2,0.438,0.02,199.28,0.011,133484.64951264078,12.113739967346191,0.1776062567092477,1.22,6170.73,0.32,0.02,116.56,0.01,1.83,17039.6,0.323,0.02,116.56,0.01
41,0,9000,9000.0,223012.81910309626,12.809625625610352,0.20066478655151648,0.91,11102.37,0.397,0.02,199.28,0.011,2.06,32923.0,0.426,0.02,199.28,0.011,127453.86744620703,12.677806854248047,0.1745166507990827,1.34,5883.36,0.317,0.02,116.56,0.01,2.09,16252.4,0.319,0.02,116.56,0.01
41,0,9500,9500.0,212205.72327292466,11.963921546936035,0.197050764954747,0.8,10258.8,0.382,0.02,184.24,0.01,2.07,30840.2,0.413,0.02,184.24,0.01,123071.7639063167,12.583829879760742,0.17293002266180021,1.31,5602.17,0.313,0.02,105.28000000000002,0.009,2.32,15506.2,0.316,0.02,105.28000000000002,0.009
41,0,10000,10000.0,203202.02957404908,10.578936576843262,0.1922215042963215,0.69,5205.5,0.238,0.02,180.48,0.01,1.87,28257.2,0.396,0.02,180.48,0.01,119834.36375437093,12.070854187011719,0.17048783955267072,1.29,5302.44,0.309,0.03,103.40000000000002,0.009,2.37,14694.400000000001,0.312,0.03,103.40000000000002,0.009
41,0,10500,10500.0,197691.39323569325,8.932171821594238,0.18925895722188138,0.92,6525.479999999999,0.237,0.02,163.56,0.01,1.68,25969.4,0.38,0.02,163.56,0.01,118034.6391415672,11.253951072692871,0.16914195313653105,1.14,5110.86,0.306,0.03,94.0,0.009,2.34,13964.600000000002,0.308,0.03,94.0,0.009
41,0,11000,11000.0,195564.2366873777,9.43686294555664,0.18686160724110606,0.85,5463.6,0.241,0.02,159.8,0.01,1.51,23960.4,0.365,0.02,159.8,0.01,117983.8558234497,10.617573738098145,0.16856823144523722,0.98,4910.01,0.303,0.03,92.12,0.009,2.09,13505.399999999998,0.305,0.03,92.12,0.009
41,0,11500,11500.0,196212.49855148417,10.24085521697998,0.18619775708807146,0.86,5486.800000000001,0.242,0.02,148.52,0.01,1.33,22140.0,0.35,0.02,148.52,0.01,118392.46378910444,9.941377639770508,0.16841871811547934,0.88,4845.12,0.302,0.02,90.24,0.009,1.82,13038.0,0.303,0.02,90.24,0.009
41,0,12000,12000.0,199996.31454750415,10.584770202636719,0.18685560212344285,0.47,3175.5,0.232,0.02,144.76,0.01,1.39,21320.0,0.342,0.02,144.76,0.01,119788.52960363177,9.64635181427002,0.1693234328306532,0.76,4786.41,0.302,0.02,88.36,0.009,1.61,12742.8,0.301,0.02,88.36,0.009
41,0,12500,12500.0,205489.74348165226,11.690367698669434,0.18864238281643794,0.59,3833.07,0.243,0.02,141.0,0.01,1.39,20795.2,0.338,0.02,141.0,0.01,121771.48981870557,9.508281707763672,0.17109409920945107,0.72,4968.719999999999,0.305,0.02,82.72,0.009,1.43,12595.2,0.3,0.02,82.72,0.009
41,0,13000,13000.0,212700.08016506862,12.110173225402832,0.19091703822042266,0.91,8475.87,0.346,0.02,139.12,0.01,1.45,21902.2,0.347,0.02,139.12,0.01,123198.33541206062,9.481972694396973,0.1718242713424845,0.67,5175.75,0.308,0.02,80.84,0.009,1.38,13029.8,0.303,0.02,80.84,0.009
41,0,13500,13500.0,219793.8591702604,11.586311340332031,0.19287804260796249,0.42,3164.0,0.268,0.02,148.52,0.01,1.83,23296.2,0.359,0.02,148.52,0.01,124715.79639655341,9.631046295166016,0.17269922419425,0.66,5277.719999999999,0.309,0.01,86.48,0.009,1.33,13521.799999999997,0.306,0.01,86.48,0.009
41,0,14000,14000.0,227094.75826861273,10.357441902160645,0.19455729371683073,0.83,9779.85,0.372,0.02,150.4,0.01,1.85,24928.0,0.371,0.02,150.4,0.01,125824.54940936294,9.835405349731445,0.17356012473792637,0.74,4247.08,0.221,0.01,88.36,0.009,1.31,13915.399999999998,0.309,0.01,88.36,0.009
41,0,14500,14500.0,234301.6694466704,10.451770782470703,0.1957632301757601,0.98,7977.96,0.248,0.02,161.68,0.01,1.72,26592.6,0.383,0.02,161.68,0.01,126832.17444735972,10.365638732910156,0.1743706248777364,0.85,4179.44,0.22,0.01,92.12,0.009,1.29,14210.599999999999,0.31,0.01,92.12,0.009
41,0,15000,15000.0,243471.71919517155,11.740837097167969,0.19853381658140892,0.92,6794.7,0.252,0.02,163.56,0.01,1.34,27724.200000000004,0.391,0.02,163.56,0.01,127155.02235991386,11.305030822753906,0.17514655510137414,1.07,4150.96,0.22,0.01,94.0,0.009,1.29,13997.4,0.309,0.01,94.0,0.009
41,0,15500,15500.0,253030.51251256984,12.214487075805664,0.2015079806798561,0.86,6431.28,0.264,0.02,167.32,0.01,1.15,28896.8,0.399,0.02,167.32,0.01,127020.68908762927,12.024862289428711,0.17577420760088283,1.2,4136.719999999999,0.221,0.02,92.12,0.009,1.31,13776.0,0.309,0.02,92.12,0.009
41,0,16000,16000.0,261937.16313137347,12.749015808105469,0.20536520431942137,0.93,7030.62,0.263,0.02,169.2,0.01,1.15,29839.8,0.405,0.02,169.2,0.01,125975.96063621281,12.31262493133545,0.17635793144425513,1.07,3540.9000000000005,0.227,0.02,92.12,0.009,1.38,13907.2,0.31,0.02,92.12,0.009
41,0,16500,16500.0,267393.62369452865,14.279727935791016,0.207481380651675,0.51,3707.2,0.276,0.02,174.84,0.01,1.54,30823.800000000003,0.411,0.02,174.84,0.01,123700.90353851076,12.147034645080566,0.17604883030999988,1.09,3540.9000000000005,0.227,0.02,92.12,0.009,1.45,14046.6,0.312,0.02,92.12,0.009
41,0,17000,17000.0,269077.33120955015,13.75345230102539,0.20878711591547156,1.21,12823.5,0.423,0.02,176.72,0.01,1.96,32742.6,0.423,0.02,176.72,0.01,120280.76513305167,11.498510360717773,0.1754048837108849,1.08,3436.5,0.227,0.02,94.0,0.009,1.52,14235.2,0.314,0.02,94.0,0.009
41,0,17500,17500.0,268808.3754835985,12.250969886779785,0.20952795003906824,1.07,13419.87,0.432,0.03,188.0,0.01,2.3,34718.8,0.435,0.03,188.0,0.01,116735.60353322398,10.57509994506836,0.1746094444511768,1.08,3427.8,0.226,0.02,97.76,0.009,1.59,14448.4,0.316,0.02,97.76,0.009
41,0,18000,18000.0,265303.1729291395,10.834527969360352,0.20910842510340147,1.02,14115.12,0.441,0.03,191.76,0.011,2.13,36695.0,0.445,0.03,191.76,0.011,112579.37763165546,10.123692512512207,0.17204855630303922,0.68,2448.18,0.228,0.02,97.76,0.009,1.52,14227.000000000002,0.316,0.02,97.76,0.009
41,0,18500,18500.0,260851.65394676,10.78972053527832,0.20813437008769078,0.46,4194.4,0.296,0.02,203.04,0.011,2.02,38294.0,0.453,0.02,203.04,0.011,109052.10203946003,9.87646198272705,0.16972423433513448,0.66,2329.59,0.226,0.02,94.0,0.009,1.4,13923.6,0.315,0.02,94.0,0.009
41,0,19000,19000.0,253934.43018827512,10.860206604003906,0.20526213246300454,0.44,4026.4,0.289,0.02,206.80000000000004,0.011,1.99,37064.0,0.447,0.02,206.80000000000004,0.011,106267.57818505258,9.830653190612793,0.1668980363516248,0.61,2219.04,0.222,0.02,92.12,0.009,1.35,13095.4,0.311,0.02,92.12,0.009
41,0,19500,19500.0,247038.09372174623,10.953791618347168,0.20217552891533416,0.53,4817.97,0.254,0.02,199.28,0.011,1.87,35104.2,0.436,0.02,199.28,0.011,104659.94673803227,10.040438652038574,0.16519564976343254,0.84,2084.94,0.142,0.02,82.72,0.009,1.3,12218.0,0.305,0.02,82.72,0.009
41,0,20000,20000.0,241642.36666166032,11.029821395874023,0.19959832250082266,0.71,6478.6,0.25,0.02,197.4,0.011,1.56,32496.600000000002,0.422,0.02,197.4,0.011,104381.61238259361,10.767298698425293,0.16412973306914355,1.05,2994.3,0.225,0.02,80.84,0.009,1.22,11398.0,0.298,0.02,80.84,0.009
41,0,20500,20500.0,238173.9776230803,11.044829368591309,0.19841273490373051,0.71,6484.4,0.25,0.02,180.48,0.01,1.42,30225.2,0.408,0.02,180.48,0.01,105191.03360748416,11.96762752532959,0.16423536065520464,1.12,2849.88,0.227,0.02,71.44,0.008,1.13,10840.4,0.293,0.02,71.44,0.008
